As,Argmax_Model_Trees,Argmax_True_Trees,Argmax_Model_Mask,Argmax_True_Mask,Argmax_Model_Accuracy,Argmax_True_Accuracy,Random_Model_Trees,Random_True_Trees,Random_Model_Mask,Random_True_Mask,Random_Model_Accuracy,Random_True_Accuracy,Tree_Model_Trees,Tree_True_Trees,Tree_Model_Mask,Tree_True_Mask,Tree_Model_Accuracy,Tree_True_Accuracy,Greedy_Model_Trees,Greedy_True_Trees,Greedy_Model_Mask,Greedy_True_Mask,Greedy_Model_Accuracy,Greedy_True_Accuracy,Argmax_Model_Uniques,Argmax_Model_Valids_Uniques,Argmax_Model_Valids,Argmax_Model_Unique_Counts,Argmax_Model_Valid_Unique_Counts,Argmax_Model_Valid_Counts,Argmax_True_Uniques,Argmax_True_Valids_Uniques,Argmax_True_Valids,Argmax_True_Unique_Counts,Argmax_True_Valid_Unique_Counts,Argmax_True_Valid_Counts,Random_Model_Uniques,Random_Model_Valids_Uniques,Random_Model_Valids,Random_Model_Unique_Counts,Random_Model_Valid_Unique_Counts,Random_Model_Valid_Counts,Random_True_Uniques,Random_True_Valids_Uniques,Random_True_Valids,Random_True_Unique_Counts,Random_True_Valid_Unique_Counts,Random_True_Valid_Counts,Tree_Model_Uniques,Tree_Model_Valids_Uniques,Tree_Model_Valids,Tree_Model_Unique_Counts,Tree_Model_Valid_Unique_Counts,Tree_Model_Valid_Counts,Tree_True_Uniques,Tree_True_Valids_Uniques,Tree_True_Valids,Tree_True_Unique_Counts,Tree_True_Valid_Unique_Counts,Tree_True_Valid_Counts,Greedy_Model_Uniques,Greedy_Model_Valids_Uniques,Greedy_Model_Valids,Greedy_Model_Unique_Counts,Greedy_Model_Valid_Unique_Counts,Greedy_Model_Valid_Counts,Greedy_True_Uniques,Greedy_True_Valids_Uniques,Greedy_True_Valids,Greedy_True_Unique_Counts,Greedy_True_Valid_Unique_Counts,Greedy_True_Valid_Counts
"[0.         0.500999   0.         0.         0.70781353 0.500999
 0.         0.         0.         0.70781353 1.00049988 0.
 0.         0.         0.70781353 0.         0.500999   0.500999
 0.         0.         0.         0.         0.         0.500999
 0.         0.         0.         0.         0.70781353 0.
 0.         0.         0.         0.         0.500999   0.
 0.         0.70781353 0.         0.500999   0.         0.70781353
 0.         0.         0.         0.500999   0.         0.
 0.         0.         0.         0.500999   0.         0.
 0.70781353 0.         0.         0.         0.         0.
 0.         0.         0.         0.         0.70781353 0.
 0.         0.         0.         0.         0.         0.70781353
 0.         0.         0.         0.         0.         0.70781353
 0.         0.         0.500999   0.         0.70781353 0.
 0.         0.         0.         0.         1.00049988 0.
 0.500999   0.500999   0.         0.         0.         0.
 0.         0.         0.         0.70781353 0.         0.
 1.00049988 0.         0.         0.         0.         0.
 0.         1.00049988 0.         0.         0.         0.500999
 0.500999   0.         0.70781353 0.         0.         0.
 0.         0.         1.00049988 0.500999   0.         0.
 0.         0.         0.         0.         0.         0.
 0.         1.00049988 0.         0.         0.         0.
 0.         0.         0.         0.         0.         0.
 0.70781353 0.         0.70781353 0.         0.         0.
 0.         0.         0.         0.500999   0.         0.
 0.         0.         1.00049988 1.00049988 1.00049988 0.
 0.         0.         0.         0.500999   0.         1.00049988
 0.         0.         0.         0.         0.70781353 0.500999
 1.00049988 0.500999   0.         0.         0.         0.
 0.         0.500999   0.         0.500999   0.         0.
 0.         0.         0.         0.         0.70781353 0.
 0.         0.70781353 0.         0.         0.         0.
 0.         0.         0.         0.         0.70781353 0.
 0.         1.00049988 0.         1.00049988 0.         0.
 0.500999   0.         0.70781353 0.         1.00049988 0.
 0.         0.         0.500999   0.         1.00049988 0.
 0.         0.         0.70781353 0.         0.         0.
 0.         0.         0.         0.         0.         1.00049988
 1.00049988 0.70781353 0.         0.         0.500999   0.70781353
 0.         0.         0.         0.         0.         0.
 0.         0.         0.         1.00049988 0.500999   0.
 1.00049988 0.         0.70781353 1.00049988]",[ 0  0  7  6  0  0 13  1  5  0  5  5  1 10  0 10],[ 0  0  7  6  0  0 13  1  5  0  5  5  1 10  0 10],True,True,0.453125,0.828125,"[np.int64(3), np.int64(10), np.int64(9), np.int64(6), np.int64(7), np.int64(15), np.int64(2), np.int64(0), np.int64(13), np.int64(12), np.int64(6), np.int64(13), np.int64(7), np.int64(2), np.int64(15), np.int64(7)]","[np.int64(1), np.int64(1), np.int64(4), np.int64(14), np.int64(8), np.int64(11), np.int64(5), np.int64(2), np.int64(12), np.int64(8), np.int64(10), np.int64(5), np.int64(8), np.int64(0), np.int64(0), np.int64(3)]",False,False,0.0,0.0,[ 0  0  7  6  0  0 13  1  5  0  5  7  1  2  0 10],[ 0  0  7  6  0  0 13  1  5  0  5  7  1 10  0 10],True,True,0.515625,0.53125,[ 0  0 13  6  0  0 13  1  5  0  5  5  1 10  0 10],[ 0  0  7  6  0  0 13 11  5  0  5  5  1 10  0 10],True,True,0.140625,0.203125,0.04,1.0,1.0,1,1,25,0.04,1.0,1.0,1,1,25,1.0,0.0,0.0,25,0,0,1.0,0.0,0.0,25,0,0,0.4,1.0,1.0,10,10,25,0.36,1.0,1.0,9,9,25,0.68,0.5294117647058824,0.68,17,9,17,0.56,0.7142857142857143,0.84,14,10,21
"[1.00049988 0.         0.500999   1.00049988 0.         0.70781353
 0.         0.         0.70781353 0.         0.         1.00049988
 0.         0.         0.         0.         0.         1.00049988
 0.         0.         0.         0.         0.         0.
 0.         0.         0.70781353 0.         0.         0.
 0.         0.         0.500999   0.         0.500999   0.
 0.         0.500999   0.         0.         0.         0.
 0.         1.00049988 0.         0.         0.         0.
 1.00049988 0.         0.         1.00049988 0.         0.70781353
 0.         0.         0.         0.         0.500999   0.
 0.         0.         0.         1.00049988 0.         0.
 0.         0.         1.00049988 0.         0.         0.500999
 0.         0.         0.         0.         0.500999   0.
 0.         0.         0.70781353 0.         0.500999   0.70781353
 0.         1.00049988 0.         0.500999   0.         0.
 0.         0.500999   0.         0.         0.70781353 0.
 0.         0.         0.         0.         0.         0.
 0.500999   1.00049988 0.         0.         0.         0.70781353
 0.         0.         0.         0.         0.         0.
 0.         0.         0.500999   0.500999   1.00049988 0.
 0.         0.         0.         0.         0.         0.
 0.500999   0.         0.70781353 0.         0.         0.
 0.         0.         0.         0.         0.500999   0.70781353
 0.         0.70781353 0.         0.         0.         0.
 0.         0.         0.         0.         0.         0.
 0.         0.         0.70781353 0.500999   0.         0.
 0.         0.         1.00049988 0.         0.         0.70781353
 0.         0.500999   0.         0.         0.         0.
 0.         0.         0.         0.         0.         0.500999
 0.         0.         1.00049988 0.         1.00049988 0.
 0.         0.500999   0.70781353 0.         0.70781353 0.
 0.         0.         0.70781353 0.         0.70781353 0.70781353
 0.         0.         0.         0.         0.500999   0.
 0.         0.         0.         0.         0.         0.70781353
 0.         0.500999   0.         0.         0.         0.
 0.         0.         0.         0.         0.         0.
 0.         0.         0.500999   0.         0.500999   0.
 0.         0.         0.         0.         0.         0.
 0.         0.70781353 0.         0.500999   0.         1.00049988
 0.         0.70781353 0.         0.         1.00049988 0.
 0.         0.         0.         1.00049988 0.         0.
 0.         0.         0.         0.         0.         0.70781353
 0.         0.         0.         1.00049988]",[ 2 10  5 10  7  7 11  7 11  8 13  5  4 12  7 11],[ 2 10  5 10  7  7 11  7 11  8 13  5  4 12  7 11],True,True,0.453125,0.828125,"[np.int64(1), np.int64(14), np.int64(14), np.int64(0), np.int64(7), np.int64(3), np.int64(8), np.int64(14), np.int64(13), np.int64(14), np.int64(8), np.int64(5), np.int64(9), np.int64(13), np.int64(9), np.int64(1)]","[np.int64(0), np.int64(13), np.int64(13), np.int64(9), np.int64(1), np.int64(6), np.int64(5), np.int64(4), np.int64(8), np.int64(0), np.int64(3), np.int64(14), np.int64(12), np.int64(10), np.int64(12), np.int64(15)]",False,False,0.0,0.0,[ 2 10  5 10  7  7 11  7 11  8 13  5  4 12  7 11],[ 2 10  5 10  7  7 11  7 11  8 13  5  4 12  7 11],True,True,0.515625,0.53125,[ 2 10  5 10  7  7 11  7  0  8 13  5  4 12  7 11],[ 2 10  5 10  7  7 11  7 11  8 13  5  4 12  7 11],True,True,0.140625,0.203125,0.04,1.0,1.0,1,1,25,0.04,1.0,1.0,1,1,25,1.0,0.0,0.0,25,0,0,1.0,0.0,0.0,25,0,0,0.16,0.5,0.92,4,2,23,0.08,1.0,1.0,2,2,25,0.08,1.0,1.0,2,2,25,0.08,1.0,1.0,2,2,25
"[0.         0.         0.70781353 0.         0.         0.
 0.         0.70781353 0.         0.         0.         0.
 0.         0.         0.70781353 0.70781353 0.         1.00049988
 1.00049988 0.70781353 0.         0.         0.         0.
 0.70781353 0.         0.70781353 0.         0.         0.
 0.         0.500999   0.70781353 1.00049988 0.500999   0.
 0.70781353 0.         0.         0.         0.70781353 0.
 0.70781353 0.         0.         0.         0.         0.
 0.         0.70781353 0.         0.500999   0.         0.
 0.70781353 0.         0.         1.00049988 0.         0.
 0.         0.         0.         0.         0.         0.
 0.70781353 0.         0.         1.00049988 1.00049988 0.
 0.70781353 0.         0.         0.         0.         0.
 0.         0.         0.         0.         0.         0.
 1.00049988 0.         0.         0.70781353 0.         0.
 0.500999   0.         0.         0.70781353 0.         0.70781353
 0.         0.         0.         0.70781353 1.00049988 0.
 0.         0.70781353 0.         0.         0.70781353 0.
 0.         0.         0.         0.         0.70781353 0.
 0.         0.         0.         0.70781353 0.70781353 0.500999
 0.         0.         0.500999   0.70781353 0.         0.
 0.70781353 1.00049988 0.         0.70781353 0.70781353 0.
 0.70781353 0.         0.         0.         0.500999   0.
 0.500999   0.         0.         0.         0.         0.
 0.         0.         0.         1.00049988 0.         0.
 0.         0.         0.         0.         0.         0.
 0.         0.         0.         0.         0.         0.70781353
 0.70781353 0.         0.         0.500999   0.70781353 0.500999
 0.500999   0.         0.500999   0.         0.         0.
 0.         0.         0.         0.         0.         0.
 0.         0.         0.         0.70781353 0.         0.
 0.         0.         0.         0.70781353 0.70781353 0.
 0.         0.         0.         0.         0.         0.
 0.         0.         0.         0.         0.         0.
 0.         0.         0.         0.         0.         0.
 0.         0.         0.         0.70781353 0.         0.
 0.         0.         0.         0.70781353 0.         0.
 0.         0.         0.70781353 0.         0.         0.
 0.         0.         0.         0.70781353 0.         0.
 0.         0.70781353 0.         0.         0.         0.70781353
 0.70781353 0.500999   0.         0.         0.         0.70781353
 0.         1.00049988 0.         0.         0.         0.
 0.         0.         0.70781353 1.00049988]",[ 2 15  4  1  4 10 10 10  4  3  8  7 12  5  7  5],[ 7 15  4  1  4 10 10 10  4  3  8  7 12  5  7  5],True,True,0.453125,0.828125,"[np.int64(9), np.int64(7), np.int64(12), np.int64(4), np.int64(9), np.int64(9), np.int64(15), np.int64(1), np.int64(10), np.int64(5), np.int64(13), np.int64(2), np.int64(15), np.int64(13), np.int64(1), np.int64(6)]","[np.int64(1), np.int64(12), np.int64(5), np.int64(4), np.int64(3), np.int64(11), np.int64(2), np.int64(7), np.int64(2), np.int64(15), np.int64(2), np.int64(9), np.int64(0), np.int64(0), np.int64(15), np.int64(9)]",False,False,0.0,0.0,[ 2  8  4  1  4 10  7 10  4  3  8  7 12  5  7  1],[ 2  8  4  1  4 10 10 10  4  3  8  7 12  5  7  1],True,True,0.515625,0.53125,[ 7 15  4  1  4 10 10 10  4  3  8  7 12  5  7  1],[ 2 15  4  6  4 10 10 10  4  3  8  7 12  5  0  1],False,False,0.140625,0.203125,0.04,1.0,1.0,1,1,25,0.04,1.0,1.0,1,1,25,1.0,0.0,0.0,25,0,0,1.0,0.0,0.0,25,0,0,0.92,0.4782608695652174,0.48,23,11,12,0.88,0.5,0.48,22,11,12,0.84,0.23809523809523808,0.2,21,5,5,0.6,0.2,0.12,15,3,3
"[1.00049988 0.         0.         1.00049988 0.         0.
 0.500999   0.         0.70781353 0.         0.         1.00049988
 0.70781353 1.00049988 0.         0.         0.         0.
 0.         0.         0.         0.70781353 1.00049988 0.
 0.         0.         0.70781353 0.         0.         0.
 0.         0.         0.         0.         1.00049988 0.
 0.         0.         0.70781353 0.500999   0.         0.70781353
 0.500999   0.         0.         0.         1.00049988 0.
 1.00049988 0.         0.         1.00049988 0.         0.70781353
 0.500999   0.500999   0.         0.         0.500999   0.
 0.         0.70781353 1.00049988 0.70781353 0.         0.
 0.         0.         0.         0.         0.         0.
 0.         0.         0.         0.         0.         0.70781353
 0.         0.70781353 0.         0.70781353 0.         0.70781353
 0.         0.         0.         0.         0.         0.
 0.70781353 0.         0.         0.         0.         0.
 0.500999   1.00049988 0.70781353 0.500999   0.         0.
 0.         0.         0.         0.         0.         0.
 0.70781353 0.500999   0.         0.         0.         0.
 0.500999   0.500999   0.         0.         0.         0.
 1.00049988 0.         0.         0.         0.         0.
 0.         0.70781353 0.70781353 0.         0.         0.
 0.         0.         0.         1.00049988 0.         0.
 0.         0.         0.         0.         0.         0.
 0.         0.         0.70781353 0.         0.         0.
 0.         0.         0.         0.         0.         0.
 0.70781353 0.         0.         0.         0.         0.70781353
 0.500999   0.500999   0.         0.70781353 0.         0.
 0.         0.         1.00049988 0.         0.         0.
 0.         0.         1.00049988 0.         0.         0.
 0.         0.         0.         0.         0.         0.
 0.         1.00049988 0.         0.         0.         0.
 0.70781353 0.         0.         0.         0.         0.
 0.70781353 0.         0.         0.70781353 0.         0.
 0.         0.         0.         0.         1.00049988 0.
 0.         0.70781353 0.70781353 0.         0.500999   0.
 0.         0.         0.         0.         0.         0.
 0.         0.         0.         0.         1.00049988 1.00049988
 0.         0.         0.         0.         0.         0.
 0.         0.         0.         0.         0.         0.70781353
 0.         0.         0.         0.70781353 0.70781353 0.
 0.         0.70781353 0.         0.         0.         0.
 0.         0.         0.70781353 0.        ]",[ 6 10  7  7 15  3  3  3  0  2  3  0  6  6 15 15],[ 6 10  7 15 15  3  3  3  0  2  3  0  6  6 15 15],False,True,0.453125,0.828125,"[np.int64(13), np.int64(11), np.int64(5), np.int64(10), np.int64(5), np.int64(3), np.int64(15), np.int64(14), np.int64(10), np.int64(12), np.int64(8), np.int64(8), np.int64(4), np.int64(1), np.int64(6), np.int64(15)]","[np.int64(10), np.int64(2), np.int64(14), np.int64(2), np.int64(8), np.int64(12), np.int64(13), np.int64(2), np.int64(6), np.int64(4), np.int64(1), np.int64(6), np.int64(8), np.int64(3), np.int64(11), np.int64(6)]",False,False,0.0,0.0,[ 6 10  7  7 15  3  3 15  0  2  2  0  6  6 15 15],[ 6 10 10 15 15  3  3  3  0  2  3  0  6  6 15 15],True,True,0.515625,0.53125,[ 6 10  7  7 15  3 13  3  0  2  2  0  6  6 15 15],[ 6 10  7  6 15  3  3  3  0  2  3  0  6  6 15 15],False,False,0.140625,0.203125,0.04,0.0,0.0,1,0,0,0.04,1.0,1.0,1,1,25,1.0,0.0,0.0,25,0,0,1.0,0.0,0.0,25,0,0,0.64,0.5,0.52,16,8,13,0.56,0.2857142857142857,0.44,14,4,11,0.76,0.10526315789473684,0.08,19,2,2,0.4,0.0,0.0,10,0,0
"[1.00049988 0.500999   0.         0.         0.         0.
 0.         0.         0.500999   0.70781353 0.         0.
 0.500999   0.         0.         0.         0.500999   1.00049988
 0.         0.70781353 0.         0.         0.         0.
 0.         0.         0.         0.70781353 0.500999   0.
 1.00049988 0.         0.         0.         1.00049988 0.500999
 0.         0.         0.70781353 0.500999   0.         0.
 0.         0.         0.         0.70781353 0.70781353 1.00049988
 0.         0.70781353 0.500999   1.00049988 0.         0.
 0.         0.         0.         0.         0.         0.
 0.         0.         0.70781353 0.         0.         0.
 0.         0.         0.         0.         0.         0.
 0.         0.         0.         0.         0.70781353 0.70781353
 0.         1.00049988 0.         0.         0.         0.
 0.         1.00049988 1.00049988 0.         0.70781353 0.70781353
 0.         0.         0.         0.         1.00049988 0.
 0.         0.         0.70781353 0.         0.         1.00049988
 0.         0.         0.         0.         0.500999   0.
 0.         1.00049988 0.         0.70781353 0.         0.
 0.500999   0.         0.         0.         0.         1.00049988
 0.         0.         0.500999   1.00049988 0.         0.
 0.         0.         0.500999   0.         0.         0.
 0.         0.70781353 0.         0.         0.500999   0.
 0.         0.         0.         0.         0.         0.70781353
 0.70781353 0.         0.         0.         0.         0.70781353
 0.         0.         0.         0.         0.         0.70781353
 0.500999   0.         0.         0.         0.         0.
 0.         0.         0.         0.         0.500999   0.500999
 0.         0.         0.         0.         0.         0.70781353
 0.         0.         0.         0.70781353 0.         0.
 0.         0.         0.         1.00049988 0.         0.70781353
 0.         1.00049988 0.         0.         0.         0.500999
 0.500999   0.500999   0.         0.         0.70781353 0.
 0.         0.         0.         0.500999   0.         0.
 1.00049988 0.         0.         0.         0.         0.
 0.70781353 0.         0.70781353 0.         1.00049988 0.
 0.         0.         0.70781353 0.         0.         0.500999
 0.         0.70781353 0.         1.00049988 0.70781353 0.70781353
 0.         1.00049988 0.         0.         0.         0.
 0.         0.         0.         0.         1.00049988 0.
 0.         0.         1.00049988 0.         1.00049988 0.
 0.70781353 0.         0.70781353 0.         0.         0.500999
 0.         0.70781353 0.         0.        ]",[ 1  3  7  2 13  8 10 10  0 12 10 15  1 10  2  6],[ 1  3  7  2 12  8 10 10  0 12 10 15  1 10  2  6],True,True,0.453125,0.828125,"[np.int64(14), np.int64(4), np.int64(6), np.int64(2), np.int64(8), np.int64(1), np.int64(8), np.int64(15), np.int64(14), np.int64(8), np.int64(10), np.int64(1), np.int64(10), np.int64(6), np.int64(4), np.int64(5)]","[np.int64(7), np.int64(5), np.int64(10), np.int64(3), np.int64(12), np.int64(10), np.int64(4), np.int64(9), np.int64(1), np.int64(3), np.int64(2), np.int64(12), np.int64(3), np.int64(0), np.int64(6), np.int64(15)]",False,False,0.0,0.0,[ 1  3  7  2 13  9 10 10  0 12 10 15  0 10  2  6],[ 1  3  7  2 12  8 10 10  0 12 10  1  1 10  2 11],True,True,0.515625,0.53125,[12  0  7  2 13  8 10 10  0 12 10 15  0 10  2  6],[ 1  0  7  2 12  9 10 10  0 12 10  1  1 10  2 11],False,False,0.140625,0.203125,0.04,1.0,1.0,1,1,25,0.04,1.0,1.0,1,1,25,1.0,0.0,0.0,25,0,0,1.0,0.0,0.0,25,0,0,0.76,0.3684210526315789,0.48,19,7,12,0.64,0.3125,0.32,16,5,8,0.96,0.08333333333333333,0.08,24,2,2,0.64,0.0625,0.04,16,1,1
"[0.         0.         0.         0.70781353 0.         0.
 0.70781353 0.         0.500999   0.         0.         0.
 0.70781353 0.         0.70781353 0.         0.         0.
 0.         0.         0.70781353 0.         0.70781353 0.
 0.         0.         0.         1.00049988 0.         0.
 0.         0.70781353 0.         0.         0.         0.
 0.         0.         0.70781353 0.         0.         0.70781353
 0.         0.         0.         0.         0.         0.
 0.70781353 0.         0.         0.         0.         0.
 0.         0.70781353 0.         0.         0.70781353 0.
 0.         0.         0.         0.         0.         0.70781353
 0.         0.         0.         1.00049988 0.         0.
 0.         0.70781353 0.70781353 0.         0.         0.
 0.         0.         0.         0.         0.         0.
 1.00049988 0.         0.         0.70781353 0.500999   0.
 0.         0.         0.         0.         0.70781353 0.
 0.70781353 0.70781353 0.70781353 0.         0.         0.
 0.         0.         0.         0.         1.00049988 0.
 0.         0.         0.         0.         0.         0.
 0.         0.70781353 0.         0.70781353 0.         1.00049988
 0.         0.         0.         0.         0.         0.70781353
 0.         0.         0.500999   0.         0.         0.
 0.         0.500999   0.         0.         0.500999   0.
 0.         0.         0.         0.         0.         0.
 0.         0.         0.70781353 0.         0.70781353 0.
 0.         0.         0.         1.00049988 0.         0.70781353
 0.70781353 0.         0.70781353 0.         0.         0.
 0.         0.70781353 0.70781353 0.         1.00049988 0.
 0.         0.         0.         0.500999   0.         0.
 0.         0.         0.         1.00049988 0.         0.
 0.         0.         0.         0.         0.         0.70781353
 0.500999   0.         0.70781353 0.         0.         0.
 0.70781353 0.         0.         0.         0.         0.
 0.         0.         0.         0.70781353 0.         0.70781353
 0.         0.500999   0.         0.         0.         0.
 0.         0.         0.         0.         0.         0.70781353
 0.         0.         0.         0.         0.500999   0.500999
 0.         0.         0.70781353 0.         0.         0.
 0.         0.70781353 0.         0.         0.         0.70781353
 0.         0.         0.         0.         0.         0.
 0.         0.70781353 0.         0.         0.         0.
 0.         0.         0.         0.         0.         0.
 0.         0.         0.         0.        ]",[ 8  6  9  0  9  8  0  5  0 14 11 10  0 12 14  1],[ 8  6  9  0  9  8  0  5  0 14  3 10  0 12 14  1],False,False,0.453125,0.828125,"[np.int64(4), np.int64(9), np.int64(14), np.int64(12), np.int64(6), np.int64(0), np.int64(1), np.int64(15), np.int64(10), np.int64(13), np.int64(9), np.int64(2), np.int64(6), np.int64(14), np.int64(6), np.int64(5)]","[np.int64(4), np.int64(14), np.int64(5), np.int64(11), np.int64(15), np.int64(2), np.int64(10), np.int64(6), np.int64(1), np.int64(1), np.int64(12), np.int64(4), np.int64(10), np.int64(9), np.int64(1), np.int64(4)]",False,False,0.0,0.0,[14  6  9  0  9  8  0  5  0 14  4  9  9 12 14  1],[14  4  9 10  9 14  0  5  5 14 11  9  9  7 14  1],False,False,0.515625,0.53125,[ 8  6  9  0  9  8  0  5  0 14 11 10 13 12 14  1],[ 8  4  9  0 10  8  0  5  0 14 11 10 13 12 14  1],False,False,0.140625,0.203125,0.04,0.0,0.0,1,0,0,0.04,0.0,0.0,1,0,0,1.0,0.0,0.0,25,0,0,1.0,0.0,0.0,25,0,0,0.96,0.16666666666666666,0.16,24,4,4,0.96,0.20833333333333334,0.2,24,5,5,0.64,0.0,0.0,16,0,0,0.96,0.0,0.0,24,0,0
"[0.         0.         0.         0.70781353 0.         0.
 0.70781353 0.         0.500999   0.         0.         0.
 0.70781353 0.         0.70781353 0.         0.         0.
 0.         0.         0.70781353 0.         0.70781353 0.
 0.         0.         0.         1.00049988 0.         0.
 0.         0.70781353 0.         0.         0.         0.
 0.         0.         0.70781353 0.         0.         0.70781353
 0.         0.         0.         0.         0.         0.
 0.70781353 0.         0.         0.         0.         0.
 0.         0.70781353 0.         0.         0.70781353 0.
 0.         0.         0.         0.         0.         0.70781353
 0.         0.         0.         1.00049988 0.         0.
 0.         0.70781353 0.70781353 0.         0.         0.
 0.         0.         0.         0.         0.         0.
 1.00049988 0.         0.         0.70781353 0.500999   0.
 0.         0.         0.         0.         0.70781353 0.
 0.70781353 0.70781353 0.70781353 0.         0.         0.
 0.         0.         0.         0.         1.00049988 0.
 0.         0.         0.         0.         0.         0.
 0.         0.70781353 0.         0.70781353 0.         1.00049988
 0.         0.         0.         0.         0.         0.70781353
 0.         0.         0.500999   0.         0.         0.
 0.         0.500999   0.         0.         0.500999   0.
 0.         0.         0.         0.         0.         0.
 0.         0.         0.70781353 0.         0.70781353 0.
 0.         0.         0.         1.00049988 0.         0.70781353
 0.70781353 0.         0.70781353 0.         0.         0.
 0.         0.70781353 0.70781353 0.         1.00049988 0.
 0.         0.         0.         0.500999   0.         0.
 0.         0.         0.         1.00049988 0.         0.
 0.         0.         0.         0.         0.         0.70781353
 0.500999   0.         0.70781353 0.         0.         0.
 0.70781353 0.         0.         0.         0.         0.
 0.         0.         0.         0.70781353 0.         0.70781353
 0.         0.500999   0.         0.         0.         0.
 0.         0.         0.         0.         0.         0.70781353
 0.         0.         0.         0.         0.500999   0.500999
 0.         0.         0.70781353 0.         0.         0.
 0.         0.70781353 0.         0.         0.         0.70781353
 0.         0.         0.         0.         0.         0.
 0.         0.70781353 0.         0.         0.         0.
 0.         0.         0.         0.         0.         0.
 0.         0.         0.         0.        ]",[ 8  6  9  0  9  8  0  5  0 14 11 10  0 12 14  1],[ 8  6  9  0  9  8  0  5  0 14  3 10  0 12 14  1],False,False,0.453125,0.828125,"[np.int64(1), np.int64(8), np.int64(3), np.int64(14), np.int64(13), np.int64(12), np.int64(9), np.int64(8), np.int64(6), np.int64(0), np.int64(0), np.int64(12), np.int64(12), np.int64(12), np.int64(2), np.int64(7)]","[np.int64(1), np.int64(15), np.int64(14), np.int64(6), np.int64(2), np.int64(11), np.int64(6), np.int64(9), np.int64(5), np.int64(2), np.int64(9), np.int64(5), np.int64(6), np.int64(3), np.int64(14), np.int64(5)]",False,False,0.0,0.0,[14  6  6  0  9  8  0  5  0 14  3 10  0  7 14  1],[14  6  9  0  9 14  0  5  5 14  4 10  9 12 14  1],False,False,0.515625,0.53125,[ 8  6  9  0  1  8  0  5  0 14 11 10 13 12 14  1],[ 8  6  9  0 10  8  0 13  0 14 11 10  9 12 14  1],False,False,0.140625,0.203125,0.04,0.0,0.0,1,0,0,0.04,0.0,0.0,1,0,0,1.0,0.0,0.0,25,0,0,1.0,0.0,0.0,25,0,0,0.92,0.21739130434782608,0.24,23,5,6,1.0,0.04,0.04,25,1,1,0.84,0.0,0.0,21,0,0,0.96,0.041666666666666664,0.04,24,1,1
"[1.00049988 0.         0.         0.         0.         0.
 0.         0.         0.70781353 0.         0.         0.
 0.         0.         0.         0.500999   0.         0.
 0.         0.         0.         1.00049988 0.         0.70781353
 0.         1.00049988 0.         0.         0.         0.
 1.00049988 0.         0.         0.         0.         0.
 0.         0.         0.         0.         0.         0.
 0.         0.         0.         0.500999   0.         0.
 0.         0.         0.         0.500999   0.         0.
 0.         0.         0.         1.00049988 0.         0.
 0.70781353 0.70781353 0.         0.70781353 0.         0.
 0.         0.         0.500999   0.         0.         0.
 0.         0.         0.         0.         0.70781353 1.00049988
 0.500999   0.         0.         1.00049988 0.         0.
 0.         1.00049988 0.         0.         0.         0.
 0.         0.         0.         0.         0.         1.00049988
 0.         0.         0.         0.         0.         0.
 0.         0.         0.         0.         0.         0.
 0.         0.         0.         0.         0.         0.70781353
 0.         0.         0.         0.         0.         1.00049988
 0.         1.00049988 0.         1.00049988 0.         0.
 0.         0.70781353 0.70781353 0.         0.         0.
 0.         0.         0.         0.         1.00049988 0.70781353
 0.         1.00049988 0.         0.70781353 0.70781353 0.
 0.         1.00049988 0.         1.00049988 0.         0.
 0.         1.00049988 0.70781353 0.         0.         0.
 0.         0.         0.         0.         0.         0.
 0.         0.         0.         0.         0.         0.
 0.         0.         0.         0.         0.         0.70781353
 0.         0.         0.         0.         0.         0.
 0.         0.         0.         1.00049988 1.00049988 0.
 0.         0.500999   0.         0.         0.         0.
 0.         0.         0.         0.70781353 0.70781353 0.
 0.         0.         0.         0.         0.         0.
 0.         0.         0.         0.         0.         0.
 0.500999   0.70781353 1.00049988 0.         0.         0.
 0.70781353 0.         0.70781353 0.         0.         1.00049988
 0.         0.500999   0.         1.00049988 0.         0.
 0.500999   0.         0.         0.         0.70781353 0.
 0.         0.         0.         0.         0.500999   1.00049988
 0.500999   0.         0.         0.70781353 0.         1.00049988
 0.         0.70781353 0.         0.         0.         0.
 0.         0.500999   1.00049988 0.        ]",[ 0  1  2  3  4  5  6  7  8  9 10 11 12 13 14 15],[ 0  1  2  3  4  5  6  7  8  9 10 11 12 13 14 15],True,True,0.453125,0.828125,"[np.int64(11), np.int64(0), np.int64(9), np.int64(9), np.int64(12), np.int64(7), np.int64(5), np.int64(8), np.int64(9), np.int64(0), np.int64(15), np.int64(4), np.int64(10), np.int64(8), np.int64(8), np.int64(15)]","[np.int64(12), np.int64(8), np.int64(5), np.int64(6), np.int64(9), np.int64(8), np.int64(9), np.int64(9), np.int64(14), np.int64(7), np.int64(14), np.int64(8), np.int64(8), np.int64(13), np.int64(15), np.int64(8)]",False,False,0.0,0.0,[ 0  1  2  3  4  5  6  7  8  9 10 11 12 13 14 15],[ 0  1  2  3  4  5  6  7  8  9 10 11 12 13 14 15],True,True,0.515625,0.53125,[ 8  7 13 13 12  1  6 15 13  8 13  8  4 15  8 13],[ 8  5 13  9 12  1  6  1  0  1 13  7  3  2  1  0],False,False,0.140625,0.203125,0.04,1.0,1.0,1,1,25,0.04,1.0,1.0,1,1,25,1.0,0.0,0.0,25,0,0,1.0,0.0,0.0,25,0,0,0.04,1.0,1.0,1,1,25,0.04,1.0,1.0,1,1,25,0.04,0.0,0.0,1,0,0,0.04,0.0,0.0,1,0,0
"[1.00049988 0.         0.         0.70781353 1.00049988 0.
 1.00049988 0.         0.         0.         0.         0.
 0.         0.         0.         0.500999   0.         0.500999
 0.         0.         1.00049988 0.         0.         0.
 0.         0.         0.         0.         0.         0.
 0.         0.500999   0.         0.         0.         0.
 0.         0.70781353 0.         0.         0.         0.
 0.500999   0.70781353 0.         0.         0.         1.00049988
 0.70781353 0.         0.         1.00049988 0.         0.70781353
 0.         0.         0.         0.70781353 0.         0.500999
 0.500999   0.         0.         0.70781353 1.00049988 1.00049988
 0.         0.         0.500999   0.         0.         0.
 0.         0.         1.00049988 0.         0.500999   0.
 0.         0.         0.         0.         0.70781353 0.70781353
 0.         1.00049988 0.         0.         0.         0.
 0.         0.70781353 0.         0.500999   0.         0.
 1.00049988 0.         0.         0.         0.         0.
 1.00049988 0.         0.         0.         0.500999   0.70781353
 0.         0.500999   1.00049988 0.         0.         0.
 0.         0.         0.         0.         0.         0.
 0.         0.70781353 0.         0.500999   0.70781353 0.
 0.         0.         0.         0.         0.         0.
 0.         0.         0.         0.         0.         0.
 0.         0.         0.70781353 0.         0.         1.00049988
 0.         0.         0.         0.70781353 0.         0.
 0.         0.70781353 0.         1.00049988 0.         0.
 0.         0.         1.00049988 0.         0.         0.
 0.500999   0.         1.00049988 0.         0.500999   0.
 0.         0.         0.         0.         0.         0.500999
 0.         0.         0.         0.         0.70781353 0.500999
 0.         0.70781353 0.70781353 0.500999   0.         0.
 0.         1.00049988 0.         0.         0.         1.00049988
 0.         0.         0.         0.500999   0.500999   0.
 0.         0.70781353 0.70781353 0.         0.         0.
 0.500999   0.         0.70781353 0.         0.         0.
 0.         0.         0.         0.500999   0.500999   0.
 0.         0.         0.500999   0.         0.         0.
 0.         0.         0.         0.         0.         0.
 0.         0.         1.00049988 0.         0.         1.00049988
 0.         0.         0.70781353 0.         0.500999   0.
 0.500999   0.500999   1.00049988 0.70781353 0.         0.
 0.         0.         1.00049988 0.         0.         1.00049988
 0.         0.         0.         1.00049988]",[15 15 10 11 12 13 13 11 12  3 13  3  3 13 12  3],[15 15 10  5 12 13 13 11 12  3 13  3  3 13 12  3],False,True,0.453125,0.828125,"[np.int64(9), np.int64(3), np.int64(12), np.int64(2), np.int64(4), np.int64(5), np.int64(14), np.int64(9), np.int64(6), np.int64(14), np.int64(1), np.int64(6), np.int64(6), np.int64(9), np.int64(4), np.int64(13)]","[np.int64(15), np.int64(15), np.int64(4), np.int64(3), np.int64(7), np.int64(12), np.int64(9), np.int64(10), np.int64(15), np.int64(2), np.int64(4), np.int64(12), np.int64(1), np.int64(2), np.int64(5), np.int64(8)]",False,False,0.0,0.0,[ 3 15 10  5 12 13 13 11 12  3 13  3  3 13 12  3],[15 15 10  5 12 13 13 11 12  7 13  5  3 13 12  3],False,False,0.515625,0.53125,[15 15 10 11 12 13 13 11 12  7 13  3  3 13 12  0],[15 15 10 11 12 13 13 11 12  7 13  3  3 13 12  3],False,False,0.140625,0.203125,0.04,0.0,0.0,1,0,0,0.04,1.0,1.0,1,1,25,1.0,0.0,0.0,25,0,0,1.0,0.0,0.0,25,0,0,0.56,0.35714285714285715,0.4,14,5,10,0.56,0.42857142857142855,0.36,14,6,9,0.28,0.0,0.0,7,0,0,0.36,0.1111111111111111,0.04,9,1,1
"[1.00049988 0.         0.         0.         0.70781353 0.
 0.         0.         0.         0.         0.         0.
 0.70781353 0.         0.70781353 0.         0.         0.
 1.00049988 0.         0.70781353 0.         0.         0.
 0.         0.         0.         0.         0.         1.00049988
 0.         0.         0.         1.00049988 0.         0.
 0.         0.70781353 0.         0.         0.         0.500999
 0.         0.         0.         0.70781353 0.500999   0.
 0.         0.         0.         0.         0.         0.
 0.70781353 0.         0.         0.         0.500999   0.
 0.         0.500999   0.         0.         0.70781353 0.70781353
 0.         0.         0.500999   0.         0.         0.
 0.         0.         0.70781353 0.70781353 1.00049988 0.
 0.         0.70781353 0.         0.         0.70781353 0.
 0.         0.         0.         0.         0.         0.70781353
 0.70781353 0.70781353 0.         0.         0.         0.
 0.         0.         0.         0.70781353 0.         0.
 0.500999   0.         0.70781353 0.         0.         0.
 0.70781353 0.         0.500999   0.         0.         0.
 0.         0.         0.         0.         0.         1.00049988
 0.         0.500999   0.         0.         0.         0.
 1.00049988 1.00049988 0.         0.         0.         0.
 0.         0.         0.70781353 0.         0.500999   0.
 0.         0.         0.         0.         1.00049988 0.
 0.         0.         0.500999   0.         0.         0.70781353
 0.         0.500999   0.         1.00049988 0.         0.
 0.500999   0.         0.         0.         0.         0.
 0.         0.500999   0.70781353 0.70781353 0.         0.
 0.         0.         0.         0.70781353 0.         0.
 0.         0.         0.         0.         0.         0.
 0.70781353 0.70781353 0.         0.         0.         0.
 0.70781353 0.500999   0.70781353 0.         0.         0.
 0.70781353 0.         0.         0.         1.00049988 0.
 0.70781353 0.         0.         0.500999   0.         0.70781353
 0.500999   0.         0.         0.         0.         1.00049988
 0.70781353 0.500999   0.         0.         0.         0.
 0.         0.         0.         0.         0.         1.00049988
 0.500999   0.         0.70781353 0.         0.500999   0.
 0.         0.         0.500999   1.00049988 1.00049988 0.
 0.         0.         0.         0.500999   0.         0.
 0.         0.         0.         0.         0.70781353 0.
 0.         1.00049988 0.         0.         0.         0.
 0.         0.         0.         0.        ]",[ 4  1 14 10  1 10 14  9  6  2  4  4  9  3 13  4],[ 4  1 14 10  1 10 14  9  6  2  4  4  9  3 13  4],True,True,0.453125,0.828125,"[np.int64(6), np.int64(10), np.int64(8), np.int64(6), np.int64(13), np.int64(14), np.int64(3), np.int64(15), np.int64(5), np.int64(3), np.int64(4), np.int64(15), np.int64(4), np.int64(15), np.int64(13), np.int64(4)]","[np.int64(2), np.int64(8), np.int64(5), np.int64(7), np.int64(3), np.int64(9), np.int64(13), np.int64(10), np.int64(8), np.int64(14), np.int64(7), np.int64(9), np.int64(12), np.int64(4), np.int64(5), np.int64(15)]",False,False,0.0,0.0,[ 4  1  9 10  1 11 14  9  6  5  4  4 11  3 13  4],[ 4  1 14 10  1 11 14  9  6 12  4  4  0  3 13  4],False,False,0.515625,0.53125,[ 4  1  9 10  1 11 14  9  6  2  3  4  9  3  6  4],[ 4  1 14 10  1 11 14  9  6  2  4  4  9 14 13  4],False,False,0.140625,0.203125,0.04,1.0,1.0,1,1,25,0.04,1.0,1.0,1,1,25,1.0,0.0,0.0,25,0,0,1.0,0.0,0.0,25,0,0,0.92,0.08695652173913043,0.08,23,2,2,0.68,0.11764705882352941,0.16,17,2,4,0.88,0.045454545454545456,0.12,22,1,3,0.88,0.045454545454545456,0.04,22,1,1
"[0.         0.500999   0.         0.         0.70781353 0.500999
 0.         0.         0.         0.70781353 1.00049988 0.
 0.         0.         0.70781353 0.         0.500999   0.500999
 0.         0.         0.         0.         0.         0.500999
 0.         0.         0.         0.         0.70781353 0.
 0.         0.         0.         0.         0.500999   0.
 0.         0.70781353 0.         0.500999   0.         0.70781353
 0.         0.         0.         0.500999   0.         0.
 0.         0.         0.         0.500999   0.         0.
 0.70781353 0.         0.         0.         0.         0.
 0.         0.         0.         0.         0.70781353 0.
 0.         0.         0.         0.         0.         0.70781353
 0.         0.         0.         0.         0.         0.70781353
 0.         0.         0.500999   0.         0.70781353 0.
 0.         0.         0.         0.         1.00049988 0.
 0.500999   0.500999   0.         0.         0.         0.
 0.         0.         0.         0.70781353 0.         0.
 1.00049988 0.         0.         0.         0.         0.
 0.         1.00049988 0.         0.         0.         0.500999
 0.500999   0.         0.70781353 0.         0.         0.
 0.         0.         1.00049988 0.500999   0.         0.
 0.         0.         0.         0.         0.         0.
 0.         1.00049988 0.         0.         0.         0.
 0.         0.         0.         0.         0.         0.
 0.70781353 0.         0.70781353 0.         0.         0.
 0.         0.         0.         0.500999   0.         0.
 0.         0.         1.00049988 1.00049988 1.00049988 0.
 0.         0.         0.         0.500999   0.         1.00049988
 0.         0.         0.         0.         0.70781353 0.500999
 1.00049988 0.500999   0.         0.         0.         0.
 0.         0.500999   0.         0.500999   0.         0.
 0.         0.         0.         0.         0.70781353 0.
 0.         0.70781353 0.         0.         0.         0.
 0.         0.         0.         0.         0.70781353 0.
 0.         1.00049988 0.         1.00049988 0.         0.
 0.500999   0.         0.70781353 0.         1.00049988 0.
 0.         0.         0.500999   0.         1.00049988 0.
 0.         0.         0.70781353 0.         0.         0.
 0.         0.         0.         0.         0.         1.00049988
 1.00049988 0.70781353 0.         0.         0.500999   0.70781353
 0.         0.         0.         0.         0.         0.
 0.         0.         0.         1.00049988 0.500999   0.
 1.00049988 0.         0.70781353 1.00049988]",[ 0  0  7  6  0  0 13  1  5  0  5  5  1 10  0 10],[ 0  0  7  6  0  0 13  1  5  0  5  5  1 10  0 10],True,True,0.453125,0.828125,"[np.int64(15), np.int64(0), np.int64(4), np.int64(12), np.int64(12), np.int64(0), np.int64(13), np.int64(7), np.int64(1), np.int64(10), np.int64(15), np.int64(10), np.int64(7), np.int64(12), np.int64(8), np.int64(10)]","[np.int64(1), np.int64(1), np.int64(13), np.int64(7), np.int64(12), np.int64(1), np.int64(6), np.int64(5), np.int64(4), np.int64(15), np.int64(5), np.int64(4), np.int64(10), np.int64(11), np.int64(5), np.int64(6)]",False,False,0.0,0.0,[ 0  0  7  6  0  0 13 11  5  0  5  5  1 10  0 10],[ 0  0  7  6  0  0 13  1  5  0  5  7  1 10  0 10],True,True,0.515625,0.53125,[ 0  0  7  6  0  0 13 11  5  0  5  5  1 10  0 10],[ 0  0 13  6  0  0 13  1  5  0  5  7  1  2  0 10],True,False,0.140625,0.203125,0.04,1.0,1.0,1,1,25,0.04,1.0,1.0,1,1,25,1.0,0.0,0.0,25,0,0,1.0,0.0,0.0,25,0,0,0.36,1.0,1.0,9,9,25,0.32,1.0,1.0,8,8,25,0.68,0.6470588235294118,0.72,17,11,18,0.48,0.75,0.88,12,9,22
"[0.         1.00049988 0.         0.70781353 0.         0.
 0.         0.500999   0.         0.         0.         0.
 0.         0.         0.         0.         1.00049988 0.
 0.         0.         0.         0.         0.         0.
 0.         0.         0.         0.         0.500999   0.
 0.         0.         0.         0.         1.00049988 0.
 0.70781353 0.         0.         0.70781353 0.         0.
 0.         1.00049988 0.         0.         0.         0.
 0.70781353 0.         0.         0.500999   0.         0.
 0.         0.         0.         0.         1.00049988 0.
 0.         0.         0.         1.00049988 0.         0.
 0.70781353 0.         0.         0.         0.         1.00049988
 0.         0.500999   0.70781353 0.         0.         0.
 0.         0.70781353 0.         0.         0.         0.
 0.         0.         0.         0.         0.         0.
 0.         0.         0.         0.70781353 0.         0.70781353
 0.         0.         0.         0.         0.         0.
 0.500999   1.00049988 0.         0.         0.         0.
 0.70781353 0.         0.70781353 0.         0.500999   0.
 0.70781353 0.         1.00049988 0.         1.00049988 0.
 0.         0.         0.70781353 0.         0.         0.
 0.         0.         0.         0.         0.         0.
 0.         0.         0.         0.         0.         0.
 0.         0.         0.         0.         0.70781353 0.
 0.         0.         0.         0.         0.500999   0.
 0.         0.         0.         0.         0.         0.70781353
 0.         0.         1.00049988 0.         0.         0.
 0.         1.00049988 0.70781353 0.         0.         0.70781353
 0.         0.         0.500999   0.         0.         0.
 0.         0.         0.         0.         1.00049988 0.
 0.         0.         0.         0.         0.         0.70781353
 0.         0.         0.         0.         0.70781353 0.
 0.         0.500999   0.         0.         0.         0.
 0.70781353 0.         0.         0.         0.         0.
 0.500999   0.70781353 0.         0.         0.         0.
 0.         0.         0.         0.70781353 0.         0.
 0.         0.         0.         0.         0.70781353 0.500999
 0.         0.         0.         0.         0.         0.
 0.         0.         0.70781353 0.         0.70781353 1.00049988
 0.         0.70781353 0.         0.         0.500999   0.
 0.         0.         0.         1.00049988 0.70781353 0.70781353
 0.         0.         0.         0.         0.         0.
 0.         0.         0.         0.500999  ]",[ 3 12  7  3 10 15 14  0 14  4  7  9 13  5 11  4],[ 3 12  7  3 10 15 14  0 14  4  7  9  6  5 11  4],True,True,0.453125,0.828125,"[np.int64(14), np.int64(8), np.int64(1), np.int64(0), np.int64(11), np.int64(15), np.int64(12), np.int64(14), np.int64(11), np.int64(3), np.int64(12), np.int64(4), np.int64(5), np.int64(14), np.int64(4), np.int64(15)]","[np.int64(1), np.int64(5), np.int64(13), np.int64(15), np.int64(15), np.int64(9), np.int64(10), np.int64(7), np.int64(9), np.int64(0), np.int64(6), np.int64(12), np.int64(2), np.int64(7), np.int64(10), np.int64(14)]",False,False,0.0,0.0,[ 3  0  7  3  2 15 12  0 14  4  7  9  1 12 11  3],[ 3 12  7  3 10 15 14  0 14  4  7  9  6  5 11  4],False,True,0.515625,0.53125,[ 3 12  7  3 10 15 14  0 14  4  7  9  1  5 11  4],[ 3 12  7  3 10 15 14  0 14  4  7  9  6  5 11  4],False,True,0.140625,0.203125,0.04,1.0,1.0,1,1,25,0.04,1.0,1.0,1,1,25,1.0,0.0,0.0,25,0,0,1.0,0.0,0.0,25,0,0,0.76,0.05263157894736842,0.04,19,1,1,0.24,1.0,1.0,6,6,25,0.44,0.2727272727272727,0.4,11,3,10,0.4,0.5,0.8,10,5,20
"[1.00049988 0.         0.         0.         0.         0.70781353
 0.70781353 0.         0.         0.         1.00049988 0.
 1.00049988 0.         0.         0.500999   0.         0.500999
 0.         0.         0.         0.         0.70781353 0.
 0.500999   0.         0.500999   0.         0.         0.
 0.         0.         0.         0.         1.00049988 0.70781353
 0.         0.         0.         0.         0.         0.500999
 0.         0.500999   0.         0.70781353 0.         0.
 0.         0.         0.70781353 0.         0.         0.
 0.500999   0.500999   0.         0.         0.500999   0.70781353
 0.         0.         0.         0.         0.         0.
 0.         0.         0.         0.         0.         0.
 0.         0.         0.500999   0.         0.         0.
 0.         0.         0.70781353 0.         0.         0.
 0.         1.00049988 0.         0.         0.500999   0.
 0.         0.         0.         0.70781353 1.00049988 0.
 0.70781353 0.70781353 0.         0.500999   0.         0.
 1.00049988 0.         0.         1.00049988 0.         0.
 0.         0.         0.         0.         0.         0.
 0.         0.500999   0.         0.         0.         1.00049988
 0.         0.         0.         0.         0.         0.
 0.         0.         0.         0.500999   0.         0.
 0.         0.500999   0.         0.         1.00049988 0.
 0.         0.         0.         1.00049988 0.         0.
 0.         0.         0.500999   0.         0.         0.
 1.00049988 0.         0.         0.         0.         0.
 0.70781353 0.         0.         0.         1.00049988 0.500999
 0.         0.500999   0.500999   0.         0.         0.
 0.         0.         1.00049988 1.00049988 1.00049988 0.
 0.         0.70781353 0.         0.         0.500999   0.70781353
 0.         0.         0.         0.         0.         0.
 1.00049988 0.         0.500999   0.         0.         0.
 1.00049988 0.         0.         0.         0.         0.
 0.         0.         0.         0.70781353 1.00049988 0.500999
 0.         0.         0.         0.         0.         0.
 0.70781353 0.         0.         0.70781353 0.         0.
 1.00049988 0.         0.         0.         0.         0.500999
 0.500999   0.         0.         0.         0.         0.
 0.         1.00049988 0.         0.         0.         0.
 0.         0.         0.         0.500999   0.500999   0.
 0.500999   0.         0.         0.         0.         0.
 0.         0.         0.         0.         0.70781353 0.
 0.         0.         0.         0.        ]",[15 10  3 10 10  8  3  3  1  2  3  2 11  5 13 15],[15 10  3  6 10  8  0  3  1  2  3  2 11  5 13 15],False,True,0.453125,0.828125,"[np.int64(9), np.int64(13), np.int64(7), np.int64(4), np.int64(13), np.int64(1), np.int64(10), np.int64(14), np.int64(5), np.int64(8), np.int64(9), np.int64(10), np.int64(4), np.int64(10), np.int64(8), np.int64(14)]","[np.int64(13), np.int64(14), np.int64(7), np.int64(9), np.int64(5), np.int64(3), np.int64(4), np.int64(4), np.int64(6), np.int64(4), np.int64(15), np.int64(15), np.int64(8), np.int64(6), np.int64(9), np.int64(4)]",False,False,0.0,0.0,[15 10  3 10 10  0  3  3  1  2 15  2 11  2 13 15],[15  8  3  6 10  0  0  3  5  2  1  3 11  5 13 15],False,False,0.515625,0.53125,[15 10 11  6 10  8  3  3  5  2  3  2 11  5 13 15],[15  8 11  6 10  8  3  3  1  2  1  2 11  5 13 15],False,False,0.140625,0.203125,0.04,0.0,0.0,1,0,0,0.04,1.0,1.0,1,1,25,1.0,0.0,0.0,25,0,0,1.0,0.0,0.0,25,0,0,0.92,0.0,0.0,23,0,0,0.8,0.1,0.08,20,2,2,0.88,0.0,0.0,22,0,0,0.8,0.0,0.0,20,0,0
"[1.00049988 0.         0.         0.         0.         0.70781353
 0.         0.         0.         0.         0.70781353 0.
 0.         0.         0.         0.500999   0.         0.
 0.         0.70781353 0.         0.70781353 0.         0.
 1.00049988 0.70781353 0.         0.         0.70781353 0.
 0.         0.         0.         0.         0.500999   0.
 0.         0.         0.         0.         0.70781353 0.
 1.00049988 0.         0.         0.         0.         0.70781353
 0.         0.70781353 0.         0.500999   0.70781353 0.
 0.500999   0.         0.         0.         0.         0.
 0.         0.70781353 0.         0.         0.         0.
 0.         0.70781353 0.500999   0.70781353 0.         0.
 0.         0.         0.         0.         0.         0.
 0.         0.         0.70781353 0.70781353 0.         0.
 0.70781353 0.500999   0.70781353 0.         0.         0.
 0.500999   1.00049988 0.         0.         0.         0.
 0.         0.         0.         0.500999   0.         0.70781353
 0.         0.         0.         0.         0.         0.70781353
 0.         0.70781353 0.         0.         0.         0.
 0.         0.         0.         0.         0.         1.00049988
 0.         0.500999   0.         0.         0.500999   1.00049988
 0.         0.70781353 0.         1.00049988 0.70781353 0.
 0.         0.         0.         0.         0.         0.
 0.         0.70781353 0.         0.         0.         1.00049988
 0.         0.70781353 0.         0.         0.         0.
 0.         0.500999   0.         0.         0.         0.
 0.         0.         0.         0.         0.70781353 0.
 1.00049988 0.         0.         0.500999   0.         0.
 0.         0.         0.         0.         0.         0.
 0.         0.         0.         0.         0.         0.
 0.         1.00049988 0.70781353 0.         0.70781353 0.
 0.         1.00049988 0.         0.70781353 0.         1.00049988
 0.         0.70781353 0.         0.         0.         0.
 0.         0.500999   0.         0.         0.         0.
 0.         0.         0.         0.         0.         0.
 0.         0.70781353 0.         0.         0.70781353 1.00049988
 0.         0.         0.         0.70781353 0.         0.500999
 0.70781353 0.         0.         0.         0.         0.
 0.         0.         0.         0.         0.         0.
 0.         0.         0.         0.70781353 0.500999   0.
 0.500999   0.         0.70781353 0.         0.         0.
 0.         0.70781353 1.00049988 0.         0.         1.00049988
 0.         0.         0.         0.        ]",[15  5 15  6  5 10  5 15  2  7  5  6  7  6 13 15],[15  5 15  6  5 10  3 15  2  7  0  6  7  3 13 15],False,False,0.453125,0.828125,"[np.int64(1), np.int64(13), np.int64(14), np.int64(11), np.int64(3), np.int64(8), np.int64(0), np.int64(2), np.int64(13), np.int64(3), np.int64(1), np.int64(11), np.int64(6), np.int64(1), np.int64(15), np.int64(9)]","[np.int64(3), np.int64(6), np.int64(0), np.int64(7), np.int64(5), np.int64(5), np.int64(3), np.int64(12), np.int64(11), np.int64(14), np.int64(3), np.int64(3), np.int64(14), np.int64(4), np.int64(6), np.int64(1)]",False,False,0.0,0.0,[15 12 15  6  5  0  5 15  2  7  5  8  7  6 13 15],[15  5 15  4  5  0  5 15  2  7  5  6  7  6 13 15],True,False,0.515625,0.53125,[15  5 15  6  5 10  5  9  2  7  5  6  7  6 13 15],[15  5 15  6  5 10  3  9 11  7  0  6  7  3 13 15],False,False,0.140625,0.203125,0.04,0.0,0.0,1,0,0,0.04,0.0,0.0,1,0,0,1.0,0.0,0.0,25,0,0,1.0,0.0,0.0,25,0,0,0.92,0.21739130434782608,0.24,23,5,6,0.92,0.21739130434782608,0.2,23,5,5,0.92,0.0,0.0,23,0,0,0.96,0.0,0.0,24,0,0
"[1.00049988 0.         0.         0.         0.         0.70781353
 0.         0.         0.         0.         0.70781353 0.
 0.         0.         0.         0.500999   0.         0.
 0.         0.70781353 0.         0.70781353 0.         0.
 1.00049988 0.70781353 0.         0.         0.70781353 0.
 0.         0.         0.         0.         0.500999   0.
 0.         0.         0.         0.         0.70781353 0.
 1.00049988 0.         0.         0.         0.         0.70781353
 0.         0.70781353 0.         0.500999   0.70781353 0.
 0.500999   0.         0.         0.         0.         0.
 0.         0.70781353 0.         0.         0.         0.
 0.         0.70781353 0.500999   0.70781353 0.         0.
 0.         0.         0.         0.         0.         0.
 0.         0.         0.70781353 0.70781353 0.         0.
 0.70781353 0.500999   0.70781353 0.         0.         0.
 0.500999   1.00049988 0.         0.         0.         0.
 0.         0.         0.         0.500999   0.         0.70781353
 0.         0.         0.         0.         0.         0.70781353
 0.         0.70781353 0.         0.         0.         0.
 0.         0.         0.         0.         0.         1.00049988
 0.         0.500999   0.         0.         0.500999   1.00049988
 0.         0.70781353 0.         1.00049988 0.70781353 0.
 0.         0.         0.         0.         0.         0.
 0.         0.70781353 0.         0.         0.         1.00049988
 0.         0.70781353 0.         0.         0.         0.
 0.         0.500999   0.         0.         0.         0.
 0.         0.         0.         0.         0.70781353 0.
 1.00049988 0.         0.         0.500999   0.         0.
 0.         0.         0.         0.         0.         0.
 0.         0.         0.         0.         0.         0.
 0.         1.00049988 0.70781353 0.         0.70781353 0.
 0.         1.00049988 0.         0.70781353 0.         1.00049988
 0.         0.70781353 0.         0.         0.         0.
 0.         0.500999   0.         0.         0.         0.
 0.         0.         0.         0.         0.         0.
 0.         0.70781353 0.         0.         0.70781353 1.00049988
 0.         0.         0.         0.70781353 0.         0.500999
 0.70781353 0.         0.         0.         0.         0.
 0.         0.         0.         0.         0.         0.
 0.         0.         0.         0.70781353 0.500999   0.
 0.500999   0.         0.70781353 0.         0.         0.
 0.         0.70781353 1.00049988 0.         0.         1.00049988
 0.         0.         0.         0.        ]",[15  5 15  6  5 10  5 15  2  7  5  6  7  6 13 15],[15  5 15  6  5 10  3 15  2  7  0  6  7  3 13 15],False,False,0.453125,0.828125,"[np.int64(12), np.int64(7), np.int64(8), np.int64(5), np.int64(4), np.int64(3), np.int64(8), np.int64(10), np.int64(3), np.int64(4), np.int64(1), np.int64(11), np.int64(11), np.int64(15), np.int64(11), np.int64(7)]","[np.int64(15), np.int64(5), np.int64(10), np.int64(7), np.int64(5), np.int64(8), np.int64(11), np.int64(7), np.int64(2), np.int64(13), np.int64(15), np.int64(15), np.int64(1), np.int64(10), np.int64(8), np.int64(10)]",False,False,0.0,0.0,[15 12 15  6  5  0  5 15  2  7  0  6  7  3 13 15],[15  5 15  4  5 10  5 15  2  7  0  6  7  6 13 15],False,False,0.515625,0.53125,[15  5 15  6  3  0  3  9  2  7  5  8  7  6 13 15],[15  5 15  6  5 10  3  9  2  7  5  8  7  3 13 15],False,False,0.140625,0.203125,0.04,0.0,0.0,1,0,0,0.04,0.0,0.0,1,0,0,1.0,0.0,0.0,25,0,0,1.0,0.0,0.0,25,0,0,0.96,0.16666666666666666,0.2,24,4,5,0.96,0.25,0.28,24,6,7,0.92,0.043478260869565216,0.04,23,1,1,1.0,0.04,0.04,25,1,1
"[0.500999   0.         0.         0.         0.         0.
 0.         0.70781353 0.         0.500999   0.         0.
 0.         0.         0.70781353 0.         0.         0.
 0.70781353 0.         0.         0.         0.         0.
 0.         0.         0.         0.         0.         0.70781353
 0.         0.         0.         0.70781353 1.00049988 0.
 0.         0.         0.         0.         0.         0.
 0.         0.500999   0.         0.         0.         0.
 0.         0.         0.         0.         0.70781353 0.
 0.         0.70781353 0.         0.         0.         0.
 0.         0.70781353 0.         0.         0.         0.
 0.         0.70781353 0.500999   0.         0.70781353 0.
 0.         0.         0.         0.         0.         0.70781353
 0.         1.00049988 0.         0.         0.         0.
 0.         0.         1.00049988 0.70781353 0.         0.
 0.         0.         0.70781353 0.         0.         0.
 0.         0.         0.         0.         0.70781353 1.00049988
 1.00049988 0.         0.70781353 1.00049988 0.500999   0.
 0.         0.500999   0.         0.70781353 0.70781353 0.
 0.         0.70781353 0.         0.70781353 0.         0.
 0.         0.         0.         0.         0.         0.70781353
 0.         0.         0.         0.         0.         0.
 0.         0.         0.70781353 0.         0.500999   0.
 0.500999   0.         0.         0.         0.         0.
 0.500999   0.         0.         0.         0.         0.
 1.00049988 0.         0.         1.00049988 0.         0.
 0.         0.70781353 0.         0.         0.         0.
 0.         0.         0.         0.         0.500999   0.
 0.500999   0.         0.         0.         0.         0.
 0.70781353 0.         0.         0.         0.500999   0.
 0.         0.         0.         0.         0.         0.
 0.         0.         0.70781353 0.         0.         1.00049988
 0.         0.         0.         0.         0.         0.70781353
 0.         0.         0.         0.         0.         0.70781353
 1.00049988 1.00049988 0.70781353 0.         0.         0.70781353
 0.         0.70781353 0.70781353 0.         0.500999   0.70781353
 0.         0.70781353 0.         0.         1.00049988 1.00049988
 0.         0.         0.70781353 0.         0.         0.
 0.         0.         0.         0.         0.         0.
 0.70781353 0.         0.70781353 0.         0.         0.70781353
 0.         0.         0.         0.         1.00049988 0.
 0.70781353 0.         0.         0.         0.         1.00049988
 0.         0.         0.70781353 0.        ]",[ 7 13 11  7  6  7 13  7 10  0  6  2  5  7  0  6],[ 7 13  1  7  3  7 13  7 10  0  6  2  5  7  0  6],False,True,0.453125,0.828125,"[np.int64(14), np.int64(4), np.int64(14), np.int64(2), np.int64(5), np.int64(0), np.int64(5), np.int64(14), np.int64(14), np.int64(15), np.int64(10), np.int64(12), np.int64(11), np.int64(3), np.int64(14), np.int64(12)]","[np.int64(13), np.int64(2), np.int64(15), np.int64(10), np.int64(13), np.int64(7), np.int64(7), np.int64(11), np.int64(5), np.int64(0), np.int64(9), np.int64(3), np.int64(12), np.int64(11), np.int64(12), np.int64(14)]",False,False,0.0,0.0,[ 7 13 11  7 13  7 13  7  6  0  6 12  5  7  0  6],[ 7 13 11  7 13  7 13  7 10  0  6 12  5  7  0  6],False,True,0.515625,0.53125,[ 7 13 11  7  3  7 13  7 10  0  6  2  5  6  0  6],[ 7 13 11  7  3  7 13  7 10  0  6  2  5  7  0  6],False,False,0.140625,0.203125,0.04,0.0,0.0,1,0,0,0.04,1.0,1.0,1,1,25,1.0,0.0,0.0,25,0,0,1.0,0.0,0.0,25,0,0,0.72,0.5,0.48,18,9,12,0.6,0.2,0.28,15,3,7,0.96,0.0,0.0,24,0,0,0.84,0.09523809523809523,0.08,21,2,2
"[1.00049988 0.500999   0.         0.         0.         0.
 0.         0.         0.         0.500999   0.         0.
 0.         0.         0.         0.         0.500999   0.500999
 0.         0.70781353 1.00049988 0.         0.70781353 0.70781353
 0.500999   0.500999   0.         0.70781353 0.500999   0.
 0.         0.         0.         0.         1.00049988 0.
 0.         0.         0.         0.         0.         0.
 0.70781353 0.         0.70781353 0.         0.         0.
 0.         0.70781353 0.         1.00049988 0.         0.
 0.         0.         0.         0.         0.500999   0.
 0.70781353 0.         0.70781353 0.         0.         1.00049988
 0.         0.         0.         0.         0.         0.
 0.         0.         0.         0.         0.70781353 0.70781353
 0.70781353 0.         0.         0.         0.         0.
 0.         0.         0.         0.70781353 1.00049988 0.70781353
 0.         0.         0.         0.         1.00049988 0.
 0.         0.70781353 0.         0.         0.         0.
 0.         0.500999   1.00049988 0.         0.         0.
 0.         0.         1.00049988 0.         0.         0.70781353
 0.         0.         0.         0.70781353 0.500999   0.
 0.         0.         0.         0.         0.         0.
 0.         0.70781353 0.         0.500999   0.         0.
 0.         1.00049988 1.00049988 0.         0.         0.
 0.70781353 0.70781353 0.70781353 0.         0.         1.00049988
 0.500999   0.500999   0.         0.         0.         0.70781353
 0.         0.         0.         0.500999   0.         0.
 0.         1.00049988 0.         0.         0.         0.
 0.70781353 0.500999   0.         0.         0.         0.
 0.70781353 0.         0.         0.         0.         0.
 0.70781353 0.500999   0.         0.70781353 0.         0.
 0.         0.         0.         0.         0.70781353 0.
 0.         0.500999   0.         0.         0.         0.
 0.         0.500999   0.70781353 0.70781353 0.70781353 0.
 0.         0.         0.70781353 0.         0.         0.
 0.         0.500999   0.         0.500999   0.         0.
 0.         0.         0.70781353 0.         0.         0.
 0.         1.00049988 0.         0.         0.500999   1.00049988
 1.00049988 0.         0.         0.         0.         0.70781353
 0.70781353 1.00049988 1.00049988 0.         0.         0.
 0.70781353 0.         0.         1.00049988 0.         0.
 0.         0.         0.         0.         0.         0.
 0.         0.70781353 1.00049988 0.         0.500999   0.
 0.500999   0.         0.         1.00049988]",[ 0  0 12 10 12  9  7  6  1  0 15  1  1 12 10 12],[ 0  0 12 10 12  9  7  1  1  0 15  1  1 12 10 12],False,True,0.453125,0.828125,"[np.int64(12), np.int64(12), np.int64(7), np.int64(5), np.int64(15), np.int64(12), np.int64(14), np.int64(9), np.int64(6), np.int64(11), np.int64(10), np.int64(4), np.int64(2), np.int64(9), np.int64(3), np.int64(7)]","[np.int64(6), np.int64(2), np.int64(13), np.int64(0), np.int64(5), np.int64(0), np.int64(1), np.int64(7), np.int64(1), np.int64(3), np.int64(5), np.int64(12), np.int64(15), np.int64(7), np.int64(1), np.int64(13)]",False,False,0.0,0.0,[ 0  0 12 10 12  9  7  1  1  0 15  1  1 12  3 12],[ 0  0 12 10 12  9  7  1  1  0 15  1  1 12 10 12],True,True,0.515625,0.53125,[ 0  0 12 10 12  9  7  6  1  0 15  1  1 12 10 12],[ 0  0 12 10 12  9  7  1  1  0 15  1  1 12 10 12],False,True,0.140625,0.203125,0.04,0.0,0.0,1,0,0,0.04,1.0,1.0,1,1,25,1.0,0.0,0.0,25,0,0,1.0,0.0,0.0,25,0,0,0.2,0.8,0.48,5,4,12,0.12,0.6666666666666666,0.64,3,2,16,0.2,0.2,0.16,5,1,4,0.16,0.5,0.24,4,2,6
"[0.500999   0.         0.         0.         1.00049988 0.500999
 0.         0.         0.         0.70781353 0.500999   0.
 0.         1.00049988 0.70781353 0.         0.         0.
 0.         0.         0.         0.         0.         0.
 0.500999   0.         0.         0.70781353 0.         0.
 0.         0.         0.         0.         0.         0.
 0.70781353 0.         0.         0.         0.         1.00049988
 0.         0.         0.         0.         0.         0.
 0.         0.         0.         0.         0.         0.70781353
 0.         0.         0.70781353 0.500999   0.         0.
 0.         0.         0.500999   0.         1.00049988 0.
 0.70781353 0.         1.00049988 0.         0.         0.
 0.         0.70781353 0.         0.70781353 0.         1.00049988
 0.         0.         0.500999   0.         0.         0.70781353
 0.         0.500999   1.00049988 0.         0.         0.70781353
 1.00049988 0.         0.         0.         0.70781353 0.
 0.         0.         0.         0.         0.         1.00049988
 0.500999   0.         0.         0.         0.         0.
 0.         0.70781353 0.500999   0.         0.         0.
 0.         0.         0.         0.         0.         0.500999
 0.70781353 0.70781353 0.         0.         0.500999   0.
 0.         0.         0.         0.500999   0.         0.70781353
 0.         0.         0.         0.70781353 0.500999   0.
 0.         0.         0.         0.         0.         0.
 0.70781353 0.         1.00049988 0.500999   0.70781353 0.70781353
 0.         0.70781353 0.         0.         0.70781353 0.
 0.         0.         1.00049988 0.         0.500999   0.
 0.         0.         0.         1.00049988 0.         0.
 0.         0.70781353 0.         0.         0.         0.
 0.         0.         0.         0.70781353 0.         0.
 0.70781353 0.         0.         0.         0.         0.
 0.         0.500999   0.         0.         0.         0.
 0.         0.         0.         0.         0.         0.
 0.         0.500999   0.         0.         0.         0.
 0.500999   0.         0.70781353 0.         1.00049988 0.
 0.         0.         1.00049988 0.         0.70781353 0.
 0.         0.         0.         0.         0.         1.00049988
 0.         0.         0.70781353 0.         0.         0.500999
 0.         0.70781353 0.500999   0.         0.         1.00049988
 0.         0.         0.70781353 0.         1.00049988 0.
 0.         0.         0.         0.         0.         0.
 0.         0.         0.         0.         0.         0.
 0.         0.         0.         0.        ]",[ 5  8  4  9  9  0 14 12  3  9  0  1  7  6  3 15],[ 5  8  4  9  9  0 14  9  3  9  0  1  7  6  3 15],False,False,0.453125,0.828125,"[np.int64(3), np.int64(6), np.int64(5), np.int64(4), np.int64(8), np.int64(12), np.int64(8), np.int64(0), np.int64(15), np.int64(15), np.int64(15), np.int64(14), np.int64(0), np.int64(10), np.int64(5), np.int64(7)]","[np.int64(4), np.int64(5), np.int64(5), np.int64(1), np.int64(12), np.int64(7), np.int64(2), np.int64(13), np.int64(2), np.int64(15), np.int64(1), np.int64(15), np.int64(11), np.int64(10), np.int64(4), np.int64(4)]",False,False,0.0,0.0,[ 9  8  4  9  9  9 14  9  3  9  0  4 14  6  3 15],[ 9  8  4  9  9  9 14  9  3  9  0  4  7  6  3 15],False,False,0.515625,0.53125,[ 5  8  4  9  9  0 14 12  3  9  0  4  7  6  3 15],[10  8  4  9  9  0 14 12  1  9  0  4  7  6  3 15],False,False,0.140625,0.203125,0.04,0.0,0.0,1,0,0,0.04,0.0,0.0,1,0,0,1.0,0.0,0.0,25,0,0,1.0,0.0,0.0,25,0,0,0.72,0.16666666666666666,0.28,18,3,7,0.64,0.0625,0.04,16,1,1,0.32,0.0,0.0,8,0,0,0.64,0.0,0.0,16,0,0
"[1.00049988 0.         0.70781353 0.         0.         0.500999
 0.         0.         1.00049988 0.         0.500999   0.
 0.70781353 0.         0.         0.         0.         1.00049988
 0.         0.         0.         0.         0.         0.
 0.         0.         0.70781353 0.         0.         0.
 0.         0.         0.70781353 0.         0.         0.
 0.         0.         0.         0.         0.         1.00049988
 0.70781353 0.         0.70781353 0.         0.         0.
 0.         0.         0.         0.500999   0.         0.
 0.         0.500999   0.         0.         0.         0.
 0.         0.         0.         0.         0.         0.
 0.         0.         1.00049988 0.         0.         0.
 0.         0.         0.         0.70781353 0.70781353 0.
 0.         0.         0.500999   0.         0.         0.
 0.         0.         0.         0.         0.         0.
 0.         0.         0.         1.00049988 0.         0.500999
 0.         0.         0.         0.         0.         0.
 0.         1.00049988 0.         0.         0.         0.
 0.         0.         0.         0.         0.         0.
 0.         0.500999   0.         0.         1.00049988 0.
 0.         0.         0.         0.         0.         0.
 0.         0.         1.00049988 0.         0.         0.
 0.         0.         0.         0.         0.         0.70781353
 0.         0.70781353 0.         0.         0.         0.
 0.         0.         1.00049988 0.         0.         0.
 0.         0.         0.70781353 0.         0.         0.
 0.70781353 0.         0.         0.         0.500999   0.70781353
 0.70781353 0.         0.         0.         0.         0.
 0.         0.         0.         0.70781353 0.         0.
 0.         1.00049988 0.         0.         0.         0.
 0.70781353 0.         0.         0.         0.70781353 0.
 0.70781353 0.         1.00049988 1.00049988 0.         0.
 0.70781353 0.         0.70781353 0.         0.70781353 0.
 0.         0.         0.         0.70781353 0.         1.00049988
 0.         0.70781353 0.         0.70781353 0.         0.
 0.         0.         0.         1.00049988 0.         0.
 0.         0.         0.         1.00049988 0.70781353 0.500999
 0.         0.         0.         0.         0.         0.
 0.         0.         0.         0.         0.         0.
 0.         0.         0.         0.         0.500999   0.
 0.         0.         0.         0.         0.         0.500999
 0.         0.         0.         0.         1.00049988 0.
 0.70781353 0.         0.         0.        ]",[10 10 10  3 11  0  6  7 11  8 11 11  0 12 14  5],[10 10 10  3 11  0  6  7 11  8 11 11  4 12 14  5],True,True,0.453125,0.828125,"[np.int64(9), np.int64(1), np.int64(5), np.int64(3), np.int64(9), np.int64(8), np.int64(2), np.int64(13), np.int64(1), np.int64(13), np.int64(15), np.int64(0), np.int64(8), np.int64(11), np.int64(13), np.int64(6)]","[np.int64(0), np.int64(15), np.int64(1), np.int64(13), np.int64(13), np.int64(0), np.int64(2), np.int64(13), np.int64(8), np.int64(13), np.int64(10), np.int64(6), np.int64(13), np.int64(0), np.int64(0), np.int64(15)]",False,False,0.0,0.0,[10 10 10  3 11  0  6  7 11  8 11 11  4 12 14  5],[12 10 10  3 11  0  6  7 11  8 11 11  4 12 14  5],True,False,0.515625,0.53125,[ 5 10  0  7 11  0  7  6 11  8  0 11  0 12 14  5],[ 5 10 12  7 11  0  7  3 11 12 11 11  4 12 14  5],False,False,0.140625,0.203125,0.04,1.0,1.0,1,1,25,0.04,1.0,1.0,1,1,25,1.0,0.0,0.0,25,0,0,1.0,0.0,0.0,25,0,0,0.24,1.0,1.0,6,6,25,0.6,0.5333333333333333,0.68,15,8,17,0.72,0.0,0.0,18,0,0,0.6,0.0,0.0,15,0,0
"[1.00049988 0.         0.         0.         0.         0.70781353
 0.70781353 0.         0.         0.         1.00049988 0.
 1.00049988 0.         0.         0.500999   0.         0.500999
 0.         0.         0.         0.         0.70781353 0.
 0.500999   0.         0.500999   0.         0.         0.
 0.         0.         0.         0.         1.00049988 0.70781353
 0.         0.         0.         0.         0.         0.500999
 0.         0.500999   0.         0.70781353 0.         0.
 0.         0.         0.70781353 0.         0.         0.
 0.500999   0.500999   0.         0.         0.500999   0.70781353
 0.         0.         0.         0.         0.         0.
 0.         0.         0.         0.         0.         0.
 0.         0.         0.500999   0.         0.         0.
 0.         0.         0.70781353 0.         0.         0.
 0.         1.00049988 0.         0.         0.500999   0.
 0.         0.         0.         0.70781353 1.00049988 0.
 0.70781353 0.70781353 0.         0.500999   0.         0.
 1.00049988 0.         0.         1.00049988 0.         0.
 0.         0.         0.         0.         0.         0.
 0.         0.500999   0.         0.         0.         1.00049988
 0.         0.         0.         0.         0.         0.
 0.         0.         0.         0.500999   0.         0.
 0.         0.500999   0.         0.         1.00049988 0.
 0.         0.         0.         1.00049988 0.         0.
 0.         0.         0.500999   0.         0.         0.
 1.00049988 0.         0.         0.         0.         0.
 0.70781353 0.         0.         0.         1.00049988 0.500999
 0.         0.500999   0.500999   0.         0.         0.
 0.         0.         1.00049988 1.00049988 1.00049988 0.
 0.         0.70781353 0.         0.         0.500999   0.70781353
 0.         0.         0.         0.         0.         0.
 1.00049988 0.         0.500999   0.         0.         0.
 1.00049988 0.         0.         0.         0.         0.
 0.         0.         0.         0.70781353 1.00049988 0.500999
 0.         0.         0.         0.         0.         0.
 0.70781353 0.         0.         0.70781353 0.         0.
 1.00049988 0.         0.         0.         0.         0.500999
 0.500999   0.         0.         0.         0.         0.
 0.         1.00049988 0.         0.         0.         0.
 0.         0.         0.         0.500999   0.500999   0.
 0.500999   0.         0.         0.         0.         0.
 0.         0.         0.         0.         0.70781353 0.
 0.         0.         0.         0.        ]",[15 10  3 10 10  8  3  3  1  2  3  2 11  5 13 15],[15 10  3  6 10  8  0  3  1  2  3  2 11  5 13 15],False,True,0.453125,0.828125,"[np.int64(14), np.int64(2), np.int64(5), np.int64(11), np.int64(7), np.int64(15), np.int64(0), np.int64(3), np.int64(0), np.int64(15), np.int64(11), np.int64(0), np.int64(10), np.int64(0), np.int64(5), np.int64(0)]","[np.int64(6), np.int64(4), np.int64(3), np.int64(2), np.int64(2), np.int64(8), np.int64(4), np.int64(6), np.int64(0), np.int64(12), np.int64(8), np.int64(8), np.int64(13), np.int64(11), np.int64(15), np.int64(6)]",False,False,0.0,0.0,[15 10  3 10 10  8  0  3  1  2 15  2 11  5 13 15],[15  8 11  6 10  0  0  3  5  2  1  3 11  5 13 15],False,False,0.515625,0.53125,[15 10 11  6 10  8  3  3  5  2  3  2 11  5 13 15],[15  8 11  6 10  8  3  3  1  2  3  2 11  5 13 15],False,False,0.140625,0.203125,0.04,0.0,0.0,1,0,0,0.04,1.0,1.0,1,1,25,1.0,0.0,0.0,25,0,0,1.0,0.0,0.0,25,0,0,0.8,0.05,0.04,20,1,1,0.72,0.1111111111111111,0.08,18,2,2,0.88,0.0,0.0,22,0,0,0.8,0.0,0.0,20,0,0
"[1.00049988 0.500999   0.         0.         0.         0.
 0.70781353 0.         0.         0.         0.         0.
 0.         0.         0.         0.500999   0.500999   0.500999
 0.         0.500999   0.         0.         0.         0.
 0.         0.         0.         0.         0.         1.00049988
 0.         1.00049988 0.         0.         1.00049988 0.70781353
 0.         0.70781353 0.         0.         0.70781353 0.
 0.         0.         0.         0.         0.70781353 0.
 0.         0.500999   0.70781353 0.500999   0.500999   0.
 0.         0.         1.00049988 0.         0.         0.
 0.         0.70781353 0.70781353 0.         0.         0.
 0.         0.500999   0.         0.500999   0.70781353 0.
 0.500999   0.         0.         0.500999   0.70781353 0.
 0.         0.70781353 0.         0.         0.70781353 0.
 0.500999   0.500999   0.         0.         0.70781353 0.
 0.70781353 0.         0.500999   0.         0.         0.
 0.70781353 0.         0.         0.         0.70781353 0.
 0.         0.70781353 0.         0.         0.         0.500999
 0.500999   0.         0.         0.70781353 0.         0.
 0.         0.         0.         0.         0.70781353 0.500999
 0.         0.70781353 0.70781353 0.         0.         0.
 0.         0.         0.         0.         0.70781353 1.00049988
 0.500999   0.70781353 0.         0.         1.00049988 0.
 1.00049988 0.         0.         0.         0.         0.
 0.         0.         0.         0.         0.         0.
 0.         0.70781353 0.         0.         0.         0.
 0.         0.         0.         0.         0.         0.
 0.         0.         0.         0.70781353 0.         0.70781353
 1.00049988 0.         0.         0.70781353 1.00049988 0.
 0.         0.         0.         0.         0.         0.
 0.500999   0.         0.500999   0.         0.         0.
 0.70781353 1.00049988 0.         0.         0.         0.
 0.         0.         0.         0.         0.70781353 0.500999
 0.500999   0.         0.         0.         1.00049988 0.
 1.00049988 0.         0.         0.         0.         1.00049988
 0.         0.70781353 0.         0.         0.         0.
 0.         0.         0.         0.         0.         1.00049988
 0.         0.         0.         0.         0.70781353 0.70781353
 0.         0.         0.         0.         0.         0.
 0.         0.         0.         0.         0.         0.500999
 0.500999   1.00049988 0.         0.         0.70781353 0.
 0.70781353 0.         0.         0.         0.         0.
 0.         0.         0.500999   0.        ]",[ 1  3  5  4 11 12  7  9  4  9  7  6  6  3 15  0],[ 1  3  5  4 11 12  7  9  4  9  7  6  6  3 15  0],True,True,0.453125,0.828125,"[np.int64(3), np.int64(2), np.int64(15), np.int64(8), np.int64(7), np.int64(14), np.int64(3), np.int64(5), np.int64(7), np.int64(5), np.int64(1), np.int64(1), np.int64(13), np.int64(5), np.int64(3), np.int64(2)]","[np.int64(12), np.int64(9), np.int64(3), np.int64(1), np.int64(15), np.int64(13), np.int64(10), np.int64(1), np.int64(7), np.int64(12), np.int64(14), np.int64(10), np.int64(0), np.int64(7), np.int64(5), np.int64(5)]",False,False,0.0,0.0,[ 6  0  5  4  5 12  7  9  4  9  7 10  6  3 15  6],[ 1  3  5  4 11  4  7  9  4  9  7 10  6  3 15  0],False,False,0.515625,0.53125,[15  3  5  4 11  4 11  9  4  9  7  6  6  3 15  4],[ 1  3  5  4 11 12 11  9  4  9  7  6  6  3 15  0],False,False,0.140625,0.203125,0.04,1.0,1.0,1,1,25,0.04,1.0,1.0,1,1,25,1.0,0.0,0.0,25,0,0,1.0,0.0,0.0,25,0,0,0.96,0.0,0.0,24,0,0,0.48,0.5,0.72,12,6,18,0.92,0.043478260869565216,0.04,23,1,1,0.76,0.10526315789473684,0.08,19,2,2
"[0.         1.00049988 0.         0.         0.         0.500999
 0.         0.         0.         0.         0.         0.
 0.         0.         0.500999   0.         1.00049988 0.
 0.500999   0.         0.         0.         0.         0.
 0.         0.         0.         0.         0.         0.
 0.500999   0.         0.         0.500999   0.500999   0.
 0.         0.         0.70781353 0.500999   0.         0.
 0.         1.00049988 0.         0.         0.         0.
 0.         0.         0.         1.00049988 0.         0.70781353
 0.         0.         0.         1.00049988 0.         0.
 0.500999   0.         0.         0.         0.         0.
 0.         0.         0.         0.         0.         0.
 0.         0.         0.         0.         0.         0.70781353
 0.         0.         0.500999   0.         0.         0.70781353
 0.         0.         0.70781353 0.         0.         0.
 0.         0.         0.         1.00049988 0.         0.
 0.         0.         0.70781353 0.         0.         0.70781353
 0.         0.         0.         0.         0.         0.
 0.         0.         0.         0.500999   0.         0.
 0.500999   0.         0.         0.         0.         0.
 0.         0.         0.         0.         0.         0.
 0.         0.         0.         0.         0.         0.
 0.         0.         0.         0.         0.         0.500999
 0.         0.         0.         0.         0.         0.
 0.         0.         0.         1.00049988 0.         0.
 0.         0.         0.500999   0.500999   0.         0.
 0.         0.         0.         1.00049988 0.         0.
 0.         0.         0.         0.         0.         0.
 0.         0.         0.         0.         0.         0.
 0.         0.70781353 0.         0.         1.00049988 0.
 0.         0.         0.         0.         0.         0.
 0.         0.         0.         0.         0.         0.
 0.         0.         0.         0.500999   0.         0.
 0.         0.         0.         0.         0.         0.
 0.500999   0.500999   0.         0.         0.         0.
 0.         0.         0.70781353 1.00049988 0.         0.
 0.         0.         0.         0.         0.500999   0.
 0.         0.         0.500999   0.500999   0.         0.
 0.         0.         0.         0.         0.         0.
 0.         0.         0.         0.         0.500999   0.70781353
 0.         0.         0.         0.         0.         0.
 0.500999   0.         0.         1.00049988 0.70781353 0.
 0.         0.         0.70781353 0.        ]",[ 5 14  1  3 13  3 15  2  9  3 15  2  3 12  0  6],[ 5 14  1  3 13  3  5  2  9  3 15  2  3 12  0  6],False,True,0.453125,0.828125,"[np.int64(4), np.int64(10), np.int64(14), np.int64(1), np.int64(4), np.int64(4), np.int64(7), np.int64(6), np.int64(2), np.int64(7), np.int64(0), np.int64(2), np.int64(11), np.int64(1), np.int64(12), np.int64(6)]","[np.int64(11), np.int64(8), np.int64(10), np.int64(15), np.int64(9), np.int64(7), np.int64(2), np.int64(6), np.int64(0), np.int64(12), np.int64(10), np.int64(6), np.int64(4), np.int64(10), np.int64(7), np.int64(5)]",False,False,0.0,0.0,[ 5 14  1  3 13  3  5  2  9  3 15  2  3 12  0  6],[ 5 14  1  3 13  3  5  2  9  3 15  2  3 12  0  6],True,True,0.515625,0.53125,[ 5 14  1  3 13  0 15  2  9  3 15  2  3 12  0  6],[ 5 14  1  3 13  3 15  2  9  3 15  2  3 12  0  6],False,False,0.140625,0.203125,0.04,0.0,0.0,1,0,0,0.04,1.0,1.0,1,1,25,1.0,0.0,0.0,25,0,0,1.0,0.0,0.0,25,0,0,0.12,0.3333333333333333,0.6,3,1,15,0.12,0.6666666666666666,0.48,3,2,12,0.28,0.14285714285714285,0.04,7,1,1,0.16,0.5,0.28,4,2,7
"[0.         0.         0.70781353 0.70781353 0.         0.
 0.500999   0.         0.         0.         0.         0.
 0.500999   0.         0.         0.         0.         0.
 0.         0.         0.         0.         0.         0.70781353
 0.         0.         0.70781353 0.500999   0.         0.
 0.         0.         0.70781353 0.         1.00049988 0.
 0.70781353 0.         0.         0.         0.         0.
 0.         0.         0.         0.         0.         0.
 0.70781353 0.         0.         0.         0.         0.
 0.         0.500999   0.         0.         0.         0.
 0.         0.70781353 0.         0.         0.         0.
 0.70781353 0.         0.500999   0.         0.         1.00049988
 0.         0.         0.         0.         0.         0.
 0.         0.         0.         0.         0.         0.
 0.         1.00049988 0.         0.         0.70781353 0.
 0.         0.         0.         0.         0.         0.
 0.500999   0.         0.         0.         0.         0.
 1.00049988 0.         0.         0.         0.         0.
 1.00049988 0.         0.         0.         0.         0.70781353
 0.         0.500999   1.00049988 0.         0.         0.
 0.         0.         1.00049988 0.70781353 1.00049988 0.
 0.         0.70781353 0.         0.         0.         0.
 0.         0.70781353 0.         0.         0.         0.
 0.         0.500999   0.         0.         0.         0.
 0.         0.         0.         0.         0.         0.
 0.         0.         0.         0.500999   0.         0.
 0.70781353 0.         0.         0.70781353 0.         0.70781353
 0.         0.         0.         0.         0.         1.00049988
 0.         0.         1.00049988 0.500999   0.         1.00049988
 0.         0.         0.         0.500999   0.         0.
 0.         0.         0.         0.70781353 0.500999   0.
 0.500999   0.500999   0.         0.         1.00049988 0.70781353
 0.500999   0.         0.         0.         0.         0.
 1.00049988 1.00049988 0.         0.70781353 0.         0.
 0.500999   0.         0.         1.00049988 0.         0.
 0.         0.70781353 0.         0.         0.         0.
 0.         0.         1.00049988 0.         0.         0.
 0.         0.         0.         0.         0.         0.
 0.         0.         0.         0.         0.         0.
 0.         1.00049988 0.         0.         0.500999   0.
 0.         0.         0.         0.         0.         0.
 0.         0.70781353 0.         0.70781353 0.         0.70781353
 1.00049988 0.         0.         0.        ]",[12 11  0  0  2  8  0  3 11 12 11  1 12  3 11  7],[12  7  0  0  2  8  0  3 11 12 11  1 12  3 11  9],False,True,0.453125,0.828125,"[np.int64(6), np.int64(12), np.int64(9), np.int64(3), np.int64(13), np.int64(14), np.int64(14), np.int64(2), np.int64(2), np.int64(11), np.int64(0), np.int64(11), np.int64(0), np.int64(12), np.int64(14), np.int64(15)]","[np.int64(1), np.int64(7), np.int64(3), np.int64(9), np.int64(4), np.int64(13), np.int64(13), np.int64(5), np.int64(15), np.int64(13), np.int64(1), np.int64(14), np.int64(2), np.int64(4), np.int64(7), np.int64(1)]",False,False,0.0,0.0,[12  7  0  0  2  8  0  3 11 12 11 15 12  3 11  9],[12 11  0  0  2  8  0  3 11 12 11  7 12  3 11  9],False,True,0.515625,0.53125,[12 11  0  0  2  8  0  3 11 12 11  1 12  3 11  9],[12 11  0  0  2  8  0  3 11 12 11  1 12  3 11  9],False,False,0.140625,0.203125,0.04,0.0,0.0,1,0,0,0.04,1.0,1.0,1,1,25,1.0,0.0,0.0,25,0,0,1.0,0.0,0.0,25,0,0,0.32,0.625,0.6,8,5,15,0.32,0.5,0.48,8,4,12,0.36,0.2222222222222222,0.12,9,2,3,0.32,0.25,0.16,8,2,4
"[0.         0.70781353 1.00049988 0.         0.         0.
 1.00049988 0.500999   0.         0.         0.         0.
 0.         0.         0.70781353 0.         0.70781353 1.00049988
 0.         0.70781353 1.00049988 0.         0.70781353 0.70781353
 1.00049988 0.         1.00049988 0.         0.         0.
 0.         0.         1.00049988 0.         1.00049988 0.
 0.         0.         0.         0.         0.         0.
 0.         0.70781353 0.         1.00049988 0.         0.
 0.         0.70781353 0.         0.500999   0.         0.70781353
 0.         0.         0.70781353 0.         0.         0.
 0.         0.70781353 0.         0.         0.         1.00049988
 0.         0.         0.500999   0.         1.00049988 0.
 0.         0.70781353 0.70781353 0.         0.         0.
 0.         0.         0.         0.         0.         0.70781353
 0.         0.         0.         0.         0.         1.00049988
 0.         0.         1.00049988 0.         0.         0.
 1.00049988 0.70781353 0.         0.         1.00049988 0.
 0.         0.         0.         0.         0.         0.
 0.500999   0.         0.500999   0.         0.500999   0.70781353
 0.         0.         0.         0.         0.         0.500999
 0.70781353 0.         0.         0.         0.         1.00049988
 0.         0.70781353 0.         1.00049988 0.         0.70781353
 0.         0.         0.         0.70781353 1.00049988 0.70781353
 0.70781353 0.         0.         0.         0.500999   0.
 0.         0.         0.         0.         0.70781353 1.00049988
 0.         0.         0.70781353 1.00049988 0.500999   0.500999
 0.70781353 0.70781353 0.         0.         0.         1.00049988
 0.         0.         0.70781353 0.         0.         0.
 0.70781353 0.500999   1.00049988 0.         0.         0.
 0.         0.         0.         0.         0.70781353 0.
 0.         0.         0.         0.         0.         0.500999
 0.         1.00049988 0.         0.         1.00049988 0.
 0.         0.         0.         0.         0.         1.00049988
 0.500999   0.         0.         0.70781353 0.         0.
 1.00049988 0.         1.00049988 0.70781353 0.         0.
 1.00049988 0.70781353 0.         0.         0.         1.00049988
 0.         0.70781353 0.         0.         0.         0.
 0.         0.         0.70781353 0.         0.         0.
 0.         0.         0.500999   0.         0.500999   0.
 0.         1.00049988 1.00049988 0.         0.         0.
 0.         0.         0.         0.         0.         0.
 0.         0.70781353 0.         0.         0.         0.
 0.70781353 0.         0.         0.500999  ]",[ 7  3 11  3 10  3 14  0  3 10  9  9  6  3  8 12],[ 7  3 11  3  9  3 14  1  3 10  9  9  6  3  8 12],False,False,0.453125,0.828125,"[np.int64(13), np.int64(4), np.int64(2), np.int64(1), np.int64(8), np.int64(10), np.int64(5), np.int64(7), np.int64(9), np.int64(3), np.int64(11), np.int64(0), np.int64(3), np.int64(15), np.int64(14), np.int64(9)]","[np.int64(7), np.int64(13), np.int64(3), np.int64(11), np.int64(8), np.int64(5), np.int64(5), np.int64(15), np.int64(13), np.int64(2), np.int64(0), np.int64(0), np.int64(5), np.int64(0), np.int64(7), np.int64(8)]",False,False,0.0,0.0,[ 1  3 11  3  9  3 14  8  3  8  8  9  6  3  8  7],[ 7  3 11  3  9  3  1  1  3 13  9  9  6  3  6 12],False,False,0.515625,0.53125,[ 7  3 11  3 10  3 14  0 14 10  8  9  6  3  8 12],[ 7  3 11  3  9  3 14  0 14 13  9  9  6  3  8 12],False,False,0.140625,0.203125,0.04,0.0,0.0,1,0,0,0.04,0.0,0.0,1,0,0,1.0,0.0,0.0,25,0,0,1.0,0.0,0.0,25,0,0,0.96,0.125,0.12,24,3,3,0.96,0.08333333333333333,0.08,24,2,2,0.76,0.0,0.0,19,0,0,0.68,0.0,0.0,17,0,0
"[1.00049988 0.         0.500999   1.00049988 0.         0.70781353
 0.         0.         0.70781353 0.         0.         1.00049988
 0.         0.         0.         0.         0.         1.00049988
 0.         0.         0.         0.         0.         0.
 0.         0.         0.70781353 0.         0.         0.
 0.         0.         0.500999   0.         0.500999   0.
 0.         0.500999   0.         0.         0.         0.
 0.         1.00049988 0.         0.         0.         0.
 1.00049988 0.         0.         1.00049988 0.         0.70781353
 0.         0.         0.         0.         0.500999   0.
 0.         0.         0.         1.00049988 0.         0.
 0.         0.         1.00049988 0.         0.         0.500999
 0.         0.         0.         0.         0.500999   0.
 0.         0.         0.70781353 0.         0.500999   0.70781353
 0.         1.00049988 0.         0.500999   0.         0.
 0.         0.500999   0.         0.         0.70781353 0.
 0.         0.         0.         0.         0.         0.
 0.500999   1.00049988 0.         0.         0.         0.70781353
 0.         0.         0.         0.         0.         0.
 0.         0.         0.500999   0.500999   1.00049988 0.
 0.         0.         0.         0.         0.         0.
 0.500999   0.         0.70781353 0.         0.         0.
 0.         0.         0.         0.         0.500999   0.70781353
 0.         0.70781353 0.         0.         0.         0.
 0.         0.         0.         0.         0.         0.
 0.         0.         0.70781353 0.500999   0.         0.
 0.         0.         1.00049988 0.         0.         0.70781353
 0.         0.500999   0.         0.         0.         0.
 0.         0.         0.         0.         0.         0.500999
 0.         0.         1.00049988 0.         1.00049988 0.
 0.         0.500999   0.70781353 0.         0.70781353 0.
 0.         0.         0.70781353 0.         0.70781353 0.70781353
 0.         0.         0.         0.         0.500999   0.
 0.         0.         0.         0.         0.         0.70781353
 0.         0.500999   0.         0.         0.         0.
 0.         0.         0.         0.         0.         0.
 0.         0.         0.500999   0.         0.500999   0.
 0.         0.         0.         0.         0.         0.
 0.         0.70781353 0.         0.500999   0.         1.00049988
 0.         0.70781353 0.         0.         1.00049988 0.
 0.         0.         0.         1.00049988 0.         0.
 0.         0.         0.         0.         0.         0.70781353
 0.         0.         0.         1.00049988]",[ 2 10  5 10  7  7 11  7 11  8 13  5  4 12  7 11],[ 2 10  5 10  7  7 11  7 11  8 13  5  4 12  7 11],True,True,0.453125,0.828125,"[np.int64(11), np.int64(9), np.int64(1), np.int64(15), np.int64(0), np.int64(13), np.int64(15), np.int64(1), np.int64(15), np.int64(5), np.int64(7), np.int64(7), np.int64(2), np.int64(0), np.int64(7), np.int64(14)]","[np.int64(6), np.int64(15), np.int64(0), np.int64(0), np.int64(10), np.int64(7), np.int64(8), np.int64(14), np.int64(3), np.int64(12), np.int64(8), np.int64(10), np.int64(7), np.int64(0), np.int64(0), np.int64(15)]",False,False,0.0,0.0,[ 2 10  5 10  7  7 11  7  0 14 13  5  4 12  7 11],[ 2 10  5 10  7  7 11  7 11  8 13  5  4 12  7 11],False,True,0.515625,0.53125,[ 2 10  5 10  7  7 11  7 11  8 13  5  4 12  7 11],[ 2 10  5 10  7  7 11  7  0  8 13  5  4 12  7 11],True,True,0.140625,0.203125,0.04,1.0,1.0,1,1,25,0.04,1.0,1.0,1,1,25,1.0,0.0,0.0,25,0,0,1.0,0.0,0.0,25,0,0,0.16,0.5,0.92,4,2,23,0.08,1.0,1.0,2,2,25,0.08,1.0,1.0,2,2,25,0.08,1.0,1.0,2,2,25
"[1.00049988 0.500999   0.         0.         0.         0.
 0.70781353 0.         0.         0.         0.         0.
 0.         0.         0.         0.500999   0.500999   0.500999
 0.         0.500999   0.         0.         0.         0.
 0.         0.         0.         0.         0.         1.00049988
 0.         1.00049988 0.         0.         1.00049988 0.70781353
 0.         0.70781353 0.         0.         0.70781353 0.
 0.         0.         0.         0.         0.70781353 0.
 0.         0.500999   0.70781353 0.500999   0.500999   0.
 0.         0.         1.00049988 0.         0.         0.
 0.         0.70781353 0.70781353 0.         0.         0.
 0.         0.500999   0.         0.500999   0.70781353 0.
 0.500999   0.         0.         0.500999   0.70781353 0.
 0.         0.70781353 0.         0.         0.70781353 0.
 0.500999   0.500999   0.         0.         0.70781353 0.
 0.70781353 0.         0.500999   0.         0.         0.
 0.70781353 0.         0.         0.         0.70781353 0.
 0.         0.70781353 0.         0.         0.         0.500999
 0.500999   0.         0.         0.70781353 0.         0.
 0.         0.         0.         0.         0.70781353 0.500999
 0.         0.70781353 0.70781353 0.         0.         0.
 0.         0.         0.         0.         0.70781353 1.00049988
 0.500999   0.70781353 0.         0.         1.00049988 0.
 1.00049988 0.         0.         0.         0.         0.
 0.         0.         0.         0.         0.         0.
 0.         0.70781353 0.         0.         0.         0.
 0.         0.         0.         0.         0.         0.
 0.         0.         0.         0.70781353 0.         0.70781353
 1.00049988 0.         0.         0.70781353 1.00049988 0.
 0.         0.         0.         0.         0.         0.
 0.500999   0.         0.500999   0.         0.         0.
 0.70781353 1.00049988 0.         0.         0.         0.
 0.         0.         0.         0.         0.70781353 0.500999
 0.500999   0.         0.         0.         1.00049988 0.
 1.00049988 0.         0.         0.         0.         1.00049988
 0.         0.70781353 0.         0.         0.         0.
 0.         0.         0.         0.         0.         1.00049988
 0.         0.         0.         0.         0.70781353 0.70781353
 0.         0.         0.         0.         0.         0.
 0.         0.         0.         0.         0.         0.500999
 0.500999   1.00049988 0.         0.         0.70781353 0.
 0.70781353 0.         0.         0.         0.         0.
 0.         0.         0.500999   0.        ]",[ 1  3  5  4 11 12  7  9  4  9  7  6  6  3 15  0],[ 1  3  5  4 11 12  7  9  4  9  7  6  6  3 15  0],True,True,0.453125,0.828125,"[np.int64(10), np.int64(14), np.int64(13), np.int64(9), np.int64(5), np.int64(14), np.int64(14), np.int64(12), np.int64(14), np.int64(7), np.int64(12), np.int64(13), np.int64(15), np.int64(9), np.int64(0), np.int64(14)]","[np.int64(8), np.int64(8), np.int64(3), np.int64(5), np.int64(2), np.int64(9), np.int64(14), np.int64(1), np.int64(15), np.int64(11), np.int64(4), np.int64(2), np.int64(5), np.int64(10), np.int64(15), np.int64(5)]",False,False,0.0,0.0,[ 6  0  5  4 11 10  7  9  4  9  7  6  5  3 15  6],[ 1  3  5  4 11 12  7  9  4  9  7  6  6  3 15  0],False,True,0.515625,0.53125,[ 1  3  5  4 11 12 11  9  4  9  7  6  6  3 15  0],[ 1  3  3  4 11  4  7  9  4  9  7  6  6  3 15  0],False,True,0.140625,0.203125,0.04,1.0,1.0,1,1,25,0.04,1.0,1.0,1,1,25,1.0,0.0,0.0,25,0,0,1.0,0.0,0.0,25,0,0,0.92,0.0,0.0,23,0,0,0.48,0.4166666666666667,0.64,12,5,16,0.88,0.045454545454545456,0.08,22,1,2,0.76,0.2631578947368421,0.24,19,5,6
"[0.         0.70781353 0.         0.         0.         0.
 0.         0.         0.         0.         0.         0.
 0.         0.         0.500999   0.         0.70781353 0.500999
 0.         0.         0.         0.70781353 0.         0.
 0.70781353 0.         0.500999   0.         0.         0.500999
 0.         0.         0.         0.         0.         0.70781353
 0.500999   0.         0.         0.         0.70781353 0.
 1.00049988 0.         0.70781353 0.         0.         0.
 0.         0.         0.70781353 0.         0.         0.500999
 0.         0.         0.         1.00049988 0.         1.00049988
 0.         0.70781353 1.00049988 0.         0.         0.
 0.500999   0.         0.         0.         0.         0.
 0.         0.         0.         0.         1.00049988 0.
 1.00049988 1.00049988 0.         0.70781353 0.         0.500999
 0.         1.00049988 0.500999   0.70781353 0.         0.70781353
 0.         0.         0.         0.         0.70781353 0.
 0.         0.         0.         0.         0.         0.500999
 0.500999   0.         1.00049988 0.         0.         0.
 0.         0.         0.         0.         0.         0.
 0.         0.         0.         0.70781353 0.         0.
 0.         0.         0.         0.500999   0.         1.00049988
 0.         0.         0.         0.70781353 0.70781353 0.
 0.         0.         1.00049988 0.         1.00049988 0.
 0.         0.         0.         0.         0.         0.
 0.         0.         0.         1.00049988 0.         0.70781353
 0.         0.         0.         0.         0.         0.
 0.         1.00049988 0.70781353 0.         0.         0.500999
 1.00049988 0.         0.         0.         0.         0.
 0.         0.         0.         0.         0.         0.
 0.         0.         0.         0.         0.         1.00049988
 0.         0.         0.         0.500999   0.         0.
 0.         0.         0.         0.         0.         0.
 0.         0.         0.70781353 0.         1.00049988 0.
 0.         0.         0.         0.         0.         0.
 0.         0.         1.00049988 0.         0.         0.500999
 0.         0.70781353 0.         0.         0.         1.00049988
 0.         1.00049988 0.         0.         0.         0.500999
 0.         1.00049988 0.500999   0.         0.         1.00049988
 1.00049988 0.70781353 0.         0.         0.         0.70781353
 0.         0.         1.00049988 0.         1.00049988 0.
 0.         0.         0.         0.         1.00049988 0.
 0.         0.         0.         0.         0.         0.
 0.         1.00049988 0.         0.        ]",[ 1 13  3  5  2  7  5  7  1  5  1  7  2  1  5 13],[14  5  3  5  2  7  5  7  1  5  1  7  2  1  5 13],False,True,0.453125,0.828125,"[np.int64(0), np.int64(12), np.int64(12), np.int64(2), np.int64(13), np.int64(13), np.int64(4), np.int64(14), np.int64(12), np.int64(3), np.int64(12), np.int64(0), np.int64(13), np.int64(2), np.int64(6), np.int64(9)]","[np.int64(3), np.int64(13), np.int64(14), np.int64(0), np.int64(6), np.int64(4), np.int64(6), np.int64(2), np.int64(6), np.int64(10), np.int64(11), np.int64(0), np.int64(7), np.int64(13), np.int64(1), np.int64(7)]",False,False,0.0,0.0,[ 1 13  3  5  2  7  5  7  2  5  1  7  2  3  5 13],[14 13  3  5  2  7  5  7  2  5  1  7  2  3  5  4],False,True,0.515625,0.53125,[14 13  3  5  2  3  5  7  2  5  1  7  2  1  0  4],[14 13  3  5  2  7  5  7  1  5  1  7  2  1  0 13],False,False,0.140625,0.203125,0.04,0.0,0.0,1,0,0,0.04,1.0,1.0,1,1,25,1.0,0.0,0.0,25,0,0,1.0,0.0,0.0,25,0,0,0.4,0.5,0.44,10,5,11,0.68,0.47058823529411764,0.48,17,8,12,0.6,0.0,0.0,15,0,0,0.48,0.0,0.0,12,0,0
"[0.         0.500999   0.         0.         0.70781353 0.500999
 0.         0.         0.         0.70781353 1.00049988 0.
 0.         0.         0.70781353 0.         0.500999   0.500999
 0.         0.         0.         0.         0.         0.500999
 0.         0.         0.         0.         0.70781353 0.
 0.         0.         0.         0.         0.500999   0.
 0.         0.70781353 0.         0.500999   0.         0.70781353
 0.         0.         0.         0.500999   0.         0.
 0.         0.         0.         0.500999   0.         0.
 0.70781353 0.         0.         0.         0.         0.
 0.         0.         0.         0.         0.70781353 0.
 0.         0.         0.         0.         0.         0.70781353
 0.         0.         0.         0.         0.         0.70781353
 0.         0.         0.500999   0.         0.70781353 0.
 0.         0.         0.         0.         1.00049988 0.
 0.500999   0.500999   0.         0.         0.         0.
 0.         0.         0.         0.70781353 0.         0.
 1.00049988 0.         0.         0.         0.         0.
 0.         1.00049988 0.         0.         0.         0.500999
 0.500999   0.         0.70781353 0.         0.         0.
 0.         0.         1.00049988 0.500999   0.         0.
 0.         0.         0.         0.         0.         0.
 0.         1.00049988 0.         0.         0.         0.
 0.         0.         0.         0.         0.         0.
 0.70781353 0.         0.70781353 0.         0.         0.
 0.         0.         0.         0.500999   0.         0.
 0.         0.         1.00049988 1.00049988 1.00049988 0.
 0.         0.         0.         0.500999   0.         1.00049988
 0.         0.         0.         0.         0.70781353 0.500999
 1.00049988 0.500999   0.         0.         0.         0.
 0.         0.500999   0.         0.500999   0.         0.
 0.         0.         0.         0.         0.70781353 0.
 0.         0.70781353 0.         0.         0.         0.
 0.         0.         0.         0.         0.70781353 0.
 0.         1.00049988 0.         1.00049988 0.         0.
 0.500999   0.         0.70781353 0.         1.00049988 0.
 0.         0.         0.500999   0.         1.00049988 0.
 0.         0.         0.70781353 0.         0.         0.
 0.         0.         0.         0.         0.         1.00049988
 1.00049988 0.70781353 0.         0.         0.500999   0.70781353
 0.         0.         0.         0.         0.         0.
 0.         0.         0.         1.00049988 0.500999   0.
 1.00049988 0.         0.70781353 1.00049988]",[ 0  0  7  6  0  0 13  1  5  0  5  5  1 10  0 10],[ 0  0  7  6  0  0 13  1  5  0  5  5  1 10  0 10],True,True,0.453125,0.828125,"[np.int64(10), np.int64(3), np.int64(13), np.int64(4), np.int64(11), np.int64(9), np.int64(13), np.int64(4), np.int64(2), np.int64(14), np.int64(4), np.int64(3), np.int64(11), np.int64(5), np.int64(2), np.int64(6)]","[np.int64(12), np.int64(10), np.int64(5), np.int64(2), np.int64(1), np.int64(3), np.int64(12), np.int64(5), np.int64(8), np.int64(10), np.int64(6), np.int64(13), np.int64(11), np.int64(9), np.int64(15), np.int64(7)]",False,False,0.0,0.0,[ 0  0 13  6  0  0 13  1  5  0  5  5 10 10  0 10],[ 0  0  7  6  0  0 13  1  5  0  5  7  1 10  0 10],True,True,0.515625,0.53125,[ 0  0  7  6  0  0 13  1  5  0  5  7  1 10  0 10],[ 0  0  7  6  0  0 13  1  5  0  5  5  1 10  0 10],True,True,0.140625,0.203125,0.04,1.0,1.0,1,1,25,0.04,1.0,1.0,1,1,25,1.0,0.0,0.0,25,0,0,1.0,0.0,0.0,25,0,0,0.4,1.0,1.0,10,10,25,0.4,1.0,1.0,10,10,25,0.52,0.7692307692307693,0.88,13,10,22,0.64,0.5625,0.72,16,9,18
"[1.00049988 0.         0.         0.         0.         0.70781353
 0.70781353 0.         0.         0.         1.00049988 0.
 1.00049988 0.         0.         0.500999   0.         0.500999
 0.         0.         0.         0.         0.70781353 0.
 0.500999   0.         0.500999   0.         0.         0.
 0.         0.         0.         0.         1.00049988 0.70781353
 0.         0.         0.         0.         0.         0.500999
 0.         0.500999   0.         0.70781353 0.         0.
 0.         0.         0.70781353 0.         0.         0.
 0.500999   0.500999   0.         0.         0.500999   0.70781353
 0.         0.         0.         0.         0.         0.
 0.         0.         0.         0.         0.         0.
 0.         0.         0.500999   0.         0.         0.
 0.         0.         0.70781353 0.         0.         0.
 0.         1.00049988 0.         0.         0.500999   0.
 0.         0.         0.         0.70781353 1.00049988 0.
 0.70781353 0.70781353 0.         0.500999   0.         0.
 1.00049988 0.         0.         1.00049988 0.         0.
 0.         0.         0.         0.         0.         0.
 0.         0.500999   0.         0.         0.         1.00049988
 0.         0.         0.         0.         0.         0.
 0.         0.         0.         0.500999   0.         0.
 0.         0.500999   0.         0.         1.00049988 0.
 0.         0.         0.         1.00049988 0.         0.
 0.         0.         0.500999   0.         0.         0.
 1.00049988 0.         0.         0.         0.         0.
 0.70781353 0.         0.         0.         1.00049988 0.500999
 0.         0.500999   0.500999   0.         0.         0.
 0.         0.         1.00049988 1.00049988 1.00049988 0.
 0.         0.70781353 0.         0.         0.500999   0.70781353
 0.         0.         0.         0.         0.         0.
 1.00049988 0.         0.500999   0.         0.         0.
 1.00049988 0.         0.         0.         0.         0.
 0.         0.         0.         0.70781353 1.00049988 0.500999
 0.         0.         0.         0.         0.         0.
 0.70781353 0.         0.         0.70781353 0.         0.
 1.00049988 0.         0.         0.         0.         0.500999
 0.500999   0.         0.         0.         0.         0.
 0.         1.00049988 0.         0.         0.         0.
 0.         0.         0.         0.500999   0.500999   0.
 0.500999   0.         0.         0.         0.         0.
 0.         0.         0.         0.         0.70781353 0.
 0.         0.         0.         0.        ]",[15 10  3 10 10  8  3  3  1  2  3  2 11  5 13 15],[15 10  3  6 10  8  0  3  1  2  3  2 11  5 13 15],False,True,0.453125,0.828125,"[np.int64(0), np.int64(3), np.int64(6), np.int64(13), np.int64(6), np.int64(1), np.int64(7), np.int64(0), np.int64(12), np.int64(9), np.int64(3), np.int64(12), np.int64(12), np.int64(13), np.int64(7), np.int64(13)]","[np.int64(2), np.int64(7), np.int64(1), np.int64(2), np.int64(11), np.int64(14), np.int64(0), np.int64(15), np.int64(6), np.int64(15), np.int64(2), np.int64(5), np.int64(12), np.int64(12), np.int64(8), np.int64(5)]",False,False,0.0,0.0,[15 10  3 10 10  8  3  3  1  2 15  2 11  5 13 15],[15 10 11 10 10  0  0  3  1  2 15  3 11  5 13 15],True,False,0.515625,0.53125,[15  8 11 10 10  8  3  3  5  2  3  2 11  2 13 15],[15 10 11 10 10  8  3  3  1  2  3  2 11  5 13 15],False,False,0.140625,0.203125,0.04,0.0,0.0,1,0,0,0.04,1.0,1.0,1,1,25,1.0,0.0,0.0,25,0,0,1.0,0.0,0.0,25,0,0,0.72,0.0,0.0,18,0,0,0.72,0.0,0.0,18,0,0,0.96,0.0,0.0,24,0,0,0.88,0.0,0.0,22,0,0
"[0.         0.         0.70781353 0.         0.         0.
 0.         0.70781353 0.         0.         0.         0.
 0.         0.         0.70781353 0.70781353 0.         1.00049988
 1.00049988 0.70781353 0.         0.         0.         0.
 0.70781353 0.         0.70781353 0.         0.         0.
 0.         0.500999   0.70781353 1.00049988 0.500999   0.
 0.70781353 0.         0.         0.         0.70781353 0.
 0.70781353 0.         0.         0.         0.         0.
 0.         0.70781353 0.         0.500999   0.         0.
 0.70781353 0.         0.         1.00049988 0.         0.
 0.         0.         0.         0.         0.         0.
 0.70781353 0.         0.         1.00049988 1.00049988 0.
 0.70781353 0.         0.         0.         0.         0.
 0.         0.         0.         0.         0.         0.
 1.00049988 0.         0.         0.70781353 0.         0.
 0.500999   0.         0.         0.70781353 0.         0.70781353
 0.         0.         0.         0.70781353 1.00049988 0.
 0.         0.70781353 0.         0.         0.70781353 0.
 0.         0.         0.         0.         0.70781353 0.
 0.         0.         0.         0.70781353 0.70781353 0.500999
 0.         0.         0.500999   0.70781353 0.         0.
 0.70781353 1.00049988 0.         0.70781353 0.70781353 0.
 0.70781353 0.         0.         0.         0.500999   0.
 0.500999   0.         0.         0.         0.         0.
 0.         0.         0.         1.00049988 0.         0.
 0.         0.         0.         0.         0.         0.
 0.         0.         0.         0.         0.         0.70781353
 0.70781353 0.         0.         0.500999   0.70781353 0.500999
 0.500999   0.         0.500999   0.         0.         0.
 0.         0.         0.         0.         0.         0.
 0.         0.         0.         0.70781353 0.         0.
 0.         0.         0.         0.70781353 0.70781353 0.
 0.         0.         0.         0.         0.         0.
 0.         0.         0.         0.         0.         0.
 0.         0.         0.         0.         0.         0.
 0.         0.         0.         0.70781353 0.         0.
 0.         0.         0.         0.70781353 0.         0.
 0.         0.         0.70781353 0.         0.         0.
 0.         0.         0.         0.70781353 0.         0.
 0.         0.70781353 0.         0.         0.         0.70781353
 0.70781353 0.500999   0.         0.         0.         0.70781353
 0.         1.00049988 0.         0.         0.         0.
 0.         0.         0.70781353 1.00049988]",[ 2 15  4  1  4 10 10 10  4  3  8  7 12  5  7  5],[ 7 15  4  1  4 10 10 10  4  3  8  7 12  5  7  5],True,True,0.453125,0.828125,"[np.int64(4), np.int64(3), np.int64(14), np.int64(9), np.int64(15), np.int64(10), np.int64(5), np.int64(6), np.int64(2), np.int64(12), np.int64(6), np.int64(4), np.int64(10), np.int64(9), np.int64(4), np.int64(9)]","[np.int64(12), np.int64(0), np.int64(15), np.int64(10), np.int64(13), np.int64(13), np.int64(6), np.int64(6), np.int64(2), np.int64(0), np.int64(0), np.int64(1), np.int64(14), np.int64(1), np.int64(14), np.int64(15)]",False,False,0.0,0.0,[ 2 15  4  1  4 10 10 10  4  3  8  7 12  5  7  5],[ 2 10  4  1  4 10 10 10  4  3  8  7 12  5  7  1],True,True,0.515625,0.53125,[ 7 15  4  6  4 10 10 10  4  3  8  7 12  5  7  1],[ 2 15  4  1  4 10 10 10  4  3  8  7 12  5  7  1],False,False,0.140625,0.203125,0.04,1.0,1.0,1,1,25,0.04,1.0,1.0,1,1,25,1.0,0.0,0.0,25,0,0,1.0,0.0,0.0,25,0,0,0.92,0.4782608695652174,0.48,23,11,12,0.76,0.2631578947368421,0.32,19,5,8,0.96,0.20833333333333334,0.2,24,5,5,0.68,0.058823529411764705,0.04,17,1,1
"[0.         0.         0.         0.         0.70781353 0.
 0.         0.         0.         0.         0.         0.
 0.         0.500999   0.70781353 0.         0.         0.
 0.         0.         0.         0.         0.         0.
 0.500999   0.         0.         0.         0.500999   0.
 1.00049988 0.         0.         0.         0.         0.70781353
 0.500999   0.         0.70781353 0.         0.         1.00049988
 0.70781353 0.500999   0.         0.         0.         0.
 0.         0.         0.70781353 0.         0.         0.
 0.         0.         0.         0.         0.         1.00049988
 1.00049988 0.         0.         0.70781353 0.70781353 0.
 0.500999   0.         0.         0.500999   0.         1.00049988
 0.         1.00049988 0.         0.         0.70781353 0.
 0.         0.70781353 0.         0.         0.         0.
 0.500999   0.         0.         0.         0.         0.
 0.         1.00049988 0.         0.70781353 0.70781353 0.
 0.         0.         0.70781353 0.         0.         0.
 1.00049988 0.         0.         0.500999   0.70781353 0.70781353
 0.         0.         0.         0.         0.         0.
 0.         0.         1.00049988 0.         0.         0.
 0.         0.         0.         0.         0.         1.00049988
 0.         0.         0.         0.500999   0.         0.
 0.         0.         0.         0.         0.         0.
 0.         0.         0.         0.         0.70781353 0.500999
 0.         0.         1.00049988 0.         1.00049988 0.
 0.500999   0.         0.         1.00049988 0.         0.500999
 0.         0.         0.         0.         0.         0.
 0.70781353 0.         0.         0.         0.70781353 0.
 0.         0.         0.         0.         0.         0.
 0.         0.         0.         0.         0.500999   1.00049988
 0.         1.00049988 0.70781353 0.         0.         0.500999
 0.         0.         0.500999   0.         0.500999   0.
 0.         0.500999   0.         1.00049988 0.70781353 0.
 0.         0.         0.         0.         0.         0.500999
 0.         0.70781353 0.         0.         0.500999   0.
 0.         0.         0.         0.70781353 0.         1.00049988
 0.         0.         0.         0.         0.70781353 0.
 0.         0.         0.70781353 1.00049988 0.         0.
 0.         0.70781353 0.         0.         0.70781353 0.
 0.         0.500999   0.         0.         0.         0.
 0.         0.         0.         0.70781353 0.70781353 0.
 0.         0.         0.500999   0.         0.         0.
 0.         0.         0.         1.00049988]",[14  1 11 15  2  4  9  4  1 11  2 12  1  0 11  8],[13  1 11 15  2  4  9  4  1 11  2 12  1  0 11  8],True,False,0.453125,0.828125,"[np.int64(3), np.int64(0), np.int64(2), np.int64(10), np.int64(7), np.int64(15), np.int64(2), np.int64(14), np.int64(11), np.int64(15), np.int64(4), np.int64(3), np.int64(3), np.int64(3), np.int64(4), np.int64(2)]","[np.int64(6), np.int64(5), np.int64(12), np.int64(5), np.int64(11), np.int64(7), np.int64(13), np.int64(4), np.int64(12), np.int64(11), np.int64(7), np.int64(15), np.int64(7), np.int64(1), np.int64(12), np.int64(1)]",False,False,0.0,0.0,[14  1 11  2  2  4  9  4  1 11  2 12  1 12 11  8],[14  1 11  2  2  4  9  4  1 11  2 12  1 12 11  8],False,False,0.515625,0.53125,[13  1 11 15  2  4  9  4  1 11  6 12  1  0 11  8],[13  1 11 15  2  4  9  4  1 11  2 12  1  0 11  8],False,False,0.140625,0.203125,0.04,1.0,1.0,1,1,25,0.04,0.0,0.0,1,0,0,1.0,0.0,0.0,25,0,0,1.0,0.0,0.0,25,0,0,0.6,0.6,0.52,15,9,13,0.44,0.6363636363636364,0.64,11,7,16,0.4,0.6,0.36,10,6,9,0.4,0.5,0.28,10,5,7
"[0.500999   0.         0.         0.         0.         0.
 0.         0.70781353 1.00049988 0.         0.         0.
 0.         0.70781353 0.70781353 0.         0.         0.
 0.70781353 0.         0.         0.         0.500999   0.70781353
 0.         0.         0.         0.         0.         0.
 0.         0.         0.         0.70781353 0.         0.
 0.70781353 0.         0.         1.00049988 0.         0.
 0.         0.         0.         0.         0.         0.500999
 0.         0.         0.         0.         1.00049988 0.
 0.         0.         0.         0.         0.         0.
 0.70781353 0.         0.70781353 0.         0.         0.
 0.70781353 1.00049988 0.500999   0.70781353 0.         0.70781353
 0.         0.         0.         0.         0.         0.
 0.         0.70781353 0.         0.         0.         0.
 0.70781353 0.         0.         0.         0.         0.500999
 0.70781353 0.         0.         0.         0.70781353 0.
 0.         0.500999   0.         0.         0.         0.
 1.00049988 0.         0.         0.500999   0.         0.
 0.500999   0.         0.         0.         0.70781353 0.70781353
 1.00049988 0.         0.70781353 0.         0.         0.500999
 0.         0.         0.         0.         0.         0.
 0.         0.         1.00049988 0.         0.         0.
 0.         0.         0.         0.         0.         0.
 0.70781353 0.         0.70781353 1.00049988 1.00049988 0.70781353
 0.         0.         0.         0.         0.         0.500999
 0.500999   0.         0.         0.         0.         0.
 0.         0.         0.         0.         0.         0.
 0.         0.         0.         0.70781353 0.         0.
 0.70781353 0.         0.500999   0.70781353 0.         0.
 0.         0.         0.         0.         0.         0.
 0.         0.         0.         0.         0.         0.
 0.70781353 1.00049988 1.00049988 0.         0.         0.
 0.         0.         0.         0.70781353 0.         0.
 0.500999   0.         0.70781353 0.         0.         1.00049988
 0.         0.         0.500999   0.70781353 0.70781353 0.
 0.         0.         0.         0.         0.         0.
 1.00049988 0.         0.         0.         0.         0.500999
 0.70781353 0.         0.70781353 0.         0.         0.70781353
 0.         0.70781353 0.         0.         1.00049988 0.
 0.         0.         0.500999   0.70781353 0.500999   0.
 0.         0.         0.500999   0.         0.70781353 0.
 0.         0.         0.70781353 0.         0.         0.
 0.70781353 0.         0.         0.        ]",[14  6  1 14  5  9 12  1 12  6  5 10 14 14 14  2],[14  6  1 14  5  9 12  1 12  6  5 10 14 14 14  2],True,True,0.453125,0.828125,"[np.int64(13), np.int64(9), np.int64(12), np.int64(3), np.int64(4), np.int64(7), np.int64(3), np.int64(10), np.int64(0), np.int64(12), np.int64(9), np.int64(1), np.int64(7), np.int64(3), np.int64(4), np.int64(8)]","[np.int64(6), np.int64(2), np.int64(8), np.int64(5), np.int64(11), np.int64(15), np.int64(7), np.int64(10), np.int64(12), np.int64(11), np.int64(2), np.int64(1), np.int64(8), np.int64(15), np.int64(11), np.int64(2)]",False,False,0.0,0.0,[14  6 15 14  5  9 12  1 12  6  5 10 14 14 14 12],[14  6  1 14  5  9 12  1 12  6  5 10 14 14 14 12],True,False,0.515625,0.53125,[14  6 15 14  5  9 12  1 12  6  5 10 14 14 14  2],[14  6 15 14  5  9 12  1 12  6  5 10 14 14 14  2],False,False,0.140625,0.203125,0.04,1.0,1.0,1,1,25,0.04,1.0,1.0,1,1,25,1.0,0.0,0.0,25,0,0,1.0,0.0,0.0,25,0,0,0.28,0.5714285714285714,0.64,7,4,16,0.12,0.6666666666666666,0.48,3,2,12,0.28,0.42857142857142855,0.32,7,3,8,0.12,0.3333333333333333,0.28,3,1,7
"[0.         1.00049988 0.         0.         0.         0.500999
 0.         0.         0.         0.         0.500999   0.
 0.         0.70781353 0.500999   0.         1.00049988 0.
 1.00049988 0.         0.500999   0.         0.500999   0.
 0.         0.         0.         1.00049988 0.         0.
 0.         1.00049988 0.         1.00049988 0.500999   0.
 0.         0.         0.         0.         0.         0.
 0.         0.         0.         0.         0.         0.
 0.         0.         0.         0.         0.         0.
 0.         0.         0.         0.         0.         0.
 0.         0.         0.70781353 0.         0.         0.500999
 0.         0.         0.         0.         0.         0.
 0.500999   0.         0.70781353 0.70781353 0.         0.
 0.         0.         0.500999   0.         0.         0.
 0.         0.500999   0.         0.         0.         0.
 0.         0.         0.         0.         0.         0.
 0.         0.500999   0.         0.         0.         0.
 1.00049988 0.         0.         0.         0.         0.
 0.         0.         0.         0.70781353 0.         0.
 0.         0.         0.         0.         0.         1.00049988
 0.         0.         1.00049988 0.500999   0.         0.
 1.00049988 0.70781353 0.         0.         0.         0.
 0.500999   0.         0.         0.         0.         1.00049988
 0.         0.         0.         0.         0.         0.
 0.         0.         0.         0.         0.         0.
 0.         0.         1.00049988 0.         0.70781353 0.
 0.         0.         0.         0.         0.500999   0.
 0.         0.         0.70781353 0.         0.         1.00049988
 0.         0.70781353 0.         0.         0.         0.
 0.         0.         0.         1.00049988 0.         0.
 0.70781353 0.         0.         0.500999   0.         0.
 0.         0.500999   0.         0.         0.         0.
 0.         0.         0.         0.         0.         0.
 0.         0.         0.         0.         0.         0.
 1.00049988 0.         0.500999   0.         0.70781353 0.
 0.         0.         0.         0.         0.         0.
 0.         0.         0.         0.         0.         0.500999
 0.500999   0.70781353 0.500999   0.         0.         0.70781353
 0.         0.         0.         1.00049988 0.         0.
 0.         0.         0.500999   0.500999   1.00049988 0.
 0.         1.00049988 0.         0.         0.         0.
 0.70781353 0.70781353 0.         0.         0.         0.
 0.         0.70781353 0.         0.        ]",[10  4  1 14  4  0  1 11  4 10  4  4 14 14  0  6],[10  4  1 14  4  0  1 11  4 10  4  4 14 14  0  6],True,True,0.453125,0.828125,"[np.int64(2), np.int64(8), np.int64(14), np.int64(3), np.int64(11), np.int64(4), np.int64(5), np.int64(5), np.int64(14), np.int64(4), np.int64(0), np.int64(3), np.int64(5), np.int64(0), np.int64(0), np.int64(6)]","[np.int64(4), np.int64(14), np.int64(5), np.int64(12), np.int64(1), np.int64(8), np.int64(4), np.int64(7), np.int64(3), np.int64(8), np.int64(6), np.int64(5), np.int64(6), np.int64(11), np.int64(12), np.int64(9)]",False,False,0.0,0.0,[10  4  1 14  4  0  1 11  4 10  4  4 14 14  0  6],[10  4  1 14  4  0  1 11  4 10  4  4 14 14  0  6],True,True,0.515625,0.53125,[10  4  1 14  4  0  1 11  4 10  0  7 14 14  0  6],[14  4  1 14  4  0  1 11  4 10  0  7 14 14  0  6],False,False,0.140625,0.203125,0.04,1.0,1.0,1,1,25,0.04,1.0,1.0,1,1,25,1.0,0.0,0.0,25,0,0,1.0,0.0,0.0,25,0,0,0.2,0.2,0.52,5,1,13,0.2,0.2,0.36,5,1,9,0.44,0.09090909090909091,0.04,11,1,1,0.48,0.08333333333333333,0.12,12,1,3
"[1.00049988 0.         0.         0.         0.         0.70781353
 0.         0.         0.         0.         0.70781353 0.
 0.         0.         0.         0.500999   0.         0.
 0.         0.70781353 0.         0.70781353 0.         0.
 1.00049988 0.70781353 0.         0.         0.70781353 0.
 0.         0.         0.         0.         0.500999   0.
 0.         0.         0.         0.         0.70781353 0.
 1.00049988 0.         0.         0.         0.         0.70781353
 0.         0.70781353 0.         0.500999   0.70781353 0.
 0.500999   0.         0.         0.         0.         0.
 0.         0.70781353 0.         0.         0.         0.
 0.         0.70781353 0.500999   0.70781353 0.         0.
 0.         0.         0.         0.         0.         0.
 0.         0.         0.70781353 0.70781353 0.         0.
 0.70781353 0.500999   0.70781353 0.         0.         0.
 0.500999   1.00049988 0.         0.         0.         0.
 0.         0.         0.         0.500999   0.         0.70781353
 0.         0.         0.         0.         0.         0.70781353
 0.         0.70781353 0.         0.         0.         0.
 0.         0.         0.         0.         0.         1.00049988
 0.         0.500999   0.         0.         0.500999   1.00049988
 0.         0.70781353 0.         1.00049988 0.70781353 0.
 0.         0.         0.         0.         0.         0.
 0.         0.70781353 0.         0.         0.         1.00049988
 0.         0.70781353 0.         0.         0.         0.
 0.         0.500999   0.         0.         0.         0.
 0.         0.         0.         0.         0.70781353 0.
 1.00049988 0.         0.         0.500999   0.         0.
 0.         0.         0.         0.         0.         0.
 0.         0.         0.         0.         0.         0.
 0.         1.00049988 0.70781353 0.         0.70781353 0.
 0.         1.00049988 0.         0.70781353 0.         1.00049988
 0.         0.70781353 0.         0.         0.         0.
 0.         0.500999   0.         0.         0.         0.
 0.         0.         0.         0.         0.         0.
 0.         0.70781353 0.         0.         0.70781353 1.00049988
 0.         0.         0.         0.70781353 0.         0.500999
 0.70781353 0.         0.         0.         0.         0.
 0.         0.         0.         0.         0.         0.
 0.         0.         0.         0.70781353 0.500999   0.
 0.500999   0.         0.70781353 0.         0.         0.
 0.         0.70781353 1.00049988 0.         0.         1.00049988
 0.         0.         0.         0.        ]",[15  5 15  6  5 10  5 15  2  7  5  6  7  6 13 15],[15  5 15  6  5 10  3 15  2  7  0  6  7  3 13 15],False,False,0.453125,0.828125,"[np.int64(12), np.int64(11), np.int64(6), np.int64(12), np.int64(11), np.int64(12), np.int64(0), np.int64(3), np.int64(3), np.int64(12), np.int64(3), np.int64(14), np.int64(7), np.int64(13), np.int64(13), np.int64(7)]","[np.int64(14), np.int64(7), np.int64(10), np.int64(11), np.int64(9), np.int64(12), np.int64(12), np.int64(4), np.int64(9), np.int64(13), np.int64(4), np.int64(13), np.int64(4), np.int64(4), np.int64(10), np.int64(1)]",False,False,0.0,0.0,[15  9 15  1  5  0  3 15  2  7  5  6  7  6 13 15],[15 12 15  6  5 10  5 15  2  7  0  6  7  3 13 15],True,True,0.515625,0.53125,[15  5 15  6  5  0  3  9  2  7  5  6  7  3 13 15],[15  5 15  6  5 10  3 12  2  7  5  6  7  3 13 15],False,False,0.140625,0.203125,0.04,0.0,0.0,1,0,0,0.04,0.0,0.0,1,0,0,1.0,0.0,0.0,25,0,0,1.0,0.0,0.0,25,0,0,0.96,0.20833333333333334,0.2,24,5,5,1.0,0.36,0.36,25,9,9,0.92,0.0,0.0,23,0,0,0.96,0.041666666666666664,0.04,24,1,1
"[0.         0.         0.500999   0.70781353 0.500999   0.
 0.         0.         1.00049988 0.500999   0.500999   0.
 0.         0.         0.500999   0.500999   0.         0.
 0.         0.         0.         0.70781353 0.         0.
 0.         0.70781353 0.         0.70781353 0.         0.
 0.70781353 0.         0.500999   0.         1.00049988 0.
 1.00049988 0.         0.         0.70781353 0.         0.500999
 0.500999   0.         0.         0.500999   0.         0.
 0.70781353 0.         0.         0.500999   0.         0.
 0.         0.         0.         0.         0.70781353 0.
 0.70781353 0.         0.         0.         0.500999   0.
 1.00049988 0.         0.500999   1.00049988 0.         0.
 0.         0.70781353 0.         0.         0.         0.
 0.         0.         0.         0.70781353 0.         0.
 1.00049988 0.         0.         0.         0.         0.
 0.         0.         0.         0.         0.         0.
 0.         0.         0.         0.         0.         0.
 0.         0.         0.500999   0.70781353 0.         0.
 0.         0.         0.         0.70781353 0.         0.
 0.70781353 0.         0.         0.         0.         0.500999
 0.         0.         0.         0.         0.         0.
 0.         0.70781353 1.00049988 0.         0.         0.
 0.         0.         0.500999   0.         0.         0.
 0.         0.         1.00049988 0.70781353 0.         0.70781353
 0.500999   0.70781353 0.500999   0.         0.70781353 0.
 0.70781353 0.         0.         0.         0.         0.
 0.         0.         0.500999   0.         0.500999   0.
 0.500999   0.70781353 0.         0.         0.         0.
 0.         0.         0.500999   0.         0.         0.
 0.500999   0.         0.         0.70781353 0.         0.
 0.         0.         0.         0.         0.         0.
 0.         1.00049988 0.500999   0.         0.         0.
 0.         0.         0.         0.70781353 0.         0.
 0.         0.         1.00049988 0.         0.         0.500999
 0.         0.         0.         0.         0.         0.
 0.500999   0.         0.         0.         0.         0.
 0.70781353 0.         0.         0.         0.         0.
 1.00049988 0.         0.500999   0.70781353 0.         0.
 0.         0.         0.         0.         0.         0.500999
 0.500999   0.         0.         1.00049988 0.         0.
 0.500999   0.         0.         0.         0.         0.
 0.70781353 0.70781353 0.70781353 0.         0.         0.
 0.         0.         0.         0.        ]",[ 2  9 13  0  0  1  8  2  6  2  2  1 11 13  0  0],[ 2  9 13  0  0  1  9  2  6  2  2  1 11 13  0  0],False,True,0.453125,0.828125,"[np.int64(3), np.int64(9), np.int64(10), np.int64(13), np.int64(2), np.int64(2), np.int64(0), np.int64(6), np.int64(15), np.int64(2), np.int64(8), np.int64(0), np.int64(10), np.int64(11), np.int64(1), np.int64(3)]","[np.int64(5), np.int64(10), np.int64(13), np.int64(14), np.int64(13), np.int64(4), np.int64(9), np.int64(4), np.int64(0), np.int64(13), np.int64(0), np.int64(14), np.int64(4), np.int64(9), np.int64(7), np.int64(6)]",False,False,0.0,0.0,[ 2 14 13  0  0  1  8  2 13  2  2  1 11 13  9  0],[ 2  9 13 10  0  1  8  2 13  2  2  1 11 13 10  0],True,True,0.515625,0.53125,[ 2  9 13  0  0  1  8  2  6  2  2 12 11 13  9  0],[ 2 14 13  0  0  1  8  2 13  2  2 12 11 13  9  0],False,False,0.140625,0.203125,0.04,0.0,0.0,1,0,0,0.04,1.0,1.0,1,1,25,1.0,0.0,0.0,25,0,0,1.0,0.0,0.0,25,0,0,0.88,0.45454545454545453,0.44,22,10,11,0.8,0.35,0.4,20,7,10,0.52,0.0,0.0,13,0,0,0.84,0.047619047619047616,0.04,21,1,1
"[1.00049988 1.00049988 0.         0.         1.00049988 0.70781353
 0.70781353 0.         0.70781353 0.500999   0.         0.
 0.500999   0.         0.         0.         1.00049988 1.00049988
 0.         0.         1.00049988 0.70781353 1.00049988 0.
 0.         0.         1.00049988 0.         0.         0.500999
 0.500999   0.70781353 0.         0.         0.500999   0.
 0.70781353 0.70781353 0.         0.         0.         1.00049988
 0.         0.70781353 0.         0.         0.70781353 0.
 0.         0.         0.         0.         0.         0.
 0.         0.         0.500999   0.         0.70781353 0.500999
 0.70781353 0.         0.         0.         1.00049988 1.00049988
 0.70781353 0.         1.00049988 0.         0.         1.00049988
 1.00049988 0.         0.         0.         0.         0.
 0.70781353 0.         0.70781353 0.70781353 0.70781353 0.
 0.         0.500999   0.         0.         0.70781353 0.
 0.         0.         0.         0.         0.         0.500999
 0.70781353 1.00049988 0.         0.         0.         0.
 1.00049988 0.         0.         1.00049988 0.         0.
 1.00049988 0.         0.         0.70781353 0.         0.
 0.         0.         1.00049988 0.         0.         0.500999
 0.         0.         0.         0.         0.         0.
 0.         0.         0.70781353 0.         0.         0.500999
 1.00049988 0.70781353 0.         0.         1.00049988 0.
 0.         0.70781353 0.         0.         0.         0.
 0.500999   0.         1.00049988 0.         0.         0.
 1.00049988 0.         0.         0.         0.         1.00049988
 0.         0.         0.500999   0.         0.         1.00049988
 0.         0.70781353 0.         0.         0.         0.
 0.         0.         0.500999   0.         0.500999   0.
 0.70781353 0.         0.         0.         0.70781353 0.500999
 0.         0.         0.         0.         0.70781353 1.00049988
 0.         0.         0.         0.         0.         0.
 0.500999   0.         0.         0.70781353 0.         0.
 1.00049988 0.         0.         0.         0.500999   0.
 0.         0.500999   0.         1.00049988 0.         0.500999
 0.         0.         0.         0.         0.         0.
 0.         0.         0.         0.         0.500999   0.
 0.         0.         0.         0.500999   0.70781353 0.
 0.70781353 0.         0.         0.         0.         0.500999
 0.70781353 0.         0.         0.         0.         0.
 0.         0.70781353 0.         0.         0.         0.500999
 0.70781353 0.         0.         0.         0.         0.
 1.00049988 0.         0.         0.        ]",[12 13 11  8 14  8  0  4  8  0 12  3  0 12  9  5],[12 13 11  8 14  8  0  4  8  0 12  3  3 12  9  5],False,True,0.453125,0.828125,"[np.int64(10), np.int64(8), np.int64(3), np.int64(15), np.int64(13), np.int64(5), np.int64(13), np.int64(13), np.int64(1), np.int64(9), np.int64(8), np.int64(7), np.int64(12), np.int64(5), np.int64(6), np.int64(14)]","[np.int64(11), np.int64(11), np.int64(0), np.int64(12), np.int64(2), np.int64(12), np.int64(14), np.int64(15), np.int64(15), np.int64(2), np.int64(1), np.int64(10), np.int64(10), np.int64(9), np.int64(5), np.int64(4)]",False,False,0.0,0.0,[ 8 13 11  8  2  8  0  4  8  0 12  3  0 12  9  5],[ 8  5 11  8 14  8 15  4  8 14 12  3  3  1  1  5],True,False,0.515625,0.53125,[12 13 11  8 14 15  0  4  8  0 12  3 10  1  9  5],[12 14 11  8  2  8  0  4  8  0 12  3  0 12  9  5],False,False,0.140625,0.203125,0.04,0.0,0.0,1,0,0,0.04,1.0,1.0,1,1,25,1.0,0.0,0.0,25,0,0,1.0,0.0,0.0,25,0,0,0.84,0.3333333333333333,0.4,21,7,10,0.84,0.38095238095238093,0.36,21,8,9,0.84,0.0,0.0,21,0,0,0.92,0.0,0.0,23,0,0
"[0.         0.         0.500999   0.         1.00049988 0.
 1.00049988 0.         0.         0.         0.         0.
 0.         0.         0.         0.         0.         0.
 0.         0.         0.         0.         0.         0.500999
 0.70781353 0.         0.         0.         0.         0.
 0.         0.         0.500999   0.         0.         0.
 0.         0.         0.70781353 0.         0.         0.
 0.         0.70781353 0.         0.         0.         0.
 0.         0.         0.         1.00049988 0.         0.
 0.70781353 0.         0.         0.70781353 0.         0.
 0.70781353 1.00049988 0.         0.         1.00049988 0.
 0.         0.         0.         0.         0.         0.
 0.         0.         0.         0.         0.         0.
 0.500999   0.         0.         0.         0.         0.
 0.         0.         0.70781353 0.         0.         0.
 1.00049988 0.         0.         0.70781353 0.         0.
 1.00049988 0.         0.70781353 0.70781353 0.         0.70781353
 0.         0.         1.00049988 0.         0.         0.
 0.         0.         0.         0.         0.         0.500999
 0.         0.         0.         0.         0.         0.500999
 0.         1.00049988 0.         0.         0.         0.
 0.         0.         0.         0.70781353 0.         0.
 0.         0.         1.00049988 0.         0.500999   0.
 0.70781353 1.00049988 0.         0.         0.500999   0.
 0.         0.         0.         0.70781353 0.         0.
 0.         1.00049988 0.         0.         0.         0.
 0.500999   0.         0.         0.         0.         0.
 0.         0.         0.         1.00049988 0.         0.
 0.70781353 0.         0.         0.70781353 0.         0.500999
 0.         0.         0.         0.         0.70781353 0.
 0.         0.         0.         0.         1.00049988 0.
 0.70781353 1.00049988 0.         0.         0.         0.70781353
 0.         0.         0.         0.70781353 0.         0.
 0.         0.         0.         0.500999   0.         0.
 0.500999   0.         0.         0.500999   0.         0.
 0.         1.00049988 0.         0.70781353 0.         0.
 0.         0.         0.500999   0.         0.         0.500999
 0.         0.70781353 0.         0.         0.         0.
 0.500999   0.         0.         0.         0.500999   0.
 0.         0.         0.         0.         0.         1.00049988
 0.         0.         0.         0.         0.         0.
 0.         0.         0.         0.         0.         0.70781353
 0.500999   0.70781353 1.00049988 0.        ]",[ 2  8 11 12  4 13  5  1 14 12  8 10 15 10  4 13],[ 2  8 11 12  4 13  3  1 14 12  8 10 15 10  4 13],True,True,0.453125,0.828125,"[np.int64(11), np.int64(0), np.int64(9), np.int64(7), np.int64(11), np.int64(14), np.int64(1), np.int64(1), np.int64(5), np.int64(10), np.int64(6), np.int64(0), np.int64(3), np.int64(14), np.int64(1), np.int64(9)]","[np.int64(4), np.int64(10), np.int64(6), np.int64(3), np.int64(0), np.int64(14), np.int64(2), np.int64(1), np.int64(2), np.int64(1), np.int64(6), np.int64(12), np.int64(14), np.int64(14), np.int64(5), np.int64(11)]",False,False,0.0,0.0,[ 2  8 11 12  4  6  2  1 14 12  8 10 15 10  4 14],[ 2  8 11  6  4 13  2  1 14  3  8 10 15 10  4 13],False,False,0.515625,0.53125,[ 2  8 11 12  4 13  2  1 14 12 13 10 15 10  4 13],[ 2  8 11 12  4 13  2  1 14 12  8 10 15 10  4 13],False,True,0.140625,0.203125,0.04,1.0,1.0,1,1,25,0.04,1.0,1.0,1,1,25,1.0,0.0,0.0,25,0,0,1.0,0.0,0.0,25,0,0,0.84,0.19047619047619047,0.28,21,4,7,0.32,0.625,0.8,8,5,20,0.84,0.0,0.0,21,0,0,0.68,0.35294117647058826,0.44,17,6,11
"[0.         0.500999   0.         0.         0.70781353 0.500999
 0.         0.         0.         0.70781353 1.00049988 0.
 0.         0.         0.70781353 0.         0.500999   0.500999
 0.         0.         0.         0.         0.         0.500999
 0.         0.         0.         0.         0.70781353 0.
 0.         0.         0.         0.         0.500999   0.
 0.         0.70781353 0.         0.500999   0.         0.70781353
 0.         0.         0.         0.500999   0.         0.
 0.         0.         0.         0.500999   0.         0.
 0.70781353 0.         0.         0.         0.         0.
 0.         0.         0.         0.         0.70781353 0.
 0.         0.         0.         0.         0.         0.70781353
 0.         0.         0.         0.         0.         0.70781353
 0.         0.         0.500999   0.         0.70781353 0.
 0.         0.         0.         0.         1.00049988 0.
 0.500999   0.500999   0.         0.         0.         0.
 0.         0.         0.         0.70781353 0.         0.
 1.00049988 0.         0.         0.         0.         0.
 0.         1.00049988 0.         0.         0.         0.500999
 0.500999   0.         0.70781353 0.         0.         0.
 0.         0.         1.00049988 0.500999   0.         0.
 0.         0.         0.         0.         0.         0.
 0.         1.00049988 0.         0.         0.         0.
 0.         0.         0.         0.         0.         0.
 0.70781353 0.         0.70781353 0.         0.         0.
 0.         0.         0.         0.500999   0.         0.
 0.         0.         1.00049988 1.00049988 1.00049988 0.
 0.         0.         0.         0.500999   0.         1.00049988
 0.         0.         0.         0.         0.70781353 0.500999
 1.00049988 0.500999   0.         0.         0.         0.
 0.         0.500999   0.         0.500999   0.         0.
 0.         0.         0.         0.         0.70781353 0.
 0.         0.70781353 0.         0.         0.         0.
 0.         0.         0.         0.         0.70781353 0.
 0.         1.00049988 0.         1.00049988 0.         0.
 0.500999   0.         0.70781353 0.         1.00049988 0.
 0.         0.         0.500999   0.         1.00049988 0.
 0.         0.         0.70781353 0.         0.         0.
 0.         0.         0.         0.         0.         1.00049988
 1.00049988 0.70781353 0.         0.         0.500999   0.70781353
 0.         0.         0.         0.         0.         0.
 0.         0.         0.         1.00049988 0.500999   0.
 1.00049988 0.         0.70781353 1.00049988]",[ 0  0  7  6  0  0 13  1  5  0  5  5  1 10  0 10],[ 0  0  7  6  0  0 13  1  5  0  5  5  1 10  0 10],True,True,0.453125,0.828125,"[np.int64(5), np.int64(0), np.int64(0), np.int64(7), np.int64(15), np.int64(3), np.int64(9), np.int64(7), np.int64(0), np.int64(5), np.int64(9), np.int64(13), np.int64(3), np.int64(11), np.int64(6), np.int64(12)]","[np.int64(2), np.int64(10), np.int64(9), np.int64(3), np.int64(10), np.int64(2), np.int64(5), np.int64(10), np.int64(12), np.int64(4), np.int64(2), np.int64(10), np.int64(15), np.int64(3), np.int64(3), np.int64(4)]",False,False,0.0,0.0,[ 0  0  7  6  0  0 13  1  5  0  5  5  1 10  0 10],[ 0  0  7  6  0  0 13  1  5  0  5  5  1 10  0 10],True,True,0.515625,0.53125,[ 0  0  7  6  0  0 13  1  5  0  5  5  1  2  0 10],[ 0  0  7  6  0  0 13  1  5  0  5  7 10 10  0 10],True,True,0.140625,0.203125,0.04,1.0,1.0,1,1,25,0.04,1.0,1.0,1,1,25,1.0,0.0,0.0,25,0,0,1.0,0.0,0.0,25,0,0,0.36,1.0,1.0,9,9,25,0.32,1.0,1.0,8,8,25,0.52,0.7692307692307693,0.88,13,10,22,0.64,0.5625,0.68,16,9,17
"[0.500999   0.         0.         0.70781353 0.         0.70781353
 0.         0.         1.00049988 0.         0.70781353 0.500999
 0.         0.         0.         0.         0.         1.00049988
 0.         0.         0.         0.         0.70781353 0.
 0.         0.         0.         0.500999   0.         0.70781353
 0.         0.         0.         0.         0.         0.500999
 0.         0.         0.         0.70781353 0.         0.
 0.         0.         1.00049988 0.         0.70781353 0.
 0.70781353 0.         0.500999   0.         0.         0.70781353
 0.         0.         0.70781353 0.         0.         0.70781353
 1.00049988 0.         0.70781353 0.         0.         0.
 0.         0.         0.         0.         0.         0.
 0.70781353 0.         0.         0.         0.         0.
 0.500999   0.         0.70781353 0.         0.         0.70781353
 0.         0.         0.         1.00049988 0.         0.70781353
 0.         0.         0.         0.         0.         0.70781353
 0.         0.70781353 0.         0.         0.         0.
 0.500999   0.70781353 0.70781353 0.         0.         0.
 0.         0.         0.         0.         0.         0.
 0.70781353 0.         0.         1.00049988 0.70781353 0.
 0.         0.         0.         0.         0.         1.00049988
 0.         0.500999   1.00049988 0.         0.         0.70781353
 0.70781353 0.         0.70781353 0.         1.00049988 0.
 0.         0.500999   0.70781353 0.70781353 0.         0.
 0.         0.         0.         0.         0.         0.70781353
 0.         0.         0.         1.00049988 0.         0.
 0.         0.         0.         0.         0.70781353 0.
 0.         0.         0.         0.         0.         0.
 0.         0.         0.         0.         0.         0.70781353
 0.         0.70781353 0.500999   0.500999   0.         0.70781353
 0.         0.         0.         0.         0.500999   0.
 0.         0.500999   0.         0.         0.         1.00049988
 0.         0.         1.00049988 1.00049988 0.         0.
 0.         0.         0.70781353 0.         0.         0.
 0.500999   0.         0.         0.70781353 0.         0.70781353
 0.         0.         0.         0.         0.         1.00049988
 0.70781353 0.         0.70781353 0.         0.         0.500999
 0.         0.         0.         0.         0.70781353 0.70781353
 0.500999   0.         0.         0.         0.         0.
 0.         0.         0.         0.         0.         0.
 0.         0.         0.         0.         0.         0.70781353
 0.         0.500999   0.         0.         0.70781353 1.00049988
 0.70781353 0.         0.         0.        ]",[11 11  3  3 14  3  8  2 11  5  0  0  8  8  3  7],[11 11  3  3 14  3  8  2 11  5  0  3  8  8  3  7],False,True,0.453125,0.828125,"[np.int64(4), np.int64(14), np.int64(6), np.int64(2), np.int64(6), np.int64(1), np.int64(7), np.int64(13), np.int64(0), np.int64(3), np.int64(14), np.int64(8), np.int64(10), np.int64(11), np.int64(0), np.int64(5)]","[np.int64(15), np.int64(4), np.int64(8), np.int64(2), np.int64(10), np.int64(2), np.int64(14), np.int64(1), np.int64(13), np.int64(5), np.int64(8), np.int64(9), np.int64(3), np.int64(7), np.int64(4), np.int64(13)]",False,False,0.0,0.0,[ 3 11  3  3  8  3  7  2  3  5  0  3  8  8  3  7],[11 11  3  3 14  3  8  2 11  5  0  3 15  1  3  7],False,True,0.515625,0.53125,[11 11  3  3 14  3  7  2 11  5 15  0 15  8  4  7],[11 11  3  3 14  3  1  2 11  5 15  8 15  8  3  5],False,False,0.140625,0.203125,0.04,0.0,0.0,1,0,0,0.04,1.0,1.0,1,1,25,1.0,0.0,0.0,25,0,0,1.0,0.0,0.0,25,0,0,0.92,0.17391304347826086,0.16,23,4,4,0.96,0.25,0.24,24,6,6,0.96,0.0,0.0,24,0,0,0.76,0.0,0.0,19,0,0
"[1.00049988 0.70781353 0.         1.00049988 1.00049988 0.
 0.         0.         0.         1.00049988 0.         1.00049988
 0.500999   0.         0.70781353 0.         0.70781353 0.500999
 0.         0.         0.         0.         0.         0.
 0.         0.70781353 0.         0.         0.         0.
 0.70781353 0.         0.         0.         0.         0.70781353
 0.500999   0.500999   0.70781353 0.500999   0.         0.
 0.         0.         0.         0.         0.         0.
 1.00049988 0.         0.70781353 0.500999   0.         1.00049988
 0.70781353 0.         0.         0.         0.         0.
 0.         0.70781353 0.         0.         1.00049988 0.
 0.500999   0.         0.         0.         0.         0.
 0.         0.         0.         0.         0.         0.
 0.         0.         0.         0.         0.500999   1.00049988
 0.         1.00049988 0.         0.         1.00049988 0.
 0.         0.70781353 0.         0.         0.         0.
 0.         0.         0.70781353 0.70781353 0.         0.
 0.500999   0.         0.         0.70781353 0.         0.
 0.         0.         0.70781353 0.         0.         0.
 0.500999   0.         0.         0.         0.         1.00049988
 0.         0.         0.         0.         0.         0.70781353
 0.         0.         0.         0.         0.         0.
 0.         1.00049988 0.         0.         0.         0.
 0.         0.         0.         0.         0.         0.
 1.00049988 0.70781353 0.         0.         0.         0.
 0.70781353 0.         0.         0.         0.         0.
 0.         0.         0.         0.         0.         0.
 0.         0.         0.         0.         0.         0.
 0.         0.         0.         0.         0.         0.
 0.         0.         1.00049988 0.         0.         0.
 0.         0.70781353 0.         0.         0.         0.
 0.         0.         0.70781353 0.70781353 0.500999   0.
 0.500999   0.         0.         0.         0.         0.
 0.         0.         0.         0.         0.         0.70781353
 0.         0.         0.         1.00049988 0.         0.
 0.         0.70781353 0.         0.         0.         0.70781353
 0.         0.         0.         0.70781353 0.         1.00049988
 0.         0.         0.70781353 0.70781353 0.         0.
 0.         0.         0.70781353 0.         0.         0.
 0.         0.500999   0.         0.         1.00049988 0.
 0.         0.         0.         0.         0.         0.
 0.         0.         0.         0.         0.         0.
 1.00049988 0.         0.         0.        ]",[12 14  5  2  2  8  2  2  8  6 10  5 11  7 11 12],[12 14  5  2  2  8  2  2  8  6 10  5 11  7 11 12],True,True,0.453125,0.828125,"[np.int64(3), np.int64(3), np.int64(11), np.int64(11), np.int64(4), np.int64(5), np.int64(15), np.int64(5), np.int64(9), np.int64(1), np.int64(0), np.int64(0), np.int64(7), np.int64(10), np.int64(3), np.int64(15)]","[np.int64(14), np.int64(7), np.int64(12), np.int64(13), np.int64(3), np.int64(6), np.int64(1), np.int64(10), np.int64(14), np.int64(15), np.int64(0), np.int64(4), np.int64(15), np.int64(10), np.int64(15), np.int64(10)]",False,False,0.0,0.0,[14 14  5  2  2  8  2  2  8  6 10  5 11  7  6 12],[14 14  5  2  2  8  2  2  8  6 10  5 11  7 11 12],False,False,0.515625,0.53125,[12  9  5  2  2  8  2  2  8  6 10 14  0  7 11 12],[12 14  5  2  2  8  2  2  8  6 10 14  0  7 11 12],False,False,0.140625,0.203125,0.04,1.0,1.0,1,1,25,0.04,1.0,1.0,1,1,25,1.0,0.0,0.0,25,0,0,1.0,0.0,0.0,25,0,0,0.64,0.3125,0.44,16,5,11,0.32,0.625,0.52,8,5,13,0.6,0.3333333333333333,0.28,15,5,7,0.44,0.2727272727272727,0.16,11,3,4
"[1.00049988 0.         0.         0.         0.         1.00049988
 0.         0.         0.         0.         0.70781353 0.500999
 0.         0.         0.         0.70781353 0.         1.00049988
 0.70781353 0.         0.         0.         0.         0.
 0.70781353 0.70781353 0.         0.         0.         0.
 0.         0.         0.         0.70781353 0.         0.
 0.70781353 0.         0.         0.500999   0.         0.
 0.         0.         0.         0.         0.         0.500999
 0.         0.         0.         1.00049988 0.         0.
 0.70781353 0.         0.         0.         0.         0.
 0.         0.         0.         0.         0.         0.
 0.70781353 0.         0.500999   0.70781353 0.500999   0.
 0.         0.         1.00049988 0.500999   0.         0.500999
 0.         0.         1.00049988 0.         0.         0.
 0.70781353 1.00049988 0.         0.         0.70781353 0.
 0.         0.         0.500999   0.         0.         0.
 0.         0.         0.         0.70781353 0.500999   0.
 1.00049988 0.         0.         1.00049988 0.         0.70781353
 0.70781353 0.         0.         0.         0.         0.
 0.500999   0.         0.         0.         0.         0.500999
 0.70781353 0.500999   0.70781353 0.         1.00049988 0.
 0.         0.         0.         0.70781353 0.         0.
 0.         0.70781353 0.         0.70781353 0.500999   1.00049988
 0.         0.         0.         0.         0.70781353 1.00049988
 0.         0.70781353 0.         0.         0.         0.
 1.00049988 0.500999   1.00049988 0.         0.         0.70781353
 0.         0.70781353 0.70781353 0.         0.70781353 0.
 0.         0.         1.00049988 0.         0.         0.70781353
 0.         0.         1.00049988 0.         0.         0.70781353
 0.         0.         0.500999   0.         0.         0.
 0.500999   0.         0.70781353 0.         0.         0.70781353
 0.         0.         0.         0.         0.         0.
 0.         0.         0.         0.         0.         0.500999
 0.70781353 1.00049988 0.         0.         0.         0.
 0.         0.         0.         0.         0.         0.
 0.         0.         0.500999   0.         0.         0.
 0.         0.70781353 0.70781353 0.         0.         0.
 0.         0.         0.         0.         0.         0.
 0.         0.         0.         0.         0.70781353 0.70781353
 0.         0.         0.         0.         0.         0.
 0.70781353 0.         0.500999   0.         0.         0.
 0.         0.         1.00049988 0.         0.         0.
 0.         0.         0.         0.        ]",[11  2  4  6 13 12  4  2  7  7 13  4  6 13  9  2],[11  2  4  6 13 12  4  2  7  7 13  4  6 13  9  2],True,True,0.453125,0.828125,"[np.int64(14), np.int64(2), np.int64(12), np.int64(13), np.int64(12), np.int64(11), np.int64(11), np.int64(5), np.int64(0), np.int64(0), np.int64(15), np.int64(13), np.int64(0), np.int64(9), np.int64(9), np.int64(13)]","[np.int64(0), np.int64(4), np.int64(6), np.int64(3), np.int64(9), np.int64(13), np.int64(4), np.int64(10), np.int64(0), np.int64(12), np.int64(10), np.int64(5), np.int64(4), np.int64(6), np.int64(12), np.int64(11)]",False,False,0.0,0.0,[11  2  4  6 13  4  4  2  5 13 13  4  5 13  8  2],[11  2  4  6 13  4  4  9  5 13 13  4  6 13  9  0],False,False,0.515625,0.53125,[11  9 15  6 13 12  4  2  7  7 13  4  5 13  9  2],[11  9 15  6 13  4  4  2  5  7 13  4  5 13  9  2],False,False,0.140625,0.203125,0.04,1.0,1.0,1,1,25,0.04,1.0,1.0,1,1,25,1.0,0.0,0.0,25,0,0,1.0,0.0,0.0,25,0,0,0.92,0.13043478260869565,0.12,23,3,3,0.84,0.09523809523809523,0.12,21,2,3,0.64,0.0625,0.04,16,1,1,0.84,0.0,0.0,21,0,0
"[1.00049988 0.500999   0.         0.         0.         0.
 0.70781353 0.         0.         0.         0.         0.
 0.         0.         0.         0.500999   0.500999   0.500999
 0.         0.500999   0.         0.         0.         0.
 0.         0.         0.         0.         0.         1.00049988
 0.         1.00049988 0.         0.         1.00049988 0.70781353
 0.         0.70781353 0.         0.         0.70781353 0.
 0.         0.         0.         0.         0.70781353 0.
 0.         0.500999   0.70781353 0.500999   0.500999   0.
 0.         0.         1.00049988 0.         0.         0.
 0.         0.70781353 0.70781353 0.         0.         0.
 0.         0.500999   0.         0.500999   0.70781353 0.
 0.500999   0.         0.         0.500999   0.70781353 0.
 0.         0.70781353 0.         0.         0.70781353 0.
 0.500999   0.500999   0.         0.         0.70781353 0.
 0.70781353 0.         0.500999   0.         0.         0.
 0.70781353 0.         0.         0.         0.70781353 0.
 0.         0.70781353 0.         0.         0.         0.500999
 0.500999   0.         0.         0.70781353 0.         0.
 0.         0.         0.         0.         0.70781353 0.500999
 0.         0.70781353 0.70781353 0.         0.         0.
 0.         0.         0.         0.         0.70781353 1.00049988
 0.500999   0.70781353 0.         0.         1.00049988 0.
 1.00049988 0.         0.         0.         0.         0.
 0.         0.         0.         0.         0.         0.
 0.         0.70781353 0.         0.         0.         0.
 0.         0.         0.         0.         0.         0.
 0.         0.         0.         0.70781353 0.         0.70781353
 1.00049988 0.         0.         0.70781353 1.00049988 0.
 0.         0.         0.         0.         0.         0.
 0.500999   0.         0.500999   0.         0.         0.
 0.70781353 1.00049988 0.         0.         0.         0.
 0.         0.         0.         0.         0.70781353 0.500999
 0.500999   0.         0.         0.         1.00049988 0.
 1.00049988 0.         0.         0.         0.         1.00049988
 0.         0.70781353 0.         0.         0.         0.
 0.         0.         0.         0.         0.         1.00049988
 0.         0.         0.         0.         0.70781353 0.70781353
 0.         0.         0.         0.         0.         0.
 0.         0.         0.         0.         0.         0.500999
 0.500999   1.00049988 0.         0.         0.70781353 0.
 0.70781353 0.         0.         0.         0.         0.
 0.         0.         0.500999   0.        ]",[ 1  3  5  4 11 12  7  9  4  9  7  6  6  3 15  0],[ 1  3  5  4 11 12  7  9  4  9  7  6  6  3 15  0],True,True,0.453125,0.828125,"[np.int64(7), np.int64(9), np.int64(11), np.int64(13), np.int64(6), np.int64(14), np.int64(11), np.int64(0), np.int64(3), np.int64(2), np.int64(12), np.int64(8), np.int64(1), np.int64(15), np.int64(12), np.int64(14)]","[np.int64(3), np.int64(15), np.int64(6), np.int64(9), np.int64(12), np.int64(7), np.int64(6), np.int64(0), np.int64(9), np.int64(11), np.int64(6), np.int64(2), np.int64(0), np.int64(9), np.int64(6), np.int64(4)]",False,False,0.0,0.0,[ 6  3  5  4 11 12  7  9  4  9  7  6  6  3 15  0],[ 1  3  5  4 11 12  7  9  4  9  7  6  6  3 15  0],False,True,0.515625,0.53125,[15  3  5  4 11  4 12  9  4  9  7  6  6  3 15  0],[ 1  3  3  4 11  4 11  9  4  9  7  6  6  3 15  0],False,False,0.140625,0.203125,0.04,1.0,1.0,1,1,25,0.04,1.0,1.0,1,1,25,1.0,0.0,0.0,25,0,0,1.0,0.0,0.0,25,0,0,0.92,0.0,0.0,23,0,0,0.6,0.3333333333333333,0.52,15,5,13,0.96,0.0,0.0,24,0,0,0.64,0.1875,0.2,16,3,5
"[1.00049988 0.         0.70781353 0.         0.70781353 0.
 0.         0.         0.         0.         0.70781353 0.70781353
 0.70781353 0.         0.         0.         0.         0.
 0.         0.         1.00049988 0.         0.         0.
 1.00049988 0.         0.         0.         1.00049988 0.
 0.         1.00049988 0.70781353 0.         0.         0.
 1.00049988 0.         0.70781353 0.         0.         0.
 0.         0.70781353 0.70781353 0.         0.         0.
 0.         0.         0.         0.500999   0.         0.
 0.         0.         0.70781353 0.         0.         0.70781353
 0.         0.70781353 0.         0.70781353 0.70781353 1.00049988
 1.00049988 0.         0.500999   1.00049988 0.         0.
 0.         0.         0.         0.         0.         0.
 0.         0.         0.         0.         0.         0.
 1.00049988 0.         0.70781353 0.         0.70781353 0.
 0.         0.70781353 0.         0.         0.         0.
 0.         0.         0.70781353 0.         0.         0.70781353
 1.00049988 0.70781353 0.         0.         0.         0.
 0.70781353 0.         0.         1.00049988 0.         0.
 0.         0.         0.         0.         0.70781353 1.00049988
 0.         0.         0.500999   0.         0.         0.
 0.         0.500999   0.         1.00049988 0.         0.70781353
 0.         0.70781353 0.         0.         0.         0.500999
 0.70781353 0.         0.         0.         0.         1.00049988
 0.         0.         0.         0.         0.         0.
 0.         0.         0.500999   0.         0.         0.
 0.         0.         0.500999   0.         0.70781353 0.
 0.         0.         0.         0.         0.         0.500999
 0.70781353 0.         0.500999   0.500999   0.         0.
 0.500999   0.         0.70781353 0.         0.70781353 0.70781353
 0.         0.70781353 0.         0.         0.         0.
 0.500999   1.00049988 1.00049988 0.500999   0.70781353 0.500999
 0.70781353 1.00049988 0.70781353 0.         0.         0.
 0.70781353 0.         0.         0.         0.         1.00049988
 0.         1.00049988 0.70781353 0.70781353 0.         0.
 0.         0.70781353 0.         0.         0.         0.
 0.         0.         0.         0.500999   1.00049988 0.
 0.         0.         0.         0.         0.         0.
 0.         0.         0.         0.         0.         0.500999
 0.500999   0.70781353 0.70781353 0.         1.00049988 0.
 0.         1.00049988 0.         0.70781353 0.         0.
 1.00049988 0.500999   1.00049988 0.         0.         0.500999
 0.70781353 0.         0.         0.        ]",[10 15 11 15  0 11  7  7  9 14  7 15 15 11 10  7],[10 15 11 15  0 11  7  7  9 14  7 10 15 11 10  7],True,True,0.453125,0.828125,"[np.int64(14), np.int64(15), np.int64(0), np.int64(8), np.int64(11), np.int64(8), np.int64(3), np.int64(1), np.int64(1), np.int64(12), np.int64(3), np.int64(8), np.int64(4), np.int64(2), np.int64(14), np.int64(14)]","[np.int64(4), np.int64(11), np.int64(1), np.int64(14), np.int64(1), np.int64(8), np.int64(1), np.int64(13), np.int64(11), np.int64(12), np.int64(8), np.int64(12), np.int64(14), np.int64(4), np.int64(6), np.int64(10)]",False,False,0.0,0.0,[10 15 11 15  0 11  7  7  9 14  7 15 15 11 10  7],[10 15 11 15  0 11  7  7  9 14  7 15 14 11 10  7],True,True,0.515625,0.53125,[10 15 11 11  0 11  7  7  9 14  7 15 15 11 10  7],[10 15 11 11  0 11  7  7  9 14  7 10 15 11 10  7],True,True,0.140625,0.203125,0.04,1.0,1.0,1,1,25,0.04,1.0,1.0,1,1,25,1.0,0.0,0.0,25,0,0,1.0,0.0,0.0,25,0,0,0.28,1.0,1.0,7,7,25,0.36,1.0,1.0,9,9,25,0.32,1.0,1.0,8,8,25,0.64,1.0,1.0,16,16,25
"[1.00049988 0.         0.         0.         0.         0.70781353
 0.70781353 0.         0.         0.         1.00049988 0.
 1.00049988 0.         0.         0.500999   0.         0.500999
 0.         0.         0.         0.         0.70781353 0.
 0.500999   0.         0.500999   0.         0.         0.
 0.         0.         0.         0.         1.00049988 0.70781353
 0.         0.         0.         0.         0.         0.500999
 0.         0.500999   0.         0.70781353 0.         0.
 0.         0.         0.70781353 0.         0.         0.
 0.500999   0.500999   0.         0.         0.500999   0.70781353
 0.         0.         0.         0.         0.         0.
 0.         0.         0.         0.         0.         0.
 0.         0.         0.500999   0.         0.         0.
 0.         0.         0.70781353 0.         0.         0.
 0.         1.00049988 0.         0.         0.500999   0.
 0.         0.         0.         0.70781353 1.00049988 0.
 0.70781353 0.70781353 0.         0.500999   0.         0.
 1.00049988 0.         0.         1.00049988 0.         0.
 0.         0.         0.         0.         0.         0.
 0.         0.500999   0.         0.         0.         1.00049988
 0.         0.         0.         0.         0.         0.
 0.         0.         0.         0.500999   0.         0.
 0.         0.500999   0.         0.         1.00049988 0.
 0.         0.         0.         1.00049988 0.         0.
 0.         0.         0.500999   0.         0.         0.
 1.00049988 0.         0.         0.         0.         0.
 0.70781353 0.         0.         0.         1.00049988 0.500999
 0.         0.500999   0.500999   0.         0.         0.
 0.         0.         1.00049988 1.00049988 1.00049988 0.
 0.         0.70781353 0.         0.         0.500999   0.70781353
 0.         0.         0.         0.         0.         0.
 1.00049988 0.         0.500999   0.         0.         0.
 1.00049988 0.         0.         0.         0.         0.
 0.         0.         0.         0.70781353 1.00049988 0.500999
 0.         0.         0.         0.         0.         0.
 0.70781353 0.         0.         0.70781353 0.         0.
 1.00049988 0.         0.         0.         0.         0.500999
 0.500999   0.         0.         0.         0.         0.
 0.         1.00049988 0.         0.         0.         0.
 0.         0.         0.         0.500999   0.500999   0.
 0.500999   0.         0.         0.         0.         0.
 0.         0.         0.         0.         0.70781353 0.
 0.         0.         0.         0.        ]",[15 10  3 10 10  8  3  3  1  2  3  2 11  5 13 15],[15 10  3  6 10  8  0  3  1  2  3  2 11  5 13 15],False,True,0.453125,0.828125,"[np.int64(10), np.int64(6), np.int64(4), np.int64(15), np.int64(6), np.int64(3), np.int64(15), np.int64(0), np.int64(3), np.int64(8), np.int64(13), np.int64(14), np.int64(6), np.int64(12), np.int64(9), np.int64(4)]","[np.int64(10), np.int64(8), np.int64(10), np.int64(1), np.int64(10), np.int64(0), np.int64(8), np.int64(12), np.int64(5), np.int64(8), np.int64(8), np.int64(0), np.int64(8), np.int64(8), np.int64(7), np.int64(3)]",False,False,0.0,0.0,[15  8 11  6 10  0  0  3  5  2  3  3 11  5 13 15],[15 10 11  6 10  0  0  3  1  2  3  3 11  5 13 15],False,False,0.515625,0.53125,[15  8 11 10 10  8  3  3  1  2  3  2 11  5 13 15],[15  8 11  6 10  8  3  3  1  2  1  2 11  5 13 15],False,False,0.140625,0.203125,0.04,0.0,0.0,1,0,0,0.04,1.0,1.0,1,1,25,1.0,0.0,0.0,25,0,0,1.0,0.0,0.0,25,0,0,0.8,0.05,0.08,20,1,2,0.68,0.0,0.0,17,0,0,0.8,0.0,0.0,20,0,0,0.8,0.05,0.04,20,1,1
"[1.00049988 0.         0.         0.70781353 1.00049988 0.
 1.00049988 0.         0.         0.         0.         0.
 0.         0.         0.         0.500999   0.         0.500999
 0.         0.         1.00049988 0.         0.         0.
 0.         0.         0.         0.         0.         0.
 0.         0.500999   0.         0.         0.         0.
 0.         0.70781353 0.         0.         0.         0.
 0.500999   0.70781353 0.         0.         0.         1.00049988
 0.70781353 0.         0.         1.00049988 0.         0.70781353
 0.         0.         0.         0.70781353 0.         0.500999
 0.500999   0.         0.         0.70781353 1.00049988 1.00049988
 0.         0.         0.500999   0.         0.         0.
 0.         0.         1.00049988 0.         0.500999   0.
 0.         0.         0.         0.         0.70781353 0.70781353
 0.         1.00049988 0.         0.         0.         0.
 0.         0.70781353 0.         0.500999   0.         0.
 1.00049988 0.         0.         0.         0.         0.
 1.00049988 0.         0.         0.         0.500999   0.70781353
 0.         0.500999   1.00049988 0.         0.         0.
 0.         0.         0.         0.         0.         0.
 0.         0.70781353 0.         0.500999   0.70781353 0.
 0.         0.         0.         0.         0.         0.
 0.         0.         0.         0.         0.         0.
 0.         0.         0.70781353 0.         0.         1.00049988
 0.         0.         0.         0.70781353 0.         0.
 0.         0.70781353 0.         1.00049988 0.         0.
 0.         0.         1.00049988 0.         0.         0.
 0.500999   0.         1.00049988 0.         0.500999   0.
 0.         0.         0.         0.         0.         0.500999
 0.         0.         0.         0.         0.70781353 0.500999
 0.         0.70781353 0.70781353 0.500999   0.         0.
 0.         1.00049988 0.         0.         0.         1.00049988
 0.         0.         0.         0.500999   0.500999   0.
 0.         0.70781353 0.70781353 0.         0.         0.
 0.500999   0.         0.70781353 0.         0.         0.
 0.         0.         0.         0.500999   0.500999   0.
 0.         0.         0.500999   0.         0.         0.
 0.         0.         0.         0.         0.         0.
 0.         0.         1.00049988 0.         0.         1.00049988
 0.         0.         0.70781353 0.         0.500999   0.
 0.500999   0.500999   1.00049988 0.70781353 0.         0.
 0.         0.         1.00049988 0.         0.         1.00049988
 0.         0.         0.         1.00049988]",[15 15 10 11 12 13 13 11 12  3 13  3  3 13 12  3],[15 15 10  5 12 13 13 11 12  3 13  3  3 13 12  3],False,True,0.453125,0.828125,"[np.int64(14), np.int64(11), np.int64(1), np.int64(11), np.int64(11), np.int64(12), np.int64(6), np.int64(10), np.int64(13), np.int64(13), np.int64(4), np.int64(14), np.int64(1), np.int64(12), np.int64(8), np.int64(1)]","[np.int64(5), np.int64(7), np.int64(15), np.int64(5), np.int64(12), np.int64(12), np.int64(7), np.int64(10), np.int64(10), np.int64(8), np.int64(0), np.int64(7), np.int64(15), np.int64(5), np.int64(12), np.int64(15)]",False,False,0.0,0.0,[15 15 10  5 12 13 13 11 12  3 13  3  3 13 12  3],[15 15 10  5 12 13 13 11 12  3 13  5  3 13 12  3],True,False,0.515625,0.53125,[15 15 10 11 12 13 13 11 12  3 13  3  3 13 12  0],[15 15 10 11 12 13 13 11 12  3 13  3  3 13 12  0],False,False,0.140625,0.203125,0.04,0.0,0.0,1,0,0,0.04,1.0,1.0,1,1,25,1.0,0.0,0.0,25,0,0,1.0,0.0,0.0,25,0,0,0.52,0.3076923076923077,0.36,13,4,9,0.64,0.25,0.16,16,4,4,0.28,0.14285714285714285,0.04,7,1,1,0.32,0.125,0.08,8,1,2
"[0.         0.         0.         0.         0.         0.
 0.         0.70781353 0.         0.         0.         0.
 0.         0.         0.         0.         0.         0.500999
 0.         0.         0.         0.         0.70781353 0.70781353
 0.         0.         0.         0.         0.         0.
 0.         0.         0.         0.         0.         0.
 0.         0.         0.         0.500999   0.70781353 0.
 0.         0.         0.         0.         0.         0.
 0.         0.         0.         1.00049988 0.         0.
 0.         0.         0.         0.         0.70781353 0.70781353
 1.00049988 0.         0.70781353 0.         0.         0.
 0.         0.         0.         0.70781353 0.         0.
 1.00049988 0.         0.         0.         0.         0.500999
 0.         0.70781353 0.         0.         0.         0.
 0.70781353 1.00049988 0.         0.         0.         0.
 0.70781353 0.         0.         0.         0.         0.
 0.         0.70781353 0.         0.         0.         0.
 0.         0.         0.         0.         0.         1.00049988
 0.500999   0.         0.         0.         0.70781353 0.70781353
 0.500999   0.         0.         0.         0.         1.00049988
 0.         0.         0.         0.500999   0.         0.
 0.         0.         0.         0.         0.70781353 0.
 1.00049988 0.         0.         0.         0.500999   0.
 0.         0.         0.         0.         0.         0.500999
 0.         0.         0.         0.         0.         0.
 0.         0.         0.         1.00049988 0.         0.
 0.         0.         0.         0.70781353 0.         0.
 0.         0.70781353 0.         0.70781353 0.         0.
 0.         0.         1.00049988 0.         0.         0.
 0.         0.         0.         0.         0.         0.70781353
 0.         0.         1.00049988 0.500999   0.         0.
 0.         1.00049988 0.         0.         0.         0.70781353
 0.         0.         0.         1.00049988 0.         0.
 0.500999   0.         0.         0.         0.         0.
 0.         1.00049988 0.         0.         0.         0.
 0.         0.         0.500999   0.         0.         0.
 0.         0.         0.         0.         1.00049988 0.500999
 0.70781353 0.         0.         0.         0.         0.70781353
 0.         0.         0.         0.         0.         0.
 0.         0.         0.         0.70781353 1.00049988 0.
 0.         0.         0.         0.         0.70781353 0.
 0.         0.         0.500999   0.70781353 0.         0.70781353
 0.         0.         0.         0.        ]",[ 7  7  7 11 15  4  1 11 15 15  3 11  6  4  3  8],[ 7  7  7 11 15  4  1 11  2 15  3 11  6  4  3  8],False,True,0.453125,0.828125,"[np.int64(15), np.int64(15), np.int64(14), np.int64(4), np.int64(6), np.int64(1), np.int64(5), np.int64(6), np.int64(2), np.int64(6), np.int64(7), np.int64(0), np.int64(10), np.int64(7), np.int64(15), np.int64(2)]","[np.int64(9), np.int64(5), np.int64(12), np.int64(4), np.int64(12), np.int64(14), np.int64(4), np.int64(14), np.int64(13), np.int64(11), np.int64(6), np.int64(5), np.int64(4), np.int64(15), np.int64(6), np.int64(8)]",False,False,0.0,0.0,[ 7  7  7 11 15  4  1 11 15 15  3 11  6  4 13 11],[ 7  7  7 11 15 10  1 11 15 15  3 11  6  4  3 11],True,True,0.515625,0.53125,[ 7  7  7 11 13  4 12 11 15 15  3 11  6  4  3  8],[ 7  7  7 11 13  4  1 11 15 15  3 11  6  4 13  8],False,False,0.140625,0.203125,0.04,0.0,0.0,1,0,0,0.04,1.0,1.0,1,1,25,1.0,0.0,0.0,25,0,0,1.0,0.0,0.0,25,0,0,0.68,0.35294117647058826,0.52,17,6,13,0.6,0.4666666666666667,0.32,15,7,8,0.48,0.08333333333333333,0.04,12,1,1,0.44,0.09090909090909091,0.04,11,1,1
"[0.         0.         0.         0.         0.         0.
 0.         0.         0.         0.         0.         0.500999
 0.         0.         1.00049988 1.00049988 0.         0.
 0.500999   0.         0.70781353 0.         0.         0.
 0.         0.         0.         1.00049988 0.         0.
 0.         0.70781353 0.         0.500999   0.500999   0.
 0.70781353 0.70781353 0.         0.70781353 0.70781353 0.
 0.         1.00049988 0.         0.         1.00049988 0.
 0.         0.         0.         1.00049988 0.70781353 0.70781353
 0.         0.         0.         0.         0.         0.
 0.         0.         0.         0.         0.         0.70781353
 0.70781353 0.70781353 0.         0.         0.500999   0.
 0.         0.         0.70781353 0.         0.         0.
 0.         0.         0.         0.         0.70781353 0.70781353
 0.         1.00049988 0.         0.         0.         0.
 0.70781353 0.70781353 0.         0.         0.         0.
 0.         0.         0.         0.         0.500999   0.
 0.         0.70781353 0.70781353 0.         0.         0.
 0.         0.         0.         0.         0.         0.
 0.70781353 0.         0.         0.         0.70781353 1.00049988
 0.         0.500999   0.         0.         0.         0.
 0.         0.500999   0.         0.         0.70781353 0.
 0.         0.         0.70781353 0.         1.00049988 0.
 0.         0.         0.         0.         0.70781353 0.
 0.         0.         0.         0.         0.         0.
 0.         0.500999   0.         1.00049988 0.500999   0.
 0.         0.500999   0.         0.70781353 0.         0.
 0.         0.         0.70781353 0.70781353 0.         0.
 0.         0.500999   0.         0.         0.         0.
 0.         0.500999   0.500999   1.00049988 1.00049988 0.
 0.         0.70781353 0.         0.         0.         0.
 0.         0.         0.70781353 0.         0.500999   0.500999
 0.         0.         0.         0.         0.         0.
 0.         0.         0.         0.         0.         0.70781353
 0.500999   0.         0.         0.         0.         0.
 0.         0.         0.         0.         0.         0.
 0.         0.500999   0.         0.         0.         0.500999
 0.         0.         1.00049988 0.         1.00049988 0.
 0.         0.         0.         0.         0.70781353 0.
 0.         0.500999   0.         0.         0.         0.
 1.00049988 0.70781353 0.         0.         0.         0.
 0.         0.500999   0.         0.70781353 0.500999   0.500999
 0.         0.         0.         0.        ]",[11  2  1  4  6 10  6 15  6  7 15 15 11  9 11 10],[11  2  4  4  6 10  6  6  6  7 15 15 11  9 11  7],False,True,0.453125,0.828125,"[np.int64(4), np.int64(7), np.int64(13), np.int64(5), np.int64(1), np.int64(1), np.int64(7), np.int64(1), np.int64(11), np.int64(4), np.int64(12), np.int64(0), np.int64(9), np.int64(3), np.int64(12), np.int64(3)]","[np.int64(4), np.int64(0), np.int64(5), np.int64(3), np.int64(2), np.int64(2), np.int64(3), np.int64(15), np.int64(11), np.int64(9), np.int64(13), np.int64(3), np.int64(12), np.int64(4), np.int64(2), np.int64(8)]",False,False,0.0,0.0,[11  2  4  4  6 10  6  6  6  7  4 15 11  9  8  7],[11  2  4  4  6  2  6  6  6  7  4 15 11  9  8  1],False,False,0.515625,0.53125,[11  2  1  4  6 10  6  9  6  7 15 15 11  9 11 10],[11  4  1  4  6 10  6 15  6 10 15 15 11  9 11  7],False,False,0.140625,0.203125,0.04,0.0,0.0,1,0,0,0.04,1.0,1.0,1,1,25,1.0,0.0,0.0,25,0,0,1.0,0.0,0.0,25,0,0,0.88,0.09090909090909091,0.08,22,2,2,0.88,0.18181818181818182,0.24,22,4,6,0.92,0.0,0.0,23,0,0,0.96,0.0,0.0,24,0,0
"[0.         1.00049988 0.         0.         0.         0.500999
 0.         0.         0.         0.         0.500999   0.
 0.         0.70781353 0.500999   0.         1.00049988 0.
 1.00049988 0.         0.500999   0.         0.500999   0.
 0.         0.         0.         1.00049988 0.         0.
 0.         1.00049988 0.         1.00049988 0.500999   0.
 0.         0.         0.         0.         0.         0.
 0.         0.         0.         0.         0.         0.
 0.         0.         0.         0.         0.         0.
 0.         0.         0.         0.         0.         0.
 0.         0.         0.70781353 0.         0.         0.500999
 0.         0.         0.         0.         0.         0.
 0.500999   0.         0.70781353 0.70781353 0.         0.
 0.         0.         0.500999   0.         0.         0.
 0.         0.500999   0.         0.         0.         0.
 0.         0.         0.         0.         0.         0.
 0.         0.500999   0.         0.         0.         0.
 1.00049988 0.         0.         0.         0.         0.
 0.         0.         0.         0.70781353 0.         0.
 0.         0.         0.         0.         0.         1.00049988
 0.         0.         1.00049988 0.500999   0.         0.
 1.00049988 0.70781353 0.         0.         0.         0.
 0.500999   0.         0.         0.         0.         1.00049988
 0.         0.         0.         0.         0.         0.
 0.         0.         0.         0.         0.         0.
 0.         0.         1.00049988 0.         0.70781353 0.
 0.         0.         0.         0.         0.500999   0.
 0.         0.         0.70781353 0.         0.         1.00049988
 0.         0.70781353 0.         0.         0.         0.
 0.         0.         0.         1.00049988 0.         0.
 0.70781353 0.         0.         0.500999   0.         0.
 0.         0.500999   0.         0.         0.         0.
 0.         0.         0.         0.         0.         0.
 0.         0.         0.         0.         0.         0.
 1.00049988 0.         0.500999   0.         0.70781353 0.
 0.         0.         0.         0.         0.         0.
 0.         0.         0.         0.         0.         0.500999
 0.500999   0.70781353 0.500999   0.         0.         0.70781353
 0.         0.         0.         1.00049988 0.         0.
 0.         0.         0.500999   0.500999   1.00049988 0.
 0.         1.00049988 0.         0.         0.         0.
 0.70781353 0.70781353 0.         0.         0.         0.
 0.         0.70781353 0.         0.        ]",[10  4  1 14  4  0  1 11  4 10  4  4 14 14  0  6],[10  4  1 14  4  0  1 11  4 10  4  4 14 14  0  6],True,True,0.453125,0.828125,"[np.int64(2), np.int64(9), np.int64(6), np.int64(10), np.int64(9), np.int64(2), np.int64(7), np.int64(11), np.int64(9), np.int64(11), np.int64(1), np.int64(9), np.int64(12), np.int64(8), np.int64(5), np.int64(12)]","[np.int64(11), np.int64(10), np.int64(4), np.int64(0), np.int64(8), np.int64(0), np.int64(12), np.int64(12), np.int64(9), np.int64(7), np.int64(4), np.int64(11), np.int64(1), np.int64(1), np.int64(6), np.int64(6)]",False,False,0.0,0.0,[10  4  1 14  4  0  1 11  4 10  4  4 14 14  0  6],[10  4  1 14  4  0  1 11  4 10  4  4 14 14  0  6],True,True,0.515625,0.53125,[10  4  1 14  4  0  1 11  4 10  0  4 14 14  0  6],[10  4  1 14  4  0  1 11  4 10  0  7 14 14  0  6],False,False,0.140625,0.203125,0.04,1.0,1.0,1,1,25,0.04,1.0,1.0,1,1,25,1.0,0.0,0.0,25,0,0,1.0,0.0,0.0,25,0,0,0.16,0.25,0.76,4,1,19,0.24,0.3333333333333333,0.6,6,2,15,0.4,0.1,0.08,10,1,2,0.44,0.09090909090909091,0.04,11,1,1
"[0.500999   0.         0.70781353 0.         0.         0.
 0.         0.         0.         0.         1.00049988 0.
 0.         0.         1.00049988 0.         0.         0.
 0.         0.         0.         0.         0.         0.
 0.         0.         0.         0.70781353 0.70781353 0.500999
 0.         1.00049988 0.70781353 0.         0.500999   0.500999
 0.         0.70781353 0.         0.         0.         0.
 0.         0.500999   0.         0.500999   0.70781353 0.500999
 0.         0.         0.500999   0.         0.500999   0.500999
 0.         0.         0.         0.         0.500999   0.70781353
 0.70781353 0.         0.500999   0.         0.         0.
 0.         0.500999   0.         0.         0.         0.
 0.         0.         0.70781353 0.         0.         0.
 0.         0.         0.         0.         0.70781353 0.500999
 0.         0.         0.         0.70781353 0.         0.
 0.         0.         0.         0.         0.         0.
 0.         0.         0.         0.         0.         0.
 0.         0.70781353 0.         0.         0.500999   0.
 0.70781353 0.70781353 0.         0.500999   0.         0.
 0.         0.         0.         0.70781353 0.70781353 0.500999
 0.         0.         0.         1.00049988 0.         1.00049988
 0.         0.70781353 0.         0.         0.         0.
 0.         0.         0.         0.         1.00049988 0.500999
 0.         0.         0.         0.         0.70781353 0.
 0.         0.         0.         0.         0.         0.
 0.         0.         0.500999   1.00049988 0.         0.70781353
 0.         1.00049988 0.500999   0.         1.00049988 0.
 0.         0.500999   0.70781353 0.         0.500999   0.
 0.         0.         0.         0.         0.         0.
 0.70781353 0.         0.         0.70781353 0.500999   0.70781353
 0.         0.         0.         1.00049988 0.         0.70781353
 0.         0.         0.70781353 0.         0.         0.
 0.         0.70781353 0.         0.70781353 0.         0.
 0.70781353 0.         0.         0.         0.         0.70781353
 0.         0.         0.         0.         0.         0.500999
 0.500999   0.         0.         0.         0.70781353 1.00049988
 0.         1.00049988 0.         0.         0.         0.
 0.         0.         1.00049988 0.         0.70781353 0.500999
 0.         0.         0.         0.         0.70781353 0.500999
 0.70781353 0.         0.         0.         1.00049988 0.
 0.         1.00049988 0.500999   0.         0.         0.
 0.500999   0.70781353 0.         0.         0.         0.
 0.         0.         0.         0.        ]",[ 2 13  3  2  3  3 10  6  9 14  3  2 12  2  3  2],[ 2 13  3  2  3  3 15  6  9 14  3  2 12  2  3  2],False,False,0.453125,0.828125,"[np.int64(6), np.int64(5), np.int64(10), np.int64(2), np.int64(2), np.int64(9), np.int64(7), np.int64(7), np.int64(0), np.int64(1), np.int64(1), np.int64(1), np.int64(4), np.int64(7), np.int64(4), np.int64(9)]","[np.int64(5), np.int64(7), np.int64(7), np.int64(9), np.int64(4), np.int64(1), np.int64(14), np.int64(6), np.int64(12), np.int64(9), np.int64(2), np.int64(15), np.int64(7), np.int64(6), np.int64(14), np.int64(2)]",False,False,0.0,0.0,[ 2 12 13 10  3  3 12  6  9 14  6  2 12  1  3  2],[ 2 12 11 12  3  3 15  5  9 14  3 12 12  2  3  2],False,False,0.515625,0.53125,[ 2 13  3  2  3  3 10 15  9 14  3  2 12  1  3  6],[ 2 13 15 10  3  3 10  6  9 14  3  2 12  2  3  6],False,False,0.140625,0.203125,0.04,0.0,0.0,1,0,0,0.04,0.0,0.0,1,0,0,1.0,0.0,0.0,25,0,0,1.0,0.0,0.0,25,0,0,1.0,0.0,0.0,25,0,0,0.88,0.09090909090909091,0.08,22,2,2,0.92,0.0,0.0,23,0,0,0.96,0.0,0.0,24,0,0
"[0.         0.         0.         0.         0.         0.
 0.         0.         0.         0.         0.         0.500999
 0.         0.         1.00049988 1.00049988 0.         0.
 0.500999   0.         0.70781353 0.         0.         0.
 0.         0.         0.         1.00049988 0.         0.
 0.         0.70781353 0.         0.500999   0.500999   0.
 0.70781353 0.70781353 0.         0.70781353 0.70781353 0.
 0.         1.00049988 0.         0.         1.00049988 0.
 0.         0.         0.         1.00049988 0.70781353 0.70781353
 0.         0.         0.         0.         0.         0.
 0.         0.         0.         0.         0.         0.70781353
 0.70781353 0.70781353 0.         0.         0.500999   0.
 0.         0.         0.70781353 0.         0.         0.
 0.         0.         0.         0.         0.70781353 0.70781353
 0.         1.00049988 0.         0.         0.         0.
 0.70781353 0.70781353 0.         0.         0.         0.
 0.         0.         0.         0.         0.500999   0.
 0.         0.70781353 0.70781353 0.         0.         0.
 0.         0.         0.         0.         0.         0.
 0.70781353 0.         0.         0.         0.70781353 1.00049988
 0.         0.500999   0.         0.         0.         0.
 0.         0.500999   0.         0.         0.70781353 0.
 0.         0.         0.70781353 0.         1.00049988 0.
 0.         0.         0.         0.         0.70781353 0.
 0.         0.         0.         0.         0.         0.
 0.         0.500999   0.         1.00049988 0.500999   0.
 0.         0.500999   0.         0.70781353 0.         0.
 0.         0.         0.70781353 0.70781353 0.         0.
 0.         0.500999   0.         0.         0.         0.
 0.         0.500999   0.500999   1.00049988 1.00049988 0.
 0.         0.70781353 0.         0.         0.         0.
 0.         0.         0.70781353 0.         0.500999   0.500999
 0.         0.         0.         0.         0.         0.
 0.         0.         0.         0.         0.         0.70781353
 0.500999   0.         0.         0.         0.         0.
 0.         0.         0.         0.         0.         0.
 0.         0.500999   0.         0.         0.         0.500999
 0.         0.         1.00049988 0.         1.00049988 0.
 0.         0.         0.         0.         0.70781353 0.
 0.         0.500999   0.         0.         0.         0.
 1.00049988 0.70781353 0.         0.         0.         0.
 0.         0.500999   0.         0.70781353 0.500999   0.500999
 0.         0.         0.         0.        ]",[11  2  1  4  6 10  6 15  6  7 15 15 11  9 11 10],[11  2  4  4  6 10  6  6  6  7 15 15 11  9 11  7],False,True,0.453125,0.828125,"[np.int64(7), np.int64(0), np.int64(3), np.int64(12), np.int64(3), np.int64(8), np.int64(6), np.int64(2), np.int64(2), np.int64(7), np.int64(10), np.int64(14), np.int64(7), np.int64(5), np.int64(3), np.int64(14)]","[np.int64(2), np.int64(0), np.int64(12), np.int64(9), np.int64(8), np.int64(12), np.int64(10), np.int64(4), np.int64(13), np.int64(12), np.int64(5), np.int64(15), np.int64(4), np.int64(12), np.int64(1), np.int64(7)]",False,False,0.0,0.0,[11  4  1  4  6  3  6 15  6 10  4 15 11  9 11 10],[11  4  4  4  6  2  6  6  6  7  4 15 11  9  8  7],True,False,0.515625,0.53125,[11  2  1  4  6 11  6  6  6 10 15 15 11  9 11  7],[11  2  1  4  6 10  6 15  6  7 15 15 11  9 11  7],False,False,0.140625,0.203125,0.04,0.0,0.0,1,0,0,0.04,1.0,1.0,1,1,25,1.0,0.0,0.0,25,0,0,1.0,0.0,0.0,25,0,0,0.96,0.125,0.12,24,3,3,0.92,0.13043478260869565,0.12,23,3,3,0.96,0.0,0.0,24,0,0,1.0,0.0,0.0,25,0,0
"[0.         0.         0.500999   0.70781353 0.500999   0.
 0.         0.         1.00049988 0.500999   0.500999   0.
 0.         0.         0.500999   0.500999   0.         0.
 0.         0.         0.         0.70781353 0.         0.
 0.         0.70781353 0.         0.70781353 0.         0.
 0.70781353 0.         0.500999   0.         1.00049988 0.
 1.00049988 0.         0.         0.70781353 0.         0.500999
 0.500999   0.         0.         0.500999   0.         0.
 0.70781353 0.         0.         0.500999   0.         0.
 0.         0.         0.         0.         0.70781353 0.
 0.70781353 0.         0.         0.         0.500999   0.
 1.00049988 0.         0.500999   1.00049988 0.         0.
 0.         0.70781353 0.         0.         0.         0.
 0.         0.         0.         0.70781353 0.         0.
 1.00049988 0.         0.         0.         0.         0.
 0.         0.         0.         0.         0.         0.
 0.         0.         0.         0.         0.         0.
 0.         0.         0.500999   0.70781353 0.         0.
 0.         0.         0.         0.70781353 0.         0.
 0.70781353 0.         0.         0.         0.         0.500999
 0.         0.         0.         0.         0.         0.
 0.         0.70781353 1.00049988 0.         0.         0.
 0.         0.         0.500999   0.         0.         0.
 0.         0.         1.00049988 0.70781353 0.         0.70781353
 0.500999   0.70781353 0.500999   0.         0.70781353 0.
 0.70781353 0.         0.         0.         0.         0.
 0.         0.         0.500999   0.         0.500999   0.
 0.500999   0.70781353 0.         0.         0.         0.
 0.         0.         0.500999   0.         0.         0.
 0.500999   0.         0.         0.70781353 0.         0.
 0.         0.         0.         0.         0.         0.
 0.         1.00049988 0.500999   0.         0.         0.
 0.         0.         0.         0.70781353 0.         0.
 0.         0.         1.00049988 0.         0.         0.500999
 0.         0.         0.         0.         0.         0.
 0.500999   0.         0.         0.         0.         0.
 0.70781353 0.         0.         0.         0.         0.
 1.00049988 0.         0.500999   0.70781353 0.         0.
 0.         0.         0.         0.         0.         0.500999
 0.500999   0.         0.         1.00049988 0.         0.
 0.500999   0.         0.         0.         0.         0.
 0.70781353 0.70781353 0.70781353 0.         0.         0.
 0.         0.         0.         0.        ]",[ 2  9 13  0  0  1  8  2  6  2  2  1 11 13  0  0],[ 2  9 13  0  0  1  9  2  6  2  2  1 11 13  0  0],False,True,0.453125,0.828125,"[np.int64(7), np.int64(13), np.int64(3), np.int64(4), np.int64(12), np.int64(15), np.int64(12), np.int64(8), np.int64(0), np.int64(10), np.int64(13), np.int64(2), np.int64(14), np.int64(9), np.int64(4), np.int64(7)]","[np.int64(11), np.int64(8), np.int64(14), np.int64(4), np.int64(3), np.int64(2), np.int64(5), np.int64(15), np.int64(15), np.int64(12), np.int64(3), np.int64(14), np.int64(10), np.int64(13), np.int64(9), np.int64(5)]",False,False,0.0,0.0,[ 2  9 13 10  0  1  9  2  6  2  2 12  3 13  0  0],[ 2  9 13  0  0  1  9  2  6  2  2  1 11 13  0  0],True,True,0.515625,0.53125,[ 2 14 13 10  0  1  8  2  6  2  2 12 11 13  0  0],[ 2  9 13  0  0  1  8  2  6  2  2 12 11 13  9  0],False,False,0.140625,0.203125,0.04,0.0,0.0,1,0,0,0.04,1.0,1.0,1,1,25,1.0,0.0,0.0,25,0,0,1.0,0.0,0.0,25,0,0,0.8,0.5,0.56,20,10,14,0.84,0.2857142857142857,0.24,21,6,6,0.68,0.0,0.0,17,0,0,0.76,0.21052631578947367,0.2,19,4,5
"[0.         0.         0.         0.70781353 0.         0.
 0.         0.         1.00049988 0.         0.         0.70781353
 0.500999   0.         0.         0.         0.         0.
 0.         0.         0.70781353 0.         0.70781353 0.
 0.         0.         0.         1.00049988 0.         0.500999
 0.70781353 0.         0.         0.         1.00049988 0.
 0.         0.         0.         0.70781353 0.         0.
 0.         0.         0.         0.500999   0.         0.
 0.70781353 0.         0.         0.         0.         0.
 0.         0.         0.         0.         1.00049988 0.500999
 0.70781353 0.         0.70781353 1.00049988 0.         0.70781353
 0.         0.         1.00049988 0.         0.         0.
 0.         0.70781353 0.         1.00049988 0.         0.70781353
 0.         0.         0.         0.         0.         0.
 0.         1.00049988 0.         0.         0.         0.
 0.         0.         0.         0.         0.         0.
 0.         0.70781353 0.         0.         0.         0.
 0.500999   0.70781353 0.         0.70781353 0.         0.
 0.         0.70781353 0.         0.         0.         0.
 0.70781353 0.         0.         0.         0.70781353 0.
 0.500999   0.         0.         0.500999   0.         0.70781353
 0.         0.         1.00049988 0.         0.         0.
 0.         0.         0.         0.500999   1.00049988 0.
 0.         0.500999   0.         0.         0.         0.
 0.         0.         0.         0.         0.70781353 0.
 0.70781353 0.         0.         0.         0.         1.00049988
 0.         0.         0.         0.         0.         0.
 0.         1.00049988 0.         0.         0.         0.
 0.         0.         0.500999   0.         0.         0.70781353
 0.70781353 0.         0.70781353 1.00049988 0.         0.500999
 1.00049988 0.         0.         0.500999   0.500999   1.00049988
 0.         0.         0.         0.         0.         0.
 0.500999   0.         0.         0.70781353 0.         0.
 0.         0.         0.         0.         0.         0.
 0.         0.         0.70781353 0.70781353 0.         0.500999
 0.500999   0.         0.70781353 0.         0.70781353 0.70781353
 0.         0.         0.70781353 0.         0.         0.
 0.         0.500999   0.         0.70781353 0.         0.70781353
 0.         0.         0.         0.         0.         0.
 0.70781353 0.         0.70781353 0.         0.         0.
 0.         0.         0.         1.00049988 0.         0.
 0.         0.         0.         0.         0.         0.
 0.70781353 0.500999   0.         1.00049988]",[12 13 13 14 13  5 13 11 11  4 10  3  0 10 10 13],[12 13 13 14 13  5 13 11 11  6 10  3 14 10 10 13],False,True,0.453125,0.828125,"[np.int64(9), np.int64(13), np.int64(14), np.int64(6), np.int64(2), np.int64(14), np.int64(15), np.int64(13), np.int64(12), np.int64(14), np.int64(14), np.int64(12), np.int64(6), np.int64(13), np.int64(3), np.int64(8)]","[np.int64(8), np.int64(2), np.int64(13), np.int64(1), np.int64(4), np.int64(2), np.int64(12), np.int64(1), np.int64(15), np.int64(11), np.int64(4), np.int64(0), np.int64(13), np.int64(9), np.int64(1), np.int64(14)]",False,False,0.0,0.0,[12 14 13 12  1  5  1 13 11  6 10  3 14 10 10 13],[12 13 13 11 13  5 13 13  7  4 10  7 14 10 10 13],False,True,0.515625,0.53125,[12 13 13 11 13  5 13 11 11  4 10  8  0  1 10 13],[12 13 13 14 13  5  7 11 11  6 10  3  0  1 10 13],False,False,0.140625,0.203125,0.04,0.0,0.0,1,0,0,0.04,1.0,1.0,1,1,25,1.0,0.0,0.0,25,0,0,1.0,0.0,0.0,25,0,0,1.0,0.28,0.28,25,7,7,0.76,0.3157894736842105,0.32,19,6,8,0.92,0.0,0.0,23,0,0,0.96,0.041666666666666664,0.04,24,1,1
"[0.         0.         0.         0.70781353 0.         0.
 0.         0.         0.500999   0.70781353 0.         0.
 0.         0.         0.500999   0.         0.         0.
 0.70781353 0.         0.         1.00049988 0.70781353 0.
 0.         0.         1.00049988 0.70781353 0.70781353 0.70781353
 0.         0.         0.         0.70781353 0.500999   0.
 0.         0.         0.         0.         0.70781353 1.00049988
 0.         0.         0.70781353 0.         0.         0.
 0.70781353 0.         0.         0.         0.         0.
 0.70781353 0.         0.         0.         0.         0.
 0.         0.         0.         0.70781353 0.         0.
 0.         0.         0.500999   0.         0.         0.
 0.500999   0.         0.         0.         0.500999   0.
 0.         0.         0.         1.00049988 0.         0.
 0.         0.500999   0.         0.         0.         1.00049988
 0.         0.500999   0.         0.         0.         0.
 0.         0.70781353 0.         0.70781353 0.         0.
 0.500999   0.70781353 0.500999   0.         1.00049988 0.
 0.         0.         0.         1.00049988 0.         0.
 0.         0.         0.         0.         0.70781353 0.
 0.         0.         0.70781353 0.         0.         0.
 0.         0.         0.500999   0.         0.70781353 0.
 0.500999   0.         0.500999   0.         0.         0.
 0.         0.         0.         0.         0.         0.
 0.70781353 0.         1.00049988 0.         0.         1.00049988
 0.         0.         0.         0.         0.         0.70781353
 0.         0.         1.00049988 0.         0.         1.00049988
 0.         0.         0.         0.         1.00049988 0.70781353
 0.         0.         1.00049988 0.70781353 0.         0.
 0.         0.         0.         0.70781353 0.         0.
 0.         0.500999   0.         0.         0.         0.70781353
 0.70781353 0.         0.         0.         0.         0.
 0.         0.70781353 0.70781353 0.         0.500999   0.
 0.         0.         0.         0.         0.         0.
 0.500999   0.70781353 1.00049988 0.500999   0.         0.70781353
 0.         0.         0.         0.         0.         0.
 0.         0.         0.         0.         0.70781353 0.500999
 0.         0.         0.500999   0.         0.         0.
 0.         0.         0.         0.         0.         1.00049988
 0.         0.         1.00049988 0.         1.00049988 0.
 0.         0.         0.         0.70781353 0.         0.
 1.00049988 0.         0.         0.         0.         0.
 0.500999   0.         0.         0.        ]",[ 9 11  8  0  8 11  8  6  0  9 11  9  4 12  0 12],[ 9  6  8  0  8 11  8  6  0  9 11  9  4 12  0 12],True,True,0.453125,0.828125,"[np.int64(9), np.int64(11), np.int64(3), np.int64(8), np.int64(4), np.int64(9), np.int64(7), np.int64(14), np.int64(6), np.int64(0), np.int64(11), np.int64(14), np.int64(1), np.int64(12), np.int64(11), np.int64(9)]","[np.int64(4), np.int64(8), np.int64(1), np.int64(11), np.int64(1), np.int64(5), np.int64(11), np.int64(5), np.int64(10), np.int64(9), np.int64(2), np.int64(5), np.int64(7), np.int64(11), np.int64(0), np.int64(9)]",False,False,0.0,0.0,[ 9  6  8  0  8 11  8 10  0  9 11  9  4  1  0 12],[ 9 11  8  0  8 11  8 10  0  9 11  9  4 12  0 12],True,True,0.515625,0.53125,[ 8 12  8  0  8 11  8  6  0  9 11  5  4  1  0 12],[ 9  6  1  0  8 11  8  6  0  9 11  9  4 12  0 12],False,True,0.140625,0.203125,0.04,1.0,1.0,1,1,25,0.04,1.0,1.0,1,1,25,1.0,0.0,0.0,25,0,0,1.0,0.0,0.0,25,0,0,0.6,0.8666666666666667,0.92,15,13,23,0.48,1.0,1.0,12,12,25,0.88,0.09090909090909091,0.08,22,2,2,0.76,0.5263157894736842,0.64,19,10,16
"[0.         0.         0.         0.         0.         0.
 0.         0.         0.         0.         0.500999   0.
 0.         0.         0.         0.70781353 0.         1.00049988
 1.00049988 0.         0.500999   0.         0.         0.
 0.         0.         0.         0.         0.         0.
 0.         0.         0.         1.00049988 0.500999   0.
 0.         0.500999   0.         0.         1.00049988 0.
 0.         0.         0.         0.         0.         0.
 0.         0.         0.         0.500999   0.         0.70781353
 0.         0.500999   0.         0.         1.00049988 0.
 0.         0.70781353 0.         0.         0.         0.500999
 0.         0.         1.00049988 0.70781353 0.         0.
 0.         0.500999   0.         0.70781353 0.         0.
 0.         0.         0.         0.         0.500999   0.70781353
 0.70781353 0.         0.         0.         0.         0.
 0.         0.         1.00049988 0.500999   0.         0.
 0.         0.         0.         0.         0.         0.
 0.         0.         0.         1.00049988 0.         0.
 0.         0.70781353 0.         0.         0.         0.
 0.         0.500999   0.         0.         0.         0.500999
 0.         0.         0.70781353 0.70781353 0.         0.
 0.70781353 0.         0.         0.         1.00049988 0.
 0.         0.         0.         0.         0.500999   0.
 0.         0.         0.         0.         0.         0.
 0.         0.         0.         0.         0.500999   0.
 1.00049988 0.         0.         0.         0.         0.
 1.00049988 0.         0.70781353 0.         0.500999   0.
 0.         1.00049988 0.         0.         0.         0.70781353
 0.         0.         0.         0.         0.         0.
 0.         0.500999   0.         0.         0.         0.
 0.70781353 0.         0.         0.70781353 0.         0.
 0.         0.         1.00049988 0.         0.         0.70781353
 0.         0.         0.         0.         0.         1.00049988
 0.         0.         0.         1.00049988 0.         1.00049988
 0.500999   0.         0.         0.         0.         0.
 0.         0.70781353 0.         0.500999   0.70781353 0.
 0.         0.         0.         0.         0.         0.
 0.70781353 0.         0.         0.         0.         0.
 0.         0.         0.         0.70781353 0.         0.70781353
 0.         0.         0.         0.70781353 1.00049988 0.
 0.70781353 0.         0.         0.         0.         0.
 0.         0.         0.         0.         0.500999   0.70781353
 0.         0.         0.         0.500999  ]",[10  4  5 13  5 13  6  3  2  4  7  7  5  6 13 10],[10  4  5 13  5 13  6  3  2  4  7  7  5  6 13 10],True,True,0.453125,0.828125,"[np.int64(10), np.int64(7), np.int64(4), np.int64(15), np.int64(10), np.int64(5), np.int64(2), np.int64(5), np.int64(4), np.int64(8), np.int64(12), np.int64(4), np.int64(2), np.int64(3), np.int64(8), np.int64(3)]","[np.int64(11), np.int64(5), np.int64(3), np.int64(4), np.int64(3), np.int64(5), np.int64(0), np.int64(7), np.int64(11), np.int64(13), np.int64(2), np.int64(11), np.int64(10), np.int64(15), np.int64(2), np.int64(11)]",False,False,0.0,0.0,[10  4  5 13  5 13  6  3  2  4  7  7  5  6 13 10],[10  4  5 13  5 13  6  3  2  4  7  7  5  6 13 10],True,True,0.515625,0.53125,[10  4  5  7  9 13  6  3  2  4 15  7  5  6 13 10],[10  4  5 13  9 13  6  3  2  4  7  7  5  6 13 10],False,False,0.140625,0.203125,0.04,1.0,1.0,1,1,25,0.04,1.0,1.0,1,1,25,1.0,0.0,0.0,25,0,0,1.0,0.0,0.0,25,0,0,0.6,0.2,0.16,15,3,4,0.52,0.3076923076923077,0.36,13,4,9,0.48,0.0,0.0,12,0,0,0.56,0.07142857142857142,0.04,14,1,1
"[0.         0.         0.         0.         0.70781353 0.
 0.         0.         0.         0.         0.         0.
 0.         0.500999   0.70781353 0.         0.         0.
 0.         0.         0.         0.         0.         0.
 0.500999   0.         0.         0.         0.500999   0.
 1.00049988 0.         0.         0.         0.         0.70781353
 0.500999   0.         0.70781353 0.         0.         1.00049988
 0.70781353 0.500999   0.         0.         0.         0.
 0.         0.         0.70781353 0.         0.         0.
 0.         0.         0.         0.         0.         1.00049988
 1.00049988 0.         0.         0.70781353 0.70781353 0.
 0.500999   0.         0.         0.500999   0.         1.00049988
 0.         1.00049988 0.         0.         0.70781353 0.
 0.         0.70781353 0.         0.         0.         0.
 0.500999   0.         0.         0.         0.         0.
 0.         1.00049988 0.         0.70781353 0.70781353 0.
 0.         0.         0.70781353 0.         0.         0.
 1.00049988 0.         0.         0.500999   0.70781353 0.70781353
 0.         0.         0.         0.         0.         0.
 0.         0.         1.00049988 0.         0.         0.
 0.         0.         0.         0.         0.         1.00049988
 0.         0.         0.         0.500999   0.         0.
 0.         0.         0.         0.         0.         0.
 0.         0.         0.         0.         0.70781353 0.500999
 0.         0.         1.00049988 0.         1.00049988 0.
 0.500999   0.         0.         1.00049988 0.         0.500999
 0.         0.         0.         0.         0.         0.
 0.70781353 0.         0.         0.         0.70781353 0.
 0.         0.         0.         0.         0.         0.
 0.         0.         0.         0.         0.500999   1.00049988
 0.         1.00049988 0.70781353 0.         0.         0.500999
 0.         0.         0.500999   0.         0.500999   0.
 0.         0.500999   0.         1.00049988 0.70781353 0.
 0.         0.         0.         0.         0.         0.500999
 0.         0.70781353 0.         0.         0.500999   0.
 0.         0.         0.         0.70781353 0.         1.00049988
 0.         0.         0.         0.         0.70781353 0.
 0.         0.         0.70781353 1.00049988 0.         0.
 0.         0.70781353 0.         0.         0.70781353 0.
 0.         0.500999   0.         0.         0.         0.
 0.         0.         0.         0.70781353 0.70781353 0.
 0.         0.         0.500999   0.         0.         0.
 0.         0.         0.         1.00049988]",[14  1 11 15  2  4  9  4  1 11  2 12  1  0 11  8],[13  1 11 15  2  4  9  4  1 11  2 12  1  0 11  8],True,False,0.453125,0.828125,"[np.int64(4), np.int64(6), np.int64(13), np.int64(2), np.int64(14), np.int64(8), np.int64(15), np.int64(12), np.int64(15), np.int64(0), np.int64(10), np.int64(8), np.int64(4), np.int64(6), np.int64(10), np.int64(9)]","[np.int64(7), np.int64(14), np.int64(0), np.int64(15), np.int64(8), np.int64(0), np.int64(12), np.int64(1), np.int64(5), np.int64(9), np.int64(6), np.int64(12), np.int64(4), np.int64(14), np.int64(3), np.int64(13)]",False,False,0.0,0.0,[13  1 11  2  2  4  9  4  1 11  6 12  1 12 11  8],[13  1 11 15  2  4  9  4  1 11  2 12  1 12 11  8],True,True,0.515625,0.53125,[14  1 11 15  2  4  9  4  1 11  2 12  1  0 11  8],[13  1 11 15  2  4  9  4  1 11  2 12  1  0 11  8],True,False,0.140625,0.203125,0.04,1.0,1.0,1,1,25,0.04,0.0,0.0,1,0,0,1.0,0.0,0.0,25,0,0,1.0,0.0,0.0,25,0,0,0.56,0.5,0.52,14,7,13,0.36,0.5555555555555556,0.76,9,5,19,0.36,0.4444444444444444,0.24,9,4,6,0.36,0.5555555555555556,0.28,9,5,7
"[0.         1.00049988 0.         0.         0.         0.
 0.         0.         0.         0.70781353 1.00049988 1.00049988
 1.00049988 0.         0.         0.         1.00049988 1.00049988
 0.         0.         0.         0.         0.         0.70781353
 0.         0.         0.         0.         0.         0.
 0.         0.70781353 0.         0.         0.         0.
 0.500999   0.70781353 0.         0.         0.         0.
 0.         0.         0.         0.         0.         0.
 0.         0.         0.         1.00049988 1.00049988 0.
 0.         0.         0.         0.70781353 0.         0.500999
 1.00049988 0.70781353 0.70781353 0.         0.         0.
 0.500999   1.00049988 1.00049988 0.500999   0.500999   0.
 0.         0.         0.         0.         0.         1.00049988
 0.500999   0.         0.         0.         0.70781353 0.
 0.500999   0.         0.         0.         0.         0.
 0.         0.         0.         0.         0.         0.
 0.         0.         0.         0.         0.500999   0.
 0.         0.         0.         0.500999   0.         0.
 0.         0.         0.         0.         0.         0.70781353
 0.         0.         0.         0.         0.         0.500999
 0.         0.         1.00049988 0.         0.         1.00049988
 0.         0.70781353 0.         0.         0.         0.
 0.         0.         0.         0.         1.00049988 0.
 0.         0.         0.         0.         0.500999   0.
 0.70781353 0.         0.         0.70781353 0.         0.
 0.500999   0.         0.         1.00049988 0.         0.
 0.         0.         0.         1.00049988 1.00049988 0.
 0.         0.         0.         0.         0.         1.00049988
 0.         0.         0.         0.70781353 0.         0.
 0.         0.         1.00049988 0.         0.         0.500999
 0.         0.         0.         0.         0.         0.
 0.70781353 0.         1.00049988 0.         0.         0.70781353
 1.00049988 0.         0.         1.00049988 0.         0.
 0.         0.         0.         0.         0.         1.00049988
 0.         0.         0.         0.         0.         0.
 0.         0.70781353 1.00049988 0.         0.         1.00049988
 0.         0.         0.         0.         0.         0.
 0.500999   0.         0.         0.         0.         0.70781353
 0.500999   0.         0.         0.         0.500999   0.
 0.         0.         0.         0.500999   0.         0.
 0.         0.70781353 0.         0.         0.         0.
 0.         0.70781353 0.         1.00049988 0.         0.70781353
 0.         0.         0.         0.        ]",[ 9 15  4 14  5  5  4 15 14  6 11  3  3 14  4 11],[ 9 15  4 14  5  5  4 15 14  6 11  3  3 14  4 11],True,True,0.453125,0.828125,"[np.int64(12), np.int64(14), np.int64(15), np.int64(6), np.int64(3), np.int64(15), np.int64(12), np.int64(2), np.int64(10), np.int64(12), np.int64(4), np.int64(7), np.int64(6), np.int64(1), np.int64(12), np.int64(3)]","[np.int64(5), np.int64(1), np.int64(7), np.int64(0), np.int64(1), np.int64(7), np.int64(1), np.int64(15), np.int64(2), np.int64(3), np.int64(1), np.int64(6), np.int64(2), np.int64(4), np.int64(0), np.int64(2)]",False,False,0.0,0.0,[ 9  7  4 14  5  5  4 13 14  6 11  3  3 14  4 11],[ 9 15  4 14  5  5  4 15 14  6 11  3  3 14  4 11],False,True,0.515625,0.53125,[ 9 15  4 14  5  5  4 15 14  6 11  3 11 14  4 11],[ 9 15  4 14  5  5  4 15 14  6 11  3  0 14  4 11],True,True,0.140625,0.203125,0.04,1.0,1.0,1,1,25,0.04,1.0,1.0,1,1,25,1.0,0.0,0.0,25,0,0,1.0,0.0,0.0,25,0,0,0.44,0.6363636363636364,0.84,11,7,21,0.16,1.0,1.0,4,4,25,0.44,0.5454545454545454,0.68,11,6,17,0.16,1.0,1.0,4,4,25
"[1.00049988 0.         0.         0.         0.         1.00049988
 0.         0.         0.         0.         0.70781353 0.500999
 0.         0.         0.         0.70781353 0.         1.00049988
 0.70781353 0.         0.         0.         0.         0.
 0.70781353 0.70781353 0.         0.         0.         0.
 0.         0.         0.         0.70781353 0.         0.
 0.70781353 0.         0.         0.500999   0.         0.
 0.         0.         0.         0.         0.         0.500999
 0.         0.         0.         1.00049988 0.         0.
 0.70781353 0.         0.         0.         0.         0.
 0.         0.         0.         0.         0.         0.
 0.70781353 0.         0.500999   0.70781353 0.500999   0.
 0.         0.         1.00049988 0.500999   0.         0.500999
 0.         0.         1.00049988 0.         0.         0.
 0.70781353 1.00049988 0.         0.         0.70781353 0.
 0.         0.         0.500999   0.         0.         0.
 0.         0.         0.         0.70781353 0.500999   0.
 1.00049988 0.         0.         1.00049988 0.         0.70781353
 0.70781353 0.         0.         0.         0.         0.
 0.500999   0.         0.         0.         0.         0.500999
 0.70781353 0.500999   0.70781353 0.         1.00049988 0.
 0.         0.         0.         0.70781353 0.         0.
 0.         0.70781353 0.         0.70781353 0.500999   1.00049988
 0.         0.         0.         0.         0.70781353 1.00049988
 0.         0.70781353 0.         0.         0.         0.
 1.00049988 0.500999   1.00049988 0.         0.         0.70781353
 0.         0.70781353 0.70781353 0.         0.70781353 0.
 0.         0.         1.00049988 0.         0.         0.70781353
 0.         0.         1.00049988 0.         0.         0.70781353
 0.         0.         0.500999   0.         0.         0.
 0.500999   0.         0.70781353 0.         0.         0.70781353
 0.         0.         0.         0.         0.         0.
 0.         0.         0.         0.         0.         0.500999
 0.70781353 1.00049988 0.         0.         0.         0.
 0.         0.         0.         0.         0.         0.
 0.         0.         0.500999   0.         0.         0.
 0.         0.70781353 0.70781353 0.         0.         0.
 0.         0.         0.         0.         0.         0.
 0.         0.         0.         0.         0.70781353 0.70781353
 0.         0.         0.         0.         0.         0.
 0.70781353 0.         0.500999   0.         0.         0.
 0.         0.         1.00049988 0.         0.         0.
 0.         0.         0.         0.        ]",[11  2  4  6 13 12  4  2  7  7 13  4  6 13  9  2],[11  2  4  6 13 12  4  2  7  7 13  4  6 13  9  2],True,True,0.453125,0.828125,"[np.int64(12), np.int64(11), np.int64(3), np.int64(5), np.int64(8), np.int64(11), np.int64(6), np.int64(5), np.int64(6), np.int64(15), np.int64(0), np.int64(13), np.int64(5), np.int64(12), np.int64(10), np.int64(14)]","[np.int64(3), np.int64(8), np.int64(4), np.int64(15), np.int64(12), np.int64(7), np.int64(7), np.int64(8), np.int64(12), np.int64(2), np.int64(4), np.int64(13), np.int64(10), np.int64(13), np.int64(5), np.int64(7)]",False,False,0.0,0.0,[11  2  4  6 13 12  4  2  5  7 13  4  6 13  9  0],[11  9  4  6 13  4  4  9  7 13 13  4  6 13  9  0],False,False,0.515625,0.53125,[11  2 15  6 13 12  4  2 14  7 13  4  6 13  9  2],[11  2 15  6 13 12  4  2  5  7 13  4  5 13  9  2],False,False,0.140625,0.203125,0.04,1.0,1.0,1,1,25,0.04,1.0,1.0,1,1,25,1.0,0.0,0.0,25,0,0,1.0,0.0,0.0,25,0,0,0.84,0.14285714285714285,0.12,21,3,3,0.8,0.25,0.24,20,5,6,0.72,0.05555555555555555,0.04,18,1,1,0.6,0.0,0.0,15,0,0
"[1.00049988 0.         0.         0.70781353 1.00049988 0.
 1.00049988 0.         0.         0.         0.         0.
 0.         0.         0.         0.500999   0.         0.500999
 0.         0.         1.00049988 0.         0.         0.
 0.         0.         0.         0.         0.         0.
 0.         0.500999   0.         0.         0.         0.
 0.         0.70781353 0.         0.         0.         0.
 0.500999   0.70781353 0.         0.         0.         1.00049988
 0.70781353 0.         0.         1.00049988 0.         0.70781353
 0.         0.         0.         0.70781353 0.         0.500999
 0.500999   0.         0.         0.70781353 1.00049988 1.00049988
 0.         0.         0.500999   0.         0.         0.
 0.         0.         1.00049988 0.         0.500999   0.
 0.         0.         0.         0.         0.70781353 0.70781353
 0.         1.00049988 0.         0.         0.         0.
 0.         0.70781353 0.         0.500999   0.         0.
 1.00049988 0.         0.         0.         0.         0.
 1.00049988 0.         0.         0.         0.500999   0.70781353
 0.         0.500999   1.00049988 0.         0.         0.
 0.         0.         0.         0.         0.         0.
 0.         0.70781353 0.         0.500999   0.70781353 0.
 0.         0.         0.         0.         0.         0.
 0.         0.         0.         0.         0.         0.
 0.         0.         0.70781353 0.         0.         1.00049988
 0.         0.         0.         0.70781353 0.         0.
 0.         0.70781353 0.         1.00049988 0.         0.
 0.         0.         1.00049988 0.         0.         0.
 0.500999   0.         1.00049988 0.         0.500999   0.
 0.         0.         0.         0.         0.         0.500999
 0.         0.         0.         0.         0.70781353 0.500999
 0.         0.70781353 0.70781353 0.500999   0.         0.
 0.         1.00049988 0.         0.         0.         1.00049988
 0.         0.         0.         0.500999   0.500999   0.
 0.         0.70781353 0.70781353 0.         0.         0.
 0.500999   0.         0.70781353 0.         0.         0.
 0.         0.         0.         0.500999   0.500999   0.
 0.         0.         0.500999   0.         0.         0.
 0.         0.         0.         0.         0.         0.
 0.         0.         1.00049988 0.         0.         1.00049988
 0.         0.         0.70781353 0.         0.500999   0.
 0.500999   0.500999   1.00049988 0.70781353 0.         0.
 0.         0.         1.00049988 0.         0.         1.00049988
 0.         0.         0.         1.00049988]",[15 15 10 11 12 13 13 11 12  3 13  3  3 13 12  3],[15 15 10  5 12 13 13 11 12  3 13  3  3 13 12  3],False,True,0.453125,0.828125,"[np.int64(6), np.int64(6), np.int64(5), np.int64(13), np.int64(15), np.int64(1), np.int64(4), np.int64(14), np.int64(7), np.int64(0), np.int64(4), np.int64(8), np.int64(2), np.int64(15), np.int64(13), np.int64(14)]","[np.int64(0), np.int64(9), np.int64(1), np.int64(4), np.int64(14), np.int64(15), np.int64(4), np.int64(5), np.int64(14), np.int64(9), np.int64(7), np.int64(6), np.int64(10), np.int64(11), np.int64(13), np.int64(12)]",False,False,0.0,0.0,[15 15 10 11 12 13 13 11 12  3 13  6  3 13 12  3],[15 15 10  5 12 13 13 11 12  3 13  6  3 13 12  3],True,False,0.515625,0.53125,[15 15 10 11 12 13 13 11 12  3 13  3  3 13 12  0],[15 15 10 11 12 13 13 11 12  3 13  6  3 13 12  3],False,True,0.140625,0.203125,0.04,0.0,0.0,1,0,0,0.04,1.0,1.0,1,1,25,1.0,0.0,0.0,25,0,0,1.0,0.0,0.0,25,0,0,0.6,0.4,0.28,15,6,7,0.56,0.35714285714285715,0.28,14,5,7,0.4,0.1,0.04,10,1,1,0.28,0.0,0.0,7,0,0
"[0.500999   0.70781353 0.70781353 0.         0.         0.
 0.         1.00049988 0.         0.         0.         0.
 0.         0.70781353 0.70781353 0.         0.70781353 0.500999
 0.         0.         1.00049988 0.         0.70781353 0.
 0.         0.500999   0.         0.         0.         0.
 0.         0.500999   0.70781353 0.         0.         0.70781353
 0.         0.70781353 0.         0.         0.         0.
 0.         0.         0.70781353 0.         0.         0.
 0.         0.         0.70781353 0.500999   0.         0.
 0.         0.         0.         0.         0.         0.
 0.         0.         0.         0.         0.         1.00049988
 0.         0.         0.         0.         0.         0.500999
 0.70781353 0.         0.70781353 0.         0.70781353 0.
 0.         0.         0.         0.         0.70781353 0.
 0.         0.         0.         0.70781353 0.         0.
 0.500999   1.00049988 0.         0.         0.         0.
 0.         0.70781353 0.         0.         0.         0.
 1.00049988 0.70781353 0.         1.00049988 0.         0.70781353
 0.         0.         0.         0.         1.00049988 0.
 0.         0.         0.500999   0.70781353 0.70781353 0.500999
 0.         0.         0.         0.         1.00049988 0.
 0.500999   0.         0.         0.         0.         0.
 0.70781353 0.         0.         0.         0.         0.
 0.         0.         0.         0.         0.70781353 0.
 0.         0.500999   0.         0.         0.         0.
 1.00049988 0.         0.         0.         0.         1.00049988
 0.         1.00049988 0.500999   0.         0.         0.
 0.         0.         0.70781353 0.500999   0.         0.
 0.         0.         1.00049988 0.         0.70781353 0.
 1.00049988 0.         0.         0.         0.         0.
 0.         1.00049988 0.70781353 0.         0.         1.00049988
 0.         1.00049988 0.         0.         0.         0.
 0.         0.         0.70781353 0.         0.70781353 0.
 0.         1.00049988 0.         0.         0.70781353 0.
 1.00049988 0.70781353 0.         0.         0.70781353 0.
 0.         0.         0.         0.         0.         0.
 0.         1.00049988 0.         0.         0.70781353 0.500999
 1.00049988 0.         0.70781353 0.         0.         0.
 0.         0.         0.         0.500999   0.70781353 0.500999
 1.00049988 0.         0.         1.00049988 0.         0.70781353
 0.         0.500999   0.         0.         0.         0.
 0.         0.         0.         0.         0.         0.
 0.         0.         0.70781353 0.        ]",[ 1  6  0  2  7 10  6  6  4  1  4  6  4  0  7  1],[ 1  6 12  2  7  7  6 14 14  1  5  6  4 12  9  1],False,True,0.453125,0.828125,"[np.int64(2), np.int64(12), np.int64(6), np.int64(15), np.int64(8), np.int64(14), np.int64(1), np.int64(6), np.int64(12), np.int64(12), np.int64(15), np.int64(13), np.int64(8), np.int64(4), np.int64(3), np.int64(2)]","[np.int64(15), np.int64(6), np.int64(15), np.int64(7), np.int64(7), np.int64(6), np.int64(13), np.int64(0), np.int64(12), np.int64(1), np.int64(1), np.int64(1), np.int64(1), np.int64(13), np.int64(4), np.int64(3)]",False,False,0.0,0.0,[ 1  6  5  2  7  7  6 14  4  1  5  6  4  0  9  1],[ 1  6  0  2  7  7  6 14 14  1  4  6  4  0  9  1],True,False,0.515625,0.53125,[14  9 12  2  7 10  6 14  4 14  5  6  4  0  9  1],[ 1  9 12  2  7 10  6 14  4  1  5  6  4 12  7  1],False,False,0.140625,0.203125,0.04,0.0,0.0,1,0,0,0.04,1.0,1.0,1,1,25,1.0,0.0,0.0,25,0,0,1.0,0.0,0.0,25,0,0,1.0,0.16,0.16,25,4,4,0.8,0.1,0.12,20,2,3,0.92,0.0,0.0,23,0,0,0.96,0.08333333333333333,0.08,24,2,2
"[1.00049988 0.500999   0.         0.         0.         0.
 0.         0.         0.         0.500999   0.         0.
 0.         0.         0.         0.         0.500999   0.500999
 0.         0.70781353 1.00049988 0.         0.70781353 0.70781353
 0.500999   0.500999   0.         0.70781353 0.500999   0.
 0.         0.         0.         0.         1.00049988 0.
 0.         0.         0.         0.         0.         0.
 0.70781353 0.         0.70781353 0.         0.         0.
 0.         0.70781353 0.         1.00049988 0.         0.
 0.         0.         0.         0.         0.500999   0.
 0.70781353 0.         0.70781353 0.         0.         1.00049988
 0.         0.         0.         0.         0.         0.
 0.         0.         0.         0.         0.70781353 0.70781353
 0.70781353 0.         0.         0.         0.         0.
 0.         0.         0.         0.70781353 1.00049988 0.70781353
 0.         0.         0.         0.         1.00049988 0.
 0.         0.70781353 0.         0.         0.         0.
 0.         0.500999   1.00049988 0.         0.         0.
 0.         0.         1.00049988 0.         0.         0.70781353
 0.         0.         0.         0.70781353 0.500999   0.
 0.         0.         0.         0.         0.         0.
 0.         0.70781353 0.         0.500999   0.         0.
 0.         1.00049988 1.00049988 0.         0.         0.
 0.70781353 0.70781353 0.70781353 0.         0.         1.00049988
 0.500999   0.500999   0.         0.         0.         0.70781353
 0.         0.         0.         0.500999   0.         0.
 0.         1.00049988 0.         0.         0.         0.
 0.70781353 0.500999   0.         0.         0.         0.
 0.70781353 0.         0.         0.         0.         0.
 0.70781353 0.500999   0.         0.70781353 0.         0.
 0.         0.         0.         0.         0.70781353 0.
 0.         0.500999   0.         0.         0.         0.
 0.         0.500999   0.70781353 0.70781353 0.70781353 0.
 0.         0.         0.70781353 0.         0.         0.
 0.         0.500999   0.         0.500999   0.         0.
 0.         0.         0.70781353 0.         0.         0.
 0.         1.00049988 0.         0.         0.500999   1.00049988
 1.00049988 0.         0.         0.         0.         0.70781353
 0.70781353 1.00049988 1.00049988 0.         0.         0.
 0.70781353 0.         0.         1.00049988 0.         0.
 0.         0.         0.         0.         0.         0.
 0.         0.70781353 1.00049988 0.         0.500999   0.
 0.500999   0.         0.         1.00049988]",[ 0  0 12 10 12  9  7  6  1  0 15  1  1 12 10 12],[ 0  0 12 10 12  9  7  1  1  0 15  1  1 12 10 12],False,True,0.453125,0.828125,"[np.int64(0), np.int64(6), np.int64(3), np.int64(3), np.int64(11), np.int64(2), np.int64(1), np.int64(15), np.int64(8), np.int64(15), np.int64(15), np.int64(2), np.int64(6), np.int64(5), np.int64(15), np.int64(8)]","[np.int64(3), np.int64(5), np.int64(7), np.int64(4), np.int64(3), np.int64(3), np.int64(15), np.int64(4), np.int64(1), np.int64(0), np.int64(0), np.int64(3), np.int64(7), np.int64(3), np.int64(4), np.int64(4)]",False,False,0.0,0.0,[ 0  0 12 10 12  9  1  6  1  0 15  1  1 12 10 12],[ 0  0 12 10 12  9  1  1  1  0 15  1  1 12 10 12],True,False,0.515625,0.53125,[ 0  0 12 10 12  9  7  6  1  0 15  1  1 12  3 12],[ 0  0 12 10 12  9  7  6  1  0 15  1  1 12 10 12],False,False,0.140625,0.203125,0.04,0.0,0.0,1,0,0,0.04,1.0,1.0,1,1,25,1.0,0.0,0.0,25,0,0,1.0,0.0,0.0,25,0,0,0.2,0.6,0.56,5,3,14,0.12,0.6666666666666666,0.52,3,2,13,0.24,0.16666666666666666,0.04,6,1,1,0.12,0.6666666666666666,0.28,3,2,7
"[0.         0.         0.         0.70781353 0.         0.
 0.         0.         1.00049988 0.         0.         0.70781353
 0.500999   0.         0.         0.         0.         0.
 0.         0.         0.70781353 0.         0.70781353 0.
 0.         0.         0.         1.00049988 0.         0.500999
 0.70781353 0.         0.         0.         1.00049988 0.
 0.         0.         0.         0.70781353 0.         0.
 0.         0.         0.         0.500999   0.         0.
 0.70781353 0.         0.         0.         0.         0.
 0.         0.         0.         0.         1.00049988 0.500999
 0.70781353 0.         0.70781353 1.00049988 0.         0.70781353
 0.         0.         1.00049988 0.         0.         0.
 0.         0.70781353 0.         1.00049988 0.         0.70781353
 0.         0.         0.         0.         0.         0.
 0.         1.00049988 0.         0.         0.         0.
 0.         0.         0.         0.         0.         0.
 0.         0.70781353 0.         0.         0.         0.
 0.500999   0.70781353 0.         0.70781353 0.         0.
 0.         0.70781353 0.         0.         0.         0.
 0.70781353 0.         0.         0.         0.70781353 0.
 0.500999   0.         0.         0.500999   0.         0.70781353
 0.         0.         1.00049988 0.         0.         0.
 0.         0.         0.         0.500999   1.00049988 0.
 0.         0.500999   0.         0.         0.         0.
 0.         0.         0.         0.         0.70781353 0.
 0.70781353 0.         0.         0.         0.         1.00049988
 0.         0.         0.         0.         0.         0.
 0.         1.00049988 0.         0.         0.         0.
 0.         0.         0.500999   0.         0.         0.70781353
 0.70781353 0.         0.70781353 1.00049988 0.         0.500999
 1.00049988 0.         0.         0.500999   0.500999   1.00049988
 0.         0.         0.         0.         0.         0.
 0.500999   0.         0.         0.70781353 0.         0.
 0.         0.         0.         0.         0.         0.
 0.         0.         0.70781353 0.70781353 0.         0.500999
 0.500999   0.         0.70781353 0.         0.70781353 0.70781353
 0.         0.         0.70781353 0.         0.         0.
 0.         0.500999   0.         0.70781353 0.         0.70781353
 0.         0.         0.         0.         0.         0.
 0.70781353 0.         0.70781353 0.         0.         0.
 0.         0.         0.         1.00049988 0.         0.
 0.         0.         0.         0.         0.         0.
 0.70781353 0.500999   0.         1.00049988]",[12 13 13 14 13  5 13 11 11  4 10  3  0 10 10 13],[12 13 13 14 13  5 13 11 11  6 10  3 14 10 10 13],False,True,0.453125,0.828125,"[np.int64(14), np.int64(8), np.int64(5), np.int64(3), np.int64(12), np.int64(4), np.int64(15), np.int64(12), np.int64(6), np.int64(11), np.int64(13), np.int64(13), np.int64(14), np.int64(15), np.int64(12), np.int64(9)]","[np.int64(12), np.int64(7), np.int64(6), np.int64(0), np.int64(13), np.int64(10), np.int64(3), np.int64(7), np.int64(4), np.int64(5), np.int64(3), np.int64(5), np.int64(0), np.int64(11), np.int64(15), np.int64(6)]",False,False,0.0,0.0,[12 14 13 14  1  5  1 11  7  4 10  0 14  1 10 13],[12 13 13 14 13  5 13 11 11  6 10  3 15 10 10 13],False,True,0.515625,0.53125,[12 13 13 11  1  5  1 11 11  4 10  7  0 10 10 13],[12 13 13 11 13  5 13 11 11  6 10  3 15 10 10 13],False,False,0.140625,0.203125,0.04,0.0,0.0,1,0,0,0.04,1.0,1.0,1,1,25,1.0,0.0,0.0,25,0,0,1.0,0.0,0.0,25,0,0,0.96,0.25,0.28,24,6,7,0.88,0.18181818181818182,0.2,22,4,5,0.88,0.0,0.0,22,0,0,0.92,0.0,0.0,23,0,0
"[1.00049988 0.         0.         0.70781353 1.00049988 0.
 1.00049988 0.         0.         0.         0.         0.
 0.         0.         0.         0.500999   0.         0.500999
 0.         0.         1.00049988 0.         0.         0.
 0.         0.         0.         0.         0.         0.
 0.         0.500999   0.         0.         0.         0.
 0.         0.70781353 0.         0.         0.         0.
 0.500999   0.70781353 0.         0.         0.         1.00049988
 0.70781353 0.         0.         1.00049988 0.         0.70781353
 0.         0.         0.         0.70781353 0.         0.500999
 0.500999   0.         0.         0.70781353 1.00049988 1.00049988
 0.         0.         0.500999   0.         0.         0.
 0.         0.         1.00049988 0.         0.500999   0.
 0.         0.         0.         0.         0.70781353 0.70781353
 0.         1.00049988 0.         0.         0.         0.
 0.         0.70781353 0.         0.500999   0.         0.
 1.00049988 0.         0.         0.         0.         0.
 1.00049988 0.         0.         0.         0.500999   0.70781353
 0.         0.500999   1.00049988 0.         0.         0.
 0.         0.         0.         0.         0.         0.
 0.         0.70781353 0.         0.500999   0.70781353 0.
 0.         0.         0.         0.         0.         0.
 0.         0.         0.         0.         0.         0.
 0.         0.         0.70781353 0.         0.         1.00049988
 0.         0.         0.         0.70781353 0.         0.
 0.         0.70781353 0.         1.00049988 0.         0.
 0.         0.         1.00049988 0.         0.         0.
 0.500999   0.         1.00049988 0.         0.500999   0.
 0.         0.         0.         0.         0.         0.500999
 0.         0.         0.         0.         0.70781353 0.500999
 0.         0.70781353 0.70781353 0.500999   0.         0.
 0.         1.00049988 0.         0.         0.         1.00049988
 0.         0.         0.         0.500999   0.500999   0.
 0.         0.70781353 0.70781353 0.         0.         0.
 0.500999   0.         0.70781353 0.         0.         0.
 0.         0.         0.         0.500999   0.500999   0.
 0.         0.         0.500999   0.         0.         0.
 0.         0.         0.         0.         0.         0.
 0.         0.         1.00049988 0.         0.         1.00049988
 0.         0.         0.70781353 0.         0.500999   0.
 0.500999   0.500999   1.00049988 0.70781353 0.         0.
 0.         0.         1.00049988 0.         0.         1.00049988
 0.         0.         0.         1.00049988]",[15 15 10 11 12 13 13 11 12  3 13  3  3 13 12  3],[15 15 10  5 12 13 13 11 12  3 13  3  3 13 12  3],False,True,0.453125,0.828125,"[np.int64(13), np.int64(11), np.int64(7), np.int64(5), np.int64(0), np.int64(4), np.int64(1), np.int64(2), np.int64(14), np.int64(5), np.int64(13), np.int64(0), np.int64(3), np.int64(1), np.int64(11), np.int64(1)]","[np.int64(0), np.int64(12), np.int64(14), np.int64(6), np.int64(8), np.int64(15), np.int64(15), np.int64(4), np.int64(14), np.int64(4), np.int64(4), np.int64(1), np.int64(10), np.int64(7), np.int64(4), np.int64(6)]",False,False,0.0,0.0,[15 15 10 11 12 13 13 11 12  3 13  5  3 13 12  3],[ 3 15 10 11 12 13 13 11 12  3 13  5  3 13 12  3],True,False,0.515625,0.53125,[15 15 10 11 12 13 13 11 12  3 13  6  3 13 12  0],[ 3 15 10 11 12 13 13 11 12  3 13  3  3 13 12  3],False,False,0.140625,0.203125,0.04,0.0,0.0,1,0,0,0.04,1.0,1.0,1,1,25,1.0,0.0,0.0,25,0,0,1.0,0.0,0.0,25,0,0,0.56,0.35714285714285715,0.44,14,5,11,0.68,0.47058823529411764,0.48,17,8,12,0.36,0.2222222222222222,0.08,9,2,2,0.36,0.1111111111111111,0.04,9,1,1
"[0.         0.         0.70781353 0.         0.         0.
 0.         0.         1.00049988 0.70781353 0.         1.00049988
 0.         0.70781353 0.70781353 0.         0.         0.
 0.         0.         0.         0.         0.         0.
 0.         0.500999   0.         0.500999   0.         0.
 0.         0.         0.70781353 0.         1.00049988 0.
 0.         0.         0.         0.         0.         0.
 0.         0.70781353 0.         0.         0.500999   0.
 0.         0.         0.         0.500999   0.         0.
 0.500999   0.         0.70781353 0.         0.         0.
 0.         0.         0.70781353 0.         0.         0.
 0.         0.         0.         0.         0.         0.
 0.500999   0.         0.70781353 0.         0.         0.
 0.         0.         0.         0.         0.         0.
 0.         0.500999   0.         0.         0.         0.
 0.         1.00049988 0.         0.         0.         0.70781353
 0.         0.         0.         0.500999   0.         0.
 0.500999   0.500999   0.         0.         0.         0.
 0.         0.         0.         0.         0.         0.
 0.         0.         0.         0.         0.500999   0.
 0.         0.         0.         1.00049988 0.         0.70781353
 0.         0.         1.00049988 0.         0.         0.70781353
 0.500999   0.         0.         0.         0.         0.
 0.         0.         0.70781353 0.         0.         0.70781353
 0.70781353 0.500999   0.         0.         0.         0.
 0.         0.         0.         1.00049988 0.         0.
 0.         0.         0.         0.         0.         0.
 0.         0.         0.70781353 0.         0.         0.
 0.         0.         0.         0.         0.         0.
 0.         0.70781353 1.00049988 0.500999   0.70781353 0.
 0.         1.00049988 0.         1.00049988 0.         0.
 0.         0.         0.         0.         0.         1.00049988
 0.         0.         0.         0.         0.         0.
 0.         0.         0.70781353 0.         0.         0.
 0.         0.         0.         0.70781353 0.70781353 0.
 0.         0.         0.         0.         0.         0.70781353
 0.         0.         0.         0.         0.         1.00049988
 0.         0.         0.70781353 0.         0.500999   0.70781353
 0.         0.         0.         0.         0.         0.
 0.         0.         0.         0.         0.         1.00049988
 0.         0.         0.         0.         0.         0.70781353
 0.         0.         0.70781353 0.         0.70781353 1.00049988
 0.70781353 0.         1.00049988 0.500999  ]",[ 9  1 14 14  8 15  3  6  3  1  4  1  8  0  2  8],[ 9  1 11 14  8 15  3  6  3  1  4  1  8  0  2  8],False,True,0.453125,0.828125,"[np.int64(11), np.int64(14), np.int64(14), np.int64(13), np.int64(9), np.int64(15), np.int64(8), np.int64(15), np.int64(8), np.int64(3), np.int64(11), np.int64(3), np.int64(14), np.int64(10), np.int64(15), np.int64(12)]","[np.int64(0), np.int64(10), np.int64(1), np.int64(0), np.int64(8), np.int64(1), np.int64(15), np.int64(11), np.int64(6), np.int64(1), np.int64(14), np.int64(0), np.int64(2), np.int64(3), np.int64(1), np.int64(10)]",False,False,0.0,0.0,[ 9  1 11 14  8 15  3  6  3  1  4  1 15  0  2 11],[ 9  1 11  6  8 15  7 13  3  1  4  1  8  0  2  8],False,True,0.515625,0.53125,[ 9  1 14  6  8 15  3  6  3  1  4  1  8  0  2 12],[ 9  1 14  6  8 15  3  6  3  1  4  1  8  7  2  8],False,False,0.140625,0.203125,0.04,0.0,0.0,1,0,0,0.04,1.0,1.0,1,1,25,1.0,0.0,0.0,25,0,0,1.0,0.0,0.0,25,0,0,0.88,0.0,0.0,22,0,0,0.36,0.2222222222222222,0.2,9,2,5,0.76,0.0,0.0,19,0,0,0.44,0.18181818181818182,0.08,11,2,2
"[0.         0.         0.         0.         0.         0.
 0.         0.70781353 0.         0.         0.         0.
 0.70781353 0.70781353 0.         0.70781353 0.         0.
 0.70781353 0.70781353 0.70781353 0.         0.         0.
 1.00049988 0.         1.00049988 0.70781353 0.         1.00049988
 0.         0.         0.         0.70781353 1.00049988 0.
 0.         0.70781353 0.         0.         0.         0.
 0.         0.         1.00049988 0.70781353 0.         0.
 0.         0.70781353 0.         0.500999   0.         0.
 0.         0.         0.         0.70781353 0.         0.
 0.         0.         0.         0.         0.         0.70781353
 0.         0.         0.500999   0.500999   0.         0.
 1.00049988 0.500999   0.         0.         0.         0.
 0.         0.         0.         0.         0.70781353 0.
 0.500999   0.         0.         0.         0.         0.
 0.         0.         0.70781353 0.70781353 0.         0.70781353
 0.         0.         0.         0.         0.         0.
 0.500999   0.         0.500999   0.70781353 0.         0.
 0.         0.70781353 0.         0.70781353 0.70781353 0.
 0.         0.         0.         0.         0.         0.
 0.         0.         0.70781353 0.         0.         1.00049988
 0.         0.         0.         1.00049988 0.         0.
 1.00049988 0.         0.500999   0.         0.500999   0.70781353
 0.         0.70781353 0.         0.         0.         0.
 0.         0.         0.         0.70781353 0.500999   0.
 0.70781353 0.         0.70781353 0.         0.         0.
 0.500999   0.         1.00049988 0.70781353 0.         1.00049988
 0.         0.         0.         0.         0.         0.70781353
 0.         0.         0.500999   0.         0.         0.70781353
 1.00049988 0.         0.         0.70781353 0.         0.
 0.         0.         0.         0.         0.70781353 0.
 0.         1.00049988 0.         0.         0.70781353 0.
 0.70781353 0.         1.00049988 0.         0.         0.70781353
 0.         0.         0.         0.500999   0.         0.
 1.00049988 0.         0.         0.         0.70781353 1.00049988
 0.70781353 0.         0.         0.70781353 0.70781353 1.00049988
 0.         0.         0.70781353 0.         0.         0.500999
 0.         0.         0.         0.         0.         0.
 0.         0.         0.         0.         0.         1.00049988
 1.00049988 0.70781353 0.         0.         0.         0.70781353
 0.70781353 0.         0.         0.         0.         0.70781353
 0.70781353 0.         0.         0.70781353 0.         0.
 0.         0.         0.70781353 0.        ]",[15  4  5  9  9  4 15  0  6  4  7  8  9  6 15 15],[15  4  5  9  5  4 15  0  6  4 13  8  9  5 15 15],False,False,0.453125,0.828125,"[np.int64(5), np.int64(12), np.int64(6), np.int64(10), np.int64(5), np.int64(2), np.int64(2), np.int64(8), np.int64(2), np.int64(13), np.int64(10), np.int64(12), np.int64(10), np.int64(1), np.int64(1), np.int64(4)]","[np.int64(5), np.int64(4), np.int64(7), np.int64(2), np.int64(6), np.int64(14), np.int64(8), np.int64(2), np.int64(1), np.int64(10), np.int64(9), np.int64(15), np.int64(11), np.int64(3), np.int64(15), np.int64(5)]",False,False,0.0,0.0,[15 11  5  9  5 15 15  0  9 15 13  8  9  0 15 15],[15  4  5  9  5 15 15  0  6 15 13  8  9  6 15 15],False,False,0.515625,0.53125,[15 11  5  9  5  4  8  0  6  4  7  8  9  6 15 15],[15  4  5  9  5  4  8 10  6  4 13  8  9  5 15 15],False,False,0.140625,0.203125,0.04,0.0,0.0,1,0,0,0.04,0.0,0.0,1,0,0,1.0,0.0,0.0,25,0,0,1.0,0.0,0.0,25,0,0,1.0,0.24,0.24,25,6,6,1.0,0.12,0.12,25,3,3,1.0,0.0,0.0,25,0,0,0.96,0.0,0.0,24,0,0
