As,Source_Nodes,Categorical_Model_Trees,Categorical_True_Trees,Categorical_Model_Mask,Categorical_True_Mask,Categorical_Model_Accuracy,Categorical_True_Accuracy,Random_Model_Trees,Random_True_Trees,Random_Model_Mask,Random_True_Mask,Random_Model_Accuracy,Random_True_Accuracy,Prim_Model_Trees,Prim_True_Trees,Prim_Model_Mask,Prim_True_Mask,Prim_Model_Accuracy,Prim_True_Accuracy,Beam_Model_Trees,Beam_True_Trees,Beam_Model_Mask,Beam_True_Mask,Beam_Model_Accuracy,Beam_True_Accuracy
[0 0 0 ... 0 0 1],63,"[63 55 63 44 23 32 43 50 58 45 63 27 32  0 32 24 43 32 44 27 58 37 55 63
 63 27 43 63 10 50 46 55 63 46 10  0 46 63 55 43 27  2 58 63 63 63 63 58
 50 32 63 50 58 58  2 63 46 45 63 23 46 24 58 63]","[63 50 63 32 23 55 50 44 58 10 63 44 44 24 27 44 43 32 45 27 58 45 55 63
 63 24 58 63 43 50 23 27 63 46 24  0 46 63 50 37 27 27 58 63 63 63 63 37
 24 24 63 45 46 58 45 63 46 58 63 23  0 32 58 63]",True,True,0.984375,1.0,"[np.int64(60), np.int64(42), np.int64(61), np.int64(20), np.int64(3), np.int64(34), np.int64(47), np.int64(29), np.int64(49), np.int64(38), np.int64(23), np.int64(35), np.int64(0), np.int64(30), np.int64(58), np.int64(38), np.int64(59), np.int64(63), np.int64(4), np.int64(17), np.int64(45), np.int64(30), np.int64(33), np.int64(54), np.int64(39), np.int64(47), np.int64(52), np.int64(61), np.int64(20), np.int64(61), np.int64(5), np.int64(0), np.int64(35), np.int64(42), np.int64(45), np.int64(10), np.int64(12), np.int64(10), np.int64(28), np.int64(34), np.int64(47), np.int64(56), np.int64(50), np.int64(0), np.int64(46), np.int64(55), np.int64(46), np.int64(14), np.int64(37), np.int64(38), np.int64(1), np.int64(34), np.int64(42), np.int64(30), np.int64(28), np.int64(59), np.int64(43), np.int64(6), np.int64(54), np.int64(38), np.int64(21), np.int64(30), np.int64(55), np.int64(14)]","[np.int64(20), np.int64(52), np.int64(50), np.int64(28), np.int64(42), np.int64(8), np.int64(9), np.int64(14), np.int64(39), np.int64(48), np.int64(11), np.int64(27), np.int64(51), np.int64(5), np.int64(19), np.int64(40), np.int64(43), np.int64(9), np.int64(24), np.int64(20), np.int64(52), np.int64(10), np.int64(40), np.int64(0), np.int64(21), np.int64(15), np.int64(7), np.int64(34), np.int64(50), np.int64(9), np.int64(49), np.int64(40), np.int64(13), np.int64(47), np.int64(24), np.int64(6), np.int64(9), np.int64(55), np.int64(33), np.int64(57), np.int64(50), np.int64(25), np.int64(62), np.int64(3), np.int64(20), np.int64(50), np.int64(10), np.int64(51), np.int64(55), np.int64(35), np.int64(44), np.int64(28), np.int64(27), np.int64(7), np.int64(32), np.int64(17), np.int64(44), np.int64(4), np.int64(11), np.int64(0), np.int64(39), np.int64(8), np.int64(55), np.int64(48)]",False,False,0.0,0.0,"[63 23 63 43 32 27 24 43 10 45 63 44 24 50 27 44 58 32 45 55 55  0 55 63
 63 24 10 63 43 50 50 27 63 46 10 46 46 63  2 37 27  2 27 63 63 63 63 46
 50 24 63 10 27 27 45 63 46 58 63 44 46 50 58 63]","[63 23 63 32 24 58 43 27 58 50 63 44 32 32 27 44 58 50 44 24 58  0 44 63
 63 24 58 63 43 50 23 27 63 46 24 43 46 63 55 37 27 10 58 63 63 63 63 58
 46 24 63 10 58 27 46 63 46 45 63 43  0 58 58 63]",True,True,1.0,1.0,"[63 23 63 32 24 27 10 27 10 10 63 27 24  0 27 24 43 24 44 27 55  0 37 63
 63 24 10 63 10 50 10 27 63 46  0  0 46 63  2 37 27  2 27 63 63 63 63 37
 24 24 63 10  2  0  2 63 46 10 63 23  0 23 58 63]","[63 44 63 44 23 55 24 44 10 10 63 44 44 58 24 44 58 24 44 44 58 55 37 63
 63 24 58 63 58 50 10 55 63 46 58  0 46 63 46 37 27 27 58 63 63 63 63 37
 24 44 63 10 58 58 23 63 46 58 63 44 44 58 58 63]",True,True,1.0,1.0
[0 0 1 ... 0 0 0],8,"[56  5 41  8  8  8  5  8  8  5 50  7 61 21 50 16  8  8 16  5  4  8 17  7
 45  8 28 32  8 45 19 62  8  7 45 62 55  8 62  4  7  8 61 37 50  8 50  5
 61  4  8 61 28 25 25  8  8  4 37 28  5  8  8  8]","[21 61 21  8  8  8 50  8  8  5 21  4 50 55  4 37  8  8  5 32  3  8 56 50
  5  8 56 61  8 37  2 32  8  5 32 45 32  8 62 61  7  8 37 32 50  8 37 32
 61  4  8 61 28 25 45  8  8 50 61 28 32  8  8  8]",True,True,0.984375,1.0,"[np.int64(41), np.int64(23), np.int64(8), np.int64(25), np.int64(31), np.int64(40), np.int64(24), np.int64(52), np.int64(63), np.int64(12), np.int64(21), np.int64(3), np.int64(62), np.int64(32), np.int64(63), np.int64(18), np.int64(54), np.int64(62), np.int64(53), np.int64(26), np.int64(52), np.int64(49), np.int64(33), np.int64(28), np.int64(50), np.int64(63), np.int64(48), np.int64(6), np.int64(41), np.int64(46), np.int64(39), np.int64(13), np.int64(48), np.int64(43), np.int64(30), np.int64(12), np.int64(1), np.int64(61), np.int64(33), np.int64(22), np.int64(1), np.int64(62), np.int64(35), np.int64(62), np.int64(2), np.int64(43), np.int64(14), np.int64(60), np.int64(28), np.int64(23), np.int64(32), np.int64(33), np.int64(31), np.int64(57), np.int64(14), np.int64(26), np.int64(30), np.int64(30), np.int64(47), np.int64(30), np.int64(29), np.int64(18), np.int64(28), np.int64(7)]","[np.int64(50), np.int64(2), np.int64(24), np.int64(56), np.int64(13), np.int64(29), np.int64(50), np.int64(0), np.int64(45), np.int64(59), np.int64(49), np.int64(13), np.int64(28), np.int64(6), np.int64(34), np.int64(21), np.int64(1), np.int64(42), np.int64(50), np.int64(44), np.int64(28), np.int64(19), np.int64(62), np.int64(58), np.int64(54), np.int64(40), np.int64(14), np.int64(16), np.int64(52), np.int64(8), np.int64(11), np.int64(51), np.int64(3), np.int64(24), np.int64(48), np.int64(32), np.int64(2), np.int64(6), np.int64(43), np.int64(7), np.int64(12), np.int64(48), np.int64(4), np.int64(52), np.int64(11), np.int64(3), np.int64(59), np.int64(18), np.int64(11), np.int64(63), np.int64(52), np.int64(59), np.int64(32), np.int64(34), np.int64(3), np.int64(27), np.int64(27), np.int64(19), np.int64(62), np.int64(56), np.int64(28), np.int64(2), np.int64(22), np.int64(59)]",False,False,0.0,0.0,"[56 61  5  8  8  8 45  8  8 45 50 45 61  5 50 16  8  8 61  4 28  8 56 50
 17  8  4 61  8 37 47 32  8  5 62 62  7  8 16  5 41  8 32 28 50  8  5 21
  4 41  8  7  3 55 32  8  8  4 17 55 32  8  8  8]","[ 5  5  5  8  8  8  5  8  8 62 50  3 61  5  4 25  8  8  4  5  4  8  3 50
 17  8 56 61  8 45 47 62  8 21 21 62 61  8  4 62 41  8 62  4 50  8 37 37
  4 41  8 45 61 25 45  8  8  4 61 28 45  8  8  8]",True,True,1.0,1.0,"[ 5  5  5  8  8  8  5  8  8  3 21  4 41  5  4 16  8  8  4  4  4  8  3  7
  5  8  4 28  8 37  2  4  8  5 16 25  7  8  4  5  7  8  5  4 50  8  3  3
  4  4  8  7  3 25  5  8  8  4  4  7  5  8  8  8]","[ 5 61 61  8  8  8  5  8  8 61 21  3 61  5  4 25  8  8  5 61 25  8  3 50
  5  8  4 61  8 37 47 21  8  5 21 25 32  8 62 61 41  8 32  4 50  8  5  5
 61 41  8 61 61 25 32  8  8  4 61 28 32  8  8  8]",True,True,1.0,1.0
[0 0 1 ... 0 0 1],29,"[47 22 30  8 29 22 47 15 29 11 15 29 29 36 22 29 22 29 29 61 15 22 29 47
 30 40  4 46 12 29 29 47 30 29 15 12 29  4 29 33 29 40 47 29 36 11 29 29
 40 12 15 40 15 15 47 30 40 61 11 29 33 29 18 40]","[ 4 38 43 40 29 11 15 15 29 11 40 29 29 30 22 29 22 29 29 15 11 11 29 22
 30 40  4 46 11 29 29 38 30 29 36 12 29 47 29 22 29 17 47 29 36 40 29 29
 12 43 61 40 15  4 47 30 18 59 11 29 33 29 15 40]",True,True,0.984375,1.0,"[np.int64(42), np.int64(21), np.int64(15), np.int64(26), np.int64(9), np.int64(54), np.int64(7), np.int64(34), np.int64(15), np.int64(51), np.int64(1), np.int64(43), np.int64(23), np.int64(26), np.int64(13), np.int64(37), np.int64(19), np.int64(7), np.int64(56), np.int64(59), np.int64(14), np.int64(22), np.int64(48), np.int64(52), np.int64(4), np.int64(31), np.int64(4), np.int64(42), np.int64(60), np.int64(35), np.int64(11), np.int64(6), np.int64(29), np.int64(57), np.int64(24), np.int64(59), np.int64(63), np.int64(8), np.int64(1), np.int64(26), np.int64(3), np.int64(53), np.int64(46), np.int64(57), np.int64(21), np.int64(3), np.int64(44), np.int64(20), np.int64(13), np.int64(55), np.int64(38), np.int64(61), np.int64(43), np.int64(52), np.int64(34), np.int64(47), np.int64(35), np.int64(16), np.int64(5), np.int64(33), np.int64(30), np.int64(13), np.int64(28), np.int64(18)]","[np.int64(43), np.int64(5), np.int64(36), np.int64(51), np.int64(8), np.int64(61), np.int64(20), np.int64(56), np.int64(57), np.int64(4), np.int64(10), np.int64(7), np.int64(4), np.int64(28), np.int64(14), np.int64(36), np.int64(48), np.int64(21), np.int64(50), np.int64(40), np.int64(20), np.int64(60), np.int64(34), np.int64(4), np.int64(54), np.int64(52), np.int64(45), np.int64(47), np.int64(58), np.int64(42), np.int64(29), np.int64(2), np.int64(22), np.int64(20), np.int64(37), np.int64(21), np.int64(21), np.int64(4), np.int64(38), np.int64(41), np.int64(0), np.int64(28), np.int64(50), np.int64(53), np.int64(54), np.int64(63), np.int64(20), np.int64(35), np.int64(26), np.int64(36), np.int64(12), np.int64(21), np.int64(40), np.int64(61), np.int64(36), np.int64(18), np.int64(1), np.int64(31), np.int64(30), np.int64(0), np.int64(62), np.int64(28), np.int64(23), np.int64(36)]",False,False,0.0,0.0,"[18 38 33 30 29 11 38 59 29 33 18 29 29 30 22 29 46 29 29 18 15 17 29 22
 33 15 46 46 12 29 29 43 30 29 61  8 29 47 29 38 29  8 30 29 36  4 29 29
 18 43  4 17 59 43 46 30 33  4 18 29 33 29 12 36]","[47 46 38 40 29 11 15 15 29 33 15 29 29 30 22 29 11 29 29 18 11 11 29 46
 40 15 11 38 38 29 29 36 38 29 15  8 29 38 29 33 29 40  8 29 36 11 29 29
 18  4 40 40 15 36 47 30 33 61 18 29 30 29  8 40]",True,True,1.0,1.0,"[ 4 12 30  4 29 11 15 15 29 11 15 29 29 30 33 29 11 29 29 12 11 11 29 30
  4 15  4 18 11 29 29 17 15 29  8  8 29  4 29 33 29  8  4 29 36  4 29 29
 11  4  4 17  8  4 36 30 11  4 11 29 30 29 12  4]","[ 4 38 43  8 29 11 15 15 29 11 15 29 29 30 47 29 11 29 29 15 11 11 29 22
  4 15 11 38 11 29 29 40 15 29  8  8 29  4 29 22 29 11 46 29 36 11 29 29
 11 40 17 17  8  4 46 30 11 43 11 29 46 29 15  4]",True,True,1.0,1.0
[1 0 0 ... 0 1 0],51,"[51 48 52 51 21 27 48 27 21 21 43 51 51 39 51 47 26  0 11  3 51 51 11  0
  0 21 51 51 14 61 20 52 48 34 51 21  3  0 61 51 43 52 26 51 51 12 43 51
 51  0 27 51 51 48 39 11 20 12 48 14 44 51 12 48]","[51 14 52 51 12 27 48 27 20 21 43 51 51 47 51  3 21  0 12 21 51 51 27  0
  0 12 51 51 61 61 48 14 48 43 51 43 52  0 61 51 43 14 26 51 51 52 52 51
 51  3 27 51 51 44 11 11 20  3  0 14  3 51 43 48]",True,True,0.984375,1.0,"[np.int64(26), np.int64(13), np.int64(13), np.int64(52), np.int64(32), np.int64(59), np.int64(37), np.int64(10), np.int64(35), np.int64(7), np.int64(47), np.int64(33), np.int64(43), np.int64(32), np.int64(8), np.int64(50), np.int64(30), np.int64(23), np.int64(27), np.int64(61), np.int64(45), np.int64(24), np.int64(1), np.int64(11), np.int64(7), np.int64(34), np.int64(32), np.int64(19), np.int64(46), np.int64(37), np.int64(33), np.int64(54), np.int64(23), np.int64(12), np.int64(61), np.int64(53), np.int64(18), np.int64(55), np.int64(58), np.int64(21), np.int64(44), np.int64(52), np.int64(9), np.int64(40), np.int64(6), np.int64(9), np.int64(37), np.int64(19), np.int64(30), np.int64(63), np.int64(2), np.int64(62), np.int64(33), np.int64(37), np.int64(32), np.int64(13), np.int64(33), np.int64(17), np.int64(52), np.int64(37), np.int64(22), np.int64(14), np.int64(4), np.int64(45)]","[np.int64(18), np.int64(13), np.int64(56), np.int64(1), np.int64(19), np.int64(63), np.int64(36), np.int64(54), np.int64(59), np.int64(30), np.int64(35), np.int64(17), np.int64(52), np.int64(50), np.int64(13), np.int64(18), np.int64(9), np.int64(43), np.int64(10), np.int64(33), np.int64(46), np.int64(58), np.int64(30), np.int64(51), np.int64(61), np.int64(38), np.int64(0), np.int64(31), np.int64(40), np.int64(52), np.int64(26), np.int64(34), np.int64(3), np.int64(34), np.int64(56), np.int64(40), np.int64(9), np.int64(26), np.int64(6), np.int64(30), np.int64(39), np.int64(55), np.int64(13), np.int64(23), np.int64(62), np.int64(3), np.int64(57), np.int64(6), np.int64(16), np.int64(45), np.int64(10), np.int64(22), np.int64(46), np.int64(54), np.int64(0), np.int64(6), np.int64(60), np.int64(28), np.int64(34), np.int64(39), np.int64(4), np.int64(21), np.int64(24), np.int64(26)]",False,False,0.0,0.0,"[51 34 52 51 43  0 61 27 21  3 44 51 51  0 51 39 26 34 20 47 51 51 11  0
 11 47 51 51 14 61 44 52 21 11 51 43 43 12 61 51 43 52 26 51 51 26 43 51
 51  3 11 51 51  0 11 26 47 39 43 39  3 51 12 26]","[51 61 52 51 14 27 47 26 26 12 44 51 51 39 51  3 21 34  0 26 51 51 44  0
  0 12 51 51 61 34 48 14 48 43 51 21  3 43 61 51 26 52 26 51 51 26 27 51
 51 12 11 51 51 61 52 26 47 39  0 39 12 51 43 26]",True,True,1.0,1.0,"[51 14 52 51  0  0 12  0 20  0 43 51 51  0 51  3 21  0  0  3 51 51 11  0
  0  3 51 51  3 34 12 14 21  3 51 21  3  0 61 51  0 14 26 51 51 12 11 51
 51  0 11 51 51  0 11 11 20  3  0 14  0 51 12 26]","[51 61 52 51  0 27 43 27 14  0 43 51 51 12 51 48 26 34  0 21 51 51 27  0
 43 39 51 51 27 34 27 14 48  3 51 43 21 43 61 51 26 27 34 51 51 44 27 51
 51 21 27 51 51 61 39 26 20 39 48 14  3 51 43 48]",True,True,1.0,1.0
[0 0 1 ... 0 0 1],29,"[18 38 40 47 29 22 15 59 29 46 36 29 29 30 33 29 46 29 29 61 11 17 29 30
 40 15  4 38 38 29 29 38 30 29 61  8 29  4 29 38 29 38 47 29 36 38 29 29
 12  4 17 17 59 59 47 30 33 43 11 29 47 29 18  4]","[47 22 33  8 29 11 43 15 29 46 38 29 29 30 22 29 36 29 29 15 15 22 29 47
 40 15 46 46 30 29 29 17 15 29  8  8 29 43 29 22 29 38  8 29 36 11 29 29
 11  4 17 18  8  4 47 30 40 59 11 29 33 29 18 36]",True,True,0.984375,1.0,"[np.int64(41), np.int64(21), np.int64(25), np.int64(26), np.int64(5), np.int64(12), np.int64(20), np.int64(38), np.int64(19), np.int64(26), np.int64(29), np.int64(40), np.int64(7), np.int64(12), np.int64(29), np.int64(19), np.int64(59), np.int64(3), np.int64(15), np.int64(39), np.int64(61), np.int64(57), np.int64(56), np.int64(43), np.int64(59), np.int64(6), np.int64(29), np.int64(12), np.int64(27), np.int64(47), np.int64(36), np.int64(60), np.int64(17), np.int64(45), np.int64(46), np.int64(51), np.int64(22), np.int64(57), np.int64(10), np.int64(1), np.int64(58), np.int64(2), np.int64(47), np.int64(42), np.int64(49), np.int64(17), np.int64(42), np.int64(60), np.int64(17), np.int64(48), np.int64(39), np.int64(46), np.int64(18), np.int64(0), np.int64(49), np.int64(44), np.int64(59), np.int64(19), np.int64(60), np.int64(13), np.int64(5), np.int64(26), np.int64(60), np.int64(23)]","[np.int64(20), np.int64(48), np.int64(29), np.int64(19), np.int64(57), np.int64(39), np.int64(36), np.int64(18), np.int64(43), np.int64(11), np.int64(21), np.int64(21), np.int64(13), np.int64(40), np.int64(19), np.int64(8), np.int64(51), np.int64(36), np.int64(53), np.int64(2), np.int64(13), np.int64(59), np.int64(34), np.int64(33), np.int64(26), np.int64(27), np.int64(10), np.int64(34), np.int64(50), np.int64(60), np.int64(0), np.int64(27), np.int64(52), np.int64(27), np.int64(48), np.int64(20), np.int64(17), np.int64(15), np.int64(38), np.int64(48), np.int64(1), np.int64(30), np.int64(19), np.int64(20), np.int64(35), np.int64(56), np.int64(32), np.int64(2), np.int64(63), np.int64(1), np.int64(54), np.int64(37), np.int64(21), np.int64(42), np.int64(32), np.int64(55), np.int64(9), np.int64(56), np.int64(55), np.int64(23), np.int64(60), np.int64(61), np.int64(20), np.int64(10)]",False,False,0.0,0.0,"[ 4 22 38  4 29 30 15 59 29 33 18 29 29 30 47 29 22 29 29 61 61 22 29 22
  4 15 46 18 11 29 29 40 15 29  8 12 29 47 29 38 29  8 30 29 36 43 29 29
 33 12  4 40 59 15 36 30 11 12 18 29 46 29 38 59]","[ 4 46 40  4 29 22 15 59 29 46 15 29 29 30 22 29 22 29 29 15 15 22 29 22
 33 15  4 38 38 29 29 38 15 29 47 12 29 43 29 33 29 40 47 29 36 11 29 29
 18 33 40 18  8  4 36 30 33 38 11 29 33 29  8 36]",True,True,1.0,1.0,"[ 4 12 30  4 29 11 15 15 29 11 15 29 29 30 33 29 11 29 29 12 11 11 29 30
  4 15  4 18 11 29 29 17 15 29  8  8 29  4 29 33 29  8  4 29 36  4 29 29
 11  4  4 17  8  4 36 30 11  4 11 29 30 29 12  4]","[ 4 38 43  8 29 11 15 15 29 11 15 29 29 30 47 29 11 29 29 15 11 11 29 22
  4 15 11 38 11 29 29 40 15 29  8  8 29  4 29 22 29 11 46 29 36 11 29 29
 11 40 17 17  8  4 46 30 11 43 11 29 46 29 15  4]",True,True,1.0,1.0
[0 0 0 ... 0 0 0],23,"[23 23 62 23  1 18 49 22  3  0 55 17  3 40 49 28  3 23 23 62 22 40 23 23
 52 28 49 18 23 23  3 42 17 49 22  3 17 42 40 18 23  1 23  3 22  2 17 55
 42 23  0  0 23 52 49 23 22 49 49 55 28 17 23  3]","[23 23  3 23 49 62 18 29  3 40  1 28 18 40 49 18  0 23 23 29  3  1 23 23
 42 28 28 18 23 23  1 42 28 49 22  3 18 42 28 22 23  1 23 28 29  2 42 49
 42 23 18 22 23 22 40 23 49  3 28 55 28  0 23 40]",True,True,0.984375,1.0,"[np.int64(12), np.int64(0), np.int64(60), np.int64(8), np.int64(57), np.int64(37), np.int64(27), np.int64(47), np.int64(9), np.int64(47), np.int64(39), np.int64(4), np.int64(44), np.int64(3), np.int64(32), np.int64(45), np.int64(42), np.int64(20), np.int64(46), np.int64(5), np.int64(50), np.int64(58), np.int64(17), np.int64(2), np.int64(39), np.int64(14), np.int64(43), np.int64(37), np.int64(36), np.int64(17), np.int64(27), np.int64(39), np.int64(38), np.int64(0), np.int64(19), np.int64(11), np.int64(43), np.int64(31), np.int64(43), np.int64(19), np.int64(61), np.int64(16), np.int64(61), np.int64(51), np.int64(32), np.int64(61), np.int64(62), np.int64(10), np.int64(40), np.int64(62), np.int64(55), np.int64(53), np.int64(28), np.int64(9), np.int64(0), np.int64(58), np.int64(33), np.int64(3), np.int64(58), np.int64(5), np.int64(34), np.int64(60), np.int64(30), np.int64(19)]","[np.int64(29), np.int64(52), np.int64(32), np.int64(35), np.int64(27), np.int64(12), np.int64(58), np.int64(7), np.int64(8), np.int64(26), np.int64(2), np.int64(5), np.int64(50), np.int64(50), np.int64(17), np.int64(42), np.int64(32), np.int64(5), np.int64(41), np.int64(32), np.int64(22), np.int64(27), np.int64(46), np.int64(4), np.int64(43), np.int64(51), np.int64(32), np.int64(17), np.int64(44), np.int64(24), np.int64(19), np.int64(50), np.int64(37), np.int64(9), np.int64(9), np.int64(57), np.int64(29), np.int64(43), np.int64(24), np.int64(38), np.int64(3), np.int64(51), np.int64(59), np.int64(38), np.int64(20), np.int64(22), np.int64(13), np.int64(36), np.int64(38), np.int64(1), np.int64(18), np.int64(27), np.int64(23), np.int64(62), np.int64(27), np.int64(20), np.int64(60), np.int64(8), np.int64(14), np.int64(12), np.int64(3), np.int64(45), np.int64(45), np.int64(6)]",False,False,0.0,0.0,"[23 23 62 23 17 18  1 29  3 40 40  0  3 40 49 40 42 23 23 62 22 17 23 23
 22 28 40 18 23 23 28 40 17 49 42 22 17 22 28 22 23  3 23  3 29  2 17 55
  0 23 18 49 23 22 49 23 29 42 17 22 40  0 23 29]","[23 23 28 23  0 18 18 29  3  0 40 28 18 40  1 40  0 23 23  3 22  1 23 23
 22 28 40 18 23 23  1 40 49 49 55  3 18 22 40 52 23  3 23 28 29 59 42 49
  0 23 18 49 23 52 40 23 28  3 49 22 28  0 23  0]",True,True,1.0,1.0,"[23 23  3 23  0  1  0 18  3  0  1  0  3 40  1 17  0 23 23  3  3  1 23 23
 22 28 17 18 23 23  1 40  1 49 22  3 17 22  1  1 23  3 23  0  1  2 17 40
  0 23  0  1 23 22 40 23 17  3 17 18 17  0 23  0]","[23 23 28 23 28 18 28 29 29 40  1 28  3 40 49 28  0 23 23 29  3 40 23 23
 22 28 28 18 23 23 28 42 28 49 22 22 18 22 28 28 23  1 23 28 29 60 42 40
 42 23 40 28 23 22 40 23 28 42 28 22 28  0 23 29]",True,True,1.0,1.0
[1 0 1 ... 0 0 0],1,"[38  1  1 29  8  1 39  1  1 33 31 33 17 39  1  1  5  1 51 15 31 14 15 52
 42 51 29 38 29  1 39  1 15  1 51 15 31 17  1  1 52 17  1 39 29  5  2  2
 38 15 14  1  1 33 31 52 39 14 29  7  2 39  2  7]","[38  1  1 29 42  1 39  1  1 33  8 33 17 52  1  1 52  1 51 14 29 17 38 31
 29 39 42 14 29  1 39  1 33  1 51 51  7 52  1  1 52 17  1 14 29  5  7 39
  5 15 14  1  1 14 31 42 33 14 17 14 14 14 29 51]",True,True,0.984375,1.0,"[np.int64(33), np.int64(19), np.int64(59), np.int64(6), np.int64(4), np.int64(23), np.int64(28), np.int64(27), np.int64(1), np.int64(47), np.int64(24), np.int64(24), np.int64(21), np.int64(61), np.int64(37), np.int64(16), np.int64(63), np.int64(54), np.int64(37), np.int64(54), np.int64(7), np.int64(38), np.int64(61), np.int64(29), np.int64(17), np.int64(54), np.int64(11), np.int64(15), np.int64(7), np.int64(20), np.int64(6), np.int64(63), np.int64(27), np.int64(49), np.int64(56), np.int64(14), np.int64(3), np.int64(1), np.int64(19), np.int64(53), np.int64(39), np.int64(8), np.int64(38), np.int64(22), np.int64(39), np.int64(53), np.int64(33), np.int64(56), np.int64(39), np.int64(46), np.int64(53), np.int64(32), np.int64(48), np.int64(6), np.int64(1), np.int64(36), np.int64(25), np.int64(44), np.int64(32), np.int64(27), np.int64(24), np.int64(53), np.int64(23), np.int64(21)]","[np.int64(27), np.int64(54), np.int64(49), np.int64(22), np.int64(36), np.int64(11), np.int64(53), np.int64(53), np.int64(41), np.int64(62), np.int64(52), np.int64(3), np.int64(55), np.int64(43), np.int64(57), np.int64(27), np.int64(32), np.int64(38), np.int64(15), np.int64(61), np.int64(37), np.int64(5), np.int64(63), np.int64(55), np.int64(53), np.int64(16), np.int64(38), np.int64(7), np.int64(27), np.int64(24), np.int64(54), np.int64(46), np.int64(18), np.int64(20), np.int64(51), np.int64(0), np.int64(17), np.int64(23), np.int64(24), np.int64(22), np.int64(4), np.int64(52), np.int64(48), np.int64(59), np.int64(27), np.int64(30), np.int64(47), np.int64(23), np.int64(47), np.int64(32), np.int64(15), np.int64(38), np.int64(16), np.int64(54), np.int64(1), np.int64(62), np.int64(19), np.int64(1), np.int64(50), np.int64(47), np.int64(23), np.int64(27), np.int64(34), np.int64(44)]",False,False,0.0,0.0,"[33  1  1 33 52  1 39  1  1 33  7 51 39 52  1  1 52  1 38 29  7 38  7 31
 29 39 42  5 17  1 51  1 15  1 51 33  2 17  1  1 39  5  1 39 29 38  2  7
  5  2 39  1  1 14 31 29  5 14 17 33  5 14 52 51]","[33  1  1 15 14  1 39  1  1 33 15 51 17 39  1  1 52  1  7 14  8 29 39 31
 42 39 29 38 38  1 14  1 15  1 51 14  7 52  1  1 52 17  1 14  5 39 14 29
 51 17 14  1  1 29 38 42 42 14  2 33 14 39 29 51]",True,True,1.0,1.0,"[ 2  1  1 15  8  1  5  1  1  5  2 33 14 39  1  1  2  1  7 14  5 14  7  5
 14  5 29  5 14  1  7  1 15  1 51  2  2 17  1  1 39  2  1 14  5  5  2  2
  5  2  2  1  1  5 31 29  5 14  2  2  2  7  2  7]","[ 7  1  1 29 14  1 39  1  1 42  7 51 14 52  1  1 52  1 14 29  7 29  7 31
 29 14 42 14 29  1 14  1 33  1 51 14  7 52  1  1 52 14  1 14 29 14 14 29
 38 51 14  1  1 14 38 29 39 14 29 14 14 14 29 51]",True,True,1.0,1.0
[0 1 0 ... 0 1 0],62,"[ 6 41 23 62 62  3 62 41 62 39 47 41  3  8  8  4 26  3 47 62 39 26  3 62
 41  6 62 19 48 41 39  3 47 41  3 48  3 19 39 62 63 62 39 23 26 48  6 62
 62 39 39  8 26 41  6 39  4 19 63 39  8 62 62 62]","[ 6 41 48 62 62  3 62 39 62 39 26  6 39  8  4 19 26  3 47 62  3  3 26 62
 47  6 62 19 48 26 39  3 19 41 19 39 39 47 39 62  3 62 48 47  6 48  6 62
 62 23 39  8 26 41 23 39  6 39 26 41 23 62 62 62]",True,True,0.984375,1.0,"[np.int64(45), np.int64(17), np.int64(63), np.int64(46), np.int64(23), np.int64(57), np.int64(23), np.int64(54), np.int64(10), np.int64(20), np.int64(45), np.int64(42), np.int64(32), np.int64(63), np.int64(16), np.int64(9), np.int64(50), np.int64(14), np.int64(56), np.int64(46), np.int64(10), np.int64(17), np.int64(58), np.int64(57), np.int64(57), np.int64(2), np.int64(38), np.int64(21), np.int64(3), np.int64(14), np.int64(33), np.int64(6), np.int64(17), np.int64(10), np.int64(20), np.int64(3), np.int64(61), np.int64(35), np.int64(21), np.int64(6), np.int64(40), np.int64(33), np.int64(39), np.int64(63), np.int64(18), np.int64(16), np.int64(17), np.int64(20), np.int64(36), np.int64(49), np.int64(26), np.int64(44), np.int64(26), np.int64(22), np.int64(54), np.int64(35), np.int64(15), np.int64(47), np.int64(17), np.int64(39), np.int64(19), np.int64(59), np.int64(43), np.int64(35)]","[np.int64(48), np.int64(16), np.int64(61), np.int64(54), np.int64(45), np.int64(37), np.int64(11), np.int64(12), np.int64(35), np.int64(45), np.int64(52), np.int64(39), np.int64(23), np.int64(56), np.int64(56), np.int64(63), np.int64(47), np.int64(41), np.int64(36), np.int64(17), np.int64(51), np.int64(0), np.int64(20), np.int64(21), np.int64(28), np.int64(32), np.int64(29), np.int64(39), np.int64(23), np.int64(56), np.int64(15), np.int64(53), np.int64(6), np.int64(63), np.int64(8), np.int64(46), np.int64(29), np.int64(18), np.int64(13), np.int64(37), np.int64(28), np.int64(51), np.int64(38), np.int64(42), np.int64(49), np.int64(11), np.int64(31), np.int64(30), np.int64(39), np.int64(7), np.int64(29), np.int64(5), np.int64(40), np.int64(8), np.int64(27), np.int64(44), np.int64(58), np.int64(26), np.int64(35), np.int64(59), np.int64(60), np.int64(18), np.int64(33), np.int64(22)]",False,False,0.0,0.0,"[41 41 23 62 62  3 62 63 62 41 26  6 61  8  4 19 26  8 47 62  3  3  3 62
 23  8 62  4 23 48 39  3 19 41 47 39  3 47  8 62 63 62 48 47 26 48 19 62
 62 48  6 39 26 41 23 39  6 41 63 41  8 62 62 62]","[ 6 41 23 62 62  3 62 39 62  6 26  8 39  8 47  4 26  3 61 62  3 26 26 62
 41 63 62 61 23 26 39  3 19 19  6  8 47 19 26 62 63 62 41 47  6 48  6 62
 62 48 48  8 26 19  6 39  6 23 63 41  8 62 62 62]",True,True,1.0,1.0,"[ 4 41  3 62 62  3 62  6 62  6  4  6  3  8  8  4  6  3  4 62  3  3  3 62
 23  6 62  4  3 26 39  3 19 19  3  8  3  8  8 62  3 62 26 23  6 48  6 62
 62 23  6  8 26  3  6 39  4  8  4 39  4 62 62 62]","[ 6 41  3 62 62  3 62 63 62  6  6 23 39  8 47  4  6 41 47 62  3 61  3 62
 26  6 62 61  3 26 39  3 47 41  3 48 39 41 26 62  3 62 26 23 26 48  6 62
 62 48 48  8 26 41  6 39  6 41 26 41 23 62 62 62]",True,True,1.0,1.0
[0 1 0 ... 0 1 0],15,"[55 18 46 14 15  6 15 27 27  4 31 31 46 27 15 15 15 57 15 14 14 27 57 15
 63  6 46 15 46 46  6 15  4 27 46  4 59 16 31  6 16  4 15 18 15 18 15 14
 57 23 42 42 27 42  6 15 59 15 23 15 16  4 16 15]","[63 42 46 14 15 42 15 59 14 23 46 59 55 63 15 15 15 14 15 42  6 27 57 15
 59  6 16 15 46  6  6 15  4 27 59  4 59 57 27  6 27  4 15  4 15 18 15 46
  6 14 23 42 42 44 31 15  6 15 42 15 23  4 16 15]",True,True,0.984375,1.0,"[np.int64(49), np.int64(51), np.int64(53), np.int64(30), np.int64(28), np.int64(32), np.int64(58), np.int64(38), np.int64(57), np.int64(15), np.int64(9), np.int64(4), np.int64(28), np.int64(22), np.int64(62), np.int64(56), np.int64(10), np.int64(16), np.int64(3), np.int64(61), np.int64(50), np.int64(17), np.int64(30), np.int64(12), np.int64(58), np.int64(31), np.int64(23), np.int64(36), np.int64(14), np.int64(4), np.int64(27), np.int64(59), np.int64(52), np.int64(40), np.int64(23), np.int64(62), np.int64(23), np.int64(51), np.int64(49), np.int64(13), np.int64(34), np.int64(19), np.int64(14), np.int64(55), np.int64(7), np.int64(45), np.int64(26), np.int64(51), np.int64(61), np.int64(43), np.int64(2), np.int64(63), np.int64(11), np.int64(11), np.int64(14), np.int64(47), np.int64(57), np.int64(25), np.int64(4), np.int64(24), np.int64(37), np.int64(63), np.int64(9), np.int64(46)]","[np.int64(56), np.int64(58), np.int64(40), np.int64(47), np.int64(29), np.int64(47), np.int64(43), np.int64(29), np.int64(53), np.int64(62), np.int64(42), np.int64(11), np.int64(14), np.int64(42), np.int64(63), np.int64(18), np.int64(34), np.int64(44), np.int64(50), np.int64(22), np.int64(13), np.int64(33), np.int64(30), np.int64(10), np.int64(37), np.int64(54), np.int64(6), np.int64(26), np.int64(35), np.int64(0), np.int64(59), np.int64(7), np.int64(1), np.int64(49), np.int64(31), np.int64(2), np.int64(40), np.int64(4), np.int64(47), np.int64(50), np.int64(30), np.int64(0), np.int64(33), np.int64(27), np.int64(13), np.int64(18), np.int64(9), np.int64(28), np.int64(1), np.int64(41), np.int64(35), np.int64(21), np.int64(11), np.int64(33), np.int64(44), np.int64(31), np.int64(41), np.int64(15), np.int64(37), np.int64(47), np.int64(58), np.int64(36), np.int64(46), np.int64(24)]",False,False,0.0,0.0,"[55 18 46 18 15 31 15 44 14  4 46 63 46 27 15 15 15 14 15 27  6 27 44 15
 16  6 63 15 16  6  6 15  4 31 46  6 59 57 59 44 27  6 15 18 15 18 15 14
 57 14 18 63 44 44 31 15 55 15 23 15  6 27 16 15]","[ 4 18 44 14 15  6 15 16 27 23 46 31  4 44 15 15 15 14 15 42 14 27 23 15
 16  6 16 15  4  6 23 15 59 14 59 57 59 46 27  6 27  6 15 18 15 18 15 57
 55 55 18 42 27 42 31 15 59 15 55 15 23 27 46 15]",True,True,1.0,1.0,"[ 4 18 14 14 15  6 15  4 14  4 31 18  4 27 15 15 15  4 15 14  6 27 23 15
 16  6 16 15  4  6  6 15  4 14 46  4 59 16  6  6 16  4 15  4 15 18 15  4
  6  6 16 42 27 42  6 15  6 15 23 15  6  4 16 15]","[ 4 42 44 14 15 42 15  4 14 23 46 59  4 44 15 15 15 14 15 14 14 27 57 15
 16  6 27 15  4  6  6 15  4 14 59 57 59 57 44 57 16 14 15  4 15 18 15 14
  6  6 23 42 42 42 63 15 42 15 42 15  6  4 16 15]",True,True,1.0,1.0
[0 1 0 ... 0 0 0],49,"[43 25 36 50 21 24 36 43 27 12 24 50 49 61 24 25 21 44 43 27 46 49 44 27
 49 49 12 49 27 27 43 12 27 25 21 24 49 25 46 49 24 12 24 49 49 46 49 46
 24 49 49 24 39 36 27 39 25 43 50 44 39 25 27 50]","[39 25 36 21 21 24 44 24 27 36 27 36 49 62 27 25 21 21 24 24 44 49 44 27
 49 49 12 49 21 27 43 12 27 25 21 36 49 46 44 49 21 36 36 49 49 27 49 21
 12 49 49 43 36 36 39 27 39 46 44 44 39 25 27 44]",True,True,0.984375,1.0,"[np.int64(62), np.int64(40), np.int64(53), np.int64(38), np.int64(39), np.int64(34), np.int64(1), np.int64(27), np.int64(9), np.int64(48), np.int64(2), np.int64(10), np.int64(4), np.int64(19), np.int64(49), np.int64(44), np.int64(63), np.int64(20), np.int64(22), np.int64(60), np.int64(55), np.int64(16), np.int64(26), np.int64(55), np.int64(29), np.int64(0), np.int64(63), np.int64(28), np.int64(50), np.int64(46), np.int64(57), np.int64(8), np.int64(9), np.int64(19), np.int64(10), np.int64(43), np.int64(48), np.int64(26), np.int64(37), np.int64(25), np.int64(25), np.int64(8), np.int64(17), np.int64(0), np.int64(54), np.int64(1), np.int64(25), np.int64(43), np.int64(52), np.int64(26), np.int64(40), np.int64(63), np.int64(35), np.int64(46), np.int64(13), np.int64(44), np.int64(60), np.int64(31), np.int64(2), np.int64(28), np.int64(3), np.int64(21), np.int64(35), np.int64(54)]","[np.int64(13), np.int64(31), np.int64(23), np.int64(61), np.int64(34), np.int64(34), np.int64(20), np.int64(18), np.int64(0), np.int64(52), np.int64(15), np.int64(31), np.int64(37), np.int64(30), np.int64(35), np.int64(61), np.int64(23), np.int64(10), np.int64(21), np.int64(34), np.int64(20), np.int64(9), np.int64(16), np.int64(37), np.int64(58), np.int64(61), np.int64(38), np.int64(23), np.int64(22), np.int64(59), np.int64(0), np.int64(60), np.int64(52), np.int64(46), np.int64(38), np.int64(52), np.int64(61), np.int64(30), np.int64(13), np.int64(51), np.int64(5), np.int64(59), np.int64(48), np.int64(44), np.int64(5), np.int64(20), np.int64(61), np.int64(15), np.int64(1), np.int64(4), np.int64(42), np.int64(44), np.int64(61), np.int64(39), np.int64(42), np.int64(34), np.int64(39), np.int64(7), np.int64(41), np.int64(30), np.int64(46), np.int64(53), np.int64(31), np.int64(21)]",False,False,0.0,0.0,"[39 44 25 50 27 24 44 43 24 36 21 44 49 61 24 21 43 44 24 27 21 49 44 21
 49 49 12 49 46 12 43 44 21 25 25 24 49 46 44 49 24 36 24 49 49 21 49 46
 12 49 49 43 12 12 27 27 39 46 50 25 39 25 27 50]","[43 25 44 44 27 24 44 24 21 36 24 50 49 28 27 50 21 21 43 36 36 49 44 44
 49 49 12 49 46 24 43 12 21 25 21 36 49 43 46 49 12 36 25 49 49 46 49 39
 24 49 49 24 39 36 27 27 39 46 27 25 39 25 27 12]",True,True,1.0,1.0,"[39 25 25 27 27 27 36 12 27 12 27 36 49  2 27 25 21 21 24 27 21 49 44 21
 49 49 12 49 12 12 43 12 21 25 12 24 49 25 46 49 12 12 12 49 49 21 49 21
 12 49 49 24 12 12 25 27 25 36 27 25 39 25 27 12]","[39 25 36 25 27 27 36 21 24 36 27 36 49 23 27 25 21 21 24 36 36 49 44 25
 49 49 12 49 21 27 43 46 27 25 27 36 49 46 44 49 21 36 46 49 49 27 49 39
 21 49 49 24 36 36 25 27 27 46 27 25 39 25 27 50]",True,True,1.0,1.0
[0 0 0 ... 0 0 1],48,"[34 42 24 48 18 49 34 30 48  3  3 48 34 42 18 34 11 59 48 24 58 42 59 41
 48  3 58  3 31 31 48 48 30 59 48  3 42 18 34  3 49 48 48 31 31  8 57 49
 48 48 49  3 42 24  3  3 49 48 48 48  8  1  3 24]","[57 42 24 48 34 49 57 30 48 31  3 48 34 30 24 34 18 58 48 49 57 49 30  8
 48  3 11 30 31 31 48 48 24 42 48 42 31 11 58 49 59 48 48 49  8  3 57 11
 48 48  3 11 24 59 57 58 42 48 48 48 57 17  3 11]",True,True,0.984375,1.0,"[np.int64(28), np.int64(1), np.int64(14), np.int64(18), np.int64(37), np.int64(43), np.int64(26), np.int64(17), np.int64(41), np.int64(57), np.int64(63), np.int64(47), np.int64(42), np.int64(5), np.int64(12), np.int64(19), np.int64(16), np.int64(25), np.int64(0), np.int64(37), np.int64(52), np.int64(3), np.int64(36), np.int64(34), np.int64(39), np.int64(13), np.int64(43), np.int64(48), np.int64(29), np.int64(62), np.int64(43), np.int64(34), np.int64(31), np.int64(55), np.int64(1), np.int64(40), np.int64(54), np.int64(32), np.int64(6), np.int64(4), np.int64(9), np.int64(59), np.int64(21), np.int64(0), np.int64(5), np.int64(57), np.int64(41), np.int64(59), np.int64(63), np.int64(61), np.int64(35), np.int64(21), np.int64(17), np.int64(35), np.int64(26), np.int64(57), np.int64(21), np.int64(39), np.int64(46), np.int64(61), np.int64(48), np.int64(34), np.int64(13), np.int64(38)]","[np.int64(48), np.int64(6), np.int64(46), np.int64(62), np.int64(48), np.int64(56), np.int64(20), np.int64(9), np.int64(11), np.int64(57), np.int64(57), np.int64(46), np.int64(16), np.int64(2), np.int64(47), np.int64(36), np.int64(61), np.int64(49), np.int64(41), np.int64(20), np.int64(13), np.int64(41), np.int64(47), np.int64(46), np.int64(11), np.int64(7), np.int64(0), np.int64(30), np.int64(63), np.int64(14), np.int64(7), np.int64(5), np.int64(37), np.int64(10), np.int64(15), np.int64(13), np.int64(13), np.int64(44), np.int64(33), np.int64(30), np.int64(26), np.int64(55), np.int64(53), np.int64(3), np.int64(46), np.int64(47), np.int64(47), np.int64(35), np.int64(2), np.int64(18), np.int64(31), np.int64(41), np.int64(15), np.int64(12), np.int64(35), np.int64(17), np.int64(14), np.int64(47), np.int64(35), np.int64(0), np.int64(7), np.int64(39), np.int64(20), np.int64(44)]",False,False,0.0,0.0,"[59 42 31 48 24 41 34 41 48 31 24 48 59 34 31 34 11 30 48 24 58 42 24 41
 48  3 11 57 31 31 48 48 30 59 48 42 41 30 58 57 58 48 48 34  8  8 57 11
 48 48 57 11 24 31 58  3 57 48 48 48  8 21 49 24]","[30 42 59 48 34 11 57 30 48 31 34 48 34 30 30 34 18 30 48 57 58 30 30 18
 48  3 24 57 31 31 48 48 30 59 48 34 11 18 42 49 49 48 48 34 31  8 11 49
 48 48 34  3 42 24  3  3 41 48 48 48 49 38  3 34]",True,True,1.0,1.0,"[34 42 24 48  8  3 34 30 48  3  3 48 24 31  3 18 11 11 48 24 58 30 18  8
 48  3 11  3 31 31 48 48 24 42 48  3 11 11 34  3 24 48 48 31  8  3 11 24
 48 48  3  3 24 24  3  3  8 48 48 48  8  2  3 11]","[30 42 59 48 34 49 34 30 48 49 34 48 34 30 18 34 11 34 48 57 57 30 18 18
 48 11 24 57 31 31 48 48 24 59 48 34 42 30 34 57 57 48 48 49 31  8 57 49
 48 48 49 24 42 59 57 58 57 48 48 48 57  2 49 30]",True,True,1.0,1.0
[1 0 1 ... 0 0 0],7,"[ 2 50  7  2  5  7 35  7 21  7  7  2 35 35  2 53  2  7 17 34 31  7 21 17
 17  5 57 10 58 34 10  7  5 58  7  7 31  7 53 21  9 58 21  2 10  2 62 37
 62  5  7 10 50  7 25  5 37 58  7  5  2 50  7 10]","[ 2 53  7  5  5  7 34  7 21  7  7 37 35 35 62 53 34  7 17 34 53  7 50  5
 17  5 60 31 10 34 10  7 21 53  7  7 34  7 53 53 37 34 21 37 10  2 10 58
 50 31  7 10  5  7 49  2 37 58  7  5 10 50  7 10]",True,True,0.984375,1.0,"[np.int64(9), np.int64(47), np.int64(10), np.int64(63), np.int64(25), np.int64(19), np.int64(5), np.int64(1), np.int64(58), np.int64(1), np.int64(31), np.int64(54), np.int64(7), np.int64(29), np.int64(42), np.int64(49), np.int64(18), np.int64(7), np.int64(4), np.int64(24), np.int64(19), np.int64(34), np.int64(7), np.int64(61), np.int64(57), np.int64(59), np.int64(19), np.int64(41), np.int64(21), np.int64(56), np.int64(51), np.int64(3), np.int64(15), np.int64(22), np.int64(7), np.int64(19), np.int64(19), np.int64(27), np.int64(51), np.int64(14), np.int64(0), np.int64(15), np.int64(2), np.int64(2), np.int64(35), np.int64(13), np.int64(9), np.int64(40), np.int64(51), np.int64(6), np.int64(13), np.int64(31), np.int64(2), np.int64(39), np.int64(21), np.int64(43), np.int64(41), np.int64(25), np.int64(63), np.int64(16), np.int64(57), np.int64(31), np.int64(24), np.int64(58)]","[np.int64(44), np.int64(46), np.int64(17), np.int64(28), np.int64(38), np.int64(19), np.int64(20), np.int64(18), np.int64(27), np.int64(62), np.int64(28), np.int64(28), np.int64(1), np.int64(62), np.int64(34), np.int64(49), np.int64(0), np.int64(24), np.int64(7), np.int64(59), np.int64(33), np.int64(41), np.int64(50), np.int64(44), np.int64(18), np.int64(57), np.int64(46), np.int64(60), np.int64(54), np.int64(44), np.int64(13), np.int64(44), np.int64(19), np.int64(52), np.int64(45), np.int64(11), np.int64(37), np.int64(38), np.int64(9), np.int64(56), np.int64(63), np.int64(17), np.int64(4), np.int64(38), np.int64(26), np.int64(6), np.int64(54), np.int64(12), np.int64(62), np.int64(47), np.int64(23), np.int64(41), np.int64(0), np.int64(61), np.int64(47), np.int64(15), np.int64(24), np.int64(56), np.int64(35), np.int64(22), np.int64(56), np.int64(42), np.int64(32), np.int64(23)]",False,False,0.0,0.0,"[10 50  7 37  5  7 35  7 10  7  7  2 35 53 62 53 10  7  2 34 31  7 17 50
 62  5 47 62 50 34 10  7  5 58  7  7 37  7  9 58 62 31 21 37 37  2 31  2
 31  5  7 62 50  7 25 35 37 58  7 62  2 50  7 10]","[10 50  7  2  5  7 35  7 53  7  7 58 35 53 62 53 34  7 17 58 53  7 17 50
 62  9 46 31 58 34 10  7 21 53  7  7 34  7 53 21 10 34 21 62 10  2 31  2
 10 10  7 10 50  7 33 35 62 58  7 62  2 50  7 10]",True,True,1.0,1.0,"[ 2  2  7  2  5  7  2  7  5  7  7  2  9 35  2 53  2  7  2 34 31  7  9  5
  2  5  1 10  5 34  9  7  5 53  7  7 31  7  2  2  2 31 21  2 10  2  2  2
 10  5  7 10  2  7  1  2  5 58  7  5  2 50  7 10]","[10 53  7  5  5  7 35  7 10  7  7 10 35 53 62 53 10  7 17 58 31  7 17  5
 17  5 19 10 10 34 10  7  5 53  7  7 37  7 53 10 17 34 21 10 10  2 10 37
 10 10  7 10 58  7 20 35  5 58  7  5 10 50  7 10]",True,True,1.0,1.0
[0 1 0 ... 0 0 0],49,"[39 44 44 21 27 24 36 12 27 36 27 50 49 63 24 21 43 21 24 27 21 49 44 44
 49 49 12 49 46 12 43 44 27 25 27 36 49 25 44 49 21 12 46 49 49 46 49 39
 21 49 49 43 36 39 39 39 46 43 27 25 43 25 46 44]","[39 44 44 25 27 24 44 21 24 36 27 36 49 23 24 25 21 44 43 36 36 49 44 44
 49 49 12 49 21 24 43 46 27 25 36 36 49 46 44 49 21 36 36 49 49 46 49 39
 12 49 49 43 39 39 25 27 39 43 44 44 39 25 46 12]",True,True,0.984375,1.0,"[np.int64(35), np.int64(27), np.int64(10), np.int64(41), np.int64(46), np.int64(20), np.int64(63), np.int64(18), np.int64(35), np.int64(55), np.int64(58), np.int64(50), np.int64(7), np.int64(38), np.int64(29), np.int64(60), np.int64(49), np.int64(60), np.int64(40), np.int64(2), np.int64(23), np.int64(51), np.int64(20), np.int64(21), np.int64(40), np.int64(11), np.int64(5), np.int64(5), np.int64(28), np.int64(61), np.int64(26), np.int64(26), np.int64(40), np.int64(48), np.int64(0), np.int64(51), np.int64(6), np.int64(63), np.int64(24), np.int64(52), np.int64(26), np.int64(18), np.int64(46), np.int64(12), np.int64(4), np.int64(18), np.int64(57), np.int64(5), np.int64(42), np.int64(6), np.int64(6), np.int64(34), np.int64(52), np.int64(54), np.int64(4), np.int64(45), np.int64(29), np.int64(27), np.int64(14), np.int64(20), np.int64(48), np.int64(48), np.int64(30), np.int64(49)]","[np.int64(22), np.int64(22), np.int64(19), np.int64(58), np.int64(56), np.int64(1), np.int64(39), np.int64(38), np.int64(45), np.int64(13), np.int64(19), np.int64(36), np.int64(42), np.int64(15), np.int64(34), np.int64(44), np.int64(10), np.int64(48), np.int64(34), np.int64(54), np.int64(29), np.int64(43), np.int64(22), np.int64(62), np.int64(37), np.int64(18), np.int64(46), np.int64(9), np.int64(49), np.int64(0), np.int64(3), np.int64(23), np.int64(39), np.int64(37), np.int64(21), np.int64(47), np.int64(15), np.int64(48), np.int64(35), np.int64(17), np.int64(50), np.int64(30), np.int64(5), np.int64(23), np.int64(27), np.int64(44), np.int64(48), np.int64(39), np.int64(40), np.int64(20), np.int64(3), np.int64(46), np.int64(18), np.int64(4), np.int64(16), np.int64(54), np.int64(28), np.int64(23), np.int64(43), np.int64(58), np.int64(54), np.int64(17), np.int64(63), np.int64(12)]",False,False,0.0,0.0,"[43 25 25 25 21 27 36 24 24 12 24 36 49 51 27 24 21 21 24 36 21 49 44 21
 49 49 12 49 12 27 43 46 27 25 21 36 49 25 44 49 24 36 25 49 49 27 49 39
 12 49 49 43 12 43 43 39 39 46 44 25 39 25 46 50]","[39 44 36 25 27 27 36 24 24 36 21 50 49 23 27 25 36 44 24 24 21 49 44 44
 49 49 12 49 46 27 43 12 21 25 27 36 49 43 46 49 21 12 25 49 49 21 49 21
 12 49 49 24 36 12 43 39 25 36 27 44 43 25 46 12]",True,True,1.0,1.0,"[39 25 25 27 27 27 36 12 27 12 27 36 49  2 27 25 21 21 24 27 21 49 44 21
 49 49 12 49 12 12 43 12 21 25 12 24 49 25 46 49 12 12 12 49 49 21 49 21
 12 49 49 24 12 12 25 27 25 36 27 25 39 25 27 12]","[39 25 36 25 27 27 36 21 24 36 27 36 49 23 27 25 21 21 24 36 36 49 44 25
 49 49 12 49 21 27 43 46 27 25 27 36 49 46 44 49 21 36 46 49 49 27 49 39
 21 49 49 24 36 36 25 27 27 46 27 25 39 25 27 50]",True,True,1.0,1.0
[0 1 0 ... 0 1 0],62,"[ 4 41 48 62 62  3 62  6 62  6 26 48 39  8  8  4  6 41 47 62  3 61 26 62
 47  6 62 19 61 48 39  3 19 19 19  8 39 41  8 62 26 62 39 47  6 48 19 62
 62 39 39 39 26 39 23 39  6  8 63 41  4 62 62 62]","[ 6 41 48 62 62  3 62  6 62 39 47 41 61  8 47  4  6 41 61 62  3 23 26 62
 47  8 62 19 47 48 39  3 47 41 63  8 39 41 26 62  3 62 26 47 26 48  6 62
 62 48 48 39 26 19  6 39  6 19  4 47  6 62 62 62]",True,True,0.984375,1.0,"[np.int64(9), np.int64(15), np.int64(41), np.int64(53), np.int64(50), np.int64(35), np.int64(30), np.int64(8), np.int64(32), np.int64(21), np.int64(34), np.int64(16), np.int64(63), np.int64(58), np.int64(11), np.int64(11), np.int64(59), np.int64(58), np.int64(42), np.int64(18), np.int64(8), np.int64(22), np.int64(16), np.int64(25), np.int64(2), np.int64(22), np.int64(45), np.int64(29), np.int64(3), np.int64(15), np.int64(36), np.int64(37), np.int64(40), np.int64(24), np.int64(6), np.int64(11), np.int64(28), np.int64(41), np.int64(58), np.int64(30), np.int64(61), np.int64(52), np.int64(11), np.int64(8), np.int64(11), np.int64(38), np.int64(36), np.int64(54), np.int64(32), np.int64(15), np.int64(22), np.int64(36), np.int64(15), np.int64(33), np.int64(22), np.int64(12), np.int64(12), np.int64(41), np.int64(30), np.int64(32), np.int64(10), np.int64(37), np.int64(54), np.int64(16)]","[np.int64(0), np.int64(62), np.int64(45), np.int64(60), np.int64(19), np.int64(8), np.int64(7), np.int64(36), np.int64(46), np.int64(58), np.int64(0), np.int64(4), np.int64(42), np.int64(34), np.int64(23), np.int64(27), np.int64(42), np.int64(61), np.int64(6), np.int64(25), np.int64(28), np.int64(29), np.int64(39), np.int64(0), np.int64(3), np.int64(11), np.int64(59), np.int64(5), np.int64(42), np.int64(48), np.int64(63), np.int64(54), np.int64(48), np.int64(9), np.int64(4), np.int64(42), np.int64(40), np.int64(31), np.int64(27), np.int64(36), np.int64(61), np.int64(28), np.int64(31), np.int64(0), np.int64(36), np.int64(2), np.int64(13), np.int64(54), np.int64(17), np.int64(12), np.int64(51), np.int64(21), np.int64(61), np.int64(15), np.int64(17), np.int64(44), np.int64(42), np.int64(5), np.int64(31), np.int64(20), np.int64(28), np.int64(33), np.int64(58), np.int64(22)]",False,False,0.0,0.0,"[ 4 41 23 62 62  3 62 41 62  6 26 48 41  8 47  4 26  3  4 62 39  3 23 62
 26  8 62  4 61 41 39  3 19 41 48  8 47  8  8 62 63 62 48 47  6 48 19 62
 62 23  6  8 26 41  6 39  6 39  4 41 41 62 62 62]","[ 6 41  3 62 62  3 62 41 62 39 26 23  3  8  8 19 19  3 47 62  3 61 26 62
 26  6 62  4 47 48 39  3 47 41 63 39  3 41 26 62 26 62 39 47  6 48  6 62
 62 48 48  8 26  3 23 39  6 23 26 39  4 62 62 62]",True,True,1.0,1.0,"[ 4 41  3 62 62  3 62  6 62  6  4  6  3  8  8  4  6  3  4 62  3  3  3 62
 23  6 62  4  3 26 39  3 19 19  3  8  3  8  8 62  3 62 26 23  6 48  6 62
 62 23  6  8 26  3  6 39  4  8  4 39  4 62 62 62]","[ 6 41  3 62 62  3 62 63 62  6  6 23 39  8 47  4  6 41 47 62  3 61  3 62
 26  6 62 61  3 26 39  3 47 41  3 48 39 41 26 62  3 62 26 23 26 48  6 62
 62 48 48  8 26 41  6 39  6 41 26 41 23 62 62 62]",True,True,1.0,1.0
[1 0 0 ... 0 1 1],17,"[56 16 43 16 16 17 17 56 43 19 19 56 63 19 56 39 17 17 16 17 42 17 43 39
 43 17  6 25 25 43 42 16 51 51 17 25 51 43 21 17 42  6 17 17 51 43 21 51
 51 63  6 17 63 43  6  5 17 63  5  6 56 51 63 17]","[56 42 63  6 51 17 17 25 43  6 16 56 42 19 51 25 17 17 16 17 16 17  5 39
 16 17  5 25  6 43 56 16 42 43 17 25 16 43 43 17 42 25 17 17 51 42 21 51
 42 39  6 17 39 34 51 51 17 16 16  6 51 42 43 17]",True,True,0.984375,1.0,"[np.int64(11), np.int64(41), np.int64(60), np.int64(45), np.int64(9), np.int64(2), np.int64(44), np.int64(20), np.int64(47), np.int64(42), np.int64(17), np.int64(60), np.int64(28), np.int64(5), np.int64(39), np.int64(43), np.int64(15), np.int64(25), np.int64(28), np.int64(37), np.int64(14), np.int64(22), np.int64(12), np.int64(26), np.int64(61), np.int64(41), np.int64(11), np.int64(53), np.int64(16), np.int64(46), np.int64(46), np.int64(37), np.int64(24), np.int64(13), np.int64(8), np.int64(7), np.int64(2), np.int64(28), np.int64(35), np.int64(51), np.int64(33), np.int64(46), np.int64(23), np.int64(13), np.int64(30), np.int64(8), np.int64(57), np.int64(15), np.int64(45), np.int64(39), np.int64(15), np.int64(10), np.int64(55), np.int64(13), np.int64(9), np.int64(51), np.int64(60), np.int64(1), np.int64(44), np.int64(15), np.int64(54), np.int64(9), np.int64(50), np.int64(25)]","[np.int64(7), np.int64(31), np.int64(24), np.int64(3), np.int64(63), np.int64(7), np.int64(61), np.int64(1), np.int64(47), np.int64(37), np.int64(47), np.int64(10), np.int64(14), np.int64(0), np.int64(38), np.int64(55), np.int64(28), np.int64(47), np.int64(29), np.int64(61), np.int64(16), np.int64(17), np.int64(32), np.int64(47), np.int64(13), np.int64(2), np.int64(5), np.int64(7), np.int64(54), np.int64(36), np.int64(52), np.int64(44), np.int64(35), np.int64(32), np.int64(36), np.int64(26), np.int64(15), np.int64(39), np.int64(28), np.int64(12), np.int64(31), np.int64(47), np.int64(60), np.int64(21), np.int64(53), np.int64(7), np.int64(30), np.int64(7), np.int64(32), np.int64(54), np.int64(24), np.int64(1), np.int64(51), np.int64(2), np.int64(21), np.int64(45), np.int64(31), np.int64(45), np.int64(19), np.int64(11), np.int64(23), np.int64(38), np.int64(38), np.int64(21)]",False,False,0.0,0.0,"[19 16 43 19 42 17 17 56 43 51 16 56 39 19 56 42 17 17 16 17 16 17 21 39
 43 17  6 25  6 43 56 19 34 43 17  5 51 56 16 17 42 34 17 17 51 43 21 51
 21 42 39 17 56 34 34  5 17  6  5 21  6 42 21 17]","[19 42  5 21  5 17 17 25 25 51 51 56 42 19 56 25 17 17 16 17 42 17 43 39
 16 17  6 25 25 16 42 16 42 43 17 34 43  6 16 17 42 25 17 17 51 56 21 51
 51 39  6 17 56 34  6 25 17  6  5 42 56  6 21 17]",True,True,1.0,1.0,"[19 16  5  6  5 17 17 25 25  6  5 56  6 19 51 21 17 17 16 17 16 17  5 39
  5 17  5 25  6 16 21 16 21 43 17  5  5  6 16 17 42  6 17 17  5 43 21 51
  6  5  6 17 39 19  6  5 17  5  5  6  6  6 21 17]","[56 51 43  6  5 17 17 25 43  6 16 56  6 19 51 25 17 17 16 17 16 17 34 39
 16 17  6 25  6 16 42 16 43 43 17 25 16 43 16 17 42  6 17 17 51 42 21 51
 43 39  6 17 63 34  6 51 17 39 16  6  6 51 43 17]",True,True,1.0,1.0
[1 0 0 ... 0 0 1],57,"[52 57 17 25 36 57 40 17  1 40  1 19 57 27 17  1 27 57 40 57 17  1 46 19
 57 57 25 57 26 43 40 25 36 57 43 46 57 17 43 36 57 40 33 57 57 52 57 40
 25 27  1 24 57 27 25 52 33 57 12  5 52  1 40 36]","[52 57  5 36 24 57 44 17 40 52 19 25 57 46 17 36 27 57 40 57 44 25 40 52
 57 57 43 57 16 43 25 43 36 57  1 40 57  5 46  1 57 46 24 57 57 24 57 40
 25 44  1 24 57 27 24 52 33 57 19 19 52  1 12 40]",True,True,0.984375,1.0,"[np.int64(59), np.int64(15), np.int64(16), np.int64(23), np.int64(37), np.int64(35), np.int64(34), np.int64(36), np.int64(59), np.int64(33), np.int64(20), np.int64(34), np.int64(16), np.int64(27), np.int64(56), np.int64(32), np.int64(27), np.int64(44), np.int64(15), np.int64(40), np.int64(15), np.int64(33), np.int64(1), np.int64(32), np.int64(35), np.int64(50), np.int64(48), np.int64(45), np.int64(18), np.int64(23), np.int64(15), np.int64(8), np.int64(12), np.int64(12), np.int64(63), np.int64(25), np.int64(57), np.int64(7), np.int64(43), np.int64(35), np.int64(14), np.int64(32), np.int64(8), np.int64(63), np.int64(50), np.int64(7), np.int64(49), np.int64(51), np.int64(57), np.int64(9), np.int64(11), np.int64(27), np.int64(46), np.int64(43), np.int64(62), np.int64(17), np.int64(47), np.int64(61), np.int64(33), np.int64(30), np.int64(27), np.int64(36), np.int64(58), np.int64(5)]","[np.int64(60), np.int64(34), np.int64(43), np.int64(51), np.int64(24), np.int64(25), np.int64(40), np.int64(44), np.int64(8), np.int64(60), np.int64(49), np.int64(44), np.int64(56), np.int64(54), np.int64(36), np.int64(18), np.int64(52), np.int64(35), np.int64(11), np.int64(36), np.int64(10), np.int64(51), np.int64(28), np.int64(36), np.int64(41), np.int64(11), np.int64(55), np.int64(32), np.int64(2), np.int64(28), np.int64(23), np.int64(33), np.int64(25), np.int64(18), np.int64(11), np.int64(24), np.int64(9), np.int64(18), np.int64(37), np.int64(46), np.int64(2), np.int64(44), np.int64(63), np.int64(50), np.int64(31), np.int64(45), np.int64(21), np.int64(4), np.int64(61), np.int64(36), np.int64(18), np.int64(36), np.int64(27), np.int64(32), np.int64(61), np.int64(50), np.int64(49), np.int64(33), np.int64(20), np.int64(56), np.int64(57), np.int64(19), np.int64(0), np.int64(39)]",False,False,0.0,0.0,"[33 57  5 27 19 57 44 46 52 17 19 17 57 27 19 12 27 57 40 57 24 12 17 52
 57 57 43 57 16 43 43 40 17 57 25 44 57 46 24 36 57 27 24 57 57 52 57 40
 36  1 43 24 57 33 24  5 17 57 19 19 46 24 12 36]","[52 57 17 27 19 57 40 46  1 17  1 17 57  5 17 12 27 57 27 57 24 19 17 52
 57 57  1 57 51 46 25 43 24 57  1 44 57 17 24  1 57  1 24 57 57 52 57 12
 36 36 40  5 57 46 36  5 19 57 19 33 46 46 12 40]",True,True,1.0,1.0,"[33 57  5 25 19 57 40 19  1  5  1  1 57  5 19  1 27 57 17 57 12  1 17 12
 57 57  1 57 20 12 24 25 12 57  1 19 57  5 19  1 57  5 24 57 57 24 57  5
 25  1  1  5 57 17 24  5 12 57 12  5 46  1 12 25]","[33 57  5 36 19 57 44 46 40  5  5  1 57 46 19  1 27 57 40 57 44 19 46 52
 57 57  1 57 16 46 36 40 44 57 43 46 57  5 46  1 57 40 33 57 57 33 57  5
 36 44  1  5 57 46 46  5 40 57 19  5 52  1 40 40]",True,True,1.0,1.0
[1 0 1 ... 0 0 1],17,"[17 40  0 40 63 29 60 21 42 17 42 14 48 38 17 60 54 17 17  0 17 17 18 18
 38 38 20 14 18 17 20 48 20 40 55 14 21 18 17 40 17 60 17 54 58 29 48 20
 17 29 14 29 20 17 17 17 48 21 17 29 17 53 14 17]","[17 63 40 54 63 20 42 55 54 17 38 55 21 60 17 14 53 17 17 54 17 17  0 21
 53 54 58 14 18 17 54 48 29 38 55  9 53 18 17 20 17 60 17 18 63 29 63 42
 17 20 21 60  0 17 17 17 42 21 17 29 17 55 55 17]",True,True,0.984375,1.0,"[np.int64(39), np.int64(36), np.int64(18), np.int64(34), np.int64(9), np.int64(58), np.int64(36), np.int64(18), np.int64(28), np.int64(33), np.int64(5), np.int64(47), np.int64(55), np.int64(37), np.int64(13), np.int64(23), np.int64(31), np.int64(38), np.int64(26), np.int64(54), np.int64(41), np.int64(30), np.int64(14), np.int64(55), np.int64(9), np.int64(16), np.int64(36), np.int64(34), np.int64(42), np.int64(60), np.int64(60), np.int64(18), np.int64(17), np.int64(4), np.int64(57), np.int64(8), np.int64(61), np.int64(17), np.int64(20), np.int64(8), np.int64(6), np.int64(3), np.int64(52), np.int64(57), np.int64(30), np.int64(33), np.int64(43), np.int64(15), np.int64(12), np.int64(35), np.int64(13), np.int64(50), np.int64(42), np.int64(11), np.int64(56), np.int64(63), np.int64(21), np.int64(38), np.int64(4), np.int64(62), np.int64(21), np.int64(12), np.int64(18), np.int64(18)]","[np.int64(31), np.int64(16), np.int64(17), np.int64(1), np.int64(63), np.int64(35), np.int64(49), np.int64(2), np.int64(28), np.int64(35), np.int64(48), np.int64(34), np.int64(40), np.int64(46), np.int64(38), np.int64(4), np.int64(17), np.int64(16), np.int64(42), np.int64(8), np.int64(55), np.int64(48), np.int64(43), np.int64(53), np.int64(63), np.int64(16), np.int64(18), np.int64(53), np.int64(17), np.int64(21), np.int64(13), np.int64(55), np.int64(37), np.int64(33), np.int64(62), np.int64(5), np.int64(44), np.int64(5), np.int64(55), np.int64(52), np.int64(42), np.int64(63), np.int64(14), np.int64(54), np.int64(43), np.int64(53), np.int64(44), np.int64(34), np.int64(62), np.int64(6), np.int64(50), np.int64(54), np.int64(32), np.int64(50), np.int64(61), np.int64(25), np.int64(46), np.int64(38), np.int64(9), np.int64(22), np.int64(29), np.int64(20), np.int64(13), np.int64(58)]",False,False,0.0,0.0,"[17 29 40 54 63 29 54 60  0 17 14 42 48 21 17 40 20 17 17  0 17 17 54 21
 53 40 58 40 18 17 20 48 53 29 55 14  9 18 17 20 17 38 17 53 60 53 63 42
 17 29 21 60  0 17 17 17 20 21 17 29 17 53 60 17]","[17 38  0 40 63 53 54 21 54 17 14 55 40  0 17 60 53 17 17 40 17 17 63 54
 58 48 20 14 18 17 54 48 63 38 55 14 21 18 17 20 17 38 17 55 63 53 21 48
 17 20 58 60 18 17 17 17 20 20 17 29 17 55 55 17]",True,True,1.0,1.0,"[17 29  0 40 63 20  9  0  0 17 14 14 18  0 17 14 20 17 17  0 17 17  0 18
 38 21 20 14 18 17 20 48 20 18 40  9  0 18 17 20 17 38 17 18 58 14 14 18
 17 20  9 29  0 17 17 17 20  0 17 29 17  0 14 17]","[17 29  0 54 63 63 54 60 54 17 14 14 48 60 17 14 54 17 17 14 17 17 54 54
 53 54 20 14 48 17 54 48 63 18 40 14  0 18 17 53 17 60 17 55 60 14 14 18
 17 29 14 29 38 17 17 17 20 21 17 29 17  0 60 17]",True,True,1.0,1.0
[0 1 0 ... 1 1 0],52,"[44 38 52 17 38  8 52  6 52 48  8  2 22  8 52 22 22 48  8 52 55  6 52 22
 48  2 52 52 44 57 44 36  6 62 27  8 52 62 52 38  8 48 14  6 52 48 48 38
 52 57  8 14 52 14  6 52 55 52 57 55 38 38 52 19]","[44 57 52 33 36 38 52  6 52 62 55 55 36  2 52 55 22 36  8 52 55 22 52 22
 36  2 52 52 48 27 38 36 55 62 27 48 52 55 52 27  8 48  6 36 52 62 36 36
 52 57 22  2 52 38  2 52 55 52  2 27 38 36 52 62]",True,True,0.984375,1.0,"[np.int64(30), np.int64(53), np.int64(23), np.int64(36), np.int64(38), np.int64(24), np.int64(61), np.int64(23), np.int64(31), np.int64(18), np.int64(63), np.int64(5), np.int64(59), np.int64(61), np.int64(50), np.int64(24), np.int64(11), np.int64(5), np.int64(55), np.int64(60), np.int64(25), np.int64(52), np.int64(13), np.int64(31), np.int64(24), np.int64(8), np.int64(25), np.int64(24), np.int64(44), np.int64(48), np.int64(56), np.int64(26), np.int64(63), np.int64(4), np.int64(17), np.int64(32), np.int64(38), np.int64(11), np.int64(11), np.int64(24), np.int64(27), np.int64(56), np.int64(60), np.int64(21), np.int64(36), np.int64(2), np.int64(8), np.int64(56), np.int64(40), np.int64(55), np.int64(39), np.int64(58), np.int64(22), np.int64(20), np.int64(34), np.int64(48), np.int64(63), np.int64(7), np.int64(10), np.int64(37), np.int64(54), np.int64(23), np.int64(23), np.int64(44)]","[np.int64(17), np.int64(41), np.int64(29), np.int64(21), np.int64(2), np.int64(35), np.int64(30), np.int64(41), np.int64(63), np.int64(32), np.int64(53), np.int64(60), np.int64(20), np.int64(45), np.int64(11), np.int64(26), np.int64(56), np.int64(37), np.int64(7), np.int64(2), np.int64(56), np.int64(34), np.int64(44), np.int64(29), np.int64(57), np.int64(50), np.int64(14), np.int64(12), np.int64(9), np.int64(44), np.int64(7), np.int64(56), np.int64(9), np.int64(42), np.int64(4), np.int64(60), np.int64(62), np.int64(18), np.int64(63), np.int64(45), np.int64(45), np.int64(28), np.int64(0), np.int64(59), np.int64(8), np.int64(10), np.int64(3), np.int64(56), np.int64(61), np.int64(55), np.int64(62), np.int64(29), np.int64(2), np.int64(18), np.int64(12), np.int64(19), np.int64(48), np.int64(42), np.int64(19), np.int64(20), np.int64(8), np.int64(51), np.int64(1), np.int64(57)]",False,False,0.0,0.0,"[48 62 52 54 36  8 52 27 52  6  6 55 22  8 52 55 48 38  8 52 27 22 52  2
  2  8 52 52 48 14 44 36 44 26 48 36 52  2 52 27  8 48  6  6 52 19 48 27
 52 57 22 14 52 14  2 52 44 52 57 55 19 36 52 44]","[48 62 52 23 38 38 52  6 52 48  6 38 36 62 52 55 22 48  8 52 55 48 52  2
 19  8 52 52 48 57 38 36 55  8 27  8 52 62 52 44  8 48 14  2 52 19 36 27
 52 57 22  2 52 14  2 52 55 52 57 22 38 62 52 19]",True,True,1.0,1.0,"[14  2 52 17 36  8 52  6 52  6  6  2 22  2 52 22 19  6  8 52  2  6 52  2
  2  2 52 52 48  2 38 36  6  8 27  8 52  2 52 27  8  6  6  2 52  6 19  8
 52 57  2  2 52 14  2 52 44 52  2 22 19  2 52 19]","[48  2 52 23 36 38 52 27 52 48  6 38 36  8 52 27 48 36  8 52  2 48 52 38
  2  8 52 52 48 27 38 36  6 38 27 36 52  2 52 38  8 48  6 36 52 19 36 36
 52 57  2  2 52 38  2 52 55 52  2 27 38 36 52 19]",True,True,1.0,1.0
[0 1 0 ... 0 0 0],49,"[39 44 36 27 21 27 36 43 50 36 21 50 49  2 27 39 21 21 24 27 21 49 44 50
 49 49 12 49 24 24 43 44 21 25 12 24 49 43 46 49 24 12 25 49 49 44 49 44
 24 49 49 24 39 43 43 39 25 43 44 44 43 25 27 44]","[43 25 25 50 27 24 44 21 21 36 27 50 49 61 27 25 21 21 24 36 36 49 44 25
 49 49 12 49 21 27 43 44 27 25 27 24 49 43 44 49 21 12 24 49 49 46 49 21
 21 49 49 43 36 36 27 39 27 36 44 44 39 25 46 12]",True,True,0.984375,1.0,"[np.int64(2), np.int64(22), np.int64(54), np.int64(61), np.int64(24), np.int64(50), np.int64(39), np.int64(42), np.int64(56), np.int64(41), np.int64(13), np.int64(20), np.int64(60), np.int64(26), np.int64(4), np.int64(50), np.int64(58), np.int64(58), np.int64(46), np.int64(22), np.int64(0), np.int64(59), np.int64(33), np.int64(14), np.int64(51), np.int64(35), np.int64(63), np.int64(56), np.int64(20), np.int64(8), np.int64(34), np.int64(57), np.int64(60), np.int64(1), np.int64(17), np.int64(55), np.int64(23), np.int64(1), np.int64(41), np.int64(62), np.int64(55), np.int64(11), np.int64(59), np.int64(60), np.int64(31), np.int64(16), np.int64(12), np.int64(54), np.int64(32), np.int64(14), np.int64(39), np.int64(24), np.int64(18), np.int64(14), np.int64(37), np.int64(56), np.int64(19), np.int64(47), np.int64(58), np.int64(16), np.int64(42), np.int64(46), np.int64(27), np.int64(5)]","[np.int64(19), np.int64(46), np.int64(34), np.int64(58), np.int64(43), np.int64(51), np.int64(36), np.int64(58), np.int64(2), np.int64(17), np.int64(39), np.int64(55), np.int64(4), np.int64(23), np.int64(62), np.int64(32), np.int64(8), np.int64(25), np.int64(32), np.int64(8), np.int64(22), np.int64(46), np.int64(40), np.int64(17), np.int64(25), np.int64(39), np.int64(47), np.int64(41), np.int64(4), np.int64(34), np.int64(27), np.int64(35), np.int64(18), np.int64(47), np.int64(56), np.int64(21), np.int64(26), np.int64(63), np.int64(23), np.int64(36), np.int64(32), np.int64(12), np.int64(22), np.int64(36), np.int64(18), np.int64(34), np.int64(26), np.int64(40), np.int64(31), np.int64(52), np.int64(56), np.int64(54), np.int64(44), np.int64(11), np.int64(58), np.int64(46), np.int64(14), np.int64(13), np.int64(32), np.int64(32), np.int64(36), np.int64(10), np.int64(61), np.int64(60)]",False,False,0.0,0.0,"[43 39 36 50 21 27 44 24 21 36 21 36 49 16 24 25 36 21 24 36 43 49 44 21
 49 49 12 49 12 27 43 12 21 25 21 24 49 46 44 49 21 12 24 49 49 44 49 39
 12 49 49 24 36 12 25 39 39 43 27 44 39 25 27 44]","[39 39 44 21 21 27 44 21 50 36 27 50 49 28 27 39 36 44 24 36 46 49 44 44
 49 49 12 49 21 12 43 44 27 25 46 24 49 46 44 49 24 36 36 49 49 21 49 46
 24 49 49 24 44 39 50 27 39 43 44 25 43 25 46 44]",True,True,1.0,1.0,"[39 25 25 27 27 27 36 12 27 12 27 36 49  2 27 25 21 21 24 27 21 49 44 21
 49 49 12 49 12 12 43 12 21 25 12 24 49 25 46 49 12 12 12 49 49 21 49 21
 12 49 49 24 12 12 25 27 25 36 27 25 39 25 27 12]","[39 25 36 25 27 27 36 21 24 36 27 36 49 23 27 25 21 21 24 36 36 49 44 25
 49 49 12 49 21 27 43 46 27 25 27 36 49 46 44 49 21 36 46 49 49 27 49 39
 21 49 49 24 36 36 25 27 27 46 27 25 39 25 27 50]",True,True,1.0,1.0
[1 0 0 ... 0 1 0],63,"[63 63 27 26 50 23 62 63 60 51 27  1 34 62 60 16 63 24 16 27 26  0 26 63
 63  7 63 63 23 63 16 23 60 24 63  0 26 23 24 26 51 51  1  0 27 55 23 50
 29  0 63 63 34 24 27 63 34 55 55 34 63 24 63 63]","[63 63 51 27 27 62 24 63 60 23 27 26  0  7 24 23 63  1 24 55  7 62 23 63
 63  7 63 63 60 63  7 23 23  1 63  0 51 50 62  7  0 34 27 55 27  1 23 55
 29 62 63 63 34  0 62 63 55 27 62 34 63 27 63 63]",True,True,0.984375,1.0,"[np.int64(29), np.int64(38), np.int64(9), np.int64(7), np.int64(36), np.int64(12), np.int64(25), np.int64(21), np.int64(16), np.int64(21), np.int64(15), np.int64(32), np.int64(39), np.int64(36), np.int64(59), np.int64(51), np.int64(45), np.int64(9), np.int64(33), np.int64(55), np.int64(39), np.int64(33), np.int64(20), np.int64(50), np.int64(3), np.int64(63), np.int64(49), np.int64(22), np.int64(61), np.int64(9), np.int64(14), np.int64(62), np.int64(24), np.int64(51), np.int64(21), np.int64(10), np.int64(24), np.int64(1), np.int64(51), np.int64(10), np.int64(40), np.int64(25), np.int64(30), np.int64(4), np.int64(44), np.int64(31), np.int64(19), np.int64(40), np.int64(20), np.int64(54), np.int64(20), np.int64(2), np.int64(56), np.int64(35), np.int64(40), np.int64(37), np.int64(24), np.int64(0), np.int64(17), np.int64(27), np.int64(35), np.int64(51), np.int64(20), np.int64(13)]","[np.int64(20), np.int64(28), np.int64(42), np.int64(62), np.int64(8), np.int64(16), np.int64(4), np.int64(25), np.int64(47), np.int64(50), np.int64(52), np.int64(15), np.int64(27), np.int64(23), np.int64(44), np.int64(47), np.int64(17), np.int64(50), np.int64(30), np.int64(35), np.int64(45), np.int64(47), np.int64(38), np.int64(25), np.int64(53), np.int64(5), np.int64(41), np.int64(36), np.int64(34), np.int64(17), np.int64(57), np.int64(56), np.int64(47), np.int64(1), np.int64(58), np.int64(11), np.int64(54), np.int64(8), np.int64(36), np.int64(10), np.int64(6), np.int64(53), np.int64(32), np.int64(7), np.int64(27), np.int64(40), np.int64(6), np.int64(18), np.int64(54), np.int64(40), np.int64(23), np.int64(55), np.int64(17), np.int64(43), np.int64(45), np.int64(58), np.int64(16), np.int64(16), np.int64(52), np.int64(19), np.int64(12), np.int64(13), np.int64(34), np.int64(10)]",False,False,0.0,0.0,"[63 63 27 27 34 55 50 63 60  7 29 62 34  7 27 62 63 60 16  1  7  0 62 63
 63  1 63 63 60 63  7 34 16  1 63  0 34 50 27 27 27 51 27 62 27  1 27 55
 29 23 63 63  1 34 62 63 34 16 62  1 63 27 63 63]","[63 63 27 27 50 62 50 63 60 51 29  1  0 62 27 60 63 24 16 27 29 24 62 63
 63 27 63 63 60 63 16 34 51  1 63 24 51 29 27 29  0 51  1  0 27 23 23 55
 29 62 63 63 23 55 62 63  1 51 55  1 63 24 63 63]",True,True,1.0,1.0,"[63 63 27 26  1  0 24 63 60 23 23  1  0  7 24  0 63  1  7  1  1  0  1 63
 63  1 63 63 23 63  7 23 26  1 63  0  7  0  0  7  0 34  1  0 16  1 27  0
 29  0 63 63  1  0 27 63  1 16 26  1 63 23 63 63]","[63 63 51 51  1  0 50 63 60 51 23  1  0  7 29 51 63  1  7 51  1 62  1 63
 63  7 63 63 60 63  7 23 51  1 63 62 51  0  0  7 51 51  1  7 27  1 23 50
 62  0 63 63  1  0 27 63  1 51 62  1 63 23 63 63]",True,True,1.0,1.0
[0 1 0 ... 0 1 0],15,"[55 18 59 31 15 42 15  4 14  4 46 31 27 63 15 15 15 42 15 42 14 27 44 15
 16  6 16 15 16 63 23 15  4 27 46 44 59 57 44 16 16 14 15 59 15 18 15 46
  6 55 46 63 44 42 31 15  6 15 63 15 23 27 16 15]","[ 4 42 14 14 15  6 15  4 27 23 31 18 42 27 15 15 15  4 15 42 14 27 23 15
 63  6 46 15  4  6  6 15 59 31 59  6 59 16 44 27 16 23 15 59 15 18 15  6
 57  6 42 63 42 44  6 15  6 15 42 15 63 27 63 15]",True,True,0.984375,1.0,"[np.int64(5), np.int64(36), np.int64(39), np.int64(56), np.int64(17), np.int64(40), np.int64(43), np.int64(62), np.int64(41), np.int64(45), np.int64(18), np.int64(51), np.int64(51), np.int64(41), np.int64(56), np.int64(62), np.int64(30), np.int64(6), np.int64(63), np.int64(59), np.int64(22), np.int64(28), np.int64(4), np.int64(16), np.int64(24), np.int64(21), np.int64(7), np.int64(33), np.int64(55), np.int64(36), np.int64(46), np.int64(37), np.int64(27), np.int64(5), np.int64(8), np.int64(33), np.int64(51), np.int64(15), np.int64(8), np.int64(1), np.int64(8), np.int64(47), np.int64(2), np.int64(37), np.int64(31), np.int64(55), np.int64(27), np.int64(17), np.int64(26), np.int64(26), np.int64(2), np.int64(7), np.int64(20), np.int64(36), np.int64(13), np.int64(20), np.int64(16), np.int64(40), np.int64(52), np.int64(17), np.int64(52), np.int64(32), np.int64(48), np.int64(18)]","[np.int64(42), np.int64(32), np.int64(60), np.int64(40), np.int64(3), np.int64(2), np.int64(17), np.int64(49), np.int64(38), np.int64(46), np.int64(22), np.int64(38), np.int64(3), np.int64(32), np.int64(26), np.int64(8), np.int64(36), np.int64(50), np.int64(31), np.int64(47), np.int64(21), np.int64(39), np.int64(9), np.int64(48), np.int64(36), np.int64(3), np.int64(28), np.int64(57), np.int64(42), np.int64(53), np.int64(46), np.int64(50), np.int64(52), np.int64(63), np.int64(60), np.int64(58), np.int64(9), np.int64(29), np.int64(48), np.int64(50), np.int64(41), np.int64(8), np.int64(47), np.int64(51), np.int64(1), np.int64(63), np.int64(55), np.int64(54), np.int64(23), np.int64(20), np.int64(35), np.int64(0), np.int64(36), np.int64(55), np.int64(5), np.int64(60), np.int64(6), np.int64(63), np.int64(57), np.int64(25), np.int64(11), np.int64(62), np.int64(1), np.int64(39)]",False,False,0.0,0.0,"[ 4 42 31 31 15 31 15 27 27 16 31 18 27 27 15 15 15  4 15 42 14 27 44 15
 16  6 59 15 31 63 18 15  4 31 59 57 59 57 44 27 27  4 15  4 15 18 15 46
 57  6 46 42 42 42 63 15  6 15 57 15 16 27 63 15]","[46 42 46 14 15  4 15  4 14 31 31 18 16 63 15 15 15 14 15 44  6 27 57 15
 31  6 46 15 31 63 23 15  4 27 59  6 59 57 27 44 27  4 15 55 15 18 15  6
 55 14 46 63 44 42 63 15 55 15 55 15  6  4 46 15]",True,True,1.0,1.0,"[ 4 18 14 14 15  6 15  4 14  4 31 18  4 27 15 15 15  4 15 14  6 27 23 15
 16  6 16 15  4  6  6 15  4 14 46  4 59 16  6  6 16  4 15  4 15 18 15  4
  6  6 16 42 27 42  6 15  6 15 23 15  6  4 16 15]","[ 4 42 44 14 15 42 15  4 14 23 46 59  4 44 15 15 15 14 15 14 14 27 57 15
 16  6 27 15  4  6  6 15  4 14 59 57 59 57 44 57 16 14 15  4 15 18 15 14
  6  6 23 42 42 42 63 15 42 15 42 15  6  4 16 15]",True,True,1.0,1.0
[1 0 0 ... 1 0 0],6,"[63  6 24 48 48 14  6 14  1 12 48 48  6 12  6 51 12 48 12 63 51 63 63 14
  6 12  1 12 12 63 14 14 12 51 28 63 51 51 51 63 24 14 21  6 14 12 12 43
  6  3 51  6 14 59 51 41 63 43 54 43  1 12 12  6]","[63  6 43 48 48 14  6 48 43 12 63 48  6 48  6 43 12 63 63 63 24 63 14  1
  6  1  1 63 12 43 14 43 12 51 38 63 51 51 12 63  1 14  7  6 14 12 12 43
  6 44 51  6 14 61 51  2 51 12 19  1  1  1 12  6]",True,True,0.984375,1.0,"[np.int64(59), np.int64(4), np.int64(42), np.int64(46), np.int64(30), np.int64(27), np.int64(33), np.int64(55), np.int64(18), np.int64(24), np.int64(47), np.int64(53), np.int64(22), np.int64(53), np.int64(56), np.int64(44), np.int64(5), np.int64(35), np.int64(28), np.int64(35), np.int64(30), np.int64(27), np.int64(34), np.int64(15), np.int64(30), np.int64(39), np.int64(47), np.int64(8), np.int64(12), np.int64(63), np.int64(42), np.int64(7), np.int64(52), np.int64(53), np.int64(40), np.int64(38), np.int64(12), np.int64(60), np.int64(14), np.int64(21), np.int64(57), np.int64(57), np.int64(5), np.int64(46), np.int64(2), np.int64(20), np.int64(24), np.int64(61), np.int64(0), np.int64(58), np.int64(15), np.int64(21), np.int64(28), np.int64(57), np.int64(30), np.int64(14), np.int64(60), np.int64(55), np.int64(57), np.int64(18), np.int64(33), np.int64(29), np.int64(53), np.int64(29)]","[np.int64(29), np.int64(45), np.int64(16), np.int64(28), np.int64(54), np.int64(61), np.int64(51), np.int64(34), np.int64(4), np.int64(11), np.int64(22), np.int64(59), np.int64(51), np.int64(10), np.int64(23), np.int64(27), np.int64(62), np.int64(45), np.int64(50), np.int64(43), np.int64(1), np.int64(25), np.int64(21), np.int64(60), np.int64(22), np.int64(47), np.int64(8), np.int64(3), np.int64(20), np.int64(10), np.int64(9), np.int64(50), np.int64(3), np.int64(63), np.int64(31), np.int64(1), np.int64(53), np.int64(1), np.int64(25), np.int64(17), np.int64(58), np.int64(36), np.int64(4), np.int64(58), np.int64(5), np.int64(33), np.int64(33), np.int64(23), np.int64(28), np.int64(6), np.int64(58), np.int64(7), np.int64(44), np.int64(21), np.int64(35), np.int64(15), np.int64(15), np.int64(37), np.int64(40), np.int64(31), np.int64(56), np.int64(62), np.int64(16), np.int64(57)]",False,False,0.0,0.0,"[63  6 43 48 48 12  6  1  1 12 48 48  6 48  6  1 12 48 63 63 43 63 43  1
  6 12 12 12 63 63 12 14 12 51 18 63 51  1 12 63 24 14 21  6 14 12 12 43
  6 45 51  6 14 33 51 41 63 43 45  1  1 63 12  6]","[63  6 43 48 48 14  6  1 43 12 63 48  6 48  6 43 12 48 51 63 24 63 63  1
  6  1 43 63 63 63 51 14 12 51 44 63 51  1 12 63 24 14 10  6 43 12 43 43
  6 47 51  6 14 59 51  2 51 43  5 43  1  1 12  6]",True,True,1.0,1.0,"[63  6 14 48 48 12  6  1  1 12 24 48  6 12  6  1 12 48 12 63 24 51 14  1
  6  1  1 12 12 43 12 14 12 51 10 63 51  1 12 43  1 14  2  6 14 12 12 43
  6  3 51  6 14  0 51  2 51 12  5  1  1  1 12  6]","[63  6 24 48 48 14  6  1  1 12 63 48  6 12  6  1 12 63 63 63 24 63 63  1
  6 12  1 63 63 63 12 63 12 51  8 63 51 51 12 63  1 14 32  6 14 12 12 43
  6 44 51  6 51 19 51  4 63 12 19  1  1 63 12  6]",True,True,1.0,1.0
[0 0 1 ... 0 0 0],8,"[21  5 17  8  8  8 50  8  8 37 21  4 41  5  4 25  8  8 25  4  3  8 17  7
 21  8 56 45  8 37 47 21  8  7 21 25  7  8 16 62 41  8 61 37 50  8 16  3
 61 16  8 37  3 55 32  8  8 55 28  7 63  8  8  8]","[ 5 55 16  8  8  8 37  8  8  3 32  3 61  5  4 41  8  8 61 17 28  8  3  7
 21  8  4 32  8 45 47 62  8 28 21 25 41  8 62  3 41  8  5  4 50  8 37 21
  4  4  8 28 55 55 32  8  8 55 37 55  5  8  8  8]",True,True,0.984375,1.0,"[np.int64(14), np.int64(17), np.int64(0), np.int64(56), np.int64(32), np.int64(63), np.int64(26), np.int64(6), np.int64(62), np.int64(48), np.int64(61), np.int64(36), np.int64(52), np.int64(28), np.int64(23), np.int64(1), np.int64(48), np.int64(27), np.int64(31), np.int64(6), np.int64(43), np.int64(39), np.int64(17), np.int64(1), np.int64(5), np.int64(4), np.int64(54), np.int64(41), np.int64(12), np.int64(9), np.int64(55), np.int64(8), np.int64(9), np.int64(54), np.int64(57), np.int64(52), np.int64(42), np.int64(63), np.int64(1), np.int64(43), np.int64(9), np.int64(7), np.int64(61), np.int64(41), np.int64(49), np.int64(20), np.int64(43), np.int64(39), np.int64(38), np.int64(36), np.int64(28), np.int64(13), np.int64(33), np.int64(5), np.int64(49), np.int64(21), np.int64(50), np.int64(24), np.int64(28), np.int64(46), np.int64(45), np.int64(61), np.int64(52), np.int64(12)]","[np.int64(55), np.int64(29), np.int64(1), np.int64(47), np.int64(35), np.int64(29), np.int64(47), np.int64(12), np.int64(7), np.int64(7), np.int64(29), np.int64(7), np.int64(38), np.int64(5), np.int64(59), np.int64(54), np.int64(24), np.int64(45), np.int64(29), np.int64(37), np.int64(24), np.int64(18), np.int64(10), np.int64(50), np.int64(43), np.int64(41), np.int64(42), np.int64(25), np.int64(62), np.int64(34), np.int64(22), np.int64(56), np.int64(27), np.int64(25), np.int64(46), np.int64(24), np.int64(23), np.int64(50), np.int64(6), np.int64(26), np.int64(5), np.int64(24), np.int64(28), np.int64(24), np.int64(56), np.int64(15), np.int64(56), np.int64(14), np.int64(32), np.int64(38), np.int64(39), np.int64(15), np.int64(52), np.int64(37), np.int64(3), np.int64(57), np.int64(51), np.int64(40), np.int64(42), np.int64(2), np.int64(60), np.int64(60), np.int64(18), np.int64(10)]",False,False,0.0,0.0,"[37 55 21  8  8  8 50  8  8 62 21  7 61 55 50 25  8  8  4  5  3  8 17 50
 17  8  4 28  8 45 23 41  8 45 21 62 32  8  4 50 41  8 62 28 50  8 25 63
  4 16  8 56 45 50 32  8  8  3 55 55  5  8  8  8]","[ 5 55  5  8  8  8 41  8  8  5 21  3 41  5 50 16  8  8  4 61  4  8  3 50
  5  8 56 28  8 37 47 32  8 56 62 45 61  8 62 62 41  8 61 32 50  8 37 32
 61  4  8 37  4 55 41  8  8 32 61 55 45  8  8  8]",True,True,1.0,1.0,"[ 5  5  5  8  8  8  5  8  8  3 21  4 41  5  4 16  8  8  4  4  4  8  3  7
  5  8  4 28  8 37  2  4  8  5 16 25  7  8  4  5  7  8  5  4 50  8  3  3
  4  4  8  7  3 25  5  8  8  4  4  7  5  8  8  8]","[ 5 61 61  8  8  8  5  8  8 61 21  3 61  5  4 25  8  8  5 61 25  8  3 50
  5  8  4 61  8 37 47 21  8  5 21 25 32  8 62 61 41  8 32  4 50  8  5  5
 61 41  8 61 61 25 32  8  8  4 61 28 32  8  8  8]",True,True,1.0,1.0
[0 0 0 ... 1 0 1],37,"[37 58 40 17 55 55 37 33 50 37 55  6 35 37 37 13 40 37 17 55 55 55 37 37
  6 27 40 37 40  6 35  6 55 37 14 37 55 37 40 40 37 58 55 37 50  6 23 22
 55 55 37 27 35 58  9 37 50 58 37 55  6 13 50 23]","[37 58 50 43 22 55 37 55 50 37 14  0 35 37 37 27 23 37 17 55 55 27 37 37
 50 27 13 37  0  6  0  6  0 37 14 37 43 37 40 40 37 50 55 37 27 50 23 22
 55 23 37  0 35 58  9 37 50 27 37 55 27 58 13 23]",True,True,0.984375,1.0,"[np.int64(32), np.int64(11), np.int64(5), np.int64(41), np.int64(48), np.int64(36), np.int64(2), np.int64(36), np.int64(26), np.int64(45), np.int64(46), np.int64(51), np.int64(25), np.int64(37), np.int64(8), np.int64(54), np.int64(51), np.int64(44), np.int64(33), np.int64(26), np.int64(17), np.int64(47), np.int64(16), np.int64(56), np.int64(61), np.int64(2), np.int64(37), np.int64(24), np.int64(1), np.int64(58), np.int64(1), np.int64(37), np.int64(53), np.int64(14), np.int64(41), np.int64(41), np.int64(24), np.int64(54), np.int64(6), np.int64(8), np.int64(16), np.int64(6), np.int64(13), np.int64(40), np.int64(61), np.int64(23), np.int64(46), np.int64(20), np.int64(12), np.int64(3), np.int64(25), np.int64(45), np.int64(47), np.int64(63), np.int64(23), np.int64(50), np.int64(28), np.int64(59), np.int64(8), np.int64(10), np.int64(8), np.int64(24), np.int64(9), np.int64(14)]","[np.int64(20), np.int64(14), np.int64(51), np.int64(51), np.int64(6), np.int64(21), np.int64(9), np.int64(47), np.int64(56), np.int64(40), np.int64(52), np.int64(20), np.int64(5), np.int64(45), np.int64(6), np.int64(63), np.int64(41), np.int64(60), np.int64(32), np.int64(54), np.int64(54), np.int64(6), np.int64(31), np.int64(32), np.int64(13), np.int64(45), np.int64(49), np.int64(22), np.int64(12), np.int64(32), np.int64(20), np.int64(57), np.int64(38), np.int64(59), np.int64(37), np.int64(12), np.int64(5), np.int64(62), np.int64(36), np.int64(22), np.int64(17), np.int64(33), np.int64(2), np.int64(35), np.int64(18), np.int64(46), np.int64(42), np.int64(3), np.int64(60), np.int64(38), np.int64(56), np.int64(56), np.int64(1), np.int64(19), np.int64(60), np.int64(27), np.int64(3), np.int64(52), np.int64(34), np.int64(35), np.int64(39), np.int64(27), np.int64(60), np.int64(36)]",False,False,0.0,0.0,"[37 50 40 22 55 33 37 33 33 37 55 23 23 37 37  9 22 37  0  9 55 55 37 37
 50 43 58 37 40  6  0 43 22 37 35 37 43 37 40 35 37  9 58 37 27 43 23 22
 55 27 37  0 35 58  9 37 13 58 37 55  6 14 13 23]","[37 50 50 22 22 17 37 55 50 37 14 23 23 37 37  6 40 37  0  9 55 55 37 37
 50 22 58 37 40 40 27 55 55 37 35 37 43 37 40 35 37  9 58 37 27 13 23 40
 55 35 37  9 35 58 27 37 50 58 37 55  9 58  9 23]",True,True,1.0,1.0,"[37  9 40  9 22 17 37 33  6 37 14  0 23 37 37  9  9 37  0  6 55 27 37 37
  6 22 13 37  0  6  0  6  0 37 14 37 43 37 40  0 37  9  6 37 17  6 23  0
 55 23 37  0 35 58  9 37  0 13 37 55  6  0  9  0]","[37 50 40 22 22 27 37 55 50 37 14 35 35 37 37  6 40 37  0 55 55 27 37 37
 50 27 58 37 40 40 40 55 58 37 14 37 55 37 40 40 37 50 27 37 50 50 35 40
 55 23 37  0 35 58 27 37 13 58 37 55 14  0 50 23]",True,True,1.0,1.0
[1 0 0 ... 1 0 0],17,"[41 17 55 17 49 27 49 55 17 49  8 27  1 41  8 22 59 17 40 40 43 49 17 43
 55 59 41 17  8 55 22 22 27 54  8  8 17 17 36 41 17 17  3 17 43 40 55  8
  1 17  8 40  3 40 55 17 49 22 22 17  3 27 17 37]","[43 17  1 17 49 49 49 40 17 49  1 59  1 41 59 36 59 17  1 40 41 49 17 49
 55 55 36 17 40 55 49 22  8 35 22 62 17 17  8 41 17 17 40 17 62 40 27 36
  8 17  8 40  3  1  3 17 49 22 22 17 55 27 17 37]",True,True,0.984375,1.0,"[np.int64(60), np.int64(5), np.int64(56), np.int64(4), np.int64(42), np.int64(0), np.int64(9), np.int64(49), np.int64(19), np.int64(14), np.int64(28), np.int64(48), np.int64(57), np.int64(43), np.int64(14), np.int64(35), np.int64(43), np.int64(46), np.int64(53), np.int64(25), np.int64(24), np.int64(1), np.int64(59), np.int64(14), np.int64(17), np.int64(46), np.int64(53), np.int64(63), np.int64(1), np.int64(57), np.int64(17), np.int64(26), np.int64(6), np.int64(37), np.int64(24), np.int64(23), np.int64(46), np.int64(12), np.int64(53), np.int64(23), np.int64(14), np.int64(46), np.int64(57), np.int64(50), np.int64(35), np.int64(17), np.int64(53), np.int64(42), np.int64(17), np.int64(56), np.int64(50), np.int64(11), np.int64(60), np.int64(51), np.int64(14), np.int64(10), np.int64(13), np.int64(55), np.int64(10), np.int64(3), np.int64(56), np.int64(7), np.int64(18), np.int64(52)]","[np.int64(41), np.int64(17), np.int64(3), np.int64(58), np.int64(39), np.int64(7), np.int64(23), np.int64(13), np.int64(63), np.int64(42), np.int64(44), np.int64(2), np.int64(40), np.int64(22), np.int64(6), np.int64(56), np.int64(24), np.int64(40), np.int64(14), np.int64(6), np.int64(5), np.int64(51), np.int64(33), np.int64(2), np.int64(48), np.int64(51), np.int64(20), np.int64(12), np.int64(46), np.int64(1), np.int64(17), np.int64(35), np.int64(40), np.int64(37), np.int64(63), np.int64(62), np.int64(10), np.int64(63), np.int64(23), np.int64(63), np.int64(0), np.int64(53), np.int64(33), np.int64(47), np.int64(1), np.int64(32), np.int64(51), np.int64(46), np.int64(11), np.int64(6), np.int64(1), np.int64(25), np.int64(29), np.int64(38), np.int64(48), np.int64(46), np.int64(63), np.int64(39), np.int64(29), np.int64(61), np.int64(10), np.int64(19), np.int64(17), np.int64(35)]",False,False,0.0,0.0,"[41 17 62 17 37 62 49 40 17  3  1 27  1 41 59 22 62 17  3 40 27 59 17 41
 55  1 36 17  8 55 49 22  8 14  8  8 17 17  8 41 17 17  3 17 37 40 36 40
 22 17 55 62 59 55 59 17 22 36 22 17 36 27 17 36]","[37 17 62 17 49 27 49 55 17  3 49  8  1 41 59 36 59 17 40 40 43 49 17 49
 55 27 59 17 40 55 43 22 40 53 55 62 17 17 36 49 17 17 40 17 43 40 55 40
  8 17 49 40 49 55 59 17  8 22  1 17  3  1 17 37]",True,True,1.0,1.0,"[ 8 17  1 17 37  1 49 40 17  1  1  3  1 41  8 22 59 17  1 40  1 27 17 37
 55  1 36 17  8 43 22 22  8  2  3  8 17 17  8 41 17 17  3 17 37 40  1  8
  1 17  8 40  3  1  1 17  8 22  1 17  3  1 17 36]","[43 17  1 17 49 49 49 40 17  3  1 22  1 43 59 43 59 17  3 40 43 49 17 49
 55  1 59 17 40 43 22 22 40 24 22  8 17 17  8 40 17 17  3 17 43 40 36  8
  1 17 43 40  3  1  1 17 22 22 36 17  3 27 17 36]",True,True,1.0,1.0
[0 0 1 ... 0 0 0],8,"[62  5 16  8  8  8 50  8  8 25 21 45 61 55  4 16  8  8  4  4  4  8  3  7
 45  8 28 28  8 45  2 41  8 21 45 25 63  8 62 28 41  8 62 63 50  8 50 63
  5 16  8 28 45 50 25  8  8 55 63 55 63  8  8  8]","[ 5 62  5  8  8  8 56  8  8 25 32  3 61 55  4 41  8  8 21 32  3  8 56 50
 50  8 28 61  8 37 23 32  8  7 32 45 61  8 62  4 41  8 32 37 50  8  5 21
  5 28  8 61  4 25 32  8  8 50 25 55 32  8  8  8]",True,True,0.984375,1.0,"[np.int64(63), np.int64(46), np.int64(10), np.int64(31), np.int64(6), np.int64(60), np.int64(10), np.int64(3), np.int64(63), np.int64(56), np.int64(26), np.int64(8), np.int64(41), np.int64(31), np.int64(49), np.int64(2), np.int64(44), np.int64(31), np.int64(7), np.int64(25), np.int64(3), np.int64(32), np.int64(6), np.int64(10), np.int64(19), np.int64(54), np.int64(40), np.int64(21), np.int64(53), np.int64(21), np.int64(27), np.int64(58), np.int64(11), np.int64(39), np.int64(3), np.int64(46), np.int64(4), np.int64(29), np.int64(60), np.int64(50), np.int64(57), np.int64(19), np.int64(32), np.int64(62), np.int64(9), np.int64(28), np.int64(56), np.int64(22), np.int64(5), np.int64(59), np.int64(62), np.int64(40), np.int64(1), np.int64(60), np.int64(46), np.int64(54), np.int64(46), np.int64(9), np.int64(16), np.int64(34), np.int64(33), np.int64(15), np.int64(43), np.int64(21)]","[np.int64(28), np.int64(31), np.int64(12), np.int64(39), np.int64(5), np.int64(57), np.int64(31), np.int64(7), np.int64(20), np.int64(61), np.int64(28), np.int64(33), np.int64(2), np.int64(36), np.int64(19), np.int64(48), np.int64(8), np.int64(53), np.int64(62), np.int64(19), np.int64(11), np.int64(55), np.int64(6), np.int64(11), np.int64(61), np.int64(12), np.int64(45), np.int64(20), np.int64(19), np.int64(9), np.int64(47), np.int64(61), np.int64(18), np.int64(46), np.int64(41), np.int64(26), np.int64(11), np.int64(13), np.int64(56), np.int64(54), np.int64(51), np.int64(59), np.int64(41), np.int64(45), np.int64(53), np.int64(55), np.int64(55), np.int64(7), np.int64(58), np.int64(5), np.int64(61), np.int64(11), np.int64(24), np.int64(54), np.int64(0), np.int64(22), np.int64(20), np.int64(22), np.int64(34), np.int64(56), np.int64(36), np.int64(58), np.int64(61), np.int64(34)]",False,False,0.0,0.0,"[21 55 17  8  8  8 56  8  8 45 55  7 41 55 50 56  8  8  4 25 28  8 56  7
 17  8 28 28  8 37 47 21  8 28 32 45 63  8  7 61  7  8 32  7 50  8 25  3
  4 41  8 37 45 25 32  8  8 32 25  7  5  8  8  8]","[ 5 62 61  8  8  8 21  8  8 61 55  4 61 55  4 25  8  8 25  5  4  8  3  7
  5  8 56 61  8 37  2 62  8 45 45 62 63  8 62 62 41  8 32 32 50  8 37  5
  5  4  8 28 61 25 28  8  8  4 25 55 32  8  8  8]",True,True,1.0,1.0,"[ 5  5  5  8  8  8  5  8  8  3 21  4 41  5  4 16  8  8  4  4  4  8  3  7
  5  8  4 28  8 37  2  4  8  5 16 25  7  8  4  5  7  8  5  4 50  8  3  3
  4  4  8  7  3 25  5  8  8  4  4  7  5  8  8  8]","[ 5 61 61  8  8  8  5  8  8 61 21  3 61  5  4 25  8  8  5 61 25  8  3 50
  5  8  4 61  8 37 47 21  8  5 21 25 32  8 62 61 41  8 32  4 50  8  5  5
 61 41  8 61 61 25 32  8  8  4 61 28 32  8  8  8]",True,True,1.0,1.0
[1 0 1 ... 0 0 1],17,"[17 63 40 54 63 63 60 21 54 17 42 55 40 38 17 60 20 17 17 29 17 17 18 21
 38 54 20 48 18 17 54 48 53 40 40 18  9 18 17 20 17 55 17 60 58 60 48 20
 17 29 58 54  0 17 17 17 48  0 17 53 17 55 60 17]","[17 38 40 54 63 20  9 60  0 17 14 55 21 60 17 60 54 17 17 14 17 17 54 54
 53 54 40 38 48 17 54 48 53 29 40  9 21 63 17 53 17 60 17 54 63 14 21 55
 17 55 21 29 38 17 17 17 20 20 17 53 17 53 60 17]",True,True,0.984375,1.0,"[np.int64(19), np.int64(37), np.int64(47), np.int64(46), np.int64(56), np.int64(34), np.int64(62), np.int64(54), np.int64(24), np.int64(51), np.int64(1), np.int64(54), np.int64(35), np.int64(29), np.int64(52), np.int64(9), np.int64(27), np.int64(23), np.int64(44), np.int64(60), np.int64(0), np.int64(52), np.int64(25), np.int64(22), np.int64(4), np.int64(29), np.int64(31), np.int64(44), np.int64(8), np.int64(8), np.int64(42), np.int64(4), np.int64(23), np.int64(42), np.int64(10), np.int64(19), np.int64(38), np.int64(61), np.int64(56), np.int64(56), np.int64(58), np.int64(19), np.int64(22), np.int64(54), np.int64(13), np.int64(55), np.int64(13), np.int64(58), np.int64(3), np.int64(17), np.int64(40), np.int64(52), np.int64(12), np.int64(1), np.int64(53), np.int64(13), np.int64(47), np.int64(3), np.int64(6), np.int64(13), np.int64(50), np.int64(4), np.int64(2), np.int64(7)]","[np.int64(49), np.int64(33), np.int64(45), np.int64(6), np.int64(53), np.int64(47), np.int64(16), np.int64(63), np.int64(31), np.int64(30), np.int64(61), np.int64(16), np.int64(58), np.int64(41), np.int64(11), np.int64(59), np.int64(26), np.int64(51), np.int64(22), np.int64(61), np.int64(27), np.int64(4), np.int64(18), np.int64(38), np.int64(21), np.int64(40), np.int64(63), np.int64(27), np.int64(0), np.int64(7), np.int64(49), np.int64(33), np.int64(23), np.int64(39), np.int64(17), np.int64(42), np.int64(24), np.int64(53), np.int64(30), np.int64(19), np.int64(31), np.int64(7), np.int64(47), np.int64(46), np.int64(19), np.int64(53), np.int64(5), np.int64(12), np.int64(6), np.int64(43), np.int64(51), np.int64(0), np.int64(57), np.int64(50), np.int64(27), np.int64(56), np.int64(61), np.int64(54), np.int64(4), np.int64(50), np.int64(30), np.int64(49), np.int64(18), np.int64(8)]",False,False,0.0,0.0,"[17 38  0 54 63 53 60 60  0 17 42 21 48  0 17 40 54 17 17 40 17 17 14 54
 38 48 58 20 18 17 20 48 63 38 55 18  9 63 17 20 17 60 17 55 58 20 53 48
 17 55 21 29 20 17 17 17  9 20 17 29 17  9 60 17]","[17 40 40 40 63 42 42 21 21 17 14 42 40 21 17 60 54 17 17 14 17 17 18 54
 58 21 40 48 18 17 20 48 29 18 40  9  9 18 17 20 17 60 17 55 60 60 14 42
 17 20  9 29  0 17 17 17 55  0 17 29 17 55 14 17]",True,True,1.0,1.0,"[17 29  0 40 63 20  9  0  0 17 14 14 18  0 17 14 20 17 17  0 17 17  0 18
 38 21 20 14 18 17 20 48 20 18 40  9  0 18 17 20 17 38 17 18 58 14 14 18
 17 20  9 29  0 17 17 17 20  0 17 29 17  0 14 17]","[17 29  0 54 63 63 54 60 54 17 14 14 48 60 17 14 54 17 17 14 17 17 54 54
 53 54 20 14 48 17 54 48 63 18 40 14  0 18 17 53 17 60 17 55 60 14 14 18
 17 29 14 29 38 17 17 17 20 21 17 29 17  0 60 17]",True,True,1.0,1.0
[1 0 1 ... 0 0 0],7,"[10  2  7  2  5  7  2  7 21  7  7 37  9 53 62 53  2  7  2 34 53  7 31 50
  2  9 60 31 50 34 21  7 53 58  7  7 37  7  9  2  9 31 21 34 31  2 62 58
 10  5  7 62 21  7 24  5 37 58  7 62  2 50  7 10]","[10 50  7  5  5  7 34  7  5  7  7 10 35 37 53 53  2  7  2 58 53  7 17 50
 62  5  6 62  5 34 10  7 21 53  7  7 31  7 53 53 37 34 21 62 37  2 10 37
 10 10  7 10 50  7 45 35  5 58  7 62 10 50  7 10]",True,True,0.984375,1.0,"[np.int64(36), np.int64(57), np.int64(63), np.int64(47), np.int64(33), np.int64(0), np.int64(40), np.int64(27), np.int64(26), np.int64(41), np.int64(15), np.int64(27), np.int64(4), np.int64(26), np.int64(6), np.int64(51), np.int64(50), np.int64(37), np.int64(50), np.int64(11), np.int64(43), np.int64(40), np.int64(48), np.int64(5), np.int64(54), np.int64(17), np.int64(58), np.int64(23), np.int64(49), np.int64(17), np.int64(20), np.int64(30), np.int64(59), np.int64(48), np.int64(34), np.int64(53), np.int64(47), np.int64(53), np.int64(42), np.int64(28), np.int64(49), np.int64(55), np.int64(15), np.int64(46), np.int64(6), np.int64(6), np.int64(9), np.int64(20), np.int64(44), np.int64(40), np.int64(12), np.int64(63), np.int64(27), np.int64(36), np.int64(28), np.int64(47), np.int64(16), np.int64(38), np.int64(41), np.int64(0), np.int64(62), np.int64(0), np.int64(25), np.int64(37)]","[np.int64(33), np.int64(49), np.int64(50), np.int64(6), np.int64(45), np.int64(8), np.int64(39), np.int64(41), np.int64(51), np.int64(5), np.int64(41), np.int64(37), np.int64(28), np.int64(55), np.int64(37), np.int64(1), np.int64(29), np.int64(5), np.int64(0), np.int64(18), np.int64(29), np.int64(33), np.int64(61), np.int64(16), np.int64(12), np.int64(63), np.int64(27), np.int64(8), np.int64(63), np.int64(43), np.int64(34), np.int64(63), np.int64(10), np.int64(11), np.int64(54), np.int64(44), np.int64(43), np.int64(41), np.int64(50), np.int64(7), np.int64(57), np.int64(14), np.int64(61), np.int64(63), np.int64(23), np.int64(35), np.int64(15), np.int64(36), np.int64(57), np.int64(1), np.int64(6), np.int64(56), np.int64(7), np.int64(43), np.int64(7), np.int64(41), np.int64(42), np.int64(9), np.int64(59), np.int64(28), np.int64(53), np.int64(48), np.int64(3), np.int64(40)]",False,False,0.0,0.0,"[ 2  2  7  2  5  7 34  7  5  7  7 58 35 37 53 53 34  7 17 34 53  7 17 31
 17  9 36 10 58 34 21  7  5 58  7  7 31  7  9 10 17 34 21 34 37  2 31  2
 50 50  7 21 58  7 39  5 37 58  7 62  5 50  7 31]","[10  9  7  5  5  7  2  7 35  7  7 37 35 53 53 53 10  7  2 34 31  7 21  5
  9  5 24 62 10 34 10  7 21 53  7  7 31  7  9 21 10 34 21  9 31  2 62  2
 62 10  7 35  5  7 45 35  5 58  7 62 10 50  7 31]",True,True,1.0,1.0,"[ 2  2  7  2  5  7  2  7  5  7  7  2  9 35  2 53  2  7  2 34 31  7  9  5
  2  5  1 10  5 34  9  7  5 53  7  7 31  7  2  2  2 31 21  2 10  2  2  2
 10  5  7 10  2  7  1  2  5 58  7  5  2 50  7 10]","[10 53  7  5  5  7 35  7 10  7  7 10 35 53 62 53 10  7 17 58 31  7 17  5
 17  5 19 10 10 34 10  7  5 53  7  7 37  7 53 10 17 34 21 10 10  2 10 37
 10 10  7 10 58  7 20 35  5 58  7  5 10 50  7 10]",True,True,1.0,1.0
[0 1 0 ... 0 0 1],14,"[10  5 36 14 63 14 14 13 10 14 14 18  5 14 14 40  5 13 14  6 24  6 63 34
 14  6 13 54 34 14 63  6  5 29 14 10 14 34 24 18 14 10 13 40 40 54  3 10
  6 63 10 63  3 10 14 18 18  5 34 18  5 36 10 14]","[10 24 36 14 63 14 14 13 18 14 14 34 36 14 14 40 10 34 14  6 13  6  6  9
 14 63 13 36 24 14 13  6  5 18 14 63 14 36 24 24 14 13 29 18 40 36 63 36
 24 10 34 63 13 13 14 18 24 29  9 18 24 13 10 14]",True,True,0.984375,1.0,"[np.int64(37), np.int64(32), np.int64(44), np.int64(32), np.int64(32), np.int64(14), np.int64(19), np.int64(12), np.int64(19), np.int64(38), np.int64(18), np.int64(34), np.int64(39), np.int64(24), np.int64(52), np.int64(54), np.int64(36), np.int64(6), np.int64(20), np.int64(23), np.int64(11), np.int64(54), np.int64(50), np.int64(59), np.int64(31), np.int64(63), np.int64(50), np.int64(16), np.int64(31), np.int64(16), np.int64(48), np.int64(36), np.int64(51), np.int64(47), np.int64(30), np.int64(56), np.int64(0), np.int64(29), np.int64(56), np.int64(3), np.int64(38), np.int64(46), np.int64(45), np.int64(13), np.int64(7), np.int64(43), np.int64(15), np.int64(40), np.int64(41), np.int64(18), np.int64(24), np.int64(4), np.int64(40), np.int64(47), np.int64(20), np.int64(7), np.int64(21), np.int64(36), np.int64(49), np.int64(30), np.int64(42), np.int64(62), np.int64(45), np.int64(57)]","[np.int64(4), np.int64(32), np.int64(0), np.int64(57), np.int64(57), np.int64(56), np.int64(62), np.int64(40), np.int64(27), np.int64(29), np.int64(15), np.int64(53), np.int64(10), np.int64(2), np.int64(33), np.int64(1), np.int64(21), np.int64(27), np.int64(5), np.int64(26), np.int64(23), np.int64(60), np.int64(50), np.int64(32), np.int64(35), np.int64(42), np.int64(57), np.int64(40), np.int64(63), np.int64(9), np.int64(4), np.int64(21), np.int64(31), np.int64(55), np.int64(37), np.int64(46), np.int64(37), np.int64(32), np.int64(60), np.int64(23), np.int64(11), np.int64(40), np.int64(5), np.int64(32), np.int64(47), np.int64(38), np.int64(61), np.int64(17), np.int64(16), np.int64(18), np.int64(29), np.int64(1), np.int64(1), np.int64(26), np.int64(19), np.int64(7), np.int64(11), np.int64(42), np.int64(34), np.int64(12), np.int64(46), np.int64(45), np.int64(11), np.int64(5)]",False,False,0.0,0.0,"[ 6 40 36 14 13 14 14 13 18 14 14 10 63 14 14  3 24 29 14  5 24  6 63  9
 14  6 54 10 29 14 18  6 63 18 14 36 14  6 34 18 14  3 29 18  6 36 24 10
 24  3 34 63 63 34 14 18 18 40  9 10 29  9  9 14]","[13 24 63 14 63 14 14 13 10 14 14 18 36 14 14  6 10 34 14 40 13  6 18 34
 14 63 54 10 54 14  9  6 63 18 14 10 14 36 34 24 14  3 24 18 36 18 63  5
  6 63 10 63  9 34 14 18 24  5  5 10  5  9 10 14]",True,True,1.0,1.0,"[ 6  5 24 14  5 14 14 13  9 14 14  3  5 14 14  3  5  6 14  6  3  6  6  9
 14  6 13 10 24 14  5  6  5  5 14 10 14  6 24 13 14  3 13 18  6  9  3  5
  3  3  6 40  3 10 14 18 18  5  3 10  5  9  9 14]","[10 24 63 14 63 14 14 13 10 14 14 34 36 14 14 36 36 34 14 34 36 63 18 34
 14 63 13 36 24 14 63  6 63 18 14 36 14  6 24 24 14 10 24 18 36 24 24 63
  6 10  6 63  9 34 14 18 18 34 34 10 24 13 10 14]",True,True,1.0,1.0
[1 0 0 ... 0 0 1],63,"[57 25 37 60 63 12  4 63 63 63 28 63 63 25 56 36 22 57 63 57 18 12 63 63
 37 63 25  9 63  9 37 22 11 56 48 23 38 63 63  4 63 57 40 37 22  8 18 28
 63 23 22 37  7 23  8 63 63 63 56  7 63 60 22 63]","[57 60 60 12 63 37  7 63 63 63 23 63 63  7 48 33 22 57 63 57 48  7 63 63
 38 63  4  9 63 56 12 12 57 48  7 48 38 63 63 23 63 55 25 60 28 22 25 55
 63 23 22 37  4 56 23 63 63 63 37 23 63 38 22 63]",True,True,0.984375,1.0,"[np.int64(15), np.int64(23), np.int64(21), np.int64(6), np.int64(35), np.int64(54), np.int64(30), np.int64(9), np.int64(55), np.int64(39), np.int64(63), np.int64(42), np.int64(25), np.int64(44), np.int64(11), np.int64(3), np.int64(50), np.int64(47), np.int64(28), np.int64(62), np.int64(47), np.int64(5), np.int64(46), np.int64(5), np.int64(7), np.int64(12), np.int64(29), np.int64(41), np.int64(51), np.int64(3), np.int64(35), np.int64(22), np.int64(58), np.int64(28), np.int64(1), np.int64(54), np.int64(21), np.int64(15), np.int64(44), np.int64(24), np.int64(50), np.int64(28), np.int64(22), np.int64(8), np.int64(11), np.int64(58), np.int64(27), np.int64(15), np.int64(36), np.int64(19), np.int64(41), np.int64(57), np.int64(44), np.int64(48), np.int64(14), np.int64(18), np.int64(10), np.int64(51), np.int64(24), np.int64(63), np.int64(47), np.int64(58), np.int64(12), np.int64(40)]","[np.int64(55), np.int64(24), np.int64(56), np.int64(61), np.int64(52), np.int64(55), np.int64(1), np.int64(38), np.int64(49), np.int64(55), np.int64(8), np.int64(50), np.int64(56), np.int64(54), np.int64(28), np.int64(27), np.int64(16), np.int64(5), np.int64(33), np.int64(52), np.int64(3), np.int64(12), np.int64(23), np.int64(43), np.int64(48), np.int64(8), np.int64(19), np.int64(17), np.int64(60), np.int64(19), np.int64(55), np.int64(38), np.int64(24), np.int64(10), np.int64(14), np.int64(53), np.int64(7), np.int64(17), np.int64(35), np.int64(25), np.int64(10), np.int64(47), np.int64(3), np.int64(42), np.int64(1), np.int64(30), np.int64(9), np.int64(34), np.int64(51), np.int64(49), np.int64(3), np.int64(54), np.int64(51), np.int64(41), np.int64(23), np.int64(9), np.int64(2), np.int64(13), np.int64(10), np.int64(23), np.int64(40), np.int64(61), np.int64(37), np.int64(53)]",False,False,0.0,0.0,"[57 25 37 12 63  9  7 63 63 63 23 63 63  7 56 34 12  7 63 57 48  9 63 63
 25 63  4 28 63 56 23 12 60 56  4 18 11 63 63 38 63 55  8 25  7  8 25 28
 63 37  8 56 12 57  4 63 63 63 48  7 63 18 22 63]","[57 25 60 60 63  9 11 63 63 63 23 63 63 28 18 33 40  7 63 12 48 12 63 63
 25 63 25 55 63  9 23 48 60 48 25 23 37 63 63 56 63 38 25 57  7  4 38  9
 63 23  8 11  9 23  9 63 63 63 48 55 63  7 40 63]",True,True,1.0,1.0,"[ 8  4  8  9 63  9  4 63 63 63 23 63 63  7 18  0 12  9 63  4  8  4 63 63
  7 63  4  9 63  9 12  4 11  7  4 18 11 63 63  4 63 25  8  7  7  4 18  9
 63 23  8  9  4  4  4 63 63 63 37  7 63  8 22 63]","[57  7 48 60 63  9 11 63 63 63 23 63 63 25 48 33 12  7 63 38 48 56 63 63
  7 63 48 48 63 22 48 48 57 48 25 48 11 63 63 38 63 38 60 57  7  4 38 55
 63 23 22 11  7  4 38 63 63 63 48  7 63  7 22 63]",True,True,1.0,1.0
[1 0 1 ... 0 0 0],39,"[39 35 27 61 39 59 61  0 15 59 24  0 58 33 43 39 43 43 45 58 30 43 35 25
 30 39 35 39 61 27 39 30 45 39 37 39 61 39 37 39 15  4 15 39 45 39 35 59
 33 43  4  0  4 37 15 25 25 30 39 39 25 39  4 45]","[39 35  0 61 39 45 15 45  4 37 28 25  4 33  0 39 27 33 45 35 15 61 35 25
  4 39  4 39 61 33 39 30 45 39 58 39 35 39 27 39 15 27 15 39 37 39 35 25
 15 43 35 59  4 59 61 61 25  4 39 39 15 39 37 45]",True,True,0.984375,1.0,"[np.int64(60), np.int64(13), np.int64(31), np.int64(7), np.int64(4), np.int64(27), np.int64(61), np.int64(23), np.int64(35), np.int64(33), np.int64(58), np.int64(8), np.int64(14), np.int64(60), np.int64(19), np.int64(17), np.int64(29), np.int64(13), np.int64(39), np.int64(24), np.int64(20), np.int64(28), np.int64(0), np.int64(47), np.int64(4), np.int64(29), np.int64(43), np.int64(7), np.int64(56), np.int64(16), np.int64(16), np.int64(58), np.int64(33), np.int64(37), np.int64(25), np.int64(7), np.int64(53), np.int64(45), np.int64(4), np.int64(13), np.int64(54), np.int64(23), np.int64(43), np.int64(43), np.int64(57), np.int64(27), np.int64(39), np.int64(1), np.int64(61), np.int64(7), np.int64(1), np.int64(25), np.int64(25), np.int64(61), np.int64(59), np.int64(39), np.int64(10), np.int64(11), np.int64(1), np.int64(21), np.int64(9), np.int64(8), np.int64(47), np.int64(1)]","[np.int64(62), np.int64(20), np.int64(39), np.int64(9), np.int64(42), np.int64(30), np.int64(59), np.int64(21), np.int64(24), np.int64(3), np.int64(62), np.int64(31), np.int64(29), np.int64(6), np.int64(57), np.int64(40), np.int64(4), np.int64(10), np.int64(39), np.int64(37), np.int64(40), np.int64(29), np.int64(7), np.int64(37), np.int64(63), np.int64(3), np.int64(47), np.int64(13), np.int64(42), np.int64(2), np.int64(21), np.int64(14), np.int64(35), np.int64(29), np.int64(54), np.int64(27), np.int64(3), np.int64(63), np.int64(42), np.int64(27), np.int64(17), np.int64(55), np.int64(26), np.int64(24), np.int64(20), np.int64(0), np.int64(32), np.int64(7), np.int64(15), np.int64(50), np.int64(4), np.int64(11), np.int64(2), np.int64(53), np.int64(22), np.int64(54), np.int64(27), np.int64(48), np.int64(51), np.int64(14), np.int64(15), np.int64(20), np.int64(39), np.int64(59)]",False,False,0.0,0.0,"[39 35  0 61 39 45 61  0  4 59 24 25 58 33 43 39  0 43 61 35 27 61 37 25
 30 39 35 39  0 58 39 30 45 39 30 39 35 39 33 39 25 27 25 39 37 39 45 43
 25 25 43 43 37  4 45 30 25 58 39 39 15 39 37 45]","[39 35  0 37 39 45 59 25  0 30 28 61 33 33 43 39 43 33 61 43 15 43 15 25
  4 39 37 39  0 27 39  0 45 39 37 39 61 39 37 39 15 45 15 39 45 39 59 43
 25 25 35 59 61 59 15 30 25  4 39 39  0 39  4 45]",True,True,1.0,1.0,"[39 35  0 33 39  0 15  0  0  0  8  0  4 33  0 39  0 33 45 30 15 27 15 25
  4 39  4 39  0 27 39  0 45 39 30 39  0 39  4 39  4  4 15 39 25 39  0 25
 15 25  4  0  4  4 15 25 25  4 39 39  0 39  4 45]","[39 35 58 37 39 45 59 27  4 37 52  0  4 33 59 39 43 33 45 35 15 27 35 35
  4 39  4 39  0 33 39 30 45 39 37 39 35 39  4 39  4  4 45 39 45 39 25 25
 15 25  4 37  4  4 15 30 25 61 39 39  0 39  4 45]",True,True,1.0,1.0
[0 0 1 ... 0 1 0],38,"[56 33 14  5  6 38 38  6 17 38 41 44 33 41 38 25 23 38 27 41  6 26 41 38
 52 38 38 38 52  5  9 17 27 38 17 27  5 57 38  9 45 38 25 41 38 38  6 44
 57 52 27 45 38 33 41 60 38 38 41 14 38 23 56 15]","[57 41 56  5  6 38 38  6 27 38 60 44 33 33 38 27  5 38  6  5 52 14 52 38
 45 38 38 38 27  5 33 52 27 38 17 41 41 45 38 57 41 38 25 23 38 38 60 44
 33 33 57 14 38 33  6 14 38 38 44 33 38 45 45 15]",True,True,0.984375,1.0,"[np.int64(38), np.int64(42), np.int64(45), np.int64(0), np.int64(49), np.int64(42), np.int64(57), np.int64(4), np.int64(44), np.int64(59), np.int64(37), np.int64(15), np.int64(19), np.int64(39), np.int64(6), np.int64(23), np.int64(43), np.int64(3), np.int64(43), np.int64(29), np.int64(48), np.int64(60), np.int64(20), np.int64(9), np.int64(59), np.int64(62), np.int64(14), np.int64(28), np.int64(34), np.int64(9), np.int64(44), np.int64(62), np.int64(10), np.int64(8), np.int64(33), np.int64(32), np.int64(19), np.int64(49), np.int64(57), np.int64(12), np.int64(2), np.int64(1), np.int64(44), np.int64(56), np.int64(29), np.int64(6), np.int64(5), np.int64(13), np.int64(10), np.int64(1), np.int64(3), np.int64(50), np.int64(52), np.int64(20), np.int64(59), np.int64(33), np.int64(19), np.int64(38), np.int64(48), np.int64(12), np.int64(58), np.int64(28), np.int64(22), np.int64(17)]","[np.int64(32), np.int64(56), np.int64(21), np.int64(54), np.int64(61), np.int64(24), np.int64(10), np.int64(47), np.int64(46), np.int64(57), np.int64(4), np.int64(29), np.int64(9), np.int64(7), np.int64(52), np.int64(35), np.int64(57), np.int64(21), np.int64(52), np.int64(58), np.int64(10), np.int64(59), np.int64(46), np.int64(28), np.int64(55), np.int64(0), np.int64(15), np.int64(21), np.int64(33), np.int64(30), np.int64(60), np.int64(36), np.int64(41), np.int64(62), np.int64(40), np.int64(40), np.int64(4), np.int64(10), np.int64(61), np.int64(2), np.int64(44), np.int64(3), np.int64(29), np.int64(32), np.int64(17), np.int64(24), np.int64(59), np.int64(39), np.int64(45), np.int64(24), np.int64(58), np.int64(37), np.int64(46), np.int64(7), np.int64(39), np.int64(63), np.int64(29), np.int64(21), np.int64(57), np.int64(32), np.int64(44), np.int64(27), np.int64(11), np.int64(61)]",False,False,0.0,0.0,"[17 41 45 60  5 38 38  6 45 38 60 25 33 33 38 17 26 38  9 41 23 14 41 38
 56 38 38 38 27  5  9 56 17 38 26 56 52 45 38  6 41 38  6 41 38 38  6 27
 17 33 56 14 38 25 41 60 38 38 44 56 38 14 60 46]","[17 41 56 44  6 38 38  6  6 38 41 44 56 14 38 25  5 38  6 26 44 57 41 38
 45 38 38 38 52 56 17 52 27 38 41 41  9 60 38 57 26 38 27 17 38 38 60 27
 57 33  6 14 38 57 56 14 38 38 44 14 38 17 45 62]",True,True,1.0,1.0,"[17  6 14  5  5 38 38  6  5 38 41 25 33  9 38 17  5 38  6  5  6  9 41 38
 45 38 38 38 27  5  9 17 17 38  5  9  5 17 38  6  9 38  6 17 38 38  6  6
  6 33  6  5 38 33  6 14 38 38 41 25 38 17 26 15]","[17  6 14  6  6 38 38  6  6 38 41 44 56 14 38 25 17 38  6 14  6 57 57 38
 45 38 38 38 27  5 17 52 27 38 14 41 41 57 38 57 41 38  6 41 38 38 60  6
 57 33  6 14 38 57  6 41 38 38 41 25 38 14 45 62]",True,True,1.0,1.0
[1 0 1 ... 0 0 0],7,"[10  2  7  5  5  7 35  7 50  7  7 21 35 53  2 53 10  7 17 58 31  7 50 31
  2  9 47 17 50 34  9  7  5 53  7  7 37  7 53 17 17 31 21 37 10  2 35 31
 31 31  7 21 58  7 25  5  5 58  7  5 21 50  7 31]","[ 2 53  7  2  5  7 50  7 21  7  7 37  9 37 53 53 10  7  2 58 31  7 50 31
 62  9 46 17 58 34  9  7 21 58  7  7 37  7  2 17 37 58 21 10 37  2 62 34
 50  5  7 35 58  7 36  5 37 58  7 62 10 50  7 31]",True,True,0.984375,1.0,"[np.int64(20), np.int64(55), np.int64(46), np.int64(53), np.int64(27), np.int64(38), np.int64(47), np.int64(36), np.int64(27), np.int64(6), np.int64(10), np.int64(14), np.int64(1), np.int64(4), np.int64(26), np.int64(52), np.int64(34), np.int64(45), np.int64(59), np.int64(47), np.int64(33), np.int64(38), np.int64(19), np.int64(28), np.int64(52), np.int64(43), np.int64(23), np.int64(40), np.int64(17), np.int64(1), np.int64(15), np.int64(45), np.int64(22), np.int64(59), np.int64(19), np.int64(44), np.int64(23), np.int64(37), np.int64(53), np.int64(47), np.int64(63), np.int64(10), np.int64(17), np.int64(25), np.int64(31), np.int64(1), np.int64(16), np.int64(35), np.int64(57), np.int64(39), np.int64(60), np.int64(21), np.int64(35), np.int64(21), np.int64(25), np.int64(9), np.int64(55), np.int64(19), np.int64(16), np.int64(26), np.int64(8), np.int64(41), np.int64(5), np.int64(31)]","[np.int64(33), np.int64(24), np.int64(55), np.int64(15), np.int64(4), np.int64(28), np.int64(57), np.int64(29), np.int64(5), np.int64(56), np.int64(3), np.int64(38), np.int64(30), np.int64(24), np.int64(30), np.int64(55), np.int64(41), np.int64(12), np.int64(29), np.int64(25), np.int64(51), np.int64(56), np.int64(28), np.int64(8), np.int64(32), np.int64(38), np.int64(2), np.int64(39), np.int64(4), np.int64(52), np.int64(2), np.int64(7), np.int64(52), np.int64(40), np.int64(33), np.int64(47), np.int64(38), np.int64(33), np.int64(54), np.int64(45), np.int64(11), np.int64(20), np.int64(38), np.int64(20), np.int64(20), np.int64(17), np.int64(11), np.int64(36), np.int64(16), np.int64(16), np.int64(53), np.int64(53), np.int64(24), np.int64(4), np.int64(39), np.int64(25), np.int64(8), np.int64(14), np.int64(14), np.int64(9), np.int64(11), np.int64(10), np.int64(49), np.int64(60)]",False,False,0.0,0.0,"[ 2 53  7 37  5  7 34  7 50  7  7 37  9 53  2 53 10  7  2 34 31  7 17 50
 62  5  6 62  5 34 10  7  5 58  7  7 34  7  9  2 17 58 21 34 31  2 31  9
 31 31  7 21 58  7 11 35 62 58  7 62  2 50  7 31]","[10 53  7  5  5  7 50  7 21  7  7 21  9 35 62 53 10  7 17 58 31  7 17 50
 50  9 47 62  5 34 10  7  5 58  7  7 31  7 53 10 37 31 21 10 37  2 10 31
 62 10  7 10  5  7 24 35 37 58  7 62 10 50  7 10]",True,True,1.0,1.0,"[ 2  2  7  2  5  7  2  7  5  7  7  2  9 35  2 53  2  7  2 34 31  7  9  5
  2  5  1 10  5 34  9  7  5 53  7  7 31  7  2  2  2 31 21  2 10  2  2  2
 10  5  7 10  2  7  1  2  5 58  7  5  2 50  7 10]","[10 53  7  5  5  7 35  7 10  7  7 10 35 53 62 53 10  7 17 58 31  7 17  5
 17  5 19 10 10 34 10  7  5 53  7  7 37  7 53 10 17 34 21 10 10  2 10 37
 10 10  7 10 58  7 20 35  5 58  7  5 10 50  7 10]",True,True,1.0,1.0
[0 1 0 ... 0 0 1],59,"[21  6 57 59 63 53 59 59 54 33  7 51 59 56 15 59 63  6 21 63 59 59 59 21
 12 33 15  7 51  6  3 33 53 59 20 59 54 51 53 53 35 21  3  6 51 63 20 57
 53  7 54 59 21 59 59  3 59 59 22 59 57 51 12 59]","[33 15 57 59  6 53 59 59  6 33 51 22 59 20 20 59  6 63 53 12 59 59 59 63
 51 57 22 15 35 33  3 33 54 59 53 59 63 21 53 63 35 15  3 21 56 63 20 12
 33 54  7 59  3 59 59 54 59 59 53 59 15 51 12 59]",True,True,0.984375,1.0,"[np.int64(39), np.int64(61), np.int64(0), np.int64(43), np.int64(33), np.int64(1), np.int64(21), np.int64(46), np.int64(54), np.int64(49), np.int64(48), np.int64(60), np.int64(56), np.int64(33), np.int64(20), np.int64(23), np.int64(31), np.int64(57), np.int64(52), np.int64(8), np.int64(61), np.int64(13), np.int64(18), np.int64(17), np.int64(20), np.int64(16), np.int64(5), np.int64(48), np.int64(49), np.int64(26), np.int64(29), np.int64(21), np.int64(63), np.int64(11), np.int64(53), np.int64(23), np.int64(60), np.int64(35), np.int64(60), np.int64(47), np.int64(9), np.int64(34), np.int64(61), np.int64(26), np.int64(26), np.int64(55), np.int64(52), np.int64(47), np.int64(17), np.int64(60), np.int64(45), np.int64(51), np.int64(26), np.int64(33), np.int64(0), np.int64(32), np.int64(12), np.int64(7), np.int64(49), np.int64(62), np.int64(5), np.int64(37), np.int64(36), np.int64(39)]","[np.int64(35), np.int64(12), np.int64(37), np.int64(57), np.int64(41), np.int64(17), np.int64(49), np.int64(48), np.int64(2), np.int64(45), np.int64(10), np.int64(53), np.int64(45), np.int64(29), np.int64(49), np.int64(8), np.int64(55), np.int64(39), np.int64(11), np.int64(53), np.int64(2), np.int64(40), np.int64(39), np.int64(30), np.int64(39), np.int64(28), np.int64(34), np.int64(58), np.int64(50), np.int64(55), np.int64(55), np.int64(57), np.int64(23), np.int64(7), np.int64(23), np.int64(58), np.int64(38), np.int64(16), np.int64(42), np.int64(48), np.int64(63), np.int64(16), np.int64(60), np.int64(43), np.int64(50), np.int64(60), np.int64(37), np.int64(19), np.int64(25), np.int64(58), np.int64(1), np.int64(12), np.int64(63), np.int64(34), np.int64(52), np.int64(19), np.int64(60), np.int64(19), np.int64(19), np.int64(28), np.int64(62), np.int64(1), np.int64(15), np.int64(51)]",False,False,0.0,0.0,"[33  6 57 59  6 35 59 59 35 33 51 22 59 56 15 59 33  7 57 53 59 59 59  3
 22 54 15 15 56  6 51  3 53 59 20 59  3 54  6 53 22 21 57 21 56 63 63 57
  3 53 21 59  7 59 59 54 59 59 22 59  3 22 57 59]","[35 15 22 59 54 53 59 59  6 51 51 22 59 20 51 59  6  6 57 12 59 59 59  3
 51 57 15 12 35 54  3  3 56 59 51 59  3 15 53 63 22 51 57  6 51 63 20  3
 57 33 54 59  7 59 59  3 59 59 63 59 15 15 53 59]",True,True,1.0,1.0,"[ 7  6 15 59  6  7 59 59  6 20  7 33 59 20 15 59  3  7 21 12 59 59 59  3
 12  3 15  3 35  3  3  3 15 59 20 59  3 15  6 56 12 15  3  6 33 56 15  3
  3  7  3 59  3 59 59  3 59 59 22 59  6 15 12 59]","[33 20 15 59 53 53 59 59 15 33 51 22 59 20 15 59 15 12 53 33 59 59 59  3
 51  3 22 15 35 15  3 33 53 59 53 59 12 15 53 63 12 15  3  6 53 63 15 12
 15 53  3 59  3 59 59  3 59 59 33 59 15 15 53 59]",True,True,1.0,1.0
[0 1 0 ... 0 1 0],62,"[ 4 41 41 62 62  3 62  6 62 41  6 41  3  8  4 63 19 41 61 62 39 26  6 62
 41  6 62 61 61 26 39  3 47 19 26  8  3 19  8 62 26 62 48 23 26 48 39 62
 62 39 39 39 26  3  6 39 19 41 19 41 41 62 62 62]","[ 4 41 19 62 62  3 62  6 62  6 26  6 39  8  8 19 26 41 61 62 39  3 48 62
 23  6 62  4  3 26 39  3 47 19 63  3 47  8 26 62 63 62 41 47  6 48  6 62
 62 48 48 39 26 39  6 39 19 39 26 47 23 62 62 62]",True,True,0.984375,1.0,"[np.int64(17), np.int64(33), np.int64(9), np.int64(20), np.int64(4), np.int64(38), np.int64(26), np.int64(7), np.int64(47), np.int64(44), np.int64(11), np.int64(57), np.int64(61), np.int64(8), np.int64(61), np.int64(50), np.int64(32), np.int64(44), np.int64(46), np.int64(9), np.int64(38), np.int64(11), np.int64(2), np.int64(21), np.int64(47), np.int64(7), np.int64(49), np.int64(61), np.int64(48), np.int64(40), np.int64(35), np.int64(62), np.int64(9), np.int64(33), np.int64(57), np.int64(8), np.int64(1), np.int64(1), np.int64(10), np.int64(16), np.int64(3), np.int64(2), np.int64(47), np.int64(38), np.int64(30), np.int64(23), np.int64(3), np.int64(28), np.int64(48), np.int64(58), np.int64(49), np.int64(0), np.int64(8), np.int64(16), np.int64(54), np.int64(41), np.int64(21), np.int64(46), np.int64(26), np.int64(16), np.int64(55), np.int64(23), np.int64(45), np.int64(12)]","[np.int64(11), np.int64(61), np.int64(63), np.int64(11), np.int64(48), np.int64(12), np.int64(16), np.int64(31), np.int64(41), np.int64(47), np.int64(40), np.int64(5), np.int64(7), np.int64(26), np.int64(20), np.int64(32), np.int64(42), np.int64(61), np.int64(7), np.int64(29), np.int64(51), np.int64(57), np.int64(31), np.int64(52), np.int64(7), np.int64(21), np.int64(48), np.int64(2), np.int64(1), np.int64(19), np.int64(45), np.int64(7), np.int64(0), np.int64(21), np.int64(41), np.int64(48), np.int64(37), np.int64(52), np.int64(32), np.int64(38), np.int64(40), np.int64(50), np.int64(51), np.int64(5), np.int64(10), np.int64(14), np.int64(9), np.int64(15), np.int64(27), np.int64(61), np.int64(45), np.int64(6), np.int64(26), np.int64(32), np.int64(46), np.int64(11), np.int64(32), np.int64(23), np.int64(13), np.int64(47), np.int64(29), np.int64(54), np.int64(13), np.int64(31)]",False,False,0.0,0.0,"[41 41 63 62 62  3 62 63 62  6  4  6 39  8  8 19  6  8 61 62  3 23  6 62
 23  8 62  4 23 48 39  3 19 41 47 39 47 19 26 62  3 62 41 47 26 48 39 62
 62 48 39  8 26 39  6 39  6 19 63 41 23 62 62 62]","[ 6 41  3 62 62  3 62 63 62  6  4  8 39  8  4  4 26  3 61 62  3  3 23 62
 47  8 62 19 47 26 39  3 19 19  6 48 39 41  8 62 63 62 41 23  6 48  6 62
 62 48 48 39 26 41 23 39  6 23 26 39 23 62 62 62]",True,True,1.0,1.0,"[ 4 41  3 62 62  3 62  6 62  6  4  6  3  8  8  4  6  3  4 62  3  3  3 62
 23  6 62  4  3 26 39  3 19 19  3  8  3  8  8 62  3 62 26 23  6 48  6 62
 62 23  6  8 26  3  6 39  4  8  4 39  4 62 62 62]","[ 6 41  3 62 62  3 62 63 62  6  6 23 39  8 47  4  6 41 47 62  3 61  3 62
 26  6 62 61  3 26 39  3 47 41  3 48 39 41 26 62  3 62 26 23 26 48  6 62
 62 48 48  8 26 41  6 39  6 41 26 41 23 62 62 62]",True,True,1.0,1.0
[1 0 1 ... 0 0 0],1,"[17  1  1 33 52  1  5  1  1 33 15 51 14 39  1  1 52  1  7 15 31 52 15 31
 42  5 42 38 52  1 39  1 33  1 51  2 29 52  1  1 52  2  1 14 29 33  7  2
  5  2 31  1  1  7 38 52 39 14 17  7  2 39 52 51]","[17  1  1 33 52  1 39  1  1 42  7 51 52 52  1  1 52  1 14 29 38 29 38 31
 14 15 42  5 14  1  7  1 15  1 51 17  7 52  1  1 39 17  1 14 29  5 17 39
 38  2 31  1  1  7 31 52 33 15 17 33 14 39 15 51]",True,True,0.984375,1.0,"[np.int64(48), np.int64(55), np.int64(16), np.int64(15), np.int64(62), np.int64(61), np.int64(1), np.int64(29), np.int64(34), np.int64(14), np.int64(43), np.int64(22), np.int64(50), np.int64(14), np.int64(49), np.int64(57), np.int64(11), np.int64(56), np.int64(23), np.int64(9), np.int64(32), np.int64(15), np.int64(44), np.int64(41), np.int64(43), np.int64(0), np.int64(1), np.int64(34), np.int64(8), np.int64(14), np.int64(32), np.int64(58), np.int64(18), np.int64(36), np.int64(26), np.int64(6), np.int64(48), np.int64(16), np.int64(60), np.int64(46), np.int64(36), np.int64(4), np.int64(56), np.int64(1), np.int64(7), np.int64(19), np.int64(46), np.int64(60), np.int64(48), np.int64(46), np.int64(15), np.int64(6), np.int64(35), np.int64(58), np.int64(27), np.int64(6), np.int64(61), np.int64(34), np.int64(36), np.int64(25), np.int64(19), np.int64(10), np.int64(41), np.int64(42)]","[np.int64(6), np.int64(59), np.int64(25), np.int64(30), np.int64(8), np.int64(27), np.int64(0), np.int64(50), np.int64(34), np.int64(25), np.int64(14), np.int64(33), np.int64(26), np.int64(61), np.int64(1), np.int64(39), np.int64(45), np.int64(1), np.int64(46), np.int64(7), np.int64(7), np.int64(9), np.int64(36), np.int64(38), np.int64(37), np.int64(43), np.int64(15), np.int64(34), np.int64(40), np.int64(0), np.int64(51), np.int64(39), np.int64(3), np.int64(32), np.int64(14), np.int64(43), np.int64(2), np.int64(1), np.int64(50), np.int64(63), np.int64(29), np.int64(1), np.int64(29), np.int64(0), np.int64(25), np.int64(26), np.int64(23), np.int64(6), np.int64(9), np.int64(52), np.int64(38), np.int64(4), np.int64(19), np.int64(2), np.int64(30), np.int64(63), np.int64(39), np.int64(27), np.int64(47), np.int64(49), np.int64(14), np.int64(51), np.int64(49), np.int64(47)]",False,False,0.0,0.0,"[42  1  1 39 42  1 39  1  1  5 15 33 17 39  1  1  5  1 52 15 29 38 15 31
 42 14 29 38 38  1 14  1 15  1 51 17 31 17  1  1 39 14  1 14  8  8  2 29
 51 15  7  1  1  7 31 33 42 15 17  8 14 39  2  7]","[38  1  1 29 42  1 39  1  1 33  7 51 52 39  1  1 52  1 51 29  7 14  7 15
 39 39 42 17 14  1 51  1 15  1 51 14  7 17  1  1 39 14  1 39 29 38  7  2
 38 17 17  1  1 52 38 39 39 14  2  2 14  7 52  7]",True,True,1.0,1.0,"[ 2  1  1 15  8  1  5  1  1  5  2 33 14 39  1  1  2  1  7 14  5 14  7  5
 14  5 29  5 14  1  7  1 15  1 51  2  2 17  1  1 39  2  1 14  5  5  2  2
  5  2  2  1  1  5 31 29  5 14  2  2  2  7  2  7]","[ 7  1  1 29 14  1 39  1  1 42  7 51 14 52  1  1 52  1 14 29  7 29  7 31
 29 14 42 14 29  1 14  1 33  1 51 14  7 52  1  1 52 14  1 14 29 14 14 29
 38 51 14  1  1 14 38 29 39 14 29 14 14 14 29 51]",True,True,1.0,1.0
[1 0 1 ... 1 0 1],25,"[14 12 48 63 42 34 23 50 15 14 50 25 25 34 25 25 36 12 20 42 25 25 12 25
 14 25 63 57 48 48 11 14 50 36 25 21 25 57 11 12 63 36 25 63 42 15 42 15
 25 15 25 11 15 42 34 48 12 25 36 15 20 34 57 25]","[20 63 14 14 34 20 23 50 15 21 21 25 25 20 25 25 36 36 23 42 25 25 12 25
 42 25 20 21 50 63 23 34 50 14 25 21 25 21 50 57 63 36 25 21 11 15 21 48
 25 15 25 20 11 57 34 14 12 25 34 20 48 11 34 25]",True,True,0.984375,1.0,"[np.int64(6), np.int64(5), np.int64(0), np.int64(46), np.int64(4), np.int64(9), np.int64(15), np.int64(5), np.int64(13), np.int64(17), np.int64(36), np.int64(42), np.int64(42), np.int64(63), np.int64(59), np.int64(16), np.int64(57), np.int64(24), np.int64(22), np.int64(7), np.int64(56), np.int64(22), np.int64(5), np.int64(17), np.int64(3), np.int64(36), np.int64(4), np.int64(48), np.int64(4), np.int64(14), np.int64(18), np.int64(8), np.int64(53), np.int64(11), np.int64(34), np.int64(45), np.int64(55), np.int64(13), np.int64(32), np.int64(21), np.int64(42), np.int64(31), np.int64(29), np.int64(19), np.int64(10), np.int64(42), np.int64(9), np.int64(1), np.int64(0), np.int64(38), np.int64(58), np.int64(37), np.int64(47), np.int64(52), np.int64(25), np.int64(46), np.int64(43), np.int64(31), np.int64(40), np.int64(30), np.int64(23), np.int64(58), np.int64(27), np.int64(30)]","[np.int64(6), np.int64(55), np.int64(18), np.int64(21), np.int64(0), np.int64(20), np.int64(58), np.int64(55), np.int64(28), np.int64(20), np.int64(8), np.int64(8), np.int64(48), np.int64(8), np.int64(27), np.int64(16), np.int64(61), np.int64(4), np.int64(44), np.int64(27), np.int64(26), np.int64(56), np.int64(60), np.int64(30), np.int64(56), np.int64(63), np.int64(8), np.int64(42), np.int64(15), np.int64(57), np.int64(63), np.int64(40), np.int64(19), np.int64(33), np.int64(60), np.int64(3), np.int64(35), np.int64(60), np.int64(38), np.int64(22), np.int64(52), np.int64(11), np.int64(54), np.int64(40), np.int64(24), np.int64(23), np.int64(48), np.int64(27), np.int64(15), np.int64(17), np.int64(28), np.int64(10), np.int64(33), np.int64(10), np.int64(31), np.int64(55), np.int64(24), np.int64(43), np.int64(40), np.int64(51), np.int64(7), np.int64(9), np.int64(15), np.int64(41)]",False,False,0.0,0.0,"[11 63 14 14 23 48 23 50 48 21 50 25 25 20 25 25 21 11 23 42 25 25 12 25
 42 25 20 21 50 48 23 34 12 14 25 48 25 57 15 57 11 48 25 63 48 20 48 15
 25 15 25 20 23 12 34 14 20 25 34 15 48 63 21 25]","[14 42 14 14 23 34 50 50 57 21 50 25 25 34 25 25 21 36 48 42 25 25 12 25
 42 25 14 23 50 42 48 11 15 36 25 21 25 21 11 57 15 48 25 21 42 15 42 48
 25 15 25 20 57 57 11 14 20 25 34 20 48 34 21 25]",True,True,1.0,1.0,"[11 12 12 14 23 23 23 50 15 12 11 25 25 20 25 25 21 11 12 42 25 25 12 25
 14 25 14 14 48 14 11 11 15 14 25 21 25 15 11 12 11 15 25 21 11 15 14 15
 25 15 25 11 11 14 11 14 12 25 15 15 20 11 14 25]","[20 12 12 14 34 34 50 50 57 12 11 25 25 34 25 25 21 11 20 42 25 25 12 25
 20 25 20 36 50 42 23 34 50 20 25 21 25 21 11 12 11 36 25 63 11 20 14 34
 25 15 25 11 57 14 11 14 20 25 15 20 20 11 23 25]",True,True,1.0,1.0
[1 0 1 ... 0 0 0],57,"[15 17 36 15 24 29 23 24 19 57  9 17 57 29 18 57 38 57 36 57 12 12 57 38
 57 57  9 22 36 57  9 17 17 38 15 15 57 38 57 22 24 12  9  9 24 19  9 15
 12 17 38 15 29 19  9 63 19 57 17 12 38 24 22 57]","[17 38 36 29 38 29 28 24 19 57  9 17 57 63  0 57 38 57 36 57 12 29 57 38
 57 57  9 22 36 57 25 19 63 38 29 19 57 38 57 29 24 19 29  9 17 22 19 15
 12 17 38 63 29 29 29 22 19 57 63 25 24 24 25 57]",True,True,0.984375,1.0,"[np.int64(3), np.int64(24), np.int64(18), np.int64(41), np.int64(34), np.int64(58), np.int64(43), np.int64(14), np.int64(36), np.int64(56), np.int64(35), np.int64(60), np.int64(53), np.int64(19), np.int64(35), np.int64(58), np.int64(46), np.int64(7), np.int64(22), np.int64(57), np.int64(52), np.int64(53), np.int64(53), np.int64(3), np.int64(12), np.int64(20), np.int64(23), np.int64(9), np.int64(4), np.int64(51), np.int64(23), np.int64(46), np.int64(32), np.int64(14), np.int64(14), np.int64(60), np.int64(49), np.int64(3), np.int64(38), np.int64(35), np.int64(18), np.int64(50), np.int64(14), np.int64(18), np.int64(30), np.int64(44), np.int64(41), np.int64(2), np.int64(4), np.int64(23), np.int64(19), np.int64(29), np.int64(55), np.int64(51), np.int64(36), np.int64(21), np.int64(16), np.int64(36), np.int64(54), np.int64(45), np.int64(56), np.int64(18), np.int64(59), np.int64(30)]","[np.int64(15), np.int64(41), np.int64(62), np.int64(16), np.int64(4), np.int64(50), np.int64(42), np.int64(33), np.int64(59), np.int64(42), np.int64(9), np.int64(37), np.int64(20), np.int64(26), np.int64(57), np.int64(21), np.int64(23), np.int64(38), np.int64(50), np.int64(14), np.int64(41), np.int64(47), np.int64(8), np.int64(35), np.int64(5), np.int64(49), np.int64(38), np.int64(50), np.int64(22), np.int64(21), np.int64(24), np.int64(16), np.int64(60), np.int64(25), np.int64(43), np.int64(58), np.int64(29), np.int64(62), np.int64(29), np.int64(28), np.int64(9), np.int64(45), np.int64(39), np.int64(32), np.int64(39), np.int64(53), np.int64(56), np.int64(51), np.int64(7), np.int64(24), np.int64(58), np.int64(21), np.int64(3), np.int64(57), np.int64(9), np.int64(31), np.int64(26), np.int64(43), np.int64(47), np.int64(23), np.int64(8), np.int64(25), np.int64(1), np.int64(0)]",False,False,0.0,0.0,"[17 63 15 17 29 17 21 24 24 57  9 29 57 17 51 57 63 57 36 57 29 12 57 17
 57 57  9 22 38 57 25 19 38 63 15 24 57 19 57 22 24 19  9 15 17 19  9 15
 36 17 38 19 38 19 15 22 19 57 17 15 38 24 36 57]","[17 29 15 12 24 15 11 24 24 57  9 17 57 17 50 57 38 57 36 57 36 25 57 17
 57 57 38 22 29 57 29 24 17 38 25 15 57 17 57 22 36 12 29 15 25 22 36 15
 24 29 38 63 38 29 29 25 19 57 29 29  9 24 36 57]",True,True,1.0,1.0,"[15 17 19 15  9 15  2 24 19 57  9 17 57 17  0 57  9 57 22 57 12 12 57  9
 57 57  9 22 15 57  9 17 15 25 15 12 57 17 57 22 25 12  9  9 25 22  9 15
 12 17 38 15 12 22  9 22  9 57  9 12  9 24 17 57]","[12 29 36 12 29 29 11 24 24 57  9 29 57 29 60 57 38 57 22 57 29 12 57 17
 57 57 17 22 29 57 29 24 17 38 29 19 57 38 57 22 24 12  9  9 17 19 36 15
 12 29 38 19 12 29 29 22 19 57 29 29 38 24 22 57]",True,True,1.0,1.0
[1 0 1 ... 0 0 0],39,"[39 59 58 61 39 59 15 25  4 30 28 25 33 33 43 39 27 33 45 30 30 27 37 35
 30 39  4 39 61 58 39  0 45 39 37 39  0 39  4 39 25 25 15 39 45 39 25 25
 15 25 35 59  4 25 37 30 25 30 39 39 25 39 37 45]","[39 35 27 37 39 59 59 25  0  0 22 61  4 33 15 39 43 43 45 30 30 30 35 35
  4 39 35 39  0 27 39 30 45 39 35 39 35 39 33 39 25 15 25 39 37 39 27 25
 37 43 35 37  4 59 37 61 25 30 39 39  0 39 30 45]",True,True,0.984375,1.0,"[np.int64(9), np.int64(0), np.int64(7), np.int64(33), np.int64(45), np.int64(41), np.int64(63), np.int64(54), np.int64(6), np.int64(30), np.int64(41), np.int64(22), np.int64(0), np.int64(31), np.int64(46), np.int64(59), np.int64(35), np.int64(14), np.int64(11), np.int64(14), np.int64(62), np.int64(9), np.int64(58), np.int64(33), np.int64(36), np.int64(60), np.int64(49), np.int64(1), np.int64(44), np.int64(17), np.int64(41), np.int64(61), np.int64(16), np.int64(32), np.int64(40), np.int64(44), np.int64(29), np.int64(62), np.int64(42), np.int64(53), np.int64(41), np.int64(1), np.int64(48), np.int64(39), np.int64(31), np.int64(41), np.int64(16), np.int64(27), np.int64(8), np.int64(4), np.int64(56), np.int64(33), np.int64(25), np.int64(26), np.int64(27), np.int64(47), np.int64(62), np.int64(53), np.int64(36), np.int64(37), np.int64(63), np.int64(43), np.int64(21), np.int64(20)]","[np.int64(49), np.int64(34), np.int64(42), np.int64(15), np.int64(24), np.int64(61), np.int64(1), np.int64(50), np.int64(12), np.int64(49), np.int64(9), np.int64(17), np.int64(42), np.int64(34), np.int64(45), np.int64(33), np.int64(20), np.int64(55), np.int64(2), np.int64(25), np.int64(47), np.int64(36), np.int64(14), np.int64(0), np.int64(32), np.int64(10), np.int64(7), np.int64(9), np.int64(1), np.int64(2), np.int64(13), np.int64(28), np.int64(39), np.int64(18), np.int64(6), np.int64(35), np.int64(31), np.int64(60), np.int64(55), np.int64(55), np.int64(43), np.int64(20), np.int64(6), np.int64(1), np.int64(52), np.int64(52), np.int64(4), np.int64(43), np.int64(20), np.int64(18), np.int64(7), np.int64(48), np.int64(38), np.int64(42), np.int64(60), np.int64(15), np.int64(6), np.int64(54), np.int64(49), np.int64(25), np.int64(31), np.int64(56), np.int64(27), np.int64(6)]",False,False,0.0,0.0,"[39 59 27 33 39 45 15  0  0  0 40 61  4 33 15 39 27 33 45 58 27 61 30 35
 30 39 37 39  0 27 39 30 45 39 30 39 61 39  4 39  4 25 25 39 25 39 59 25
 15 43  4 43  4  4 43 61 25 30 39 39 15 39 37 45]","[39 59 27 33 39 59 59 27  4 30 17 61 58 33  0 39 15 43 45 35 27 43 35 25
  4 39 35 39  0 33 39  0 45 39 59 39 35 39  4 39 15 27 45 39 25 39 25 25
 33 25 43 37 58  4 15 30 25  4 39 39  0 39 30 45]",True,True,1.0,1.0,"[39 35  0 33 39  0 15  0  0  0  8  0  4 33  0 39  0 33 45 30 15 27 15 25
  4 39  4 39  0 27 39  0 45 39 30 39  0 39  4 39  4  4 15 39 25 39  0 25
 15 25  4  0  4  4 15 25 25  4 39 39  0 39  4 45]","[39 35 58 37 39 45 59 27  4 37 52  0  4 33 59 39 43 33 45 35 15 27 35 35
  4 39  4 39  0 33 39 30 45 39 37 39 35 39  4 39  4  4 45 39 45 39 25 25
 15 25  4 37  4  4 15 30 25 61 39 39  0 39  4 45]",True,True,1.0,1.0
[1 0 1 ... 1 0 1],25,"[11 63 14 14 48 23 23 50 48 15 11 25 25 48 25 25 48 36 12 42 25 25 12 25
 42 25 42 20 50 42 23 11 12 36 25 42 25 21 14 21 23 36 25 21 36 23 14 15
 25 15 25 11 23 42 34 48 12 25 14 20 20 63 23 25]","[11 12 48 63 48 34 50 50 48 12 21 25 25 63 25 25 36 36 20 42 25 25 12 25
 20 25 14 20 48 42 48 34 50 21 25 63 25 57 15 57 23 48 25 63 42 20 21 34
 25 15 25 20 15 12 57 48 12 25 50 34 48 63 34 25]",True,True,0.984375,1.0,"[np.int64(1), np.int64(30), np.int64(10), np.int64(43), np.int64(49), np.int64(45), np.int64(54), np.int64(47), np.int64(61), np.int64(18), np.int64(42), np.int64(55), np.int64(48), np.int64(12), np.int64(26), np.int64(14), np.int64(44), np.int64(8), np.int64(47), np.int64(37), np.int64(16), np.int64(62), np.int64(35), np.int64(50), np.int64(56), np.int64(62), np.int64(56), np.int64(30), np.int64(42), np.int64(45), np.int64(45), np.int64(15), np.int64(60), np.int64(37), np.int64(48), np.int64(61), np.int64(1), np.int64(60), np.int64(5), np.int64(47), np.int64(12), np.int64(3), np.int64(1), np.int64(20), np.int64(33), np.int64(63), np.int64(43), np.int64(46), np.int64(14), np.int64(40), np.int64(27), np.int64(46), np.int64(31), np.int64(2), np.int64(59), np.int64(39), np.int64(43), np.int64(47), np.int64(39), np.int64(24), np.int64(4), np.int64(61), np.int64(2), np.int64(20)]","[np.int64(28), np.int64(25), np.int64(62), np.int64(25), np.int64(4), np.int64(43), np.int64(59), np.int64(5), np.int64(15), np.int64(21), np.int64(61), np.int64(57), np.int64(26), np.int64(25), np.int64(14), np.int64(32), np.int64(55), np.int64(28), np.int64(25), np.int64(39), np.int64(14), np.int64(1), np.int64(59), np.int64(14), np.int64(2), np.int64(42), np.int64(7), np.int64(36), np.int64(35), np.int64(48), np.int64(31), np.int64(59), np.int64(26), np.int64(49), np.int64(57), np.int64(13), np.int64(18), np.int64(50), np.int64(46), np.int64(38), np.int64(9), np.int64(1), np.int64(34), np.int64(63), np.int64(35), np.int64(50), np.int64(26), np.int64(3), np.int64(13), np.int64(17), np.int64(22), np.int64(47), np.int64(23), np.int64(9), np.int64(36), np.int64(11), np.int64(43), np.int64(40), np.int64(49), np.int64(3), np.int64(27), np.int64(30), np.int64(43), np.int64(21)]",False,False,0.0,0.0,"[11 12 12 14 42 20 23 50 57 21 36 25 25 34 25 25 48 15 48 42 25 25 12 25
 20 25 14 14 48 63 11 34 50 20 25 21 25 15 15 57 11 48 25 21 11 23 15 48
 25 15 25 20 57 14 11 48 20 25 48 15 63 63 57 25]","[20 42 14 14 23 34 50 50 15 12 21 25 25 50 25 25 48 15 12 42 25 25 12 25
 42 25 42 57 48 63 48 11 12 21 25 36 25 21 11 21 11 36 25 21 11 23 15 15
 25 15 25 11 48 57 11 14 20 25 36 15 48 11 21 25]",True,True,1.0,1.0,"[11 12 12 14 23 23 23 50 15 12 11 25 25 20 25 25 21 11 12 42 25 25 12 25
 14 25 14 14 48 14 11 11 15 14 25 21 25 15 11 12 11 15 25 21 11 15 14 15
 25 15 25 11 11 14 11 14 12 25 15 15 20 11 14 25]","[20 12 12 14 34 34 50 50 57 12 11 25 25 34 25 25 21 11 20 42 25 25 12 25
 20 25 20 36 50 42 23 34 50 20 25 21 25 21 11 12 11 36 25 63 11 20 14 34
 25 15 25 11 57 14 11 14 20 25 15 20 20 11 23 25]",True,True,1.0,1.0
[0 0 0 ... 0 1 1],29,"[36 56  6 29 31 29 30 56 29  5  8  5  3 29  3 23  5 52  3 58 56  3  3 29
 39 51 31 30  5 29 29 29 58 13 13  8 29 36 30 29 31 23 36 31 48  7  8  8
 56 52  8 29 29 23  3 23 29 52 29  5 52 51 31 39]","[36 36 17 29 31 29  3 56 29  5  8 23 39 29 36 23  5 36 31 58  5 23 36 29
 51 23 31  5  5 29 29 29 39 39 23 13 29 36 36 29 31 52 58 52 59 32 13 56
  8 36 52 29 29 23 13 36 29 52 29  5 52 30 30 52]",True,True,0.984375,1.0,"[np.int64(7), np.int64(30), np.int64(63), np.int64(31), np.int64(56), np.int64(54), np.int64(33), np.int64(60), np.int64(10), np.int64(12), np.int64(17), np.int64(39), np.int64(3), np.int64(13), np.int64(27), np.int64(17), np.int64(53), np.int64(58), np.int64(61), np.int64(62), np.int64(31), np.int64(2), np.int64(22), np.int64(62), np.int64(5), np.int64(3), np.int64(11), np.int64(26), np.int64(36), np.int64(6), np.int64(57), np.int64(8), np.int64(34), np.int64(24), np.int64(19), np.int64(35), np.int64(8), np.int64(63), np.int64(56), np.int64(21), np.int64(1), np.int64(26), np.int64(9), np.int64(51), np.int64(54), np.int64(26), np.int64(13), np.int64(55), np.int64(25), np.int64(30), np.int64(18), np.int64(26), np.int64(29), np.int64(20), np.int64(11), np.int64(42), np.int64(41), np.int64(62), np.int64(35), np.int64(24), np.int64(21), np.int64(41), np.int64(59), np.int64(46)]","[np.int64(29), np.int64(44), np.int64(15), np.int64(6), np.int64(54), np.int64(50), np.int64(36), np.int64(22), np.int64(28), np.int64(58), np.int64(0), np.int64(20), np.int64(56), np.int64(37), np.int64(19), np.int64(46), np.int64(7), np.int64(19), np.int64(12), np.int64(44), np.int64(24), np.int64(54), np.int64(24), np.int64(53), np.int64(55), np.int64(51), np.int64(9), np.int64(52), np.int64(59), np.int64(49), np.int64(21), np.int64(13), np.int64(63), np.int64(59), np.int64(56), np.int64(47), np.int64(56), np.int64(30), np.int64(51), np.int64(5), np.int64(49), np.int64(26), np.int64(7), np.int64(9), np.int64(19), np.int64(1), np.int64(0), np.int64(36), np.int64(1), np.int64(6), np.int64(36), np.int64(38), np.int64(41), np.int64(62), np.int64(51), np.int64(27), np.int64(0), np.int64(42), np.int64(20), np.int64(6), np.int64(59), np.int64(23), np.int64(60), np.int64(24)]",False,False,0.0,0.0,"[36 56  6 29 31 29  5 51 29 39  8  3 36 29  8 31  5 30 31 39  5  3 36 29
 51 23 31  5 13 29 29 29 58 39 23 13 29 13 30 29 39 23 36 56 17 19 30  5
  8 36 30 29 29 23 13 36 29 52 29 31 39 39 31 39]","[ 8 56 25 29 51 29 30 56 29 39 56  3 13 29  3 31  5 30  3 58  5 56 36 29
 58 56 31  5 13 29 29 29 58 39 13  8 29 31 36 29 31  8 58 13  1 42  8 56
 30 52 31 29 29 51  3 36 29 23 29  8 52 51 30 52]",True,True,1.0,1.0,"[ 8 36 25 29  8 29  3  3 29  5  3  3  3 29  3 23  5 13  3 36  5  3  3 29
 39 23 31  5  5 29 29 29  8 13 13  8 29 13  8 29 31  5 23  3 17 17  8  5
  3 36  8 29 29 23  3 23 29 13 29  5 30 23 30 31]","[ 8 36  6 29 51 29  3  3 29  5  8 23 36 29 36 36 30 36  3 36  5 23 36 29
 58 23 31  5  5 29 29 29 39 39 23  8 29 36 36 29 31  5 36 52  1 10  8  5
  8 36 52 29 29 51  3 23 29 23 29  5 39 23 30 52]",True,True,1.0,1.0
[0 0 1 ... 0 0 0],8,"[ 5 61 17  8  8  8 63  8  8 37 21 45 50 21  4 16  8  8  5 32  4  8  3 50
  5  8 28 61  8 37 19 41  8 28 16 62 41  8 16 62 41  8 56 37 50  8 37 63
  5 16  8 45 28 25  5  8  8 32 28 28 63  8  8  8]","[21 55  5  8  8  8 56  8  8 25 55  4 61  5  4 25  8  8 61  4 25  8 21 50
 45  8 56 32  8 45 47 32  8  5 32 45  7  8  4  5 41  8 32 63 50  8  3 32
  5  4  8 37  3 25 41  8  8 32 17 28 63  8  8  8]",True,True,0.984375,1.0,"[np.int64(46), np.int64(36), np.int64(56), np.int64(48), np.int64(13), np.int64(55), np.int64(5), np.int64(58), np.int64(61), np.int64(2), np.int64(48), np.int64(28), np.int64(24), np.int64(34), np.int64(58), np.int64(48), np.int64(23), np.int64(33), np.int64(30), np.int64(25), np.int64(39), np.int64(62), np.int64(18), np.int64(26), np.int64(37), np.int64(33), np.int64(3), np.int64(38), np.int64(46), np.int64(11), np.int64(38), np.int64(48), np.int64(39), np.int64(61), np.int64(47), np.int64(44), np.int64(33), np.int64(5), np.int64(8), np.int64(10), np.int64(18), np.int64(13), np.int64(26), np.int64(49), np.int64(8), np.int64(31), np.int64(55), np.int64(17), np.int64(28), np.int64(41), np.int64(26), np.int64(44), np.int64(45), np.int64(6), np.int64(36), np.int64(31), np.int64(31), np.int64(52), np.int64(25), np.int64(52), np.int64(49), np.int64(47), np.int64(47), np.int64(24)]","[np.int64(45), np.int64(27), np.int64(32), np.int64(4), np.int64(18), np.int64(21), np.int64(2), np.int64(48), np.int64(52), np.int64(27), np.int64(23), np.int64(36), np.int64(21), np.int64(52), np.int64(22), np.int64(45), np.int64(19), np.int64(23), np.int64(43), np.int64(54), np.int64(21), np.int64(25), np.int64(41), np.int64(48), np.int64(54), np.int64(51), np.int64(7), np.int64(55), np.int64(36), np.int64(57), np.int64(53), np.int64(51), np.int64(37), np.int64(30), np.int64(7), np.int64(55), np.int64(24), np.int64(27), np.int64(13), np.int64(0), np.int64(54), np.int64(18), np.int64(25), np.int64(44), np.int64(59), np.int64(49), np.int64(20), np.int64(57), np.int64(28), np.int64(22), np.int64(31), np.int64(61), np.int64(12), np.int64(59), np.int64(31), np.int64(61), np.int64(24), np.int64(24), np.int64(21), np.int64(15), np.int64(32), np.int64(15), np.int64(34), np.int64(41)]",False,False,0.0,0.0,"[55 61 16  8  8  8 63  8  8  5 62  3 41 55 50 37  8  8 61  4  3  8 17  7
 50  8 56 32  8 37 27 62  8 45 21 25 41  8 16 28 41  8 56 28 50  8 50  5
  5  4  8 45 28 25 41  8  8 50 37 28 45  8  8  8]","[62 55 21  8  8  8 37  8  8 45 62  7 61 21 50 25  8  8 25 32 28  8 56  7
  5  8 28 61  8 37  2 41  8 21 32 62 32  8 62  5  7  8 61 32 50  8  5 37
  5 63  8 61 61 25 28  8  8  4 25 55 45  8  8  8]",True,True,1.0,1.0,"[ 5  5  5  8  8  8  5  8  8  3 21  4 41  5  4 16  8  8  4  4  4  8  3  7
  5  8  4 28  8 37  2  4  8  5 16 25  7  8  4  5  7  8  5  4 50  8  3  3
  4  4  8  7  3 25  5  8  8  4  4  7  5  8  8  8]","[ 5 61 61  8  8  8  5  8  8 61 21  3 61  5  4 25  8  8  5 61 25  8  3 50
  5  8  4 61  8 37 47 21  8  5 21 25 32  8 62 61 41  8 32  4 50  8  5  5
 61 41  8 61 61 25 32  8  8  4 61 28 32  8  8  8]",True,True,1.0,1.0
[1 1 0 ... 0 1 0],41,"[20 58 24 39 55 20 20 55 39 53 26 26 58 58 39 58 24 48 24 55 41 26 20 24
 41 24 41 37 14 39 53 52 58 13 24 53 55 41 41 41 39 41 39 37 38 52 37 39
 41  8 55 58 41 41 53 41 53 20 41 24 55 55 37 48]","[53 24 20 39 53 58 26 55 39 53 58 20 38 55 39 58 24 58 24 38 41 52 52 24
 41 48 41 37 10 39 48 58 52  3 24 26 55 41 41 41 39 41 37 37 38 52 38 39
 41 61 37 58 41 41 39 41 53 38 41 24 55 55 37 39]",True,True,0.984375,1.0,"[np.int64(13), np.int64(38), np.int64(37), np.int64(22), np.int64(51), np.int64(45), np.int64(41), np.int64(17), np.int64(50), np.int64(33), np.int64(62), np.int64(7), np.int64(2), np.int64(15), np.int64(28), np.int64(32), np.int64(40), np.int64(22), np.int64(13), np.int64(25), np.int64(7), np.int64(57), np.int64(31), np.int64(38), np.int64(57), np.int64(19), np.int64(56), np.int64(34), np.int64(14), np.int64(4), np.int64(39), np.int64(33), np.int64(15), np.int64(27), np.int64(25), np.int64(49), np.int64(1), np.int64(44), np.int64(35), np.int64(34), np.int64(42), np.int64(11), np.int64(57), np.int64(36), np.int64(37), np.int64(26), np.int64(1), np.int64(9), np.int64(40), np.int64(42), np.int64(36), np.int64(10), np.int64(47), np.int64(29), np.int64(63), np.int64(20), np.int64(18), np.int64(31), np.int64(42), np.int64(3), np.int64(22), np.int64(21), np.int64(29), np.int64(4)]","[np.int64(21), np.int64(28), np.int64(10), np.int64(4), np.int64(17), np.int64(20), np.int64(53), np.int64(26), np.int64(9), np.int64(4), np.int64(62), np.int64(22), np.int64(36), np.int64(7), np.int64(34), np.int64(1), np.int64(15), np.int64(58), np.int64(15), np.int64(33), np.int64(3), np.int64(22), np.int64(12), np.int64(37), np.int64(43), np.int64(11), np.int64(5), np.int64(33), np.int64(62), np.int64(13), np.int64(57), np.int64(39), np.int64(54), np.int64(46), np.int64(25), np.int64(43), np.int64(38), np.int64(53), np.int64(26), np.int64(13), np.int64(46), np.int64(52), np.int64(20), np.int64(3), np.int64(20), np.int64(23), np.int64(19), np.int64(36), np.int64(13), np.int64(58), np.int64(48), np.int64(14), np.int64(16), np.int64(25), np.int64(3), np.int64(14), np.int64(56), np.int64(4), np.int64(58), np.int64(9), np.int64(46), np.int64(60), np.int64(49), np.int64(22)]",False,False,0.0,0.0,"[20 58 52 39 26 20 26 38 58 58 37 38 58 20 55 58 24 48 24 39 41 26 20 37
 41 48 41 52 10 26 26 52 58  5 26 24 55 41 41 41 38 41 39 37 38 52 53 39
 41 59 26 20 41 41 53 41 24 20 41 24 55 55 37 58]","[53 24 20 39 48 52 26 38 39 58 58 20 20 58 39 58 24 20 53 38 41 52 48 37
 41 48 41 37 19 39 48 53 58 54 26 53 26 41 41 41 38 41 39 37 39 52 38 37
 41 47 37 20 41 41 39 41 53 38 41 24 37 55 37 26]",True,True,1.0,1.0,"[20 24 20 39 26 20 20 24 24 39 20 20 20 20 37 58 24 20 24 24 41 26 20 24
 41 24 41 37  3 24 26 20 24  5 24 26 26 41 41 41 26 41 37 37 39 52 37 37
 41  1 26 20 41 41 38 41 24 20 41 24 37 55 24 26]","[53 39 39 39 26 20 26 38 39 39 37 20 39 20 39 58 52 48 39 39 41 39 48 37
 41 24 41 52  3 39 26 52 52 42 26 39 26 41 41 41 39 41 39 37 39 52 52 39
 41  1 37 58 41 41 39 41 24 20 41 24 37 55 37 52]",True,True,1.0,1.0
[0 0 0 ... 0 0 1],37,"[37 30 26 60 32 41 46 37 26 37  7 58  7 41 37 14  7 30 26 32 45 58  0 58
 41 27 37 37 14 46 37  0 37 41 32 46 61 37 61 41 27 37 30 26 61 37 37  9
  7 30 46 26  9  9  0 14 45 32 37 14 26 37 27 32]","[37 61 46 35 45 46 46 37 26 37 14 30  0  7 37 14 61 41 32  0 46 58 30  9
 41 27 37 37 14 41 37 14 37 45 61 27 58 37 45 27 45 37 30 26 32 37 37 41
 32 46 46 26 45 46 46  9 30  9 37 14 46 37 27  9]",True,True,0.984375,1.0,"[np.int64(51), np.int64(12), np.int64(30), np.int64(6), np.int64(17), np.int64(39), np.int64(28), np.int64(63), np.int64(45), np.int64(53), np.int64(22), np.int64(13), np.int64(32), np.int64(21), np.int64(56), np.int64(17), np.int64(25), np.int64(54), np.int64(40), np.int64(35), np.int64(62), np.int64(6), np.int64(8), np.int64(33), np.int64(22), np.int64(54), np.int64(23), np.int64(45), np.int64(11), np.int64(40), np.int64(16), np.int64(42), np.int64(22), np.int64(9), np.int64(4), np.int64(30), np.int64(27), np.int64(34), np.int64(7), np.int64(33), np.int64(5), np.int64(46), np.int64(42), np.int64(26), np.int64(11), np.int64(11), np.int64(43), np.int64(56), np.int64(38), np.int64(12), np.int64(18), np.int64(48), np.int64(28), np.int64(47), np.int64(56), np.int64(36), np.int64(53), np.int64(27), np.int64(43), np.int64(9), np.int64(43), np.int64(62), np.int64(2), np.int64(33)]","[np.int64(7), np.int64(2), np.int64(61), np.int64(18), np.int64(27), np.int64(35), np.int64(43), np.int64(45), np.int64(50), np.int64(56), np.int64(25), np.int64(56), np.int64(56), np.int64(60), np.int64(11), np.int64(36), np.int64(21), np.int64(59), np.int64(32), np.int64(23), np.int64(45), np.int64(59), np.int64(34), np.int64(50), np.int64(45), np.int64(14), np.int64(28), np.int64(23), np.int64(0), np.int64(45), np.int64(26), np.int64(43), np.int64(10), np.int64(31), np.int64(59), np.int64(0), np.int64(57), np.int64(50), np.int64(33), np.int64(36), np.int64(2), np.int64(7), np.int64(45), np.int64(52), np.int64(17), np.int64(6), np.int64(56), np.int64(25), np.int64(48), np.int64(31), np.int64(58), np.int64(45), np.int64(34), np.int64(37), np.int64(44), np.int64(54), np.int64(52), np.int64(7), np.int64(26), np.int64(34), np.int64(9), np.int64(44), np.int64(6), np.int64(31)]",False,False,0.0,0.0,"[37 30 46 38 32 41 41 37  9 37 41 61  0 41 37 41  7 30 26 32 46 58 30 58
 41 27 37 37 14  0 37  0 37 27 61 46 58 37 32 27 46 37 30  7 46 37 37 46
 32 30 41 26  9 46  0 46 30 32 37 14 26 37 32  9]","[37 30 61 35 45 41 41 37  9 37 61 32 14  7 37 14 45 61 26 32 45 58 30 58
 41 27 37 37 14  9 37 46 37 27 27 30  7 37 58 27 45 37 27 26 32 37 37 46
  0 30 30 26 45  9 46 61 30 32 37 14 46 37  9 26]",True,True,1.0,1.0,"[37 30  9  2 32 41 41 37  9 37  7  0  0  7 37 14  7 30 26  0 45 58  0  9
 41 27 37 37 14  0 37  0 37 27 14 27  7 37  9  9 27 37  0  7  9 37 37  9
  0 30 27 26  9  9  0  7  9  9 37 14 26 37  9  9]","[37 30  9 35 45 41 41 37  9 37  7  9  7  7 37 14 45 30 26 27 45 58 30  9
 41 27 37 37 14  9 37 14 37 30 14 30  7 37  9  9 45 37 30  7  9 37 37  9
  7 30 30 26 45  9  0  9 30  9 37 14 46 37  9  9]",True,True,1.0,1.0
[1 0 0 ... 0 1 0],63,"[63 63 51 27 27 55 27 63 60 55 23  1  0  7 24 23 63 60  7 27 27 34  1 63
 63  1 63 63 60 63 24 55 60  1 63 24 51 23 26 26 26 34 27  0 27  1 27 50
 29 23 63 63 34 55 27 63 34 55 55  1 63 27 63 63]","[63 63 51 51  1  1 50 63 60 55 23 24 34 62 27 51 63  1 24 55 50  0  1 63
 63  1 63 63 23 63 16 55 51  1 63 62 51 29  0 29 60 51  1 55 16  1 23 50
 29  0 63 63 34 24 27 63  1 34 55 51 63 23 63 63]",True,True,0.984375,1.0,"[np.int64(47), np.int64(50), np.int64(47), np.int64(0), np.int64(6), np.int64(24), np.int64(53), np.int64(8), np.int64(31), np.int64(12), np.int64(14), np.int64(34), np.int64(29), np.int64(9), np.int64(12), np.int64(20), np.int64(55), np.int64(10), np.int64(62), np.int64(35), np.int64(27), np.int64(48), np.int64(25), np.int64(52), np.int64(23), np.int64(17), np.int64(57), np.int64(30), np.int64(19), np.int64(13), np.int64(20), np.int64(10), np.int64(46), np.int64(24), np.int64(46), np.int64(38), np.int64(44), np.int64(30), np.int64(29), np.int64(57), np.int64(31), np.int64(62), np.int64(3), np.int64(3), np.int64(24), np.int64(23), np.int64(54), np.int64(13), np.int64(33), np.int64(2), np.int64(0), np.int64(55), np.int64(39), np.int64(6), np.int64(31), np.int64(28), np.int64(2), np.int64(56), np.int64(12), np.int64(31), np.int64(7), np.int64(37), np.int64(33), np.int64(4)]","[np.int64(55), np.int64(19), np.int64(33), np.int64(27), np.int64(58), np.int64(32), np.int64(42), np.int64(14), np.int64(51), np.int64(59), np.int64(26), np.int64(32), np.int64(22), np.int64(47), np.int64(37), np.int64(36), np.int64(62), np.int64(54), np.int64(48), np.int64(19), np.int64(3), np.int64(38), np.int64(19), np.int64(39), np.int64(45), np.int64(3), np.int64(40), np.int64(38), np.int64(6), np.int64(43), np.int64(1), np.int64(57), np.int64(62), np.int64(5), np.int64(44), np.int64(57), np.int64(14), np.int64(11), np.int64(10), np.int64(10), np.int64(35), np.int64(56), np.int64(16), np.int64(41), np.int64(13), np.int64(32), np.int64(8), np.int64(28), np.int64(18), np.int64(16), np.int64(36), np.int64(1), np.int64(2), np.int64(8), np.int64(40), np.int64(24), np.int64(32), np.int64(62), np.int64(4), np.int64(56), np.int64(25), np.int64(1), np.int64(58), np.int64(8)]",False,False,0.0,0.0,"[63 63 27 26 50  0 62 63 60  7 16 16  0 62 60 16 63 60 24 51 27  0 62 63
 63  1 63 63 23 63 16 55 16 24 63  0  7  0 62 26 34 34 55 24 16 55 23 55
 29 29 63 63  1 34 62 63 55 51 55 51 63 24 63 63]","[63 63 27 51 27 62 24 63 60 23 23  1  0  7 24 60 63 24  7 51 29 24 62 63
 63 27 63 63 60 63 50 29 29  1 63 24 51 23 26  7 51 51 55  7 16  1 23 29
 29 29 63 63  1 24 27 63 50 51 62 29 63 27 63 63]",True,True,1.0,1.0,"[63 63 27 26  1  0 24 63 60 23 23  1  0  7 24  0 63  1  7  1  1  0  1 63
 63  1 63 63 23 63  7 23 26  1 63  0  7  0  0  7  0 34  1  0 16  1 27  0
 29  0 63 63  1  0 27 63  1 16 26  1 63 23 63 63]","[63 63 51 51  1  0 50 63 60 51 23  1  0  7 29 51 63  1  7 51  1 62  1 63
 63  7 63 63 60 63  7 23 51  1 63 62 51  0  0  7 51 51  1  7 27  1 23 50
 62  0 63 63  1  0 27 63  1 51 62  1 63 23 63 63]",True,True,1.0,1.0
[0 0 0 ... 0 1 1],29,"[ 8 56 34 29 23 29  5 51 29 39  8  3 39 29 36 36  5 13 31 36  5 23  3 29
 58 23 31  5  5 29 29 29 13 39 39 13 29 56 36 29 58 23 58 56  0 32 30 31
 56 52 52 29 29 51  3 39 29 13 29  8 30 31 31 51]","[ 8 36 34 29 51 29 30 51 29  5  8  3 36 29 36 31  5 23 31 39  5 23 36 29
 58 23 31  5  5 29 29 29 31 39 39  8 29 36 31 29 31 58 58 13 55 10 13  5
 58 51  8 29 29 23 13 39 29 52 29  5 30 39 30 31]",True,True,0.984375,1.0,"[np.int64(2), np.int64(21), np.int64(17), np.int64(38), np.int64(34), np.int64(14), np.int64(63), np.int64(25), np.int64(29), np.int64(32), np.int64(20), np.int64(6), np.int64(31), np.int64(21), np.int64(21), np.int64(29), np.int64(5), np.int64(21), np.int64(43), np.int64(57), np.int64(53), np.int64(13), np.int64(3), np.int64(9), np.int64(60), np.int64(12), np.int64(38), np.int64(23), np.int64(14), np.int64(43), np.int64(7), np.int64(58), np.int64(12), np.int64(43), np.int64(5), np.int64(8), np.int64(29), np.int64(24), np.int64(23), np.int64(17), np.int64(45), np.int64(28), np.int64(2), np.int64(15), np.int64(31), np.int64(48), np.int64(33), np.int64(50), np.int64(28), np.int64(16), np.int64(30), np.int64(43), np.int64(58), np.int64(51), np.int64(11), np.int64(39), np.int64(42), np.int64(1), np.int64(50), np.int64(54), np.int64(14), np.int64(25), np.int64(10), np.int64(58)]","[np.int64(25), np.int64(33), np.int64(26), np.int64(16), np.int64(43), np.int64(51), np.int64(18), np.int64(37), np.int64(47), np.int64(52), np.int64(4), np.int64(13), np.int64(57), np.int64(55), np.int64(36), np.int64(11), np.int64(24), np.int64(18), np.int64(58), np.int64(25), np.int64(37), np.int64(19), np.int64(5), np.int64(12), np.int64(38), np.int64(18), np.int64(37), np.int64(16), np.int64(10), np.int64(36), np.int64(55), np.int64(26), np.int64(61), np.int64(30), np.int64(31), np.int64(4), np.int64(30), np.int64(33), np.int64(58), np.int64(42), np.int64(26), np.int64(55), np.int64(32), np.int64(44), np.int64(21), np.int64(55), np.int64(59), np.int64(14), np.int64(1), np.int64(37), np.int64(18), np.int64(52), np.int64(46), np.int64(11), np.int64(59), np.int64(5), np.int64(2), np.int64(54), np.int64(58), np.int64(37), np.int64(12), np.int64(48), np.int64(11), np.int64(4)]",False,False,0.0,0.0,"[ 8 39 61 29 51 29 31 51 29 39  3  5  8 29 36 23 30 52  3 58  5  3  3 29
 51 51 31  8  5 29 29 29 30 13 13  8 29 13 36 29 31  5 23  3 20 19 13 56
 58 51  8 29 29 51  3 39 29 13 29 31 30 31 31 31]","[36 36 25 29 51 29  3 51 29 39  3 23  3 29 31 23  5 52 31 39 56 56 36 29
 39 23 31  5 13 29 29 29 13 39 39  8 29 31 30 29 58 23 58 13 53  7  8  8
 58 51  8 29 29 23 13 36 29 52 29  5 52 30 31 52]",True,True,1.0,1.0,"[ 8 36 25 29  8 29  3  3 29  5  3  3  3 29  3 23  5 13  3 36  5  3  3 29
 39 23 31  5  5 29 29 29  8 13 13  8 29 13  8 29 31  5 23  3 17 17  8  5
  3 36  8 29 29 23  3 23 29 13 29  5 30 23 30 31]","[ 8 36  6 29 51 29  3  3 29  5  8 23 36 29 36 36 30 36  3 36  5 23 36 29
 58 23 31  5  5 29 29 29 39 39 23  8 29 36 36 29 31  5 36 52  1 10  8  5
  8 36 52 29 29 51  3 23 29 23 29  5 39 23 30 52]",True,True,1.0,1.0
[0 0 1 ... 0 0 1],4,"[59 57  6 57  4 48  4 16 48  1  4 22  4  6  4 48  4  4  6 22 59  6  4 59
 59 14 22 14 12 16 12 16  6 57 14 48 16  6 22  7 59 59 22 17 14 59 12 59
  4 17 52 10  4 22 57 16 12  4 17  4 22 57  6 16]","[59 52  6 57  4  6  4 16 16 16  4 59  4 17  4 12  4  4 10 22  6  6  4 59
 59 12 22 14 16 16 16  6 22 48 14 48 59 52 12 50 10 22 22 59 48 59 52 59
  4 16 48  6  4 22 14 59 17  4 59  4 22 57  6 16]",False,True,0.984375,1.0,"[np.int64(46), np.int64(36), np.int64(50), np.int64(44), np.int64(9), np.int64(16), np.int64(51), np.int64(34), np.int64(35), np.int64(37), np.int64(51), np.int64(13), np.int64(55), np.int64(45), np.int64(40), np.int64(16), np.int64(59), np.int64(36), np.int64(27), np.int64(48), np.int64(51), np.int64(35), np.int64(57), np.int64(45), np.int64(51), np.int64(21), np.int64(29), np.int64(10), np.int64(61), np.int64(46), np.int64(60), np.int64(17), np.int64(20), np.int64(6), np.int64(39), np.int64(30), np.int64(49), np.int64(35), np.int64(25), np.int64(13), np.int64(40), np.int64(29), np.int64(33), np.int64(3), np.int64(28), np.int64(30), np.int64(10), np.int64(46), np.int64(26), np.int64(8), np.int64(10), np.int64(41), np.int64(25), np.int64(40), np.int64(17), np.int64(48), np.int64(6), np.int64(55), np.int64(57), np.int64(15), np.int64(0), np.int64(55), np.int64(4), np.int64(20)]","[np.int64(31), np.int64(33), np.int64(28), np.int64(41), np.int64(29), np.int64(20), np.int64(44), np.int64(24), np.int64(57), np.int64(35), np.int64(36), np.int64(45), np.int64(57), np.int64(12), np.int64(18), np.int64(45), np.int64(30), np.int64(18), np.int64(45), np.int64(40), np.int64(42), np.int64(53), np.int64(55), np.int64(31), np.int64(34), np.int64(46), np.int64(55), np.int64(55), np.int64(61), np.int64(31), np.int64(34), np.int64(51), np.int64(7), np.int64(8), np.int64(33), np.int64(37), np.int64(51), np.int64(15), np.int64(21), np.int64(4), np.int64(40), np.int64(53), np.int64(2), np.int64(58), np.int64(28), np.int64(44), np.int64(40), np.int64(31), np.int64(11), np.int64(23), np.int64(17), np.int64(58), np.int64(31), np.int64(52), np.int64(3), np.int64(5), np.int64(31), np.int64(16), np.int64(3), np.int64(45), np.int64(38), np.int64(25), np.int64(5), np.int64(57)]",False,False,0.0,0.0,"[57 12  6 57  4 48  4 14 48 16  4 57  4  6  4 48  4  4  6  6 17 10  4 59
 59 22 22 14 16 22 57  6  6 48 17 12 22 52 22 32 10 10 12 59 14 59 17 52
  4 17 52 10  4 22 14 59 17  4 17  4 22 57  6 16]","[59 12  6 57  4 16  4 14 48 16  4 59  4  6  4 12  4  4 10 52 14 10  4 59
 59 14 16 59 12 16 59 16  6 48 14 48 48 52 14  7 59 59 16 59 14 14 17 59
  4 16 48 10  4 22 14 52 17  4 17  4 22 57  6 17]",True,True,1.0,1.0,"[57 12  6 22  4  6  4 14 16 16  4 22  4  6  4 12  4  4  6  6  6  6  4 14
 10 14  6 14 16 16 16  6  6 48 14 12 16  6 12  7 10 10 12 17 14  6 12 16
  4 16 12  6  4 22 12 10 10  4 10  4 22 57  6 16]","[59 14  6 57  4  6  4 14 48 16  4 59  4 17  4 48  4  4 10 52 14 10  4 14
 59 14 16 14 48 52 12 16  6 48 14 12 16  6 14 18 59 59 16 59 14 14 52 48
  4 16 48 52  4 22 14 10 14  4 59  4 22 57  6 17]",True,True,1.0,1.0
[0 0 0 ... 0 1 1],41,"[21 22 41 22 41 22 21 21 48 41 49 22 41 12  9 18 12 59 41  4  9 41 41 49
 18 46 48 45  2  4 12 12  9 59  2 41 59 48 56 41 35 41 21 41 18 41 41 59
 41 41 43 46 18 22 48 45 41 49 48 41 39 46 59 12]","[21  2 41  9 41 12 59 48 56 41  4 22 41 21  9 18 18 48 41  4 18 41 41 18
 45 45 35 45 43 46  4 35  4 46 46 41 12  2 45 41 59 41 21 41 21 41 41 46
 41 41 48  4 22 39  4 21 41 56 48 41 22 46 45 21]",True,True,0.984375,1.0,"[np.int64(0), np.int64(6), np.int64(46), np.int64(3), np.int64(43), np.int64(12), np.int64(28), np.int64(18), np.int64(49), np.int64(5), np.int64(50), np.int64(11), np.int64(30), np.int64(19), np.int64(4), np.int64(35), np.int64(50), np.int64(54), np.int64(43), np.int64(45), np.int64(50), np.int64(14), np.int64(34), np.int64(59), np.int64(2), np.int64(11), np.int64(56), np.int64(10), np.int64(17), np.int64(41), np.int64(4), np.int64(26), np.int64(45), np.int64(51), np.int64(44), np.int64(29), np.int64(24), np.int64(62), np.int64(58), np.int64(63), np.int64(38), np.int64(60), np.int64(60), np.int64(12), np.int64(1), np.int64(31), np.int64(12), np.int64(8), np.int64(26), np.int64(4), np.int64(31), np.int64(40), np.int64(8), np.int64(17), np.int64(14), np.int64(0), np.int64(7), np.int64(6), np.int64(15), np.int64(31), np.int64(61), np.int64(22), np.int64(3), np.int64(42)]","[np.int64(63), np.int64(4), np.int64(25), np.int64(36), np.int64(60), np.int64(13), np.int64(60), np.int64(33), np.int64(24), np.int64(47), np.int64(53), np.int64(31), np.int64(39), np.int64(55), np.int64(57), np.int64(20), np.int64(6), np.int64(3), np.int64(47), np.int64(9), np.int64(36), np.int64(63), np.int64(33), np.int64(36), np.int64(0), np.int64(49), np.int64(29), np.int64(20), np.int64(57), np.int64(3), np.int64(9), np.int64(48), np.int64(12), np.int64(23), np.int64(14), np.int64(29), np.int64(4), np.int64(43), np.int64(28), np.int64(20), np.int64(53), np.int64(45), np.int64(60), np.int64(25), np.int64(46), np.int64(7), np.int64(39), np.int64(1), np.int64(1), np.int64(46), np.int64(19), np.int64(12), np.int64(55), np.int64(54), np.int64(51), np.int64(28), np.int64(16), np.int64(52), np.int64(17), np.int64(61), np.int64(46), np.int64(27), np.int64(24), np.int64(57)]",False,False,0.0,0.0,"[22 22 41  9 41 49 22 18 22 41  4 49 41  9  9 21  4 59 41 49 18 41 41 49
  4  9 48 21 21 49 12 12 48 59  4 41 21 21 45 41 35 41 21 41  2 41 41 59
 41 41 48  4 18 39 48 45 41 56 48 41 48 12 21 49]","[22 22 41 22 41 18 59  9 48 41 49 22 41 21 35 18  4  9 41 21 18 41 41 18
 48 46  2 48 56  4 12 39 46 59 18 41 59 59  9 41 35 41 21 41 45 41 41 59
 41 41 56 59  4  9  4 45 41 56 48 41 48 21 59 21]",True,True,1.0,1.0,"[12  2 41  9 41 12 12  2 22 41  2 12 41  9  9 18  4  9 41  4  2 41 41 18
  4  9  2 21  2  4  4 12  4 46  4 41 12  2  9 41  4 41 21 41  2 41 41 46
 41 41 43  4  4  9  4  4 41  9 48 41 22 12 21 12]","[21 22 41  9 41 22 59  9 22 41  4 22 41 22  9 18  4  9 41  4  9 41 41 18
  4  9 48 21 21  4 39 39  4 59  4 41 59 59  9 41  4 41 21 41 21 41 41 59
 41 41 48  4  4  9  4  4 41  9 48 41 22 21 59 21]",True,True,1.0,1.0
[1 0 1 ... 0 0 0],7,"[ 2  9  7  5  5  7  2  7 35  7  7 37  9 53 53 53 50  7  2 34 53  7  9 31
 62  9 47 17 31 34 10  7  5 58  7  7 31  7  9  2 17 31 21 37 37  2 31  2
 50 31  7 62  2  7 18  2  5 58  7  5  2 50  7 31]","[10 53  7 37  5  7  2  7 10  7  7 21  9 37 53 53 10  7 17 34 53  7 21 50
 17  9 19 31 50 34  9  7  5 58  7  7 31  7  2 53 37 58 21 35 31  2 31  9
 50  5  7 62 58  7 33 35 62 58  7 62 10 50  7 10]",True,True,0.984375,1.0,"[np.int64(36), np.int64(21), np.int64(4), np.int64(50), np.int64(2), np.int64(10), np.int64(37), np.int64(59), np.int64(60), np.int64(20), np.int64(47), np.int64(62), np.int64(1), np.int64(63), np.int64(31), np.int64(9), np.int64(31), np.int64(18), np.int64(61), np.int64(61), np.int64(7), np.int64(44), np.int64(27), np.int64(36), np.int64(40), np.int64(47), np.int64(28), np.int64(4), np.int64(33), np.int64(24), np.int64(56), np.int64(61), np.int64(47), np.int64(15), np.int64(61), np.int64(21), np.int64(47), np.int64(25), np.int64(39), np.int64(52), np.int64(11), np.int64(6), np.int64(51), np.int64(16), np.int64(47), np.int64(14), np.int64(55), np.int64(37), np.int64(30), np.int64(63), np.int64(17), np.int64(41), np.int64(56), np.int64(42), np.int64(37), np.int64(6), np.int64(23), np.int64(9), np.int64(25), np.int64(39), np.int64(54), np.int64(48), np.int64(25), np.int64(8)]","[np.int64(57), np.int64(56), np.int64(18), np.int64(12), np.int64(57), np.int64(32), np.int64(2), np.int64(39), np.int64(16), np.int64(62), np.int64(2), np.int64(57), np.int64(30), np.int64(37), np.int64(47), np.int64(45), np.int64(25), np.int64(31), np.int64(53), np.int64(20), np.int64(30), np.int64(62), np.int64(35), np.int64(14), np.int64(51), np.int64(61), np.int64(56), np.int64(34), np.int64(4), np.int64(38), np.int64(43), np.int64(28), np.int64(32), np.int64(36), np.int64(58), np.int64(11), np.int64(56), np.int64(50), np.int64(6), np.int64(9), np.int64(50), np.int64(60), np.int64(40), np.int64(12), np.int64(15), np.int64(61), np.int64(24), np.int64(53), np.int64(47), np.int64(60), np.int64(47), np.int64(40), np.int64(35), np.int64(31), np.int64(5), np.int64(0), np.int64(26), np.int64(33), np.int64(43), np.int64(9), np.int64(16), np.int64(31), np.int64(3), np.int64(17)]",False,False,0.0,0.0,"[10 53  7  2  5  7 34  7 21  7  7 37  9 53 62 53 50  7 17 34 31  7 50 50
  9  9 60 62  5 34 21  7 53 53  7  7 31  7  2 10 62 31 21  2 10  2 35  2
 31 31  7 62  2  7 11 35  5 58  7 62  5 50  7 31]","[ 2 50  7  5  5  7 34  7 10  7  7 58  9 37 62 53  2  7  2 34 53  7  9 17
 62  5 60 62 10 34 21  7 35 53  7  7 37  7 53 53 37 34 21 37 31  2 10 58
 10 31  7 35 21  7 33 35 62 58  7  5 10 50  7 31]",True,True,1.0,1.0,"[ 2  2  7  2  5  7  2  7  5  7  7  2  9 35  2 53  2  7  2 34 31  7  9  5
  2  5  1 10  5 34  9  7  5 53  7  7 31  7  2  2  2 31 21  2 10  2  2  2
 10  5  7 10  2  7  1  2  5 58  7  5  2 50  7 10]","[10 53  7  5  5  7 35  7 10  7  7 10 35 53 62 53 10  7 17 58 31  7 17  5
 17  5 19 10 10 34 10  7  5 53  7  7 37  7 53 10 17 34 21 10 10  2 10 37
 10 10  7 10 58  7 20 35  5 58  7  5 10 50  7 10]",True,True,1.0,1.0
[0 0 0 ... 1 1 1],59,"[37 14 32  4 59 59 53 53  4  4 63 59 11 59 59 53 53  5 53 52 21 59 21 52
 36  4 48 21 53  4 32 32 59 63 32 36 59 59 47 36 11  4 63 14 36 32 11 59
 59 53 32 54 59 59 59 14 32 52 52 59 37 52  5 59]","[47 14 32 53 59 59 53 53 53 32 53 59 11 59 59 53 37 54 53 52 14 59 21 54
 36 36 37  4 53 37 36 36 59 32 32 36 59 59 47 52 37 36 63 13 36 32 63 59
 59 53 36 52 59 59 59 52 32 52 52 59 37 52  5 59]",True,True,0.984375,1.0,"[np.int64(13), np.int64(30), np.int64(37), np.int64(27), np.int64(60), np.int64(42), np.int64(40), np.int64(39), np.int64(39), np.int64(32), np.int64(20), np.int64(2), np.int64(32), np.int64(55), np.int64(10), np.int64(3), np.int64(25), np.int64(62), np.int64(16), np.int64(45), np.int64(19), np.int64(32), np.int64(8), np.int64(59), np.int64(5), np.int64(39), np.int64(24), np.int64(40), np.int64(28), np.int64(9), np.int64(46), np.int64(37), np.int64(4), np.int64(6), np.int64(24), np.int64(50), np.int64(2), np.int64(23), np.int64(25), np.int64(27), np.int64(38), np.int64(21), np.int64(51), np.int64(17), np.int64(63), np.int64(43), np.int64(58), np.int64(37), np.int64(7), np.int64(34), np.int64(53), np.int64(23), np.int64(39), np.int64(24), np.int64(32), np.int64(51), np.int64(24), np.int64(17), np.int64(23), np.int64(27), np.int64(6), np.int64(41), np.int64(0), np.int64(35)]","[np.int64(41), np.int64(32), np.int64(2), np.int64(9), np.int64(51), np.int64(2), np.int64(7), np.int64(63), np.int64(9), np.int64(59), np.int64(36), np.int64(55), np.int64(49), np.int64(38), np.int64(28), np.int64(4), np.int64(22), np.int64(43), np.int64(35), np.int64(23), np.int64(57), np.int64(18), np.int64(49), np.int64(24), np.int64(31), np.int64(5), np.int64(58), np.int64(46), np.int64(8), np.int64(52), np.int64(1), np.int64(13), np.int64(1), np.int64(36), np.int64(57), np.int64(20), np.int64(53), np.int64(8), np.int64(6), np.int64(10), np.int64(56), np.int64(26), np.int64(57), np.int64(30), np.int64(60), np.int64(13), np.int64(0), np.int64(40), np.int64(44), np.int64(57), np.int64(6), np.int64(7), np.int64(54), np.int64(19), np.int64(28), np.int64(55), np.int64(29), np.int64(32), np.int64(7), np.int64(38), np.int64(5), np.int64(32), np.int64(23), np.int64(3)]",False,False,0.0,0.0,"[47 47 21 63 59 59  5 13 63 32 52 59  5 59 59 11 53  5 53 11 21 59 21 52
 14 13 37  4 63 11 36 14 59 63 13 36 59 59 47 36 14  4 37 14 21 36 11 59
 59 47 36 52 59 59 59 32 37 54 47 59 47 48  4 59]","[ 4 47 32  4 59 59  4 11 63 37 53 59 11 59 59 53 47 54 53 11 21 59 52 54
 14  4 37 47 37 37 32 32 59 32 13 36 59 59 63 32 32 36 37 54 32 36 11 59
 59 53 32 54 59 59 59 63 54 54 47 59 47 48 47 59]",True,True,1.0,1.0,"[ 4  5 21  4 59 59  4 13  4  4  5 59  5 59 59 11  5  5 53 11 14 59 21  5
 14  4 37  4  5 13 13 11 59 32  5 36 59 59 47  4  5  4 37 13 13 11 11 59
 59 47 21 52 59 59 59 11 11 52 13 59  5  4  4 59]","[ 4 47 32 53 59 59 53 53 53 37 53 59 11 59 59 53 37 54 53 11 21 59 21 54
 36  4 37  4 37 37 13 32 59 32 32 36 59 59 47  4 37 36 37 13 32 32 36 59
 59 53 32 54 59 59 59 32 13 54 13 59 37  4  4 59]",True,True,1.0,1.0
[1 1 0 ... 0 0 1],20,"[50  6 31 23 50 53 20 20 49 18 28 37 53  6 47 23 28  6 20  6 20 25 46 20
 26 20 20 46 20 51 20 20 51 20 33 20 31 20 18 37 46 20 41 37 53 31 20 20
 53 20 20 20 18 20 50 30 18  6 35 23 47 47 33 35]","[28  6 31 35 50 23 20 20 25 23 31 37 53 35 30 28 28 31 20 28 20  7 28 20
 35 20 20 35 20 51 20 20 51 20 31 20 51 20 41 50 46 20 53 51 53 31 20 20
 53 20 20 20 37 20 28 51 37 37 46 23 33 50 37 23]",True,True,0.984375,1.0,"[np.int64(58), np.int64(34), np.int64(9), np.int64(30), np.int64(49), np.int64(11), np.int64(17), np.int64(23), np.int64(15), np.int64(7), np.int64(60), np.int64(26), np.int64(46), np.int64(54), np.int64(44), np.int64(43), np.int64(44), np.int64(61), np.int64(53), np.int64(12), np.int64(6), np.int64(35), np.int64(57), np.int64(32), np.int64(49), np.int64(3), np.int64(16), np.int64(44), np.int64(58), np.int64(7), np.int64(16), np.int64(60), np.int64(4), np.int64(7), np.int64(3), np.int64(54), np.int64(27), np.int64(38), np.int64(10), np.int64(62), np.int64(45), np.int64(47), np.int64(22), np.int64(55), np.int64(58), np.int64(43), np.int64(61), np.int64(9), np.int64(24), np.int64(61), np.int64(16), np.int64(20), np.int64(48), np.int64(51), np.int64(4), np.int64(26), np.int64(16), np.int64(22), np.int64(18), np.int64(63), np.int64(18), np.int64(62), np.int64(33), np.int64(16)]","[np.int64(2), np.int64(54), np.int64(19), np.int64(1), np.int64(13), np.int64(33), np.int64(24), np.int64(36), np.int64(39), np.int64(49), np.int64(49), np.int64(60), np.int64(34), np.int64(37), np.int64(4), np.int64(1), np.int64(31), np.int64(58), np.int64(30), np.int64(60), np.int64(52), np.int64(54), np.int64(26), np.int64(62), np.int64(42), np.int64(32), np.int64(37), np.int64(18), np.int64(30), np.int64(28), np.int64(33), np.int64(41), np.int64(40), np.int64(54), np.int64(6), np.int64(35), np.int64(7), np.int64(13), np.int64(35), np.int64(61), np.int64(52), np.int64(1), np.int64(8), np.int64(55), np.int64(8), np.int64(12), np.int64(49), np.int64(12), np.int64(59), np.int64(0), np.int64(9), np.int64(57), np.int64(20), np.int64(36), np.int64(51), np.int64(36), np.int64(18), np.int64(28), np.int64(1), np.int64(26), np.int64(56), np.int64(33), np.int64(4), np.int64(2)]",False,False,0.0,0.0,"[47  6 31 35 30 33 20 20 28 26 28 18 37  6  7 49 28  6 20 35 20 47 18 20
 35 20 20 35 20 35 20 20 41 20 31 20 47 20 18 46 49 20 41 26 35 37 20 20
 31 20 20 20 49 20 18 18 18 18 46  7 26 18 35 23]","[50  6 31  7 50 23 20 20 25 49 31 37 37  7 47 53 28 47 20  7 20 30 37 20
 26 20 20 49 20 51 20 20 41 20 33 20 26 20 30 53 46 20 53 37 50 51 20 20
 53 20 20 20 37 20 30  7 28 41 35  7 53 25 51 23]",True,True,1.0,1.0,"[23  6 31  7  6 23 20 20 18 18 28 18  6  6  7 23 28  6 20  6 20  6 18 20
 26 20 20 35 20  7 20 20 33 20 31 20  6 20  6  7 31 20 28 18 23 31 20 20
 31 20 20 20  6 20 18  7 18  6 26  7 26 18 33 23]","[28  6 31  7 33 23 20 20 50 23 35 37  6  7  7 23 28 23 20 28 20  7 51 20
 26 20 20 35 20  7 20 20 41 20 33 20 51 20 37 50 37 20 41 37 23 31 20 20
 53 20 20 20 37 20 37  7 37 37 35 23 53 30 37 35]",True,True,1.0,1.0
[1 0 0 ... 0 1 1],17,"[19 16 43 19 16 17 17 39 43 19 16 56 43 19 51 42 17 17 16 17 19 17 21 39
 43 17 39 25  6 16 56 19 21 43 17 19 43 56 51 17 42 19 17 17  5 34 21 51
 21 39  6 17 63 19  6 25 17  6 43 25 56 19 21 17]","[19 16 43  6 19 17 17 25 43  6 19 56  6 19 51 39 17 17 16 17 16 17 43 39
 16 17  6 25  6 43 21 16 34 43 17 34 51 56 43 17 42 19 17 17  5 43 21 51
 42 39 56 17 63 19 34 42 17  6 16  6 51  6 43 17]",True,True,0.984375,1.0,"[np.int64(3), np.int64(36), np.int64(51), np.int64(40), np.int64(12), np.int64(55), np.int64(37), np.int64(54), np.int64(8), np.int64(43), np.int64(41), np.int64(4), np.int64(57), np.int64(20), np.int64(62), np.int64(49), np.int64(4), np.int64(29), np.int64(5), np.int64(33), np.int64(34), np.int64(41), np.int64(17), np.int64(53), np.int64(50), np.int64(22), np.int64(20), np.int64(63), np.int64(36), np.int64(42), np.int64(59), np.int64(31), np.int64(48), np.int64(54), np.int64(48), np.int64(5), np.int64(62), np.int64(63), np.int64(28), np.int64(35), np.int64(32), np.int64(62), np.int64(13), np.int64(61), np.int64(17), np.int64(43), np.int64(30), np.int64(30), np.int64(2), np.int64(11), np.int64(55), np.int64(48), np.int64(44), np.int64(25), np.int64(13), np.int64(59), np.int64(39), np.int64(49), np.int64(21), np.int64(55), np.int64(52), np.int64(1), np.int64(18), np.int64(4)]","[np.int64(62), np.int64(1), np.int64(3), np.int64(32), np.int64(27), np.int64(29), np.int64(23), np.int64(3), np.int64(8), np.int64(12), np.int64(17), np.int64(55), np.int64(21), np.int64(11), np.int64(44), np.int64(21), np.int64(52), np.int64(9), np.int64(12), np.int64(17), np.int64(54), np.int64(52), np.int64(46), np.int64(41), np.int64(34), np.int64(7), np.int64(36), np.int64(24), np.int64(16), np.int64(36), np.int64(32), np.int64(48), np.int64(63), np.int64(43), np.int64(0), np.int64(4), np.int64(17), np.int64(26), np.int64(16), np.int64(55), np.int64(37), np.int64(48), np.int64(36), np.int64(27), np.int64(23), np.int64(2), np.int64(2), np.int64(60), np.int64(43), np.int64(19), np.int64(23), np.int64(61), np.int64(38), np.int64(51), np.int64(12), np.int64(46), np.int64(51), np.int64(12), np.int64(27), np.int64(12), np.int64(33), np.int64(48), np.int64(43), np.int64(17)]",False,False,0.0,0.0,"[19 42 63  6 19 17 17 39 43 19 19 56 42 19 56 21 17 17 16 17 19 17 34 39
 19 17 39 25 25 43 21 16 51 43 17 19  5 25 51 17 42 25 17 17 51 43 21 51
 51 19  6 17 56 43 34 51 17 16 51 42  6 19 43 17]","[19 16 43  6 16 17 17 39 25  6  5 56  6 19 56 25 17 17 16 17 16 17 34 39
 43 17  6 25 25 51 56 16 34 43 17 56 56  6 21 17 42 25 17 17 51 43 21 51
 42  5 39 17 51 43 56 51 17  5 43 21  6 51 19 17]",True,True,1.0,1.0,"[19 16  5  6  5 17 17 25 25  6  5 56  6 19 51 21 17 17 16 17 16 17  5 39
  5 17  5 25  6 16 21 16 21 43 17  5  5  6 16 17 42  6 17 17  5 43 21 51
  6  5  6 17 39 19  6  5 17  5  5  6  6  6 21 17]","[56 51 43  6  5 17 17 25 43  6 16 56  6 19 51 25 17 17 16 17 16 17 34 39
 16 17  6 25  6 16 42 16 43 43 17 25 16 43 16 17 42  6 17 17 51 42 21 51
 43 39  6 17 63 34  6 51 17 39 16  6  6 51 43 17]",True,True,1.0,1.0
[1 0 1 ... 1 0 1],25,"[11 15 12 14 48 48 50 50 57 12 21 25 25 20 25 25 21 11 48 42 25 25 12 25
 42 25 63 36 48 48 11 14 12 20 25 48 25 15 11 57 11 48 25 21 42 15 48 34
 25 15 25 11 23 42 57 14 20 25 48 63 20 63 23 25]","[14 12 12 14 23 23 23 50 15 14 11 25 25 48 25 25 21 36 20 42 25 25 12 25
 63 25 42 36 48 42 23 11 50 36 25 63 25 15 11 21 15 15 25 63 36 15 48 34
 25 15 25 11 15 42 11 14 12 25 48 20 63 11 21 25]",True,True,0.984375,1.0,"[np.int64(26), np.int64(30), np.int64(10), np.int64(62), np.int64(25), np.int64(25), np.int64(9), np.int64(7), np.int64(44), np.int64(13), np.int64(16), np.int64(32), np.int64(59), np.int64(5), np.int64(51), np.int64(17), np.int64(32), np.int64(34), np.int64(23), np.int64(54), np.int64(50), np.int64(5), np.int64(0), np.int64(13), np.int64(41), np.int64(62), np.int64(35), np.int64(59), np.int64(58), np.int64(6), np.int64(21), np.int64(50), np.int64(20), np.int64(13), np.int64(3), np.int64(6), np.int64(56), np.int64(7), np.int64(7), np.int64(11), np.int64(49), np.int64(56), np.int64(12), np.int64(40), np.int64(55), np.int64(46), np.int64(23), np.int64(27), np.int64(47), np.int64(29), np.int64(38), np.int64(1), np.int64(39), np.int64(17), np.int64(1), np.int64(37), np.int64(25), np.int64(55), np.int64(52), np.int64(46), np.int64(0), np.int64(0), np.int64(6), np.int64(30)]","[np.int64(42), np.int64(28), np.int64(10), np.int64(9), np.int64(28), np.int64(40), np.int64(48), np.int64(3), np.int64(10), np.int64(44), np.int64(63), np.int64(48), np.int64(23), np.int64(4), np.int64(41), np.int64(1), np.int64(47), np.int64(23), np.int64(3), np.int64(10), np.int64(16), np.int64(14), np.int64(12), np.int64(17), np.int64(49), np.int64(41), np.int64(24), np.int64(53), np.int64(46), np.int64(61), np.int64(10), np.int64(43), np.int64(4), np.int64(4), np.int64(17), np.int64(16), np.int64(35), np.int64(9), np.int64(22), np.int64(10), np.int64(37), np.int64(13), np.int64(48), np.int64(10), np.int64(18), np.int64(4), np.int64(12), np.int64(50), np.int64(43), np.int64(61), np.int64(37), np.int64(41), np.int64(44), np.int64(59), np.int64(23), np.int64(15), np.int64(9), np.int64(2), np.int64(41), np.int64(7), np.int64(41), np.int64(24), np.int64(33), np.int64(39)]",False,False,0.0,0.0,"[14 15 48 63 42 23 50 50 15 12 50 25 25 20 25 25 48 12 20 42 25 25 12 25
 42 25 42 50 48 14 11 34 12 21 25 63 25 57 15 21 11 15 25 63 42 23 48 15
 25 15 25 11 50 42 11 48 12 25 34 20 20 34 34 25]","[11 12 12 14 34 23 23 50 23 63 11 25 25 63 25 25 48 11 48 42 25 25 12 25
 20 25 14 50 50 14 11 11 50 14 25 63 25 21 15 12 63 48 25 21 48 15 15 34
 25 15 25 20 48 42 34 14 12 25 36 20 48 11 14 25]",True,True,1.0,1.0,"[11 12 12 14 23 23 23 50 15 12 11 25 25 20 25 25 21 11 12 42 25 25 12 25
 14 25 14 14 48 14 11 11 15 14 25 21 25 15 11 12 11 15 25 21 11 15 14 15
 25 15 25 11 11 14 11 14 12 25 15 15 20 11 14 25]","[20 12 12 14 34 34 50 50 57 12 11 25 25 34 25 25 21 11 20 42 25 25 12 25
 20 25 20 36 50 42 23 34 50 20 25 21 25 21 11 12 11 36 25 63 11 20 14 34
 25 15 25 11 57 14 11 14 20 25 15 20 20 11 23 25]",True,True,1.0,1.0
[0 0 0 ... 0 0 1],2,"[25  2  2 42  2 14 41  2  2 56 46 51 51  4  2  2 14  7 42 41 56 37 46 56
 41  2 14 14  2  1 23  1 37 25 46  1 14  2  2 41 38  2  2  4 14 41  2  1
  1  7 35  2  1 37 28 14  2  7 14 51 23 46  4  8]","[25  2  2 42  2 14 41  2  2 25 46  7 51  4  2  2 38 14 42 41 56 37 46 56
 41  2 15  4  2 42 54  1  7 41 46 38 14  2  2 41 37  2  2  1 25 38  2  8
 42 38 11  2  1 37 28 14  2 25 14  8 19 38 42 37]",True,True,0.984375,1.0,"[np.int64(48), np.int64(11), np.int64(59), np.int64(54), np.int64(18), np.int64(6), np.int64(10), np.int64(33), np.int64(25), np.int64(6), np.int64(59), np.int64(39), np.int64(15), np.int64(55), np.int64(23), np.int64(31), np.int64(36), np.int64(55), np.int64(33), np.int64(62), np.int64(32), np.int64(50), np.int64(47), np.int64(42), np.int64(54), np.int64(10), np.int64(30), np.int64(21), np.int64(54), np.int64(25), np.int64(6), np.int64(26), np.int64(21), np.int64(35), np.int64(52), np.int64(62), np.int64(6), np.int64(2), np.int64(37), np.int64(54), np.int64(12), np.int64(50), np.int64(39), np.int64(34), np.int64(58), np.int64(21), np.int64(47), np.int64(42), np.int64(12), np.int64(20), np.int64(12), np.int64(34), np.int64(37), np.int64(37), np.int64(46), np.int64(9), np.int64(10), np.int64(30), np.int64(49), np.int64(28), np.int64(50), np.int64(36), np.int64(54), np.int64(15)]","[np.int64(22), np.int64(21), np.int64(50), np.int64(23), np.int64(2), np.int64(44), np.int64(19), np.int64(18), np.int64(22), np.int64(25), np.int64(7), np.int64(59), np.int64(59), np.int64(28), np.int64(5), np.int64(39), np.int64(27), np.int64(22), np.int64(28), np.int64(50), np.int64(51), np.int64(57), np.int64(41), np.int64(41), np.int64(25), np.int64(34), np.int64(36), np.int64(55), np.int64(37), np.int64(44), np.int64(26), np.int64(6), np.int64(1), np.int64(52), np.int64(11), np.int64(23), np.int64(53), np.int64(51), np.int64(60), np.int64(30), np.int64(18), np.int64(29), np.int64(56), np.int64(35), np.int64(5), np.int64(22), np.int64(21), np.int64(29), np.int64(46), np.int64(43), np.int64(3), np.int64(31), np.int64(29), np.int64(39), np.int64(26), np.int64(25), np.int64(19), np.int64(47), np.int64(3), np.int64(42), np.int64(16), np.int64(39), np.int64(55), np.int64(0)]",False,False,0.0,0.0,"[38  2  2 42  2 14 37  2  2 46 46  7  7  7  2  2 46 15 42 56 42 37 46 15
 41  2 15 28  2 42  6 25  7 25  8  4 56  2  2 41 38  2  2  4  1 28  2  1
 42  1 47  2  1 56  4 14  2  7 14  8 58 28  4 28]","[38  2  2 25  2 14 41  2  2 25 46  8  7  4  2  2  1 14 42 56 42 56 46 15
 56  2 14 28  2 56 54  1 56 25  8  1 14  2  2 41 14  2  2 38  7 41  2  1
  1  4 27  2  1 28  4 46  2 14 14 51 18 38 25 37]",True,True,1.0,1.0,"[25  2  2  4  2 14 37  2  2 25 46  7  7  4  2  2  1  7 42 28 42 14 46 15
 41  2 14  4  2  1  5  1  1 14  7  1  8  2  2 41 14  2  2  1  1  8  2  1
  1  1 11  2  1  8  1 15  2  7 14  8 18 28  1  1]","[38  2  2  4  2 14 42  2  2 25 46  7  7  4  2  2 38  7 42 41 42 56 46 15
 41  2 14 14  2  1 54  1 42 25  7 14 14  2  2 41 38  2  2 14 25 38  2  1
  1  1 35  2  1 25  1 38  2 25 14 37 35 38 25  1]",True,True,1.0,1.0
[0 0 0 ... 0 0 0],11,"[11 11 32 16  1 47 11 11  1 46 21 11 11  6 47 46 11 45 11 21  6 11 16 63
 11 24  7 18 12  7 32 45 11 16 18 21 45 47 55 12 32 24 16 47 47 11 11 11
  7 45 55 46 57  1  0 11 45 11 63  7 12  6  6 11]","[11 11  1 45 45 47 11 11 24 12 18 11 11 32 24 63 11 16 11 12 18 11  0 21
 11 46 55 16  7 16 24 21 11 57  0  1 46 47 46 12 45 46 16  6 47 11 11 11
  7  0 55 55 57 45  0 11 45 11  7 55 16 12 16 11]",True,True,0.984375,1.0,"[np.int64(48), np.int64(20), np.int64(8), np.int64(34), np.int64(13), np.int64(54), np.int64(31), np.int64(28), np.int64(56), np.int64(34), np.int64(23), np.int64(32), np.int64(4), np.int64(50), np.int64(56), np.int64(42), np.int64(41), np.int64(11), np.int64(14), np.int64(4), np.int64(26), np.int64(55), np.int64(22), np.int64(38), np.int64(49), np.int64(46), np.int64(54), np.int64(6), np.int64(37), np.int64(27), np.int64(12), np.int64(2), np.int64(52), np.int64(31), np.int64(39), np.int64(62), np.int64(28), np.int64(13), np.int64(15), np.int64(6), np.int64(43), np.int64(43), np.int64(31), np.int64(36), np.int64(44), np.int64(17), np.int64(48), np.int64(12), np.int64(25), np.int64(51), np.int64(35), np.int64(48), np.int64(35), np.int64(18), np.int64(35), np.int64(51), np.int64(45), np.int64(57), np.int64(1), np.int64(41), np.int64(59), np.int64(2), np.int64(41), np.int64(35)]","[np.int64(53), np.int64(52), np.int64(10), np.int64(49), np.int64(47), np.int64(10), np.int64(35), np.int64(42), np.int64(34), np.int64(30), np.int64(14), np.int64(61), np.int64(32), np.int64(40), np.int64(61), np.int64(17), np.int64(20), np.int64(9), np.int64(40), np.int64(51), np.int64(21), np.int64(52), np.int64(25), np.int64(4), np.int64(11), np.int64(18), np.int64(40), np.int64(27), np.int64(33), np.int64(52), np.int64(13), np.int64(32), np.int64(30), np.int64(52), np.int64(59), np.int64(37), np.int64(10), np.int64(37), np.int64(4), np.int64(23), np.int64(32), np.int64(52), np.int64(20), np.int64(45), np.int64(12), np.int64(40), np.int64(10), np.int64(4), np.int64(9), np.int64(1), np.int64(17), np.int64(26), np.int64(27), np.int64(33), np.int64(39), np.int64(2), np.int64(2), np.int64(55), np.int64(31), np.int64(46), np.int64(41), np.int64(11), np.int64(2), np.int64(32)]",False,False,0.0,0.0,"[11 11 32 45  1  6 11 11  1 24 18 11 11 16 47 63 11 32 11 16  7 11 12 21
 11 24 47 63 12 16 24 32 11 24  6  0 46 57 63 45 32 24 46  1  7 11 11 11
 57 45 55 55  7 63  0 11 45 11  7 24 12 32  6 11]","[11 11 45 21 45 45 11 11 57 57  7 11 11  6  0 46 11 16 11 47  6 11 32 32
 11 24 55 16 12 16 47 45 11 16 46  0 46 57 12 63 32 46 46  6  7 11 11 11
 57 45 47 18  7  1  0 11 45 11  7 12 16 32 16 11]",True,True,1.0,1.0,"[11 11  1 16  1  6 11 11  1 12  7 11 11  6  0 46 11 16 11 12  1 11  0  0
 11 24  7  6  6  7 24 21 11  1  0  0 46 24 12 12 24 24 16  1  7 11 11 11
  7  0 46 16  6  1  0 11 45 11  7  7  7  6  6 11]","[11 11  1 16  1 16 11 11 16 12 18 11 11 16 47 46 11 16 11 16  1 11 12 16
 11 46 55 16  6 16 55 21 11 16 16 21 46 55 12 12 24 46 16 47 47 11 11 11
  7  0 46 16  7 21  0 11 45 11  7 55 16 55 16 11]",True,True,1.0,1.0
[0 0 0 ... 0 0 0],23,"[23 23  3 23 28 52 49 22  3 55 40  0 18 40  1 40 42 23 23 62  3  1 23 23
 52 49 40 17 23 23 28 42 49 49 22 22 18 22  1 52 23 55 23 17  1 34 17 55
  0 23  0  0 23 52 40 23 28 42 49 18 40 17 23  0]","[23 23 28 23  1  1  1 22  3  3  1 28  3 40 49 17 49 23 23 29  3 49 23 23
 52 49 28 17 23 23  1 40 28 49 42 29 17 22 28 28 23  1 23 28  1  2 42 40
 42 23 40 22 23 62 40 23 17 42 28 22 22  0 23 49]",True,True,0.984375,1.0,"[np.int64(37), np.int64(2), np.int64(48), np.int64(28), np.int64(14), np.int64(33), np.int64(48), np.int64(19), np.int64(44), np.int64(13), np.int64(37), np.int64(23), np.int64(54), np.int64(3), np.int64(41), np.int64(34), np.int64(48), np.int64(33), np.int64(14), np.int64(6), np.int64(28), np.int64(16), np.int64(19), np.int64(34), np.int64(8), np.int64(57), np.int64(62), np.int64(51), np.int64(16), np.int64(5), np.int64(11), np.int64(34), np.int64(53), np.int64(31), np.int64(14), np.int64(6), np.int64(45), np.int64(49), np.int64(28), np.int64(8), np.int64(29), np.int64(8), np.int64(63), np.int64(54), np.int64(63), np.int64(59), np.int64(53), np.int64(12), np.int64(26), np.int64(21), np.int64(20), np.int64(19), np.int64(45), np.int64(6), np.int64(61), np.int64(38), np.int64(35), np.int64(16), np.int64(20), np.int64(28), np.int64(33), np.int64(47), np.int64(56), np.int64(47)]","[np.int64(22), np.int64(60), np.int64(32), np.int64(47), np.int64(30), np.int64(59), np.int64(24), np.int64(60), np.int64(16), np.int64(3), np.int64(12), np.int64(50), np.int64(45), np.int64(14), np.int64(18), np.int64(36), np.int64(10), np.int64(34), np.int64(60), np.int64(4), np.int64(48), np.int64(8), np.int64(18), np.int64(2), np.int64(19), np.int64(56), np.int64(3), np.int64(10), np.int64(34), np.int64(34), np.int64(30), np.int64(63), np.int64(37), np.int64(32), np.int64(0), np.int64(0), np.int64(34), np.int64(19), np.int64(1), np.int64(46), np.int64(1), np.int64(3), np.int64(53), np.int64(27), np.int64(8), np.int64(60), np.int64(42), np.int64(29), np.int64(8), np.int64(10), np.int64(32), np.int64(24), np.int64(20), np.int64(35), np.int64(8), np.int64(37), np.int64(58), np.int64(48), np.int64(8), np.int64(44), np.int64(25), np.int64(0), np.int64(4), np.int64(49)]",False,False,0.0,0.0,"[23 23 28 23 28 18 18 18 18  0 55 55 18 40 62 29 49 23 23 29 22 17 23 23
 42 28 52 17 23 23 42 42 49 49 42 29 40 22 40 28 23  3 23  3 52 34 17 40
 42 23  0  1 23 62 40 23 49  3 17 18 22 17 23  3]","[23 23 28 23 28  1  1 29 29 40  1 28 18 40  1 28  0 23 23 29  3 17 23 23
 42 28 52 18 23 23  3 42 49 49 22 22 18 22 40 28 23  3 23 28 29 60 42 40
 42 23  0 28 23 62 49 23 29 42 28 18 28  0 23 40]",True,True,1.0,1.0,"[23 23  3 23  0  1  0 18  3  0  1  0  3 40  1 17  0 23 23  3  3  1 23 23
 22 28 17 18 23 23  1 40  1 49 22  3 17 22  1  1 23  3 23  0  1  2 17 40
  0 23  0  1 23 22 40 23 17  3 17 18 17  0 23  0]","[23 23 28 23 28 18 28 29 29 40  1 28  3 40 49 28  0 23 23 29  3 40 23 23
 22 28 28 18 23 23 28 42 28 49 22 22 18 22 28 28 23  1 23 28 29 60 42 40
 42 23 40 28 23 22 40 23 28 42 28 22 28  0 23 29]",True,True,1.0,1.0
[0 0 1 ... 0 0 1],25,"[16 54 20 14 14 13 25 31 25 53 13 21 21 25 25 57 25 20 54 50 25 25 25 47
 53 25 25 26 47 26  6 25 57 47 21 51 25 21 47 63 53  6  8  6  6 21  6 25
 26 22 25 25 51 25 25 51 36 25 16 36 47 54 16  6]","[16 13 22 50 13 13 25 57 25  6 36 50 21 25 25 21 25 21 21 54 25 25 25 51
 53 25 25  8 57 14 20 25 50 57 20 16 25 57 20 63 14 13 22 50 57 31 50 25
 20 54 25 25 54 25 25 53 26 25 47 36 20 20 50 31]",True,True,0.984375,1.0,"[np.int64(51), np.int64(50), np.int64(59), np.int64(19), np.int64(55), np.int64(2), np.int64(49), np.int64(63), np.int64(32), np.int64(60), np.int64(56), np.int64(31), np.int64(63), np.int64(6), np.int64(49), np.int64(1), np.int64(46), np.int64(10), np.int64(29), np.int64(21), np.int64(40), np.int64(4), np.int64(18), np.int64(10), np.int64(41), np.int64(42), np.int64(41), np.int64(56), np.int64(18), np.int64(40), np.int64(5), np.int64(39), np.int64(21), np.int64(6), np.int64(58), np.int64(6), np.int64(46), np.int64(13), np.int64(41), np.int64(53), np.int64(56), np.int64(23), np.int64(13), np.int64(27), np.int64(28), np.int64(13), np.int64(61), np.int64(21), np.int64(14), np.int64(52), np.int64(61), np.int64(0), np.int64(54), np.int64(15), np.int64(57), np.int64(61), np.int64(51), np.int64(32), np.int64(22), np.int64(25), np.int64(47), np.int64(41), np.int64(50), np.int64(32)]","[np.int64(6), np.int64(18), np.int64(46), np.int64(13), np.int64(29), np.int64(23), np.int64(53), np.int64(29), np.int64(3), np.int64(49), np.int64(56), np.int64(1), np.int64(40), np.int64(18), np.int64(59), np.int64(22), np.int64(12), np.int64(47), np.int64(0), np.int64(44), np.int64(40), np.int64(36), np.int64(40), np.int64(23), np.int64(23), np.int64(26), np.int64(15), np.int64(42), np.int64(40), np.int64(27), np.int64(61), np.int64(29), np.int64(55), np.int64(20), np.int64(19), np.int64(43), np.int64(54), np.int64(52), np.int64(5), np.int64(44), np.int64(25), np.int64(60), np.int64(9), np.int64(29), np.int64(47), np.int64(55), np.int64(57), np.int64(25), np.int64(58), np.int64(34), np.int64(24), np.int64(21), np.int64(52), np.int64(61), np.int64(59), np.int64(42), np.int64(30), np.int64(34), np.int64(21), np.int64(44), np.int64(27), np.int64(15), np.int64(27), np.int64(17)]",False,False,0.0,0.0,"[16 54 20 14 53 36 25 31 25 16 36 50 21 25 25 54 25 20 14 50 25 25 25 51
 53 25 25  8 57  8 57 25 31 57 20 16 25 21 20 27 14  6  8  6 14 21 50 25
 21 54 25 25 14 25 25 51 36 25 47 36 36 20 57 53]","[16 36 14 50 14 36 25 31 25 57 20 21 21 25 25 22 25 36 51 50 25 25 25 47
 53 25 25 26 36 14 51 25 50 47 20 51 25  8 20 63  8 13 31 50 14 57  6 25
 31 54 25 25 16 25 25 51 36 25 13 14 47 20 20 57]",True,True,1.0,1.0,"[16 13  6  6  8 13 25 31 25  6 13 20 21 25 25 14 25 21  6 20 25 25 25  6
 53 25 25  8 36 13  6 25 36  8 21  6 25  6 20  2  8  6  8  6  6 21  6 25
 20 13 25 25  8 25 25 13 26 25 13 14  6 20 16  6]","[16 13 51 50 51 13 25 57 25 57 20 50 21 25 25 57 25 36 51 50 25 25 25 51
 53 25 25  8 57 50 51 25 50 36 20 51 25 57 20 33 14 13 31 50 57 57 50 25
 53 13 25 25 51 25 25 53 51 25 13 14 50 20 20 51]",True,True,1.0,1.0
[0 0 1 ... 0 0 0],8,"[14  8  4  8  8 42 50 16  8  8 16 36  1 50  8 14  8 14  9 55 55  8 14  1
  3  4  8 16 50 26  1 16 14  1 26 21  8 26  9  8 39  1  8 63 39 50 16 39
 26 63  8 36 63 36 50  8  3 14  4  4  3 38 42  8]","[ 3  8 21  8  8 21 50 50  8  8  3 36 26  4  8 14  8 42 36  3 55  8 50 63
 14  4  8 36 36 50  1 14 42 36 55 42  8  4 50  8 14 55  8 21 42  9 21  1
 36 55  8 36 39 55 39  8 50 55 21 36 26  6 39  8]",True,True,0.984375,1.0,"[np.int64(23), np.int64(7), np.int64(19), np.int64(28), np.int64(22), np.int64(29), np.int64(0), np.int64(3), np.int64(43), np.int64(35), np.int64(29), np.int64(3), np.int64(31), np.int64(58), np.int64(63), np.int64(28), np.int64(0), np.int64(34), np.int64(47), np.int64(57), np.int64(28), np.int64(59), np.int64(18), np.int64(57), np.int64(46), np.int64(43), np.int64(34), np.int64(42), np.int64(0), np.int64(57), np.int64(42), np.int64(7), np.int64(28), np.int64(25), np.int64(38), np.int64(39), np.int64(46), np.int64(22), np.int64(4), np.int64(59), np.int64(23), np.int64(2), np.int64(59), np.int64(46), np.int64(32), np.int64(46), np.int64(15), np.int64(53), np.int64(5), np.int64(21), np.int64(2), np.int64(47), np.int64(23), np.int64(5), np.int64(0), np.int64(17), np.int64(24), np.int64(40), np.int64(41), np.int64(59), np.int64(5), np.int64(24), np.int64(31), np.int64(7)]","[np.int64(17), np.int64(57), np.int64(43), np.int64(34), np.int64(61), np.int64(46), np.int64(37), np.int64(17), np.int64(50), np.int64(45), np.int64(53), np.int64(53), np.int64(14), np.int64(53), np.int64(40), np.int64(53), np.int64(30), np.int64(32), np.int64(8), np.int64(19), np.int64(49), np.int64(17), np.int64(48), np.int64(5), np.int64(31), np.int64(2), np.int64(39), np.int64(33), np.int64(11), np.int64(0), np.int64(44), np.int64(33), np.int64(48), np.int64(47), np.int64(47), np.int64(45), np.int64(18), np.int64(13), np.int64(10), np.int64(51), np.int64(33), np.int64(39), np.int64(45), np.int64(16), np.int64(39), np.int64(42), np.int64(58), np.int64(62), np.int64(19), np.int64(59), np.int64(53), np.int64(53), np.int64(36), np.int64(51), np.int64(38), np.int64(57), np.int64(23), np.int64(44), np.int64(4), np.int64(62), np.int64(48), np.int64(49), np.int64(24), np.int64(9)]",False,False,0.0,0.0,"[ 3  8 21  8  8 21 50 36  8  8 21  1 42 21  8 39  8 42  3  3 55  8 14 63
 14  4  8 50 39 50  1 16  1  1 21 21  8 26 14  8 50  1  8 26  3  9 16  1
 36 63  8 63 63 55 26  8 42  4 16 21  3 38  1  8]","[55  8  4  8  8 14 50 50  8  8  3 36 42  1  8 39  8 14 36 14 14  8 50  1
 14  4  8 50 50 50 55 14 42  1 55 50  8 42 63  8 14 50  8 26  3 50 39  1
 36 63  8 63 63 36 26  8  4  4  4  4  9 23 42  8]",True,True,1.0,1.0,"[ 3  8  1  8  8 14 50  3  8  8  3  1  1  3  8 14  8 14  1  3 14  8 14  1
  3  4  8 16 14 26  1 14  1  1 21  4  8  3  1  8  3  1  8  9  3  9 16  1
  1 14  8  9 39  4 26  8  3  4  3  4  3  6  1  8]","[14  8 21  8  8 39 50 50  8  8  3 36  1 50  8 39  8 63 36 14 14  8 50  1
 39  4  8 50 36 50 14 36 42 36 21 50  8 14 50  8 50 50  8  9  4 50 39 39
 36 63  8 63 39  4 39  8 50 55  4 21  9 52  1  8]",True,True,1.0,1.0
[0 1 0 ... 0 1 0],15,"[55 42 31 31 15 42 15 59 14 31 31 31  4 63 15 15 15 14 15 44 14 27 23 15
 16  6 59 15 46 63 23 15 59 27 59  6 59 46 31 57 27 23 15 55 15 18 15  6
 57 23 23 63 42 44  6 15 55 15 57 15 23 27 63 15]","[ 4 18 14 14 15  4 15 46 14 31 46 46 16 44 15 15 15 14 15 42  6 27 57 15
 16  6 16 15 16 63  6 15 59 31 46 63 59 63  6 57 27 14 15 18 15 18 15  4
 57 14 23 63 44 42  6 15 59 15 23 15 63  4 63 15]",True,True,0.984375,1.0,"[np.int64(42), np.int64(13), np.int64(38), np.int64(21), np.int64(46), np.int64(59), np.int64(57), np.int64(30), np.int64(55), np.int64(43), np.int64(41), np.int64(10), np.int64(37), np.int64(23), np.int64(48), np.int64(27), np.int64(17), np.int64(37), np.int64(44), np.int64(17), np.int64(6), np.int64(62), np.int64(54), np.int64(5), np.int64(54), np.int64(37), np.int64(53), np.int64(10), np.int64(36), np.int64(8), np.int64(55), np.int64(43), np.int64(25), np.int64(49), np.int64(40), np.int64(8), np.int64(17), np.int64(5), np.int64(42), np.int64(28), np.int64(44), np.int64(49), np.int64(46), np.int64(20), np.int64(41), np.int64(28), np.int64(22), np.int64(6), np.int64(3), np.int64(10), np.int64(55), np.int64(33), np.int64(34), np.int64(24), np.int64(3), np.int64(10), np.int64(2), np.int64(56), np.int64(23), np.int64(61), np.int64(23), np.int64(35), np.int64(59), np.int64(56)]","[np.int64(3), np.int64(35), np.int64(25), np.int64(17), np.int64(29), np.int64(45), np.int64(37), np.int64(49), np.int64(37), np.int64(3), np.int64(38), np.int64(3), np.int64(34), np.int64(5), np.int64(47), np.int64(61), np.int64(55), np.int64(37), np.int64(55), np.int64(37), np.int64(11), np.int64(37), np.int64(34), np.int64(13), np.int64(20), np.int64(56), np.int64(61), np.int64(0), np.int64(47), np.int64(29), np.int64(27), np.int64(14), np.int64(39), np.int64(47), np.int64(45), np.int64(16), np.int64(16), np.int64(38), np.int64(5), np.int64(4), np.int64(47), np.int64(16), np.int64(50), np.int64(31), np.int64(0), np.int64(52), np.int64(31), np.int64(42), np.int64(41), np.int64(58), np.int64(59), np.int64(30), np.int64(27), np.int64(38), np.int64(26), np.int64(25), np.int64(24), np.int64(12), np.int64(45), np.int64(36), np.int64(1), np.int64(29), np.int64(35), np.int64(54)]",False,False,0.0,0.0,"[63 18 44 31 15 42 15 46 27 16 31 31 55 27 15 15 15 57 15 55  6 27 44 15
 31  6 59 15 31  6  6 15  4 14 46 63 59 46  6 31 27  4 15  4 15 18 15 14
  6 55 42 63 44 44  6 15  6 15 55 15 16  4 16 15]","[ 4 42 14 18 15  4 15 44 14 31 31 18 42 44 15 15 15 59 15 14  6 27 23 15
 59  6 63 15 31 63 23 15 59 27 59  6 59 63  6 59 16  4 15  4 15 18 15 46
 55  6 46 63 44 42  6 15  6 15 63 15 23  4 16 15]",True,True,1.0,1.0,"[ 4 18 14 14 15  6 15  4 14  4 31 18  4 27 15 15 15  4 15 14  6 27 23 15
 16  6 16 15  4  6  6 15  4 14 46  4 59 16  6  6 16  4 15  4 15 18 15  4
  6  6 16 42 27 42  6 15  6 15 23 15  6  4 16 15]","[ 4 42 44 14 15 42 15  4 14 23 46 59  4 44 15 15 15 14 15 14 14 27 57 15
 16  6 27 15  4  6  6 15  4 14 59 57 59 57 44 57 16 14 15  4 15 18 15 14
  6  6 23 42 42 42 63 15 42 15 42 15  6  4 16 15]",True,True,1.0,1.0
[1 0 0 ... 0 0 1],63,"[28 57 37 25 63 37  7 63 63 63 28 63 63 48 60 45 22 57 63 55 12  9 63 63
 38 63 11  9 63 22 23 18 60 11 48 23 23 63 63 56 63 38 37  8 60 22 22  9
 63 23 37  9 12 56  9 63 63 63 56 23 63 18 22 63]","[40  4 48 25 63  9 18 63 63 63 23 63 63 28 60 33 40 37 63 48 18  4 63 63
 22 63 48 48 63 22 57  4 11 48 25 40 11 63 63 38 63 25 25 37 28 60 18  9
 63 37 22 56 23  4  9 63 63 63 56  7 63  8 22 63]",True,True,0.984375,1.0,"[np.int64(61), np.int64(31), np.int64(52), np.int64(28), np.int64(57), np.int64(1), np.int64(3), np.int64(3), np.int64(17), np.int64(46), np.int64(25), np.int64(10), np.int64(56), np.int64(25), np.int64(0), np.int64(26), np.int64(29), np.int64(4), np.int64(51), np.int64(51), np.int64(39), np.int64(24), np.int64(45), np.int64(20), np.int64(60), np.int64(6), np.int64(14), np.int64(10), np.int64(59), np.int64(46), np.int64(5), np.int64(59), np.int64(49), np.int64(13), np.int64(7), np.int64(32), np.int64(45), np.int64(11), np.int64(54), np.int64(2), np.int64(41), np.int64(24), np.int64(48), np.int64(29), np.int64(48), np.int64(49), np.int64(40), np.int64(57), np.int64(0), np.int64(27), np.int64(55), np.int64(32), np.int64(59), np.int64(35), np.int64(26), np.int64(36), np.int64(7), np.int64(23), np.int64(58), np.int64(20), np.int64(62), np.int64(0), np.int64(43), np.int64(39)]","[np.int64(20), np.int64(24), np.int64(16), np.int64(13), np.int64(21), np.int64(28), np.int64(62), np.int64(37), np.int64(19), np.int64(24), np.int64(43), np.int64(37), np.int64(49), np.int64(19), np.int64(33), np.int64(33), np.int64(49), np.int64(17), np.int64(59), np.int64(52), np.int64(51), np.int64(42), np.int64(37), np.int64(5), np.int64(12), np.int64(48), np.int64(19), np.int64(2), np.int64(33), np.int64(15), np.int64(60), np.int64(8), np.int64(29), np.int64(18), np.int64(5), np.int64(50), np.int64(57), np.int64(29), np.int64(11), np.int64(23), np.int64(52), np.int64(1), np.int64(55), np.int64(20), np.int64(29), np.int64(58), np.int64(51), np.int64(59), np.int64(3), np.int64(47), np.int64(37), np.int64(40), np.int64(6), np.int64(6), np.int64(47), np.int64(45), np.int64(5), np.int64(33), np.int64(17), np.int64(12), np.int64(16), np.int64(56), np.int64(10), np.int64(47)]",False,False,0.0,0.0,"[57 25 48 25 63 37 38 63 63 63 23 63 63 25 18 24 40  8 63  9  8  4 63 63
  7 63 40 55 63 37 37 11 57 48  4 48 37 63 63  4 63 25 25  7 37  4 25 55
 63 23  8 55 40 23  4 63 63 63 37  7 63 38 40 63]","[57  7 37 60 63 12  7 63 63 63 28 63 63 28 60 45 12  9 63 23 11  7 63 63
  7 63 60  9 63 37 57  4 57 23 25 48 37 63 63 38 63 38 60 25 28  4 25  9
 63 37 40 56  7  4  8 63 63 63 56 55 63  7 22 63]",True,True,1.0,1.0,"[ 8  4  8  9 63  9  4 63 63 63 23 63 63  7 18  0 12  9 63  4  8  4 63 63
  7 63  4  9 63  9 12  4 11  7  4 18 11 63 63  4 63 25  8  7  7  4 18  9
 63 23  8  9  4  4  4 63 63 63 37  7 63  8 22 63]","[57  7 48 60 63  9 11 63 63 63 23 63 63 25 48 33 12  7 63 38 48 56 63 63
  7 63 48 48 63 22 48 48 57 48 25 48 11 63 63 38 63 38 60 57  7  4 38 55
 63 23 22 11  7  4 38 63 63 63 48  7 63  7 22 63]",True,True,1.0,1.0
[0 1 0 ... 0 1 0],58,"[14 58 31 15 33 29 25 58 17 17 51 12 58 17 58 58 12 58 12 44 47 58 25 29
 33 58 31 55 33 58 21 58 51 58 14 31 47 33 14 17  7 47 15 21 58 15 47 58
 33 33 14 58 33  1 15 58 44 44 58 12  7 47 29 17]","[47 58 51 15 33 21 31 58 17 17 47 51 58  7 58 58 14 58 21  1 47 58 25 17
 44 58  7 14 55 58 25 58 51 58 31 31 51  7  7 31 21 47 14 21 58 51 31 58
  7 55  1 58 47  1 15 58  7 21 58 12 15 44 31 21]",True,True,0.984375,1.0,"[np.int64(38), np.int64(14), np.int64(47), np.int64(51), np.int64(54), np.int64(45), np.int64(29), np.int64(60), np.int64(2), np.int64(40), np.int64(13), np.int64(59), np.int64(62), np.int64(17), np.int64(24), np.int64(39), np.int64(45), np.int64(33), np.int64(7), np.int64(60), np.int64(32), np.int64(7), np.int64(12), np.int64(41), np.int64(1), np.int64(63), np.int64(29), np.int64(50), np.int64(52), np.int64(41), np.int64(42), np.int64(54), np.int64(54), np.int64(23), np.int64(52), np.int64(11), np.int64(13), np.int64(35), np.int64(43), np.int64(8), np.int64(3), np.int64(7), np.int64(22), np.int64(38), np.int64(23), np.int64(61), np.int64(47), np.int64(56), np.int64(25), np.int64(62), np.int64(54), np.int64(53), np.int64(58), np.int64(56), np.int64(40), np.int64(55), np.int64(21), np.int64(32), np.int64(58), np.int64(52), np.int64(47), np.int64(4), np.int64(7), np.int64(62)]","[np.int64(12), np.int64(32), np.int64(40), np.int64(61), np.int64(14), np.int64(37), np.int64(25), np.int64(3), np.int64(2), np.int64(25), np.int64(37), np.int64(62), np.int64(7), np.int64(59), np.int64(16), np.int64(51), np.int64(54), np.int64(23), np.int64(28), np.int64(1), np.int64(58), np.int64(31), np.int64(4), np.int64(3), np.int64(17), np.int64(48), np.int64(39), np.int64(43), np.int64(33), np.int64(38), np.int64(6), np.int64(10), np.int64(38), np.int64(30), np.int64(23), np.int64(24), np.int64(13), np.int64(34), np.int64(50), np.int64(33), np.int64(17), np.int64(20), np.int64(42), np.int64(21), np.int64(38), np.int64(47), np.int64(60), np.int64(13), np.int64(41), np.int64(9), np.int64(5), np.int64(48), np.int64(35), np.int64(28), np.int64(13), np.int64(48), np.int64(1), np.int64(19), np.int64(5), np.int64(10), np.int64(4), np.int64(12), np.int64(54), np.int64(17)]",False,False,0.0,0.0,"[47 58 31 15  1 29  7 58 21 17 51 51 58 55 58 58 17 58 25  7 47 58 51 29
 44 58 31 25 55 58 15 58  1 58 31 47 12 44  7 31 21 44 51 14 58 15 14 58
 55 21  1 58 31  7 15 58 14 21 58 12 51 51 29 44]","[ 1 58 51  7  1 29  7 58 17 17 47 12 58 21 58 58 47 58 25 44 44 58 51 29
 33 58 31 55 55 58 21 58 51 58 31 47 47 44 15 51 21 47 14 47 58 51 47 58
 47 21 14 58 55 25 14 58 14 21 58 12  1 47 47  7]",True,True,1.0,1.0,"[ 1 58  1  7  1  1  7 58 15 17 29 12 58  7 58 58 12 58  7  1 44 58 15 12
 21 58  7  1  7 58 15 58  1 58 14 31  7  7  7 12  7 25  1 14 58 15 14 58
  1  1  1 58 31  1 14 58  7 15 58 12  1 44 14  7]","[47 58 29  7 33 29  7 58 21 44 47 12 58 21 58 58 47 58 21  7 44 58 25 29
 21 58 31 55  7 58 15 58  1 58 31 47 31  7  7 47 21 47 47 21 58 47 47 58
 47 21 55 58 47  1 15 58  7 21 58 12  1 47 47 21]",True,True,1.0,1.0
[0 0 0 ... 0 1 0],40,"[40 24 60 60 43 28 51 45 12 28 62 51 40 12 43  0 43 23 23 63 60 40 24 40
 40 53 58 28 40 63 28 57 62 23 39 28 43 58 50 40 40 60 50 40 45 40 21 43
 45 28 40 40 62 40 24  0 63 40 40 43 40 28 40 40]","[40 53 60 12 39 60 53 51  0 43 12 50 40 12 39  0 21 23 28 63 50 40 57 40
 40 45 50 43 40 62 23 57 28 51 43 43 23 58 39 40 40 28 63 40 45 40 57 43
 21 43 40 40 62 40 21 39 51 40 40 21 40 24 40 40]",True,True,0.984375,1.0,"[np.int64(6), np.int64(49), np.int64(36), np.int64(50), np.int64(23), np.int64(6), np.int64(29), np.int64(11), np.int64(13), np.int64(46), np.int64(33), np.int64(13), np.int64(22), np.int64(23), np.int64(4), np.int64(30), np.int64(30), np.int64(51), np.int64(43), np.int64(21), np.int64(28), np.int64(57), np.int64(2), np.int64(41), np.int64(32), np.int64(42), np.int64(50), np.int64(45), np.int64(9), np.int64(7), np.int64(54), np.int64(27), np.int64(21), np.int64(45), np.int64(17), np.int64(58), np.int64(58), np.int64(42), np.int64(49), np.int64(56), np.int64(4), np.int64(53), np.int64(13), np.int64(18), np.int64(37), np.int64(4), np.int64(23), np.int64(21), np.int64(52), np.int64(56), np.int64(4), np.int64(43), np.int64(9), np.int64(44), np.int64(34), np.int64(7), np.int64(34), np.int64(0), np.int64(36), np.int64(11), np.int64(10), np.int64(21), np.int64(47), np.int64(62)]","[np.int64(59), np.int64(36), np.int64(30), np.int64(29), np.int64(36), np.int64(24), np.int64(42), np.int64(45), np.int64(19), np.int64(9), np.int64(20), np.int64(33), np.int64(47), np.int64(28), np.int64(12), np.int64(8), np.int64(37), np.int64(4), np.int64(33), np.int64(29), np.int64(21), np.int64(29), np.int64(62), np.int64(42), np.int64(63), np.int64(10), np.int64(54), np.int64(22), np.int64(12), np.int64(63), np.int64(28), np.int64(36), np.int64(45), np.int64(63), np.int64(1), np.int64(60), np.int64(39), np.int64(58), np.int64(37), np.int64(45), np.int64(6), np.int64(57), np.int64(11), np.int64(3), np.int64(14), np.int64(5), np.int64(52), np.int64(2), np.int64(44), np.int64(48), np.int64(43), np.int64(10), np.int64(40), np.int64(17), np.int64(31), np.int64(39), np.int64(39), np.int64(61), np.int64(57), np.int64(26), np.int64(22), np.int64(40), np.int64(18), np.int64(12)]",False,False,0.0,0.0,"[40 24 12 21 43 60 57 43 12 45 45 62 40 43 12 53 21 23 23 63 60 40 62 40
 40 45 50 43 40 62 58 53 21 12 43 24 60 51 50 40 40 21 57 40 50 40 21 57
 21 12 40 40 62 40 43 39 51 40 40 43 40 51 40 40]","[40 24 62 23 60 60 57 43 53 43 45 50 40 53 12  0 43 23 28 63 60 40 57 40
 40 28 50 21 40 63 28 45 51 51 39 57 60 51 50 40 40  0 63 40 45 40 50 57
 21 60 40 40 62 40 45 39 12 40 40 21 40 39 40 40]",True,True,1.0,1.0,"[40 24 12 12 24 28 24 43  0 28 12 23 40 12 12  0 21 21  0 63 50 40 24 40
 40 28 50 21 40 12  0 24  0 12 39 24 23 58 39 40 40  0 28 40 45 40  0 43
 21 12 40 40 58 40  0  0 12 40 40 21 40 24 40 40]","[40 50 60 12 50 28 50 45 12 45 12 39 40 12 39 53 21 21 60 63 50 40 57 40
 40 45 50 21 40 12 58 45 51 12 39 39 50 51 50 40 40  0 50 40 45 40 50 57
 21 60 40 40 58 40 50  0 63 40 40 50 40 39 40 40]",True,True,1.0,1.0
[0 0 0 ... 0 0 0],23,"[23 23  3 23  1 62 28 22  3 55 40 55 18 40  1 40 29 23 23  3 22 40 23 23
 22 28 28 17 23 23 42 42 28 49 22  3 17 42  1 22 23  3 23 28 22  2 49 40
  0 23  0 49 23 52 40 23 17  3 49 18 18  0 23 40]","[23 23 28 23 28 40 49 29 29 40 40  0 18 40 49 28 55 23 23 62  3 17 23 23
 42 49 17 17 23 23  3 42  1 49 22 22 40 42 40 22 23  1 23 17  1 34 42 40
 42 23 40 28 23 52 40 23 49 42 49 22 22  0 23 29]",True,True,0.984375,1.0,"[np.int64(24), np.int64(59), np.int64(5), np.int64(40), np.int64(27), np.int64(57), np.int64(60), np.int64(22), np.int64(43), np.int64(38), np.int64(23), np.int64(8), np.int64(20), np.int64(51), np.int64(62), np.int64(21), np.int64(25), np.int64(24), np.int64(60), np.int64(24), np.int64(53), np.int64(38), np.int64(35), np.int64(52), np.int64(10), np.int64(17), np.int64(37), np.int64(55), np.int64(56), np.int64(8), np.int64(52), np.int64(52), np.int64(50), np.int64(19), np.int64(0), np.int64(10), np.int64(17), np.int64(28), np.int64(42), np.int64(25), np.int64(5), np.int64(34), np.int64(22), np.int64(45), np.int64(30), np.int64(22), np.int64(55), np.int64(38), np.int64(60), np.int64(53), np.int64(44), np.int64(39), np.int64(27), np.int64(45), np.int64(31), np.int64(45), np.int64(2), np.int64(20), np.int64(52), np.int64(39), np.int64(25), np.int64(38), np.int64(11), np.int64(48)]","[np.int64(3), np.int64(16), np.int64(57), np.int64(5), np.int64(0), np.int64(18), np.int64(5), np.int64(4), np.int64(39), np.int64(57), np.int64(14), np.int64(38), np.int64(6), np.int64(50), np.int64(17), np.int64(15), np.int64(44), np.int64(45), np.int64(14), np.int64(24), np.int64(49), np.int64(41), np.int64(22), np.int64(45), np.int64(31), np.int64(44), np.int64(27), np.int64(27), np.int64(61), np.int64(8), np.int64(13), np.int64(28), np.int64(45), np.int64(4), np.int64(50), np.int64(61), np.int64(12), np.int64(19), np.int64(28), np.int64(31), np.int64(10), np.int64(28), np.int64(30), np.int64(10), np.int64(49), np.int64(45), np.int64(57), np.int64(59), np.int64(44), np.int64(16), np.int64(63), np.int64(62), np.int64(26), np.int64(51), np.int64(31), np.int64(7), np.int64(6), np.int64(1), np.int64(15), np.int64(59), np.int64(59), np.int64(59), np.int64(24), np.int64(61)]",False,False,0.0,0.0,"[23 23  3 23 17  1 18 22  3 40  1 17 18 40 49 17 55 23 23 29  0  1 23 23
 42 49 17 18 23 23  3 40 49 49 22  3 40 22  1 28 23 55 23  3 29 34 49 40
 42 23 18 22 23 22 40 23 17 55 17 55 40 17 23 49]","[23 23 28 23 49 18  1 22 29 40  1  0 18 40  1 29 42 23 23  3  0  1 23 23
 52 28 62 17 23 23  0 40 28 49 55  3 17 42 62 28 23 55 23  3 22 59 42 55
 42 23 18 49 23 52 40 23 22 42 28 55 28  0 23  0]",True,True,1.0,1.0,"[23 23  3 23  0  1  0 18  3  0  1  0  3 40  1 17  0 23 23  3  3  1 23 23
 22 28 17 18 23 23  1 40  1 49 22  3 17 22  1  1 23  3 23  0  1  2 17 40
  0 23  0  1 23 22 40 23 17  3 17 18 17  0 23  0]","[23 23 28 23 28 18 28 29 29 40  1 28  3 40 49 28  0 23 23 29  3 40 23 23
 22 28 28 18 23 23 28 42 28 49 22 22 18 22 28 28 23  1 23 28 29 60 42 40
 42 23 40 28 23 22 40 23 28 42 28 22 28  0 23 29]",True,True,1.0,1.0
[1 0 0 ... 1 0 0],32,"[32 32 62 29 53 42 32 23 33 19 35 32 32  6 32 11 53 25  1 32 47 33 51 32
 25 32 42 49 29 32 62 32 32 32 12 32 32 29 54 32 19 47 32 31 61 35 35 32
 36 32 49 32 53 32 32 35 32 49 35 19 47 32 32 36]","[32 32 51 31 61 47 32 54 36 19 36 32 32 47 32 29 23 49 11 32 29 23 53 32
 29 32 29 53  1 32 62 32 32 32 31 32 32 36 54 32 39 47 32 33 47 11 39 32
 33 32 33 32 47 32 32 23 32 47 39 51 47 32 32 14]",True,True,0.984375,1.0,"[np.int64(28), np.int64(5), np.int64(31), np.int64(45), np.int64(16), np.int64(30), np.int64(33), np.int64(9), np.int64(36), np.int64(19), np.int64(3), np.int64(35), np.int64(57), np.int64(63), np.int64(42), np.int64(7), np.int64(6), np.int64(31), np.int64(60), np.int64(20), np.int64(28), np.int64(60), np.int64(27), np.int64(38), np.int64(6), np.int64(58), np.int64(1), np.int64(31), np.int64(52), np.int64(3), np.int64(13), np.int64(41), np.int64(52), np.int64(31), np.int64(10), np.int64(25), np.int64(21), np.int64(39), np.int64(19), np.int64(22), np.int64(61), np.int64(27), np.int64(22), np.int64(46), np.int64(2), np.int64(28), np.int64(10), np.int64(27), np.int64(39), np.int64(37), np.int64(19), np.int64(38), np.int64(9), np.int64(25), np.int64(57), np.int64(13), np.int64(17), np.int64(56), np.int64(36), np.int64(14), np.int64(53), np.int64(9), np.int64(61), np.int64(7)]","[np.int64(17), np.int64(15), np.int64(28), np.int64(55), np.int64(38), np.int64(58), np.int64(57), np.int64(26), np.int64(1), np.int64(12), np.int64(14), np.int64(4), np.int64(38), np.int64(13), np.int64(29), np.int64(34), np.int64(43), np.int64(36), np.int64(56), np.int64(11), np.int64(37), np.int64(63), np.int64(46), np.int64(24), np.int64(46), np.int64(23), np.int64(7), np.int64(56), np.int64(6), np.int64(46), np.int64(58), np.int64(5), np.int64(59), np.int64(13), np.int64(37), np.int64(17), np.int64(16), np.int64(29), np.int64(19), np.int64(45), np.int64(5), np.int64(21), np.int64(5), np.int64(62), np.int64(44), np.int64(31), np.int64(17), np.int64(55), np.int64(41), np.int64(20), np.int64(63), np.int64(8), np.int64(10), np.int64(22), np.int64(45), np.int64(50), np.int64(13), np.int64(3), np.int64(35), np.int64(10), np.int64(52), np.int64(13), np.int64(3), np.int64(14)]",False,False,0.0,0.0,"[32 32 62 31 12 33 32 23 33 49 56 32 32  6 32 36 53 35 39 32 29 23 19 32
 14 32 35 49 23 32 35 32 32 32 33 32 32 36  0 32 47 29 32 51  1 11  0 32
 33 32 33 32 42 32 32  6 32 42 36 51 14 32 32 14]","[32 32 51 29 12 33 32 54 54  6  1 32 32  6 32 36 25 51 29 32 29  0 53 32
 25 32 54 42 54 32 35 32 32 32 47 32 32 56 54 32  1 62 32 33 54 35 19 32
 54 32 49 32 47 32 32 47 32 39 36 11 54 32 32 61]",True,True,1.0,1.0,"[32 32  6 23  1 11 32  6 36  6  1 32 32  0 32  1 19  0  1 32 14  0  6 32
 14 32 23 42  1 32  1 32 32 32 12 32 32  6  0 32  1  0 32  6  1 11  0 32
 19 32 33 32 14 32 32  6 32 14 36 11 14 32 32 14]","[32 32 12 29 36 47 32 12 36  6 36 32 32 47 32 54 23  6 36 32 62 23 12 32
 25 32 53 53 47 32 33 32 32 32 47 32 32 33  0 32  1 47 32 12 47 35 53 32
 33 32 33 32 47 32 32 47 32 47 36 53 47 32 32 36]",True,True,1.0,1.0
