As,Argmax_Model_Trees,Argmax_True_Trees,Argmax_Model_Mask,Argmax_True_Mask,Argmax_Model_Accuracy,Argmax_True_Accuracy,Random_Model_Trees,Random_True_Trees,Random_Model_Mask,Random_True_Mask,Random_Model_Accuracy,Random_True_Accuracy,Tree_Model_Trees,Tree_True_Trees,Tree_Model_Mask,Tree_True_Mask,Tree_Model_Accuracy,Tree_True_Accuracy,Greedy_Model_Trees,Greedy_True_Trees,Greedy_Model_Mask,Greedy_True_Mask,Greedy_Model_Accuracy,Greedy_True_Accuracy,Argmax_Model_Uniques,Argmax_Model_Valids_Uniques,Argmax_Model_Valids,Argmax_Model_Unique_Counts,Argmax_Model_Valid_Unique_Counts,Argmax_Model_Valid_Counts,Argmax_True_Uniques,Argmax_True_Valids_Uniques,Argmax_True_Valids,Argmax_True_Unique_Counts,Argmax_True_Valid_Unique_Counts,Argmax_True_Valid_Counts,Random_Model_Uniques,Random_Model_Valids_Uniques,Random_Model_Valids,Random_Model_Unique_Counts,Random_Model_Valid_Unique_Counts,Random_Model_Valid_Counts,Random_True_Uniques,Random_True_Valids_Uniques,Random_True_Valids,Random_True_Unique_Counts,Random_True_Valid_Unique_Counts,Random_True_Valid_Counts,Tree_Model_Uniques,Tree_Model_Valids_Uniques,Tree_Model_Valids,Tree_Model_Unique_Counts,Tree_Model_Valid_Unique_Counts,Tree_Model_Valid_Counts,Tree_True_Uniques,Tree_True_Valids_Uniques,Tree_True_Valids,Tree_True_Unique_Counts,Tree_True_Valid_Unique_Counts,Tree_True_Valid_Counts,Greedy_Model_Uniques,Greedy_Model_Valids_Uniques,Greedy_Model_Valids,Greedy_Model_Unique_Counts,Greedy_Model_Valid_Unique_Counts,Greedy_Model_Valid_Counts,Greedy_True_Uniques,Greedy_True_Valids_Uniques,Greedy_True_Valids,Greedy_True_Unique_Counts,Greedy_True_Valid_Unique_Counts,Greedy_True_Valid_Counts
[0.         0.         0.70781353 ... 0.70781353 0.         1.00049988],"[50 24 38 58  1 22  1  2 47 26 24 47 10 17 17 17 31 47 38 22 50 22 24 10
 38  4 47 48 61 11 22 30 33 24  2 40 26 27 38 26 24  4 22 12 33 31  8 24
 10 44 48 55 47 61 61  2 47 17 44 54 22 44 19 32]","[50 24 38 58 44 33 34  2 47 26 24 47 10 17 50 17 20 47 38 22 50 22 24 10
 38  4 12 48 61 11 22 30 33 24  2 40 26 27 38 26 24  4 22 12 33 25  8 24
 10 44  5 55 47 61 61  2 47 17 44 54 22  5 32 26]",True,True,0.9375,0.90625,"[np.int64(6), np.int64(18), np.int64(26), np.int64(47), np.int64(14), np.int64(39), np.int64(36), np.int64(28), np.int64(48), np.int64(22), np.int64(42), np.int64(46), np.int64(9), np.int64(46), np.int64(47), np.int64(31), np.int64(27), np.int64(62), np.int64(17), np.int64(58), np.int64(16), np.int64(47), np.int64(49), np.int64(63), np.int64(1), np.int64(18), np.int64(46), np.int64(12), np.int64(20), np.int64(13), np.int64(23), np.int64(60), np.int64(31), np.int64(19), np.int64(28), np.int64(18), np.int64(31), np.int64(0), np.int64(19), np.int64(52), np.int64(6), np.int64(43), np.int64(23), np.int64(32), np.int64(5), np.int64(39), np.int64(26), np.int64(27), np.int64(5), np.int64(19), np.int64(48), np.int64(43), np.int64(18), np.int64(20), np.int64(29), np.int64(37), np.int64(45), np.int64(35), np.int64(48), np.int64(29), np.int64(14), np.int64(56), np.int64(17), np.int64(9)]","[np.int64(8), np.int64(34), np.int64(48), np.int64(22), np.int64(11), np.int64(26), np.int64(61), np.int64(10), np.int64(10), np.int64(15), np.int64(21), np.int64(10), np.int64(10), np.int64(58), np.int64(25), np.int64(11), np.int64(43), np.int64(17), np.int64(11), np.int64(34), np.int64(56), np.int64(35), np.int64(51), np.int64(19), np.int64(47), np.int64(45), np.int64(49), np.int64(28), np.int64(14), np.int64(8), np.int64(39), np.int64(7), np.int64(43), np.int64(53), np.int64(0), np.int64(11), np.int64(2), np.int64(20), np.int64(42), np.int64(3), np.int64(56), np.int64(7), np.int64(21), np.int64(29), np.int64(12), np.int64(43), np.int64(24), np.int64(24), np.int64(61), np.int64(57), np.int64(23), np.int64(42), np.int64(20), np.int64(6), np.int64(63), np.int64(33), np.int64(52), np.int64(36), np.int64(34), np.int64(3), np.int64(20), np.int64(19), np.int64(53), np.int64(11)]",False,False,0.0,0.0,"[50 24 38 54  1 22 34  2 32 26 24 47 10 17 15 17 57 60 38 22 50 22 24 10
 38 63 47 48 31 11 22 30 33 24  2 63 13 27 38 58 24  4 22 12  7 31 27 24
 10 44 48 55 47 61 61  2 47 17 32 54 22 44 32  8]","[13 24 38 58  1 33 34  2 47 26 24 47 34 17 63 17 57 47 38 22 50 22 24  5
 38 63 47 46 61 57 22 30 33 24  2 40 13 27 38 42 24  4 22 12 12 31  8 24
 34 15 48 55 47 61 61  2 47 17 44 54 22  5 39 32]",True,True,0.859375,0.953125,"[41 24 38 54 44 22 52  2 47 26 24 47 34 17 63 17 31 44 38 61 16  5 24 10
 38 63 60 48 31 57 22 46 33 24  2 32 26 27 38 26 24  0 22 27 58 31 27 24
 10 15  5 55 47 61 61  2 47 17 39 54  5 44 19 14]","[50 24 38 37 44 33 34  2 47 26 24 47 10 36 17 14 46 44 38 22 50 22 24  5
 38 63 47 48 61 11 22 30 33 24  2 40 26 27 38 58 24  0 22 12 33 31 27 24
 34 25  5 12 47 13 61  2 47 17 39 54 22  5 32 32]",False,False,0.0625,0.140625,0.04,1.0,1.0,1,1,25,0.04,1.0,1.0,1,1,25,1.0,0.0,0.0,25,0,0,1.0,0.0,0.0,25,0,0,1.0,1.0,1.0,25,25,25,1.0,1.0,1.0,25,25,25,1.0,0.08,0.08,25,2,2,1.0,0.0,0.0,25,0,0
[0.       0.       0.       ... 0.       0.       0.500999],"[42 20 13 36 25 46 57 15 16 17 54 21 53 61 62 53 25 15 39 26 22 62 15 37
 32 62 61 41 40 61 10 15  7 13 25 61 22 22 16 25 25 12 12 63 57 12 53 28
 41 36 35 52 26 53 15 52 26  7 40 10  7 46 53 21]","[ 5 20 13 36 25 46 57 15 24 17 41 39 53 61 62 53 25 15  0 26 14 62 15  6
 20 62 61 41 40 41 10 15 41 13 25 61 22 22 16  5 25 12 12 63 57 12 53  8
 41 52  4 52 10 53 15 52 26  7  0 10 21 46 53 48]",True,True,0.9375,0.90625,"[np.int64(40), np.int64(12), np.int64(4), np.int64(0), np.int64(44), np.int64(7), np.int64(2), np.int64(42), np.int64(57), np.int64(48), np.int64(4), np.int64(28), np.int64(4), np.int64(61), np.int64(2), np.int64(3), np.int64(5), np.int64(20), np.int64(45), np.int64(48), np.int64(1), np.int64(45), np.int64(9), np.int64(35), np.int64(4), np.int64(41), np.int64(26), np.int64(20), np.int64(6), np.int64(8), np.int64(20), np.int64(18), np.int64(62), np.int64(46), np.int64(12), np.int64(49), np.int64(3), np.int64(61), np.int64(8), np.int64(24), np.int64(6), np.int64(0), np.int64(3), np.int64(52), np.int64(23), np.int64(35), np.int64(58), np.int64(24), np.int64(19), np.int64(22), np.int64(38), np.int64(44), np.int64(23), np.int64(20), np.int64(24), np.int64(10), np.int64(58), np.int64(27), np.int64(28), np.int64(42), np.int64(54), np.int64(62), np.int64(26), np.int64(18)]","[np.int64(44), np.int64(18), np.int64(52), np.int64(21), np.int64(9), np.int64(2), np.int64(61), np.int64(2), np.int64(21), np.int64(21), np.int64(3), np.int64(63), np.int64(30), np.int64(7), np.int64(31), np.int64(40), np.int64(6), np.int64(27), np.int64(33), np.int64(60), np.int64(38), np.int64(35), np.int64(13), np.int64(44), np.int64(31), np.int64(52), np.int64(38), np.int64(61), np.int64(3), np.int64(39), np.int64(16), np.int64(40), np.int64(34), np.int64(46), np.int64(39), np.int64(54), np.int64(20), np.int64(17), np.int64(16), np.int64(3), np.int64(4), np.int64(45), np.int64(45), np.int64(47), np.int64(11), np.int64(29), np.int64(53), np.int64(22), np.int64(63), np.int64(23), np.int64(48), np.int64(45), np.int64(0), np.int64(28), np.int64(42), np.int64(13), np.int64(22), np.int64(62), np.int64(40), np.int64(6), np.int64(39), np.int64(9), np.int64(9), np.int64(32)]",False,False,0.0,0.0,"[58 20 58 36 25 46 19 15 11 17 54 39 53 61 62 53 25 15 39 26 22 62 15 37
 20 62  8 31 40 36 10 15 41 13 17 61 22 22 16 25 14 12 12  1 57 12 53  3
 16 36  4 52 10 53 15 52 26  7 40 10 21 46 53 21]","[42 20 13 47 25 46 23 15 11 17 41 21 53 61 62 53 25 15  0 26 14 62 15 37
 13 62 61 16 40 41 10 15  7 13 25 61 22 22 36 25 25 15 12  1 57 12 53  8
 41 36  4 28 26 53 15 52 26  7  0 10 21 46 53 21]",True,True,0.859375,0.953125,"[42 20 13 36 25 46 57 15 26 17 54 26 53 25 62 53  8 15  0 10 16 62 15  6
  4 62 52 42 24 34 10 15  7 13 29 61 22 22 36  5 58 12 12 56 57 12 53  8
 34 52 35 28 29 53 15 52 26  7  2 56 21 46 53 48]","[ 5  9 13 47 27 46 19 13 24 17 41  8 53 61 62 53 48 34 39 26 39 11 15  6
 20 62  8  4 40 52 10 27 24  0 29 61 22 23 16  5 14 12  0 63 57 12 53  8
 34 36 35 28 10 53 10 52 26  7 40 58 21 29 53 48]",False,False,0.0625,0.140625,0.04,1.0,1.0,1,1,25,0.04,1.0,1.0,1,1,25,1.0,0.0,0.0,25,0,0,1.0,0.0,0.0,25,0,0,1.0,0.92,0.92,25,23,23,1.0,1.0,1.0,25,25,25,1.0,0.08,0.08,25,2,2,1.0,0.04,0.04,25,1,1
[0.500999 0.       0.       ... 0.       0.       0.      ],"[24 18 44 22 38  3  0 51 38 18 42 25 50 50 37 52 52 38 24 50  6 50 62  0
 62 18 24 38 38 50 32 18 18 44  3 18 51 24 22 47 16 37 57 57 52 50 18 14
 18 27 22 57 24 33 45 52 42 24 50 37 14 18 62 25]","[24 18 44 22 38  3  0 51 38 18 61 25 50 50 37 52 52 38 24 50  6 50 62  0
 62 18 24 38 38  0 32 18 18 44  3 18 51 24 22 47 16 37 57 57 52 50 18 61
 18 27 22 57 24 33 45 52 13 24 37 37 14 18 62 15]",True,True,0.9375,0.90625,"[np.int64(17), np.int64(0), np.int64(62), np.int64(33), np.int64(29), np.int64(42), np.int64(40), np.int64(52), np.int64(62), np.int64(25), np.int64(57), np.int64(61), np.int64(11), np.int64(28), np.int64(3), np.int64(20), np.int64(25), np.int64(43), np.int64(4), np.int64(23), np.int64(52), np.int64(34), np.int64(11), np.int64(32), np.int64(59), np.int64(45), np.int64(8), np.int64(38), np.int64(34), np.int64(58), np.int64(51), np.int64(46), np.int64(36), np.int64(38), np.int64(7), np.int64(16), np.int64(41), np.int64(5), np.int64(47), np.int64(39), np.int64(48), np.int64(42), np.int64(55), np.int64(43), np.int64(35), np.int64(36), np.int64(8), np.int64(26), np.int64(58), np.int64(48), np.int64(16), np.int64(37), np.int64(3), np.int64(1), np.int64(4), np.int64(43), np.int64(18), np.int64(13), np.int64(59), np.int64(5), np.int64(45), np.int64(32), np.int64(13), np.int64(28)]","[np.int64(13), np.int64(15), np.int64(23), np.int64(4), np.int64(0), np.int64(6), np.int64(41), np.int64(23), np.int64(50), np.int64(34), np.int64(17), np.int64(45), np.int64(47), np.int64(31), np.int64(7), np.int64(18), np.int64(1), np.int64(56), np.int64(0), np.int64(42), np.int64(60), np.int64(50), np.int64(27), np.int64(19), np.int64(6), np.int64(31), np.int64(10), np.int64(44), np.int64(37), np.int64(41), np.int64(56), np.int64(0), np.int64(26), np.int64(60), np.int64(11), np.int64(59), np.int64(39), np.int64(60), np.int64(31), np.int64(0), np.int64(33), np.int64(26), np.int64(52), np.int64(33), np.int64(43), np.int64(30), np.int64(37), np.int64(53), np.int64(14), np.int64(47), np.int64(52), np.int64(41), np.int64(50), np.int64(49), np.int64(6), np.int64(56), np.int64(46), np.int64(59), np.int64(54), np.int64(45), np.int64(1), np.int64(8), np.int64(36), np.int64(54)]",False,False,0.0,0.0,"[24 18 44 22 38 35  0 51 38 21 36 60 50 50 57 52 52 38 24 50  6 50 62  0
 62 18 24 38 38 50 32 21 41 44 21  0 51 24 22 47 16 51 57 57 52 50 19 14
 18 27 22 57 24 33 45 37 13 24 50 37 14  8 62 15]","[29 18 34 22 38  3  9 28 38 18 42 25 31 50 37 45 41 38 38 50  6 50 62  0
 62 18 24 38 38 50 32 19 48 56  3  0 51 24 22 47 16 37 57 57 17 50 19 13
 18 27 22 58 15 33 45 37 13 24 15 37 14 18 62 25]",True,True,0.859375,0.953125,"[24 32 44 22 48  3  0 28 45 18 61 25 63 50 47 52 52 44 24 50  6  9 62  0
 62 18 24 38 38  0 32 12 18 56  3  0 51 24 22 47 33 51 57 57 17 50 42 13
 18 27 22 36 24 33 45  4 13 24 15 37 11 18 62 15]","[24 18 44 22 58  3  0 51 38 18 61 25 31 50 57 45 52 58 24 31  6 31 62  0
 62 18 18 38 38 48 32 19 18 44 21 18 51 24 22 47 16 32 57 57 17 50  4 61
  4 27 22 58 24 33 45 52 13 24 15 37 11 18 62 15]",False,False,0.0625,0.140625,0.04,1.0,1.0,1,1,25,0.04,1.0,1.0,1,1,25,1.0,0.0,0.0,25,0,0,1.0,0.0,0.0,25,0,0,1.0,0.84,0.84,25,21,21,1.0,1.0,1.0,25,25,25,1.0,0.08,0.08,25,2,2,1.0,0.16,0.16,25,4,4
[0.         0.         0.         ... 0.         0.70781353 0.        ],"[11 62 45 38  1 25 61 38 42  1 42 37 55 49 31 13 30  7 35 62 61 40 61 60
 18 60 44 62 27 50 41 55 59 30 56 53 41 61 61 22 45 61 37 48 22 20 42 31
  0 30 45 31 27 62 60 62  1  4 44  4 38 61 61  4]","[11 62 45 38  1 35 61 38 42  1 11 37 55  9 31 13 30  7 35 62 61 40 61  4
 18 49 44 62 27 50 41 55  8 30 56 53 41 61 61 37  7 61 37 48 22 20 45 31
  0 30 31 31 27 62 60 62 11  4 44  4 38 61 61  4]",True,True,0.9375,0.90625,"[np.int64(8), np.int64(55), np.int64(41), np.int64(10), np.int64(18), np.int64(0), np.int64(62), np.int64(48), np.int64(15), np.int64(1), np.int64(13), np.int64(37), np.int64(1), np.int64(28), np.int64(56), np.int64(49), np.int64(28), np.int64(61), np.int64(4), np.int64(0), np.int64(2), np.int64(59), np.int64(19), np.int64(57), np.int64(24), np.int64(52), np.int64(50), np.int64(58), np.int64(33), np.int64(48), np.int64(10), np.int64(5), np.int64(4), np.int64(7), np.int64(47), np.int64(46), np.int64(0), np.int64(56), np.int64(27), np.int64(42), np.int64(50), np.int64(14), np.int64(62), np.int64(1), np.int64(45), np.int64(5), np.int64(7), np.int64(53), np.int64(30), np.int64(5), np.int64(6), np.int64(51), np.int64(12), np.int64(9), np.int64(26), np.int64(4), np.int64(36), np.int64(17), np.int64(38), np.int64(19), np.int64(38), np.int64(7), np.int64(13), np.int64(17)]","[np.int64(31), np.int64(59), np.int64(20), np.int64(56), np.int64(25), np.int64(6), np.int64(14), np.int64(46), np.int64(8), np.int64(3), np.int64(32), np.int64(13), np.int64(3), np.int64(15), np.int64(15), np.int64(6), np.int64(19), np.int64(40), np.int64(43), np.int64(18), np.int64(54), np.int64(21), np.int64(36), np.int64(20), np.int64(1), np.int64(42), np.int64(41), np.int64(56), np.int64(56), np.int64(31), np.int64(49), np.int64(50), np.int64(10), np.int64(25), np.int64(52), np.int64(24), np.int64(37), np.int64(37), np.int64(36), np.int64(24), np.int64(13), np.int64(50), np.int64(48), np.int64(48), np.int64(50), np.int64(27), np.int64(43), np.int64(44), np.int64(52), np.int64(43), np.int64(36), np.int64(12), np.int64(28), np.int64(51), np.int64(39), np.int64(54), np.int64(16), np.int64(53), np.int64(29), np.int64(24), np.int64(23), np.int64(62), np.int64(5), np.int64(28)]",False,False,0.0,0.0,"[11 62 45 38  1 25 61 38 42 49 11 37 55  9 17 13 30  7 29 62 61 40 61 63
 18 60 44 62 27 50 41 55  8 30 17 53 41 61 61 44 45 61 37 48 22 20 45 26
  0 30 45  5  7 62 60 62  1  4 44 47 38 61 61  2]","[11 37 45 16  1 25 61 38 42  1 11 37 55  9 17 13 30  9 35 62 61 40 61 60
 18 60 44 62 27 50 41  1 59 30 17 53 41 61 61 22  7 61 37 48 22 20 42 26
  0 30 45 16  7 62 16 62  1  4 44  4 38 61 61  2]",True,True,0.859375,0.953125,"[48 62 45 38 23 25 61 38 42  1 11 53 55 49 17 13 56  7 29 62 61 40 61 60
 18 49 44 62 27 50 22 55 59  7 56 53 41 61 61 22  7 61 37 48 22 20 45 28
  0 25 45 31  4 41 16 62 11 47 44  4 38 61 61 35]","[11 31 63 38  1 25 61 52 42 49 11 37 55  9 31 13 51 34 35 53 61 26 61 63
 18 49 44 62 47 50 22 11  8  7 17 53 41 61 61 21 45 61 37 48 22 20 16 28
  0 25 31 31  4 62 16 62  1  4 44 47 23 61 61 35]",False,False,0.0625,0.140625,0.04,1.0,1.0,1,1,25,0.04,1.0,1.0,1,1,25,1.0,0.0,0.0,25,0,0,1.0,0.0,0.0,25,0,0,1.0,0.72,0.72,25,18,18,1.0,1.0,1.0,25,25,25,1.0,0.08,0.08,25,2,2,1.0,0.16,0.16,25,4,4
[0.500999   0.         1.00049988 ... 0.         1.00049988 0.500999  ],"[14 37 21  8 37 26 19 16 60 37 59 27 53  2 35 56 35 53 41 53 46 60 19  9
 37 36 27 21 53 27 14  4 27 25  9 60  2 60 24 20  8 21  8 35 42 43 35 37
 30 40 46  9 40 37 40 61  9 21 61 14 60  8 38 57]","[24 37 21  8 37 26 19 30 60 37  0 63 53  2 35 29 35 53 41 53  3 60 19  9
 37 36 42 21 53 63  4  4 53  5  9 60  2 60 24 20  8 21  8 35 42 36 35 37
 30 24  2 41 40 37 40 61  9 21 61  0 60  8 38 42]",True,True,0.9375,0.90625,"[np.int64(29), np.int64(30), np.int64(7), np.int64(48), np.int64(6), np.int64(13), np.int64(2), np.int64(40), np.int64(15), np.int64(35), np.int64(8), np.int64(16), np.int64(53), np.int64(47), np.int64(10), np.int64(49), np.int64(60), np.int64(49), np.int64(56), np.int64(56), np.int64(13), np.int64(15), np.int64(18), np.int64(29), np.int64(15), np.int64(34), np.int64(30), np.int64(49), np.int64(32), np.int64(40), np.int64(42), np.int64(38), np.int64(24), np.int64(63), np.int64(2), np.int64(18), np.int64(46), np.int64(40), np.int64(36), np.int64(7), np.int64(28), np.int64(50), np.int64(59), np.int64(60), np.int64(28), np.int64(15), np.int64(18), np.int64(33), np.int64(50), np.int64(44), np.int64(59), np.int64(28), np.int64(2), np.int64(16), np.int64(30), np.int64(6), np.int64(16), np.int64(25), np.int64(16), np.int64(29), np.int64(60), np.int64(23), np.int64(15), np.int64(30)]","[np.int64(3), np.int64(28), np.int64(63), np.int64(33), np.int64(39), np.int64(21), np.int64(25), np.int64(38), np.int64(44), np.int64(16), np.int64(26), np.int64(21), np.int64(37), np.int64(8), np.int64(14), np.int64(38), np.int64(43), np.int64(33), np.int64(62), np.int64(34), np.int64(62), np.int64(10), np.int64(32), np.int64(55), np.int64(4), np.int64(17), np.int64(25), np.int64(20), np.int64(61), np.int64(9), np.int64(10), np.int64(16), np.int64(60), np.int64(17), np.int64(5), np.int64(4), np.int64(40), np.int64(20), np.int64(25), np.int64(57), np.int64(13), np.int64(50), np.int64(37), np.int64(61), np.int64(29), np.int64(40), np.int64(5), np.int64(20), np.int64(48), np.int64(14), np.int64(38), np.int64(57), np.int64(21), np.int64(21), np.int64(32), np.int64(59), np.int64(4), np.int64(22), np.int64(13), np.int64(15), np.int64(8), np.int64(61), np.int64(37), np.int64(52)]",False,False,0.0,0.0,"[31 37 21  8 37 26 28 16 60 37  0 63 53  2 35 29 35 59 16 50 16 60 19 30
 37 36 27 21 42 27 47  4 27 25  9 60 59 60 24 38 35 21  8 35 42 43 35 37
 52 16 10  9 40 37 40 61  9 21 61 10 60  8 38 42]","[54 37 21  8 37 26 19 30 60 37  0 27 53  2 35 29 20 53 41 53  3 60 19  9
 37 36 42 21 53 27 61 30 53  5 13 60 32 60 36 20  8 21 21  9 42 36 20 37
 52 16  2 41 20 37 40 61 39 21 61 17 60  8 38 42]",True,True,0.859375,0.953125,"[10 37 21 53 37 26 19 23 60 37  0 15 53  2  0 29 35  7 53 50  3 60 19  9
 37 36 27 21 63 45 31  4 53 25  9 60 59 60 36 38  8 21  8 35  4 36 35 37
 52 40 51 41 40 57 32 61  9 21 61 19 60 14 38 42]","[24 37 46  8 37 26 19 23 60 37  0 63 19  2 35 29 35 59 41 12 16 60 19 31
 37 36 42 21 42 63  4 23 36 25  9 60  2 60 39 56  8 21 44 35 23 36  2 37
 45 40 20 41 40 37 40 61  9 21 45 17 60 30 38 44]",False,False,0.0625,0.140625,0.04,1.0,1.0,1,1,25,0.04,1.0,1.0,1,1,25,1.0,0.0,0.0,25,0,0,1.0,0.0,0.0,25,0,0,1.0,0.96,0.96,25,24,24,1.0,1.0,1.0,25,25,25,1.0,0.08,0.08,25,2,2,1.0,0.04,0.04,25,1,1
[0.500999 0.       0.500999 ... 0.       0.       0.      ],"[ 2  9 60 23 29 49 35 29 37 37 52 32  5 49 26 18 45 35  8 54  8 20 33 20
 18 48  8 42 24 51 39 17 39 20 40  8 23 37  9 26 18 50 35 33 32 51 50 51
 50  8  9  9 55 23 51 20 61  6 21 21 35  1 50 58]","[ 2  9 24 22 29 49 35 29 37 37 52 32 36 49 26 18 45 27  8 54  8 20 33 20
 18 56  8 33 24 51 24 40 27 20 40  8 62 37  9 26 18 50 50 33 32 51 50 51
 50  8  9  9 30 15 51 20 61  6 31 21 20  1 14 58]",True,True,0.9375,0.90625,"[np.int64(8), np.int64(32), np.int64(15), np.int64(61), np.int64(2), np.int64(12), np.int64(43), np.int64(34), np.int64(0), np.int64(62), np.int64(54), np.int64(12), np.int64(26), np.int64(19), np.int64(23), np.int64(63), np.int64(9), np.int64(39), np.int64(29), np.int64(23), np.int64(4), np.int64(37), np.int64(31), np.int64(4), np.int64(14), np.int64(26), np.int64(26), np.int64(24), np.int64(11), np.int64(29), np.int64(9), np.int64(22), np.int64(44), np.int64(28), np.int64(41), np.int64(47), np.int64(27), np.int64(61), np.int64(35), np.int64(2), np.int64(41), np.int64(56), np.int64(24), np.int64(3), np.int64(39), np.int64(34), np.int64(54), np.int64(46), np.int64(0), np.int64(17), np.int64(44), np.int64(55), np.int64(20), np.int64(44), np.int64(43), np.int64(40), np.int64(6), np.int64(5), np.int64(56), np.int64(9), np.int64(40), np.int64(51), np.int64(14), np.int64(32)]","[np.int64(63), np.int64(52), np.int64(12), np.int64(18), np.int64(52), np.int64(46), np.int64(1), np.int64(42), np.int64(24), np.int64(20), np.int64(38), np.int64(17), np.int64(5), np.int64(62), np.int64(44), np.int64(9), np.int64(11), np.int64(32), np.int64(6), np.int64(24), np.int64(54), np.int64(22), np.int64(3), np.int64(35), np.int64(49), np.int64(19), np.int64(61), np.int64(40), np.int64(35), np.int64(54), np.int64(30), np.int64(11), np.int64(14), np.int64(29), np.int64(31), np.int64(63), np.int64(23), np.int64(23), np.int64(54), np.int64(41), np.int64(29), np.int64(48), np.int64(55), np.int64(23), np.int64(0), np.int64(19), np.int64(54), np.int64(15), np.int64(60), np.int64(1), np.int64(33), np.int64(44), np.int64(29), np.int64(11), np.int64(13), np.int64(63), np.int64(37), np.int64(19), np.int64(1), np.int64(63), np.int64(59), np.int64(45), np.int64(14), np.int64(60)]",False,False,0.0,0.0,"[ 2  9 60 48 29 49 35 29 37 37 52 32 36 49 42 18 47 39  8 54  8 45  5 20
 18 37  8 33 24 51 15 17 39 55  7  8 23 37  9 26 14 50 23 56 32 51 50 51
 50  8  9  9 29 15 51 20 62  6 19 21 20  1 50 58]","[ 2  9 60 22 29 49 35 29 37 37 52 32  5 49 42 18 45 23  8 54  8 20  5 20
 18 56  8 42 24 51 15 40 39 50 40  8 23 37  9 26 18 50 54 56 32 51 50 14
 50  8  9  9 30 15 51 20 61  6 31 21 35  1 50 58]",False,True,0.859375,0.953125,"[ 2  9 24 23 29 49  2 34 37 37 52 32  5 49 26 18 47 35  8 54  8 20 33 42
 62 48  8 33 24 52 24 43 56 20 40  8 62 37  9 26 14  6 50 56 32 21 50 51
  5  8 41  9 55 15 51 33 43 13 19 21 20  6 55 58]","[ 2  9 24 22 29 22 35 29 37 37 52 32  5  3 47 18 47 23  8 54  8 20 33 42
 62 48  8 33 24 52 52 40 39 20  7  8 62 37 18 26 18  6 54 33 32 51 50 14
 25  8  9 47 29 23 51 62 62  6 19 21 35  1 14 58]",False,False,0.0625,0.140625,0.04,1.0,1.0,1,1,25,0.04,1.0,1.0,1,1,25,1.0,0.0,0.0,25,0,0,1.0,0.0,0.0,25,0,0,1.0,0.92,0.92,25,23,23,1.0,1.0,1.0,25,25,25,1.0,0.04,0.04,25,1,1,1.0,0.0,0.0,25,0,0
[1.00049988 0.         0.         ... 0.         0.         0.        ],"[35 24 16 50 37 22 63  8 45 38  2 51 28 13 37 53 43 43 16  8 14  3 54 14
 13 37 37 34 13 16 43 28 35 13 24 51 38 13 37 38  1 26 27 13 26 13 59 30
 22 50 33 37 54 24 33 59 63 59  7 33  1 59 17 24]","[35 33 59 50 43 22 63  8 45 38 11  8 33 13 37 53 43 43 15  8  1  3 54 36
 13 45 37 12 13 16 43 28 35 13 24 31 16 13 37 12  1 26 27 13 29 13 59 30
 40 50 33 37  1 24 45 25 63 59  7 33  1 59 17 24]",True,True,0.9375,0.90625,"[np.int64(11), np.int64(3), np.int64(7), np.int64(12), np.int64(5), np.int64(22), np.int64(45), np.int64(37), np.int64(46), np.int64(55), np.int64(17), np.int64(40), np.int64(14), np.int64(22), np.int64(11), np.int64(63), np.int64(48), np.int64(25), np.int64(9), np.int64(62), np.int64(9), np.int64(3), np.int64(7), np.int64(24), np.int64(13), np.int64(58), np.int64(42), np.int64(14), np.int64(19), np.int64(57), np.int64(62), np.int64(53), np.int64(14), np.int64(35), np.int64(37), np.int64(46), np.int64(27), np.int64(18), np.int64(30), np.int64(25), np.int64(16), np.int64(57), np.int64(3), np.int64(3), np.int64(59), np.int64(28), np.int64(56), np.int64(27), np.int64(61), np.int64(38), np.int64(42), np.int64(60), np.int64(32), np.int64(8), np.int64(48), np.int64(37), np.int64(45), np.int64(40), np.int64(32), np.int64(4), np.int64(8), np.int64(12), np.int64(49), np.int64(0)]","[np.int64(29), np.int64(28), np.int64(52), np.int64(4), np.int64(31), np.int64(39), np.int64(6), np.int64(12), np.int64(11), np.int64(11), np.int64(51), np.int64(52), np.int64(14), np.int64(33), np.int64(21), np.int64(38), np.int64(46), np.int64(4), np.int64(8), np.int64(45), np.int64(33), np.int64(12), np.int64(24), np.int64(58), np.int64(37), np.int64(13), np.int64(30), np.int64(43), np.int64(26), np.int64(32), np.int64(24), np.int64(14), np.int64(13), np.int64(48), np.int64(26), np.int64(34), np.int64(62), np.int64(8), np.int64(23), np.int64(37), np.int64(44), np.int64(56), np.int64(63), np.int64(21), np.int64(38), np.int64(33), np.int64(31), np.int64(3), np.int64(2), np.int64(23), np.int64(6), np.int64(2), np.int64(25), np.int64(42), np.int64(39), np.int64(50), np.int64(50), np.int64(19), np.int64(8), np.int64(26), np.int64(43), np.int64(55), np.int64(27), np.int64(53)]",False,False,0.0,0.0,"[21 24 57 50 37 22 38 54 31 38  2  8 28 13 54 25 43 43 15 54 14  3 54 36
 13 45 37 12 13 52 43 28 35 13 24 31 38 13 37 12  4 27 27 13 26 13 59 30
 22 50 33 37 54 24 33 25 50 59 41 33 61 59 17 24]","[35 33 59 50 37 22 38 54 45 38 11  8 33 13 37 17 43 43 39  8 30  0 54 14
 13 45 37 12 13  9 43  8 35 13 24 49 23 13 37 38  1 26 27 13 26 13 59 30
 40 50 33 37  1 43 45 25 27 59  7 33 61 59 17 24]",True,True,0.859375,0.953125,"[35 33 59 50 43 22 63 54 59 17 11  8 28 13 37 53 43 43 15 47 30  3  5 36
 13 15 37 34 13 52 43  8 62 13 24 51 38 13 53 38  4 27 27 13 46 13 59 58
 22 50 33 11  1 31 45 25 63 59 47 51 61 60 17 24]","[35 33  7 50 43 22 63  8 31 38  2  8 28 13 20 17 43 43 16 54  1  0 54  9
 13 45 14 12 13  9 43 28 35 13 24 32 23 13 37 18  4 58 27 13 29 13 59 30
 22 50 33 14  1 24 33 59 27 59  7  8 61 59 32 24]",False,False,0.0625,0.140625,0.04,1.0,1.0,1,1,25,0.04,1.0,1.0,1,1,25,1.0,0.0,0.0,25,0,0,1.0,0.0,0.0,25,0,0,1.0,0.96,0.96,25,24,24,1.0,1.0,1.0,25,25,25,1.0,0.16,0.16,25,4,4,1.0,0.12,0.12,25,3,3
[0.500999 0.       0.500999 ... 0.       0.       0.      ],"[15 29 51 29 62 29  1 60 49 20 49 34 28  5  5 13 49 30 44 37 58 49  3 57
 62 13 36  3 55 29 37 17  6 62 49 55  5 51 14 12 33 54 36 39 36  9 33 49
  7  5 15 55  1  8 27 29 58 23  1 51  3 58  1 26]","[32 29 51 29 62 29  1 60 13 10 49 61 28  5  5 44 26 30 44 37 58 49  3 57
 62 13 60  3 55 29 37 17  6 51 14 55  5 51 14 24 33 24 44 39 51  9 33 49
  7  5  9 55  1  8 27 29 58 24  1 51  1 35  1 26]",False,True,0.9375,0.90625,"[np.int64(48), np.int64(1), np.int64(23), np.int64(22), np.int64(30), np.int64(13), np.int64(51), np.int64(59), np.int64(39), np.int64(25), np.int64(20), np.int64(35), np.int64(18), np.int64(51), np.int64(9), np.int64(12), np.int64(61), np.int64(56), np.int64(60), np.int64(42), np.int64(17), np.int64(63), np.int64(6), np.int64(22), np.int64(27), np.int64(40), np.int64(42), np.int64(2), np.int64(38), np.int64(3), np.int64(23), np.int64(55), np.int64(15), np.int64(41), np.int64(0), np.int64(14), np.int64(28), np.int64(38), np.int64(23), np.int64(45), np.int64(35), np.int64(21), np.int64(21), np.int64(49), np.int64(21), np.int64(51), np.int64(14), np.int64(40), np.int64(1), np.int64(37), np.int64(58), np.int64(52), np.int64(56), np.int64(60), np.int64(21), np.int64(58), np.int64(1), np.int64(17), np.int64(43), np.int64(58), np.int64(15), np.int64(57), np.int64(15), np.int64(11)]","[np.int64(22), np.int64(57), np.int64(48), np.int64(2), np.int64(61), np.int64(42), np.int64(25), np.int64(19), np.int64(8), np.int64(32), np.int64(53), np.int64(55), np.int64(29), np.int64(33), np.int64(63), np.int64(37), np.int64(3), np.int64(48), np.int64(4), np.int64(1), np.int64(63), np.int64(12), np.int64(46), np.int64(13), np.int64(24), np.int64(19), np.int64(60), np.int64(20), np.int64(62), np.int64(25), np.int64(23), np.int64(29), np.int64(3), np.int64(32), np.int64(62), np.int64(33), np.int64(51), np.int64(29), np.int64(21), np.int64(13), np.int64(39), np.int64(26), np.int64(36), np.int64(52), np.int64(39), np.int64(39), np.int64(38), np.int64(21), np.int64(63), np.int64(18), np.int64(32), np.int64(21), np.int64(19), np.int64(59), np.int64(58), np.int64(5), np.int64(32), np.int64(7), np.int64(5), np.int64(43), np.int64(16), np.int64(62), np.int64(26), np.int64(4)]",False,False,0.0,0.0,"[ 2 29  7 29 61 29  1 13 49 20 49 61 28  5  5 13 49 30 44 37 58 49  3  5
 62  7 27  3 55 29 37 17  6 51 14 55  5 51 34 24 33 42 44 39 61 41 33 49
  7  5 15 55  1  8 41 29 58 24  1 51  1 47  1 44]","[61 29 51 29 61 29  1 13 15 25 12 34 28  5  5 13 26 30 44 37 58 49  3  5
 26 13 60  3 55 29 37 17  6 51 14 55  5 51 14 44 33 42 44 39 51  9 33  8
  7  5 15 55  1  8 41 29 22 23  1 51  3 35  1 44]",False,True,0.859375,0.953125,"[32 29 51 29 62 29  1  2 15 20 49 34 28  5  5 13 49 30 44 37 58 49  3  5
 62  9 36  3 55 29 37 17  6 62 14 55  5 51 14 12 33 54 36 48 51  9 33  8
 43  5 15 55  1  8 48 29 22 23  1 51  1 58  1 32]","[ 2 29  7 29 62 29  1 60 49 45 49 63 28  5  5 44 26 30 44 37 58 49  3 57
 39 15 60  3 55 29 37 17  0 51 49 61  5 51 14 24 33 54 44 39 51  9 33 61
  7  5 15 55  1  8 48 29 22 23 61 51  1 35  1 44]",False,False,0.0625,0.140625,0.04,0.0,0.0,1,0,0,0.04,1.0,1.0,1,1,25,1.0,0.0,0.0,25,0,0,1.0,0.0,0.0,25,0,0,1.0,0.36,0.36,25,9,9,1.0,0.56,0.56,25,14,14,1.0,0.0,0.0,25,0,0,1.0,0.0,0.0,25,0,0
[0.       0.       0.       ... 0.       0.       0.500999],"[11 34 46  8 46 49 35 49  4  5 46 15 11 61 36 35 34 33 25 39 57 62 55 27
 34 39 24 53 35 52 26 54 19 53 46 46 39  5 28 46 13 23 24 28 52 55 46 49
 56 39 33 38 19 35 10 39 24 53 22  5 12 54 53 37]","[11 34 46  8 46 49 35 49  4 50 46 15 11 61 36 35 34 26 25 39 42 62 55 27
 34 36 24 53 35 52 26 54 19 53 46 46  4  5 14 46 13 23 24 49 59 55 46 49
 56 39 26 38 19 35 10 39 24 53 22 26 30 16 53 37]",True,True,0.9375,0.90625,"[np.int64(4), np.int64(37), np.int64(31), np.int64(29), np.int64(46), np.int64(49), np.int64(13), np.int64(54), np.int64(15), np.int64(35), np.int64(18), np.int64(55), np.int64(25), np.int64(31), np.int64(45), np.int64(22), np.int64(60), np.int64(18), np.int64(46), np.int64(37), np.int64(55), np.int64(2), np.int64(47), np.int64(48), np.int64(37), np.int64(12), np.int64(40), np.int64(53), np.int64(16), np.int64(2), np.int64(28), np.int64(27), np.int64(1), np.int64(22), np.int64(15), np.int64(13), np.int64(33), np.int64(45), np.int64(2), np.int64(37), np.int64(51), np.int64(29), np.int64(6), np.int64(3), np.int64(29), np.int64(57), np.int64(3), np.int64(61), np.int64(53), np.int64(11), np.int64(50), np.int64(6), np.int64(30), np.int64(43), np.int64(56), np.int64(55), np.int64(5), np.int64(0), np.int64(25), np.int64(9), np.int64(33), np.int64(36), np.int64(28), np.int64(50)]","[np.int64(32), np.int64(1), np.int64(34), np.int64(24), np.int64(0), np.int64(29), np.int64(51), np.int64(19), np.int64(31), np.int64(9), np.int64(47), np.int64(49), np.int64(61), np.int64(11), np.int64(41), np.int64(57), np.int64(23), np.int64(41), np.int64(31), np.int64(14), np.int64(57), np.int64(1), np.int64(63), np.int64(16), np.int64(21), np.int64(57), np.int64(34), np.int64(55), np.int64(17), np.int64(54), np.int64(54), np.int64(53), np.int64(52), np.int64(36), np.int64(10), np.int64(29), np.int64(59), np.int64(5), np.int64(38), np.int64(49), np.int64(12), np.int64(16), np.int64(34), np.int64(49), np.int64(29), np.int64(1), np.int64(2), np.int64(2), np.int64(26), np.int64(57), np.int64(6), np.int64(25), np.int64(21), np.int64(27), np.int64(27), np.int64(61), np.int64(14), np.int64(46), np.int64(2), np.int64(15), np.int64(13), np.int64(3), np.int64(8), np.int64(18)]",False,False,0.0,0.0,"[11 52 46  8 46 59 35 49  4 17 46 15 11 11 24 25 34 33 32 39 57 62 55 27
 34 39 24 16 35 52 26 54 19 53 46 46  2  5 14 46 13 23  7 53 59 55 46 49
 45 19 33 38 19 35 10 39 24 53 22 18 51 16 13 37]","[11 61 46  8 46 49 35 49  4 50 46 15 11 62 36 35 19 33 25 39 42 62 51 27
 34 36 32 16 35 52 26 54 19 11 46 46  4  5 16 46 13 23 24 53 52  7 46 49
 56 19 33 38 19 35 10 39 24 53 22 18 12 16 53 37]",True,True,0.859375,0.953125,"[11  7 46  8 46 59 35 49  4  5 46 47 11 62 27 53 19 47 32 39 57 62 55 57
 34 15 24 53 35 52 26 54 18 50 46 46 39  5 28 46 30 23  7 28 59  7 46 49
 45 39 33 38 19 15 10 39 24 53 22 22 30 54 53 37]","[11 34 46  8 46 49 35  6  4 17 46 15 11 61 36 35 34 33 25 49 57 62 51 27
 36 36 32 23 35 48 26 54 18 53 46 46  4  5 28 46 13 23  7 49 59 55 46 17
 56 39 26 38 19 49 10 22 24 53 22  5 30 16 53 37]",False,False,0.0625,0.140625,0.04,1.0,1.0,1,1,25,0.04,1.0,1.0,1,1,25,1.0,0.0,0.0,25,0,0,1.0,0.0,0.0,25,0,0,1.0,0.76,0.76,25,19,19,1.0,1.0,1.0,25,25,25,1.0,0.12,0.12,25,3,3,1.0,0.04,0.04,25,1,1
[0.         0.         0.         ... 0.         0.70781353 0.        ],"[43 28 16 58 53  2 63  4 53 26  2 19 47  4 36 53 59 59 20 59 16 35 48 18
 63 14 16 47 16 30 36 43 36  8 46 27 19 22  5 62 28 13 32 53 53 56 26 16
 59 48 22 17  4 59 14 44  2 46 22 59 36 56 26  2]","[43 15 16 56 53  2 56  4 53 26  4 19 47  4 36 53 59 59 28 59 16 35 48 18
  3 14 16  4 16 30 36 43 36  8 46 27 19 22  5 62 28  3 33 53 53 56 26 16
 59 48 28 17  4 59 14 10  2 52  4 59 36 56 31  2]",True,True,0.9375,0.90625,"[np.int64(12), np.int64(31), np.int64(8), np.int64(8), np.int64(61), np.int64(40), np.int64(26), np.int64(60), np.int64(10), np.int64(32), np.int64(38), np.int64(59), np.int64(28), np.int64(25), np.int64(2), np.int64(3), np.int64(20), np.int64(48), np.int64(17), np.int64(21), np.int64(26), np.int64(33), np.int64(3), np.int64(26), np.int64(10), np.int64(37), np.int64(32), np.int64(45), np.int64(31), np.int64(60), np.int64(34), np.int64(45), np.int64(21), np.int64(9), np.int64(53), np.int64(19), np.int64(43), np.int64(1), np.int64(21), np.int64(14), np.int64(53), np.int64(12), np.int64(7), np.int64(24), np.int64(6), np.int64(42), np.int64(20), np.int64(40), np.int64(31), np.int64(25), np.int64(4), np.int64(28), np.int64(60), np.int64(57), np.int64(36), np.int64(45), np.int64(16), np.int64(13), np.int64(4), np.int64(22), np.int64(52), np.int64(32), np.int64(55), np.int64(10)]","[np.int64(32), np.int64(32), np.int64(53), np.int64(34), np.int64(8), np.int64(26), np.int64(9), np.int64(17), np.int64(27), np.int64(5), np.int64(22), np.int64(59), np.int64(51), np.int64(47), np.int64(59), np.int64(25), np.int64(48), np.int64(41), np.int64(7), np.int64(52), np.int64(15), np.int64(46), np.int64(23), np.int64(59), np.int64(49), np.int64(54), np.int64(15), np.int64(4), np.int64(10), np.int64(52), np.int64(16), np.int64(26), np.int64(8), np.int64(6), np.int64(1), np.int64(0), np.int64(33), np.int64(22), np.int64(17), np.int64(4), np.int64(11), np.int64(0), np.int64(61), np.int64(52), np.int64(0), np.int64(49), np.int64(51), np.int64(47), np.int64(56), np.int64(36), np.int64(49), np.int64(31), np.int64(5), np.int64(36), np.int64(16), np.int64(45), np.int64(14), np.int64(13), np.int64(13), np.int64(38), np.int64(31), np.int64(31), np.int64(9), np.int64(0)]",False,False,0.0,0.0,"[ 9 15 16 56 53  2 37  8 53 13  2 19 47  4 36 53 59 59 20 59  2 35 36 18
 50 14 16  4 16 30  2 11 36  8 46 40 19 22  5  6 28  3 32 53 53 56 26 16
 59 48 28 17  4 59  1 44 15 46  4 59 36 56 31  2]","[43 15 16 60 53 37 60  4 53 13  4 19 42  4 36 53 59 59 60 59 16 35 36 18
 50 57 14  7 43 30 36 11 36  8 46 40 19 22  5  6 28 13 33 53 53 56  7 16
 59 48  8 17  4 59 31 44 60 52  4 59 36 32 31  2]",True,True,0.859375,0.953125,"[63 10 16 60 36  2 37  8 50 27  2 19 13 41 36 53 59 59 40 59 16 35 48 18
  3 29 16 47 16 30 36 11 42  8 46 27 19 44  5 62 51 13 32 53 53 56 50 16
 59 48 22 17 26 59 14  3 15 46  4 59 49 32 31  2]","[43 28 56 56 53 37 37  4 53 13  4 31 63  4 36 53 59 59 20 59 16 35 36 18
  3 14 16  4 16 25 26 11 36  8 46 40 19 44  5 62 51 13 33 53 53 56 31 16
 59 48  8 17  4 59 14 30 15 52  4 59 56 56 31  2]",False,False,0.0625,0.140625,0.04,1.0,1.0,1,1,25,0.04,1.0,1.0,1,1,25,1.0,0.0,0.0,25,0,0,1.0,0.0,0.0,25,0,0,1.0,0.96,0.96,25,24,24,1.0,1.0,1.0,25,25,25,1.0,0.04,0.04,25,1,1,1.0,0.0,0.0,25,0,0
[0.         0.         0.70781353 ... 0.         0.         0.        ],"[14 52 32 54  1 11 52 34 34 15 61 15 53 48 11 24 18  8 48 24 19 37 59 44
 54  5  1  1 20 62 62 50 53 18 19  1 50 14 20 13 24 11 13 48 61 11 37 39
 50 59  3 12 24 24 54 45  1  1 34 15 59 48 19 37]","[16 11 32 54  9 11 20 34 26 15 27 15 53 48 11 24 18 10 48 24 19 25 59 21
 54 18  1  1 20  9 62 50 50 18 19  1 50 13 20 13 24 11  4 48 61 11 42 39
 50 31  3 12 24 24 54  5  1  1 31 15 59 48 19 16]",True,True,0.9375,0.90625,"[np.int64(9), np.int64(2), np.int64(43), np.int64(54), np.int64(0), np.int64(8), np.int64(57), np.int64(29), np.int64(34), np.int64(18), np.int64(59), np.int64(17), np.int64(33), np.int64(60), np.int64(26), np.int64(9), np.int64(55), np.int64(52), np.int64(60), np.int64(6), np.int64(18), np.int64(60), np.int64(9), np.int64(61), np.int64(22), np.int64(13), np.int64(14), np.int64(63), np.int64(3), np.int64(48), np.int64(55), np.int64(5), np.int64(48), np.int64(55), np.int64(5), np.int64(52), np.int64(21), np.int64(2), np.int64(4), np.int64(4), np.int64(19), np.int64(17), np.int64(42), np.int64(0), np.int64(57), np.int64(57), np.int64(57), np.int64(47), np.int64(44), np.int64(51), np.int64(21), np.int64(13), np.int64(6), np.int64(6), np.int64(30), np.int64(56), np.int64(63), np.int64(26), np.int64(52), np.int64(56), np.int64(6), np.int64(21), np.int64(24), np.int64(3)]","[np.int64(11), np.int64(42), np.int64(15), np.int64(20), np.int64(47), np.int64(8), np.int64(2), np.int64(28), np.int64(63), np.int64(45), np.int64(30), np.int64(62), np.int64(18), np.int64(7), np.int64(39), np.int64(13), np.int64(3), np.int64(49), np.int64(47), np.int64(36), np.int64(5), np.int64(19), np.int64(1), np.int64(6), np.int64(24), np.int64(57), np.int64(62), np.int64(25), np.int64(15), np.int64(46), np.int64(12), np.int64(37), np.int64(34), np.int64(61), np.int64(54), np.int64(48), np.int64(1), np.int64(37), np.int64(20), np.int64(57), np.int64(0), np.int64(32), np.int64(24), np.int64(28), np.int64(16), np.int64(52), np.int64(30), np.int64(53), np.int64(1), np.int64(59), np.int64(4), np.int64(45), np.int64(27), np.int64(54), np.int64(12), np.int64(41), np.int64(42), np.int64(29), np.int64(49), np.int64(60), np.int64(11), np.int64(10), np.int64(17), np.int64(3)]",False,False,0.0,0.0,"[21  4 22 54  9 11 52 34 34 15 60 40 53 48 11 24 18 10 48 24 19 37 59 44
 54  5 22  1 20 38 60 50 50 17 48  4 50 56 43 13 24 11  4 48 61 60 37 39
 11 31  3 27 24 24 54 45 41  1 16 19 59 10 48 37]","[14  4 25 54  9 11 52 34 26 15 35 15 53 48 11 24 18 13 29 24 19 25 59 21
 54  5 20 29 20  9 62 50 50 17 19 12 50 13 20 13 24 11  4  6 61 11 42 39
 50 59  3 12 24 24 54  5 41  1 35 15 59  8 19 37]",True,True,0.859375,0.953125,"[14 26 22 54 35 11 52 34 26 15 35 15 53 45 11 24 18 22 48 24 31 37 59 44
 54  5 20 51 20  9 60 50  2 18  7  4 62 13 29 13 24 11 13 32 61 13 42 39
 18 59 32 12 24 24 54 45  1  1 34 15 30 41 36 37]","[14 52 22 54  9 11 52 34 34 15 35 40 53 48 11 24 18 13 29 24 19 37 59 21
 54 18 20 29 20  9 38 50 50 18 48 36 35 13 29 13 24 11 13 48 61 49 42 39
 50 59  3 12  6 24 54 45 41  1 31 60 49 41 19 16]",False,False,0.0625,0.140625,0.04,1.0,1.0,1,1,25,0.04,1.0,1.0,1,1,25,1.0,0.0,0.0,25,0,0,1.0,0.0,0.0,25,0,0,1.0,0.88,0.88,25,22,22,1.0,1.0,1.0,25,25,25,1.0,0.04,0.04,25,1,1,1.0,0.08,0.08,25,2,2
[0.500999   0.         0.         ... 0.         0.         1.00049988],"[ 5 52 49 44  2 14 25 47 46 38 43 46 48 33 29 27 46 62 50 50 22 28  1 20
 16 39 27  2 39 52 28 36 47 54 33 36 39 38 14 29 28 53 49 17 29  5  1 46
 62  1 56  5 52 39 14 62 49 55 14  2 59 45 14 58]","[ 5 52 49 44  2 14 25 47 46 38 43 46 48 33 29 27 42 42 21 50 22 36  1 24
 16 39  6  2 39 52 28 36 47 42 33 42 39 38 14 29 28 53 49 17 29  5  1 46
 62  1 56  5 52 39 14 62 49 50 14  2 59 45 14 58]",True,True,0.9375,0.90625,"[np.int64(10), np.int64(27), np.int64(41), np.int64(60), np.int64(55), np.int64(27), np.int64(61), np.int64(53), np.int64(56), np.int64(56), np.int64(1), np.int64(58), np.int64(57), np.int64(23), np.int64(41), np.int64(35), np.int64(35), np.int64(11), np.int64(38), np.int64(38), np.int64(44), np.int64(15), np.int64(51), np.int64(11), np.int64(56), np.int64(10), np.int64(47), np.int64(54), np.int64(25), np.int64(29), np.int64(12), np.int64(12), np.int64(54), np.int64(16), np.int64(23), np.int64(7), np.int64(29), np.int64(12), np.int64(7), np.int64(11), np.int64(44), np.int64(9), np.int64(38), np.int64(36), np.int64(52), np.int64(18), np.int64(61), np.int64(4), np.int64(14), np.int64(62), np.int64(59), np.int64(56), np.int64(10), np.int64(16), np.int64(53), np.int64(45), np.int64(51), np.int64(29), np.int64(15), np.int64(27), np.int64(38), np.int64(8), np.int64(45), np.int64(20)]","[np.int64(27), np.int64(3), np.int64(35), np.int64(14), np.int64(20), np.int64(14), np.int64(61), np.int64(61), np.int64(17), np.int64(27), np.int64(16), np.int64(49), np.int64(17), np.int64(20), np.int64(47), np.int64(49), np.int64(8), np.int64(11), np.int64(9), np.int64(17), np.int64(60), np.int64(29), np.int64(33), np.int64(23), np.int64(49), np.int64(4), np.int64(6), np.int64(17), np.int64(9), np.int64(46), np.int64(7), np.int64(41), np.int64(34), np.int64(18), np.int64(27), np.int64(37), np.int64(3), np.int64(48), np.int64(28), np.int64(36), np.int64(46), np.int64(37), np.int64(63), np.int64(5), np.int64(32), np.int64(27), np.int64(7), np.int64(11), np.int64(13), np.int64(1), np.int64(50), np.int64(54), np.int64(19), np.int64(5), np.int64(41), np.int64(3), np.int64(21), np.int64(2), np.int64(5), np.int64(36), np.int64(28), np.int64(10), np.int64(13), np.int64(38)]",False,False,0.0,0.0,"[ 5 52 27 44  2 14 26 20 46 38 43 46 48 33 29 27 46 62  0 50 55 28  1 34
 25 39 27  0 14 52 28 25 17 54  3 63 62 38 14 14 28 51 38 17 29  5  1 62
 62  1 57  5 52 39 14 62 42 24 14 18 24 45 14 58]","[ 5 52 33 44 60 14 55 41 46 20 43 46 48 45 29 27 22 36 21 50 22 28  1  9
 16 39 27  2 39 52 28 36 17 54 33 36 39 38 14 29 25 53 33 17 29  8  1 62
 31  1 21 33 52 39 14 62 42 24 14 18 24 45 36 35]",True,True,0.859375,0.953125,"[18 52 33 44  2 14 25 20 45 45 43 56 57 33 29 27 42 58 21 50  9 28  1 34
 16 36 27 26 14 52 28 36 17 42 23 36 21 38  9 14 25 53 38 17 29  8  1 62
 62  1 21  5 52 39 14 20 42 55 14 18 24 45 36 58]","[18 52 33 44  2 14 55 47 46 20 43 56 48 33 29 27 42 42 50 50 22 36  1 24
 25 39  6 26 39 52 28 36 17 54  3 11 39 38 14 29 25 53 49 17 29  5 47 46
 12  1 21  5 52 39 14 62 49 55 14  2 24 57 54 58]",False,False,0.0625,0.140625,0.04,1.0,1.0,1,1,25,0.04,1.0,1.0,1,1,25,1.0,0.0,0.0,25,0,0,1.0,0.0,0.0,25,0,0,1.0,0.8,0.8,25,20,20,1.0,1.0,1.0,25,25,25,1.0,0.08,0.08,25,2,2,1.0,0.08,0.08,25,2,2
[0.500999   0.         0.         ... 0.         0.         1.00049988],"[ 5 52 49 44  2 14 25 47 46 38 43 46 48 33 29 27 46 62 50 50 22 28  1 20
 16 39 27  2 39 52 28 36 47 54 33 36 39 38 14 29 28 53 49 17 29  5  1 46
 62  1 56  5 52 39 14 62 49 55 14  2 59 45 14 58]","[ 5 52 49 44  2 14 25 47 46 38 43 46 48 33 29 27 42 42 21 50 22 36  1 24
 16 39  6  2 39 52 28 36 47 42 33 42 39 38 14 29 28 53 49 17 29  5  1 46
 62  1 56  5 52 39 14 62 49 50 14  2 59 45 14 58]",True,True,0.9375,0.90625,"[np.int64(59), np.int64(18), np.int64(62), np.int64(31), np.int64(9), np.int64(34), np.int64(39), np.int64(33), np.int64(25), np.int64(24), np.int64(34), np.int64(39), np.int64(13), np.int64(27), np.int64(20), np.int64(16), np.int64(24), np.int64(24), np.int64(48), np.int64(50), np.int64(46), np.int64(41), np.int64(42), np.int64(4), np.int64(58), np.int64(40), np.int64(47), np.int64(60), np.int64(1), np.int64(13), np.int64(63), np.int64(44), np.int64(45), np.int64(3), np.int64(23), np.int64(12), np.int64(62), np.int64(13), np.int64(50), np.int64(59), np.int64(11), np.int64(0), np.int64(29), np.int64(49), np.int64(30), np.int64(44), np.int64(25), np.int64(17), np.int64(51), np.int64(53), np.int64(33), np.int64(10), np.int64(38), np.int64(62), np.int64(4), np.int64(43), np.int64(9), np.int64(34), np.int64(37), np.int64(30), np.int64(6), np.int64(10), np.int64(10), np.int64(59)]","[np.int64(14), np.int64(56), np.int64(38), np.int64(49), np.int64(48), np.int64(51), np.int64(8), np.int64(51), np.int64(24), np.int64(14), np.int64(53), np.int64(45), np.int64(63), np.int64(43), np.int64(35), np.int64(5), np.int64(7), np.int64(18), np.int64(60), np.int64(34), np.int64(35), np.int64(59), np.int64(53), np.int64(33), np.int64(28), np.int64(7), np.int64(7), np.int64(50), np.int64(9), np.int64(36), np.int64(16), np.int64(20), np.int64(41), np.int64(29), np.int64(22), np.int64(4), np.int64(29), np.int64(8), np.int64(36), np.int64(32), np.int64(31), np.int64(43), np.int64(60), np.int64(49), np.int64(16), np.int64(48), np.int64(1), np.int64(20), np.int64(8), np.int64(38), np.int64(30), np.int64(2), np.int64(4), np.int64(23), np.int64(7), np.int64(4), np.int64(63), np.int64(4), np.int64(13), np.int64(54), np.int64(13), np.int64(49), np.int64(24), np.int64(56)]",False,False,0.0,0.0,"[ 5 52 49 44 18 14 55 47 46 38 43 46 57 45 29 27 46 62  0 50 22 18  1 24
 16 39  6  2 47 52 28 25 47 54  3 63 31 38 14 44 28 53 38 17 29  5  1 46
 62  1 56  5 52 39 14 57 49 24 14  2 24 45 54 58]","[ 5 52 49 44  2 14 26 47 46 38 43 35 48 33 29 27 46 42 59 50  9 36  1 24
 25 36 27  2 39 52 28 36 17 42 33 36 39 38 14 29 28 53 49 17 29  5  1 62
 62  1 18 41 52 39 14 20 42 24 14  2 59 45 14 35]",True,True,0.859375,0.953125,"[18 52 27 44 18 14 26 20 46 38 43 56 57 45 29 27 46 62 59 50 23 28  1 34
 25 39 27  0 21 52 28 25 47 42  3 36 39 38 42 29 28  7 49 23 29  8  1 28
 62 56 21 33 52 39 62 62 11 24 14  2  4 45 14 58]","[ 5 52 27 44 18 14 25 47 46 38 43 46 57 45 29 27 42 62 59 50  7 50  1 24
 16 39  6  0 39 52 28 36 47  2 23 42 39 38 14 29 28  7 49 17 29  5 16 62
 62  1 18  5 52 39 14 62 42 24 14  2 59 57 14 58]",False,True,0.0625,0.140625,0.04,1.0,1.0,1,1,25,0.04,1.0,1.0,1,1,25,1.0,0.0,0.0,25,0,0,1.0,0.0,0.0,25,0,0,1.0,0.96,0.96,25,24,24,1.0,1.0,1.0,25,25,25,1.0,0.04,0.04,25,1,1,1.0,0.08,0.08,25,2,2
[1.00049988 0.         0.         ... 0.         0.         0.        ],"[35 24 16 50 37 22 63  8 45 38  2 51 28 13 37 53 43 43 16  8 14  3 54 14
 13 37 37 34 13 16 43 28 35 13 24 51 38 13 37 38  1 26 27 13 26 13 59 30
 22 50 33 37 54 24 33 59 63 59  7 33  1 59 17 24]","[35 33 59 50 43 22 63  8 45 38 11  8 33 13 37 53 43 43 15  8  1  3 54 36
 13 45 37 12 13 16 43 28 35 13 24 31 16 13 37 12  1 26 27 13 29 13 59 30
 40 50 33 37  1 24 45 25 63 59  7 33  1 59 17 24]",True,True,0.9375,0.90625,"[np.int64(26), np.int64(30), np.int64(0), np.int64(1), np.int64(3), np.int64(23), np.int64(21), np.int64(23), np.int64(28), np.int64(33), np.int64(58), np.int64(30), np.int64(42), np.int64(25), np.int64(27), np.int64(1), np.int64(3), np.int64(20), np.int64(28), np.int64(36), np.int64(61), np.int64(21), np.int64(60), np.int64(7), np.int64(16), np.int64(17), np.int64(41), np.int64(53), np.int64(38), np.int64(38), np.int64(20), np.int64(2), np.int64(6), np.int64(38), np.int64(46), np.int64(33), np.int64(42), np.int64(20), np.int64(36), np.int64(10), np.int64(23), np.int64(38), np.int64(6), np.int64(34), np.int64(9), np.int64(35), np.int64(18), np.int64(9), np.int64(13), np.int64(29), np.int64(34), np.int64(37), np.int64(12), np.int64(12), np.int64(1), np.int64(39), np.int64(53), np.int64(60), np.int64(1), np.int64(49), np.int64(9), np.int64(3), np.int64(36), np.int64(45)]","[np.int64(49), np.int64(52), np.int64(7), np.int64(59), np.int64(48), np.int64(59), np.int64(1), np.int64(29), np.int64(33), np.int64(8), np.int64(15), np.int64(59), np.int64(0), np.int64(30), np.int64(35), np.int64(36), np.int64(48), np.int64(23), np.int64(22), np.int64(4), np.int64(19), np.int64(45), np.int64(14), np.int64(9), np.int64(2), np.int64(34), np.int64(20), np.int64(5), np.int64(35), np.int64(34), np.int64(23), np.int64(43), np.int64(53), np.int64(8), np.int64(2), np.int64(34), np.int64(21), np.int64(19), np.int64(38), np.int64(37), np.int64(44), np.int64(31), np.int64(3), np.int64(8), np.int64(0), np.int64(12), np.int64(54), np.int64(55), np.int64(40), np.int64(28), np.int64(40), np.int64(48), np.int64(15), np.int64(44), np.int64(53), np.int64(1), np.int64(51), np.int64(6), np.int64(25), np.int64(16), np.int64(23), np.int64(63), np.int64(15), np.int64(18)]",False,False,0.0,0.0,"[35 24  7 50 37 22 38 54 50 38 11  8 27 13 37 53 43 16 16  5  1  3 54 36
 13 54 37 34 13 16 43  8 35 13 24 51 38 13 37 12  4 27 27 13 29 13 44 30
 22 50 33 37 54 24 33 59 50 59 41 51  1 59 17 24]","[35 33 59 50 43 22 38  2 50 38  2  8 33 13 37 25  2 43 16 54  1  3 54 14
 13 37 37 12 13  9 27 28 62 13 27 10 38 13 37 12  4 27 27 13 26 13 59 30
 22 50 33 37 54 38 33 25 50 59  7 33 61 59 17 24]",True,True,0.859375,0.953125,"[21 24 59 50 37 22 38 47 45 38  2  8 28 13 37 17  2 16 39  8 14  0 54 14
 13 37 37 41 13 44 27 28 62 13 24 31 16 13 53 12  1 61 27 13 29 13 10 30
 40 50 33 14 54 31 45 25 50  2 47 33  1 59 17 24]","[35 24 59 50 25 22 63 54 45 38 22  8 28 13 54 17 36 43 39 20  1  3 54  9
 13 37 14 34 13  9 43  8 62 13 24 31 23 13 37 18 29 61 27 13 26 13 44 58
 40 50 33 59  1 38 45 25 50 59 41 33  1 59 32 24]",False,False,0.0625,0.140625,0.04,1.0,1.0,1,1,25,0.04,1.0,1.0,1,1,25,1.0,0.0,0.0,25,0,0,1.0,0.0,0.0,25,0,0,1.0,0.96,0.96,25,24,24,1.0,1.0,1.0,25,25,25,1.0,0.16,0.16,25,4,4,1.0,0.12,0.12,25,3,3
[0.         0.         0.70781353 ... 0.70781353 0.         1.00049988],"[50 24 38 58  1 22  1  2 47 26 24 47 10 17 17 17 31 47 38 22 50 22 24 10
 38  4 47 48 61 11 22 30 33 24  2 40 26 27 38 26 24  4 22 12 33 31  8 24
 10 44 48 55 47 61 61  2 47 17 44 54 22 44 19 32]","[50 24 38 58 44 33 34  2 47 26 24 47 10 17 50 17 20 47 38 22 50 22 24 10
 38  4 12 48 61 11 22 30 33 24  2 40 26 27 38 26 24  4 22 12 33 25  8 24
 10 44  5 55 47 61 61  2 47 17 44 54 22  5 32 26]",True,True,0.9375,0.90625,"[np.int64(60), np.int64(49), np.int64(3), np.int64(13), np.int64(2), np.int64(3), np.int64(41), np.int64(16), np.int64(10), np.int64(37), np.int64(0), np.int64(48), np.int64(9), np.int64(42), np.int64(1), np.int64(54), np.int64(16), np.int64(61), np.int64(52), np.int64(63), np.int64(62), np.int64(62), np.int64(41), np.int64(37), np.int64(45), np.int64(29), np.int64(25), np.int64(41), np.int64(10), np.int64(61), np.int64(25), np.int64(35), np.int64(30), np.int64(13), np.int64(35), np.int64(45), np.int64(49), np.int64(47), np.int64(8), np.int64(21), np.int64(32), np.int64(9), np.int64(0), np.int64(9), np.int64(49), np.int64(41), np.int64(9), np.int64(22), np.int64(46), np.int64(10), np.int64(33), np.int64(0), np.int64(49), np.int64(48), np.int64(24), np.int64(52), np.int64(52), np.int64(12), np.int64(44), np.int64(39), np.int64(3), np.int64(32), np.int64(16), np.int64(0)]","[np.int64(17), np.int64(44), np.int64(61), np.int64(54), np.int64(15), np.int64(15), np.int64(23), np.int64(19), np.int64(42), np.int64(6), np.int64(61), np.int64(58), np.int64(63), np.int64(35), np.int64(62), np.int64(26), np.int64(31), np.int64(60), np.int64(39), np.int64(22), np.int64(6), np.int64(10), np.int64(25), np.int64(30), np.int64(58), np.int64(40), np.int64(16), np.int64(57), np.int64(49), np.int64(45), np.int64(34), np.int64(14), np.int64(52), np.int64(7), np.int64(13), np.int64(15), np.int64(63), np.int64(46), np.int64(40), np.int64(39), np.int64(37), np.int64(21), np.int64(62), np.int64(32), np.int64(53), np.int64(51), np.int64(30), np.int64(43), np.int64(56), np.int64(7), np.int64(41), np.int64(22), np.int64(55), np.int64(50), np.int64(63), np.int64(1), np.int64(61), np.int64(54), np.int64(45), np.int64(50), np.int64(14), np.int64(30), np.int64(62), np.int64(49)]",False,False,0.0,0.0,"[50 24 38 54  1 61 34  2 47 26 24 47 10  0 17 17 31 44 38 22 50 22 24 10
 38 31 47 48 61 11 22 30 44 18  2 40 26  3 38 42 24  4 22 63  7 31  8 24
 10 44 48 55  6 61 61  2 47 17 44 54  5 19 19 50]","[13 24 38 37  1 22  1  2 47 26 24 47 10 17 17 17 31 47 38 22 59  5 24 10
 38 31 47 56 31 11 22 30 44 24  2 40 35 27 38 26 24  4 22 12 12 31  8 24
 10 11 48 55 47 61 61  2 47 17 44 54 22  5 19 26]",True,True,0.859375,0.953125,"[50 24 38 54 44 50 34  2 32 26 24 47 34 17 50 49 57 57 38 61 16  5 24  5
 38 63 63 56 61 11 22 28 35 18  2 40 26 27 38 62 24  3 22 14 12 31 27 11
 34 11 63 55 47 61 61  2 47 17 39 54 17 44 39 14]","[13 24 38 37  1 33 34  2 47 26 24 29 51 17 63 49 20 47 38 22 50 22 24 10
 38  4 47 56 31 11 22 30 44 24 48 36 26 27 38 26 24  3 44 14 12 25 16 24
 10 11  5 55 47 61 61  2 47 29 50 20  5  5 32 32]",False,False,0.0625,0.140625,0.04,1.0,1.0,1,1,25,0.04,1.0,1.0,1,1,25,1.0,0.0,0.0,25,0,0,1.0,0.0,0.0,25,0,0,1.0,0.92,0.92,25,23,23,1.0,1.0,1.0,25,25,25,1.0,0.04,0.04,25,1,1,1.0,0.04,0.04,25,1,1
[1.00049988 0.         0.         ... 0.         0.         0.500999  ],"[22 57 49 56 16 49 18 49 16 38 60  5 38 56 56 47 53  6 42 20 22 22 38 60
 60 53 25 27 47 39 38 47 48 30 28 22 52 30 27 18 56 16 27 18 62 33 47 38
 30 38 48 56 18 27 62 58 38 44 62 30 30  9 27 44]","[22 13 51 56 16 18 54 49 43 38 59  5 38 56 56 35 53  6 42 20 22 22 38 33
 60 53 43 27 47 39 38 18  2 30 28 22 35 30 27 18 33 16 27 60 62 33 16 38
 30 38 28 56 51 27 62 14 38 51 62 30 30  8 27 44]",True,True,0.9375,0.90625,"[np.int64(45), np.int64(34), np.int64(3), np.int64(6), np.int64(45), np.int64(2), np.int64(30), np.int64(27), np.int64(22), np.int64(56), np.int64(45), np.int64(7), np.int64(61), np.int64(3), np.int64(37), np.int64(56), np.int64(24), np.int64(41), np.int64(39), np.int64(5), np.int64(40), np.int64(8), np.int64(1), np.int64(56), np.int64(33), np.int64(54), np.int64(9), np.int64(28), np.int64(33), np.int64(55), np.int64(45), np.int64(56), np.int64(23), np.int64(17), np.int64(14), np.int64(27), np.int64(10), np.int64(50), np.int64(28), np.int64(5), np.int64(46), np.int64(20), np.int64(61), np.int64(38), np.int64(1), np.int64(13), np.int64(18), np.int64(3), np.int64(35), np.int64(5), np.int64(42), np.int64(7), np.int64(57), np.int64(6), np.int64(0), np.int64(47), np.int64(28), np.int64(10), np.int64(1), np.int64(10), np.int64(1), np.int64(21), np.int64(47), np.int64(31)]","[np.int64(19), np.int64(15), np.int64(12), np.int64(53), np.int64(42), np.int64(31), np.int64(30), np.int64(45), np.int64(60), np.int64(14), np.int64(36), np.int64(9), np.int64(60), np.int64(2), np.int64(43), np.int64(46), np.int64(41), np.int64(47), np.int64(54), np.int64(53), np.int64(44), np.int64(11), np.int64(2), np.int64(25), np.int64(62), np.int64(9), np.int64(33), np.int64(46), np.int64(4), np.int64(24), np.int64(10), np.int64(25), np.int64(47), np.int64(9), np.int64(30), np.int64(23), np.int64(5), np.int64(8), np.int64(10), np.int64(41), np.int64(47), np.int64(42), np.int64(49), np.int64(42), np.int64(0), np.int64(63), np.int64(58), np.int64(11), np.int64(10), np.int64(14), np.int64(51), np.int64(20), np.int64(24), np.int64(5), np.int64(36), np.int64(36), np.int64(37), np.int64(56), np.int64(21), np.int64(10), np.int64(21), np.int64(17), np.int64(28), np.int64(45)]",False,False,0.0,0.0,"[22 57 51 56 14 49 18 49 60 38 46 55 38 56 56 47 46  6 42 20 22 22 38 60
  2 53 25 27 47 39 38 47  2 30 28 15 34 30 27 57 56 16 27 26 62 33 47 38
 22 38 28 56 18 27 62 14 38 28 62 31 44  9 27 44]","[22 13 49 37 14 18 18 49 16 38 46  5 38 56 56 46 53  6 42 20 22 22 38 60
  2 53 43 27 50 39 38 18 34 18 23 22 52 43 27 18 56 16 27 18 62 33 16 38
 22 38 21 56 18 27  6 14 38 51 62 30 30  4 27 55]",True,True,0.859375,0.953125,"[22 13 49 51 16 18 54 49 61 38 59 55 38 56 56 35 53  6  6 20 22 22 48 33
 41 53 25 27 34 39 38 18 48 18 23 22 35  3 27 57 59 16 27 13 60 33 47 56
 30 38 21 56 18 27 62 28 38 28 62 10 30  9 27 55]","[22  4 49 56 16 49 54 49 60 38 59 55 38 56 46 35 53  6 42 20 22 22 35 60
 60 53 43 27 47 39 38 47  2 30 28 43 52  3 27 57 59 16 27 37 60 33 47 38
 30 38 28 37 18 27 62 28 38 51 62 30 30  9 27 44]",False,True,0.0625,0.140625,0.04,1.0,1.0,1,1,25,0.04,1.0,1.0,1,1,25,1.0,0.0,0.0,25,0,0,1.0,0.0,0.0,25,0,0,1.0,0.96,0.96,25,24,24,1.0,1.0,1.0,25,25,25,1.0,0.08,0.08,25,2,2,1.0,0.08,0.08,25,2,2
[0.500999 0.       0.       ... 0.       0.       0.500999],"[36 30 63 15 63 52 15 47 24 30 21 44 21 15 53 25  3 48 16  0 23  6 63  5
 53 25 52 13  0 55  7 26  0 55 62 54 15 55 63 63 22 33  0 53 27 59 43 15
 49 59 51 47  6  3 63  6  0 27  0 47 52 30 59 36]","[36 30 27 15 63 38 15 47 18  4 21 44 21 15 53 25  3 48 16  0 23  6 63  5
 53 25 52 13  0 18  7 26  0 55 62 54 15 55 53 14 22 33  0 53 27 59 14 15
 54 59 49 47  6  3 63  6  0 27  0  3 63  8 59 36]",True,True,0.9375,0.90625,"[np.int64(62), np.int64(8), np.int64(11), np.int64(30), np.int64(1), np.int64(44), np.int64(50), np.int64(32), np.int64(26), np.int64(52), np.int64(28), np.int64(47), np.int64(24), np.int64(12), np.int64(36), np.int64(48), np.int64(32), np.int64(52), np.int64(61), np.int64(43), np.int64(49), np.int64(43), np.int64(3), np.int64(51), np.int64(53), np.int64(52), np.int64(18), np.int64(11), np.int64(39), np.int64(19), np.int64(49), np.int64(39), np.int64(63), np.int64(62), np.int64(2), np.int64(22), np.int64(0), np.int64(52), np.int64(21), np.int64(14), np.int64(31), np.int64(6), np.int64(44), np.int64(62), np.int64(30), np.int64(38), np.int64(10), np.int64(53), np.int64(47), np.int64(12), np.int64(27), np.int64(31), np.int64(39), np.int64(13), np.int64(2), np.int64(10), np.int64(25), np.int64(21), np.int64(59), np.int64(18), np.int64(0), np.int64(63), np.int64(16), np.int64(45)]","[np.int64(6), np.int64(35), np.int64(63), np.int64(51), np.int64(41), np.int64(2), np.int64(28), np.int64(21), np.int64(24), np.int64(3), np.int64(62), np.int64(46), np.int64(12), np.int64(22), np.int64(58), np.int64(48), np.int64(60), np.int64(8), np.int64(33), np.int64(8), np.int64(18), np.int64(12), np.int64(52), np.int64(48), np.int64(4), np.int64(45), np.int64(15), np.int64(0), np.int64(46), np.int64(47), np.int64(5), np.int64(40), np.int64(14), np.int64(62), np.int64(59), np.int64(24), np.int64(12), np.int64(26), np.int64(11), np.int64(30), np.int64(9), np.int64(49), np.int64(0), np.int64(40), np.int64(56), np.int64(33), np.int64(57), np.int64(17), np.int64(55), np.int64(55), np.int64(61), np.int64(5), np.int64(12), np.int64(30), np.int64(61), np.int64(33), np.int64(43), np.int64(38), np.int64(12), np.int64(59), np.int64(12), np.int64(8), np.int64(29), np.int64(2)]",False,False,0.0,0.0,"[42 30 63 15 63  8 15 47 18  4 46 44 21 15 21 25  3 48 16 57 23 51 63 30
 53 25 10 57  0 55 42 26  0 38 62 54 15 55 53 63 28 17 24 53 24 59 43 15
 54 14 49 47  5  3 51 27  0 43  0 47 63 30 59 16]","[36 30 27 15 63 46 15 47 18  4 46 44 59 15 53 25  3 48 62  0 61 51 24  5
 53 25 52 13  0 18  7 56  0 62 62 54 15 55 53 14 28 33 30 53  4 59 14 15
 54 59 51 47  6  3 51  6 57 19  0 47 24 34 59 36]",True,True,0.859375,0.953125,"[36 30 27 15 49 38 15 47 24  4 26 44 59 15 53 25  3 41 16 57 23 55 63 20
 53 25 52 13  0 18 40 26  0 62 62 54 15 55 49 14 30 33 30 53 26 59 43 15
 54 59 51 47  6 43 51  6  0 27 14  3 63 30 59 36]","[36 30 63 15 49 38 15 47 34  4 57 44 59 15 21 25  3 41 62  0 61 10 24  5
 22 25 31 13  0 18  7 26 22 62 62 54 15 28 63  8 22 33  0 52 27 59 14 15
 54 59 60 27  6 14 51 27 10 10  0 47 63  8 18 16]",False,False,0.0625,0.140625,0.04,1.0,1.0,1,1,25,0.04,1.0,1.0,1,1,25,1.0,0.0,0.0,25,0,0,1.0,0.0,0.0,25,0,0,1.0,0.88,0.88,25,22,22,1.0,1.0,1.0,25,25,25,1.0,0.0,0.0,25,0,0,1.0,0.0,0.0,25,0,0
[1.00049988 1.00049988 0.         ... 0.         0.         0.500999  ],"[32 62 36 58 48  6 62 27  6 31 22 43  1 27 36 22 24  6 14 25 48 32 48 42
 30 56 36 42 57 63 36 48 48 31 57 23 62 12 31 25 36 14 48 62 30 25 31 31
 50 14 50  1  6 49 22 32 62 20 56 63 30 58 50 43]","[ 9 62 36  0 48  6 62 27  6  0 22 43  1 27 36 22 29  6 14 46 48 32 48 11
 30 56 36 42 57  5 36 48 48 31  9 12 62 12 31 25 36 14 48 62 30 11 31 31
 50  0 50  1  6 59 22 32 62 20 42  5 30 47 50 43]",True,False,0.9375,0.90625,"[np.int64(22), np.int64(50), np.int64(37), np.int64(34), np.int64(1), np.int64(31), np.int64(22), np.int64(13), np.int64(15), np.int64(54), np.int64(3), np.int64(58), np.int64(15), np.int64(5), np.int64(40), np.int64(2), np.int64(44), np.int64(2), np.int64(41), np.int64(12), np.int64(21), np.int64(3), np.int64(35), np.int64(50), np.int64(2), np.int64(4), np.int64(23), np.int64(19), np.int64(10), np.int64(4), np.int64(15), np.int64(45), np.int64(56), np.int64(7), np.int64(10), np.int64(2), np.int64(52), np.int64(37), np.int64(38), np.int64(3), np.int64(21), np.int64(41), np.int64(15), np.int64(50), np.int64(40), np.int64(6), np.int64(8), np.int64(42), np.int64(19), np.int64(56), np.int64(14), np.int64(22), np.int64(15), np.int64(30), np.int64(40), np.int64(51), np.int64(7), np.int64(15), np.int64(19), np.int64(37), np.int64(6), np.int64(42), np.int64(52), np.int64(62)]","[np.int64(11), np.int64(23), np.int64(54), np.int64(21), np.int64(23), np.int64(38), np.int64(14), np.int64(15), np.int64(53), np.int64(42), np.int64(2), np.int64(49), np.int64(15), np.int64(63), np.int64(11), np.int64(48), np.int64(59), np.int64(51), np.int64(57), np.int64(49), np.int64(28), np.int64(26), np.int64(11), np.int64(50), np.int64(6), np.int64(42), np.int64(24), np.int64(49), np.int64(7), np.int64(16), np.int64(38), np.int64(52), np.int64(19), np.int64(21), np.int64(41), np.int64(37), np.int64(62), np.int64(31), np.int64(18), np.int64(49), np.int64(9), np.int64(24), np.int64(30), np.int64(32), np.int64(3), np.int64(37), np.int64(44), np.int64(58), np.int64(44), np.int64(31), np.int64(7), np.int64(32), np.int64(5), np.int64(63), np.int64(19), np.int64(20), np.int64(9), np.int64(38), np.int64(54), np.int64(2), np.int64(35), np.int64(5), np.int64(56), np.int64(46)]",False,False,0.0,0.0,"[32 62  4 58 48 26 42 27  6  0 22 43  1 27 42 22 24  6 14 25 48 32 48 57
 30 12 36 57 57 63  9 48 48 11 18 33 62 12 31 41 57 14 48 62 30 25 31 27
 50 12 50  1 58 49 58 32 62 20 42 41 30 47 50 43]","[32 62 36  0 48 11 62 27  6 30 22 43  1 27 36 22 29 14 14 49 48  8 56 42
 30 56 36 42 57 63 36 48  6 55 12 12 62 53 12 25 36 59 48 62  8 11 31 27
 50 14 50  1  6 49 22 42 62 20 56 63 30 58 50 43]",True,True,0.859375,0.953125,"[ 3 62 36 58 48  0 42 46 17 34 22 23  1 19 36 22 24  6 34 25 48 32 48 11
 30 56 36 42 57  5  2 48 48 31 12 23 62 53 31 25 36 59 48 62 30 25 19 27
 50 14 50  1 25 59 22 32 62 30 56 63 30 58 50  0]","[63 62 36  0 48 29 42 49  6 30 51 43 25 19 49 61 29 14 14 49 48  8 56 57
 30 19  5  7 57 63  6 48 48 31 18 12 62 12 12 41 36 14 48 62  8 11 19 27
 50 14 50  1  6 59 58 42 62 30 22 41 30 47 50 43]",False,False,0.0625,0.140625,0.04,1.0,1.0,1,1,25,0.04,0.0,0.0,1,0,0,1.0,0.0,0.0,25,0,0,1.0,0.0,0.0,25,0,0,1.0,1.0,1.0,25,25,25,1.0,1.0,1.0,25,25,25,1.0,0.0,0.0,25,0,0,1.0,0.12,0.12,25,3,3
[1.00049988 0.         0.         ... 0.         0.         0.        ],"[55 19 63 15 57 31 15 11 63 50 50 11 28 63  7 11 45 11 31 55 29 10 48 55
 55 61 42 11 29 11 28 63 49 21 19 63 14  3 50 10  9 37 29 56 61 29 11 31
 17 38 11 39 57  9  6 57 17 11 25  7 42 27 25 17]","[55 19 63 15 57 26 15 11 45 50 50 11 28 48  7 11 45 11  8  4 29 10 48 45
  4 61 42 11 29 11 28 63 49  8 19 42 14  3 50 10  9  8 29 56 35 29 11 31
 15 45 11 23 57  4 28 57 17 11 25 27 42 27 51 15]",True,True,0.9375,0.90625,"[np.int64(63), np.int64(52), np.int64(15), np.int64(49), np.int64(26), np.int64(13), np.int64(26), np.int64(39), np.int64(14), np.int64(45), np.int64(38), np.int64(2), np.int64(30), np.int64(14), np.int64(14), np.int64(47), np.int64(0), np.int64(9), np.int64(10), np.int64(5), np.int64(35), np.int64(6), np.int64(19), np.int64(20), np.int64(52), np.int64(19), np.int64(48), np.int64(13), np.int64(28), np.int64(63), np.int64(53), np.int64(52), np.int64(8), np.int64(60), np.int64(56), np.int64(19), np.int64(51), np.int64(36), np.int64(43), np.int64(40), np.int64(2), np.int64(59), np.int64(0), np.int64(43), np.int64(3), np.int64(41), np.int64(33), np.int64(62), np.int64(1), np.int64(30), np.int64(63), np.int64(27), np.int64(17), np.int64(41), np.int64(33), np.int64(25), np.int64(17), np.int64(61), np.int64(4), np.int64(14), np.int64(44), np.int64(35), np.int64(4), np.int64(26)]","[np.int64(60), np.int64(40), np.int64(18), np.int64(50), np.int64(17), np.int64(32), np.int64(16), np.int64(2), np.int64(15), np.int64(56), np.int64(45), np.int64(15), np.int64(44), np.int64(37), np.int64(34), np.int64(49), np.int64(58), np.int64(4), np.int64(20), np.int64(63), np.int64(59), np.int64(26), np.int64(5), np.int64(52), np.int64(55), np.int64(13), np.int64(40), np.int64(19), np.int64(25), np.int64(54), np.int64(8), np.int64(30), np.int64(54), np.int64(53), np.int64(26), np.int64(28), np.int64(32), np.int64(44), np.int64(61), np.int64(10), np.int64(23), np.int64(13), np.int64(3), np.int64(25), np.int64(0), np.int64(25), np.int64(52), np.int64(53), np.int64(3), np.int64(60), np.int64(58), np.int64(21), np.int64(54), np.int64(59), np.int64(11), np.int64(2), np.int64(62), np.int64(54), np.int64(55), np.int64(45), np.int64(20), np.int64(5), np.int64(24), np.int64(13)]",False,False,0.0,0.0,"[55 23 21 15 57 31 55 11 45 50 48 11 28 63  7 11 45 11 13  4 29 10 20 45
 55 61 42 11 29 11 28 18 33  8 30  3 51  3 50 21  9  8 29 56 61 38 11 32
 15 45 11 23 57  4 28 45 17 11 25 27 42 27 25 15]","[55 19  6 15 57 51 55 11 63 50 50 11 28 48  7 11 45 11 31 55 19 54 20 45
 25 43 42 11 29 11 28 56 49  8 19 63 14  3 50 10  9 37 29 56  3 29 11 31
 17 45 11 39 57  9 28 57 17 11 25 27 42 27 25 17]",True,True,0.859375,0.953125,"[55 40 63 15 44 31 15 11 45 50 50 11 28 48  7 11 45 11  8 53 29 10 20 55
 55 61 34 11 29 11 51 56 33 32 19 43 51  4 50 21  9  8 29 30  3 55 11 43
 17 32 11 39  3  2 16 57 17 11 21 27 42 27 51 17]","[55 41 63 37 53 26 38 11 41 31 48 11 28 48 36 11 54 11 31 20 29 10 48 45
 61 61 42 11 29 11 28  9 49 21 30 42 51  4 50 10  9  8 29 22 61 29 11 31
 15 20 11 23  3 35 28 45 17 11 25  7 42 27 25 17]",False,False,0.0625,0.140625,0.04,1.0,1.0,1,1,25,0.04,1.0,1.0,1,1,25,1.0,0.0,0.0,25,0,0,1.0,0.0,0.0,25,0,0,1.0,0.92,0.92,25,23,23,1.0,1.0,1.0,25,25,25,1.0,0.2,0.2,25,5,5,1.0,0.04,0.04,25,1,1
[0.       0.       0.       ... 0.500999 0.       0.500999],"[41  6 11 60 27 53 54 54 35 54  4 50  7 36 34 25 53  4 20 52 62 10  5  4
 36 25 63 62 18 41  7 15 29  4 58  4 41 10 35 55 11 62 25 39 20 35 17 33
  5  7 62  0 38 41 20 27 18 33 50 63 53 58 50 29]","[10 17 11  9 27 53 10 54 35 54 41 27 54 36 46 31 23  4 20 52 62 45 17  4
 17 25  9 62 18 58 27 15 29  4 58 58 41 10 35 55 11 62 25 39 20 35 17 10
 38 54 62  0 38 41  9 27  9 23 50 63 23 37 20 11]",False,False,0.9375,0.90625,"[np.int64(56), np.int64(12), np.int64(58), np.int64(28), np.int64(19), np.int64(33), np.int64(39), np.int64(6), np.int64(20), np.int64(3), np.int64(9), np.int64(16), np.int64(51), np.int64(55), np.int64(1), np.int64(39), np.int64(62), np.int64(8), np.int64(49), np.int64(36), np.int64(2), np.int64(56), np.int64(16), np.int64(28), np.int64(6), np.int64(24), np.int64(11), np.int64(36), np.int64(34), np.int64(40), np.int64(59), np.int64(63), np.int64(30), np.int64(44), np.int64(21), np.int64(61), np.int64(4), np.int64(57), np.int64(59), np.int64(3), np.int64(40), np.int64(54), np.int64(35), np.int64(55), np.int64(43), np.int64(20), np.int64(2), np.int64(41), np.int64(47), np.int64(42), np.int64(60), np.int64(26), np.int64(36), np.int64(62), np.int64(13), np.int64(63), np.int64(19), np.int64(15), np.int64(25), np.int64(60), np.int64(20), np.int64(43), np.int64(38), np.int64(3)]","[np.int64(49), np.int64(39), np.int64(55), np.int64(62), np.int64(11), np.int64(24), np.int64(41), np.int64(46), np.int64(12), np.int64(22), np.int64(25), np.int64(47), np.int64(3), np.int64(33), np.int64(55), np.int64(27), np.int64(35), np.int64(3), np.int64(33), np.int64(23), np.int64(38), np.int64(28), np.int64(7), np.int64(26), np.int64(7), np.int64(28), np.int64(55), np.int64(22), np.int64(53), np.int64(4), np.int64(0), np.int64(43), np.int64(27), np.int64(55), np.int64(51), np.int64(42), np.int64(38), np.int64(55), np.int64(32), np.int64(20), np.int64(39), np.int64(19), np.int64(31), np.int64(51), np.int64(63), np.int64(27), np.int64(33), np.int64(1), np.int64(53), np.int64(1), np.int64(27), np.int64(41), np.int64(56), np.int64(27), np.int64(23), np.int64(59), np.int64(37), np.int64(58), np.int64(60), np.int64(21), np.int64(11), np.int64(56), np.int64(48), np.int64(26)]",False,False,0.0,0.0,"[59  6 11  9 25 48 25 25 35 26 34 50  7 36 34 25 23 63 20 52 25 38 17 37
 36 25 63 31 36 25 11 48 21  4 58 58 61 38 35 55 11 62 25 36 63 35 61 36
 38 11 25 28 38  5  6 35  9 39 29 63 23 63 50 29]","[41 10 11  9 25 25  1 54 35 26  4 50 34  8 46 25 53 46 20 52 25  1  5  9
 17 25 63 62 36 25 17 15 29  4 10 58 41 38 35 55 11 62 25 39 20 59 55 33
 38 11 58 28 38  5  9 35 18 23 29 63 53 63 25 29]",False,False,0.859375,0.953125,"[41 21 11 60 10 53 54 49 35 54  4  9 34  8 46 31 23 63 20 52 62 32 17  9
 36 25  9 62 36 63 17 40 29 36 10 38 41 61 48 57 24 53 25 39 20 35 61 33
  5  7 62 28 38  5 49 35 18 33 34 45 23 36 20 11]","[10 10 11  9 23 22 10 54  9 11 34 17  8 57 34 31 53 11 28 52 18 10 35  9
 36 25  9 11 36 58 17 15 21 17 36 45 47 10 37 55 24 62 25 39 20 59 17 36
 38 54 11  0 38 41  9 27 18 48 50 63  3 58 20 29]",False,False,0.0625,0.140625,0.04,0.0,0.0,1,0,0,0.04,0.0,0.0,1,0,0,1.0,0.0,0.0,25,0,0,1.0,0.0,0.0,25,0,0,1.0,0.0,0.0,25,0,0,1.0,0.04,0.04,25,1,1,1.0,0.0,0.0,25,0,0,1.0,0.0,0.0,25,0,0
[0.500999   0.         0.         ... 0.         0.         1.00049988],"[38 53 14 41 54 52 15 61  4 38 12 17 38 36 14 30 59 57 17 54 36 16 50 36
  0 50 15 39 61 53  2  3 30 59 26 26 50 58 50 32 36 32 46  6 26 57 57 36
 40 36 30 52 36 30 15 25  7 30 15 32  9 53 49 17]","[46 53 14 41 54 52 15 46  4 38  3 17 38 59 14 30 59 57 17 54 36 16 50 36
  0 50 15 39 52 53  2  3 30 59 13  1 50 58 50 32 36 32 46  6 40 57 57 36
 40 36 30 27 36 30 15 41  7 30 15 32  9 53 49 17]",True,True,0.9375,0.90625,"[np.int64(40), np.int64(7), np.int64(49), np.int64(63), np.int64(7), np.int64(11), np.int64(40), np.int64(42), np.int64(5), np.int64(57), np.int64(49), np.int64(47), np.int64(49), np.int64(60), np.int64(51), np.int64(31), np.int64(33), np.int64(22), np.int64(60), np.int64(34), np.int64(2), np.int64(12), np.int64(54), np.int64(29), np.int64(31), np.int64(53), np.int64(5), np.int64(17), np.int64(17), np.int64(49), np.int64(36), np.int64(56), np.int64(30), np.int64(3), np.int64(16), np.int64(31), np.int64(57), np.int64(31), np.int64(8), np.int64(13), np.int64(44), np.int64(27), np.int64(44), np.int64(18), np.int64(40), np.int64(28), np.int64(42), np.int64(50), np.int64(59), np.int64(18), np.int64(6), np.int64(58), np.int64(56), np.int64(36), np.int64(40), np.int64(62), np.int64(28), np.int64(56), np.int64(21), np.int64(9), np.int64(39), np.int64(8), np.int64(12), np.int64(59)]","[np.int64(16), np.int64(12), np.int64(2), np.int64(34), np.int64(9), np.int64(21), np.int64(55), np.int64(55), np.int64(59), np.int64(29), np.int64(53), np.int64(37), np.int64(54), np.int64(8), np.int64(5), np.int64(50), np.int64(43), np.int64(42), np.int64(11), np.int64(60), np.int64(1), np.int64(35), np.int64(55), np.int64(50), np.int64(41), np.int64(24), np.int64(16), np.int64(8), np.int64(41), np.int64(52), np.int64(54), np.int64(12), np.int64(50), np.int64(6), np.int64(52), np.int64(16), np.int64(17), np.int64(53), np.int64(14), np.int64(23), np.int64(8), np.int64(28), np.int64(62), np.int64(55), np.int64(30), np.int64(18), np.int64(62), np.int64(22), np.int64(8), np.int64(4), np.int64(48), np.int64(21), np.int64(0), np.int64(46), np.int64(43), np.int64(48), np.int64(19), np.int64(31), np.int64(30), np.int64(11), np.int64(15), np.int64(28), np.int64(42), np.int64(19)]",False,False,0.0,0.0,"[38 53 14 42 54 52 15 61  4 38 12 17 59 34 14 30 59 57 17 54 34 27 50 36
 18 50 15 39 61 53  2  3 30 44 26 26 50 58 50 32 36 32 24 34 26 57 57 38
 63 36 30 47 36 30 15 25  7 30 15 32  9 50 48 17]","[46 53 14 41 55 52 15 46  4 16  3 28 38 36 14 30 59 57 17 54 36 43 50 36
  0 50 15 21 61 53  2 27 30 59 42  7 50  3 54 32 36 32 46 34 40 57 57 38
 24  4 30 27 28 30 50 38  7 30 54 32  9 53 49 17]",True,True,0.859375,0.953125,"[10 53 14 42 55 52 15 46 60 38 12 17 38 34 14 30 59 57 17  7 36 16 50 58
 42 55 15 51 42 53  2  3 30 59 20  1 47 58 50 32 36 32  9 60  7 57 57  0
 62 16 30 47 36 30 50 41 60 30 15 32  9 53 49 17]","[24 35 14 37 54 51 15 19  4 16 62 17 38 59 14 30  9 57 17 54 36 16 40 58
 18 55 15 39 61 53  2 27 30 59 43  7 50 58 50 32 36 32 46  6  7 57 57 38
 62 36 30 52 29 30 50 42 60 30 15 13  9 50 49 17]",True,False,0.0625,0.140625,0.04,1.0,1.0,1,1,25,0.04,1.0,1.0,1,1,25,1.0,0.0,0.0,25,0,0,1.0,0.0,0.0,25,0,0,1.0,0.8,0.8,25,20,20,1.0,1.0,1.0,25,25,25,1.0,0.04,0.04,25,1,1,1.0,0.0,0.0,25,0,0
[0.         0.         0.         ... 0.         0.70781353 0.        ],"[11 62 45 38  1 25 61 38 42  1 42 37 55 49 31 13 30  7 35 62 61 40 61 60
 18 60 44 62 27 50 41 55 59 30 56 53 41 61 61 22 45 61 37 48 22 20 42 31
  0 30 45 31 27 62 60 62  1  4 44  4 38 61 61  4]","[11 62 45 38  1 35 61 38 42  1 11 37 55  9 31 13 30  7 35 62 61 40 61  4
 18 49 44 62 27 50 41 55  8 30 56 53 41 61 61 37  7 61 37 48 22 20 45 31
  0 30 31 31 27 62 60 62 11  4 44  4 38 61 61  4]",True,True,0.9375,0.90625,"[np.int64(26), np.int64(23), np.int64(51), np.int64(53), np.int64(49), np.int64(6), np.int64(49), np.int64(55), np.int64(61), np.int64(4), np.int64(25), np.int64(60), np.int64(8), np.int64(24), np.int64(11), np.int64(12), np.int64(18), np.int64(39), np.int64(24), np.int64(56), np.int64(61), np.int64(22), np.int64(13), np.int64(27), np.int64(20), np.int64(24), np.int64(11), np.int64(31), np.int64(37), np.int64(55), np.int64(33), np.int64(48), np.int64(42), np.int64(33), np.int64(42), np.int64(48), np.int64(44), np.int64(16), np.int64(28), np.int64(61), np.int64(26), np.int64(3), np.int64(27), np.int64(18), np.int64(46), np.int64(44), np.int64(50), np.int64(26), np.int64(60), np.int64(37), np.int64(37), np.int64(24), np.int64(11), np.int64(61), np.int64(22), np.int64(24), np.int64(23), np.int64(21), np.int64(9), np.int64(58), np.int64(52), np.int64(2), np.int64(27), np.int64(20)]","[np.int64(11), np.int64(60), np.int64(5), np.int64(36), np.int64(4), np.int64(57), np.int64(34), np.int64(28), np.int64(60), np.int64(12), np.int64(30), np.int64(32), np.int64(22), np.int64(19), np.int64(14), np.int64(55), np.int64(10), np.int64(60), np.int64(40), np.int64(14), np.int64(44), np.int64(42), np.int64(62), np.int64(34), np.int64(41), np.int64(16), np.int64(3), np.int64(5), np.int64(3), np.int64(54), np.int64(33), np.int64(50), np.int64(62), np.int64(60), np.int64(14), np.int64(38), np.int64(7), np.int64(34), np.int64(17), np.int64(11), np.int64(0), np.int64(62), np.int64(50), np.int64(11), np.int64(11), np.int64(25), np.int64(31), np.int64(5), np.int64(28), np.int64(22), np.int64(22), np.int64(3), np.int64(5), np.int64(33), np.int64(60), np.int64(13), np.int64(47), np.int64(24), np.int64(34), np.int64(46), np.int64(41), np.int64(33), np.int64(38), np.int64(44)]",False,False,0.0,0.0,"[11 62 45 38  1 51 61 38 42  1 11 37 55  9 17 13 56  7 35 62 61 40 61  4
 18  5 44 62 27 50 41 55 59  7 56 53 41 61 61 22  7 61 37 48 22 20 16 31
  0 13 45 31 27 41 60 20 11  4 44  4 38 61 61  4]","[11 62 45 38  1 35 61 38 42  1 11 37 55 49 17 13 36 34 35 62 61 26 61  4
 18 49 44 62 27 50 22 11  8 30 33 53 30 61 61 37 45 61 37 48 22 20 45 31
  0 30 45 31 46 62 16 62 11  4 44 32 38 61 61  2]",True,True,0.859375,0.953125,"[11 37 45 38 57 35 61 52 42  1 11 53 55  9 17 13  3  7 35 62 61 26 61 60
 18 49 47 62 27 50 41 11 59 30 17 53 41 61 61 37 45 61 37 48 22 20 16 57
  0 30 31 16  4 62 60 20 16  4 44  4 38 61 61 35]","[11 62 45 16 52 51 61 40 42  1 11 37 55  9 31 13 56 34 35 53 61 32 61  4
 18  5 44 62 27 50 41 55 21  7 33 53 41 61 61 37 21 61 37 48 22 20 45 31
  0  9 31 31  4 41 60 62 11  0 44  4 38 61 61  4]",False,False,0.0625,0.140625,0.04,1.0,1.0,1,1,25,0.04,1.0,1.0,1,1,25,1.0,0.0,0.0,25,0,0,1.0,0.0,0.0,25,0,0,1.0,0.68,0.68,25,17,17,1.0,1.0,1.0,25,25,25,1.0,0.28,0.28,25,7,7,1.0,0.04,0.04,25,1,1
[0.         1.00049988 0.         ... 0.         0.         1.00049988],"[24 45 48 63  8 62 50 23 22 51 34 22 61 43 48 42 21 16 47 63 21 18 55 63
 47 43 22 51 30 22 22 42 45 30 50 61 21 57  3 24 21 29 60 18 24 18 23 47
 43 61 60 24  8 54 22 47 53 50 36 57 47 62 18 60]","[24 45 48 63  8 62 50 23 51  0 34 44 25 43 48 21 21  6 47  9 21 18 55 14
 47 43 39  8 48 22 22 42 45  9 43 48 21 26  3 24 21 31 60 18 24 18 23 47
 43 61 60 24 48 19 61 47  4 50 36 57 47  0 18 60]",True,True,0.9375,0.90625,"[np.int64(43), np.int64(56), np.int64(9), np.int64(1), np.int64(29), np.int64(49), np.int64(42), np.int64(22), np.int64(14), np.int64(32), np.int64(16), np.int64(28), np.int64(19), np.int64(34), np.int64(45), np.int64(1), np.int64(58), np.int64(1), np.int64(63), np.int64(63), np.int64(15), np.int64(13), np.int64(22), np.int64(40), np.int64(45), np.int64(36), np.int64(6), np.int64(26), np.int64(41), np.int64(3), np.int64(18), np.int64(6), np.int64(53), np.int64(55), np.int64(1), np.int64(29), np.int64(47), np.int64(43), np.int64(12), np.int64(23), np.int64(52), np.int64(35), np.int64(9), np.int64(15), np.int64(29), np.int64(29), np.int64(53), np.int64(1), np.int64(26), np.int64(4), np.int64(9), np.int64(40), np.int64(19), np.int64(15), np.int64(62), np.int64(10), np.int64(5), np.int64(3), np.int64(54), np.int64(53), np.int64(43), np.int64(43), np.int64(55), np.int64(33)]","[np.int64(18), np.int64(38), np.int64(39), np.int64(20), np.int64(14), np.int64(30), np.int64(46), np.int64(44), np.int64(45), np.int64(56), np.int64(43), np.int64(55), np.int64(1), np.int64(2), np.int64(0), np.int64(13), np.int64(62), np.int64(47), np.int64(26), np.int64(6), np.int64(44), np.int64(31), np.int64(57), np.int64(22), np.int64(48), np.int64(25), np.int64(27), np.int64(10), np.int64(52), np.int64(31), np.int64(55), np.int64(36), np.int64(11), np.int64(34), np.int64(57), np.int64(35), np.int64(29), np.int64(61), np.int64(35), np.int64(3), np.int64(39), np.int64(63), np.int64(59), np.int64(35), np.int64(47), np.int64(56), np.int64(10), np.int64(58), np.int64(35), np.int64(35), np.int64(20), np.int64(3), np.int64(14), np.int64(58), np.int64(1), np.int64(9), np.int64(2), np.int64(52), np.int64(10), np.int64(26), np.int64(25), np.int64(35), np.int64(17), np.int64(63)]",False,False,0.0,0.0,"[24 45  6 63  8 44 50 49 51  0 34 44 25 43 19 42 26  6 47 63 21 18 55 63
 47 43 39 16 48 16 44  6 45 48 43  6 61 57  3 24 13 31 55 18 24 18 23 47
 43  3 60 24 13 56 61 47 10 50 10 57 47  0 50 60]","[24 45  6 49  8 62 50 20 51  0 34 44 61 43 48 21 21  6 47 40 21 18 26 63
 47 12 16 51 30 31 44 42 45  9 50  6 21 26  3 24 21 31 60 18 24 18 23 47
 21 61 60 24 48 19 61 47 10 50 36 11 47  0 18 60]",True,True,0.859375,0.953125,"[24 45 48 63  8  7 50  5 22 51 14 44 25 43 16 48 14 11 47 53 21 50 11 63
 47 33 17 35 48 22 22  6 45  9 50  1 58 57 59 61 19 31 60 48 24 18 23 47
 15 61 60 24  8 54 53 47 53 48 10 57 47  0 18 60]","[24 45 48 33  8 62 50 20 51  0 14 44 61 43 19 42 27 11 47  9 21 50 55 14
 47 43 39  8 48 54 22  6 33 48 43 48 61 57 59 24 21 31 55 18 24 22 23 47
 21 61 60 24 48 54 61 47  4 48 36 11 47 39 18 60]",False,True,0.0625,0.140625,0.04,1.0,1.0,1,1,25,0.04,1.0,1.0,1,1,25,1.0,0.0,0.0,25,0,0,1.0,0.0,0.0,25,0,0,1.0,1.0,1.0,25,25,25,1.0,1.0,1.0,25,25,25,1.0,0.04,0.04,25,1,1,1.0,0.08,0.08,25,2,2
[0.       0.       0.       ... 0.       0.       0.500999],"[11 34 46  8 46 49 35 49  4  5 46 15 11 61 36 35 34 33 25 39 57 62 55 27
 34 39 24 53 35 52 26 54 19 53 46 46 39  5 28 46 13 23 24 28 52 55 46 49
 56 39 33 38 19 35 10 39 24 53 22  5 12 54 53 37]","[11 34 46  8 46 49 35 49  4 50 46 15 11 61 36 35 34 26 25 39 42 62 55 27
 34 36 24 53 35 52 26 54 19 53 46 46  4  5 14 46 13 23 24 49 59 55 46 49
 56 39 26 38 19 35 10 39 24 53 22 26 30 16 53 37]",True,True,0.9375,0.90625,"[np.int64(8), np.int64(49), np.int64(0), np.int64(17), np.int64(52), np.int64(52), np.int64(58), np.int64(22), np.int64(61), np.int64(61), np.int64(14), np.int64(30), np.int64(60), np.int64(51), np.int64(12), np.int64(19), np.int64(62), np.int64(51), np.int64(62), np.int64(44), np.int64(61), np.int64(54), np.int64(22), np.int64(15), np.int64(5), np.int64(54), np.int64(54), np.int64(41), np.int64(22), np.int64(27), np.int64(13), np.int64(13), np.int64(50), np.int64(27), np.int64(6), np.int64(30), np.int64(4), np.int64(20), np.int64(28), np.int64(58), np.int64(5), np.int64(20), np.int64(62), np.int64(27), np.int64(33), np.int64(40), np.int64(30), np.int64(13), np.int64(36), np.int64(54), np.int64(3), np.int64(3), np.int64(63), np.int64(29), np.int64(19), np.int64(36), np.int64(27), np.int64(56), np.int64(49), np.int64(11), np.int64(58), np.int64(31), np.int64(18), np.int64(62)]","[np.int64(54), np.int64(38), np.int64(2), np.int64(39), np.int64(16), np.int64(13), np.int64(35), np.int64(4), np.int64(48), np.int64(16), np.int64(42), np.int64(55), np.int64(7), np.int64(10), np.int64(10), np.int64(41), np.int64(30), np.int64(34), np.int64(25), np.int64(24), np.int64(42), np.int64(62), np.int64(60), np.int64(44), np.int64(49), np.int64(49), np.int64(53), np.int64(10), np.int64(37), np.int64(20), np.int64(15), np.int64(4), np.int64(31), np.int64(10), np.int64(31), np.int64(8), np.int64(27), np.int64(48), np.int64(50), np.int64(17), np.int64(32), np.int64(18), np.int64(15), np.int64(29), np.int64(18), np.int64(38), np.int64(51), np.int64(2), np.int64(6), np.int64(32), np.int64(51), np.int64(8), np.int64(31), np.int64(31), np.int64(47), np.int64(41), np.int64(38), np.int64(8), np.int64(0), np.int64(53), np.int64(62), np.int64(62), np.int64(47), np.int64(18)]",False,False,0.0,0.0,"[11 61 46  8 46 49 35 49  4 50 46 13 11 62 36 25 34 33 25 39 42 62 59 57
 36 36 24 16 35 52 40 54 57 53 46 46 35  5 28 46 13 23 24 53 59 55 46 11
 29 53 33 38 19 35 10 39 24 53 22 18 12 13 53 37]","[11 34 46  8 46 49 35 49  4  5 46 47 11 62 36 35 34  9 32 39 42 62 55 57
 34 36 24 16 35 52 26 54 26 53 46 46 39  5 14 46 59 23 24 53 59 55 46 49
 56 39 26 38 44 35 10 39 24 32 22 26 30 16 53 37]",True,True,0.859375,0.953125,"[11 52 46  8 46 49 35 45  4 50 46 15 11 62 24 25 38 33 25 49 42 62 55 27
 34 39 30 14 35 52 60 54 26 17 46 46  2  5 28 46 59 23 24 28 52 55 46 49
 56 39  9 22 19 35 10 22 24 53 22 18 51 16 53 37]","[11 34 46  8 46 59 35 42  4 50 46 15 11 61 36 35 34 26 25 39 42 62 55 57
 14 39 32 14 38 52 60 54 18 53 46 46 35  5 14 46 30 23 24 49 59  7 46 49
 45 53 33 22 19 15 10 39 24 32 22 26 12 16 13 37]",False,True,0.0625,0.140625,0.04,1.0,1.0,1,1,25,0.04,1.0,1.0,1,1,25,1.0,0.0,0.0,25,0,0,1.0,0.0,0.0,25,0,0,1.0,0.8,0.8,25,20,20,1.0,1.0,1.0,25,25,25,1.0,0.08,0.08,25,2,2,1.0,0.0,0.0,25,0,0
[0.       0.       0.       ... 0.       0.       0.500999],"[11 34 46  8 46 49 35 49  4  5 46 15 11 61 36 35 34 33 25 39 57 62 55 27
 34 39 24 53 35 52 26 54 19 53 46 46 39  5 28 46 13 23 24 28 52 55 46 49
 56 39 33 38 19 35 10 39 24 53 22  5 12 54 53 37]","[11 34 46  8 46 49 35 49  4 50 46 15 11 61 36 35 34 26 25 39 42 62 55 27
 34 36 24 53 35 52 26 54 19 53 46 46  4  5 14 46 13 23 24 49 59 55 46 49
 56 39 26 38 19 35 10 39 24 53 22 26 30 16 53 37]",True,True,0.9375,0.90625,"[np.int64(13), np.int64(11), np.int64(16), np.int64(0), np.int64(0), np.int64(61), np.int64(21), np.int64(30), np.int64(20), np.int64(55), np.int64(11), np.int64(63), np.int64(20), np.int64(45), np.int64(34), np.int64(9), np.int64(44), np.int64(25), np.int64(58), np.int64(17), np.int64(63), np.int64(22), np.int64(9), np.int64(56), np.int64(57), np.int64(26), np.int64(7), np.int64(19), np.int64(10), np.int64(35), np.int64(56), np.int64(44), np.int64(12), np.int64(32), np.int64(2), np.int64(18), np.int64(55), np.int64(13), np.int64(1), np.int64(33), np.int64(30), np.int64(26), np.int64(47), np.int64(44), np.int64(21), np.int64(48), np.int64(22), np.int64(49), np.int64(62), np.int64(21), np.int64(1), np.int64(62), np.int64(26), np.int64(55), np.int64(26), np.int64(29), np.int64(60), np.int64(24), np.int64(29), np.int64(57), np.int64(2), np.int64(11), np.int64(7), np.int64(24)]","[np.int64(52), np.int64(57), np.int64(25), np.int64(10), np.int64(57), np.int64(0), np.int64(59), np.int64(47), np.int64(0), np.int64(0), np.int64(27), np.int64(49), np.int64(20), np.int64(46), np.int64(8), np.int64(47), np.int64(62), np.int64(1), np.int64(47), np.int64(3), np.int64(61), np.int64(8), np.int64(14), np.int64(46), np.int64(39), np.int64(58), np.int64(26), np.int64(46), np.int64(11), np.int64(26), np.int64(32), np.int64(45), np.int64(28), np.int64(18), np.int64(23), np.int64(3), np.int64(17), np.int64(4), np.int64(11), np.int64(61), np.int64(55), np.int64(55), np.int64(5), np.int64(54), np.int64(21), np.int64(14), np.int64(47), np.int64(48), np.int64(42), np.int64(7), np.int64(8), np.int64(50), np.int64(10), np.int64(8), np.int64(23), np.int64(14), np.int64(61), np.int64(52), np.int64(15), np.int64(1), np.int64(5), np.int64(47), np.int64(20), np.int64(63)]",False,False,0.0,0.0,"[11 34 46  8 46 49 35  6  4 50 46 15 11 61 36 35 34 47 25 39 42 62 55 27
 34 39 24 53 35 52 26 54 26 17 46 46 35  5 28 46 30 23 24 47 52  7 46 49
 56 39 26 38 19 35 10 39 24 53 22  5 30 54 53 37]","[11 61 46  8 46 49 35  6  4 17 46 15 11 61 36 36 34 33 25 39 42 62 55 27
 34 39 30 14 35 52 60 54 19 11 46 46 39  5 28 46 30 23 24 27 52  7 46 49
 56 39 33 38 19 35 10 39 24 53 22 44 12 54 13 41]",True,True,0.859375,0.953125,"[11  6 46  8 46 49 35 45 16  5 46 15 60 11 36 25 38 33 25 39 57 62 55 57
 34 39 17 53 35 52 26 54 18 53 46 46  2  5 28 46 30 23  7 49 59  7 46 11
 56 53 26 60 29 35 61 39 24 53 22 40 12 16 53 37]","[11 18 46  8 46 49 35 49  4 17 46 15 11 11 36 35 61 26 25 39 57 62 59 27
 34 36 59 53 35 52 26 54 19 17 46 46 39  5 28 46 30 23  7 53 52  7 46 11
 56 53 33 38 19 35 61 39 24 53 22  5 30 16 53 37]",False,False,0.0625,0.140625,0.04,1.0,1.0,1,1,25,0.04,1.0,1.0,1,1,25,1.0,0.0,0.0,25,0,0,1.0,0.0,0.0,25,0,0,1.0,0.76,0.76,25,19,19,1.0,1.0,1.0,25,25,25,1.0,0.12,0.12,25,3,3,1.0,0.04,0.04,25,1,1
[0.       0.500999 0.       ... 0.       0.       0.      ],"[ 1 15 19 23 38 28 48 23 35 54  7 26 35 26 39 47 48 37  6  3 55 40 36 23
 61 10  3 53 47 56  8 16 54  7 54 33 48 52  7 54 15 49 24 38 48 19 41  3
  7 48 59 44 10 48 47 15 55 54 49 15 47 47 49 44]","[21 15 19 23 38 28 48 23 35 54  7 26 35 26  2 47 48 37  6  3 55 40 36 23
 51 10  3 53 48 56 31 16 54  7 54 33 48 11  7 54 53 53 24 45 48 19 41  3
  7 48 25 44 44 48 47 49 55 54 49 15 47 47 49 44]",True,True,0.9375,0.90625,"[np.int64(42), np.int64(25), np.int64(62), np.int64(12), np.int64(0), np.int64(31), np.int64(11), np.int64(42), np.int64(34), np.int64(56), np.int64(23), np.int64(38), np.int64(47), np.int64(16), np.int64(9), np.int64(37), np.int64(35), np.int64(50), np.int64(4), np.int64(29), np.int64(29), np.int64(9), np.int64(14), np.int64(34), np.int64(36), np.int64(7), np.int64(44), np.int64(15), np.int64(19), np.int64(58), np.int64(61), np.int64(40), np.int64(8), np.int64(12), np.int64(14), np.int64(28), np.int64(46), np.int64(2), np.int64(24), np.int64(30), np.int64(63), np.int64(38), np.int64(54), np.int64(13), np.int64(0), np.int64(27), np.int64(41), np.int64(10), np.int64(1), np.int64(12), np.int64(18), np.int64(18), np.int64(47), np.int64(20), np.int64(6), np.int64(6), np.int64(27), np.int64(6), np.int64(47), np.int64(28), np.int64(11), np.int64(2), np.int64(17), np.int64(63)]","[np.int64(1), np.int64(38), np.int64(4), np.int64(49), np.int64(51), np.int64(26), np.int64(1), np.int64(2), np.int64(51), np.int64(34), np.int64(16), np.int64(21), np.int64(8), np.int64(21), np.int64(28), np.int64(46), np.int64(11), np.int64(5), np.int64(26), np.int64(49), np.int64(51), np.int64(45), np.int64(12), np.int64(13), np.int64(38), np.int64(49), np.int64(4), np.int64(38), np.int64(17), np.int64(26), np.int64(60), np.int64(46), np.int64(2), np.int64(63), np.int64(37), np.int64(51), np.int64(4), np.int64(38), np.int64(63), np.int64(1), np.int64(49), np.int64(32), np.int64(57), np.int64(3), np.int64(63), np.int64(10), np.int64(36), np.int64(61), np.int64(47), np.int64(3), np.int64(56), np.int64(2), np.int64(1), np.int64(32), np.int64(28), np.int64(24), np.int64(34), np.int64(54), np.int64(37), np.int64(31), np.int64(15), np.int64(52), np.int64(6), np.int64(46)]",False,False,0.0,0.0,"[ 1  9 19 23 38 28 48 23 18 54  7 33 35 26  2 59 10 37 24  3  8 40 36 23
 61 10  3 53 47 56  8 16 24  7 54 33 60 11  7 54 15 16 24 38 54 19 41  3
  7 38 24 55 44 19 47 61 55 54 49 18 47 47 36 40]","[ 1 15 37 23 38  8 35 23 35  1 26 26 35 26  2 47 10 37  6  3  8 40 36 23
 51 10  3 53 47 56 31 16 18  7 55 33 48 11  7 14 15 16 24 11 48 38 37  3
  7 48 24 55 10 19 47 15 55 54 49 18 47 55 36 44]",True,True,0.859375,0.953125,"[ 1 15 37 23 38 28 48 23 35 37 52 37 35 26 39 47 48 37  6  3  8  0 36 23
 50 52  3 34 48 56  8 16 18  7 41 33 60 11  7 54 63 53 24 25 52 19 41  3
  7 38 24 44 63 19 47 49 55 54 49 15 47 47 49 44]","[21  9 19 23 38  8 10 23 27 54  7 26 35 26  2 47 48 37 24  3 55 40 36 23
 50 10  3 53 48 56  8 16 24  7 27 33 48 11  7 14 53 49 24 11 54 10 37 28
  7 48 59 24 10 48 34 27  4 54 49 15 47 24 36 44]",False,True,0.0625,0.140625,0.04,1.0,1.0,1,1,25,0.04,1.0,1.0,1,1,25,1.0,0.0,0.0,25,0,0,1.0,0.0,0.0,25,0,0,1.0,0.8,0.8,25,20,20,1.0,1.0,1.0,25,25,25,1.0,0.08,0.08,25,2,2,1.0,0.04,0.04,25,1,1
[0.         0.         0.         ... 0.70781353 0.         0.500999  ],"[52 25 52 41 56 58 48 10 52 16 10 52 25 43 12 50 10 10 49 38 50 12 48  7
 12 10  7 50 60 43 23 17 50 41  7 53 46 38 10 34 52 17 44 10 38 26 17 54
 60 17 43 37 43 17 53 17 43 16 26 16 38 16 55  5]","[52 25 44 55 56 48 48 10 52 16 10 52 25 43 12 39 10 10 49 38 50 55 48 25
 12 10  7 50 57 43 23 17 50 41 43 59  0 38 10  9 55 17 44 10 38 26 17 42
 60 17 43 37 43 17 53 17 43 16  3 16 43 16 55  5]",True,True,0.9375,0.90625,"[np.int64(17), np.int64(32), np.int64(45), np.int64(16), np.int64(49), np.int64(33), np.int64(48), np.int64(56), np.int64(34), np.int64(13), np.int64(45), np.int64(8), np.int64(14), np.int64(33), np.int64(8), np.int64(35), np.int64(37), np.int64(13), np.int64(42), np.int64(48), np.int64(50), np.int64(53), np.int64(37), np.int64(1), np.int64(58), np.int64(60), np.int64(9), np.int64(31), np.int64(47), np.int64(21), np.int64(14), np.int64(14), np.int64(1), np.int64(50), np.int64(54), np.int64(32), np.int64(37), np.int64(59), np.int64(21), np.int64(53), np.int64(55), np.int64(19), np.int64(33), np.int64(5), np.int64(45), np.int64(57), np.int64(30), np.int64(14), np.int64(47), np.int64(20), np.int64(15), np.int64(18), np.int64(41), np.int64(12), np.int64(4), np.int64(41), np.int64(38), np.int64(52), np.int64(44), np.int64(20), np.int64(0), np.int64(37), np.int64(39), np.int64(57)]","[np.int64(42), np.int64(19), np.int64(49), np.int64(54), np.int64(29), np.int64(41), np.int64(43), np.int64(39), np.int64(35), np.int64(14), np.int64(53), np.int64(61), np.int64(6), np.int64(46), np.int64(14), np.int64(52), np.int64(4), np.int64(59), np.int64(53), np.int64(11), np.int64(52), np.int64(21), np.int64(36), np.int64(15), np.int64(27), np.int64(17), np.int64(41), np.int64(12), np.int64(33), np.int64(18), np.int64(40), np.int64(40), np.int64(49), np.int64(41), np.int64(8), np.int64(38), np.int64(40), np.int64(45), np.int64(51), np.int64(44), np.int64(53), np.int64(11), np.int64(14), np.int64(31), np.int64(7), np.int64(52), np.int64(11), np.int64(9), np.int64(48), np.int64(7), np.int64(39), np.int64(23), np.int64(51), np.int64(23), np.int64(56), np.int64(41), np.int64(3), np.int64(38), np.int64(27), np.int64(30), np.int64(38), np.int64(63), np.int64(14), np.int64(29)]",False,False,0.0,0.0,"[52 25 15 58 40 58 20 10 52  7 10 26 25 43 12 42 10 10 49 49 50 12  3 25
 12 10  7 50 59 43 39 17  3 41  7 53 46 51 10 34 52 17 61 10 52 26 17 54
 60 17 43 62 43 17 53 17 34 16 26 16 56 16 58  5]","[57 25 52 55 40 48 48 10 53  7 10 57 25 43 12 50 10 10 49 38 50 12 48 55
 12 10  7 50 60 43 39 17  3 40  7 53 46 38 10  9 55 17 61 10 38 42 17 42
 55 17 28 62 43 17 53 17 60 16 28 28 38 16 55  5]",True,True,0.859375,0.953125,"[57 25 46 31 56 48 20 10 52 49 10  3 58 43 12 42 10 10 48 29 50 12 62  7
 30 10 45 50 59 43 23 17  3 40  7 53 32 38 10 13 52 17 51 10 38 42 17 54
 22 17 43 62 55 17 53 17 43 28 26 16 43 16 58  5]","[57 25 44 11 56 58 48 10 15 16 10 57 58 39 12 39 10 10 48 38 50 54 48 30
 45 10 11 50 58 53 23 17 50 41  7 59 46 38 10 13 29 17 44 10 38 42 36 42
 55 17 43 42 43 29 21 23 60 11  3 16 43 16 58  5]",False,False,0.0625,0.140625,0.04,1.0,1.0,1,1,25,0.04,1.0,1.0,1,1,25,1.0,0.0,0.0,25,0,0,1.0,0.0,0.0,25,0,0,1.0,0.88,0.88,25,22,22,1.0,1.0,1.0,25,25,25,1.0,0.16,0.16,25,4,4,1.0,0.04,0.04,25,1,1
[0.500999   0.70781353 0.70781353 ... 0.         0.         0.        ],"[22 30 18 61  3  6  3 33 19 19 19 16 41 11  3  3 35 25 12 35 58 54  3 20
 36 35 12 62 29 35 35 61 19 35  9 41 26 26  4 47 43 41 35 29 19  7 33 54
 16 21 54 25 27 39 33 62 35 42 19 43 12 41 35 10]","[22 30 18 61  3  6  3 17  4  7 51 16 41 11  3  3 35 16 12 35 38 14  3 20
 36 35 12  3 25 35 31 61 19 35  9 41 26 26  4 47  6 41 35 29 19 15 33 38
 16 21 54 16 27 39 60  3 35 42 19 43 12 41 31 10]",True,True,0.9375,0.90625,"[np.int64(18), np.int64(48), np.int64(36), np.int64(2), np.int64(32), np.int64(2), np.int64(56), np.int64(38), np.int64(52), np.int64(37), np.int64(60), np.int64(39), np.int64(41), np.int64(45), np.int64(10), np.int64(10), np.int64(36), np.int64(62), np.int64(35), np.int64(58), np.int64(41), np.int64(40), np.int64(14), np.int64(53), np.int64(47), np.int64(48), np.int64(61), np.int64(23), np.int64(47), np.int64(39), np.int64(47), np.int64(20), np.int64(24), np.int64(14), np.int64(30), np.int64(44), np.int64(46), np.int64(11), np.int64(50), np.int64(18), np.int64(24), np.int64(6), np.int64(10), np.int64(22), np.int64(18), np.int64(44), np.int64(45), np.int64(3), np.int64(8), np.int64(43), np.int64(4), np.int64(63), np.int64(42), np.int64(20), np.int64(26), np.int64(0), np.int64(62), np.int64(63), np.int64(22), np.int64(59), np.int64(30), np.int64(20), np.int64(15), np.int64(35)]","[np.int64(28), np.int64(32), np.int64(46), np.int64(11), np.int64(17), np.int64(19), np.int64(20), np.int64(22), np.int64(28), np.int64(6), np.int64(57), np.int64(54), np.int64(47), np.int64(52), np.int64(56), np.int64(21), np.int64(41), np.int64(2), np.int64(35), np.int64(32), np.int64(34), np.int64(31), np.int64(63), np.int64(11), np.int64(42), np.int64(57), np.int64(48), np.int64(12), np.int64(32), np.int64(7), np.int64(38), np.int64(56), np.int64(47), np.int64(36), np.int64(34), np.int64(32), np.int64(2), np.int64(60), np.int64(36), np.int64(7), np.int64(49), np.int64(13), np.int64(28), np.int64(45), np.int64(22), np.int64(14), np.int64(39), np.int64(40), np.int64(56), np.int64(43), np.int64(31), np.int64(43), np.int64(6), np.int64(59), np.int64(2), np.int64(46), np.int64(17), np.int64(16), np.int64(34), np.int64(6), np.int64(38), np.int64(9), np.int64(62), np.int64(59)]",False,False,0.0,0.0,"[11 30 14 61 60 36  3 33  4  7 50 16 41 11  3  3 35  7 12 35 40 37  3 20
 36 35 12 62 48 35 35 61  4 35  9 41 26 26  4 47  6 41 35 29 11  7 33 57
  6 45  9 29 27 39 60 62 35 42 32 43 12 41 35 10]","[22 22 18 61 60 36  3 19 19 19 52 44 41 11  3 51 51 25 12 35 40 14  3 20
 36 35 12 62 29 35 35 61 19 35  9 41 15 26 48 52  6 41 35 29 19 15 33 54
  6 21 54 25  9 39 60 62 35 42 19 43 12 41 35 10]",True,True,0.859375,0.953125,"[11 30 18 61 60  6  5 32  4 50 51 16 41 11  3  3 35 25 12 35 38 14  3 20
 36 35 62 62 29 35 35 30 19 35  9 41 26 26 47 52 43 41 57 46 11 15 33 38
 38 45  9 54 27 39 60 62 35 42 43 43 12 41 27 10]","[11 30 18 15 32 48  3 19 19  7 19 44 41 11  4 51 35 25 12 35 38 37  3 20
 36 35 36 62 48 35 35 62 37 54  9 41 26 26  4 47  6 41 35 29 50  7 33 38
 16 21  9 16 10 39 60 54 22 42 20 43 54 41 35 10]",False,False,0.0625,0.140625,0.04,1.0,1.0,1,1,25,0.04,1.0,1.0,1,1,25,1.0,0.0,0.0,25,0,0,1.0,0.0,0.0,25,0,0,1.0,0.88,0.88,25,22,22,1.0,1.0,1.0,25,25,25,1.0,0.04,0.04,25,1,1,1.0,0.12,0.12,25,3,3
[0.500999   0.         0.         ... 0.         0.         1.00049988],"[38 53 14 41 54 52 15 61  4 38 12 17 38 36 14 30 59 57 17 54 36 16 50 36
  0 50 15 39 61 53  2  3 30 59 26 26 50 58 50 32 36 32 46  6 26 57 57 36
 40 36 30 52 36 30 15 25  7 30 15 32  9 53 49 17]","[46 53 14 41 54 52 15 46  4 38  3 17 38 59 14 30 59 57 17 54 36 16 50 36
  0 50 15 39 52 53  2  3 30 59 13  1 50 58 50 32 36 32 46  6 40 57 57 36
 40 36 30 27 36 30 15 41  7 30 15 32  9 53 49 17]",True,True,0.9375,0.90625,"[np.int64(10), np.int64(26), np.int64(59), np.int64(63), np.int64(44), np.int64(22), np.int64(63), np.int64(1), np.int64(15), np.int64(23), np.int64(10), np.int64(50), np.int64(47), np.int64(29), np.int64(30), np.int64(44), np.int64(28), np.int64(0), np.int64(12), np.int64(28), np.int64(55), np.int64(5), np.int64(46), np.int64(63), np.int64(29), np.int64(44), np.int64(49), np.int64(17), np.int64(61), np.int64(57), np.int64(54), np.int64(37), np.int64(52), np.int64(26), np.int64(51), np.int64(47), np.int64(60), np.int64(54), np.int64(0), np.int64(38), np.int64(38), np.int64(38), np.int64(48), np.int64(35), np.int64(7), np.int64(12), np.int64(28), np.int64(50), np.int64(39), np.int64(55), np.int64(6), np.int64(32), np.int64(26), np.int64(46), np.int64(54), np.int64(29), np.int64(32), np.int64(50), np.int64(8), np.int64(5), np.int64(51), np.int64(15), np.int64(52), np.int64(59)]","[np.int64(54), np.int64(29), np.int64(44), np.int64(39), np.int64(58), np.int64(50), np.int64(6), np.int64(32), np.int64(32), np.int64(4), np.int64(56), np.int64(19), np.int64(60), np.int64(13), np.int64(15), np.int64(56), np.int64(21), np.int64(51), np.int64(4), np.int64(51), np.int64(59), np.int64(52), np.int64(36), np.int64(47), np.int64(24), np.int64(43), np.int64(24), np.int64(4), np.int64(51), np.int64(12), np.int64(5), np.int64(7), np.int64(0), np.int64(23), np.int64(14), np.int64(25), np.int64(20), np.int64(6), np.int64(14), np.int64(9), np.int64(60), np.int64(32), np.int64(7), np.int64(53), np.int64(31), np.int64(43), np.int64(21), np.int64(28), np.int64(14), np.int64(42), np.int64(25), np.int64(2), np.int64(45), np.int64(43), np.int64(51), np.int64(55), np.int64(38), np.int64(25), np.int64(50), np.int64(24), np.int64(18), np.int64(40), np.int64(39), np.int64(58)]",False,False,0.0,0.0,"[38 53 14 41 55 52 15 46 60 38  0 28 59 59 14 30 59 57 17 54 36 16 50 58
 42 50 15 31 61 53  2  3 30 59 26 26 50 58 50 32 22 32  9 60 26 57 57 36
 40 36 30 47 36 30 58 41 60 30 15 32  9 50 49 17]","[38 53 14 10 54 51 15 26  4 38 12 17 59 59 14 30 59 57 24 54 36 16 50 36
  0 50 15 39 52 53  2  3 30 59 26 26 50 58 54 32 36 32 55  6  7 57 57 36
 62 36 30 47 36 30 15 38  7 30 54 32  9 53 10 17]",True,True,0.859375,0.953125,"[38 53 14 17 54 51 15 23 60 38  3 17 38  0 14 30 49 57 17 54 36 43 50 36
 42 50 15 31 42 53  2  3 30 44 26  7 13 58 50 32 22  3 46 34 26 57 57 36
 40 36 30 27 36 30 50 41  7 30 15 32  9 50 49 17]","[46 35 14 41 55 51 15 61  4 38  0 17 59 34 14 30  9 57 17 54 36 16 50 58
  0 55 15 21 42 52  2 27 30 59 42 26 50 58 50 32 48 32 28 21  7 57 57 37
 40  4 30 52 36 30 15 41  7 30 15 32 43 53 48 48]",True,False,0.0625,0.140625,0.04,1.0,1.0,1,1,25,0.04,1.0,1.0,1,1,25,1.0,0.0,0.0,25,0,0,1.0,0.0,0.0,25,0,0,1.0,0.76,0.76,25,19,19,1.0,1.0,1.0,25,25,25,1.0,0.0,0.0,25,0,0,1.0,0.12,0.12,25,3,3
[0.500999   0.         0.         ... 1.00049988 0.500999   0.500999  ],"[43 32 17 43 46 46 17 31  5 50 21 43 13 46 62  7 33 48 48 37 13 43  3 37
 11  3 31  5 54 43 50 46 33 48 57 37 31 13  4 61 21 57 35 46 11 33 46 10
 46 29 43 13 21 50 31 50 44  4 17 57 49 29 11 62]","[43 32 17 43 46 46 17 31 48 12  0 43 13 46 41  7 33  4 48 37  4 43 41 37
  0 29 31  5 57 43 41 46 33 48 57 37 37 13  4 61 21 57 35 46 11 33 46 10
 46 29 43 13 57 17 29 41 22  4 17 57 41 29 11 28]",True,True,0.9375,0.90625,"[np.int64(43), np.int64(20), np.int64(14), np.int64(8), np.int64(40), np.int64(11), np.int64(38), np.int64(51), np.int64(25), np.int64(37), np.int64(29), np.int64(42), np.int64(61), np.int64(2), np.int64(14), np.int64(5), np.int64(34), np.int64(19), np.int64(27), np.int64(17), np.int64(37), np.int64(37), np.int64(38), np.int64(10), np.int64(43), np.int64(50), np.int64(49), np.int64(58), np.int64(63), np.int64(54), np.int64(53), np.int64(29), np.int64(14), np.int64(12), np.int64(31), np.int64(57), np.int64(7), np.int64(21), np.int64(36), np.int64(46), np.int64(16), np.int64(25), np.int64(45), np.int64(37), np.int64(31), np.int64(51), np.int64(10), np.int64(52), np.int64(31), np.int64(31), np.int64(31), np.int64(51), np.int64(23), np.int64(33), np.int64(15), np.int64(18), np.int64(13), np.int64(40), np.int64(34), np.int64(36), np.int64(53), np.int64(61), np.int64(12), np.int64(44)]","[np.int64(27), np.int64(6), np.int64(49), np.int64(53), np.int64(60), np.int64(6), np.int64(18), np.int64(23), np.int64(26), np.int64(54), np.int64(35), np.int64(26), np.int64(5), np.int64(30), np.int64(55), np.int64(33), np.int64(61), np.int64(18), np.int64(23), np.int64(8), np.int64(47), np.int64(5), np.int64(54), np.int64(38), np.int64(42), np.int64(25), np.int64(13), np.int64(32), np.int64(24), np.int64(38), np.int64(44), np.int64(18), np.int64(5), np.int64(63), np.int64(28), np.int64(52), np.int64(15), np.int64(41), np.int64(44), np.int64(60), np.int64(14), np.int64(6), np.int64(15), np.int64(56), np.int64(5), np.int64(35), np.int64(15), np.int64(47), np.int64(61), np.int64(39), np.int64(35), np.int64(7), np.int64(39), np.int64(61), np.int64(40), np.int64(54), np.int64(6), np.int64(28), np.int64(30), np.int64(43), np.int64(6), np.int64(40), np.int64(34), np.int64(32)]",False,False,0.0,0.0,"[51 32 21 43 46 46 17 31  5 35 26 37 13 46 62  7 33 48 48 26 13 10  3 44
 11  3 31  5 54 43  9 46 33 48 57 37 31 13  4 61 21 57 35 46 11 33 46 10
 46 29 43 13 21 17 31 41 44 59 17  8 35 29 11 28]","[43 32 61 43 46 46 17 31  5 50  0 43 13 46 62  7 33 48 48 59  4 43 41 58
  0  3 31  5 62 43 50 46 33 48 57 37 37 13  4 61 21 29 35 46 11 33 46 10
 46 29 43  0 57 50 31 41 22  4 17  8 41 49 11 62]",True,True,0.859375,0.953125,"[27 32 17 43 46 46 17 31  5 12 21 43 13 46 62  7 33  4 53 26 13 36  3 37
 11 23 31  0 54 43  9 46 33 48 57 37 57 13  4 61 21 57 35 46 11 33 46 10
 46 29 55 13 21 17 31  6 22 29 17  8 35 49 11  1]","[43 63 61 43 46 46 17 17  5 12 61 43 24 46 41  7 33  4 48 37  0 43  3 58
 11 29 31  0 63 43 41 46 33 48 57  9 57 11  4 61 10 57 35 46 23 33 46 10
 46  3 43  0 60  7 29 50 22 59 60  8 41  2 24 28]",False,False,0.0625,0.140625,0.04,1.0,1.0,1,1,25,0.04,1.0,1.0,1,1,25,1.0,0.0,0.0,25,0,0,1.0,0.0,0.0,25,0,0,1.0,0.84,0.84,25,21,21,1.0,1.0,1.0,25,25,25,1.0,0.08,0.08,25,2,2,1.0,0.28,0.28,25,7,7
[0.500999 0.       0.       ... 0.       0.       0.      ],"[37 57  8 16  5  9 46  2 44 42 56 43 20 59 50 16 61 53 22 26 57  2 50 47
 50  0 19  8 14 37 29 37 37 43 31 43 43 51 60 14 62 54 44 53 59 17  8  8
 29  8 13 59 57 51 43 52 33 53 14 59 57 32 43 36]","[37 57  8 16  5 11 46  2 44 42 56 29 20 59 50 16 61 53 22 26 32  2 50 20
 50  0 19  8 29 37 29 37 37 27 31 43 32 51 60 32 54 54 44 53 59 14 37  8
 29  8 13 59 31 51 31 52 12 53 14 59 57 32 43 36]",False,False,0.9375,0.90625,"[np.int64(41), np.int64(25), np.int64(3), np.int64(14), np.int64(23), np.int64(27), np.int64(25), np.int64(54), np.int64(30), np.int64(2), np.int64(29), np.int64(28), np.int64(43), np.int64(41), np.int64(6), np.int64(14), np.int64(12), np.int64(13), np.int64(20), np.int64(45), np.int64(42), np.int64(5), np.int64(45), np.int64(45), np.int64(58), np.int64(6), np.int64(46), np.int64(42), np.int64(53), np.int64(9), np.int64(29), np.int64(6), np.int64(57), np.int64(55), np.int64(53), np.int64(43), np.int64(22), np.int64(41), np.int64(52), np.int64(33), np.int64(44), np.int64(15), np.int64(59), np.int64(48), np.int64(59), np.int64(26), np.int64(11), np.int64(44), np.int64(61), np.int64(17), np.int64(29), np.int64(21), np.int64(47), np.int64(50), np.int64(50), np.int64(44), np.int64(29), np.int64(6), np.int64(56), np.int64(47), np.int64(62), np.int64(12), np.int64(45), np.int64(10)]","[np.int64(63), np.int64(37), np.int64(13), np.int64(45), np.int64(38), np.int64(41), np.int64(52), np.int64(28), np.int64(62), np.int64(52), np.int64(61), np.int64(49), np.int64(55), np.int64(7), np.int64(10), np.int64(21), np.int64(19), np.int64(12), np.int64(44), np.int64(32), np.int64(50), np.int64(52), np.int64(63), np.int64(31), np.int64(42), np.int64(51), np.int64(28), np.int64(2), np.int64(11), np.int64(18), np.int64(24), np.int64(35), np.int64(36), np.int64(55), np.int64(56), np.int64(35), np.int64(34), np.int64(42), np.int64(6), np.int64(61), np.int64(52), np.int64(16), np.int64(18), np.int64(10), np.int64(13), np.int64(30), np.int64(56), np.int64(37), np.int64(32), np.int64(37), np.int64(62), np.int64(6), np.int64(11), np.int64(37), np.int64(21), np.int64(53), np.int64(31), np.int64(27), np.int64(41), np.int64(52), np.int64(15), np.int64(61), np.int64(55), np.int64(29)]",False,False,0.0,0.0,"[37 57  8 16  5  9 46 54 44 11 56 43 20 59 57  3 61 53 22 51 57  2  9 54
 52  0 19  0 14 37 52 54  0 29 25 43 43 51 60 14 54 54 44 53 59 17 37  8
 29  8 13 59 31 51 43 52 12 53 14 59 57 35  7 25]","[37 57 43 16  5 11 46 36 44 42 56 29 20 59 36 16 61 53 16 44 32 36 50 20
 52 63 44 53 29 37 29 37 37 29  0 22 32 51 60 32 54 54 44 53 59 17  8  8
 29  8 13 59 31 51 31 52 33 53 14 59 57 32 43 36]",True,False,0.859375,0.953125,"[27 57 46 16  5  4 41 54 44 42 56  9 62 59 50  3 61 53 22 26 36  2  9 47
 50 33 19  0 29 37 29 37 36 29  0 22  7 31 60 32 54 54 44 53 59 17  8  8
 29 32 13 59 30 51  7  3 10 53 14 59 38 49  7 25]","[37 57 43 55  5  9 46 36 44 42 56 29 62 59 29 16 61 53 22 26 46 36  9 47
 47 34 19  0 14 30 29 37  0 27  0 22 63 51 60 32 54  6 44 36 59 14 37  8
 29 32 14 59 31 51 43 52 33 52 14 59 57 49 43 36]",False,False,0.0625,0.140625,0.04,0.0,0.0,1,0,0,0.04,0.0,0.0,1,0,0,1.0,0.0,0.0,25,0,0,1.0,0.0,0.0,25,0,0,1.0,0.56,0.56,25,14,14,1.0,0.64,0.64,25,16,16,1.0,0.0,0.0,25,0,0,1.0,0.08,0.08,25,2,2
[0.       0.       0.       ... 0.500999 0.500999 0.      ],"[51 25 20 44 54 42 14 54 10 26 33  7 38 41 51 46 25 51 28 36 54 54 10 32
 32 33 56 10 32 10 33 47 54 33 27 49 57 20 10 10 49 42 54  7 26 10 51 51
 28 54 16 33 54 54 33 45 33 56 53 51 52 45 23 42]","[51 25 63 63 54 42  9 54 10 29 33  7 38 43 51 46 25 51 28 36 54 54 10  9
 32 33 56 10 39 10 33 35 54 33 52 49 52  9 10 10 49 42 54  7 26 10 51 51
 28 10 16 33 54 54 33 45 33 56 60 51 29 45 63 42]",True,True,0.9375,0.90625,"[np.int64(29), np.int64(49), np.int64(14), np.int64(51), np.int64(33), np.int64(33), np.int64(43), np.int64(56), np.int64(34), np.int64(0), np.int64(61), np.int64(47), np.int64(41), np.int64(41), np.int64(22), np.int64(30), np.int64(57), np.int64(27), np.int64(19), np.int64(18), np.int64(37), np.int64(8), np.int64(13), np.int64(28), np.int64(59), np.int64(0), np.int64(19), np.int64(50), np.int64(33), np.int64(58), np.int64(59), np.int64(41), np.int64(11), np.int64(28), np.int64(32), np.int64(32), np.int64(6), np.int64(38), np.int64(39), np.int64(47), np.int64(50), np.int64(0), np.int64(56), np.int64(47), np.int64(55), np.int64(22), np.int64(38), np.int64(28), np.int64(12), np.int64(54), np.int64(37), np.int64(48), np.int64(56), np.int64(43), np.int64(29), np.int64(7), np.int64(44), np.int64(10), np.int64(36), np.int64(4), np.int64(48), np.int64(11), np.int64(50), np.int64(44)]","[np.int64(8), np.int64(12), np.int64(37), np.int64(49), np.int64(29), np.int64(24), np.int64(53), np.int64(17), np.int64(62), np.int64(62), np.int64(5), np.int64(27), np.int64(53), np.int64(17), np.int64(56), np.int64(16), np.int64(61), np.int64(32), np.int64(24), np.int64(52), np.int64(20), np.int64(29), np.int64(21), np.int64(13), np.int64(21), np.int64(42), np.int64(5), np.int64(31), np.int64(30), np.int64(50), np.int64(13), np.int64(4), np.int64(55), np.int64(4), np.int64(39), np.int64(43), np.int64(28), np.int64(35), np.int64(35), np.int64(34), np.int64(34), np.int64(61), np.int64(1), np.int64(61), np.int64(51), np.int64(21), np.int64(53), np.int64(1), np.int64(1), np.int64(10), np.int64(10), np.int64(56), np.int64(38), np.int64(62), np.int64(31), np.int64(35), np.int64(57), np.int64(45), np.int64(57), np.int64(28), np.int64(37), np.int64(1), np.int64(62), np.int64(30)]",False,False,0.0,0.0,"[51 25 20 36 54 47 14 54 10 26 33  7 38 43 51  1 25 45 28 36 54 54 47 62
 43 33 56 10 20 10 33 47 54 33 27 49 57 28 14 10  0 42 54  7 26  7 51 51
 37 10 16 33 54 54 33 21 33 56 53 51 29 63 63 42]","[51 15 20 43  8 42 26 54 10 29 33  7 28 43 51 46 25 51 28 36 54 54 47  9
 43 33 56 10 39 10 33 35 54 33 27 49  3 28 10 10  0 42 54  7  3 10 51 51
 37 54 16 33 54 54 33 21 33 56 60 51 29  4 55 42]",True,True,0.859375,0.953125,"[26 25 20 41  8 42  9 17 10 29 33 50 28 41 51  1 50 45 34 36 54 54 47 32
 32 33 56 10 39 10 33 47 54 33 27 49 57  9 10 10  0 42 54  7 26 46 45 51
 37 10 16 33 54 54 33 45 33 56 53 51 29 63 55 62]","[27 25 63 44  8 47 26 54 10 29 33  7 15 43 20 46 25 45 34 36 54 37  4 62
 32 33 56 10 39 10 33 50 54 33 52 31  3 28 14 38  0  3 54  7 26 46 51  5
 28 10 16 33 54 54 33 21 33 27 60 51 29  4 55 61]",False,False,0.0625,0.140625,0.04,1.0,1.0,1,1,25,0.04,1.0,1.0,1,1,25,1.0,0.0,0.0,25,0,0,1.0,0.0,0.0,25,0,0,1.0,0.92,0.92,25,23,23,1.0,1.0,1.0,25,25,25,1.0,0.16,0.16,25,4,4,1.0,0.08,0.08,25,2,2
[0.500999   0.         0.         ... 0.70781353 0.70781353 0.        ],"[50 52 16 31  1 62 42 31 31  8 17 23 25 31 23 23 37 37 24 42 43 24 48 23
 37 16 24 51 39 37 37 15 48 24 30 20  7 23 49 37 11 51 23 53 52 27 17 17
 37 31 17 19 24 11 60 31  2 16 37 19 42 55 15 56]","[50 52 16 31  1 19 42 31 31  8 17 23 25 31 23 23 37 37 24 42 54 24 48 23
 37 34 24 51 39 37 37 15 48 24 30  9 57 23 58 37 11 49 23 53 34 27 17 17
 37 31 24  8 24 11 60 31  2 34 37 13 42 55 15 56]",True,True,0.9375,0.90625,"[np.int64(21), np.int64(43), np.int64(28), np.int64(49), np.int64(11), np.int64(62), np.int64(43), np.int64(55), np.int64(54), np.int64(38), np.int64(62), np.int64(23), np.int64(27), np.int64(50), np.int64(16), np.int64(60), np.int64(49), np.int64(48), np.int64(21), np.int64(28), np.int64(35), np.int64(19), np.int64(3), np.int64(62), np.int64(57), np.int64(0), np.int64(52), np.int64(34), np.int64(47), np.int64(28), np.int64(14), np.int64(19), np.int64(22), np.int64(41), np.int64(50), np.int64(62), np.int64(24), np.int64(21), np.int64(25), np.int64(22), np.int64(50), np.int64(33), np.int64(10), np.int64(7), np.int64(57), np.int64(23), np.int64(54), np.int64(48), np.int64(20), np.int64(45), np.int64(17), np.int64(11), np.int64(47), np.int64(45), np.int64(55), np.int64(24), np.int64(40), np.int64(14), np.int64(57), np.int64(34), np.int64(48), np.int64(37), np.int64(29), np.int64(63)]","[np.int64(42), np.int64(37), np.int64(49), np.int64(62), np.int64(17), np.int64(44), np.int64(43), np.int64(34), np.int64(13), np.int64(16), np.int64(60), np.int64(42), np.int64(57), np.int64(44), np.int64(23), np.int64(49), np.int64(17), np.int64(53), np.int64(33), np.int64(41), np.int64(30), np.int64(8), np.int64(14), np.int64(50), np.int64(6), np.int64(32), np.int64(48), np.int64(44), np.int64(11), np.int64(14), np.int64(2), np.int64(26), np.int64(2), np.int64(1), np.int64(7), np.int64(46), np.int64(49), np.int64(40), np.int64(26), np.int64(34), np.int64(12), np.int64(9), np.int64(15), np.int64(3), np.int64(58), np.int64(4), np.int64(27), np.int64(18), np.int64(36), np.int64(59), np.int64(48), np.int64(40), np.int64(20), np.int64(53), np.int64(9), np.int64(46), np.int64(44), np.int64(28), np.int64(57), np.int64(13), np.int64(3), np.int64(51), np.int64(18), np.int64(34)]",False,False,0.0,0.0,"[21 52 16 55 45 62 42 39 62  8 17 23 57 31 23 23 37 37 26 42 43 31  5 23
 37 16 24 51 39 37 37 15 48 60 49  9  7 23 49 37 30 46 23 53 52 27 28 51
 42  5 24 32 24 11 49 31  2 16 60 19 42 55 15 56]","[50 52 13 31  1 49 42 31 31  8 17 23 25 31 23 23 37 37 24 42 54 24 53 23
 37 34 18 51 46 37 37 15 48 60 49  9  7 23 49 37 30 51 23 54 34 35 17 17
 37 54 60 47 49 11 60 31  2 34 37 19 42 55 15 56]",True,True,0.859375,0.953125,"[50 52 56 55 45 21 42 31 31  8 17 23 57 18 23 23 54 46 51 42 54 31 52 23
 37 16 24 51 25 37 37 15 48 60 25  9 57 23 58 37 11 51 23  8 34 27 17 51
 42 31 17 47 22 11 16 31 45 16 37 13 42 55  8 56]","[50 52 13 31 45 19 24 31 31  8 17 23 25 47 23 23 54 37 51 42 54  0 53 23
  6 54 50 51 39 62 37 55 51 60 30 56 57 23 58 37 11 51 23 53 34 27 17 17
 42  5 60  8 22 11 16 31  2 34 37 13 42 55 29 56]",False,False,0.0625,0.140625,0.04,1.0,1.0,1,1,25,0.04,1.0,1.0,1,1,25,1.0,0.0,0.0,25,0,0,1.0,0.0,0.0,25,0,0,1.0,0.92,0.92,25,23,23,1.0,1.0,1.0,25,25,25,1.0,0.04,0.04,25,1,1,1.0,0.12,0.12,25,3,3
[0.         0.         0.         ... 0.         0.70781353 0.        ],"[43 28 16 58 53  2 63  4 53 26  2 19 47  4 36 53 59 59 20 59 16 35 48 18
 63 14 16 47 16 30 36 43 36  8 46 27 19 22  5 62 28 13 32 53 53 56 26 16
 59 48 22 17  4 59 14 44  2 46 22 59 36 56 26  2]","[43 15 16 56 53  2 56  4 53 26  4 19 47  4 36 53 59 59 28 59 16 35 48 18
  3 14 16  4 16 30 36 43 36  8 46 27 19 22  5 62 28  3 33 53 53 56 26 16
 59 48 28 17  4 59 14 10  2 52  4 59 36 56 31  2]",True,True,0.9375,0.90625,"[np.int64(57), np.int64(39), np.int64(56), np.int64(58), np.int64(6), np.int64(34), np.int64(50), np.int64(28), np.int64(32), np.int64(20), np.int64(0), np.int64(50), np.int64(30), np.int64(24), np.int64(25), np.int64(12), np.int64(41), np.int64(37), np.int64(54), np.int64(44), np.int64(15), np.int64(42), np.int64(63), np.int64(36), np.int64(37), np.int64(63), np.int64(48), np.int64(9), np.int64(21), np.int64(32), np.int64(4), np.int64(13), np.int64(26), np.int64(18), np.int64(28), np.int64(6), np.int64(45), np.int64(38), np.int64(27), np.int64(4), np.int64(48), np.int64(28), np.int64(24), np.int64(22), np.int64(18), np.int64(46), np.int64(53), np.int64(30), np.int64(43), np.int64(7), np.int64(13), np.int64(58), np.int64(21), np.int64(30), np.int64(30), np.int64(28), np.int64(42), np.int64(63), np.int64(63), np.int64(8), np.int64(56), np.int64(8), np.int64(19), np.int64(9)]","[np.int64(43), np.int64(46), np.int64(6), np.int64(48), np.int64(58), np.int64(5), np.int64(36), np.int64(49), np.int64(47), np.int64(32), np.int64(57), np.int64(15), np.int64(10), np.int64(34), np.int64(26), np.int64(37), np.int64(38), np.int64(23), np.int64(22), np.int64(51), np.int64(63), np.int64(42), np.int64(54), np.int64(10), np.int64(11), np.int64(1), np.int64(40), np.int64(52), np.int64(15), np.int64(8), np.int64(58), np.int64(5), np.int64(54), np.int64(26), np.int64(2), np.int64(44), np.int64(42), np.int64(13), np.int64(29), np.int64(14), np.int64(62), np.int64(3), np.int64(31), np.int64(34), np.int64(53), np.int64(53), np.int64(9), np.int64(51), np.int64(0), np.int64(32), np.int64(47), np.int64(16), np.int64(7), np.int64(23), np.int64(0), np.int64(5), np.int64(29), np.int64(57), np.int64(30), np.int64(44), np.int64(37), np.int64(23), np.int64(49), np.int64(17)]",False,False,0.0,0.0,"[63 15 16 54 53  2 37  4 53 26 55 19 47 10 36 14 59 59 20 59 16 35 48 18
  3 14 16  4 16 30 36 11 36  8 46 40 22 22  5  6 28  3 32 28 53 56  7 16
 59 48 22 17  4 59 14 30 15 52 22 59 49 32 41  6]","[63 28 16 56 53  2 52  8 53 30  4 19 63 12 36 53 59 59 28 59  2 35 36 18
  3 14 16  4 16 30  2 43 36  8 46 34 19 44  5 62 28 13 12 53 53 56  7 16
 59 48 28 17  4 59 14 10 60 52 22 59 36 56 31  2]",True,True,0.859375,0.953125,"[43 28 16 60 53 32 63 46 50 26 13 19 63 10 36 53 59 59 20 59  2 35 36 18
 50 29 16  4 16 39 55 51 36 42 46 27 19 44  5 62 28 13 12 53 14 56  7 16
 59 48 24 17  6 59 31 44  2 52  4 59 36 56 26 24]","[43 15 10 56 53  2 52 46 53 30  4 19 13  4 15 53 59 59 60 59 16 35 48 18
 63 57 52  4 16 30 26 51 36 42 46 27 22 22  5 29 51  3 33 28 53 56  7 12
 59 48 24 17  6 59  3  3  2 46 22 59 18 56 31  6]",False,False,0.0625,0.140625,0.04,1.0,1.0,1,1,25,0.04,1.0,1.0,1,1,25,1.0,0.0,0.0,25,0,0,1.0,0.0,0.0,25,0,0,1.0,0.84,0.84,25,21,21,1.0,1.0,1.0,25,25,25,1.0,0.12,0.12,25,3,3,1.0,0.08,0.08,25,2,2
[0.         1.00049988 0.         ... 0.         0.         1.00049988],"[24 45 48 63  8 62 50 23 22 51 34 22 61 43 48 42 21 16 47 63 21 18 55 63
 47 43 22 51 30 22 22 42 45 30 50 61 21 57  3 24 21 29 60 18 24 18 23 47
 43 61 60 24  8 54 22 47 53 50 36 57 47 62 18 60]","[24 45 48 63  8 62 50 23 51  0 34 44 25 43 48 21 21  6 47  9 21 18 55 14
 47 43 39  8 48 22 22 42 45  9 43 48 21 26  3 24 21 31 60 18 24 18 23 47
 43 61 60 24 48 19 61 47  4 50 36 57 47  0 18 60]",True,True,0.9375,0.90625,"[np.int64(0), np.int64(33), np.int64(11), np.int64(23), np.int64(60), np.int64(36), np.int64(40), np.int64(12), np.int64(3), np.int64(8), np.int64(28), np.int64(33), np.int64(48), np.int64(3), np.int64(58), np.int64(56), np.int64(21), np.int64(17), np.int64(37), np.int64(6), np.int64(19), np.int64(6), np.int64(25), np.int64(59), np.int64(8), np.int64(55), np.int64(15), np.int64(53), np.int64(50), np.int64(30), np.int64(51), np.int64(7), np.int64(61), np.int64(6), np.int64(43), np.int64(44), np.int64(45), np.int64(12), np.int64(56), np.int64(3), np.int64(30), np.int64(36), np.int64(54), np.int64(7), np.int64(23), np.int64(33), np.int64(9), np.int64(39), np.int64(27), np.int64(21), np.int64(36), np.int64(59), np.int64(57), np.int64(57), np.int64(48), np.int64(37), np.int64(52), np.int64(34), np.int64(15), np.int64(12), np.int64(27), np.int64(46), np.int64(50), np.int64(22)]","[np.int64(13), np.int64(46), np.int64(39), np.int64(53), np.int64(41), np.int64(4), np.int64(6), np.int64(8), np.int64(27), np.int64(36), np.int64(42), np.int64(0), np.int64(10), np.int64(3), np.int64(38), np.int64(28), np.int64(11), np.int64(18), np.int64(23), np.int64(55), np.int64(2), np.int64(7), np.int64(47), np.int64(12), np.int64(55), np.int64(50), np.int64(61), np.int64(19), np.int64(36), np.int64(4), np.int64(63), np.int64(52), np.int64(43), np.int64(55), np.int64(33), np.int64(29), np.int64(6), np.int64(20), np.int64(11), np.int64(50), np.int64(3), np.int64(53), np.int64(7), np.int64(52), np.int64(0), np.int64(46), np.int64(33), np.int64(33), np.int64(43), np.int64(34), np.int64(53), np.int64(26), np.int64(26), np.int64(37), np.int64(30), np.int64(4), np.int64(56), np.int64(24), np.int64(53), np.int64(41), np.int64(43), np.int64(37), np.int64(14), np.int64(5)]",False,False,0.0,0.0,"[24 45 48 63  8 62 39  5 22 21 49 22 29 43 23 42 26 26 47 22 21 18 45 63
 47 20 22  8 30 22 22 29 45  6 50 48 21 57  3 24 21 31 60 18 24 18 23 47
 34 61 60 24 48 54 22 47 53 50 36 11 47  0 18 60]","[24 45  6 33  8 62 50 23 57 51 14 44 25 52 48 48 21 16 47  9 21 50  8 63
 47 43 39  8 48 31 33  6 45 48 50 48 21 57  3 61 21 31 55 34 24 18 23 47
 21  3 60 24 48 54 61 47 10 50 36 33 47  0 18 60]",True,True,0.859375,0.953125,"[62 35  6 63  8 62 50 23 51 51 14 22 29 43 48 42 21  6 47 22 21 15 55 63
 47 33 17  8 48 22 33 42 45 30 50  1 61 57  3 24 19 29 55 48 30 18 23 47
 14 61 60 24 13 54 22 47 53 48 36 11 47 39 18 60]","[62 45 48 33  8 44 39  1 22 21 34 22 25 40 48 21 21  6 47  9 21 18 30 14
 47 20 22 51 48 22 33  6 33 25 50 48 21 57 59 24 21 29 60 18 24 18 23 47
 21 61 60 24 61 19 22 47  4 37 10 33 47  0 61 19]",False,False,0.0625,0.140625,0.04,1.0,1.0,1,1,25,0.04,1.0,1.0,1,1,25,1.0,0.0,0.0,25,0,0,1.0,0.0,0.0,25,0,0,1.0,0.92,0.92,25,23,23,1.0,1.0,1.0,25,25,25,1.0,0.04,0.04,25,1,1,1.0,0.24,0.24,25,6,6
[0.500999 0.       0.       ... 0.       0.       0.500999],"[36 30 63 15 63 52 15 47 24 30 21 44 21 15 53 25  3 48 16  0 23  6 63  5
 53 25 52 13  0 55  7 26  0 55 62 54 15 55 63 63 22 33  0 53 27 59 43 15
 49 59 51 47  6  3 63  6  0 27  0 47 52 30 59 36]","[36 30 27 15 63 38 15 47 18  4 21 44 21 15 53 25  3 48 16  0 23  6 63  5
 53 25 52 13  0 18  7 26  0 55 62 54 15 55 53 14 22 33  0 53 27 59 14 15
 54 59 49 47  6  3 63  6  0 27  0  3 63  8 59 36]",True,True,0.9375,0.90625,"[np.int64(62), np.int64(18), np.int64(38), np.int64(58), np.int64(0), np.int64(0), np.int64(19), np.int64(38), np.int64(56), np.int64(55), np.int64(52), np.int64(38), np.int64(55), np.int64(10), np.int64(1), np.int64(59), np.int64(40), np.int64(22), np.int64(25), np.int64(28), np.int64(26), np.int64(11), np.int64(14), np.int64(21), np.int64(45), np.int64(33), np.int64(40), np.int64(22), np.int64(30), np.int64(15), np.int64(46), np.int64(43), np.int64(35), np.int64(63), np.int64(10), np.int64(30), np.int64(20), np.int64(2), np.int64(2), np.int64(16), np.int64(31), np.int64(51), np.int64(15), np.int64(10), np.int64(14), np.int64(0), np.int64(32), np.int64(14), np.int64(15), np.int64(14), np.int64(0), np.int64(25), np.int64(26), np.int64(50), np.int64(32), np.int64(50), np.int64(25), np.int64(38), np.int64(38), np.int64(3), np.int64(54), np.int64(7), np.int64(48), np.int64(29)]","[np.int64(55), np.int64(7), np.int64(16), np.int64(63), np.int64(22), np.int64(44), np.int64(18), np.int64(47), np.int64(32), np.int64(47), np.int64(19), np.int64(25), np.int64(45), np.int64(0), np.int64(26), np.int64(3), np.int64(3), np.int64(8), np.int64(3), np.int64(19), np.int64(3), np.int64(41), np.int64(53), np.int64(13), np.int64(38), np.int64(12), np.int64(29), np.int64(10), np.int64(60), np.int64(18), np.int64(10), np.int64(50), np.int64(14), np.int64(45), np.int64(55), np.int64(50), np.int64(8), np.int64(26), np.int64(1), np.int64(34), np.int64(20), np.int64(0), np.int64(51), np.int64(20), np.int64(28), np.int64(20), np.int64(3), np.int64(19), np.int64(35), np.int64(45), np.int64(13), np.int64(10), np.int64(53), np.int64(55), np.int64(31), np.int64(63), np.int64(9), np.int64(15), np.int64(4), np.int64(32), np.int64(63), np.int64(60), np.int64(58), np.int64(25)]",False,False,0.0,0.0,"[36 30 63 15 63 52 15 47  5 30 21 44  7 15 53 25 55 41 16  0 23  6 39  5
 53 25 10 51 37 55 23 26  0 55  8 54 15 55 53 45 22 33  0 52 27 59 10 15
 49 59 51 47  6  3 51  6  0 27 14  3 63 11 21 36]","[36 30 63 15 63 38 15 47 24  4 21 61  7 15 55 25  3 41 16  0 23  6 63 30
 60 25 52 55  0 55  7 26  0 55  8 54 15 55 63 14 28 33 24 53  4 39 14 15
 39 38 51 47  5  3 51  6 60 52  0  3 63  8 33 36]",False,True,0.859375,0.953125,"[36 30 27 15 63 38 15 47 18  4 21 61 19 15 46 25  3 48  8 57 61  6 63 30
 39 25 10 13  0 55  9 56  0 62 62 54 15 55 53 45 30 33  0 52 24 59 14 15
 39 59 51 21 57  3 63 33 57 43 14  3 52  8 33 36]","[36 30 63 15 49 52 15 47 24  4 57 44 21 15 55 25 55 48 29 33 23 55 24  5
 53 25 52 51 40 55 40 26 22 55 62 54 15 55  5 24 22 33 24 53 27 39 10 15
 39 38 51 47  6  3 51  6  0 56 14 47 52  8 59 36]",False,True,0.0625,0.140625,0.04,1.0,1.0,1,1,25,0.04,1.0,1.0,1,1,25,1.0,0.0,0.0,25,0,0,1.0,0.0,0.0,25,0,0,1.0,0.92,0.92,25,23,23,1.0,1.0,1.0,25,25,25,1.0,0.0,0.0,25,0,0,1.0,0.0,0.0,25,0,0
[0.       0.       0.       ... 0.       0.       0.500999],"[42 20 13 36 25 46 57 15 16 17 54 21 53 61 62 53 25 15 39 26 22 62 15 37
 32 62 61 41 40 61 10 15  7 13 25 61 22 22 16 25 25 12 12 63 57 12 53 28
 41 36 35 52 26 53 15 52 26  7 40 10  7 46 53 21]","[ 5 20 13 36 25 46 57 15 24 17 41 39 53 61 62 53 25 15  0 26 14 62 15  6
 20 62 61 41 40 41 10 15 41 13 25 61 22 22 16  5 25 12 12 63 57 12 53  8
 41 52  4 52 10 53 15 52 26  7  0 10 21 46 53 48]",True,True,0.9375,0.90625,"[np.int64(22), np.int64(33), np.int64(53), np.int64(11), np.int64(58), np.int64(1), np.int64(22), np.int64(20), np.int64(40), np.int64(46), np.int64(31), np.int64(2), np.int64(33), np.int64(56), np.int64(2), np.int64(26), np.int64(23), np.int64(27), np.int64(16), np.int64(54), np.int64(19), np.int64(16), np.int64(21), np.int64(33), np.int64(42), np.int64(57), np.int64(52), np.int64(15), np.int64(46), np.int64(51), np.int64(59), np.int64(5), np.int64(59), np.int64(46), np.int64(7), np.int64(53), np.int64(48), np.int64(28), np.int64(5), np.int64(47), np.int64(15), np.int64(50), np.int64(17), np.int64(9), np.int64(56), np.int64(10), np.int64(24), np.int64(15), np.int64(2), np.int64(12), np.int64(5), np.int64(2), np.int64(22), np.int64(42), np.int64(28), np.int64(5), np.int64(59), np.int64(14), np.int64(38), np.int64(22), np.int64(26), np.int64(21), np.int64(62), np.int64(12)]","[np.int64(34), np.int64(4), np.int64(7), np.int64(46), np.int64(44), np.int64(28), np.int64(39), np.int64(5), np.int64(6), np.int64(1), np.int64(46), np.int64(20), np.int64(20), np.int64(28), np.int64(61), np.int64(10), np.int64(40), np.int64(43), np.int64(8), np.int64(4), np.int64(38), np.int64(60), np.int64(61), np.int64(32), np.int64(5), np.int64(62), np.int64(17), np.int64(7), np.int64(2), np.int64(37), np.int64(29), np.int64(3), np.int64(62), np.int64(7), np.int64(45), np.int64(14), np.int64(17), np.int64(17), np.int64(33), np.int64(17), np.int64(34), np.int64(42), np.int64(42), np.int64(54), np.int64(60), np.int64(23), np.int64(10), np.int64(60), np.int64(2), np.int64(20), np.int64(0), np.int64(17), np.int64(35), np.int64(53), np.int64(51), np.int64(31), np.int64(51), np.int64(46), np.int64(7), np.int64(19), np.int64(9), np.int64(16), np.int64(4), np.int64(35)]",False,False,0.0,0.0,"[42  9 13 36 25 46 19 15 11 17 41 21 53 25 62 53 27 15  9 10 22 62 15 37
  4 62 11 41 40 41 10 15  7 13 25 61 22 22 36  5 14 12 12  1 57 12 53 28
 41 36 35 52 11 53 15 52 26 45  0 56 21 46 53 21]","[42 20 58 36 24 46 57 15 24 17 41 39 53  7 62 53 20 15  0 10 42 62 15 37
 20 10 61 41 24 41 10 15 24  0 48 61 29 22 16 20 14 12 12  1 57 12 53  8
 41 36  4 28 10 53 15 52 50 45 59 10 45 46 53 20]",True,True,0.859375,0.953125,"[58  9 13 36 25 46 57 15 24  4 54 21 53  7 62 53 25 34 39 26 24 62 15 37
 32 62 56 16 40 41 10 15  7  0 29 50 22 22 36 20 58  5 12  1 57 12 53  3
 41 52 56 28 26 53 15 52 26 45 40 58 21 46 53 21]","[ 5 20 13 36 25 46 57 15 26 17 41 52 53  7 62 53 20  9  0 26 22 62 15 37
 20 62 61 42 40 36 10 27 24  0 48 50 29 22 36 25 25 12  0 63 57 12 53  8
 41 36 56 52 11 53 15 52 26 45  0 10 21 13 53 20]",False,False,0.0625,0.140625,0.04,1.0,1.0,1,1,25,0.04,1.0,1.0,1,1,25,1.0,0.0,0.0,25,0,0,1.0,0.0,0.0,25,0,0,1.0,0.84,0.84,25,21,21,1.0,1.0,1.0,25,25,25,1.0,0.04,0.04,25,1,1,1.0,0.04,0.04,25,1,1
[0.       0.       0.500999 ... 0.       0.500999 0.500999],"[12 38  0 55 14 21 37 33  8 56 59 35  8 32  8 47 31 35  4 31 35 51 51  7
 32 43 59 28 57  0 41 41 12 14 43 14 31 38 14 48 41 56 47 55 36 56  7 12
  2  0 15 56  9 31 60 35 14 37 41  2  8 14 13 45]","[12 38  0 42 14 21 37 33  8 56 59 35  8 32  8 47 31 35  4  3 35 51  1  7
 32 43 34 28 57  0 41 41 12 14 43 14 21 38 14 34 41 56 47 42 36 56  7 14
  2  0 15 56  9 31 60 47 14 18 41  2  8 14 13 45]",True,True,0.9375,0.90625,"[np.int64(42), np.int64(3), np.int64(18), np.int64(37), np.int64(27), np.int64(62), np.int64(51), np.int64(39), np.int64(51), np.int64(35), np.int64(21), np.int64(32), np.int64(1), np.int64(28), np.int64(5), np.int64(44), np.int64(24), np.int64(16), np.int64(5), np.int64(10), np.int64(32), np.int64(7), np.int64(39), np.int64(29), np.int64(40), np.int64(51), np.int64(25), np.int64(59), np.int64(35), np.int64(63), np.int64(35), np.int64(63), np.int64(48), np.int64(38), np.int64(44), np.int64(35), np.int64(21), np.int64(3), np.int64(13), np.int64(29), np.int64(42), np.int64(20), np.int64(2), np.int64(22), np.int64(56), np.int64(55), np.int64(13), np.int64(43), np.int64(24), np.int64(44), np.int64(5), np.int64(42), np.int64(54), np.int64(0), np.int64(49), np.int64(47), np.int64(4), np.int64(6), np.int64(51), np.int64(45), np.int64(22), np.int64(6), np.int64(46), np.int64(61)]","[np.int64(9), np.int64(33), np.int64(11), np.int64(46), np.int64(60), np.int64(52), np.int64(48), np.int64(56), np.int64(41), np.int64(36), np.int64(63), np.int64(1), np.int64(35), np.int64(1), np.int64(32), np.int64(45), np.int64(21), np.int64(50), np.int64(25), np.int64(16), np.int64(2), np.int64(53), np.int64(31), np.int64(44), np.int64(22), np.int64(23), np.int64(39), np.int64(42), np.int64(62), np.int64(53), np.int64(48), np.int64(56), np.int64(14), np.int64(26), np.int64(53), np.int64(52), np.int64(28), np.int64(39), np.int64(26), np.int64(44), np.int64(52), np.int64(49), np.int64(52), np.int64(5), np.int64(59), np.int64(8), np.int64(52), np.int64(32), np.int64(24), np.int64(26), np.int64(26), np.int64(37), np.int64(60), np.int64(32), np.int64(35), np.int64(61), np.int64(61), np.int64(58), np.int64(43), np.int64(23), np.int64(29), np.int64(49), np.int64(40), np.int64(12)]",False,False,0.0,0.0,"[12 38  0 42 14 21 37 33  8 56 59 35  8 32  8 47 31 35  4  3 52 51 51  7
  4 43 34 28 57 21 41 41 12 14 43 14 21 38 14 34 41 56 47 55 36 56 57 12
  2 57 37 56  9 31 60  9 14 37 41  2  8 14 46 45]","[12 38  0 42 41 21 37 33  8 55 59 58  8  9  8 47 31 35  4 31 35 29  1  7
 32 43 59 28 57  0 41 41 12 14 39 14 21 38 14 48 41 32 35 22 36 49 62 14
  2  0 42 35 20 31 60 35 60 37 41  2  8 14 63 45]",True,True,0.859375,0.953125,"[12 38  0 55 41 21 57 33  8 13 59 58  8 35  8 50 31 35 37 31 35 51 51  7
 32 43 39 28 57  0 41 41 12 14 43 14 39 29 14 34 41 32  3 42 36 56 57 12
  2  0 42 35  9 31 60 35 14 49 29 10  8 14 13 62]","[ 2 38  0 55 14 21 57 46  8 13 59 35  8 32  8 21 31 35 37  3 35 51 51  7
  4 43 39 28 57 58 41 41 12 14 43 14 39 38 14 34 41 56 47 55 36 38 57 14
 39  0 37 56 20 31 18 47 14 37 41  2  8 14 13 45]",False,False,0.0625,0.140625,0.04,1.0,1.0,1,1,25,0.04,1.0,1.0,1,1,25,1.0,0.0,0.0,25,0,0,1.0,0.0,0.0,25,0,0,1.0,0.8,0.8,25,20,20,1.0,1.0,1.0,25,25,25,1.0,0.04,0.04,25,1,1,1.0,0.08,0.08,25,2,2
[0.500999   0.         0.         ... 1.00049988 0.500999   0.500999  ],"[43 32 17 43 46 46 17 31  5 50 21 43 13 46 62  7 33 48 48 37 13 43  3 37
 11  3 31  5 54 43 50 46 33 48 57 37 31 13  4 61 21 57 35 46 11 33 46 10
 46 29 43 13 21 50 31 50 44  4 17 57 49 29 11 62]","[43 32 17 43 46 46 17 31 48 12  0 43 13 46 41  7 33  4 48 37  4 43 41 37
  0 29 31  5 57 43 41 46 33 48 57 37 37 13  4 61 21 57 35 46 11 33 46 10
 46 29 43 13 57 17 29 41 22  4 17 57 41 29 11 28]",True,True,0.9375,0.90625,"[np.int64(22), np.int64(33), np.int64(14), np.int64(54), np.int64(52), np.int64(47), np.int64(52), np.int64(54), np.int64(10), np.int64(53), np.int64(16), np.int64(17), np.int64(31), np.int64(61), np.int64(59), np.int64(37), np.int64(21), np.int64(17), np.int64(22), np.int64(9), np.int64(5), np.int64(13), np.int64(47), np.int64(54), np.int64(27), np.int64(12), np.int64(41), np.int64(46), np.int64(7), np.int64(54), np.int64(33), np.int64(50), np.int64(16), np.int64(41), np.int64(46), np.int64(1), np.int64(35), np.int64(20), np.int64(52), np.int64(59), np.int64(10), np.int64(38), np.int64(61), np.int64(35), np.int64(12), np.int64(32), np.int64(39), np.int64(0), np.int64(15), np.int64(31), np.int64(34), np.int64(1), np.int64(47), np.int64(22), np.int64(4), np.int64(28), np.int64(60), np.int64(42), np.int64(22), np.int64(20), np.int64(57), np.int64(27), np.int64(37), np.int64(48)]","[np.int64(4), np.int64(43), np.int64(12), np.int64(10), np.int64(29), np.int64(22), np.int64(16), np.int64(61), np.int64(11), np.int64(53), np.int64(62), np.int64(28), np.int64(58), np.int64(22), np.int64(49), np.int64(14), np.int64(55), np.int64(50), np.int64(27), np.int64(5), np.int64(9), np.int64(13), np.int64(29), np.int64(33), np.int64(0), np.int64(48), np.int64(13), np.int64(38), np.int64(4), np.int64(53), np.int64(22), np.int64(61), np.int64(38), np.int64(60), np.int64(30), np.int64(24), np.int64(22), np.int64(30), np.int64(1), np.int64(50), np.int64(57), np.int64(57), np.int64(49), np.int64(15), np.int64(26), np.int64(30), np.int64(44), np.int64(28), np.int64(13), np.int64(58), np.int64(3), np.int64(11), np.int64(40), np.int64(11), np.int64(0), np.int64(21), np.int64(25), np.int64(22), np.int64(0), np.int64(23), np.int64(52), np.int64(12), np.int64(45), np.int64(29)]",False,False,0.0,0.0,"[43 47 21 43 46 46 55 17  5 50 61 43 13 46 62  7 33  4 48 59 13 36  3 37
 11 29 31  5 54 57 50 46 33 48 57 37 31  5  4 61 21 57 35 46 11 33 46 10
 46 29 43 13 57  7 31 50 22  4 17  8 52 29 11 28]","[43 32 17 43 46 46 17 31  5 12 61 43 13 46 62  7 30 48 48 26  4 43 41 25
 29 29 31  5 54 43 41 46 47 48 57 60 31 13  4 61 10 29 35 46 23 33 46 10
 46 29 43 13 21 17 31  6 22 36 23 57 49 29 11 62]",True,True,0.859375,0.953125,"[43 47 21 43 46 46 41 31  5 50 26 37 13 46 62  7 33  4 48 37  4 43  3 44
 62 29 31  5 54 61 50 46 33 48 57  9 31  5  4 61 21 57 35 46 11 33 46 10
 46  3 43 13 57 18 31 50 22 36 23 19 35  2 24 62]","[43 63 17 43 46 46 41 53  5 12 61 43 13 46 41  7 33 48 29 37  4 43  3 37
 29 29 31  5 63 33 41 46 33 29 57 37 31 36  4 61 21 57 35 46 11 33 46 10
 46 29 43 13 60 18 31 41 44  4 23 57 58 10 11 62]",False,False,0.0625,0.140625,0.04,1.0,1.0,1,1,25,0.04,1.0,1.0,1,1,25,1.0,0.0,0.0,25,0,0,1.0,0.0,0.0,25,0,0,1.0,0.96,0.96,25,24,24,1.0,1.0,1.0,25,25,25,1.0,0.08,0.08,25,2,2,1.0,0.2,0.2,25,5,5
[0.         0.         0.70781353 ... 0.70781353 0.         1.00049988],"[50 24 38 58  1 22  1  2 47 26 24 47 10 17 17 17 31 47 38 22 50 22 24 10
 38  4 47 48 61 11 22 30 33 24  2 40 26 27 38 26 24  4 22 12 33 31  8 24
 10 44 48 55 47 61 61  2 47 17 44 54 22 44 19 32]","[50 24 38 58 44 33 34  2 47 26 24 47 10 17 50 17 20 47 38 22 50 22 24 10
 38  4 12 48 61 11 22 30 33 24  2 40 26 27 38 26 24  4 22 12 33 25  8 24
 10 44  5 55 47 61 61  2 47 17 44 54 22  5 32 26]",True,True,0.9375,0.90625,"[np.int64(33), np.int64(35), np.int64(36), np.int64(56), np.int64(52), np.int64(13), np.int64(2), np.int64(57), np.int64(37), np.int64(13), np.int64(38), np.int64(63), np.int64(32), np.int64(24), np.int64(42), np.int64(39), np.int64(8), np.int64(56), np.int64(44), np.int64(3), np.int64(23), np.int64(9), np.int64(62), np.int64(17), np.int64(38), np.int64(61), np.int64(16), np.int64(51), np.int64(26), np.int64(11), np.int64(22), np.int64(32), np.int64(15), np.int64(21), np.int64(37), np.int64(16), np.int64(32), np.int64(39), np.int64(20), np.int64(54), np.int64(46), np.int64(22), np.int64(32), np.int64(9), np.int64(51), np.int64(48), np.int64(58), np.int64(9), np.int64(48), np.int64(51), np.int64(44), np.int64(40), np.int64(43), np.int64(5), np.int64(47), np.int64(62), np.int64(41), np.int64(6), np.int64(43), np.int64(39), np.int64(22), np.int64(60), np.int64(25), np.int64(13)]","[np.int64(41), np.int64(20), np.int64(8), np.int64(29), np.int64(59), np.int64(62), np.int64(2), np.int64(10), np.int64(40), np.int64(3), np.int64(8), np.int64(49), np.int64(52), np.int64(54), np.int64(34), np.int64(16), np.int64(30), np.int64(29), np.int64(11), np.int64(22), np.int64(19), np.int64(32), np.int64(10), np.int64(5), np.int64(7), np.int64(58), np.int64(27), np.int64(49), np.int64(0), np.int64(34), np.int64(1), np.int64(12), np.int64(57), np.int64(56), np.int64(61), np.int64(51), np.int64(51), np.int64(28), np.int64(22), np.int64(5), np.int64(32), np.int64(62), np.int64(6), np.int64(29), np.int64(63), np.int64(40), np.int64(36), np.int64(47), np.int64(4), np.int64(22), np.int64(62), np.int64(51), np.int64(39), np.int64(23), np.int64(22), np.int64(18), np.int64(39), np.int64(54), np.int64(46), np.int64(50), np.int64(11), np.int64(23), np.int64(56), np.int64(6)]",False,False,0.0,0.0,"[41 24 38 41 44 22 52  2 47 26 24 47 44 17 17 17 46 44 38 62 50 22 24 10
 38 49 39 56 61 57 22 30 33 24  2 32 13 27 38 42 24  4 22 12 49 31  8 24
 34 11 48 55 47 13 61  2 47 17 32 54 17 44 32 50]","[36 24 38 58 44 33 52  2 32 26 24 47 10  0 17 17 20 47 38 22 50  5 24 10
 38 31 47 48 61 11 22 46 33 24  2 40 35 27 38 51 24  4 22 12 33 25  8 24
 10 11 48 55 47 61 61  2 47 29 32 54 22 44 19 50]",True,True,0.859375,0.953125,"[50 24 38 58  1 10  1  2 32 26 47 47 10 17 17 49 46 14 38 22 16 22 60 10
 38 63 12 48 61 57 31 25 35 24  2 32 26 27 38 62 24  3 22  3 17 31 31 24
 10 15  5 55 47 61 61  2 27 17 32 20 22 54 32 35]","[50 24 38 58 44 50 34  2 47 26 24 47 34 53 15 14 20 47 38 61 50  5 24 10
 38 63 12 46 31 11 22 30 62 24  2 32 35  3 38 51 24  4 44 27 12 31  8 24
 34 44  5 55 47 61  3  2 27 17 32 54  5 53 32 26]",False,False,0.0625,0.140625,0.04,1.0,1.0,1,1,25,0.04,1.0,1.0,1,1,25,1.0,0.0,0.0,25,0,0,1.0,0.0,0.0,25,0,0,1.0,0.84,0.84,25,21,21,1.0,1.0,1.0,25,25,25,1.0,0.08,0.08,25,2,2,1.0,0.04,0.04,25,1,1
[1.00049988 0.         1.00049988 ... 0.         0.70781353 0.        ],"[57 17 10 58 58 57 14 39 39 16 31 33 23 58 63 18 49 17  1 58 41 38 53 31
 21 53 14 36 29 59 14 17  1  1 55 62 31 40 17 17 44 58 43  8 39 41 57 62
 23 63 57 22 55 58 23 31 60 31 17  1 53 55 58 17]","[16 17 10 58 58  8  5 39 39 16 31 13  7 58 63 18 14 17  1 58 41 38 53 31
 21 53 14  4 22 59 14 17  1  1  7 12 58 61 17 17 44 58 29  8 39 41 19 14
 23 63  7 26  2 58 23 31 54 31 17  1  5 33 58 17]",True,True,0.9375,0.90625,"[np.int64(25), np.int64(0), np.int64(56), np.int64(7), np.int64(5), np.int64(3), np.int64(16), np.int64(22), np.int64(21), np.int64(24), np.int64(12), np.int64(52), np.int64(53), np.int64(24), np.int64(4), np.int64(54), np.int64(15), np.int64(22), np.int64(7), np.int64(6), np.int64(59), np.int64(12), np.int64(34), np.int64(16), np.int64(57), np.int64(55), np.int64(14), np.int64(8), np.int64(14), np.int64(44), np.int64(11), np.int64(9), np.int64(9), np.int64(2), np.int64(19), np.int64(31), np.int64(59), np.int64(1), np.int64(41), np.int64(7), np.int64(21), np.int64(59), np.int64(6), np.int64(29), np.int64(55), np.int64(6), np.int64(33), np.int64(51), np.int64(48), np.int64(30), np.int64(20), np.int64(41), np.int64(62), np.int64(38), np.int64(35), np.int64(44), np.int64(62), np.int64(60), np.int64(19), np.int64(57), np.int64(9), np.int64(35), np.int64(15), np.int64(38)]","[np.int64(63), np.int64(63), np.int64(42), np.int64(30), np.int64(9), np.int64(20), np.int64(61), np.int64(40), np.int64(11), np.int64(32), np.int64(15), np.int64(18), np.int64(18), np.int64(5), np.int64(61), np.int64(57), np.int64(44), np.int64(19), np.int64(33), np.int64(31), np.int64(56), np.int64(52), np.int64(15), np.int64(38), np.int64(3), np.int64(45), np.int64(35), np.int64(8), np.int64(12), np.int64(38), np.int64(54), np.int64(57), np.int64(7), np.int64(14), np.int64(48), np.int64(8), np.int64(16), np.int64(52), np.int64(8), np.int64(12), np.int64(42), np.int64(60), np.int64(38), np.int64(38), np.int64(13), np.int64(21), np.int64(26), np.int64(59), np.int64(36), np.int64(5), np.int64(3), np.int64(28), np.int64(13), np.int64(31), np.int64(17), np.int64(44), np.int64(10), np.int64(29), np.int64(31), np.int64(43), np.int64(59), np.int64(6), np.int64(16), np.int64(25)]",False,False,0.0,0.0,"[57 17 10 58 58 59 14 50 58 16 32 13 23 58 63 18 49 17  1 58 41 38 53 58
 21 53 21 36 22 46 14 17  1  1 55 62 31 30 17 17 56 58 29  8 39 52 19 62
 23 63 55 61 55 58 23 31 60 31 17  1 53 55 58 17]","[57 17 10 58 33 53  5 39 39 16 21 33  7 58 63 18 56 17  1 58 41 38 51 58
 21 53 21 36 24 47 37 17  1  1  7 12 58 61 17 17 44 58 43 54 39 41 47 32
 54 16 57 56 55 58 11 61 54 31 17  4 43 33 58 17]",True,True,0.859375,0.953125,"[16 17 40 58 59  8 14 39 58 16 21 33 23 21 63 51 14 17  1 58 41 38 53 58
 28 53 21 36 27 59 14 17 10 50 55 12 31 30 17 17 44 59 29 60 39 30 19 32
 23 63 57 56 55  5 43 31 15 31 17  1 36 51 58 17]","[57 17 40 58 59 57  5 12 58 16 32 33 36 41 47 56 46 17  1 58 56 38 53 58
 35 53 14 36 22 59 37 17  1  1 55 22 31 30 17 17 56 58 43 60 39 30 16 32
 54 16 33 26  2 58 43 50 16 31 17 41  5 55 58 17]",False,False,0.0625,0.140625,0.04,1.0,1.0,1,1,25,0.04,1.0,1.0,1,1,25,1.0,0.0,0.0,25,0,0,1.0,0.0,0.0,25,0,0,1.0,0.88,0.88,25,22,22,1.0,1.0,1.0,25,25,25,1.0,0.08,0.08,25,2,2,1.0,0.04,0.04,25,1,1
[0.         0.         0.500999   ... 0.         0.         1.00049988],"[ 2 30 12 35 12 22 37 23 39 60 46  4 12  8  4 44 63 22 22  4 18 58 12 25
 47 39 12 63 30 25  2  4 39  4 31  0 51  2 51 12  0 47 37 32 30  8 22  2
 11  4  5 12 49 34  5 11 35 47  4 13 39 60 38 51]","[ 2 35 12 35 12 22 37 40  0  0 46  2 12  8  4 13 38 22 22  4 18 58 12 25
 47  0 12 63 49 25  2  4 39 51 31  0 51  2 51 12  0  1 37 32 18  8 22  2
 11 37  5 12 47 34  5 11 35  9 51 13 22 60 42 51]",True,True,0.9375,0.90625,"[np.int64(35), np.int64(3), np.int64(35), np.int64(26), np.int64(6), np.int64(10), np.int64(52), np.int64(15), np.int64(58), np.int64(13), np.int64(18), np.int64(44), np.int64(18), np.int64(6), np.int64(52), np.int64(46), np.int64(1), np.int64(28), np.int64(30), np.int64(53), np.int64(14), np.int64(20), np.int64(52), np.int64(36), np.int64(12), np.int64(7), np.int64(50), np.int64(59), np.int64(27), np.int64(28), np.int64(29), np.int64(13), np.int64(38), np.int64(32), np.int64(55), np.int64(1), np.int64(19), np.int64(26), np.int64(3), np.int64(12), np.int64(20), np.int64(54), np.int64(27), np.int64(6), np.int64(9), np.int64(45), np.int64(43), np.int64(50), np.int64(50), np.int64(38), np.int64(11), np.int64(30), np.int64(60), np.int64(14), np.int64(61), np.int64(36), np.int64(24), np.int64(31), np.int64(40), np.int64(21), np.int64(10), np.int64(50), np.int64(3), np.int64(58)]","[np.int64(37), np.int64(63), np.int64(19), np.int64(23), np.int64(4), np.int64(54), np.int64(58), np.int64(35), np.int64(44), np.int64(8), np.int64(46), np.int64(21), np.int64(57), np.int64(48), np.int64(46), np.int64(39), np.int64(57), np.int64(45), np.int64(44), np.int64(18), np.int64(58), np.int64(27), np.int64(62), np.int64(60), np.int64(62), np.int64(13), np.int64(38), np.int64(14), np.int64(51), np.int64(52), np.int64(49), np.int64(52), np.int64(15), np.int64(15), np.int64(25), np.int64(1), np.int64(37), np.int64(15), np.int64(39), np.int64(55), np.int64(19), np.int64(50), np.int64(61), np.int64(51), np.int64(34), np.int64(36), np.int64(58), np.int64(53), np.int64(27), np.int64(3), np.int64(47), np.int64(28), np.int64(60), np.int64(51), np.int64(35), np.int64(1), np.int64(31), np.int64(31), np.int64(28), np.int64(13), np.int64(33), np.int64(18), np.int64(63), np.int64(28)]",False,False,0.0,0.0,"[ 2 30 12 35 12 22 37 23 39 36 14  4 12  8 49 44 63 22  0  4 18 63 12 25
 47 11 12 63 30 25  2  4 39  4 31  0 51  2 51 12  0 47 63 32 30 44 22  2
 11  4 27 12 47 34  5 11 42 30  4 13 22 60 38 51]","[ 2 30 12 43 12 22 37 23  0 36 46  4 12 20  4 53 50 22 22  4 18 58 12 50
 47 39 12 63 49 25  2  4 58  4 31 56 51 22 51 12  0 47 37 32 30 44 22  2
 11  4  5 12 49 34  5 11 42  9  4 13 22 60 42 21]",True,True,0.859375,0.953125,"[ 2 35 12 35 12 28 37 40 39 46 46  2 12 20  4 44 63 22  0  4 18 42 12 29
 27  0 12 63 55 25  2  4 39 51 31  0 43 22 51 12  0 47 37 55 18  8 22  2
 11  4  5 12 47 15  5 11 42 47 30 13 22 55  5 51]","[ 2 30 12 35 12 22 37 40 11 60 14  2 12 20 10 44 63 22 31  4 18 42 12  7
 47  0 12 63 55 23  2  4 52  4 53  0 51  6 51 12  0  1 18 36  8  8  9  2
 11 37 16 12 35 15  5 34 35 47 21 13 39 60 38 51]",True,False,0.0625,0.140625,0.04,1.0,1.0,1,1,25,0.04,1.0,1.0,1,1,25,1.0,0.0,0.0,25,0,0,1.0,0.0,0.0,25,0,0,1.0,1.0,1.0,25,25,25,1.0,1.0,1.0,25,25,25,1.0,0.2,0.2,25,5,5,1.0,0.16,0.16,25,4,4
[0.         0.         0.70781353 ... 0.70781353 0.         1.00049988],"[50 24 38 58  1 22  1  2 47 26 24 47 10 17 17 17 31 47 38 22 50 22 24 10
 38  4 47 48 61 11 22 30 33 24  2 40 26 27 38 26 24  4 22 12 33 31  8 24
 10 44 48 55 47 61 61  2 47 17 44 54 22 44 19 32]","[50 24 38 58 44 33 34  2 47 26 24 47 10 17 50 17 20 47 38 22 50 22 24 10
 38  4 12 48 61 11 22 30 33 24  2 40 26 27 38 26 24  4 22 12 33 25  8 24
 10 44  5 55 47 61 61  2 47 17 44 54 22  5 32 26]",True,True,0.9375,0.90625,"[np.int64(2), np.int64(57), np.int64(17), np.int64(22), np.int64(32), np.int64(36), np.int64(63), np.int64(21), np.int64(41), np.int64(27), np.int64(29), np.int64(7), np.int64(4), np.int64(36), np.int64(41), np.int64(23), np.int64(41), np.int64(17), np.int64(56), np.int64(12), np.int64(56), np.int64(54), np.int64(38), np.int64(46), np.int64(46), np.int64(48), np.int64(37), np.int64(58), np.int64(63), np.int64(27), np.int64(50), np.int64(1), np.int64(34), np.int64(22), np.int64(24), np.int64(34), np.int64(16), np.int64(13), np.int64(14), np.int64(40), np.int64(26), np.int64(49), np.int64(30), np.int64(29), np.int64(57), np.int64(15), np.int64(62), np.int64(30), np.int64(1), np.int64(0), np.int64(57), np.int64(8), np.int64(58), np.int64(22), np.int64(10), np.int64(11), np.int64(47), np.int64(12), np.int64(11), np.int64(27), np.int64(11), np.int64(33), np.int64(40), np.int64(3)]","[np.int64(57), np.int64(0), np.int64(41), np.int64(26), np.int64(53), np.int64(63), np.int64(13), np.int64(57), np.int64(19), np.int64(60), np.int64(43), np.int64(42), np.int64(24), np.int64(26), np.int64(1), np.int64(14), np.int64(6), np.int64(56), np.int64(55), np.int64(16), np.int64(25), np.int64(39), np.int64(24), np.int64(18), np.int64(17), np.int64(0), np.int64(1), np.int64(21), np.int64(6), np.int64(48), np.int64(21), np.int64(32), np.int64(47), np.int64(14), np.int64(14), np.int64(59), np.int64(37), np.int64(11), np.int64(48), np.int64(38), np.int64(38), np.int64(6), np.int64(14), np.int64(26), np.int64(41), np.int64(28), np.int64(24), np.int64(36), np.int64(32), np.int64(44), np.int64(56), np.int64(29), np.int64(55), np.int64(23), np.int64(12), np.int64(58), np.int64(38), np.int64(5), np.int64(39), np.int64(53), np.int64(63), np.int64(27), np.int64(19), np.int64(0)]",False,False,0.0,0.0,"[50 24 38 58  1 10  1  2 32 26 24 47 10 17 63 14 20 47 38 22 50  5 24 10
 38  4 12 48 61 57 22 30 33 18  2 32 35 27 38 26 24  4 22 12 58 31  8 24
 10 11  5 12  6 61  3  2 27 17 32 54 22 54 32 26]","[50 24 38 58 44 33 34  2 47 26 24 47 34 17 50 17 20 47 38 22 50 22 24  5
 38 31 47 48 61 11 22 28 44 24  2 40 35  3 38 42 24  4 22 63 33 25  8 24
 34 11  5 12 47 61 61  2 47 17 44 20  5  5 32 50]",True,True,0.859375,0.953125,"[50 24 38 41 44 50  1  2 46 26 24 47 10 17 15 49 46 47 38 22 16 22 30 10
 38 31 47 56 31 57 22 30 33 24  2 40 26  3 38 62 24  0 22  3 42 31 31 24
 10 44  0 12 47 61  3  2 47 17 44 54 17 44 32 50]","[50 24 38 37  1 33  1 44 63 26 24 47 34 17 63 14 31 60 38 22 50 22 24 10
 38 31 12 56 61 11 22 25 35 24 48 36 35  3 38 42 24  4 22 63  7 31 31 24
 34 44 63 39  6 61 61  2 47 17 44 20 22 44 32 35]",False,False,0.0625,0.140625,0.04,1.0,1.0,1,1,25,0.04,1.0,1.0,1,1,25,1.0,0.0,0.0,25,0,0,1.0,0.0,0.0,25,0,0,1.0,1.0,1.0,25,25,25,1.0,1.0,1.0,25,25,25,1.0,0.16,0.16,25,4,4,1.0,0.04,0.04,25,1,1
[1.00049988 0.         0.         ... 0.         0.         0.        ],"[28 47 45 56 18 60 35 13 56 62 47 52 62 62 61 52 35 42 56 22 56 20 13 57
 15 20 30  1 39 55  9 61 31 43 18  9  9 56  1  9 22 53 61 48 63 37 54 13
 62 36 15 12 62 57 55  9 62 62 36 48  9 62 62  3]","[16 54 46 56 18 26  7 12 56 62 47 52 62 62 61 52 35 11 56 22 56 26 13 57
 15 35  6  1 11 18  9 61 11 25 18  9  9 23  6  9 22  6 57 48 63  7 54 13
 62 36 41 12 62  7 23  9 62 62 36 48  9 62 62  3]",True,True,0.9375,0.90625,"[np.int64(27), np.int64(62), np.int64(1), np.int64(32), np.int64(6), np.int64(28), np.int64(18), np.int64(56), np.int64(26), np.int64(8), np.int64(47), np.int64(42), np.int64(20), np.int64(54), np.int64(54), np.int64(59), np.int64(3), np.int64(45), np.int64(61), np.int64(30), np.int64(12), np.int64(32), np.int64(52), np.int64(32), np.int64(57), np.int64(50), np.int64(2), np.int64(29), np.int64(13), np.int64(48), np.int64(57), np.int64(6), np.int64(48), np.int64(48), np.int64(46), np.int64(60), np.int64(41), np.int64(7), np.int64(43), np.int64(35), np.int64(16), np.int64(5), np.int64(47), np.int64(4), np.int64(20), np.int64(55), np.int64(43), np.int64(2), np.int64(46), np.int64(51), np.int64(39), np.int64(35), np.int64(55), np.int64(11), np.int64(22), np.int64(28), np.int64(20), np.int64(42), np.int64(46), np.int64(21), np.int64(44), np.int64(17), np.int64(21), np.int64(1)]","[np.int64(33), np.int64(25), np.int64(27), np.int64(0), np.int64(32), np.int64(55), np.int64(26), np.int64(48), np.int64(29), np.int64(37), np.int64(15), np.int64(56), np.int64(57), np.int64(26), np.int64(32), np.int64(8), np.int64(63), np.int64(62), np.int64(21), np.int64(57), np.int64(41), np.int64(40), np.int64(38), np.int64(22), np.int64(3), np.int64(34), np.int64(63), np.int64(63), np.int64(43), np.int64(25), np.int64(22), np.int64(19), np.int64(14), np.int64(5), np.int64(35), np.int64(37), np.int64(59), np.int64(30), np.int64(63), np.int64(46), np.int64(47), np.int64(47), np.int64(37), np.int64(15), np.int64(55), np.int64(47), np.int64(11), np.int64(33), np.int64(15), np.int64(20), np.int64(24), np.int64(59), np.int64(39), np.int64(14), np.int64(60), np.int64(1), np.int64(21), np.int64(49), np.int64(63), np.int64(52), np.int64(23), np.int64(6), np.int64(53), np.int64(25)]",False,False,0.0,0.0,"[16 47 46 56 18 60 35 13 36 62 47 52 62 62 61 52 26 42 56 54 56 20 13 35
 15 51 30  1 39 55  9 61 31 43 14  9 15 56  5  9 35  6 61 48 63 39 25 13
 62 36 15 12 62 56  1  9 62 62 36 48  9 62 62  3]","[28 47 46 56 18 60  7 13 56 62 47 52 62 62 61 36 35 42 56 54 54 20  6 57
 15 35  6  1 11 10  9 61 11 43 18  9  9 23  6  9 22  6 57 35 63  7 25 13
 62 63 41 12 62  7 23  9 62 62 36 48  9 62 62  3]",True,True,0.859375,0.953125,"[16 47 46 56 18 26 22 13 56 62  4 52 62 62 61 52 35 42 56 22 56 20 13 57
 15 33 30  1 11 10  9 61 31 43 18 23  8 23  6 28 35 53 57 33 63 39 54 13
 62 36 15 29 62 57 55  9 62 62 36 48 47 62 62  3]","[16 54 45 56 45 26 35 57 56 62 47 52 62 62 11 52 35 11  4 54 31 26  6 57
 15 35 16  1 39 18  9 61 11 25 18  9 54 58  6  9 22 53 57 35 63 37 54 60
 62 41 15 25 62 22 23  9 62 62 15 48 47 62 62 49]",False,False,0.0625,0.140625,0.04,1.0,1.0,1,1,25,0.04,1.0,1.0,1,1,25,1.0,0.0,0.0,25,0,0,1.0,0.0,0.0,25,0,0,1.0,0.92,0.92,25,23,23,1.0,1.0,1.0,25,25,25,1.0,0.16,0.16,25,4,4,1.0,0.08,0.08,25,2,2
[0.         0.500999   0.         ... 0.         0.         1.00049988],"[55 28 24 48 51 30 39 24 42 39 39 43 19 48 57 33  7 52 22 19 55 56 19 22
 50 39 63 45 19 51 39 63 37 32 49 57 55 55 44 19  8 24 28 61 18 50 36 60
 50 18 19 25 45  9 56 50 48 28 48 47 28 28 59 48]","[42 28 24 48 51 30 39 56 42 39 39 21 19 48  9 33  7 52 22 19 55 56 19 22
 50 39 63 45 19 51 39 63 35 32 49 57  6 23 44 19 26 24 28 61 18 50 44 60
 50  1 19 25 60 25 51 50 48 28 48 16 28 28 59 48]",True,True,0.9375,0.90625,"[np.int64(61), np.int64(6), np.int64(56), np.int64(2), np.int64(29), np.int64(42), np.int64(15), np.int64(7), np.int64(55), np.int64(46), np.int64(57), np.int64(54), np.int64(2), np.int64(58), np.int64(3), np.int64(12), np.int64(47), np.int64(37), np.int64(51), np.int64(16), np.int64(14), np.int64(11), np.int64(31), np.int64(63), np.int64(4), np.int64(9), np.int64(22), np.int64(4), np.int64(11), np.int64(32), np.int64(21), np.int64(42), np.int64(28), np.int64(61), np.int64(0), np.int64(18), np.int64(5), np.int64(12), np.int64(14), np.int64(17), np.int64(42), np.int64(15), np.int64(57), np.int64(37), np.int64(11), np.int64(14), np.int64(28), np.int64(2), np.int64(30), np.int64(2), np.int64(1), np.int64(15), np.int64(22), np.int64(14), np.int64(29), np.int64(51), np.int64(62), np.int64(14), np.int64(52), np.int64(51), np.int64(35), np.int64(57), np.int64(56), np.int64(40)]","[np.int64(7), np.int64(1), np.int64(9), np.int64(41), np.int64(28), np.int64(34), np.int64(55), np.int64(49), np.int64(14), np.int64(51), np.int64(5), np.int64(10), np.int64(15), np.int64(35), np.int64(34), np.int64(25), np.int64(15), np.int64(19), np.int64(58), np.int64(14), np.int64(61), np.int64(33), np.int64(25), np.int64(28), np.int64(37), np.int64(11), np.int64(55), np.int64(58), np.int64(53), np.int64(43), np.int64(42), np.int64(39), np.int64(28), np.int64(52), np.int64(2), np.int64(55), np.int64(53), np.int64(33), np.int64(61), np.int64(20), np.int64(20), np.int64(27), np.int64(50), np.int64(12), np.int64(35), np.int64(43), np.int64(50), np.int64(53), np.int64(31), np.int64(35), np.int64(44), np.int64(55), np.int64(20), np.int64(53), np.int64(57), np.int64(8), np.int64(38), np.int64(13), np.int64(51), np.int64(50), np.int64(21), np.int64(11), np.int64(0), np.int64(44)]",False,False,0.0,0.0,"[ 1 28 24 30 51 30 39  9 42 39 39 43 19 48 57 33  7 52 43 19 55 35 19 22
 50 39 63 52 19 54 39 20 59 32 49 57 55 23 44 19  8 24 28 61 18 50 47 60
 28  1 19 25 45  9 37 50 60 28 48 47 23 28 59 48]","[55 28 24 48 51 56 39 56 42 39 39 21 19 48 57 33  7 52 22 19 21 14 19 28
 50 39 51 45 19 51 39 20 35 32 49 57  6 23 52 19 26 47 28 61 14 50 47 60
 28 16 19 25 60 25 37 37  1 28 48 32 28 28 59 48]",True,True,0.859375,0.953125,"[55 28 24 30 51 30 39  9 42 39 39 21 19 26 57 33 59 52 22 19 55 56 19 18
 50 39 51 45 19 51 39 20 37 32 49 21 55 23 52 19  8 24 48 18 46 50 36 60
 28 16 19  0 45 25 56 24 42 28 48 47 28 28 59 25]","[ 1 28 24 48 51 30 39 24 42 39 39 43 19 48 57 33 51 52 22 19 21 20 19 22
 56 39 63 45 19 51 39 20 59 32 49 21 56 23 52 19 26 47 28 61 18 50 47 60
 50 18 19 25 45 25 56 37  1 28 48 16 45 28 59 48]",True,False,0.0625,0.140625,0.04,1.0,1.0,1,1,25,0.04,1.0,1.0,1,1,25,1.0,0.0,0.0,25,0,0,1.0,0.0,0.0,25,0,0,1.0,0.92,0.92,25,23,23,1.0,1.0,1.0,25,25,25,1.0,0.12,0.12,25,3,3,1.0,0.08,0.08,25,2,2
[1.00049988 0.         0.         ... 0.         0.         0.        ],"[28 47 45 56 18 60 35 13 56 62 47 52 62 62 61 52 35 42 56 22 56 20 13 57
 15 20 30  1 39 55  9 61 31 43 18  9  9 56  1  9 22 53 61 48 63 37 54 13
 62 36 15 12 62 57 55  9 62 62 36 48  9 62 62  3]","[16 54 46 56 18 26  7 12 56 62 47 52 62 62 61 52 35 11 56 22 56 26 13 57
 15 35  6  1 11 18  9 61 11 25 18  9  9 23  6  9 22  6 57 48 63  7 54 13
 62 36 41 12 62  7 23  9 62 62 36 48  9 62 62  3]",True,True,0.9375,0.90625,"[np.int64(12), np.int64(51), np.int64(36), np.int64(52), np.int64(10), np.int64(58), np.int64(58), np.int64(11), np.int64(63), np.int64(34), np.int64(20), np.int64(16), np.int64(21), np.int64(40), np.int64(37), np.int64(6), np.int64(39), np.int64(35), np.int64(21), np.int64(3), np.int64(14), np.int64(9), np.int64(1), np.int64(5), np.int64(53), np.int64(3), np.int64(55), np.int64(36), np.int64(27), np.int64(33), np.int64(58), np.int64(34), np.int64(42), np.int64(43), np.int64(62), np.int64(53), np.int64(20), np.int64(44), np.int64(23), np.int64(33), np.int64(20), np.int64(41), np.int64(58), np.int64(55), np.int64(36), np.int64(54), np.int64(32), np.int64(49), np.int64(8), np.int64(61), np.int64(41), np.int64(7), np.int64(8), np.int64(8), np.int64(39), np.int64(60), np.int64(50), np.int64(16), np.int64(48), np.int64(17), np.int64(43), np.int64(35), np.int64(1), np.int64(60)]","[np.int64(36), np.int64(33), np.int64(52), np.int64(34), np.int64(59), np.int64(34), np.int64(36), np.int64(21), np.int64(31), np.int64(18), np.int64(44), np.int64(24), np.int64(0), np.int64(31), np.int64(5), np.int64(16), np.int64(40), np.int64(37), np.int64(50), np.int64(39), np.int64(28), np.int64(18), np.int64(29), np.int64(61), np.int64(34), np.int64(61), np.int64(62), np.int64(52), np.int64(13), np.int64(24), np.int64(29), np.int64(49), np.int64(5), np.int64(24), np.int64(24), np.int64(27), np.int64(55), np.int64(43), np.int64(14), np.int64(53), np.int64(32), np.int64(49), np.int64(5), np.int64(57), np.int64(52), np.int64(4), np.int64(39), np.int64(54), np.int64(50), np.int64(13), np.int64(4), np.int64(12), np.int64(57), np.int64(26), np.int64(51), np.int64(7), np.int64(5), np.int64(41), np.int64(38), np.int64(15), np.int64(17), np.int64(32), np.int64(42), np.int64(16)]",False,False,0.0,0.0,"[28 15 45 18 18 60 35 13 36 62 47 52 62 62 61 52 35 42 56 22 56 20 13 57
 15 35  6  1  1 51  9 61 11 43 18  9  9 56  6  9 35 53 61 35 63 39  1 43
 62 36 15 22 62 57 23  9 62 62 36 48  9 62 62  3]","[28 15 46 18 18 38  7 57 56 62 47 52 62 62 59 52 35 42 56 22 56 26 13 57
 15 20  6  1 39 51  9 61 31 25 42  9  9 23  1  9 35  6 57 35 63  7 25 13
 62 36 41 12 62  7 55  9 62 62 15 48  9 62 62  3]",True,True,0.859375,0.953125,"[28 32 45 56 10 38 35 57 56 62 29 52 62 62 61 36 26 11  3 54 56 20 51 37
 15 20 21  1  1 55  9 61  1 43 42 43 15 23  6  9 35 50 57 48 63 39 54 13
 62 36 15 22 62 56 19  9 62 62 37 48  9 62 62  3]","[28 54 46 56 45 26  7 13 56 62 47 52 62 62 61 52 35 11  3 22 31 26  6 57
 15 51 16  1  1 10  9 39  1 25 14  9 49 56  1 28 35 10 26 48 63 37 54 13
 62 36 41 12 62 57 23  9 62 62 36 48  9 62 62 49]",False,False,0.0625,0.140625,0.04,1.0,1.0,1,1,25,0.04,1.0,1.0,1,1,25,1.0,0.0,0.0,25,0,0,1.0,0.0,0.0,25,0,0,1.0,1.0,1.0,25,25,25,1.0,1.0,1.0,25,25,25,1.0,0.04,0.04,25,1,1,1.0,0.16,0.16,25,4,4
[0.         0.500999   0.         ... 0.         0.         1.00049988],"[55 28 24 48 51 30 39 24 42 39 39 43 19 48 57 33  7 52 22 19 55 56 19 22
 50 39 63 45 19 51 39 63 37 32 49 57 55 55 44 19  8 24 28 61 18 50 36 60
 50 18 19 25 45  9 56 50 48 28 48 47 28 28 59 48]","[42 28 24 48 51 30 39 56 42 39 39 21 19 48  9 33  7 52 22 19 55 56 19 22
 50 39 63 45 19 51 39 63 35 32 49 57  6 23 44 19 26 24 28 61 18 50 44 60
 50  1 19 25 60 25 51 50 48 28 48 16 28 28 59 48]",True,True,0.9375,0.90625,"[np.int64(23), np.int64(14), np.int64(16), np.int64(12), np.int64(34), np.int64(43), np.int64(17), np.int64(61), np.int64(22), np.int64(50), np.int64(41), np.int64(46), np.int64(58), np.int64(41), np.int64(55), np.int64(39), np.int64(42), np.int64(59), np.int64(62), np.int64(20), np.int64(28), np.int64(47), np.int64(21), np.int64(16), np.int64(11), np.int64(30), np.int64(21), np.int64(38), np.int64(22), np.int64(63), np.int64(11), np.int64(38), np.int64(25), np.int64(49), np.int64(12), np.int64(45), np.int64(59), np.int64(62), np.int64(25), np.int64(56), np.int64(57), np.int64(47), np.int64(55), np.int64(48), np.int64(61), np.int64(44), np.int64(11), np.int64(49), np.int64(49), np.int64(30), np.int64(43), np.int64(41), np.int64(6), np.int64(43), np.int64(4), np.int64(32), np.int64(61), np.int64(37), np.int64(44), np.int64(25), np.int64(12), np.int64(12), np.int64(46), np.int64(1)]","[np.int64(62), np.int64(0), np.int64(56), np.int64(25), np.int64(1), np.int64(44), np.int64(3), np.int64(28), np.int64(54), np.int64(52), np.int64(15), np.int64(63), np.int64(15), np.int64(1), np.int64(58), np.int64(6), np.int64(26), np.int64(41), np.int64(27), np.int64(11), np.int64(63), np.int64(10), np.int64(26), np.int64(55), np.int64(45), np.int64(9), np.int64(11), np.int64(35), np.int64(22), np.int64(47), np.int64(20), np.int64(3), np.int64(12), np.int64(1), np.int64(20), np.int64(15), np.int64(26), np.int64(25), np.int64(13), np.int64(61), np.int64(31), np.int64(29), np.int64(63), np.int64(23), np.int64(40), np.int64(59), np.int64(38), np.int64(62), np.int64(36), np.int64(25), np.int64(4), np.int64(1), np.int64(21), np.int64(60), np.int64(23), np.int64(37), np.int64(55), np.int64(44), np.int64(14), np.int64(44), np.int64(0), np.int64(5), np.int64(53), np.int64(41)]",False,False,0.0,0.0,"[55 28 24 48 51 18 39 24 42 39 39 43 19 48  9 33 27 52 23 19 55 35 19 28
 50 39 58 45 19 54 39 63 37 32 49 57 55 23 44 19  8 24 28 61 18 50 47 60
 28  1 19 25 60 25 51 50  1 28 48 47 28 28 59 25]","[57 28 24 30 51 30 39  9 42 39 39 21 19 48 57 33  7 52 60 19 21 14 19 28
  7 39  8  5 19 51 39 63 35 32 49 57  6 55 44 19  8 24 28 61 18 60 36 60
 28 16 19 25 45  9 37 50 48 28 48 47 28 28 59 25]",True,True,0.859375,0.953125,"[42 28 24 48 51 18 39  9 42 39 39 21 19 48 57 33  7 52 22 19 55 14 19 22
 50 39 13 52 19 51 39 20 59 32 49 57 56 23 52 19  8 24  0 61 18 60 44 60
 28 18 19 25 54  9 51 50 60 28 48 62 28 28 59 48]","[42 49 24 30 51 56 39 56 42 39 34 21 19 48 57 33 27 52 22 19 21 56 19 28
 50 39 58 45 19 51 39 63 59 32 49 21 56 23 44 19  8 47 48 18 46 50 47 60
 50 16 19 16 27  9 51  0  1 28 26 47 23 28 59 25]",False,False,0.0625,0.140625,0.04,1.0,1.0,1,1,25,0.04,1.0,1.0,1,1,25,1.0,0.0,0.0,25,0,0,1.0,0.0,0.0,25,0,0,1.0,0.96,0.96,25,24,24,1.0,1.0,1.0,25,25,25,1.0,0.2,0.2,25,5,5,1.0,0.04,0.04,25,1,1
[0.         0.         0.         ... 0.         0.70781353 0.        ],"[43 28 16 58 53  2 63  4 53 26  2 19 47  4 36 53 59 59 20 59 16 35 48 18
 63 14 16 47 16 30 36 43 36  8 46 27 19 22  5 62 28 13 32 53 53 56 26 16
 59 48 22 17  4 59 14 44  2 46 22 59 36 56 26  2]","[43 15 16 56 53  2 56  4 53 26  4 19 47  4 36 53 59 59 28 59 16 35 48 18
  3 14 16  4 16 30 36 43 36  8 46 27 19 22  5 62 28  3 33 53 53 56 26 16
 59 48 28 17  4 59 14 10  2 52  4 59 36 56 31  2]",True,True,0.9375,0.90625,"[np.int64(2), np.int64(25), np.int64(4), np.int64(35), np.int64(49), np.int64(60), np.int64(15), np.int64(8), np.int64(33), np.int64(9), np.int64(57), np.int64(35), np.int64(8), np.int64(15), np.int64(6), np.int64(39), np.int64(27), np.int64(38), np.int64(53), np.int64(3), np.int64(55), np.int64(6), np.int64(14), np.int64(22), np.int64(44), np.int64(50), np.int64(1), np.int64(27), np.int64(48), np.int64(1), np.int64(14), np.int64(11), np.int64(15), np.int64(45), np.int64(32), np.int64(33), np.int64(9), np.int64(12), np.int64(52), np.int64(53), np.int64(38), np.int64(40), np.int64(53), np.int64(30), np.int64(35), np.int64(37), np.int64(5), np.int64(38), np.int64(22), np.int64(47), np.int64(60), np.int64(34), np.int64(33), np.int64(52), np.int64(46), np.int64(15), np.int64(13), np.int64(40), np.int64(21), np.int64(18), np.int64(8), np.int64(14), np.int64(55), np.int64(2)]","[np.int64(17), np.int64(38), np.int64(18), np.int64(29), np.int64(1), np.int64(15), np.int64(53), np.int64(11), np.int64(0), np.int64(42), np.int64(45), np.int64(53), np.int64(7), np.int64(42), np.int64(53), np.int64(0), np.int64(10), np.int64(61), np.int64(20), np.int64(61), np.int64(29), np.int64(37), np.int64(12), np.int64(13), np.int64(59), np.int64(45), np.int64(5), np.int64(29), np.int64(40), np.int64(4), np.int64(27), np.int64(58), np.int64(26), np.int64(40), np.int64(63), np.int64(37), np.int64(52), np.int64(33), np.int64(3), np.int64(17), np.int64(30), np.int64(20), np.int64(17), np.int64(34), np.int64(14), np.int64(18), np.int64(10), np.int64(52), np.int64(31), np.int64(11), np.int64(2), np.int64(47), np.int64(53), np.int64(55), np.int64(17), np.int64(50), np.int64(44), np.int64(51), np.int64(20), np.int64(54), np.int64(10), np.int64(56), np.int64(24), np.int64(13)]",False,False,0.0,0.0,"[ 9 15 20 58 36 37 37  8 53 30 51 19 13 10 44 53 59 59 60 59 16 35 48 18
 63 14 16  5 50 39 36 51 36  8 46 27 19 22  5 62 51 62 33 53 53 57 31 16
 59 48  8 17  1 59 31 10 15 46  4 59 36 32 31  2]","[43 15 56 58 53 27 56  4 53 26  4 19 47  4 15 53 59 59 60 59 16 35 48 18
  3 29 52  7 43 30 26 11  5  8 46 27 19 22  5 62 28 13 33 53 53 56  7 27
 59 48 46 17  4 59 31 10 15 52  4 59 36 56 31  2]",True,True,0.859375,0.953125,"[43 15 16 58 53 37 56 46 53 30  1 19 42  9 44 53 59 59 20 59 16 35 48 18
 50 57 16  4 16 30  2 43 36  8 35 34  4 44  5 29 51 13 32 53 53 56 26 16
 59 48  8 10  1 59 31  3 60 46 22 59 36 32 31  2]","[43 15 16 60 27 27 56  4  7 30  4 19 63  4 26 53 59 59 28 59 16 35 48 18
 63 14 16 47 16 25  2 43 36  8 46 27 19 22  5 29 51  3 62 53 53 56  7 27
 59 48  8 17  6 59 14 44  6 52  4 59 56 56 31  2]",False,False,0.0625,0.140625,0.04,1.0,1.0,1,1,25,0.04,1.0,1.0,1,1,25,1.0,0.0,0.0,25,0,0,1.0,0.0,0.0,25,0,0,1.0,0.96,0.96,25,24,24,1.0,1.0,1.0,25,25,25,1.0,0.12,0.12,25,3,3,1.0,0.12,0.12,25,3,3
[0.500999   0.         0.         ... 0.         0.         1.00049988],"[38 53 14 41 54 52 15 61  4 38 12 17 38 36 14 30 59 57 17 54 36 16 50 36
  0 50 15 39 61 53  2  3 30 59 26 26 50 58 50 32 36 32 46  6 26 57 57 36
 40 36 30 52 36 30 15 25  7 30 15 32  9 53 49 17]","[46 53 14 41 54 52 15 46  4 38  3 17 38 59 14 30 59 57 17 54 36 16 50 36
  0 50 15 39 52 53  2  3 30 59 13  1 50 58 50 32 36 32 46  6 40 57 57 36
 40 36 30 27 36 30 15 41  7 30 15 32  9 53 49 17]",True,True,0.9375,0.90625,"[np.int64(17), np.int64(60), np.int64(13), np.int64(31), np.int64(36), np.int64(0), np.int64(47), np.int64(27), np.int64(31), np.int64(35), np.int64(47), np.int64(12), np.int64(50), np.int64(34), np.int64(39), np.int64(24), np.int64(2), np.int64(13), np.int64(23), np.int64(19), np.int64(7), np.int64(29), np.int64(47), np.int64(9), np.int64(48), np.int64(45), np.int64(5), np.int64(42), np.int64(46), np.int64(40), np.int64(26), np.int64(49), np.int64(39), np.int64(32), np.int64(48), np.int64(21), np.int64(34), np.int64(29), np.int64(7), np.int64(48), np.int64(33), np.int64(21), np.int64(44), np.int64(22), np.int64(25), np.int64(42), np.int64(20), np.int64(52), np.int64(31), np.int64(44), np.int64(59), np.int64(55), np.int64(0), np.int64(4), np.int64(5), np.int64(3), np.int64(38), np.int64(5), np.int64(37), np.int64(41), np.int64(12), np.int64(17), np.int64(59), np.int64(1)]","[np.int64(15), np.int64(41), np.int64(61), np.int64(24), np.int64(26), np.int64(36), np.int64(17), np.int64(52), np.int64(52), np.int64(37), np.int64(5), np.int64(6), np.int64(38), np.int64(33), np.int64(58), np.int64(52), np.int64(40), np.int64(50), np.int64(15), np.int64(40), np.int64(24), np.int64(23), np.int64(16), np.int64(26), np.int64(20), np.int64(18), np.int64(15), np.int64(4), np.int64(57), np.int64(27), np.int64(7), np.int64(3), np.int64(11), np.int64(25), np.int64(57), np.int64(18), np.int64(14), np.int64(46), np.int64(48), np.int64(7), np.int64(55), np.int64(33), np.int64(46), np.int64(0), np.int64(19), np.int64(25), np.int64(2), np.int64(58), np.int64(38), np.int64(57), np.int64(29), np.int64(8), np.int64(2), np.int64(50), np.int64(14), np.int64(25), np.int64(12), np.int64(5), np.int64(5), np.int64(1), np.int64(18), np.int64(55), np.int64(14), np.int64(63)]",False,False,0.0,0.0,"[10 53 14 42 55 52 15 61  4 42  3 17 10 36 14 30 59 57 17  7 34 43 50 58
 42 50 15 39 61 53  2  3 30 59 42 26 50 58 50 32 44 55 46 34  2 57 57 37
 63  4 30 52 29 30 15 42  7 30 15 32  9 53 48 17]","[46 53 14 41 54 52 15 46  4 16  3 17 59 36 14 30 49 57 24 54 34 43 50 58
  0 55 15 39 42 53  2  3 30 59 26 26 47 26 54 32 48 32 46 34  7 57 57 37
 63  4 30 47 36 30 15 41  7 30 54 32 43 53 49 17]",False,True,0.859375,0.953125,"[38 53 14 10 49 52 43 52  4 38 62 17 38 36 14 30  9 57 17 54 36 43 50 36
  0 50 15 31 42 53  2  3 30 44 20  1 50 58 54 32 36 32 28 34 26 57 57 36
 63 36 30 47 36 30 50 41 60 30 15 32  9 53 49 17]","[46 53 14 17 54 52 43 23  4  0 62 17 59 59 14 30  9 57 24 54 36 43 50 58
  0 50 15 51 52 52  2 27 30 59 43  1 52  3 50 32 36 32 46  6 40 57 57 38
 40 36 30 27 29 30 15  4  7 30 15 16 43 53 10 17]",False,False,0.0625,0.140625,0.04,1.0,1.0,1,1,25,0.04,1.0,1.0,1,1,25,1.0,0.0,0.0,25,0,0,1.0,0.0,0.0,25,0,0,1.0,0.92,0.92,25,23,23,1.0,1.0,1.0,25,25,25,1.0,0.04,0.04,25,1,1,1.0,0.04,0.04,25,1,1
[0.         0.70781353 1.00049988 ... 0.         0.         1.00049988],"[26  3 63 18 58 33  2 37 25 12 40 43 18 41 29 18 35 63 17 58 18  9 55 60
  3 54 17 33 15 12 61  9 21 54 45 25  3 40 49 20  6 26 33 26  4 26 34 33
 34 41 25 37  4 41  2 19 60 15 17 16 54 12 46 63]","[26  3 63 26 58 33  2 31 25 20 40 43  6 41 46 18 22 63 17  6 18 11 56 60
  3 54 17 34 15 12 56 56 21 54 27 25  3 40 49 20  6 26 33 26  4 26 47 33
 34 60 25 37  4 41  2 19 60 31 17 16 54 31 46 63]",True,False,0.9375,0.90625,"[np.int64(41), np.int64(35), np.int64(59), np.int64(39), np.int64(21), np.int64(53), np.int64(39), np.int64(5), np.int64(55), np.int64(36), np.int64(43), np.int64(52), np.int64(56), np.int64(5), np.int64(52), np.int64(45), np.int64(29), np.int64(31), np.int64(57), np.int64(39), np.int64(11), np.int64(4), np.int64(47), np.int64(23), np.int64(37), np.int64(2), np.int64(39), np.int64(30), np.int64(30), np.int64(5), np.int64(37), np.int64(41), np.int64(5), np.int64(27), np.int64(15), np.int64(25), np.int64(9), np.int64(29), np.int64(0), np.int64(52), np.int64(50), np.int64(18), np.int64(45), np.int64(49), np.int64(46), np.int64(10), np.int64(22), np.int64(62), np.int64(33), np.int64(4), np.int64(32), np.int64(57), np.int64(9), np.int64(54), np.int64(40), np.int64(27), np.int64(40), np.int64(54), np.int64(9), np.int64(6), np.int64(20), np.int64(26), np.int64(40), np.int64(55)]","[np.int64(37), np.int64(32), np.int64(39), np.int64(42), np.int64(9), np.int64(26), np.int64(52), np.int64(22), np.int64(15), np.int64(42), np.int64(42), np.int64(30), np.int64(11), np.int64(3), np.int64(36), np.int64(11), np.int64(25), np.int64(59), np.int64(61), np.int64(1), np.int64(59), np.int64(61), np.int64(46), np.int64(51), np.int64(50), np.int64(14), np.int64(59), np.int64(20), np.int64(57), np.int64(33), np.int64(60), np.int64(29), np.int64(37), np.int64(33), np.int64(23), np.int64(60), np.int64(13), np.int64(31), np.int64(15), np.int64(60), np.int64(44), np.int64(32), np.int64(56), np.int64(6), np.int64(19), np.int64(19), np.int64(45), np.int64(31), np.int64(58), np.int64(35), np.int64(14), np.int64(53), np.int64(7), np.int64(41), np.int64(13), np.int64(3), np.int64(3), np.int64(53), np.int64(9), np.int64(5), np.int64(53), np.int64(49), np.int64(60), np.int64(42)]",False,False,0.0,0.0,"[45  3 63 18 58 61  2 37 25 12 40 45  6 45 29 28 11 63 17  6 18  9  9 60
 39 54 17 15 29 12 61 24 21 54 45 25 37 44 49 20  6 13 33 26  4 40 34 33
 34 60 25 44  4 41  2 19 60 61 17 16 54 12 46 63]","[26  3 63 26 58 33  2 31 25 20  8 43 18 41 46 18 48 63 17  6 18 11 56 11
  3 54 17 15 52 12 52 56 21 54 45 25  3 51 46 24  6 26 33 26 52 26 24 33
 13 41 25 47  4 41  2 19 60 15 17 16 54 31 46 63]",True,True,0.859375,0.953125,"[36 49 63 26 58 33  2 37 10 33 39 16  9 48 46 27 35 63 17  6  9 11 55 11
 46  8 17 33 29 12 61  9 21 54 48 25  3 40 49 24 25 26 33 26  4 26 34 33
 34 60 25 37  4 41  2 19 22 15 17 16 49 57 46 63]","[36  3 63 26 44 33  2 37 10 20 40 45  6 41 46 18 22 63 19 18 19 11 56 49
  3 40 17 33 15 12 61 56 21 54 46 16  3 40 49 20 45 26 33 26  4 40 24 51
 13 60 25 47  4 41  2  9 60 61 17 16 54 55 46 63]",False,False,0.0625,0.140625,0.04,1.0,1.0,1,1,25,0.04,0.0,0.0,1,0,0,1.0,0.0,0.0,25,0,0,1.0,0.0,0.0,25,0,0,1.0,0.88,0.88,25,22,22,1.0,1.0,1.0,25,25,25,1.0,0.0,0.0,25,0,0,1.0,0.04,0.04,25,1,1
[0.         0.         0.         ... 0.         1.00049988 0.500999  ],"[ 6 41  2 43 37 32 51  9 24 45 15 59  2 20 51 12 17 59 26  2 57 43 16 41
 44  5 37 46 15 52 45 57  2 20 61 44 41 32 12 57 47 44 24 51  2 32 61 19
  3 45 59 63 47 45 41 51 28 19 42 12 20 12 43  2]","[ 6 41  2 33 37 32 51  4 24 45 20 59  2 20 51 12 17 59 26  2 57 33 16 57
 44 30 37 20 15 52 57 57  2 20 61 44 41 32 12 57 23 32 24 51  2 32 61 19
  3 57 59 63 47 54 41 23  3 19 42 12 20 12  8  2]",True,True,0.9375,0.90625,"[np.int64(26), np.int64(2), np.int64(9), np.int64(33), np.int64(26), np.int64(0), np.int64(9), np.int64(2), np.int64(54), np.int64(59), np.int64(14), np.int64(61), np.int64(57), np.int64(23), np.int64(54), np.int64(57), np.int64(62), np.int64(8), np.int64(11), np.int64(24), np.int64(37), np.int64(13), np.int64(41), np.int64(53), np.int64(55), np.int64(40), np.int64(43), np.int64(53), np.int64(21), np.int64(23), np.int64(22), np.int64(7), np.int64(32), np.int64(25), np.int64(34), np.int64(1), np.int64(47), np.int64(49), np.int64(1), np.int64(10), np.int64(7), np.int64(33), np.int64(12), np.int64(52), np.int64(12), np.int64(56), np.int64(21), np.int64(26), np.int64(53), np.int64(28), np.int64(42), np.int64(14), np.int64(33), np.int64(17), np.int64(1), np.int64(36), np.int64(11), np.int64(57), np.int64(0), np.int64(46), np.int64(34), np.int64(14), np.int64(0), np.int64(3)]","[np.int64(55), np.int64(0), np.int64(30), np.int64(45), np.int64(26), np.int64(33), np.int64(19), np.int64(31), np.int64(8), np.int64(18), np.int64(56), np.int64(31), np.int64(54), np.int64(6), np.int64(51), np.int64(44), np.int64(40), np.int64(37), np.int64(58), np.int64(39), np.int64(52), np.int64(21), np.int64(42), np.int64(17), np.int64(52), np.int64(47), np.int64(11), np.int64(45), np.int64(26), np.int64(28), np.int64(6), np.int64(62), np.int64(31), np.int64(34), np.int64(14), np.int64(60), np.int64(61), np.int64(22), np.int64(60), np.int64(26), np.int64(5), np.int64(17), np.int64(51), np.int64(22), np.int64(27), np.int64(33), np.int64(17), np.int64(36), np.int64(56), np.int64(2), np.int64(1), np.int64(21), np.int64(24), np.int64(50), np.int64(37), np.int64(31), np.int64(36), np.int64(60), np.int64(45), np.int64(29), np.int64(45), np.int64(49), np.int64(37), np.int64(20)]",False,False,0.0,0.0,"[33 41  2 33 50 32 31 10 24 54 15 59  2 31 17 12 17 59 26  2 15 43 16 57
 45  5 37 46 62 27  5 33  2 20 61 44 41 32 12 57 11 32 15 10  2 32 61 45
  3 45 59 63 35 45 41 51  3 19 42 12 20 12  8  2]","[ 6 41  2 33 50 32 51  4 24 31 43 59  2 31 51 12 17 59 26  2 51 33 16 40
 51  5 40 50 15 52 57 35  2 20 61 44 41 32 12 57 11 23 24  3  2 32 15 19
  3 57 59 63 47 54 41 51 28 19 42 12 20 51  8  2]",True,True,0.859375,0.953125,"[ 3 41  2  0 11 32 10  9 24 54 15 54  2 49 51 20 17 14 26  2 57 43 16 41
 44  5 37 20 21 52  5 57  2  3 61 44 41 32 12 14  1 44 24 35  2 24 27 19
  3 45 59 61 47 54 41 24  3 20 42 12 20 12  8  2]","[ 6 41  2 29 37 59 31 10 30 45 20  5  2 20  8 10 17 14 26  2 36 33 16 57
 44 30 34 20 62 27 20 54  2 20  1 44 41 32 45 14 23 32 24 35  2 32 61 41
  3 45 27 63 47 45 41 51 28 19 42 12 20 24 43  2]",False,True,0.0625,0.140625,0.04,1.0,1.0,1,1,25,0.04,1.0,1.0,1,1,25,1.0,0.0,0.0,25,0,0,1.0,0.0,0.0,25,0,0,1.0,0.64,0.64,25,16,16,1.0,1.0,1.0,25,25,25,1.0,0.0,0.0,25,0,0,1.0,0.0,0.0,25,0,0
[0.500999 0.       0.       ... 0.       0.       0.      ],"[24 18 44 22 38  3  0 51 38 18 42 25 50 50 37 52 52 38 24 50  6 50 62  0
 62 18 24 38 38 50 32 18 18 44  3 18 51 24 22 47 16 37 57 57 52 50 18 14
 18 27 22 57 24 33 45 52 42 24 50 37 14 18 62 25]","[24 18 44 22 38  3  0 51 38 18 61 25 50 50 37 52 52 38 24 50  6 50 62  0
 62 18 24 38 38  0 32 18 18 44  3 18 51 24 22 47 16 37 57 57 52 50 18 61
 18 27 22 57 24 33 45 52 13 24 37 37 14 18 62 15]",True,True,0.9375,0.90625,"[np.int64(37), np.int64(53), np.int64(32), np.int64(30), np.int64(38), np.int64(41), np.int64(59), np.int64(51), np.int64(8), np.int64(5), np.int64(31), np.int64(30), np.int64(58), np.int64(1), np.int64(56), np.int64(45), np.int64(4), np.int64(16), np.int64(59), np.int64(18), np.int64(11), np.int64(8), np.int64(53), np.int64(25), np.int64(39), np.int64(50), np.int64(57), np.int64(34), np.int64(18), np.int64(36), np.int64(36), np.int64(9), np.int64(42), np.int64(14), np.int64(35), np.int64(25), np.int64(38), np.int64(61), np.int64(49), np.int64(5), np.int64(17), np.int64(47), np.int64(39), np.int64(45), np.int64(1), np.int64(16), np.int64(53), np.int64(34), np.int64(48), np.int64(26), np.int64(32), np.int64(47), np.int64(13), np.int64(48), np.int64(4), np.int64(37), np.int64(21), np.int64(27), np.int64(53), np.int64(22), np.int64(29), np.int64(63), np.int64(63), np.int64(45)]","[np.int64(19), np.int64(23), np.int64(48), np.int64(23), np.int64(11), np.int64(26), np.int64(34), np.int64(3), np.int64(32), np.int64(21), np.int64(10), np.int64(49), np.int64(7), np.int64(50), np.int64(57), np.int64(30), np.int64(54), np.int64(25), np.int64(57), np.int64(54), np.int64(5), np.int64(50), np.int64(12), np.int64(24), np.int64(0), np.int64(43), np.int64(22), np.int64(43), np.int64(12), np.int64(46), np.int64(11), np.int64(21), np.int64(0), np.int64(14), np.int64(38), np.int64(57), np.int64(34), np.int64(9), np.int64(48), np.int64(55), np.int64(47), np.int64(52), np.int64(5), np.int64(19), np.int64(35), np.int64(30), np.int64(51), np.int64(52), np.int64(13), np.int64(9), np.int64(19), np.int64(42), np.int64(2), np.int64(57), np.int64(1), np.int64(17), np.int64(23), np.int64(42), np.int64(34), np.int64(25), np.int64(34), np.int64(20), np.int64(37), np.int64(42)]",False,False,0.0,0.0,"[24 18 34 22 58  3  0 51 38 18 42 25 50 50 37 52  9 58 24 50  6 50 62  0
 62 14 24 19 38 50 32 19 41 56  3  0 51 24 22 47 16 51 57 57 52 50 42 61
 18 27 22 57 24 33 45 52 13 24 50 37 14 18 62 15]","[18 18 34 22 58  3  9 51 38 18 61 25 63 50 57 58  9 58 24 27  6 50 62  0
 62 14 24 38 38 50 32 18 18 56  3 18 51 24 22 47 16 37 57 57 52 50 18 14
 18 27 22 57 24 33 45 37 13 24 37 37 14 18 62 15]",True,True,0.859375,0.953125,"[29 18 34 22 58  3  0 51 38 16 36 25 55 15 57 58  9 38 24 27  6 31 62  0
 62 18 24 38  7 50 32 18 41 56  3 18 21 24 18 47 16 51 57 57 52 19 43 61
 29 27 22 41 24 33 45 12 42 24 50 37 14 18 62 15]","[24 18 30  5 38 35  0 51 45 21 42 60 50 50 37 58  9 38 24 27  6 50 62  0
 62 18 18 38 38 50 32 19 18 44  3  0 44 24 22 47 33 32 57 57 52 50 43 13
 18 27 58 58 24 33 45 52 13 24 37 37 14 18 62 12]",False,True,0.0625,0.140625,0.04,1.0,1.0,1,1,25,0.04,1.0,1.0,1,1,25,1.0,0.0,0.0,25,0,0,1.0,0.0,0.0,25,0,0,1.0,0.88,0.88,25,22,22,1.0,1.0,1.0,25,25,25,1.0,0.08,0.08,25,2,2,1.0,0.12,0.12,25,3,3
[0.         0.70781353 0.70781353 ... 0.         0.         1.00049988],"[ 0 16 54 40 27 36 47 63 16 63  0  5 17 19 31 45 51  4  5  4 10 54 23 63
 16 33 61  0 30 47  4 26 18 18 45 38  0 19 45 20 31 16 31  3 26 51 22  9
  9 52 28 61 10 14 63  1 45  7 23 61 30  0 21  0]","[ 0 16 54 40 27 36 38 63 16 63  0  5 17 19 11 45 51 16  5  4 10  2 23 63
 16 35 61  0 30 47  4 38 11  6 45 38  0  2  2 20 34 16 31  3 26 51 22  9
  9  8 28 27 10 14 63 37 45  7 23 61 38  0 21  0]",True,True,0.9375,0.90625,"[np.int64(32), np.int64(3), np.int64(58), np.int64(2), np.int64(17), np.int64(9), np.int64(13), np.int64(9), np.int64(35), np.int64(48), np.int64(11), np.int64(48), np.int64(16), np.int64(40), np.int64(61), np.int64(48), np.int64(13), np.int64(25), np.int64(49), np.int64(15), np.int64(32), np.int64(44), np.int64(61), np.int64(46), np.int64(62), np.int64(21), np.int64(39), np.int64(6), np.int64(28), np.int64(40), np.int64(62), np.int64(60), np.int64(24), np.int64(63), np.int64(24), np.int64(17), np.int64(22), np.int64(11), np.int64(29), np.int64(16), np.int64(20), np.int64(57), np.int64(6), np.int64(40), np.int64(47), np.int64(13), np.int64(63), np.int64(50), np.int64(43), np.int64(62), np.int64(48), np.int64(2), np.int64(60), np.int64(6), np.int64(48), np.int64(28), np.int64(53), np.int64(17), np.int64(54), np.int64(22), np.int64(39), np.int64(51), np.int64(44), np.int64(19)]","[np.int64(32), np.int64(45), np.int64(48), np.int64(59), np.int64(61), np.int64(16), np.int64(59), np.int64(44), np.int64(40), np.int64(26), np.int64(28), np.int64(22), np.int64(10), np.int64(29), np.int64(43), np.int64(54), np.int64(62), np.int64(6), np.int64(55), np.int64(61), np.int64(46), np.int64(5), np.int64(54), np.int64(7), np.int64(11), np.int64(11), np.int64(61), np.int64(27), np.int64(63), np.int64(34), np.int64(12), np.int64(13), np.int64(14), np.int64(11), np.int64(26), np.int64(30), np.int64(31), np.int64(47), np.int64(46), np.int64(44), np.int64(45), np.int64(57), np.int64(14), np.int64(52), np.int64(36), np.int64(24), np.int64(26), np.int64(39), np.int64(25), np.int64(36), np.int64(42), np.int64(43), np.int64(33), np.int64(54), np.int64(21), np.int64(11), np.int64(4), np.int64(46), np.int64(52), np.int64(63), np.int64(41), np.int64(2), np.int64(19), np.int64(21)]",False,False,0.0,0.0,"[ 0 16 16 25 36 36 33 63 49 63  0  5 17 19 11 46 51  4 26  4 10 54 23 63
 18 33 61  0 30 47  4 26 11 49 45 38  0  2 30 49 58 16  8  3 41 51 22  9
  9 52 28 61 10 56 63  1 45 31 23 61 30  0 21  0]","[ 0 16 38 25 27 36 47 63 19 63  0 38 17 19 11 45  5 16  5  4 10 26 23 63
 16 35  4  0 30 47  4 42 11 18 48 38  0 19  6 20 58 16 14  3 26 51 15  9
  9 52 28 27 10 56 63  1 45  7 23 61 38  0 35  0]",True,True,0.859375,0.953125,"[ 0 16 54 25 36 36 62 63 19 63  0  5 17 19 11 42  5  4  5  4 10 54 23  4
 16 33 61  0 30 47  4 26 11 49 48 38  0  2 60 20 58 16 15  3 26 15 15  9
  9 39 28 36 10 56 63  1 45  7 23 63 38  0 35  0]","[ 0 16 16 40 36  9 38 57 16  5  0  5 17 19 11 45 51  4 16 37  2  2 23 51
 16 35 61  0 30 47  4 26 62 18 45 38  0 19 45 20  1 33  8  3 26 51 22  9
  9  8 28 61 10 56 63  1 45  7 40 63 38  0  6  0]",False,False,0.0625,0.140625,0.04,1.0,1.0,1,1,25,0.04,1.0,1.0,1,1,25,1.0,0.0,0.0,25,0,0,1.0,0.0,0.0,25,0,0,1.0,0.96,0.96,25,24,24,1.0,1.0,1.0,25,25,25,1.0,0.08,0.08,25,2,2,1.0,0.04,0.04,25,1,1
[0.         0.         0.         ... 0.         0.70781353 0.        ],"[43 28 16 58 53  2 63  4 53 26  2 19 47  4 36 53 59 59 20 59 16 35 48 18
 63 14 16 47 16 30 36 43 36  8 46 27 19 22  5 62 28 13 32 53 53 56 26 16
 59 48 22 17  4 59 14 44  2 46 22 59 36 56 26  2]","[43 15 16 56 53  2 56  4 53 26  4 19 47  4 36 53 59 59 28 59 16 35 48 18
  3 14 16  4 16 30 36 43 36  8 46 27 19 22  5 62 28  3 33 53 53 56 26 16
 59 48 28 17  4 59 14 10  2 52  4 59 36 56 31  2]",True,True,0.9375,0.90625,"[np.int64(37), np.int64(49), np.int64(37), np.int64(62), np.int64(35), np.int64(22), np.int64(42), np.int64(24), np.int64(30), np.int64(40), np.int64(2), np.int64(11), np.int64(13), np.int64(5), np.int64(63), np.int64(9), np.int64(33), np.int64(52), np.int64(57), np.int64(37), np.int64(20), np.int64(10), np.int64(7), np.int64(8), np.int64(62), np.int64(53), np.int64(61), np.int64(27), np.int64(43), np.int64(62), np.int64(8), np.int64(56), np.int64(59), np.int64(26), np.int64(53), np.int64(24), np.int64(3), np.int64(61), np.int64(38), np.int64(36), np.int64(3), np.int64(10), np.int64(37), np.int64(35), np.int64(14), np.int64(26), np.int64(60), np.int64(18), np.int64(29), np.int64(25), np.int64(43), np.int64(58), np.int64(32), np.int64(9), np.int64(46), np.int64(26), np.int64(36), np.int64(37), np.int64(22), np.int64(59), np.int64(1), np.int64(58), np.int64(41), np.int64(32)]","[np.int64(63), np.int64(54), np.int64(13), np.int64(9), np.int64(49), np.int64(29), np.int64(13), np.int64(41), np.int64(51), np.int64(32), np.int64(19), np.int64(26), np.int64(4), np.int64(23), np.int64(38), np.int64(9), np.int64(25), np.int64(21), np.int64(43), np.int64(43), np.int64(62), np.int64(53), np.int64(57), np.int64(32), np.int64(32), np.int64(45), np.int64(38), np.int64(62), np.int64(18), np.int64(13), np.int64(37), np.int64(51), np.int64(32), np.int64(43), np.int64(46), np.int64(20), np.int64(21), np.int64(45), np.int64(36), np.int64(16), np.int64(43), np.int64(61), np.int64(41), np.int64(12), np.int64(5), np.int64(50), np.int64(15), np.int64(13), np.int64(50), np.int64(52), np.int64(50), np.int64(47), np.int64(42), np.int64(62), np.int64(47), np.int64(41), np.int64(35), np.int64(22), np.int64(47), np.int64(9), np.int64(11), np.int64(61), np.int64(29), np.int64(62)]",False,False,0.0,0.0,"[63 28 16 24 53  2 63 50 53 26  2 19 13  4 15 53 59 59 60 59 16 35 36 18
 63 29 16  4 16 30  9 51 36  8 46 27  4 44  5  6 28 13 62 53 53 57 26 16
 59 48 22 17 26 59 14 44  2 52 22 59 36 32 26  2]","[ 9 15 16 60 53  2 60 46 53 27 51 19 47 12 36 53 59 59 60 59 16 35 36 18
 50 29 16  5 16 30  2 11 36  8 35 27 19 22  5  6 18 13 62 53 53 56 26 16
 59 48 46 17  4 59  1 10 60 46 22 59 49 56 26  2]",True,True,0.859375,0.953125,"[63 28 16 56 53  2 60  4 53 27 51 19 13 12 44 53 59 59 20 59 16 35 48 18
 50 57 30  7  1 30 55 11 36  8 35 27 19 22  5 62 28  3 12 53 53 57 26 16
 59 48  8 10 26 59  3  3 15 45  3 59 49 32 41  2]","[43 15 10 58 36 37 56 46 53 26  1 19 63  4 36 53 59 59 28 59 16 35 48 18
  3 57 46  4 16 30 36 46 36 42 35 27 22  5  5  6 18  3 12 53 14 56 50 27
 59 60 28 17 26 59 31 10  6 52 22 59  6 56 41  2]",False,False,0.0625,0.140625,0.04,1.0,1.0,1,1,25,0.04,1.0,1.0,1,1,25,1.0,0.0,0.0,25,0,0,1.0,0.0,0.0,25,0,0,1.0,0.96,0.96,25,24,24,1.0,1.0,1.0,25,25,25,1.0,0.08,0.08,25,2,2,1.0,0.08,0.08,25,2,2
[0.         0.         1.00049988 ... 0.         0.         0.        ],"[40  6  1 35 42 37 48 17 37  4 50 48 40 31 44 60 46 50 37 10 62 17 52  1
 28 45 38 10 54  1 62  6 60 49 11 58  9 50 50 10 58 27 42 35 28 11 22 36
 42  6 48 31 50 49 48 38 49 62  4 54  6 60 48 38]","[35  6  1 35 42 37 48 13 26  4 50 48 45 30 21 57 46 50 14  1 62 14 30  1
 28 45 45 13 54 35 62  6 45 21 11 58  9 50 50  0 58  0 42 35 28 11 22 32
 42 57 48  1 50 49 48 38 49 58  4 54  6 60 48 31]",True,False,0.9375,0.90625,"[np.int64(7), np.int64(39), np.int64(6), np.int64(33), np.int64(46), np.int64(14), np.int64(9), np.int64(38), np.int64(61), np.int64(23), np.int64(5), np.int64(38), np.int64(45), np.int64(33), np.int64(25), np.int64(25), np.int64(47), np.int64(19), np.int64(50), np.int64(43), np.int64(24), np.int64(57), np.int64(48), np.int64(40), np.int64(23), np.int64(57), np.int64(19), np.int64(43), np.int64(46), np.int64(26), np.int64(29), np.int64(57), np.int64(48), np.int64(0), np.int64(35), np.int64(16), np.int64(5), np.int64(56), np.int64(47), np.int64(29), np.int64(16), np.int64(60), np.int64(14), np.int64(43), np.int64(8), np.int64(24), np.int64(53), np.int64(17), np.int64(1), np.int64(59), np.int64(27), np.int64(51), np.int64(11), np.int64(44), np.int64(23), np.int64(59), np.int64(20), np.int64(27), np.int64(33), np.int64(50), np.int64(19), np.int64(6), np.int64(16), np.int64(1)]","[np.int64(34), np.int64(36), np.int64(55), np.int64(33), np.int64(62), np.int64(60), np.int64(60), np.int64(21), np.int64(60), np.int64(13), np.int64(1), np.int64(41), np.int64(0), np.int64(24), np.int64(0), np.int64(22), np.int64(26), np.int64(32), np.int64(54), np.int64(45), np.int64(29), np.int64(24), np.int64(60), np.int64(0), np.int64(20), np.int64(6), np.int64(61), np.int64(38), np.int64(57), np.int64(35), np.int64(46), np.int64(10), np.int64(7), np.int64(5), np.int64(27), np.int64(41), np.int64(52), np.int64(24), np.int64(8), np.int64(20), np.int64(26), np.int64(34), np.int64(26), np.int64(19), np.int64(31), np.int64(47), np.int64(37), np.int64(50), np.int64(40), np.int64(47), np.int64(45), np.int64(5), np.int64(57), np.int64(3), np.int64(23), np.int64(45), np.int64(17), np.int64(38), np.int64(29), np.int64(43), np.int64(54), np.int64(48), np.int64(57), np.int64(10)]",False,False,0.0,0.0,"[35  6  1 35 42 37 48 29 37 58 50 48 40 30 18 57 46 50 25 10 17 17 30  1
 52  8 38  7 50 35 35 17 45 49 11 58  9 50 50  0 58  0 42 26 38 11 22 63
 42 38 48 59 50 27 48 52 49 58  4 54  6 44 48  8]","[35  6  1 35 42  3 48 52 63  4 50 48 45 31 21 14 46 50 37 10 62 36 52 44
 28  0 45 53 54 35 62  6 60 21 11 58  9 50 49  0 58  8 42 35 28 11 22 36
 42  6 48 59 50 24 48 52 49 11  4 54 20 44 48 31]",True,True,0.859375,0.953125,"[35 23  1 29 42 37 48 27 37 58 50 48 45 27 44 60 46 31 25 10 62 40 30 44
 52  0 38  7 50  3 35 63 51 49 11 58 60  8 50  0 58  0 42 35 28 25 22 36
 42 38 48 32  7 49 48 52 49 11  4 54  6 44 48  8]","[45  6 46 35 42 37 48 13 41  4 50 48 40 31 15 57 46 21 14  1 62 40 30  1
 52 18 45 10 54  1 35 17 51 21 11 30  9 50 49  0  0  0 42 47 28  0  2 32
 42 30 48  1 50 49 48 38 29 62  4 54  6 44 48 47]",False,False,0.0625,0.140625,0.04,1.0,1.0,1,1,25,0.04,0.0,0.0,1,0,0,1.0,0.0,0.0,25,0,0,1.0,0.0,0.0,25,0,0,1.0,0.96,0.96,25,24,24,1.0,1.0,1.0,25,25,25,1.0,0.04,0.04,25,1,1,1.0,0.0,0.0,25,0,0
[0.500999 0.       0.       ... 0.       0.       0.      ],"[24 18 44 22 38  3  0 51 38 18 42 25 50 50 37 52 52 38 24 50  6 50 62  0
 62 18 24 38 38 50 32 18 18 44  3 18 51 24 22 47 16 37 57 57 52 50 18 14
 18 27 22 57 24 33 45 52 42 24 50 37 14 18 62 25]","[24 18 44 22 38  3  0 51 38 18 61 25 50 50 37 52 52 38 24 50  6 50 62  0
 62 18 24 38 38  0 32 18 18 44  3 18 51 24 22 47 16 37 57 57 52 50 18 61
 18 27 22 57 24 33 45 52 13 24 37 37 14 18 62 15]",True,True,0.9375,0.90625,"[np.int64(60), np.int64(5), np.int64(17), np.int64(26), np.int64(35), np.int64(34), np.int64(56), np.int64(34), np.int64(14), np.int64(3), np.int64(28), np.int64(39), np.int64(20), np.int64(54), np.int64(43), np.int64(6), np.int64(33), np.int64(16), np.int64(58), np.int64(11), np.int64(25), np.int64(15), np.int64(11), np.int64(1), np.int64(4), np.int64(25), np.int64(21), np.int64(37), np.int64(18), np.int64(63), np.int64(54), np.int64(34), np.int64(28), np.int64(22), np.int64(51), np.int64(59), np.int64(14), np.int64(1), np.int64(41), np.int64(60), np.int64(62), np.int64(41), np.int64(50), np.int64(3), np.int64(9), np.int64(24), np.int64(8), np.int64(42), np.int64(36), np.int64(35), np.int64(60), np.int64(8), np.int64(46), np.int64(53), np.int64(43), np.int64(51), np.int64(50), np.int64(42), np.int64(33), np.int64(37), np.int64(39), np.int64(14), np.int64(1), np.int64(33)]","[np.int64(13), np.int64(35), np.int64(53), np.int64(18), np.int64(39), np.int64(21), np.int64(39), np.int64(38), np.int64(18), np.int64(13), np.int64(27), np.int64(29), np.int64(13), np.int64(10), np.int64(55), np.int64(19), np.int64(27), np.int64(23), np.int64(8), np.int64(35), np.int64(7), np.int64(12), np.int64(31), np.int64(10), np.int64(60), np.int64(59), np.int64(16), np.int64(11), np.int64(22), np.int64(46), np.int64(32), np.int64(1), np.int64(48), np.int64(60), np.int64(1), np.int64(18), np.int64(51), np.int64(51), np.int64(16), np.int64(56), np.int64(11), np.int64(42), np.int64(59), np.int64(9), np.int64(36), np.int64(26), np.int64(45), np.int64(25), np.int64(40), np.int64(9), np.int64(18), np.int64(50), np.int64(19), np.int64(12), np.int64(18), np.int64(19), np.int64(48), np.int64(3), np.int64(34), np.int64(28), np.int64(29), np.int64(36), np.int64(48), np.int64(46)]",False,False,0.0,0.0,"[24 42 44 22 38  3  0 51 38 18 42 25 63 50 57 45 52 38 24 50  6 50 62  0
 62 51 24 38 38 50  2 21 48 44 21  5 21 24 22 47 16 51 57 57 17 50  4 13
 29 27 22 58 24 33 45 52 42 24 50 37 14 47 62 25]","[24 18 34 22 58  3  0 28 38 18 61 25 50 50 37 52 52 38 24 50  6 50 62  0
 62 18 24 38 38  0 32 18 18 44  3 18 61 24 22 47 16 37 57 57 17  8 18 13
 29 27 22 25 24 33 45 37 13 24 37 37 14  8 62 25]",True,True,0.859375,0.953125,"[24 18 34 22 58 35  0 28 61 21 42 25 63 15 37 58 52 38 38 50  6  9 62  0
 62 18 24 38 38  0 32 12 18 44 21  0 21 14 22 47 16 37 57 57 52  8 10 13
 18 27 22 58 24 33 45 37 42 24 15 37 11  8 62 15]","[24 18 30 22 58  3  9 51 61 18 61 25 50 15 37 52 52 58  9 50  6 50 62  0
 62 18 18 38 38 50 32 18 48 56  3  5 51 24 22 47 16 16 57 57 17 19  4 61
  4 27 22 57 18 33 45 52 42 24 37 37 11 36 62 25]",False,False,0.0625,0.140625,0.04,1.0,1.0,1,1,25,0.04,1.0,1.0,1,1,25,1.0,0.0,0.0,25,0,0,1.0,0.0,0.0,25,0,0,1.0,0.88,0.88,25,22,22,1.0,1.0,1.0,25,25,25,1.0,0.04,0.04,25,1,1,1.0,0.12,0.12,25,3,3
[1.00049988 0.         0.70781353 ... 0.         0.70781353 0.        ],"[55  7 40 45 43 17 53  7 54 60 55 46 46 14  1 40 39 53 40 21  3 54 35 29
 55 55 29 51 32  7 45  5 54 55 35 40 54 42  0 61 54 62  1 59 14 32 54 59
 10  9 54 50 53  1  7 54  1 46 53 54 56 46 56 44]","[55  7 40 22 43 17 53  7 54 22 55 46 46 14  1 40 39 53 40 21  3 54 35 29
 56 55 29 25 32  7 45  5 54 42 35 26 54 42  0 61 54 62  1 14 14 32 54 59
 10  9 54 50 53  1  7 54  1 42 53 54 56 46 56 44]",True,True,0.9375,0.90625,"[np.int64(53), np.int64(22), np.int64(51), np.int64(26), np.int64(45), np.int64(50), np.int64(9), np.int64(27), np.int64(8), np.int64(15), np.int64(59), np.int64(38), np.int64(60), np.int64(58), np.int64(32), np.int64(48), np.int64(27), np.int64(34), np.int64(4), np.int64(31), np.int64(31), np.int64(16), np.int64(34), np.int64(58), np.int64(57), np.int64(0), np.int64(7), np.int64(2), np.int64(35), np.int64(51), np.int64(42), np.int64(49), np.int64(21), np.int64(18), np.int64(16), np.int64(30), np.int64(29), np.int64(26), np.int64(49), np.int64(35), np.int64(39), np.int64(43), np.int64(9), np.int64(36), np.int64(50), np.int64(36), np.int64(53), np.int64(31), np.int64(48), np.int64(24), np.int64(23), np.int64(34), np.int64(2), np.int64(13), np.int64(46), np.int64(3), np.int64(32), np.int64(9), np.int64(46), np.int64(40), np.int64(37), np.int64(48), np.int64(57), np.int64(54)]","[np.int64(15), np.int64(56), np.int64(14), np.int64(30), np.int64(36), np.int64(57), np.int64(20), np.int64(14), np.int64(43), np.int64(42), np.int64(22), np.int64(12), np.int64(55), np.int64(28), np.int64(32), np.int64(32), np.int64(57), np.int64(37), np.int64(54), np.int64(27), np.int64(7), np.int64(22), np.int64(50), np.int64(22), np.int64(2), np.int64(12), np.int64(46), np.int64(42), np.int64(2), np.int64(20), np.int64(4), np.int64(58), np.int64(16), np.int64(63), np.int64(55), np.int64(40), np.int64(17), np.int64(42), np.int64(16), np.int64(52), np.int64(58), np.int64(56), np.int64(11), np.int64(5), np.int64(27), np.int64(51), np.int64(39), np.int64(59), np.int64(3), np.int64(38), np.int64(14), np.int64(63), np.int64(4), np.int64(38), np.int64(1), np.int64(35), np.int64(4), np.int64(50), np.int64(20), np.int64(55), np.int64(21), np.int64(57), np.int64(58), np.int64(5)]",False,False,0.0,0.0,"[55  7 21 22 43 17 53  7 54 60 55 46 35 37  1 25 39 34 40 21 63 54 35 29
 61 62 59 22 53  7 45 49 54 55 61 36 54  7  0 61 54 62  1 59 17 57 54 59
 10  9 54 50 53  1  7 54  1 46 53 54 56 46 56 39]","[52  7 21 45 10 17 57  7 54 22 43 46 46 14  1 40 39 53 40 21  3 54 47 29
 56 12 29 22 53  7 45  5 54 42 35 40 54 42  6 61 54 62  1 52 19 57 54 59
 10  9 54 50 19 52  7 54  1 42 53 54 56 46 56 44]",False,True,0.859375,0.953125,"[55  7 21 20 43 17 53  7 54 60 55 46 46 14  1 40 39 15 40 52  3 54 35 29
 61 12 59 25 32  7 45  5 54 55 17 40 50 47  6 61 54 62 37 28 13 57 54 22
 10  9 54 50 19  1  7 54  1 42 53 54 56 34 45 44]","[55  7 21 45 10 17 53  7 54 60  4 46 35 14  1 17 39 53 40 21  3 54 35 14
 46  2 29 25 32  7 41  5 54 55 61 40 54 13  0 61 54 30  1 59 14 57 54 59
 10  5 54 58 51  1  7 54  1 46 53 26 56 46 25 44]",False,False,0.0625,0.140625,0.04,1.0,1.0,1,1,25,0.04,1.0,1.0,1,1,25,1.0,0.0,0.0,25,0,0,1.0,0.0,0.0,25,0,0,1.0,0.92,0.92,25,23,23,1.0,1.0,1.0,25,25,25,1.0,0.12,0.12,25,3,3,1.0,0.12,0.12,25,3,3
[0.500999   0.         1.00049988 ... 0.         1.00049988 0.500999  ],"[14 37 21  8 37 26 19 16 60 37 59 27 53  2 35 56 35 53 41 53 46 60 19  9
 37 36 27 21 53 27 14  4 27 25  9 60  2 60 24 20  8 21  8 35 42 43 35 37
 30 40 46  9 40 37 40 61  9 21 61 14 60  8 38 57]","[24 37 21  8 37 26 19 30 60 37  0 63 53  2 35 29 35 53 41 53  3 60 19  9
 37 36 42 21 53 63  4  4 53  5  9 60  2 60 24 20  8 21  8 35 42 36 35 37
 30 24  2 41 40 37 40 61  9 21 61  0 60  8 38 42]",True,True,0.9375,0.90625,"[np.int64(62), np.int64(14), np.int64(55), np.int64(35), np.int64(26), np.int64(56), np.int64(28), np.int64(55), np.int64(7), np.int64(26), np.int64(59), np.int64(15), np.int64(37), np.int64(15), np.int64(15), np.int64(31), np.int64(6), np.int64(47), np.int64(3), np.int64(51), np.int64(36), np.int64(62), np.int64(26), np.int64(53), np.int64(52), np.int64(36), np.int64(20), np.int64(61), np.int64(8), np.int64(28), np.int64(17), np.int64(37), np.int64(42), np.int64(50), np.int64(19), np.int64(59), np.int64(53), np.int64(53), np.int64(28), np.int64(13), np.int64(14), np.int64(5), np.int64(19), np.int64(54), np.int64(18), np.int64(13), np.int64(14), np.int64(46), np.int64(57), np.int64(45), np.int64(26), np.int64(19), np.int64(8), np.int64(3), np.int64(36), np.int64(45), np.int64(50), np.int64(38), np.int64(29), np.int64(60), np.int64(50), np.int64(46), np.int64(53), np.int64(42)]","[np.int64(56), np.int64(62), np.int64(42), np.int64(20), np.int64(56), np.int64(62), np.int64(13), np.int64(56), np.int64(14), np.int64(34), np.int64(10), np.int64(48), np.int64(33), np.int64(14), np.int64(63), np.int64(35), np.int64(20), np.int64(37), np.int64(23), np.int64(7), np.int64(0), np.int64(51), np.int64(54), np.int64(63), np.int64(22), np.int64(37), np.int64(38), np.int64(60), np.int64(34), np.int64(49), np.int64(11), np.int64(4), np.int64(15), np.int64(5), np.int64(28), np.int64(8), np.int64(21), np.int64(43), np.int64(39), np.int64(19), np.int64(61), np.int64(56), np.int64(25), np.int64(37), np.int64(44), np.int64(6), np.int64(20), np.int64(2), np.int64(15), np.int64(4), np.int64(29), np.int64(17), np.int64(14), np.int64(6), np.int64(10), np.int64(33), np.int64(61), np.int64(55), np.int64(34), np.int64(5), np.int64(32), np.int64(52), np.int64(23), np.int64(26)]",False,False,0.0,0.0,"[14 37 21 53 37 60 19 17 60 37 59 27 53  2 35 56 35 59 16 12 46 60 19 59
 37 36 19 21 53 27 14  4 53 25  9 60  2 60 24 38  8 21  8 35 42 43  2 37
 30 16 46  9 40 37 32 61 23 21 61 14 60  8 38 28]","[24 37 21  8 37 26 19 30 60 37 59 63 17  2 35 11 49 53 16 59 53 60 19  7
 37 36 42 21 53 27 14  4 53  5 13 60 32 60 24 56 35 21  8 35 42 58 35 37
 45 24  2 41 40 37  0 61 11 21 61 36 60  8 38 44]",False,True,0.859375,0.953125,"[59 37 50 53 37 26 19 30 60 34  0 63 51 34 59 29 35  7 53 53 16 60 19 31
 37 36 27 26 53 63  4 23 53  5  9 60 38 60 30 20  8 21 21 35  4 58 35 37
 45 40 46 41 40 17  0 61  9 21 45  0 60  8  5 57]","[24 37 21  8 37 26 19 16 60 37 59 56 19  2 61 56  7 53 16 53 52 60 19 44
 37 36 42 21 53 63  4 30 27  5  9 60 45 60 24 38 35 21 21  9  4 36 35 37
 45 16  2 41 56 20 32 61  9 21 45 14 60  8 38 42]",False,False,0.0625,0.140625,0.04,1.0,1.0,1,1,25,0.04,1.0,1.0,1,1,25,1.0,0.0,0.0,25,0,0,1.0,0.0,0.0,25,0,0,1.0,0.92,0.92,25,23,23,1.0,1.0,1.0,25,25,25,1.0,0.0,0.0,25,0,0,1.0,0.0,0.0,25,0,0
[1.00049988 0.         0.70781353 ... 0.         1.00049988 0.        ],"[20 29 41 53  3 28 55 40  7 61 59 47 11 29 60 47 31 55 59 15 20  6 56 53
  9  8 52  9 55 61  4 23 29 31 16  1 58 58 11  3 53 29 61 19 48 59 11 40
 31 16 41  9 55 20 28 61  8 20 61 61 28  0 33 18]","[20 29 24 53  3 18 55 40  6 61 59 47 11 29 60 47 31 55 59 15 20 30 46 53
  9  8 52  9 55 61  4 23 29 15 16  1 58 58 11  3 53 29 61 62 48 59 11  3
 31 16 11  9 55 20 28 61  8 20 61 61 33 53 33 36]",True,True,0.9375,0.90625,"[np.int64(33), np.int64(51), np.int64(52), np.int64(14), np.int64(50), np.int64(50), np.int64(6), np.int64(36), np.int64(48), np.int64(19), np.int64(9), np.int64(28), np.int64(57), np.int64(22), np.int64(13), np.int64(10), np.int64(15), np.int64(57), np.int64(55), np.int64(6), np.int64(54), np.int64(61), np.int64(28), np.int64(34), np.int64(27), np.int64(52), np.int64(57), np.int64(62), np.int64(30), np.int64(52), np.int64(57), np.int64(59), np.int64(3), np.int64(56), np.int64(4), np.int64(4), np.int64(12), np.int64(34), np.int64(63), np.int64(34), np.int64(15), np.int64(53), np.int64(47), np.int64(23), np.int64(56), np.int64(43), np.int64(9), np.int64(2), np.int64(33), np.int64(14), np.int64(30), np.int64(20), np.int64(8), np.int64(31), np.int64(16), np.int64(46), np.int64(26), np.int64(25), np.int64(9), np.int64(18), np.int64(53), np.int64(45), np.int64(23), np.int64(31)]","[np.int64(42), np.int64(34), np.int64(1), np.int64(5), np.int64(12), np.int64(20), np.int64(16), np.int64(1), np.int64(19), np.int64(27), np.int64(1), np.int64(33), np.int64(60), np.int64(32), np.int64(20), np.int64(38), np.int64(25), np.int64(44), np.int64(54), np.int64(2), np.int64(29), np.int64(61), np.int64(44), np.int64(42), np.int64(29), np.int64(31), np.int64(22), np.int64(55), np.int64(57), np.int64(8), np.int64(9), np.int64(62), np.int64(32), np.int64(7), np.int64(57), np.int64(21), np.int64(10), np.int64(13), np.int64(0), np.int64(37), np.int64(21), np.int64(2), np.int64(51), np.int64(53), np.int64(12), np.int64(48), np.int64(12), np.int64(31), np.int64(46), np.int64(58), np.int64(55), np.int64(23), np.int64(56), np.int64(2), np.int64(13), np.int64(37), np.int64(36), np.int64(20), np.int64(29), np.int64(8), np.int64(52), np.int64(49), np.int64(46), np.int64(26)]",False,False,0.0,0.0,"[20 29 24 53  3 32 55 40 25 61 59 47 11 29 60 47 48 55  6 10 20  6 56 53
  9 50 52  9 55 61  4 23 29 13 16 10 58 42 11  3 53 29 61 19 62 59  5  3
 50 16 21  9 30 20 28 61 48 20 61 61 33  0 33 36]","[20 29 24 53 30 18 18 40  7 61 59 47 11 29 60 51 31 55 59 15 20 30 46 53
  9  8 52  9 55 61 52 23 31 15 16 10 58  7 11  3 53 29 61 62 48 59 35 15
 31 16 24 30 42 20 28 39  8 20 61 61 18 53 33 18]",True,True,0.859375,0.953125,"[20 35 41 53 30 28  8 40  6 61 59 15 11 33 60 47 31 55  5 15 20 30 56 53
  9 50 52  9 55 39  4 33 29 31 16  1 58  1 12 29 53 29 61 62 48 59 11  3
 31 16 48 15 55 20 28 39  8 20 36 61 28  0 43 36]","[20 29 24 53 39 51 18 40  7 61 59 50 11 29 60 51 31 55 63 43 20  6 46 53
  9  8 52  9  5 61  4 33 31 31 16 10  7 58 11 29 53  2 61 62 48 59 11  3
 50 16 11 30 55 20 28 23 48 20 36 61 18 53 43 18]",False,False,0.0625,0.140625,0.04,1.0,1.0,1,1,25,0.04,1.0,1.0,1,1,25,1.0,0.0,0.0,25,0,0,1.0,0.0,0.0,25,0,0,1.0,0.8,0.8,25,20,20,1.0,1.0,1.0,25,25,25,1.0,0.08,0.08,25,2,2,1.0,0.16,0.16,25,4,4
[1.00049988 0.         0.         ... 0.         0.         0.500999  ],"[45 27  3 13 57 53 56 27 50 25 63 39 56 13 19 17 27 27 25 21 25 45 45 43
  0 16 54 13 54  1 43  9 24 17 23  3 35 16  8 45  0 27 32 61 35 27 45 21
 57 55 60 41 17 17 41 45  3 63 49 19 27 13 53 27]","[16 27  3 13 57 22 56 27 50 25 15 54 56 13 29 17  3 27 25 21 25 45 45 43
 49 16 54 13 54  1 43  9 24 17 23  3 35 16  8 45  0 27 32 61 35 27 45 12
 55 55 16 41 17 17 41 35  3 16 49 58 27 13 53 27]",True,True,0.9375,0.90625,"[np.int64(58), np.int64(57), np.int64(7), np.int64(13), np.int64(38), np.int64(15), np.int64(20), np.int64(9), np.int64(30), np.int64(26), np.int64(34), np.int64(54), np.int64(48), np.int64(10), np.int64(2), np.int64(37), np.int64(60), np.int64(0), np.int64(63), np.int64(48), np.int64(1), np.int64(27), np.int64(55), np.int64(10), np.int64(14), np.int64(57), np.int64(41), np.int64(28), np.int64(41), np.int64(18), np.int64(60), np.int64(18), np.int64(38), np.int64(24), np.int64(34), np.int64(12), np.int64(56), np.int64(51), np.int64(28), np.int64(10), np.int64(58), np.int64(21), np.int64(58), np.int64(25), np.int64(48), np.int64(23), np.int64(41), np.int64(30), np.int64(56), np.int64(61), np.int64(31), np.int64(4), np.int64(47), np.int64(14), np.int64(25), np.int64(40), np.int64(34), np.int64(44), np.int64(39), np.int64(53), np.int64(57), np.int64(47), np.int64(39), np.int64(32)]","[np.int64(37), np.int64(6), np.int64(57), np.int64(42), np.int64(22), np.int64(39), np.int64(43), np.int64(44), np.int64(59), np.int64(45), np.int64(25), np.int64(11), np.int64(57), np.int64(40), np.int64(28), np.int64(28), np.int64(11), np.int64(32), np.int64(31), np.int64(40), np.int64(17), np.int64(17), np.int64(38), np.int64(17), np.int64(55), np.int64(58), np.int64(48), np.int64(8), np.int64(3), np.int64(1), np.int64(30), np.int64(44), np.int64(1), np.int64(31), np.int64(21), np.int64(58), np.int64(9), np.int64(18), np.int64(41), np.int64(26), np.int64(49), np.int64(58), np.int64(18), np.int64(58), np.int64(40), np.int64(34), np.int64(19), np.int64(38), np.int64(50), np.int64(45), np.int64(61), np.int64(44), np.int64(27), np.int64(3), np.int64(9), np.int64(23), np.int64(61), np.int64(48), np.int64(4), np.int64(54), np.int64(5), np.int64(58), np.int64(25), np.int64(8)]",False,False,0.0,0.0,"[45 27  3 13 57 53 56 27 21 55 63 39 56 13 29 10 27 27 25 21 24 45 45 43
  0 45 54 13 54 39 39  9 24 54 10  0 35 16  8 45  0 27 32 27 37 27 45 21
 57 24 60 21 17 17 41 45  3 63 49 40 27 13  8 27]","[16 27  3 13 57 22 56 27 50 25 15 30 56 13 29 17  3 27 25 21 25 45 45 43
  0 50 54 13 54 15 43  9 24 17 23  3 55 16  8 45  0 27 32 61  7 27 45 21
 55 55 16 41  0 17 41 17  3 16 49 40 27 13 53 27]",True,True,0.859375,0.953125,"[45 27  3 13 57 53 56 27 21 55 34 39 56 13 29 17  3 27 29 21 25  8 45 43
 49  9 54 13  8 15 39  9 24 17 23  3 35 16  8 30  0 27 32 61 49 27 45  5
 57 55 16 41 17 17 28  7  3 50 49 19 27 13 53 27]","[16 27  3 13 57 47 56 27 49 55 15 30 56 13 19 12  3 27 25 14 25 51  5  8
  0 16 54 13 54 15 39  9 24 54 10  3 35 44  8 45  0 27 32 61  7 27 45 21
 55 44 60 41 17 21 41 35  3 16 49 58 50 13 53 27]",False,False,0.0625,0.140625,0.04,1.0,1.0,1,1,25,0.04,1.0,1.0,1,1,25,1.0,0.0,0.0,25,0,0,1.0,0.0,0.0,25,0,0,1.0,0.92,0.92,25,23,23,1.0,1.0,1.0,25,25,25,1.0,0.12,0.12,25,3,3,1.0,0.04,0.04,25,1,1
[0.500999   0.         0.         ... 0.         0.         1.00049988],"[ 5 52 49 44  2 14 25 47 46 38 43 46 48 33 29 27 46 62 50 50 22 28  1 20
 16 39 27  2 39 52 28 36 47 54 33 36 39 38 14 29 28 53 49 17 29  5  1 46
 62  1 56  5 52 39 14 62 49 55 14  2 59 45 14 58]","[ 5 52 49 44  2 14 25 47 46 38 43 46 48 33 29 27 42 42 21 50 22 36  1 24
 16 39  6  2 39 52 28 36 47 42 33 42 39 38 14 29 28 53 49 17 29  5  1 46
 62  1 56  5 52 39 14 62 49 50 14  2 59 45 14 58]",True,True,0.9375,0.90625,"[np.int64(44), np.int64(35), np.int64(2), np.int64(26), np.int64(43), np.int64(19), np.int64(11), np.int64(59), np.int64(49), np.int64(0), np.int64(2), np.int64(20), np.int64(52), np.int64(15), np.int64(56), np.int64(22), np.int64(52), np.int64(4), np.int64(43), np.int64(56), np.int64(31), np.int64(53), np.int64(17), np.int64(12), np.int64(17), np.int64(57), np.int64(56), np.int64(48), np.int64(8), np.int64(59), np.int64(51), np.int64(11), np.int64(50), np.int64(22), np.int64(28), np.int64(33), np.int64(3), np.int64(50), np.int64(50), np.int64(44), np.int64(30), np.int64(49), np.int64(14), np.int64(46), np.int64(53), np.int64(48), np.int64(37), np.int64(30), np.int64(4), np.int64(8), np.int64(24), np.int64(3), np.int64(12), np.int64(30), np.int64(50), np.int64(9), np.int64(5), np.int64(54), np.int64(45), np.int64(34), np.int64(37), np.int64(29), np.int64(7), np.int64(1)]","[np.int64(7), np.int64(61), np.int64(25), np.int64(52), np.int64(23), np.int64(33), np.int64(8), np.int64(17), np.int64(53), np.int64(20), np.int64(28), np.int64(10), np.int64(47), np.int64(9), np.int64(44), np.int64(16), np.int64(11), np.int64(27), np.int64(29), np.int64(6), np.int64(54), np.int64(9), np.int64(48), np.int64(63), np.int64(25), np.int64(42), np.int64(21), np.int64(31), np.int64(59), np.int64(42), np.int64(12), np.int64(10), np.int64(10), np.int64(11), np.int64(0), np.int64(48), np.int64(49), np.int64(34), np.int64(30), np.int64(38), np.int64(24), np.int64(35), np.int64(39), np.int64(33), np.int64(5), np.int64(56), np.int64(27), np.int64(7), np.int64(50), np.int64(32), np.int64(6), np.int64(40), np.int64(61), np.int64(52), np.int64(17), np.int64(11), np.int64(19), np.int64(56), np.int64(6), np.int64(0), np.int64(13), np.int64(60), np.int64(46), np.int64(35)]",False,False,0.0,0.0,"[ 5 52 33 44 18 14 25 47 46 38 28 46 48 33 29 27 42 32 21 50 22 28  1  9
 23 39  6 26 14 52 28 36 47 54  3 42 39 38 14 29 25  7 49 23 29  5  1 46
 62  1 56 41 52 39 14 62 49 24 14  2 59 45 14 58]","[ 5 52 49 44  2 14 55 47 46 38 43 35 48 33 29 27 22 42 21 50  9 36  1 34
 16 31 59  2 39 52 28 36 17 42 33 42 17 38 42 29 25 53 49 17 29  5  1 46
 62  1 56 33 52 39 14 62 42 12 14  2 59 57 14 35]",False,True,0.859375,0.953125,"[27 52 59 44 18 51 25 41 46 20 43 46 57 33 29 27 46 58 21 50 22 28  1 20
 16 39 27  2 39 52 28 25 47 54 33 63 39 38 14 14 28 53 49 23 29  8  1 28
 62  1 56 41 52 39 14 62 49 24 14 60  4 45 55 58]","[27 52 33 44 60 14 55 20 46 38 43 46 57 45 29 27 22 62 59 50 55 28  1 34
 25 39  6  2 39 52 28 25 17 34 23 42 62 38 14 29 25 51 49 23 29  5  1 46
 12  1 21  5 52 39 14 20 49 24 14 18 24 57 14 58]",False,False,0.0625,0.140625,0.04,1.0,1.0,1,1,25,0.04,1.0,1.0,1,1,25,1.0,0.0,0.0,25,0,0,1.0,0.0,0.0,25,0,0,1.0,0.68,0.68,25,17,17,1.0,1.0,1.0,25,25,25,1.0,0.08,0.08,25,2,2,1.0,0.0,0.0,25,0,0
[0.         0.         0.70781353 ... 0.         0.         0.        ],"[36 35 42 42 54 11 54 49 21 61 15 21 14 62 36 41 41 61 60 16 20 36 15 41
 47 57 49 47  6 53  6  6 61  8  4  0 20 29 41 53 28 36 36 36 60 14 57 21
  2  6 57 53 23 36 20 23 34  4 31 38 21 21 42 11]","[36 35 42 31 54 63 54 31 21 44 63 21 14 44 36 21 41 61 60 16 20 36 15 42
 47  3 15 31  6 53  6  6 23  8  4  0 20 29 41 53 28 36 36 36  8 14 28 21
 34  6 34 14 23 36 20 35 34  4 31  3 21 21 42  3]",True,True,0.9375,0.90625,"[np.int64(49), np.int64(26), np.int64(36), np.int64(50), np.int64(31), np.int64(39), np.int64(29), np.int64(63), np.int64(14), np.int64(17), np.int64(40), np.int64(15), np.int64(50), np.int64(18), np.int64(5), np.int64(4), np.int64(18), np.int64(1), np.int64(17), np.int64(28), np.int64(28), np.int64(37), np.int64(49), np.int64(15), np.int64(7), np.int64(15), np.int64(17), np.int64(0), np.int64(2), np.int64(8), np.int64(32), np.int64(35), np.int64(4), np.int64(2), np.int64(15), np.int64(59), np.int64(41), np.int64(50), np.int64(2), np.int64(50), np.int64(24), np.int64(47), np.int64(23), np.int64(50), np.int64(46), np.int64(7), np.int64(9), np.int64(61), np.int64(52), np.int64(28), np.int64(54), np.int64(16), np.int64(53), np.int64(60), np.int64(18), np.int64(29), np.int64(18), np.int64(55), np.int64(11), np.int64(56), np.int64(43), np.int64(5), np.int64(7), np.int64(50)]","[np.int64(47), np.int64(8), np.int64(0), np.int64(30), np.int64(38), np.int64(12), np.int64(3), np.int64(26), np.int64(11), np.int64(32), np.int64(20), np.int64(43), np.int64(6), np.int64(28), np.int64(2), np.int64(32), np.int64(47), np.int64(53), np.int64(39), np.int64(9), np.int64(14), np.int64(21), np.int64(0), np.int64(14), np.int64(11), np.int64(33), np.int64(31), np.int64(37), np.int64(55), np.int64(37), np.int64(42), np.int64(33), np.int64(55), np.int64(62), np.int64(33), np.int64(22), np.int64(19), np.int64(13), np.int64(2), np.int64(59), np.int64(17), np.int64(20), np.int64(2), np.int64(36), np.int64(16), np.int64(45), np.int64(33), np.int64(14), np.int64(57), np.int64(13), np.int64(13), np.int64(50), np.int64(6), np.int64(50), np.int64(17), np.int64(20), np.int64(7), np.int64(53), np.int64(55), np.int64(62), np.int64(63), np.int64(36), np.int64(12), np.int64(23)]",False,False,0.0,0.0,"[36 27 30 42 54 11 54 31 21 44 11 21 57 10 36 21 41 61 60 16 20 36 15 28
 47 57 15 49  6 53  6  6 23  8 46 15 20 63 41 29 28 36 36 36 60 27 57 41
  2  6 57 53 23  6 20 63 63 30 31 16 49 21 13 11]","[36 27 42 42 54 11 54 49 21 35 39 21 14 10 36 41 49 61 60 46 20 36 15 42
 47 57 49 31  6 42  6  6 23  8  4  0 20 29 12 53 28 36 36 36 16 14 34 41
 34  6 34 14 35 36 20 35 63 46 31  3 28 21 42  3]",True,True,0.859375,0.953125,"[36 35 42 42 54 11 54 49  4 61 15 49 14 44 36 41 49 25 60 16 20 36 37 42
 47 57 61 31 60 42 57  6 13  8 23  0 20 22 41 53 63 36  3 36 62 27 34 41
  2  6 34 14 23 36 20 23 63 12 31 38 44  7 47  5]","[36 35 42 63 54 11 54 30 21 44 63 42 38 44 36 21 49 61 60 16 20 36 15 41
 47 57 15 31  6 42  6  3 13  8 23 55 20 63 41 53 28 36 36 36 24 28 38 41
 34  6 34 53 23  6 20  3 34 12 31 16 28 21 44 11]",False,True,0.0625,0.140625,0.04,1.0,1.0,1,1,25,0.04,1.0,1.0,1,1,25,1.0,0.0,0.0,25,0,0,1.0,0.0,0.0,25,0,0,1.0,0.96,0.96,25,24,24,1.0,1.0,1.0,25,25,25,1.0,0.08,0.08,25,2,2,1.0,0.12,0.12,25,3,3
[0.         0.         0.         ... 0.         1.00049988 1.00049988],"[13 29 23 21  2 16 13 21 50 30 35 16 17 17 57 12 38 38 47 38 17 19 29 61
 15 23 23 57 58 38 37 50 61 13 50 16 17 29 38 34 32 47 35 17 21 35 23 19
 26 37 19 41 13 32 42 21 50 43 36 37 29 38 26 43]","[13 29 23 21  2 16 13 15  5 30 35 16 17 17 26 26 38 38 47 38 17 19 29 61
 15 23 41 41 58 38 32  2 61 13 50 16 17 29 38 58 32 47 35 17 23 15 23 19
 26 37 19 41 13 32 42 43 50 43 36 12 29 38 26 13]",True,True,0.9375,0.90625,"[np.int64(57), np.int64(29), np.int64(33), np.int64(55), np.int64(2), np.int64(22), np.int64(33), np.int64(12), np.int64(21), np.int64(28), np.int64(13), np.int64(5), np.int64(50), np.int64(19), np.int64(29), np.int64(60), np.int64(29), np.int64(17), np.int64(12), np.int64(1), np.int64(23), np.int64(25), np.int64(52), np.int64(59), np.int64(19), np.int64(25), np.int64(59), np.int64(45), np.int64(21), np.int64(24), np.int64(31), np.int64(54), np.int64(14), np.int64(21), np.int64(39), np.int64(50), np.int64(44), np.int64(63), np.int64(0), np.int64(34), np.int64(33), np.int64(8), np.int64(6), np.int64(49), np.int64(1), np.int64(55), np.int64(31), np.int64(15), np.int64(60), np.int64(34), np.int64(24), np.int64(7), np.int64(21), np.int64(54), np.int64(38), np.int64(29), np.int64(5), np.int64(11), np.int64(21), np.int64(52), np.int64(41), np.int64(1), np.int64(26), np.int64(39)]","[np.int64(31), np.int64(61), np.int64(31), np.int64(31), np.int64(12), np.int64(29), np.int64(37), np.int64(32), np.int64(21), np.int64(27), np.int64(33), np.int64(32), np.int64(23), np.int64(48), np.int64(44), np.int64(27), np.int64(36), np.int64(11), np.int64(52), np.int64(1), np.int64(11), np.int64(6), np.int64(62), np.int64(43), np.int64(22), np.int64(23), np.int64(21), np.int64(24), np.int64(62), np.int64(63), np.int64(55), np.int64(53), np.int64(4), np.int64(58), np.int64(27), np.int64(5), np.int64(25), np.int64(46), np.int64(30), np.int64(44), np.int64(48), np.int64(60), np.int64(17), np.int64(50), np.int64(34), np.int64(45), np.int64(45), np.int64(59), np.int64(62), np.int64(18), np.int64(21), np.int64(19), np.int64(48), np.int64(42), np.int64(34), np.int64(59), np.int64(1), np.int64(47), np.int64(28), np.int64(14), np.int64(7), np.int64(11), np.int64(32), np.int64(23)]",False,False,0.0,0.0,"[13 29 23 44  2 16 13 21 10 40 35 16 17 17 49 45 38 38 25 38 47 19 29 61
 15 23 22 33 58 38 37 50 61 13 55 16 17 19 38 34 32 55 35 17 21 35  0 19
 26 37 19 62 13 32 42 43 36  8 36 15 29 38 57 43]","[ 8 29 23 21  2 16 13 15 55 52  8 19 17 17 57 26 38 38 15 38 17 19 29 61
 15 18 22 63 58 38 32  2 61 13 50 16 17 29 38 34 32 47 35 17 23 35 23 43
 26 37 19 41 13 32 42 43 36 43 36 37 29 38 26 31]",True,True,0.859375,0.953125,"[13 29 23 21  2 16 13 15 57 52 35 16 17 33  6 25 38 38 34 38 52 19 29 61
 15 23 62  2 58 38 13 21 53 13 18 16 17 19 38  9 32 47 43 47 21 35 23 19
 40 37 56 41 13 46 42 21 36  8 39 45 61 38  0 31]","[ 8 29 23 21  2 16 14 10  0 40 35 16 15 17 63 12 38 38 15 38 17 19 29 26
 15 15 23 63 58 38 37 50 61 27 50 16 17 30 38 58 48 47 35 17 23 55 23 43
 40 14 19 62 41 46 42 43 36  8 15 37 29 38  0 27]",False,False,0.0625,0.140625,0.04,1.0,1.0,1,1,25,0.04,1.0,1.0,1,1,25,1.0,0.0,0.0,25,0,0,1.0,0.0,0.0,25,0,0,1.0,0.88,0.88,25,22,22,1.0,1.0,1.0,25,25,25,1.0,0.12,0.12,25,3,3,1.0,0.08,0.08,25,2,2
[0. 0. 0. ... 0. 0. 0.],"[16 63 49 16 41 41 16 63 52 56 19 63 41 38 55 47 39 18 47 63 16  3 55 13
  2 47  3 47 15  1  6 19 48 41 43 31 25 22  3 16 47 16 47 48 42 18  0 16
  7 63 51 39 16 31 51 48 41 57  0 47 42 59 59  7]","[16 43 49 16 31 17 16 48 27 56 19 39 50  8 26 47 39 18 47  8 16 38 21 13
 28 51 12 51 15  0 17 33 48 17 25 31 25 22 17 51 47 16 47 48 42 18  0 48
  7 48 51 50  8 31 51 48 17 57  0 51 42 27  8  7]",False,False,0.9375,0.90625,"[np.int64(17), np.int64(10), np.int64(10), np.int64(17), np.int64(19), np.int64(20), np.int64(20), np.int64(11), np.int64(16), np.int64(27), np.int64(2), np.int64(1), np.int64(52), np.int64(57), np.int64(20), np.int64(43), np.int64(14), np.int64(4), np.int64(43), np.int64(63), np.int64(34), np.int64(16), np.int64(24), np.int64(43), np.int64(34), np.int64(45), np.int64(14), np.int64(37), np.int64(15), np.int64(35), np.int64(10), np.int64(15), np.int64(15), np.int64(34), np.int64(54), np.int64(29), np.int64(37), np.int64(27), np.int64(25), np.int64(10), np.int64(11), np.int64(37), np.int64(25), np.int64(15), np.int64(15), np.int64(59), np.int64(62), np.int64(38), np.int64(22), np.int64(16), np.int64(57), np.int64(11), np.int64(42), np.int64(58), np.int64(35), np.int64(56), np.int64(23), np.int64(59), np.int64(32), np.int64(20), np.int64(31), np.int64(53), np.int64(24), np.int64(14)]","[np.int64(49), np.int64(46), np.int64(4), np.int64(40), np.int64(11), np.int64(57), np.int64(7), np.int64(58), np.int64(2), np.int64(21), np.int64(61), np.int64(20), np.int64(6), np.int64(3), np.int64(21), np.int64(35), np.int64(37), np.int64(63), np.int64(62), np.int64(41), np.int64(55), np.int64(42), np.int64(49), np.int64(32), np.int64(52), np.int64(24), np.int64(47), np.int64(58), np.int64(36), np.int64(36), np.int64(35), np.int64(15), np.int64(17), np.int64(43), np.int64(21), np.int64(40), np.int64(14), np.int64(32), np.int64(33), np.int64(14), np.int64(51), np.int64(22), np.int64(9), np.int64(51), np.int64(47), np.int64(17), np.int64(32), np.int64(2), np.int64(38), np.int64(38), np.int64(14), np.int64(56), np.int64(43), np.int64(44), np.int64(18), np.int64(25), np.int64(42), np.int64(58), np.int64(11), np.int64(6), np.int64(55), np.int64(48), np.int64(28), np.int64(53)]",False,False,0.0,0.0,"[16 29 49 38 41  8 16 57 52 56 15 41 50 29 21 39  3 38 47 31 16 38 21 61
 28 47  3  6 15  0  6 41 48 41 25 31  8 22 57 52 47 56 25  1 32 18 60 16
 47 48 51 39 16 62 33 14  3 57  0 47 52 59 59  7]","[17 43 49 16 41 41 16 57 27 56 15 63 50 38 26 47 39  5 47 10 16 38 55 61
 28 51 12 47 15  1  6 19 48 54 43 31 61 22  3 51 47 12 25 48 54 18  0 48
  7 48 57 50 39 62 51 48 41 57  0 51 52 59 59  7]",False,False,0.859375,0.953125,"[17 29 49 16 41  8 16 63 27 56 15 41 25 38 55 47 48 18 47 31 12 14 21 13
 28 47  3 15 54  1  6 41 27 41 43 31 31  9 13 52 47 11 39 51 54 18  2 48
  7 48 51 39 39 22 28  1 41 57  0 47 46 27  8 49]","[16 29 46 56  1 17 16 63 62 56 19 63 25 29 55 39 39 33 47 63 16 38 21 13
 28 36 12 32 54  0 17 19 48 41 43 31 25  9 17 51 47  5 39 48 27 18  0 48
 47 42 51 50  8 31 33  1 17 57  0 47 42 36 59 49]",False,False,0.0625,0.140625,0.04,0.0,0.0,1,0,0,0.04,0.0,0.0,1,0,0,1.0,0.0,0.0,25,0,0,1.0,0.0,0.0,25,0,0,1.0,0.0,0.0,25,0,0,1.0,0.0,0.0,25,0,0,1.0,0.0,0.0,25,0,0,1.0,0.0,0.0,25,0,0
