As,Argmax_Model_Trees,Argmax_True_Trees,Argmax_Model_Mask,Argmax_True_Mask,Argmax_Model_Accuracy,Argmax_True_Accuracy,Random_Model_Trees,Random_True_Trees,Random_Model_Mask,Random_True_Mask,Random_Model_Accuracy,Random_True_Accuracy,Tree_Model_Trees,Tree_True_Trees,Tree_Model_Mask,Tree_True_Mask,Tree_Model_Accuracy,Tree_True_Accuracy,Greedy_Model_Trees,Greedy_True_Trees,Greedy_Model_Mask,Greedy_True_Mask,Greedy_Model_Accuracy,Greedy_True_Accuracy,Argmax_Model_Uniques,Argmax_Model_Valids_Uniques,Argmax_Model_Valids,Argmax_Model_Unique_Counts,Argmax_Model_Valid_Unique_Counts,Argmax_Model_Valid_Counts,Argmax_True_Uniques,Argmax_True_Valids_Uniques,Argmax_True_Valids,Argmax_True_Unique_Counts,Argmax_True_Valid_Unique_Counts,Argmax_True_Valid_Counts,Random_Model_Uniques,Random_Model_Valids_Uniques,Random_Model_Valids,Random_Model_Unique_Counts,Random_Model_Valid_Unique_Counts,Random_Model_Valid_Counts,Random_True_Uniques,Random_True_Valids_Uniques,Random_True_Valids,Random_True_Unique_Counts,Random_True_Valid_Unique_Counts,Random_True_Valid_Counts,Tree_Model_Uniques,Tree_Model_Valids_Uniques,Tree_Model_Valids,Tree_Model_Unique_Counts,Tree_Model_Valid_Unique_Counts,Tree_Model_Valid_Counts,Tree_True_Uniques,Tree_True_Valids_Uniques,Tree_True_Valids,Tree_True_Unique_Counts,Tree_True_Valid_Unique_Counts,Tree_True_Valid_Counts,Greedy_Model_Uniques,Greedy_Model_Valids_Uniques,Greedy_Model_Valids,Greedy_Model_Unique_Counts,Greedy_Model_Valid_Unique_Counts,Greedy_Model_Valid_Counts,Greedy_True_Uniques,Greedy_True_Valids_Uniques,Greedy_True_Valids,Greedy_True_Unique_Counts,Greedy_True_Valid_Unique_Counts,Greedy_True_Valid_Counts
[0.500999   0.70781353 0.         ... 0.         0.         0.        ],"[18 54 61 43  5 62 24 50 12 40 60 53 18 62 47 49 29 53 18 33 40 58 21 12
  0 14  0 61 50  0  5  0  0 29 26 49  0 54 54 31  0 37 26 18 61 54 61 43
 45 43 12  5 53 12  0 31 62 60 62 61 62 43 18 50]","[18 54 61 43  5 43 24 50 12 29 49 31 18 62 47 49 29  5 18 33 40 58 21 12
  0 14  0 61 13  0  5  0  0 29 26 49  0 54 54 31  0 37 28 18 61  3 24 43
 39 43 12  5  3 12  0 49 62 60 43 61 62 43 18 58]",True,True,0.953125,0.953125,"[np.int64(14), np.int64(31), np.int64(47), np.int64(13), np.int64(45), np.int64(14), np.int64(33), np.int64(5), np.int64(27), np.int64(15), np.int64(32), np.int64(17), np.int64(18), np.int64(63), np.int64(22), np.int64(5), np.int64(44), np.int64(5), np.int64(32), np.int64(12), np.int64(8), np.int64(33), np.int64(29), np.int64(35), np.int64(17), np.int64(22), np.int64(9), np.int64(9), np.int64(10), np.int64(1), np.int64(42), np.int64(35), np.int64(57), np.int64(59), np.int64(1), np.int64(50), np.int64(0), np.int64(24), np.int64(2), np.int64(34), np.int64(51), np.int64(6), np.int64(2), np.int64(13), np.int64(20), np.int64(10), np.int64(60), np.int64(0), np.int64(46), np.int64(35), np.int64(59), np.int64(37), np.int64(52), np.int64(33), np.int64(23), np.int64(7), np.int64(48), np.int64(2), np.int64(55), np.int64(4), np.int64(47), np.int64(51), np.int64(35), np.int64(19)]","[np.int64(21), np.int64(0), np.int64(56), np.int64(51), np.int64(43), np.int64(62), np.int64(11), np.int64(49), np.int64(17), np.int64(17), np.int64(15), np.int64(11), np.int64(22), np.int64(42), np.int64(37), np.int64(34), np.int64(47), np.int64(6), np.int64(48), np.int64(15), np.int64(36), np.int64(29), np.int64(41), np.int64(8), np.int64(2), np.int64(48), np.int64(39), np.int64(11), np.int64(60), np.int64(54), np.int64(62), np.int64(22), np.int64(4), np.int64(59), np.int64(48), np.int64(42), np.int64(14), np.int64(13), np.int64(13), np.int64(14), np.int64(13), np.int64(39), np.int64(26), np.int64(38), np.int64(8), np.int64(21), np.int64(7), np.int64(44), np.int64(6), np.int64(12), np.int64(41), np.int64(45), np.int64(43), np.int64(31), np.int64(21), np.int64(28), np.int64(20), np.int64(20), np.int64(44), np.int64(30), np.int64(24), np.int64(27), np.int64(30), np.int64(43)]",False,False,0.0,0.0,"[18 54 40 43  5 62 24 50 12 29 28 31 18 62 47 49 29  5 18 33 32 45 21 12
  0 14  0  3 29  0  5  0  0 28 26 55  0 54 54 31  0 37 37 18 23 54 24 43
 45 43 12 45 31 12  0 31 24 20 62 61 62  0 18 58]","[18  4 61 43  5 43 24 50 12 29 49 47 18 28 47 49 29 53 18 33 40 45 21 12
  0 14  0 13 10  0  5 29  0 28 26 49  0 42 29 31  0 37 28 18 61  3 61 43
 42 43 12  5  3 12  0 49 17 30 43 61 61 43 18 58]",True,True,0.96875,0.96875,"[18 54 61 43 11 62 24 50 12 29 60 31 18 62 46 27  1  5 18 33 32 36 21 12
  0 14 36 61 50 50  5 40  0 28 26 55  0 54  8 31  0 37 26 18 61  3 61 43
 42 43 53 45  3 12 38 49 62 60 62  3 62 43 18 50]","[18 54 61 43 11 43 24 50 12 35 60 31 18 27 30 49 29 56 18 33 32 36 21 53
 56 14  0  5 13 31 14  0  0 38 26 16  0 63 31 48 31 37 28 18 55 54 14 61
 39 55 12  5 47 12  0 49 62 20 43  3 62  0 18 44]",True,False,0.109375,0.078125,0.04,1.0,1.0,1,1,25,0.04,1.0,1.0,1,1,25,1.0,0.0,0.0,25,0,0,1.0,0.0,0.0,25,0,0,1.0,1.0,1.0,25,25,25,1.0,1.0,1.0,25,25,25,1.0,0.12,0.12,25,3,3,1.0,0.08,0.08,25,2,2
[1.00049988 0.70781353 0.         ... 0.         0.         0.        ],"[61 46 46  3 61 53 55 40 47  8 51 54 43 39 42 46  3 25 60 61  3 29 35 63
 60 29 41 24 48  3 29  7 42 61  0 63 47 20 21 37 20 33 48 20 29 60 20 48
  3 43 60 29  7 51 30 30 25 32 32 19 48  3 60 48]","[61 46 46  3 61 53 55 40 47  8 30 54 43 59 42 59  3  4 39 61  3 29 35 63
 60 29 41 24 48  3 29 32 42 61 10 63 47 20 21 37 20 59 48 20 29 21 20 48
  3 43 44 29  7 51 30 30 19 32 32 19 48  3 60 48]",True,True,0.953125,0.953125,"[np.int64(28), np.int64(10), np.int64(51), np.int64(7), np.int64(53), np.int64(39), np.int64(2), np.int64(41), np.int64(10), np.int64(52), np.int64(14), np.int64(1), np.int64(31), np.int64(24), np.int64(9), np.int64(21), np.int64(52), np.int64(37), np.int64(53), np.int64(57), np.int64(13), np.int64(13), np.int64(49), np.int64(13), np.int64(53), np.int64(26), np.int64(51), np.int64(14), np.int64(60), np.int64(24), np.int64(20), np.int64(16), np.int64(25), np.int64(35), np.int64(51), np.int64(11), np.int64(49), np.int64(2), np.int64(23), np.int64(32), np.int64(60), np.int64(46), np.int64(30), np.int64(10), np.int64(52), np.int64(25), np.int64(18), np.int64(48), np.int64(53), np.int64(45), np.int64(54), np.int64(19), np.int64(52), np.int64(10), np.int64(22), np.int64(13), np.int64(1), np.int64(19), np.int64(12), np.int64(6), np.int64(16), np.int64(49), np.int64(54), np.int64(38)]","[np.int64(29), np.int64(48), np.int64(1), np.int64(55), np.int64(22), np.int64(56), np.int64(58), np.int64(6), np.int64(53), np.int64(2), np.int64(2), np.int64(43), np.int64(43), np.int64(5), np.int64(4), np.int64(35), np.int64(60), np.int64(35), np.int64(33), np.int64(44), np.int64(11), np.int64(44), np.int64(42), np.int64(48), np.int64(20), np.int64(51), np.int64(6), np.int64(2), np.int64(59), np.int64(0), np.int64(26), np.int64(50), np.int64(32), np.int64(5), np.int64(27), np.int64(45), np.int64(44), np.int64(16), np.int64(19), np.int64(3), np.int64(26), np.int64(55), np.int64(22), np.int64(61), np.int64(54), np.int64(22), np.int64(10), np.int64(61), np.int64(54), np.int64(21), np.int64(19), np.int64(37), np.int64(31), np.int64(58), np.int64(19), np.int64(32), np.int64(26), np.int64(36), np.int64(57), np.int64(20), np.int64(34), np.int64(23), np.int64(63), np.int64(50)]",False,False,0.0,0.0,"[61 46 46  3 61 53 55 40 47  8 51 54 43 39 42 46  3 25 60 61  3 29 35 60
 60 29 41 24 48  3 10  7 42  7 10 63 47 20 21 37 20 12 48 20 29 60 20 48
  3 43 51 29  7 51 30 30 25 32 32 19 48  3 60 60]","[61  8 46  3 63 53 55 40 47  8 30 54 43 59 42 59  3 25 49 30  3 45 35 63
 60 47 41 24 51  3 63 34 47 61 10 63 47 20 21 37 20 59 48 20 29 32 20 48
  3 43 51 29  7 51 30 30 19 32 32 36 48  3 60 48]",True,True,0.96875,0.96875,"[61 46 17  3 61 53 55 31 47  8 30 54 43  2 42 46  3 25 56 61  3 38 35 63
 18 47 41 24 48  3 29 34 47 61 15 63 47 20 31 18 20 12 14 20 42 60 20 48
  3 43 60 29  7 51 30 54 25 32 32 19 48  3 60 48]","[61 56 46  3 61 53 55 40 47  8 51 54 43 59 42 46  3  4 60 61  3 29 35 63
 60 29 41 24 30  3 37 38 42 61 10 63 21 20 21 19 20 59 63 20 29 60 20 48
  3 33 60 28  7 51 59 30 18 32 32 36 63  3 60  4]",False,True,0.109375,0.078125,0.04,1.0,1.0,1,1,25,0.04,1.0,1.0,1,1,25,1.0,0.0,0.0,25,0,0,1.0,0.0,0.0,25,0,0,1.0,1.0,1.0,25,25,25,1.0,1.0,1.0,25,25,25,1.0,0.16,0.16,25,4,4,1.0,0.16,0.16,25,4,4
[0.         0.         0.         ... 0.         0.70781353 0.500999  ],"[44 42 44 59 22  0 37 39 39  4 38 17 54  0 32 48 54  2 37  0 58 28 24  5
 44 58 50 60 24 50 32 59 44 58 32 14 32 40 44 40 44 32 22 54 44  2  6 13
 30 30 39 17  4 17 39 50 15  7 32 36 38 13 60 60]","[44 42 44 21 34 32 37 39 39 25  2 17 21  0 32 57 25  2 13  0 58 28 24  5
 44 58  9 60 24 50 32 59 44 58 32 11 32 40 44 40 44 32 22 21 44  2 35 13
 30 25 45 17 35 17 39 50 15  7 32 36 38 13 36 60]",True,True,0.953125,0.953125,"[np.int64(36), np.int64(23), np.int64(58), np.int64(33), np.int64(47), np.int64(2), np.int64(44), np.int64(31), np.int64(31), np.int64(41), np.int64(40), np.int64(20), np.int64(57), np.int64(39), np.int64(11), np.int64(42), np.int64(46), np.int64(18), np.int64(54), np.int64(8), np.int64(27), np.int64(56), np.int64(11), np.int64(31), np.int64(9), np.int64(5), np.int64(46), np.int64(22), np.int64(16), np.int64(2), np.int64(33), np.int64(9), np.int64(22), np.int64(12), np.int64(61), np.int64(5), np.int64(56), np.int64(27), np.int64(37), np.int64(28), np.int64(10), np.int64(26), np.int64(15), np.int64(54), np.int64(19), np.int64(57), np.int64(38), np.int64(50), np.int64(48), np.int64(24), np.int64(18), np.int64(40), np.int64(24), np.int64(27), np.int64(43), np.int64(12), np.int64(30), np.int64(31), np.int64(9), np.int64(60), np.int64(1), np.int64(58), np.int64(52), np.int64(32)]","[np.int64(52), np.int64(19), np.int64(3), np.int64(45), np.int64(22), np.int64(41), np.int64(36), np.int64(59), np.int64(37), np.int64(37), np.int64(50), np.int64(60), np.int64(7), np.int64(18), np.int64(57), np.int64(38), np.int64(63), np.int64(13), np.int64(30), np.int64(30), np.int64(16), np.int64(4), np.int64(15), np.int64(13), np.int64(56), np.int64(53), np.int64(53), np.int64(15), np.int64(32), np.int64(43), np.int64(15), np.int64(61), np.int64(55), np.int64(8), np.int64(6), np.int64(27), np.int64(14), np.int64(43), np.int64(52), np.int64(8), np.int64(50), np.int64(43), np.int64(1), np.int64(12), np.int64(5), np.int64(26), np.int64(32), np.int64(16), np.int64(53), np.int64(51), np.int64(35), np.int64(17), np.int64(52), np.int64(43), np.int64(10), np.int64(33), np.int64(40), np.int64(59), np.int64(5), np.int64(32), np.int64(14), np.int64(42), np.int64(1), np.int64(39)]",False,False,0.0,0.0,"[44 42 44 21 34  0 37 39 39 62 38 21 21  0 34 48  3  5 28  0  8 28 24  5
 44 47 42 12 24 50 32 59 44 58 32 14 32 40 44 38 44 32 22 21 44  2  6 13
 30 30 39 18  4 17 12  3 15  7 32  3 38 13 36 60]","[44 42 44 21 22  0 37 39 39 26 38 21 27  0 32 57 57  2 37  0  8 19 24  5
 44 58 42 60 24 54 32 59 44 58 45 11 39 40 44 40 44 32 22 54 44 36  6 13
 15 30 39 17  4 62 39 50 15  7 32 36 38 13 60 60]",True,True,0.96875,0.96875,"[44 42 44 21  9  0 37 50 36 62 38 17 27  0 34 48 54 53 13  0 58 12 24 17
 44 49 50 60 24 57 32 59 44 58 32 11 32 40 44 40 44 32 22 21 44 10 29 13
 30 30 45 18  4 62 22 53 15  7 32  3 38 13  6  4]","[44 42 44 59 60  0 37 39 35  4  2 17 54  0 35 48 25  2 37  0 58 19 24  5
 44 58 42 12 18 54 32 59 44 58 32  8 32 18 44 40 44 32 22 12 44  2 29 13
 30 25 45 18 35 17 39 61 15  7 32 11 27 13  9  4]",True,False,0.109375,0.078125,0.04,1.0,1.0,1,1,25,0.04,1.0,1.0,1,1,25,1.0,0.0,0.0,25,0,0,1.0,0.0,0.0,25,0,0,1.0,0.92,0.92,25,23,23,1.0,1.0,1.0,25,25,25,1.0,0.12,0.12,25,3,3,1.0,0.04,0.04,25,1,1
[0. 0. 0. ... 0. 0. 0.],"[58 22 31 52 36 36 29 27 34 57 60  3 52  5 48 34 62 48 25 55 60 27 22 48
 56 50  2  1 42 59  3 22 56 19  2 31  1 53 16 57 60 53 27 19 32 20 60 55
 27 40 19 50 36 27 50 22 55 19 55 58 35 31 56 41]","[58 22 31 52  2 59 29 27 34 57 26  3 32  5 48 34 62 42 25 55 60 27 22 43
 56 50  2  1 42 59  3 22 56 19  2 31  1 12 16 57 60  3 27 19 10 20 60 55
 27 40 19 50 27 27 50 22 55 19 55 58 35 31 56 41]",True,True,0.953125,0.953125,"[np.int64(27), np.int64(9), np.int64(60), np.int64(54), np.int64(9), np.int64(8), np.int64(35), np.int64(40), np.int64(34), np.int64(10), np.int64(34), np.int64(27), np.int64(40), np.int64(32), np.int64(11), np.int64(62), np.int64(11), np.int64(63), np.int64(6), np.int64(37), np.int64(21), np.int64(62), np.int64(53), np.int64(14), np.int64(17), np.int64(35), np.int64(0), np.int64(61), np.int64(46), np.int64(9), np.int64(57), np.int64(11), np.int64(55), np.int64(49), np.int64(3), np.int64(20), np.int64(11), np.int64(53), np.int64(3), np.int64(61), np.int64(28), np.int64(3), np.int64(29), np.int64(44), np.int64(57), np.int64(23), np.int64(60), np.int64(23), np.int64(42), np.int64(13), np.int64(62), np.int64(43), np.int64(10), np.int64(27), np.int64(57), np.int64(19), np.int64(6), np.int64(17), np.int64(34), np.int64(32), np.int64(50), np.int64(28), np.int64(62), np.int64(55)]","[np.int64(3), np.int64(27), np.int64(58), np.int64(41), np.int64(50), np.int64(34), np.int64(2), np.int64(49), np.int64(61), np.int64(63), np.int64(16), np.int64(35), np.int64(41), np.int64(43), np.int64(49), np.int64(28), np.int64(57), np.int64(28), np.int64(0), np.int64(1), np.int64(62), np.int64(11), np.int64(53), np.int64(12), np.int64(18), np.int64(0), np.int64(16), np.int64(25), np.int64(31), np.int64(60), np.int64(6), np.int64(22), np.int64(62), np.int64(49), np.int64(20), np.int64(9), np.int64(21), np.int64(14), np.int64(34), np.int64(15), np.int64(4), np.int64(23), np.int64(57), np.int64(61), np.int64(19), np.int64(52), np.int64(21), np.int64(34), np.int64(34), np.int64(9), np.int64(17), np.int64(45), np.int64(55), np.int64(30), np.int64(42), np.int64(58), np.int64(46), np.int64(23), np.int64(49), np.int64(6), np.int64(52), np.int64(51), np.int64(51), np.int64(5)]",False,False,0.0,0.0,"[58 22 31 41 36 36 63 27 34 57 59 40 32  5 48 34 21 42 25 55 53 27 22 48
 56 33 59  1 42 59  3 22 56 19  2 31  1 12 16 57 23 53 27 23  0 20 60 55
 27 44 19 50 34 27 50 22 55 19 55 58 35 31 40 41]","[58 22 34 52  2 52 63 27 34 57 60 40 43  5 48 34 62 48 25 55 60 27 22 43
 56 50  2  1 42 59  3 22 44 19 52 31  1 12 16 57 60  3 27 19 10 20 60 52
 27 40 19 50 27 27 50 22 55 19 55 58 35 31 56 41]",True,True,0.96875,0.96875,"[58 22 31 11 36 59 29 27 11 57 59  3 33  5 48 34 62 42 25 55 53 16 22 43
 56 33 50  1 24 59  3 22 56 50  2 31  1 17 16 57 60 53 17 19 10 20 59 55
 27 44 19 50 36 27 50 22 55 19 55 58 35 31 56 41]","[58 22 31 48  2 59 29 27 11 57 60 40 43  5 48 34 62 42 25 55 60 43 22 43
 56 11  2  1 24 59  3 22 56 19  2 31  5 12 16 57 60 13 62 19 10 20 60 55
 23 44 19 50 34 27 50 22 60 19 59 46 10 31 56  6]",False,False,0.109375,0.078125,0.04,1.0,1.0,1,1,25,0.04,1.0,1.0,1,1,25,1.0,0.0,0.0,25,0,0,1.0,0.0,0.0,25,0,0,1.0,0.96,0.96,25,24,24,1.0,1.0,1.0,25,25,25,1.0,0.04,0.04,25,1,1,1.0,0.0,0.0,25,0,0
[1.00049988 0.         0.         ... 0.70781353 0.         0.        ],"[39 51 40 55 28 33 14 21 26 28 53  1 34 14  1 52  5 60 35 49 11 26 53 42
 60 51 51 21 26 61 39 28 55 38 57 40 49  2 51 25 26  7 26 42 23 11 52 33
 52 42 15 51 38 25 40  1 14 28 49 28 40 53  9 38]","[39 51 40 55 28 33 14 21  1 28 55  1 34 54  1 52 22 60 29  3 11 26 53  2
 60 51 51 21 25 61 39 28 55 38  2 40  4  2 51 25 26  7 26 27 13 11 52 33
 52 58  9 51 38 25 40  1 14 28  5 28 40 40  9 38]",True,True,0.953125,0.953125,"[np.int64(39), np.int64(42), np.int64(54), np.int64(47), np.int64(45), np.int64(6), np.int64(1), np.int64(55), np.int64(13), np.int64(12), np.int64(40), np.int64(28), np.int64(60), np.int64(1), np.int64(4), np.int64(56), np.int64(9), np.int64(49), np.int64(54), np.int64(30), np.int64(61), np.int64(17), np.int64(1), np.int64(24), np.int64(12), np.int64(12), np.int64(59), np.int64(6), np.int64(43), np.int64(47), np.int64(43), np.int64(39), np.int64(22), np.int64(37), np.int64(23), np.int64(16), np.int64(40), np.int64(2), np.int64(18), np.int64(13), np.int64(25), np.int64(38), np.int64(50), np.int64(30), np.int64(55), np.int64(25), np.int64(57), np.int64(9), np.int64(2), np.int64(51), np.int64(52), np.int64(34), np.int64(35), np.int64(12), np.int64(48), np.int64(5), np.int64(7), np.int64(39), np.int64(1), np.int64(4), np.int64(47), np.int64(36), np.int64(62), np.int64(63)]","[np.int64(41), np.int64(36), np.int64(24), np.int64(42), np.int64(30), np.int64(28), np.int64(31), np.int64(5), np.int64(12), np.int64(8), np.int64(28), np.int64(49), np.int64(39), np.int64(32), np.int64(2), np.int64(22), np.int64(34), np.int64(50), np.int64(7), np.int64(56), np.int64(43), np.int64(5), np.int64(11), np.int64(2), np.int64(2), np.int64(38), np.int64(35), np.int64(26), np.int64(19), np.int64(26), np.int64(39), np.int64(8), np.int64(56), np.int64(58), np.int64(5), np.int64(17), np.int64(11), np.int64(56), np.int64(47), np.int64(51), np.int64(40), np.int64(18), np.int64(25), np.int64(42), np.int64(55), np.int64(35), np.int64(1), np.int64(31), np.int64(26), np.int64(8), np.int64(60), np.int64(28), np.int64(36), np.int64(6), np.int64(25), np.int64(38), np.int64(19), np.int64(36), np.int64(54), np.int64(23), np.int64(59), np.int64(13), np.int64(30), np.int64(54)]",False,False,0.0,0.0,"[39 51 47 55 28 33 14 21  1 60 53  1 34 14 42 52 22 60 29  3  6 26 53  2
 60 51 51 21 25 10 39 28 53 38 57 10 49  2 51 25 26 16 26 31 19  2 52 33
 52 42 15 51 38 25 40  1 14 28 48  7 40 40 56 38]","[39 51 23 55 28 33 61 20  1 28 55  1 34 54  1 52  5 60 29  3 11 26 45 42
 57 51 51 21 25 61 10 28 55 38 57 40  4  2 51 25 26  7 26 42 13 11 52 33
 52 42 15 51 38 25 55  1 14 28  5 28 40 40  9 38]",True,True,0.96875,0.96875,"[39 51 47 60 28 33 61 59 26 28 53  1 34 14  1 52 22 60 29  3  6 26 53 42
 60 51 51 43 25 10 46 28 55 38 57 21 49 58 51  0 26 16 26 42 19  0 52 33
 23 42  9 51 38 32 40  1 14 24  4 28 21 52  9 38]","[39 51 40 55 28 23 58 20  1 50 55  1 34 54  1 52 22 60 58  3 11 26 53  5
 60 51 51 46 26 10 39 61 55 47  2 40 16  2 51  0 26  7 26 27 43 11 52  2
 58 42  9 51 15 25 55  1 58 24  6 31 13 40  9 38]",False,False,0.109375,0.078125,0.04,1.0,1.0,1,1,25,0.04,1.0,1.0,1,1,25,1.0,0.0,0.0,25,0,0,1.0,0.0,0.0,25,0,0,1.0,0.92,0.92,25,23,23,1.0,1.0,1.0,25,25,25,1.0,0.08,0.08,25,2,2,1.0,0.04,0.04,25,1,1
[0.         0.         0.70781353 ... 0.         0.         0.500999  ],"[38 35 46 56 62 24 50 20  1 34  9 57 61 12  6 25 42  1 32 56 63 59 61 55
 30 46 59 50 21 55 34  8 33 24 34 34 45  0 44 35 24 44 16 59 10 44 35 55
 32 59 10  6 10 52 19 46 35 56 59 24 33 30 40 59]","[62 35 46 21 62 24 50 20  1 34  9 62  1 12  6 25 35  1 32 44 49 44 61 54
 30 46 59 50 21 26 34  8 33 24 34 34 45  0 44 35 24 44 16 59 10 44 35 26
 14 59 10  6 10 52  8 46 35 46 50 24  2 30 40 59]",False,True,0.953125,0.953125,"[np.int64(46), np.int64(17), np.int64(48), np.int64(58), np.int64(39), np.int64(27), np.int64(32), np.int64(11), np.int64(28), np.int64(55), np.int64(3), np.int64(61), np.int64(51), np.int64(11), np.int64(58), np.int64(12), np.int64(30), np.int64(41), np.int64(52), np.int64(54), np.int64(4), np.int64(26), np.int64(40), np.int64(1), np.int64(0), np.int64(18), np.int64(57), np.int64(24), np.int64(17), np.int64(27), np.int64(32), np.int64(19), np.int64(40), np.int64(49), np.int64(52), np.int64(26), np.int64(45), np.int64(14), np.int64(55), np.int64(52), np.int64(12), np.int64(35), np.int64(43), np.int64(26), np.int64(17), np.int64(28), np.int64(61), np.int64(61), np.int64(36), np.int64(47), np.int64(1), np.int64(38), np.int64(27), np.int64(22), np.int64(21), np.int64(61), np.int64(4), np.int64(23), np.int64(21), np.int64(12), np.int64(39), np.int64(30), np.int64(5), np.int64(22)]","[np.int64(60), np.int64(15), np.int64(25), np.int64(55), np.int64(30), np.int64(16), np.int64(57), np.int64(48), np.int64(2), np.int64(26), np.int64(23), np.int64(61), np.int64(16), np.int64(51), np.int64(21), np.int64(53), np.int64(37), np.int64(60), np.int64(23), np.int64(62), np.int64(27), np.int64(29), np.int64(54), np.int64(33), np.int64(27), np.int64(54), np.int64(7), np.int64(12), np.int64(46), np.int64(23), np.int64(30), np.int64(53), np.int64(27), np.int64(27), np.int64(18), np.int64(11), np.int64(8), np.int64(29), np.int64(7), np.int64(44), np.int64(19), np.int64(21), np.int64(46), np.int64(31), np.int64(56), np.int64(12), np.int64(26), np.int64(21), np.int64(58), np.int64(18), np.int64(51), np.int64(26), np.int64(20), np.int64(30), np.int64(50), np.int64(36), np.int64(42), np.int64(40), np.int64(15), np.int64(45), np.int64(8), np.int64(33), np.int64(29), np.int64(20)]",False,False,0.0,0.0,"[38 35 63 46 51 24 45 20  1 34  9 57 24 22  6 25 42  1 32 45 63 59 61 55
 30 22 52 50 21 55 34 41 33 24 34 34 29  0 44 35 24 44 25 59 10  8 35 26
 14 52 10  6 10 52 57 46 35 46 59  1  2 30 60 59]","[62 35 46 21 62 24 50 20 45 34  9 62 61 12  6 25 35  1 48 44 49 44 61 55
 30 22 52 50 21 26 34 41 33 24 34 34 45  0 44 35 24 44  9 60 10  6 35 55
 14 52 10  6 10 52  8 46 35 46 50 24 33 30 58 58]",True,False,0.96875,0.96875,"[38 35 46 56 62 24 50 20  1 34  9 57  1 12 48 25 49  1 32 56 63  3 25 55
 30 22 52  5 21 55 34 41 33 24 34 34 45  0 26 35 62 38 16 59 10 19 35 38
 32 59 44  4 10 52 19 46 35 46 62  1  2 30 40 58]","[62 35 60 21 62 24 45 20 54 34  9 62 24 22  6 25 42  1 32 56 63  3 61 55
 30 22 38  5 21 55 34  8 33 24 34 34 51  0 26 61 24 44 16 27 10 44 35 55
 14 59 10 36 10 52 19 46 35 46 63  1  2 30 60 58]",False,False,0.109375,0.078125,0.04,0.0,0.0,1,0,0,0.04,1.0,1.0,1,1,25,1.0,0.0,0.0,25,0,0,1.0,0.0,0.0,25,0,0,1.0,0.52,0.52,25,13,13,1.0,0.56,0.56,25,14,14,1.0,0.0,0.0,25,0,0,1.0,0.0,0.0,25,0,0
[0.500999   0.70781353 0.         ... 0.         0.         0.        ],"[18 54 61 43  5 62 24 50 12 40 60 53 18 62 47 49 29 53 18 33 40 58 21 12
  0 14  0 61 50  0  5  0  0 29 26 49  0 54 54 31  0 37 26 18 61 54 61 43
 45 43 12  5 53 12  0 31 62 60 62 61 62 43 18 50]","[18 54 61 43  5 43 24 50 12 29 49 31 18 62 47 49 29  5 18 33 40 58 21 12
  0 14  0 61 13  0  5  0  0 29 26 49  0 54 54 31  0 37 28 18 61  3 24 43
 39 43 12  5  3 12  0 49 62 60 43 61 62 43 18 58]",True,True,0.953125,0.953125,"[np.int64(14), np.int64(36), np.int64(28), np.int64(48), np.int64(21), np.int64(9), np.int64(21), np.int64(55), np.int64(7), np.int64(45), np.int64(9), np.int64(44), np.int64(46), np.int64(8), np.int64(60), np.int64(44), np.int64(59), np.int64(21), np.int64(45), np.int64(41), np.int64(13), np.int64(3), np.int64(56), np.int64(18), np.int64(61), np.int64(55), np.int64(31), np.int64(61), np.int64(59), np.int64(4), np.int64(46), np.int64(49), np.int64(16), np.int64(60), np.int64(26), np.int64(57), np.int64(28), np.int64(53), np.int64(39), np.int64(63), np.int64(9), np.int64(0), np.int64(0), np.int64(41), np.int64(6), np.int64(40), np.int64(48), np.int64(0), np.int64(61), np.int64(51), np.int64(20), np.int64(30), np.int64(14), np.int64(45), np.int64(1), np.int64(7), np.int64(12), np.int64(35), np.int64(3), np.int64(50), np.int64(12), np.int64(18), np.int64(58), np.int64(62)]","[np.int64(28), np.int64(57), np.int64(27), np.int64(21), np.int64(61), np.int64(21), np.int64(50), np.int64(18), np.int64(34), np.int64(13), np.int64(11), np.int64(47), np.int64(29), np.int64(23), np.int64(8), np.int64(1), np.int64(6), np.int64(43), np.int64(13), np.int64(52), np.int64(45), np.int64(40), np.int64(19), np.int64(30), np.int64(22), np.int64(43), np.int64(43), np.int64(60), np.int64(50), np.int64(52), np.int64(26), np.int64(1), np.int64(24), np.int64(27), np.int64(51), np.int64(9), np.int64(55), np.int64(3), np.int64(4), np.int64(10), np.int64(24), np.int64(11), np.int64(21), np.int64(50), np.int64(46), np.int64(34), np.int64(61), np.int64(45), np.int64(34), np.int64(5), np.int64(15), np.int64(8), np.int64(36), np.int64(0), np.int64(30), np.int64(11), np.int64(58), np.int64(57), np.int64(48), np.int64(51), np.int64(34), np.int64(27), np.int64(18), np.int64(27)]",False,False,0.0,0.0,"[18 16  8 43  1 62 24 50 12 29 31 61 18 62 47 49 29 56 18 33 32 36 21 44
  0 14  0 61 29  0  5  0  0 28 26 49  0 54 29 31  0 37 37 18 61  3 61 43
 45 43  8 45  3 12  0 35 24 30 43  3 62 43 18 44]","[18  4 40 43 11 62 24 50 12 29 31 31 18 62 46 49 29 26 18 33 40 58 21 44
  0 14  0 15 13 31 57  0  0 28 26 55 31 63 31 31  0 37 28 18 55  3 24 43
 45 43 12 45 31 11  0 31 62 60 43 61 61 43 18 58]",True,True,0.96875,0.96875,"[18 54 61 43  5 43 24 39 12 40 49 53 18 62 46 49 29 53 18 33 57 36 21 12
 56 14 42 61 13  0  5 29  0 38 26 49 31 63 31 31  0 37 28 18 23 54 24 43
 42 43 31  5 31 23  0 44 62 60 43 61 62 43 18 50]","[18 16 61 43  5 62 24 39 12 40 28 31 18 28 46 49 29 53 18 33 32 58 21 44
  0 14 17 61 50 31  5  0  0 29 26 49 31 63 31 48  2 37 28 18 61  3 24 43
 39 43 61  5 31 17 37 49 62 30 43  3 62 43 18 44]",True,False,0.109375,0.078125,0.04,1.0,1.0,1,1,25,0.04,1.0,1.0,1,1,25,1.0,0.0,0.0,25,0,0,1.0,0.0,0.0,25,0,0,1.0,1.0,1.0,25,25,25,1.0,1.0,1.0,25,25,25,1.0,0.28,0.28,25,7,7,1.0,0.32,0.32,25,8,8
[0. 0. 0. ... 0. 0. 0.],"[26  4 42 26 13 25 58 60 11  0  0  0 52 46  0 14 11 37  0 58 26  0 18 41
 21 62 33  3 10 11 41 43 41 33 46 10  5 14 13 16 18 46  9 58 60 27 26 51
 15 10 14 11 46 62 10 13 36 19  3 58 20 13 20 33]","[26  4 42 26 13 44 18 60 11  0  0  0 27 46  0 14 11 37  0 58 26  0 18 41
 21 62 33  0 10 11 59 12 41 33 46 10 35 14 49 22 18 46  9 58 60 27 26 51
 15 27 49 11 46 38 10 13 12 43  3 58 20  8 20 33]",True,True,0.953125,0.953125,"[np.int64(29), np.int64(62), np.int64(22), np.int64(56), np.int64(17), np.int64(2), np.int64(39), np.int64(0), np.int64(38), np.int64(15), np.int64(31), np.int64(5), np.int64(62), np.int64(44), np.int64(33), np.int64(38), np.int64(29), np.int64(50), np.int64(2), np.int64(23), np.int64(14), np.int64(5), np.int64(31), np.int64(62), np.int64(9), np.int64(2), np.int64(43), np.int64(29), np.int64(52), np.int64(15), np.int64(62), np.int64(28), np.int64(49), np.int64(9), np.int64(35), np.int64(6), np.int64(16), np.int64(62), np.int64(21), np.int64(50), np.int64(42), np.int64(23), np.int64(14), np.int64(47), np.int64(50), np.int64(57), np.int64(47), np.int64(10), np.int64(32), np.int64(49), np.int64(25), np.int64(29), np.int64(25), np.int64(4), np.int64(3), np.int64(37), np.int64(24), np.int64(9), np.int64(25), np.int64(33), np.int64(22), np.int64(52), np.int64(27), np.int64(52)]","[np.int64(26), np.int64(30), np.int64(21), np.int64(42), np.int64(4), np.int64(1), np.int64(0), np.int64(7), np.int64(42), np.int64(18), np.int64(50), np.int64(7), np.int64(58), np.int64(27), np.int64(17), np.int64(27), np.int64(45), np.int64(46), np.int64(62), np.int64(25), np.int64(56), np.int64(8), np.int64(17), np.int64(53), np.int64(19), np.int64(48), np.int64(44), np.int64(59), np.int64(25), np.int64(52), np.int64(55), np.int64(40), np.int64(42), np.int64(19), np.int64(9), np.int64(13), np.int64(21), np.int64(41), np.int64(57), np.int64(51), np.int64(23), np.int64(37), np.int64(5), np.int64(54), np.int64(10), np.int64(4), np.int64(29), np.int64(55), np.int64(8), np.int64(37), np.int64(3), np.int64(6), np.int64(52), np.int64(14), np.int64(37), np.int64(6), np.int64(53), np.int64(45), np.int64(1), np.int64(60), np.int64(18), np.int64(32), np.int64(15), np.int64(20)]",False,False,0.0,0.0,"[26  4 42 26 54 54 18 60 45  0 27  0 52 46  0 14 11 37  0 16 26  0  9 41
 21 58 33  0 10 11 41 12 41 33 46 40 38 38 13 16 18 46  9 58 59 27 26 51
 15 27 14 45 46 62 10 13 12 43  3 58 20 55 20 33]","[26  4 42 26 44 44 18 60 45  0  0  0 27 46  0 14 11 37 10 57 26  0 18 41
 21 44 33  0 10 11 41 12 41 33 46 10 38 44 49 16 18 46  9 58 11 61 26 51
 15 27 49 11 46 62  4 13 12 43  6 30 20 18 20 33]",True,True,0.96875,0.96875,"[26  4 42 26 55 25 58 60 11  0 54  0 27 46  9 14 19 37 34 58 26  0 18 41
 21 58 33  3  9 11 41 12 41 33  9 10 38 44 49 22 35 46 15 58 59 51 26 51
 15 10 14 11 46 62 10 61 12 43  3 44 20 18 20 33]","[26  4 42 26 13 61 18 60 45  0  0  0 27 46  0 14 11 37  0 58 26  0 18 41
 21 44 33  3 10 11 41 43 41 33 18 36 38 38 53 16 18 46  9 58  4 27 26 51
 15 27 49 11 46 38  4 61 12 19  3 30 20 18 20 33]",False,False,0.109375,0.078125,0.04,1.0,1.0,1,1,25,0.04,1.0,1.0,1,1,25,1.0,0.0,0.0,25,0,0,1.0,0.0,0.0,25,0,0,1.0,0.84,0.84,25,21,21,1.0,1.0,1.0,25,25,25,1.0,0.08,0.08,25,2,2,1.0,0.12,0.12,25,3,3
[0.         0.         0.         ... 0.         0.70781353 0.        ],"[41 63 27 40 17 30 63 58  6 31  8 61 14  4 15  7 14 40 41  9 15 33 59  0
 40 57 59 41 24 18  1 44 41  6 61  9 44  2 30 36 58 63 23 59 40  1 41 63
  6  4 11 59 43  3  4 61  1  6 58 44 57 15 59 58]","[41 63 27 40  1 30 63 58  6 31  8 61 14 18 15  7 14 40 41  9 15 33 59 26
 40 27 59 41 24 18  1 44 41  6 61  9 44 39 30 57 58 63 23 59 40  1 41 63
  6  4 11 59 43  3  4 61  1  6 58 44 33 15 59 58]",True,True,0.953125,0.953125,"[np.int64(5), np.int64(22), np.int64(16), np.int64(11), np.int64(43), np.int64(52), np.int64(44), np.int64(13), np.int64(3), np.int64(46), np.int64(8), np.int64(32), np.int64(47), np.int64(42), np.int64(7), np.int64(57), np.int64(27), np.int64(59), np.int64(4), np.int64(22), np.int64(25), np.int64(21), np.int64(10), np.int64(49), np.int64(10), np.int64(14), np.int64(45), np.int64(4), np.int64(27), np.int64(50), np.int64(7), np.int64(27), np.int64(25), np.int64(63), np.int64(40), np.int64(40), np.int64(13), np.int64(7), np.int64(58), np.int64(33), np.int64(55), np.int64(7), np.int64(7), np.int64(12), np.int64(44), np.int64(14), np.int64(11), np.int64(58), np.int64(12), np.int64(8), np.int64(26), np.int64(54), np.int64(31), np.int64(39), np.int64(38), np.int64(39), np.int64(63), np.int64(43), np.int64(45), np.int64(24), np.int64(41), np.int64(31), np.int64(7), np.int64(5)]","[np.int64(40), np.int64(17), np.int64(35), np.int64(36), np.int64(58), np.int64(11), np.int64(48), np.int64(63), np.int64(21), np.int64(0), np.int64(55), np.int64(7), np.int64(55), np.int64(12), np.int64(42), np.int64(45), np.int64(33), np.int64(1), np.int64(15), np.int64(18), np.int64(8), np.int64(35), np.int64(38), np.int64(3), np.int64(29), np.int64(52), np.int64(47), np.int64(34), np.int64(46), np.int64(55), np.int64(58), np.int64(16), np.int64(3), np.int64(5), np.int64(59), np.int64(2), np.int64(39), np.int64(36), np.int64(26), np.int64(44), np.int64(42), np.int64(40), np.int64(0), np.int64(5), np.int64(35), np.int64(36), np.int64(53), np.int64(57), np.int64(28), np.int64(24), np.int64(41), np.int64(62), np.int64(40), np.int64(37), np.int64(14), np.int64(40), np.int64(24), np.int64(1), np.int64(12), np.int64(26), np.int64(10), np.int64(4), np.int64(22), np.int64(38)]",False,False,0.0,0.0,"[27 44 56 40 17 30 63 58  6 30  8 39  2  4  9  7 19 40 33  9 15 60 59  0
 40 27 59 43 24 34  1 44 41 59 30  9 44 39 30 36 58 63 23 59 40  1 26 63
  6 33 11 30 22 47  4 61  1 31 58 44 57 15 32 58]","[41 63 46 15 17 30 63 58 53 31  8 28 14 18 15 41 14 40 41  9 15 33 59  0
 40 27 46 41 24  9  1 44 41  6 61  9 44  2 23 36 58 63 23 32 40  1 41 63
  6  4 11  9 43 41  4 49  1  6 58 44 33 13 59 58]",True,True,0.96875,0.96875,"[23 63 56 40 17 30 63 58 59 14  8 55  2  4 15  7 14 40 41 16 15 33 59  0
 40 57 49 41 24 34  9 44 41 59 61  9 44 39 30 11 58 63 23 32 40  1 41 63
  9  4 11 59 43  3  4 61  1  6 58 44  9 11 32 58]","[41 63 56 40 13 30 63 58 53 31  8 39  2  4 15  7 14  4 41 16 15 33 59  0
 28 27 46 59 24  9 33 57 41  6 61  9 18  2 23 36 58 63 23 59 40  1 41 53
  6 26 11  9 43  3  4 61 61 31 58 51  9 15 59 58]",False,False,0.109375,0.078125,0.04,1.0,1.0,1,1,25,0.04,1.0,1.0,1,1,25,1.0,0.0,0.0,25,0,0,1.0,0.0,0.0,25,0,0,1.0,1.0,1.0,25,25,25,1.0,1.0,1.0,25,25,25,1.0,0.0,0.0,25,0,0,1.0,0.08,0.08,25,2,2
[0.         0.         0.         ... 0.         0.         1.00049988],"[37 34 11 27  6 45 60 38 38 27 37 37  8 50 11  0 27 58 55  8 38 51 46 55
 10 11 27 37 11 27 46 24 38 62  0 26 50 37 37 53 54 55  8  1 50 27 38 55
  6 58 15 55 49 60 27 10 10 11 57 38 37 53 45 58]","[37 35 11 27  9 16 38 38 38 27 37 37 61 50 11  0 27 41 55 35 38 12 20 55
 10 11 27 37 11 27 46 24 38 62  0 26 50 37 37 53 54 55  9  1 50 27  0 55
 46 23 15  2 49 60 11 10 10 11 57 38 37 29 18 58]",True,True,0.953125,0.953125,"[np.int64(63), np.int64(12), np.int64(19), np.int64(40), np.int64(44), np.int64(17), np.int64(33), np.int64(52), np.int64(36), np.int64(56), np.int64(56), np.int64(36), np.int64(48), np.int64(22), np.int64(59), np.int64(32), np.int64(56), np.int64(62), np.int64(33), np.int64(10), np.int64(3), np.int64(9), np.int64(61), np.int64(17), np.int64(6), np.int64(39), np.int64(28), np.int64(39), np.int64(1), np.int64(21), np.int64(29), np.int64(28), np.int64(10), np.int64(47), np.int64(34), np.int64(56), np.int64(51), np.int64(61), np.int64(57), np.int64(22), np.int64(39), np.int64(31), np.int64(4), np.int64(53), np.int64(37), np.int64(2), np.int64(28), np.int64(54), np.int64(52), np.int64(47), np.int64(63), np.int64(15), np.int64(39), np.int64(9), np.int64(28), np.int64(45), np.int64(48), np.int64(22), np.int64(32), np.int64(25), np.int64(17), np.int64(0), np.int64(63), np.int64(12)]","[np.int64(27), np.int64(32), np.int64(44), np.int64(10), np.int64(40), np.int64(62), np.int64(20), np.int64(1), np.int64(51), np.int64(56), np.int64(58), np.int64(2), np.int64(1), np.int64(41), np.int64(21), np.int64(33), np.int64(48), np.int64(12), np.int64(45), np.int64(14), np.int64(46), np.int64(14), np.int64(28), np.int64(52), np.int64(35), np.int64(6), np.int64(59), np.int64(7), np.int64(27), np.int64(21), np.int64(6), np.int64(11), np.int64(50), np.int64(59), np.int64(9), np.int64(56), np.int64(7), np.int64(22), np.int64(10), np.int64(61), np.int64(32), np.int64(41), np.int64(56), np.int64(3), np.int64(0), np.int64(17), np.int64(31), np.int64(21), np.int64(59), np.int64(3), np.int64(6), np.int64(32), np.int64(48), np.int64(27), np.int64(29), np.int64(19), np.int64(16), np.int64(17), np.int64(56), np.int64(23), np.int64(54), np.int64(46), np.int64(30), np.int64(18)]",False,False,0.0,0.0,"[37 34 57 46 48 40 60 38 38 53 37 37  8 50 45 46 27 58 62  8 38 51 46 61
 10 11 27 37 11 27 46 30 38 62  0 48 50 37 37 16 54 32 12  1 50 32 38 59
 61 23 15  2 49 60 27  2 10 38 57 38 37 53 45 58]","[37 34 11 27  6 16 38 38 38 27 37 37 25 50 15  0 27 41 14 58 38 12 16 20
 10 11 27 37 11 27 14 24  2 13  0 23 50 37 37 16 54 15  9  1 50 27  0 23
  6 23 15  2 49  9 11 10 10 15 57 38 37 29 18 58]",True,True,0.96875,0.96875,"[37 32 57 55  9 45 38 38 38 27 37 37 61 50 45 46 27 58 55  7 38 51 20 35
 10 11 10 37 11  7 46 24 38 62  6 26 50 37 37 53  5 15  8  1 50 27  0 49
  6 47 28 55 49  0 11 10 10 15 57 38 37 55 45 58]","[37 34 11 27 48 45 60 29 42 27 37 37 61 50 18 46 27 41 55 35 23 51 46 55
 10 11 27 37 50 27 14 30 45 62  6 23 17 37 37 53 54 15 25  1 50 27  0 55
 61 58 23 35 49  0 27 10 10 15 49 38 37 29 18 58]",False,False,0.109375,0.078125,0.04,1.0,1.0,1,1,25,0.04,1.0,1.0,1,1,25,1.0,0.0,0.0,25,0,0,1.0,0.0,0.0,25,0,0,1.0,0.96,0.96,25,24,24,1.0,1.0,1.0,25,25,25,1.0,0.16,0.16,25,4,4,1.0,0.08,0.08,25,2,2
[0.         0.         0.         ... 0.         0.         1.00049988],"[29 13 61 16 13 63 53 39 36 26 33 42  1 47 42 12 47 42 18 46 25 15 50 40
 57 16 50  7 25  1 38 16 17 50 11  3 50 38 16 13 59 30 50 13 29 30 13 18
 55 10 13 19 37 50 26  4  3  4 52 38 14  7  3  4]","[29  3 60 16 13 63 53 38 36 26 12 42  1 47 42 12 47 12 18 46 25 15 50 40
 28 16 50  7 25  1  1 16  6 50 11  3 43 38 16 13 35 30 43 13 29 30 13 18
 55 10 13  0 20  1 26  4  3  4 52 38 45  7  3  7]",True,True,0.953125,0.953125,"[np.int64(45), np.int64(15), np.int64(37), np.int64(32), np.int64(13), np.int64(46), np.int64(20), np.int64(39), np.int64(37), np.int64(11), np.int64(34), np.int64(52), np.int64(50), np.int64(26), np.int64(3), np.int64(31), np.int64(0), np.int64(55), np.int64(2), np.int64(60), np.int64(0), np.int64(22), np.int64(19), np.int64(63), np.int64(52), np.int64(60), np.int64(6), np.int64(63), np.int64(24), np.int64(38), np.int64(34), np.int64(27), np.int64(52), np.int64(23), np.int64(29), np.int64(36), np.int64(44), np.int64(54), np.int64(47), np.int64(45), np.int64(5), np.int64(58), np.int64(7), np.int64(32), np.int64(2), np.int64(41), np.int64(18), np.int64(40), np.int64(43), np.int64(26), np.int64(46), np.int64(3), np.int64(55), np.int64(20), np.int64(35), np.int64(44), np.int64(20), np.int64(14), np.int64(47), np.int64(15), np.int64(19), np.int64(57), np.int64(54), np.int64(42)]","[np.int64(60), np.int64(56), np.int64(58), np.int64(44), np.int64(56), np.int64(51), np.int64(18), np.int64(51), np.int64(54), np.int64(24), np.int64(11), np.int64(35), np.int64(13), np.int64(0), np.int64(2), np.int64(17), np.int64(10), np.int64(55), np.int64(33), np.int64(60), np.int64(59), np.int64(39), np.int64(3), np.int64(31), np.int64(15), np.int64(34), np.int64(3), np.int64(43), np.int64(4), np.int64(38), np.int64(33), np.int64(55), np.int64(35), np.int64(57), np.int64(42), np.int64(6), np.int64(30), np.int64(35), np.int64(57), np.int64(26), np.int64(57), np.int64(59), np.int64(48), np.int64(30), np.int64(18), np.int64(32), np.int64(16), np.int64(27), np.int64(10), np.int64(15), np.int64(56), np.int64(52), np.int64(63), np.int64(46), np.int64(34), np.int64(33), np.int64(6), np.int64(19), np.int64(8), np.int64(18), np.int64(33), np.int64(18), np.int64(24), np.int64(16)]",False,False,0.0,0.0,"[29 13 61 16 13 63 53 38 44 26 33 42  1 47 35 62 47 12 18 46 30 15 38  2
 28 16 50  7 55  1  1 16 17  4 11  3 50 38 16 13  2 30 50 13 29 56 13 18
 55 10 13 19 37 26 26  4  3  4 52 38  2  7  3  4]","[29  3 40 16 13 49 32 39 36 29 35  9  1 47 60 62 47 55 18 46 25 15 38 40
 54 16 19  7 25  1  1 16 17 10 11  3 43 29 16 13 35 30 43 13  8 56 13 18
 55 10 13  8 20 39 26  4  3  4 52 38 45  7  3  7]",True,True,0.96875,0.96875,"[35 43 61  1 31 63 32 63 36 11 33 42 28 47 35 12 47 55 18 26 30 15 50 40
 14 16 50  7 25 37 38  4 17 50 11 33 50 38 16  7 35 30 50  1 29 30 13 18
 55 10 13 19 37 39 26  4 35  4 52 38 45  7  3  7]","[35 30 61  1 13 63 53 38 36 26 12 42 28 47 60 12 47 55 18 46 25 15 56 40
 57 16 50  7 12  1 20 16  6 50 11  3 43 29 16 13 35 30 50 13  8 56 13 18
 55  5 13  8 54 50 52 28  3  4 52 38 41  7  3  4]",False,False,0.109375,0.078125,0.04,1.0,1.0,1,1,25,0.04,1.0,1.0,1,1,25,1.0,0.0,0.0,25,0,0,1.0,0.0,0.0,25,0,0,1.0,1.0,1.0,25,25,25,1.0,1.0,1.0,25,25,25,1.0,0.12,0.12,25,3,3,1.0,0.12,0.12,25,3,3
[0.         0.70781353 0.         ... 0.         0.         0.500999  ],"[33 17 13  8 29 59 43 32 46 20 17 45 20 59 58 43 32 46 10 55  8 26 26 23
 15 39 33 39 29 33 57 35  6 46 55 15 45 63 57 61 18  2 57 46 10  0 23 10
 28 15 45 61 20 55 28 43 63 55 17  8 15  8 50 33]","[33 17 13  8  0 59 43 32 46 20 17  4 20  0 58 43 11 46 10 55  8 58 16 23
 15 39 33 18 29 33 57 35  6 46 55 15 45 63 57 61 18  2 57 46  6  0 23 10
 28 15 45 61 20 55 28 43  1 55 55  8 15  8 32 33]",True,True,0.953125,0.953125,"[np.int64(34), np.int64(4), np.int64(32), np.int64(1), np.int64(47), np.int64(8), np.int64(57), np.int64(23), np.int64(52), np.int64(38), np.int64(41), np.int64(10), np.int64(44), np.int64(25), np.int64(24), np.int64(7), np.int64(27), np.int64(12), np.int64(61), np.int64(13), np.int64(49), np.int64(2), np.int64(24), np.int64(26), np.int64(12), np.int64(23), np.int64(35), np.int64(28), np.int64(5), np.int64(18), np.int64(7), np.int64(18), np.int64(8), np.int64(49), np.int64(57), np.int64(53), np.int64(19), np.int64(0), np.int64(21), np.int64(15), np.int64(51), np.int64(41), np.int64(22), np.int64(60), np.int64(35), np.int64(55), np.int64(59), np.int64(39), np.int64(1), np.int64(15), np.int64(29), np.int64(27), np.int64(56), np.int64(18), np.int64(17), np.int64(17), np.int64(12), np.int64(60), np.int64(50), np.int64(19), np.int64(37), np.int64(32), np.int64(56), np.int64(1)]","[np.int64(13), np.int64(63), np.int64(21), np.int64(57), np.int64(25), np.int64(7), np.int64(0), np.int64(58), np.int64(55), np.int64(31), np.int64(21), np.int64(11), np.int64(5), np.int64(30), np.int64(4), np.int64(47), np.int64(28), np.int64(7), np.int64(13), np.int64(41), np.int64(3), np.int64(30), np.int64(5), np.int64(10), np.int64(40), np.int64(5), np.int64(19), np.int64(18), np.int64(57), np.int64(42), np.int64(16), np.int64(52), np.int64(15), np.int64(19), np.int64(51), np.int64(53), np.int64(30), np.int64(53), np.int64(4), np.int64(23), np.int64(29), np.int64(14), np.int64(34), np.int64(44), np.int64(32), np.int64(20), np.int64(32), np.int64(19), np.int64(6), np.int64(13), np.int64(20), np.int64(53), np.int64(54), np.int64(39), np.int64(10), np.int64(1), np.int64(46), np.int64(56), np.int64(43), np.int64(5), np.int64(41), np.int64(17), np.int64(35), np.int64(51)]",False,False,0.0,0.0,"[33 17 13 28 29  6 43 32 46 20 17 53  9  0  3  8 32 46 63 55  8 26 26 23
 61 48 33 56 29 17 57 35  6 46 55  6 35 63 57 14 18  2 57 46  6  0 23 10
 28 19 62  1 20 55 28 43  1 58 17  8 15  8 32 33]","[33 17 13 58 29  6 43 27 46 12 17 16 56 59 58  8 32 46 16  5  8 58 16 23
 15 48 33 56  3 33 57 35  6 46 20 15 45 63 21 61  2  2 57 46 45  0 23 10
 28 15 21  1 20 55 28 59  1 58 17  8 15  8 32 33]",True,True,0.96875,0.96875,"[33 17 13  8  0 19 44 32 46 49 17 50 20  0 58 43 32 46 10 49 61 58 60 23
 13 48 10  7 48 17 57 35 62 46 39 15 45 63 57  9 18  2 57 46 45 14 23 10
 28 15 62 61 20 55 28 43 63 55 57  8 22 24 32 33]","[33 17 40  8 29 59  5 27 46 20 18  4 20  0 39  8 11 46 32 18  8 58 26 23
 13 39 33 56  3 17 57 35  5 46  2 15 35 62 57 61 18  2 57 46 53 36 23 10
 28  9 62 61 20 55 28 43 63 58 17  8 15 51 37 33]",False,False,0.109375,0.078125,0.04,1.0,1.0,1,1,25,0.04,1.0,1.0,1,1,25,1.0,0.0,0.0,25,0,0,1.0,0.0,0.0,25,0,0,1.0,0.96,0.96,25,24,24,1.0,1.0,1.0,25,25,25,1.0,0.12,0.12,25,3,3,1.0,0.08,0.08,25,2,2
[1.00049988 1.00049988 0.         ... 0.70781353 1.00049988 0.500999  ],"[45 49 39 34 18 55  2 48 31 39 39 47 54 55 53 28 43 24 44 10  6 10 47 47
 55 49 19 18 15 47  4 40 24 47 23 25 53 13 44 57 55 13 40 10 57 10 45 39
  7 54 29 11 12 55 44 39  8 57 18 55 21 10 54  4]","[34 49 39 34 18 55 54 48 31 39 39 47 54 23 59 28 17 24 44 10  6 10 47 47
 55 23 19 18 15 47  4 59 21 47 20 20 59 13 44 57 55 13 14 10 57 23 27 39
  7 54 40 11 12 55 44 39  8 57 14 55 21 10 54 34]",False,False,0.953125,0.953125,"[np.int64(42), np.int64(52), np.int64(6), np.int64(18), np.int64(50), np.int64(16), np.int64(2), np.int64(16), np.int64(7), np.int64(50), np.int64(39), np.int64(34), np.int64(40), np.int64(16), np.int64(2), np.int64(18), np.int64(6), np.int64(17), np.int64(61), np.int64(44), np.int64(46), np.int64(8), np.int64(6), np.int64(21), np.int64(2), np.int64(10), np.int64(27), np.int64(50), np.int64(24), np.int64(50), np.int64(56), np.int64(63), np.int64(57), np.int64(59), np.int64(60), np.int64(31), np.int64(40), np.int64(27), np.int64(37), np.int64(34), np.int64(18), np.int64(49), np.int64(34), np.int64(60), np.int64(55), np.int64(50), np.int64(43), np.int64(61), np.int64(36), np.int64(33), np.int64(23), np.int64(10), np.int64(50), np.int64(52), np.int64(39), np.int64(46), np.int64(17), np.int64(13), np.int64(63), np.int64(47), np.int64(63), np.int64(29), np.int64(39), np.int64(32)]","[np.int64(59), np.int64(17), np.int64(4), np.int64(22), np.int64(39), np.int64(51), np.int64(6), np.int64(26), np.int64(26), np.int64(27), np.int64(40), np.int64(27), np.int64(33), np.int64(9), np.int64(58), np.int64(37), np.int64(17), np.int64(42), np.int64(58), np.int64(9), np.int64(45), np.int64(18), np.int64(42), np.int64(0), np.int64(21), np.int64(0), np.int64(47), np.int64(29), np.int64(31), np.int64(54), np.int64(58), np.int64(20), np.int64(44), np.int64(24), np.int64(52), np.int64(57), np.int64(10), np.int64(7), np.int64(7), np.int64(9), np.int64(50), np.int64(55), np.int64(46), np.int64(28), np.int64(28), np.int64(8), np.int64(48), np.int64(40), np.int64(23), np.int64(8), np.int64(34), np.int64(63), np.int64(50), np.int64(1), np.int64(3), np.int64(48), np.int64(22), np.int64(58), np.int64(36), np.int64(10), np.int64(36), np.int64(45), np.int64(2), np.int64(3)]",False,False,0.0,0.0,"[34 34 39 46 18 55 54 57 31 39 39 47 23 23 58 33 30  3 44 10 43 34 47 47
 18 23 19 18 15 50 60 40 63 47 23 36 22 36 44 57 24 11 14 10 57 10 63 39
  7 25 46 11 19 55 44 39  8 57 18 14 21 45 54 58]","[34 34 39 34 33 55 54 57 31 39 39 47 54 55 59 28 30 24 44 10  6 10 47 47
 59 23 19 23 62 49 60 59 40 47 21 25 22 36 44 57 55 13 40 10 57 23 58 39
  7 54 40 11 12 55 44 39  8 57 18 55 21 10 54 34]",True,True,0.96875,0.96875,"[45 49 39 34 34 55 10 48 31 39 45 47 24 55 58 40 43 52 44 10 41 10 47 47
 55  4 19 18 15 43  4 59 24  2 20 20 59 36 44 57 55 61 40 10 57 23 27 39
  7 54 46 17 32 55 44 39  8 57 18 10 31 41 23 43]","[45 34 39 34 25 55  2 48 31 39 39 47 24 23 59 28 30 16 24 10 35 10 49 12
 59 49 19 40 15 40  4 59 21  2 20 20 59 13 44 57 29 13 14 20 57 24 63 39
  7 22 29 11 12 55  6 39  8 57 63 55 31 10 54  4]",False,False,0.109375,0.078125,0.04,0.0,0.0,1,0,0,0.04,0.0,0.0,1,0,0,1.0,0.0,0.0,25,0,0,1.0,0.0,0.0,25,0,0,1.0,0.32,0.32,25,8,8,1.0,0.32,0.32,25,8,8,1.0,0.0,0.0,25,0,0,1.0,0.0,0.0,25,0,0
[0.       0.       0.       ... 0.500999 0.       0.      ],"[57 22 39 31 56 56 52 42 47 61 32 36 61 61 50 56 47 60 20 54 31 56 62 32
 17 28 12 60 26 27 20  9 40 20 50 45  3 61 52 12  9 15 26 51 22 56 56 31
 49 26 40 21 31 32 27  3 12 39 57 47 63 61 60 61]","[46 22 39 31 56 56  3 42 47 61 32 36 61 61 50 56 47 56 49 24 31 56  3 49
 17 28 12 60 15 27 46  9 40 20 50 45  3 61  6 12  9 15 26 51 22 56 56 31
 49 26 40 54 31 32 49  3 12 26 24 47 63 61 60 61]",True,True,0.953125,0.953125,"[np.int64(34), np.int64(61), np.int64(36), np.int64(31), np.int64(14), np.int64(45), np.int64(15), np.int64(5), np.int64(37), np.int64(55), np.int64(62), np.int64(25), np.int64(10), np.int64(15), np.int64(15), np.int64(35), np.int64(22), np.int64(39), np.int64(1), np.int64(53), np.int64(2), np.int64(3), np.int64(62), np.int64(61), np.int64(31), np.int64(61), np.int64(51), np.int64(34), np.int64(55), np.int64(55), np.int64(4), np.int64(19), np.int64(0), np.int64(38), np.int64(54), np.int64(55), np.int64(29), np.int64(22), np.int64(29), np.int64(61), np.int64(26), np.int64(54), np.int64(21), np.int64(50), np.int64(29), np.int64(60), np.int64(16), np.int64(59), np.int64(32), np.int64(45), np.int64(14), np.int64(16), np.int64(30), np.int64(13), np.int64(36), np.int64(39), np.int64(32), np.int64(35), np.int64(45), np.int64(32), np.int64(46), np.int64(33), np.int64(22), np.int64(60)]","[np.int64(10), np.int64(45), np.int64(28), np.int64(52), np.int64(61), np.int64(56), np.int64(38), np.int64(11), np.int64(13), np.int64(47), np.int64(10), np.int64(15), np.int64(36), np.int64(2), np.int64(29), np.int64(60), np.int64(30), np.int64(23), np.int64(29), np.int64(2), np.int64(61), np.int64(6), np.int64(36), np.int64(28), np.int64(62), np.int64(16), np.int64(40), np.int64(18), np.int64(24), np.int64(26), np.int64(10), np.int64(57), np.int64(13), np.int64(31), np.int64(52), np.int64(47), np.int64(26), np.int64(22), np.int64(44), np.int64(40), np.int64(60), np.int64(15), np.int64(11), np.int64(60), np.int64(5), np.int64(39), np.int64(2), np.int64(57), np.int64(15), np.int64(15), np.int64(15), np.int64(15), np.int64(22), np.int64(31), np.int64(12), np.int64(21), np.int64(29), np.int64(29), np.int64(12), np.int64(60), np.int64(9), np.int64(6), np.int64(56), np.int64(15)]",False,False,0.0,0.0,"[57 22 39 47 56 26 32 59 51 61  7 36 61 61 50 56 47 60 20 54 31 56  4 49
 47 58 12 60 26 27 46  9 62  2 50 45  3 61  6 12  9 15 62 51 22 56 39 31
 49 26 40 21 31 32 27  2  5 26 57 47 63 61 60 61]","[57 22 39 31 56 26 42 42 47 61 32 36 61 61 24 27 47 56 49 24 31 56 62 32
 17 28 12 60 26 16 14  9 40  2 50 45  3 61 52 40  9 15 26 44 22 56  3  3
 49 24 40 54 31 32 49  3 12 39 57 47 63 61 42 61]",True,True,0.96875,0.96875,"[29 22 39 31 56 56 42 20 47 61  7 36 61 61 16 28 14 60 20 24 31 51 62 32
 17 55 12 60 26 27 46  3  6 20 50 58  3 61  6 12  9 15 62 44 53 56 39 31
 49 26 32 54  6 32 19  3 12 26 24  4 63 61 60 61]","[36 22 39 31 36 26  3 42 55 61  7 36 61 61 24 56 14 60 20 24 31 56 62 32
 14 24 31 60 15  0 14  9 40  2 50 18  3 61  6 12  9 15 26 44 53 56 39 24
 49 26 32 54 31 32 49  3 12 39 18 47 63 61 60 61]",False,False,0.109375,0.078125,0.04,1.0,1.0,1,1,25,0.04,1.0,1.0,1,1,25,1.0,0.0,0.0,25,0,0,1.0,0.0,0.0,25,0,0,1.0,1.0,1.0,25,25,25,1.0,1.0,1.0,25,25,25,1.0,0.04,0.04,25,1,1,1.0,0.16,0.16,25,4,4
[1.00049988 0.         0.         ... 0.         0.         1.00049988],"[ 5  6 39 34  4 10 35  8  4 48 35 59 30 61  8 54 57  7 52 14 39 52 52 14
  8 10 30 39 39 57 48  2 52 24  7  4 17 58 47 35 47 48  6 28 54 58 43  7
 39 27 33  5  8 22  5 47 34  6 52 48 28 17 17 18]","[ 5 14 39 34  4 10 35  8  4 48 35 59 30 61  8 54 57  7 52 14 39 52 52 14
  8 14 30 39 39 25  1  2 52 24  7  4  9 58  9 35 47 25  6 28 37 58 36  2
 39 27 33 33  8 22  5 47 34  2 52 48 28 49 17 23]",True,True,0.953125,0.953125,"[np.int64(56), np.int64(62), np.int64(52), np.int64(19), np.int64(10), np.int64(41), np.int64(15), np.int64(17), np.int64(35), np.int64(14), np.int64(51), np.int64(28), np.int64(42), np.int64(38), np.int64(30), np.int64(40), np.int64(15), np.int64(21), np.int64(14), np.int64(37), np.int64(58), np.int64(25), np.int64(27), np.int64(7), np.int64(5), np.int64(49), np.int64(59), np.int64(3), np.int64(11), np.int64(26), np.int64(35), np.int64(7), np.int64(29), np.int64(48), np.int64(19), np.int64(23), np.int64(38), np.int64(60), np.int64(8), np.int64(11), np.int64(56), np.int64(46), np.int64(17), np.int64(42), np.int64(44), np.int64(7), np.int64(5), np.int64(51), np.int64(57), np.int64(12), np.int64(59), np.int64(25), np.int64(12), np.int64(10), np.int64(28), np.int64(46), np.int64(2), np.int64(6), np.int64(62), np.int64(47), np.int64(40), np.int64(55), np.int64(38), np.int64(61)]","[np.int64(13), np.int64(30), np.int64(37), np.int64(36), np.int64(32), np.int64(36), np.int64(49), np.int64(8), np.int64(63), np.int64(20), np.int64(6), np.int64(33), np.int64(57), np.int64(34), np.int64(23), np.int64(61), np.int64(3), np.int64(5), np.int64(0), np.int64(24), np.int64(39), np.int64(22), np.int64(6), np.int64(10), np.int64(33), np.int64(60), np.int64(52), np.int64(54), np.int64(22), np.int64(49), np.int64(33), np.int64(15), np.int64(23), np.int64(55), np.int64(14), np.int64(36), np.int64(43), np.int64(20), np.int64(1), np.int64(51), np.int64(17), np.int64(43), np.int64(27), np.int64(27), np.int64(14), np.int64(60), np.int64(7), np.int64(26), np.int64(20), np.int64(43), np.int64(54), np.int64(37), np.int64(20), np.int64(24), np.int64(61), np.int64(51), np.int64(12), np.int64(26), np.int64(43), np.int64(21), np.int64(40), np.int64(1), np.int64(39), np.int64(51)]",False,False,0.0,0.0,"[62 30 23 34  4 10 42  8  4 48 35 54 30 61  8 56 47  7 52 14 39 52 52 58
  8 14 30 25 60 25 48 17 52 24  7  4 29 58 47 35 47 60 32 45 37 58 43  7
  7 45 29 16  8 22 29 47 34 48 52 48 58 17 17 18]","[ 5 14 39 34  4 25 35  8  4 48 35 59 30 61  8 54 51  7 52 14 39 52 52 14
  8 14 30 25 39 25  5 17 59 24 30  4 17 61  9 35 47 25  6 28 54 58 36  7
 25 27 33  5  8 22  5 47 15 48 52 48 41 17  0 18]",True,True,0.96875,0.96875,"[ 5 30 23 34  4 10 35  8  4  2 35 54 30 61  8 36 51  7 52 14 39 52 52 14
  8 10 30 39 39 54  1  2  7 24  7  4 17 61  9 35 47 42 32 55 54 58 36 40
 39 45 29  5  8 22  5 47 50 48 52 25 28 37 17 23]","[ 5 14 39 34  4 25 35  8  4  2 25 54 30 61  1 36 57 61 52 14 39 52 52 14
  8 14 30 25  1 25  5  2 52 24 30  4 17 44 12 35 47 48 41 28 37 58 36  7
 25 27 33 33  8 22  5 47 34  2 23 32 58 17  0 18]",False,False,0.109375,0.078125,0.04,1.0,1.0,1,1,25,0.04,1.0,1.0,1,1,25,1.0,0.0,0.0,25,0,0,1.0,0.0,0.0,25,0,0,1.0,1.0,1.0,25,25,25,1.0,1.0,1.0,25,25,25,1.0,0.04,0.04,25,1,1,1.0,0.04,0.04,25,1,1
[0.       0.       0.       ... 0.500999 0.       0.      ],"[57 22 39 31 56 56 52 42 47 61 32 36 61 61 50 56 47 60 20 54 31 56 62 32
 17 28 12 60 26 27 20  9 40 20 50 45  3 61 52 12  9 15 26 51 22 56 56 31
 49 26 40 21 31 32 27  3 12 39 57 47 63 61 60 61]","[46 22 39 31 56 56  3 42 47 61 32 36 61 61 50 56 47 56 49 24 31 56  3 49
 17 28 12 60 15 27 46  9 40 20 50 45  3 61  6 12  9 15 26 51 22 56 56 31
 49 26 40 54 31 32 49  3 12 26 24 47 63 61 60 61]",True,True,0.953125,0.953125,"[np.int64(33), np.int64(15), np.int64(53), np.int64(9), np.int64(38), np.int64(32), np.int64(26), np.int64(41), np.int64(34), np.int64(56), np.int64(43), np.int64(15), np.int64(23), np.int64(31), np.int64(14), np.int64(33), np.int64(6), np.int64(23), np.int64(33), np.int64(20), np.int64(20), np.int64(3), np.int64(1), np.int64(54), np.int64(39), np.int64(38), np.int64(59), np.int64(50), np.int64(19), np.int64(21), np.int64(35), np.int64(43), np.int64(19), np.int64(56), np.int64(3), np.int64(16), np.int64(9), np.int64(21), np.int64(1), np.int64(28), np.int64(62), np.int64(19), np.int64(32), np.int64(29), np.int64(58), np.int64(16), np.int64(63), np.int64(18), np.int64(54), np.int64(33), np.int64(53), np.int64(27), np.int64(58), np.int64(6), np.int64(42), np.int64(18), np.int64(55), np.int64(44), np.int64(56), np.int64(62), np.int64(9), np.int64(7), np.int64(40), np.int64(17)]","[np.int64(16), np.int64(47), np.int64(40), np.int64(31), np.int64(31), np.int64(40), np.int64(54), np.int64(25), np.int64(39), np.int64(45), np.int64(5), np.int64(38), np.int64(57), np.int64(22), np.int64(43), np.int64(41), np.int64(62), np.int64(39), np.int64(0), np.int64(51), np.int64(53), np.int64(47), np.int64(6), np.int64(13), np.int64(29), np.int64(35), np.int64(56), np.int64(13), np.int64(52), np.int64(21), np.int64(37), np.int64(36), np.int64(25), np.int64(60), np.int64(20), np.int64(25), np.int64(43), np.int64(4), np.int64(13), np.int64(6), np.int64(39), np.int64(47), np.int64(20), np.int64(17), np.int64(48), np.int64(14), np.int64(0), np.int64(52), np.int64(7), np.int64(38), np.int64(0), np.int64(24), np.int64(54), np.int64(33), np.int64(18), np.int64(0), np.int64(42), np.int64(50), np.int64(14), np.int64(54), np.int64(55), np.int64(39), np.int64(46), np.int64(41)]",False,False,0.0,0.0,"[23 22  4 31 22 26  3 20 55 61 32 51 61 61 30 56 47 56 20 54 31 56  3 49
 49 55 12 60 15 27 18  9 50 20 50 45  4 61  6 40  9 15 62 51 53 56  3  3
 49 26 40 21 31 29 51  3 12 26 24 47 63 61 60 61]","[36 22  4 46 56 56  3 42 47 61 32 51 61 61 16 56 47 60 49 54  7 56 62 32
 49 28 12 60 15 16 18 26 40  2  2 45  3 61  6 40  9 15 26 44 22 56 56  3
 49 26 40 21 31 32 27  3 12 39 35 47 63 61  5 61]",True,True,0.96875,0.96875,"[23 22 51 49 22 56 42 59 47 61 32 51 61 61 50 28 47 56 20 54 31 51 62 32
 17 55 31 60 26 27 20  9 40 20 52 45  4 61 52 12 39 15 62 51 22 35 39  3
 49  3 40 21 31 29 27  2 12 27 57 47 63 61 32 61]","[46 22 55 46 56 62  3 10 47 61 32 36 61 61 24 27 47 60 20 54 31 56 62 32
 47 28 12 57 15 53 46  9 40  2  2 18  0 61 52 40 39 15  6 51 53 35 39 31
 10 26 40 11 34 29 51  8 17 27 24 47 63 61 60 61]",False,False,0.109375,0.078125,0.04,1.0,1.0,1,1,25,0.04,1.0,1.0,1,1,25,1.0,0.0,0.0,25,0,0,1.0,0.0,0.0,25,0,0,1.0,1.0,1.0,25,25,25,1.0,1.0,1.0,25,25,25,1.0,0.0,0.0,25,0,0,1.0,0.08,0.08,25,2,2
[0.         0.500999   0.70781353 ... 0.         0.         0.        ],"[13 51 62 22 35 42 40 21 61 22 22 42 52 62 37  4 33 13 21 19 36 19 19 18
 14 19 52 42 35 25 59 25 59 42 18 19 14 19 23 21 18 59 19 46 62 32 27 51
 14 32 10 31 22 57  4 32 58 29 21 19 32 35 19 26]","[ 8 51 62 22 35 42  1 21 61 22 22 42  7 62 37  4 33 56 21 19 36 19 19 18
 14 19  5 42 35 25 59 14 22 35 18 19  5 19 23 21 18 59 19 46 62  9  9 51
 14 56 28 13 22 57  4 33  5 29 21 19 57 35 19 26]",True,True,0.953125,0.953125,"[np.int64(5), np.int64(20), np.int64(36), np.int64(35), np.int64(32), np.int64(1), np.int64(0), np.int64(42), np.int64(42), np.int64(27), np.int64(9), np.int64(43), np.int64(26), np.int64(57), np.int64(4), np.int64(38), np.int64(59), np.int64(36), np.int64(7), np.int64(35), np.int64(27), np.int64(48), np.int64(35), np.int64(30), np.int64(5), np.int64(34), np.int64(56), np.int64(41), np.int64(54), np.int64(38), np.int64(62), np.int64(52), np.int64(43), np.int64(59), np.int64(60), np.int64(31), np.int64(40), np.int64(22), np.int64(51), np.int64(13), np.int64(14), np.int64(41), np.int64(23), np.int64(19), np.int64(14), np.int64(56), np.int64(41), np.int64(58), np.int64(18), np.int64(0), np.int64(40), np.int64(28), np.int64(59), np.int64(53), np.int64(48), np.int64(4), np.int64(4), np.int64(11), np.int64(1), np.int64(36), np.int64(11), np.int64(37), np.int64(1), np.int64(34)]","[np.int64(63), np.int64(43), np.int64(57), np.int64(49), np.int64(21), np.int64(48), np.int64(50), np.int64(31), np.int64(3), np.int64(46), np.int64(36), np.int64(15), np.int64(45), np.int64(22), np.int64(40), np.int64(36), np.int64(23), np.int64(3), np.int64(16), np.int64(0), np.int64(34), np.int64(13), np.int64(29), np.int64(5), np.int64(60), np.int64(21), np.int64(15), np.int64(42), np.int64(25), np.int64(0), np.int64(5), np.int64(14), np.int64(62), np.int64(14), np.int64(29), np.int64(15), np.int64(47), np.int64(32), np.int64(2), np.int64(46), np.int64(35), np.int64(62), np.int64(6), np.int64(5), np.int64(51), np.int64(38), np.int64(4), np.int64(50), np.int64(37), np.int64(37), np.int64(44), np.int64(20), np.int64(21), np.int64(30), np.int64(8), np.int64(8), np.int64(4), np.int64(19), np.int64(2), np.int64(56), np.int64(12), np.int64(30), np.int64(4), np.int64(1)]",False,False,0.0,0.0,"[13  0 62 22 35 42 40 58 61 22 22 42  8 62 37 55 33 50 21 19 36 19 19 24
 14 19 52 42 35 25 59 25 59 35 24 19 14 19 23 21 18  4 19 46 18 32 48 51
 27 32  0 29 22 57  4 33 58 29 21 19 32 35 19 46]","[ 8 51 62 22 35 42 40 21 28 22 22 42  8 62 37  4 33 13 23 19 63 19 19  2
 14 19  5 42 35 25 59 25 28 42  2 19  5 19 51 21 18  4 19 46 62 32 29 51
 14 56 28 31 22 57  4 32 58 29 21 19 57 35 19 46]",True,True,0.96875,0.96875,"[50 51 36 22 35 61  1 58 57 22  5 42 52 62 37 55 33 34 23 19 63 19 19 18
 14 19  5 42 14 25  7 25 22 42 36 19 44 19 51 21 18 59 19 46 18  9 29 51
 14 32 17 29 22 57 12 32 58 60  7 19 32  5 19 26]","[50  0 34 22 41 59  1 12 12  7 22 42 54 62 24 38 33 56 44 19 36 19 19 34
 14 19 29 42 35 52 13 25 59 35 18 19  2 19 51 21 18 11 19 46 36  9 34 51
 46 50 17 13 22 57 12 32 58 29  7 19 32 14 19 26]",False,False,0.109375,0.078125,0.04,1.0,1.0,1,1,25,0.04,1.0,1.0,1,1,25,1.0,0.0,0.0,25,0,0,1.0,0.0,0.0,25,0,0,1.0,1.0,1.0,25,25,25,1.0,1.0,1.0,25,25,25,1.0,0.16,0.16,25,4,4,1.0,0.04,0.04,25,1,1
[0.         0.70781353 0.70781353 ... 0.         0.         0.500999  ],"[50 60 50 50 54 33 49 12 19  3 18 46 62 47 30 62 55 15 62  2 62 20 41 55
 48 25 50 26 27  8 26 24  8 53 53 25 37 26 53 15 19 59 39 18 53 53 25 12
 26 35 25  0  4 46 35 26 25  4 15  8 11 37 35 11]","[46 60 50 50 54 19 49 12 19  3 44 46 62 31 30  2 40 44 62  2 37 18 41 55
 48 25 46 26 27  8 26 24  8 53 53 25 37 26 53 15 19 40 39  4 53 53 25  5
 26 35 25 54  4 46 35 26 25 58 15 16 11 44 35 11]",True,True,0.953125,0.953125,"[np.int64(17), np.int64(31), np.int64(28), np.int64(7), np.int64(1), np.int64(16), np.int64(33), np.int64(26), np.int64(58), np.int64(1), np.int64(50), np.int64(48), np.int64(54), np.int64(47), np.int64(32), np.int64(42), np.int64(6), np.int64(20), np.int64(28), np.int64(58), np.int64(20), np.int64(39), np.int64(33), np.int64(3), np.int64(49), np.int64(25), np.int64(39), np.int64(53), np.int64(3), np.int64(30), np.int64(12), np.int64(52), np.int64(10), np.int64(60), np.int64(47), np.int64(5), np.int64(6), np.int64(28), np.int64(2), np.int64(35), np.int64(48), np.int64(56), np.int64(50), np.int64(12), np.int64(59), np.int64(3), np.int64(26), np.int64(55), np.int64(34), np.int64(24), np.int64(35), np.int64(40), np.int64(32), np.int64(12), np.int64(7), np.int64(20), np.int64(22), np.int64(35), np.int64(29), np.int64(54), np.int64(38), np.int64(61), np.int64(62), np.int64(62)]","[np.int64(37), np.int64(61), np.int64(21), np.int64(28), np.int64(29), np.int64(33), np.int64(49), np.int64(7), np.int64(47), np.int64(57), np.int64(33), np.int64(7), np.int64(56), np.int64(4), np.int64(60), np.int64(35), np.int64(32), np.int64(44), np.int64(62), np.int64(45), np.int64(60), np.int64(9), np.int64(48), np.int64(48), np.int64(6), np.int64(33), np.int64(53), np.int64(56), np.int64(25), np.int64(4), np.int64(26), np.int64(17), np.int64(36), np.int64(58), np.int64(0), np.int64(36), np.int64(28), np.int64(24), np.int64(7), np.int64(25), np.int64(29), np.int64(4), np.int64(54), np.int64(46), np.int64(48), np.int64(13), np.int64(10), np.int64(55), np.int64(17), np.int64(35), np.int64(21), np.int64(53), np.int64(61), np.int64(32), np.int64(4), np.int64(42), np.int64(14), np.int64(44), np.int64(17), np.int64(10), np.int64(16), np.int64(13), np.int64(34), np.int64(38)]",False,False,0.0,0.0,"[46 29 50 50 54 63  9 63 19  3 18 46 33 31 63  2 55 29 43  2 43 18 41 60
  5 25 50 54 12  8 26 24  8  9  3 25 37 26 53 31 19 59  7 63 53 18 25  9
 26 35 25 54  4 46  3  9 25 58  8  8 11 37 35 11]","[46 29 15 54 54 19 49 12 24  3 44 46 62 31 30 62 40  6 21  8 62 20 41 55
 34 25 35 54 27  8 26 24  8 53  3 25 37 26 53 31 19 40 39 18 11 53 25  9
 26 35 25 54  4 46 35 26 25  4 57  8  9 37 35 14]",True,True,0.96875,0.96875,"[46 59 50 50 54 19 49 12 24  6 44 46 62 31 30  2 55 15 62  2 43 18 41 55
 34 25 50 54 12  8 15 13  8 53  3 25 37 26 53 15 43 40  7 18 11 16 25 12
 62 35 25 54 57 44 35 26 25  4 60 16  9 37 15  7]","[46 29 50 50 43 63  9 63 19  6 18 46 62 47 63  2 33 44 45  2 37 20 41 24
 34 25 50 26 27  8 55 13  8  5  3 25 37 20 53 43 19 40 41 39 53 53 25  5
 26 26 25  0 57 46 35 26 25  4 15 42 11 44 35 11]",False,False,0.109375,0.078125,0.04,1.0,1.0,1,1,25,0.04,1.0,1.0,1,1,25,1.0,0.0,0.0,25,0,0,1.0,0.0,0.0,25,0,0,1.0,0.92,0.92,25,23,23,1.0,1.0,1.0,25,25,25,1.0,0.12,0.12,25,3,3,1.0,0.08,0.08,25,2,2
[1.00049988 0.70781353 1.00049988 ... 0.         0.         0.        ],"[59  2 56 13 44 11 32 53 41 53 41 56 21 16 30 24 41 32 24 57 17  8  0 36
 59  0 13 13 23 17 10 10 62 10 51 17 56 62 21 41 38 41 10 37 59 17 61 34
 52 32 42  8 59 37 13 39 41 42 11 41 17 39 41 14]","[59  2 56  6 44 52 51 53 41 53 41 56 21 16 44 24 41 13 32 34 17  8  0 36
  8  0 44 13 23 17 10 10 62 10 51 43 56 62 21 41 38 41 10 37 59 17 61 34
  6 32 37  8 59 37 11 39 41 42 11 41  5 39 41 50]",True,True,0.953125,0.953125,"[np.int64(33), np.int64(62), np.int64(22), np.int64(45), np.int64(2), np.int64(60), np.int64(42), np.int64(16), np.int64(55), np.int64(13), np.int64(50), np.int64(9), np.int64(46), np.int64(34), np.int64(11), np.int64(35), np.int64(15), np.int64(25), np.int64(6), np.int64(27), np.int64(17), np.int64(63), np.int64(20), np.int64(0), np.int64(31), np.int64(24), np.int64(46), np.int64(5), np.int64(14), np.int64(2), np.int64(31), np.int64(19), np.int64(6), np.int64(47), np.int64(50), np.int64(29), np.int64(45), np.int64(52), np.int64(6), np.int64(4), np.int64(43), np.int64(39), np.int64(7), np.int64(6), np.int64(58), np.int64(48), np.int64(4), np.int64(56), np.int64(48), np.int64(13), np.int64(14), np.int64(49), np.int64(23), np.int64(37), np.int64(55), np.int64(2), np.int64(7), np.int64(57), np.int64(20), np.int64(22), np.int64(28), np.int64(15), np.int64(35), np.int64(50)]","[np.int64(37), np.int64(28), np.int64(40), np.int64(17), np.int64(56), np.int64(34), np.int64(52), np.int64(27), np.int64(1), np.int64(50), np.int64(21), np.int64(25), np.int64(59), np.int64(15), np.int64(42), np.int64(7), np.int64(20), np.int64(25), np.int64(7), np.int64(7), np.int64(2), np.int64(12), np.int64(7), np.int64(53), np.int64(24), np.int64(39), np.int64(16), np.int64(24), np.int64(29), np.int64(31), np.int64(22), np.int64(51), np.int64(25), np.int64(23), np.int64(20), np.int64(9), np.int64(27), np.int64(1), np.int64(54), np.int64(4), np.int64(54), np.int64(62), np.int64(22), np.int64(34), np.int64(63), np.int64(61), np.int64(6), np.int64(60), np.int64(19), np.int64(0), np.int64(38), np.int64(58), np.int64(52), np.int64(44), np.int64(16), np.int64(44), np.int64(57), np.int64(26), np.int64(17), np.int64(46), np.int64(20), np.int64(57), np.int64(23), np.int64(27)]",False,False,0.0,0.0,"[33  2 56 13 44 21 13 53 41 53 41 56 21 16  1 24 41 61 32 34 17  8 14 36
  8  0 13 13 46 18 10 10 37 10  0 18 56 62 21 41 38 41 10 37 61 17 61 34
 60 32 37 33 59 37 11 39 41 42 11 41  5 39 41 14]","[59  2 56 34 44 52  2 60 41 53 41 56 52 33 44 24 41 13 24 34 47  8  0 44
 59 43 44 46 23 18 10 44 62 51 51 18 56 62 21 41 38 41 10 35 59 18 61 26
  6  2 44  8 59 37 11 39 41 19 11 41  5 39 41 50]",True,True,0.96875,0.96875,"[59  2 56  6 44 21  2 53 41 53 41 59 52 16 30 55 41 32 29 34 47  8 14 36
  8 43 44 13 23 17 42 10 62  0 38 29 56 32 21 41 38 41 10 35 59 18 22 34
 52 32 42  8 59 37 11 39 41 19 11 41 22 39 41 57]","[33  2 56  6 44 52  0 53 41 53 41 59 43 33 44 24 41 61 32 34 17  5  0 12
  8  0 44 46 23 17 10 10 62 10  3 43 23 32 34 41 29 41 10 37 50 17 44 26
 52 53 44  8  5 37 11 39 41 42 11 41  5  5 41 14]",True,False,0.109375,0.078125,0.04,1.0,1.0,1,1,25,0.04,1.0,1.0,1,1,25,1.0,0.0,0.0,25,0,0,1.0,0.0,0.0,25,0,0,1.0,1.0,1.0,25,25,25,1.0,1.0,1.0,25,25,25,1.0,0.04,0.04,25,1,1,1.0,0.04,0.04,25,1,1
[0.500999   0.         0.         ... 0.         0.         1.00049988],"[25 27 26 40 27 55 28  8 54 52 54 20 13 10 27 49 36 53 33 40  8 42 60 33
 60 51  8  8 53 24 12 38 16 54 52 58 33 11 20 23 33 52 50 13 25 26 26 25
 13 50  8  8 60 40 54 18 58 24 23 63 10  4  8 36]","[ 4 39 26 40 27 55 28  8 54 32 54 39 13 10 49 49 36 53 33 40  8 53 60 33
 50 51  8  8  1  3 12  4 28 54 52 58 33 45 20 50 33  3 50 13 29 26 26 29
 13 50  8  8 27 40 54 18 58 24 23 63 10  4  8 23]",True,True,0.953125,0.953125,"[np.int64(33), np.int64(54), np.int64(40), np.int64(20), np.int64(57), np.int64(34), np.int64(51), np.int64(53), np.int64(60), np.int64(61), np.int64(40), np.int64(35), np.int64(45), np.int64(15), np.int64(9), np.int64(37), np.int64(58), np.int64(24), np.int64(46), np.int64(58), np.int64(35), np.int64(33), np.int64(6), np.int64(23), np.int64(36), np.int64(43), np.int64(0), np.int64(58), np.int64(56), np.int64(62), np.int64(4), np.int64(3), np.int64(27), np.int64(52), np.int64(34), np.int64(54), np.int64(12), np.int64(0), np.int64(48), np.int64(5), np.int64(34), np.int64(40), np.int64(8), np.int64(40), np.int64(48), np.int64(39), np.int64(21), np.int64(22), np.int64(38), np.int64(30), np.int64(24), np.int64(58), np.int64(26), np.int64(46), np.int64(43), np.int64(61), np.int64(23), np.int64(51), np.int64(16), np.int64(58), np.int64(2), np.int64(54), np.int64(13), np.int64(8)]","[np.int64(11), np.int64(44), np.int64(13), np.int64(54), np.int64(28), np.int64(24), np.int64(28), np.int64(10), np.int64(19), np.int64(33), np.int64(11), np.int64(62), np.int64(14), np.int64(17), np.int64(43), np.int64(49), np.int64(29), np.int64(43), np.int64(10), np.int64(15), np.int64(32), np.int64(41), np.int64(55), np.int64(58), np.int64(30), np.int64(35), np.int64(48), np.int64(27), np.int64(9), np.int64(53), np.int64(14), np.int64(22), np.int64(60), np.int64(5), np.int64(18), np.int64(45), np.int64(34), np.int64(31), np.int64(15), np.int64(55), np.int64(51), np.int64(48), np.int64(24), np.int64(43), np.int64(7), np.int64(2), np.int64(11), np.int64(17), np.int64(23), np.int64(40), np.int64(29), np.int64(61), np.int64(8), np.int64(48), np.int64(33), np.int64(24), np.int64(49), np.int64(7), np.int64(55), np.int64(0), np.int64(0), np.int64(4), np.int64(52), np.int64(34)]",False,False,0.0,0.0,"[25 48  1 40 27 28 32  8 54 52 54 20 13 10 49 49 32 21 33 42  8 41 48 26
 50 51  8  8 61 47 12  4 34 54 52 46 33 11 31 50 33 48 50 13 25 20 20 25
 13 50  8  8 51 40 54 48 37  4  2 63 10  4 43 13]","[46 27 26 40 27 55 28  8 54 37 54 20 13 10 49 49 36 21 33 42  8 42 60 26
 60 51  8  8  5 24 12  4 28 54 30 46 33 11 31 23 33 21 50 13 25 26 26 25
  1 50 13  8 51 40 54 18 58 43 27 63 10  4 43 13]",True,True,0.96875,0.96875,"[25 48 26 40 27  4 61  8 54 32 54 20 63 10 27 49 46 53 33 40 36 42 60 33
 60 51  8  8  3 44 34  5  9 54 30 46 33 11 20 50 33 48 50 57 29 46 20 25
 13 50  8  8  9 40 54  5 58  4 23 63 52  4 48 36]","[25 27 46 43 57 55 28  8 54 52 54 39 13 63 27 49 36 21 33 40  8 42 60 58
 29 52  8  8  1  3 34 38 34 54 52 46 33 11 49 23  3 48 21 13 29 26 26 29
 55 50  8  8  2 40 54 48 58 43 23 63 52  4  8 13]",False,False,0.109375,0.078125,0.04,1.0,1.0,1,1,25,0.04,1.0,1.0,1,1,25,1.0,0.0,0.0,25,0,0,1.0,0.0,0.0,25,0,0,1.0,0.96,0.96,25,24,24,1.0,1.0,1.0,25,25,25,1.0,0.08,0.08,25,2,2,1.0,0.08,0.08,25,2,2
[0.500999 0.       0.       ... 0.       0.       0.      ],"[ 0 38 51 40  3 63 33 45 41 40 50 63 63 31 46 50 47  3 24 47 50 47 12  0
 46 31  0  6 59 33 40 23  9 26 33 50 40 40 26 63  0 56 31 31 16 50 40 56
 42  5 56 50 53 23 31 61  0 40 35  3 50  1 31  0]","[ 0 38 51 40  3 63 33 61 41 40 25 63 63 29 25 38  8  3 24 60 50 33 29  0
 12 10  0  6 59 33 40 23 20 26 33 38 33 20 26 63  0 56 33 31 22 50 40 56
 34  5 23 50 38 23 31 61  0 40 20  8 52  1 31  0]",True,False,0.953125,0.953125,"[np.int64(37), np.int64(44), np.int64(14), np.int64(42), np.int64(57), np.int64(15), np.int64(17), np.int64(2), np.int64(6), np.int64(56), np.int64(27), np.int64(30), np.int64(57), np.int64(43), np.int64(16), np.int64(63), np.int64(11), np.int64(24), np.int64(24), np.int64(3), np.int64(3), np.int64(23), np.int64(52), np.int64(4), np.int64(6), np.int64(16), np.int64(18), np.int64(15), np.int64(0), np.int64(17), np.int64(5), np.int64(24), np.int64(40), np.int64(63), np.int64(57), np.int64(34), np.int64(62), np.int64(58), np.int64(57), np.int64(44), np.int64(35), np.int64(43), np.int64(5), np.int64(48), np.int64(46), np.int64(27), np.int64(8), np.int64(52), np.int64(16), np.int64(54), np.int64(22), np.int64(53), np.int64(12), np.int64(11), np.int64(5), np.int64(23), np.int64(14), np.int64(21), np.int64(34), np.int64(38), np.int64(11), np.int64(18), np.int64(1), np.int64(24)]","[np.int64(50), np.int64(4), np.int64(31), np.int64(2), np.int64(18), np.int64(45), np.int64(41), np.int64(46), np.int64(41), np.int64(23), np.int64(1), np.int64(40), np.int64(47), np.int64(56), np.int64(17), np.int64(62), np.int64(55), np.int64(57), np.int64(60), np.int64(54), np.int64(62), np.int64(20), np.int64(43), np.int64(61), np.int64(52), np.int64(55), np.int64(50), np.int64(9), np.int64(60), np.int64(30), np.int64(28), np.int64(58), np.int64(59), np.int64(63), np.int64(39), np.int64(40), np.int64(25), np.int64(25), np.int64(28), np.int64(9), np.int64(34), np.int64(9), np.int64(24), np.int64(50), np.int64(1), np.int64(9), np.int64(46), np.int64(40), np.int64(5), np.int64(27), np.int64(63), np.int64(15), np.int64(1), np.int64(61), np.int64(22), np.int64(7), np.int64(40), np.int64(24), np.int64(22), np.int64(10), np.int64(45), np.int64(57), np.int64(42), np.int64(59)]",False,False,0.0,0.0,"[ 0  3 51 40  3 63 25 45 34 53 21 41 24 58 46 50 32  3 24 14 50 41 12  0
 46 51  0  4 59 21 40 23 20 26 33 50 40 40 15 23  0 56 31 31 19 50 40 56
 34  5 56 50 38 23 31 18  0 40 20  3 50  1 31  0]","[ 0 38 51 40  3 63 33 45 43 40 37 63 63 29 46 38 21  3 24 60 50 33 12  0
 12 31  0  4 59 33 40 23  9 26 33 50 12 53 26 63  0 56 33 30 22 50 40 56
 34  5 23 52 38 23 51 18  0 40 35  3 50  1 12  0]",True,True,0.96875,0.96875,"[ 0  3 51 40 27 63 25 45 41 40 37 36 63 31 24 50  8 45 24 47 32 41 12  0
 12 10  0  4 59 33 40 23 35 36 51 38 40 40 26 40  0 56 31 31 19  7 40 56
 34  5 56 31 60 23 31 61  0 47 20 43 47  7 12  0]","[ 0  3 16 40  3 63 25 45 16 32 21 38 63 29 19 38 47  3 24 47 37 10 29  0
 46 10  0  6 59 33 40 43 35 26 33 38 40 20 52 63  0 56 33 35 19 50 14 60
 34  5 56 52 53 37 51 18  0 47 20  3 47  1 12  0]",False,False,0.109375,0.078125,0.04,1.0,1.0,1,1,25,0.04,0.0,0.0,1,0,0,1.0,0.0,0.0,25,0,0,1.0,0.0,0.0,25,0,0,1.0,0.96,0.96,25,24,24,1.0,1.0,1.0,25,25,25,1.0,0.12,0.12,25,3,3,1.0,0.16,0.16,25,4,4
[1.00049988 0.         0.         ... 0.         0.         1.00049988],"[ 5  6 39 34  4 10 35  8  4 48 35 59 30 61  8 54 57  7 52 14 39 52 52 14
  8 10 30 39 39 57 48  2 52 24  7  4 17 58 47 35 47 48  6 28 54 58 43  7
 39 27 33  5  8 22  5 47 34  6 52 48 28 17 17 18]","[ 5 14 39 34  4 10 35  8  4 48 35 59 30 61  8 54 57  7 52 14 39 52 52 14
  8 14 30 39 39 25  1  2 52 24  7  4  9 58  9 35 47 25  6 28 37 58 36  2
 39 27 33 33  8 22  5 47 34  2 52 48 28 49 17 23]",True,True,0.953125,0.953125,"[np.int64(52), np.int64(31), np.int64(39), np.int64(58), np.int64(56), np.int64(46), np.int64(34), np.int64(13), np.int64(4), np.int64(2), np.int64(44), np.int64(22), np.int64(19), np.int64(10), np.int64(38), np.int64(53), np.int64(14), np.int64(33), np.int64(6), np.int64(27), np.int64(8), np.int64(46), np.int64(45), np.int64(8), np.int64(44), np.int64(26), np.int64(62), np.int64(6), np.int64(15), np.int64(1), np.int64(33), np.int64(60), np.int64(3), np.int64(11), np.int64(62), np.int64(41), np.int64(13), np.int64(1), np.int64(20), np.int64(8), np.int64(47), np.int64(3), np.int64(4), np.int64(39), np.int64(17), np.int64(53), np.int64(33), np.int64(63), np.int64(58), np.int64(16), np.int64(10), np.int64(8), np.int64(31), np.int64(33), np.int64(31), np.int64(63), np.int64(35), np.int64(25), np.int64(25), np.int64(44), np.int64(13), np.int64(41), np.int64(60), np.int64(62)]","[np.int64(62), np.int64(14), np.int64(55), np.int64(46), np.int64(16), np.int64(61), np.int64(28), np.int64(15), np.int64(57), np.int64(52), np.int64(26), np.int64(24), np.int64(51), np.int64(50), np.int64(40), np.int64(6), np.int64(0), np.int64(48), np.int64(9), np.int64(15), np.int64(7), np.int64(22), np.int64(62), np.int64(52), np.int64(17), np.int64(0), np.int64(22), np.int64(27), np.int64(61), np.int64(10), np.int64(16), np.int64(11), np.int64(6), np.int64(0), np.int64(34), np.int64(12), np.int64(50), np.int64(38), np.int64(47), np.int64(63), np.int64(3), np.int64(36), np.int64(58), np.int64(63), np.int64(59), np.int64(63), np.int64(17), np.int64(54), np.int64(55), np.int64(63), np.int64(15), np.int64(42), np.int64(10), np.int64(32), np.int64(8), np.int64(62), np.int64(1), np.int64(57), np.int64(13), np.int64(8), np.int64(32), np.int64(34), np.int64(60), np.int64(2)]",False,False,0.0,0.0,"[ 5  6 23 34  4 10 35  8  4 48 35 54 38 61  8 56 57  7 63 14 39 10 52 14
  8 10 30 39  1 25 34 17 52 24  7  4 15 58 47 35 47 21  6 55 54 58 36  7
 39 61 29 16  8 22  5 47 34  6 52 32 28 17 17 23]","[ 5 14 48 34  4 25 35  8  4 48 35 59 30 61  8 54 51  7 52 14 39 52 52 14
  8 10 30 25 39 57 48  2  7 24  7  4 17 58 47 35 47 21 32 55 54 58 36  7
  7 27 33 33  8 22  5 47 50  2 23 32 30 37 17 23]",True,True,0.96875,0.96875,"[ 5  6 57 34  4 10 35  8  4  2 21 59 30 61  8 54 47  7 52 14 39 52 52 58
  8 10 30 39 39 36 48  2 52 51  7  4 17 58 12 35 47 42 41 28 37 29 43  7
 57 27 29  5  8 22  5 47 34  6 60 25 58 37  0 18]","[ 5  6 39 34  4 10 35  8  4 48 35 54 30 61  1 36 57 36 52 14 39 10 52 58
  8 10 30 25  1 57  1  2 52 24  7  4  9 58 47 35 47 21  6 28 37 49 36  2
 30 27 33 33  8 22 29 47 34 48 23 32 58 49  0 23]",False,False,0.109375,0.078125,0.04,1.0,1.0,1,1,25,0.04,1.0,1.0,1,1,25,1.0,0.0,0.0,25,0,0,1.0,0.0,0.0,25,0,0,1.0,1.0,1.0,25,25,25,1.0,1.0,1.0,25,25,25,1.0,0.12,0.12,25,3,3,1.0,0.16,0.16,25,4,4
[0.         0.         0.70781353 ... 0.         0.         0.        ],"[37 53 41 43 50 48 32 10 22 62 16 20 20 35 54 54 39 28 35 18 27 49 55 13
 44 55 42 35 35 49 16 28 10 50 54 39 48 51 53 39 50 16 39 30 57 39 47 54
 42 16 42 13 55 26 45 45 20 13 28 28 47 11 16 33]","[37 53 41 43 50 48 32 10 40 62 16 40 60 35 54 54 39 28 45 18 54 49 55 46
 44 30 16 16 35 49 16 28 10 50 54 39 28 22 53 39 30 16 39 30  9 39 47 26
 42 16 42 13 55 26 16 45 20 18 28 28 47 11 16  5]",True,True,0.953125,0.953125,"[np.int64(5), np.int64(18), np.int64(39), np.int64(28), np.int64(45), np.int64(52), np.int64(56), np.int64(34), np.int64(43), np.int64(3), np.int64(36), np.int64(29), np.int64(60), np.int64(63), np.int64(29), np.int64(8), np.int64(34), np.int64(47), np.int64(21), np.int64(25), np.int64(40), np.int64(59), np.int64(45), np.int64(28), np.int64(0), np.int64(0), np.int64(61), np.int64(38), np.int64(14), np.int64(5), np.int64(2), np.int64(48), np.int64(60), np.int64(23), np.int64(31), np.int64(29), np.int64(30), np.int64(59), np.int64(3), np.int64(15), np.int64(46), np.int64(48), np.int64(63), np.int64(37), np.int64(63), np.int64(46), np.int64(61), np.int64(55), np.int64(46), np.int64(25), np.int64(11), np.int64(21), np.int64(27), np.int64(60), np.int64(56), np.int64(10), np.int64(4), np.int64(0), np.int64(49), np.int64(27), np.int64(15), np.int64(18), np.int64(29), np.int64(60)]","[np.int64(32), np.int64(21), np.int64(30), np.int64(39), np.int64(5), np.int64(2), np.int64(15), np.int64(23), np.int64(26), np.int64(13), np.int64(20), np.int64(22), np.int64(9), np.int64(26), np.int64(17), np.int64(49), np.int64(23), np.int64(52), np.int64(22), np.int64(32), np.int64(57), np.int64(55), np.int64(61), np.int64(56), np.int64(30), np.int64(62), np.int64(37), np.int64(10), np.int64(63), np.int64(9), np.int64(9), np.int64(26), np.int64(50), np.int64(34), np.int64(33), np.int64(2), np.int64(60), np.int64(16), np.int64(51), np.int64(52), np.int64(55), np.int64(22), np.int64(48), np.int64(40), np.int64(29), np.int64(4), np.int64(45), np.int64(52), np.int64(7), np.int64(63), np.int64(24), np.int64(19), np.int64(18), np.int64(50), np.int64(27), np.int64(4), np.int64(54), np.int64(24), np.int64(48), np.int64(21), np.int64(37), np.int64(34), np.int64(23), np.int64(16)]",False,False,0.0,0.0,"[37 15 41 43 50 48 32 10 17 62 16  9 20 35 54 54 39 28 45 60 27 49 55 32
 44 55 48 35 35 49 27 28 10 50 26 39 48 25 53 39 50 16 39 15  4 39  3 26
 42 16 42 20 26 26 45 45 20 13 28 56 47 11 48  5]","[37 53  4 43 50 48 32 10 17 62 16 20 11 57 54 54 39 28 35 51 27 49 55 36
 44 55 42 35 55 49 16 28 51 50 54 39 48 51 53 39 30 16 39 30  9 39 15 54
 26 16 42 20 26 26 16 26  5 19 28 28 47 11 48 33]",True,True,0.96875,0.96875,"[ 8 15 41 43 50 48 32 10 40  7 16 20 60 35 54 54 39 28 50 18 51 49 55 63
 44  2 16 16 35 49 27 28 10 50 26 39 28 22 53 39 50 16 39  3 31 39 15 54
 42 16 42 20 55 26 45 45 59 18 28 28 19 11 16 15]","[ 8 15  4 46 50 46 32 10 40 44 16  9 17 35 54 46 39 28 45 18 54 47  8 46
 44 30 16 16 35 49 16 28 51 63 26 39 28 22 53 39 63 16 39 20  9 39 47 26
 62 16 42 13 30 26 16 26 59 19 28 28 19 11 48 40]",False,False,0.109375,0.078125,0.04,1.0,1.0,1,1,25,0.04,1.0,1.0,1,1,25,1.0,0.0,0.0,25,0,0,1.0,0.0,0.0,25,0,0,1.0,1.0,1.0,25,25,25,1.0,1.0,1.0,25,25,25,1.0,0.08,0.08,25,2,2,1.0,0.12,0.12,25,3,3
[1.00049988 1.00049988 0.         ... 0.         0.         0.        ],"[51 26 21 49 57 53  1 26 26 53 11  8 61  0  3 42 41 10 25 32  2 36 31  6
 26 36 28 16 38 27 57 24 57 43  1 49 26 34 38 34 53 34 57  8  8 36 45  1
 22 25 58 21 56 36 53 47 30 26 60 25 47 43 36 42]","[58 26 21 50 57 53  1 26 26 53 11  1 61  0  3 42 41 10 25 23  2 36 25  6
 26 36 28 20 38 27 57 24 57  4  1 49 26  4 38 34 53 34 57 31  8 36 10  1
 37 25 48 21 54 36 53 47 30 26 22 25 47 43 36 42]",True,True,0.953125,0.953125,"[np.int64(26), np.int64(3), np.int64(49), np.int64(41), np.int64(27), np.int64(15), np.int64(63), np.int64(63), np.int64(41), np.int64(53), np.int64(45), np.int64(5), np.int64(7), np.int64(50), np.int64(8), np.int64(15), np.int64(52), np.int64(12), np.int64(22), np.int64(2), np.int64(52), np.int64(44), np.int64(51), np.int64(42), np.int64(55), np.int64(1), np.int64(22), np.int64(24), np.int64(14), np.int64(12), np.int64(20), np.int64(46), np.int64(6), np.int64(6), np.int64(18), np.int64(38), np.int64(63), np.int64(39), np.int64(55), np.int64(5), np.int64(17), np.int64(7), np.int64(46), np.int64(58), np.int64(5), np.int64(54), np.int64(40), np.int64(55), np.int64(41), np.int64(46), np.int64(4), np.int64(38), np.int64(41), np.int64(20), np.int64(55), np.int64(3), np.int64(40), np.int64(18), np.int64(39), np.int64(48), np.int64(18), np.int64(27), np.int64(22), np.int64(63)]","[np.int64(29), np.int64(2), np.int64(57), np.int64(9), np.int64(18), np.int64(32), np.int64(59), np.int64(63), np.int64(56), np.int64(11), np.int64(0), np.int64(39), np.int64(41), np.int64(18), np.int64(56), np.int64(21), np.int64(12), np.int64(50), np.int64(53), np.int64(30), np.int64(62), np.int64(13), np.int64(11), np.int64(46), np.int64(26), np.int64(55), np.int64(37), np.int64(55), np.int64(3), np.int64(4), np.int64(3), np.int64(42), np.int64(39), np.int64(4), np.int64(28), np.int64(0), np.int64(29), np.int64(59), np.int64(36), np.int64(31), np.int64(45), np.int64(33), np.int64(18), np.int64(53), np.int64(19), np.int64(26), np.int64(35), np.int64(9), np.int64(35), np.int64(27), np.int64(60), np.int64(25), np.int64(59), np.int64(61), np.int64(3), np.int64(13), np.int64(51), np.int64(27), np.int64(41), np.int64(49), np.int64(57), np.int64(61), np.int64(5), np.int64(36)]",False,False,0.0,0.0,"[51 26 63 50 42 53  1 26 26 53 60  1 61  0  3 42 41 10 25 24 19 36 31  6
 26 36 28 16 38 27 57 24 57 25 44 49 26 34 38 34 53 34 57  8  8 36 45  1
 55 25 48 21 61 36 44 47 30 26 22 25 47 43 36 10]","[58 26 58 49 57 53 11 26 26 53 11  8 61  0  3  4 27 41 25 23  2 36 25  6
 26 36 28 20 38 27 57 36 57  4  1 49 26  4 38 34 53 58 57  8  8 36 45  1
 37 25 48 58 56 36 44 47 30 26 22 25 47 43 42 42]",False,True,0.96875,0.96875,"[58 26 58 50 57 53  1 26 26 53 11 10 61  0  3 63 41 10 25 23  2 36 30 37
 26 36 28 20 38 27 57 36 19 49  1 49 26  4 38 53 61 34 62  8  8 46 45 55
 22 25 58 58 61 36 44 48 30 26 51 25 21 19 36 10]","[58 26 58 49 37 53  1 26 26 53 63  1 61  0  3  4 41 41 25 32 19 36 31 37
 26 22 28 20 38 27 57 22 53  4  1 49 26  4 38 34 53 34 62 31  8 36 45 34
 22  3 48 58 54 36 52 47 30 26 22 25 10 19 36 15]",False,False,0.109375,0.078125,0.04,1.0,1.0,1,1,25,0.04,1.0,1.0,1,1,25,1.0,0.0,0.0,25,0,0,1.0,0.0,0.0,25,0,0,1.0,0.84,0.84,25,21,21,1.0,1.0,1.0,25,25,25,1.0,0.08,0.08,25,2,2,1.0,0.12,0.12,25,3,3
[1.00049988 0.70781353 0.         ... 0.         0.         0.        ],"[61 46 46  3 61 53 55 40 47  8 51 54 43 39 42 46  3 25 60 61  3 29 35 63
 60 29 41 24 48  3 29  7 42 61  0 63 47 20 21 37 20 33 48 20 29 60 20 48
  3 43 60 29  7 51 30 30 25 32 32 19 48  3 60 48]","[61 46 46  3 61 53 55 40 47  8 30 54 43 59 42 59  3  4 39 61  3 29 35 63
 60 29 41 24 48  3 29 32 42 61 10 63 47 20 21 37 20 59 48 20 29 21 20 48
  3 43 44 29  7 51 30 30 19 32 32 19 48  3 60 48]",True,True,0.953125,0.953125,"[np.int64(43), np.int64(5), np.int64(4), np.int64(23), np.int64(59), np.int64(63), np.int64(45), np.int64(62), np.int64(34), np.int64(0), np.int64(13), np.int64(39), np.int64(60), np.int64(46), np.int64(30), np.int64(61), np.int64(39), np.int64(29), np.int64(36), np.int64(39), np.int64(51), np.int64(8), np.int64(4), np.int64(52), np.int64(24), np.int64(0), np.int64(55), np.int64(16), np.int64(27), np.int64(41), np.int64(62), np.int64(60), np.int64(4), np.int64(16), np.int64(18), np.int64(39), np.int64(12), np.int64(43), np.int64(10), np.int64(51), np.int64(36), np.int64(60), np.int64(11), np.int64(33), np.int64(14), np.int64(32), np.int64(8), np.int64(54), np.int64(51), np.int64(21), np.int64(12), np.int64(23), np.int64(34), np.int64(58), np.int64(38), np.int64(28), np.int64(1), np.int64(37), np.int64(57), np.int64(7), np.int64(29), np.int64(54), np.int64(33), np.int64(13)]","[np.int64(19), np.int64(20), np.int64(20), np.int64(28), np.int64(15), np.int64(15), np.int64(54), np.int64(3), np.int64(61), np.int64(51), np.int64(52), np.int64(54), np.int64(33), np.int64(62), np.int64(26), np.int64(2), np.int64(2), np.int64(60), np.int64(25), np.int64(14), np.int64(46), np.int64(31), np.int64(36), np.int64(17), np.int64(41), np.int64(24), np.int64(59), np.int64(36), np.int64(35), np.int64(49), np.int64(34), np.int64(12), np.int64(45), np.int64(35), np.int64(18), np.int64(28), np.int64(23), np.int64(14), np.int64(61), np.int64(13), np.int64(25), np.int64(58), np.int64(41), np.int64(63), np.int64(35), np.int64(63), np.int64(57), np.int64(28), np.int64(42), np.int64(32), np.int64(47), np.int64(57), np.int64(59), np.int64(3), np.int64(10), np.int64(18), np.int64(32), np.int64(3), np.int64(57), np.int64(34), np.int64(54), np.int64(34), np.int64(59), np.int64(1)]",False,False,0.0,0.0,"[61 46 13  3 61 53 55 40 47  8 30 54 41 59 42 46  3 25 56 61  3 29 35 51
 60 29 41 24 30  3 29 38 42 61 10 63 59 20 21 37 20 33 48 20 19 21 20 48
  3 18 60 29 38 21 30 30 25 32 32 54 48  3 60 48]","[61 46 46  3 61 53 55 31 47  8 30 54 41 59 42 59  3 25 56 61  3 29 35 51
 60 29 41 24 48  3 29 32 42 61 10 63 47 20 21 19 20 33 48 20 19 32 20 48
  3 43 51 29  7 21 30 54  1 32 32 36 48  3 60 48]",True,True,0.96875,0.96875,"[61  8 46  3 61 53 55 33 47  8 51 54 43  2 42 46  3  4 60 30  3 36 35 63
 60 47 41 24 48  3 28  7 42  7  0 63 59 20 52 37 20 53 48 46 29 60 20 48
  3 43 49 29 13 12 30 38 19 32 32 36 48  3 60 60]","[61  8 17  3 63 53 55 31 47  8 30 58 53 39 42 46  3  4 56 63  3 53 35 60
 60 29 41 24 51  3 63 32 42 61 15 63 21 20 31 37 20 59 48 28 29 32 20  8
  3 43 51 29 38 51 30 30 19 32 32 19 48  3 60 48]",False,False,0.109375,0.078125,0.04,1.0,1.0,1,1,25,0.04,1.0,1.0,1,1,25,1.0,0.0,0.0,25,0,0,1.0,0.0,0.0,25,0,0,1.0,0.96,0.96,25,24,24,1.0,1.0,1.0,25,25,25,1.0,0.12,0.12,25,3,3,1.0,0.16,0.16,25,4,4
[0.       0.       0.       ... 0.500999 0.500999 0.500999],"[20 57 17  7 32 14 48 39 48 12 13 14 43 63 49  8 38 62 39 12 43 61 56 31
 34 16 32 22 17 38 58 44 63 47 44 14 43 42 36 43 47 39 43 43 43  0 13 38
 12 44 14 31 30 56  8 20 63 42 12 13 41 63 63 43]","[20  6 33  7 32 14 19 39  9 12 13 16 43 63 49  8 18 62 39 12 43 61  9 31
 34 16 32 22 17 38 58 44 63 60 39 14 43 42 36 43 53 36 43 43 43  0 13 38
 12 44 14 31 30 24  8 20 63 42 12 13 41 20 63 43]",True,True,0.953125,0.953125,"[np.int64(56), np.int64(41), np.int64(46), np.int64(34), np.int64(23), np.int64(57), np.int64(4), np.int64(38), np.int64(38), np.int64(23), np.int64(37), np.int64(35), np.int64(2), np.int64(42), np.int64(46), np.int64(31), np.int64(1), np.int64(17), np.int64(58), np.int64(24), np.int64(12), np.int64(3), np.int64(8), np.int64(49), np.int64(32), np.int64(16), np.int64(41), np.int64(5), np.int64(43), np.int64(25), np.int64(12), np.int64(54), np.int64(36), np.int64(58), np.int64(46), np.int64(46), np.int64(9), np.int64(44), np.int64(36), np.int64(52), np.int64(8), np.int64(52), np.int64(0), np.int64(15), np.int64(31), np.int64(2), np.int64(55), np.int64(3), np.int64(60), np.int64(6), np.int64(22), np.int64(46), np.int64(52), np.int64(39), np.int64(39), np.int64(24), np.int64(32), np.int64(60), np.int64(62), np.int64(18), np.int64(47), np.int64(13), np.int64(38), np.int64(16)]","[np.int64(2), np.int64(52), np.int64(61), np.int64(20), np.int64(50), np.int64(43), np.int64(50), np.int64(48), np.int64(18), np.int64(47), np.int64(24), np.int64(44), np.int64(30), np.int64(12), np.int64(11), np.int64(36), np.int64(16), np.int64(15), np.int64(4), np.int64(3), np.int64(21), np.int64(48), np.int64(37), np.int64(28), np.int64(62), np.int64(42), np.int64(20), np.int64(39), np.int64(60), np.int64(12), np.int64(23), np.int64(31), np.int64(63), np.int64(13), np.int64(10), np.int64(41), np.int64(58), np.int64(14), np.int64(45), np.int64(62), np.int64(5), np.int64(43), np.int64(12), np.int64(3), np.int64(50), np.int64(44), np.int64(9), np.int64(54), np.int64(30), np.int64(57), np.int64(36), np.int64(1), np.int64(24), np.int64(6), np.int64(38), np.int64(39), np.int64(50), np.int64(56), np.int64(59), np.int64(29), np.int64(59), np.int64(48), np.int64(36), np.int64(61)]",False,False,0.0,0.0,"[13 57 17  7 52 24 48 38  9 12 13 16 43 63 56 27 38 62 39 12 43 61 56 31
 34 16 32 22 52 38 53 44 63 47 44 21 43 42 36 43 53 36 43 43 43 33 13 38
 12 44 47 31 30 46 35 20 63 42 12 51 33 20 63 43]","[20  4 33  7 52 51 48 39 48 12 27 14 43 19 49  8 18 62 39 12 43 22 56 31
 48 16 32 15 52 38 58 44 63 47 44 21 43 42 12 43 29 36 43 43 43  0 13 30
 12 44 14 31 30 40  8 20 29 42 12 48 41 20 63 43]",True,True,0.96875,0.96875,"[20  4 17 29 32 51 48 38  9 22 13 45 43 63 62 27 38 47 39 13 43 22  9 17
 53 16 32 10 17 21 58 44 63 60 44 22 43 42  7 43 47 39 43 43 43  0 13 38
 12 44 14 59  4 56  8 20 63 42 12 13 41 20 17 43]","[41  4 21 29 32 14 19 39  9 12 13 45 43 63 56  8 18 62 39 13 43 35  9 17
 34 16 32 22 17 38 47 44 63  2 39 54 43 13 36 43 53 36 43 43 43  0 53 38
 12 44 14 59  3 24  8  9 63 42 12 48 24 20 63 43]",False,True,0.109375,0.078125,0.04,1.0,1.0,1,1,25,0.04,1.0,1.0,1,1,25,1.0,0.0,0.0,25,0,0,1.0,0.0,0.0,25,0,0,1.0,0.96,0.96,25,24,24,1.0,1.0,1.0,25,25,25,1.0,0.08,0.08,25,2,2,1.0,0.04,0.04,25,1,1
[1.00049988 0.         0.         ... 0.70781353 0.         0.        ],"[39 51 40 55 28 33 14 21 26 28 53  1 34 14  1 52  5 60 35 49 11 26 53 42
 60 51 51 21 26 61 39 28 55 38 57 40 49  2 51 25 26  7 26 42 23 11 52 33
 52 42 15 51 38 25 40  1 14 28 49 28 40 53  9 38]","[39 51 40 55 28 33 14 21  1 28 55  1 34 54  1 52 22 60 29  3 11 26 53  2
 60 51 51 21 25 61 39 28 55 38  2 40  4  2 51 25 26  7 26 27 13 11 52 33
 52 58  9 51 38 25 40  1 14 28  5 28 40 40  9 38]",True,True,0.953125,0.953125,"[np.int64(41), np.int64(46), np.int64(31), np.int64(6), np.int64(60), np.int64(57), np.int64(29), np.int64(8), np.int64(41), np.int64(24), np.int64(40), np.int64(53), np.int64(9), np.int64(9), np.int64(8), np.int64(63), np.int64(48), np.int64(44), np.int64(42), np.int64(48), np.int64(39), np.int64(52), np.int64(62), np.int64(23), np.int64(58), np.int64(15), np.int64(10), np.int64(11), np.int64(23), np.int64(10), np.int64(15), np.int64(51), np.int64(25), np.int64(52), np.int64(36), np.int64(13), np.int64(32), np.int64(41), np.int64(39), np.int64(50), np.int64(16), np.int64(29), np.int64(0), np.int64(27), np.int64(34), np.int64(56), np.int64(22), np.int64(18), np.int64(42), np.int64(19), np.int64(8), np.int64(15), np.int64(14), np.int64(31), np.int64(62), np.int64(1), np.int64(46), np.int64(35), np.int64(23), np.int64(27), np.int64(16), np.int64(21), np.int64(55), np.int64(38)]","[np.int64(14), np.int64(11), np.int64(59), np.int64(60), np.int64(34), np.int64(32), np.int64(13), np.int64(2), np.int64(61), np.int64(43), np.int64(49), np.int64(34), np.int64(39), np.int64(6), np.int64(10), np.int64(62), np.int64(35), np.int64(0), np.int64(11), np.int64(35), np.int64(53), np.int64(13), np.int64(15), np.int64(60), np.int64(26), np.int64(42), np.int64(0), np.int64(50), np.int64(36), np.int64(9), np.int64(63), np.int64(15), np.int64(48), np.int64(4), np.int64(53), np.int64(36), np.int64(20), np.int64(53), np.int64(62), np.int64(31), np.int64(44), np.int64(14), np.int64(7), np.int64(6), np.int64(42), np.int64(39), np.int64(63), np.int64(58), np.int64(63), np.int64(50), np.int64(33), np.int64(52), np.int64(34), np.int64(21), np.int64(3), np.int64(27), np.int64(39), np.int64(49), np.int64(50), np.int64(27), np.int64(51), np.int64(21), np.int64(54), np.int64(59)]",False,False,0.0,0.0,"[39 51 47 55 28 33 14 21 26 28 53  1 34 54  1  2 41 60 35 32  7 26 53 42
 60 51 51 43 26 10 39 28 55 38  2 40 49  2 51 25 26  7 26 42 23  9 52 33
 52 42  4 51 61 25 40  1 14 28 56 28 40 53  9 38]","[39 51 40 55 28 13 61 20  1 28 53  1 34 14  1 52 22 60 58  3 11 27 53  2
 60 51 51 61 25 10 39 61 55 38  2 40 16 58 51 25 61  7 26 31 23  9 52  2
 52 58  9 51 38 25 13  1 14 28 56 28 40 52  9 38]",True,True,0.96875,0.96875,"[39 51 37 60 28 33 58 59  1 28 55  1 34 54  1 52 41 60 29  3  6 60 53 45
 57 51 51 46 26 10 39 59 55 38 57 10 49  2 51 25 26  7 26 31 19 22 27  5
 52 42  9 51 38 25 55  1 14 35 18 31 55 29 56 38]","[45 51 40 55 28 33 14 21  1 50 53  1 34 44  1 52 22 60 58  3  7 26 45  2
 58 51 51 21 25 10 39  6 53 38  2 10 49 50 51 25 61 16 14 46 13 23 27 33
 23 58 15 51 38 25 40  1 58 34 48  7 55 53  9 38]",False,False,0.109375,0.078125,0.04,1.0,1.0,1,1,25,0.04,1.0,1.0,1,1,25,1.0,0.0,0.0,25,0,0,1.0,0.0,0.0,25,0,0,1.0,1.0,1.0,25,25,25,1.0,1.0,1.0,25,25,25,1.0,0.16,0.16,25,4,4,1.0,0.08,0.08,25,2,2
[0.500999   0.70781353 0.         ... 0.         0.         0.        ],"[18 54 61 43  5 62 24 50 12 40 60 53 18 62 47 49 29 53 18 33 40 58 21 12
  0 14  0 61 50  0  5  0  0 29 26 49  0 54 54 31  0 37 26 18 61 54 61 43
 45 43 12  5 53 12  0 31 62 60 62 61 62 43 18 50]","[18 54 61 43  5 43 24 50 12 29 49 31 18 62 47 49 29  5 18 33 40 58 21 12
  0 14  0 61 13  0  5  0  0 29 26 49  0 54 54 31  0 37 28 18 61  3 24 43
 39 43 12  5  3 12  0 49 62 60 43 61 62 43 18 58]",True,True,0.953125,0.953125,"[np.int64(13), np.int64(50), np.int64(29), np.int64(11), np.int64(28), np.int64(55), np.int64(50), np.int64(45), np.int64(50), np.int64(32), np.int64(29), np.int64(44), np.int64(26), np.int64(32), np.int64(8), np.int64(54), np.int64(27), np.int64(46), np.int64(58), np.int64(13), np.int64(57), np.int64(34), np.int64(26), np.int64(63), np.int64(34), np.int64(2), np.int64(23), np.int64(8), np.int64(6), np.int64(37), np.int64(25), np.int64(21), np.int64(5), np.int64(15), np.int64(6), np.int64(24), np.int64(37), np.int64(18), np.int64(35), np.int64(40), np.int64(32), np.int64(15), np.int64(52), np.int64(8), np.int64(5), np.int64(57), np.int64(15), np.int64(50), np.int64(6), np.int64(22), np.int64(52), np.int64(50), np.int64(23), np.int64(26), np.int64(16), np.int64(7), np.int64(4), np.int64(4), np.int64(30), np.int64(19), np.int64(17), np.int64(37), np.int64(63), np.int64(15)]","[np.int64(47), np.int64(25), np.int64(6), np.int64(13), np.int64(4), np.int64(7), np.int64(4), np.int64(1), np.int64(11), np.int64(16), np.int64(7), np.int64(63), np.int64(21), np.int64(57), np.int64(55), np.int64(16), np.int64(60), np.int64(20), np.int64(54), np.int64(24), np.int64(29), np.int64(19), np.int64(3), np.int64(35), np.int64(30), np.int64(49), np.int64(2), np.int64(32), np.int64(12), np.int64(37), np.int64(59), np.int64(31), np.int64(16), np.int64(9), np.int64(12), np.int64(48), np.int64(46), np.int64(24), np.int64(57), np.int64(27), np.int64(29), np.int64(12), np.int64(37), np.int64(62), np.int64(48), np.int64(54), np.int64(1), np.int64(31), np.int64(14), np.int64(50), np.int64(18), np.int64(43), np.int64(50), np.int64(48), np.int64(10), np.int64(22), np.int64(41), np.int64(28), np.int64(36), np.int64(41), np.int64(53), np.int64(30), np.int64(54), np.int64(32)]",False,False,0.0,0.0,"[18 54  8 43  5 43 24 50 23 40 60 53 18 62 46 49 29 53 18 33 32 36 21 12
  0 14 36 13 13  0 57  0  0 28 26 16  0 54  8 31  0 37 26 18 23 54 24 43
 45 43 12 45 53 12  0 49 62 60 43  3 62  0 18 58]","[18  4  8 43  5 62 24 50 12 29 60 47 18 27 30 49 51  5 18 33 32 58 21 12
 56 14 17  5 50 16  5  0  0 28 26 16  0 63  8 31  0 37 26 18 23 54 14 43
 45 43 12  5 53 12  1 31 62 60 62  3 62  0 18 58]",True,True,0.96875,0.96875,"[18 54  8 27  1 62 24 39 38 40 60 47 18 62 21 27 51 26 18 33 40 36 21 53
  0 14 42 61 33  0 57  0  0 29 26 49  0 54 54  7  9 37 37 18 55 54 24 43
 39 43 12 45 47 12  0 31 62 60 62  3 62 50 18 50]","[18 16 40 45  5 62 24 50 12 35 49 47 18 62 47 49 35 53 18 33 40 14 21 12
  0 14  0  3 50  0 57  0  0 29 26 49 31 54 29 31 31 37 26 18 63  3 24 43
 45 43 28  5 47 12  0 49 17 60 43 61 62 43 18 58]",False,False,0.109375,0.078125,0.04,1.0,1.0,1,1,25,0.04,1.0,1.0,1,1,25,1.0,0.0,0.0,25,0,0,1.0,0.0,0.0,25,0,0,1.0,1.0,1.0,25,25,25,1.0,1.0,1.0,25,25,25,1.0,0.28,0.28,25,7,7,1.0,0.04,0.04,25,1,1
[0.         1.00049988 0.500999   ... 0.         0.         0.500999  ],"[41 32 17 58 24  6 49 24 34 34 61  3 34 50 61 61 10 58 17  2 35  0 48 30
 61 24  6 24 31  0 35 61 35 17 58 61 32 55 49 35 14 46 42 47  0 49 42 35
 41 46 24  3 43 45 34 14 49 35 42 55  3 42 44 10]","[17 32  3 58 24  6 49 24 34 34 61  3 34 50 61 61 10 58 17  4 18  0 48 27
 61 24 11 24 31  0 35 61 35 11 58 61 32 55 24 15 10 46 42  4  0 49 42 35
 41 46 24  3 43 45 34 14 17 24 42 12  3 42 44 10]",True,True,0.953125,0.953125,"[np.int64(4), np.int64(4), np.int64(26), np.int64(31), np.int64(16), np.int64(21), np.int64(59), np.int64(53), np.int64(50), np.int64(19), np.int64(24), np.int64(42), np.int64(13), np.int64(62), np.int64(10), np.int64(31), np.int64(19), np.int64(43), np.int64(4), np.int64(25), np.int64(34), np.int64(30), np.int64(10), np.int64(5), np.int64(2), np.int64(41), np.int64(45), np.int64(30), np.int64(28), np.int64(39), np.int64(10), np.int64(11), np.int64(8), np.int64(52), np.int64(7), np.int64(19), np.int64(21), np.int64(61), np.int64(53), np.int64(0), np.int64(49), np.int64(37), np.int64(32), np.int64(54), np.int64(44), np.int64(30), np.int64(48), np.int64(49), np.int64(53), np.int64(45), np.int64(24), np.int64(54), np.int64(53), np.int64(47), np.int64(51), np.int64(31), np.int64(15), np.int64(15), np.int64(7), np.int64(63), np.int64(21), np.int64(5), np.int64(4), np.int64(31)]","[np.int64(29), np.int64(45), np.int64(14), np.int64(26), np.int64(41), np.int64(54), np.int64(0), np.int64(49), np.int64(58), np.int64(32), np.int64(42), np.int64(34), np.int64(4), np.int64(12), np.int64(55), np.int64(26), np.int64(28), np.int64(16), np.int64(43), np.int64(25), np.int64(63), np.int64(16), np.int64(39), np.int64(14), np.int64(63), np.int64(19), np.int64(46), np.int64(21), np.int64(43), np.int64(5), np.int64(52), np.int64(60), np.int64(33), np.int64(62), np.int64(38), np.int64(11), np.int64(45), np.int64(21), np.int64(18), np.int64(24), np.int64(4), np.int64(45), np.int64(5), np.int64(62), np.int64(20), np.int64(63), np.int64(54), np.int64(41), np.int64(49), np.int64(30), np.int64(38), np.int64(51), np.int64(53), np.int64(23), np.int64(20), np.int64(36), np.int64(4), np.int64(30), np.int64(34), np.int64(23), np.int64(37), np.int64(13), np.int64(50), np.int64(17)]",False,False,0.0,0.0,"[14 32 17 58 24  6 49 24 34 34 61  3 34 50 61 61 10 58 17  2 35  0 48 36
 61 24 11 12 31  0 35 61 35 11 58 61 32 55 49 35 14 46 42 47 25 16 42 32
 41 46 24  3 43  7 34 14 49 35 42 55 54 42 44 10]","[41 32 17  2 44  6 49 24 34  4 61  7 34 33  0 61 10  0 44  2 18  0 48 48
  4 33 11 24 31  0 12 61 12 17 58 57 32 55 49 15 10 46 42  4  0 49 42 32
 41 46 24  3 43 48 34 14 49 24 42 12 54 42 44 10]",True,True,0.96875,0.96875,"[14 28  0 58 43 63 28 53 27  4 61 33 57 50 61 61 10 58 44  4 35 53 48 36
 61 24  6 24 31  0 45 61 35 13 10 61 23 19 24 35 10 46 42 47 18 16 42 25
 41 46 24  3 43 45 34 11 49 35 42 12 14 42 44 10]","[17 28  0 58 24 30  5 24 34 34 61  7 34 50 61 61 10 58 17  2 18  0 48 48
 41 33 11 24 38  0 45 38 12 25 58 61 23 55 24 15 10  0 42 63  4 30 42 35
 41 46 24  3 43 45 34 14  8 24 42 23 54 42 59 43]",False,False,0.109375,0.078125,0.04,1.0,1.0,1,1,25,0.04,1.0,1.0,1,1,25,1.0,0.0,0.0,25,0,0,1.0,0.0,0.0,25,0,0,1.0,0.96,0.96,25,24,24,1.0,1.0,1.0,25,25,25,1.0,0.04,0.04,25,1,1,1.0,0.2,0.2,25,5,5
[0.         0.         0.         ... 0.         0.70781353 0.500999  ],"[62 54 49 56 55 39 32 26 16 31  6 43 59 16 28 29 48  6 28  6 59 55 21 17
  4 32 25 59 31 16 51 55 53 59  4 20 16 44 16 16 43 49 43 32 31 51  2 16
 53 48 63 59 10 53 25 53 43 28 12 48  4 33 48 25]","[21  9 16  9 55 39 32 33 16 31  6 43 59 16 13 18 48  6  1 51 59 55 21 18
  4 32 59 59 31 16 51 55 53 59  4 20 16 44 16 16 26 31 43 32 27 13 13 16
 53 48 30 59 58 53 25 53 43  9 12 48  4 30 48 16]",True,True,0.953125,0.953125,"[np.int64(13), np.int64(58), np.int64(24), np.int64(49), np.int64(14), np.int64(9), np.int64(6), np.int64(2), np.int64(59), np.int64(51), np.int64(28), np.int64(59), np.int64(52), np.int64(18), np.int64(25), np.int64(33), np.int64(30), np.int64(54), np.int64(11), np.int64(42), np.int64(1), np.int64(32), np.int64(8), np.int64(18), np.int64(2), np.int64(9), np.int64(61), np.int64(58), np.int64(21), np.int64(44), np.int64(26), np.int64(26), np.int64(47), np.int64(44), np.int64(12), np.int64(28), np.int64(53), np.int64(29), np.int64(34), np.int64(7), np.int64(16), np.int64(5), np.int64(61), np.int64(59), np.int64(20), np.int64(40), np.int64(44), np.int64(3), np.int64(16), np.int64(43), np.int64(59), np.int64(17), np.int64(21), np.int64(24), np.int64(17), np.int64(21), np.int64(62), np.int64(15), np.int64(36), np.int64(50), np.int64(52), np.int64(60), np.int64(34), np.int64(39)]","[np.int64(35), np.int64(41), np.int64(22), np.int64(16), np.int64(24), np.int64(19), np.int64(47), np.int64(24), np.int64(31), np.int64(51), np.int64(35), np.int64(28), np.int64(57), np.int64(55), np.int64(28), np.int64(10), np.int64(36), np.int64(48), np.int64(11), np.int64(35), np.int64(44), np.int64(51), np.int64(40), np.int64(9), np.int64(36), np.int64(7), np.int64(52), np.int64(41), np.int64(28), np.int64(18), np.int64(27), np.int64(4), np.int64(15), np.int64(2), np.int64(39), np.int64(6), np.int64(20), np.int64(28), np.int64(16), np.int64(44), np.int64(33), np.int64(11), np.int64(34), np.int64(46), np.int64(18), np.int64(19), np.int64(44), np.int64(19), np.int64(59), np.int64(5), np.int64(52), np.int64(14), np.int64(63), np.int64(22), np.int64(18), np.int64(24), np.int64(12), np.int64(50), np.int64(20), np.int64(47), np.int64(36), np.int64(17), np.int64(47), np.int64(26)]",False,False,0.0,0.0,"[21 38 49 35 55 39 32 26 16 36  6 43 25 33 22 29 48  6  1  6 59 55 21 17
  4 32 59 59 63 16 61 55 53 59  4 20 16  2 16 24 38 49 43 25 31 51  2 42
 53 48 63 59 61 53 40 53 43 18 27 55 38 33 48 16]","[21 54 49  9 55 39 19 26 16 31 28 43 59 36 22 18 48 39 13 44 59 55 58 18
  4 32 59 59 31 16  2 55 53 13  4 20 20  2 16 24 43 49 43 32  4 13 58 42
 53 48 40 59 58 53 25 53 43 18 39 55  4 52 48 16]",True,True,0.96875,0.96875,"[21 54 49 56 44 39 32 26 40 11 28 43 25 33 22 29 48  6 23  6 59 55 21 17
 20 32 59 58 63 16 34 55 53 59 58  3 20  2 58 33 54 31 43 32 31 13  2 16
 53 48 63 59 61 53 40 53 43 28 38 48 39 33 48 16]","[62  9 30 56 44 39 32 33 51  1 28 43 59 33 13 18 48  6  1  1 36 55 58  7
 14 32 25 10 10 16 61 44 53 39 58 20 16  2 16 24 26 49 51 32 19 13 58 16
 53 48 14 59 58 53 25 53 43  9 27 48  4 30 48 25]",False,False,0.109375,0.078125,0.04,1.0,1.0,1,1,25,0.04,1.0,1.0,1,1,25,1.0,0.0,0.0,25,0,0,1.0,0.0,0.0,25,0,0,1.0,1.0,1.0,25,25,25,1.0,1.0,1.0,25,25,25,1.0,0.08,0.08,25,2,2,1.0,0.12,0.12,25,3,3
[0.         0.70781353 0.500999   ... 0.         0.500999   0.500999  ],"[19 51 40 56 43  2  2 50 35 10 50 52  0 59 52 36 16 51 45 16 27 54 56 16
 37 13 32 52 59  6 47 29 46 14 59 51 10 23 62 40 16 47 45 58 19 17 59 51
 55 11 16 16 51 37 62 10 10 46 62 23 51 44 40 62]","[19 51 40 56 43  2  2 50 35 10 50 52  0 39  2 36 16 51 27 16 27 54  8 16
  1 13 32 52  2  6 47 29 24 14  6 51 52 23 62 40 16 39 24 58 19  0 47 51
 12 11 16 16 51 37  0 10 10 53 62 23 51  2 40 39]",True,True,0.953125,0.953125,"[np.int64(17), np.int64(28), np.int64(11), np.int64(47), np.int64(46), np.int64(29), np.int64(6), np.int64(18), np.int64(1), np.int64(57), np.int64(57), np.int64(28), np.int64(0), np.int64(56), np.int64(19), np.int64(17), np.int64(43), np.int64(35), np.int64(22), np.int64(3), np.int64(46), np.int64(52), np.int64(58), np.int64(40), np.int64(17), np.int64(60), np.int64(57), np.int64(25), np.int64(34), np.int64(49), np.int64(51), np.int64(4), np.int64(38), np.int64(54), np.int64(52), np.int64(43), np.int64(50), np.int64(10), np.int64(27), np.int64(57), np.int64(58), np.int64(0), np.int64(58), np.int64(36), np.int64(52), np.int64(39), np.int64(52), np.int64(18), np.int64(12), np.int64(51), np.int64(45), np.int64(28), np.int64(33), np.int64(12), np.int64(39), np.int64(18), np.int64(11), np.int64(34), np.int64(9), np.int64(40), np.int64(25), np.int64(30), np.int64(6), np.int64(53)]","[np.int64(38), np.int64(35), np.int64(46), np.int64(7), np.int64(34), np.int64(29), np.int64(43), np.int64(6), np.int64(24), np.int64(34), np.int64(42), np.int64(55), np.int64(51), np.int64(33), np.int64(21), np.int64(63), np.int64(19), np.int64(3), np.int64(54), np.int64(52), np.int64(7), np.int64(32), np.int64(58), np.int64(53), np.int64(21), np.int64(41), np.int64(36), np.int64(30), np.int64(35), np.int64(49), np.int64(61), np.int64(19), np.int64(11), np.int64(28), np.int64(11), np.int64(35), np.int64(38), np.int64(37), np.int64(2), np.int64(61), np.int64(40), np.int64(38), np.int64(10), np.int64(41), np.int64(33), np.int64(54), np.int64(21), np.int64(45), np.int64(10), np.int64(16), np.int64(43), np.int64(26), np.int64(50), np.int64(0), np.int64(4), np.int64(9), np.int64(51), np.int64(5), np.int64(55), np.int64(52), np.int64(55), np.int64(47), np.int64(42), np.int64(49)]",False,False,0.0,0.0,"[19 51 60 56 43  2 41 50 35 10 50 52  0 59 52 36 16 51 27 16 27 54 56 16
 37 13 32 52 60  6 47 29 24 14 59 51 10 44 62 47 16 47  8 58 19  0 59 51
 55 11 16 16 51 37 62 10 10 46 39 23 51 44 40 62]","[19 51 40 56 43 53 41 35 47 10 50 34 63 59  2 36 16 51 45 16 27 32  8 16
  1 13 32  5 24  6 47 29 24 14 63 51 52 23 62 40 16 47  8 58 37 17 59 51
 12 11 16 16 51  0  8 10 38 53 41  1 51 44 40 62]",True,True,0.96875,0.96875,"[19 51 40 56 43 27 55 50 47 10 50 52  0 28  2 36 16 51 45 16 27 54  8 16
 37 13 32  5 60  6 47 29 46 14  6 51 10 23 11 59 16  8 45  4 19 17 47 39
 55 11 16 16 11  0 36 17 10 53 43  1 28  2 37 53]","[28 51 40 56 43  2  2 50 47 10 50 34 48 45 52 36 16 51 27 16 27 54  8 16
 28 13 32 52  0  6 47 29 24 14 59 19 10 23 62 40 16  8 45 58 37  0 47 51
 55 11 16 16 51 34  8  6 38 53 39  1 28 36 37  8]",False,False,0.109375,0.078125,0.04,1.0,1.0,1,1,25,0.04,1.0,1.0,1,1,25,1.0,0.0,0.0,25,0,0,1.0,0.0,0.0,25,0,0,1.0,1.0,1.0,25,25,25,1.0,1.0,1.0,25,25,25,1.0,0.28,0.28,25,7,7,1.0,0.08,0.08,25,2,2
[0.         0.70781353 0.70781353 ... 0.         0.         0.500999  ],"[50 60 50 50 54 33 49 12 19  3 18 46 62 47 30 62 55 15 62  2 62 20 41 55
 48 25 50 26 27  8 26 24  8 53 53 25 37 26 53 15 19 59 39 18 53 53 25 12
 26 35 25  0  4 46 35 26 25  4 15  8 11 37 35 11]","[46 60 50 50 54 19 49 12 19  3 44 46 62 31 30  2 40 44 62  2 37 18 41 55
 48 25 46 26 27  8 26 24  8 53 53 25 37 26 53 15 19 40 39  4 53 53 25  5
 26 35 25 54  4 46 35 26 25 58 15 16 11 44 35 11]",True,True,0.953125,0.953125,"[np.int64(39), np.int64(26), np.int64(48), np.int64(19), np.int64(1), np.int64(48), np.int64(15), np.int64(38), np.int64(0), np.int64(7), np.int64(2), np.int64(30), np.int64(20), np.int64(38), np.int64(1), np.int64(20), np.int64(18), np.int64(18), np.int64(31), np.int64(23), np.int64(14), np.int64(63), np.int64(24), np.int64(10), np.int64(50), np.int64(15), np.int64(45), np.int64(57), np.int64(61), np.int64(9), np.int64(61), np.int64(16), np.int64(56), np.int64(49), np.int64(25), np.int64(41), np.int64(31), np.int64(61), np.int64(20), np.int64(39), np.int64(1), np.int64(63), np.int64(46), np.int64(61), np.int64(18), np.int64(58), np.int64(53), np.int64(25), np.int64(25), np.int64(56), np.int64(1), np.int64(17), np.int64(22), np.int64(18), np.int64(40), np.int64(57), np.int64(25), np.int64(43), np.int64(63), np.int64(51), np.int64(54), np.int64(2), np.int64(45), np.int64(21)]","[np.int64(20), np.int64(8), np.int64(29), np.int64(22), np.int64(46), np.int64(4), np.int64(9), np.int64(18), np.int64(28), np.int64(4), np.int64(45), np.int64(19), np.int64(31), np.int64(8), np.int64(38), np.int64(27), np.int64(62), np.int64(31), np.int64(15), np.int64(7), np.int64(36), np.int64(56), np.int64(0), np.int64(44), np.int64(23), np.int64(50), np.int64(3), np.int64(43), np.int64(51), np.int64(2), np.int64(15), np.int64(17), np.int64(13), np.int64(23), np.int64(54), np.int64(5), np.int64(4), np.int64(52), np.int64(43), np.int64(46), np.int64(48), np.int64(2), np.int64(36), np.int64(38), np.int64(33), np.int64(7), np.int64(41), np.int64(21), np.int64(57), np.int64(59), np.int64(30), np.int64(58), np.int64(61), np.int64(6), np.int64(42), np.int64(19), np.int64(17), np.int64(47), np.int64(36), np.int64(44), np.int64(59), np.int64(22), np.int64(62), np.int64(30)]",False,False,0.0,0.0,"[46 59 50 50 54 33 49 12 19  6 44 46 62 47 63 62 45 44 62  2 62 20 41 60
 61 25 35 54 12  1 26 24  8 53 53 25 37 26 53 42 16 40 59 20 53 53 25 12
 62 35 25  0 57 46 35 26 25  4 60 16 11 59 35 45]","[50 60 50 50 54 63 49 63 24 45 44 46 28 31 30  2 55 44 10  2 37 18 41 55
 61 25 46 26 27  1 26 24  8 16 53 25 37 26 53 15 16 40  7 63 53 53 25  5
 62 35 25  0 57 46 35 26 25 58 60 16 11 44 35 11]",True,True,0.96875,0.96875,"[46 60 50 54 54 47  9 12 58 55 18 46 62 47 30 62 45 15 45  5 62 18 41 55
 48 25 35 54 27  8 26 39  8 53 53 25 37 26 53 15 19 42 59  4 11  9 25  9
 62 35 25  0  4 46  3 26 35 52 60  1 11 44 48 11]","[50 59 50 50 54 47 49 12 59  3 18 46 62 31 30 62 45 44 45  2 37 18 41 55
  8 25 35 26 12  8 26 39  8  5 24 25 37 26 53 31 19 40 39 18 11 16 25  5
 26 35 25 54 57 46  3 16 25 58 15  8 11 59 35 45]",False,False,0.109375,0.078125,0.04,1.0,1.0,1,1,25,0.04,1.0,1.0,1,1,25,1.0,0.0,0.0,25,0,0,1.0,0.0,0.0,25,0,0,1.0,0.96,0.96,25,24,24,1.0,1.0,1.0,25,25,25,1.0,0.12,0.12,25,3,3,1.0,0.12,0.12,25,3,3
[0.         0.         0.         ... 0.500999   0.         1.00049988],"[63 34 52 38 52 61 52  7 45 55 63 34 20 12 52 50 63 59  7 63 62  8 60 34
 42  6 37  7 59 52 44 34 63 63  7 15 19 23 58 59 34 59 48 27 40 18 31 36
 43 61 58 46 58 55 21 62 30 36  7 34 62 63  7  7]","[63 34 52 38 52 61 52  7 45 39 63 34 20 12 52 50 63 59  7 63 62  8 23 34
 42  6 37  7 59 23 44 34 18 63  7 15  3 23 58 59 34 59 48 27 40 34 31 42
 20 11 58 46 58 55 21 62 30 36  7 34 62 18  7  7]",True,True,0.953125,0.953125,"[np.int64(21), np.int64(27), np.int64(30), np.int64(58), np.int64(13), np.int64(28), np.int64(49), np.int64(60), np.int64(50), np.int64(52), np.int64(36), np.int64(21), np.int64(22), np.int64(4), np.int64(25), np.int64(10), np.int64(13), np.int64(62), np.int64(13), np.int64(14), np.int64(18), np.int64(5), np.int64(50), np.int64(57), np.int64(54), np.int64(3), np.int64(17), np.int64(0), np.int64(32), np.int64(43), np.int64(49), np.int64(34), np.int64(31), np.int64(29), np.int64(23), np.int64(37), np.int64(56), np.int64(34), np.int64(49), np.int64(35), np.int64(34), np.int64(25), np.int64(44), np.int64(53), np.int64(28), np.int64(6), np.int64(10), np.int64(14), np.int64(19), np.int64(24), np.int64(42), np.int64(36), np.int64(44), np.int64(4), np.int64(53), np.int64(46), np.int64(30), np.int64(45), np.int64(23), np.int64(22), np.int64(26), np.int64(12), np.int64(27), np.int64(32)]","[np.int64(45), np.int64(10), np.int64(23), np.int64(41), np.int64(37), np.int64(62), np.int64(54), np.int64(61), np.int64(8), np.int64(20), np.int64(22), np.int64(21), np.int64(4), np.int64(38), np.int64(26), np.int64(47), np.int64(60), np.int64(63), np.int64(54), np.int64(51), np.int64(49), np.int64(60), np.int64(20), np.int64(47), np.int64(9), np.int64(25), np.int64(54), np.int64(47), np.int64(3), np.int64(55), np.int64(37), np.int64(29), np.int64(1), np.int64(16), np.int64(1), np.int64(30), np.int64(19), np.int64(6), np.int64(30), np.int64(1), np.int64(7), np.int64(60), np.int64(40), np.int64(14), np.int64(60), np.int64(45), np.int64(40), np.int64(60), np.int64(14), np.int64(3), np.int64(31), np.int64(15), np.int64(22), np.int64(24), np.int64(41), np.int64(15), np.int64(41), np.int64(38), np.int64(18), np.int64(31), np.int64(35), np.int64(63), np.int64(0), np.int64(46)]",False,False,0.0,0.0,"[63 34 10 38 55  3 12  7 45 55 63 32 20 12 55 20 63 59  7 63 62 25 60 34
 42  6 12  7 53 19 44 18 18 63  7 42  3 48 58 59 34 28 48 27 46 18 48 42
 43 61 32 46 58 55 21 62 30 36  7 34 62 18  7  7]","[63 34 52 39 52  3 52  7 45 55 63 34 20 12 52 20 20 59  7 63 62  8 23 34
 42 21 37  7 59 19 44 18 63 63  7 15  3 23 31 59 34 59 48 27 39 34 31 42
 20 11 58 46 45 55 21 62 30 36  7 34 18 63  7  7]",True,True,0.96875,0.96875,"[63 34 10 38 16  3 12  7 45 55 63 34 20 12 52 55 33 59  7 63 62 25 60 34
 42  6 12  7 59 52 44 38 18 63  7 15 19 48 58 59 34 59 28 27 40 52 31 36
 46 61 58 46 58 28 21 62 30 36  7 34 62 63  7  7]","[63 34 52 38 55 61 52  7 45 55 63 34  6 12 46 55  4 59  7 63 15  8 23 34
 42  6 12  7 42 19 44 16 18 63  7 15 19 23 58  3 34 39 35 27 39 18 48 36
 20 11 40 46 58 55 21 62 30 36  7 34 18 18  7  7]",True,True,0.109375,0.078125,0.04,1.0,1.0,1,1,25,0.04,1.0,1.0,1,1,25,1.0,0.0,0.0,25,0,0,1.0,0.0,0.0,25,0,0,1.0,0.88,0.88,25,22,22,1.0,1.0,1.0,25,25,25,1.0,0.16,0.16,25,4,4,1.0,0.2,0.2,25,5,5
[1.00049988 0.         0.         ... 0.70781353 0.         0.        ],"[39 51 40 55 28 33 14 21 26 28 53  1 34 14  1 52  5 60 35 49 11 26 53 42
 60 51 51 21 26 61 39 28 55 38 57 40 49  2 51 25 26  7 26 42 23 11 52 33
 52 42 15 51 38 25 40  1 14 28 49 28 40 53  9 38]","[39 51 40 55 28 33 14 21  1 28 55  1 34 54  1 52 22 60 29  3 11 26 53  2
 60 51 51 21 25 61 39 28 55 38  2 40  4  2 51 25 26  7 26 27 13 11 52 33
 52 58  9 51 38 25 40  1 14 28  5 28 40 40  9 38]",True,True,0.953125,0.953125,"[np.int64(1), np.int64(47), np.int64(26), np.int64(36), np.int64(33), np.int64(6), np.int64(11), np.int64(49), np.int64(32), np.int64(13), np.int64(0), np.int64(55), np.int64(49), np.int64(61), np.int64(28), np.int64(25), np.int64(30), np.int64(2), np.int64(46), np.int64(36), np.int64(42), np.int64(43), np.int64(47), np.int64(51), np.int64(54), np.int64(29), np.int64(46), np.int64(59), np.int64(60), np.int64(36), np.int64(50), np.int64(57), np.int64(40), np.int64(33), np.int64(47), np.int64(31), np.int64(49), np.int64(36), np.int64(51), np.int64(12), np.int64(24), np.int64(57), np.int64(24), np.int64(60), np.int64(23), np.int64(35), np.int64(20), np.int64(61), np.int64(15), np.int64(57), np.int64(48), np.int64(59), np.int64(19), np.int64(4), np.int64(17), np.int64(26), np.int64(38), np.int64(46), np.int64(57), np.int64(7), np.int64(49), np.int64(42), np.int64(33), np.int64(53)]","[np.int64(4), np.int64(14), np.int64(53), np.int64(55), np.int64(12), np.int64(43), np.int64(47), np.int64(52), np.int64(54), np.int64(48), np.int64(13), np.int64(54), np.int64(45), np.int64(61), np.int64(54), np.int64(27), np.int64(37), np.int64(15), np.int64(59), np.int64(52), np.int64(15), np.int64(19), np.int64(6), np.int64(1), np.int64(49), np.int64(22), np.int64(28), np.int64(23), np.int64(55), np.int64(62), np.int64(62), np.int64(57), np.int64(58), np.int64(28), np.int64(43), np.int64(59), np.int64(36), np.int64(46), np.int64(47), np.int64(54), np.int64(23), np.int64(42), np.int64(45), np.int64(16), np.int64(8), np.int64(7), np.int64(42), np.int64(33), np.int64(58), np.int64(59), np.int64(57), np.int64(20), np.int64(47), np.int64(19), np.int64(50), np.int64(28), np.int64(7), np.int64(15), np.int64(8), np.int64(62), np.int64(7), np.int64(6), np.int64(8), np.int64(1)]",False,False,0.0,0.0,"[39 51 47 55 28 33 31 21  1 28 53  1 34 54 42 52 22 60 35  3 11 26 53 42
 60 51 51 21 26 10 46 59 55 38  2 40  4  2 51 25 60  7 26 42 13 22 52 33
 52 58 15 51 38 25 55  1 14 28 47 28 21 40 56 38]","[39 51 40 55 28 33 58 21 26 28 55  1 34 54 13 52  5 60 29 44 11 27 53 42
 60 51 51 46 25 61 39 28 53 38  2 21  4 58 51 25 26  7 26 27 43 11 52 33
 52 58  9 51 38 25 40  1 14 43 48  7 13 53  9 38]",True,True,0.96875,0.96875,"[39 51 40 19 28 13 61 21  1 45 53 20 34 14  1 52 22 60 58  3 11 26 16 42
 60 51 51 21 26 10 16 28 55 38 57 10 16 50 51 25 26  7 26 42 23  2 52  2
 52 42 15 51 15 25 55  3 14 28  4 28 55 40 56 38]","[39 51 20 60 28 23 14 21 26 28 55  1 34 44 42 23 22 60 58 44 11 26 53 15
 60 51 51 61 25 61 39 28 55 38  2 10 16  2 51  0 26  7 26 27 13  0 52  5
 23 42 15 51 38 25 40  1 14 34 47  7 13 52 56 38]",False,False,0.109375,0.078125,0.04,1.0,1.0,1,1,25,0.04,1.0,1.0,1,1,25,1.0,0.0,0.0,25,0,0,1.0,0.0,0.0,25,0,0,1.0,1.0,1.0,25,25,25,1.0,1.0,1.0,25,25,25,1.0,0.2,0.2,25,5,5,1.0,0.08,0.08,25,2,2
[0.500999   0.         0.70781353 ... 0.         0.70781353 0.        ],"[47 23  2 58 41 30 47 23 44 24 40 39 40 45 48 48 15 48 14 17 45 15 10 31
 14 60  6 19 16 17  2 47 10 37 42  0 51 30 59 40  2  2  5 25 17 30 47  2
  2 38 16 39 17  9 15 14 12 37 39 47 45 54 29 26]","[47 23  2 13 41 30 47 23 44 24 40  0 40 45 48 48 15 41 14 17 45 15 10 31
 14 28  6 19 16 17  2 47 42 37 42  0 51 30 19 47  2  2  5 25 17 30 47  2
  2 38 16 39 17  9  6 14 12 37 39 47 45 13  1 26]",True,True,0.953125,0.953125,"[np.int64(3), np.int64(28), np.int64(35), np.int64(42), np.int64(56), np.int64(4), np.int64(48), np.int64(24), np.int64(2), np.int64(32), np.int64(7), np.int64(50), np.int64(39), np.int64(21), np.int64(43), np.int64(42), np.int64(2), np.int64(17), np.int64(4), np.int64(56), np.int64(58), np.int64(37), np.int64(58), np.int64(60), np.int64(14), np.int64(31), np.int64(10), np.int64(20), np.int64(21), np.int64(23), np.int64(7), np.int64(16), np.int64(45), np.int64(33), np.int64(41), np.int64(55), np.int64(18), np.int64(49), np.int64(47), np.int64(5), np.int64(56), np.int64(7), np.int64(54), np.int64(58), np.int64(28), np.int64(56), np.int64(0), np.int64(51), np.int64(12), np.int64(45), np.int64(2), np.int64(9), np.int64(18), np.int64(33), np.int64(26), np.int64(32), np.int64(48), np.int64(34), np.int64(17), np.int64(15), np.int64(25), np.int64(32), np.int64(14), np.int64(2)]","[np.int64(14), np.int64(9), np.int64(51), np.int64(51), np.int64(46), np.int64(29), np.int64(44), np.int64(19), np.int64(36), np.int64(16), np.int64(39), np.int64(40), np.int64(24), np.int64(43), np.int64(42), np.int64(42), np.int64(46), np.int64(11), np.int64(50), np.int64(46), np.int64(18), np.int64(4), np.int64(16), np.int64(20), np.int64(45), np.int64(48), np.int64(7), np.int64(31), np.int64(9), np.int64(50), np.int64(55), np.int64(14), np.int64(56), np.int64(43), np.int64(19), np.int64(56), np.int64(5), np.int64(30), np.int64(55), np.int64(7), np.int64(59), np.int64(14), np.int64(50), np.int64(11), np.int64(23), np.int64(13), np.int64(35), np.int64(12), np.int64(32), np.int64(18), np.int64(4), np.int64(39), np.int64(39), np.int64(40), np.int64(19), np.int64(57), np.int64(53), np.int64(15), np.int64(44), np.int64(2), np.int64(42), np.int64(4), np.int64(29), np.int64(51)]",False,False,0.0,0.0,"[47 24  2 13 41 47 47 23 44 24 40 52 47 45 48 47 42 48 38 38 45 15 10 31
 14 26  6  7 42 17  2 47 10 12 42  0 51  0 59 47  2  2  0 25 17 30 47  2
  2 38 16 39 17  9  6 23 12 37 39 47 45 23 29 26]","[37 23  2 13 41 30 47 29 44 24 40 16 40 19 18 48 31 48 38 17 45 59  1 31
 14 28  6 19 32 17  2 47 42 12 42 13 50 30 19 47  2  2  5 25 17 30 47  2
  2 38 16 39 17  9  4 14 12 37 52 47 45 13  1 26]",True,True,0.96875,0.96875,"[37 23  2 51 41 47 47 23 44 24 40 52 47 21 48 21 45 48 38  6 45 15 10 31
 14 60  6 19 16 17  2 47 42 12 42  0 51  0 59 47  2  2 32 25 25 30 47  2
  2 38 36 39 11  9 15 14 12 37 39 47 45 19 29 26]","[11 23  2 13 41 47 47 29 24 24 40 52 47 61 15 48 45 48 14 17 45 59  1 31
 14 28  6 19 16 17  2 16 10 12 42 42 51  0 59 47  2  2  5 25 17 30 56  2
  2 38 16 57 17  9 15 23 12 37 52 47 45 19  1 26]",False,True,0.109375,0.078125,0.04,1.0,1.0,1,1,25,0.04,1.0,1.0,1,1,25,1.0,0.0,0.0,25,0,0,1.0,0.0,0.0,25,0,0,1.0,0.96,0.96,25,24,24,1.0,1.0,1.0,25,25,25,1.0,0.12,0.12,25,3,3,1.0,0.12,0.12,25,3,3
[0.         1.00049988 0.500999   ... 0.         0.         0.500999  ],"[41 32 17 58 24  6 49 24 34 34 61  3 34 50 61 61 10 58 17  2 35  0 48 30
 61 24  6 24 31  0 35 61 35 17 58 61 32 55 49 35 14 46 42 47  0 49 42 35
 41 46 24  3 43 45 34 14 49 35 42 55  3 42 44 10]","[17 32  3 58 24  6 49 24 34 34 61  3 34 50 61 61 10 58 17  4 18  0 48 27
 61 24 11 24 31  0 35 61 35 11 58 61 32 55 24 15 10 46 42  4  0 49 42 35
 41 46 24  3 43 45 34 14 17 24 42 12  3 42 44 10]",True,True,0.953125,0.953125,"[np.int64(11), np.int64(63), np.int64(61), np.int64(56), np.int64(38), np.int64(58), np.int64(36), np.int64(28), np.int64(47), np.int64(28), np.int64(15), np.int64(28), np.int64(24), np.int64(22), np.int64(30), np.int64(14), np.int64(50), np.int64(6), np.int64(34), np.int64(61), np.int64(36), np.int64(56), np.int64(5), np.int64(54), np.int64(48), np.int64(27), np.int64(43), np.int64(29), np.int64(19), np.int64(33), np.int64(53), np.int64(8), np.int64(38), np.int64(5), np.int64(26), np.int64(39), np.int64(9), np.int64(53), np.int64(34), np.int64(8), np.int64(51), np.int64(21), np.int64(2), np.int64(30), np.int64(13), np.int64(49), np.int64(54), np.int64(22), np.int64(36), np.int64(43), np.int64(63), np.int64(21), np.int64(61), np.int64(58), np.int64(61), np.int64(51), np.int64(62), np.int64(26), np.int64(36), np.int64(22), np.int64(20), np.int64(21), np.int64(15), np.int64(19)]","[np.int64(14), np.int64(27), np.int64(39), np.int64(17), np.int64(32), np.int64(19), np.int64(28), np.int64(8), np.int64(5), np.int64(22), np.int64(8), np.int64(42), np.int64(7), np.int64(10), np.int64(11), np.int64(6), np.int64(57), np.int64(13), np.int64(20), np.int64(39), np.int64(51), np.int64(41), np.int64(40), np.int64(31), np.int64(58), np.int64(57), np.int64(39), np.int64(35), np.int64(45), np.int64(62), np.int64(36), np.int64(12), np.int64(38), np.int64(63), np.int64(0), np.int64(50), np.int64(59), np.int64(23), np.int64(44), np.int64(33), np.int64(61), np.int64(11), np.int64(3), np.int64(45), np.int64(59), np.int64(21), np.int64(16), np.int64(8), np.int64(21), np.int64(28), np.int64(41), np.int64(50), np.int64(20), np.int64(36), np.int64(45), np.int64(23), np.int64(46), np.int64(19), np.int64(23), np.int64(27), np.int64(41), np.int64(17), np.int64(47), np.int64(9)]",False,False,0.0,0.0,"[14 28 39 58 55  6 49 39 34  4 61  3 30 33 61 61 10 58 17  2 35 53 48 44
 61 24 11 51 31  0 35 61 35 11 58 61 44 55 31 35 14 46 42 47  4 30 42 35
 41 46 24  3 43 48 60 14  8 35 42 55 14 42 59 10]","[ 2 32 45 58  9  6 49 24 56 34 61  3 34 50 61 61 10 58 57 37 35  0 48 48
 61 24  6 12 31 40 45 61 12 11 58 61 23 55 49 15 10 46 42 63 54 49 42 35
 41 46 24  3 43 45 34 14 49 15 42 55 24 42 44 10]",True,True,0.96875,0.96875,"[14 28  3 58 55 63 49 24 51 34 34  3 30 50 60 61 10 58 17 37 35 53 48 59
 41 24 30  4  1 40 35 61 35 25 58 61  5 19 24 35 14 46 42 63 25 49 42  4
 53  6 24  8 43 48 60 14 49 24 42 55  3 42 44 10]","[ 2 32 45 58 24  6 49 39 34 34 61 55 27 50 61 61 45 58 17  4 18  0 48 27
 61 24 30 24 38 40 12 61 35 17 58 57 44 55 31 15 29  0 42  4  0  2 42 35
 41 38 24  3 43 48 34 14 49 24 42 23  3 42 44 10]",False,False,0.109375,0.078125,0.04,1.0,1.0,1,1,25,0.04,1.0,1.0,1,1,25,1.0,0.0,0.0,25,0,0,1.0,0.0,0.0,25,0,0,1.0,0.92,0.92,25,23,23,1.0,1.0,1.0,25,25,25,1.0,0.12,0.12,25,3,3,1.0,0.0,0.0,25,0,0
[1.00049988 0.         0.         ... 0.         0.         0.        ],"[15 40 25  4 40 38  4 19 57 38 19 33 59  0 31 38 15 14  1 29  6 18 38 15
 22 49  5 35 31 40 35 29 16 48 18 49  6 53 40 31 40 19 53 53  4 26 58 51
 30 40 49 16 19  4 10  7 50 31 59 49  5 59 18 25]","[15 40  7  4 40 38  4 58 58 38 14 33 59 45 35 38 15 14  1 29  6 18 38 15
 22 49  5 35 59 40 35  4 16 48 18 49  9 61 40 31 40 15 53 31  4 23 58 51
 30 40 49 45  5  4 10 30 50 31 35 49  5 59 18 37]",True,True,0.953125,0.953125,"[np.int64(36), np.int64(43), np.int64(7), np.int64(8), np.int64(24), np.int64(61), np.int64(39), np.int64(1), np.int64(42), np.int64(13), np.int64(55), np.int64(44), np.int64(7), np.int64(27), np.int64(8), np.int64(2), np.int64(59), np.int64(41), np.int64(23), np.int64(54), np.int64(62), np.int64(61), np.int64(45), np.int64(62), np.int64(50), np.int64(54), np.int64(0), np.int64(6), np.int64(26), np.int64(55), np.int64(35), np.int64(9), np.int64(15), np.int64(54), np.int64(8), np.int64(53), np.int64(38), np.int64(13), np.int64(4), np.int64(59), np.int64(4), np.int64(51), np.int64(8), np.int64(33), np.int64(41), np.int64(35), np.int64(5), np.int64(58), np.int64(25), np.int64(46), np.int64(12), np.int64(4), np.int64(7), np.int64(15), np.int64(59), np.int64(57), np.int64(4), np.int64(30), np.int64(1), np.int64(29), np.int64(49), np.int64(7), np.int64(57), np.int64(0)]","[np.int64(20), np.int64(6), np.int64(0), np.int64(21), np.int64(8), np.int64(15), np.int64(48), np.int64(7), np.int64(18), np.int64(7), np.int64(30), np.int64(62), np.int64(62), np.int64(32), np.int64(7), np.int64(59), np.int64(27), np.int64(29), np.int64(45), np.int64(1), np.int64(55), np.int64(53), np.int64(43), np.int64(32), np.int64(21), np.int64(38), np.int64(46), np.int64(33), np.int64(2), np.int64(56), np.int64(45), np.int64(47), np.int64(4), np.int64(36), np.int64(63), np.int64(21), np.int64(55), np.int64(30), np.int64(0), np.int64(45), np.int64(57), np.int64(42), np.int64(30), np.int64(59), np.int64(62), np.int64(59), np.int64(59), np.int64(12), np.int64(0), np.int64(55), np.int64(31), np.int64(60), np.int64(9), np.int64(57), np.int64(12), np.int64(22), np.int64(16), np.int64(58), np.int64(25), np.int64(29), np.int64(54), np.int64(7), np.int64(0), np.int64(9)]",False,False,0.0,0.0,"[15 40  3  4 40 38 22 19 28 38  3 33  7  0 31 38 15 14  1 29 23  9 38 15
 22 49 27 35 59 40 55  4 16 48 18 49  6 53 40 31 40 15 53 53  4 26 58 51
 30 40 53 16 19  4 10  7 50 31 35 49  5 37 18 37]","[15 40 16  4 40 38 22 12 28 38 19 33 59  0 35 38 15 55 19 29  6 18 38 26
 22 49  5 26 59 40 35  4 16 48 30 18  9  6 40 31 40 19 53 53  4 26 58 51
 30 40 49 16 19  5 10 30 50 31 35 49  5 18 18 26]",True,True,0.96875,0.96875,"[15 40 25  2 40 38  4 58 28 38  3 33 59  0  9 38 32 55  1 29  6 18  5 26
 22 49  5 26 31 40 35  4 16 48 18 49  6 53 40  9 40 19 53 53  4 23 58 51
 30 40 18 45 50  4 10 30 50 31 59 49 42 18 39 42]","[15 40  7  2 40 53  4 58 58 38 19 33  7 45  9 50 15 14 50 29 23 18  5 15
 22 49 27 26 31 40 55  4 16 48 58 18  6 53 40 31 40 19  8 53  4 26 51 51
 30 40 49 46  5  4 10 30 50  7 35 49  5 18 18 37]",False,False,0.109375,0.078125,0.04,1.0,1.0,1,1,25,0.04,1.0,1.0,1,1,25,1.0,0.0,0.0,25,0,0,1.0,0.0,0.0,25,0,0,1.0,0.96,0.96,25,24,24,1.0,1.0,1.0,25,25,25,1.0,0.12,0.12,25,3,3,1.0,0.08,0.08,25,2,2
[0.         0.         0.         ... 0.         0.         1.00049988],"[41 24 44  6 27 39 24  5 34 41 61 44 15  7 24 39  6 34  1 56 20  5  0 62
 20 27 13 12 27 12  8  6 13 40 24 16 41  0 18 20 19 24  8 39 47 49 29 15
 21  1 14 50 15 18  6 58  5 52  6  7 62  1  7 12]","[41 24 30  6 27 39 24 34 34 41  0 61 15 16 24 39  6 34  1 50 20  5  0 62
 20 11 13 12 49 52  8  6 13 40 24 16 41 30 44 20 19 24  8 39 47 49 29  6
 17  1 14 29 15 29  6 58 41 16  6  8 62  1 17  8]",True,True,0.953125,0.953125,"[np.int64(17), np.int64(54), np.int64(34), np.int64(31), np.int64(60), np.int64(3), np.int64(17), np.int64(46), np.int64(24), np.int64(28), np.int64(32), np.int64(49), np.int64(8), np.int64(31), np.int64(53), np.int64(18), np.int64(41), np.int64(4), np.int64(3), np.int64(54), np.int64(52), np.int64(57), np.int64(7), np.int64(36), np.int64(16), np.int64(0), np.int64(41), np.int64(47), np.int64(24), np.int64(8), np.int64(46), np.int64(8), np.int64(41), np.int64(24), np.int64(6), np.int64(19), np.int64(16), np.int64(9), np.int64(26), np.int64(38), np.int64(13), np.int64(11), np.int64(51), np.int64(38), np.int64(19), np.int64(38), np.int64(26), np.int64(19), np.int64(46), np.int64(25), np.int64(39), np.int64(31), np.int64(48), np.int64(7), np.int64(56), np.int64(33), np.int64(11), np.int64(34), np.int64(43), np.int64(13), np.int64(58), np.int64(50), np.int64(2), np.int64(62)]","[np.int64(49), np.int64(20), np.int64(57), np.int64(19), np.int64(5), np.int64(19), np.int64(34), np.int64(31), np.int64(44), np.int64(6), np.int64(58), np.int64(30), np.int64(53), np.int64(60), np.int64(62), np.int64(2), np.int64(58), np.int64(15), np.int64(58), np.int64(38), np.int64(33), np.int64(41), np.int64(50), np.int64(32), np.int64(22), np.int64(58), np.int64(55), np.int64(50), np.int64(31), np.int64(33), np.int64(15), np.int64(12), np.int64(13), np.int64(31), np.int64(49), np.int64(56), np.int64(17), np.int64(52), np.int64(56), np.int64(60), np.int64(61), np.int64(28), np.int64(43), np.int64(56), np.int64(62), np.int64(50), np.int64(53), np.int64(30), np.int64(55), np.int64(48), np.int64(59), np.int64(34), np.int64(38), np.int64(58), np.int64(61), np.int64(45), np.int64(30), np.int64(27), np.int64(42), np.int64(53), np.int64(2), np.int64(49), np.int64(53), np.int64(14)]",False,False,0.0,0.0,"[41 24 30  6 27 39 24  5 34 41 61 61 15 36 24 39  9 34  1 40 20  5 61 62
 20 11 40 13 49 12  8  6 13 40 24 16 41 13 19 20 45 24  8 15 19 35 29  6
 21  1 14 29 15 29  9 63 41 50  6  7 62  1 17  7]","[13 24 44  6 27 39 24  5 34 41 61 54 15 30 24 39  6 34  1 56 20  5  0 62
 20 27 13 49 49 12  8 10 45 40 24 16 41 30 19 20 19 24  8 39 19 40 29  6
 13 63 14 50 15 18  6 58 41 50 13  8 62  1  7  8]",True,True,0.96875,0.96875,"[41 24 19  6 27 39 15  5 34 41 31 54 63 48 24 39 56 34 38 44 20  5  0 62
 20 11 40 12 27 52  8  6 13 40 24 16 41  0 44 20 45 24 61 39 47 35 29  6
 50  1 19 58 17 29  6 58 41 16  6  8 62  1  7  8]","[61 24 44  6 27 56 24 34 34 16 61 61 15 16 41 39 13 52 53 44 20 50  0 62
 20 32 13 12 27 51  8  6 25 40 24 16 41  0 19 20 26 24 61 39 11 49 29  6
 17  1 21 50 15 29  6 63 41 16 44  7 62  0 23  8]",True,False,0.109375,0.078125,0.04,1.0,1.0,1,1,25,0.04,1.0,1.0,1,1,25,1.0,0.0,0.0,25,0,0,1.0,0.0,0.0,25,0,0,1.0,1.0,1.0,25,25,25,1.0,1.0,1.0,25,25,25,1.0,0.04,0.04,25,1,1,1.0,0.04,0.04,25,1,1
[0.       0.       0.       ... 0.500999 0.       0.      ],"[14 48 51 43 14 12 52 45 63 41 17 26 14 43 31 43 14 48 34 39  0 44 11 14
  1  4  9 13 30 51 45 31 44 46 36 43 47 24 16 30 34 31 39 51 50 31 61 51
 50 46 14 31 12 30 61  2 30 60  3  3 29  7 11 16]","[14 48 51 43 14 12 52 45 63 41 17 26 14 43 31 43 14 60 34 39  0 26 11 14
  1  4  2 13 29 51 45 31  5 46 36 43 47 24 16  7 34 31 36 51 12 31 61 51
 43 46 14 31 12 30  5  2 30 60 15  3 29  7 11 16]",True,True,0.953125,0.953125,"[np.int64(54), np.int64(0), np.int64(37), np.int64(35), np.int64(44), np.int64(8), np.int64(39), np.int64(28), np.int64(39), np.int64(13), np.int64(57), np.int64(39), np.int64(14), np.int64(32), np.int64(22), np.int64(24), np.int64(40), np.int64(32), np.int64(17), np.int64(60), np.int64(61), np.int64(60), np.int64(53), np.int64(44), np.int64(59), np.int64(3), np.int64(52), np.int64(60), np.int64(56), np.int64(24), np.int64(32), np.int64(23), np.int64(43), np.int64(29), np.int64(63), np.int64(34), np.int64(4), np.int64(43), np.int64(22), np.int64(10), np.int64(58), np.int64(22), np.int64(60), np.int64(40), np.int64(21), np.int64(56), np.int64(0), np.int64(39), np.int64(61), np.int64(32), np.int64(37), np.int64(26), np.int64(38), np.int64(7), np.int64(28), np.int64(35), np.int64(2), np.int64(51), np.int64(30), np.int64(57), np.int64(34), np.int64(46), np.int64(7), np.int64(41)]","[np.int64(24), np.int64(57), np.int64(20), np.int64(5), np.int64(28), np.int64(39), np.int64(13), np.int64(48), np.int64(45), np.int64(23), np.int64(13), np.int64(48), np.int64(43), np.int64(52), np.int64(26), np.int64(10), np.int64(22), np.int64(45), np.int64(18), np.int64(5), np.int64(27), np.int64(52), np.int64(48), np.int64(63), np.int64(52), np.int64(47), np.int64(15), np.int64(35), np.int64(20), np.int64(25), np.int64(35), np.int64(30), np.int64(50), np.int64(31), np.int64(10), np.int64(22), np.int64(42), np.int64(2), np.int64(45), np.int64(18), np.int64(16), np.int64(28), np.int64(25), np.int64(50), np.int64(18), np.int64(15), np.int64(47), np.int64(39), np.int64(21), np.int64(11), np.int64(0), np.int64(6), np.int64(58), np.int64(30), np.int64(45), np.int64(11), np.int64(61), np.int64(53), np.int64(3), np.int64(7), np.int64(36), np.int64(3), np.int64(34), np.int64(38)]",False,False,0.0,0.0,"[14 48 51 60 14 29 59 45 63 41 17 26 14 43 31 58 14 48 34 55  0 44 11 14
  1  4  2 13  9 51 45 31 44 46 63 43 47 24 16  3 34 31 39 41 50 31 61 51
 50 46 14 31 38 30  3  2 30 60  3  3 29  7 11 58]","[14 48 51 43 14 29 52 45 63 41 17 26 14 43 31 35 14 60 34 27  0 26 11 14
  1  4  9 13  9 51 45 31 44 46 63 50 47 24 52 30 34 31 32 41 12 31 61 51
 50 46 14 31 12 30 63  2 52 60 15  6 29  7 11 16]",True,True,0.96875,0.96875,"[14 48 50 43 30 28 59 39 63 30 17 62 14 25 31 43 14 48 34 27  0 57 11 14
  1 35  2 13  9  0  2 31  5 46 63 50 47 24 19 30 34 31 39 41 50 31 61 51
 50 46 14 31 13 30  5  2 52 21 15  3 35 20 11 61]","[29 48 50 39 14 19 52 45 63 41 17 26 14 43 31 43 14 58 34  5  0 26 11 14
  1  5  2 13  9  0 45 31  5 46 63 25 34 24 19 30 34 31 32 30 50 31 15 50
 43 46 14 31 12 30  3 19 52 19  3  6  3  7 11 16]",False,False,0.109375,0.078125,0.04,1.0,1.0,1,1,25,0.04,1.0,1.0,1,1,25,1.0,0.0,0.0,25,0,0,1.0,0.0,0.0,25,0,0,1.0,0.96,0.96,25,24,24,1.0,1.0,1.0,25,25,25,1.0,0.04,0.04,25,1,1,1.0,0.2,0.2,25,5,5
[0.         0.         0.500999   ... 0.         0.70781353 1.00049988],"[58 47 17 30 45 48 44 58 58  0 47 58 28 63 24 28 26 44 32 13 17 39 57 63
 34 58 13 48 47 44 17 45 44 37 48 40 52 58 32 13 17 59 39 34 44 58 38 44
 17 37 52 28 47 50 27 23 20 47 44  6 22 29 40 17]","[58 47 17 30 45 48 44 58 58  0 47 58 28 63 24 28 26 44  2 13 17 39 11 63
 34 58 13 52 47 44 17 45 44 37 48 40 52 58 32 12 17 59 39 34 44 58 34 44
 17 37 52 28 47 50 27 23 11 47 44  6 22 29 45 17]",True,True,0.953125,0.953125,"[np.int64(41), np.int64(61), np.int64(7), np.int64(41), np.int64(7), np.int64(40), np.int64(44), np.int64(41), np.int64(23), np.int64(54), np.int64(30), np.int64(33), np.int64(58), np.int64(7), np.int64(19), np.int64(18), np.int64(46), np.int64(50), np.int64(31), np.int64(27), np.int64(48), np.int64(10), np.int64(32), np.int64(28), np.int64(15), np.int64(41), np.int64(20), np.int64(16), np.int64(13), np.int64(1), np.int64(7), np.int64(12), np.int64(4), np.int64(10), np.int64(15), np.int64(23), np.int64(8), np.int64(18), np.int64(46), np.int64(43), np.int64(36), np.int64(41), np.int64(45), np.int64(9), np.int64(49), np.int64(52), np.int64(55), np.int64(32), np.int64(6), np.int64(23), np.int64(31), np.int64(22), np.int64(4), np.int64(6), np.int64(43), np.int64(3), np.int64(60), np.int64(39), np.int64(55), np.int64(46), np.int64(28), np.int64(9), np.int64(44), np.int64(50)]","[np.int64(47), np.int64(24), np.int64(27), np.int64(57), np.int64(37), np.int64(47), np.int64(5), np.int64(26), np.int64(54), np.int64(60), np.int64(7), np.int64(12), np.int64(63), np.int64(19), np.int64(38), np.int64(34), np.int64(40), np.int64(30), np.int64(42), np.int64(18), np.int64(14), np.int64(24), np.int64(2), np.int64(8), np.int64(62), np.int64(22), np.int64(3), np.int64(42), np.int64(39), np.int64(19), np.int64(28), np.int64(27), np.int64(27), np.int64(20), np.int64(53), np.int64(18), np.int64(59), np.int64(52), np.int64(56), np.int64(34), np.int64(22), np.int64(12), np.int64(32), np.int64(51), np.int64(51), np.int64(56), np.int64(23), np.int64(45), np.int64(50), np.int64(23), np.int64(31), np.int64(10), np.int64(27), np.int64(4), np.int64(55), np.int64(27), np.int64(1), np.int64(27), np.int64(39), np.int64(60), np.int64(28), np.int64(42), np.int64(50), np.int64(33)]",False,False,0.0,0.0,"[58 29 17 30 45 48 44 58 58  8 47 58 61 63 24 28 26 44  2 13 17 39 11 41
 34 58 13 52 30 44 48 46 44 37 40 40 52 58  9 46 17 59 39 34 44 58 38 44
 17 37 18  8 63 15 33 26 20 47 44  6 22 29 45 17]","[58 47  6 30 45 48 44 58 58 18 47 58 28  8 24 28 26 44 32 42 17 39 11 63
 34 58 13 48 47 44 17 62 44 37 48 40 52 58 25 13 17 23 39 22 44 58 22 44
 11 37 18  8 47 15 33 23 11 47 44  6 22 29 18 32]",True,True,0.96875,0.96875,"[58  7  0 30 45 48 44 58 28  0 47 58 28 63 24 28 26 44 32 13 17 19 57 63
 34 38 13 54 47 44 17 45 44 37 40 40 52 58 32 12 17 57 39 22 44 32 34 44
 17 37 18 28 10 15 27 23 11 47 44  6 22 12 18 32]","[58 47 17 30 27 49 44 58 58 18 38 58 39 63 24 28 26 44 32 13 17 39 11 63
 34 58 13 48 47 44 18 45 44 37 40 40 52 58 32 46 17 57 39 22 44 32 39 44
 11 37 18 28 63 50 27 26 11 22 44  6 22 29 45 25]",False,False,0.109375,0.078125,0.04,1.0,1.0,1,1,25,0.04,1.0,1.0,1,1,25,1.0,0.0,0.0,25,0,0,1.0,0.0,0.0,25,0,0,1.0,0.96,0.96,25,24,24,1.0,1.0,1.0,25,25,25,1.0,0.2,0.2,25,5,5,1.0,0.12,0.12,25,3,3
[0.500999   0.         1.00049988 ... 0.500999   0.70781353 0.        ],"[ 4 58 48  4 28 63 14 22 39  3 63 15 59 14 61 61 58 52 61 28 48 14 63 61
 12 59 28 58 63 18 28 48 61 18 25 28 35 26 36 59 28 42 56 59 53 40 59 18
 59 48 32 47 32 42 36 43 10  7 59 63 23 63 13 63]","[19 58 48  4 28 63 14 22 39  3 63 15 15 14 10  5  6 52 61 28 42 14 63 61
 12 59 28 58 63 18 28 12 61 18 25 28 18 12 47 59 28 37 35 10 53 40 59 18
 15 48 32 47 48 42  0 43 10  7 59 63 23 63 13 63]",True,True,0.953125,0.953125,"[np.int64(1), np.int64(30), np.int64(12), np.int64(10), np.int64(39), np.int64(4), np.int64(6), np.int64(34), np.int64(56), np.int64(15), np.int64(34), np.int64(34), np.int64(10), np.int64(47), np.int64(61), np.int64(20), np.int64(60), np.int64(42), np.int64(3), np.int64(12), np.int64(38), np.int64(33), np.int64(61), np.int64(41), np.int64(3), np.int64(22), np.int64(49), np.int64(29), np.int64(11), np.int64(26), np.int64(3), np.int64(50), np.int64(13), np.int64(10), np.int64(37), np.int64(43), np.int64(53), np.int64(34), np.int64(12), np.int64(42), np.int64(54), np.int64(5), np.int64(5), np.int64(1), np.int64(47), np.int64(37), np.int64(47), np.int64(50), np.int64(35), np.int64(13), np.int64(58), np.int64(15), np.int64(9), np.int64(13), np.int64(55), np.int64(63), np.int64(46), np.int64(38), np.int64(32), np.int64(58), np.int64(42), np.int64(20), np.int64(48), np.int64(52)]","[np.int64(46), np.int64(6), np.int64(28), np.int64(42), np.int64(63), np.int64(10), np.int64(6), np.int64(44), np.int64(6), np.int64(42), np.int64(17), np.int64(57), np.int64(24), np.int64(27), np.int64(30), np.int64(19), np.int64(51), np.int64(60), np.int64(10), np.int64(16), np.int64(49), np.int64(52), np.int64(33), np.int64(27), np.int64(8), np.int64(1), np.int64(30), np.int64(14), np.int64(47), np.int64(58), np.int64(59), np.int64(13), np.int64(18), np.int64(10), np.int64(28), np.int64(59), np.int64(44), np.int64(33), np.int64(57), np.int64(5), np.int64(7), np.int64(50), np.int64(14), np.int64(43), np.int64(2), np.int64(38), np.int64(31), np.int64(27), np.int64(8), np.int64(23), np.int64(4), np.int64(47), np.int64(58), np.int64(29), np.int64(34), np.int64(32), np.int64(32), np.int64(17), np.int64(1), np.int64(21), np.int64(4), np.int64(46), np.int64(29), np.int64(47)]",False,False,0.0,0.0,"[19 60 48  4 15 63 19 22 39  3 63 15 59  1 61 61 57 11 28 28 48  8 63 61
 12 59 12 24 63 18 28 48 61 18 25 28 35 12 36 59 43 42 35 59 53 40 59 18
 59 48 32 47 58  0 24 43 10 20 59 63 23 63 38 63]","[ 4 60 42  4 28 63 14 22 21  3 63 15 15 29 61 61  6 11 61 14 42  6 63 61
 12 59 12  2 63 18 23 12 61 18 25 28 18 16 36 59 28 37 35 10 53 57 16 18
 15 48 32 47 48 33  0 43 10 20 26 63 23 63 13 63]",True,True,0.96875,0.96875,"[54 29 48 48 28 63 21 22 21  3 63 15 59 14 61  5 46 52 61 28 42 14 63 61
 27 59 28 58 63 13 13 12 61 18 25 28 35 12 36 59 45 20 35 10 53 40 16 23
 59 41 32 47 48 33  0 43 10 16 59 63  1 63 13 63]","[19 29 27  4 15 63 14 22 17  3 63 15 15 29 61  5 38 52 28 14 48 14 63 61
 12 59 28  2 63  1 48 12 61 18 25 28 35 16 47 59 28 20 35 10 53 40 59 23
 59  8 32 47 48 42 36 43 10 16 59 63 23 63 13 63]",False,False,0.109375,0.078125,0.04,1.0,1.0,1,1,25,0.04,1.0,1.0,1,1,25,1.0,0.0,0.0,25,0,0,1.0,0.0,0.0,25,0,0,1.0,0.96,0.96,25,24,24,1.0,1.0,1.0,25,25,25,1.0,0.08,0.08,25,2,2,1.0,0.08,0.08,25,2,2
[0. 0. 0. ... 0. 0. 0.],"[11 41 43 43  6 41 60 46 49 53 18 41 28 41 51 47 53 57 52 18 18 28 23 41
 16 35  9 16  6 57 18  9 28 52  4 53 45  6 41 31 46  6 49  6 42 35 49 41
 33 53 61  8 62 60 16 17  4 52 63  1 60 16 60 37]","[11 41 43 43  6 41 60 21 16 53 18 41 28 41 51  1 53 57 52 18 15 28 23  8
 16 35  4 16  6 47 18  9 28  4  4 53  8  6 41 31 46  6  4  6  0 35 49 16
 33 53 61  8 62 60 16 17  4 52 63  1 60 16 60 37]",True,True,0.953125,0.953125,"[np.int64(55), np.int64(14), np.int64(24), np.int64(33), np.int64(49), np.int64(44), np.int64(18), np.int64(56), np.int64(45), np.int64(23), np.int64(20), np.int64(45), np.int64(45), np.int64(32), np.int64(53), np.int64(38), np.int64(58), np.int64(24), np.int64(63), np.int64(49), np.int64(59), np.int64(54), np.int64(41), np.int64(29), np.int64(32), np.int64(5), np.int64(8), np.int64(18), np.int64(62), np.int64(18), np.int64(55), np.int64(17), np.int64(7), np.int64(3), np.int64(29), np.int64(57), np.int64(11), np.int64(63), np.int64(57), np.int64(32), np.int64(13), np.int64(13), np.int64(34), np.int64(55), np.int64(6), np.int64(42), np.int64(45), np.int64(34), np.int64(27), np.int64(2), np.int64(53), np.int64(56), np.int64(33), np.int64(2), np.int64(5), np.int64(23), np.int64(58), np.int64(50), np.int64(13), np.int64(16), np.int64(59), np.int64(3), np.int64(47), np.int64(16)]","[np.int64(5), np.int64(12), np.int64(33), np.int64(25), np.int64(39), np.int64(1), np.int64(22), np.int64(5), np.int64(43), np.int64(60), np.int64(50), np.int64(15), np.int64(7), np.int64(35), np.int64(54), np.int64(28), np.int64(3), np.int64(16), np.int64(19), np.int64(48), np.int64(35), np.int64(22), np.int64(20), np.int64(43), np.int64(45), np.int64(56), np.int64(58), np.int64(18), np.int64(16), np.int64(27), np.int64(24), np.int64(46), np.int64(63), np.int64(0), np.int64(16), np.int64(23), np.int64(57), np.int64(49), np.int64(57), np.int64(46), np.int64(37), np.int64(41), np.int64(21), np.int64(48), np.int64(33), np.int64(35), np.int64(11), np.int64(2), np.int64(45), np.int64(3), np.int64(16), np.int64(48), np.int64(60), np.int64(32), np.int64(50), np.int64(44), np.int64(16), np.int64(3), np.int64(26), np.int64(61), np.int64(52), np.int64(10), np.int64(52), np.int64(18)]",False,False,0.0,0.0,"[44 23 21 43  6 41 60 21  9 53  2 41 28 54 51  1 53 13 52 63 24 28 23 41
 59 35  4 11  6 47  5  9 28  4  4 62 40  6 41 31 42  6  4  6  5 35  7 41
 33 53 61 59 62 60 42 17  5 52 63  1 60 16 60  3]","[24 41 27 33  6 41 60 46 16 53  2 41 33 41 51 47 53 57 52 63 15 28 26  8
 46 35  9 16 49  5  5  9 26 16  7 53 40  6 41 31 46 23 54  6  5 35 49 16
 33 53  5 24 62 60 16 17  4 29 63 24 60 16 60 38]",True,True,0.96875,0.96875,"[11 41 21 43  6 41 60 22  9 53  2 27 28 24 51  1 47 57 20 18 15 28 23 41
 59 35  4 29  6 47 18  9 28  4  4 62  8  6 41 31 46  1 18  6  5 47 49 16
 33 53 61 24 62 60 38 17 59 52 10  1 60 16 60 38]","[24 41 43 43  6 44 60 34 49 26 18 41 33 24 51 47 53 57 20 18 15  2 23  8
 16 35  4 16  6 57 18 47 28 16  0 62 40  6 54 31 42  6  4  2 42 11  7 41
 51 35  5 24 62 60 42 17  4 52 63 24 60 16 60 37]",False,False,0.109375,0.078125,0.04,1.0,1.0,1,1,25,0.04,1.0,1.0,1,1,25,1.0,0.0,0.0,25,0,0,1.0,0.0,0.0,25,0,0,1.0,1.0,1.0,25,25,25,1.0,1.0,1.0,25,25,25,1.0,0.04,0.04,25,1,1,1.0,0.0,0.0,25,0,0
[0.         0.70781353 0.         ... 0.         0.         0.500999  ],"[33 17 13  8 29 59 43 32 46 20 17 45 20 59 58 43 32 46 10 55  8 26 26 23
 15 39 33 39 29 33 57 35  6 46 55 15 45 63 57 61 18  2 57 46 10  0 23 10
 28 15 45 61 20 55 28 43 63 55 17  8 15  8 50 33]","[33 17 13  8  0 59 43 32 46 20 17  4 20  0 58 43 11 46 10 55  8 58 16 23
 15 39 33 18 29 33 57 35  6 46 55 15 45 63 57 61 18  2 57 46  6  0 23 10
 28 15 45 61 20 55 28 43  1 55 55  8 15  8 32 33]",True,True,0.953125,0.953125,"[np.int64(45), np.int64(38), np.int64(15), np.int64(21), np.int64(45), np.int64(57), np.int64(15), np.int64(21), np.int64(46), np.int64(19), np.int64(23), np.int64(41), np.int64(45), np.int64(11), np.int64(62), np.int64(23), np.int64(10), np.int64(3), np.int64(11), np.int64(18), np.int64(52), np.int64(2), np.int64(56), np.int64(2), np.int64(45), np.int64(61), np.int64(61), np.int64(28), np.int64(35), np.int64(50), np.int64(16), np.int64(39), np.int64(23), np.int64(55), np.int64(15), np.int64(14), np.int64(35), np.int64(2), np.int64(19), np.int64(60), np.int64(26), np.int64(2), np.int64(56), np.int64(50), np.int64(17), np.int64(12), np.int64(55), np.int64(34), np.int64(4), np.int64(47), np.int64(59), np.int64(15), np.int64(8), np.int64(41), np.int64(48), np.int64(34), np.int64(39), np.int64(63), np.int64(34), np.int64(28), np.int64(33), np.int64(14), np.int64(24), np.int64(30)]","[np.int64(22), np.int64(52), np.int64(14), np.int64(7), np.int64(25), np.int64(6), np.int64(25), np.int64(19), np.int64(44), np.int64(35), np.int64(63), np.int64(43), np.int64(17), np.int64(31), np.int64(61), np.int64(54), np.int64(63), np.int64(11), np.int64(60), np.int64(19), np.int64(47), np.int64(8), np.int64(34), np.int64(50), np.int64(1), np.int64(33), np.int64(2), np.int64(9), np.int64(51), np.int64(17), np.int64(46), np.int64(34), np.int64(1), np.int64(50), np.int64(25), np.int64(21), np.int64(24), np.int64(23), np.int64(62), np.int64(1), np.int64(62), np.int64(0), np.int64(52), np.int64(40), np.int64(58), np.int64(42), np.int64(27), np.int64(40), np.int64(49), np.int64(25), np.int64(11), np.int64(37), np.int64(62), np.int64(0), np.int64(34), np.int64(43), np.int64(3), np.int64(7), np.int64(14), np.int64(3), np.int64(17), np.int64(55), np.int64(15), np.int64(37)]",False,False,0.0,0.0,"[33 29 13  8 29 59 43 32 46 20 13 53 57 59 45 43 18 46 63  5  8 38 16 23
 61 39 33 39  3 17 57 35  5 46 55 15 45 63 57  3 18  2 57 46 45  0 23 10
 25 15 45 61 20 55 28 43 63 55  3  8 15  8 50 33]","[33 17 13 58 29 59 44 32 46 39 17  4 57 59 58 43 18 46 10 24  8 58 26 23
 15 48 33 56 29 17 57 36  6 46 55 15 45 63 57 27 18  2 57 46 53 14 23 10
 28 15 45  1 20 55 28 43  1 55 55 55 15 51 32 33]",True,True,0.96875,0.96875,"[45 29 13 58  0 59 43 37 46 12 17 45  9 59 45 43 11 46 63 24  8 26 26 23
 61 39 33 56  3 33 57 35  6 46 10 15 45 62 57  3  2  2 57 46 45 14 23 10
 25 15 45 61 20 57 28 57 12 38 17  8 15  8 50 33]","[33 29 13 58 29  6 44 32 46 49 18 45 20 59  3 43 18 46 19 24  9 58 26 23
 61 39 10 56 29 17 57 35  6 46 10 15 35  7 57 61 18  2 57 46 45  0 23 10
 25 15 11  1 20 55 28 43 63 53 55  8 15 24 32 33]",False,False,0.109375,0.078125,0.04,1.0,1.0,1,1,25,0.04,1.0,1.0,1,1,25,1.0,0.0,0.0,25,0,0,1.0,0.0,0.0,25,0,0,1.0,0.96,0.96,25,24,24,1.0,1.0,1.0,25,25,25,1.0,0.04,0.04,25,1,1,1.0,0.12,0.12,25,3,3
[1.00049988 0.500999   0.         ... 0.         0.         0.        ],"[45 50 45 26 31 14 29  9 47 51 50 11 43  5 50  7 17 14 36  9 52 51 57 39
 23 17 14  0 23 38 55 51 62 53 19 31 23 36 51 50 36  0  5 10 30 50  5 62
 43 17 11 10  9 45 41 45 24 48  5 21 37 43  1 14]","[45 50 45 26 31 14 19 17 47 51 50 11 26  5 50  7 17 14 30  9 25 51 57 39
 23 17 14  0 26 38 55  2 52 53  8 31 23 35  2 50 54  0  5 10 30 50  5 36
 43 17 11 10  9 45 41 45 16 16  5 30 37 17  1 14]",True,True,0.953125,0.953125,"[np.int64(9), np.int64(32), np.int64(0), np.int64(44), np.int64(33), np.int64(17), np.int64(23), np.int64(55), np.int64(48), np.int64(3), np.int64(57), np.int64(25), np.int64(0), np.int64(0), np.int64(9), np.int64(52), np.int64(25), np.int64(31), np.int64(30), np.int64(21), np.int64(20), np.int64(58), np.int64(42), np.int64(52), np.int64(23), np.int64(62), np.int64(17), np.int64(26), np.int64(25), np.int64(39), np.int64(41), np.int64(18), np.int64(56), np.int64(14), np.int64(27), np.int64(54), np.int64(59), np.int64(44), np.int64(42), np.int64(62), np.int64(18), np.int64(48), np.int64(21), np.int64(33), np.int64(45), np.int64(47), np.int64(52), np.int64(6), np.int64(59), np.int64(16), np.int64(40), np.int64(12), np.int64(50), np.int64(33), np.int64(13), np.int64(48), np.int64(62), np.int64(41), np.int64(8), np.int64(52), np.int64(63), np.int64(32), np.int64(22), np.int64(9)]","[np.int64(54), np.int64(8), np.int64(57), np.int64(29), np.int64(51), np.int64(47), np.int64(62), np.int64(46), np.int64(60), np.int64(55), np.int64(43), np.int64(37), np.int64(36), np.int64(34), np.int64(30), np.int64(58), np.int64(16), np.int64(63), np.int64(6), np.int64(26), np.int64(46), np.int64(38), np.int64(11), np.int64(51), np.int64(35), np.int64(2), np.int64(38), np.int64(38), np.int64(38), np.int64(59), np.int64(14), np.int64(1), np.int64(36), np.int64(15), np.int64(5), np.int64(29), np.int64(29), np.int64(47), np.int64(3), np.int64(47), np.int64(12), np.int64(57), np.int64(26), np.int64(41), np.int64(49), np.int64(0), np.int64(1), np.int64(33), np.int64(13), np.int64(24), np.int64(35), np.int64(52), np.int64(35), np.int64(30), np.int64(17), np.int64(30), np.int64(61), np.int64(38), np.int64(54), np.int64(41), np.int64(29), np.int64(16), np.int64(19), np.int64(50)]",False,False,0.0,0.0,"[ 1 50 45 28 31 14 19  9 47 63 50 11 43  5 50  7 56 14 30 57 25 51 44 39
 23 17  1  0 63 56 55  2 26 63 19 31 23 56  2 50 36  0  5 10 30 50  5 62
 36 17 11 10  4 45 46 45 24 30  5 30 37 43 23 14]","[23 50 45 28 52 14 19 17 57  5 50 11 16  5 50  7 17 14 36 48 25 17 57 39
 23 17 14  0 17 38 55  2 26 26 19 31 48 56  2 50 61 53  5 10 30 50  5 49
 46 28 11 10 32 26 41 45 16 30  5 16 57 17  1  9]",True,True,0.96875,0.96875,"[45 50 31 28 56  9 29 17 57 51 50 11 26  5 50  7 56 14 30 34 40 51 44 28
 23 17  1  0 63 38 57  4 62 63 19 31 48 60  2 50 36 46  5 10 30 50 54 62
 43 28 11  9 32 45 47 45 29 48  5 21 37 17 32 33]","[ 1 50 38 26 56  9 19 17 47 51 50 11 16 48 50  7 12  7 36 48 52 51 57 39
 23 17 53 48 54  6 59  2  4 28 19 31 23 56  0 50 20  0 22 10 30 50 38 62
 25 28 11 31  9 45 12 45 29 16  5 30 37 17 23 14]",False,False,0.109375,0.078125,0.04,1.0,1.0,1,1,25,0.04,1.0,1.0,1,1,25,1.0,0.0,0.0,25,0,0,1.0,0.0,0.0,25,0,0,1.0,1.0,1.0,25,25,25,1.0,1.0,1.0,25,25,25,1.0,0.04,0.04,25,1,1,1.0,0.04,0.04,25,1,1
[0.         0.         0.500999   ... 0.         0.70781353 1.00049988],"[58 47 17 30 45 48 44 58 58  0 47 58 28 63 24 28 26 44 32 13 17 39 57 63
 34 58 13 48 47 44 17 45 44 37 48 40 52 58 32 13 17 59 39 34 44 58 38 44
 17 37 52 28 47 50 27 23 20 47 44  6 22 29 40 17]","[58 47 17 30 45 48 44 58 58  0 47 58 28 63 24 28 26 44  2 13 17 39 11 63
 34 58 13 52 47 44 17 45 44 37 48 40 52 58 32 12 17 59 39 34 44 58 34 44
 17 37 52 28 47 50 27 23 11 47 44  6 22 29 45 17]",True,True,0.953125,0.953125,"[np.int64(16), np.int64(6), np.int64(38), np.int64(28), np.int64(58), np.int64(41), np.int64(18), np.int64(23), np.int64(37), np.int64(53), np.int64(38), np.int64(47), np.int64(36), np.int64(50), np.int64(46), np.int64(29), np.int64(28), np.int64(12), np.int64(23), np.int64(43), np.int64(0), np.int64(5), np.int64(41), np.int64(11), np.int64(5), np.int64(6), np.int64(45), np.int64(45), np.int64(18), np.int64(24), np.int64(0), np.int64(19), np.int64(36), np.int64(19), np.int64(55), np.int64(49), np.int64(21), np.int64(18), np.int64(14), np.int64(37), np.int64(17), np.int64(33), np.int64(0), np.int64(6), np.int64(61), np.int64(19), np.int64(22), np.int64(58), np.int64(10), np.int64(32), np.int64(31), np.int64(62), np.int64(31), np.int64(21), np.int64(7), np.int64(51), np.int64(53), np.int64(59), np.int64(12), np.int64(51), np.int64(8), np.int64(60), np.int64(18), np.int64(35)]","[np.int64(17), np.int64(16), np.int64(61), np.int64(15), np.int64(22), np.int64(27), np.int64(16), np.int64(22), np.int64(4), np.int64(20), np.int64(4), np.int64(19), np.int64(25), np.int64(42), np.int64(12), np.int64(5), np.int64(24), np.int64(17), np.int64(31), np.int64(30), np.int64(34), np.int64(30), np.int64(59), np.int64(34), np.int64(63), np.int64(33), np.int64(4), np.int64(2), np.int64(1), np.int64(17), np.int64(18), np.int64(25), np.int64(28), np.int64(29), np.int64(41), np.int64(40), np.int64(55), np.int64(44), np.int64(8), np.int64(6), np.int64(55), np.int64(20), np.int64(55), np.int64(5), np.int64(57), np.int64(29), np.int64(56), np.int64(5), np.int64(4), np.int64(56), np.int64(3), np.int64(42), np.int64(42), np.int64(2), np.int64(48), np.int64(44), np.int64(54), np.int64(20), np.int64(30), np.int64(31), np.int64(57), np.int64(56), np.int64(38), np.int64(62)]",False,False,0.0,0.0,"[58 47  6 30 45 48 44 58 58  0 47 58 36  8 24 28 26 44 32 13 17 19 11 63
 34 58 55  4 47 44 48 45 44 37 48 52 52 58 32 21 17 59 39 22 44 58 22 44
 17 37 52 28 47 50 27 23 11 47 44  6 22 29 45 32]","[58 47  6 30 45 49 44 58 58  0 47 58 39 39 24 28 26 44 32 42 17 39 11 63
 34 58 13 52 47 44 28 45 44  8 46 40 18 45 32 46 17 57 39 34 44 58 38 44
 11 37 18  8 47 15 27 26 22 47 44  6 22 29 45 32]",True,True,0.96875,0.96875,"[ 2 47  6 30 45 48 44 58 58 38 47 58 28 63 24 28 26 44 11 13 17 19  9 63
 34 58 13 48 29 44 18 45 44  8 40 40 12 58 32 12 17 59 19 34 44 58 38 44
 62 37 18 28 63 50 27 23 20 47 44 41 22 29 48 17]","[58 47 17 30 27 48 44 58 58  0 38 58 39  8 24 28 26 44  2 42 17 39  9 41
 34 63 55  4 47 44 18 45 44 37 40 40 18 58 32 13 17 57 39 22 44 58 34 44
 11 37 52 28 47 15 27 23 11 47 44  6 22 29 18 17]",False,False,0.109375,0.078125,0.04,1.0,1.0,1,1,25,0.04,1.0,1.0,1,1,25,1.0,0.0,0.0,25,0,0,1.0,0.0,0.0,25,0,0,1.0,0.88,0.88,25,22,22,1.0,1.0,1.0,25,25,25,1.0,0.08,0.08,25,2,2,1.0,0.16,0.16,25,4,4
[1.00049988 0.70781353 1.00049988 ... 0.         0.         0.        ],"[59  2 56 13 44 11 32 53 41 53 41 56 21 16 30 24 41 32 24 57 17  8  0 36
 59  0 13 13 23 17 10 10 62 10 51 17 56 62 21 41 38 41 10 37 59 17 61 34
 52 32 42  8 59 37 13 39 41 42 11 41 17 39 41 14]","[59  2 56  6 44 52 51 53 41 53 41 56 21 16 44 24 41 13 32 34 17  8  0 36
  8  0 44 13 23 17 10 10 62 10 51 43 56 62 21 41 38 41 10 37 59 17 61 34
  6 32 37  8 59 37 11 39 41 42 11 41  5 39 41 50]",True,True,0.953125,0.953125,"[np.int64(26), np.int64(25), np.int64(30), np.int64(21), np.int64(21), np.int64(58), np.int64(27), np.int64(24), np.int64(23), np.int64(48), np.int64(15), np.int64(37), np.int64(22), np.int64(18), np.int64(14), np.int64(14), np.int64(29), np.int64(40), np.int64(50), np.int64(27), np.int64(15), np.int64(22), np.int64(5), np.int64(29), np.int64(27), np.int64(31), np.int64(19), np.int64(11), np.int64(51), np.int64(20), np.int64(29), np.int64(50), np.int64(60), np.int64(35), np.int64(22), np.int64(14), np.int64(28), np.int64(30), np.int64(11), np.int64(54), np.int64(2), np.int64(46), np.int64(60), np.int64(47), np.int64(29), np.int64(55), np.int64(8), np.int64(30), np.int64(55), np.int64(45), np.int64(47), np.int64(48), np.int64(38), np.int64(2), np.int64(30), np.int64(17), np.int64(12), np.int64(26), np.int64(56), np.int64(6), np.int64(50), np.int64(29), np.int64(57), np.int64(29)]","[np.int64(62), np.int64(58), np.int64(39), np.int64(53), np.int64(1), np.int64(3), np.int64(20), np.int64(19), np.int64(56), np.int64(19), np.int64(62), np.int64(42), np.int64(4), np.int64(37), np.int64(24), np.int64(62), np.int64(17), np.int64(28), np.int64(6), np.int64(42), np.int64(22), np.int64(35), np.int64(59), np.int64(10), np.int64(29), np.int64(12), np.int64(1), np.int64(28), np.int64(33), np.int64(33), np.int64(8), np.int64(52), np.int64(18), np.int64(41), np.int64(17), np.int64(43), np.int64(20), np.int64(44), np.int64(34), np.int64(8), np.int64(5), np.int64(55), np.int64(4), np.int64(4), np.int64(19), np.int64(6), np.int64(30), np.int64(30), np.int64(36), np.int64(55), np.int64(43), np.int64(14), np.int64(48), np.int64(61), np.int64(58), np.int64(42), np.int64(18), np.int64(39), np.int64(7), np.int64(24), np.int64(36), np.int64(53), np.int64(37), np.int64(61)]",False,False,0.0,0.0,"[59 14 56  6 44 52 32 53 41 53 41 59 43 16 30 52 41 32 32 57 17  8 14 12
 59  0 13 13 46 18 10 10 16 32  0 18 56 62 34 41 38 41 10 37 59 18 22 34
 52 53 37  8 59 37 11 39 41 42 11 41 48 11 41 14]","[34 14 56 13 44 52 32 53 41 53 41 56 21 16 44 24 41 61 32  3 47 61 14 36
 59  1 44 13 23 17 10 10 17 10 17 43 56 62 21 41 29 41 10 37 59 17 61 26
 52 32 42  8 59 37 11 39 41 42 11 41 48 39 41 50]",True,True,0.96875,0.96875,"[59  2 56 34 44 21  2 53 41 53 41 59 43 16 30 52 41 13 24 57 17 61 60 36
  8  1 13 46 23 35 10 10 16 10 17 43 61 32 21 41 29 41 10 61 59 17 61 34
 52  2 37 44  5 49 11 39 41 19 11 41 17 36 41 57]","[59  2 49 13 44 21  0 53 41 53 41 13 43 16 44 55 41 61 35  3 17  8  0 31
  8  0 44 13 46 17 10 10 62 32 51 18 56 62 34 41 29 41 10 37 61 17 61 26
 26  2 37  6 59 37 11 39 41 63 11 41 17 39 41 25]",False,False,0.109375,0.078125,0.04,1.0,1.0,1,1,25,0.04,1.0,1.0,1,1,25,1.0,0.0,0.0,25,0,0,1.0,0.0,0.0,25,0,0,1.0,0.96,0.96,25,24,24,1.0,1.0,1.0,25,25,25,1.0,0.12,0.12,25,3,3,1.0,0.12,0.12,25,3,3
[1.00049988 0.         0.         ... 0.         0.         1.00049988],"[ 5  6 39 34  4 10 35  8  4 48 35 59 30 61  8 54 57  7 52 14 39 52 52 14
  8 10 30 39 39 57 48  2 52 24  7  4 17 58 47 35 47 48  6 28 54 58 43  7
 39 27 33  5  8 22  5 47 34  6 52 48 28 17 17 18]","[ 5 14 39 34  4 10 35  8  4 48 35 59 30 61  8 54 57  7 52 14 39 52 52 14
  8 14 30 39 39 25  1  2 52 24  7  4  9 58  9 35 47 25  6 28 37 58 36  2
 39 27 33 33  8 22  5 47 34  2 52 48 28 49 17 23]",True,True,0.953125,0.953125,"[np.int64(63), np.int64(47), np.int64(40), np.int64(5), np.int64(22), np.int64(63), np.int64(38), np.int64(23), np.int64(17), np.int64(33), np.int64(7), np.int64(15), np.int64(4), np.int64(49), np.int64(54), np.int64(48), np.int64(50), np.int64(28), np.int64(63), np.int64(20), np.int64(21), np.int64(19), np.int64(25), np.int64(62), np.int64(39), np.int64(43), np.int64(34), np.int64(50), np.int64(59), np.int64(61), np.int64(28), np.int64(36), np.int64(62), np.int64(32), np.int64(18), np.int64(51), np.int64(46), np.int64(26), np.int64(37), np.int64(8), np.int64(60), np.int64(4), np.int64(33), np.int64(27), np.int64(5), np.int64(24), np.int64(16), np.int64(34), np.int64(26), np.int64(42), np.int64(54), np.int64(28), np.int64(58), np.int64(37), np.int64(24), np.int64(46), np.int64(20), np.int64(3), np.int64(22), np.int64(23), np.int64(63), np.int64(56), np.int64(20), np.int64(61)]","[np.int64(5), np.int64(52), np.int64(59), np.int64(37), np.int64(36), np.int64(15), np.int64(21), np.int64(51), np.int64(43), np.int64(27), np.int64(60), np.int64(19), np.int64(7), np.int64(59), np.int64(14), np.int64(1), np.int64(18), np.int64(36), np.int64(46), np.int64(8), np.int64(39), np.int64(7), np.int64(22), np.int64(33), np.int64(22), np.int64(42), np.int64(37), np.int64(23), np.int64(35), np.int64(11), np.int64(12), np.int64(43), np.int64(13), np.int64(45), np.int64(31), np.int64(21), np.int64(33), np.int64(27), np.int64(62), np.int64(28), np.int64(25), np.int64(53), np.int64(41), np.int64(22), np.int64(5), np.int64(15), np.int64(8), np.int64(3), np.int64(5), np.int64(34), np.int64(6), np.int64(28), np.int64(33), np.int64(36), np.int64(33), np.int64(62), np.int64(32), np.int64(10), np.int64(1), np.int64(35), np.int64(29), np.int64(35), np.int64(55), np.int64(9)]",False,False,0.0,0.0,"[ 5 14 57 34  4 25 35  8  4  2 35 59 30 61  8 56 57  7 52 14 39 10 52 14
  8 10 30 39 39 57 34  2 59 24  7  4 17 58 12 35 47 21  6 55 37 43 43  7
 59 61 33 33 21 22  5 47 34  6 45 30 28 17 17 18]","[ 5 14 39 34  4 10 35  8  4 48 35 59 30 61  8 36 47  7 52 14 39 52 52 14
  8 14 30 25 39 25  1  2 59 50  7  4  9 44  9 35 47 48  6 45 54 29 36  7
  7 45 29  5  8 22 29 47 50  6 52 25 28 17 17 18]",True,True,0.96875,0.96875,"[ 5 14 39 34  4 10 35  8  4 48 35 59 38 61  8 36 47  7 22 14 39 52 52 14
  8 14 30 25 39 25  5 17  7 24  7  4 17 58 47 35 47 48 58 45 37 58 43  2
 25 61 29 33  8 22 44 47 34  6 52 48 37 37 17 23]","[ 5  6 39 34  4 25 35  8  4  2 35 59 38 61  8 54 57  7 63 14 39 52 52  2
  8 14 30 39 39 25  1  2 59 51  7  4 15 58 12 35 47 21 41 55 37 49 43  7
 39 27 29 33  8 22 29 47 34  6 23 32 58 37 17 18]",True,False,0.109375,0.078125,0.04,1.0,1.0,1,1,25,0.04,1.0,1.0,1,1,25,1.0,0.0,0.0,25,0,0,1.0,0.0,0.0,25,0,0,1.0,1.0,1.0,25,25,25,1.0,1.0,1.0,25,25,25,1.0,0.16,0.16,25,4,4,1.0,0.04,0.04,25,1,1
[0.500999   0.         0.         ... 0.70781353 0.         1.00049988],"[26 58 53 40 36 58  7 28 39 51 35 33  7 18  7 56 38  6 28 47 35 31 18 41
 42 31  7 47 28 37 22 28 12 55 31 51 55 22 40 10 28 18 55 57 47 55 21  7
 41 36 23 28 31 31 48 28 58 55 55 60 18 47 26 33]","[26 57 53 40 42 62  7 28 39 51 35 33  7 18  7 56 12  6 28 12 35 31 18  2
 12 31  7 42 28 37 43 28 12 55 31 51 55 22 40 10 28 18 55 33 47 55 21  7
 44 36 23 28 31 18 48 28 41 55 55 60 18 47 10 14]",True,True,0.953125,0.953125,"[np.int64(57), np.int64(51), np.int64(41), np.int64(37), np.int64(51), np.int64(50), np.int64(18), np.int64(27), np.int64(49), np.int64(16), np.int64(11), np.int64(10), np.int64(40), np.int64(21), np.int64(20), np.int64(46), np.int64(24), np.int64(0), np.int64(42), np.int64(56), np.int64(24), np.int64(23), np.int64(17), np.int64(37), np.int64(0), np.int64(37), np.int64(13), np.int64(33), np.int64(50), np.int64(38), np.int64(42), np.int64(62), np.int64(53), np.int64(28), np.int64(63), np.int64(4), np.int64(10), np.int64(36), np.int64(16), np.int64(46), np.int64(2), np.int64(50), np.int64(24), np.int64(21), np.int64(59), np.int64(25), np.int64(59), np.int64(0), np.int64(27), np.int64(3), np.int64(47), np.int64(48), np.int64(39), np.int64(17), np.int64(15), np.int64(37), np.int64(62), np.int64(4), np.int64(18), np.int64(60), np.int64(63), np.int64(57), np.int64(32), np.int64(24)]","[np.int64(57), np.int64(5), np.int64(55), np.int64(35), np.int64(54), np.int64(9), np.int64(57), np.int64(0), np.int64(30), np.int64(7), np.int64(24), np.int64(59), np.int64(16), np.int64(11), np.int64(47), np.int64(63), np.int64(13), np.int64(44), np.int64(27), np.int64(36), np.int64(31), np.int64(32), np.int64(58), np.int64(54), np.int64(20), np.int64(18), np.int64(34), np.int64(51), np.int64(57), np.int64(10), np.int64(36), np.int64(22), np.int64(19), np.int64(34), np.int64(57), np.int64(57), np.int64(30), np.int64(43), np.int64(31), np.int64(32), np.int64(25), np.int64(45), np.int64(25), np.int64(4), np.int64(17), np.int64(52), np.int64(29), np.int64(8), np.int64(20), np.int64(1), np.int64(49), np.int64(29), np.int64(34), np.int64(36), np.int64(7), np.int64(23), np.int64(34), np.int64(46), np.int64(16), np.int64(53), np.int64(10), np.int64(60), np.int64(44), np.int64(35)]",False,False,0.0,0.0,"[26 58 53 40 62 58  7 28 39 51 35 61  7 18 53 56 38  3 28 12 35 31 18  2
 12 31 52 26 28 37 22 28 16 52 31 51 55 22 40 48 28 18 55 57 34 55 21  7
 41 36 23 28 31 18 48 28 41 55 34 60 18 59 10 22]","[26 57 53 40 42 58  7 28 39 12 35 33  7 18  7 56 12  6 28 63 24 31 30  2
 42  4  7 47 28 37 61 28 12 55 31 51 55 24 53 10 28 18 55 33 47 14 21  7
 41 36 23 28 31 18 48 28 41 55 55 33 18 47 26 14]",True,True,0.96875,0.96875,"[ 3 58 23 34 42 58  7 28 39 51  9 33  7 18  7 39 38  3 28 12 35 31 18 41
 12 31 52 42 28 37 22 28 16 11 31 51 55 22 40 48 28 18 55 17 33 55 21  7
 39 36 23 28 31 31 48 28 58 55 55 33 59 59  4 14]","[ 3 57 48 17 42 62  7 28 39 12  9 33  7 18  7 39 38 43 28 63 35 31 18  2
 12 42 52 47 28 37 61 28 16 55 58 51  4 22 16 10 28 18 55 57 59 55 21  7
  2 36 23 28 26 18 48 28 58 55  5 61 18 47 10 14]",False,False,0.109375,0.078125,0.04,1.0,1.0,1,1,25,0.04,1.0,1.0,1,1,25,1.0,0.0,0.0,25,0,0,1.0,0.0,0.0,25,0,0,1.0,1.0,1.0,25,25,25,1.0,1.0,1.0,25,25,25,1.0,0.2,0.2,25,5,5,1.0,0.08,0.08,25,2,2
[0.       0.       0.       ... 0.500999 0.       0.      ],"[14 48 51 43 14 12 52 45 63 41 17 26 14 43 31 43 14 48 34 39  0 44 11 14
  1  4  9 13 30 51 45 31 44 46 36 43 47 24 16 30 34 31 39 51 50 31 61 51
 50 46 14 31 12 30 61  2 30 60  3  3 29  7 11 16]","[14 48 51 43 14 12 52 45 63 41 17 26 14 43 31 43 14 60 34 39  0 26 11 14
  1  4  2 13 29 51 45 31  5 46 36 43 47 24 16  7 34 31 36 51 12 31 61 51
 43 46 14 31 12 30  5  2 30 60 15  3 29  7 11 16]",True,True,0.953125,0.953125,"[np.int64(48), np.int64(44), np.int64(24), np.int64(7), np.int64(53), np.int64(36), np.int64(0), np.int64(38), np.int64(7), np.int64(26), np.int64(56), np.int64(50), np.int64(17), np.int64(63), np.int64(52), np.int64(24), np.int64(16), np.int64(22), np.int64(3), np.int64(34), np.int64(50), np.int64(4), np.int64(33), np.int64(60), np.int64(41), np.int64(4), np.int64(49), np.int64(35), np.int64(29), np.int64(55), np.int64(43), np.int64(28), np.int64(33), np.int64(39), np.int64(12), np.int64(26), np.int64(6), np.int64(0), np.int64(15), np.int64(16), np.int64(32), np.int64(57), np.int64(35), np.int64(62), np.int64(15), np.int64(10), np.int64(51), np.int64(54), np.int64(11), np.int64(55), np.int64(4), np.int64(50), np.int64(22), np.int64(33), np.int64(22), np.int64(15), np.int64(51), np.int64(51), np.int64(5), np.int64(57), np.int64(62), np.int64(34), np.int64(0), np.int64(57)]","[np.int64(1), np.int64(40), np.int64(0), np.int64(46), np.int64(57), np.int64(60), np.int64(42), np.int64(58), np.int64(0), np.int64(10), np.int64(38), np.int64(0), np.int64(35), np.int64(8), np.int64(46), np.int64(47), np.int64(15), np.int64(36), np.int64(6), np.int64(43), np.int64(36), np.int64(56), np.int64(49), np.int64(28), np.int64(1), np.int64(13), np.int64(46), np.int64(0), np.int64(53), np.int64(42), np.int64(63), np.int64(34), np.int64(29), np.int64(50), np.int64(12), np.int64(54), np.int64(0), np.int64(53), np.int64(15), np.int64(56), np.int64(43), np.int64(7), np.int64(6), np.int64(12), np.int64(1), np.int64(11), np.int64(13), np.int64(58), np.int64(18), np.int64(57), np.int64(21), np.int64(2), np.int64(21), np.int64(19), np.int64(26), np.int64(54), np.int64(14), np.int64(24), np.int64(23), np.int64(22), np.int64(9), np.int64(25), np.int64(59), np.int64(52)]",False,False,0.0,0.0,"[14 48 51 43 14 29 52 45 63 41 17 26 14 43 31 43 14 48 34 26  0 26 11 14
  1  4  4 19 30  0  4 31 44 46 36 50 32 24 44  3 34 31 32 41 50 31 15 51
 50 46 14 31 12 30  3  2 30 60  3  3 29 20 11 16]","[14 48 51 43 14 12 52 45 63 30 17 26 14 36 31 35 14 48 34 26  0 26 11 14
  1 13  9 13 30 51 45 31  3 46 63 43 47 24 44 30 34 31 36 41 50 31 61 51
 50 46 47 31 13 48  5  2 30 21 63  6 29  7 11 16]",True,True,0.96875,0.96875,"[14 48 51 43 14 12 52 45 63 41 17 26 14 43 31 35  7 60 34 26  0 26 11 14
  1  4  9 19  5 51  9 31  3 46 36 15 47 24 44  3 34 31 39 51 12 31 61 51
 43 46 14 31 12 30 63  2 30 21 15  3 17  7 11 16]","[14 48 51 54 14 19 52 45 63 30 17 26  7  5 31 56 14 60 34 39 61 44 11 14
  1  4  2 13  9 51  9 31  5 46 63 50 47 24 44 30 34 31 32 41 12 31 15 51
 50 46 14 31 38 30  3 19 52 60 17  3 29 54 11 58]",False,False,0.109375,0.078125,0.04,1.0,1.0,1,1,25,0.04,1.0,1.0,1,1,25,1.0,0.0,0.0,25,0,0,1.0,0.0,0.0,25,0,0,1.0,0.92,0.92,25,23,23,1.0,1.0,1.0,25,25,25,1.0,0.04,0.04,25,1,1,1.0,0.16,0.16,25,4,4
[0.500999   0.         0.         ... 0.         0.         1.00049988],"[25 27 26 40 27 55 28  8 54 52 54 20 13 10 27 49 36 53 33 40  8 42 60 33
 60 51  8  8 53 24 12 38 16 54 52 58 33 11 20 23 33 52 50 13 25 26 26 25
 13 50  8  8 60 40 54 18 58 24 23 63 10  4  8 36]","[ 4 39 26 40 27 55 28  8 54 32 54 39 13 10 49 49 36 53 33 40  8 53 60 33
 50 51  8  8  1  3 12  4 28 54 52 58 33 45 20 50 33  3 50 13 29 26 26 29
 13 50  8  8 27 40 54 18 58 24 23 63 10  4  8 23]",True,True,0.953125,0.953125,"[np.int64(55), np.int64(16), np.int64(17), np.int64(42), np.int64(26), np.int64(32), np.int64(45), np.int64(50), np.int64(38), np.int64(4), np.int64(12), np.int64(53), np.int64(63), np.int64(33), np.int64(9), np.int64(44), np.int64(55), np.int64(38), np.int64(47), np.int64(55), np.int64(12), np.int64(38), np.int64(36), np.int64(17), np.int64(37), np.int64(50), np.int64(44), np.int64(8), np.int64(6), np.int64(37), np.int64(39), np.int64(54), np.int64(16), np.int64(27), np.int64(41), np.int64(52), np.int64(11), np.int64(42), np.int64(39), np.int64(39), np.int64(14), np.int64(13), np.int64(54), np.int64(45), np.int64(39), np.int64(53), np.int64(52), np.int64(57), np.int64(62), np.int64(3), np.int64(20), np.int64(36), np.int64(41), np.int64(32), np.int64(24), np.int64(22), np.int64(52), np.int64(41), np.int64(24), np.int64(43), np.int64(12), np.int64(19), np.int64(3), np.int64(16)]","[np.int64(7), np.int64(12), np.int64(15), np.int64(16), np.int64(63), np.int64(35), np.int64(31), np.int64(11), np.int64(25), np.int64(63), np.int64(42), np.int64(6), np.int64(48), np.int64(48), np.int64(63), np.int64(36), np.int64(61), np.int64(25), np.int64(44), np.int64(60), np.int64(16), np.int64(31), np.int64(28), np.int64(14), np.int64(14), np.int64(19), np.int64(2), np.int64(6), np.int64(58), np.int64(51), np.int64(22), np.int64(40), np.int64(42), np.int64(26), np.int64(21), np.int64(28), np.int64(37), np.int64(24), np.int64(53), np.int64(36), np.int64(40), np.int64(12), np.int64(25), np.int64(2), np.int64(1), np.int64(2), np.int64(47), np.int64(25), np.int64(58), np.int64(55), np.int64(32), np.int64(9), np.int64(35), np.int64(18), np.int64(23), np.int64(28), np.int64(22), np.int64(4), np.int64(59), np.int64(8), np.int64(27), np.int64(8), np.int64(19), np.int64(41)]",False,False,0.0,0.0,"[25 39 46 40  5 55 32  8 54 32 54 20 53 10 49 49 36 53 33 40  8 53 60 33
 51 51  8  8 32  3 12  4 16 54 52 58 33 11 49 23 33  3 19  3 29 46 16 25
 55 50 13  8 60 40 54 18 58 43 23 63 10  4 17 36]","[ 4 27 46 46 27 55 28  8 54 52 54 39 13 10 27 49 36 21 33 40 36 53 60 33
 60 51  8  8  1 24 12  5 14 54 52 46 33 45 31 50 33 52 50 13 25 20 26 25
  1 50 13  8  1 63 54 18 58 43 23 63 10  4  8 13]",True,True,0.96875,0.96875,"[25  2 46 29 27  4 32  8 54 52 54 39 13 50 49 49 36 53 33 42  7 38 60 33
 51 51 23  8  1 47 34 38 28 54 32 46 33 45 31 11 33 48 50 13 25 26 20 25
 22 50  8  8 27 28 54 18 58  4 27 63 10  6 48 36]","[25 52 58 46 27 55 32  8 54 32 54 39 13 10 49 49 36 53 33 42  8 38 60 33
 50  0  8  8  3 24 34 38 28 54 32 46 33 56 20 23 33 21 50  3 25 20 20 29
 13 50  8  8 27 63 54 48 58 24 27 63 10 28  8 13]",False,False,0.109375,0.078125,0.04,1.0,1.0,1,1,25,0.04,1.0,1.0,1,1,25,1.0,0.0,0.0,25,0,0,1.0,0.0,0.0,25,0,0,1.0,1.0,1.0,25,25,25,1.0,1.0,1.0,25,25,25,1.0,0.0,0.0,25,0,0,1.0,0.0,0.0,25,0,0
[0.         0.         0.         ... 0.         0.         1.00049988],"[29 13 61 16 13 63 53 39 36 26 33 42  1 47 42 12 47 42 18 46 25 15 50 40
 57 16 50  7 25  1 38 16 17 50 11  3 50 38 16 13 59 30 50 13 29 30 13 18
 55 10 13 19 37 50 26  4  3  4 52 38 14  7  3  4]","[29  3 60 16 13 63 53 38 36 26 12 42  1 47 42 12 47 12 18 46 25 15 50 40
 28 16 50  7 25  1  1 16  6 50 11  3 43 38 16 13 35 30 43 13 29 30 13 18
 55 10 13  0 20  1 26  4  3  4 52 38 45  7  3  7]",True,True,0.953125,0.953125,"[np.int64(58), np.int64(40), np.int64(37), np.int64(30), np.int64(56), np.int64(37), np.int64(1), np.int64(54), np.int64(47), np.int64(40), np.int64(37), np.int64(59), np.int64(4), np.int64(22), np.int64(10), np.int64(44), np.int64(19), np.int64(62), np.int64(35), np.int64(10), np.int64(63), np.int64(4), np.int64(61), np.int64(4), np.int64(60), np.int64(3), np.int64(39), np.int64(24), np.int64(26), np.int64(34), np.int64(27), np.int64(36), np.int64(52), np.int64(15), np.int64(26), np.int64(15), np.int64(25), np.int64(9), np.int64(43), np.int64(60), np.int64(23), np.int64(50), np.int64(19), np.int64(4), np.int64(43), np.int64(22), np.int64(7), np.int64(50), np.int64(56), np.int64(28), np.int64(12), np.int64(61), np.int64(38), np.int64(15), np.int64(9), np.int64(35), np.int64(45), np.int64(10), np.int64(6), np.int64(27), np.int64(60), np.int64(21), np.int64(17), np.int64(6)]","[np.int64(61), np.int64(21), np.int64(12), np.int64(61), np.int64(0), np.int64(45), np.int64(3), np.int64(14), np.int64(41), np.int64(4), np.int64(37), np.int64(48), np.int64(37), np.int64(37), np.int64(59), np.int64(3), np.int64(3), np.int64(18), np.int64(40), np.int64(19), np.int64(38), np.int64(6), np.int64(22), np.int64(24), np.int64(21), np.int64(9), np.int64(27), np.int64(35), np.int64(9), np.int64(6), np.int64(32), np.int64(35), np.int64(19), np.int64(35), np.int64(53), np.int64(1), np.int64(9), np.int64(2), np.int64(54), np.int64(41), np.int64(63), np.int64(63), np.int64(7), np.int64(56), np.int64(49), np.int64(29), np.int64(20), np.int64(39), np.int64(34), np.int64(33), np.int64(22), np.int64(23), np.int64(56), np.int64(24), np.int64(16), np.int64(26), np.int64(2), np.int64(3), np.int64(58), np.int64(50), np.int64(16), np.int64(56), np.int64(23), np.int64(57)]",False,False,0.0,0.0,"[51 13 61 16 13 49 53 39 51 11 33 42 10 47 60 12 47 42 18 46 25 15 50 40
 57 16 53  7 12 44 38 16 17  4 11  3 50 38 16 13 51 60 50 13  8 56 13 18
 55 10 13 19 37 39 11  4  3  4 52 38 45  7 15  4]","[35  3 61 16 13 63 53 39 36 26 12 42  1 47 42 12 47 12 18 46 25 15 50  2
 57 16 50  7 55  1  1 16 17 50 11  3 43 38 16 13 35 30 43 13  8 56 13 18
 55  5 13 19 20 50 52  4 35  4 52 10 45  7  3  7]",True,True,0.96875,0.96875,"[29 13 40 16 13 63 53 61 51 29 33 54 17 47 60 21 47 42 18 46 25 15 38  2
 28 16 50  7 25  1 38  4  6  4 11  0 50 38 16 13 35 60 43 13 29 60 13 18
 55 10 13 19 54  1 26 17 35  4 52 57 45  7 12  4]","[29 13 61 16 13 63 32 39 36 29 12 42 10 47 60 62 47 55 18 46 25 15 38  2
 54 16 50  7 25  1 38 16  6  4 11 33 43 38  7  7 35 30 43  1  8 56 13 18
 55 10 33  0 37 50 52  4 35  4 52 10 41  7 12  7]",False,False,0.109375,0.078125,0.04,1.0,1.0,1,1,25,0.04,1.0,1.0,1,1,25,1.0,0.0,0.0,25,0,0,1.0,0.0,0.0,25,0,0,1.0,0.92,0.92,25,23,23,1.0,1.0,1.0,25,25,25,1.0,0.0,0.0,25,0,0,1.0,0.08,0.08,25,2,2
[1.00049988 1.00049988 0.         ... 0.         0.         1.00049988],"[48 30 30 11  0 30 16 15 15 40 17  0  0 30 20 22 21 33 48 16 38 48 48 25
 16  0  5 18  4  8 48 20 45 18 27  2 43  1 18 41 52 45 53 52  2 22 12 24
 48 13 20 42 22 30  2  2 63 34 55 23 53 16 12 18]","[48 30 30 11  0 30 16  5 15 40 17  0  0 30 20 22 45 33 48 16  5 48 48 25
 45  0 32 18 55  8 48 55 45 18 27  1 41  1 18 41 45 45 53 13  2 22 12 24
 48 13 20 39 22 30  2 41 15 34 55 62 32 16 41 18]",True,True,0.953125,0.953125,"[np.int64(1), np.int64(4), np.int64(20), np.int64(55), np.int64(25), np.int64(36), np.int64(53), np.int64(62), np.int64(56), np.int64(37), np.int64(51), np.int64(50), np.int64(52), np.int64(15), np.int64(39), np.int64(3), np.int64(53), np.int64(49), np.int64(53), np.int64(20), np.int64(46), np.int64(42), np.int64(2), np.int64(61), np.int64(41), np.int64(18), np.int64(59), np.int64(8), np.int64(43), np.int64(53), np.int64(29), np.int64(23), np.int64(18), np.int64(29), np.int64(50), np.int64(22), np.int64(41), np.int64(8), np.int64(25), np.int64(25), np.int64(54), np.int64(46), np.int64(13), np.int64(43), np.int64(19), np.int64(25), np.int64(46), np.int64(49), np.int64(47), np.int64(10), np.int64(31), np.int64(54), np.int64(23), np.int64(38), np.int64(44), np.int64(40), np.int64(43), np.int64(39), np.int64(42), np.int64(12), np.int64(61), np.int64(28), np.int64(29), np.int64(7)]","[np.int64(59), np.int64(10), np.int64(52), np.int64(7), np.int64(21), np.int64(21), np.int64(44), np.int64(1), np.int64(36), np.int64(59), np.int64(27), np.int64(35), np.int64(56), np.int64(54), np.int64(31), np.int64(34), np.int64(1), np.int64(8), np.int64(54), np.int64(4), np.int64(47), np.int64(53), np.int64(19), np.int64(31), np.int64(33), np.int64(8), np.int64(4), np.int64(33), np.int64(45), np.int64(14), np.int64(35), np.int64(53), np.int64(15), np.int64(49), np.int64(29), np.int64(16), np.int64(55), np.int64(59), np.int64(60), np.int64(18), np.int64(61), np.int64(15), np.int64(27), np.int64(49), np.int64(11), np.int64(57), np.int64(25), np.int64(10), np.int64(53), np.int64(40), np.int64(49), np.int64(62), np.int64(58), np.int64(7), np.int64(13), np.int64(13), np.int64(32), np.int64(7), np.int64(57), np.int64(60), np.int64(52), np.int64(59), np.int64(29), np.int64(44)]",False,False,0.0,0.0,"[48 30 30 11  0 30 16 19 27 40 31  0  0 30 28 22 21 46 48 35 38 48 48 25
 45  0  5 18  4  8 48 28 45 18 27  2 41 54 18 44 45 45 26 13  2 22 12 35
 48 13 47 39 22 30  2  2 63 54 55 62 56 16 12 18]","[48 30 30 11  0 30 16 15 27 40 49  0  0 11 28 22 21 33 48  3 23 48 48 25
 45  0 32 18 42  8 48 10 33 18 27  2 43  1 18 54 52 45 56 13  2 30 44 35
 48 13 51 42 22 11  2  2 63  3 55 31 32 26 59 18]",True,True,0.96875,0.96875,"[48 30 30 11  5 30 16 15 27 23 31 53  0 30  6 56 45 33 48 16  1 48 48 25
 19 23 61 18 14  8 48 20 45 18 27 19 41  7 18 41 52 13 53 52  2 30 36 34
 48 13 47 39 22 30 39  2 15 54 55 31 53 16 41 18]","[48 30 55 40  0 30 16 60 42 40 31 13  0 32 20 12 21 33 48 24 55 48 48 25
 16  0  5 18 14  8 48 20 45 32  5  2 41  1 18 41 45 45 28 13 46 32 36 34
 48 13 20 50 22 30  2 41 15 34 55 62 56 16 41 18]",False,False,0.109375,0.078125,0.04,1.0,1.0,1,1,25,0.04,1.0,1.0,1,1,25,1.0,0.0,0.0,25,0,0,1.0,0.0,0.0,25,0,0,1.0,1.0,1.0,25,25,25,1.0,1.0,1.0,25,25,25,1.0,0.08,0.08,25,2,2,1.0,0.12,0.12,25,3,3
[0.       0.       0.       ... 0.500999 0.500999 0.500999],"[20 57 17  7 32 14 48 39 48 12 13 14 43 63 49  8 38 62 39 12 43 61 56 31
 34 16 32 22 17 38 58 44 63 47 44 14 43 42 36 43 47 39 43 43 43  0 13 38
 12 44 14 31 30 56  8 20 63 42 12 13 41 63 63 43]","[20  6 33  7 32 14 19 39  9 12 13 16 43 63 49  8 18 62 39 12 43 61  9 31
 34 16 32 22 17 38 58 44 63 60 39 14 43 42 36 43 53 36 43 43 43  0 13 38
 12 44 14 31 30 24  8 20 63 42 12 13 41 20 63 43]",True,True,0.953125,0.953125,"[np.int64(59), np.int64(23), np.int64(63), np.int64(14), np.int64(35), np.int64(55), np.int64(18), np.int64(21), np.int64(12), np.int64(40), np.int64(40), np.int64(4), np.int64(9), np.int64(3), np.int64(6), np.int64(33), np.int64(22), np.int64(14), np.int64(11), np.int64(29), np.int64(45), np.int64(20), np.int64(13), np.int64(20), np.int64(21), np.int64(32), np.int64(14), np.int64(8), np.int64(28), np.int64(5), np.int64(13), np.int64(25), np.int64(26), np.int64(25), np.int64(46), np.int64(24), np.int64(27), np.int64(51), np.int64(32), np.int64(24), np.int64(33), np.int64(31), np.int64(11), np.int64(59), np.int64(7), np.int64(19), np.int64(14), np.int64(11), np.int64(50), np.int64(38), np.int64(26), np.int64(25), np.int64(58), np.int64(35), np.int64(16), np.int64(15), np.int64(2), np.int64(1), np.int64(34), np.int64(10), np.int64(40), np.int64(16), np.int64(51), np.int64(22)]","[np.int64(38), np.int64(40), np.int64(62), np.int64(61), np.int64(18), np.int64(10), np.int64(39), np.int64(18), np.int64(58), np.int64(25), np.int64(55), np.int64(59), np.int64(50), np.int64(44), np.int64(30), np.int64(36), np.int64(33), np.int64(17), np.int64(7), np.int64(51), np.int64(57), np.int64(15), np.int64(48), np.int64(14), np.int64(43), np.int64(19), np.int64(40), np.int64(9), np.int64(5), np.int64(49), np.int64(43), np.int64(0), np.int64(23), np.int64(7), np.int64(39), np.int64(16), np.int64(48), np.int64(32), np.int64(61), np.int64(28), np.int64(8), np.int64(31), np.int64(34), np.int64(0), np.int64(15), np.int64(61), np.int64(31), np.int64(56), np.int64(56), np.int64(37), np.int64(53), np.int64(21), np.int64(51), np.int64(25), np.int64(12), np.int64(4), np.int64(35), np.int64(0), np.int64(6), np.int64(15), np.int64(31), np.int64(49), np.int64(27), np.int64(34)]",False,False,0.0,0.0,"[20 57 21 29 32 24 19 39 48 12 59 45 43 37 49 27 38 22 39 13 43 61 56 31
 34 16 32 10 17 38 58 44 63 47 39 21 43 42 36 43 29 36 43 43 43  0 13  3
 12 44 14 31  4 56  2 20 63 42 12 51 41 20 63 43]","[20  6 54  7 32 51 19 39 54 12 13 16 43  0 49 27 18 62 39 12 43 61 21 31
 34 16 32 22 52  3 58 44 63 45 39 21 43 42 36 43 53 39 43 43 43  0 53 30
 12 44 14 31 30 16 35 20 63 42 12 13 24 20 63 43]",True,True,0.96875,0.96875,"[41 57 17 52 32 51 48 39 15 12 27 14 43  0 62  8 53 62 39 12 43 61 56 31
 53 16 47 22 17 56 58 44 63 45 41 14 43 42 12 43 29 36 43 43 43 11 13 38
 12 44 47 31 30 56 35 20 63 42 12 48 41 63 63 43]","[20 57 33 29 52 24 19 39 48 12 13 45 43 63 56  8 18 62 39 12 43 29 21 31
 53 16 32 10 52 56 58 44 63 60 44 21 43 42 36 43 29 36 43 43 43  0 13 30
 12 44 47  5  3 24  8 20 61  1 12 51 24 63 63 43]",False,False,0.109375,0.078125,0.04,1.0,1.0,1,1,25,0.04,1.0,1.0,1,1,25,1.0,0.0,0.0,25,0,0,1.0,0.0,0.0,25,0,0,1.0,1.0,1.0,25,25,25,1.0,1.0,1.0,25,25,25,1.0,0.24,0.24,25,6,6,1.0,0.04,0.04,25,1,1
[1.00049988 0.         0.         ... 0.70781353 0.         0.        ],"[39 51 40 55 28 33 14 21 26 28 53  1 34 14  1 52  5 60 35 49 11 26 53 42
 60 51 51 21 26 61 39 28 55 38 57 40 49  2 51 25 26  7 26 42 23 11 52 33
 52 42 15 51 38 25 40  1 14 28 49 28 40 53  9 38]","[39 51 40 55 28 33 14 21  1 28 55  1 34 54  1 52 22 60 29  3 11 26 53  2
 60 51 51 21 25 61 39 28 55 38  2 40  4  2 51 25 26  7 26 27 13 11 52 33
 52 58  9 51 38 25 40  1 14 28  5 28 40 40  9 38]",True,True,0.953125,0.953125,"[np.int64(13), np.int64(36), np.int64(41), np.int64(15), np.int64(26), np.int64(28), np.int64(36), np.int64(17), np.int64(13), np.int64(5), np.int64(38), np.int64(1), np.int64(10), np.int64(31), np.int64(43), np.int64(63), np.int64(39), np.int64(47), np.int64(42), np.int64(13), np.int64(35), np.int64(26), np.int64(63), np.int64(23), np.int64(6), np.int64(9), np.int64(62), np.int64(1), np.int64(32), np.int64(29), np.int64(19), np.int64(5), np.int64(42), np.int64(59), np.int64(37), np.int64(1), np.int64(22), np.int64(42), np.int64(43), np.int64(50), np.int64(62), np.int64(38), np.int64(28), np.int64(23), np.int64(15), np.int64(6), np.int64(35), np.int64(40), np.int64(37), np.int64(8), np.int64(35), np.int64(46), np.int64(36), np.int64(38), np.int64(50), np.int64(17), np.int64(4), np.int64(38), np.int64(5), np.int64(35), np.int64(18), np.int64(51), np.int64(11), np.int64(16)]","[np.int64(50), np.int64(40), np.int64(3), np.int64(15), np.int64(26), np.int64(34), np.int64(0), np.int64(22), np.int64(34), np.int64(41), np.int64(44), np.int64(61), np.int64(63), np.int64(61), np.int64(8), np.int64(14), np.int64(45), np.int64(27), np.int64(60), np.int64(10), np.int64(21), np.int64(16), np.int64(30), np.int64(35), np.int64(47), np.int64(46), np.int64(34), np.int64(16), np.int64(25), np.int64(54), np.int64(0), np.int64(20), np.int64(6), np.int64(34), np.int64(31), np.int64(14), np.int64(36), np.int64(35), np.int64(53), np.int64(47), np.int64(25), np.int64(12), np.int64(5), np.int64(3), np.int64(44), np.int64(11), np.int64(46), np.int64(53), np.int64(63), np.int64(38), np.int64(49), np.int64(5), np.int64(27), np.int64(40), np.int64(12), np.int64(53), np.int64(32), np.int64(7), np.int64(44), np.int64(52), np.int64(3), np.int64(2), np.int64(6), np.int64(59)]",False,False,0.0,0.0,"[39 51 15 55 58 33 14 21  1 28 53  1 34  5  1 52 36 60 58 32 11 26 45 42
 60 51 51 21 26 18  5 28 55 38 57 10  4  2 51 25 26  7 26 46 13 11 27 33
 52 42  4 51 38 25 40  1 14 28 48 28 55 52  9 38]","[39 51 23 55 28 33 31 21 26 60 55  1 34 60  1 50 22 60 29 44 11 26 53  5
 60 51 51 21 25 10 10 43 55 38 57 10 49  2 51 25 61  7 26 42 43 11 52 33
 23 42  9 51 38 25 55  1 62 43 47 28 21 29  9 38]",True,True,0.96875,0.96875,"[39 51 15 19 28 13 61 59  1 28 35  1 34 14  1  2  5 60 35 32 11 26 53 42
 57 51 51 61 26 61 46 28 55 38 57 18 49 50 51 25 26  7 26 42 23  9 43 33
 52 58 37 51 38 25 55 10 58 35 49 28 21 52  9 38]","[45 51 40 55 28 33 14 20  1 45 29 20 34 54  1 52 22 60 35  3 11 26 45 15
 60 51 51 61 26 61 39 61 55 38  2 40 49  2 51 25 54  7 26 27 19  0 52  2
 52 58  9 51 38 61 40  1 14 28 47 31 55 52  9 38]",False,False,0.109375,0.078125,0.04,1.0,1.0,1,1,25,0.04,1.0,1.0,1,1,25,1.0,0.0,0.0,25,0,0,1.0,0.0,0.0,25,0,0,1.0,1.0,1.0,25,25,25,1.0,1.0,1.0,25,25,25,1.0,0.12,0.12,25,3,3,1.0,0.0,0.0,25,0,0
[0.         0.         0.         ... 0.         0.         1.00049988],"[41 24 44  6 27 39 24  5 34 41 61 44 15  7 24 39  6 34  1 56 20  5  0 62
 20 27 13 12 27 12  8  6 13 40 24 16 41  0 18 20 19 24  8 39 47 49 29 15
 21  1 14 50 15 18  6 58  5 52  6  7 62  1  7 12]","[41 24 30  6 27 39 24 34 34 41  0 61 15 16 24 39  6 34  1 50 20  5  0 62
 20 11 13 12 49 52  8  6 13 40 24 16 41 30 44 20 19 24  8 39 47 49 29  6
 17  1 14 29 15 29  6 58 41 16  6  8 62  1 17  8]",True,True,0.953125,0.953125,"[np.int64(29), np.int64(19), np.int64(15), np.int64(6), np.int64(56), np.int64(52), np.int64(19), np.int64(48), np.int64(14), np.int64(2), np.int64(19), np.int64(55), np.int64(41), np.int64(12), np.int64(59), np.int64(39), np.int64(45), np.int64(58), np.int64(58), np.int64(31), np.int64(36), np.int64(21), np.int64(31), np.int64(2), np.int64(32), np.int64(43), np.int64(44), np.int64(26), np.int64(9), np.int64(46), np.int64(43), np.int64(34), np.int64(59), np.int64(34), np.int64(48), np.int64(20), np.int64(41), np.int64(19), np.int64(27), np.int64(3), np.int64(43), np.int64(46), np.int64(31), np.int64(28), np.int64(53), np.int64(33), np.int64(53), np.int64(45), np.int64(23), np.int64(43), np.int64(33), np.int64(49), np.int64(56), np.int64(58), np.int64(43), np.int64(11), np.int64(16), np.int64(28), np.int64(47), np.int64(9), np.int64(63), np.int64(47), np.int64(7), np.int64(32)]","[np.int64(41), np.int64(62), np.int64(23), np.int64(28), np.int64(18), np.int64(31), np.int64(48), np.int64(24), np.int64(1), np.int64(12), np.int64(12), np.int64(23), np.int64(26), np.int64(59), np.int64(32), np.int64(51), np.int64(8), np.int64(13), np.int64(35), np.int64(40), np.int64(31), np.int64(17), np.int64(4), np.int64(37), np.int64(31), np.int64(62), np.int64(60), np.int64(13), np.int64(20), np.int64(63), np.int64(40), np.int64(30), np.int64(19), np.int64(54), np.int64(28), np.int64(27), np.int64(22), np.int64(44), np.int64(54), np.int64(3), np.int64(61), np.int64(44), np.int64(56), np.int64(8), np.int64(1), np.int64(26), np.int64(54), np.int64(20), np.int64(17), np.int64(14), np.int64(1), np.int64(20), np.int64(25), np.int64(41), np.int64(45), np.int64(53), np.int64(15), np.int64(1), np.int64(41), np.int64(1), np.int64(24), np.int64(15), np.int64(55), np.int64(0)]",False,False,0.0,0.0,"[41 24 19  6 27 39 24  5 34 41 61 44 15  7 24 39 56 34  1 56 20  5  0 62
 20 32 13 12 27 51  8  6 13 40 24 16 41  0 19 20 45 24  8 39 47 35 29 15
 17 28 21 58 15 18  6 58  5 50  6  7 62 42  7  7]","[41 24 19  6 27 39 24 34 30 59  0 61 15  7 24 39 13 34  1 56 20  5  0 62
 20 32 13 12 49 51 54  6 45 40 24 16 41 13 19 20 19 24 61 39 47 35 29 15
 13  1 14 58 15 29  6 58  5 16  6  7 62  1 17 12]",True,True,0.96875,0.96875,"[41 24 19  6 27 39 24  5 59 41 31 54 15  7 24 52  0 34 38  2 20  5 61 62
 20 32 13 12 26 52  8  6 13 40 24 16 41 30 18 20 19 24  8 39 19 40 29 15
 50  1 51 29 15 18 49 58 41 50  6 54 62  1  7 12]","[61 49 30  6 27 39 24  5 34 16 61 61 15 30 24 39  9 34  1 56 20 48 61 62
 20 11 28 49 26 12  8  6 13 40  7 16 41 30 18 20 45 24  8  6 47 35 29  6
 50  1 21 50 17 18  6 58 41 52  6  8 62  1 23 55]",False,False,0.109375,0.078125,0.04,1.0,1.0,1,1,25,0.04,1.0,1.0,1,1,25,1.0,0.0,0.0,25,0,0,1.0,0.0,0.0,25,0,0,1.0,1.0,1.0,25,25,25,1.0,1.0,1.0,25,25,25,1.0,0.0,0.0,25,0,0,1.0,0.04,0.04,25,1,1
[0.       0.       0.       ... 0.500999 0.       0.      ],"[14 48 51 43 14 12 52 45 63 41 17 26 14 43 31 43 14 48 34 39  0 44 11 14
  1  4  9 13 30 51 45 31 44 46 36 43 47 24 16 30 34 31 39 51 50 31 61 51
 50 46 14 31 12 30 61  2 30 60  3  3 29  7 11 16]","[14 48 51 43 14 12 52 45 63 41 17 26 14 43 31 43 14 60 34 39  0 26 11 14
  1  4  2 13 29 51 45 31  5 46 36 43 47 24 16  7 34 31 36 51 12 31 61 51
 43 46 14 31 12 30  5  2 30 60 15  3 29  7 11 16]",True,True,0.953125,0.953125,"[np.int64(3), np.int64(19), np.int64(14), np.int64(24), np.int64(4), np.int64(59), np.int64(17), np.int64(1), np.int64(45), np.int64(19), np.int64(4), np.int64(17), np.int64(49), np.int64(49), np.int64(59), np.int64(40), np.int64(21), np.int64(40), np.int64(5), np.int64(13), np.int64(37), np.int64(14), np.int64(25), np.int64(58), np.int64(15), np.int64(2), np.int64(49), np.int64(53), np.int64(61), np.int64(17), np.int64(27), np.int64(31), np.int64(47), np.int64(1), np.int64(41), np.int64(50), np.int64(40), np.int64(18), np.int64(48), np.int64(21), np.int64(40), np.int64(28), np.int64(1), np.int64(51), np.int64(15), np.int64(17), np.int64(36), np.int64(20), np.int64(24), np.int64(15), np.int64(63), np.int64(2), np.int64(37), np.int64(36), np.int64(34), np.int64(20), np.int64(8), np.int64(30), np.int64(27), np.int64(38), np.int64(26), np.int64(45), np.int64(4), np.int64(37)]","[np.int64(58), np.int64(3), np.int64(44), np.int64(44), np.int64(44), np.int64(45), np.int64(41), np.int64(45), np.int64(3), np.int64(19), np.int64(53), np.int64(37), np.int64(29), np.int64(17), np.int64(53), np.int64(12), np.int64(61), np.int64(53), np.int64(62), np.int64(53), np.int64(61), np.int64(6), np.int64(15), np.int64(21), np.int64(17), np.int64(61), np.int64(32), np.int64(41), np.int64(47), np.int64(50), np.int64(59), np.int64(52), np.int64(18), np.int64(53), np.int64(58), np.int64(4), np.int64(33), np.int64(62), np.int64(47), np.int64(41), np.int64(42), np.int64(16), np.int64(34), np.int64(30), np.int64(57), np.int64(0), np.int64(27), np.int64(48), np.int64(61), np.int64(43), np.int64(31), np.int64(5), np.int64(25), np.int64(47), np.int64(14), np.int64(26), np.int64(9), np.int64(31), np.int64(5), np.int64(20), np.int64(4), np.int64(41), np.int64(6), np.int64(11)]",False,False,0.0,0.0,"[14 48 51 43 16 32 52 45 63 41 17 26  7 43 31 43 14 48 34 39 61 44 11 14
  1 35  9 13 30 28 45 31 44 46 63 50 47 24 16  7 34 31 39 30 12 31 34 50
 43 46 14 31 56 30 61  2 30 21 63  3 29  7 11 61]","[14 48 51 39 30 19 52 45 63 30 17 26 14 43 31 35 14 48 34 39  0 26 11 14
  1  5 19 13 30  0 45 31  5 46 63 50 47 24 16 30 34 31 32 51 12 31 15 50
 50 46 14 31 56 30 63 19 28 19 63  3 29  7 11 16]",True,True,0.96875,0.96875,"[14 48 50 39 14 12 52 39 63 41 17 26 14 52 31 35 14 60 34 26 61 44 11 14
  1 13  4 13 56  5  2 31 44 46 36 43 47 24 44  7 34 31 36 41 50 31 61 51
 53 46 14 31 13 30  5  2 15 19 17  3  3  7 11 16]","[14 48 51 43 14 29 59 45 63 30 17 26 14  5 31 43 14 60 34 39 61 57 11 14
  1 35  9 13 29 51 43 31  5 46 36 43 32 24 44  3 34 31 36 51 50 31 61 51
 50 46 14 31 38 30  5 19 30 19 15  6 29 54 11 54]",False,False,0.109375,0.078125,0.04,1.0,1.0,1,1,25,0.04,1.0,1.0,1,1,25,1.0,0.0,0.0,25,0,0,1.0,0.0,0.0,25,0,0,1.0,0.88,0.88,25,22,22,1.0,1.0,1.0,25,25,25,1.0,0.08,0.08,25,2,2,1.0,0.08,0.08,25,2,2
[0.         1.00049988 0.500999   ... 0.         0.         0.500999  ],"[41 32 17 58 24  6 49 24 34 34 61  3 34 50 61 61 10 58 17  2 35  0 48 30
 61 24  6 24 31  0 35 61 35 17 58 61 32 55 49 35 14 46 42 47  0 49 42 35
 41 46 24  3 43 45 34 14 49 35 42 55  3 42 44 10]","[17 32  3 58 24  6 49 24 34 34 61  3 34 50 61 61 10 58 17  4 18  0 48 27
 61 24 11 24 31  0 35 61 35 11 58 61 32 55 24 15 10 46 42  4  0 49 42 35
 41 46 24  3 43 45 34 14 17 24 42 12  3 42 44 10]",True,True,0.953125,0.953125,"[np.int64(61), np.int64(12), np.int64(49), np.int64(51), np.int64(57), np.int64(42), np.int64(30), np.int64(58), np.int64(56), np.int64(12), np.int64(63), np.int64(31), np.int64(54), np.int64(46), np.int64(7), np.int64(8), np.int64(45), np.int64(21), np.int64(34), np.int64(0), np.int64(26), np.int64(27), np.int64(7), np.int64(7), np.int64(9), np.int64(3), np.int64(19), np.int64(2), np.int64(60), np.int64(28), np.int64(62), np.int64(17), np.int64(29), np.int64(62), np.int64(55), np.int64(29), np.int64(52), np.int64(35), np.int64(14), np.int64(10), np.int64(63), np.int64(0), np.int64(25), np.int64(60), np.int64(34), np.int64(5), np.int64(28), np.int64(47), np.int64(33), np.int64(31), np.int64(53), np.int64(14), np.int64(11), np.int64(51), np.int64(56), np.int64(52), np.int64(11), np.int64(19), np.int64(8), np.int64(52), np.int64(22), np.int64(13), np.int64(22), np.int64(43)]","[np.int64(51), np.int64(23), np.int64(11), np.int64(27), np.int64(49), np.int64(7), np.int64(10), np.int64(46), np.int64(28), np.int64(30), np.int64(61), np.int64(11), np.int64(40), np.int64(4), np.int64(25), np.int64(62), np.int64(42), np.int64(44), np.int64(63), np.int64(9), np.int64(6), np.int64(30), np.int64(9), np.int64(49), np.int64(14), np.int64(10), np.int64(13), np.int64(43), np.int64(2), np.int64(37), np.int64(37), np.int64(33), np.int64(45), np.int64(43), np.int64(22), np.int64(24), np.int64(9), np.int64(13), np.int64(7), np.int64(56), np.int64(39), np.int64(11), np.int64(33), np.int64(18), np.int64(7), np.int64(45), np.int64(4), np.int64(51), np.int64(22), np.int64(2), np.int64(62), np.int64(55), np.int64(16), np.int64(5), np.int64(7), np.int64(43), np.int64(17), np.int64(34), np.int64(59), np.int64(49), np.int64(17), np.int64(41), np.int64(11), np.int64(10)]",False,False,0.0,0.0,"[17 32 17 58 27  6 28 39 34 34 61  3 34 33 61 17 45 58 17  4 35 53 48 30
 61 44 30  8 31 40 35 61 35 17 58 61 25 55 49 15 14 46 42  4 54 49 42 25
 41 46 24  3 43 48 34 14 49 35 42 55 14 42 59 10]","[17 32 17 58 24 30 28 24 34  4 61  3 27 50 61 61 10 58 17  4 35  0 48 27
 61 24 11  4 31 40 12 61  7 17 58 61 32 19 24 15 14 46 42 47  4 16 42 25
 41 46 24  3 43 45 34  4 49 24 42 12  3 42 44 10]",True,True,0.96875,0.96875,"[17 32  3 58 24  6 49 24 32 34 61  3 34 50 61 61 45 58 44  2 18  0 48 30
 38 33 30  8 31  0 35 61 35 17 58 61  5 55 24  7 14 46 42 47 25  2 42 25
 41 46 24 27 43 48 60 14 17 15 42 55  3 42 59 43]","[17 32 45 58 24 30 49 39 34 34 63  3 57 33 61 61 10  2 17  4 35  0 48 30
 61 33  6 24 31  0 12 61 36 17 58 61 44 28 31  2 10 46 42 63 18 30 42 35
 41 46 24  3 43  7 34 11  8 18 42 12  3 42 44 30]",False,False,0.109375,0.078125,0.04,1.0,1.0,1,1,25,0.04,1.0,1.0,1,1,25,1.0,0.0,0.0,25,0,0,1.0,0.0,0.0,25,0,0,1.0,1.0,1.0,25,25,25,1.0,1.0,1.0,25,25,25,1.0,0.2,0.2,25,5,5,1.0,0.04,0.04,25,1,1
[0.         0.         0.         ... 1.00049988 0.         1.00049988],"[59 59 55 49 28 55 28 22 55 32 52 57 46  2 39 30 44 62 22 54 44 55 49 43
 28  3  0 22 61 57 57 29 44  1 49 52 22 20 22 28 55 62 52 61 52 46 32 15
  1 52 58  8 52 49 62 52  5 55 42 52  8 52 49 49]","[59 49 55 49 28 55 28 22 55 32 52 57 48  2 51 30 44 62 22 54 44 55 49 43
 28  3  0 22 61 39 20 24 44  1 49 52 22 20 22 28 10 62 52 61 52 48 32 15
  1 52 43 30 52 49 28 52  5 55 42 52  8 52 10 49]",True,True,0.953125,0.953125,"[np.int64(60), np.int64(52), np.int64(0), np.int64(62), np.int64(23), np.int64(52), np.int64(40), np.int64(47), np.int64(54), np.int64(4), np.int64(16), np.int64(15), np.int64(38), np.int64(19), np.int64(5), np.int64(61), np.int64(50), np.int64(45), np.int64(23), np.int64(21), np.int64(45), np.int64(41), np.int64(59), np.int64(0), np.int64(24), np.int64(33), np.int64(25), np.int64(5), np.int64(0), np.int64(21), np.int64(33), np.int64(4), np.int64(46), np.int64(34), np.int64(24), np.int64(26), np.int64(59), np.int64(43), np.int64(29), np.int64(45), np.int64(47), np.int64(15), np.int64(9), np.int64(40), np.int64(37), np.int64(63), np.int64(55), np.int64(27), np.int64(16), np.int64(58), np.int64(32), np.int64(54), np.int64(47), np.int64(52), np.int64(59), np.int64(26), np.int64(49), np.int64(29), np.int64(14), np.int64(51), np.int64(33), np.int64(63), np.int64(12), np.int64(54)]","[np.int64(12), np.int64(45), np.int64(34), np.int64(21), np.int64(57), np.int64(51), np.int64(62), np.int64(41), np.int64(55), np.int64(49), np.int64(47), np.int64(44), np.int64(31), np.int64(9), np.int64(33), np.int64(41), np.int64(26), np.int64(15), np.int64(43), np.int64(19), np.int64(37), np.int64(13), np.int64(41), np.int64(35), np.int64(51), np.int64(12), np.int64(30), np.int64(12), np.int64(43), np.int64(48), np.int64(3), np.int64(27), np.int64(7), np.int64(45), np.int64(53), np.int64(9), np.int64(52), np.int64(39), np.int64(14), np.int64(7), np.int64(19), np.int64(14), np.int64(13), np.int64(40), np.int64(27), np.int64(4), np.int64(17), np.int64(52), np.int64(11), np.int64(6), np.int64(60), np.int64(3), np.int64(34), np.int64(54), np.int64(23), np.int64(17), np.int64(54), np.int64(49), np.int64(26), np.int64(47), np.int64(11), np.int64(57), np.int64(8), np.int64(33)]",False,False,0.0,0.0,"[59 59 55 49 28 55 32 38 55 32 52 57 48  2 39 30 44 50 34 56 44 55 49 63
  3  3 57 22 61 22 57 45 44  1 49 52 22 20 22 29 32 24 52 61 52 46 32 15
  1 52 43 30 52 49 62 52  5 55 42 52 46 52 10 49]","[59 49 22 49 28 55 32 22 29 32 52 57 48  2 39 30 44 62 22 56 44 55 49 43
 28  3 13 22 61 57 20 29 40  1 49 52 45 20 22 13 55 62 52 61 52 48 32 15
  3 52 17 30 52 49 62 52  5 55 42 52 46 52 49 49]",True,True,0.96875,0.96875,"[59 49 55 49 28 55 28 22 55 22 52 57 46 29 51 30 44 62 22 54 44 55 29 43
 41 12  0 22 61  8 20 60 46  1 49 52 22 63 22 29 10 62 52 61 52 46 32 15
 21 52 23  8 52 62 28 52  5 55 42 52 31 52 49 23]","[28 48 55 48 28 55 28 12 51 32 52 57 46 39 51 30 44 62 22 54 37 23 49 63
 31  3 13 22 61 57 51 37 44  1 30 52 22 46 24 29 10 24 52 61 52 31 37 15
  3 52 43 22 52 49 51 52  5 55 42 52 46 52 49 23]",False,False,0.109375,0.078125,0.04,1.0,1.0,1,1,25,0.04,1.0,1.0,1,1,25,1.0,0.0,0.0,25,0,0,1.0,0.0,0.0,25,0,0,1.0,0.96,0.96,25,24,24,1.0,1.0,1.0,25,25,25,1.0,0.2,0.2,25,5,5,1.0,0.16,0.16,25,4,4
[1.00049988 0.         0.         ... 0.         0.         0.500999  ],"[59 58  4 61  2 30 19 45 60 36 30  2 43 45 18  2 59 52 59 30 24 36 61 46
 61 46 20 17 28  3 19 55 55 19 59 19 34 51 62 61 30 55 27  4 11 61 61 15
 41 19 10 52 55 23 52 11 18 19 59 18 34 18  2 53]","[22 43 62 62  2 30 19 62 29  3 33  2 10 45 18  2 44 30  4 12 44 29 61 46
 61 46 20  8 28 33 40 55 17 10 46 19 10 51 62 61 49 23 16  4 29 19 61 15
 20 62 10 52 17 23 52 11 24 19 12 34 34 46  2 26]",False,False,0.953125,0.953125,"[np.int64(33), np.int64(22), np.int64(37), np.int64(11), np.int64(40), np.int64(22), np.int64(23), np.int64(31), np.int64(48), np.int64(26), np.int64(61), np.int64(15), np.int64(50), np.int64(35), np.int64(9), np.int64(18), np.int64(39), np.int64(47), np.int64(54), np.int64(18), np.int64(35), np.int64(42), np.int64(15), np.int64(32), np.int64(0), np.int64(25), np.int64(14), np.int64(50), np.int64(11), np.int64(3), np.int64(16), np.int64(9), np.int64(16), np.int64(32), np.int64(27), np.int64(53), np.int64(14), np.int64(56), np.int64(41), np.int64(56), np.int64(55), np.int64(29), np.int64(46), np.int64(54), np.int64(7), np.int64(34), np.int64(11), np.int64(23), np.int64(59), np.int64(36), np.int64(15), np.int64(51), np.int64(22), np.int64(24), np.int64(8), np.int64(12), np.int64(20), np.int64(61), np.int64(20), np.int64(40), np.int64(63), np.int64(30), np.int64(42), np.int64(49)]","[np.int64(27), np.int64(50), np.int64(47), np.int64(39), np.int64(21), np.int64(51), np.int64(29), np.int64(53), np.int64(1), np.int64(54), np.int64(19), np.int64(47), np.int64(63), np.int64(1), np.int64(25), np.int64(45), np.int64(60), np.int64(22), np.int64(9), np.int64(52), np.int64(9), np.int64(21), np.int64(2), np.int64(12), np.int64(59), np.int64(13), np.int64(18), np.int64(24), np.int64(28), np.int64(52), np.int64(22), np.int64(5), np.int64(5), np.int64(12), np.int64(8), np.int64(40), np.int64(7), np.int64(33), np.int64(28), np.int64(3), np.int64(40), np.int64(47), np.int64(32), np.int64(49), np.int64(17), np.int64(53), np.int64(28), np.int64(53), np.int64(60), np.int64(56), np.int64(17), np.int64(20), np.int64(3), np.int64(32), np.int64(10), np.int64(50), np.int64(13), np.int64(6), np.int64(10), np.int64(61), np.int64(42), np.int64(5), np.int64(50), np.int64(44)]",False,False,0.0,0.0,"[28 27 62 62 18 30 44 62 50  3 30  2 19 48 35  2 59 30 61 45 24 29  0  4
  0 46 20  7 28  8 46 55 55 27 36 19 29 51 22 45 30 23 16 16 11 61 23 15
 41 19 28 52 11 23 52 11 24  4 59 18 34 24 28 53]","[22 27 62 29 57 30 17 62 50 36 40 44 10 48 33  2 44 30 61 12 44 36 38 46
 61 46 20 33 28 33 40 55 55 10 36 14 10 51 33 61 28 55 16 12 29 61 61 15
 20 40 10 52 55 23 52 28 18 19 12 18 10  3 28 53]",False,False,0.96875,0.96875,"[59 58  4 62 18 30 17 45 27  3 33 55 43 45 18  2 59 30 56 35 44 29 61 53
 20 46 20 33 28 33  5 55 17 27 59  7 10 51 62 45 49 55 16 34 16 61 61 13
 13 40  8 52 55 23 52 41 48 19 59 34 10 45  2 53]","[59 43  4 29 43 30 17 35 29 36 33 52 19 45 33  2 43 30 61 49 44 29 38  4
 61 46 20  8 28 33 10 55 55 10 43 14 10 51 22 61 49 55 16 12 29 46 30 15
 20 62  8 52 17 23 52 11 24 19 16 34 10 46  2 53]",False,False,0.109375,0.078125,0.04,0.0,0.0,1,0,0,0.04,0.0,0.0,1,0,0,1.0,0.0,0.0,25,0,0,1.0,0.0,0.0,25,0,0,1.0,0.0,0.0,25,0,0,1.0,0.0,0.0,25,0,0,1.0,0.0,0.0,25,0,0,1.0,0.0,0.0,25,0,0
[0.500999   0.         0.70781353 ... 0.         0.70781353 0.        ],"[47 23  2 58 41 30 47 23 44 24 40 39 40 45 48 48 15 48 14 17 45 15 10 31
 14 60  6 19 16 17  2 47 10 37 42  0 51 30 59 40  2  2  5 25 17 30 47  2
  2 38 16 39 17  9 15 14 12 37 39 47 45 54 29 26]","[47 23  2 13 41 30 47 23 44 24 40  0 40 45 48 48 15 41 14 17 45 15 10 31
 14 28  6 19 16 17  2 47 42 37 42  0 51 30 19 47  2  2  5 25 17 30 47  2
  2 38 16 39 17  9  6 14 12 37 39 47 45 13  1 26]",True,True,0.953125,0.953125,"[np.int64(43), np.int64(3), np.int64(57), np.int64(2), np.int64(35), np.int64(18), np.int64(13), np.int64(4), np.int64(5), np.int64(22), np.int64(21), np.int64(23), np.int64(19), np.int64(26), np.int64(52), np.int64(23), np.int64(23), np.int64(55), np.int64(58), np.int64(11), np.int64(6), np.int64(18), np.int64(44), np.int64(51), np.int64(0), np.int64(52), np.int64(8), np.int64(1), np.int64(27), np.int64(6), np.int64(49), np.int64(4), np.int64(49), np.int64(8), np.int64(16), np.int64(48), np.int64(22), np.int64(43), np.int64(33), np.int64(9), np.int64(58), np.int64(15), np.int64(59), np.int64(32), np.int64(34), np.int64(63), np.int64(0), np.int64(47), np.int64(12), np.int64(22), np.int64(19), np.int64(44), np.int64(60), np.int64(36), np.int64(11), np.int64(15), np.int64(20), np.int64(58), np.int64(13), np.int64(5), np.int64(62), np.int64(36), np.int64(63), np.int64(3)]","[np.int64(23), np.int64(28), np.int64(16), np.int64(3), np.int64(8), np.int64(27), np.int64(26), np.int64(21), np.int64(54), np.int64(16), np.int64(27), np.int64(25), np.int64(57), np.int64(14), np.int64(33), np.int64(28), np.int64(42), np.int64(47), np.int64(25), np.int64(42), np.int64(26), np.int64(20), np.int64(45), np.int64(45), np.int64(7), np.int64(43), np.int64(31), np.int64(23), np.int64(36), np.int64(38), np.int64(1), np.int64(16), np.int64(4), np.int64(48), np.int64(16), np.int64(2), np.int64(15), np.int64(38), np.int64(21), np.int64(22), np.int64(0), np.int64(25), np.int64(31), np.int64(38), np.int64(30), np.int64(54), np.int64(23), np.int64(54), np.int64(23), np.int64(12), np.int64(16), np.int64(55), np.int64(15), np.int64(52), np.int64(63), np.int64(40), np.int64(38), np.int64(6), np.int64(23), np.int64(27), np.int64(58), np.int64(26), np.int64(7), np.int64(18)]",False,False,0.0,0.0,"[47 22  2 13 41 47 47 23 44 24 40  0 47 35 48 48 15 40 14  6  3 15 10 31
 14 28 55 33 42 17  2 47 10 37 42  0 50 30 54 47  2  2  0 25 11 30 47  2
  2 38 16 39 11  9  4 14 12 37 52 47 45 54  1 26]","[47 24  2 51 41 47 47 27 24 24 40 44 40 19 48 48 15 48 14 17  3 15  1 31
 14 44 55 33 16 57  2 16 10 18 42 58 51 30 18 47  2  2  5 25 17 30 47  2
  2 38 16 57 17  9 15 14 12 37 52 47 25 55  1 26]",True,True,0.96875,0.96875,"[47 62  2 58 54 47 47 29 24 24 40 16 40 19 19 47  5 41 14 14  3 15 10 31
 14 28 55 33 32  7  2 47 10 12 42 58 51  0 59 47  2  2 16 25 17 30 21  2
  2 38 36 57 11  9  4 14 12 37 35 31 45 13  1 26]","[37 22  2 58 41 30 19 23 44 24 40 16 40  3 48 47 11 48 14 14 45 13 10 31
 14 28 44  7 25 17  2 47 28 12 42  0 51 30 19 47  2  2  5 25 11 30 47  2
  2 38 16 39 58  9 15 14 12 29 39 31 25 13  1 26]",False,False,0.109375,0.078125,0.04,1.0,1.0,1,1,25,0.04,1.0,1.0,1,1,25,1.0,0.0,0.0,25,0,0,1.0,0.0,0.0,25,0,0,1.0,0.96,0.96,25,24,24,1.0,1.0,1.0,25,25,25,1.0,0.12,0.12,25,3,3,1.0,0.16,0.16,25,4,4
[1.00049988 0.70781353 0.         ... 0.         0.         0.        ],"[61 46 46  3 61 53 55 40 47  8 51 54 43 39 42 46  3 25 60 61  3 29 35 63
 60 29 41 24 48  3 29  7 42 61  0 63 47 20 21 37 20 33 48 20 29 60 20 48
  3 43 60 29  7 51 30 30 25 32 32 19 48  3 60 48]","[61 46 46  3 61 53 55 40 47  8 30 54 43 59 42 59  3  4 39 61  3 29 35 63
 60 29 41 24 48  3 29 32 42 61 10 63 47 20 21 37 20 59 48 20 29 21 20 48
  3 43 44 29  7 51 30 30 19 32 32 19 48  3 60 48]",True,True,0.953125,0.953125,"[np.int64(59), np.int64(20), np.int64(28), np.int64(4), np.int64(42), np.int64(17), np.int64(52), np.int64(60), np.int64(7), np.int64(46), np.int64(23), np.int64(3), np.int64(50), np.int64(45), np.int64(27), np.int64(33), np.int64(17), np.int64(50), np.int64(1), np.int64(27), np.int64(13), np.int64(10), np.int64(9), np.int64(8), np.int64(59), np.int64(54), np.int64(11), np.int64(62), np.int64(41), np.int64(12), np.int64(61), np.int64(11), np.int64(26), np.int64(26), np.int64(15), np.int64(50), np.int64(34), np.int64(29), np.int64(8), np.int64(42), np.int64(21), np.int64(46), np.int64(10), np.int64(40), np.int64(32), np.int64(56), np.int64(60), np.int64(54), np.int64(54), np.int64(55), np.int64(30), np.int64(61), np.int64(50), np.int64(29), np.int64(9), np.int64(4), np.int64(26), np.int64(56), np.int64(42), np.int64(4), np.int64(16), np.int64(31), np.int64(23), np.int64(56)]","[np.int64(21), np.int64(0), np.int64(19), np.int64(42), np.int64(26), np.int64(14), np.int64(39), np.int64(54), np.int64(2), np.int64(52), np.int64(6), np.int64(60), np.int64(48), np.int64(32), np.int64(61), np.int64(56), np.int64(11), np.int64(56), np.int64(45), np.int64(1), np.int64(47), np.int64(0), np.int64(17), np.int64(2), np.int64(9), np.int64(38), np.int64(59), np.int64(17), np.int64(21), np.int64(27), np.int64(29), np.int64(20), np.int64(31), np.int64(11), np.int64(45), np.int64(0), np.int64(13), np.int64(11), np.int64(63), np.int64(36), np.int64(25), np.int64(26), np.int64(55), np.int64(58), np.int64(23), np.int64(26), np.int64(56), np.int64(23), np.int64(20), np.int64(29), np.int64(41), np.int64(7), np.int64(0), np.int64(28), np.int64(17), np.int64(21), np.int64(49), np.int64(42), np.int64(40), np.int64(52), np.int64(57), np.int64(7), np.int64(22), np.int64(62)]",False,False,0.0,0.0,"[61 46 46  3 61 53 55 31 47  8 51 54 43 39 42 59  3  4 60 61  3 29 35 63
 60 29 41 24 30  3 29 38 45 61 15 63 21 30 21 37 20 59 48 20 29 21 20 48
  3 43 44 29  7 41 30 30 19 32 32 54 48  3 60 48]","[61 56 46  3 61 53 55 40 47  8 51 54 43  2 42 59  3  4 60 63  3 29 35 63
 60 17 41 24 48  3 63 32 42 61  0 63 21 20 55 37 20 53 48 20 42 32 20 48
  3 43 44 29 38 51 30 30 25 32 32 54 48  3 60 48]",True,True,0.96875,0.96875,"[61 46 46  3 61 53 55 33 47  8 30 54 53  2 42 46  3  2 39 44  3 29 35 63
 60 47 41 24 30  3 29 34 42 61 15 63 47 30 52 18 20 12 48 20 29 60 20 48
  3 33 27 29  7 21 19 30 19 32 11 15 48  3 60 48]","[34 56 46  3 61 53 55 33 47  8 51 54 43 59 42 34  3  4 60 61  3 29 35 51
 18 29 41 24 51  3 37  7 42 61 31 63 21 30 21 18 20 59 32 28 29 60 20 48
  3 43 60 29  7 51 30 38 18 32 32 36 48  3 60 48]",False,False,0.109375,0.078125,0.04,1.0,1.0,1,1,25,0.04,1.0,1.0,1,1,25,1.0,0.0,0.0,25,0,0,1.0,0.0,0.0,25,0,0,1.0,1.0,1.0,25,25,25,1.0,1.0,1.0,25,25,25,1.0,0.28,0.28,25,7,7,1.0,0.08,0.08,25,2,2
[1.00049988 0.70781353 0.         ... 0.         0.         0.        ],"[47 45 45 21 19 43 35 42 43 16 20  8 47 40 31 43 21  0 30 19 45 19 55 45
  4 45 24 21 16  1 21 45 41 61  8  1  1 24 36 13  4  3 21 21 27 19 20 30
 19 27 26 36  7 31 42 43 49 23 19 31 20 24 49 14]","[29 45 45 21 19 35 35 20 43 16 20  8 53 40 31 43  4  0  8 19 45 19 35 45
  4 45 16 21 16  1 21 45 41 61  8  1  1 24 36 28  4  3 21 21 27 19 20 30
 19 23 26 36 53 20  3 16 37 23 19 31 20 24 35 14]",True,True,0.953125,0.953125,"[np.int64(41), np.int64(45), np.int64(25), np.int64(44), np.int64(23), np.int64(3), np.int64(56), np.int64(51), np.int64(44), np.int64(48), np.int64(44), np.int64(49), np.int64(50), np.int64(16), np.int64(61), np.int64(10), np.int64(31), np.int64(53), np.int64(7), np.int64(34), np.int64(47), np.int64(45), np.int64(44), np.int64(16), np.int64(24), np.int64(46), np.int64(60), np.int64(47), np.int64(2), np.int64(63), np.int64(27), np.int64(7), np.int64(22), np.int64(39), np.int64(17), np.int64(31), np.int64(44), np.int64(38), np.int64(58), np.int64(4), np.int64(20), np.int64(31), np.int64(36), np.int64(16), np.int64(52), np.int64(22), np.int64(62), np.int64(4), np.int64(24), np.int64(34), np.int64(13), np.int64(37), np.int64(51), np.int64(21), np.int64(11), np.int64(41), np.int64(44), np.int64(7), np.int64(24), np.int64(51), np.int64(28), np.int64(22), np.int64(7), np.int64(31)]","[np.int64(4), np.int64(14), np.int64(46), np.int64(5), np.int64(32), np.int64(42), np.int64(0), np.int64(42), np.int64(32), np.int64(46), np.int64(30), np.int64(9), np.int64(6), np.int64(45), np.int64(12), np.int64(42), np.int64(24), np.int64(40), np.int64(31), np.int64(15), np.int64(49), np.int64(45), np.int64(56), np.int64(3), np.int64(14), np.int64(24), np.int64(28), np.int64(45), np.int64(38), np.int64(41), np.int64(48), np.int64(20), np.int64(18), np.int64(14), np.int64(35), np.int64(7), np.int64(7), np.int64(4), np.int64(55), np.int64(36), np.int64(9), np.int64(9), np.int64(51), np.int64(13), np.int64(11), np.int64(63), np.int64(12), np.int64(62), np.int64(46), np.int64(18), np.int64(3), np.int64(46), np.int64(28), np.int64(57), np.int64(25), np.int64(53), np.int64(12), np.int64(14), np.int64(20), np.int64(12), np.int64(4), np.int64(14), np.int64(5), np.int64(46)]",False,False,0.0,0.0,"[29 45 45 21 19 43 35 42  7 44 20  8 60 40 31 43  4  0 30 19 45 19 55 45
  4 27 16 21 16  1 21 45 62 61 13  1  1 24 36 28  4  3 21 21 27 19 59 30
 19 23 26 36 49 20 42 16 49 23 19 31 59 30 49 11]","[47 45  9 21 19 43 37 42 43 16 20  8 60 40 61 11  4  0  8 19 45 19 28 45
  4 45 16 21 16  1 21 45 41 61  8 22  1  8 36 28  4  3 21 21  8 19 59 30
 19 23 26 36  8 31  3 16 15 23 19 39 59 24 49 11]",True,True,0.96875,0.96875,"[17 45 11 21 19 49 37 10 43 44  7 63 41 40 10 43  4  6  8 19 24 19 28 45
 40 45 31 21 16  1 21 14 12 51 13  1  1 56 36 28  4 35 43 21  8 19 20 30
 19 23 26 33  7 31 42 43 15 23 19 46 20 14 49 14]","[47 45  9 21 19 35 37 54 43 16 20  8 53 34 31 43  4  0  8 19 45 19 50 45
 61 45 31 21 16  1 21 45 62 51  8  1 41  8 36 28  4  3 43 21 27 19 59 12
 19 27 22 33  8 20  3 16 37 23 19 60 20 35 35 14]",False,False,0.109375,0.078125,0.04,1.0,1.0,1,1,25,0.04,1.0,1.0,1,1,25,1.0,0.0,0.0,25,0,0,1.0,0.0,0.0,25,0,0,1.0,1.0,1.0,25,25,25,1.0,1.0,1.0,25,25,25,1.0,0.04,0.04,25,1,1,1.0,0.12,0.12,25,3,3
[0.         0.500999   0.70781353 ... 0.         0.70781353 0.        ],"[ 1 12 59 28 45 59 53  7 11 15 11 42  7 52 17 12 55 19 52 53  6  8 59  7
 23 36  7 21 24 24 41 35 35 45 24 46  1 47  1 51  5 12 53 52 41 15 26 22
 41 41 46 42 41  7 42  1 30 11  5 53 53 34 20 54]","[ 1 12 59 16 45 59 53  7 28 15 11 42  7 52 17 12  9 19 52 53  6  8 59  7
 23 36  7 21 38 24 41 49 35  9 56 30  1 47  1 52  5 12 53 52 41 15 26 22
  6 41 46  0 41  7 20  1  0 22 33 53 53 54 56 54]",True,True,0.953125,0.953125,"[np.int64(24), np.int64(4), np.int64(6), np.int64(57), np.int64(38), np.int64(53), np.int64(21), np.int64(31), np.int64(28), np.int64(56), np.int64(16), np.int64(47), np.int64(45), np.int64(49), np.int64(55), np.int64(8), np.int64(31), np.int64(48), np.int64(52), np.int64(19), np.int64(50), np.int64(23), np.int64(16), np.int64(50), np.int64(11), np.int64(36), np.int64(47), np.int64(13), np.int64(50), np.int64(5), np.int64(44), np.int64(31), np.int64(29), np.int64(39), np.int64(13), np.int64(36), np.int64(8), np.int64(14), np.int64(4), np.int64(19), np.int64(23), np.int64(23), np.int64(12), np.int64(49), np.int64(59), np.int64(2), np.int64(30), np.int64(3), np.int64(33), np.int64(0), np.int64(5), np.int64(44), np.int64(58), np.int64(16), np.int64(43), np.int64(0), np.int64(51), np.int64(15), np.int64(48), np.int64(20), np.int64(14), np.int64(13), np.int64(53), np.int64(37)]","[np.int64(2), np.int64(58), np.int64(51), np.int64(58), np.int64(37), np.int64(44), np.int64(17), np.int64(45), np.int64(10), np.int64(55), np.int64(62), np.int64(5), np.int64(18), np.int64(26), np.int64(61), np.int64(0), np.int64(58), np.int64(50), np.int64(34), np.int64(35), np.int64(60), np.int64(9), np.int64(38), np.int64(40), np.int64(6), np.int64(54), np.int64(29), np.int64(32), np.int64(17), np.int64(61), np.int64(63), np.int64(14), np.int64(18), np.int64(8), np.int64(11), np.int64(44), np.int64(29), np.int64(25), np.int64(42), np.int64(7), np.int64(14), np.int64(27), np.int64(4), np.int64(4), np.int64(9), np.int64(46), np.int64(23), np.int64(16), np.int64(39), np.int64(54), np.int64(50), np.int64(46), np.int64(28), np.int64(18), np.int64(36), np.int64(59), np.int64(30), np.int64(37), np.int64(9), np.int64(6), np.int64(46), np.int64(13), np.int64(13), np.int64(54)]",False,False,0.0,0.0,"[ 1 23 59 16 45 49 53  7 11 15 11 42  7 40 18 12  4 28 52 53  6  8 59  7
 23 36  7 21 24 30 35 49 35  9 24 46  1 47  1 51 61 12 53 29 29 15 26 22
 41 41 46  5 41  7 42  1 30 22 33 53 53  9 61 54]","[ 1 12 59 28 45 59 53  7 28 15 11 57  7 52 17 12 44 19 52 53  6  8 59  7
 23  9  7 21 38 24 56 35 35  9 24 46  1 47  6 51 61 12 53 52 41 15 26 22
  6 41 46 42 41  7 52  1 34 17  5 53 35 34 20 54]",True,True,0.96875,0.96875,"[22 12 63 31 45 49 53  7 28 15 11 42  7 52 17 12 44 19 52 53  6  8 59  7
 23 56  7 21 38 42 35 35 35 45  5 46  1 47  1 52 13 48 53 29 41 15 26 22
 56 41 46  5 43  7 63 15 30 11 33  1 53 40 20 54]","[56 12 59 28  8 49 53  7 28 15 11 57  7 52 17 12  9 19 14 17  6  8  0  7
 29 56  7 21 38 44 56  3 35  9  5 30  1 47  1 51 61 12 53 33 16 15 35 39
 41 41 46 42 18  7 42  1  0 17 33  1 43 62 20 54]",False,False,0.109375,0.078125,0.04,1.0,1.0,1,1,25,0.04,1.0,1.0,1,1,25,1.0,0.0,0.0,25,0,0,1.0,0.0,0.0,25,0,0,1.0,0.84,0.84,25,21,21,1.0,1.0,1.0,25,25,25,1.0,0.16,0.16,25,4,4,1.0,0.08,0.08,25,2,2
[0.         0.         0.70781353 ... 0.         0.         0.        ],"[37 53 41 43 50 48 32 10 22 62 16 20 20 35 54 54 39 28 35 18 27 49 55 13
 44 55 42 35 35 49 16 28 10 50 54 39 48 51 53 39 50 16 39 30 57 39 47 54
 42 16 42 13 55 26 45 45 20 13 28 28 47 11 16 33]","[37 53 41 43 50 48 32 10 40 62 16 40 60 35 54 54 39 28 45 18 54 49 55 46
 44 30 16 16 35 49 16 28 10 50 54 39 28 22 53 39 30 16 39 30  9 39 47 26
 42 16 42 13 55 26 16 45 20 18 28 28 47 11 16  5]",True,True,0.953125,0.953125,"[np.int64(8), np.int64(35), np.int64(19), np.int64(57), np.int64(33), np.int64(10), np.int64(0), np.int64(60), np.int64(57), np.int64(47), np.int64(63), np.int64(38), np.int64(30), np.int64(24), np.int64(17), np.int64(39), np.int64(57), np.int64(8), np.int64(18), np.int64(54), np.int64(48), np.int64(30), np.int64(31), np.int64(33), np.int64(26), np.int64(63), np.int64(46), np.int64(8), np.int64(49), np.int64(41), np.int64(49), np.int64(17), np.int64(43), np.int64(59), np.int64(46), np.int64(48), np.int64(0), np.int64(3), np.int64(16), np.int64(63), np.int64(60), np.int64(8), np.int64(23), np.int64(15), np.int64(39), np.int64(53), np.int64(14), np.int64(1), np.int64(6), np.int64(9), np.int64(48), np.int64(20), np.int64(43), np.int64(38), np.int64(41), np.int64(23), np.int64(60), np.int64(51), np.int64(24), np.int64(7), np.int64(20), np.int64(29), np.int64(61), np.int64(21)]","[np.int64(22), np.int64(7), np.int64(11), np.int64(46), np.int64(4), np.int64(49), np.int64(60), np.int64(7), np.int64(12), np.int64(1), np.int64(58), np.int64(30), np.int64(29), np.int64(44), np.int64(44), np.int64(27), np.int64(37), np.int64(7), np.int64(37), np.int64(26), np.int64(9), np.int64(57), np.int64(34), np.int64(45), np.int64(52), np.int64(58), np.int64(6), np.int64(62), np.int64(31), np.int64(5), np.int64(33), np.int64(58), np.int64(57), np.int64(11), np.int64(55), np.int64(11), np.int64(16), np.int64(44), np.int64(0), np.int64(0), np.int64(19), np.int64(49), np.int64(14), np.int64(16), np.int64(37), np.int64(50), np.int64(0), np.int64(41), np.int64(8), np.int64(0), np.int64(31), np.int64(36), np.int64(28), np.int64(56), np.int64(13), np.int64(25), np.int64(39), np.int64(17), np.int64(28), np.int64(59), np.int64(40), np.int64(55), np.int64(12), np.int64(45)]",False,False,0.0,0.0,"[ 8 15 41 46  2 48 32 10 22 36 16  9 11 35 54 63 39  8 35 18 54 15 55 63
 44 55 42 35 35 49 16 28 10 63 26 39 48 25  5 39 63 16 39 15 31 39 15 26
 42 16 26 13 26 26 45 45 22 18 28 28 19 11 48  5]","[37 29 25 43 50 63 32 10 17 36 16 20 17 35 54 43 39 28 45 57 27 49 55 32
 44 55 55 35 35 49 16 28 10 50 54 39 28 25 53 39 50 16 39 20  9 39 47 26
  5 16 42 20 55 36 45 45 20 18 28 56 47 11 16 33]",True,True,0.96875,0.96875,"[37 53  4 43 44 46 32 10  4 34 16 40 11 49 54 54 39 28 45 57 49 49 56 13
 44 30 16 16 36 49 16 44 51 50 26 39 28 51 53 39 50 16 39 30 57 39  5 21
 42 20 40 13 55 26 45 28 20 13 28 28 12 11 16 40]","[37 15 25 46 50 48 32 10 40 34 16 40 60 35 54 21 39 28 45 18 54 49 37 46
 44 55 16 35 36  1 16 28 10 50 54 39 53 51 53 39 30 16 39 30  4 39 15 54
 42 16 42 13 30 25 16 26 20 13 28 28 47 11 16 40]",False,True,0.109375,0.078125,0.04,1.0,1.0,1,1,25,0.04,1.0,1.0,1,1,25,1.0,0.0,0.0,25,0,0,1.0,0.0,0.0,25,0,0,1.0,0.92,0.92,25,23,23,1.0,1.0,1.0,25,25,25,1.0,0.12,0.12,25,3,3,1.0,0.08,0.08,25,2,2
