As,Source_Nodes,Categorical_Model_Trees,Categorical_True_Trees,Categorical_Model_Mask,Categorical_True_Mask,Categorical_Model_Accuracy,Categorical_True_Accuracy,Random_Model_Trees,Random_True_Trees,Random_Model_Mask,Random_True_Mask,Random_Model_Accuracy,Random_True_Accuracy,Prim_Model_Trees,Prim_True_Trees,Prim_Model_Mask,Prim_True_Mask,Prim_Model_Accuracy,Prim_True_Accuracy,Beam_Model_Trees,Beam_True_Trees,Beam_Model_Mask,Beam_True_Mask,Beam_Model_Accuracy,Beam_True_Accuracy,Categorical_Model_Uniques,Categorical_Model_Valids_Uniques,Categorical_Model_Valids,Categorical_Model_Unique_Counts,Categorical_Model_Valid_Unique_Counts,Categorical_Model_Valid_Counts,Categorical_True_Uniques,Categorical_True_Valids_Uniques,Categorical_True_Valids,Categorical_True_Unique_Counts,Categorical_True_Valid_Unique_Counts,Categorical_True_Valid_Counts,Random_Model_Uniques,Random_Model_Valids_Uniques,Random_Model_Valids,Random_Model_Unique_Counts,Random_Model_Valid_Unique_Counts,Random_Model_Valid_Counts,Random_True_Uniques,Random_True_Valids_Uniques,Random_True_Valids,Random_True_Unique_Counts,Random_True_Valid_Unique_Counts,Random_True_Valid_Counts,Prim_Model_Uniques,Prim_Model_Valids_Uniques,Prim_Model_Valids,Prim_Model_Unique_Counts,Prim_Model_Valid_Unique_Counts,Prim_Model_Valid_Counts,Prim_True_Uniques,Prim_True_Valids_Uniques,Prim_True_Valids,Prim_True_Unique_Counts,Prim_True_Valid_Unique_Counts,Prim_True_Valid_Counts,Beam_Model_Uniques,Beam_Model_Valids_Uniques,Beam_Model_Valids,Beam_Model_Unique_Counts,Beam_Model_Valid_Unique_Counts,Beam_Model_Valid_Counts,Beam_True_Uniques,Beam_True_Valids_Uniques,Beam_True_Valids,Beam_True_Unique_Counts,Beam_True_Valid_Unique_Counts,Beam_True_Valid_Counts
[1 0 0 ... 0 0 1],5,"[ 5  5  3  5 30  5 35 19  5  5  5 25  1  3  0 30  0 58 21  5  1  5  5 34
 44  5 30 34 25 44  5 51 19  9  5  5 50  3 50  0  3  3  3  1  5  3 25 10
 21 22  5  5  9 25 44 25 59  8  5  5 30  8  3 25]","[ 5  5  3  5 19  5 35 19  5  5  5 21  1 21 25 10  0 19 22  5  1  5  5 30
 10  5 22 10 25  8  5 51 50  9  5  5  3  3 51 10 44 59  9 25  5 51 25 50
 21 30  5  5  8  8 50 25 44  8  5  5 30  8  3 25]",False,False,0.0,0.0,"[np.int64(16), np.int64(10), np.int64(8), np.int64(27), np.int64(14), np.int64(50), np.int64(42), np.int64(7), np.int64(25), np.int64(25), np.int64(34), np.int64(6), np.int64(46), np.int64(47), np.int64(63), np.int64(56), np.int64(34), np.int64(45), np.int64(40), np.int64(42), np.int64(62), np.int64(29), np.int64(33), np.int64(20), np.int64(34), np.int64(41), np.int64(57), np.int64(15), np.int64(35), np.int64(59), np.int64(11), np.int64(8), np.int64(47), np.int64(6), np.int64(39), np.int64(3), np.int64(58), np.int64(23), np.int64(22), np.int64(18), np.int64(22), np.int64(3), np.int64(54), np.int64(33), np.int64(8), np.int64(37), np.int64(33), np.int64(51), np.int64(54), np.int64(26), np.int64(12), np.int64(6), np.int64(58), np.int64(27), np.int64(37), np.int64(25), np.int64(39), np.int64(59), np.int64(51), np.int64(59), np.int64(21), np.int64(12), np.int64(9), np.int64(53)]","[np.int64(52), np.int64(62), np.int64(9), np.int64(47), np.int64(22), np.int64(7), np.int64(5), np.int64(62), np.int64(5), np.int64(7), np.int64(8), np.int64(5), np.int64(31), np.int64(62), np.int64(16), np.int64(43), np.int64(47), np.int64(17), np.int64(36), np.int64(63), np.int64(28), np.int64(40), np.int64(48), np.int64(39), np.int64(42), np.int64(21), np.int64(35), np.int64(18), np.int64(33), np.int64(26), np.int64(38), np.int64(1), np.int64(4), np.int64(30), np.int64(3), np.int64(22), np.int64(20), np.int64(57), np.int64(5), np.int64(7), np.int64(32), np.int64(50), np.int64(62), np.int64(13), np.int64(46), np.int64(24), np.int64(46), np.int64(27), np.int64(6), np.int64(28), np.int64(50), np.int64(30), np.int64(3), np.int64(11), np.int64(41), np.int64(7), np.int64(46), np.int64(23), np.int64(6), np.int64(5), np.int64(10), np.int64(30), np.int64(34), np.int64(12)]",False,False,0.0,0.0,"[ 5  5  3  5 10  5 51 19  5  5  5  1  1 44 30 30  0 34 22  5 35  5  5 21
 10  5 35 10 25 44  5 51 44 59  5  5 59 59  0 44 58  3 59 35  5  3 30  0
 21 59  5  5  8 58 59  8 21 35  5  5 58 30  1 34]","[ 5  5  3  5 30  5 59 50  5  5  5 25  1  3 25 25  0 34 21  5 35  5  5 30
 10  5 30 34 51  8  5 51  9 59  5  5  3  3  0 34 19  3  8 35  5 21 10 50
 34  0  5  5  8 25 50 30 44  8  5  5 30  8 21 21]",False,False,0.0,0.0,"[ 5  5 30  5 30  5 35 19  5  5  5  1  1  3  0 10  0  0 44  5  1  5  5 59
  0  5  8 10 22  9  5 22  9  9  5  5  9  3 25 10 19 34  9 22  5 21 25 25
 34 30  5  5  9  9 44 30 44 35  5  5 35 30 21 34]","[ 5  5  3  5 30  5 10 50  5  5  5 25  1  3 25 25 25 19 21  5 25  5  5 30
 10  5 51 34 25  8  5 51 50  9  5  5  3  3 25 10  3  3  3 22  5  3 25 25
 34  0  5  5  8  3 50 25 21  8  5  5  9  8  3 25]",False,False,0.0,0.015625,1.0,0.0,0.0,25,0,0,1.0,0.0,0.0,25,0,0,1.0,0.0,0.0,25,0,0,1.0,0.0,0.0,25,0,0,1.0,0.0,0.0,25,0,0,1.0,0.0,0.0,25,0,0,0.04,0.0,0.0,1,0,0,0.04,0.0,0.0,1,0,0
[1 0 0 ... 0 0 0],29,"[29 43 63 51 31 12 51 63 56 12 29 56 29 10 41 29 63 38 57 29 10 29 37 38
 19 10 10 25 41 29 41 29 57 41 56 57 10 29 29 63 31 29 43 29 31 29 45 37
 51 63 43 29 41 51  0 63 29 29 38 21 61 29  0 29]","[29 15 15 51 56 56 51 63 15 61 29 57 29 10 43 29 45 15 51 29 51 29 45 61
 19 41 56 34 37 29 63 29 51 31 56 15 51 29 29 63 10 29 43 29  0 29 31 37
 15 63 45 29 57 57  0 63 29 29 61 21 61 29 37 29]",False,False,0.0,0.0,"[np.int64(56), np.int64(35), np.int64(61), np.int64(40), np.int64(23), np.int64(3), np.int64(35), np.int64(45), np.int64(36), np.int64(58), np.int64(37), np.int64(4), np.int64(24), np.int64(12), np.int64(52), np.int64(45), np.int64(24), np.int64(0), np.int64(0), np.int64(6), np.int64(48), np.int64(41), np.int64(23), np.int64(51), np.int64(6), np.int64(48), np.int64(47), np.int64(40), np.int64(25), np.int64(57), np.int64(4), np.int64(56), np.int64(8), np.int64(12), np.int64(44), np.int64(25), np.int64(10), np.int64(41), np.int64(9), np.int64(53), np.int64(4), np.int64(19), np.int64(56), np.int64(53), np.int64(4), np.int64(1), np.int64(37), np.int64(35), np.int64(56), np.int64(19), np.int64(52), np.int64(36), np.int64(48), np.int64(45), np.int64(58), np.int64(12), np.int64(22), np.int64(5), np.int64(54), np.int64(31), np.int64(0), np.int64(52), np.int64(9), np.int64(12)]","[np.int64(48), np.int64(11), np.int64(48), np.int64(4), np.int64(61), np.int64(42), np.int64(27), np.int64(9), np.int64(49), np.int64(58), np.int64(46), np.int64(37), np.int64(48), np.int64(2), np.int64(28), np.int64(51), np.int64(46), np.int64(10), np.int64(17), np.int64(29), np.int64(46), np.int64(51), np.int64(4), np.int64(21), np.int64(47), np.int64(32), np.int64(27), np.int64(4), np.int64(20), np.int64(43), np.int64(16), np.int64(55), np.int64(4), np.int64(59), np.int64(22), np.int64(4), np.int64(58), np.int64(17), np.int64(17), np.int64(59), np.int64(29), np.int64(52), np.int64(47), np.int64(18), np.int64(56), np.int64(26), np.int64(12), np.int64(47), np.int64(22), np.int64(12), np.int64(46), np.int64(29), np.int64(29), np.int64(19), np.int64(21), np.int64(18), np.int64(25), np.int64(15), np.int64(60), np.int64(0), np.int64(36), np.int64(33), np.int64(35), np.int64(58)]",False,False,0.0,0.0,"[29 45 15 41 61 12 51 63 15 61 29 56 29 12 43 29 31 38 57 29 19 29 45 41
 19 12 21 55 41 29 41 29 57 31 56 51 10 29 29 21 31 29 10 29 12 29 63  0
 51 15 43 29 57 57  0 41 29 29 19 19 61 29 37 29]","[29 15 15 51 56 56 51  0 15 61 29 51 29 10 43 29 15 38 37 29 56 29 37  0
 19 61 21 39 37 29 63 29 51 43 45 15 63 29 29 21 31 29 10 29  0 29 45 37
 45 15 15 29 12 51  0 63 29 29 19 37 61 29 37 29]",False,False,0.0,0.0,"[29 38 63 41 31 41 12 41  0 12 29 51 29 12 43 29 51 38 51 29 51 29 56 61
 19 61 56 52 45 29 63 29 57 31 56 63 63 29 29 63 31 29 43 29 31 29 63 19
 51 63 43 29 56 51 56 41 29 29 61 37 61 29 31 29]","[29 15 15 51 41 63 51 63 15 63 29 56 29 10 43 29 45 15 63 29 51 29 45 15
 19 61 56 22 37 29 63 29 51 41 45 45 51 29 29 63 31 29 10 29 12 29 63 37
 15 15 15 29 56 10 15 51 29 29 61 21 61 29 31 29]",False,False,0.0,0.015625,1.0,0.0,0.0,25,0,0,1.0,0.0,0.0,25,0,0,1.0,0.0,0.0,25,0,0,1.0,0.0,0.0,25,0,0,1.0,0.0,0.0,25,0,0,1.0,0.0,0.0,25,0,0,0.04,0.0,0.0,1,0,0,0.04,0.0,0.0,1,0,0
[0 0 0 ... 0 0 1],24,"[27 54 24 24 39 47 49  3  3 24 49 32 47 24 53 21 13 37  9 47 24 24 47 32
 24 32 37 24 20 13 27 27 24 53 37 24 24 24  2 49  3  9 36 20 24 44 49 24
 32 24 32 36  9 24 24  3 49 32  9 47 32 13 35 44]","[47 54 24 24  8  3  3 32  3 24 49 32  9 24 27  3 53 32  9 49 24 24  9  2
 24 20  9 24 37 13 21 47 24 53 21 24 24 24 13 13 27 20 49 54 24 36 44 24
 32 24  2 36  9 24 24 35 49 13 20 44 13 35 35 44]",False,False,0.0,0.0,"[np.int64(11), np.int64(27), np.int64(62), np.int64(16), np.int64(59), np.int64(20), np.int64(20), np.int64(10), np.int64(38), np.int64(38), np.int64(43), np.int64(27), np.int64(10), np.int64(3), np.int64(40), np.int64(54), np.int64(7), np.int64(55), np.int64(43), np.int64(45), np.int64(41), np.int64(50), np.int64(54), np.int64(4), np.int64(42), np.int64(31), np.int64(63), np.int64(10), np.int64(3), np.int64(57), np.int64(11), np.int64(40), np.int64(47), np.int64(54), np.int64(58), np.int64(60), np.int64(6), np.int64(54), np.int64(26), np.int64(53), np.int64(38), np.int64(42), np.int64(43), np.int64(59), np.int64(28), np.int64(50), np.int64(45), np.int64(3), np.int64(3), np.int64(53), np.int64(48), np.int64(9), np.int64(50), np.int64(47), np.int64(21), np.int64(47), np.int64(26), np.int64(43), np.int64(50), np.int64(37), np.int64(59), np.int64(52), np.int64(46), np.int64(46)]","[np.int64(45), np.int64(49), np.int64(23), np.int64(10), np.int64(7), np.int64(23), np.int64(15), np.int64(52), np.int64(50), np.int64(36), np.int64(30), np.int64(5), np.int64(46), np.int64(56), np.int64(37), np.int64(9), np.int64(46), np.int64(44), np.int64(57), np.int64(58), np.int64(23), np.int64(4), np.int64(63), np.int64(6), np.int64(52), np.int64(22), np.int64(20), np.int64(58), np.int64(28), np.int64(4), np.int64(36), np.int64(0), np.int64(27), np.int64(15), np.int64(10), np.int64(32), np.int64(55), np.int64(52), np.int64(31), np.int64(61), np.int64(61), np.int64(57), np.int64(57), np.int64(18), np.int64(27), np.int64(49), np.int64(8), np.int64(26), np.int64(46), np.int64(22), np.int64(58), np.int64(29), np.int64(32), np.int64(23), np.int64(59), np.int64(58), np.int64(10), np.int64(42), np.int64(63), np.int64(10), np.int64(6), np.int64(19), np.int64(53), np.int64(61)]",False,False,0.0,0.0,"[54  3 24 24  8 53  3  3 53 24 47 32 20 24 53 49 13 32 49 47 24 24 49 27
 24 20 53 24 37 54  2 47 24 53 27 24 24 24 36 54 49 20 21 47 24  9 35 24
 37 24 37 49  3 24 24 20 49 21 20 32 20 21 13 21]","[21 35 24 24 26 47  3 35  3 24 54 32 13 24 27 49 13 37  9 49 24 24  9  2
 24 13  9 24 32 13 20 20 24 53 54 24 24 24  9 27 20  9 21 47 24 44  3 24
 37 24 32 36  3 24 24 20 49 32  9 44 20 35 13 21]",False,False,0.0,0.0,"[36 35 24 24 63 35 35 44  3 24 47 32 47 24 47 49 53 49 49 49 24 24 49 47
 24 49 53 24 20 27  9 47 24 32  3 24 24 24 49 49 35 20 49 54 24 44 44 24
 37 24 21 49 44 24 24 35 49 47 54 47 32 35 35 44]","[54  3 24 24 26 54  3 44  3 24 54 32 13 24 53 21 13 21  9 44 24 24  9  2
 24 13  9 24 20 13  9 44 24 32 54 24 24 24 13 13  9  9 21 54 24 36 44 24
 32 24  2 36  9 24 24  3 49 13 54 32 13 13 13 21]",False,False,0.0,0.015625,1.0,0.0,0.0,25,0,0,1.0,0.0,0.0,25,0,0,1.0,0.0,0.0,25,0,0,1.0,0.0,0.0,25,0,0,1.0,0.0,0.0,25,0,0,1.0,0.0,0.0,25,0,0,0.04,0.0,0.0,1,0,0,0.04,0.0,0.0,1,0,0
[1 1 1 ... 0 0 0],39,"[ 2  2 39 44  2 60  2 42 44 13 60 39 11 39 13 24 60 24 13 42 57 25 42 24
 39 39 59  2 11 24 24 13 13 44 57 25 48 25 44 39 11 59 39 60 39  0 11 24
 44 24  2  2 42 57 13  2 59 39 42 39 39 60 44 11]","[ 2  2 39 44 24 11 24 25 59 13 13 39 24 39 13 24 25 13 57 13 57 59 24 24
 39 39 11 60 24 24 24 13 13 42 57 25 54  2 44 39 57 60 39 57 39 62 11 59
 44 24 24  2 44 60 13 13 11 39 44 39 39 24 13 11]",False,False,0.0,0.0,"[np.int64(62), np.int64(36), np.int64(53), np.int64(41), np.int64(10), np.int64(12), np.int64(11), np.int64(53), np.int64(38), np.int64(59), np.int64(59), np.int64(6), np.int64(2), np.int64(23), np.int64(2), np.int64(34), np.int64(4), np.int64(50), np.int64(21), np.int64(15), np.int64(22), np.int64(23), np.int64(37), np.int64(41), np.int64(51), np.int64(54), np.int64(50), np.int64(11), np.int64(2), np.int64(61), np.int64(38), np.int64(43), np.int64(11), np.int64(33), np.int64(30), np.int64(44), np.int64(31), np.int64(2), np.int64(56), np.int64(49), np.int64(15), np.int64(61), np.int64(37), np.int64(54), np.int64(63), np.int64(24), np.int64(29), np.int64(59), np.int64(40), np.int64(35), np.int64(10), np.int64(20), np.int64(4), np.int64(53), np.int64(59), np.int64(5), np.int64(21), np.int64(57), np.int64(27), np.int64(27), np.int64(38), np.int64(63), np.int64(53), np.int64(59)]","[np.int64(8), np.int64(37), np.int64(61), np.int64(63), np.int64(23), np.int64(5), np.int64(24), np.int64(13), np.int64(24), np.int64(48), np.int64(21), np.int64(59), np.int64(40), np.int64(19), np.int64(28), np.int64(22), np.int64(48), np.int64(17), np.int64(59), np.int64(20), np.int64(11), np.int64(40), np.int64(46), np.int64(51), np.int64(11), np.int64(44), np.int64(40), np.int64(63), np.int64(39), np.int64(16), np.int64(16), np.int64(49), np.int64(52), np.int64(35), np.int64(36), np.int64(25), np.int64(35), np.int64(53), np.int64(24), np.int64(23), np.int64(13), np.int64(60), np.int64(29), np.int64(15), np.int64(25), np.int64(4), np.int64(5), np.int64(43), np.int64(3), np.int64(62), np.int64(22), np.int64(28), np.int64(31), np.int64(5), np.int64(59), np.int64(53), np.int64(29), np.int64(63), np.int64(60), np.int64(31), np.int64(7), np.int64(29), np.int64(36), np.int64(28)]",False,False,0.0,0.0,"[ 2  2 39 44 24 60 24 44 59 11 60 39 11 39 59 24 25 44 57 13 44 59 42 25
 39 39 11 60 24 11 24 13 57 44 57 44  7  2 42 39 11 59 39 60 39 56 11 11
 44 24 24 11 42 57 57 13 59 39 44 39 39 25 57  2]","[11 42 39 44 59 11  2 25 59 11 57 39 11 39 13 13 25 44 57 42 57 57 42 25
 39 39 13 60 24 24 59 42 57 42 57 25 17  2 24 39 60 59 39 57 39 28 11 11
 44 24  2  2 44 24 13  2 11 39 11 39 39 24 44 11]",False,False,0.0,0.0,"[ 2  2 39 44 24 42 42 42 44 44 13 39  2 39 57 42 60 44 57 42 57 57 42 60
 39 39 59 60 24 11 59 13 57 24 57 44 43 42 42 39 60 60 39 60 39 43 11 24
 44 24 42  2 59 57 57 57 59 39  2 39 39 60 57  2]","[11 42 39 44 24 11 24 25 44 13 57 39  2 39 57 24  2 13 44 13 57 57 24 24
 39 39 13 60 11 11 24 42 24 42 57 25 17 42 42 39 57 60 39 57 39 43 11 11
 44 24 24 11 44 24 13  2 11 39 11 39 39 24  2 11]",False,False,0.0,0.015625,1.0,0.0,0.0,25,0,0,1.0,0.0,0.0,25,0,0,1.0,0.0,0.0,25,0,0,1.0,0.0,0.0,25,0,0,1.0,0.0,0.0,25,0,0,1.0,0.0,0.0,25,0,0,0.04,0.0,0.0,1,0,0,0.04,0.0,0.0,1,0,0
[0 0 0 ... 1 1 1],34,"[45 59 30 34  3 52 10 30 15 11 34 34 10 40 63 34 34 59 11 29 11 59  3 31
 16 40 63 11 45 34 34 34 31 58 34 30 30 15 10 31 34 11 10 59 31 34 52 29
 31 10 58 58 34 31 52  8 40  3 34 34 30 11 30 34]","[45 45 16 34 45 52 10 45 45 11 34 34 52 40 63 34 34 59 45 10 10 31 30 31
 16 15 16 11 45 34 34 34 10 45 34 31 52 10 10 31 34 11 58 59 52 34 52 29
 30 58 58 11 34 29 52 24 45 30 34 34 30 11 52 34]",False,False,0.0,0.0,"[np.int64(41), np.int64(60), np.int64(35), np.int64(50), np.int64(47), np.int64(46), np.int64(23), np.int64(28), np.int64(50), np.int64(56), np.int64(44), np.int64(24), np.int64(34), np.int64(46), np.int64(34), np.int64(38), np.int64(40), np.int64(15), np.int64(45), np.int64(17), np.int64(11), np.int64(49), np.int64(50), np.int64(12), np.int64(63), np.int64(37), np.int64(43), np.int64(44), np.int64(24), np.int64(16), np.int64(44), np.int64(6), np.int64(20), np.int64(43), np.int64(33), np.int64(50), np.int64(2), np.int64(15), np.int64(37), np.int64(57), np.int64(13), np.int64(56), np.int64(0), np.int64(59), np.int64(45), np.int64(56), np.int64(63), np.int64(63), np.int64(30), np.int64(7), np.int64(26), np.int64(14), np.int64(21), np.int64(42), np.int64(28), np.int64(15), np.int64(45), np.int64(56), np.int64(1), np.int64(61), np.int64(6), np.int64(23), np.int64(53), np.int64(8)]","[np.int64(53), np.int64(20), np.int64(15), np.int64(57), np.int64(11), np.int64(40), np.int64(22), np.int64(26), np.int64(14), np.int64(23), np.int64(47), np.int64(16), np.int64(42), np.int64(24), np.int64(23), np.int64(29), np.int64(9), np.int64(26), np.int64(32), np.int64(28), np.int64(25), np.int64(54), np.int64(60), np.int64(20), np.int64(15), np.int64(30), np.int64(33), np.int64(37), np.int64(42), np.int64(48), np.int64(52), np.int64(35), np.int64(48), np.int64(24), np.int64(43), np.int64(4), np.int64(17), np.int64(18), np.int64(47), np.int64(15), np.int64(5), np.int64(44), np.int64(26), np.int64(25), np.int64(58), np.int64(26), np.int64(56), np.int64(11), np.int64(22), np.int64(45), np.int64(51), np.int64(56), np.int64(45), np.int64(13), np.int64(45), np.int64(10), np.int64(25), np.int64(16), np.int64(22), np.int64(3), np.int64(6), np.int64(49), np.int64(60), np.int64(63)]",False,False,0.0,0.0,"[15 30 63 34 11 59 52 30 10 10 34 34 52 40 63 34 34 45 45 16 10 59 40 63
 16 40 16 31 30 34 34 34 10 45 34 31 30 10 31 31 34 52 10 10 52 34 31 29
 31 16 29 10 34 31 10 61 40 45 34 34 30 63 11 34]","[10 10 63 34 11 59 10 45 45 11 34 34 52 16 63 34 34 45 45 45 59 59 58 31
 31 15 16 52 63 34 34 34 31 40 34 31 45 10 10 31 34 52 58 10 31 34 31 29
 31  3 58 63 34  3 10  8 40  3 34 34 30 11 63 34]",False,False,0.0,0.0,"[16 30 30 34 45  3 45 45 45 11 34 34 52 40 63 34 34 59 58 52 52 52 58 59
 59 40 63 52 63 34 34 34 52 59 34 52 45 15 31 31 34 52 58 59 52 34 52 29
 10 58 58 63 34 31 52 41 45 45 34 34 30 63 63 34]","[45 45 16 34 11 59 45 45 45 11 34 34 52 31 63 34 34 45 11 45 11 31 58 59
 31 40 16 52 45 34 34 34 52 45 34 31 45 10 31 31 34 52 52 59 31 34 31 29
 30 58 58 58 34 31 52  4 45 45 34 34 30 11 30 34]",False,False,0.0,0.015625,1.0,0.0,0.0,25,0,0,1.0,0.0,0.0,25,0,0,1.0,0.0,0.0,25,0,0,1.0,0.0,0.0,25,0,0,1.0,0.0,0.0,25,0,0,1.0,0.0,0.0,25,0,0,0.04,0.0,0.0,1,0,0,0.04,0.0,0.0,1,0,0
[1 0 0 ... 0 1 0],43,"[13 11 20 45 60 11 27 45 24 24 24 43 24 60 24 45 60 11 11 45 60 60 60 45
 43 60 45 37 11 35 24 11 45 60 44 24 24 43 37 60 11 20 37 43 11 43 37 60
 56 11 45 45 37 37 37 61 60 37 11 37 43 45 24 62]","[26 37 15 45 37 11 39 45 37 11 24 43 24 60 24 45 11 11 11 24 60 60 60 45
 43 11 45 37 11 49 24 11 11 60 57 24 24 43 60 60 11 17 37 43 11 43 37 60
  9 24 45 45 37 11 11  3 60 37 11 60 43 45 45 22]",False,False,0.0,0.0,"[np.int64(58), np.int64(51), np.int64(2), np.int64(4), np.int64(37), np.int64(13), np.int64(63), np.int64(47), np.int64(8), np.int64(4), np.int64(46), np.int64(43), np.int64(18), np.int64(57), np.int64(55), np.int64(31), np.int64(56), np.int64(45), np.int64(4), np.int64(22), np.int64(45), np.int64(10), np.int64(54), np.int64(16), np.int64(2), np.int64(6), np.int64(13), np.int64(20), np.int64(35), np.int64(61), np.int64(43), np.int64(14), np.int64(46), np.int64(28), np.int64(37), np.int64(41), np.int64(7), np.int64(62), np.int64(12), np.int64(15), np.int64(51), np.int64(31), np.int64(56), np.int64(55), np.int64(51), np.int64(29), np.int64(42), np.int64(59), np.int64(32), np.int64(57), np.int64(35), np.int64(37), np.int64(34), np.int64(61), np.int64(27), np.int64(61), np.int64(20), np.int64(58), np.int64(61), np.int64(16), np.int64(45), np.int64(18), np.int64(39), np.int64(4)]","[np.int64(42), np.int64(14), np.int64(10), np.int64(48), np.int64(52), np.int64(59), np.int64(51), np.int64(10), np.int64(33), np.int64(27), np.int64(12), np.int64(33), np.int64(28), np.int64(35), np.int64(63), np.int64(11), np.int64(8), np.int64(9), np.int64(25), np.int64(31), np.int64(11), np.int64(63), np.int64(48), np.int64(48), np.int64(28), np.int64(56), np.int64(32), np.int64(63), np.int64(33), np.int64(62), np.int64(30), np.int64(6), np.int64(37), np.int64(0), np.int64(30), np.int64(25), np.int64(15), np.int64(41), np.int64(27), np.int64(0), np.int64(36), np.int64(46), np.int64(54), np.int64(19), np.int64(26), np.int64(23), np.int64(16), np.int64(19), np.int64(6), np.int64(4), np.int64(46), np.int64(33), np.int64(4), np.int64(35), np.int64(52), np.int64(25), np.int64(54), np.int64(19), np.int64(30), np.int64(46), np.int64(12), np.int64(44), np.int64(58), np.int64(38)]",False,False,0.0,0.0,"[14 37 35 45 37 11 46 45 37 24 24 43 24 60 24 45 11 11 11 45 60 60 60 45
 43 37 45 37 37 13 24 11 45 60  9 24 24 43 37 60 11 28 37 43 11 43 24 45
 54 24 60 11 37 11 37 19 60 37 11 60 43 45 24 53]","[51 37 15 45 60 11 39 45 24 11 24 43 24 60 24 45 60 11 11 24 60 60 60 45
 43 11 45 37 11 27 24 11 45 60 44 24 24 43 60 60 11 28 37 43 24 43 24 60
 22 11 60 24 37 37 37 62 45 37 11 11 43 45 60 44]",False,False,0.0,0.0,"[61 37 61 45 37 11  1 45 37 11 24 43 24 60 45 45 60 11 11 45 60 60 60 45
 43 60 45 37 37  8 24 11 45 60 26 24 24 43 60 60 11 28 37 43 24 43 37 45
 28 24 60 45 37 37 37 38 60 37 11 60 43 45 60  1]","[12 37 14 45 60 11 33 45 24 24 24 43 24 60 24 45 11 37 11 24 60 60 24 45
 43 11 45 37 11 39 24 11 11 60 52 24 24 43 60 60 11 28 37 43 24 43 24 60
 28 24 60 24 37 11 11 33 60 37 11 11 43 45 24 33]",False,False,0.0,0.015625,1.0,0.0,0.0,25,0,0,1.0,0.0,0.0,25,0,0,1.0,0.0,0.0,25,0,0,1.0,0.0,0.0,25,0,0,1.0,0.0,0.0,25,0,0,1.0,0.0,0.0,25,0,0,0.04,0.0,0.0,1,0,0,0.04,0.0,0.0,1,0,0
[1 0 1 ... 0 0 0],11,"[57 53 41 60 11 57 47 15 35 53 18 11 11 12 11 11 47 21 11 60 48 11 41  4
 21  4 57 21 62 52 11 30 41 15 48 11 41 18 35 41 48 11  4 48 12 11 11 11
 11 11 12 52 11 11 62  4 52 11 59 11 11 62 11 59]","[57 12 62 30 11  4 52 15 35 53 18 11 11 35 11 11 52 15 11 35 41 11 52 35
 47 18 18 59 62 18 11 52 41 47 18 11 52  4 62 12 49 11 46 48 15 11 11 11
 11 11 60 52 11 11 41 52  4 11 59 11 11 35 11 49]",False,False,0.0,0.0,"[np.int64(56), np.int64(37), np.int64(2), np.int64(9), np.int64(7), np.int64(33), np.int64(4), np.int64(36), np.int64(21), np.int64(33), np.int64(1), np.int64(1), np.int64(9), np.int64(53), np.int64(38), np.int64(62), np.int64(40), np.int64(10), np.int64(11), np.int64(27), np.int64(26), np.int64(37), np.int64(36), np.int64(11), np.int64(19), np.int64(41), np.int64(0), np.int64(33), np.int64(0), np.int64(54), np.int64(2), np.int64(33), np.int64(44), np.int64(36), np.int64(54), np.int64(48), np.int64(16), np.int64(40), np.int64(26), np.int64(40), np.int64(15), np.int64(41), np.int64(28), np.int64(2), np.int64(33), np.int64(39), np.int64(16), np.int64(39), np.int64(37), np.int64(56), np.int64(37), np.int64(48), np.int64(28), np.int64(53), np.int64(39), np.int64(49), np.int64(36), np.int64(24), np.int64(39), np.int64(60), np.int64(42), np.int64(30), np.int64(24), np.int64(38)]","[np.int64(8), np.int64(57), np.int64(41), np.int64(9), np.int64(0), np.int64(24), np.int64(44), np.int64(45), np.int64(3), np.int64(47), np.int64(58), np.int64(45), np.int64(44), np.int64(23), np.int64(58), np.int64(19), np.int64(6), np.int64(62), np.int64(17), np.int64(59), np.int64(55), np.int64(63), np.int64(48), np.int64(58), np.int64(33), np.int64(12), np.int64(57), np.int64(10), np.int64(9), np.int64(36), np.int64(52), np.int64(12), np.int64(50), np.int64(48), np.int64(36), np.int64(7), np.int64(23), np.int64(43), np.int64(26), np.int64(62), np.int64(7), np.int64(0), np.int64(0), np.int64(32), np.int64(21), np.int64(20), np.int64(23), np.int64(34), np.int64(16), np.int64(58), np.int64(35), np.int64(2), np.int64(29), np.int64(32), np.int64(10), np.int64(26), np.int64(30), np.int64(61), np.int64(39), np.int64(35), np.int64(17), np.int64(47), np.int64(8), np.int64(46)]",False,False,0.0,0.0,"[62 47 45 18 11 21 49 15 35 45 12 11 11 35 11 11 52 60 11 14 21 11 45  4
 21  4  4 21 18 35 11 30 30 15 18 11 41 46 62 15 12 11 52 48 15 11 11 11
 11 11  4 47 11 11 21 52  4 11 59 11 11 57 11 57]","[18 49 45 18 11 57 52  4 18 53 60 11 11 53 11 11 47 21 11 14 21 11 59 35
 62 18 18 21 57 18 11 52 30 45 18 11 41 49 35 15 18 11 15 48 12 11 11 11
 11 11 15 52 11 11 15 60 35 11 59 11 11 35 11 41]",False,False,0.0,0.0,"[14 12 15 30 11  4 15 35 35 45 12 11 11 45 11 11 47 47 11 14 48 11 59  4
  4 59 57 59 62 18 11 18 12 12 18 11 18 18 35 15 21 11 46 48 14 11 11 11
 11 11 12 47 11 11 41 30 35 11 41 11 11 48 11 59]","[18 41 15 18 11 57 15 35 18 18 18 11 11 53 11 11 52 15 11 35 41 11 52 35
  4 59 49 35 18 52 11 18 41 15 18 11 18 18 35 41 18 11 15 48 15 11 11 11
 11 11 60 52 11 11 15  4 35 11 59 11 11 35 11 59]",False,False,0.0,0.015625,1.0,0.0,0.0,25,0,0,1.0,0.0,0.0,25,0,0,1.0,0.0,0.0,25,0,0,1.0,0.0,0.0,25,0,0,1.0,0.0,0.0,25,0,0,1.0,0.0,0.0,25,0,0,0.04,0.0,0.0,1,0,0,0.04,0.0,0.0,1,0,0
[1 0 1 ... 0 1 0],24,"[55 53 25 24 63 24 55 59  3  3 36 63 25 43 36 53 35 24 17 23 53 55 59 24
 24 24 39 53 56  5  3 63 43 25 37 25 24 24 39 24 36 47 56 24 37 23 39 24
 36 36 55 25 23 24 57 24 24 24 63 24 37 43 63 24]","[ 3 36 63 24 23 24 55 55  3  3 36 63 43 37 36 55  0 24 23 55 53 55 59 24
 24 24 59 63  5  5 23 63 63 43 17 23 24 24 39 24 53 55 56 24 56 63 23 24
 37 17 55 63 57 24 59 24 24 24 36 24 55 57  5 24]",False,False,0.0,0.0,"[np.int64(0), np.int64(51), np.int64(62), np.int64(4), np.int64(3), np.int64(50), np.int64(25), np.int64(20), np.int64(11), np.int64(44), np.int64(52), np.int64(17), np.int64(21), np.int64(61), np.int64(40), np.int64(47), np.int64(42), np.int64(58), np.int64(46), np.int64(56), np.int64(35), np.int64(34), np.int64(24), np.int64(16), np.int64(20), np.int64(20), np.int64(28), np.int64(19), np.int64(31), np.int64(45), np.int64(34), np.int64(2), np.int64(47), np.int64(52), np.int64(35), np.int64(13), np.int64(59), np.int64(16), np.int64(44), np.int64(8), np.int64(39), np.int64(2), np.int64(39), np.int64(62), np.int64(28), np.int64(52), np.int64(16), np.int64(39), np.int64(53), np.int64(62), np.int64(30), np.int64(31), np.int64(61), np.int64(42), np.int64(20), np.int64(36), np.int64(60), np.int64(10), np.int64(11), np.int64(9), np.int64(37), np.int64(42), np.int64(16), np.int64(40)]","[np.int64(3), np.int64(43), np.int64(13), np.int64(47), np.int64(8), np.int64(44), np.int64(59), np.int64(25), np.int64(19), np.int64(41), np.int64(12), np.int64(26), np.int64(2), np.int64(26), np.int64(58), np.int64(45), np.int64(6), np.int64(19), np.int64(13), np.int64(50), np.int64(8), np.int64(33), np.int64(29), np.int64(31), np.int64(31), np.int64(9), np.int64(30), np.int64(52), np.int64(43), np.int64(38), np.int64(49), np.int64(8), np.int64(35), np.int64(11), np.int64(3), np.int64(16), np.int64(17), np.int64(27), np.int64(19), np.int64(36), np.int64(61), np.int64(24), np.int64(28), np.int64(12), np.int64(32), np.int64(44), np.int64(28), np.int64(38), np.int64(10), np.int64(45), np.int64(39), np.int64(33), np.int64(32), np.int64(24), np.int64(46), np.int64(18), np.int64(50), np.int64(37), np.int64(55), np.int64(20), np.int64(31), np.int64(13), np.int64(31), np.int64(22)]",False,False,0.0,0.0,"[ 5 53 63 24 57 24 56 25 25 39 63 36 23 43 39 23 21 24 36 55  5 55  3 24
 24 24 25 39  5  5 55 56 36 17 37 25 24 24 39 24 25 55 36 24 56 57 39 24
 55 17 23 63 55 24 43 24 24 24 25 24 39 59 63 24]","[ 5 43 63 24  3 24 55 25  3 39 36 37 23 37 25 55 58 24 23 17 53 36 59 24
 24 24 47 23 63  5  3 57 43 63 17 57 24 24 39 24 36 55 36 24 37 23 23 24
 37 36 23 63 57 24 59 24 24 24 63 24 39 57  5 24]",False,False,0.0,0.0,"[ 3 36 25 24 36 24 56 37 36 39 36 37 43 43 59 47  0 24 63 55 53 55 55 24
 24 24 59 63 63  5 55 63 63 63 47 57 24 24 53 24 53 59 56 24 36 43 23 24
 23 36 56 63 55 24 59 24 24 24 63 24 39 57 55 24]","[ 3 36 63 24 23 24 55 59 23  3 63 63 23 37 36 55  0 24 23 23 53 63 59 24
 24 24 59 23 63  5  3 63 63 63 37 23 24 24 53 24 36 55 36 24 36 63 23 24
 59 17 23 63 23 24 59 24 24 24 63 24 17 57  3 24]",False,False,0.0,0.015625,1.0,0.0,0.0,25,0,0,1.0,0.0,0.0,25,0,0,1.0,0.0,0.0,25,0,0,1.0,0.0,0.0,25,0,0,1.0,0.0,0.0,25,0,0,1.0,0.0,0.0,25,0,0,0.04,0.0,0.0,1,0,0,0.04,0.0,0.0,1,0,0
[1 0 1 ... 0 0 0],11,"[18 53 45 53 11 21 47 15 30 18 18 11 11 35 11 11 48 41 11 35 41 11 62 12
 21  4 57 49 60 49 11 30 41 47 60 11 47 49 62 12 48 11 15 48 41 11 11 11
 11 11  4 47 11 11 15 30  4 11 41 11 11 14 11 57]","[62 41 49 60 11  4 18 15 18 52 60 11 11 53 11 11 47 41 11 60 41 11 52 57
  4 18  4 35 49 18 11 18 48 47 18 11 18 59 35 41 21 11 46 48 15 11 11 11
 11 11 60 57 11 11 41 14 35 11 49 11 11 57 11 57]",False,False,0.0,0.0,"[np.int64(18), np.int64(34), np.int64(34), np.int64(48), np.int64(20), np.int64(24), np.int64(57), np.int64(29), np.int64(22), np.int64(35), np.int64(11), np.int64(15), np.int64(52), np.int64(35), np.int64(42), np.int64(25), np.int64(5), np.int64(1), np.int64(45), np.int64(26), np.int64(18), np.int64(45), np.int64(53), np.int64(25), np.int64(23), np.int64(33), np.int64(7), np.int64(33), np.int64(6), np.int64(49), np.int64(36), np.int64(16), np.int64(57), np.int64(57), np.int64(8), np.int64(54), np.int64(8), np.int64(29), np.int64(25), np.int64(11), np.int64(27), np.int64(10), np.int64(56), np.int64(54), np.int64(32), np.int64(15), np.int64(16), np.int64(45), np.int64(34), np.int64(48), np.int64(37), np.int64(5), np.int64(11), np.int64(0), np.int64(19), np.int64(29), np.int64(48), np.int64(11), np.int64(25), np.int64(6), np.int64(20), np.int64(54), np.int64(52), np.int64(8)]","[np.int64(5), np.int64(42), np.int64(16), np.int64(12), np.int64(38), np.int64(35), np.int64(29), np.int64(48), np.int64(19), np.int64(39), np.int64(43), np.int64(4), np.int64(5), np.int64(55), np.int64(6), np.int64(3), np.int64(40), np.int64(41), np.int64(16), np.int64(39), np.int64(0), np.int64(13), np.int64(34), np.int64(7), np.int64(15), np.int64(33), np.int64(8), np.int64(26), np.int64(41), np.int64(25), np.int64(34), np.int64(52), np.int64(28), np.int64(7), np.int64(63), np.int64(30), np.int64(27), np.int64(50), np.int64(63), np.int64(23), np.int64(1), np.int64(35), np.int64(19), np.int64(38), np.int64(27), np.int64(62), np.int64(45), np.int64(3), np.int64(39), np.int64(25), np.int64(2), np.int64(4), np.int64(32), np.int64(20), np.int64(9), np.int64(46), np.int64(3), np.int64(24), np.int64(52), np.int64(38), np.int64(33), np.int64(0), np.int64(50), np.int64(20)]",False,False,0.0,0.0,"[62 12 41 30 11 48 52 35 18 45 60 11 11 35 11 11 48 53 11 60 12 11 52 35
 21 18 57 21 62 18 11 18 41 15 60 11 45 49 49 41 48 11 45 48 41 11 11 11
 11 11 60 57 11 11 21 52 52 11 59 11 11 30 11 53]","[57 12 49 18 11 57 18 60 35 18 18 11 11 53 11 11 35 60 11 35 41 11 35 59
 47 18 30 21 49 18 11 30 41 47 18 11 52 15 62 12 21 11 46 48 41 11 11 11
 11 11 60 52 11 11 15 14 52 11 59 11 11 35 11 41]",False,False,0.0,0.0,"[14 12 15 30 11  4 15 35 35 45 12 11 11 45 11 11 47 47 11 14 48 11 59  4
  4 59 57 59 62 18 11 18 12 12 18 11 18 18 35 15 21 11 46 48 14 11 11 11
 11 11 12 47 11 11 41 30 35 11 41 11 11 48 11 59]","[18 41 15 18 11 57 15 35 18 18 18 11 11 53 11 11 52 15 11 35 41 11 52 35
  4 59 49 35 18 52 11 18 41 15 18 11 18 18 35 41 18 11 15 48 15 11 11 11
 11 11 60 52 11 11 15  4 35 11 59 11 11 35 11 59]",False,False,0.0,0.015625,1.0,0.0,0.0,25,0,0,1.0,0.0,0.0,25,0,0,1.0,0.0,0.0,25,0,0,1.0,0.0,0.0,25,0,0,1.0,0.0,0.0,25,0,0,1.0,0.0,0.0,25,0,0,0.04,0.0,0.0,1,0,0,0.04,0.0,0.0,1,0,0
[0 0 0 ... 1 0 0],16,"[ 5  9 16 56 27 16 60 16 16 16  5 16 60 16 16 16 16 16  5 20 16 56 61  5
  2 59 17 16 60 60  8 61 59 20 16  2 62 17  5 13 62 13 14 60 61  7 13 59
 27  9  5 13 62 56 16  9 16 14 56 16 16 16 16  9]","[13 15 16 54 56 16 60 16 16 16 56 16 27 16 16 16 16 16  5 14 16 27 61 56
 54 59 17 16  5 56  8 54 61 59 16 54  7 59  8 15  5 14 14 14  8 17 13 34
  8 14 61 54 59 56 16 54 16 11  9 16 16 16 16 13]",False,False,0.0,0.0,"[np.int64(6), np.int64(31), np.int64(57), np.int64(54), np.int64(44), np.int64(36), np.int64(44), np.int64(48), np.int64(38), np.int64(24), np.int64(18), np.int64(58), np.int64(27), np.int64(8), np.int64(3), np.int64(47), np.int64(46), np.int64(59), np.int64(40), np.int64(9), np.int64(58), np.int64(10), np.int64(60), np.int64(53), np.int64(42), np.int64(55), np.int64(25), np.int64(14), np.int64(42), np.int64(45), np.int64(0), np.int64(2), np.int64(48), np.int64(38), np.int64(45), np.int64(53), np.int64(39), np.int64(24), np.int64(45), np.int64(48), np.int64(2), np.int64(5), np.int64(33), np.int64(24), np.int64(4), np.int64(21), np.int64(8), np.int64(2), np.int64(3), np.int64(48), np.int64(18), np.int64(13), np.int64(58), np.int64(25), np.int64(29), np.int64(18), np.int64(27), np.int64(17), np.int64(34), np.int64(51), np.int64(59), np.int64(7), np.int64(29), np.int64(7)]","[np.int64(17), np.int64(35), np.int64(23), np.int64(56), np.int64(58), np.int64(41), np.int64(27), np.int64(6), np.int64(52), np.int64(3), np.int64(6), np.int64(1), np.int64(52), np.int64(52), np.int64(33), np.int64(9), np.int64(12), np.int64(1), np.int64(38), np.int64(49), np.int64(3), np.int64(43), np.int64(49), np.int64(40), np.int64(44), np.int64(60), np.int64(52), np.int64(30), np.int64(21), np.int64(57), np.int64(37), np.int64(22), np.int64(1), np.int64(16), np.int64(51), np.int64(28), np.int64(14), np.int64(44), np.int64(18), np.int64(8), np.int64(29), np.int64(13), np.int64(4), np.int64(44), np.int64(38), np.int64(23), np.int64(25), np.int64(44), np.int64(8), np.int64(3), np.int64(22), np.int64(8), np.int64(50), np.int64(48), np.int64(34), np.int64(51), np.int64(30), np.int64(28), np.int64(27), np.int64(47), np.int64(14), np.int64(53), np.int64(33), np.int64(49)]",False,False,0.0,0.0,"[34 15 16 56 62 16 62 16 16 16  5 16  9 16 16 16 16 16 20  9 16 56 27 61
 54 59 17 16 15 27  8 62 59 59 16 56 59 17 61 56  5  9 11  9  8 11  7  5
 27 56 15 54 62 56 16 20 16 11 56 16 16 16 16  8]","[34 62 16 56 62 16 62 16 16 16 62 16  5 16 16 16 16 16 20 56 16 27 11 61
 54 59 34 16  5 56 11 54 60 20 16 54  9 14  8  9  2  9 14 14 61 54  8 59
 11 54 13 54 17 56 16  9 16 11  5 16 16 16 16 61]",False,False,0.0,0.0,"[27 15 16 34 34 16 15 16 16 16  5 16  5 16 16 16 16 16  5  7 16 56 59 54
  2 59 11 16 60 61 13 62 61 17 16 14 14 17 17 13  7 14 14 14 34 17 13 34
 27 54 17 14 62 34 16 54 16 14 60 16 16 16 16 61]","[ 9 15 16 54 56 16 15 16 16 16 56 16  9 16 16 16 16 16 34 56 16 27 11 54
 54 59 11 16 56 61 11 54 61 17 16 54 14 14 61 56 61 14 11 14  8 54 13 59
 11 54 61 54 62 54 16 54 16 11 56 16 16 16 16  9]",False,False,0.0,0.015625,1.0,0.0,0.0,25,0,0,1.0,0.0,0.0,25,0,0,1.0,0.0,0.0,25,0,0,1.0,0.0,0.0,25,0,0,1.0,0.0,0.0,25,0,0,1.0,0.0,0.0,25,0,0,0.04,0.0,0.0,1,0,0,0.04,0.0,0.0,1,0,0
[1 0 0 ... 0 1 0],43,"[33 11 20 45 60 11 14 45 37 24 24 43 24 60 24 45 60 11 11 45 60 60 60 45
 43 37 45 37 11 26 24 11 45 60  8 24 24 43 60 60 11 38 37 43 24 43 24 60
 23 24 60 11 37 37 37 33 45 37 11 37 43 45 24 21]","[13 11  4 45 60 11 17 45 37 24 24 43 24 60 45 45 11 37 11 24 60 60 37 45
 43 11 45 37 11 14 24 11 45 60 15 24 24 43 60 60 11 42 37 43 24 43 24 45
 28 11 37 45 37 37 37 33 60 37 11 11 43 45 45 16]",False,False,0.0,0.0,"[np.int64(29), np.int64(40), np.int64(37), np.int64(3), np.int64(22), np.int64(6), np.int64(56), np.int64(39), np.int64(13), np.int64(20), np.int64(14), np.int64(36), np.int64(52), np.int64(34), np.int64(54), np.int64(26), np.int64(13), np.int64(31), np.int64(30), np.int64(4), np.int64(33), np.int64(16), np.int64(24), np.int64(9), np.int64(22), np.int64(1), np.int64(11), np.int64(61), np.int64(9), np.int64(44), np.int64(49), np.int64(49), np.int64(21), np.int64(44), np.int64(61), np.int64(63), np.int64(7), np.int64(57), np.int64(36), np.int64(15), np.int64(54), np.int64(58), np.int64(19), np.int64(47), np.int64(35), np.int64(57), np.int64(4), np.int64(47), np.int64(28), np.int64(10), np.int64(9), np.int64(12), np.int64(45), np.int64(12), np.int64(59), np.int64(11), np.int64(3), np.int64(33), np.int64(25), np.int64(0), np.int64(12), np.int64(58), np.int64(10), np.int64(63)]","[np.int64(44), np.int64(22), np.int64(35), np.int64(59), np.int64(50), np.int64(51), np.int64(25), np.int64(54), np.int64(2), np.int64(39), np.int64(42), np.int64(15), np.int64(48), np.int64(15), np.int64(33), np.int64(19), np.int64(18), np.int64(14), np.int64(57), np.int64(43), np.int64(43), np.int64(0), np.int64(11), np.int64(18), np.int64(1), np.int64(44), np.int64(26), np.int64(5), np.int64(17), np.int64(34), np.int64(35), np.int64(53), np.int64(2), np.int64(23), np.int64(35), np.int64(63), np.int64(45), np.int64(61), np.int64(10), np.int64(21), np.int64(53), np.int64(6), np.int64(2), np.int64(30), np.int64(44), np.int64(38), np.int64(35), np.int64(38), np.int64(49), np.int64(3), np.int64(54), np.int64(19), np.int64(5), np.int64(47), np.int64(49), np.int64(21), np.int64(52), np.int64(5), np.int64(55), np.int64(43), np.int64(9), np.int64(33), np.int64(16), np.int64(53)]",False,False,0.0,0.0,"[13 11  4 45 60 11 33 45 37 11 24 43 24 60 24 45 11 37 11 45 60 60 60 45
 43 11 45 37 11 47 24 11 45 60 36 24 24 43 60 60 11 61 37 43 24 43 24 45
 56 11 45 45 37 11 37 20 45 37 11 60 43 45 60 10]","[ 4 37 15 45 60 11 46 45 37 24 24 43 24 60 24 45 11 37 11 24 60 60 37 45
 43 11 45 37 11 26 24 11 11 60  9 24 24 43 60 60 11 27 37 43 11 43 24 60
  9 24 45 24 37 37 11 51 45 37 11 11 43 45 60 47]",False,False,0.0,0.0,"[61 37 61 45 37 11  1 45 37 11 24 43 24 60 45 45 60 11 11 45 60 60 60 45
 43 60 45 37 37  8 24 11 45 60 26 24 24 43 60 60 11 28 37 43 24 43 37 45
 28 24 60 45 37 37 37 38 60 37 11 60 43 45 60  1]","[12 37 14 45 60 11 33 45 24 24 24 43 24 60 24 45 11 37 11 24 60 60 24 45
 43 11 45 37 11 39 24 11 11 60 52 24 24 43 60 60 11 28 37 43 24 43 24 60
 28 24 60 24 37 11 11 33 60 37 11 11 43 45 24 33]",False,False,0.0,0.015625,1.0,0.0,0.0,25,0,0,1.0,0.0,0.0,25,0,0,1.0,0.0,0.0,25,0,0,1.0,0.0,0.0,25,0,0,1.0,0.0,0.0,25,0,0,1.0,0.0,0.0,25,0,0,0.04,0.0,0.0,1,0,0,0.04,0.0,0.0,1,0,0
[0 0 0 ... 1 1 0],41,"[61 41 41 51 47 41 23 41 23 41 56 23 41 47 41 18  2  5 41 47 27 57 59 41
 47 56  7 41  7  1 56 51 41 51 12 51 56 18 27 57 32 41  5 57 61 63  9 41
 57 18 51 41  9  2 51 56 41 41 47 41 51 41 56 41]","[61 41 41 51  5 41 23 41 23 41 56  5 41  1 41  2 59 56 41 56 27  7 59 41
 23 61  7 41 32 32 63 51 41 27 51 51 57 27 63 47 57 41 61 59 47  7 51 41
 57  7 57 41 57 51 51  5 41 41  7 41  1 41 59 41]",False,False,0.0,0.0,"[np.int64(15), np.int64(6), np.int64(0), np.int64(18), np.int64(5), np.int64(40), np.int64(9), np.int64(49), np.int64(29), np.int64(15), np.int64(50), np.int64(17), np.int64(47), np.int64(35), np.int64(30), np.int64(57), np.int64(28), np.int64(19), np.int64(21), np.int64(5), np.int64(61), np.int64(37), np.int64(12), np.int64(18), np.int64(23), np.int64(30), np.int64(15), np.int64(1), np.int64(26), np.int64(55), np.int64(1), np.int64(3), np.int64(28), np.int64(41), np.int64(29), np.int64(47), np.int64(56), np.int64(7), np.int64(51), np.int64(27), np.int64(51), np.int64(61), np.int64(9), np.int64(50), np.int64(16), np.int64(57), np.int64(15), np.int64(2), np.int64(29), np.int64(20), np.int64(60), np.int64(12), np.int64(0), np.int64(38), np.int64(14), np.int64(0), np.int64(61), np.int64(39), np.int64(6), np.int64(20), np.int64(49), np.int64(24), np.int64(29), np.int64(2)]","[np.int64(1), np.int64(37), np.int64(28), np.int64(9), np.int64(50), np.int64(19), np.int64(49), np.int64(4), np.int64(34), np.int64(0), np.int64(58), np.int64(45), np.int64(10), np.int64(56), np.int64(8), np.int64(47), np.int64(32), np.int64(32), np.int64(26), np.int64(36), np.int64(2), np.int64(31), np.int64(60), np.int64(20), np.int64(48), np.int64(23), np.int64(49), np.int64(4), np.int64(50), np.int64(12), np.int64(39), np.int64(48), np.int64(35), np.int64(3), np.int64(27), np.int64(7), np.int64(26), np.int64(44), np.int64(0), np.int64(47), np.int64(55), np.int64(24), np.int64(29), np.int64(26), np.int64(63), np.int64(52), np.int64(5), np.int64(18), np.int64(27), np.int64(18), np.int64(18), np.int64(2), np.int64(28), np.int64(61), np.int64(16), np.int64(36), np.int64(48), np.int64(17), np.int64(19), np.int64(32), np.int64(59), np.int64(21), np.int64(1), np.int64(59)]",False,False,0.0,0.0,"[61 41 41 32 61 41 23 41 23 41 63 14 41 14 41  1 59  5 41 47 27  9 59 41
 18 59  7 41  9  1 57 27 41 47 27 51 56 23 61 57  2 41  5 56 47 61  9 41
 18  7 18 41  9 18  7 57 41 41  7 41  2 41  5 41]","[61 41 41 56 61 41 14 41 23 41  1  7 41 14 41  1  7 56 41 14 27 57 59 41
  1 61 14 41 32 32 57 27 41 47 61 51  2 47 14 63 18 41 61 32 59 23 23 41
  5  2 51 41 57 57 51 56 41 41  7 41 51 41  9 41]",False,False,0.0,0.0,"[ 5 41 41 32  5 41 23 41 32 41  1 32 41 47 41 47  2 47 41 56 18  1 59 41
  1 59 61 41  7  1 63 12 41 27 61 51 57 18 14 63 18 41 61 32 12 23 23 41
 18 32 18 41 27 51 51 57 41 41 47 41 51 41 57 41]","[47 41 41 51 59 41 61 41 32 41  5  5 41 14 41 14  7 47 41 47 18  7 59 41
  1 59  7 41 51 32 63 51 41 47 51 51  2 47 63 59 18 41 61  9 59 63 23 41
  7  7 63 41  7 18 51  9 41 41  7 41  1 41  9 41]",False,False,0.0,0.015625,1.0,0.0,0.0,25,0,0,1.0,0.0,0.0,25,0,0,1.0,0.0,0.0,25,0,0,1.0,0.0,0.0,25,0,0,1.0,0.0,0.0,25,0,0,1.0,0.0,0.0,25,0,0,0.04,0.0,0.0,1,0,0,0.04,0.0,0.0,1,0,0
[1 0 1 ... 0 1 0],24,"[57 36 63 24 36 24 56 55 23 43 63 36 23 43 25 63 33 24 36 23 53 55 55 24
 24 24 59 39  5  5  3 57 63 43 37 53 24 24 39 24 55 55 36 24 56 23 39 24
 37 36 23 56 23 24 37 24 24 24  3 24 39 57 55 24]","[57 36 25 24 63 24 56 59 23  3 36 25 43 43 36 55  1 24 23 55  5 63 36 24
 24 24 39 59 47  5 55 25 25 43 37 23 24 24 39 24 43 55 56 24 17 63 39 24
 23 17 56 25 36 24 53 24 24 24 63 24 17 57  3 24]",False,False,0.0,0.0,"[np.int64(31), np.int64(43), np.int64(48), np.int64(17), np.int64(6), np.int64(49), np.int64(60), np.int64(4), np.int64(19), np.int64(47), np.int64(43), np.int64(39), np.int64(54), np.int64(38), np.int64(44), np.int64(7), np.int64(14), np.int64(2), np.int64(27), np.int64(20), np.int64(19), np.int64(42), np.int64(6), np.int64(40), np.int64(30), np.int64(41), np.int64(57), np.int64(39), np.int64(22), np.int64(30), np.int64(44), np.int64(63), np.int64(12), np.int64(22), np.int64(2), np.int64(57), np.int64(30), np.int64(0), np.int64(57), np.int64(13), np.int64(59), np.int64(32), np.int64(8), np.int64(15), np.int64(63), np.int64(6), np.int64(44), np.int64(56), np.int64(45), np.int64(32), np.int64(57), np.int64(12), np.int64(36), np.int64(12), np.int64(57), np.int64(34), np.int64(63), np.int64(29), np.int64(12), np.int64(14), np.int64(15), np.int64(43), np.int64(14), np.int64(17)]","[np.int64(36), np.int64(21), np.int64(63), np.int64(38), np.int64(27), np.int64(54), np.int64(26), np.int64(52), np.int64(24), np.int64(3), np.int64(30), np.int64(34), np.int64(10), np.int64(9), np.int64(60), np.int64(0), np.int64(58), np.int64(46), np.int64(54), np.int64(32), np.int64(31), np.int64(8), np.int64(41), np.int64(25), np.int64(1), np.int64(46), np.int64(33), np.int64(12), np.int64(12), np.int64(12), np.int64(19), np.int64(0), np.int64(11), np.int64(30), np.int64(18), np.int64(31), np.int64(13), np.int64(43), np.int64(30), np.int64(56), np.int64(16), np.int64(48), np.int64(60), np.int64(20), np.int64(11), np.int64(31), np.int64(51), np.int64(21), np.int64(43), np.int64(43), np.int64(15), np.int64(62), np.int64(14), np.int64(33), np.int64(39), np.int64(13), np.int64(6), np.int64(4), np.int64(26), np.int64(29), np.int64(52), np.int64(51), np.int64(43), np.int64(53)]",False,False,0.0,0.0,"[57 43 25 24 43 24 56 37  3 39 63 55 43 43 17 63  6 24 23 55  5 63 59 24
 24 24 59 23 36  5 37 63 43 25 47 25 24 24 53 24  5 55 56 24 37 43 59 24
 23 17 25 56 23 24 43 24 24 24 63 24 37 17 63 24]","[ 5 36 63 24 53 24 55 59  3  3 63 63 43 37 59 53 50 24 63 55  5 63 59 24
 24 24 59 23 56  5 23 57 63 43 47 23 24 24 53 24  5 59 56 24 36 23 59 24
 36 17 23 56 55 24 59 24 24 24  3 24 36 57 55 24]",False,False,0.0,0.0,"[ 3 36 25 24 36 24 56 37 36 39 36 37 43 43 59 47  0 24 63 55 53 55 55 24
 24 24 59 63 63  5 55 63 63 63 47 57 24 24 53 24 53 59 56 24 36 43 23 24
 23 36 56 63 55 24 59 24 24 24 63 24 39 57 55 24]","[ 3 36 63 24 23 24 55 59 23  3 63 63 23 37 36 55  0 24 23 23 53 63 59 24
 24 24 59 23 63  5  3 63 63 63 37 23 24 24 53 24 36 55 36 24 36 63 23 24
 59 17 23 63 23 24 59 24 24 24 63 24 17 57  3 24]",False,False,0.0,0.015625,1.0,0.0,0.0,25,0,0,1.0,0.0,0.0,25,0,0,1.0,0.0,0.0,25,0,0,1.0,0.0,0.0,25,0,0,1.0,0.0,0.0,25,0,0,1.0,0.0,0.0,25,0,0,0.04,0.0,0.0,1,0,0,0.04,0.0,0.0,1,0,0
[1 0 0 ... 0 1 0],63,"[26 63  6 63 56 34 63 13 19 63 63 26  6 63 63 34 56 63 17 63 31 14 31 63
 63 24 63 39 30 39 63 63 63 63 63 32 39  3 26 63 51 17 33 23 56 24 30 14
 19 62 13 63 51 23 19 34 63 26 19 32 10  6 63 63]","[62 63  3 63 56 39 63 13 39 63 63 14 51 63 63 26 56 63 34 63  9 13 51 63
 63  9 63 30  6 13 63 63 63 63 63 26 39 19 26 63 19 17 14  9 19 56  3 14
 31 14 19 63 14  9  6 51 63 19  6 32 26 62 63 63]",False,False,0.0,0.0,"[np.int64(23), np.int64(33), np.int64(17), np.int64(12), np.int64(12), np.int64(20), np.int64(13), np.int64(8), np.int64(23), np.int64(7), np.int64(12), np.int64(51), np.int64(30), np.int64(5), np.int64(31), np.int64(32), np.int64(34), np.int64(41), np.int64(21), np.int64(56), np.int64(16), np.int64(49), np.int64(8), np.int64(0), np.int64(7), np.int64(47), np.int64(47), np.int64(14), np.int64(5), np.int64(43), np.int64(45), np.int64(20), np.int64(5), np.int64(1), np.int64(5), np.int64(9), np.int64(0), np.int64(0), np.int64(53), np.int64(12), np.int64(26), np.int64(39), np.int64(46), np.int64(31), np.int64(53), np.int64(50), np.int64(4), np.int64(17), np.int64(56), np.int64(51), np.int64(41), np.int64(39), np.int64(45), np.int64(47), np.int64(27), np.int64(25), np.int64(63), np.int64(20), np.int64(17), np.int64(23), np.int64(3), np.int64(34), np.int64(5), np.int64(13)]","[np.int64(34), np.int64(59), np.int64(8), np.int64(45), np.int64(41), np.int64(42), np.int64(48), np.int64(40), np.int64(47), np.int64(35), np.int64(57), np.int64(48), np.int64(6), np.int64(45), np.int64(4), np.int64(30), np.int64(0), np.int64(36), np.int64(54), np.int64(48), np.int64(57), np.int64(22), np.int64(16), np.int64(53), np.int64(62), np.int64(32), np.int64(16), np.int64(23), np.int64(17), np.int64(20), np.int64(7), np.int64(61), np.int64(8), np.int64(3), np.int64(36), np.int64(42), np.int64(62), np.int64(21), np.int64(29), np.int64(8), np.int64(15), np.int64(19), np.int64(52), np.int64(6), np.int64(7), np.int64(58), np.int64(60), np.int64(10), np.int64(3), np.int64(7), np.int64(3), np.int64(12), np.int64(25), np.int64(50), np.int64(45), np.int64(28), np.int64(57), np.int64(5), np.int64(52), np.int64(14), np.int64(27), np.int64(50), np.int64(63), np.int64(13)]",False,False,0.0,0.0,"[ 6 63 24 63 31 34 63 19 51 63 63 17  1 63 63 33 56 63 39 63 14 13 51 63
 63  6 63 26 34  6 63 63 63 63 63 31 23  3 26 63 14 17  6 13 24 56  3 14
 26 51 34 63  9 51 19 32 63  1 62 13 10 56 63 63]","[39 63 10 63  9 39 63 13 19 63 63 56 39 63 63 26 23 63 39 63 56 19 56 63
 63 62 63 26 23 39 63 63 63 63 63 32 39 19 31 63 31 17  6 13 56 56 24 14
 31 51 31 63  1 23  6 34 63 19  6  9  1 56 63 63]",False,False,0.0,0.0,"[26 63 24 63 31 34 63 26 39 63 63 26 39 63 63  1 23 63 19 63 56  3 51 63
 63  6 63 62 19  6 63 63 63 63 63 32 14 13 26 63 17 17 14 23 24 32 32 26
 26 14 33 63 32 23 30 32 63 26 62 32 33 62 63 63]","[ 3 63  3 63 56 56 63 51 39 63 63 26 51 63 63 26 56 63 39 63 56 56 56 63
 63 13 63  6  3  6 63 63 63 63 63 26 39  3 26 63 19 17  6  9 56 56  3 26
 19 51  9 63  9 23 30 51 63  1 19 23 30 56 63 63]",False,False,0.0,0.015625,1.0,0.0,0.0,25,0,0,1.0,0.0,0.0,25,0,0,1.0,0.0,0.0,25,0,0,1.0,0.0,0.0,25,0,0,1.0,0.0,0.0,25,0,0,1.0,0.0,0.0,25,0,0,0.04,0.0,0.0,1,0,0,0.04,0.0,0.0,1,0,0
[0 0 1 ... 0 0 0],20,"[54 57 31 24 31 19 37 39 19 35 20 35 32 53 59 57 46 39 59 20 20 10 37 57
 20 39 57 35 20 32 39 20 20 48 37 20 59 20 28 20 24 39 48 59 32 39 20 24
 20 62 39 62 48 20 20 46 19 20 31 20 53 32 20 53]","[19 31 31 10 39 48 59 24 24 39 20 35 48 53 10 39 46 39 59 20 20 57 35 39
 20 39 57 46 20 32 57 20 20 57 46 20 59 20 31 20 53 28 31 37 32 57 20 24
 20 10 39 32 48 20 20 46 48 20 24 20 46 32 20 35]",False,False,0.0,0.0,"[np.int64(30), np.int64(40), np.int64(25), np.int64(36), np.int64(41), np.int64(59), np.int64(56), np.int64(44), np.int64(35), np.int64(14), np.int64(55), np.int64(54), np.int64(13), np.int64(51), np.int64(46), np.int64(22), np.int64(1), np.int64(0), np.int64(2), np.int64(16), np.int64(35), np.int64(41), np.int64(58), np.int64(50), np.int64(29), np.int64(50), np.int64(4), np.int64(12), np.int64(49), np.int64(45), np.int64(22), np.int64(29), np.int64(47), np.int64(60), np.int64(15), np.int64(53), np.int64(20), np.int64(39), np.int64(17), np.int64(38), np.int64(51), np.int64(25), np.int64(43), np.int64(40), np.int64(44), np.int64(11), np.int64(13), np.int64(10), np.int64(49), np.int64(9), np.int64(26), np.int64(58), np.int64(30), np.int64(7), np.int64(37), np.int64(5), np.int64(59), np.int64(53), np.int64(41), np.int64(8), np.int64(5), np.int64(57), np.int64(24), np.int64(44)]","[np.int64(62), np.int64(34), np.int64(28), np.int64(34), np.int64(10), np.int64(7), np.int64(10), np.int64(0), np.int64(35), np.int64(54), np.int64(47), np.int64(15), np.int64(63), np.int64(8), np.int64(61), np.int64(31), np.int64(16), np.int64(22), np.int64(61), np.int64(17), np.int64(56), np.int64(37), np.int64(62), np.int64(25), np.int64(28), np.int64(5), np.int64(19), np.int64(15), np.int64(15), np.int64(16), np.int64(52), np.int64(55), np.int64(53), np.int64(38), np.int64(35), np.int64(27), np.int64(43), np.int64(25), np.int64(50), np.int64(43), np.int64(43), np.int64(22), np.int64(41), np.int64(63), np.int64(38), np.int64(60), np.int64(56), np.int64(42), np.int64(13), np.int64(61), np.int64(2), np.int64(28), np.int64(27), np.int64(41), np.int64(54), np.int64(4), np.int64(29), np.int64(5), np.int64(59), np.int64(17), np.int64(60), np.int64(30), np.int64(10), np.int64(48)]",False,False,0.0,0.0,"[59 31 54 10 35 39 10 19 59 54 20 35 28 24 10 39 31 32 28 20 20 32 37 10
 20 53 57 59 20 32 54 20 20 48 10 20 19 20 31 20 59 39 31 57 35 46 20 59
 20 57 39 62 57 20 20 31 31 20 28 20 39 32 20 10]","[19 31 59 24 39 19 59 54 19 35 20 53 28 24 48 39 31 39 35 20 20 32 35 39
 20 53 53 46 20 32 37 20 20 57 46 20 54 20 59 20 59 28 48 59 32 31 20 31
 20 10 39 62 46 20 20 46 31 20 31 20 46 32 20 19]",False,False,0.0,0.0,"[19 31 31 24 31 35 37 37 24 39 20 35 48 37 48 39 46 32 28 20 20 57 57 57
 20 57 57 62 20 32 57 20 20 32 10 20 19 20 28 20 24 28 31 24 32 62 20 31
 20 57 39 28 39 20 20 62 31 20 31 20 46 46 20 54]","[19 31 31 24 35 48 37 31 59 35 20 53 48 24 48 39 32 32 35 20 20 32 48 35
 20 35 35 46 20 32 32 20 20 32 24 20 19 20 31 20 59 39 48 24 35 46 20 24
 20 57 39 32 48 20 20 46 48 20 31 20 46 32 20 35]",False,False,0.0,0.015625,1.0,0.0,0.0,25,0,0,1.0,0.0,0.0,25,0,0,1.0,0.0,0.0,25,0,0,1.0,0.0,0.0,25,0,0,1.0,0.0,0.0,25,0,0,1.0,0.0,0.0,25,0,0,0.04,0.0,0.0,1,0,0,0.04,0.0,0.0,1,0,0
[1 0 1 ... 0 1 1],28,"[28 28  1 60 40  7 28 28  1 44 60 19 27 48 28 28 28  1  1 28 16  1 16 48
 16  6 48 28 28  6 19  0 16 15 48 44 28 43 60 55 28 43 60 28 28 14 58 36
 28  1 58 14 55  6 40 28 44 60 28 55 28 16  6  1]","[28 28 27 14  6  7 28 28 15 60 48 19 27 19 28 28 28  0  7 28 16 14 16 58
 16  6  0 28 28  6 14 16 43  6 44 44 28  0 60 55 28 43 27 28 28 14  1 60
 28 43 19 44 55  6  7 28 36 60 28 40 28 16  6  7]",False,False,0.0,0.0,"[np.int64(24), np.int64(6), np.int64(32), np.int64(24), np.int64(57), np.int64(33), np.int64(10), np.int64(19), np.int64(55), np.int64(61), np.int64(0), np.int64(29), np.int64(42), np.int64(32), np.int64(28), np.int64(30), np.int64(10), np.int64(9), np.int64(32), np.int64(45), np.int64(38), np.int64(33), np.int64(19), np.int64(21), np.int64(48), np.int64(56), np.int64(48), np.int64(31), np.int64(4), np.int64(19), np.int64(40), np.int64(29), np.int64(46), np.int64(60), np.int64(8), np.int64(56), np.int64(48), np.int64(37), np.int64(57), np.int64(4), np.int64(36), np.int64(62), np.int64(47), np.int64(53), np.int64(27), np.int64(36), np.int64(0), np.int64(34), np.int64(23), np.int64(49), np.int64(58), np.int64(61), np.int64(32), np.int64(62), np.int64(45), np.int64(56), np.int64(2), np.int64(29), np.int64(50), np.int64(1), np.int64(60), np.int64(9), np.int64(20), np.int64(7)]","[np.int64(19), np.int64(31), np.int64(1), np.int64(38), np.int64(18), np.int64(45), np.int64(3), np.int64(37), np.int64(51), np.int64(54), np.int64(63), np.int64(33), np.int64(62), np.int64(20), np.int64(56), np.int64(34), np.int64(33), np.int64(63), np.int64(46), np.int64(37), np.int64(50), np.int64(56), np.int64(14), np.int64(6), np.int64(0), np.int64(62), np.int64(45), np.int64(23), np.int64(27), np.int64(22), np.int64(18), np.int64(56), np.int64(56), np.int64(56), np.int64(54), np.int64(25), np.int64(27), np.int64(16), np.int64(45), np.int64(14), np.int64(5), np.int64(19), np.int64(42), np.int64(42), np.int64(55), np.int64(9), np.int64(40), np.int64(48), np.int64(2), np.int64(6), np.int64(59), np.int64(44), np.int64(29), np.int64(40), np.int64(16), np.int64(39), np.int64(18), np.int64(6), np.int64(15), np.int64(49), np.int64(36), np.int64(41), np.int64(47), np.int64(12)]",False,False,0.0,0.0,"[28 28 14 48 40  7 28 28 15 44 60 19 27 60 28 28 28 48  1 28 16 16 55  6
  0 27  0 28 28  6 15 19 36  6 60 15 28 55 60 55 28 19 44 28 28 60  1 14
 28 48 58 36 15  6 14 28 60 44 28 19 28 16  6  7]","[28 28  0 60 36  7 28 28  1 14 60 16 14 60 28 28 28  7 60 28 16  1 16 58
 60 58 48 28 28 44  6 16 27 43  6 15 28 60 60 55 28 15 15 28 28 43 48 40
 28 19 58 14 55  6 60 28 60 44 28 40 28 16  6 43]",False,False,0.0,0.0,"[28 28 27  0 36  7 28 28  1 44 48 19 14 48 28 28 28 48  1 28 16  1 55 58
  6 58 58 28 28  6 58 19 16 15 14 15 28 58 58 55 28 19 27 28 28 43 15 40
 28 43 58 36 36 36 40 28 36 44 28 40 28 16 55 43]","[28 28 27 60  6  7 28 28 15 60 60 16 27 60 28 28 28 15 60 28 16 16 16 58
 60  6 16 28 28  6  6 16 16  6 60 15 28  7 58 55 28 15 15 28 28 60 58 60
 28 19 58 16 15  6 60 28 58 60 28 60 28 16  6  7]",False,False,0.0,0.015625,1.0,0.0,0.0,25,0,0,1.0,0.0,0.0,25,0,0,1.0,0.0,0.0,25,0,0,1.0,0.0,0.0,25,0,0,1.0,0.0,0.0,25,0,0,1.0,0.0,0.0,25,0,0,0.04,0.0,0.0,1,0,0,0.04,0.0,0.0,1,0,0
[1 1 0 ... 0 0 1],28,"[12 57  6 37 21  6 28 40 23 40 13 13 28 28 59 20 59 28 36 13 28 28 23 28
 36 53 13 57 28 23 59 35 28 36 28 32 28 28 34 23 28 37 37 36 20 20 34 36
 53 59 34 53 12 28 21 32 57 28 34 28 21 53 20 37]","[57 34 23 37 53  6 28 21 53 36 34 20 28 28 36 37 13 28  6 57 28 28 23 28
 13 12 36 57 28 23 59 24 28 36 28 32 28 28 34 32 28 37 20 57 34 32 34 36
 21 59 12 20 17 28 21 57 59 28 34 28 20 36 20 34]",False,False,0.0,0.0,"[np.int64(6), np.int64(57), np.int64(56), np.int64(36), np.int64(37), np.int64(48), np.int64(9), np.int64(50), np.int64(20), np.int64(52), np.int64(53), np.int64(63), np.int64(46), np.int64(10), np.int64(50), np.int64(7), np.int64(43), np.int64(34), np.int64(39), np.int64(33), np.int64(22), np.int64(22), np.int64(35), np.int64(53), np.int64(50), np.int64(31), np.int64(36), np.int64(4), np.int64(46), np.int64(61), np.int64(60), np.int64(3), np.int64(22), np.int64(41), np.int64(6), np.int64(61), np.int64(43), np.int64(47), np.int64(48), np.int64(44), np.int64(54), np.int64(55), np.int64(51), np.int64(57), np.int64(34), np.int64(50), np.int64(39), np.int64(32), np.int64(3), np.int64(5), np.int64(7), np.int64(62), np.int64(51), np.int64(46), np.int64(44), np.int64(5), np.int64(36), np.int64(21), np.int64(43), np.int64(9), np.int64(46), np.int64(22), np.int64(39), np.int64(51)]","[np.int64(56), np.int64(32), np.int64(42), np.int64(50), np.int64(3), np.int64(35), np.int64(31), np.int64(17), np.int64(43), np.int64(17), np.int64(13), np.int64(42), np.int64(33), np.int64(61), np.int64(61), np.int64(52), np.int64(17), np.int64(55), np.int64(42), np.int64(63), np.int64(9), np.int64(7), np.int64(22), np.int64(14), np.int64(63), np.int64(14), np.int64(17), np.int64(14), np.int64(16), np.int64(4), np.int64(16), np.int64(60), np.int64(48), np.int64(24), np.int64(25), np.int64(9), np.int64(46), np.int64(61), np.int64(57), np.int64(55), np.int64(23), np.int64(59), np.int64(54), np.int64(63), np.int64(38), np.int64(32), np.int64(39), np.int64(10), np.int64(22), np.int64(34), np.int64(8), np.int64(10), np.int64(37), np.int64(63), np.int64(58), np.int64(35), np.int64(8), np.int64(47), np.int64(3), np.int64(51), np.int64(10), np.int64(24), np.int64(19), np.int64(39)]",False,False,0.0,0.0,"[17 34  6 37 17 20 28 21 53 36 13 20 28 28 59 23 59 28 12 57 28 28 59 28
 13 20 36 57 28 20 59  8 28 34 28 32 28 28 34 23 28 37 20 32 13 36 21 23
 21 34 40 59 13 28 17 57 53 28 37 28 53 59 36 37]","[12 34 23 53 17 13 28 40 53 36 34 20 28 28 53 23 13 28  6 57 28 28 59 28
  6 13 36 57 28 23 59  9 28 34 28 23 28 28 34 23 28 37 17 57 13 36 34 53
  6 40 40 34 12 28 13 53 57 28 37 28 53 34  6 37]",False,False,0.0,0.0,"[37 34 32 37 21  6 28 40 37 40 13 13 28 28 53 21 59 28 36 57 28 28 59 28
 23 53 36 57 28 23 59  8 28 59 28 23 28 28 34 23 28 37 37 36 20 20 21 53
 53 59 40 59 59 28 34 57 59 28 37 28 53 53 36 37]","[37 34 36 53 53 53 28 40 53 36 34 13 28 28 36 37 12 28  6 57 28 28 59 28
  6 12 36 57 28 23 59 24 28 34 28 32 28 28 34 32 28 37 37 17 34 36 34 53
 12 34 34 34 12 28 34 53 57 28 34 28 53 34 36 34]",False,False,0.0,0.015625,1.0,0.0,0.0,25,0,0,1.0,0.0,0.0,25,0,0,1.0,0.0,0.0,25,0,0,1.0,0.0,0.0,25,0,0,1.0,0.0,0.0,25,0,0,1.0,0.0,0.0,25,0,0,0.04,0.0,0.0,1,0,0,0.04,0.0,0.0,1,0,0
[1 0 0 ... 0 0 0],47,"[46 39  9 27 47 34 25 27 63 47 43 46 53  9  4 25 34 27 47 39  9 27 39 41
 25 47 18 47 49  4  9 25 43 53 47 25 41 39 25 47 18 47 49 47  4 47 47 47
 18 47 25 41  9 47 41 63 43 45 27 43 53 25 45 47]","[45 27 39 39 47 34 46 46 25 47 43 46 49 53  4 25 34 39 47 49  9 27 45 27
 43 47 18 47  9 27  9 63 41 53 47 53 49  9 25 47  9 47 49 47 25 47 47 47
 53 47 41 18 41 47 49 25 41  4 18  9 39 39 46 47]",False,False,0.0,0.0,"[np.int64(35), np.int64(1), np.int64(16), np.int64(1), np.int64(17), np.int64(63), np.int64(45), np.int64(28), np.int64(61), np.int64(39), np.int64(53), np.int64(36), np.int64(58), np.int64(12), np.int64(42), np.int64(30), np.int64(62), np.int64(2), np.int64(43), np.int64(33), np.int64(30), np.int64(11), np.int64(38), np.int64(53), np.int64(53), np.int64(24), np.int64(30), np.int64(40), np.int64(3), np.int64(41), np.int64(59), np.int64(63), np.int64(30), np.int64(29), np.int64(26), np.int64(11), np.int64(48), np.int64(0), np.int64(27), np.int64(34), np.int64(41), np.int64(19), np.int64(8), np.int64(40), np.int64(52), np.int64(46), np.int64(26), np.int64(1), np.int64(33), np.int64(8), np.int64(6), np.int64(9), np.int64(43), np.int64(21), np.int64(15), np.int64(19), np.int64(21), np.int64(32), np.int64(47), np.int64(24), np.int64(63), np.int64(59), np.int64(36), np.int64(4)]","[np.int64(30), np.int64(62), np.int64(44), np.int64(45), np.int64(6), np.int64(16), np.int64(33), np.int64(8), np.int64(14), np.int64(28), np.int64(18), np.int64(38), np.int64(23), np.int64(56), np.int64(2), np.int64(34), np.int64(48), np.int64(33), np.int64(16), np.int64(9), np.int64(21), np.int64(11), np.int64(35), np.int64(24), np.int64(3), np.int64(41), np.int64(19), np.int64(54), np.int64(29), np.int64(40), np.int64(34), np.int64(29), np.int64(54), np.int64(54), np.int64(34), np.int64(22), np.int64(12), np.int64(59), np.int64(34), np.int64(2), np.int64(13), np.int64(16), np.int64(56), np.int64(19), np.int64(54), np.int64(61), np.int64(6), np.int64(10), np.int64(21), np.int64(14), np.int64(42), np.int64(43), np.int64(31), np.int64(4), np.int64(26), np.int64(61), np.int64(50), np.int64(53), np.int64(2), np.int64(31), np.int64(31), np.int64(9), np.int64(56), np.int64(59)]",False,False,0.0,0.0,"[ 9 27  9 41 47 34 49  9 41 47 41 18 46  9  4 25 34 46 47 25  9 27 43 27
 49 47 18 47 49 27  9 25 43 25 47 25 41  4 25 47 18 47 34 47 53 47 47 47
 18 47 25 41  9 47 49  9 39  4 18 45 39 41 45 47]","[41 27  9 41 47 34 43  9 45 47 41 18 49  9  4 25 18 39 47 39 43  9 49 34
 49 47 34 47  9 27 45 63 41 49 47 53 46 46 25 47 18 47 34 47 25 47 47 47
 41 47 25 63 41 47 49 46 34 53 27 46 39 41 46 47]",False,False,0.0,0.0,"[34 27 39 27 47 34 25 27 41 47 43 45 46  9  4 25 18 49 47 49 43  9 49 45
 49 47 18 47 53  4  9 63 43 18 47 25  4  9 25 47 18 47 25 47 25 47 47 47
 27 47 25 43 41 47 41 43 43 45 39 43 39 45 45 47]","[ 9 27  9 41 47 34  9  9 25 47 41 18 46  9  4 25  9 27 47 41  9 39 45 27
 25 47 18 47  9  9  9 25 41 18 47 18 41 41 25 47  9 47  9 47 39 47 47 47
 41 47 41 41 41 47 41  9 27 53 18  9 39 25 46 47]",False,False,0.0,0.015625,1.0,0.0,0.0,25,0,0,1.0,0.0,0.0,25,0,0,1.0,0.0,0.0,25,0,0,1.0,0.0,0.0,25,0,0,1.0,0.0,0.0,25,0,0,1.0,0.0,0.0,25,0,0,0.04,0.0,0.0,1,0,0,0.04,0.0,0.0,1,0,0
[1 0 1 ... 1 0 0],62,"[29 33 22 32 15 33 56 17 56 17 32 33 45 33 63 62 45 62 45 24 32 15 62 27
 62 22 37 62 49 62 32 32 62 62 45 33 32 62 56 24 37 37 17 29 24 62 17 45
 22 32 15 45 37 32 22 22 62 47 29 24 27 33 62 24]","[29 22 45 17 22 33 37 29 45 17 32 22 45 33  3 62 27 62 45 15 45 24 62 27
 62 15 45 62  6 62 32 33 62 62 45 33 45 62 45 24 33 24 17 29 33 62 45 45
 27 32 29 27 37 45 22 29 62 12 24 33 27 15 62 24]",False,False,0.0,0.0,"[np.int64(34), np.int64(54), np.int64(40), np.int64(30), np.int64(33), np.int64(61), np.int64(61), np.int64(18), np.int64(20), np.int64(27), np.int64(21), np.int64(45), np.int64(11), np.int64(8), np.int64(58), np.int64(29), np.int64(9), np.int64(50), np.int64(11), np.int64(2), np.int64(43), np.int64(0), np.int64(62), np.int64(3), np.int64(2), np.int64(43), np.int64(3), np.int64(59), np.int64(42), np.int64(62), np.int64(61), np.int64(35), np.int64(5), np.int64(46), np.int64(40), np.int64(29), np.int64(48), np.int64(4), np.int64(2), np.int64(32), np.int64(2), np.int64(62), np.int64(21), np.int64(62), np.int64(31), np.int64(15), np.int64(48), np.int64(26), np.int64(35), np.int64(41), np.int64(29), np.int64(44), np.int64(13), np.int64(45), np.int64(42), np.int64(17), np.int64(50), np.int64(22), np.int64(32), np.int64(3), np.int64(37), np.int64(24), np.int64(36), np.int64(3)]","[np.int64(49), np.int64(31), np.int64(37), np.int64(39), np.int64(31), np.int64(22), np.int64(3), np.int64(3), np.int64(6), np.int64(41), np.int64(59), np.int64(50), np.int64(33), np.int64(26), np.int64(56), np.int64(29), np.int64(39), np.int64(22), np.int64(40), np.int64(60), np.int64(8), np.int64(6), np.int64(32), np.int64(9), np.int64(53), np.int64(45), np.int64(21), np.int64(2), np.int64(54), np.int64(54), np.int64(14), np.int64(55), np.int64(35), np.int64(36), np.int64(9), np.int64(6), np.int64(23), np.int64(8), np.int64(32), np.int64(58), np.int64(53), np.int64(45), np.int64(0), np.int64(13), np.int64(56), np.int64(6), np.int64(27), np.int64(0), np.int64(50), np.int64(5), np.int64(15), np.int64(48), np.int64(22), np.int64(13), np.int64(38), np.int64(57), np.int64(45), np.int64(45), np.int64(14), np.int64(26), np.int64(29), np.int64(61), np.int64(57), np.int64(3)]",False,False,0.0,0.0,"[37 32 24 17 22 37 27 17 37 17 32 22 45 22 36 62 27 62 45 24 17 17 62 27
 62 15 33 62 31 62 32 32 62 62 37 33 32 62 24 24 33 37 32 15 24 62 33 27
 22 17 22 27 29 56 24 29 62 34 29 17 27 33 62 15]","[37 33 24 17 22 33 56 29 37 17 32 22 15 32 54 62 27 62 45 24 29 17 62 27
 62 15 15 62 63 62 32 33 62 62 45 24 45 62 45 24 45 24 32 33 33 62 32 45
 33 17 29 45 22 29 24 29 62 12 24 17 37 33 62 15]",False,False,0.0,0.0,"[29 33 29 32 22 33 37 29 37 17 22 33 45 45  3 62 45 62 45 56 45 24 62 27
 62 56 45 62 16 62 45 33 62 62 45 33 17 62 56 24 37 37 32 29 24 62 33 45
 22 32 29 45 29 32 22 29 62 41 29 33 37 33 62 32]","[37 32 45 17 15 33 37 17 15 17 32 15 15 33 54 62 27 62 27 15 32 17 62 27
 62 15 33 62  2 62 45 33 62 62 45 33 45 62 45 24 33 37 17 33 33 62 45 45
 33 17 15 45 27 45 24 22 62 12 17 33 27 33 62 32]",False,False,0.0,0.015625,1.0,0.0,0.0,25,0,0,1.0,0.0,0.0,25,0,0,1.0,0.0,0.0,25,0,0,1.0,0.0,0.0,25,0,0,1.0,0.0,0.0,25,0,0,1.0,0.0,0.0,25,0,0,0.04,0.0,0.0,1,0,0,0.04,0.0,0.0,1,0,0
[0 1 0 ... 1 0 1],43,"[35 43  3 43 45 38  3 40 16 38 43 38 43 43 26 43 43 43 12 38 43 35 17 45
 38 43 43 45 43 43 10  1  1 43 45 43 59 13 43 43 43 59 33 43 56 43 33 56
 13 28 33 10 39 56 35 28 43 56 10 43 45 17 35 25]","[33 43 25 43 25 26  3  3 45 38 43 45 43 43 15 43 43 43 15 38 43  3 38 45
 29 43 43 26 43 43  3 28 38 43 28 43 56 59 43 43 43 38 15 43 38 43 33 38
  3  1 33 26 25 39 25 17 43 56 29 43 33 26 35 26]",False,False,0.0,0.0,"[np.int64(27), np.int64(60), np.int64(36), np.int64(63), np.int64(54), np.int64(63), np.int64(46), np.int64(35), np.int64(6), np.int64(15), np.int64(55), np.int64(16), np.int64(1), np.int64(38), np.int64(3), np.int64(32), np.int64(31), np.int64(20), np.int64(54), np.int64(38), np.int64(49), np.int64(57), np.int64(48), np.int64(46), np.int64(28), np.int64(14), np.int64(36), np.int64(22), np.int64(63), np.int64(23), np.int64(18), np.int64(61), np.int64(26), np.int64(1), np.int64(38), np.int64(41), np.int64(63), np.int64(24), np.int64(38), np.int64(27), np.int64(53), np.int64(27), np.int64(3), np.int64(40), np.int64(53), np.int64(29), np.int64(61), np.int64(43), np.int64(25), np.int64(50), np.int64(57), np.int64(30), np.int64(15), np.int64(62), np.int64(36), np.int64(53), np.int64(17), np.int64(31), np.int64(32), np.int64(45), np.int64(40), np.int64(44), np.int64(24), np.int64(43)]","[np.int64(25), np.int64(47), np.int64(46), np.int64(14), np.int64(25), np.int64(22), np.int64(40), np.int64(51), np.int64(21), np.int64(14), np.int64(52), np.int64(29), np.int64(58), np.int64(21), np.int64(42), np.int64(30), np.int64(59), np.int64(38), np.int64(9), np.int64(3), np.int64(50), np.int64(41), np.int64(24), np.int64(21), np.int64(30), np.int64(60), np.int64(11), np.int64(9), np.int64(17), np.int64(6), np.int64(27), np.int64(10), np.int64(6), np.int64(32), np.int64(59), np.int64(59), np.int64(20), np.int64(47), np.int64(34), np.int64(41), np.int64(2), np.int64(26), np.int64(45), np.int64(63), np.int64(2), np.int64(51), np.int64(56), np.int64(43), np.int64(11), np.int64(7), np.int64(63), np.int64(33), np.int64(29), np.int64(7), np.int64(62), np.int64(8), np.int64(53), np.int64(20), np.int64(4), np.int64(39), np.int64(63), np.int64(57), np.int64(16), np.int64(16)]",False,False,0.0,0.0,"[ 1 43 25 43 33 26  3  3 45 59 43 20 43 43 17 43 43 43 12 45 43  3 16 29
 38 43 43 45 43 43 45 38  1 43 28 43 59 15 43 43 43 56 39 43 38 43 35 33
 56 17  1 38 26 25 29 28 43 56 38 43 16 17 15 17]","[ 1 43  3 43 45 38 17 39 45 13 43 40 43 43 15 43 43 43 15 38 43 35 25 59
 29 43 43 45 43 43 15 26 13 43 26 43 59 13 43 43 43 56 59 43 38 43 33  3
  3 17 33 26 25 28 25 28 43 56 38 43 16 20 35 25]",False,False,0.0,0.0,"[33 43 29 43 33 29 33 39 35 38 43 40 43 43 40 43 43 43 12 45 43 56  1 59
 29 43 43 45 43 43 16 13 17 43 10 43 56 15 43 43 43 28 59 43 35 43 35 29
 13 28 33 38 39 39 35 28 43 45 38 43 33 35 35 40]","[38 43 10 43 16 59  3 39 45 10 43 45 43 43 15 43 43 43 15 38 43 10 25 26
 38 43 43 26 43 43 10 26 38 43 10 43 59 26 43 43 43 28 38 43 38 43 33  3
  3 26  1 25 25 10 25 28 43 56 38 43 28  3 15 10]",False,False,0.0,0.015625,1.0,0.0,0.0,25,0,0,1.0,0.0,0.0,25,0,0,1.0,0.0,0.0,25,0,0,1.0,0.0,0.0,25,0,0,1.0,0.0,0.0,25,0,0,1.0,0.0,0.0,25,0,0,0.04,0.0,0.0,1,0,0,0.04,0.0,0.0,1,0,0
[1 0 1 ... 0 0 0],11,"[14 47 15 62 11 48 47  4 35 18 18 11 11 12 11 11 18 15 11 14 48 11 41 12
 47 45 18 21 49 18 11 30 35 12 18 11 12 46 35 12 18 11 52 48 14 11 11 11
 11 11  4 14 11 11 21  4 35 11 49 11 11 57 11 41]","[14 12 45 18 11 57 52 60 18 18 18 11 11 45 11 11 52 14 11 14 21 11 35 57
 12 18 18 49 18 52 11 52 41 45 18 11 41 18 35 41 49 11 62 48 46 11 11 11
 11 11  4 52 11 11 15  4 52 11 59 11 11 62 11 49]",False,False,0.0,0.0,"[np.int64(2), np.int64(23), np.int64(19), np.int64(46), np.int64(55), np.int64(61), np.int64(43), np.int64(16), np.int64(10), np.int64(16), np.int64(22), np.int64(2), np.int64(36), np.int64(14), np.int64(45), np.int64(20), np.int64(40), np.int64(58), np.int64(4), np.int64(29), np.int64(20), np.int64(19), np.int64(11), np.int64(39), np.int64(5), np.int64(60), np.int64(18), np.int64(3), np.int64(37), np.int64(55), np.int64(29), np.int64(9), np.int64(38), np.int64(48), np.int64(48), np.int64(17), np.int64(11), np.int64(40), np.int64(46), np.int64(44), np.int64(52), np.int64(35), np.int64(60), np.int64(4), np.int64(27), np.int64(36), np.int64(63), np.int64(44), np.int64(2), np.int64(39), np.int64(45), np.int64(3), np.int64(32), np.int64(29), np.int64(46), np.int64(46), np.int64(61), np.int64(54), np.int64(19), np.int64(30), np.int64(14), np.int64(43), np.int64(1), np.int64(54)]","[np.int64(33), np.int64(6), np.int64(61), np.int64(1), np.int64(41), np.int64(53), np.int64(39), np.int64(20), np.int64(62), np.int64(22), np.int64(43), np.int64(31), np.int64(2), np.int64(56), np.int64(21), np.int64(48), np.int64(8), np.int64(7), np.int64(49), np.int64(17), np.int64(19), np.int64(16), np.int64(37), np.int64(15), np.int64(40), np.int64(10), np.int64(52), np.int64(44), np.int64(8), np.int64(33), np.int64(1), np.int64(63), np.int64(32), np.int64(19), np.int64(18), np.int64(50), np.int64(2), np.int64(25), np.int64(50), np.int64(4), np.int64(16), np.int64(44), np.int64(15), np.int64(6), np.int64(55), np.int64(20), np.int64(44), np.int64(42), np.int64(46), np.int64(34), np.int64(7), np.int64(46), np.int64(41), np.int64(45), np.int64(1), np.int64(32), np.int64(61), np.int64(13), np.int64(46), np.int64(25), np.int64(43), np.int64(34), np.int64(46), np.int64(47)]",False,False,0.0,0.0,"[12 41 41 62 11 21 15 35 35 18 18 11 11 35 11 11 18 60 11 35 12 11 62 12
 12 59 47 21 62 18 11 18 30 47 48 11 12 18 62 12 21 11 45 48 12 11 11 11
 11 11  4 47 11 11 41 30 60 11 41 11 11 48 11 41]","[15 41 45 62 11 57 49 35 35 53 18 11 11 53 11 11 18 21 11 60 48 11 52 57
 12 18 57  4 18 49 11 30 48 47 60 11 15 18 35 15 18 11 62 48 46 11 11 11
 11 11 60 52 11 11 21 57 35 11 41 11 11 30 11 59]",False,False,0.0,0.0,"[14 12 15 30 11  4 15 35 35 45 12 11 11 45 11 11 47 47 11 14 48 11 59  4
  4 59 57 59 62 18 11 18 12 12 18 11 18 18 35 15 21 11 46 48 14 11 11 11
 11 11 12 47 11 11 41 30 35 11 41 11 11 48 11 59]","[18 41 15 18 11 57 15 35 18 18 18 11 11 53 11 11 52 15 11 35 41 11 52 35
  4 59 49 35 18 52 11 18 41 15 18 11 18 18 35 41 18 11 15 48 15 11 11 11
 11 11 60 52 11 11 15  4 35 11 59 11 11 35 11 59]",False,False,0.0,0.015625,1.0,0.0,0.0,25,0,0,1.0,0.0,0.0,25,0,0,1.0,0.0,0.0,25,0,0,1.0,0.0,0.0,25,0,0,1.0,0.0,0.0,25,0,0,1.0,0.0,0.0,25,0,0,0.04,0.0,0.0,1,0,0,0.04,0.0,0.0,1,0,0
[0 0 0 ... 1 0 0],20,"[21 34 34 32 21 37 48 48 37 36 59 19 39 51 20 60 27 34 39 20 20 20 19 47
 60 60 51 20 19 45 39 21 20 43 20 51 32 20 60 20 48 59 51 20 51 60 21 20
 20 47 40 20 59 37 48 51 39 48 19 20 20 39 59 27]","[21 34 34 47 21 37 48 59 37 25 21 34 39 51 20 39 43 47 59 20 20 20 34 47
 34 60 59 20 43 45 32 37 20 43 20 51 32 20 60 20 19 27 51 20 51 43 59 20
 20 48 16 20 43 48 37 37 34 37 39 20 20 37 43 27]",False,False,0.0,0.0,"[np.int64(59), np.int64(31), np.int64(52), np.int64(39), np.int64(43), np.int64(48), np.int64(45), np.int64(50), np.int64(57), np.int64(25), np.int64(51), np.int64(56), np.int64(53), np.int64(46), np.int64(62), np.int64(18), np.int64(49), np.int64(18), np.int64(7), np.int64(26), np.int64(36), np.int64(39), np.int64(56), np.int64(9), np.int64(8), np.int64(27), np.int64(14), np.int64(5), np.int64(7), np.int64(48), np.int64(55), np.int64(12), np.int64(57), np.int64(62), np.int64(63), np.int64(24), np.int64(47), np.int64(6), np.int64(31), np.int64(47), np.int64(8), np.int64(40), np.int64(34), np.int64(55), np.int64(48), np.int64(29), np.int64(52), np.int64(40), np.int64(19), np.int64(45), np.int64(52), np.int64(31), np.int64(34), np.int64(0), np.int64(19), np.int64(11), np.int64(63), np.int64(50), np.int64(23), np.int64(21), np.int64(61), np.int64(13), np.int64(1), np.int64(10)]","[np.int64(46), np.int64(14), np.int64(15), np.int64(46), np.int64(2), np.int64(38), np.int64(15), np.int64(48), np.int64(48), np.int64(56), np.int64(27), np.int64(13), np.int64(30), np.int64(5), np.int64(23), np.int64(33), np.int64(36), np.int64(61), np.int64(2), np.int64(45), np.int64(14), np.int64(63), np.int64(16), np.int64(12), np.int64(0), np.int64(32), np.int64(18), np.int64(37), np.int64(62), np.int64(56), np.int64(47), np.int64(34), np.int64(19), np.int64(23), np.int64(40), np.int64(19), np.int64(51), np.int64(20), np.int64(16), np.int64(51), np.int64(6), np.int64(3), np.int64(6), np.int64(6), np.int64(30), np.int64(2), np.int64(10), np.int64(52), np.int64(26), np.int64(33), np.int64(48), np.int64(24), np.int64(53), np.int64(57), np.int64(30), np.int64(38), np.int64(0), np.int64(44), np.int64(11), np.int64(48), np.int64(23), np.int64(5), np.int64(9), np.int64(49)]",False,False,0.0,0.0,"[21 27 34 14 39 37 32 59 37 22 21 60 37 37 20 60 59 34 39 20 20 20 51 51
 43 60 51 20 14 56 34 21 20 43 20 60 37 20 60 20 48 21 37 20 51 43 59 20
 20 14  6 20 43 48 37 39 27 48 51 20 20 39 43 27]","[21 14 48 47 39 37 48 59 37 10 21 60 37 51 20 39 27 34 39 20 20 20 51 47
 34 60 19 20 14 18 34 37 20 43 20 14 37 20 43 20 32 27 37 20 51 19 59 20
 20 48 16 20 43 48 48 37 39 51 19 20 20 32 43 27]",False,False,0.0,0.0,"[19 34 34 32 39 37 32 39 37  6 43 34 43 51 20 51 43 47 59 20 20 20 51 51
 60 60 59 20 43 54 32 34 20 32 20 60 32 20 60 20 19 21 37 20 51 60 21 20
 20 21 40 20 60 48 59 51 34 48 51 20 20 37 59 27]","[21 48 48 47 21 21 48 48 37 33 21 21 37 37 20 39 27 19 39 20 20 20 19 39
 21 60 59 20 43 36 37 37 20 43 20 14 37 20 43 20 48 21 51 20 51 60 21 20
 20 47 16 20 34 48 48 37 39 37 39 20 20 37 43 27]",False,False,0.0,0.015625,1.0,0.0,0.0,25,0,0,1.0,0.0,0.0,25,0,0,1.0,0.0,0.0,25,0,0,1.0,0.0,0.0,25,0,0,1.0,0.0,0.0,25,0,0,1.0,0.0,0.0,25,0,0,0.04,0.0,0.0,1,0,0,0.04,0.0,0.0,1,0,0
[0 0 1 ... 0 0 1],23,"[46 23 39 30 37 23 12 37 23 23 23 10 23 23 12 63  8 23 56 58 35 23 37 23
 12  8 23 37 26 37 23 13 61 61 39 23 26 23 17 23 58 21 63 46  9 56 23 50
 26 46 23 23 39  8 17 46 23 13 23 58 23 23 30 23]","[46 23  9 30 37 23 17 37 23 23 23 17 23 23  9 63 63 23 30  5 12 23 12 23
 37  5 23  1 50 61 23 39 61 58 58 23 61 23 26 23 58 21  5 35  1 35 23 51
 21 46 23 23  5 13  8 35 23  9 23 60 23 23 37 23]",False,False,0.0,0.0,"[np.int64(20), np.int64(2), np.int64(45), np.int64(47), np.int64(46), np.int64(7), np.int64(60), np.int64(36), np.int64(51), np.int64(54), np.int64(3), np.int64(22), np.int64(15), np.int64(20), np.int64(36), np.int64(26), np.int64(4), np.int64(18), np.int64(42), np.int64(33), np.int64(26), np.int64(62), np.int64(20), np.int64(14), np.int64(26), np.int64(31), np.int64(62), np.int64(56), np.int64(53), np.int64(43), np.int64(31), np.int64(61), np.int64(9), np.int64(47), np.int64(14), np.int64(19), np.int64(54), np.int64(14), np.int64(21), np.int64(30), np.int64(30), np.int64(58), np.int64(8), np.int64(11), np.int64(11), np.int64(7), np.int64(11), np.int64(45), np.int64(50), np.int64(46), np.int64(34), np.int64(50), np.int64(27), np.int64(28), np.int64(60), np.int64(42), np.int64(40), np.int64(0), np.int64(58), np.int64(8), np.int64(27), np.int64(38), np.int64(4), np.int64(52)]","[np.int64(11), np.int64(7), np.int64(29), np.int64(2), np.int64(10), np.int64(22), np.int64(35), np.int64(29), np.int64(27), np.int64(27), np.int64(54), np.int64(41), np.int64(57), np.int64(40), np.int64(37), np.int64(30), np.int64(18), np.int64(48), np.int64(15), np.int64(27), np.int64(58), np.int64(11), np.int64(6), np.int64(23), np.int64(32), np.int64(3), np.int64(18), np.int64(36), np.int64(5), np.int64(0), np.int64(6), np.int64(8), np.int64(50), np.int64(10), np.int64(60), np.int64(55), np.int64(51), np.int64(28), np.int64(48), np.int64(36), np.int64(25), np.int64(36), np.int64(16), np.int64(24), np.int64(10), np.int64(4), np.int64(54), np.int64(36), np.int64(40), np.int64(41), np.int64(0), np.int64(61), np.int64(60), np.int64(30), np.int64(23), np.int64(22), np.int64(50), np.int64(51), np.int64(24), np.int64(9), np.int64(62), np.int64(36), np.int64(21), np.int64(34)]",False,False,0.0,0.0,"[46 23 39 30  1 23 56 10 23 23 23 17 23 23 37 63 61 23 12 56 12 23 10 23
 50  1 23 37 37 61 23 39 61 60 60 23 63 23 26 23 46 21 63 13  1 56 23 17
 21 46 23 23  5 51  8 61 23 13 23 61 23 23 30 23]","[10 23  9 30 35 23 17 37 23 23 23 10 23 23 37 63 61 23 30 37 17 23  1 23
 37 21 23 10 13 37 23 39 61  9 35 23 61 23 58 23 46 21  5 35  1 13 23 17
  9 58 23 23 37  8 17 46 23 60 23 61 23 23 51 23]",False,False,0.0,0.0,"[10 23 39 30 30 23 12 30 23 23 23 10 23 23  5 63 51 23  1  1 46 23  1 23
  5  5 23 13 61 61 23 63 61 13  8 23 63 23 17 23 58 21 17 13 30 13 23 50
 21 58 23 23 35 21 37 60 23 39 23 58 23 23 51 23]","[46 23 37  1 13 23  8  1 23 23 23 17 23 23  5 63 61 23 12  1 17 23  1 23
  5  8 23 37 37 37 23  5 61  9  8 23  8 23 58 23 58 21  5 35  1 13 23 17
  9  5 23 23 17 58 17 35 23  9 23 61 23 23 37 23]",False,False,0.0,0.015625,1.0,0.0,0.0,25,0,0,1.0,0.0,0.0,25,0,0,1.0,0.0,0.0,25,0,0,1.0,0.0,0.0,25,0,0,1.0,0.0,0.0,25,0,0,1.0,0.0,0.0,25,0,0,0.04,0.0,0.0,1,0,0,0.04,0.0,0.0,1,0,0
[1 1 0 ... 1 1 1],15,"[ 3 61  5 15 34 15  3 37 29 45 62  5 34 36 20 15  3  5 15 45 15 45  3 30
 45 45 37 29 18 15 15 45 61 36 15 20 15 15 20 61 29 18  5 30  3 15  3  5
 59 34 29  3  3 30 59 59 36 20  1 15 59 15  5 20]","[45 61  5 15 34 15 59 37  3 20 42  5 34 36 18 15  3  5 15 45 15 45  3  5
 37 29 37 18 18 15 15 36 20 36 15 61 15 15 36  5 59 20  5 30  5 15 34 30
 59  5 37 36 37 30 59 34 45 20 50 15  3 15 59 61]",False,False,0.0,0.0,"[np.int64(52), np.int64(48), np.int64(40), np.int64(22), np.int64(21), np.int64(16), np.int64(23), np.int64(53), np.int64(35), np.int64(50), np.int64(57), np.int64(41), np.int64(63), np.int64(2), np.int64(7), np.int64(25), np.int64(62), np.int64(20), np.int64(41), np.int64(29), np.int64(57), np.int64(12), np.int64(57), np.int64(18), np.int64(47), np.int64(59), np.int64(0), np.int64(44), np.int64(47), np.int64(7), np.int64(54), np.int64(34), np.int64(27), np.int64(21), np.int64(47), np.int64(57), np.int64(52), np.int64(46), np.int64(2), np.int64(59), np.int64(54), np.int64(36), np.int64(18), np.int64(13), np.int64(63), np.int64(56), np.int64(51), np.int64(57), np.int64(0), np.int64(9), np.int64(54), np.int64(16), np.int64(17), np.int64(47), np.int64(56), np.int64(60), np.int64(48), np.int64(46), np.int64(27), np.int64(60), np.int64(10), np.int64(26), np.int64(5), np.int64(48)]","[np.int64(10), np.int64(11), np.int64(49), np.int64(32), np.int64(59), np.int64(21), np.int64(18), np.int64(11), np.int64(53), np.int64(17), np.int64(33), np.int64(50), np.int64(54), np.int64(52), np.int64(60), np.int64(1), np.int64(27), np.int64(23), np.int64(25), np.int64(4), np.int64(16), np.int64(50), np.int64(61), np.int64(29), np.int64(24), np.int64(38), np.int64(34), np.int64(21), np.int64(26), np.int64(49), np.int64(1), np.int64(50), np.int64(16), np.int64(62), np.int64(46), np.int64(52), np.int64(35), np.int64(5), np.int64(55), np.int64(60), np.int64(14), np.int64(13), np.int64(23), np.int64(38), np.int64(0), np.int64(19), np.int64(9), np.int64(14), np.int64(38), np.int64(24), np.int64(24), np.int64(49), np.int64(17), np.int64(24), np.int64(56), np.int64(26), np.int64(6), np.int64(56), np.int64(61), np.int64(2), np.int64(60), np.int64(6), np.int64(38), np.int64(59)]",False,False,0.0,0.0,"[45 61 59 15 34 15 20 18 29 29 62  5 34 36  3 15  3  5 15 37 15 45 20 59
 45 29 59 34 18 15 15 45 20 59 15 61 15 15 37 61 29 20 45 30  5 15 34  5
 29 34 18  3 37 30 45 18 36 18  4 15 37 15 30 61]","[45 61  5 15 34 15 59 29  3 45  1 37 34 36 18 15  3 59 15 37 15 45 36 45
 61  3 59 34 18 15 15 36 20 36 15 18 15 15 37 59  5 20 45 30  5 15 45  5
 59 34 29 59 37 30  5 59 45 20  4 15 59 15 34 20]",False,False,0.0,0.0,"[ 3 61  5 15 34 15  3 37 29 45  0 37 34 36 18 15  3 59 15 45 15 45 36 59
 61 45 59 45 18 15 15 45 61 59 15 37 15 15 34 59 59 20 45 37 36 15 45 30
 59 29 61 59 37 30 59 59 45 18 50 15 59 15 59 61]","[ 5 61 59 15 45 15 59 29 29 29 42  5 34 36 18 15  3  5 15 45 15 45 36  5
 20  5  5 29 18 15 15 36 59 30 15 61 15 15 36 59 59 18  5 30  5 15 34  5
 45  5 61 36 37 30 59 59 36 18 50 15 37 15 59 18]",False,False,0.0,0.015625,1.0,0.0,0.0,25,0,0,1.0,0.0,0.0,25,0,0,1.0,0.0,0.0,25,0,0,1.0,0.0,0.0,25,0,0,1.0,0.0,0.0,25,0,0,1.0,0.0,0.0,25,0,0,0.04,0.0,0.0,1,0,0,0.04,0.0,0.0,1,0,0
[0 0 0 ... 1 1 0],41,"[ 5 41 41 61 47 41 61 41 23 41  1 57 41 47 41 18  7 47 41 47 18  1 59 41
 63 56  7 41  7  1 63 12 41 51 47 51 56 47 27 63 32 41  5 59 61  5 23 41
 18  5 57 41  9 23 51 57 41 41 47 41 14 41  5 41]","[47 41 41 56 61 41 23 41 32 41  5 32 41 47 41  1  7 47 41 47 18  9 59 41
 32 59 63 41 32  1 14 27 41 51 61 51 56 47 57 59 23 41 61 59 61 63 23 41
 18  5 63 41  7 51  7  5 41 41  7 41 51 41  5 41]",False,False,0.0,0.0,"[np.int64(4), np.int64(53), np.int64(30), np.int64(12), np.int64(0), np.int64(62), np.int64(2), np.int64(33), np.int64(3), np.int64(10), np.int64(42), np.int64(6), np.int64(17), np.int64(21), np.int64(24), np.int64(7), np.int64(31), np.int64(14), np.int64(21), np.int64(3), np.int64(48), np.int64(41), np.int64(21), np.int64(21), np.int64(42), np.int64(15), np.int64(45), np.int64(49), np.int64(18), np.int64(49), np.int64(24), np.int64(39), np.int64(53), np.int64(18), np.int64(38), np.int64(24), np.int64(22), np.int64(11), np.int64(36), np.int64(54), np.int64(38), np.int64(30), np.int64(5), np.int64(12), np.int64(5), np.int64(18), np.int64(58), np.int64(4), np.int64(15), np.int64(2), np.int64(22), np.int64(23), np.int64(29), np.int64(27), np.int64(57), np.int64(5), np.int64(8), np.int64(1), np.int64(52), np.int64(43), np.int64(7), np.int64(54), np.int64(59), np.int64(33)]","[np.int64(55), np.int64(54), np.int64(46), np.int64(61), np.int64(1), np.int64(10), np.int64(57), np.int64(13), np.int64(62), np.int64(4), np.int64(41), np.int64(21), np.int64(16), np.int64(6), np.int64(43), np.int64(59), np.int64(62), np.int64(7), np.int64(16), np.int64(21), np.int64(28), np.int64(5), np.int64(54), np.int64(23), np.int64(47), np.int64(58), np.int64(28), np.int64(48), np.int64(54), np.int64(32), np.int64(42), np.int64(58), np.int64(59), np.int64(54), np.int64(60), np.int64(34), np.int64(5), np.int64(62), np.int64(6), np.int64(33), np.int64(56), np.int64(49), np.int64(28), np.int64(7), np.int64(19), np.int64(60), np.int64(42), np.int64(44), np.int64(18), np.int64(9), np.int64(44), np.int64(26), np.int64(9), np.int64(27), np.int64(47), np.int64(23), np.int64(0), np.int64(20), np.int64(2), np.int64(44), np.int64(49), np.int64(62), np.int64(4), np.int64(62)]",False,False,0.0,0.0,"[ 5 41 41 51 61 41 14 41 32 41 56 14 41 47 41 47 59  5 41 14 18  9 59 41
 32 59 63 41  9  1 14 27 41 23 51 51 57 47 27 63  2 41 61 27  2 23 23 41
  5  5  2 41 57 23 12  9 41 41 47 41 32 41 23 41]","[61 41 41 56 59 41 57 41 23 41  5  7 41 14 41  2  7 47 41 14 27  7 59 41
 23 59 23 41 51 32  7 27 41 51  7 51  2 57 27 47 32 41  5 57 47 23 23 41
  7  5 51 41  9 18 12 59 41 41  7 41  1 41 59 41]",False,False,0.0,0.0,"[ 5 41 41 32  5 41 23 41 32 41  1 32 41 47 41 47  2 47 41 56 18  1 59 41
  1 59 61 41  7  1 63 12 41 27 61 51 57 18 14 63 18 41 61 32 12 23 23 41
 18 32 18 41 27 51 51 57 41 41 47 41 51 41 57 41]","[47 41 41 51 59 41 61 41 32 41  5  5 41 14 41 14  7 47 41 47 18  7 59 41
  1 59  7 41 51 32 63 51 41 47 51 51  2 47 63 59 18 41 61  9 59 63 23 41
  7  7 63 41  7 18 51  9 41 41  7 41  1 41  9 41]",False,False,0.0,0.015625,1.0,0.0,0.0,25,0,0,1.0,0.0,0.0,25,0,0,1.0,0.0,0.0,25,0,0,1.0,0.0,0.0,25,0,0,1.0,0.0,0.0,25,0,0,1.0,0.0,0.0,25,0,0,0.04,0.0,0.0,1,0,0,0.04,0.0,0.0,1,0,0
[1 0 0 ... 0 1 1],35,"[43 37 38 35 49 37 43 35 18  3 15 35 37 15  7 35 22 61 35 22 52 28 35 49
 49 15 37  3 35 49 49 15 35  3 37 35 60 35 35  0 28 37 15 35  7 43 15 49
 61 35 37 38 61 22 49  3 37 15 61 15 35 35 49  7]","[11 11 38 35 49 37 11 35 38 61 15 35 37 15  7 35 11 18 35 49 40 61 35 18
 49 18 37 38 35 49 11 15 35 28 60 35 28 35 35 40 28 37 15 35  7 18 60 32
  7 35 37 38 32 22 61 15 28 43 61 60 35 35 37  7]",False,False,0.0,0.0,"[np.int64(51), np.int64(25), np.int64(12), np.int64(44), np.int64(61), np.int64(41), np.int64(54), np.int64(43), np.int64(26), np.int64(3), np.int64(46), np.int64(39), np.int64(34), np.int64(26), np.int64(23), np.int64(37), np.int64(54), np.int64(38), np.int64(39), np.int64(41), np.int64(35), np.int64(60), np.int64(41), np.int64(51), np.int64(36), np.int64(3), np.int64(45), np.int64(13), np.int64(25), np.int64(27), np.int64(24), np.int64(61), np.int64(1), np.int64(14), np.int64(50), np.int64(59), np.int64(63), np.int64(38), np.int64(26), np.int64(25), np.int64(38), np.int64(31), np.int64(19), np.int64(4), np.int64(60), np.int64(41), np.int64(12), np.int64(2), np.int64(23), np.int64(44), np.int64(47), np.int64(47), np.int64(22), np.int64(50), np.int64(28), np.int64(51), np.int64(18), np.int64(5), np.int64(13), np.int64(54), np.int64(27), np.int64(15), np.int64(52), np.int64(53)]","[np.int64(32), np.int64(37), np.int64(53), np.int64(0), np.int64(24), np.int64(25), np.int64(28), np.int64(28), np.int64(13), np.int64(62), np.int64(22), np.int64(14), np.int64(20), np.int64(58), np.int64(23), np.int64(56), np.int64(40), np.int64(14), np.int64(17), np.int64(49), np.int64(46), np.int64(23), np.int64(2), np.int64(62), np.int64(29), np.int64(35), np.int64(3), np.int64(17), np.int64(41), np.int64(20), np.int64(56), np.int64(45), np.int64(3), np.int64(59), np.int64(53), np.int64(22), np.int64(6), np.int64(42), np.int64(8), np.int64(3), np.int64(38), np.int64(0), np.int64(24), np.int64(33), np.int64(3), np.int64(52), np.int64(39), np.int64(7), np.int64(19), np.int64(8), np.int64(38), np.int64(57), np.int64(22), np.int64(42), np.int64(19), np.int64(39), np.int64(12), np.int64(24), np.int64(48), np.int64(41), np.int64(3), np.int64(0), np.int64(0), np.int64(56)]",False,False,0.0,0.0,"[49  7 38 35 60 32 43 35 38 61 32 35 37 15  7 35 11 15 35  3 52 22 35 49
 49 38 11  3 35 49 11 15 35  3 60 35 28 35 35 34  3 37 15 35  7 15 15 32
 37 35 37 38 61 43 18 60 28 43  3 32 35 35  7  7]","[43 15 38 35 60 37 43 35 22 60 43 35 37 15  7 35 15 18 35 22 48 22 35 43
 49 15 11  3 35 60 11 15 35  3 60 35 28 35 35 40 28 37 15 35  7 37 22 49
 37 35 37 38 61 43 61 61 61 43  3 61 35 35 49 28]",False,False,0.0,0.0,"[ 3 37 38 35  3 37 43 35 43  3 43 35 37 15  7 35 43 61 35 49  0 61 35 61
 49 38 37 38 35 60 11 15 35 11 60 35 60 35 35 29 28 37 15 35 32 43 60 49
 61 35 37 38 49 43 49 60 61 43 61 60 35 35 49 38]","[11 37 38 35 60 37 22 35 37 61 11 35 37 61  7 35 11 37 35 49 40 61 35 37
 49 15 37 38 35 60 11 15 35 11 37 35 60 35 35 40 28 37 15 35  7 37 61 32
 37 35 37 38 61 22 61 61 61 43 61 61 35 35 37  7]",False,False,0.0,0.015625,1.0,0.0,0.0,25,0,0,1.0,0.0,0.0,25,0,0,1.0,0.0,0.0,25,0,0,1.0,0.0,0.0,25,0,0,1.0,0.0,0.0,25,0,0,1.0,0.0,0.0,25,0,0,0.04,0.0,0.0,1,0,0,0.04,0.0,0.0,1,0,0
[0 0 0 ... 0 0 1],33,"[25 35 33 46 46 10 15 59 35 33 33 27 36 50 35 33 17 33 27 46 33 54 20 35
  2 33 25 33 27 46 32 35 33 33 32 33 33 17 27 33 36  2 32 20 35 56 33 56
 36 27 33 35 39 59 33 59 33 56 54 33 27 17 33 15]","[32 35 33 17 46 10 32 59 39 33 33 27 56 35 15 33 17 33 27  2 33 54 56 35
 59 33 20 33  2 25 36 36 33 33 50 33 33 17 27 33 62 39 32 20 32 56 33 56
 17 17 33 35 39 59 33 10 33 56 54 33 59 20 33 15]",False,False,0.0,0.0,"[np.int64(27), np.int64(2), np.int64(40), np.int64(5), np.int64(11), np.int64(27), np.int64(35), np.int64(37), np.int64(40), np.int64(25), np.int64(34), np.int64(4), np.int64(3), np.int64(32), np.int64(43), np.int64(26), np.int64(27), np.int64(18), np.int64(56), np.int64(36), np.int64(45), np.int64(32), np.int64(25), np.int64(41), np.int64(15), np.int64(33), np.int64(39), np.int64(56), np.int64(43), np.int64(2), np.int64(18), np.int64(48), np.int64(36), np.int64(45), np.int64(42), np.int64(22), np.int64(23), np.int64(14), np.int64(39), np.int64(47), np.int64(47), np.int64(59), np.int64(29), np.int64(22), np.int64(1), np.int64(28), np.int64(33), np.int64(41), np.int64(17), np.int64(39), np.int64(49), np.int64(11), np.int64(59), np.int64(49), np.int64(61), np.int64(0), np.int64(59), np.int64(38), np.int64(0), np.int64(33), np.int64(16), np.int64(3), np.int64(32), np.int64(48)]","[np.int64(1), np.int64(5), np.int64(5), np.int64(61), np.int64(45), np.int64(30), np.int64(51), np.int64(4), np.int64(57), np.int64(32), np.int64(28), np.int64(29), np.int64(46), np.int64(36), np.int64(1), np.int64(36), np.int64(35), np.int64(17), np.int64(55), np.int64(1), np.int64(15), np.int64(52), np.int64(17), np.int64(38), np.int64(30), np.int64(40), np.int64(28), np.int64(8), np.int64(55), np.int64(9), np.int64(32), np.int64(31), np.int64(5), np.int64(52), np.int64(22), np.int64(21), np.int64(50), np.int64(44), np.int64(63), np.int64(1), np.int64(34), np.int64(63), np.int64(0), np.int64(58), np.int64(26), np.int64(62), np.int64(12), np.int64(2), np.int64(47), np.int64(49), np.int64(17), np.int64(11), np.int64(1), np.int64(55), np.int64(60), np.int64(35), np.int64(43), np.int64(49), np.int64(32), np.int64(57), np.int64(57), np.int64(34), np.int64(50), np.int64(30)]",False,False,0.0,0.0,"[ 9 36 33 50 35 35 15 27  2 33 33 27 36 35 46 33  9 33 17  2 33 54 15 35
  2 33 46 33 27 27 36 59 33 33 27 33 33  2  9 33  2 27 35 17 10 56 33  2
  9 17 33 36 39 15 33 36 33 62 54 33 56 59 33 35]","[32 56 33 46 35 10 32 15 39 33 33 15 36 50 15 33  9 33 27 59 33 62 25 35
 39 33  9 33 17 10 36 36 33 33 50 33 33 17  9 33 36 32 17 17 32 56 33 56
 17 27 33 10 25 59 33 59 33 62 54 33 27 20 33 35]",False,False,0.0,0.0,"[25 35 33 27 35 35 32 36 35 33 33 15 36 50 46 33  9 33 56 46 33 54 56 56
  2 33 62 33 56 25  9 17 33 33 15 33 33 17 27 33 62 27 17 20 32 32 33 56
 36 27 33 32 25 46 33 36 33 54 54 33 46 46 33 35]","[54 17 33 27 35 35 32 27 39 33 33 15 56 50 15 33 35 33 27 32 33 32 56 10
 39 33 20 33 27 25 32 59 33 33 27 33 33 17 15 33 50 39 32 20 32 32 33 56
 17 27 33 32 39 59 33 27 33 17 54 33 27 39 33  9]",False,False,0.0,0.015625,1.0,0.0,0.0,25,0,0,1.0,0.0,0.0,25,0,0,1.0,0.0,0.0,25,0,0,1.0,0.0,0.0,25,0,0,1.0,0.0,0.0,25,0,0,1.0,0.0,0.0,25,0,0,0.04,0.0,0.0,1,0,0,0.04,0.0,0.0,1,0,0
[0 0 0 ... 1 0 0],16,"[13 62 16 54 27 16 62 16 16 16 56 16 27 16 16 16 16 16 20  7 16 56 17 54
 61 59 11 16 20  5 17 62  8 59 16 14 59 14 61  7  7 13  8 60  8  7  8  2
 11 56  5 54 62 14 16  9 16 20 34 16 16 16 16  8]","[13 11 16 54 62 16 15 16 16 16 62 16  9 16 16 16 16 16 34  9 16 27 59  9
 13 59 11 16 20 27 11 61 60 17 16 27  9 17 15 14 61 14 14 14 61 54 13 34
 14 56 61 54 62 56 16  9 16 14 34 16 16 16 16 60]",False,False,0.0,0.0,"[np.int64(9), np.int64(17), np.int64(50), np.int64(31), np.int64(31), np.int64(23), np.int64(31), np.int64(58), np.int64(41), np.int64(16), np.int64(32), np.int64(59), np.int64(22), np.int64(24), np.int64(49), np.int64(60), np.int64(45), np.int64(13), np.int64(62), np.int64(32), np.int64(23), np.int64(3), np.int64(4), np.int64(54), np.int64(20), np.int64(46), np.int64(28), np.int64(58), np.int64(41), np.int64(0), np.int64(4), np.int64(58), np.int64(20), np.int64(25), np.int64(63), np.int64(4), np.int64(28), np.int64(54), np.int64(56), np.int64(3), np.int64(33), np.int64(21), np.int64(59), np.int64(38), np.int64(23), np.int64(60), np.int64(42), np.int64(6), np.int64(35), np.int64(40), np.int64(3), np.int64(62), np.int64(63), np.int64(26), np.int64(47), np.int64(36), np.int64(51), np.int64(41), np.int64(29), np.int64(33), np.int64(48), np.int64(24), np.int64(13), np.int64(9)]","[np.int64(4), np.int64(19), np.int64(2), np.int64(2), np.int64(58), np.int64(54), np.int64(26), np.int64(16), np.int64(32), np.int64(9), np.int64(27), np.int64(15), np.int64(55), np.int64(6), np.int64(20), np.int64(22), np.int64(25), np.int64(17), np.int64(40), np.int64(1), np.int64(2), np.int64(38), np.int64(11), np.int64(38), np.int64(28), np.int64(47), np.int64(38), np.int64(49), np.int64(24), np.int64(21), np.int64(12), np.int64(37), np.int64(63), np.int64(23), np.int64(47), np.int64(6), np.int64(54), np.int64(48), np.int64(32), np.int64(13), np.int64(17), np.int64(34), np.int64(3), np.int64(55), np.int64(54), np.int64(60), np.int64(53), np.int64(40), np.int64(10), np.int64(63), np.int64(60), np.int64(22), np.int64(52), np.int64(29), np.int64(54), np.int64(21), np.int64(44), np.int64(48), np.int64(25), np.int64(33), np.int64(43), np.int64(57), np.int64(22), np.int64(31)]",False,False,0.0,0.0,"[34 15 16  2 62 16 60 16 16 16  5 16 27 16 16 16 16 16  5  9 16 27 27 56
 13 59 11 16 34  5 17 61 60 59 16  2 59 59 61 34  7 27 11  8  7 54  7  2
 14  8  5 13 59 56 16  9 16 20 60 16 16 16 16 13]","[13 11 16 54 27 16 60 16 16 16  9 16  9 16 16 16 16 16 34 56 16 27 61 14
 54 59 11 16 62 60 13 54 59  5 16 14 14 59 61 15 61  9  9 14  8 54 13 34
  8 56 13  9 59 15 16  9 16 14 56 16 16 16 16 15]",False,False,0.0,0.0,"[27 15 16 34 34 16 15 16 16 16  5 16  5 16 16 16 16 16  5  7 16 56 59 54
  2 59 11 16 60 61 13 62 61 17 16 14 14 17 17 13  7 14 14 14 34 17 13 34
 27 54 17 14 62 34 16 54 16 14 60 16 16 16 16 61]","[ 9 15 16 54 56 16 15 16 16 16 56 16  9 16 16 16 16 16 34 56 16 27 11 54
 54 59 11 16 56 61 11 54 61 17 16 54 14 14 61 56 61 14 11 14  8 54 13 59
 11 54 61 54 62 54 16 54 16 11 56 16 16 16 16  9]",False,False,0.0,0.015625,1.0,0.0,0.0,25,0,0,1.0,0.0,0.0,25,0,0,1.0,0.0,0.0,25,0,0,1.0,0.0,0.0,25,0,0,1.0,0.0,0.0,25,0,0,1.0,0.0,0.0,25,0,0,0.04,0.0,0.0,1,0,0,0.04,0.0,0.0,1,0,0
[0 0 0 ... 0 1 1],37,"[ 5 18  4 14 37 37 36 48 48 51 24 37 62 14 37 56 45 48 37 24 34 56 45  4
 37  5  5 51 18 34 11 11 48 48 37  4 37 37 34 62 24 11 36 18  5 37 36 51
 37  4 14 37 11 45 48 45 37  4 18 24 51 48 37 34]","[ 5 45  4 48 37 37 36 48 36 51  5 37 48 48 37 14 56 48 37 24 18 56 45 24
 37 56  5 51 24 11 51 11 48 62 37  5 37 37 62 56 24 24 62 36  5 37 11 51
 37 51 51 37 36 48  4  4 37 18 45 24 51  4 37 62]",False,False,0.0,0.0,"[np.int64(50), np.int64(29), np.int64(15), np.int64(28), np.int64(59), np.int64(52), np.int64(12), np.int64(8), np.int64(36), np.int64(57), np.int64(34), np.int64(19), np.int64(0), np.int64(15), np.int64(55), np.int64(41), np.int64(8), np.int64(61), np.int64(57), np.int64(47), np.int64(57), np.int64(61), np.int64(49), np.int64(16), np.int64(11), np.int64(58), np.int64(22), np.int64(31), np.int64(53), np.int64(47), np.int64(17), np.int64(29), np.int64(48), np.int64(60), np.int64(6), np.int64(46), np.int64(54), np.int64(59), np.int64(54), np.int64(35), np.int64(18), np.int64(46), np.int64(17), np.int64(46), np.int64(8), np.int64(7), np.int64(47), np.int64(17), np.int64(33), np.int64(18), np.int64(27), np.int64(53), np.int64(30), np.int64(56), np.int64(51), np.int64(16), np.int64(45), np.int64(19), np.int64(30), np.int64(12), np.int64(1), np.int64(48), np.int64(60), np.int64(8)]","[np.int64(39), np.int64(61), np.int64(51), np.int64(1), np.int64(53), np.int64(5), np.int64(59), np.int64(35), np.int64(18), np.int64(10), np.int64(6), np.int64(61), np.int64(44), np.int64(63), np.int64(58), np.int64(47), np.int64(29), np.int64(34), np.int64(28), np.int64(44), np.int64(59), np.int64(7), np.int64(5), np.int64(28), np.int64(48), np.int64(5), np.int64(0), np.int64(35), np.int64(46), np.int64(59), np.int64(29), np.int64(17), np.int64(48), np.int64(54), np.int64(8), np.int64(25), np.int64(52), np.int64(12), np.int64(21), np.int64(2), np.int64(40), np.int64(1), np.int64(46), np.int64(19), np.int64(54), np.int64(37), np.int64(7), np.int64(29), np.int64(10), np.int64(43), np.int64(2), np.int64(45), np.int64(34), np.int64(19), np.int64(11), np.int64(44), np.int64(2), np.int64(32), np.int64(44), np.int64(51), np.int64(52), np.int64(12), np.int64(10), np.int64(24)]",False,False,0.0,0.0,"[ 5 45 51 48 37 37 34 48 45 51 62 37 18 11 37 56 45 34 37 62 34 56 45  4
 37 56  5 34 24 11 56 45 48 48 37 36 37 37 34 36 24 24 36 18  5 37 34  4
 37  5 14 37 36 45 56 24 37  4 45 34 51 48 37 45]","[51 18  4 14 37 37 36 48 45 51 51 37 18 48 37 24 56 34 37 24 18 56 45 24
 37  5  5 24 18 24 56 45 48 14 37 18 37 37 62 36 24 62 62 36  5 37 14  4
 37 18  4 37 36 45 48  4 37 18 18 34 51 24 37 56]",False,False,0.0,0.0,"[ 5 24  5 14 37 37 36 48 36 51 45 37 48 48 37 56 48 48 37 62  5 51 45  4
 37 56  5 24 18 11  5 11 48 62 37 18 37 37 34 62 24 24 36 24  5 37 34 62
 37 51 51 37 36 45 56 45 37 18 45 34 51 48 37 45]","[51 45  4 48 37 37 36 48 45 51 45 37 48 48 37 24 56 62 37 62 18 56 45 24
 37  5  5 24 24 24  5 45 48 62 37  5 37 37 62 56 24 24 36 62  5 37 36 62
 37 51 51 37 36 45 48 45 37 18 45 24 51 18 37 45]",False,False,0.0,0.015625,1.0,0.0,0.0,25,0,0,1.0,0.0,0.0,25,0,0,1.0,0.0,0.0,25,0,0,1.0,0.0,0.0,25,0,0,1.0,0.0,0.0,25,0,0,1.0,0.0,0.0,25,0,0,0.04,0.0,0.0,1,0,0,0.04,0.0,0.0,1,0,0
[0 1 0 ... 1 0 1],52,"[52  0 29 26 60 60  7 52 50 23 60  0 23 50 42 23 52 50 36 50 52 24 50 52
 52 29 52  7 53 52 26 23  0 16 45 23 52 52 45 52 26 16 52 58 60 52 23 60
 20 20 52 60 52 52 36 24  0 37 52 24 52 60 58 58]","[52  0 36 53  7 60 60 52  0 50 39  0 42 20 58 36 52 29 36 50 52 24 50 52
 52 29 52  7 58 52 37 23 16 16 45 23 52 52 20 52 26 29 52 42 60 52 45 16
 20  0 52 29 52 52 36 20  0 42 52 24 52 53 16 37]",False,False,0.0,0.0,"[np.int64(54), np.int64(6), np.int64(55), np.int64(26), np.int64(61), np.int64(38), np.int64(40), np.int64(60), np.int64(12), np.int64(14), np.int64(11), np.int64(10), np.int64(50), np.int64(58), np.int64(18), np.int64(60), np.int64(30), np.int64(5), np.int64(62), np.int64(36), np.int64(38), np.int64(35), np.int64(19), np.int64(56), np.int64(31), np.int64(43), np.int64(9), np.int64(1), np.int64(36), np.int64(48), np.int64(11), np.int64(20), np.int64(19), np.int64(12), np.int64(53), np.int64(60), np.int64(59), np.int64(16), np.int64(4), np.int64(29), np.int64(48), np.int64(52), np.int64(20), np.int64(6), np.int64(56), np.int64(37), np.int64(9), np.int64(27), np.int64(49), np.int64(28), np.int64(30), np.int64(26), np.int64(61), np.int64(51), np.int64(50), np.int64(34), np.int64(28), np.int64(23), np.int64(28), np.int64(44), np.int64(60), np.int64(60), np.int64(49), np.int64(42)]","[np.int64(36), np.int64(7), np.int64(63), np.int64(5), np.int64(46), np.int64(45), np.int64(11), np.int64(40), np.int64(51), np.int64(2), np.int64(46), np.int64(14), np.int64(6), np.int64(21), np.int64(11), np.int64(23), np.int64(47), np.int64(29), np.int64(61), np.int64(35), np.int64(23), np.int64(7), np.int64(36), np.int64(57), np.int64(43), np.int64(36), np.int64(10), np.int64(10), np.int64(39), np.int64(42), np.int64(12), np.int64(2), np.int64(53), np.int64(29), np.int64(5), np.int64(47), np.int64(8), np.int64(38), np.int64(15), np.int64(61), np.int64(17), np.int64(24), np.int64(40), np.int64(45), np.int64(20), np.int64(27), np.int64(32), np.int64(34), np.int64(29), np.int64(2), np.int64(15), np.int64(9), np.int64(30), np.int64(37), np.int64(27), np.int64(53), np.int64(43), np.int64(4), np.int64(54), np.int64(35), np.int64(37), np.int64(22), np.int64(54), np.int64(13)]",False,False,0.0,0.0,"[52 36 29 45 39 37 45 52 50 50  0 29 23 50 24 45 52 50 36 24 52 24 23 52
 52 29 52 23 50 52 26 23 24 16 29 29 52 52 36 52 26 29 52 26 36 52 23 16
  0 20 52 26 52 52 23 37 29 42 52 24 52 60 58 53]","[52 39 29 45 24 37 23 52 50  7  0 26 23 20 24 23 52 29 36 16 52 37 23 52
 52 39 52 36 58 52 26 23 24 16 45 23 52 52 39 52 26 24 52 36 60 52 45 16
 23  0 52 29 52 52 36 37 29 60 52 16 52 36 16 53]",False,False,0.0,0.0,"[52 39 29 26 39 37 23 52 45  7 39  0 42 50 42 45 52 50 36 50 52  0 50 52
 52  7 52  7 60 52 26 23 16 16 29 23 52 52 20 52 26 29 52 26 60 52 23 24
 29 36 52 29 52 52 37 37 39 42 52 29 52 36 58 53]","[52 36 36 45 60 60  7 52  0  7 60  0 42 50 42 23 52 24 36  0 52 37 16 52
 52  7 52  7  0 52 37 23  0 16 45 23 52 52 36 52 26 16 52 42 36 52 42 60
  7 36 52 29 52 52 36 37 29 42 52 24 52 36 16  7]",False,False,0.0,0.015625,1.0,0.0,0.0,25,0,0,1.0,0.0,0.0,25,0,0,1.0,0.0,0.0,25,0,0,1.0,0.0,0.0,25,0,0,1.0,0.0,0.0,25,0,0,1.0,0.0,0.0,25,0,0,0.04,0.0,0.0,1,0,0,0.04,0.0,0.0,1,0,0
[1 1 0 ... 0 0 0],26,"[24 46 56 26 22 26 33 41 41 26 38 19 26 12 24 52 24 12 24 26  9 40 26 26
 26 23 26 31 57  9  9 26 19 26  9 24 38 40 26 57 26 26 41 19  9 19 26  3
  3 38 22 19 26 26 23  9 26 26 40 56 33 24 56 33]","[56 46 56 26 40 26 38 41 41 26 46 19 26 22 24 31 46 33 33 26  9 40 26 26
 26 56 26 19  5  5 22 26 46 26  3 40 38 40 26 57 26 26 41 38 41 23 26  3
 53 38  9 40 26 26 33 46 26 26 24 56 38 24 38 56]",False,False,0.0,0.0,"[np.int64(24), np.int64(50), np.int64(45), np.int64(61), np.int64(22), np.int64(10), np.int64(1), np.int64(18), np.int64(61), np.int64(60), np.int64(39), np.int64(15), np.int64(9), np.int64(55), np.int64(10), np.int64(61), np.int64(13), np.int64(42), np.int64(7), np.int64(19), np.int64(36), np.int64(61), np.int64(22), np.int64(30), np.int64(41), np.int64(43), np.int64(7), np.int64(21), np.int64(8), np.int64(40), np.int64(8), np.int64(47), np.int64(52), np.int64(17), np.int64(50), np.int64(1), np.int64(61), np.int64(0), np.int64(46), np.int64(62), np.int64(3), np.int64(51), np.int64(51), np.int64(26), np.int64(41), np.int64(28), np.int64(14), np.int64(43), np.int64(45), np.int64(31), np.int64(49), np.int64(36), np.int64(11), np.int64(42), np.int64(19), np.int64(12), np.int64(45), np.int64(36), np.int64(19), np.int64(55), np.int64(42), np.int64(35), np.int64(53), np.int64(30)]","[np.int64(47), np.int64(3), np.int64(6), np.int64(33), np.int64(52), np.int64(37), np.int64(2), np.int64(48), np.int64(36), np.int64(4), np.int64(57), np.int64(36), np.int64(10), np.int64(45), np.int64(59), np.int64(4), np.int64(34), np.int64(55), np.int64(27), np.int64(45), np.int64(25), np.int64(16), np.int64(7), np.int64(35), np.int64(21), np.int64(41), np.int64(32), np.int64(50), np.int64(26), np.int64(53), np.int64(2), np.int64(9), np.int64(46), np.int64(56), np.int64(54), np.int64(55), np.int64(61), np.int64(38), np.int64(25), np.int64(28), np.int64(39), np.int64(21), np.int64(24), np.int64(51), np.int64(15), np.int64(17), np.int64(32), np.int64(2), np.int64(33), np.int64(42), np.int64(10), np.int64(41), np.int64(48), np.int64(16), np.int64(29), np.int64(28), np.int64(15), np.int64(16), np.int64(14), np.int64(35), np.int64(11), np.int64(7), np.int64(59), np.int64(51)]",False,False,0.0,0.0,"[56 46  5 26 22 26 33  3 22 26 40 19 26 12 52 31 33  3  5 26  9 23 26 26
 26 24 26 31 57  9  9 26 31 26 19 24 31 19 26 23 26 26 24 19 24 19 26  3
  3 22 33 19 26 26 23 22 26 26 23 19  5 12 22  5]","[38 38 56 26 24 26 38 41 38 26 46 56 26 12 24 52 24  3  5 26 33 40 26 26
 26 56 26  9 52  5  9 26 31 26  9 40 31 12 26 57 26 26 41 19  9 57 26  3
  3 24 31 40 26 26 23 46 26 26 19 46 33  5 38 56]",False,False,0.0,0.0,"[24 12 24 26 33 26 33 33 41 26 40  5 26 12 52  5 46  3  5 26  9  5 26 26
 26 56 26  9 57  9  9 26 22 26 19 19 53 19 26 19 26 26 24 19 24 23 26 19
 53 38 31 40 26 26 33 46 26 26 53 41 52 53 56 53]","[38  9 56 26 57 26 38 33 38 26 38 56 26 12 24 31 57  3 33 26 33  5 26 26
 26 56 26 31  9  5  9 26 46 26  9 24 31 57 26 57 26 26 41 38 41  9 26  3
  3 38 31 57 26 26 33  9 26 26 31 56 38 12 38 56]",False,False,0.0,0.015625,1.0,0.0,0.0,25,0,0,1.0,0.0,0.0,25,0,0,1.0,0.0,0.0,25,0,0,1.0,0.0,0.0,25,0,0,1.0,0.0,0.0,25,0,0,1.0,0.0,0.0,25,0,0,0.04,0.0,0.0,1,0,0,0.04,0.0,0.0,1,0,0
[0 0 0 ... 0 0 0],29,"[11 29 28 29 61 29 29 63  3 41 16 29 41  5 27 27 29 49 36 28  6 40 28  1
  6 29 28 29 29 29 57 53  1 28 11  3 29 53 27 16 29 29  6 40 49 36 16 27
  5 29 61 49  6 29 29  5 63 29 36 36 57 29  6 29]","[11 29 16 29 11 29 29 41  6 25 16 29 36  5 27 27 29 49 40 41 36 63 63 36
  6 29 61 29 29 29 57 53  3 61 63 25 29 49  6 41 29 29 40 25  3 36  5 57
 54 29 40 49 40 29 29  6 28 29 27 36 36 29  6 29]",False,False,0.0,0.0,"[np.int64(4), np.int64(5), np.int64(49), np.int64(44), np.int64(48), np.int64(18), np.int64(63), np.int64(1), np.int64(54), np.int64(53), np.int64(35), np.int64(60), np.int64(19), np.int64(0), np.int64(41), np.int64(60), np.int64(30), np.int64(35), np.int64(28), np.int64(25), np.int64(40), np.int64(35), np.int64(55), np.int64(39), np.int64(42), np.int64(3), np.int64(48), np.int64(22), np.int64(23), np.int64(39), np.int64(25), np.int64(51), np.int64(7), np.int64(17), np.int64(13), np.int64(51), np.int64(55), np.int64(10), np.int64(15), np.int64(33), np.int64(16), np.int64(44), np.int64(8), np.int64(50), np.int64(36), np.int64(25), np.int64(12), np.int64(25), np.int64(46), np.int64(26), np.int64(12), np.int64(14), np.int64(41), np.int64(53), np.int64(12), np.int64(54), np.int64(15), np.int64(10), np.int64(58), np.int64(63), np.int64(5), np.int64(2), np.int64(23), np.int64(47)]","[np.int64(37), np.int64(51), np.int64(57), np.int64(33), np.int64(15), np.int64(27), np.int64(48), np.int64(15), np.int64(33), np.int64(10), np.int64(41), np.int64(43), np.int64(33), np.int64(42), np.int64(54), np.int64(47), np.int64(6), np.int64(24), np.int64(57), np.int64(34), np.int64(31), np.int64(48), np.int64(54), np.int64(33), np.int64(21), np.int64(30), np.int64(23), np.int64(55), np.int64(12), np.int64(27), np.int64(20), np.int64(20), np.int64(18), np.int64(61), np.int64(32), np.int64(40), np.int64(27), np.int64(56), np.int64(20), np.int64(25), np.int64(61), np.int64(8), np.int64(16), np.int64(18), np.int64(57), np.int64(32), np.int64(3), np.int64(15), np.int64(3), np.int64(45), np.int64(58), np.int64(35), np.int64(8), np.int64(55), np.int64(58), np.int64(55), np.int64(55), np.int64(43), np.int64(39), np.int64(32), np.int64(44), np.int64(6), np.int64(27), np.int64(43)]",False,False,0.0,0.0,"[11 29 16 29 61 29 29 41 16 28 11 29 54 61 61 27 29 49 57 57 36 11  5 36
  6 29 61 29 29 29 57 53  3 61 63 25 29 36 61 16 29 29  6 54 49 49 16 54
 28 29 28 49 40 29 29  6 63 29 36 54 54 29 28 29]","[11 29 16 29 11 29 29 36 40  6 11 29 63 61 27 27 29 49 36 41  6 40  3 36
  6 29 36 29 29 29 57 53 53 40  1 27 29  1  6 41 29 29 40 49  6  3 16 54
 28 29 61 49  6 29 29 36 63 29 27 36 36 29 49 29]",False,False,0.0,0.0,"[36 29 27 29 11 29 29 36 40  1 16 29 41  5 27 27 29 49 11 53  1 53  3  1
 54 29 61 29 29 29  1  6  3 63 63 27 29 57 63 16 29 29 27 25 36 49 16 27
 28 29 28 49 36 29 29 36 41 29 36 36 40 29 49 29]","[36 29 25 29 61 29 29 36  6 28 16 29 36  6 27 27 29 36 36 28  6 40 63 36
  6 29 41 29 29 29 57 53  1 63 63  3 29  3 61  6 29 29  6 40  6  3 16 40
 54 29 16 49  6 29 29  6 41 29 36 36 36 29 16 29]",False,False,0.0,0.015625,1.0,0.0,0.0,25,0,0,1.0,0.0,0.0,25,0,0,1.0,0.0,0.0,25,0,0,1.0,0.0,0.0,25,0,0,1.0,0.0,0.0,25,0,0,1.0,0.0,0.0,25,0,0,0.04,0.0,0.0,1,0,0,0.04,0.0,0.0,1,0,0
[0 0 0 ... 0 0 1],32,"[42 32 32 42 32 37  4 32 13 37 32  4 32 32 10 34 17 32  1 28  1 17 34 10
 17 17  7  2 32 28 34 10 32 42 32 34 12 32  7  2 12 28 32 42 37  4 42  2
 28 13 34 28  4 34  2 28  7 13  4 17 42  4 17 37]","[42 32 32  2 32 12 37 32 13 17 32 28 32 32  7  1  2 32 17 17  1 17 34 13
 17 17 10 17 32 28 12 42 32 28 32  7  7 32 13  2 42 17 32 34  1  4 42  2
  7 13 34 28 10 17 17 37 12 17 28 42 42  2 37 37]",False,False,0.0,0.0,"[np.int64(63), np.int64(14), np.int64(59), np.int64(60), np.int64(36), np.int64(54), np.int64(54), np.int64(48), np.int64(28), np.int64(49), np.int64(51), np.int64(43), np.int64(59), np.int64(63), np.int64(41), np.int64(53), np.int64(7), np.int64(47), np.int64(37), np.int64(17), np.int64(4), np.int64(40), np.int64(49), np.int64(30), np.int64(8), np.int64(47), np.int64(36), np.int64(57), np.int64(33), np.int64(15), np.int64(15), np.int64(23), np.int64(60), np.int64(14), np.int64(40), np.int64(31), np.int64(51), np.int64(54), np.int64(26), np.int64(43), np.int64(46), np.int64(27), np.int64(2), np.int64(43), np.int64(45), np.int64(26), np.int64(27), np.int64(63), np.int64(26), np.int64(57), np.int64(26), np.int64(26), np.int64(41), np.int64(29), np.int64(56), np.int64(1), np.int64(28), np.int64(8), np.int64(40), np.int64(15), np.int64(12), np.int64(34), np.int64(39), np.int64(0)]","[np.int64(0), np.int64(49), np.int64(19), np.int64(28), np.int64(61), np.int64(4), np.int64(47), np.int64(18), np.int64(18), np.int64(19), np.int64(51), np.int64(12), np.int64(1), np.int64(44), np.int64(0), np.int64(3), np.int64(28), np.int64(42), np.int64(1), np.int64(16), np.int64(12), np.int64(29), np.int64(35), np.int64(53), np.int64(57), np.int64(30), np.int64(22), np.int64(3), np.int64(14), np.int64(26), np.int64(30), np.int64(4), np.int64(22), np.int64(53), np.int64(47), np.int64(18), np.int64(1), np.int64(57), np.int64(49), np.int64(48), np.int64(3), np.int64(17), np.int64(24), np.int64(18), np.int64(1), np.int64(10), np.int64(12), np.int64(23), np.int64(3), np.int64(11), np.int64(57), np.int64(15), np.int64(34), np.int64(62), np.int64(45), np.int64(23), np.int64(9), np.int64(48), np.int64(63), np.int64(1), np.int64(31), np.int64(53), np.int64(37), np.int64(11)]",False,False,0.0,0.0,"[42 32 32 42 32  2 13 32  1 28 32 37 32 32 10 34 28 32  1 17  1 28 13 13
 17  2 12 42 32 28 34 10 32 17 32 34 13 32 13 34 42 28 32 34 37  4 17  2
 34  7 34 28 12 34 42  1 12 17 28 42 42  2 17 10]","[42 32 32 34 32  2  4 32 13 13 32 42 32 32 10  1  7 32  1 28  1 37 10  7
 28  2  7  7 32 28 12 37 32 13 32  7 12 32 13 12 42 17 32 34 37  4 42 12
 28 10 34 28 17 17 42  2 12 17 28 42 42  2 17  1]",False,False,0.0,0.0,"[42 32 32 34 32 28 34 32 37 37 32 42 32 32  2  1 42 32  1 17  1 17  1  7
 10  2  7  7 32 28  4 10 32 13 32 34 13 32 13 34 12 28 32 34 37  4 17 12
 28 28 34 28 34 34 34 37 12 13 28 42 42  4 37 37]","[42 32 32 42 32  2 37 32  1 17 32 42 32 32  7  1 42 32 17 17  1 17  7  7
 42 17  7 42 32 28 34 42 32 42 32 34 12 32  7 34 42 17 32 42  1  4 42  2
  7  7 34 28 13 34 42  1 12 13  4 42 42  2 17  1]",False,False,0.0,0.015625,1.0,0.0,0.0,25,0,0,1.0,0.0,0.0,25,0,0,1.0,0.0,0.0,25,0,0,1.0,0.0,0.0,25,0,0,1.0,0.0,0.0,25,0,0,1.0,0.0,0.0,25,0,0,0.04,0.0,0.0,1,0,0,0.04,0.0,0.0,1,0,0
[1 1 0 ... 0 1 0],32,"[46 12 19 14 12 43 11 12 29 32 32 32 32 53 32 56 57 42 32 32 53 12 32 14
 29 53 32  9 12 32 46 57 32 58 18 53 11 58  9 22 29 57 32 32 26 44 32 43
 58 63 56 42 19 32 14 29 32 32 32 43 26 10 10 10]","[56 18 42  9 12 43 11 12 11 32 32 32 32 14 32 43 57 22 32 32 53 58 32 57
 58 42 32 58 58 32 19 46 32 58 42 58 11 58 29 53 19 29 32 32 26 25 32 43
  9 40 29 10 19 32 26 56 32 32 32 14 26 22 10 58]",False,False,0.0,0.0,"[np.int64(60), np.int64(22), np.int64(27), np.int64(60), np.int64(17), np.int64(27), np.int64(19), np.int64(7), np.int64(63), np.int64(54), np.int64(35), np.int64(38), np.int64(55), np.int64(61), np.int64(31), np.int64(61), np.int64(13), np.int64(53), np.int64(41), np.int64(28), np.int64(1), np.int64(7), np.int64(19), np.int64(28), np.int64(40), np.int64(24), np.int64(41), np.int64(36), np.int64(13), np.int64(40), np.int64(46), np.int64(55), np.int64(3), np.int64(58), np.int64(50), np.int64(61), np.int64(19), np.int64(43), np.int64(1), np.int64(10), np.int64(28), np.int64(20), np.int64(16), np.int64(13), np.int64(4), np.int64(56), np.int64(56), np.int64(10), np.int64(40), np.int64(4), np.int64(55), np.int64(6), np.int64(61), np.int64(54), np.int64(43), np.int64(6), np.int64(24), np.int64(42), np.int64(51), np.int64(43), np.int64(13), np.int64(18), np.int64(50), np.int64(23)]","[np.int64(29), np.int64(48), np.int64(17), np.int64(26), np.int64(3), np.int64(3), np.int64(21), np.int64(9), np.int64(53), np.int64(26), np.int64(63), np.int64(11), np.int64(13), np.int64(38), np.int64(56), np.int64(35), np.int64(46), np.int64(58), np.int64(44), np.int64(25), np.int64(9), np.int64(47), np.int64(7), np.int64(55), np.int64(50), np.int64(54), np.int64(24), np.int64(6), np.int64(40), np.int64(8), np.int64(33), np.int64(16), np.int64(61), np.int64(54), np.int64(43), np.int64(40), np.int64(49), np.int64(58), np.int64(3), np.int64(55), np.int64(13), np.int64(13), np.int64(56), np.int64(45), np.int64(45), np.int64(32), np.int64(5), np.int64(6), np.int64(55), np.int64(38), np.int64(33), np.int64(49), np.int64(22), np.int64(6), np.int64(30), np.int64(2), np.int64(44), np.int64(20), np.int64(19), np.int64(41), np.int64(51), np.int64(43), np.int64(0), np.int64(44)]",False,False,0.0,0.0,"[22 53 19 12 29  9 57 53 22 32 32 32 32 11 32 19 58 22 32 32  9 12 32 57
 58 53 32  9 12 32 18 46 32 22 42 53 11 53 29 22 42 43 32 32 46 17 32 43
 58 54 57 10 58 32  9 29 32 32 32 19 26 10 53 14]","[46 58 42 29 12 42 11 12 29 32 32 32 32 11 32 43 58 22 32 32  9 12 32 14
 58 53 32 42 58 32 19 12 32 22 14 29 11 53 14 22 29 29 32 32 53 51 32 43
  9  1  9 56 26 32 14 19 32 32 32 43 26 22 12 14]",False,False,0.0,0.0,"[22 42 29 29 29 43 43  9 43 32 32 32 32 53 32 46 57 42 32 32 53 58 32 57
 58 58 32 58 58 32 46 46 32 58 29 53 11 58 58 22 29 57 32 32 53 34 32 56
 12 38 29 57 58 32 58 56 32 32 32 43 26 22 53 53]","[56 42 29 29 12  9 43  9 29 32 32 32 32 14 32 19 58 22 32 32 53 58 32 14
 29 42 32  9 29 32 29 12 32 42 29 29 11 53 29 43 29 29 32 32 53 30 32 43
  9 61 14 56 19 32 14 29 32 32 32 14 26 10 12 14]",False,False,0.0,0.015625,1.0,0.0,0.0,25,0,0,1.0,0.0,0.0,25,0,0,1.0,0.0,0.0,25,0,0,1.0,0.0,0.0,25,0,0,1.0,0.0,0.0,25,0,0,1.0,0.0,0.0,25,0,0,0.04,0.0,0.0,1,0,0,0.04,0.0,0.0,1,0,0
[1 0 1 ... 1 0 0],62,"[37 32 24 17 22 37 56 15 22 17 22 27 45 45  3 62 45 62 45 15 29 24 62 27
 62 24 37 62 54 62 24 33 62 62 37 33 17 62 27 24 33 37 17 15 29 62 32 27
 22 17 22 24 37 29 22 22 62 41 17 24 37 33 62 15]","[37 32 24 17 15 33 37 15 37 17 32 27 17 33 31 62 27 62 27 32 32 17 62 27
 62 22 33 62 11 62 45 32 62 62 37 24 32 62 24 24 45 37 27 33 29 62 33 45
 22 32 15 24 37 45 24 29 62 40 17 24 37 33 62 32]",False,False,0.0,0.0,"[np.int64(59), np.int64(48), np.int64(45), np.int64(47), np.int64(36), np.int64(16), np.int64(28), np.int64(35), np.int64(30), np.int64(3), np.int64(17), np.int64(48), np.int64(40), np.int64(22), np.int64(5), np.int64(52), np.int64(13), np.int64(10), np.int64(60), np.int64(47), np.int64(7), np.int64(63), np.int64(57), np.int64(6), np.int64(34), np.int64(6), np.int64(48), np.int64(53), np.int64(11), np.int64(60), np.int64(38), np.int64(21), np.int64(52), np.int64(36), np.int64(63), np.int64(17), np.int64(21), np.int64(45), np.int64(31), np.int64(9), np.int64(5), np.int64(5), np.int64(20), np.int64(32), np.int64(22), np.int64(62), np.int64(57), np.int64(23), np.int64(4), np.int64(13), np.int64(15), np.int64(12), np.int64(57), np.int64(11), np.int64(36), np.int64(48), np.int64(37), np.int64(63), np.int64(46), np.int64(5), np.int64(51), np.int64(33), np.int64(22), np.int64(55)]","[np.int64(39), np.int64(57), np.int64(23), np.int64(51), np.int64(33), np.int64(8), np.int64(10), np.int64(1), np.int64(24), np.int64(31), np.int64(37), np.int64(55), np.int64(11), np.int64(6), np.int64(14), np.int64(50), np.int64(51), np.int64(19), np.int64(4), np.int64(11), np.int64(33), np.int64(15), np.int64(44), np.int64(9), np.int64(19), np.int64(45), np.int64(37), np.int64(6), np.int64(36), np.int64(18), np.int64(55), np.int64(46), np.int64(3), np.int64(13), np.int64(59), np.int64(43), np.int64(21), np.int64(5), np.int64(7), np.int64(0), np.int64(9), np.int64(3), np.int64(57), np.int64(39), np.int64(18), np.int64(56), np.int64(0), np.int64(1), np.int64(28), np.int64(5), np.int64(3), np.int64(55), np.int64(34), np.int64(10), np.int64(40), np.int64(44), np.int64(19), np.int64(21), np.int64(18), np.int64(37), np.int64(40), np.int64(7), np.int64(8), np.int64(63)]",False,False,0.0,0.0,"[29 20 45 32 22 37 56 15 15 17 32 33 15 33 63 62 45 62 45 24 17 24 62 27
 62 22 33 62 31 62 45 32 62 62 37 24 27 62 27 24 33 24 27 15 15 62 17 45
 27 32 22 24 37 56 24 29 62  2 17 24 27 33 62 15]","[37 32 29 32 22 33 37 17 45 17 32 17 45 45 52 62 27 62 45 17 45 17 62 27
 62 56 15 62 54 62 32 32 62 62 22 33 17 62 29 24 37 37 32 29 17 62 33 27
 33 17 22 45 22 24 24 22 62  5 17 17 37 33 62 32]",False,False,0.0,0.0,"[29 33 29 32 22 33 37 29 37 17 22 33 45 45  3 62 45 62 45 56 45 24 62 27
 62 56 45 62 16 62 45 33 62 62 45 33 17 62 56 24 37 37 32 29 24 62 33 45
 22 32 29 45 29 32 22 29 62 41 29 33 37 33 62 32]","[37 32 45 17 15 33 37 17 15 17 32 15 15 33 54 62 27 62 27 15 32 17 62 27
 62 15 33 62  2 62 45 33 62 62 45 33 45 62 45 24 33 37 17 33 33 62 45 45
 33 17 15 45 27 45 24 22 62 12 17 33 27 33 62 32]",False,False,0.0,0.015625,1.0,0.0,0.0,25,0,0,1.0,0.0,0.0,25,0,0,1.0,0.0,0.0,25,0,0,1.0,0.0,0.0,25,0,0,1.0,0.0,0.0,25,0,0,1.0,0.0,0.0,25,0,0,0.04,0.0,0.0,1,0,0,0.04,0.0,0.0,1,0,0
[0 0 0 ... 1 0 1],55,"[37 44 37 50 55 61 55 55  6 55  9  9  6 50 36  7  9 21 44 33 50 55  9 50
 61 44 58 55 36 37 36 55 55 55 61  6 55 55  7 32 27 36 61  7 55 58 44 50
 21 32 55 37 21 44 31 55  7 21 55  9  9 55  7 37]","[37 44 32 50 55 50 55 55  6 55 36  9 31 50 58 44  9 21  4 33 50 55 32 21
 61 36  9 55 27 32 33 55 55 55  6  6 55 55 32 50  6 50  6  6 55  9 33 44
 21 50 55 31 37 44 27 55  9 50 55  9  9 55 58 61]",False,False,0.0,0.0,"[np.int64(1), np.int64(9), np.int64(35), np.int64(4), np.int64(50), np.int64(14), np.int64(12), np.int64(8), np.int64(37), np.int64(57), np.int64(6), np.int64(42), np.int64(9), np.int64(44), np.int64(48), np.int64(31), np.int64(1), np.int64(27), np.int64(42), np.int64(35), np.int64(8), np.int64(30), np.int64(10), np.int64(7), np.int64(39), np.int64(25), np.int64(16), np.int64(22), np.int64(19), np.int64(26), np.int64(50), np.int64(11), np.int64(23), np.int64(58), np.int64(55), np.int64(55), np.int64(4), np.int64(29), np.int64(4), np.int64(59), np.int64(60), np.int64(52), np.int64(21), np.int64(28), np.int64(10), np.int64(56), np.int64(40), np.int64(34), np.int64(29), np.int64(8), np.int64(58), np.int64(42), np.int64(16), np.int64(5), np.int64(22), np.int64(20), np.int64(26), np.int64(6), np.int64(51), np.int64(49), np.int64(27), np.int64(10), np.int64(35), np.int64(51)]","[np.int64(47), np.int64(28), np.int64(18), np.int64(47), np.int64(23), np.int64(12), np.int64(5), np.int64(5), np.int64(57), np.int64(42), np.int64(0), np.int64(37), np.int64(36), np.int64(8), np.int64(41), np.int64(1), np.int64(61), np.int64(30), np.int64(23), np.int64(26), np.int64(10), np.int64(47), np.int64(7), np.int64(52), np.int64(56), np.int64(33), np.int64(35), np.int64(56), np.int64(16), np.int64(54), np.int64(38), np.int64(56), np.int64(32), np.int64(38), np.int64(32), np.int64(48), np.int64(17), np.int64(28), np.int64(29), np.int64(16), np.int64(36), np.int64(53), np.int64(6), np.int64(53), np.int64(44), np.int64(45), np.int64(56), np.int64(46), np.int64(38), np.int64(38), np.int64(18), np.int64(32), np.int64(46), np.int64(53), np.int64(36), np.int64(62), np.int64(18), np.int64(18), np.int64(47), np.int64(60), np.int64(43), np.int64(27), np.int64(42), np.int64(45)]",False,False,0.0,0.0,"[37 44 37 36 55 27 55 55  6 55 36 37 21 50 58  7 32 37 21 33 44 55  7  4
 31 36 31 55 27 37 50 55 55 55  6 58 55 55  7 33  4 36  6  7 55 58  6 27
 37 37 55 31 21 44 31 55  9 37 55 33  9 55  7 58]","[ 6 44  4 50 55  7 55 55  4 55 27 37  6 50 36 44 32 44  4 33 50 55  9 50
 31 44 33 55 27 32 50 55 55 55  6  9 55 55 32  9  4 36 61  6 55 31  6 61
 27 32 55 21 21 44 27 55 58 21 55  9 44 55 58 44]",False,False,0.0,0.0,"[37 44 31 32 55 27 55 55 44 55 36 37 31 50 36 44  9 44 44 33 50 55  9  4
 61 36 58 55 27 61 58 55 55 55 61  9 55 55  7 21 27 31 36 27 55 37 33 27
 27 32 55 37 33 44 37 55 36 50 55 33 44 55 61 44]","[44 44 32 50 55 50 55 55  6 55  9  9  6 50 36 44 32 21 21 33 44 55 32 21
 31 44 21 55 32  4 50 55 55 55 21  9 55 55 32 21  4 50 44  4 55  9  9 50
 27 50 55 31 21 44 31 55  9 21 55  9  9 55 58 44]",False,False,0.0,0.015625,1.0,0.0,0.0,25,0,0,1.0,0.0,0.0,25,0,0,1.0,0.0,0.0,25,0,0,1.0,0.0,0.0,25,0,0,1.0,0.0,0.0,25,0,0,1.0,0.0,0.0,25,0,0,0.04,0.0,0.0,1,0,0,0.04,0.0,0.0,1,0,0
[1 0 0 ... 0 1 1],35,"[43  7 38 35 49 32 60 35 18 61 15 35 37 15  7 35 15 38 35 49 57 28 35 43
 49 18 37 38 35  3  3 15 35 11 18 35 28 35 35 25 28 37 15 35 32 15 43 49
 37 35 37 38 61 43  7 28 28 43 49 32 35 35 49 28]","[11 15 38 35  3 15 22 35 61 61 60 35 37 61  7 35 43 15 35 22 57 28 35 18
 49 18 37 38 35 60 18 15 35 18 37 35 28 35 35  0 28 37 15 35  7 18 61 32
  7 35 37 38 32 22 22 15 37 15 61 60 35 35 37  7]",False,False,0.0,0.0,"[np.int64(18), np.int64(29), np.int64(37), np.int64(3), np.int64(17), np.int64(62), np.int64(28), np.int64(61), np.int64(44), np.int64(44), np.int64(9), np.int64(30), np.int64(13), np.int64(40), np.int64(52), np.int64(34), np.int64(45), np.int64(14), np.int64(19), np.int64(0), np.int64(48), np.int64(2), np.int64(41), np.int64(4), np.int64(4), np.int64(61), np.int64(39), np.int64(44), np.int64(39), np.int64(35), np.int64(28), np.int64(54), np.int64(53), np.int64(44), np.int64(22), np.int64(50), np.int64(48), np.int64(6), np.int64(46), np.int64(59), np.int64(16), np.int64(16), np.int64(62), np.int64(46), np.int64(6), np.int64(21), np.int64(38), np.int64(33), np.int64(8), np.int64(23), np.int64(61), np.int64(22), np.int64(50), np.int64(29), np.int64(23), np.int64(2), np.int64(61), np.int64(59), np.int64(29), np.int64(11), np.int64(53), np.int64(58), np.int64(21), np.int64(42)]","[np.int64(20), np.int64(56), np.int64(8), np.int64(55), np.int64(2), np.int64(51), np.int64(13), np.int64(58), np.int64(55), np.int64(52), np.int64(38), np.int64(51), np.int64(57), np.int64(31), np.int64(38), np.int64(22), np.int64(21), np.int64(56), np.int64(29), np.int64(0), np.int64(31), np.int64(26), np.int64(47), np.int64(21), np.int64(26), np.int64(16), np.int64(2), np.int64(11), np.int64(35), np.int64(32), np.int64(15), np.int64(31), np.int64(39), np.int64(40), np.int64(61), np.int64(8), np.int64(50), np.int64(44), np.int64(55), np.int64(9), np.int64(38), np.int64(11), np.int64(57), np.int64(9), np.int64(60), np.int64(38), np.int64(30), np.int64(49), np.int64(53), np.int64(28), np.int64(15), np.int64(37), np.int64(60), np.int64(57), np.int64(11), np.int64(31), np.int64(7), np.int64(16), np.int64(24), np.int64(25), np.int64(13), np.int64(2), np.int64(11), np.int64(52)]",False,False,0.0,0.0,"[49  3 38 35 60 32  7 35 38 60 43 35 37 61  7 35 11 37 35  3 19 37 35 43
 49 38 38 38 35 49 49 15 35 11 60 35 60 35 35 48 28 37 15 35 32 15 38 32
  7 35 37 38 32 22 28 60 37 15  3 61 35 35 49  7]","[ 3 11 38 35 60 37 11 35 22 61 43 35 37 61  7 35 15 37 35 22 41 37 35 49
 49 18 38 38 35 60 11 15 35 11 18 35 60 35 35 40 28 37 15 35 32 15 60 49
 37 35 37 38 32 22 61 61 37 43 61 60 35 35  7  7]",False,False,0.0,0.0,"[ 3 37 38 35  3 37 43 35 43  3 43 35 37 15  7 35 43 61 35 49  0 61 35 61
 49 38 37 38 35 60 11 15 35 11 60 35 60 35 35 29 28 37 15 35 32 43 60 49
 61 35 37 38 49 43 49 60 61 43 61 60 35 35 49 38]","[11 37 38 35 60 37 22 35 37 61 11 35 37 61  7 35 11 37 35 49 40 61 35 37
 49 15 37 38 35 60 11 15 35 11 37 35 60 35 35 40 28 37 15 35  7 37 61 32
 37 35 37 38 61 22 61 61 61 43 61 61 35 35 37  7]",False,False,0.0,0.015625,1.0,0.0,0.0,25,0,0,1.0,0.0,0.0,25,0,0,1.0,0.0,0.0,25,0,0,1.0,0.0,0.0,25,0,0,1.0,0.0,0.0,25,0,0,1.0,0.0,0.0,25,0,0,0.04,0.0,0.0,1,0,0,0.04,0.0,0.0,1,0,0
[1 0 1 ... 1 0 0],16,"[16 26  0 26 16 33  9  4  9 16 16 22 57 26 55 62 16 42  4 16  4  4 10 26
  9 26 16  0 42 42 26 33  9 16 42 42 26  0  9  1 10 33 16 62 24  9 26  4
 26 19 42 10 43  0 32 26 19 33 27 62 34 42 16  0]","[16 19  0 62 16 33 10  4  9 16 16  5 57 62 21 62 16 10  0 16  4 33 10  0
 10  0 16 33  9 42 42 10  9 16 42  0  0 42  9 51 10 33 16  0 21  9 26 19
 19 19 42 10 51 19 25 26 10 33 37 26 43 42 16  0]",False,False,0.0,0.0,"[np.int64(17), np.int64(57), np.int64(60), np.int64(47), np.int64(10), np.int64(26), np.int64(28), np.int64(55), np.int64(50), np.int64(8), np.int64(43), np.int64(44), np.int64(60), np.int64(7), np.int64(13), np.int64(34), np.int64(23), np.int64(42), np.int64(45), np.int64(49), np.int64(46), np.int64(63), np.int64(17), np.int64(41), np.int64(34), np.int64(35), np.int64(17), np.int64(18), np.int64(31), np.int64(22), np.int64(29), np.int64(27), np.int64(53), np.int64(5), np.int64(34), np.int64(44), np.int64(13), np.int64(25), np.int64(50), np.int64(53), np.int64(19), np.int64(49), np.int64(28), np.int64(17), np.int64(54), np.int64(62), np.int64(33), np.int64(29), np.int64(24), np.int64(39), np.int64(54), np.int64(20), np.int64(41), np.int64(40), np.int64(16), np.int64(41), np.int64(38), np.int64(34), np.int64(28), np.int64(25), np.int64(17), np.int64(44), np.int64(55), np.int64(18)]","[np.int64(42), np.int64(22), np.int64(13), np.int64(47), np.int64(61), np.int64(27), np.int64(16), np.int64(5), np.int64(57), np.int64(4), np.int64(55), np.int64(27), np.int64(24), np.int64(32), np.int64(22), np.int64(4), np.int64(3), np.int64(60), np.int64(46), np.int64(14), np.int64(8), np.int64(29), np.int64(44), np.int64(9), np.int64(41), np.int64(51), np.int64(46), np.int64(9), np.int64(28), np.int64(51), np.int64(63), np.int64(37), np.int64(8), np.int64(37), np.int64(48), np.int64(19), np.int64(29), np.int64(6), np.int64(33), np.int64(22), np.int64(14), np.int64(1), np.int64(49), np.int64(38), np.int64(38), np.int64(12), np.int64(18), np.int64(38), np.int64(40), np.int64(34), np.int64(30), np.int64(50), np.int64(63), np.int64(36), np.int64(29), np.int64(12), np.int64(46), np.int64(32), np.int64(61), np.int64(52), np.int64(8), np.int64(60), np.int64(49), np.int64(61)]",False,False,0.0,0.0,"[16 26  0 62 16 33 10  4  9 16 16 48  2 62  3 33 16 10 19 16 33  4 10  4
 10  0 16  0 42 42 42 10  9 16 10 26 19 19  9 35 10  0 16 10 49 62 26 19
 26 19 42 10 27 19 48 26 10 33 46 62 31 42 16  0]","[16 26  0 26 16 33  9  4  9 16 16  5 48 62 55 33 16 10  4 16  4 33 10  0
 42  0 16 33  9 42 42 10  9 16 42 42 26 19  9 18  0 19 16 10 47  0 26  4
 42 19 42 10 51 19 23 26 10 33 17 62 28 42 16  0]",False,False,0.0,0.0,"[16 26  0 26 16 33  9  4  9 16 16  6  2 62 21 62 16 42 19 16 33  4 10 26
 42 26 16 62 42 42 42 33  9 16 42 42 19 42  9 25 42 62 16 62 47 62 26 62
 42 19 42 10 27 19 40 26 19 33 43 62 47 42 16  0]","[16 19  0 62 16 33  9  4  9 16 16  5 20 62 53 33 16 10 19 16 33  9 10  0
 19  0 16 62  9 42 26 10  9 16 10 10 19 19  9 51 10 33 16  0 49  9 26 19
 19 19 42  0 51  0 37 26 19 33 37 62  7 42 16  0]",False,False,0.0,0.015625,1.0,0.0,0.0,25,0,0,1.0,0.0,0.0,25,0,0,1.0,0.0,0.0,25,0,0,1.0,0.0,0.0,25,0,0,1.0,0.0,0.0,25,0,0,1.0,0.0,0.0,25,0,0,0.04,0.0,0.0,1,0,0,0.04,0.0,0.0,1,0,0
[1 0 0 ... 0 0 0],7,"[45 60 60 43 10 50 51  7 20 43  7 43  7 52 51 34 31 29 25 41  7 38 43 50
 41  7 43 41 56  7 29  7 42 20  7 45 10 25  7 34 20  7  7  7 60  7 34 56
 50 60  7  7  7 25 12 38  7 25 25 31  7 12 45 20]","[52 42 45 51 10 42 51  7 31 34  7 41  7 56 34 34 31 29 38 52  7 51 43 12
 34  7 10 41 25  7 45  7 42 50  7 41 10 25  7 41 56  7  7  7 29  7 34 56
 50 41  7  7  7 25 31 43  7 50 52 60  7 41 50 29]",False,False,0.0,0.0,"[np.int64(58), np.int64(6), np.int64(43), np.int64(15), np.int64(26), np.int64(63), np.int64(17), np.int64(22), np.int64(6), np.int64(51), np.int64(39), np.int64(30), np.int64(45), np.int64(1), np.int64(12), np.int64(63), np.int64(49), np.int64(15), np.int64(2), np.int64(55), np.int64(46), np.int64(38), np.int64(8), np.int64(20), np.int64(32), np.int64(5), np.int64(43), np.int64(51), np.int64(58), np.int64(17), np.int64(40), np.int64(20), np.int64(15), np.int64(5), np.int64(36), np.int64(2), np.int64(61), np.int64(56), np.int64(50), np.int64(27), np.int64(0), np.int64(59), np.int64(3), np.int64(7), np.int64(22), np.int64(15), np.int64(32), np.int64(50), np.int64(19), np.int64(24), np.int64(8), np.int64(56), np.int64(12), np.int64(39), np.int64(11), np.int64(51), np.int64(56), np.int64(18), np.int64(17), np.int64(39), np.int64(47), np.int64(7), np.int64(47), np.int64(16)]","[np.int64(10), np.int64(24), np.int64(61), np.int64(23), np.int64(3), np.int64(1), np.int64(34), np.int64(24), np.int64(35), np.int64(60), np.int64(14), np.int64(33), np.int64(41), np.int64(55), np.int64(46), np.int64(50), np.int64(24), np.int64(61), np.int64(59), np.int64(49), np.int64(35), np.int64(33), np.int64(11), np.int64(20), np.int64(1), np.int64(5), np.int64(54), np.int64(47), np.int64(22), np.int64(4), np.int64(46), np.int64(52), np.int64(30), np.int64(17), np.int64(18), np.int64(20), np.int64(47), np.int64(20), np.int64(10), np.int64(27), np.int64(62), np.int64(52), np.int64(37), np.int64(31), np.int64(62), np.int64(31), np.int64(23), np.int64(23), np.int64(51), np.int64(50), np.int64(27), np.int64(30), np.int64(16), np.int64(7), np.int64(25), np.int64(23), np.int64(33), np.int64(8), np.int64(40), np.int64(48), np.int64(6), np.int64(0), np.int64(27), np.int64(13)]",False,False,0.0,0.0,"[45 31 45 51 50 50 51  7 10 34  7 12  7 52 56 41 25 29 38 52  7 38 12 12
 41  7 43 12 25  7 42  7 52 29  7 43 34 50  7 34 43  7  7  7 41  7 34 45
 25 42  7  7  7 10 42 43  7 41 41 50  7 41 50 20]","[52 56 31 43 50 42 51  7 10 31  7 41  7 56 34 41 10 29 34 52  7 50 12 12
 38  7 31 41 29  7 10  7 42 50  7 20 34 50  7 42 43  7  7  7 29  7 34 56
 50 41  7  7  7 25 31 43  7 50 25 31  7 41 50 25]",False,False,0.0,0.0,"[34 31 31 31 10 38 51  7 31 34  7 41  7 12 52 41 10 29 10 12  7 51 51 12
 60  7 12 12 60  7 10  7 60 20  7 20 10 10  7 34 20  7  7  7 29  7 34 29
 42 29  7  7  7 42 42 38  7 34 41 50  7 41 45 45]","[10 31 31 31 50 50 51  7 31 43  7 41  7 29 51 34 31 29 34 10  7 41 41 50
 34  7 12 41 31  7 31  7 42 50  7 41 34 50  7 41 43  7  7  7 41  7 50 56
 50 41  7  7  7 42 50 43  7 50 25 31  7 41 41 51]",False,False,0.0,0.015625,1.0,0.0,0.0,25,0,0,1.0,0.0,0.0,25,0,0,1.0,0.0,0.0,25,0,0,1.0,0.0,0.0,25,0,0,1.0,0.0,0.0,25,0,0,1.0,0.0,0.0,25,0,0,0.04,0.0,0.0,1,0,0,0.04,0.0,0.0,1,0,0
[0 0 0 ... 0 0 0],6,"[ 6 16 61 43 32 47  6 27  6  6 48  6 42 52  6 32  6  0 14  6 48  6 27  8
  6 57 19  6 11 59 47 59  6 32 16 47 11 11 48 52 19 14  6  6 47 52 14  6
  6  0 27 43  6 11 43  6 32  6 57  6 27  6  9 16]","[ 6 21 61 52 52 47  6 27  6  6 16  6  0 42  6  9  6  0 32  6 27  6 27 52
  6 11 42  6 11 42 48 59  6  8 55 43 11  0 42 11 11 14  6  6  0 48 19  6
  6  0 16  0  6  9 32  6 27  6 57  6 27  6  9  9]",False,False,0.0,0.0,"[np.int64(34), np.int64(49), np.int64(31), np.int64(4), np.int64(11), np.int64(25), np.int64(44), np.int64(55), np.int64(12), np.int64(15), np.int64(26), np.int64(36), np.int64(15), np.int64(51), np.int64(30), np.int64(5), np.int64(34), np.int64(43), np.int64(33), np.int64(56), np.int64(38), np.int64(52), np.int64(9), np.int64(10), np.int64(19), np.int64(41), np.int64(15), np.int64(12), np.int64(16), np.int64(48), np.int64(12), np.int64(24), np.int64(46), np.int64(32), np.int64(16), np.int64(8), np.int64(50), np.int64(54), np.int64(53), np.int64(33), np.int64(0), np.int64(11), np.int64(18), np.int64(52), np.int64(8), np.int64(14), np.int64(3), np.int64(9), np.int64(50), np.int64(11), np.int64(56), np.int64(45), np.int64(46), np.int64(63), np.int64(0), np.int64(49), np.int64(6), np.int64(34), np.int64(53), np.int64(18), np.int64(44), np.int64(48), np.int64(63), np.int64(45)]","[np.int64(6), np.int64(2), np.int64(19), np.int64(47), np.int64(2), np.int64(33), np.int64(8), np.int64(52), np.int64(56), np.int64(13), np.int64(46), np.int64(62), np.int64(8), np.int64(18), np.int64(3), np.int64(17), np.int64(36), np.int64(63), np.int64(9), np.int64(19), np.int64(62), np.int64(27), np.int64(25), np.int64(39), np.int64(51), np.int64(58), np.int64(33), np.int64(54), np.int64(1), np.int64(20), np.int64(44), np.int64(31), np.int64(56), np.int64(43), np.int64(9), np.int64(42), np.int64(60), np.int64(10), np.int64(34), np.int64(21), np.int64(56), np.int64(9), np.int64(27), np.int64(33), np.int64(39), np.int64(63), np.int64(7), np.int64(6), np.int64(33), np.int64(47), np.int64(40), np.int64(22), np.int64(57), np.int64(10), np.int64(2), np.int64(16), np.int64(16), np.int64(16), np.int64(29), np.int64(17), np.int64(28), np.int64(57), np.int64(42), np.int64(3)]",False,False,0.0,0.0,"[ 6 57 21  0 59 47  6 27  6  6 32  6 32 52  6 27  6  9 52  6 57  6 19  9
  6 11 42  6 11 21 57 59  6 48 43 43 11  8 11 59 14 48  6  6 27 14  8  6
  6 43 27 52  6  9 43  6 32  6 19  6 16  6 52 32]","[ 6 11 21  0 47 32  6 27  6  6 48  6 61 47  6 27  6 21 27  6 57  6 27  8
  6 59 19  6 11 16 61 59  6  8 11 47 11  8 42 11 11 32  6  6 27 14 14  6
  6  0 27 24  6  9 61  6 57  6 19  6 16  6 16  9]",False,False,0.0,0.0,"[ 6 21 21 24 32 32  6 27  6  6 42  6 42 42  6  0  6  0 14  6  8  6  8  8
  6 59 14  6 11  9 61 59  6  8 11 61 11  8 11 14 19 14  6  6 27 14  8  6
  6 21 27 21  6 32 42  6 32  6 43  6 43  6 42 32]","[ 6 11 61  0 47 47  6 27  6  6 42  6 55 11  6 27  6 21 27  6 27  6 27  8
  6 59 14  6 11 11 61 59  6  8 11 47 11 11 27 59 11 14  6  6 27 14  8  6
  6 11 27  0  6 11 61  6 27  6 61  6 27  6 61 16]",False,False,0.0,0.015625,1.0,0.0,0.0,25,0,0,1.0,0.0,0.0,25,0,0,1.0,0.0,0.0,25,0,0,1.0,0.0,0.0,25,0,0,1.0,0.0,0.0,25,0,0,1.0,0.0,0.0,25,0,0,0.04,0.0,0.0,1,0,0,0.04,0.0,0.0,1,0,0
[0 1 0 ... 0 1 0],27,"[36 27 43 22 35  1 35 47 58 51 35 27 42 42 51 42 27 27 27 38 16 35 27 47
 60 38 27 27 60 48 27 48 26 18 11 27 27 43 27 38 51 27 27 27 18 48 51 27
 27 41 27 27 11 60 48 17 43  1 27 43 27 30 42  1]","[ 1 27 43 22 36 42 22 51 58 36 22 27 16 42 51 41 27 27 27 42 16 51 27 18
 47 38 27 27 30 42 27 50 43 18 11 27 27 18 27 43 41 27 27 27 58 43 36 27
 27  1 27 27 11 18 18 42 43 18 27 11 27 17 42 43]",False,False,0.0,0.0,"[np.int64(26), np.int64(36), np.int64(58), np.int64(36), np.int64(63), np.int64(51), np.int64(31), np.int64(48), np.int64(29), np.int64(55), np.int64(27), np.int64(55), np.int64(34), np.int64(50), np.int64(13), np.int64(31), np.int64(36), np.int64(62), np.int64(40), np.int64(8), np.int64(46), np.int64(35), np.int64(12), np.int64(34), np.int64(17), np.int64(50), np.int64(26), np.int64(21), np.int64(33), np.int64(28), np.int64(1), np.int64(5), np.int64(5), np.int64(11), np.int64(35), np.int64(54), np.int64(27), np.int64(37), np.int64(57), np.int64(51), np.int64(51), np.int64(53), np.int64(42), np.int64(55), np.int64(55), np.int64(0), np.int64(51), np.int64(39), np.int64(56), np.int64(12), np.int64(22), np.int64(24), np.int64(53), np.int64(42), np.int64(51), np.int64(62), np.int64(56), np.int64(10), np.int64(47), np.int64(1), np.int64(53), np.int64(30), np.int64(34), np.int64(18)]","[np.int64(16), np.int64(44), np.int64(12), np.int64(46), np.int64(60), np.int64(46), np.int64(13), np.int64(2), np.int64(31), np.int64(49), np.int64(43), np.int64(12), np.int64(43), np.int64(35), np.int64(12), np.int64(59), np.int64(58), np.int64(19), np.int64(18), np.int64(21), np.int64(30), np.int64(58), np.int64(61), np.int64(45), np.int64(46), np.int64(53), np.int64(62), np.int64(50), np.int64(15), np.int64(63), np.int64(25), np.int64(7), np.int64(40), np.int64(46), np.int64(53), np.int64(16), np.int64(37), np.int64(50), np.int64(3), np.int64(39), np.int64(53), np.int64(34), np.int64(20), np.int64(12), np.int64(9), np.int64(4), np.int64(18), np.int64(47), np.int64(47), np.int64(10), np.int64(35), np.int64(34), np.int64(12), np.int64(22), np.int64(53), np.int64(62), np.int64(8), np.int64(53), np.int64(5), np.int64(44), np.int64(11), np.int64(28), np.int64(21), np.int64(43)]",False,False,0.0,0.0,"[60 27 43 43 50  1 30 11 50  1 22 27 22 42 51 41 27 27 27 51 35 11 27 47
 38 22 27 27 50 16 27 22 50 18 18 27 27 22 27  1 51 27 27 27 41 38 36 27
 27  1 27 27 48 48 48 38 42 47 27 26 27 17 50 50]","[18 27 30 11 50  1 30 51 50 41 22 27 42 58 51 42 27 27 27 42 35 26 27 16
 51 60 27 27 30 38 27 18 43 18 36 27 27 43 27 26 41 27 27 27 18 38 36 27
 27 18 27 27 11 18 18 17 60 38 27 42 27 47 43 43]",False,False,0.0,0.0,"[30 27 30 22 35 30 35 36 38 36 35 27 42 42 51 43 27 27 27 51 16 51 27 58
 11 58 27 27 60 16 27 22 26 18 11 27 27 18 27 26 38 27 27 27 18 51 35 27
 27 36 27 27 36 30 47 58 43 38 27 26 27 41 43 48]","[18 27 42 43 51 42 22 51 38 36 22 27 22 58 51 41 27 27 27 51 16 51 27 18
 51 38 27 27 30 38 27 50 43 18 18 27 27 18 27 38 51 27 27 27 18 43 43 27
 27 18 27 27 11 18 18 18 42 18 27 11 27 26 43 36]",False,False,0.0,0.015625,1.0,0.0,0.0,25,0,0,1.0,0.0,0.0,25,0,0,1.0,0.0,0.0,25,0,0,1.0,0.0,0.0,25,0,0,1.0,0.0,0.0,25,0,0,1.0,0.0,0.0,25,0,0,0.04,0.0,0.0,1,0,0,0.04,0.0,0.0,1,0,0
[1 0 0 ... 0 1 1],35,"[ 3 37 38 35 49 32 43 35 43 61 60 35 37 15  7 35 43 61 35  3  2 28 35 18
 49 15 11 38 35 49 11 15 35 11 60 35 28 35 35 25 28 37 15 35 32 15 22 32
 43 35 37 38 61 43 18 28 37 15 61 15 35 35  7 38]","[49 15 38 35 60 32 11 35 61 60 43 35 37 15  7 35 11 15 35 22 19 28 35 37
 49 15 37  3 35  3 11 15 35 11 37 35 28 35 35 40 28 37 15 35  7 43 60 32
  7 35 37 38 61 22 22 61 28 43 61  7 35 35 49  7]",False,False,0.0,0.0,"[np.int64(29), np.int64(12), np.int64(25), np.int64(54), np.int64(5), np.int64(38), np.int64(53), np.int64(58), np.int64(32), np.int64(51), np.int64(48), np.int64(47), np.int64(44), np.int64(55), np.int64(55), np.int64(19), np.int64(49), np.int64(61), np.int64(41), np.int64(10), np.int64(19), np.int64(17), np.int64(17), np.int64(26), np.int64(56), np.int64(47), np.int64(37), np.int64(55), np.int64(34), np.int64(27), np.int64(18), np.int64(36), np.int64(63), np.int64(20), np.int64(11), np.int64(19), np.int64(11), np.int64(47), np.int64(0), np.int64(20), np.int64(38), np.int64(16), np.int64(11), np.int64(59), np.int64(61), np.int64(47), np.int64(32), np.int64(47), np.int64(40), np.int64(31), np.int64(3), np.int64(24), np.int64(2), np.int64(29), np.int64(7), np.int64(13), np.int64(53), np.int64(7), np.int64(43), np.int64(58), np.int64(11), np.int64(59), np.int64(25), np.int64(44)]","[np.int64(27), np.int64(31), np.int64(55), np.int64(4), np.int64(1), np.int64(15), np.int64(16), np.int64(49), np.int64(15), np.int64(30), np.int64(43), np.int64(29), np.int64(30), np.int64(33), np.int64(40), np.int64(52), np.int64(42), np.int64(57), np.int64(15), np.int64(19), np.int64(22), np.int64(30), np.int64(31), np.int64(44), np.int64(4), np.int64(53), np.int64(54), np.int64(34), np.int64(36), np.int64(5), np.int64(29), np.int64(39), np.int64(22), np.int64(43), np.int64(25), np.int64(46), np.int64(57), np.int64(28), np.int64(25), np.int64(7), np.int64(37), np.int64(26), np.int64(0), np.int64(28), np.int64(33), np.int64(46), np.int64(30), np.int64(58), np.int64(45), np.int64(2), np.int64(27), np.int64(37), np.int64(36), np.int64(54), np.int64(47), np.int64(22), np.int64(38), np.int64(22), np.int64(49), np.int64(60), np.int64(0), np.int64(47), np.int64(40), np.int64(30)]",False,False,0.0,0.0,"[ 3  7 38 35 60 43 22 35 43 60 43 35 37 15  7 35 11 38 35  3  2  3 35 18
 49 15 37 38 35  3 49 15 35 11 60 35 28 35 35 29  3 37 15 35  7 43 60 32
 61 35 37 38 49 43 15 37 37 15 61 32 35 35 37 28]","[11  7 38 35  3 37 15 35 18 61 15 35 37 61  7 35 11 37 35 49 40 37 35 37
 49 18 37 38 35  3 11 15 35 18 60 35 60 35 35 17 28 37 15 35 32 18 43 32
 37 35 37 38 32 22 15 28 61 15 61 32 35 35  7 38]",False,False,0.0,0.0,"[ 3 37 38 35  3 37 43 35 43  3 43 35 37 15  7 35 43 61 35 49  0 61 35 61
 49 38 37 38 35 60 11 15 35 11 60 35 60 35 35 29 28 37 15 35 32 43 60 49
 61 35 37 38 49 43 49 60 61 43 61 60 35 35 49 38]","[11 37 38 35 60 37 22 35 37 61 11 35 37 61  7 35 11 37 35 49 40 61 35 37
 49 15 37 38 35 60 11 15 35 11 37 35 60 35 35 40 28 37 15 35  7 37 61 32
 37 35 37 38 61 22 61 61 61 43 61 61 35 35 37  7]",False,False,0.0,0.015625,1.0,0.0,0.0,25,0,0,1.0,0.0,0.0,25,0,0,1.0,0.0,0.0,25,0,0,1.0,0.0,0.0,25,0,0,1.0,0.0,0.0,25,0,0,1.0,0.0,0.0,25,0,0,0.04,0.0,0.0,1,0,0,0.04,0.0,0.0,1,0,0
[0 0 0 ... 1 0 1],55,"[44 44 32 50 55 61 55 55  6 55 27  4  4 50 36 44 32 37  6 33 33 55  7 21
 61 44  9 55 32 32 36 55 55 55  6  6 55 55  7 32 27 31 36  6 55 37 33 27
 27 31 55 37 33 44 27 55 36 44 55 33  9 55  7 61]","[61 44 31 32 55  7 55 55  6 55  9  9 31 50 58  7  9 44  4 33 33 55  7  4
 61 44 33 55 32  4 50 55 55 55 50  9 55 55 32 21  6 36  6  4 55 61  6 50
 37 37 55 36 37 44 36 55 58 50 55  9  9 55 58 58]",False,False,0.0,0.0,"[np.int64(53), np.int64(5), np.int64(19), np.int64(23), np.int64(55), np.int64(43), np.int64(11), np.int64(11), np.int64(59), np.int64(13), np.int64(41), np.int64(4), np.int64(36), np.int64(47), np.int64(57), np.int64(53), np.int64(36), np.int64(6), np.int64(45), np.int64(18), np.int64(14), np.int64(55), np.int64(61), np.int64(55), np.int64(26), np.int64(3), np.int64(5), np.int64(10), np.int64(10), np.int64(11), np.int64(29), np.int64(4), np.int64(12), np.int64(55), np.int64(48), np.int64(16), np.int64(29), np.int64(7), np.int64(23), np.int64(22), np.int64(36), np.int64(46), np.int64(27), np.int64(26), np.int64(55), np.int64(25), np.int64(45), np.int64(38), np.int64(38), np.int64(14), np.int64(27), np.int64(19), np.int64(55), np.int64(60), np.int64(54), np.int64(60), np.int64(18), np.int64(0), np.int64(62), np.int64(2), np.int64(6), np.int64(48), np.int64(4), np.int64(37)]","[np.int64(19), np.int64(22), np.int64(54), np.int64(40), np.int64(23), np.int64(18), np.int64(18), np.int64(15), np.int64(33), np.int64(8), np.int64(40), np.int64(49), np.int64(58), np.int64(24), np.int64(31), np.int64(40), np.int64(30), np.int64(23), np.int64(9), np.int64(56), np.int64(56), np.int64(48), np.int64(22), np.int64(29), np.int64(14), np.int64(2), np.int64(60), np.int64(9), np.int64(21), np.int64(41), np.int64(41), np.int64(35), np.int64(4), np.int64(39), np.int64(38), np.int64(13), np.int64(58), np.int64(29), np.int64(1), np.int64(32), np.int64(62), np.int64(29), np.int64(3), np.int64(56), np.int64(2), np.int64(36), np.int64(10), np.int64(53), np.int64(61), np.int64(36), np.int64(19), np.int64(60), np.int64(13), np.int64(56), np.int64(48), np.int64(1), np.int64(43), np.int64(24), np.int64(34), np.int64(17), np.int64(34), np.int64(6), np.int64(50), np.int64(58)]",False,False,0.0,0.0,"[44 44 32 58 55 50 55 55  6 55  6 37  6 50 58 44  9  7 21 33 50 55  7 21
 31 36 33 55 32 32 36 55 55 55  6 58 55 55 32 32 58 50 36  6 55 58 44 50
  7 32 55 36 37 44 36 55 36 37 55 33  9 55  7 61]","[44 44  4 27 55 50 55 55 44 55  9  4 21 50 36 44 32 44  4 33 33 55  7  4
 61 44 58 55 36 61 36 55 55 55 21 58 55 55 32 32 27 36 61 27 55 37  6 61
 27 44 55 36 37 44 27 55 36 21 55 33  9 55  7 61]",False,False,0.0,0.0,"[37 44 31 32 55 27 55 55 44 55 36 37 31 50 36 44  9 44 44 33 50 55  9  4
 61 36 58 55 27 61 58 55 55 55 61  9 55 55  7 21 27 31 36 27 55 37 33 27
 27 32 55 37 33 44 37 55 36 50 55 33 44 55 61 44]","[44 44 32 50 55 50 55 55  6 55  9  9  6 50 36 44 32 21 21 33 44 55 32 21
 31 44 21 55 32  4 50 55 55 55 21  9 55 55 32 21  4 50 44  4 55  9  9 50
 27 50 55 31 21 44 31 55  9 21 55  9  9 55 58 44]",False,False,0.0,0.015625,1.0,0.0,0.0,25,0,0,1.0,0.0,0.0,25,0,0,1.0,0.0,0.0,25,0,0,1.0,0.0,0.0,25,0,0,1.0,0.0,0.0,25,0,0,1.0,0.0,0.0,25,0,0,0.04,0.0,0.0,1,0,0,0.04,0.0,0.0,1,0,0
[1 0 0 ... 0 1 0],62,"[62 35  4 63 62 40 41 31 63 50 41  0 60 62 63 63 34 40 13 63 40 34 35  4
  4 63 41  0  4 40 60 41 41 34 62 62 13  4 34 34 62 62  0 41 34 63 35 34
 40 41 62 60 63 34  4 40 13 63 34 41 62  4 62 62]","[62 34  4 63 62 40 41 15 63 50 41  0 60 62 63 63  4  0 35 60 34 35 35  4
 63 63  4  0 41 40  0 40 34 34 62 62 63 50 40 41 62 62 63 40 40 50 35 34
 50 41 62 60 63 34 60 40 13 60 40 41 62  4 62 62]",False,False,0.0,0.0,"[np.int64(39), np.int64(60), np.int64(31), np.int64(57), np.int64(5), np.int64(9), np.int64(7), np.int64(21), np.int64(24), np.int64(32), np.int64(10), np.int64(22), np.int64(33), np.int64(17), np.int64(0), np.int64(33), np.int64(63), np.int64(60), np.int64(1), np.int64(21), np.int64(4), np.int64(3), np.int64(30), np.int64(21), np.int64(40), np.int64(54), np.int64(27), np.int64(61), np.int64(30), np.int64(48), np.int64(2), np.int64(48), np.int64(36), np.int64(17), np.int64(58), np.int64(20), np.int64(56), np.int64(10), np.int64(4), np.int64(48), np.int64(21), np.int64(35), np.int64(58), np.int64(50), np.int64(9), np.int64(49), np.int64(6), np.int64(33), np.int64(55), np.int64(40), np.int64(25), np.int64(63), np.int64(2), np.int64(13), np.int64(8), np.int64(33), np.int64(5), np.int64(33), np.int64(56), np.int64(44), np.int64(58), np.int64(27), np.int64(60), np.int64(38)]","[np.int64(46), np.int64(62), np.int64(26), np.int64(54), np.int64(6), np.int64(2), np.int64(44), np.int64(22), np.int64(53), np.int64(55), np.int64(49), np.int64(47), np.int64(45), np.int64(28), np.int64(46), np.int64(26), np.int64(35), np.int64(41), np.int64(34), np.int64(4), np.int64(26), np.int64(38), np.int64(15), np.int64(9), np.int64(31), np.int64(54), np.int64(63), np.int64(8), np.int64(9), np.int64(15), np.int64(21), np.int64(26), np.int64(18), np.int64(19), np.int64(43), np.int64(4), np.int64(62), np.int64(0), np.int64(11), np.int64(10), np.int64(7), np.int64(20), np.int64(44), np.int64(34), np.int64(23), np.int64(39), np.int64(32), np.int64(39), np.int64(26), np.int64(14), np.int64(32), np.int64(63), np.int64(2), np.int64(9), np.int64(30), np.int64(36), np.int64(38), np.int64(17), np.int64(7), np.int64(38), np.int64(42), np.int64(11), np.int64(33), np.int64(33)]",False,False,0.0,0.0,"[62 41  4 35 62 40 41 61 13 50 41  0 60 62 50 63 34 41 13 34 63 34 35 13
  4 63 41  0 13 13 50 40 50 34 62 62 63  4 34 34 62 62 63 34 40 63  4 63
 50 41 62 60 63 60 35 40 13 35  4 41 62  4 62 62]","[62 41  4 50 62 40 41  6 13 50 41  0 60 62 50 63  4  0 35  0 63 35 50 50
  4 63 50  0 50 40 60 50 34 34 62 62 41 50 34  0 62 62  0 34 40 50  4 41
 40 34 62 60 63 60  4 40 13 35 35 60 62  4 62 62]",False,False,0.0,0.0,"[62 34 13 35 62 40 41  3 13 50 41  0 60 62 50 63 34 50 41 63 63 50 50 50
 63 63 50  0 63 13 60 41 50 34 62 62 63 34 34 41 62 62 63 40 41 63 50 63
 63 50 62 60 63 63 35 40 13 63 35 60 62  4 62 62]","[62 41  4 35 62 40 41 15 63 50 41  0 60 62  4 63  4  0 35  0 40 34 35  4
  0 63 41  0  4 40  0 50 34 41 62 62 41 50 40  0 62 62  0 34 34  4 35 41
 40 34 62 60 63 34  4 40 13 40 40 41 62  4 62 62]",False,False,0.0,0.015625,1.0,0.0,0.0,25,0,0,1.0,0.0,0.0,25,0,0,1.0,0.0,0.0,25,0,0,1.0,0.0,0.0,25,0,0,1.0,0.0,0.0,25,0,0,1.0,0.0,0.0,25,0,0,0.04,0.0,0.0,1,0,0,0.04,0.0,0.0,1,0,0
[0 0 0 ... 1 0 0],16,"[ 8  9 16 14 62 16 15 16 16 16  9 16 60 16 16 16 16 16 20 20 16 27 60 27
 60 59 17 16 56 27 11 62 59 60 16 54  7 59 17 56  5 13 34 14  8 54  8  5
 11  8 13  9 17 15 16  9 16 14  9 16 16 16 16 61]","[13 11 16 56 56 16 62 16 16 16  9 16  9 16 16 16 16 16 34  9 16 27 11 14
  8 59 11 16  5  5 11 54 59 20 16 54 14 14 61  9  5 14 14 60 61 11  8 59
 61 54  8  9 17 14 16 54 16 11  5 16 16 16 16 15]",False,False,0.0,0.0,"[np.int64(37), np.int64(2), np.int64(39), np.int64(49), np.int64(32), np.int64(17), np.int64(53), np.int64(35), np.int64(5), np.int64(2), np.int64(4), np.int64(28), np.int64(49), np.int64(25), np.int64(27), np.int64(63), np.int64(14), np.int64(42), np.int64(42), np.int64(58), np.int64(10), np.int64(46), np.int64(22), np.int64(5), np.int64(45), np.int64(63), np.int64(0), np.int64(0), np.int64(61), np.int64(3), np.int64(9), np.int64(50), np.int64(61), np.int64(41), np.int64(51), np.int64(29), np.int64(41), np.int64(39), np.int64(19), np.int64(9), np.int64(11), np.int64(17), np.int64(19), np.int64(55), np.int64(19), np.int64(13), np.int64(57), np.int64(53), np.int64(10), np.int64(33), np.int64(3), np.int64(8), np.int64(37), np.int64(63), np.int64(27), np.int64(16), np.int64(17), np.int64(35), np.int64(8), np.int64(58), np.int64(4), np.int64(46), np.int64(26), np.int64(17)]","[np.int64(30), np.int64(8), np.int64(35), np.int64(40), np.int64(58), np.int64(39), np.int64(45), np.int64(25), np.int64(30), np.int64(32), np.int64(18), np.int64(58), np.int64(3), np.int64(43), np.int64(34), np.int64(61), np.int64(46), np.int64(51), np.int64(59), np.int64(58), np.int64(37), np.int64(21), np.int64(33), np.int64(9), np.int64(58), np.int64(51), np.int64(27), np.int64(62), np.int64(31), np.int64(36), np.int64(8), np.int64(0), np.int64(27), np.int64(35), np.int64(32), np.int64(17), np.int64(25), np.int64(38), np.int64(2), np.int64(29), np.int64(50), np.int64(11), np.int64(8), np.int64(17), np.int64(63), np.int64(2), np.int64(49), np.int64(20), np.int64(37), np.int64(30), np.int64(31), np.int64(35), np.int64(11), np.int64(18), np.int64(43), np.int64(57), np.int64(15), np.int64(35), np.int64(44), np.int64(45), np.int64(8), np.int64(60), np.int64(34), np.int64(41)]",False,False,0.0,0.0,"[27 11 16  2 27 16 13 16 16 16  5 16 60 16 16 16 16 16 20  9 16 27 27 14
 11 59 17 16 60 27 13  5 61 20 16 54  7 59  8  7  5  9 34  8  8 54 13 34
 14 20 60 14 62 14 16 54 16 20 20 16 16 16 16 15]","[ 9  9 16 34 62 16 20 16 16 16 56 16  5 16 16 16 16 16 34 20 16 56 61 61
 54 59 11 16 60 61 11 61 60 20 16 54  7 14 61 13  2  9 14 60  7 11  7 20
 11 14  8 13 62 54 16 20 16 14 56 16 16 16 16 60]",False,False,0.0,0.0,"[27 15 16 34 34 16 15 16 16 16  5 16  5 16 16 16 16 16  5  7 16 56 59 54
  2 59 11 16 60 61 13 62 61 17 16 14 14 17 17 13  7 14 14 14 34 17 13 34
 27 54 17 14 62 34 16 54 16 14 60 16 16 16 16 61]","[ 9 15 16 54 56 16 15 16 16 16 56 16  9 16 16 16 16 16 34 56 16 27 11 54
 54 59 11 16 56 61 11 54 61 17 16 54 14 14 61 56 61 14 11 14  8 54 13 59
 11 54 61 54 62 54 16 54 16 11 56 16 16 16 16  9]",False,False,0.0,0.015625,1.0,0.0,0.0,25,0,0,1.0,0.0,0.0,25,0,0,1.0,0.0,0.0,25,0,0,1.0,0.0,0.0,25,0,0,1.0,0.0,0.0,25,0,0,1.0,0.0,0.0,25,0,0,0.04,0.0,0.0,1,0,0,0.04,0.0,0.0,1,0,0
[0 1 1 ... 0 1 1],11,"[46 13 11 49 13 11 58 11 11 33 11 11 46 11  7 18 30 34 20 34 11  5 30 40
  8 36  5  8  7 34 11 11  2 11 11  2 11 10 40 13 11 36 10 46 36 51 11 36
  7 11 51 11 13 10 30 33 49 30 11  7 36 58 30 33]","[30 33 11  7  2 11 58 11 11 33 11 11 40 11  7 56  5 36 40 31 11  5 20  8
  8 33 31  8 46  7 11 11 10 11 11 20 11 20  2 31 11  2  7  7 36 51 11 31
  2 11 13 11 10 33  7 36 34 30 11 36 36 40 51 33]",False,False,0.0,0.0,"[np.int64(24), np.int64(39), np.int64(15), np.int64(53), np.int64(48), np.int64(39), np.int64(22), np.int64(26), np.int64(14), np.int64(13), np.int64(30), np.int64(4), np.int64(27), np.int64(38), np.int64(59), np.int64(37), np.int64(38), np.int64(56), np.int64(46), np.int64(23), np.int64(53), np.int64(3), np.int64(9), np.int64(26), np.int64(22), np.int64(0), np.int64(37), np.int64(60), np.int64(35), np.int64(35), np.int64(44), np.int64(51), np.int64(17), np.int64(52), np.int64(24), np.int64(44), np.int64(1), np.int64(38), np.int64(39), np.int64(36), np.int64(44), np.int64(45), np.int64(14), np.int64(55), np.int64(25), np.int64(7), np.int64(28), np.int64(45), np.int64(25), np.int64(49), np.int64(40), np.int64(57), np.int64(28), np.int64(0), np.int64(23), np.int64(55), np.int64(33), np.int64(54), np.int64(41), np.int64(0), np.int64(36), np.int64(28), np.int64(1), np.int64(42)]","[np.int64(44), np.int64(30), np.int64(38), np.int64(50), np.int64(55), np.int64(58), np.int64(3), np.int64(46), np.int64(33), np.int64(27), np.int64(38), np.int64(33), np.int64(0), np.int64(5), np.int64(57), np.int64(6), np.int64(5), np.int64(57), np.int64(6), np.int64(49), np.int64(49), np.int64(31), np.int64(5), np.int64(1), np.int64(53), np.int64(38), np.int64(63), np.int64(27), np.int64(1), np.int64(59), np.int64(0), np.int64(36), np.int64(45), np.int64(59), np.int64(59), np.int64(53), np.int64(5), np.int64(61), np.int64(32), np.int64(6), np.int64(35), np.int64(7), np.int64(8), np.int64(44), np.int64(40), np.int64(57), np.int64(21), np.int64(46), np.int64(3), np.int64(33), np.int64(52), np.int64(60), np.int64(19), np.int64(36), np.int64(49), np.int64(32), np.int64(16), np.int64(46), np.int64(36), np.int64(39), np.int64(5), np.int64(41), np.int64(31), np.int64(53)]",False,False,0.0,0.0,"[30 13 11 49 10 11 58 11 11 13 11 11 20 11  5 45 13 10  7 31 11  5 30 40
  8  7 46 13 33 34 11 11 58 11 11  7 11  8 40 51 11  2 30 46 49  2 11 31
  7 11 13 11 31 20  7 33 34 30 11 30 36 58 20 33]","[30 33 11 49  2 11 31 11 11  2 11 11 10 11  5 21 13 34 51 34 11 46 10 40
  8 58 31 49 31  7 11 11 10 11 11  5 11 10  7 51 11  2  2  7 36 51 11 58
 58 11  8 11 10 33  7 36 40 51 11 49  5 40 20  5]",False,False,0.0,0.0,"[30 33 11  7 40 11 33 11 11  2 11 11 46 11 46 39 13 10 51 31 11  5 58  5
  8 58 46 49 46  7 11 11 58 11 11 30 11 10 40 13 11  2 30 46 49 51 11 13
 58 11 31 11 30 33 40 36 40 51 11 46 36 40 30 46]","[10 33 11  7 40 11 31 11 11 33 11 11 40 11  7 32  5 10 40 34 11  5 10 40
  8 40  5  8  7 34 11 11 10 11 11  7 11 10  7  8 11  2  2  7 51  2 11 31
  7 11  8 11  8 10  7 10 34 51 11  7  5 40 40 33]",False,False,0.0,0.015625,1.0,0.0,0.0,25,0,0,1.0,0.0,0.0,25,0,0,1.0,0.0,0.0,25,0,0,1.0,0.0,0.0,25,0,0,1.0,0.0,0.0,25,0,0,1.0,0.0,0.0,25,0,0,0.04,0.0,0.0,1,0,0,0.04,0.0,0.0,1,0,0
[0 0 1 ... 0 0 0],19,"[62 32  9 63 42 15 19 19 21 19 15 19 47 47  9 19 56  9 63 19 63 19 15 19
 15 56 59  6 19 32 56 59 19 52 36 21 21 56  7 28  7 42 19 23 15 62  9 19
 28 62  9 47 19 47 11 56 19 15 42 19 56  9 19 19]","[62 47 59 28 42  7 19 19 23 19  9 19 52 59 52 19 42 21  7 19 63 19 56 19
 47 59 62 56 19 62 28 62 19 21 25 63 63 32  7 15 21 42 19  9 56 21 21 19
 56 62 63 47 19  9 11 32 19 11 42 19 11 59 19 19]",False,False,0.0,0.0,"[np.int64(4), np.int64(1), np.int64(41), np.int64(50), np.int64(51), np.int64(34), np.int64(49), np.int64(48), np.int64(7), np.int64(48), np.int64(16), np.int64(30), np.int64(7), np.int64(4), np.int64(51), np.int64(8), np.int64(61), np.int64(14), np.int64(8), np.int64(60), np.int64(40), np.int64(7), np.int64(7), np.int64(54), np.int64(48), np.int64(45), np.int64(41), np.int64(61), np.int64(14), np.int64(21), np.int64(45), np.int64(7), np.int64(35), np.int64(1), np.int64(50), np.int64(57), np.int64(13), np.int64(15), np.int64(28), np.int64(10), np.int64(31), np.int64(26), np.int64(6), np.int64(18), np.int64(18), np.int64(8), np.int64(26), np.int64(27), np.int64(1), np.int64(49), np.int64(15), np.int64(31), np.int64(50), np.int64(13), np.int64(20), np.int64(2), np.int64(47), np.int64(44), np.int64(0), np.int64(44), np.int64(33), np.int64(13), np.int64(48), np.int64(43)]","[np.int64(29), np.int64(20), np.int64(30), np.int64(60), np.int64(60), np.int64(44), np.int64(10), np.int64(31), np.int64(10), np.int64(17), np.int64(52), np.int64(47), np.int64(26), np.int64(49), np.int64(60), np.int64(51), np.int64(30), np.int64(11), np.int64(22), np.int64(3), np.int64(26), np.int64(40), np.int64(23), np.int64(46), np.int64(19), np.int64(54), np.int64(61), np.int64(59), np.int64(38), np.int64(38), np.int64(52), np.int64(59), np.int64(44), np.int64(35), np.int64(34), np.int64(11), np.int64(33), np.int64(59), np.int64(22), np.int64(38), np.int64(29), np.int64(59), np.int64(46), np.int64(54), np.int64(53), np.int64(0), np.int64(60), np.int64(59), np.int64(1), np.int64(34), np.int64(13), np.int64(59), np.int64(3), np.int64(29), np.int64(55), np.int64(17), np.int64(2), np.int64(37), np.int64(60), np.int64(0), np.int64(9), np.int64(26), np.int64(49), np.int64(48)]",False,False,0.0,0.0,"[47 63 11 63 59 15 19 19 52 19 21 19 11 47  7 19  6 63 15 19 63 19 11 19
 63 56 62  7 19  6 42 63 19  7 61 63 52 62 62 28 21 11 19 15 15 21  9 19
 11 62 23 47 19 47 11 59 19 11 42 19 47 59 19 19]","[62 47 47 28 42 52 19 19 62 19 21 19 52 63 15 19 62 59 15 19 63 19 21 19
 21 59  9  6 19 62 47 59 19 56 31 21 42 59 62 15  7 42 19 15 15  9 21 19
 42 59 23 47 19  9 11 62 19  9 42 19 15 59 19 19]",False,False,0.0,0.0,"[21 32 32 28 42  7 19 19 47 19 32 19 47 47 52 19 56 59 56 19 63 19 56 19
 63 56 59 56 19 62 63 63 19 56 61 63 63 62 62 62 21 32 19 63 56 62 21 19
 56 28 63 63 19 32 56 59 19 52 42 19 63 59 19 19]","[47 47 59 28 59 52 19 19 47 19 32 19 47 59  7 19 42 59 59 19 63 19 59 19
 47 59 59  7 19 62 28 59 19 21 25 47 21 59 52 15  7 42 19 21 56 15  9 19
 21 59 23 47 19 47 11 59 19 11 42 19 47 59 19 19]",False,False,0.0,0.015625,1.0,0.0,0.0,25,0,0,1.0,0.0,0.0,25,0,0,1.0,0.0,0.0,25,0,0,1.0,0.0,0.0,25,0,0,1.0,0.0,0.0,25,0,0,1.0,0.0,0.0,25,0,0,0.04,0.0,0.0,1,0,0,0.04,0.0,0.0,1,0,0
[1 0 0 ... 0 1 0],6,"[ 6 23  6 15 62 36  6  8  6 19  6 53 10  6 44  6 44 10 44  6 32 36  6  6
 19 44 54 44  8  8 32  0  6 36 44 32  6  0  6 40  6  2 36 54  6 53  6 40
 22 10 15 40 10  6  6 19 36 46 13 36 54 38  6 19]","[ 6 54  6 15 23 10  6 44  6 10  6 53 53  6  0  6 15  8 15  6 44 38  6  6
 19 19 46 36 38 36 54  0  6 15 54 32  6 40  6 40  6 15 36 10  6 32  6 15
 46 54 15 46 10  6  6 32 36 46 46 62 13 38  6 62]",False,False,0.0,0.0,"[np.int64(2), np.int64(36), np.int64(0), np.int64(47), np.int64(12), np.int64(37), np.int64(22), np.int64(47), np.int64(46), np.int64(56), np.int64(63), np.int64(53), np.int64(46), np.int64(22), np.int64(52), np.int64(15), np.int64(19), np.int64(38), np.int64(60), np.int64(59), np.int64(5), np.int64(30), np.int64(40), np.int64(15), np.int64(55), np.int64(63), np.int64(31), np.int64(42), np.int64(60), np.int64(42), np.int64(29), np.int64(27), np.int64(54), np.int64(39), np.int64(56), np.int64(8), np.int64(61), np.int64(39), np.int64(27), np.int64(5), np.int64(18), np.int64(50), np.int64(47), np.int64(8), np.int64(33), np.int64(17), np.int64(21), np.int64(34), np.int64(43), np.int64(17), np.int64(33), np.int64(52), np.int64(28), np.int64(16), np.int64(52), np.int64(48), np.int64(63), np.int64(34), np.int64(3), np.int64(11), np.int64(50), np.int64(34), np.int64(11), np.int64(55)]","[np.int64(60), np.int64(59), np.int64(57), np.int64(10), np.int64(18), np.int64(53), np.int64(26), np.int64(51), np.int64(44), np.int64(6), np.int64(53), np.int64(53), np.int64(1), np.int64(43), np.int64(61), np.int64(45), np.int64(14), np.int64(14), np.int64(44), np.int64(28), np.int64(0), np.int64(11), np.int64(17), np.int64(42), np.int64(26), np.int64(13), np.int64(21), np.int64(60), np.int64(28), np.int64(6), np.int64(11), np.int64(1), np.int64(5), np.int64(1), np.int64(45), np.int64(41), np.int64(5), np.int64(27), np.int64(13), np.int64(41), np.int64(34), np.int64(24), np.int64(12), np.int64(56), np.int64(12), np.int64(27), np.int64(62), np.int64(11), np.int64(63), np.int64(55), np.int64(5), np.int64(7), np.int64(1), np.int64(53), np.int64(29), np.int64(50), np.int64(18), np.int64(1), np.int64(40), np.int64(48), np.int64(59), np.int64(59), np.int64(46), np.int64(15)]",False,False,0.0,0.0,"[ 6 38  6 46 62 36  6 23  6 53  6 53 10  6 44  6 36 10 15  6 44 38  6  6
 23 46 32 62  8  2 54  8  6  2 54 38  6 40  6 40  6  2 36 19  6 32  6 40
 10 10 22  0 53  6  6 22 36 10  2 19 54 10  6 22]","[ 6 54  6 36 62 19  6 23  6 40  6 53 10  6 19  6 40  8 15  6  0  0  6  6
 23 23 46 23 62 46 10  0  6 38 22 23  6  2  6 40  6 36  0 54  6 32  6 10
 22 10 32 32 53  6  6 19 36  0  2 19 54 38  6  0]",False,False,0.0,0.0,"[ 6 23  6  8 22 36  6  8  6 40  6 53  0  6  0  6  2 10 54  6  0  0  6  6
 19 54 53 62 62  2 10  8  6 15 22 15  6  2  6 40  6 15 15 10  6 32  6 15
 22 54 32 32 62  6  6 53 36 46 46 36 54 38  6 62]","[ 6 23  6 19 22 10  6 23  6 19  6 53  0  6 44  6 36 22 15  6  0  0  6  6
 19 19 46 36 38 36 32  0  6 36 23 23  6 32  6 40  6 36  0 19  6 32  6  2
 22 10 22 46 54  6  6 19 36 46 19 19 13 38  6  0]",False,False,0.0,0.015625,1.0,0.0,0.0,25,0,0,1.0,0.0,0.0,25,0,0,1.0,0.0,0.0,25,0,0,1.0,0.0,0.0,25,0,0,1.0,0.0,0.0,25,0,0,1.0,0.0,0.0,25,0,0,0.04,0.0,0.0,1,0,0,0.04,0.0,0.0,1,0,0
[0 1 0 ... 0 1 0],27,"[18 27 30 11 50  1 30 26 50 43 47 27 16 41 51 43 27 27 27 51 35 26 27 11
 38 11 27 27 58 42 27 22 42 18 47 27 27 18 27 18 38 27 27 27 41 43 51 27
 27 36 27 27 48 60 48 18 60 43 27 42 27 41 43 50]","[36 27 47 43 51 30 30 51 11 43 47 27 16 42 51 18 27 27 27 38 16 41 27 58
 47 60 27 27 60 48 27 42 50 18 18 27 27  1 27 22 51 27 27 27 58 43 43 27
 27  1 27 27 36 50 47 18 42 43 27  1 27 41  1  1]",False,False,0.0,0.0,"[np.int64(55), np.int64(20), np.int64(2), np.int64(45), np.int64(7), np.int64(51), np.int64(20), np.int64(22), np.int64(19), np.int64(15), np.int64(20), np.int64(16), np.int64(30), np.int64(49), np.int64(49), np.int64(12), np.int64(62), np.int64(57), np.int64(47), np.int64(5), np.int64(59), np.int64(60), np.int64(55), np.int64(47), np.int64(0), np.int64(11), np.int64(39), np.int64(56), np.int64(53), np.int64(57), np.int64(14), np.int64(52), np.int64(60), np.int64(4), np.int64(4), np.int64(38), np.int64(34), np.int64(12), np.int64(15), np.int64(35), np.int64(23), np.int64(36), np.int64(3), np.int64(39), np.int64(54), np.int64(4), np.int64(26), np.int64(29), np.int64(22), np.int64(16), np.int64(1), np.int64(42), np.int64(22), np.int64(30), np.int64(23), np.int64(59), np.int64(36), np.int64(49), np.int64(9), np.int64(51), np.int64(62), np.int64(48), np.int64(27), np.int64(14)]","[np.int64(0), np.int64(13), np.int64(60), np.int64(15), np.int64(0), np.int64(25), np.int64(10), np.int64(51), np.int64(61), np.int64(59), np.int64(44), np.int64(0), np.int64(27), np.int64(62), np.int64(28), np.int64(42), np.int64(8), np.int64(8), np.int64(12), np.int64(7), np.int64(20), np.int64(0), np.int64(20), np.int64(7), np.int64(10), np.int64(51), np.int64(17), np.int64(58), np.int64(52), np.int64(35), np.int64(45), np.int64(12), np.int64(47), np.int64(14), np.int64(37), np.int64(50), np.int64(62), np.int64(5), np.int64(53), np.int64(30), np.int64(27), np.int64(42), np.int64(28), np.int64(18), np.int64(58), np.int64(45), np.int64(56), np.int64(30), np.int64(61), np.int64(4), np.int64(5), np.int64(22), np.int64(57), np.int64(5), np.int64(2), np.int64(63), np.int64(37), np.int64(25), np.int64(59), np.int64(48), np.int64(50), np.int64(13), np.int64(53), np.int64(42)]",False,False,0.0,0.0,"[18 27 43 43 35 30 30 51 38 36 35 27 42 42 51 41 27 27 27 51 35 35 27 47
 51 43 27 27 60 48 27 42 42 18 11 27 27 18 27  1 38 27 27 27 58 51 43 27
 27 41 27 27 48 50 47 58 42  1 27  1 27 30 48  1]","[22 27 47 43 51 35 22 41 50 43 35 27 16 41 51 43 27 27 27 48 35 48 27 50
 38 58 27 27 58 38 27 50 36 18 11 27 27 18 27  1 36 27 27 27 18 42 35 27
 27 18 27 27 11 18 18 38 43 60 27 42 27 41 43 36]",False,False,0.0,0.0,"[30 27 30 22 35 30 35 36 38 36 35 27 42 42 51 43 27 27 27 51 16 51 27 58
 11 58 27 27 60 16 27 22 26 18 11 27 27 18 27 26 38 27 27 27 18 51 35 27
 27 36 27 27 36 30 47 58 43 38 27 26 27 41 43 48]","[18 27 42 43 51 42 22 51 38 36 22 27 22 58 51 41 27 27 27 51 16 51 27 18
 51 38 27 27 30 38 27 50 43 18 18 27 27 18 27 38 51 27 27 27 18 43 43 27
 27 18 27 27 11 18 18 18 42 18 27 11 27 26 43 36]",False,False,0.0,0.015625,1.0,0.0,0.0,25,0,0,1.0,0.0,0.0,25,0,0,1.0,0.0,0.0,25,0,0,1.0,0.0,0.0,25,0,0,1.0,0.0,0.0,25,0,0,1.0,0.0,0.0,25,0,0,0.04,0.0,0.0,1,0,0,0.04,0.0,0.0,1,0,0
[1 0 0 ... 0 0 0],47,"[ 9 45 39 41 47 34 18 27 45 47 41 18 53 27  4 25 18 27 47 25  9  9 49 34
 49 47 34 47 53  4 46 63 41 25 47 53 49 39 25 47 18 47 34 47  4 47 47 47
 27 47 25 41  4 47 27 25 43 53 18 45 39 41 46 47]","[34 39  9 18 47 34  9 63 45 47 25 18 46 27  4 25  9 34 47 25  9 39 43 27
 49 47 34 47 53  4 46 63 39 53 47 53 41 41 25 47 18 47 25 47 53 47 47 47
 41 47 41 18  9 47 27 25 41 53 39 43 39 39 46 47]",False,False,0.0,0.0,"[np.int64(18), np.int64(4), np.int64(32), np.int64(43), np.int64(39), np.int64(13), np.int64(18), np.int64(60), np.int64(7), np.int64(47), np.int64(53), np.int64(58), np.int64(55), np.int64(55), np.int64(4), np.int64(0), np.int64(59), np.int64(4), np.int64(59), np.int64(36), np.int64(55), np.int64(23), np.int64(10), np.int64(60), np.int64(3), np.int64(26), np.int64(39), np.int64(48), np.int64(22), np.int64(29), np.int64(21), np.int64(20), np.int64(10), np.int64(25), np.int64(41), np.int64(53), np.int64(17), np.int64(54), np.int64(39), np.int64(36), np.int64(14), np.int64(1), np.int64(16), np.int64(0), np.int64(2), np.int64(31), np.int64(39), np.int64(63), np.int64(2), np.int64(50), np.int64(18), np.int64(18), np.int64(16), np.int64(54), np.int64(3), np.int64(43), np.int64(8), np.int64(36), np.int64(28), np.int64(26), np.int64(28), np.int64(4), np.int64(11), np.int64(1)]","[np.int64(22), np.int64(52), np.int64(30), np.int64(39), np.int64(5), np.int64(45), np.int64(24), np.int64(12), np.int64(12), np.int64(44), np.int64(13), np.int64(34), np.int64(47), np.int64(2), np.int64(52), np.int64(1), np.int64(38), np.int64(13), np.int64(0), np.int64(37), np.int64(51), np.int64(52), np.int64(62), np.int64(50), np.int64(3), np.int64(8), np.int64(11), np.int64(49), np.int64(29), np.int64(59), np.int64(23), np.int64(47), np.int64(14), np.int64(8), np.int64(24), np.int64(36), np.int64(33), np.int64(57), np.int64(25), np.int64(44), np.int64(51), np.int64(21), np.int64(13), np.int64(21), np.int64(28), np.int64(50), np.int64(12), np.int64(36), np.int64(55), np.int64(21), np.int64(43), np.int64(48), np.int64(49), np.int64(10), np.int64(48), np.int64(4), np.int64(1), np.int64(50), np.int64(50), np.int64(51), np.int64(37), np.int64(45), np.int64(6), np.int64(11)]",False,False,0.0,0.0,"[45 45 39 41 47 34  9  9 25 47 41 45 46 27  4 25 18 39 47 41  9  9 49 34
 43 47 18 47  9  4  9 63 39 49 47 25 41  4 25 47  9 47 49 47 53 47 47 47
 18 47 41 18 41 47 49 43 27  4 18 46 39 39 46 47]","[34 27  9 18 47 34 46  9 41 47 41 45 53 63  4 25  9 46 47 41 43 39 43 45
 25 47 18 47 53 27 45 25 41 53 47 25 41 41 25 47 18 47 25 47 39 47 47 47
 18 47 41 53  4 47 27 46 27 45 45 46 39 45 46 47]",False,False,0.0,0.0,"[34 27 39 27 47 34 25 27 41 47 43 45 46  9  4 25 18 49 47 49 43  9 49 45
 49 47 18 47 53  4  9 63 43 18 47 25  4  9 25 47 18 47 25 47 25 47 47 47
 27 47 25 43 41 47 41 43 43 45 39 43 39 45 45 47]","[ 9 27  9 41 47 34  9  9 25 47 41 18 46  9  4 25  9 27 47 41  9 39 45 27
 25 47 18 47  9  9  9 25 41 18 47 18 41 41 25 47  9 47  9 47 39 47 47 47
 41 47 41 41 41 47 41  9 27 53 18  9 39 25 46 47]",False,False,0.0,0.015625,1.0,0.0,0.0,25,0,0,1.0,0.0,0.0,25,0,0,1.0,0.0,0.0,25,0,0,1.0,0.0,0.0,25,0,0,1.0,0.0,0.0,25,0,0,1.0,0.0,0.0,25,0,0,0.04,0.0,0.0,1,0,0,0.04,0.0,0.0,1,0,0
[1 1 0 ... 0 0 0],55,"[23 35 55 55 35 55 18  5 55  5  3 55 62 61  5 60 35 23 55  5 21 55 50 55
 35 23 50 53 53  8 35 21 57 55  3 55  2 57 33  8  2  3 53 55  2 52 18 49
 53 55 55  3 55 55 33 55 23 55 60  8 55 55 55 52]","[61 35 55 55 50 55 18 57 55  5  2 55 18 23 43 52 35 18 55 21 53 55 18 55
 52 50 43  3 53 18 35  5 57 55 18 55  2 60 53 33  2 62 21 55  5 57 18 60
 61 55 55 60 55 55 18 55 11 55 23 43 55 55 55  5]",False,False,0.0,0.0,"[np.int64(59), np.int64(13), np.int64(33), np.int64(10), np.int64(50), np.int64(52), np.int64(39), np.int64(4), np.int64(54), np.int64(21), np.int64(0), np.int64(13), np.int64(54), np.int64(40), np.int64(44), np.int64(11), np.int64(35), np.int64(50), np.int64(43), np.int64(14), np.int64(30), np.int64(10), np.int64(34), np.int64(52), np.int64(5), np.int64(14), np.int64(61), np.int64(43), np.int64(37), np.int64(30), np.int64(49), np.int64(45), np.int64(15), np.int64(6), np.int64(52), np.int64(16), np.int64(2), np.int64(10), np.int64(24), np.int64(4), np.int64(51), np.int64(54), np.int64(40), np.int64(8), np.int64(29), np.int64(12), np.int64(25), np.int64(59), np.int64(35), np.int64(44), np.int64(53), np.int64(4), np.int64(5), np.int64(14), np.int64(8), np.int64(35), np.int64(22), np.int64(35), np.int64(32), np.int64(12), np.int64(41), np.int64(21), np.int64(37), np.int64(56)]","[np.int64(7), np.int64(48), np.int64(32), np.int64(33), np.int64(60), np.int64(59), np.int64(37), np.int64(35), np.int64(58), np.int64(50), np.int64(53), np.int64(13), np.int64(0), np.int64(5), np.int64(62), np.int64(8), np.int64(26), np.int64(47), np.int64(15), np.int64(29), np.int64(1), np.int64(2), np.int64(48), np.int64(18), np.int64(30), np.int64(59), np.int64(36), np.int64(58), np.int64(53), np.int64(28), np.int64(20), np.int64(20), np.int64(35), np.int64(23), np.int64(43), np.int64(4), np.int64(36), np.int64(32), np.int64(32), np.int64(40), np.int64(11), np.int64(35), np.int64(29), np.int64(51), np.int64(4), np.int64(14), np.int64(47), np.int64(62), np.int64(24), np.int64(36), np.int64(51), np.int64(25), np.int64(37), np.int64(28), np.int64(9), np.int64(2), np.int64(20), np.int64(43), np.int64(40), np.int64(51), np.int64(18), np.int64(46), np.int64(62), np.int64(22)]",False,False,0.0,0.0,"[61  2 55 55 35 55 18  8 55 23  2 55 23  2 60  3 35 61 55  5 21 55 50 55
 50  8  5 52  8 21 52 21  8 55 23 55  2 52 35  8 23 23 43 55 35 52 18  2
  3 55 55 60 55 55  8 55 23 55 57  8 55 55 55 52]","[49 43 55 55 35 55 49  8 55 11  3 55 62 61 18 52 35 23 55 52  3 55 43 55
 50 50  5 53  8 21 52  2 57 55 18 55  2  2 35  8 52 43 43 55 62 52 18 62
 11 55 55 61 55 55 53 55 23 55 57 11 55 55 55 52]",False,False,0.0,0.0,"[23  2 55 55 35 55 18  8 55 23 35 55  3  2 43  2  8 11 55 49 53 55 50 55
 57 50  5 60 53 62 62  5  8 55 11 55 62 62 21 33 23 23 21 55 23 21 18 33
 43 55 55 60 55 55 33 55 23 55 61 60 55 55 55 52]","[49 43 55 55 49 55 49 61 55 53  2 55 18 61 18 52  8 18 55 52 53 55 18 55
 52 53 43 52  8 18 52 21  8 55 18 55  2 52 53 49 52 43 43 55 52 52 18 49
 43 55 55 61 55 55 18 55 11 55 52 43 55 55 55 52]",False,False,0.0,0.015625,1.0,0.0,0.0,25,0,0,1.0,0.0,0.0,25,0,0,1.0,0.0,0.0,25,0,0,1.0,0.0,0.0,25,0,0,1.0,0.0,0.0,25,0,0,1.0,0.0,0.0,25,0,0,0.04,0.0,0.0,1,0,0,0.04,0.0,0.0,1,0,0
[0 1 0 ... 0 0 1],51,"[51 15 15  8  0 51  5 23 51 48 50 54  5 48 48 51 31 50 21 51  0 51 50 51
 54  0 42 51  8 51 41 51 35 41 29 51 31 27 41 31 51 51 51 27 31 31  8 23
 51 50 51 51 40 31 51 48 54 48 50 48 41 35 21 23]","[51 29 15  8  8 51 50 54 51 21 19 54  5 40 19 51 31 23 21 51 23 51  0 51
 54 41 35 51 41 51 41 51 50 41 29 51 50 41 40 23 51 51 51 48 31  5 50 23
 51 50 51 51 40 29 51 29 50 19 50 42 50 23  5 23]",False,False,0.0,0.0,"[np.int64(58), np.int64(23), np.int64(3), np.int64(14), np.int64(3), np.int64(17), np.int64(63), np.int64(28), np.int64(23), np.int64(37), np.int64(18), np.int64(13), np.int64(61), np.int64(17), np.int64(29), np.int64(10), np.int64(51), np.int64(0), np.int64(25), np.int64(18), np.int64(16), np.int64(13), np.int64(54), np.int64(53), np.int64(56), np.int64(30), np.int64(41), np.int64(23), np.int64(3), np.int64(36), np.int64(3), np.int64(51), np.int64(38), np.int64(38), np.int64(18), np.int64(1), np.int64(0), np.int64(2), np.int64(52), np.int64(19), np.int64(43), np.int64(5), np.int64(49), np.int64(2), np.int64(0), np.int64(49), np.int64(53), np.int64(49), np.int64(4), np.int64(7), np.int64(47), np.int64(31), np.int64(21), np.int64(12), np.int64(46), np.int64(6), np.int64(46), np.int64(8), np.int64(7), np.int64(60), np.int64(35), np.int64(32), np.int64(10), np.int64(24)]","[np.int64(18), np.int64(38), np.int64(40), np.int64(42), np.int64(11), np.int64(7), np.int64(54), np.int64(63), np.int64(12), np.int64(62), np.int64(55), np.int64(31), np.int64(15), np.int64(61), np.int64(56), np.int64(17), np.int64(48), np.int64(34), np.int64(5), np.int64(21), np.int64(29), np.int64(26), np.int64(14), np.int64(8), np.int64(6), np.int64(59), np.int64(36), np.int64(32), np.int64(18), np.int64(58), np.int64(11), np.int64(25), np.int64(36), np.int64(15), np.int64(9), np.int64(13), np.int64(1), np.int64(7), np.int64(56), np.int64(9), np.int64(56), np.int64(17), np.int64(7), np.int64(11), np.int64(42), np.int64(36), np.int64(0), np.int64(59), np.int64(21), np.int64(2), np.int64(62), np.int64(34), np.int64(25), np.int64(58), np.int64(48), np.int64(21), np.int64(49), np.int64(30), np.int64(42), np.int64(37), np.int64(47), np.int64(42), np.int64(54), np.int64(12)]",False,False,0.0,0.0,"[51  0 23  8  0 51  5 54 51 48 15 23 29 29 19 51 29  0 21 51 19 51 29 51
 54 41 15 51 54 51 54 51 15 35 41 51 15  0 48 31 51 51 51 54 23 48 50  8
 51 15 51 51 54 29 51 42 41 23 35 48 48 19 21 23]","[51 31 31 19 23 51 31 54 51 48 15  5 19 40 19 51 31 31  8 51 19 51  0 51
 54  8 54 51 41 51 41 51 50 41 41 51 41 15 40 42 51 51 51 48 23 48 35 23
 51 50 51 51 50 31 51 50 41 19 42 23 41 54 35 54]",False,False,0.0,0.0,"[51 27 31 15 23 51 31 35 51 42  0 41  5 40 48 51 50  0  8 51 48 51  0 51
 54  8 54 51  8 51  5 51 15 15 29 51 21 27 15 27 51 51 51 27 23 21 40 23
 51 41 51 51 40 31 51 42 41 41 35 42 41 54 35 40]","[51 15  5 19 23 51  5 23 51 23 19 23 19 40 19 51 23 23 21 51 23 51 41 51
 54 41 15 51 41 51 19 51 35 15 41 51 19 35 35 23 51 51 51 31 23 21 23 23
 51 41 51 51 40 31 51 50 19 19 50 23 41 23  5 23]",False,False,0.0,0.015625,1.0,0.0,0.0,25,0,0,1.0,0.0,0.0,25,0,0,1.0,0.0,0.0,25,0,0,1.0,0.0,0.0,25,0,0,1.0,0.0,0.0,25,0,0,1.0,0.0,0.0,25,0,0,0.04,0.0,0.0,1,0,0,0.04,0.0,0.0,1,0,0
[1 0 0 ... 1 1 1],36,"[ 5 36  1 33 33 32 36 44 33 55 33 33 55  1 55  1  1  6 29 29 44  1  1 45
 55 29  1  6 33 36 41 55 36 36  6 44 36 33 29 29 29 29 55 44 36 44 32 29
  6 29 41 55  6 44  6 36 55 33 55 32  6 55 55  6]","[40 36  1 33 33 32 36 44 33  1 55  1 55  1 33 32  6  6 29 33 44 32 29 45
  6 44  1  6 44 36 20 29 36 36  6 44 36 33 29 29 29 33  1 44 36 44  1 29
 32 29 56 55  6 44  6 36 29 33 55 32  6 55 55  6]",False,False,0.0,0.0,"[np.int64(41), np.int64(21), np.int64(7), np.int64(56), np.int64(22), np.int64(34), np.int64(10), np.int64(29), np.int64(29), np.int64(14), np.int64(50), np.int64(2), np.int64(56), np.int64(45), np.int64(54), np.int64(33), np.int64(35), np.int64(38), np.int64(46), np.int64(9), np.int64(20), np.int64(26), np.int64(41), np.int64(5), np.int64(14), np.int64(0), np.int64(48), np.int64(1), np.int64(20), np.int64(38), np.int64(38), np.int64(11), np.int64(22), np.int64(19), np.int64(0), np.int64(23), np.int64(36), np.int64(31), np.int64(14), np.int64(53), np.int64(25), np.int64(21), np.int64(51), np.int64(54), np.int64(6), np.int64(2), np.int64(32), np.int64(43), np.int64(46), np.int64(57), np.int64(50), np.int64(4), np.int64(31), np.int64(62), np.int64(16), np.int64(28), np.int64(5), np.int64(30), np.int64(10), np.int64(38), np.int64(61), np.int64(10), np.int64(53), np.int64(44)]","[np.int64(12), np.int64(54), np.int64(15), np.int64(54), np.int64(10), np.int64(58), np.int64(44), np.int64(2), np.int64(57), np.int64(47), np.int64(19), np.int64(42), np.int64(53), np.int64(36), np.int64(54), np.int64(43), np.int64(62), np.int64(48), np.int64(41), np.int64(0), np.int64(39), np.int64(53), np.int64(40), np.int64(24), np.int64(27), np.int64(62), np.int64(0), np.int64(11), np.int64(42), np.int64(46), np.int64(43), np.int64(18), np.int64(50), np.int64(6), np.int64(14), np.int64(2), np.int64(44), np.int64(40), np.int64(17), np.int64(56), np.int64(19), np.int64(3), np.int64(7), np.int64(48), np.int64(37), np.int64(62), np.int64(22), np.int64(14), np.int64(27), np.int64(6), np.int64(6), np.int64(15), np.int64(57), np.int64(16), np.int64(7), np.int64(3), np.int64(46), np.int64(15), np.int64(48), np.int64(41), np.int64(60), np.int64(11), np.int64(32), np.int64(44)]",False,False,0.0,0.0,"[58 36  1 46 33 32 36 44 33 32 29  1 55  1 55  1 33  6  6 29 55  1 33 48
  6 44  1  6 44 36 28 29 36 36  6 44 36 33 29 55 29 29  6 44 36 44 29 44
 32  1 45 55 29 33  6 36 55 33 55 32  6 55 55  6]","[38 36  1 33 33 32 36 44 33  1 44  1  1  1 55 32  6  6  6 33 55 32  1 11
 29 29  1  6  6 36 63 29 36 36  6 55 36 33 29 55 55 29  6 44 36 44  1 55
  6  1 45 55  6 44  6 36 29 33 55 32  6 55 55  6]",False,False,0.0,0.0,"[ 3 36  1 33 33 32 36 44 33 33 44  1  1  1 55  1  1  6 29 33 55 32 29 31
 55 44  1  6 44 36 60 55 36 36 55 55 36 33 29 55 55 33 55 44 36 44 29 29
 32 29 31 55 29 33  6 36 55 33 55 32  6 55 55  6]","[63 36  1 33 33 32 36 44 32  1 44  1  1  1 33  1  1  6  6 32 44  1  1 28
  6 44  1  6  6 36 63 29 36 36  6 44 36 33 29 29 29 33  1 44 36 44  1 44
  6  1 63 55  6 44  6 36 29 33 55 32  6 55  1  6]",False,True,0.0,0.015625,1.0,0.0,0.0,25,0,0,1.0,0.0,0.0,25,0,0,1.0,0.0,0.0,25,0,0,1.0,0.0,0.0,25,0,0,1.0,0.0,0.0,25,0,0,1.0,0.0,0.0,25,0,0,0.04,0.0,0.0,1,0,0,0.04,1.0,1.0,1,1,25
[0 0 0 ... 1 0 1],55,"[44 44 31 50 55 61 55 55 44 55  9 37 31 50 36 44 32  7 44 33 50 55  7 50
 31 36 58 55 32  4 58 55 55 55  6  6 55 55  7 32  6 36 61  7 55 31  6 44
  7 32 55 31 21 44 37 55 32 50 55 33  9 55 61 37]","[58 44 37 50 55 50 55 55 44 55 36  9  6 50 36 44  9 37 21 33 44 55  9 21
 31 44 31 55 36 32 33 55 55 55  6  6 55 55 32 32 27 31 44  6 55 37  4 61
  7 44 55 36 21 44 37 55  9 37 55  9  9 55 58 44]",False,False,0.0,0.0,"[np.int64(45), np.int64(14), np.int64(13), np.int64(53), np.int64(12), np.int64(33), np.int64(10), np.int64(35), np.int64(54), np.int64(27), np.int64(16), np.int64(58), np.int64(47), np.int64(57), np.int64(59), np.int64(59), np.int64(43), np.int64(1), np.int64(18), np.int64(53), np.int64(34), np.int64(8), np.int64(63), np.int64(27), np.int64(32), np.int64(62), np.int64(58), np.int64(40), np.int64(34), np.int64(13), np.int64(35), np.int64(3), np.int64(16), np.int64(3), np.int64(27), np.int64(50), np.int64(13), np.int64(61), np.int64(29), np.int64(38), np.int64(8), np.int64(2), np.int64(29), np.int64(44), np.int64(46), np.int64(61), np.int64(0), np.int64(41), np.int64(38), np.int64(8), np.int64(17), np.int64(21), np.int64(41), np.int64(16), np.int64(4), np.int64(7), np.int64(39), np.int64(60), np.int64(22), np.int64(59), np.int64(37), np.int64(58), np.int64(2), np.int64(11)]","[np.int64(29), np.int64(46), np.int64(33), np.int64(37), np.int64(51), np.int64(9), np.int64(5), np.int64(62), np.int64(0), np.int64(56), np.int64(6), np.int64(0), np.int64(52), np.int64(1), np.int64(11), np.int64(49), np.int64(47), np.int64(25), np.int64(50), np.int64(37), np.int64(9), np.int64(50), np.int64(31), np.int64(46), np.int64(33), np.int64(15), np.int64(0), np.int64(6), np.int64(47), np.int64(33), np.int64(30), np.int64(50), np.int64(45), np.int64(45), np.int64(30), np.int64(24), np.int64(16), np.int64(4), np.int64(50), np.int64(29), np.int64(44), np.int64(4), np.int64(46), np.int64(56), np.int64(49), np.int64(15), np.int64(8), np.int64(4), np.int64(9), np.int64(57), np.int64(5), np.int64(38), np.int64(14), np.int64(10), np.int64(51), np.int64(47), np.int64(39), np.int64(19), np.int64(39), np.int64(38), np.int64(30), np.int64(24), np.int64(14), np.int64(47)]",False,False,0.0,0.0,"[37 44  6 36 55  7 55 55 44 55  9  4 31 50 58 44  9 21 58 33 44 55  9  4
 61 44 32 55 32 33 36 55 55 55  6  6 55 55 32 32  6 36 61 27 55 61  6 27
 21 44 55 31 33 44 37 55  7 31 55  9 44 55  7 58]","[44 44 32 36 55 50 55 55  6 55 36 37  6 50 58  7 32 44 21 33 50 55 32  4
 31 36 33 55 27 32 50 55 55 55 50  6 55 55 32 21  4 50 61  4 55  9 44 50
  7 32 55 21 33 44 27 55  9 50 55  9 44 55 61 44]",False,False,0.0,0.0,"[37 44 31 32 55 27 55 55 44 55 36 37 31 50 36 44  9 44 44 33 50 55  9  4
 61 36 58 55 27 61 58 55 55 55 61  9 55 55  7 21 27 31 36 27 55 37 33 27
 27 32 55 37 33 44 37 55 36 50 55 33 44 55 61 44]","[44 44 32 50 55 50 55 55  6 55  9  9  6 50 36 44 32 21 21 33 44 55 32 21
 31 44 21 55 32  4 50 55 55 55 21  9 55 55 32 21  4 50 44  4 55  9  9 50
 27 50 55 31 21 44 31 55  9 21 55  9  9 55 58 44]",False,False,0.0,0.015625,1.0,0.0,0.0,25,0,0,1.0,0.0,0.0,25,0,0,1.0,0.0,0.0,25,0,0,1.0,0.0,0.0,25,0,0,1.0,0.0,0.0,25,0,0,1.0,0.0,0.0,25,0,0,0.04,0.0,0.0,1,0,0,0.04,0.0,0.0,1,0,0
[0 0 0 ... 0 0 0],6,"[ 6 16 55 43 59 32  6 27  6  6 48  6 55 42  6 27  6 43 42  6 24  6 11  8
  6 48 42  6 11  9 43 59  6 32 43 47 11 11 61 14 11 48  6  6 47 48 19  6
  6 21 16 42  6  9 61  6 47  6 19  6 16  6 42 16]","[ 6 57 61 52 59 32  6 27  6  6 42  6 55 11  6 24  6  9 24  6 16  6 11  9
  6 11 19  6 11 16 47 59  6 48 42 48 11 11 27 59 42 59  6  6  0 61 19  6
  6 52 11 42  6 21 61  6 27  6 57  6 16  6 61 16]",False,False,0.0,0.0,"[np.int64(13), np.int64(47), np.int64(29), np.int64(23), np.int64(25), np.int64(37), np.int64(35), np.int64(29), np.int64(0), np.int64(46), np.int64(6), np.int64(9), np.int64(29), np.int64(11), np.int64(26), np.int64(13), np.int64(8), np.int64(62), np.int64(11), np.int64(35), np.int64(62), np.int64(63), np.int64(14), np.int64(38), np.int64(54), np.int64(59), np.int64(8), np.int64(53), np.int64(38), np.int64(12), np.int64(12), np.int64(20), np.int64(5), np.int64(34), np.int64(18), np.int64(23), np.int64(16), np.int64(21), np.int64(55), np.int64(46), np.int64(10), np.int64(18), np.int64(3), np.int64(62), np.int64(22), np.int64(47), np.int64(48), np.int64(55), np.int64(15), np.int64(58), np.int64(54), np.int64(50), np.int64(56), np.int64(57), np.int64(6), np.int64(6), np.int64(12), np.int64(22), np.int64(57), np.int64(57), np.int64(45), np.int64(11), np.int64(44), np.int64(25)]","[np.int64(25), np.int64(8), np.int64(7), np.int64(52), np.int64(58), np.int64(42), np.int64(34), np.int64(34), np.int64(52), np.int64(28), np.int64(39), np.int64(0), np.int64(28), np.int64(17), np.int64(15), np.int64(59), np.int64(24), np.int64(27), np.int64(61), np.int64(9), np.int64(48), np.int64(33), np.int64(24), np.int64(20), np.int64(12), np.int64(7), np.int64(36), np.int64(9), np.int64(36), np.int64(17), np.int64(44), np.int64(5), np.int64(31), np.int64(52), np.int64(10), np.int64(6), np.int64(55), np.int64(57), np.int64(29), np.int64(15), np.int64(51), np.int64(19), np.int64(43), np.int64(30), np.int64(20), np.int64(35), np.int64(45), np.int64(37), np.int64(13), np.int64(58), np.int64(21), np.int64(12), np.int64(50), np.int64(25), np.int64(2), np.int64(22), np.int64(36), np.int64(60), np.int64(53), np.int64(55), np.int64(31), np.int64(17), np.int64(22), np.int64(49)]",False,False,0.0,0.0,"[ 6 16 21 11 32 32  6 27  6  6 42  6 42 52  6 19  6  9 14  6 57  6 59  8
  6 14 19  6 11 42 47 59  6  8 42 61 11 11 48 11 11 14  6  6 27 14 14  6
  6 43 16 52  6  9 43  6 52  6 61  6 27  6 42 32]","[ 6 16 59 11 52  9  6 27  6  6 16  6 61 11  6 27  6  0 32  6 48  6 27  8
  6 57 19  6 11 59 61 59  6 32 55 61 11  0 11 57 11 48  6  6 27 61 19  6
  6  0 27 42  6 57 24  6 27  6 43  6 16  6 52 16]",False,False,0.0,0.0,"[ 6 21 21 24 32 32  6 27  6  6 42  6 42 42  6  0  6  0 14  6  8  6  8  8
  6 59 14  6 11  9 61 59  6  8 11 61 11  8 11 14 19 14  6  6 27 14  8  6
  6 21 27 21  6 32 42  6 32  6 43  6 43  6 42 32]","[ 6 11 61  0 47 47  6 27  6  6 42  6 55 11  6 27  6 21 27  6 27  6 27  8
  6 59 14  6 11 11 61 59  6  8 11 47 11 11 27 59 11 14  6  6 27 14  8  6
  6 11 27  0  6 11 61  6 27  6 61  6 27  6 61 16]",False,False,0.0,0.015625,1.0,0.0,0.0,25,0,0,1.0,0.0,0.0,25,0,0,1.0,0.0,0.0,25,0,0,1.0,0.0,0.0,25,0,0,1.0,0.0,0.0,25,0,0,1.0,0.0,0.0,25,0,0,0.04,0.0,0.0,1,0,0,0.04,0.0,0.0,1,0,0
[1 1 0 ... 1 1 1],15,"[ 3  3  5 15 34 15 20 37 29 34  1  5 34 36 18 15  3 59 15 45 15 45  3  5
 61 45 59 34 18 15 15 45 20 59 15 18 15 15 20 61 59 18  5 30  3 15 34 30
 29  5 61  3  3 30 59 18 36 18 17 15 59 15  5 18]","[59  3  5 15 34 15 20 29 29 29 56  5 34 36  3 15  3 59 15 45 15 45 36 59
 18 29 37 18 18 15 15 36 61  3 15 37 15 15 36 61  5 18 29 30 20 15 34  5
  3  5 61  3 37 30 59 59 36 18 50 15 59 15 30 18]",False,False,0.0,0.0,"[np.int64(55), np.int64(3), np.int64(62), np.int64(16), np.int64(24), np.int64(22), np.int64(46), np.int64(33), np.int64(51), np.int64(62), np.int64(55), np.int64(25), np.int64(61), np.int64(60), np.int64(17), np.int64(8), np.int64(26), np.int64(60), np.int64(15), np.int64(55), np.int64(55), np.int64(16), np.int64(11), np.int64(31), np.int64(9), np.int64(32), np.int64(36), np.int64(12), np.int64(13), np.int64(13), np.int64(36), np.int64(48), np.int64(12), np.int64(3), np.int64(56), np.int64(2), np.int64(9), np.int64(44), np.int64(30), np.int64(31), np.int64(31), np.int64(27), np.int64(36), np.int64(10), np.int64(2), np.int64(48), np.int64(36), np.int64(3), np.int64(31), np.int64(22), np.int64(59), np.int64(10), np.int64(1), np.int64(12), np.int64(17), np.int64(34), np.int64(7), np.int64(1), np.int64(2), np.int64(38), np.int64(58), np.int64(3), np.int64(6), np.int64(26)]","[np.int64(1), np.int64(22), np.int64(39), np.int64(15), np.int64(59), np.int64(45), np.int64(22), np.int64(29), np.int64(51), np.int64(0), np.int64(63), np.int64(8), np.int64(33), np.int64(62), np.int64(4), np.int64(1), np.int64(33), np.int64(20), np.int64(16), np.int64(29), np.int64(36), np.int64(19), np.int64(30), np.int64(43), np.int64(59), np.int64(29), np.int64(22), np.int64(55), np.int64(22), np.int64(17), np.int64(63), np.int64(0), np.int64(8), np.int64(62), np.int64(15), np.int64(19), np.int64(38), np.int64(28), np.int64(17), np.int64(3), np.int64(16), np.int64(41), np.int64(2), np.int64(58), np.int64(22), np.int64(23), np.int64(1), np.int64(30), np.int64(34), np.int64(7), np.int64(54), np.int64(51), np.int64(26), np.int64(35), np.int64(45), np.int64(24), np.int64(3), np.int64(35), np.int64(20), np.int64(12), np.int64(9), np.int64(55), np.int64(32), np.int64(13)]",False,False,0.0,0.0,"[ 3 61 59 15 34 15 59 18  3 20  0 37 34 36  3 15  3 59 15 37 15 45 20 45
 61 37  5 37 18 15 15 18 59 36 15 20 15 15 37  5 29 18 29 37  5 15 34  5
 59 29 29  3  3 30 45 18 45 20 47 15  3 15 34 20]","[59 61 59 15 34 15 59 18 29 34  0 37 34 36 20 15  3 59 15 45 15 45 20 59
 45  3 59 45 18 15 15 45 59 59 15 34 15 15 36  5 59 20  5 37 20 15  3 30
 29  5 29 59 37 30 59 59 36 20  1 15 37 15 30 61]",False,False,0.0,0.0,"[ 3 61  5 15 34 15  3 37 29 45  0 37 34 36 18 15  3 59 15 45 15 45 36 59
 61 45 59 45 18 15 15 45 61 59 15 37 15 15 34 59 59 20 45 37 36 15 45 30
 59 29 61 59 37 30 59 59 45 18 50 15 59 15 59 61]","[ 5 61 59 15 45 15 59 29 29 29 42  5 34 36 18 15  3  5 15 45 15 45 36  5
 20  5  5 29 18 15 15 36 59 30 15 61 15 15 36 59 59 18  5 30  5 15 34  5
 45  5 61 36 37 30 59 59 36 18 50 15 37 15 59 18]",False,False,0.0,0.015625,1.0,0.0,0.0,25,0,0,1.0,0.0,0.0,25,0,0,1.0,0.0,0.0,25,0,0,1.0,0.0,0.0,25,0,0,1.0,0.0,0.0,25,0,0,1.0,0.0,0.0,25,0,0,0.04,0.0,0.0,1,0,0,0.04,0.0,0.0,1,0,0
[0 0 0 ... 1 0 0],20,"[19 27 48 32 21 37 47 39 37 44 43 34 48 27 20 34 59 47 59 20 20 20 34 39
 21 60 51 20 14 26 34 37 20 32 20 14 32 20 43 20 39 19 47 20 51 60 59 20
 20 48 42 20 43 37 32 39 34 37 51 20 20 39 43 27]","[21 48 43 21 21 21 48 48 37 56 43 32 19 19 20 39 43 34 39 20 20 20 19 51
 34 60 19 20 19 36 32 47 20 43 20 51 37 20 60 20 39 27 51 20 51 34 19 20
 20 47 40 20 43 48 51 21 39 37 39 20 20 39 43 27]",False,False,0.0,0.0,"[np.int64(41), np.int64(61), np.int64(21), np.int64(26), np.int64(33), np.int64(33), np.int64(34), np.int64(12), np.int64(57), np.int64(47), np.int64(50), np.int64(10), np.int64(1), np.int64(45), np.int64(12), np.int64(35), np.int64(37), np.int64(0), np.int64(28), np.int64(16), np.int64(34), np.int64(48), np.int64(33), np.int64(61), np.int64(59), np.int64(12), np.int64(54), np.int64(40), np.int64(46), np.int64(29), np.int64(50), np.int64(62), np.int64(32), np.int64(2), np.int64(9), np.int64(34), np.int64(15), np.int64(7), np.int64(28), np.int64(26), np.int64(12), np.int64(16), np.int64(63), np.int64(57), np.int64(40), np.int64(8), np.int64(52), np.int64(34), np.int64(35), np.int64(4), np.int64(44), np.int64(43), np.int64(23), np.int64(29), np.int64(47), np.int64(47), np.int64(23), np.int64(22), np.int64(59), np.int64(34), np.int64(40), np.int64(10), np.int64(7), np.int64(37)]","[np.int64(28), np.int64(16), np.int64(1), np.int64(28), np.int64(7), np.int64(62), np.int64(63), np.int64(61), np.int64(38), np.int64(7), np.int64(49), np.int64(10), np.int64(30), np.int64(36), np.int64(58), np.int64(31), np.int64(27), np.int64(22), np.int64(21), np.int64(29), np.int64(24), np.int64(55), np.int64(11), np.int64(58), np.int64(32), np.int64(7), np.int64(6), np.int64(61), np.int64(0), np.int64(10), np.int64(1), np.int64(43), np.int64(6), np.int64(16), np.int64(0), np.int64(41), np.int64(62), np.int64(49), np.int64(56), np.int64(63), np.int64(31), np.int64(5), np.int64(26), np.int64(25), np.int64(16), np.int64(13), np.int64(20), np.int64(12), np.int64(14), np.int64(0), np.int64(11), np.int64(13), np.int64(26), np.int64(14), np.int64(8), np.int64(62), np.int64(50), np.int64(20), np.int64(45), np.int64(47), np.int64(32), np.int64(45), np.int64(14), np.int64(19)]",False,False,0.0,0.0,"[19 34 43 21 39 37 32 48 37 44 21 32 43 37 20 51 43 19 27 20 20 20 19 47
 34 60 19 20 14  5 27 34 20 43 20 60 37 20 43 20 39 51 37 20 51 34 21 20
 20 47 42 20 34 37 51 51 39 48 19 20 20 32 59 27]","[21 14 43 21 21 37 48 39 37 44 59 34 43 19 20 34 59 19 19 20 20 20 51 51
 21 60 51 20 19 45 32 21 20 32 20 60 32 20 60 20 39 51 37 20 51 60 21 20
 20 14 42 20 60 48 51 21 34 27 39 20 20 39 59 27]",False,False,0.0,0.0,"[19 34 34 32 39 37 32 39 37  6 43 34 43 51 20 51 43 47 59 20 20 20 51 51
 60 60 59 20 43 54 32 34 20 32 20 60 32 20 60 20 19 21 37 20 51 60 21 20
 20 21 40 20 60 48 59 51 34 48 51 20 20 37 59 27]","[21 48 48 47 21 21 48 48 37 33 21 21 37 37 20 39 27 19 39 20 20 20 19 39
 21 60 59 20 43 36 37 37 20 43 20 14 37 20 43 20 48 21 51 20 51 60 21 20
 20 47 16 20 34 48 48 37 39 37 39 20 20 37 43 27]",False,False,0.0,0.015625,1.0,0.0,0.0,25,0,0,1.0,0.0,0.0,25,0,0,1.0,0.0,0.0,25,0,0,1.0,0.0,0.0,25,0,0,1.0,0.0,0.0,25,0,0,1.0,0.0,0.0,25,0,0,0.04,0.0,0.0,1,0,0,0.04,0.0,0.0,1,0,0
[1 0 0 ... 0 0 0],29,"[29 43 15 51 31 12 51 41  0 12 29 51 29 10 41 29 63 15 63 29 51 29 56 61
 19 61 37 25 37 29  0 29 51 41 56 45 51 29 29 63 31 29 10 29 38 29 63 19
 41 63 43 29 41 57 15 51 29 29 61 19 61 29 37 29]","[29 51 63 51 61 63 51 63 15 61 29 57 29 12 43 29 51 38 63 29 51 29 45 38
 19 41 56 30 31 29 63 29 57 43 56 45 15 29 29 63 31 29 43 29 12 29 31  0
 15 15 45 29 21 10 15 63 29 29 61 37 61 29 31 29]",False,False,0.0,0.0,"[np.int64(6), np.int64(49), np.int64(50), np.int64(9), np.int64(30), np.int64(35), np.int64(1), np.int64(19), np.int64(54), np.int64(45), np.int64(19), np.int64(47), np.int64(16), np.int64(11), np.int64(34), np.int64(43), np.int64(11), np.int64(17), np.int64(31), np.int64(22), np.int64(43), np.int64(29), np.int64(35), np.int64(36), np.int64(60), np.int64(19), np.int64(15), np.int64(22), np.int64(6), np.int64(48), np.int64(55), np.int64(45), np.int64(45), np.int64(13), np.int64(39), np.int64(48), np.int64(51), np.int64(62), np.int64(1), np.int64(13), np.int64(8), np.int64(46), np.int64(26), np.int64(5), np.int64(13), np.int64(33), np.int64(24), np.int64(43), np.int64(49), np.int64(31), np.int64(4), np.int64(8), np.int64(37), np.int64(57), np.int64(43), np.int64(34), np.int64(29), np.int64(7), np.int64(42), np.int64(6), np.int64(55), np.int64(8), np.int64(16), np.int64(2)]","[np.int64(25), np.int64(62), np.int64(55), np.int64(7), np.int64(7), np.int64(31), np.int64(38), np.int64(54), np.int64(44), np.int64(0), np.int64(40), np.int64(14), np.int64(19), np.int64(31), np.int64(33), np.int64(44), np.int64(26), np.int64(53), np.int64(36), np.int64(31), np.int64(8), np.int64(47), np.int64(31), np.int64(52), np.int64(6), np.int64(56), np.int64(33), np.int64(23), np.int64(44), np.int64(5), np.int64(0), np.int64(31), np.int64(60), np.int64(23), np.int64(39), np.int64(2), np.int64(30), np.int64(58), np.int64(29), np.int64(45), np.int64(25), np.int64(56), np.int64(17), np.int64(10), np.int64(38), np.int64(42), np.int64(28), np.int64(12), np.int64(42), np.int64(12), np.int64(17), np.int64(11), np.int64(49), np.int64(42), np.int64(44), np.int64(31), np.int64(58), np.int64(23), np.int64(22), np.int64(38), np.int64(2), np.int64(40), np.int64(60), np.int64(44)]",False,False,0.0,0.0,"[29 38 15 43 31 41 51  0 56 63 29 56 29 10 41 29 31 15 57 29 19 29 45 15
 19 41 12  5 31 29 45 29 51 19 56 63 63 29 29 63 10 29 43 29 57 29 12 37
 31 63 43 29 41 10 15  0 29 29 38 21 61 29 10 29]","[29 15 15 51 31 63 51  0 15 63 29 51 29 10 43 29 15 15 63 29 10 29 31 15
 19 10 37 30 37 29 45 29 51 19 56 45 15 29 29 63 10 29 10 29 38 29 63  0
 45 15 45 29 21 56 15 38 29 29 61 19 61 29 37 29]",False,False,0.0,0.0,"[29 38 63 41 31 41 12 41  0 12 29 51 29 12 43 29 51 38 51 29 51 29 56 61
 19 61 56 52 45 29 63 29 57 31 56 63 63 29 29 63 31 29 43 29 31 29 63 19
 51 63 43 29 56 51 56 41 29 29 61 37 61 29 31 29]","[29 15 15 51 41 63 51 63 15 63 29 56 29 10 43 29 45 15 63 29 51 29 45 15
 19 61 56 22 37 29 63 29 51 41 45 45 51 29 29 63 31 29 10 29 12 29 63 37
 15 15 15 29 56 10 15 51 29 29 61 21 61 29 31 29]",False,False,0.0,0.015625,1.0,0.0,0.0,25,0,0,1.0,0.0,0.0,25,0,0,1.0,0.0,0.0,25,0,0,1.0,0.0,0.0,25,0,0,1.0,0.0,0.0,25,0,0,1.0,0.0,0.0,25,0,0,0.04,0.0,0.0,1,0,0,0.04,0.0,0.0,1,0,0
[1 0 0 ... 1 0 1],18,"[18 47 43 11  9 50 19 16 40 18 50 18 54 18  0 37 18 20 18 18 18  9 60 18
  9 37  0 43 20 44 44 18 18 32 23 18 50 18 19  0 18 11 32 18 18 20 20 18
 43 32 18 40 19 63 18 23  9 23 60 37 18 63 20 18]","[18 54 16 54 35 13 19 47  0 18 63 18 20 18 54 32 18 20 18 18 18 16 60 18
 60  9  0 47 16 13 63 18 18 44 13 18 32 18  0 13 18 50 44 18 18 20 13 18
 16  9 18 11 13 60 18 50 13 19 43 32 18 40 50 18]",False,False,0.0,0.0,"[np.int64(62), np.int64(53), np.int64(46), np.int64(49), np.int64(55), np.int64(17), np.int64(26), np.int64(22), np.int64(14), np.int64(20), np.int64(59), np.int64(57), np.int64(10), np.int64(34), np.int64(1), np.int64(29), np.int64(40), np.int64(44), np.int64(21), np.int64(52), np.int64(21), np.int64(32), np.int64(46), np.int64(59), np.int64(43), np.int64(22), np.int64(40), np.int64(13), np.int64(5), np.int64(55), np.int64(50), np.int64(20), np.int64(13), np.int64(5), np.int64(19), np.int64(46), np.int64(60), np.int64(35), np.int64(48), np.int64(60), np.int64(1), np.int64(35), np.int64(41), np.int64(55), np.int64(44), np.int64(2), np.int64(58), np.int64(51), np.int64(31), np.int64(51), np.int64(51), np.int64(1), np.int64(55), np.int64(19), np.int64(2), np.int64(11), np.int64(21), np.int64(7), np.int64(27), np.int64(10), np.int64(10), np.int64(8), np.int64(56), np.int64(52)]","[np.int64(13), np.int64(20), np.int64(45), np.int64(48), np.int64(34), np.int64(28), np.int64(14), np.int64(9), np.int64(31), np.int64(26), np.int64(0), np.int64(7), np.int64(12), np.int64(39), np.int64(57), np.int64(18), np.int64(57), np.int64(4), np.int64(27), np.int64(47), np.int64(46), np.int64(21), np.int64(52), np.int64(0), np.int64(18), np.int64(62), np.int64(6), np.int64(63), np.int64(7), np.int64(57), np.int64(0), np.int64(46), np.int64(40), np.int64(31), np.int64(51), np.int64(55), np.int64(1), np.int64(3), np.int64(34), np.int64(8), np.int64(40), np.int64(42), np.int64(22), np.int64(3), np.int64(9), np.int64(57), np.int64(29), np.int64(29), np.int64(7), np.int64(34), np.int64(7), np.int64(5), np.int64(2), np.int64(14), np.int64(4), np.int64(32), np.int64(60), np.int64(13), np.int64(40), np.int64(32), np.int64(12), np.int64(7), np.int64(17), np.int64(47)]",False,False,0.0,0.0,"[18 35 16 35 50 31 19 16 50 18 63 18 37 18 31 37 18 32 18 18 18 16 54 18
  9 23  9 11 20 13 31 18 18 44 13 18 11 18 20 47 18 40 43 18 18 23 37 18
  9 23 18 35 13 60 18 50 23 54 60  0 18 47 50 18]","[18 35 54 63 35 63 19 47  0 18 50 18 20 18 32 44 18 60 18 18 18  9 40 18
  9 60  0 47 31 44 47 18 18 37 43 18 50 18 19  0 18 20 63 18 18 16 13 18
 43 19 18 40 60 50 18 50 23 13 60 44 18 19 50 18]",False,False,0.0,0.0,"[18 35 16 32 35 31 35 16  0 18 13 18 37 18  0 44 18 44 18 18 18 16 54 18
 54  9 60 11 60 13 63 18 18 11 13 18 20 18 19 11 18 20 43 18 18 23 13 18
 43 31 18 35 31 37 18 50 35 37 60 37 18 47 50 18]","[18 54 16 54  0 13 37 16  0 18 13 18 54 18  0 44 18 60 18 18 18 20 60 18
 60 60  0 43 60 13 31 18 18 11 13 18 20 18  0  0 18 20 44 18 18 16 13 18
 16 19 18 16 13 60 18 50 13 13 43  0 18 19 50 18]",False,False,0.0,0.015625,1.0,0.0,0.0,25,0,0,1.0,0.0,0.0,25,0,0,1.0,0.0,0.0,25,0,0,1.0,0.0,0.0,25,0,0,1.0,0.0,0.0,25,0,0,1.0,0.0,0.0,25,0,0,0.04,0.0,0.0,1,0,0,0.04,0.0,0.0,1,0,0
[1 1 1 ... 0 0 0],39,"[ 2 42 39 44 59 42 42 11 59 60 13 39 25 39 59 42 60 24 57 42 44  2 24 60
 39 39 13 60 24 11 24 13 57 42 57 25 43 42 24 39 57 60 39 57 39 28 11 24
 44 24 24  2 59 24 44 57 24 39 11 39 39 60 13 13]","[11  2 39 44 24 42 24 25 44 11 13 39  2 39 57 24 44 44 57 13 25 57 42 60
 39 39 13  2 24  2 59 13 42 42 57 44 43 25 44 39 57 59 39 60 39 43 11 59
 44 24 24 11 24 60 13 13 60 39 44 39 39 24 44 13]",False,False,0.0,0.0,"[np.int64(6), np.int64(43), np.int64(1), np.int64(0), np.int64(62), np.int64(33), np.int64(43), np.int64(48), np.int64(31), np.int64(45), np.int64(60), np.int64(2), np.int64(17), np.int64(4), np.int64(51), np.int64(59), np.int64(55), np.int64(43), np.int64(27), np.int64(9), np.int64(7), np.int64(35), np.int64(33), np.int64(35), np.int64(6), np.int64(32), np.int64(21), np.int64(30), np.int64(58), np.int64(43), np.int64(7), np.int64(45), np.int64(34), np.int64(29), np.int64(24), np.int64(40), np.int64(10), np.int64(30), np.int64(46), np.int64(2), np.int64(29), np.int64(35), np.int64(32), np.int64(20), np.int64(9), np.int64(13), np.int64(29), np.int64(29), np.int64(58), np.int64(58), np.int64(2), np.int64(36), np.int64(15), np.int64(7), np.int64(38), np.int64(32), np.int64(37), np.int64(11), np.int64(8), np.int64(27), np.int64(28), np.int64(9), np.int64(18), np.int64(14)]","[np.int64(58), np.int64(13), np.int64(35), np.int64(56), np.int64(62), np.int64(34), np.int64(51), np.int64(55), np.int64(63), np.int64(62), np.int64(18), np.int64(39), np.int64(48), np.int64(24), np.int64(38), np.int64(62), np.int64(43), np.int64(32), np.int64(54), np.int64(39), np.int64(47), np.int64(6), np.int64(58), np.int64(45), np.int64(31), np.int64(52), np.int64(48), np.int64(30), np.int64(4), np.int64(41), np.int64(25), np.int64(51), np.int64(49), np.int64(41), np.int64(48), np.int64(13), np.int64(20), np.int64(21), np.int64(18), np.int64(7), np.int64(40), np.int64(8), np.int64(14), np.int64(22), np.int64(31), np.int64(43), np.int64(15), np.int64(56), np.int64(39), np.int64(32), np.int64(35), np.int64(60), np.int64(9), np.int64(38), np.int64(20), np.int64(42), np.int64(34), np.int64(57), np.int64(62), np.int64(17), np.int64(46), np.int64(33), np.int64(22), np.int64(29)]",False,False,0.0,0.0,"[11 42 39 44 24 60 42 25 59 24 13 39 25 39 59 42 13 44 57 13 57 59 42 25
 39 39 59 60 24 11 24 42 57 44 57 44 43 25 44 39 60 60 39 57 39 35 11 11
 44 24 42 11 42 60 59  2 59 39 42 39 39 24 13 11]","[11 42 39 44  2 11 24 42 59 60 57 39 11 39 57 42 44 13 42 42 57 25 24 60
 39 39 42  2 11  2 24 42 42 42 57 44 54 42 44 39 42 60 39 60 39 54 11 11
 44 24 24 11 42 60  2 13 60 39  2 39 39 24 44 11]",False,False,0.0,0.0,"[ 2  2 39 44 24 42 42 42 44 44 13 39  2 39 57 42 60 44 57 42 57 57 42 60
 39 39 59 60 24 11 59 13 57 24 57 44 43 42 42 39 60 60 39 60 39 43 11 24
 44 24 42  2 59 57 57 57 59 39  2 39 39 60 57  2]","[11 42 39 44 24 11 24 25 44 13 57 39  2 39 57 24  2 13 44 13 57 57 24 24
 39 39 13 60 11 11 24 42 24 42 57 25 17 42 42 39 57 60 39 57 39 43 11 11
 44 24 24 11 44 24 13  2 11 39 11 39 39 24  2 11]",False,False,0.0,0.015625,1.0,0.0,0.0,25,0,0,1.0,0.0,0.0,25,0,0,1.0,0.0,0.0,25,0,0,1.0,0.0,0.0,25,0,0,1.0,0.0,0.0,25,0,0,1.0,0.0,0.0,25,0,0,0.04,0.0,0.0,1,0,0,0.04,0.0,0.0,1,0,0
[0 0 0 ... 1 0 1],55,"[61 44 37 32 55 50 55 55  6 55  6 37 21 50 36 44  9 44  4 33 33 55  7 21
 61 44 58 55 32  4 33 55 55 55 50  9 55 55 32 21 58 50 36 27 55 37  6 27
 27 44 55 21 37 44 31 55 58 50 55  9  9 55  7 37]","[44 44  6 50 55 61 55 55  4 55  6 37 31 50 58  7  9  7  6 33 33 55  9  4
 31 44  9 55 32 31 33 55 55 55 21  9 55 55  7 21  6 36 44  4 55  9 44 61
 21 50 55 31 33 44  7 55  7 21 55  9 44 55 58 58]",False,False,0.0,0.0,"[np.int64(31), np.int64(51), np.int64(61), np.int64(59), np.int64(11), np.int64(0), np.int64(60), np.int64(12), np.int64(4), np.int64(50), np.int64(5), np.int64(3), np.int64(21), np.int64(17), np.int64(52), np.int64(24), np.int64(63), np.int64(22), np.int64(19), np.int64(15), np.int64(43), np.int64(51), np.int64(8), np.int64(30), np.int64(43), np.int64(7), np.int64(34), np.int64(31), np.int64(32), np.int64(12), np.int64(32), np.int64(44), np.int64(45), np.int64(61), np.int64(7), np.int64(36), np.int64(4), np.int64(50), np.int64(27), np.int64(51), np.int64(0), np.int64(48), np.int64(59), np.int64(6), np.int64(29), np.int64(36), np.int64(56), np.int64(31), np.int64(15), np.int64(51), np.int64(48), np.int64(35), np.int64(62), np.int64(27), np.int64(42), np.int64(2), np.int64(16), np.int64(16), np.int64(56), np.int64(55), np.int64(23), np.int64(12), np.int64(38), np.int64(52)]","[np.int64(40), np.int64(4), np.int64(38), np.int64(25), np.int64(53), np.int64(22), np.int64(3), np.int64(9), np.int64(8), np.int64(33), np.int64(18), np.int64(9), np.int64(15), np.int64(2), np.int64(44), np.int64(23), np.int64(0), np.int64(26), np.int64(47), np.int64(59), np.int64(53), np.int64(12), np.int64(21), np.int64(1), np.int64(34), np.int64(29), np.int64(11), np.int64(21), np.int64(52), np.int64(21), np.int64(27), np.int64(42), np.int64(13), np.int64(43), np.int64(42), np.int64(2), np.int64(37), np.int64(3), np.int64(57), np.int64(19), np.int64(43), np.int64(19), np.int64(15), np.int64(28), np.int64(4), np.int64(18), np.int64(20), np.int64(4), np.int64(8), np.int64(19), np.int64(12), np.int64(28), np.int64(33), np.int64(54), np.int64(35), np.int64(40), np.int64(19), np.int64(6), np.int64(28), np.int64(48), np.int64(54), np.int64(44), np.int64(62), np.int64(38)]",False,False,0.0,0.0,"[44 44 32 50 55  7 55 55 44 55 36  4  6 50 58  7 32  7 21 33 50 55  7  4
 31 44 33 55 27 37  7 55 55 55 50  9 55 55  7  9  4 31  6 27 55 37 44 61
  7 44 55 36 33 44 21 55  9 21 55  9  9 55 58 44]","[ 6 44 31 50 55 61 55 55  6 55 27  9 21 50 36 44  9 44 21 33 44 55 32 21
 31 36 31 55 32  4 36 55 55 55 21 58 55 55 32  9 27 31 36  7 55 61  9 44
 21  6 55 36 21 44 31 55  9 44 55  9 44 55  7  4]",False,False,0.0,0.0,"[37 44 31 32 55 27 55 55 44 55 36 37 31 50 36 44  9 44 44 33 50 55  9  4
 61 36 58 55 27 61 58 55 55 55 61  9 55 55  7 21 27 31 36 27 55 37 33 27
 27 32 55 37 33 44 37 55 36 50 55 33 44 55 61 44]","[44 44 32 50 55 50 55 55  6 55  9  9  6 50 36 44 32 21 21 33 44 55 32 21
 31 44 21 55 32  4 50 55 55 55 21  9 55 55 32 21  4 50 44  4 55  9  9 50
 27 50 55 31 21 44 31 55  9 21 55  9  9 55 58 44]",False,False,0.0,0.015625,1.0,0.0,0.0,25,0,0,1.0,0.0,0.0,25,0,0,1.0,0.0,0.0,25,0,0,1.0,0.0,0.0,25,0,0,1.0,0.0,0.0,25,0,0,1.0,0.0,0.0,25,0,0,0.04,0.0,0.0,1,0,0,0.04,0.0,0.0,1,0,0
[0 1 1 ... 0 1 1],11,"[30 13 11 49 13 11 31 11 11 33 11 11  5 11  5 39 13 36 51 31 11 31 49  8
  8 40  5 49 34 20 11 11 33 11 11  2 11 20 40 13 11 36  7 46 36 51 11 31
  7 11 51 11 13 10 40  2 49 51 11  7  5  5 40  5]","[10 33 11 10 10 11 58 11 11 33 11 11 40 11  7 56 30 36 31 34 11 31 10 40
  8 36 30 13  7 34 11 11  7 11 11  2 11 10  7 51 11  2  2 46 46 51 11 36
  7 11 51 11 10 49 30 34 40 30 11  7  5  5 51 33]",False,False,0.0,0.0,"[np.int64(21), np.int64(19), np.int64(8), np.int64(16), np.int64(13), np.int64(49), np.int64(46), np.int64(33), np.int64(8), np.int64(63), np.int64(55), np.int64(8), np.int64(29), np.int64(46), np.int64(27), np.int64(62), np.int64(18), np.int64(17), np.int64(45), np.int64(20), np.int64(20), np.int64(21), np.int64(43), np.int64(29), np.int64(15), np.int64(36), np.int64(0), np.int64(12), np.int64(59), np.int64(30), np.int64(41), np.int64(39), np.int64(50), np.int64(63), np.int64(46), np.int64(12), np.int64(15), np.int64(7), np.int64(24), np.int64(10), np.int64(22), np.int64(45), np.int64(48), np.int64(3), np.int64(53), np.int64(58), np.int64(12), np.int64(19), np.int64(11), np.int64(24), np.int64(6), np.int64(18), np.int64(55), np.int64(10), np.int64(24), np.int64(57), np.int64(48), np.int64(44), np.int64(58), np.int64(57), np.int64(7), np.int64(31), np.int64(30), np.int64(53)]","[np.int64(56), np.int64(3), np.int64(61), np.int64(38), np.int64(47), np.int64(0), np.int64(26), np.int64(50), np.int64(25), np.int64(32), np.int64(60), np.int64(57), np.int64(20), np.int64(53), np.int64(9), np.int64(50), np.int64(59), np.int64(12), np.int64(4), np.int64(28), np.int64(55), np.int64(8), np.int64(3), np.int64(6), np.int64(56), np.int64(26), np.int64(5), np.int64(40), np.int64(11), np.int64(50), np.int64(48), np.int64(45), np.int64(32), np.int64(25), np.int64(50), np.int64(17), np.int64(9), np.int64(35), np.int64(25), np.int64(45), np.int64(51), np.int64(4), np.int64(32), np.int64(18), np.int64(35), np.int64(55), np.int64(2), np.int64(60), np.int64(55), np.int64(12), np.int64(50), np.int64(2), np.int64(6), np.int64(44), np.int64(55), np.int64(4), np.int64(50), np.int64(25), np.int64(29), np.int64(0), np.int64(16), np.int64(6), np.int64(3), np.int64(36)]",False,False,0.0,0.0,"[34 33 11 49 13 11 58 11 11 13 11 11 10 11 46 56 30 10 10 34 11  5 20 40
  8 49 40 46 33 20 11 11 10 11 11  5 11 10  7 31 11  2 34  7 10 51 11 31
  7 11 51 11 13 33  7 36 49 51 11 46 36 40 40  5]","[ 2 33 11  7 40 11 33 11 11  2 11 11 20 11  5 21 30 34 46 34 11  5 20  8
  8 33 30  8 34  7 11 11  7 11 11  7 11 30  7 31 11  2 10  7 36  2 11 31
  7 11  8 11  8 10 20 36 49 51 11  7  5 40 30  5]",False,False,0.0,0.0,"[30 33 11  7 40 11 33 11 11  2 11 11 46 11 46 39 13 10 51 31 11  5 58  5
  8 58 46 49 46  7 11 11 58 11 11 30 11 10 40 13 11  2 30 46 49 51 11 13
 58 11 31 11 30 33 40 36 40 51 11 46 36 40 30 46]","[10 33 11  7 40 11 31 11 11 33 11 11 40 11  7 32  5 10 40 34 11  5 10 40
  8 40  5  8  7 34 11 11 10 11 11  7 11 10  7  8 11  2  2  7 51  2 11 31
  7 11  8 11  8 10  7 10 34 51 11  7  5 40 40 33]",False,False,0.0,0.015625,1.0,0.0,0.0,25,0,0,1.0,0.0,0.0,25,0,0,1.0,0.0,0.0,25,0,0,1.0,0.0,0.0,25,0,0,1.0,0.0,0.0,25,0,0,1.0,0.0,0.0,25,0,0,0.04,0.0,0.0,1,0,0,0.04,0.0,0.0,1,0,0
[0 1 1 ... 0 1 1],11,"[30 33 11 49 40 11 31 11 11  2 11 11 46 11 46 56  5 36 20 34 11 46 30 40
  8 34  5 13 46 20 11 11 10 11 11 36 11 10  2  2 11  2 10 46 49  2 11 31
  2 11  7 11  8 20 40 10 34 51 11 36  5 51 51 46]","[34 33 11 49  2 11  2 11 11  2 11 11  5 11  7 55  5 34 31 31 11  5 20  8
  8 30 30 49 46 34 11 11 33 11 11  7 11 10 40 51 11  2 31 46 51  2 11 30
  2 11  7 11 40 10 30 10 34 30 11  7 36 58 20 46]",False,False,0.0,0.0,"[np.int64(63), np.int64(22), np.int64(36), np.int64(57), np.int64(40), np.int64(8), np.int64(14), np.int64(13), np.int64(39), np.int64(42), np.int64(34), np.int64(58), np.int64(21), np.int64(36), np.int64(17), np.int64(53), np.int64(50), np.int64(30), np.int64(6), np.int64(47), np.int64(34), np.int64(44), np.int64(32), np.int64(17), np.int64(47), np.int64(19), np.int64(55), np.int64(41), np.int64(19), np.int64(55), np.int64(26), np.int64(43), np.int64(9), np.int64(3), np.int64(2), np.int64(47), np.int64(14), np.int64(26), np.int64(10), np.int64(63), np.int64(43), np.int64(33), np.int64(59), np.int64(17), np.int64(28), np.int64(49), np.int64(62), np.int64(39), np.int64(9), np.int64(61), np.int64(46), np.int64(3), np.int64(50), np.int64(50), np.int64(40), np.int64(20), np.int64(8), np.int64(25), np.int64(62), np.int64(43), np.int64(40), np.int64(1), np.int64(32), np.int64(48)]","[np.int64(31), np.int64(40), np.int64(24), np.int64(34), np.int64(42), np.int64(60), np.int64(3), np.int64(41), np.int64(52), np.int64(56), np.int64(27), np.int64(10), np.int64(27), np.int64(10), np.int64(52), np.int64(58), np.int64(29), np.int64(44), np.int64(49), np.int64(57), np.int64(9), np.int64(31), np.int64(20), np.int64(52), np.int64(40), np.int64(40), np.int64(21), np.int64(31), np.int64(9), np.int64(59), np.int64(30), np.int64(18), np.int64(44), np.int64(53), np.int64(8), np.int64(27), np.int64(47), np.int64(36), np.int64(41), np.int64(15), np.int64(14), np.int64(12), np.int64(17), np.int64(24), np.int64(17), np.int64(29), np.int64(10), np.int64(12), np.int64(13), np.int64(46), np.int64(60), np.int64(25), np.int64(29), np.int64(37), np.int64(57), np.int64(11), np.int64(32), np.int64(13), np.int64(58), np.int64(59), np.int64(43), np.int64(30), np.int64(1), np.int64(51)]",False,False,0.0,0.0,"[ 2 33 11 10 10 11 49 11 11 13 11 11  8 11  5 28 30 10 46 34 11 31 20  8
  8 36 30 46  8 34 11 11 34 11 11 20 11 30  2  8 11 36 20 46 51  2 11 31
  2 11  8 11 10 49 30 33  2 30 11 49 36 51 13 46]","[34 13 11 10 40 11 49 11 11  2 11 11 40 11  7 56 13 34 20 31 11  5 30  5
  8  7 30  8  8  7 11 11 58 11 11 20 11 30  2 51 11  2 10 46 10  2 11 31
 49 11 13 11 40 10 40 36 49 30 11 30 36  7 51  5]",False,False,0.0,0.0,"[30 33 11  7 40 11 33 11 11  2 11 11 46 11 46 39 13 10 51 31 11  5 58  5
  8 58 46 49 46  7 11 11 58 11 11 30 11 10 40 13 11  2 30 46 49 51 11 13
 58 11 31 11 30 33 40 36 40 51 11 46 36 40 30 46]","[10 33 11  7 40 11 31 11 11 33 11 11 40 11  7 32  5 10 40 34 11  5 10 40
  8 40  5  8  7 34 11 11 10 11 11  7 11 10  7  8 11  2  2  7 51  2 11 31
  7 11  8 11  8 10  7 10 34 51 11  7  5 40 40 33]",False,False,0.0,0.015625,1.0,0.0,0.0,25,0,0,1.0,0.0,0.0,25,0,0,1.0,0.0,0.0,25,0,0,1.0,0.0,0.0,25,0,0,1.0,0.0,0.0,25,0,0,1.0,0.0,0.0,25,0,0,0.04,0.0,0.0,1,0,0,0.04,0.0,0.0,1,0,0
[0 0 0 ... 1 0 0],13,"[26 52 39 52  5 13 13 20 39 23 29 52 23 13 23 13 33 38  5 13 13 19 61 13
 39 38 13 26 26 13 23 61 29 37 15 61 38 13 13 13 52 26 39 38 52 52 52 61
 13 53 48 53 13 13 23 37 26 38 37 20 20 13 38 61]","[15 15 53 29 53 13 13  6 61  6 15 53 15 13  6 13 28 19 38 13 13  5 38 13
 48 38 13 37 29 13 19  5 19 37 19 61 52 13 13 13 53 48 52 38 20  6 53  5
 13 15 20 37 13 13 23 38  6 38  6  6 20 13 39 20]",False,False,0.0,0.0,"[np.int64(15), np.int64(26), np.int64(21), np.int64(3), np.int64(0), np.int64(51), np.int64(52), np.int64(22), np.int64(47), np.int64(43), np.int64(41), np.int64(4), np.int64(24), np.int64(53), np.int64(50), np.int64(0), np.int64(36), np.int64(13), np.int64(59), np.int64(37), np.int64(18), np.int64(25), np.int64(17), np.int64(3), np.int64(2), np.int64(35), np.int64(48), np.int64(43), np.int64(51), np.int64(3), np.int64(8), np.int64(32), np.int64(17), np.int64(55), np.int64(48), np.int64(16), np.int64(63), np.int64(6), np.int64(27), np.int64(36), np.int64(57), np.int64(23), np.int64(59), np.int64(1), np.int64(42), np.int64(14), np.int64(62), np.int64(53), np.int64(19), np.int64(30), np.int64(2), np.int64(43), np.int64(15), np.int64(20), np.int64(6), np.int64(60), np.int64(22), np.int64(1), np.int64(42), np.int64(0), np.int64(25), np.int64(33), np.int64(58), np.int64(58)]","[np.int64(20), np.int64(34), np.int64(7), np.int64(51), np.int64(7), np.int64(56), np.int64(43), np.int64(63), np.int64(41), np.int64(61), np.int64(42), np.int64(39), np.int64(62), np.int64(34), np.int64(27), np.int64(30), np.int64(55), np.int64(16), np.int64(27), np.int64(58), np.int64(6), np.int64(29), np.int64(58), np.int64(56), np.int64(20), np.int64(4), np.int64(21), np.int64(33), np.int64(29), np.int64(10), np.int64(11), np.int64(8), np.int64(52), np.int64(0), np.int64(50), np.int64(60), np.int64(12), np.int64(12), np.int64(19), np.int64(2), np.int64(23), np.int64(44), np.int64(44), np.int64(31), np.int64(22), np.int64(58), np.int64(28), np.int64(9), np.int64(5), np.int64(7), np.int64(58), np.int64(26), np.int64(13), np.int64(16), np.int64(55), np.int64(16), np.int64(63), np.int64(1), np.int64(45), np.int64(49), np.int64(15), np.int64(11), np.int64(61), np.int64(18)]",False,False,0.0,0.0,"[26 15 53 52 53 13 13 20 39 23 29 53 23 13  6 13 33 48  6 13 13 19 26 13
 26 38 13 26 29 13 19 38 53 20 52 38 39 13 13 13 53 26 39 53 20 48 53 61
 13 15 20 37 13 13 48 38 29  5 15 20 20 13 39 29]","[15 61 53 29  5 13 13 29 15  6  5 52 20 13 23 13 30 19  6 13 13 39 61 13
 39 38 13 26 29 13 19  5 29 20 53 61 37 13 13 13 52 26 52  6 37 48 52  5
 13 15 48 53 13 13 39 15  6 38 15  6 20 13 38 29]",False,False,0.0,0.0,"[26 29 39 29 15 13 13 38 39 48 15 52  5 13  6 13 12 48 38 13 13 61 61 13
 52 38 13 23 26 13 52 61 61 53 53 61 52 13 13 13 53 26 52 61 52 52 53 61
 13 53 48 53 13 13 48 37 29 38 61  6 20 13 39 61]","[15 61 39 29  6 13 13  6  6  6 15 53 15 13  6 13 41 19  6 13 13 19 61 13
 29 38 13  5 29 13 19 37 19 37 19 61 19 13 13 13 53 26 19  6 37  6 26 61
 13 15 15 37 13 13 23 15  6 38 15 19 20 13 39 19]",False,False,0.0,0.015625,1.0,0.0,0.0,25,0,0,1.0,0.0,0.0,25,0,0,1.0,0.0,0.0,25,0,0,1.0,0.0,0.0,25,0,0,1.0,0.0,0.0,25,0,0,1.0,0.0,0.0,25,0,0,0.04,0.0,0.0,1,0,0,0.04,0.0,0.0,1,0,0
