As,Source_Nodes,Categorical_Model_Trees,Categorical_True_Trees,Categorical_Model_Mask,Categorical_True_Mask,Categorical_Model_Accuracy,Categorical_True_Accuracy,Random_Model_Trees,Random_True_Trees,Random_Model_Mask,Random_True_Mask,Random_Model_Accuracy,Random_True_Accuracy,Prim_Model_Trees,Prim_True_Trees,Prim_Model_Mask,Prim_True_Mask,Prim_Model_Accuracy,Prim_True_Accuracy,Beam_Model_Trees,Beam_True_Trees,Beam_Model_Mask,Beam_True_Mask,Beam_Model_Accuracy,Beam_True_Accuracy
[0 0 0 ... 0 0 1],63,"[63 32 63 43 45 45 43 43 10 10 63 44 44  0 32 24 58 24 44 27 58  0 45 63
 63 24 58 63 43 50 46 27 63 46 58 46 46 63 50 37 27 10 27 63 63 63 63 37
 50 24 63 10 50  0 45 63 46 45 63 43  0 32 58 63]","[63 23 63 43 32 27 50 44 10 10 63 44 24 23 27 50 43 24 45 55 55 55 55 63
 63 24 58 63 10 50 10 27 63 46 32  0 46 63 46 43 27 10 58 63 63 63 63 37
 24 32 63 10  2 27 23 63 46 45 63 44 44 50 58 63]",True,True,1.0,1.0,"[np.int64(38), np.int64(37), np.int64(37), np.int64(8), np.int64(8), np.int64(4), np.int64(46), np.int64(43), np.int64(42), np.int64(39), np.int64(62), np.int64(8), np.int64(57), np.int64(13), np.int64(5), np.int64(4), np.int64(15), np.int64(37), np.int64(33), np.int64(31), np.int64(60), np.int64(2), np.int64(21), np.int64(45), np.int64(5), np.int64(20), np.int64(8), np.int64(36), np.int64(58), np.int64(17), np.int64(41), np.int64(59), np.int64(51), np.int64(63), np.int64(16), np.int64(3), np.int64(17), np.int64(17), np.int64(37), np.int64(20), np.int64(12), np.int64(60), np.int64(22), np.int64(31), np.int64(4), np.int64(46), np.int64(27), np.int64(18), np.int64(10), np.int64(51), np.int64(37), np.int64(48), np.int64(15), np.int64(20), np.int64(18), np.int64(62), np.int64(33), np.int64(27), np.int64(50), np.int64(31), np.int64(63), np.int64(12), np.int64(45), np.int64(27)]","[np.int64(30), np.int64(4), np.int64(24), np.int64(38), np.int64(40), np.int64(47), np.int64(47), np.int64(1), np.int64(31), np.int64(42), np.int64(40), np.int64(52), np.int64(59), np.int64(50), np.int64(26), np.int64(37), np.int64(31), np.int64(29), np.int64(56), np.int64(7), np.int64(27), np.int64(1), np.int64(5), np.int64(45), np.int64(40), np.int64(38), np.int64(3), np.int64(8), np.int64(63), np.int64(18), np.int64(14), np.int64(37), np.int64(19), np.int64(32), np.int64(13), np.int64(10), np.int64(45), np.int64(60), np.int64(8), np.int64(0), np.int64(52), np.int64(44), np.int64(12), np.int64(25), np.int64(36), np.int64(62), np.int64(35), np.int64(59), np.int64(17), np.int64(1), np.int64(31), np.int64(58), np.int64(16), np.int64(45), np.int64(17), np.int64(17), np.int64(51), np.int64(44), np.int64(18), np.int64(18), np.int64(15), np.int64(54), np.int64(10), np.int64(4)]",False,False,0.0,0.0,"[63 55 63 32 23 45 24 44 10 45 63 27 32  0 27 50 58 32 44 55 55 46 44 63
 63 37 43 63 43 50 46 27 63 46 58 46 46 63 50 43 27  2 58 63 63 63 63 58
 24 32 63 10 50 58 46 63 46 46 63 43  0 58 58 63]","[63 44 63 44 32 45 10 43 10 55 63 44 44 58 55 50 43 32 45 27 58 46 44 63
 63 37 58 63 10 50 50 27 63 46 58  0 46 63 46 37 27 50 58 63 63 63 63 37
 24 44 63 10 58  0  2 63 46 45 63 44 58 24 58 63]",True,True,1.0,1.0,"[63 23 63 32 24 27 10 27 10 10 63 27 24  0 27 24 43 24 44 27 55  0 37 63
 63 24 10 63 10 50 10 27 63 46  0  0 46 63  2 37 27  2 27 63 63 63 63 37
 24 24 63 10  2  0  2 63 46 10 63 23  0 23 58 63]","[63 44 63 44 23 55 24 44 10 10 63 44 44 58 24 44 58 24 44 44 58 55 37 63
 63 24 58 63 58 50 10 55 63 46 58  0 46 63 46 37 27 27 58 63 63 63 63 37
 24 44 63 10 58 58 23 63 46 58 63 44 44 58 58 63]",True,True,1.0,1.0
[0 0 1 ... 0 0 0],8,"[ 3 55 16  8  8  8 21  8  8  3 50  7 61 55  4 56  8  8 25 61 63  8 17 50
  5  8 56 32  8 37 23 32  8 28 62 62 32  8 62 28  7  8 32  4 50  8 50 63
  4 16  8 37 55 55 28  8  8  3  4  7  5  8  8  8]","[56 55 21  8  8  8  5  8  8 25 50  4 41 55 50 25  8  8 25  4  3  8 17 50
 45  8 28 32  8 45 19 62  8 56 45 25 61  8  4 32 41  8 32  4 50  8 37 21
 61  4  8 28 45 25 50  8  8  4 25 28 32  8  8  8]",True,True,1.0,1.0,"[np.int64(21), np.int64(42), np.int64(45), np.int64(41), np.int64(20), np.int64(11), np.int64(35), np.int64(23), np.int64(16), np.int64(63), np.int64(42), np.int64(47), np.int64(22), np.int64(39), np.int64(48), np.int64(1), np.int64(15), np.int64(38), np.int64(12), np.int64(58), np.int64(59), np.int64(47), np.int64(1), np.int64(49), np.int64(2), np.int64(22), np.int64(63), np.int64(47), np.int64(30), np.int64(47), np.int64(59), np.int64(8), np.int64(11), np.int64(25), np.int64(54), np.int64(40), np.int64(63), np.int64(31), np.int64(7), np.int64(26), np.int64(58), np.int64(54), np.int64(43), np.int64(13), np.int64(26), np.int64(3), np.int64(48), np.int64(57), np.int64(47), np.int64(48), np.int64(62), np.int64(6), np.int64(3), np.int64(59), np.int64(41), np.int64(44), np.int64(1), np.int64(19), np.int64(54), np.int64(54), np.int64(40), np.int64(28), np.int64(59), np.int64(21)]","[np.int64(29), np.int64(29), np.int64(46), np.int64(5), np.int64(61), np.int64(28), np.int64(58), np.int64(45), np.int64(6), np.int64(11), np.int64(60), np.int64(19), np.int64(31), np.int64(34), np.int64(35), np.int64(10), np.int64(48), np.int64(49), np.int64(50), np.int64(19), np.int64(37), np.int64(40), np.int64(44), np.int64(39), np.int64(15), np.int64(12), np.int64(33), np.int64(61), np.int64(62), np.int64(3), np.int64(63), np.int64(6), np.int64(44), np.int64(57), np.int64(32), np.int64(24), np.int64(31), np.int64(41), np.int64(37), np.int64(42), np.int64(17), np.int64(50), np.int64(60), np.int64(62), np.int64(0), np.int64(18), np.int64(16), np.int64(42), np.int64(62), np.int64(18), np.int64(32), np.int64(14), np.int64(44), np.int64(24), np.int64(39), np.int64(10), np.int64(27), np.int64(28), np.int64(9), np.int64(59), np.int64(4), np.int64(59), np.int64(41), np.int64(12)]",False,False,0.0,0.0,"[56 61  5  8  8  8 41  8  8 37 32  4 41 55  4 25  8  8  3  4 63  8 17  7
 50  8 56 45  8 45 19 32  8  7 16 45 63  8 16  5 41  8 61 28 50  8  5 63
  4 63  8 37 61 25 50  8  8  4 28 28 63  8  8  8]","[21 61  5  8  8  8  5  8  8  5 32  3 61 21  4 16  8  8  4 32  4  8 21 50
 21  8  4 61  8 37  2 41  8  7 41 62 63  8  4 32 41  8 61 63 50  8  3  3
 61 56  8 37 45 25 25  8  8  4 55 55 32  8  8  8]",True,True,1.0,1.0,"[ 5  5  5  8  8  8  5  8  8  3 21  4 41  5  4 16  8  8  4  4  4  8  3  7
  5  8  4 28  8 37  2  4  8  5 16 25  7  8  4  5  7  8  5  4 50  8  3  3
  4  4  8  7  3 25  5  8  8  4  4  7  5  8  8  8]","[ 5 61 61  8  8  8  5  8  8 61 21  3 61  5  4 25  8  8  5 61 25  8  3 50
  5  8  4 61  8 37 47 21  8  5 21 25 32  8 62 61 41  8 32  4 50  8  5  5
 61 41  8 61 61 25 32  8  8  4 61 28 32  8  8  8]",True,True,1.0,1.0
[0 0 1 ... 0 0 1],29,"[18 22 40 15 29 30 15 15 29 46 36 29 29 30 47 29 46 29 29 61 11 22 29 47
 40 15 38 38 12 29 29 40 30 29 47  8 29  4 29 33 29 22 30 29 36 11 29 29
 33 33 18 18  8  4 47 30 18  4 11 29 33 29 12  4]","[47 38 30 15 29 30 38 15 29 11 40 29 29 30 33 29 11 29 29 61 11 11 29 46
 40 15 38 46 30 29 29 17 15 29 61 12 29 43 29 38 29 22  8 29 36 11 29 29
 11 40 40 40  8 43 46 30 11 43 11 29 38 29 18 40]",True,True,1.0,1.0,"[np.int64(1), np.int64(47), np.int64(59), np.int64(43), np.int64(47), np.int64(39), np.int64(46), np.int64(44), np.int64(44), np.int64(53), np.int64(63), np.int64(48), np.int64(52), np.int64(61), np.int64(14), np.int64(44), np.int64(13), np.int64(57), np.int64(5), np.int64(53), np.int64(50), np.int64(8), np.int64(54), np.int64(56), np.int64(38), np.int64(18), np.int64(49), np.int64(35), np.int64(25), np.int64(20), np.int64(61), np.int64(27), np.int64(42), np.int64(17), np.int64(27), np.int64(4), np.int64(17), np.int64(50), np.int64(18), np.int64(8), np.int64(62), np.int64(9), np.int64(38), np.int64(61), np.int64(55), np.int64(63), np.int64(28), np.int64(61), np.int64(58), np.int64(12), np.int64(57), np.int64(60), np.int64(6), np.int64(0), np.int64(54), np.int64(12), np.int64(50), np.int64(41), np.int64(12), np.int64(49), np.int64(9), np.int64(62), np.int64(11), np.int64(47)]","[np.int64(47), np.int64(61), np.int64(34), np.int64(16), np.int64(6), np.int64(29), np.int64(33), np.int64(41), np.int64(60), np.int64(2), np.int64(2), np.int64(47), np.int64(38), np.int64(2), np.int64(41), np.int64(31), np.int64(35), np.int64(50), np.int64(5), np.int64(41), np.int64(55), np.int64(27), np.int64(53), np.int64(39), np.int64(36), np.int64(19), np.int64(9), np.int64(45), np.int64(15), np.int64(34), np.int64(34), np.int64(57), np.int64(37), np.int64(11), np.int64(57), np.int64(46), np.int64(14), np.int64(25), np.int64(39), np.int64(21), np.int64(24), np.int64(8), np.int64(46), np.int64(17), np.int64(25), np.int64(17), np.int64(5), np.int64(6), np.int64(37), np.int64(0), np.int64(44), np.int64(26), np.int64(29), np.int64(5), np.int64(53), np.int64(44), np.int64(42), np.int64(10), np.int64(54), np.int64(45), np.int64(46), np.int64(29), np.int64(45), np.int64(33)]",False,False,0.0,0.0,"[47 22 40 40 29 22 15 15 29 33 15 29 29 36 47 29 46 29 29 61 15 59 29 46
  4 15 38 46 38 29 29 38 15 29 12 12 29 18 29 22 29 17  4 29 36 38 29 29
 36 43 61 40 36  4 46 30 40 12 18 29 30 29 12 36]","[47 22 38  8 29 11 38 15 29 11 38 29 29 30 22 29 22 29 29 61 11 22 29 22
 33 40 11 38 11 29 29 15 30 29 61 12 29  4 29 22 29  8 46 29 36 11 29 29
 36 12 15 40 15  4 47 30 33 43 18 29 46 29 38  4]",True,True,1.0,1.0,"[ 4 12 30  4 29 11 15 15 29 11 15 29 29 30 33 29 11 29 29 12 11 11 29 30
  4 15  4 18 11 29 29 17 15 29  8  8 29  4 29 33 29  8  4 29 36  4 29 29
 11  4  4 17  8  4 36 30 11  4 11 29 30 29 12  4]","[ 4 38 43  8 29 11 15 15 29 11 15 29 29 30 47 29 11 29 29 15 11 11 29 22
  4 15 11 38 11 29 29 40 15 29  8  8 29  4 29 22 29 11 46 29 36 11 29 29
 11 40 17 17  8  4 46 30 11 43 11 29 46 29 15  4]",True,True,1.0,1.0
[1 0 0 ... 0 1 0],51,"[51 61 52 51 12 27 61  0 14  3 43 51 51 11 51  3 21 34 11 21 51 51 44  0
  0 52 51 51 27 34 20 14 48 39 51 43 52 43 61 51  0 48 26 51 51 26 61 51
 51 34 11 51 51 48 39 26 20  3  0 14  0 51 43 48]","[51 61 52 51  0 27 61 27 26 47 44 51 51 12 51 48 48 34 20 14 51 51 27  0
 43  3 51 51 61 61 52 44 48 21 51 44 43  0 61 51  0 14 34 51 51 52 52 51
 51 21 11 51 51 61 39 11 47 14  0 39 47 51 12 48]",True,True,1.0,1.0,"[np.int64(12), np.int64(22), np.int64(18), np.int64(37), np.int64(49), np.int64(43), np.int64(47), np.int64(47), np.int64(15), np.int64(11), np.int64(51), np.int64(17), np.int64(28), np.int64(43), np.int64(58), np.int64(45), np.int64(37), np.int64(42), np.int64(57), np.int64(10), np.int64(34), np.int64(39), np.int64(19), np.int64(22), np.int64(1), np.int64(47), np.int64(16), np.int64(20), np.int64(43), np.int64(51), np.int64(16), np.int64(37), np.int64(18), np.int64(56), np.int64(38), np.int64(35), np.int64(16), np.int64(45), np.int64(61), np.int64(50), np.int64(38), np.int64(57), np.int64(4), np.int64(62), np.int64(62), np.int64(5), np.int64(9), np.int64(38), np.int64(9), np.int64(1), np.int64(55), np.int64(56), np.int64(23), np.int64(57), np.int64(19), np.int64(3), np.int64(32), np.int64(23), np.int64(43), np.int64(55), np.int64(50), np.int64(5), np.int64(25), np.int64(57)]","[np.int64(6), np.int64(58), np.int64(23), np.int64(21), np.int64(38), np.int64(62), np.int64(20), np.int64(16), np.int64(37), np.int64(36), np.int64(43), np.int64(59), np.int64(23), np.int64(10), np.int64(30), np.int64(45), np.int64(51), np.int64(23), np.int64(62), np.int64(63), np.int64(6), np.int64(6), np.int64(27), np.int64(17), np.int64(24), np.int64(25), np.int64(48), np.int64(63), np.int64(53), np.int64(48), np.int64(60), np.int64(40), np.int64(54), np.int64(59), np.int64(37), np.int64(22), np.int64(24), np.int64(14), np.int64(21), np.int64(22), np.int64(13), np.int64(20), np.int64(47), np.int64(45), np.int64(22), np.int64(26), np.int64(39), np.int64(24), np.int64(32), np.int64(7), np.int64(23), np.int64(58), np.int64(48), np.int64(51), np.int64(45), np.int64(30), np.int64(39), np.int64(63), np.int64(52), np.int64(62), np.int64(9), np.int64(36), np.int64(45), np.int64(10)]",False,False,0.0,0.0,"[51 61 52 51 12 27 48 26 14 12 44 51 51 26 51 47 48  0 39 26 51 51 48  0
  0 47 51 51  3 34 44 14 48  3 51 21 43 43 61 51 26 61 26 51 51 12 27 51
 51  0 11 51 51 48 52 21 47  3 48 39 47 51 20 26]","[51 14 52 51  0 27 47 34 14 12 44 51 51 20 51 48 26 34 39 14 51 51 48  0
  0 21 51 51 27 61 27 44 48 43 51 43 21  0 61 51 43 14 34 51 51 12 61 51
 51 21 27 51 51 21 11 26 20 39 12 39 44 51 43 26]",True,True,1.0,1.0,"[51 14 52 51  0  0 12  0 20  0 43 51 51  0 51  3 21  0  0  3 51 51 11  0
  0  3 51 51  3 34 12 14 21  3 51 21  3  0 61 51  0 14 26 51 51 12 11 51
 51  0 11 51 51  0 11 11 20  3  0 14  0 51 12 26]","[51 61 52 51  0 27 43 27 14  0 43 51 51 12 51 48 26 34  0 21 51 51 27  0
 43 39 51 51 27 34 27 14 48  3 51 43 21 43 61 51 26 27 34 51 51 44 27 51
 51 21 27 51 51 61 39 26 20 39 48 14  3 51 43 48]",True,True,1.0,1.0
[0 0 1 ... 0 0 1],29,"[47 22 30  4 29 22 15 15 29 11 40 29 29 22 47 29 22 29 29 61 11 22 29 30
  4 15 18 18 40 29 29 15 30 29  8  8 29  4 29 38 29 33 47 29 36 38 29 29
 11 43  4 17 36  4 36 30 11 38 18 29 30 29 18 18]","[ 4 38 43 47 29 11 43 15 29 33 15 29 29 36 22 29 22 29 29 61 15 22 29 46
 33 15 11 38 11 29 29 17 15 29  8  8 29  4 29 22 29 11 47 29 36 43 29 29
 33 40 17 18  8  4 46 30 33  4 11 29 38 29  8  4]",True,True,1.0,1.0,"[np.int64(1), np.int64(29), np.int64(9), np.int64(35), np.int64(1), np.int64(2), np.int64(51), np.int64(1), np.int64(61), np.int64(33), np.int64(52), np.int64(47), np.int64(39), np.int64(39), np.int64(5), np.int64(31), np.int64(43), np.int64(32), np.int64(50), np.int64(49), np.int64(19), np.int64(58), np.int64(2), np.int64(48), np.int64(42), np.int64(27), np.int64(35), np.int64(2), np.int64(10), np.int64(52), np.int64(15), np.int64(42), np.int64(41), np.int64(23), np.int64(46), np.int64(25), np.int64(61), np.int64(15), np.int64(40), np.int64(30), np.int64(36), np.int64(51), np.int64(34), np.int64(60), np.int64(42), np.int64(39), np.int64(1), np.int64(62), np.int64(16), np.int64(12), np.int64(2), np.int64(30), np.int64(50), np.int64(61), np.int64(26), np.int64(0), np.int64(11), np.int64(60), np.int64(19), np.int64(32), np.int64(45), np.int64(1), np.int64(50), np.int64(9)]","[np.int64(19), np.int64(51), np.int64(51), np.int64(47), np.int64(5), np.int64(13), np.int64(45), np.int64(35), np.int64(31), np.int64(40), np.int64(57), np.int64(3), np.int64(27), np.int64(13), np.int64(6), np.int64(30), np.int64(6), np.int64(45), np.int64(61), np.int64(62), np.int64(16), np.int64(2), np.int64(11), np.int64(50), np.int64(26), np.int64(33), np.int64(57), np.int64(21), np.int64(12), np.int64(0), np.int64(12), np.int64(8), np.int64(49), np.int64(61), np.int64(26), np.int64(60), np.int64(28), np.int64(43), np.int64(16), np.int64(1), np.int64(58), np.int64(29), np.int64(14), np.int64(0), np.int64(39), np.int64(38), np.int64(52), np.int64(20), np.int64(49), np.int64(61), np.int64(63), np.int64(47), np.int64(36), np.int64(40), np.int64(58), np.int64(8), np.int64(38), np.int64(63), np.int64(57), np.int64(63), np.int64(39), np.int64(54), np.int64(53), np.int64(9)]",False,False,0.0,0.0,"[18 46 30  8 29 15 47 59 29 33 15 29 29 30 33 29 36 29 29 12 15 17 29 46
 33 15 18 38 30 29 29 38 15 29 15 12 29 43 29 38 29 33 46 29 36  4 29 29
 11 33 33 18 36  4 61 30 11 59 18 29 47 29 12 36]","[ 4 46 33  8 29 30 43 59 29 11 40 29 29 30 47 29 11 29 29 18 11 11 29 47
 30 40 11 46 40 29 29 40 30 29 12 12 29 18 29 38 29 38 47 29 36 40 29 29
 11  4 61 17  8 43 36 30 33 59 18 29 33 29 15 40]",True,True,1.0,1.0,"[ 4 12 30  4 29 11 15 15 29 11 15 29 29 30 33 29 11 29 29 12 11 11 29 30
  4 15  4 18 11 29 29 17 15 29  8  8 29  4 29 33 29  8  4 29 36  4 29 29
 11  4  4 17  8  4 36 30 11  4 11 29 30 29 12  4]","[ 4 38 43  8 29 11 15 15 29 11 15 29 29 30 47 29 11 29 29 15 11 11 29 22
  4 15 11 38 11 29 29 40 15 29  8  8 29  4 29 22 29 11 46 29 36 11 29 29
 11 40 17 17  8  4 46 30 11 43 11 29 46 29 15  4]",True,True,1.0,1.0
[0 0 0 ... 0 0 0],23,"[23 23 62 23 28 40 49 18 29 40  1  0 18 40 62 40 55 23 23  3  0 49 23 23
 52 49 17 17 23 23  0 42  1 49 22 22 17 42 62 22 23  1 23  3 52 34 49 40
  0 23 40  1 23 52 49 23 55  3 28 22 17  0 23  3]","[23 23 62 23 28 18 28 22 29 40 55 28  3 40  1 40  0 23 23  3  0  1 23 23
 22 62 40 17 23 23 28 40 28 49 42 22 40 22  1 22 23  3 23 17 22 60 49 55
 42 23  0 28 23 22 49 23 22 55 17 55 28 17 23 49]",True,True,1.0,1.0,"[np.int64(14), np.int64(53), np.int64(59), np.int64(37), np.int64(16), np.int64(36), np.int64(34), np.int64(30), np.int64(11), np.int64(10), np.int64(36), np.int64(14), np.int64(14), np.int64(13), np.int64(42), np.int64(13), np.int64(18), np.int64(28), np.int64(49), np.int64(27), np.int64(63), np.int64(43), np.int64(0), np.int64(54), np.int64(63), np.int64(58), np.int64(9), np.int64(55), np.int64(13), np.int64(41), np.int64(52), np.int64(40), np.int64(32), np.int64(60), np.int64(56), np.int64(59), np.int64(44), np.int64(10), np.int64(50), np.int64(23), np.int64(22), np.int64(56), np.int64(2), np.int64(31), np.int64(26), np.int64(58), np.int64(60), np.int64(18), np.int64(28), np.int64(35), np.int64(51), np.int64(12), np.int64(34), np.int64(16), np.int64(22), np.int64(36), np.int64(21), np.int64(5), np.int64(48), np.int64(12), np.int64(13), np.int64(4), np.int64(14), np.int64(11)]","[np.int64(42), np.int64(12), np.int64(24), np.int64(47), np.int64(27), np.int64(4), np.int64(36), np.int64(62), np.int64(1), np.int64(12), np.int64(44), np.int64(20), np.int64(14), np.int64(35), np.int64(6), np.int64(47), np.int64(11), np.int64(13), np.int64(61), np.int64(60), np.int64(55), np.int64(4), np.int64(52), np.int64(36), np.int64(20), np.int64(11), np.int64(51), np.int64(44), np.int64(32), np.int64(18), np.int64(23), np.int64(11), np.int64(38), np.int64(21), np.int64(15), np.int64(18), np.int64(22), np.int64(6), np.int64(51), np.int64(41), np.int64(18), np.int64(3), np.int64(37), np.int64(49), np.int64(36), np.int64(33), np.int64(6), np.int64(58), np.int64(41), np.int64(50), np.int64(4), np.int64(55), np.int64(51), np.int64(38), np.int64(32), np.int64(61), np.int64(11), np.int64(25), np.int64(54), np.int64(25), np.int64(15), np.int64(34), np.int64(33), np.int64(39)]",False,False,0.0,0.0,"[23 23  3 23  0 40  0 29  3 55 40 55 18 40  1 29 42 23 23  3 22 40 23 23
 42 28 52 17 23 23 49 40 28 49 22 29 17 22 28 28 23  3 23  0 29 34 42 40
  0 23 18 52 23 52 40 23 22 55 49 55 17 17 23 40]","[23 23 28 23  0 18  1 29 18  3 55 28 18 40 62 29 42 23 23 29  0 40 23 23
 22 28 17 17 23 23  1 42 28 49 42  3 17 42 62  1 23  1 23 28 22 59 49 40
 42 23  0  0 23 62 40 23 22 42 49 55 28  0 23  0]",True,True,1.0,1.0,"[23 23  3 23  0  1  0 18  3  0  1  0  3 40  1 17  0 23 23  3  3  1 23 23
 22 28 17 18 23 23  1 40  1 49 22  3 17 22  1  1 23  3 23  0  1  2 17 40
  0 23  0  1 23 22 40 23 17  3 17 18 17  0 23  0]","[23 23 28 23 28 18 28 29 29 40  1 28  3 40 49 28  0 23 23 29  3 40 23 23
 22 28 28 18 23 23 28 42 28 49 22 22 18 22 28 28 23  1 23 28 29 60 42 40
 42 23 40 28 23 22 40 23 28 42 28 22 28  0 23 29]",True,True,1.0,1.0
[1 0 1 ... 0 0 0],1,"[42  1  1 33 52  1 39  1  1  5 31 33 52 39  1  1  2  1 51 15  8 38 38 52
 14 15 29 14 51  1 39  1 15  1 51 15  7 17  1  1 52  5  1 14  5 33 38  7
 51  2  2  1  1 17 31 29 33 15 17  8 42  7 52  7]","[51  1  1 33 52  1  5  1  1 42 31 33 14 39  1  1 52  1  7 29  7 29 29 52
 29 14 42 17 14  1 51  1 33  1 51 17 31 52  1  1 52 17  1 39  5 38 51  7
 51  2 39  1  1 14 38 29  5 14  2 14 14 14 29 51]",True,True,1.0,1.0,"[np.int64(10), np.int64(22), np.int64(48), np.int64(10), np.int64(41), np.int64(58), np.int64(8), np.int64(33), np.int64(20), np.int64(15), np.int64(46), np.int64(48), np.int64(30), np.int64(11), np.int64(41), np.int64(20), np.int64(37), np.int64(63), np.int64(63), np.int64(45), np.int64(31), np.int64(16), np.int64(37), np.int64(62), np.int64(59), np.int64(55), np.int64(51), np.int64(25), np.int64(14), np.int64(41), np.int64(9), np.int64(38), np.int64(46), np.int64(20), np.int64(15), np.int64(37), np.int64(10), np.int64(12), np.int64(57), np.int64(26), np.int64(7), np.int64(11), np.int64(2), np.int64(52), np.int64(20), np.int64(2), np.int64(54), np.int64(32), np.int64(6), np.int64(46), np.int64(61), np.int64(53), np.int64(63), np.int64(23), np.int64(12), np.int64(16), np.int64(0), np.int64(37), np.int64(33), np.int64(5), np.int64(60), np.int64(17), np.int64(17), np.int64(35)]","[np.int64(52), np.int64(34), np.int64(0), np.int64(17), np.int64(23), np.int64(55), np.int64(54), np.int64(56), np.int64(20), np.int64(16), np.int64(54), np.int64(3), np.int64(63), np.int64(4), np.int64(26), np.int64(28), np.int64(56), np.int64(53), np.int64(53), np.int64(42), np.int64(44), np.int64(53), np.int64(28), np.int64(18), np.int64(61), np.int64(55), np.int64(14), np.int64(39), np.int64(2), np.int64(6), np.int64(4), np.int64(23), np.int64(9), np.int64(5), np.int64(30), np.int64(50), np.int64(62), np.int64(39), np.int64(2), np.int64(30), np.int64(22), np.int64(47), np.int64(53), np.int64(31), np.int64(18), np.int64(35), np.int64(44), np.int64(63), np.int64(34), np.int64(2), np.int64(14), np.int64(6), np.int64(60), np.int64(53), np.int64(19), np.int64(6), np.int64(61), np.int64(52), np.int64(48), np.int64(12), np.int64(10), np.int64(1), np.int64(34), np.int64(25)]",False,False,0.0,0.0,"[33  1  1 33 42  1  5  1  1 33 51 33 33 39  1  1 52  1 52 14  7 29 39  5
 39 14 29  5 51  1 14  1 15  1 51  2 31 17  1  1 52 17  1 39  8 14  7 42
 51 17 15  1  1 52 38 52 33 15 29  8  2 38 15  7]","[38  1  1 29 14  1 39  1  1  5  8 51 17 39  1  1 52  1  7 38  7 33 39 31
 29 51 29 38 29  1 14  1 15  1 51 51  7 52  1  1 52 17  1 39 29 14 17 39
 51 17 14  1  1 14 38 29 39 15  2  2 39  8 15 52]",True,True,1.0,1.0,"[ 2  1  1 15  8  1  5  1  1  5  2 33 14 39  1  1  2  1  7 14  5 14  7  5
 14  5 29  5 14  1  7  1 15  1 51  2  2 17  1  1 39  2  1 14  5  5  2  2
  5  2  2  1  1  5 31 29  5 14  2  2  2  7  2  7]","[ 7  1  1 29 14  1 39  1  1 42  7 51 14 52  1  1 52  1 14 29  7 29  7 31
 29 14 42 14 29  1 14  1 33  1 51 14  7 52  1  1 52 14  1 14 29 14 14 29
 38 51 14  1  1 14 38 29 39 14 29 14 14 14 29 51]",True,True,1.0,1.0
[0 1 0 ... 0 1 0],62,"[ 6 41 63 62 62  3 62  6 62 41 47 41 61  8  8 63 19  8 47 62  3  3  3 62
 23  8 62 19 48 41 39 63 19 19  3 48 47  8 26 62  3 62 26 47  6 48 39 62
 62 23 39  8 26 19  6 39  6 39 19 47  4 62 62 62]","[ 6 41 63 62 62  3 62  6 62 39 47  6 39  8 47  4 26 41 47 62 23 61 48 62
 23  6 62 61 61 41 39 63 19 41 63 48 39  8  8 62  3 62 39 47  6 48 19 62
 62 23  6  8 26 19 23 39 19 41 26 47 63 62 62 62]",True,True,1.0,1.0,"[np.int64(53), np.int64(57), np.int64(17), np.int64(49), np.int64(8), np.int64(7), np.int64(59), np.int64(9), np.int64(47), np.int64(57), np.int64(12), np.int64(47), np.int64(24), np.int64(11), np.int64(28), np.int64(24), np.int64(21), np.int64(47), np.int64(16), np.int64(38), np.int64(37), np.int64(11), np.int64(0), np.int64(2), np.int64(56), np.int64(2), np.int64(36), np.int64(7), np.int64(4), np.int64(0), np.int64(48), np.int64(16), np.int64(12), np.int64(3), np.int64(34), np.int64(49), np.int64(22), np.int64(32), np.int64(4), np.int64(4), np.int64(29), np.int64(57), np.int64(58), np.int64(10), np.int64(55), np.int64(36), np.int64(59), np.int64(50), np.int64(61), np.int64(55), np.int64(53), np.int64(55), np.int64(19), np.int64(8), np.int64(56), np.int64(52), np.int64(37), np.int64(24), np.int64(46), np.int64(49), np.int64(31), np.int64(12), np.int64(15), np.int64(11)]","[np.int64(16), np.int64(4), np.int64(5), np.int64(60), np.int64(28), np.int64(5), np.int64(4), np.int64(50), np.int64(27), np.int64(43), np.int64(9), np.int64(48), np.int64(45), np.int64(61), np.int64(50), np.int64(4), np.int64(7), np.int64(9), np.int64(39), np.int64(0), np.int64(18), np.int64(25), np.int64(46), np.int64(62), np.int64(60), np.int64(27), np.int64(23), np.int64(12), np.int64(63), np.int64(6), np.int64(14), np.int64(26), np.int64(28), np.int64(39), np.int64(32), np.int64(21), np.int64(14), np.int64(62), np.int64(35), np.int64(0), np.int64(32), np.int64(37), np.int64(58), np.int64(15), np.int64(14), np.int64(12), np.int64(32), np.int64(37), np.int64(49), np.int64(2), np.int64(17), np.int64(28), np.int64(3), np.int64(36), np.int64(53), np.int64(62), np.int64(20), np.int64(23), np.int64(29), np.int64(56), np.int64(49), np.int64(16), np.int64(7), np.int64(9)]",False,False,0.0,0.0,"[ 4 41 48 62 62  3 62 41 62 39 47  6 61  8  8  4  6 41  4 62 23 61 23 62
 41 63 62  4 61 26 39  3 47 19  3 48 39 47 19 62 26 62 39 47 26 48 19 62
 62 48 39 39 26 19  6 39 19 19 19 39 48 62 62 62]","[41 41  3 62 62  3 62 63 62 39 26 41 61  8  8 19  6 41 61 62 23  3 48 62
 23  8 62  4 47 26 39 63 47 19 63  8 47 41 19 62  3 62 39 47  6 48  6 62
 62 48  6 39 26 19 23 39  4 39  4 41  4 62 62 62]",True,True,1.0,1.0,"[ 4 41  3 62 62  3 62  6 62  6  4  6  3  8  8  4  6  3  4 62  3  3  3 62
 23  6 62  4  3 26 39  3 19 19  3  8  3  8  8 62  3 62 26 23  6 48  6 62
 62 23  6  8 26  3  6 39  4  8  4 39  4 62 62 62]","[ 6 41  3 62 62  3 62 63 62  6  6 23 39  8 47  4  6 41 47 62  3 61  3 62
 26  6 62 61  3 26 39  3 47 41  3 48 39 41 26 62  3 62 26 23 26 48  6 62
 62 48 48  8 26 41  6 39  6 41 26 41 23 62 62 62]",True,True,1.0,1.0
[0 1 0 ... 0 1 0],15,"[63 18 14 18 15 57 15 27 27 16 46 31 42 63 15 15 15 57 15 16 14 27 23 15
 59  6 16 15 46  6  6 15  4 27 46 44 59 63 59 57 16 23 15 31 15 18 15 46
 57 55 42 63 27 42  6 15  6 15 23 15 63 27 16 15]","[46 42 44 18 15  4 15  4 14 23 31 46 42 27 15 15 15 59 15 42 14 27 23 15
 63  6 63 15 46  6 23 15  4 31 46 44 59 16 27 57 16  6 15 59 15 18 15 14
  6 55 23 42 27 42 63 15 59 15 23 15 23  4 16 15]",True,True,1.0,1.0,"[np.int64(17), np.int64(14), np.int64(1), np.int64(33), np.int64(18), np.int64(0), np.int64(47), np.int64(30), np.int64(36), np.int64(61), np.int64(56), np.int64(12), np.int64(48), np.int64(1), np.int64(40), np.int64(62), np.int64(59), np.int64(58), np.int64(20), np.int64(59), np.int64(48), np.int64(23), np.int64(32), np.int64(3), np.int64(45), np.int64(4), np.int64(26), np.int64(31), np.int64(36), np.int64(45), np.int64(58), np.int64(39), np.int64(25), np.int64(39), np.int64(30), np.int64(8), np.int64(0), np.int64(1), np.int64(2), np.int64(45), np.int64(58), np.int64(34), np.int64(35), np.int64(57), np.int64(42), np.int64(62), np.int64(3), np.int64(9), np.int64(17), np.int64(18), np.int64(21), np.int64(24), np.int64(56), np.int64(32), np.int64(3), np.int64(45), np.int64(8), np.int64(6), np.int64(43), np.int64(2), np.int64(24), np.int64(35), np.int64(47), np.int64(5)]","[np.int64(1), np.int64(44), np.int64(40), np.int64(35), np.int64(31), np.int64(33), np.int64(56), np.int64(18), np.int64(40), np.int64(49), np.int64(24), np.int64(12), np.int64(52), np.int64(29), np.int64(56), np.int64(14), np.int64(55), np.int64(54), np.int64(49), np.int64(3), np.int64(8), np.int64(24), np.int64(0), np.int64(44), np.int64(33), np.int64(28), np.int64(42), np.int64(51), np.int64(7), np.int64(47), np.int64(17), np.int64(3), np.int64(10), np.int64(43), np.int64(27), np.int64(12), np.int64(38), np.int64(40), np.int64(39), np.int64(62), np.int64(2), np.int64(62), np.int64(63), np.int64(38), np.int64(13), np.int64(47), np.int64(39), np.int64(9), np.int64(41), np.int64(31), np.int64(52), np.int64(48), np.int64(18), np.int64(21), np.int64(20), np.int64(30), np.int64(20), np.int64(0), np.int64(18), np.int64(34), np.int64(47), np.int64(52), np.int64(37), np.int64(47)]",False,False,0.0,0.0,"[46 18 44 18 15  6 15  4 14  4 31 46  4 63 15 15 15 14 15 55  6 27 44 15
 63  6 16 15 59 63  6 15 59 14 59 44 59 63 27 27 16 14 15 31 15 18 15  4
 55 23 46 63 42 55  6 15 55 15 63 15 63 27 16 15]","[55 42 63 14 15 31 15  4 14  4 31 18 42 44 15 15 15  4 15 42 14 27 23 15
 63  6 59 15 31 63 18 15  4 14 59 57 59 63 44 57 16 14 15 55 15 18 15  6
 57 14 46 63 44 55 63 15 59 15 23 15  6  4 16 15]",True,True,1.0,1.0,"[ 4 18 14 14 15  6 15  4 14  4 31 18  4 27 15 15 15  4 15 14  6 27 23 15
 16  6 16 15  4  6  6 15  4 14 46  4 59 16  6  6 16  4 15  4 15 18 15  4
  6  6 16 42 27 42  6 15  6 15 23 15  6  4 16 15]","[ 4 42 44 14 15 42 15  4 14 23 46 59  4 44 15 15 15 14 15 14 14 27 57 15
 16  6 27 15  4  6  6 15  4 14 59 57 59 57 44 57 16 14 15  4 15 18 15 14
  6  6 23 42 42 42 63 15 42 15 42 15  6  4 16 15]",True,True,1.0,1.0
[0 1 0 ... 0 0 0],49,"[39 25 25 44 21 27 36 24 44 12 24 50 49 60 24 50 36 21 24 27 36 49 44 21
 49 49 12 49 46 24 43 46 21 25 27 24 49 25 46 49 21 12 12 49 49 21 49 44
 24 49 49 24 39 12 50 27 25 46 27 44 43 25 27 12]","[43 44 36 25 21 27 44 43 44 36 21 36 49 11 27 50 21 44 24 27 46 49 44 50
 49 49 12 49 43 27 43 46 27 25 46 36 49 46 46 49 12 12 24 49 49 44 49 44
 24 49 49 24 39 36 43 27 27 46 44 44 39 25 46 12]",True,True,1.0,1.0,"[np.int64(37), np.int64(10), np.int64(61), np.int64(44), np.int64(38), np.int64(44), np.int64(7), np.int64(2), np.int64(21), np.int64(10), np.int64(54), np.int64(41), np.int64(47), np.int64(24), np.int64(26), np.int64(12), np.int64(41), np.int64(2), np.int64(10), np.int64(7), np.int64(10), np.int64(43), np.int64(35), np.int64(49), np.int64(22), np.int64(25), np.int64(33), np.int64(15), np.int64(27), np.int64(6), np.int64(56), np.int64(56), np.int64(1), np.int64(17), np.int64(58), np.int64(5), np.int64(10), np.int64(21), np.int64(1), np.int64(25), np.int64(20), np.int64(10), np.int64(27), np.int64(53), np.int64(11), np.int64(16), np.int64(5), np.int64(39), np.int64(53), np.int64(56), np.int64(46), np.int64(60), np.int64(20), np.int64(15), np.int64(14), np.int64(43), np.int64(24), np.int64(59), np.int64(39), np.int64(59), np.int64(12), np.int64(59), np.int64(59), np.int64(8)]","[np.int64(4), np.int64(54), np.int64(44), np.int64(22), np.int64(63), np.int64(58), np.int64(53), np.int64(32), np.int64(38), np.int64(0), np.int64(38), np.int64(38), np.int64(61), np.int64(15), np.int64(35), np.int64(7), np.int64(6), np.int64(6), np.int64(35), np.int64(45), np.int64(7), np.int64(21), np.int64(57), np.int64(34), np.int64(4), np.int64(38), np.int64(18), np.int64(43), np.int64(6), np.int64(6), np.int64(53), np.int64(0), np.int64(44), np.int64(12), np.int64(61), np.int64(57), np.int64(53), np.int64(52), np.int64(27), np.int64(18), np.int64(31), np.int64(9), np.int64(57), np.int64(6), np.int64(55), np.int64(56), np.int64(30), np.int64(21), np.int64(34), np.int64(32), np.int64(23), np.int64(7), np.int64(52), np.int64(61), np.int64(38), np.int64(28), np.int64(21), np.int64(14), np.int64(28), np.int64(54), np.int64(0), np.int64(57), np.int64(62), np.int64(10)]",False,False,0.0,0.0,"[43 44 36 21 27 24 44 12 44 12 24 50 49 60 24 50 21 44 43 36 44 49 44 50
 49 49 12 49 12 12 43 12 27 25 36 36 49 43 46 49 21 36 25 49 49 44 49 46
 24 49 49 24 44 39 43 39 46 36 50 44 43 25 46 12]","[39 44 44 44 27 27 36 43 44 12 21 44 49 51 27 25 21 21 43 24 21 49 44 25
 49 49 12 49 21 24 43 44 27 25 46 24 49 25 46 49 21 36 46 49 49 27 49 21
 21 49 49 43 12 12 25 27 39 44 44 25 39 25 27 50]",True,True,1.0,1.0,"[39 25 25 27 27 27 36 12 27 12 27 36 49  2 27 25 21 21 24 27 21 49 44 21
 49 49 12 49 12 12 43 12 21 25 12 24 49 25 46 49 12 12 12 49 49 21 49 21
 12 49 49 24 12 12 25 27 25 36 27 25 39 25 27 12]","[39 25 36 25 27 27 36 21 24 36 27 36 49 23 27 25 21 21 24 36 36 49 44 25
 49 49 12 49 21 27 43 46 27 25 27 36 49 46 44 49 21 36 46 49 49 27 49 39
 21 49 49 24 36 36 25 27 27 46 27 25 39 25 27 50]",True,True,1.0,1.0
[0 0 0 ... 0 0 1],48,"[30 42 31 48 18 24 34 30 48  3 18 48 11 31 24 34 11 11 48 49 58 42 59 18
 48 11 11 59 31 31 48 48 30 59 48 57 42 30 59  3 24 48 48 31  8  8 24 11
 48 48 57  3 24 31 57  3  8 48 48 48 41 35  3 57]","[34 42 59 48 24 41 34 30 48  3 34 48 31 34 30 18 18 30 48 24 58 49 18 18
 48 11 24 30 31 31 48 48 30 59 48  3 41 30 42  3 24 48 48 30 31  8 57 11
 48 48 57 11 42 59 57  3 41 48 48 48 49  4 49 30]",True,True,1.0,1.0,"[np.int64(5), np.int64(15), np.int64(19), np.int64(61), np.int64(37), np.int64(63), np.int64(39), np.int64(15), np.int64(15), np.int64(16), np.int64(39), np.int64(29), np.int64(0), np.int64(40), np.int64(19), np.int64(21), np.int64(40), np.int64(35), np.int64(3), np.int64(53), np.int64(49), np.int64(29), np.int64(52), np.int64(41), np.int64(55), np.int64(22), np.int64(49), np.int64(1), np.int64(60), np.int64(11), np.int64(37), np.int64(11), np.int64(46), np.int64(61), np.int64(55), np.int64(37), np.int64(28), np.int64(15), np.int64(16), np.int64(3), np.int64(28), np.int64(15), np.int64(61), np.int64(55), np.int64(23), np.int64(63), np.int64(0), np.int64(56), np.int64(35), np.int64(35), np.int64(17), np.int64(10), np.int64(54), np.int64(10), np.int64(22), np.int64(8), np.int64(21), np.int64(34), np.int64(13), np.int64(11), np.int64(11), np.int64(45), np.int64(50), np.int64(51)]","[np.int64(58), np.int64(31), np.int64(7), np.int64(59), np.int64(48), np.int64(21), np.int64(8), np.int64(7), np.int64(8), np.int64(44), np.int64(19), np.int64(3), np.int64(55), np.int64(33), np.int64(52), np.int64(48), np.int64(59), np.int64(63), np.int64(47), np.int64(17), np.int64(32), np.int64(2), np.int64(43), np.int64(22), np.int64(8), np.int64(28), np.int64(16), np.int64(24), np.int64(28), np.int64(14), np.int64(40), np.int64(62), np.int64(51), np.int64(61), np.int64(48), np.int64(42), np.int64(53), np.int64(24), np.int64(25), np.int64(27), np.int64(37), np.int64(16), np.int64(2), np.int64(3), np.int64(25), np.int64(49), np.int64(63), np.int64(44), np.int64(59), np.int64(25), np.int64(36), np.int64(47), np.int64(21), np.int64(1), np.int64(29), np.int64(18), np.int64(16), np.int64(52), np.int64(1), np.int64(13), np.int64(27), np.int64(32), np.int64(12), np.int64(41)]",False,False,0.0,0.0,"[30 42 59 48 34 41 57 41 48 49 34 48 24 59 31 24 11 59 48 24 58 30 24 18
 48  3 58  8 31 31 48 48 24 59 48 34 42 18 34 49 49 48 48 34 31  8 11 49
 48 48 49 11 42 24  3 58 49 48 48 48 24 17 49 24]","[30 42 31 48 24 41 34 30 48 24 24 48 59 34 24 34 18 58 48 24 57 49 30 18
 48 11 58 30 31 31 48 48 30 59 48 34 42 18 42 49 42 48 48 49 31 24 11 24
 48 48 49 11 24 59 30  3 49 48 48 48 41 21 49 30]",True,True,1.0,1.0,"[34 42 24 48  8  3 34 30 48  3  3 48 24 31  3 18 11 11 48 24 58 30 18  8
 48  3 11  3 31 31 48 48 24 42 48  3 11 11 34  3 24 48 48 31  8  3 11 24
 48 48  3  3 24 24  3  3  8 48 48 48  8  2  3 11]","[30 42 59 48 34 49 34 30 48 49 34 48 34 30 18 34 11 34 48 57 57 30 18 18
 48 11 24 57 31 31 48 48 24 59 48 34 42 30 34 57 57 48 48 49 31  8 57 49
 48 48 49 24 42 59 57 58 57 48 48 48 57  2 49 30]",True,True,1.0,1.0
[1 0 1 ... 0 0 0],7,"[10 50  7 37  5  7  2  7 10  7  7 21  9 53 53 53 50  7 17 34 53  7  9 31
 17  5 24 62 58 34 35  7  5 53  7  7 31  7 53 53  9 31 21  9 10  2 50 34
 10 50  7 62 58  7 25 35  5 58  7  5  5 50  7 50]","[ 2  2  7  5  5  7  2  7 53  7  7 37  9 53 62 53 10  7  2 58 31  7 17 31
 17  5 52 17 10 34 10  7 53 53  7  7 31  7 53 10  2 34 21 10 31  2 31 31
 62 10  7 21  5  7 33 35  5 58  7 62  5 50  7 50]",True,True,1.0,1.0,"[np.int64(26), np.int64(33), np.int64(51), np.int64(58), np.int64(63), np.int64(28), np.int64(28), np.int64(44), np.int64(23), np.int64(38), np.int64(41), np.int64(33), np.int64(56), np.int64(62), np.int64(39), np.int64(53), np.int64(3), np.int64(24), np.int64(60), np.int64(6), np.int64(5), np.int64(16), np.int64(27), np.int64(21), np.int64(33), np.int64(30), np.int64(33), np.int64(7), np.int64(6), np.int64(27), np.int64(50), np.int64(26), np.int64(32), np.int64(40), np.int64(22), np.int64(44), np.int64(11), np.int64(12), np.int64(40), np.int64(22), np.int64(52), np.int64(34), np.int64(34), np.int64(11), np.int64(49), np.int64(40), np.int64(34), np.int64(28), np.int64(48), np.int64(8), np.int64(50), np.int64(4), np.int64(33), np.int64(21), np.int64(47), np.int64(32), np.int64(6), np.int64(63), np.int64(24), np.int64(51), np.int64(14), np.int64(61), np.int64(5), np.int64(37)]","[np.int64(5), np.int64(5), np.int64(4), np.int64(2), np.int64(60), np.int64(59), np.int64(40), np.int64(9), np.int64(53), np.int64(58), np.int64(42), np.int64(15), np.int64(12), np.int64(23), np.int64(8), np.int64(23), np.int64(28), np.int64(45), np.int64(6), np.int64(22), np.int64(62), np.int64(6), np.int64(17), np.int64(40), np.int64(23), np.int64(26), np.int64(14), np.int64(50), np.int64(54), np.int64(45), np.int64(21), np.int64(47), np.int64(5), np.int64(11), np.int64(17), np.int64(15), np.int64(17), np.int64(9), np.int64(43), np.int64(43), np.int64(22), np.int64(20), np.int64(1), np.int64(39), np.int64(29), np.int64(39), np.int64(16), np.int64(43), np.int64(13), np.int64(55), np.int64(8), np.int64(1), np.int64(27), np.int64(10), np.int64(20), np.int64(22), np.int64(24), np.int64(21), np.int64(8), np.int64(54), np.int64(34), np.int64(52), np.int64(14), np.int64(43)]",False,False,0.0,0.0,"[10  2  7  2  5  7 34  7 53  7  7  2 35 53 53 53 34  7 17 34 31  7 31  5
 17  5 24 62 10 34  9  7 21 53  7  7 37  7  2 21 17 58 21  2 31  2 50 37
 62  5  7 21 21  7 20 35  5 58  7  5 10 50  7 10]","[10  2  7  5  5  7 35  7 21  7  7 58  9 35 62 53 10  7  2 58 53  7  9 17
 17  5 47 31 58 34 21  7 21 58  7  7 37  7 53 17 10 34 21 37 10  2 35 37
 10  5  7 35 58  7 39  5 37 58  7 62  5 50  7 31]",True,True,1.0,1.0,"[ 2  2  7  2  5  7  2  7  5  7  7  2  9 35  2 53  2  7  2 34 31  7  9  5
  2  5  1 10  5 34  9  7  5 53  7  7 31  7  2  2  2 31 21  2 10  2  2  2
 10  5  7 10  2  7  1  2  5 58  7  5  2 50  7 10]","[10 53  7  5  5  7 35  7 10  7  7 10 35 53 62 53 10  7 17 58 31  7 17  5
 17  5 19 10 10 34 10  7  5 53  7  7 37  7 53 10 17 34 21 10 10  2 10 37
 10 10  7 10 58  7 20 35  5 58  7  5 10 50  7 10]",True,True,1.0,1.0
[0 1 0 ... 0 0 0],49,"[43 25 25 25 24 27 44 12 21 12 21 50 49 62 24 21 43 21 24 24 46 49 44 27
 49 49 12 49 43 12 43 46 21 25 12 36 49 46 44 49 12 12 36 49 49 21 49 21
 24 49 49 24 36 36 43 27 25 43 50 44 43 25 46 12]","[43 25 36 25 24 24 36 21 27 36 27 50 49 32 24 39 36 21 43 27 43 49 44 21
 49 49 12 49 43 27 43 46 21 25 27 24 49 43 46 49 21 12 25 49 49 44 49 21
 21 49 49 24 12 39 43 39 46 43 44 25 39 25 46 44]",True,True,1.0,1.0,"[np.int64(22), np.int64(44), np.int64(1), np.int64(54), np.int64(30), np.int64(42), np.int64(12), np.int64(40), np.int64(63), np.int64(43), np.int64(32), np.int64(3), np.int64(38), np.int64(60), np.int64(9), np.int64(44), np.int64(51), np.int64(11), np.int64(3), np.int64(5), np.int64(61), np.int64(47), np.int64(42), np.int64(54), np.int64(47), np.int64(28), np.int64(46), np.int64(14), np.int64(33), np.int64(10), np.int64(1), np.int64(8), np.int64(2), np.int64(17), np.int64(35), np.int64(46), np.int64(13), np.int64(46), np.int64(8), np.int64(4), np.int64(14), np.int64(28), np.int64(16), np.int64(3), np.int64(36), np.int64(5), np.int64(0), np.int64(9), np.int64(21), np.int64(40), np.int64(52), np.int64(30), np.int64(19), np.int64(27), np.int64(29), np.int64(17), np.int64(49), np.int64(63), np.int64(29), np.int64(0), np.int64(36), np.int64(31), np.int64(13), np.int64(44)]","[np.int64(57), np.int64(1), np.int64(9), np.int64(57), np.int64(30), np.int64(2), np.int64(54), np.int64(42), np.int64(38), np.int64(1), np.int64(47), np.int64(6), np.int64(2), np.int64(20), np.int64(40), np.int64(49), np.int64(25), np.int64(44), np.int64(2), np.int64(6), np.int64(44), np.int64(33), np.int64(60), np.int64(1), np.int64(35), np.int64(32), np.int64(54), np.int64(53), np.int64(19), np.int64(42), np.int64(4), np.int64(19), np.int64(17), np.int64(15), np.int64(18), np.int64(12), np.int64(41), np.int64(11), np.int64(51), np.int64(22), np.int64(35), np.int64(42), np.int64(44), np.int64(3), np.int64(51), np.int64(41), np.int64(16), np.int64(23), np.int64(51), np.int64(8), np.int64(46), np.int64(26), np.int64(35), np.int64(24), np.int64(42), np.int64(2), np.int64(9), np.int64(23), np.int64(39), np.int64(6), np.int64(38), np.int64(60), np.int64(15), np.int64(25)]",False,False,0.0,0.0,"[39 44 44 27 27 24 36 24 21 36 21 36 49 16 27 25 43 44 24 36 36 49 44 25
 49 49 12 49 21 27 43 46 21 25 46 36 49 43 46 49 24 12 36 49 49 46 49 39
 24 49 49 43 39 39 50 39 46 36 44 25 39 25 27 50]","[43 25 36 25 21 24 36 24 27 12 27 36 49 23 27 24 36 44 24 27 21 49 44 27
 49 49 12 49 27 27 43 46 27 25 27 36 49 25 46 49 12 12 24 49 49 44 49 21
 21 49 49 24 39 12 50 39 46 43 27 44 43 25 27 44]",True,True,1.0,1.0,"[39 25 25 27 27 27 36 12 27 12 27 36 49  2 27 25 21 21 24 27 21 49 44 21
 49 49 12 49 12 12 43 12 21 25 12 24 49 25 46 49 12 12 12 49 49 21 49 21
 12 49 49 24 12 12 25 27 25 36 27 25 39 25 27 12]","[39 25 36 25 27 27 36 21 24 36 27 36 49 23 27 25 21 21 24 36 36 49 44 25
 49 49 12 49 21 27 43 46 27 25 27 36 49 46 44 49 21 36 46 49 49 27 49 39
 21 49 49 24 36 36 25 27 27 46 27 25 39 25 27 50]",True,True,1.0,1.0
[0 1 0 ... 0 1 0],62,"[ 4 41 19 62 62  3 62  6 62  6 47  8 41  8  4 63  6 41 47 62 23 26  3 62
 23 63 62 19  3 41 39 63 19 19 19  8 39 47  8 62 63 62 39 47 26 48 39 62
 62 39 48  8 26 19 23 39  4 23 26 39 23 62 62 62]","[ 6 41 23 62 62  3 62 41 62 39 26 23 61  8 47 63  6 41  4 62  3 26 26 62
 47 26 62 19 23 26 39  3 47 41 63  8 47 47 26 62 26 62 48 23  6 48  6 62
 62 48 48 39 26 39 23 39 63 19 19 39 23 62 62 62]",True,True,1.0,1.0,"[np.int64(45), np.int64(35), np.int64(19), np.int64(38), np.int64(5), np.int64(39), np.int64(60), np.int64(32), np.int64(38), np.int64(28), np.int64(19), np.int64(10), np.int64(43), np.int64(27), np.int64(63), np.int64(4), np.int64(25), np.int64(8), np.int64(7), np.int64(25), np.int64(15), np.int64(23), np.int64(24), np.int64(35), np.int64(58), np.int64(1), np.int64(44), np.int64(8), np.int64(12), np.int64(53), np.int64(58), np.int64(47), np.int64(4), np.int64(19), np.int64(46), np.int64(9), np.int64(50), np.int64(29), np.int64(20), np.int64(15), np.int64(51), np.int64(24), np.int64(18), np.int64(40), np.int64(26), np.int64(17), np.int64(21), np.int64(16), np.int64(56), np.int64(18), np.int64(16), np.int64(14), np.int64(48), np.int64(53), np.int64(9), np.int64(61), np.int64(62), np.int64(2), np.int64(1), np.int64(42), np.int64(2), np.int64(41), np.int64(44), np.int64(13)]","[np.int64(12), np.int64(57), np.int64(18), np.int64(50), np.int64(5), np.int64(53), np.int64(47), np.int64(2), np.int64(1), np.int64(22), np.int64(23), np.int64(19), np.int64(47), np.int64(42), np.int64(2), np.int64(28), np.int64(6), np.int64(55), np.int64(54), np.int64(8), np.int64(12), np.int64(22), np.int64(61), np.int64(53), np.int64(33), np.int64(4), np.int64(23), np.int64(57), np.int64(8), np.int64(55), np.int64(46), np.int64(15), np.int64(40), np.int64(3), np.int64(47), np.int64(21), np.int64(3), np.int64(29), np.int64(24), np.int64(32), np.int64(56), np.int64(11), np.int64(29), np.int64(35), np.int64(59), np.int64(46), np.int64(31), np.int64(22), np.int64(6), np.int64(28), np.int64(38), np.int64(17), np.int64(22), np.int64(47), np.int64(18), np.int64(22), np.int64(6), np.int64(60), np.int64(51), np.int64(7), np.int64(19), np.int64(47), np.int64(63), np.int64(17)]",False,False,0.0,0.0,"[41 41 48 62 62  3 62  6 62  6  4 23 61  8  8  4  6  3  4 62  3 26  3 62
 26 26 62 61 47 26 39 63 47 19 63 39 47 41  8 62 63 62 26 23  6 48  6 62
 62 39 48  8 26 39  6 39 19 39 19 39 41 62 62 62]","[ 6 41  3 62 62  3 62 63 62  6  4  6 41  8 47 19 26  8  4 62 39 26 26 62
 47 26 62  4 23 48 39  3 47 41 63 48 47  8 26 62 26 62 41 23  6 48  6 62
 62 23 48  8 26 41  6 39 63 39 63 41  8 62 62 62]",True,True,1.0,1.0,"[ 4 41  3 62 62  3 62  6 62  6  4  6  3  8  8  4  6  3  4 62  3  3  3 62
 23  6 62  4  3 26 39  3 19 19  3  8  3  8  8 62  3 62 26 23  6 48  6 62
 62 23  6  8 26  3  6 39  4  8  4 39  4 62 62 62]","[ 6 41  3 62 62  3 62 63 62  6  6 23 39  8 47  4  6 41 47 62  3 61  3 62
 26  6 62 61  3 26 39  3 47 41  3 48 39 41 26 62  3 62 26 23 26 48  6 62
 62 48 48  8 26 41  6 39  6 41 26 41 23 62 62 62]",True,True,1.0,1.0
[1 0 0 ... 0 1 1],17,"[19 39 43 19 51 17 17 56 43 19 16 56  6 19 51 25 17 17 16 17 16 17 34 39
 19 17  5 25 25 16 21 16 34 43 17 25 51 21 43 17 42 19 17 17 51 42 21 51
 51 34 56 17 56 34 34  5 17 16 43  6  6 42 43 17]","[19 51 43 16 19 17 17 39 25 39 16 56 39 19 51 25 17 17 16 17 42 17 21 39
 16 17  6 25  6 16 42 16 21 43 17 56 51  6 16 17 42  6 17 17  5 34 21 51
 43  5 39 17 63 19 56 51 17 39 43  6  6 42 63 17]",True,True,1.0,1.0,"[np.int64(50), np.int64(33), np.int64(14), np.int64(37), np.int64(19), np.int64(4), np.int64(17), np.int64(10), np.int64(38), np.int64(44), np.int64(21), np.int64(53), np.int64(60), np.int64(8), np.int64(43), np.int64(55), np.int64(43), np.int64(27), np.int64(34), np.int64(5), np.int64(26), np.int64(57), np.int64(40), np.int64(8), np.int64(41), np.int64(18), np.int64(42), np.int64(26), np.int64(30), np.int64(19), np.int64(49), np.int64(44), np.int64(42), np.int64(25), np.int64(55), np.int64(60), np.int64(49), np.int64(49), np.int64(55), np.int64(15), np.int64(48), np.int64(41), np.int64(55), np.int64(12), np.int64(8), np.int64(0), np.int64(7), np.int64(44), np.int64(53), np.int64(63), np.int64(47), np.int64(30), np.int64(7), np.int64(4), np.int64(12), np.int64(30), np.int64(55), np.int64(53), np.int64(50), np.int64(43), np.int64(11), np.int64(31), np.int64(5), np.int64(18)]","[np.int64(54), np.int64(0), np.int64(50), np.int64(40), np.int64(61), np.int64(24), np.int64(28), np.int64(33), np.int64(26), np.int64(61), np.int64(30), np.int64(1), np.int64(31), np.int64(41), np.int64(11), np.int64(54), np.int64(13), np.int64(5), np.int64(21), np.int64(31), np.int64(45), np.int64(31), np.int64(51), np.int64(53), np.int64(39), np.int64(15), np.int64(23), np.int64(33), np.int64(28), np.int64(59), np.int64(27), np.int64(9), np.int64(59), np.int64(51), np.int64(31), np.int64(60), np.int64(3), np.int64(33), np.int64(43), np.int64(29), np.int64(50), np.int64(49), np.int64(62), np.int64(59), np.int64(28), np.int64(25), np.int64(51), np.int64(24), np.int64(43), np.int64(58), np.int64(50), np.int64(44), np.int64(5), np.int64(43), np.int64(48), np.int64(41), np.int64(33), np.int64(27), np.int64(43), np.int64(51), np.int64(19), np.int64(13), np.int64(3), np.int64(39)]",False,False,0.0,0.0,"[56 42  5  6 51 17 17 56 25 19 51 56 39 19 56 21 17 17 16 17 19 17 21 39
 43 17  6 25  6 51 42 16 51 43 17  5 43 43 21 17 42 34 17 17 51 56 21 51
 51 34 42 17 51 19  6 25 17  5 16  6 56  6 21 17]","[56 51  5  6 51 17 17 25 43 39  5 56 43 19 56 21 17 17 16 17 42 17 21 39
 16 17 39 25  6 16 42 19 51 63 17  5 51 56 43 17 42  6 17 17 51 56 21 51
 51  5 56 17 39 34 34  5 17  5  5 21  6 51 63 17]",True,True,1.0,1.0,"[19 16  5  6  5 17 17 25 25  6  5 56  6 19 51 21 17 17 16 17 16 17  5 39
  5 17  5 25  6 16 21 16 21 43 17  5  5  6 16 17 42  6 17 17  5 43 21 51
  6  5  6 17 39 19  6  5 17  5  5  6  6  6 21 17]","[56 51 43  6  5 17 17 25 43  6 16 56  6 19 51 25 17 17 16 17 16 17 34 39
 16 17  6 25  6 16 42 16 43 43 17 25 16 43 16 17 42  6 17 17 51 42 21 51
 43 39  6 17 63 34  6 51 17 39 16  6  6 51 43 17]",True,True,1.0,1.0
[1 0 0 ... 0 0 1],57,"[52 57 17 36 19 57 40 25  1 40  5  1 57 27 17  1 27 57 40 57 24 27 17 19
 57 57 25 57 37 27 25 25 36 57 43 40 57 46 19 33 57 19 44 57 57 36 57 12
 25 44 52 24 57 24 36  5 33 57 19 24 52  1 17 36]","[52 57  5 36 36 57 44 46 40 40  5  1 57 46 19 36 27 57 17 57 17 33 46 19
 57 57 43 57 51 12 43 40 44 57 36 17 57 46 43  1 57 46 24 57 57 24 57 44
 36 44 40  5 57 46 46 52 33 57 12 33 52  1 40 40]",True,True,1.0,1.0,"[np.int64(32), np.int64(42), np.int64(42), np.int64(12), np.int64(39), np.int64(59), np.int64(49), np.int64(23), np.int64(57), np.int64(33), np.int64(47), np.int64(47), np.int64(34), np.int64(51), np.int64(44), np.int64(49), np.int64(57), np.int64(52), np.int64(11), np.int64(21), np.int64(46), np.int64(62), np.int64(44), np.int64(19), np.int64(25), np.int64(28), np.int64(51), np.int64(49), np.int64(60), np.int64(43), np.int64(7), np.int64(61), np.int64(38), np.int64(22), np.int64(11), np.int64(51), np.int64(0), np.int64(8), np.int64(48), np.int64(7), np.int64(10), np.int64(19), np.int64(59), np.int64(47), np.int64(35), np.int64(0), np.int64(0), np.int64(37), np.int64(54), np.int64(16), np.int64(63), np.int64(23), np.int64(29), np.int64(36), np.int64(31), np.int64(56), np.int64(20), np.int64(30), np.int64(21), np.int64(29), np.int64(14), np.int64(49), np.int64(25), np.int64(30)]","[np.int64(3), np.int64(18), np.int64(56), np.int64(11), np.int64(59), np.int64(58), np.int64(3), np.int64(61), np.int64(14), np.int64(18), np.int64(37), np.int64(22), np.int64(41), np.int64(2), np.int64(12), np.int64(8), np.int64(61), np.int64(55), np.int64(57), np.int64(19), np.int64(50), np.int64(9), np.int64(0), np.int64(0), np.int64(56), np.int64(61), np.int64(8), np.int64(44), np.int64(22), np.int64(13), np.int64(61), np.int64(36), np.int64(36), np.int64(22), np.int64(46), np.int64(18), np.int64(47), np.int64(40), np.int64(44), np.int64(5), np.int64(62), np.int64(56), np.int64(46), np.int64(42), np.int64(60), np.int64(24), np.int64(52), np.int64(56), np.int64(41), np.int64(6), np.int64(44), np.int64(54), np.int64(27), np.int64(16), np.int64(33), np.int64(23), np.int64(11), np.int64(10), np.int64(17), np.int64(27), np.int64(36), np.int64(19), np.int64(53), np.int64(2)]",False,False,0.0,0.0,"[52 57 17 27 24 57 44 25 24  5 52 25 57 27 17 36 27 57 36 57 17 27 40 19
 57 57  1 57 26 46 43 43 12 57 43 33 57 46 36 33 57 19 33 57 57 52 57  5
 25  1 40 24 57 46 36 19 12 57 19 33 52  1 17 25]","[52 57 17 27 36 57 44 46 40 40  1 17 57 19 19 12 27 57 27 57 24 19 46 52
 57 57 43 57 16 43 40 40 24 57 43 44 57  5 43 33 57 40 33 57 57 36 57 12
 36 44 52 24 57 27 46 19 12 57 12  5 52 46 44 36]",True,True,1.0,1.0,"[33 57  5 25 19 57 40 19  1  5  1  1 57  5 19  1 27 57 17 57 12  1 17 12
 57 57  1 57 20 12 24 25 12 57  1 19 57  5 19  1 57  5 24 57 57 24 57  5
 25  1  1  5 57 17 24  5 12 57 12  5 46  1 12 25]","[33 57  5 36 19 57 44 46 40  5  5  1 57 46 19  1 27 57 40 57 44 19 46 52
 57 57  1 57 16 46 36 40 44 57 43 46 57  5 46  1 57 40 33 57 57 33 57  5
 36 44  1  5 57 46 46  5 40 57 19  5 52  1 40 40]",True,True,1.0,1.0
[1 0 1 ... 0 0 1],17,"[17 63  0 40 63 29 42 40  0 17 38 42 48  0 17 14 53 17 17 14 17 17 58 54
 53 63 58 40 18 17 54 48 60 29 40 14 53 63 17 53 17 55 17 60 63 20 53 29
 17 20 14 60 18 17 17 17 48 20 17 29 17 53 60 17]","[17 63 40 54 63 20 60 60 40 17 14 42 21 21 17 14 20 17 17 14 17 17 20 21
 38 53 58 53 48 17 20 48 63 53 55 20  0 18 17 53 17 55 17 55 63 20 48 48
 17 55 21 29 18 17 17 17 20  0 17 53 17 21 14 17]",True,True,1.0,1.0,"[np.int64(53), np.int64(56), np.int64(36), np.int64(6), np.int64(62), np.int64(12), np.int64(43), np.int64(27), np.int64(8), np.int64(59), np.int64(19), np.int64(35), np.int64(48), np.int64(49), np.int64(34), np.int64(54), np.int64(40), np.int64(48), np.int64(31), np.int64(63), np.int64(4), np.int64(12), np.int64(51), np.int64(23), np.int64(53), np.int64(48), np.int64(55), np.int64(61), np.int64(27), np.int64(42), np.int64(56), np.int64(34), np.int64(15), np.int64(25), np.int64(15), np.int64(27), np.int64(58), np.int64(52), np.int64(44), np.int64(57), np.int64(49), np.int64(39), np.int64(4), np.int64(42), np.int64(22), np.int64(48), np.int64(45), np.int64(5), np.int64(2), np.int64(4), np.int64(39), np.int64(63), np.int64(21), np.int64(42), np.int64(48), np.int64(14), np.int64(50), np.int64(34), np.int64(2), np.int64(50), np.int64(10), np.int64(31), np.int64(2), np.int64(2)]","[np.int64(6), np.int64(41), np.int64(51), np.int64(40), np.int64(18), np.int64(41), np.int64(19), np.int64(34), np.int64(20), np.int64(58), np.int64(46), np.int64(53), np.int64(30), np.int64(43), np.int64(11), np.int64(33), np.int64(52), np.int64(23), np.int64(16), np.int64(38), np.int64(63), np.int64(55), np.int64(19), np.int64(0), np.int64(60), np.int64(62), np.int64(62), np.int64(47), np.int64(16), np.int64(24), np.int64(38), np.int64(18), np.int64(12), np.int64(5), np.int64(4), np.int64(27), np.int64(25), np.int64(28), np.int64(10), np.int64(0), np.int64(62), np.int64(51), np.int64(51), np.int64(5), np.int64(52), np.int64(23), np.int64(49), np.int64(16), np.int64(59), np.int64(45), np.int64(13), np.int64(3), np.int64(23), np.int64(9), np.int64(36), np.int64(59), np.int64(38), np.int64(12), np.int64(25), np.int64(10), np.int64(41), np.int64(15), np.int64(45), np.int64(32)]",False,False,0.0,0.0,"[17 40 40 40 63 42  9  0 42 17 42 14 48 18 17 40 20 17 17 40 17 17 14 54
 38 38 40 40 48 17 55 48 29 53 55 63  9 63 17 20 17 38 17 55 60 20 48 29
 17 29 58 29 38 17 17 17 40  0 17 29 17 21 21 17]","[17 63  0 54 63 42 54  0 21 17 38 21 48 60 17 60 54 17 17 29 17 17 18 54
 38 29 40 14 18 17 54 48 29 18 40 14 21 63 17 40 17 60 17 55 63 20 63 55
 17 20 21 29 38 17 17 17 42 20 17 29 17 53 14 17]",True,True,1.0,1.0,"[17 29  0 40 63 20  9  0  0 17 14 14 18  0 17 14 20 17 17  0 17 17  0 18
 38 21 20 14 18 17 20 48 20 18 40  9  0 18 17 20 17 38 17 18 58 14 14 18
 17 20  9 29  0 17 17 17 20  0 17 29 17  0 14 17]","[17 29  0 54 63 63 54 60 54 17 14 14 48 60 17 14 54 17 17 14 17 17 54 54
 53 54 20 14 48 17 54 48 63 18 40 14  0 18 17 53 17 60 17 55 60 14 14 18
 17 29 14 29 38 17 17 17 20 21 17 29 17  0 60 17]",True,True,1.0,1.0
[0 1 0 ... 1 1 0],52,"[14  2 52 17 38 38 52 27 52 44  8 38 36 62 52 55 19  8 14 52  2  6 52  2
 19  2 52 52 48 57 38 36 14 26 48 48 52 55 52 38  8 48 44 48 52 48 48 36
 52 57  2 14 52 38  6 52 44 52  2 22 38 22 52 19]","[14 62 52 33 36  8 52 27 52  6  6 38 57  8 52 22 48 38  8 52  2 22 52  8
 26  2 52 52 48 14 38 36 14  8 48 48 52  2 52 44  8 48 14  8 52 62 55 27
 52 57 55  2 52 44  6 52 44 52 57 22 19 38 52 19]",True,True,1.0,1.0,"[np.int64(24), np.int64(37), np.int64(3), np.int64(31), np.int64(19), np.int64(55), np.int64(41), np.int64(41), np.int64(28), np.int64(25), np.int64(3), np.int64(35), np.int64(34), np.int64(63), np.int64(22), np.int64(37), np.int64(35), np.int64(37), np.int64(38), np.int64(61), np.int64(58), np.int64(23), np.int64(51), np.int64(1), np.int64(17), np.int64(18), np.int64(28), np.int64(9), np.int64(44), np.int64(36), np.int64(18), np.int64(25), np.int64(44), np.int64(45), np.int64(60), np.int64(60), np.int64(34), np.int64(24), np.int64(47), np.int64(22), np.int64(55), np.int64(19), np.int64(23), np.int64(43), np.int64(29), np.int64(49), np.int64(40), np.int64(40), np.int64(14), np.int64(27), np.int64(59), np.int64(58), np.int64(42), np.int64(56), np.int64(50), np.int64(50), np.int64(43), np.int64(13), np.int64(38), np.int64(32), np.int64(34), np.int64(60), np.int64(9), np.int64(20)]","[np.int64(0), np.int64(55), np.int64(19), np.int64(27), np.int64(63), np.int64(0), np.int64(1), np.int64(23), np.int64(4), np.int64(43), np.int64(45), np.int64(59), np.int64(45), np.int64(56), np.int64(12), np.int64(62), np.int64(54), np.int64(5), np.int64(57), np.int64(56), np.int64(26), np.int64(60), np.int64(60), np.int64(56), np.int64(55), np.int64(17), np.int64(25), np.int64(30), np.int64(17), np.int64(37), np.int64(38), np.int64(12), np.int64(58), np.int64(8), np.int64(52), np.int64(55), np.int64(49), np.int64(47), np.int64(16), np.int64(56), np.int64(61), np.int64(31), np.int64(46), np.int64(26), np.int64(30), np.int64(59), np.int64(18), np.int64(10), np.int64(48), np.int64(24), np.int64(59), np.int64(9), np.int64(42), np.int64(36), np.int64(13), np.int64(31), np.int64(20), np.int64(23), np.int64(57), np.int64(24), np.int64(8), np.int64(18), np.int64(57), np.int64(32)]",False,False,0.0,0.0,"[48 57 52 23 36 38 52  6 52  6  6 38 62  2 52 55 48 44  8 52  2 48 52 22
 26  2 52 52 48  2 48 36  6 44 48 19 52 62 52 44 62  6  6  6 52  6 19 38
 52 57  8 14 52 14  6 52 55 52 57 22 19 14 52 44]","[14  2 52 17 36 38 52 27 52 44 55 55 36  6 52 27 19 38 14 52  2 22 52  8
 48  8 52 52 48 27 38 36 55 19 27 36 52 55 52 38  8  6  6 48 52  6 48 38
 52 57  2  2 52 44 57 52 44 52  2 27 38  8 52 26]",True,True,1.0,1.0,"[14  2 52 17 36  8 52  6 52  6  6  2 22  2 52 22 19  6  8 52  2  6 52  2
  2  2 52 52 48  2 38 36  6  8 27  8 52  2 52 27  8  6  6  2 52  6 19  8
 52 57  2  2 52 14  2 52 44 52  2 22 19  2 52 19]","[48  2 52 23 36 38 52 27 52 48  6 38 36  8 52 27 48 36  8 52  2 48 52 38
  2  8 52 52 48 27 38 36  6 38 27 36 52  2 52 38  8 48  6 36 52 19 36 36
 52 57  2  2 52 38  2 52 55 52  2 27 38 36 52 19]",True,True,1.0,1.0
[0 1 0 ... 0 0 0],49,"[43 25 36 44 27 24 44 43 21 12 27 50 49 28 27 39 36 21 24 27 21 49 44 50
 49 49 12 49 24 24 43 46 27 25 25 24 49 25 46 49 21 36 36 49 49 21 49 39
 21 49 49 24 36 43 43 27 25 44 27 44 39 25 46 12]","[43 39 44 25 21 24 44 21 50 36 27 44 49 16 27 50 21 21 43 27 36 49 44 25
 49 49 12 49 27 24 43 46 27 25 25 36 49 25 46 49 21 36 46 49 49 27 49 44
 12 49 49 24 36 36 43 39 25 46 27 44 39 25 46 50]",True,True,1.0,1.0,"[np.int64(47), np.int64(11), np.int64(55), np.int64(14), np.int64(41), np.int64(37), np.int64(63), np.int64(7), np.int64(20), np.int64(18), np.int64(23), np.int64(28), np.int64(12), np.int64(59), np.int64(42), np.int64(56), np.int64(10), np.int64(57), np.int64(13), np.int64(28), np.int64(51), np.int64(57), np.int64(50), np.int64(6), np.int64(51), np.int64(46), np.int64(4), np.int64(6), np.int64(44), np.int64(46), np.int64(39), np.int64(51), np.int64(53), np.int64(3), np.int64(59), np.int64(63), np.int64(6), np.int64(37), np.int64(48), np.int64(45), np.int64(63), np.int64(45), np.int64(0), np.int64(34), np.int64(14), np.int64(33), np.int64(11), np.int64(17), np.int64(28), np.int64(6), np.int64(57), np.int64(23), np.int64(20), np.int64(20), np.int64(5), np.int64(4), np.int64(31), np.int64(44), np.int64(41), np.int64(63), np.int64(55), np.int64(35), np.int64(35), np.int64(39)]","[np.int64(13), np.int64(28), np.int64(24), np.int64(4), np.int64(23), np.int64(7), np.int64(55), np.int64(20), np.int64(43), np.int64(32), np.int64(48), np.int64(35), np.int64(19), np.int64(4), np.int64(37), np.int64(49), np.int64(16), np.int64(36), np.int64(20), np.int64(15), np.int64(23), np.int64(0), np.int64(36), np.int64(62), np.int64(57), np.int64(37), np.int64(18), np.int64(29), np.int64(51), np.int64(58), np.int64(25), np.int64(54), np.int64(49), np.int64(6), np.int64(62), np.int64(2), np.int64(23), np.int64(30), np.int64(17), np.int64(49), np.int64(0), np.int64(4), np.int64(46), np.int64(38), np.int64(11), np.int64(31), np.int64(35), np.int64(0), np.int64(4), np.int64(33), np.int64(23), np.int64(1), np.int64(8), np.int64(40), np.int64(59), np.int64(58), np.int64(59), np.int64(13), np.int64(20), np.int64(46), np.int64(19), np.int64(3), np.int64(57), np.int64(3)]",False,False,0.0,0.0,"[39 25 25 21 27 24 44 12 44 36 21 36 49 32 27 21 21 21 43 27 36 49 44 21
 49 49 12 49 46 24 43 12 21 25 27 24 49 43 44 49 21 36 25 49 49 46 49 46
 21 49 49 24 36 39 27 39 27 44 50 44 43 25 27 50]","[39 25 36 44 27 27 44 43 50 36 27 36 49 51 24 39 21 44 24 24 21 49 44 25
 49 49 12 49 21 12 43 46 21 25 36 36 49 25 44 49 12 36 12 49 49 27 49 21
 12 49 49 43 36 12 39 39 39 36 44 25 43 25 27 44]",True,True,1.0,1.0,"[39 25 25 27 27 27 36 12 27 12 27 36 49  2 27 25 21 21 24 27 21 49 44 21
 49 49 12 49 12 12 43 12 21 25 12 24 49 25 46 49 12 12 12 49 49 21 49 21
 12 49 49 24 12 12 25 27 25 36 27 25 39 25 27 12]","[39 25 36 25 27 27 36 21 24 36 27 36 49 23 27 25 21 21 24 36 36 49 44 25
 49 49 12 49 21 27 43 46 27 25 27 36 49 46 44 49 21 36 46 49 49 27 49 39
 21 49 49 24 36 36 25 27 27 46 27 25 39 25 27 50]",True,True,1.0,1.0
[1 0 0 ... 0 1 0],63,"[63 63 51 51  1  1 24 63 60 51 27 24 60 34 24 51 63 24  7 51 50 24 26 63
 63  1 63 63 60 63 26 23 16  1 63  0 62 23 24 27 34 51 27  0 27  1 23  0
 29 26 63 63  1 24 27 63 34 55 26 29 63 23 63 63]","[63 63 51 62  0  1 50 63 60 23 27  1 60 62 60  1 63  1  7 51 29 62 23 63
 63 27 63 63 60 63  7 23 60  1 63  0 51  0 23 26 26 51 27 62 16  1 23 55
 29 26 63 63 34 24 27 63 55 51 29  1 63 24 63 63]",True,True,1.0,1.0,"[np.int64(0), np.int64(47), np.int64(9), np.int64(56), np.int64(38), np.int64(47), np.int64(44), np.int64(39), np.int64(30), np.int64(38), np.int64(53), np.int64(20), np.int64(34), np.int64(44), np.int64(30), np.int64(2), np.int64(51), np.int64(0), np.int64(5), np.int64(36), np.int64(24), np.int64(28), np.int64(6), np.int64(37), np.int64(57), np.int64(61), np.int64(51), np.int64(35), np.int64(33), np.int64(36), np.int64(0), np.int64(45), np.int64(27), np.int64(63), np.int64(53), np.int64(18), np.int64(62), np.int64(31), np.int64(52), np.int64(51), np.int64(23), np.int64(22), np.int64(41), np.int64(31), np.int64(39), np.int64(58), np.int64(55), np.int64(5), np.int64(45), np.int64(25), np.int64(38), np.int64(13), np.int64(17), np.int64(44), np.int64(10), np.int64(53), np.int64(41), np.int64(40), np.int64(18), np.int64(29), np.int64(41), np.int64(51), np.int64(52), np.int64(53)]","[np.int64(40), np.int64(39), np.int64(29), np.int64(43), np.int64(29), np.int64(48), np.int64(26), np.int64(52), np.int64(15), np.int64(39), np.int64(37), np.int64(13), np.int64(55), np.int64(37), np.int64(12), np.int64(56), np.int64(45), np.int64(62), np.int64(23), np.int64(48), np.int64(59), np.int64(46), np.int64(52), np.int64(7), np.int64(27), np.int64(56), np.int64(50), np.int64(0), np.int64(10), np.int64(24), np.int64(7), np.int64(19), np.int64(47), np.int64(63), np.int64(41), np.int64(57), np.int64(36), np.int64(58), np.int64(6), np.int64(32), np.int64(2), np.int64(38), np.int64(21), np.int64(12), np.int64(23), np.int64(47), np.int64(52), np.int64(10), np.int64(54), np.int64(5), np.int64(55), np.int64(53), np.int64(30), np.int64(38), np.int64(40), np.int64(37), np.int64(26), np.int64(1), np.int64(12), np.int64(46), np.int64(6), np.int64(39), np.int64(57), np.int64(4)]",False,False,0.0,0.0,"[63 63 51 51  0 55 50 63 60  7 16 26  0  7 24  1 63 24 16  1 50  0  1 63
 63  1 63 63 60 63 50 34 29  1 63  0 29  0 27 26 50 51  1  7 16  1 23  0
 29 26 63 63  1 34 62 63 27 34 26 29 63 24 63 63]","[63 63 51 51  1  0 27 63 60 62 23  1 34 62 29  1 63 60 16 51  1  0  1 63
 63  1 63 63 60 63  7 29 23 24 63 24 34 23 60  7 51 51  1 55 16  1 23  0
 62 26 63 63 23  0 27 63  1 51 29 51 63 24 63 63]",True,True,1.0,1.0,"[63 63 27 26  1  0 24 63 60 23 23  1  0  7 24  0 63  1  7  1  1  0  1 63
 63  1 63 63 23 63  7 23 26  1 63  0  7  0  0  7  0 34  1  0 16  1 27  0
 29  0 63 63  1  0 27 63  1 16 26  1 63 23 63 63]","[63 63 51 51  1  0 50 63 60 51 23  1  0  7 29 51 63  1  7 51  1 62  1 63
 63  7 63 63 60 63  7 23 51  1 63 62 51  0  0  7 51 51  1  7 27  1 23 50
 62  0 63 63  1  0 27 63  1 51 62  1 63 23 63 63]",True,True,1.0,1.0
[0 1 0 ... 0 1 0],15,"[55 18 31 31 15 31 15 16 27 23 46 59  4 44 15 15 15 59 15 44 14 27 23 15
 31  6 27 15 16 46 23 15  4 31 59 44 59 57  6 27 27  4 15 18 15 18 15  4
  6 55 16 63 42 55  6 15 55 15 57 15 63 27 63 15]","[63 42 44 14 15 57 15 27 14 23 46 31 42 27 15 15 15 42 15 14  6 27 57 15
 16  6 63 15 59 63 23 15 59 27 46 57 59 57  6 31 16 23 15 59 15 18 15 14
 55 14 23 42 44 44 63 15  6 15 23 15 16  4 63 15]",True,True,1.0,1.0,"[np.int64(43), np.int64(36), np.int64(14), np.int64(57), np.int64(45), np.int64(24), np.int64(56), np.int64(53), np.int64(43), np.int64(10), np.int64(12), np.int64(8), np.int64(4), np.int64(44), np.int64(1), np.int64(49), np.int64(27), np.int64(26), np.int64(45), np.int64(27), np.int64(5), np.int64(20), np.int64(40), np.int64(4), np.int64(61), np.int64(27), np.int64(37), np.int64(31), np.int64(15), np.int64(3), np.int64(25), np.int64(45), np.int64(21), np.int64(58), np.int64(61), np.int64(53), np.int64(62), np.int64(10), np.int64(27), np.int64(14), np.int64(17), np.int64(50), np.int64(26), np.int64(26), np.int64(0), np.int64(12), np.int64(3), np.int64(45), np.int64(43), np.int64(28), np.int64(60), np.int64(15), np.int64(15), np.int64(11), np.int64(50), np.int64(13), np.int64(4), np.int64(26), np.int64(12), np.int64(58), np.int64(20), np.int64(54), np.int64(43), np.int64(37)]","[np.int64(9), np.int64(29), np.int64(27), np.int64(43), np.int64(43), np.int64(17), np.int64(52), np.int64(23), np.int64(20), np.int64(51), np.int64(34), np.int64(28), np.int64(10), np.int64(22), np.int64(8), np.int64(10), np.int64(52), np.int64(1), np.int64(33), np.int64(42), np.int64(11), np.int64(43), np.int64(29), np.int64(6), np.int64(21), np.int64(53), np.int64(43), np.int64(17), np.int64(21), np.int64(55), np.int64(0), np.int64(59), np.int64(43), np.int64(47), np.int64(51), np.int64(2), np.int64(34), np.int64(31), np.int64(48), np.int64(28), np.int64(23), np.int64(19), np.int64(10), np.int64(52), np.int64(3), np.int64(55), np.int64(43), np.int64(14), np.int64(32), np.int64(60), np.int64(5), np.int64(53), np.int64(56), np.int64(48), np.int64(43), np.int64(44), np.int64(62), np.int64(30), np.int64(12), np.int64(11), np.int64(49), np.int64(5), np.int64(10), np.int64(15)]",False,False,0.0,0.0,"[63 18 59 18 15  6 15 16 14  4 31 63 46 63 15 15 15 57 15 16  6 27 44 15
 63  6 63 15  4 63 23 15  4 14 59 57 59 18 27 44 27 14 15 59 15 18 15 46
  6 55 42 63 27 42 63 15 42 15 63 15 23  4 16 15]","[ 4 42 59 14 15  4 15 27 14 23 46 18 55 63 15 15 15 57 15 44 14 27 57 15
 63  6 59 15 46  6  6 15  4 14 59 44 59 57 31 44 16 14 15  4 15 18 15  4
 55 14 42 63 42 42  6 15  6 15 57 15 16  4 46 15]",True,True,1.0,1.0,"[ 4 18 14 14 15  6 15  4 14  4 31 18  4 27 15 15 15  4 15 14  6 27 23 15
 16  6 16 15  4  6  6 15  4 14 46  4 59 16  6  6 16  4 15  4 15 18 15  4
  6  6 16 42 27 42  6 15  6 15 23 15  6  4 16 15]","[ 4 42 44 14 15 42 15  4 14 23 46 59  4 44 15 15 15 14 15 14 14 27 57 15
 16  6 27 15  4  6  6 15  4 14 59 57 59 57 44 57 16 14 15  4 15 18 15 14
  6  6 23 42 42 42 63 15 42 15 42 15  6  4 16 15]",True,True,1.0,1.0
[1 0 0 ... 1 0 0],6,"[63  6 14 48 48 12  6 14  1 12 63 48  6 48  6 14 12 63 12 63 24 51 63  1
  6 12 43 12 12 43 14 14 43 51 57 63 51  1 12 63 24 14  7  6 14 12 12 43
  6  3 51  6 14 19 51 38 51 12  9  1  1 63 12  6]","[63  6 43 48 48 12  6 24  1 12 48 48  6 48  6 24 12 48 12 63 24 63 14  1
  6  1  1 12 63 63 51 63 12 51 20 63 51 51 51 43  1 14  7  6 14 12 12 43
  6 47 51  6 51 19 51 54 51 43 45  1  1  1 12  6]",True,True,1.0,1.0,"[np.int64(21), np.int64(53), np.int64(30), np.int64(37), np.int64(12), np.int64(49), np.int64(18), np.int64(39), np.int64(44), np.int64(46), np.int64(52), np.int64(33), np.int64(58), np.int64(50), np.int64(48), np.int64(36), np.int64(9), np.int64(27), np.int64(50), np.int64(0), np.int64(34), np.int64(7), np.int64(3), np.int64(32), np.int64(29), np.int64(9), np.int64(59), np.int64(22), np.int64(62), np.int64(40), np.int64(35), np.int64(60), np.int64(22), np.int64(58), np.int64(61), np.int64(0), np.int64(56), np.int64(40), np.int64(63), np.int64(61), np.int64(18), np.int64(4), np.int64(54), np.int64(47), np.int64(21), np.int64(20), np.int64(59), np.int64(39), np.int64(16), np.int64(12), np.int64(4), np.int64(31), np.int64(0), np.int64(34), np.int64(60), np.int64(22), np.int64(51), np.int64(13), np.int64(39), np.int64(14), np.int64(16), np.int64(3), np.int64(28), np.int64(9)]","[np.int64(42), np.int64(23), np.int64(27), np.int64(4), np.int64(32), np.int64(1), np.int64(39), np.int64(37), np.int64(7), np.int64(34), np.int64(62), np.int64(49), np.int64(20), np.int64(53), np.int64(36), np.int64(3), np.int64(20), np.int64(60), np.int64(14), np.int64(31), np.int64(57), np.int64(59), np.int64(12), np.int64(13), np.int64(50), np.int64(7), np.int64(15), np.int64(53), np.int64(7), np.int64(4), np.int64(40), np.int64(48), np.int64(50), np.int64(32), np.int64(59), np.int64(4), np.int64(3), np.int64(8), np.int64(1), np.int64(22), np.int64(43), np.int64(2), np.int64(51), np.int64(51), np.int64(35), np.int64(36), np.int64(37), np.int64(13), np.int64(0), np.int64(1), np.int64(24), np.int64(38), np.int64(45), np.int64(34), np.int64(34), np.int64(36), np.int64(7), np.int64(31), np.int64(18), np.int64(24), np.int64(23), np.int64(0), np.int64(2), np.int64(26)]",False,False,0.0,0.0,"[63  6 24 48 48 14  6 14 43 12 24 48  6 12  6 43 12 63 63 63 43 63 63 14
  6  1 43 63 63 43 12 14 12 51 18 63 51  1 12 63  1 14 10  6 43 12 12 43
  6 45 51  6 51 59 51 41 51 43 45  1  1  1 12  6]","[63  6 43 48 48 14  6  1 43 12 63 48  6 48  6 51 12 48 51 63 43 63 63  1
  6  1 12 12 12 63 14 63 43 51 18 63 51 51 51 63  1 14  4  6 14 12 12 43
  6 30 51  6 51 33 51 38 63 43 19  1  1 48 12  6]",True,True,1.0,1.0,"[63  6 14 48 48 12  6  1  1 12 24 48  6 12  6  1 12 48 12 63 24 51 14  1
  6  1  1 12 12 43 12 14 12 51 10 63 51  1 12 43  1 14  2  6 14 12 12 43
  6  3 51  6 14  0 51  2 51 12  5  1  1  1 12  6]","[63  6 24 48 48 14  6  1  1 12 63 48  6 12  6  1 12 63 63 63 24 63 63  1
  6 12  1 63 63 63 12 63 12 51  8 63 51 51 12 63  1 14 32  6 14 12 12 43
  6 44 51  6 51 19 51  4 63 12 19  1  1 63 12  6]",True,True,1.0,1.0
[0 0 1 ... 0 0 0],8,"[55 55 21  8  8  8 37  8  8  5 21  4 61  5 50 37  8  8  3 17 28  8  3  7
 50  8 28 28  8 45 47 41  8  7 21 25 32  8  7 50 41  8 32  4 50  8  3 21
  5 56  8 37 17 25 25  8  8 50 61  7  5  8  8  8]","[ 3  5  5  8  8  8  5  8  8 45 32  3 41 21 50 37  8  8  4 32  3  8 17 50
 17  8 28 61  8 37 19 21  8 45 32 45 61  8 62  4 41  8 37  7 50  8 25 37
 61 63  8 56 61 25 41  8  8 55 61 55 32  8  8  8]",True,True,1.0,1.0,"[np.int64(63), np.int64(34), np.int64(36), np.int64(30), np.int64(54), np.int64(37), np.int64(12), np.int64(16), np.int64(53), np.int64(13), np.int64(59), np.int64(63), np.int64(5), np.int64(0), np.int64(5), np.int64(60), np.int64(24), np.int64(17), np.int64(23), np.int64(55), np.int64(4), np.int64(32), np.int64(8), np.int64(53), np.int64(36), np.int64(22), np.int64(46), np.int64(6), np.int64(42), np.int64(56), np.int64(3), np.int64(52), np.int64(50), np.int64(35), np.int64(63), np.int64(23), np.int64(14), np.int64(20), np.int64(5), np.int64(8), np.int64(9), np.int64(24), np.int64(42), np.int64(5), np.int64(29), np.int64(40), np.int64(4), np.int64(22), np.int64(25), np.int64(4), np.int64(28), np.int64(37), np.int64(49), np.int64(57), np.int64(60), np.int64(3), np.int64(63), np.int64(14), np.int64(59), np.int64(20), np.int64(56), np.int64(59), np.int64(41), np.int64(31)]","[np.int64(32), np.int64(62), np.int64(16), np.int64(27), np.int64(13), np.int64(4), np.int64(7), np.int64(62), np.int64(34), np.int64(36), np.int64(46), np.int64(52), np.int64(35), np.int64(28), np.int64(7), np.int64(5), np.int64(45), np.int64(40), np.int64(9), np.int64(17), np.int64(39), np.int64(12), np.int64(5), np.int64(29), np.int64(58), np.int64(38), np.int64(50), np.int64(43), np.int64(4), np.int64(61), np.int64(5), np.int64(27), np.int64(62), np.int64(22), np.int64(43), np.int64(5), np.int64(19), np.int64(14), np.int64(17), np.int64(10), np.int64(52), np.int64(30), np.int64(5), np.int64(27), np.int64(46), np.int64(25), np.int64(58), np.int64(55), np.int64(19), np.int64(62), np.int64(34), np.int64(26), np.int64(42), np.int64(55), np.int64(42), np.int64(31), np.int64(54), np.int64(35), np.int64(22), np.int64(39), np.int64(56), np.int64(33), np.int64(26), np.int64(26)]",False,False,0.0,0.0,"[ 5 55  5  8  8  8  5  8  8 45 21  4 41  5 50 16  8  8 21  5  4  8  3 50
 17  8  4 32  8 37 19 41  8 21 32 25 32  8  7  4  7  8 32 28 50  8  3 37
 61 63  8 61 28 50 45  8  8 55 37 28 32  8  8  8]","[55  5 61  8  8  8 21  8  8 25 21  3 50 21 50 37  8  8  5  4  4  8 17  7
  5  8  4 61  8 37 47 41  8  5 45 25 61  8  4  4 41  8 56 28 50  8 25 37
  4  4  8 56 28 50 45  8  8  3 63 28 63  8  8  8]",True,True,1.0,1.0,"[ 5  5  5  8  8  8  5  8  8  3 21  4 41  5  4 16  8  8  4  4  4  8  3  7
  5  8  4 28  8 37  2  4  8  5 16 25  7  8  4  5  7  8  5  4 50  8  3  3
  4  4  8  7  3 25  5  8  8  4  4  7  5  8  8  8]","[ 5 61 61  8  8  8  5  8  8 61 21  3 61  5  4 25  8  8  5 61 25  8  3 50
  5  8  4 61  8 37 47 21  8  5 21 25 32  8 62 61 41  8 32  4 50  8  5  5
 61 41  8 61 61 25 32  8  8  4 61 28 32  8  8  8]",True,True,1.0,1.0
[0 0 0 ... 1 0 1],37,"[37  9 50 17 55 17 37 55  6 37 55 35 23 37 37  9 22 37 17  9 55 27 37 37
  6 50 58 37  6 40  0 43  9 37 35 37 55 37 55 40 37 58  6 37 17 43 23  0
 55 35 37  0 35 58 27 37 50 27 37 55  9 58 50  0]","[37 50 50 17 55 55 37 33 33 37 14 35 43 37 37 23 23 37 17 55 55 27 37 37
 22 50 40 37  0  6 40 43  9 37 35 37 43 37 40  0 37 50 27 37 50 13 23  0
 55 27 37  9 35 58 27 37 13 58 37 55  6 23 50 27]",True,True,1.0,1.0,"[np.int64(15), np.int64(60), np.int64(51), np.int64(5), np.int64(8), np.int64(23), np.int64(46), np.int64(37), np.int64(27), np.int64(0), np.int64(53), np.int64(36), np.int64(51), np.int64(38), np.int64(24), np.int64(22), np.int64(23), np.int64(15), np.int64(3), np.int64(37), np.int64(31), np.int64(20), np.int64(9), np.int64(3), np.int64(4), np.int64(48), np.int64(13), np.int64(25), np.int64(10), np.int64(20), np.int64(8), np.int64(6), np.int64(43), np.int64(48), np.int64(42), np.int64(54), np.int64(51), np.int64(26), np.int64(25), np.int64(16), np.int64(21), np.int64(13), np.int64(34), np.int64(15), np.int64(35), np.int64(28), np.int64(50), np.int64(15), np.int64(56), np.int64(33), np.int64(0), np.int64(10), np.int64(52), np.int64(27), np.int64(62), np.int64(57), np.int64(28), np.int64(45), np.int64(57), np.int64(23), np.int64(24), np.int64(5), np.int64(35), np.int64(24)]","[np.int64(54), np.int64(52), np.int64(48), np.int64(44), np.int64(49), np.int64(31), np.int64(38), np.int64(26), np.int64(19), np.int64(0), np.int64(14), np.int64(46), np.int64(52), np.int64(59), np.int64(48), np.int64(50), np.int64(21), np.int64(56), np.int64(43), np.int64(7), np.int64(0), np.int64(43), np.int64(22), np.int64(5), np.int64(0), np.int64(10), np.int64(24), np.int64(14), np.int64(51), np.int64(32), np.int64(54), np.int64(62), np.int64(61), np.int64(0), np.int64(22), np.int64(10), np.int64(58), np.int64(59), np.int64(1), np.int64(62), np.int64(30), np.int64(4), np.int64(8), np.int64(17), np.int64(39), np.int64(35), np.int64(48), np.int64(29), np.int64(23), np.int64(14), np.int64(46), np.int64(2), np.int64(56), np.int64(16), np.int64(46), np.int64(52), np.int64(9), np.int64(36), np.int64(2), np.int64(63), np.int64(60), np.int64(15), np.int64(52), np.int64(19)]",False,False,0.0,0.0,"[37  6 40 17 22 33 37 33  6 37 55 23 23 37 37 27 22 37 17  9 55 27 37 37
  6 50 50 37 40 17 40 55 55 37 14 37 55 37 55  0 37  9 55 37 22 13 23 50
 55 55 37 27 35 58  9 37 13 58 37 55  6  0 13 43]","[37 50 50 22 55 27 37 55 23 37 55  0 43 37 37  6 22 37  0  9 55 27 37 37
 50 27 50 37 17 40  0  6 22 37 35 37 55 37 40 40 37 58 27 37 27 13 35 50
 55 23 37  0 35 58 27 37 33 58 37 55  9 13  9  0]",True,True,1.0,1.0,"[37  9 40  9 22 17 37 33  6 37 14  0 23 37 37  9  9 37  0  6 55 27 37 37
  6 22 13 37  0  6  0  6  0 37 14 37 43 37 40  0 37  9  6 37 17  6 23  0
 55 23 37  0 35 58  9 37  0 13 37 55  6  0  9  0]","[37 50 40 22 22 27 37 55 50 37 14 35 35 37 37  6 40 37  0 55 55 27 37 37
 50 27 58 37 40 40 40 55 58 37 14 37 55 37 40 40 37 50 27 37 50 50 35 40
 55 23 37  0 35 58 27 37 13 58 37 55 14  0 50 23]",True,True,1.0,1.0
[1 0 0 ... 1 0 0],17,"[ 8 17  1 17 49 49 49 40 17 43  8 59  1 41  8 36 59 17 40 40 27 55 17 49
 55 55 62 17  8 43 49 22 40 60  8 62 17 17  8 62 17 17 40 17 43 40 36 41
  1 17 49 40 43 40 59 17 59 22 55 17 41 27 17 55]","[ 8 17  1 17 49 49 49 55 17  1  1  3  1 43 59 22 59 17 40 40 22 49 17 49
 55  1 41 17  8 43 36 22 40 20 22  8 17 17  8 40 17 17  3 17 62 40  1 37
 22 17 43 40  3  1 49 17 59 22  1 17 43 62 17 36]",True,True,1.0,1.0,"[np.int64(34), np.int64(41), np.int64(24), np.int64(21), np.int64(19), np.int64(13), np.int64(1), np.int64(16), np.int64(25), np.int64(19), np.int64(57), np.int64(47), np.int64(41), np.int64(2), np.int64(36), np.int64(18), np.int64(4), np.int64(6), np.int64(47), np.int64(34), np.int64(5), np.int64(24), np.int64(43), np.int64(15), np.int64(63), np.int64(43), np.int64(28), np.int64(45), np.int64(60), np.int64(26), np.int64(46), np.int64(27), np.int64(33), np.int64(3), np.int64(55), np.int64(11), np.int64(12), np.int64(54), np.int64(47), np.int64(3), np.int64(37), np.int64(34), np.int64(5), np.int64(50), np.int64(18), np.int64(2), np.int64(27), np.int64(45), np.int64(9), np.int64(58), np.int64(49), np.int64(54), np.int64(40), np.int64(5), np.int64(27), np.int64(16), np.int64(12), np.int64(38), np.int64(50), np.int64(45), np.int64(63), np.int64(55), np.int64(50), np.int64(26)]","[np.int64(33), np.int64(24), np.int64(5), np.int64(39), np.int64(40), np.int64(24), np.int64(25), np.int64(56), np.int64(60), np.int64(24), np.int64(39), np.int64(25), np.int64(61), np.int64(26), np.int64(53), np.int64(57), np.int64(18), np.int64(53), np.int64(14), np.int64(61), np.int64(37), np.int64(53), np.int64(28), np.int64(12), np.int64(20), np.int64(3), np.int64(29), np.int64(59), np.int64(34), np.int64(56), np.int64(28), np.int64(49), np.int64(56), np.int64(15), np.int64(44), np.int64(46), np.int64(4), np.int64(39), np.int64(34), np.int64(9), np.int64(11), np.int64(1), np.int64(16), np.int64(51), np.int64(51), np.int64(27), np.int64(25), np.int64(52), np.int64(13), np.int64(45), np.int64(58), np.int64(12), np.int64(11), np.int64(53), np.int64(6), np.int64(17), np.int64(15), np.int64(20), np.int64(25), np.int64(0), np.int64(5), np.int64(39), np.int64(38), np.int64(20)]",False,False,0.0,0.0,"[37 17  1 17 37 49 49 40 17  3 49 22  1 41 59 22 59 17 40 40  1 27 17 37
 55  1 55 17 40 55 22 22  8 60  3 62 17 17  8 41 17 17 40 17 49 40 36 40
  1 17 55 40 40 40  3 17 22 49 22 17 43 62 17 55]","[37 17  1 17 49 49 49 55 17 49 49 22  1 43 59 43 62 17 40 40 43 49 17 37
 55 55 59 17  8 43 49 22 41 20  8 62 17 17 37 41 17 17 40 17 49 40  1 40
  1 17 49 40 49 55 59 17  8 36 22 17  3 62 17 55]",True,True,1.0,1.0,"[ 8 17  1 17 37  1 49 40 17  1  1  3  1 41  8 22 59 17  1 40  1 27 17 37
 55  1 36 17  8 43 22 22  8  2  3  8 17 17  8 41 17 17  3 17 37 40  1  8
  1 17  8 40  3  1  1 17  8 22  1 17  3  1 17 36]","[43 17  1 17 49 49 49 40 17  3  1 22  1 43 59 43 59 17  3 40 43 49 17 49
 55  1 59 17 40 43 22 22 40 24 22  8 17 17  8 40 17 17  3 17 43 40 36  8
  1 17 43 40  3  1  1 17 22 22 36 17  3 27 17 36]",True,True,1.0,1.0
[0 0 1 ... 0 0 0],8,"[55 55  5  8  8  8 21  8  8  3 50  3 50 21  4 16  8  8  5 61  4  8 21 50
 21  8  4 61  8 45 19 21  8 45 32 62 63  8  7 61  7  8  5 32 50  8 50 63
  5 63  8 55  4 50 28  8  8 55 55  7 63  8  8  8]","[56  5 21  8  8  8 21  8  8 25 50  4 41 21  4 25  8  8 61  5 55  8 56 50
 45  8 56 61  8 45 23 21  8 21 45 62 61  8 62 28 41  8 32 63 50  8 25 32
 61 63  8 61 61 25 41  8  8 32 25 28 32  8  8  8]",True,True,1.0,1.0,"[np.int64(48), np.int64(17), np.int64(0), np.int64(41), np.int64(46), np.int64(30), np.int64(37), np.int64(36), np.int64(49), np.int64(63), np.int64(40), np.int64(31), np.int64(11), np.int64(21), np.int64(12), np.int64(44), np.int64(30), np.int64(11), np.int64(55), np.int64(56), np.int64(30), np.int64(23), np.int64(33), np.int64(53), np.int64(8), np.int64(3), np.int64(11), np.int64(38), np.int64(31), np.int64(61), np.int64(17), np.int64(48), np.int64(42), np.int64(3), np.int64(9), np.int64(48), np.int64(13), np.int64(51), np.int64(2), np.int64(36), np.int64(59), np.int64(36), np.int64(46), np.int64(37), np.int64(15), np.int64(47), np.int64(17), np.int64(22), np.int64(53), np.int64(48), np.int64(1), np.int64(46), np.int64(21), np.int64(59), np.int64(50), np.int64(50), np.int64(37), np.int64(50), np.int64(37), np.int64(35), np.int64(21), np.int64(50), np.int64(48), np.int64(12)]","[np.int64(13), np.int64(46), np.int64(36), np.int64(33), np.int64(45), np.int64(60), np.int64(30), np.int64(34), np.int64(24), np.int64(0), np.int64(54), np.int64(18), np.int64(51), np.int64(13), np.int64(7), np.int64(12), np.int64(39), np.int64(20), np.int64(12), np.int64(0), np.int64(18), np.int64(24), np.int64(47), np.int64(45), np.int64(18), np.int64(3), np.int64(48), np.int64(49), np.int64(63), np.int64(44), np.int64(0), np.int64(46), np.int64(50), np.int64(4), np.int64(55), np.int64(9), np.int64(35), np.int64(35), np.int64(17), np.int64(30), np.int64(5), np.int64(63), np.int64(47), np.int64(33), np.int64(55), np.int64(16), np.int64(34), np.int64(32), np.int64(32), np.int64(36), np.int64(23), np.int64(16), np.int64(10), np.int64(37), np.int64(63), np.int64(62), np.int64(29), np.int64(11), np.int64(59), np.int64(12), np.int64(2), np.int64(53), np.int64(26), np.int64(27)]",False,False,0.0,0.0,"[ 5 62 21  8  8  8 37  8  8 61 21  3 50 21 50 37  8  8  3 25 28  8 17  7
 17  8 28 28  8 45 23  4  8  7 32 62 63  8  4 28  7  8 32  4 50  8 37 63
 61 16  8 55 17 55 45  8  8 32 37  7 32  8  8  8]","[ 5  5 61  8  8  8  5  8  8 61 21  3 50 55  4 37  8  8  4 25  3  8 17 50
 50  8  4 32  8 45 27  4  8 21 41 25 61  8  4  3 41  8 61 32 50  8 16 32
  4  4  8 56 45 55  5  8  8 32 61 55 63  8  8  8]",True,True,1.0,1.0,"[ 5  5  5  8  8  8  5  8  8  3 21  4 41  5  4 16  8  8  4  4  4  8  3  7
  5  8  4 28  8 37  2  4  8  5 16 25  7  8  4  5  7  8  5  4 50  8  3  3
  4  4  8  7  3 25  5  8  8  4  4  7  5  8  8  8]","[ 5 61 61  8  8  8  5  8  8 61 21  3 61  5  4 25  8  8  5 61 25  8  3 50
  5  8  4 61  8 37 47 21  8  5 21 25 32  8 62 61 41  8 32  4 50  8  5  5
 61 41  8 61 61 25 32  8  8  4 61 28 32  8  8  8]",True,True,1.0,1.0
[1 0 1 ... 0 0 1],17,"[17 38  0 40 63 48 60 21  0 17 14 14 21  0 17 14 54 17 17 40 17 17 58 54
 38 38 40 38 48 17 54 48 20 53 40 18  9 18 17 40 17 55 17 60 58 20 53 18
 17 29 14 54 20 17 17 17 55  0 17 29 17 21 60 17]","[17 38 40 54 63 63 54 55 20 17 42 21 18 60 17 60 20 17 17 14 17 17 54 54
 53 21 58 14 18 17 54 48 60 18 55 18 53 63 17 53 17 55 17 60 63 53 63 29
 17 55 14 60 38 17 17 17 20 21 17 29 17  0 21 17]",True,True,1.0,1.0,"[np.int64(42), np.int64(26), np.int64(36), np.int64(8), np.int64(2), np.int64(57), np.int64(57), np.int64(8), np.int64(50), np.int64(15), np.int64(45), np.int64(20), np.int64(7), np.int64(21), np.int64(12), np.int64(10), np.int64(3), np.int64(45), np.int64(18), np.int64(14), np.int64(8), np.int64(22), np.int64(53), np.int64(63), np.int64(18), np.int64(38), np.int64(18), np.int64(30), np.int64(30), np.int64(6), np.int64(47), np.int64(24), np.int64(17), np.int64(10), np.int64(42), np.int64(2), np.int64(10), np.int64(61), np.int64(53), np.int64(13), np.int64(16), np.int64(37), np.int64(51), np.int64(53), np.int64(54), np.int64(4), np.int64(31), np.int64(9), np.int64(32), np.int64(55), np.int64(43), np.int64(16), np.int64(14), np.int64(19), np.int64(61), np.int64(17), np.int64(40), np.int64(55), np.int64(8), np.int64(24), np.int64(60), np.int64(16), np.int64(4), np.int64(26)]","[np.int64(47), np.int64(1), np.int64(32), np.int64(0), np.int64(41), np.int64(18), np.int64(46), np.int64(61), np.int64(33), np.int64(37), np.int64(56), np.int64(19), np.int64(15), np.int64(10), np.int64(10), np.int64(26), np.int64(38), np.int64(38), np.int64(44), np.int64(16), np.int64(41), np.int64(43), np.int64(42), np.int64(50), np.int64(32), np.int64(44), np.int64(51), np.int64(10), np.int64(27), np.int64(14), np.int64(37), np.int64(62), np.int64(44), np.int64(56), np.int64(10), np.int64(50), np.int64(31), np.int64(7), np.int64(29), np.int64(14), np.int64(33), np.int64(54), np.int64(33), np.int64(9), np.int64(50), np.int64(9), np.int64(40), np.int64(48), np.int64(26), np.int64(42), np.int64(49), np.int64(36), np.int64(60), np.int64(24), np.int64(28), np.int64(14), np.int64(43), np.int64(32), np.int64(23), np.int64(49), np.int64(12), np.int64(46), np.int64(47), np.int64(46)]",False,False,0.0,0.0,"[17 38 40 40 63 20 42 55 54 17 14 55 18 60 17 14 53 17 17 54 17 17 54 21
 53 29 20 20 48 17 55 48 29 40 55  9  9 18 17 40 17 38 17 54 60 60 14 18
 17 20 58 54 20 17 17 17  9  0 17 53 17  0 21 17]","[17 40  0 40 63 29 54 21 21 17 14 14 48 63 17 14 53 17 17 14 17 17 14 18
 53 29 40 48 48 17 54 48 63 38 40 48  0 18 17 53 17 55 17 53 63 14 14 42
 17 20 58 60 38 17 17 17 42  0 17 53 17  9 14 17]",True,True,1.0,1.0,"[17 29  0 40 63 20  9  0  0 17 14 14 18  0 17 14 20 17 17  0 17 17  0 18
 38 21 20 14 18 17 20 48 20 18 40  9  0 18 17 20 17 38 17 18 58 14 14 18
 17 20  9 29  0 17 17 17 20  0 17 29 17  0 14 17]","[17 29  0 54 63 63 54 60 54 17 14 14 48 60 17 14 54 17 17 14 17 17 54 54
 53 54 20 14 48 17 54 48 63 18 40 14  0 18 17 53 17 60 17 55 60 14 14 18
 17 29 14 29 38 17 17 17 20 21 17 29 17  0 60 17]",True,True,1.0,1.0
[1 0 1 ... 0 0 0],7,"[ 2 53  7 37  5  7 35  7 50  7  7 21 35 37 62 53  2  7 17 34 53  7 21  5
  2  5  1 10 31 34 10  7 53 53  7  7 31  7 53 53  9 58 21  9 10  2 50  2
 50 50  7 35  2  7 24  5 62 58  7 62  5 50  7 10]","[10 53  7 37  5  7 35  7  5  7  7 37  9 53 62 53 50  7  2 58 53  7 50 50
 62  5 52 31 31 34 10  7 21 53  7  7 31  7 53  2 17 34 21 10 31  2  2 37
 62  5  7 21 21  7 49  5  5 58  7  5  5 50  7 50]",True,True,1.0,1.0,"[np.int64(33), np.int64(5), np.int64(58), np.int64(40), np.int64(46), np.int64(48), np.int64(55), np.int64(56), np.int64(31), np.int64(52), np.int64(1), np.int64(38), np.int64(54), np.int64(61), np.int64(29), np.int64(26), np.int64(25), np.int64(5), np.int64(0), np.int64(3), np.int64(2), np.int64(48), np.int64(9), np.int64(3), np.int64(1), np.int64(34), np.int64(56), np.int64(62), np.int64(6), np.int64(8), np.int64(42), np.int64(56), np.int64(7), np.int64(62), np.int64(61), np.int64(37), np.int64(2), np.int64(59), np.int64(44), np.int64(33), np.int64(38), np.int64(45), np.int64(10), np.int64(16), np.int64(28), np.int64(0), np.int64(4), np.int64(10), np.int64(44), np.int64(60), np.int64(42), np.int64(58), np.int64(8), np.int64(52), np.int64(45), np.int64(6), np.int64(16), np.int64(35), np.int64(9), np.int64(11), np.int64(17), np.int64(52), np.int64(32), np.int64(36)]","[np.int64(33), np.int64(42), np.int64(57), np.int64(33), np.int64(57), np.int64(1), np.int64(0), np.int64(56), np.int64(7), np.int64(2), np.int64(30), np.int64(34), np.int64(25), np.int64(6), np.int64(54), np.int64(30), np.int64(47), np.int64(36), np.int64(23), np.int64(20), np.int64(44), np.int64(41), np.int64(56), np.int64(52), np.int64(58), np.int64(15), np.int64(12), np.int64(15), np.int64(34), np.int64(4), np.int64(55), np.int64(45), np.int64(59), np.int64(44), np.int64(4), np.int64(53), np.int64(33), np.int64(20), np.int64(19), np.int64(26), np.int64(51), np.int64(16), np.int64(1), np.int64(62), np.int64(41), np.int64(59), np.int64(15), np.int64(23), np.int64(22), np.int64(30), np.int64(56), np.int64(3), np.int64(31), np.int64(57), np.int64(31), np.int64(31), np.int64(7), np.int64(27), np.int64(10), np.int64(46), np.int64(2), np.int64(40), np.int64(14), np.int64(30)]",False,False,0.0,0.0,"[ 2  9  7  5  5  7 35  7 21  7  7 37  9 37 62 53 10  7 17 58 53  7 50 31
  9  9  6 17  5 34 35  7 21 58  7  7 34  7 53 21  9 31 21 62 10  2 35 34
 10 10  7 21  5  7 39  5 62 58  7 62  5 50  7 10]","[10 53  7 37  5  7 50  7 21  7  7 10  9 37 62 53 10  7  2 34 53  7 17  5
 17  5 19 10 58 34 10  7 35 53  7  7 31  7  2 58 62 31 21 37 37  2 35  9
 62 10  7 21 58  7 48  5 37 58  7  5  5 50  7 10]",True,True,1.0,1.0,"[ 2  2  7  2  5  7  2  7  5  7  7  2  9 35  2 53  2  7  2 34 31  7  9  5
  2  5  1 10  5 34  9  7  5 53  7  7 31  7  2  2  2 31 21  2 10  2  2  2
 10  5  7 10  2  7  1  2  5 58  7  5  2 50  7 10]","[10 53  7  5  5  7 35  7 10  7  7 10 35 53 62 53 10  7 17 58 31  7 17  5
 17  5 19 10 10 34 10  7  5 53  7  7 37  7 53 10 17 34 21 10 10  2 10 37
 10 10  7 10 58  7 20 35  5 58  7  5 10 50  7 10]",True,True,1.0,1.0
[0 1 0 ... 0 0 1],14,"[10  5 24 14 63 14 14 13  9 14 14 10 36 14 14  3  5 34 14  5 36 54 18  9
 14 63 54 54 24 14  5 40 63 29 14 10 14 36 34 40 14 10 29 18 34 34  3 10
  6 10 34 40 13 13 14 34 18  5 34 18  5 13 29 14]","[10 24 36 14  5 14 14 13 18 14 14 10 63 14 14  3 24  6 14 34  3  6 18  9
 14 63 13 54 24 14  5  6 63 10 14 10 14 34 24 18 14 10 24 18 34 18 63 63
 24 63 10 40  3 13 14 18 18  5  3 10 24 36 29 14]",True,True,1.0,1.0,"[np.int64(57), np.int64(26), np.int64(5), np.int64(32), np.int64(61), np.int64(2), np.int64(13), np.int64(51), np.int64(55), np.int64(20), np.int64(53), np.int64(13), np.int64(50), np.int64(12), np.int64(56), np.int64(44), np.int64(11), np.int64(53), np.int64(55), np.int64(43), np.int64(4), np.int64(12), np.int64(19), np.int64(50), np.int64(30), np.int64(52), np.int64(0), np.int64(55), np.int64(13), np.int64(32), np.int64(56), np.int64(21), np.int64(24), np.int64(0), np.int64(0), np.int64(62), np.int64(63), np.int64(9), np.int64(2), np.int64(39), np.int64(28), np.int64(20), np.int64(32), np.int64(23), np.int64(10), np.int64(5), np.int64(15), np.int64(1), np.int64(29), np.int64(12), np.int64(46), np.int64(8), np.int64(21), np.int64(24), np.int64(47), np.int64(39), np.int64(14), np.int64(43), np.int64(57), np.int64(50), np.int64(50), np.int64(22), np.int64(54), np.int64(61)]","[np.int64(60), np.int64(42), np.int64(34), np.int64(36), np.int64(22), np.int64(60), np.int64(40), np.int64(1), np.int64(6), np.int64(14), np.int64(6), np.int64(30), np.int64(39), np.int64(43), np.int64(9), np.int64(53), np.int64(62), np.int64(47), np.int64(0), np.int64(9), np.int64(24), np.int64(62), np.int64(30), np.int64(18), np.int64(41), np.int64(14), np.int64(52), np.int64(20), np.int64(28), np.int64(33), np.int64(47), np.int64(39), np.int64(34), np.int64(7), np.int64(11), np.int64(35), np.int64(16), np.int64(53), np.int64(46), np.int64(4), np.int64(51), np.int64(26), np.int64(37), np.int64(13), np.int64(16), np.int64(11), np.int64(51), np.int64(52), np.int64(18), np.int64(33), np.int64(20), np.int64(54), np.int64(32), np.int64(47), np.int64(6), np.int64(63), np.int64(10), np.int64(60), np.int64(40), np.int64(26), np.int64(18), np.int64(39), np.int64(41), np.int64(4)]",False,False,0.0,0.0,"[ 6  5 36 14 13 14 14 13  9 14 14 18  5 14 14  3 36 29 14 40 13 63 63  9
 14  6 13 36 54 14 18  6  5 10 14 36 14 36 34 18 14  3 24 40 36  9 24  5
 24 13 34 63  3 36 14 34 24 34  5 18 29 36  9 14]","[ 6 29 40 14  5 14 14 13 10 14 14 34  5 14 14  6 10  6 14  6 36  6 18  9
 14  6 13 54 34 14 63 40 63  5 14 63 14  6 34 24 14 13 24 40 36 18 63 63
  6 63 10 63  3 36 14 24 18  5  3 10  5 13 10 14]",True,True,1.0,1.0,"[ 6  5 24 14  5 14 14 13  9 14 14  3  5 14 14  3  5  6 14  6  3  6  6  9
 14  6 13 10 24 14  5  6  5  5 14 10 14  6 24 13 14  3 13 18  6  9  3  5
  3  3  6 40  3 10 14 18 18  5  3 10  5  9  9 14]","[10 24 63 14 63 14 14 13 10 14 14 34 36 14 14 36 36 34 14 34 36 63 18 34
 14 63 13 36 24 14 63  6 63 18 14 36 14  6 24 24 14 10 24 18 36 24 24 63
  6 10  6 63  9 34 14 18 18 34 34 10 24 13 10 14]",True,True,1.0,1.0
[1 0 0 ... 0 0 1],63,"[ 8  7 60 12 63 37 40 63 63 63 28 63 63 28 56  0 12 37 63 56 11  4 63 63
  7 63  4 55 63  9 23 48 11 11 25 48 23 63 63 57 63 57 37 12  7  8 18 55
 63 23 37 11 40 23 38 63 63 63 56 23 63  8 22 63]","[28 60 60 25 63  9 56 63 63 63 28 63 63 28 60 17 40 57 63 56 18  4 63 63
 25 63  7 48 63  9 57  4 11  7 48 48 11 63 63 38 63 38  8 60 37 60 18 23
 63 23 22 56  9 57  9 63 63 63 48  7 63 12 22 63]",True,True,1.0,1.0,"[np.int64(0), np.int64(50), np.int64(17), np.int64(22), np.int64(39), np.int64(9), np.int64(52), np.int64(14), np.int64(59), np.int64(5), np.int64(57), np.int64(29), np.int64(10), np.int64(44), np.int64(28), np.int64(52), np.int64(35), np.int64(45), np.int64(15), np.int64(14), np.int64(10), np.int64(11), np.int64(1), np.int64(1), np.int64(58), np.int64(6), np.int64(22), np.int64(62), np.int64(17), np.int64(26), np.int64(51), np.int64(18), np.int64(56), np.int64(36), np.int64(8), np.int64(39), np.int64(50), np.int64(21), np.int64(42), np.int64(34), np.int64(62), np.int64(32), np.int64(50), np.int64(60), np.int64(12), np.int64(51), np.int64(36), np.int64(10), np.int64(5), np.int64(38), np.int64(63), np.int64(50), np.int64(8), np.int64(62), np.int64(50), np.int64(26), np.int64(23), np.int64(56), np.int64(20), np.int64(37), np.int64(61), np.int64(43), np.int64(6), np.int64(10)]","[np.int64(32), np.int64(43), np.int64(16), np.int64(31), np.int64(35), np.int64(43), np.int64(31), np.int64(42), np.int64(3), np.int64(8), np.int64(32), np.int64(27), np.int64(33), np.int64(30), np.int64(35), np.int64(50), np.int64(19), np.int64(17), np.int64(10), np.int64(13), np.int64(31), np.int64(29), np.int64(59), np.int64(36), np.int64(14), np.int64(60), np.int64(48), np.int64(22), np.int64(62), np.int64(61), np.int64(12), np.int64(7), np.int64(8), np.int64(38), np.int64(0), np.int64(15), np.int64(14), np.int64(0), np.int64(46), np.int64(9), np.int64(48), np.int64(33), np.int64(42), np.int64(18), np.int64(32), np.int64(32), np.int64(33), np.int64(42), np.int64(32), np.int64(36), np.int64(50), np.int64(56), np.int64(34), np.int64(41), np.int64(2), np.int64(24), np.int64(19), np.int64(62), np.int64(34), np.int64(32), np.int64(47), np.int64(7), np.int64(48), np.int64(60)]",False,False,0.0,0.0,"[ 8 25  8 25 63  9 40 63 63 63 23 63 63 28 56 49 12  7 63 12 18 28 63 63
  7 63 40  9 63 37 48 11 57 40 48 40 56 63 63 56 63 25 37 37 22  4 22 55
 63 37 38 55  7 56 38 63 63 63 37  7 63 60 22 63]","[57 60 37 60 63  9 38 63 63 63 23 63 63  7 48 33 40 40 63 38 25  9 63 63
 25 63 48 55 63 22 12 48 11 23 48 40 38 63 63 57 63 25 25 25 28 22 22 55
 63 37 22 55  7 23 38 63 63 63 56  7 63 38 40 63]",True,True,1.0,1.0,"[ 8  4  8  9 63  9  4 63 63 63 23 63 63  7 18  0 12  9 63  4  8  4 63 63
  7 63  4  9 63  9 12  4 11  7  4 18 11 63 63  4 63 25  8  7  7  4 18  9
 63 23  8  9  4  4  4 63 63 63 37  7 63  8 22 63]","[57  7 48 60 63  9 11 63 63 63 23 63 63 25 48 33 12  7 63 38 48 56 63 63
  7 63 48 48 63 22 48 48 57 48 25 48 11 63 63 38 63 38 60 57  7  4 38 55
 63 23 22 11  7  4 38 63 63 63 48  7 63  7 22 63]",True,True,1.0,1.0
[1 0 1 ... 0 0 0],39,"[39 59 27 61 39 45 59 45  4  0 52 25 33 33 15 39 27 33 45 30 27 27 35 35
 30 39 35 39  0 33 39 30 45 39 35 39 35 39  4 39 15 15 25 39 45 39 25 25
 15 25  4 43  4 25 27 30 25  4 39 39 15 39  4 45]","[39 59 58 33 39 45 59 27  0 30 28 25 33 33 59 39 43 33 61 35 27 27 15 35
 35 39  4 39 61 33 39 30 45 39 30 39  0 39 33 39 15 45 45 39 37 39 59 59
 37 43 43  0 37  4 61 61 25  4 39 39 25 39 37 45]",True,True,1.0,1.0,"[np.int64(44), np.int64(1), np.int64(26), np.int64(33), np.int64(46), np.int64(10), np.int64(33), np.int64(59), np.int64(29), np.int64(63), np.int64(19), np.int64(37), np.int64(40), np.int64(46), np.int64(20), np.int64(15), np.int64(38), np.int64(25), np.int64(39), np.int64(27), np.int64(53), np.int64(4), np.int64(38), np.int64(18), np.int64(43), np.int64(23), np.int64(53), np.int64(62), np.int64(44), np.int64(18), np.int64(26), np.int64(14), np.int64(19), np.int64(51), np.int64(8), np.int64(3), np.int64(1), np.int64(8), np.int64(12), np.int64(20), np.int64(15), np.int64(18), np.int64(22), np.int64(21), np.int64(5), np.int64(30), np.int64(21), np.int64(53), np.int64(24), np.int64(0), np.int64(40), np.int64(35), np.int64(40), np.int64(32), np.int64(50), np.int64(14), np.int64(42), np.int64(2), np.int64(43), np.int64(31), np.int64(46), np.int64(41), np.int64(5), np.int64(61)]","[np.int64(38), np.int64(5), np.int64(59), np.int64(15), np.int64(59), np.int64(17), np.int64(36), np.int64(50), np.int64(19), np.int64(19), np.int64(42), np.int64(8), np.int64(41), np.int64(63), np.int64(38), np.int64(41), np.int64(63), np.int64(46), np.int64(19), np.int64(51), np.int64(24), np.int64(46), np.int64(53), np.int64(33), np.int64(44), np.int64(28), np.int64(25), np.int64(20), np.int64(0), np.int64(37), np.int64(12), np.int64(3), np.int64(60), np.int64(27), np.int64(61), np.int64(29), np.int64(59), np.int64(40), np.int64(58), np.int64(54), np.int64(51), np.int64(23), np.int64(3), np.int64(35), np.int64(20), np.int64(0), np.int64(23), np.int64(12), np.int64(12), np.int64(30), np.int64(3), np.int64(49), np.int64(44), np.int64(44), np.int64(50), np.int64(35), np.int64(50), np.int64(1), np.int64(16), np.int64(35), np.int64(30), np.int64(56), np.int64(60), np.int64(29)]",False,False,0.0,0.0,"[39 35  0 37 39 37 59 25  0 59 31 61  4 33  0 39 27 33 61 30 30 30 30 35
  4 39 35 39 61 27 39  0 45 39 58 39 61 39 33 39 15  4 15 39 25 39 59 25
 33 43 35 59 37 37 33 30 25 30 39 39 25 39  4 45]","[39 35 27 37 39 59 59 45 15 30  9 61 33 33 43 39 27 33 45 30 30 30 37 61
 35 39 35 39  0 58 39 30 45 39 30 39 35 39  4 39 15 15 45 39 25 39 45 59
 25 43 35 59  4 37 43 30 25  4 39 39 15 39  4 45]",True,True,1.0,1.0,"[39 35  0 33 39  0 15  0  0  0  8  0  4 33  0 39  0 33 45 30 15 27 15 25
  4 39  4 39  0 27 39  0 45 39 30 39  0 39  4 39  4  4 15 39 25 39  0 25
 15 25  4  0  4  4 15 25 25  4 39 39  0 39  4 45]","[39 35 58 37 39 45 59 27  4 37 52  0  4 33 59 39 43 33 45 35 15 27 35 35
  4 39  4 39  0 33 39 30 45 39 37 39 35 39  4 39  4  4 45 39 45 39 25 25
 15 25  4 37  4  4 15 30 25 61 39 39  0 39  4 45]",True,True,1.0,1.0
[0 0 1 ... 0 1 0],38,"[17  6 14  6  5 38 38  6 17 38 44 52 56 33 38 27 26 38 45 27 44 14 57 38
 45 38 38 38 27  5  9 60 27 38 52 27  5 45 38  6 41 38 26 23 38 38 60  6
 57 33 27  5 38 33  6 60 38 38 41 56 38 33 56 15]","[17 33 14  5  6 38 38  6  5 38 56 25 56 41 38 23 26 38 27 14 23 57 52 38
 60 38 38 38 56  5 33 17 17 38 14 27 52 57 38  6 41 38 57 17 38 38 60  6
  6 33  6 56 38 52  6 14 38 38 44 33 38 45 56 40]",True,True,1.0,1.0,"[np.int64(25), np.int64(29), np.int64(20), np.int64(14), np.int64(26), np.int64(27), np.int64(3), np.int64(7), np.int64(55), np.int64(29), np.int64(37), np.int64(62), np.int64(11), np.int64(58), np.int64(2), np.int64(54), np.int64(15), np.int64(10), np.int64(11), np.int64(24), np.int64(0), np.int64(51), np.int64(37), np.int64(39), np.int64(16), np.int64(22), np.int64(51), np.int64(7), np.int64(54), np.int64(62), np.int64(62), np.int64(16), np.int64(9), np.int64(62), np.int64(26), np.int64(19), np.int64(10), np.int64(31), np.int64(26), np.int64(42), np.int64(49), np.int64(52), np.int64(63), np.int64(3), np.int64(34), np.int64(31), np.int64(17), np.int64(12), np.int64(55), np.int64(0), np.int64(41), np.int64(54), np.int64(41), np.int64(43), np.int64(16), np.int64(59), np.int64(22), np.int64(3), np.int64(7), np.int64(4), np.int64(5), np.int64(56), np.int64(32), np.int64(61)]","[np.int64(4), np.int64(14), np.int64(17), np.int64(20), np.int64(58), np.int64(60), np.int64(11), np.int64(48), np.int64(51), np.int64(5), np.int64(33), np.int64(2), np.int64(14), np.int64(12), np.int64(42), np.int64(9), np.int64(51), np.int64(34), np.int64(29), np.int64(2), np.int64(56), np.int64(14), np.int64(8), np.int64(61), np.int64(50), np.int64(39), np.int64(63), np.int64(32), np.int64(48), np.int64(40), np.int64(59), np.int64(39), np.int64(31), np.int64(1), np.int64(16), np.int64(51), np.int64(63), np.int64(16), np.int64(30), np.int64(60), np.int64(58), np.int64(35), np.int64(22), np.int64(40), np.int64(31), np.int64(13), np.int64(4), np.int64(29), np.int64(60), np.int64(57), np.int64(53), np.int64(0), np.int64(28), np.int64(8), np.int64(40), np.int64(45), np.int64(51), np.int64(61), np.int64(30), np.int64(55), np.int64(25), np.int64(5), np.int64(4), np.int64(59)]",False,False,0.0,0.0,"[17 33 27 44  5 38 38  6 41 38 41 52 33  9 38 60  5 38 23 17 23 26 52 38
 45 38 38 38 56  5  9 56 27 38 52  9 52 17 38 57 41 38 57 17 38 38 33 27
 41 52 27 45 38 57  6 14 38 38 41 41 38 17 60 29]","[56 41 45  5  6 38 38  6 45 38 44 44 56 14 38 25 17 38 45 41  6 14 57 38
 52 38 38 38 56 56 17 17 27 38 45 41 41 57 38  6 45 38  6 23 38 38 33  6
 44 52  6 14 38 33  6 41 38 38 41 56 38 14 45 49]",True,True,1.0,1.0,"[17  6 14  5  5 38 38  6  5 38 41 25 33  9 38 17  5 38  6  5  6  9 41 38
 45 38 38 38 27  5  9 17 17 38  5  9  5 17 38  6  9 38  6 17 38 38  6  6
  6 33  6  5 38 33  6 14 38 38 41 25 38 17 26 15]","[17  6 14  6  6 38 38  6  6 38 41 44 56 14 38 25 17 38  6 14  6 57 57 38
 45 38 38 38 27  5 17 52 27 38 14 41 41 57 38 57 41 38  6 41 38 38 60  6
 57 33  6 14 38 57  6 41 38 38 41 25 38 14 45 62]",True,True,1.0,1.0
[1 0 1 ... 0 0 0],7,"[ 2  9  7  2  5  7 50  7 35  7  7 58  9 37 53 53 50  7 17 34 53  7 50 50
 62  5 11 62 58 34 35  7 35 58  7  7 37  7  9 21 17 58 21 35 37  2 35 37
 31 10  7 35 50  7 20  2 62 58  7  5 21 50  7 50]","[ 2 53  7 37  5  7 35  7 50  7  7 21  9 35 53 53 50  7  2 58 53  7 50 50
 17  5 11 31 10 34 10  7 35 58  7  7 34  7  9 10 10 58 21 35 31  2 31 31
 10 31  7 10 21  7 39 35 37 58  7  5 10 50  7 31]",True,True,1.0,1.0,"[np.int64(62), np.int64(56), np.int64(16), np.int64(16), np.int64(36), np.int64(62), np.int64(37), np.int64(16), np.int64(49), np.int64(18), np.int64(16), np.int64(16), np.int64(55), np.int64(32), np.int64(37), np.int64(1), np.int64(22), np.int64(46), np.int64(11), np.int64(38), np.int64(21), np.int64(3), np.int64(3), np.int64(22), np.int64(54), np.int64(0), np.int64(39), np.int64(18), np.int64(34), np.int64(6), np.int64(49), np.int64(57), np.int64(42), np.int64(39), np.int64(54), np.int64(30), np.int64(34), np.int64(14), np.int64(62), np.int64(6), np.int64(49), np.int64(1), np.int64(28), np.int64(46), np.int64(47), np.int64(27), np.int64(10), np.int64(0), np.int64(45), np.int64(17), np.int64(53), np.int64(18), np.int64(12), np.int64(2), np.int64(54), np.int64(32), np.int64(41), np.int64(28), np.int64(19), np.int64(11), np.int64(51), np.int64(11), np.int64(45), np.int64(16)]","[np.int64(9), np.int64(49), np.int64(54), np.int64(11), np.int64(20), np.int64(23), np.int64(35), np.int64(9), np.int64(58), np.int64(24), np.int64(11), np.int64(7), np.int64(35), np.int64(37), np.int64(40), np.int64(22), np.int64(56), np.int64(58), np.int64(25), np.int64(35), np.int64(18), np.int64(4), np.int64(7), np.int64(49), np.int64(62), np.int64(52), np.int64(55), np.int64(56), np.int64(19), np.int64(42), np.int64(50), np.int64(20), np.int64(62), np.int64(14), np.int64(34), np.int64(33), np.int64(24), np.int64(53), np.int64(45), np.int64(35), np.int64(56), np.int64(27), np.int64(54), np.int64(14), np.int64(40), np.int64(5), np.int64(17), np.int64(3), np.int64(27), np.int64(30), np.int64(41), np.int64(39), np.int64(3), np.int64(47), np.int64(4), np.int64(15), np.int64(48), np.int64(34), np.int64(9), np.int64(41), np.int64(36), np.int64(37), np.int64(58), np.int64(61)]",False,False,0.0,0.0,"[10 53  7  2  5  7 50  7  5  7  7 10 35 53 53 53 50  7  2 34 53  7 31 31
  2  9 19 10 31 34 10  7  5 58  7  7 37  7  2 53  9 31 21  2 37  2 62 31
 50 10  7 62  2  7 27  2 62 58  7 62 21 50  7 50]","[10  9  7  5  5  7 35  7 53  7  7 10 35 53  2 53 10  7  2 34 53  7 17  5
 17  5 11 31 50 34  9  7 53 58  7  7 37  7 53 10 17 58 21 35 31  2 31 37
 62 50  7 21  5  7 61  2 37 58  7 62 21 50  7 10]",True,True,1.0,1.0,"[ 2  2  7  2  5  7  2  7  5  7  7  2  9 35  2 53  2  7  2 34 31  7  9  5
  2  5  1 10  5 34  9  7  5 53  7  7 31  7  2  2  2 31 21  2 10  2  2  2
 10  5  7 10  2  7  1  2  5 58  7  5  2 50  7 10]","[10 53  7  5  5  7 35  7 10  7  7 10 35 53 62 53 10  7 17 58 31  7 17  5
 17  5 19 10 10 34 10  7  5 53  7  7 37  7 53 10 17 34 21 10 10  2 10 37
 10 10  7 10 58  7 20 35  5 58  7  5 10 50  7 10]",True,True,1.0,1.0
[0 1 0 ... 0 0 1],59,"[33 20 54 59  6 35 59 59 54 35  7 63 59 56 51 59 54 56 53 33 59 59 59 21
 12  3 63 35 35 33  3 33 15 59 53 59 63 35 57 56 22 21  3  6 51 63 63 12
 15 54  3 59  7 59 59  3 59 59 57 59  3 21 57 59]","[35 20 54 59 63 20 59 59 35 57 51 54 59 21 20 59 54 12 57 12 59 59 59 35
 22 35 22 35 56 54 33 33 54 59 57 59 12 15  6 63 35 15  3 21 57 63 63  3
 57 33  3 59  7 59 59 54 59 59 54 59 15 22 12 59]",True,True,1.0,1.0,"[np.int64(29), np.int64(22), np.int64(62), np.int64(11), np.int64(25), np.int64(39), np.int64(12), np.int64(34), np.int64(57), np.int64(39), np.int64(19), np.int64(14), np.int64(14), np.int64(1), np.int64(51), np.int64(38), np.int64(5), np.int64(5), np.int64(3), np.int64(40), np.int64(50), np.int64(61), np.int64(18), np.int64(7), np.int64(40), np.int64(16), np.int64(10), np.int64(1), np.int64(39), np.int64(54), np.int64(62), np.int64(27), np.int64(3), np.int64(48), np.int64(5), np.int64(39), np.int64(41), np.int64(24), np.int64(39), np.int64(15), np.int64(58), np.int64(14), np.int64(18), np.int64(46), np.int64(43), np.int64(42), np.int64(45), np.int64(50), np.int64(11), np.int64(45), np.int64(55), np.int64(23), np.int64(46), np.int64(5), np.int64(29), np.int64(29), np.int64(39), np.int64(63), np.int64(46), np.int64(54), np.int64(25), np.int64(9), np.int64(43), np.int64(29)]","[np.int64(36), np.int64(61), np.int64(22), np.int64(16), np.int64(5), np.int64(40), np.int64(52), np.int64(36), np.int64(35), np.int64(58), np.int64(4), np.int64(5), np.int64(28), np.int64(53), np.int64(16), np.int64(47), np.int64(28), np.int64(21), np.int64(21), np.int64(28), np.int64(7), np.int64(13), np.int64(60), np.int64(22), np.int64(24), np.int64(16), np.int64(16), np.int64(29), np.int64(44), np.int64(31), np.int64(53), np.int64(45), np.int64(39), np.int64(50), np.int64(60), np.int64(7), np.int64(29), np.int64(53), np.int64(25), np.int64(63), np.int64(11), np.int64(61), np.int64(35), np.int64(52), np.int64(41), np.int64(29), np.int64(18), np.int64(56), np.int64(2), np.int64(63), np.int64(45), np.int64(26), np.int64(30), np.int64(9), np.int64(40), np.int64(18), np.int64(11), np.int64(34), np.int64(49), np.int64(44), np.int64(37), np.int64(50), np.int64(37), np.int64(12)]",False,False,0.0,0.0,"[ 7 15 15 59 57 22 59 59 15 57  7 33 59 35 51 59 21 63 21 33 59 59 59 63
 22 54 15 56 56 33 33 33 15 59 53 59 54 15 53 63 22 21  3  6 57 56 20  7
  3  7  6 59 57 59 59 54 59 59 53 59 15 21 57 59]","[35 20 57 59  6 22 59 59 54 51 51 54 59 35 15 59  3 63 21 12 59 59 59 35
 22  3 51 15 51 57  3  3 15 59 20 59  6 54 53 53 12 51 57 21 53 63 15  3
 33 33  7 59  7 59 59  3 59 59 22 59 57 51 12 59]",True,True,1.0,1.0,"[ 7  6 15 59  6  7 59 59  6 20  7 33 59 20 15 59  3  7 21 12 59 59 59  3
 12  3 15  3 35  3  3  3 15 59 20 59  3 15  6 56 12 15  3  6 33 56 15  3
  3  7  3 59  3 59 59  3 59 59 22 59  6 15 12 59]","[33 20 15 59 53 53 59 59 15 33 51 22 59 20 15 59 15 12 53 33 59 59 59  3
 51  3 22 15 35 15  3 33 53 59 53 59 12 15 53 63 12 15  3  6 53 63 15 12
 15 53  3 59  3 59 59  3 59 59 33 59 15 15 53 59]",True,True,1.0,1.0
[0 1 0 ... 0 1 0],62,"[ 4 41  3 62 62  3 62 41 62  6  6  8 39  8  8  4 19 41 61 62  3 61 26 62
 41  8 62  4  3 41 39  3 19 19 47  8 39 41 26 62  3 62 48 47 26 48  6 62
 62 39  6 39 26 19  6 39 19 41  4 41 41 62 62 62]","[ 6 41 63 62 62  3 62  6 62  6 26 23 61  8  8 63 26 41  4 62 39  3  3 62
 26  6 62  4  3 26 39  3 19 41  3 48 39  8 26 62 63 62 26 47  6 48  6 62
 62 23 48  8 26 41 23 39  6 19 63 41 23 62 62 62]",True,True,1.0,1.0,"[np.int64(47), np.int64(50), np.int64(2), np.int64(21), np.int64(54), np.int64(0), np.int64(20), np.int64(7), np.int64(2), np.int64(33), np.int64(8), np.int64(56), np.int64(46), np.int64(11), np.int64(35), np.int64(1), np.int64(44), np.int64(4), np.int64(27), np.int64(16), np.int64(53), np.int64(11), np.int64(31), np.int64(14), np.int64(26), np.int64(10), np.int64(26), np.int64(9), np.int64(16), np.int64(22), np.int64(0), np.int64(17), np.int64(27), np.int64(24), np.int64(33), np.int64(27), np.int64(61), np.int64(26), np.int64(20), np.int64(6), np.int64(24), np.int64(14), np.int64(52), np.int64(49), np.int64(21), np.int64(61), np.int64(19), np.int64(5), np.int64(59), np.int64(5), np.int64(60), np.int64(42), np.int64(37), np.int64(4), np.int64(9), np.int64(13), np.int64(43), np.int64(36), np.int64(49), np.int64(9), np.int64(31), np.int64(44), np.int64(57), np.int64(10)]","[np.int64(48), np.int64(44), np.int64(12), np.int64(30), np.int64(63), np.int64(28), np.int64(11), np.int64(34), np.int64(2), np.int64(36), np.int64(41), np.int64(17), np.int64(51), np.int64(2), np.int64(62), np.int64(33), np.int64(0), np.int64(51), np.int64(34), np.int64(9), np.int64(49), np.int64(6), np.int64(54), np.int64(24), np.int64(12), np.int64(20), np.int64(55), np.int64(44), np.int64(13), np.int64(53), np.int64(59), np.int64(17), np.int64(17), np.int64(26), np.int64(30), np.int64(33), np.int64(6), np.int64(63), np.int64(11), np.int64(3), np.int64(61), np.int64(24), np.int64(24), np.int64(24), np.int64(59), np.int64(5), np.int64(61), np.int64(42), np.int64(31), np.int64(45), np.int64(4), np.int64(56), np.int64(33), np.int64(22), np.int64(12), np.int64(15), np.int64(59), np.int64(9), np.int64(61), np.int64(40), np.int64(48), np.int64(53), np.int64(25), np.int64(31)]",False,False,0.0,0.0,"[ 4 41 23 62 62  3 62 39 62 41 26  8 61  8  4  4  6  3 47 62 23 23 23 62
 23 26 62 61 23 48 39  3 47 41 48  8 47  8 39 62  3 62 39 23 26 48 39 62
 62 39 48 39 26 39 23 39 19  8 19 47 41 62 62 62]","[41 41 41 62 62  3 62 63 62 41  6 23 39  8  4  4 26 41 47 62 23 61  6 62
 47 63 62 61  3 48 39  3 47 19  6  3 39 19 26 62  3 62 39 47  6 48 19 62
 62 23  6  8 26 41  6 39 19 41  4 39 41 62 62 62]",True,True,1.0,1.0,"[ 4 41  3 62 62  3 62  6 62  6  4  6  3  8  8  4  6  3  4 62  3  3  3 62
 23  6 62  4  3 26 39  3 19 19  3  8  3  8  8 62  3 62 26 23  6 48  6 62
 62 23  6  8 26  3  6 39  4  8  4 39  4 62 62 62]","[ 6 41  3 62 62  3 62 63 62  6  6 23 39  8 47  4  6 41 47 62  3 61  3 62
 26  6 62 61  3 26 39  3 47 41  3 48 39 41 26 62  3 62 26 23 26 48  6 62
 62 48 48  8 26 41  6 39  6 41 26 41 23 62 62 62]",True,True,1.0,1.0
[1 0 1 ... 0 0 0],1,"[42  1  1 15 38  1 39  1  1  5  7 33 39 39  1  1  5  1 14 15  5 29  7 15
 39 15 42 17 38  1  7  1 15  1 51 15 29 52  1  1 52  2  1 39  8  5 51 42
 51 17 14  1  1  7 31 39 39 15 29  8  2  7 29  7]","[ 7  1  1 15 42  1 39  1  1 33 51 51 33 52  1  1 52  1 38 38  7 14 29 15
 42 15 29 14 51  1 39  1 15  1 51 17  7 52  1  1 52 17  1 14  5 39 29 29
 51 17 39  1  1 52 38 39 39 14 29 14 39  7 29  7]",True,True,1.0,1.0,"[np.int64(7), np.int64(6), np.int64(39), np.int64(50), np.int64(11), np.int64(4), np.int64(8), np.int64(52), np.int64(15), np.int64(48), np.int64(35), np.int64(17), np.int64(35), np.int64(27), np.int64(61), np.int64(46), np.int64(31), np.int64(16), np.int64(31), np.int64(30), np.int64(57), np.int64(44), np.int64(8), np.int64(42), np.int64(50), np.int64(23), np.int64(60), np.int64(39), np.int64(46), np.int64(4), np.int64(29), np.int64(19), np.int64(2), np.int64(38), np.int64(20), np.int64(8), np.int64(59), np.int64(8), np.int64(62), np.int64(63), np.int64(2), np.int64(7), np.int64(1), np.int64(30), np.int64(10), np.int64(11), np.int64(34), np.int64(35), np.int64(15), np.int64(63), np.int64(17), np.int64(2), np.int64(28), np.int64(33), np.int64(42), np.int64(23), np.int64(7), np.int64(46), np.int64(12), np.int64(56), np.int64(38), np.int64(50), np.int64(56), np.int64(24)]","[np.int64(22), np.int64(16), np.int64(1), np.int64(62), np.int64(53), np.int64(49), np.int64(61), np.int64(45), np.int64(27), np.int64(29), np.int64(18), np.int64(61), np.int64(55), np.int64(32), np.int64(49), np.int64(53), np.int64(37), np.int64(28), np.int64(33), np.int64(17), np.int64(49), np.int64(60), np.int64(57), np.int64(57), np.int64(10), np.int64(1), np.int64(19), np.int64(37), np.int64(61), np.int64(19), np.int64(59), np.int64(53), np.int64(19), np.int64(42), np.int64(8), np.int64(18), np.int64(38), np.int64(39), np.int64(15), np.int64(9), np.int64(30), np.int64(44), np.int64(38), np.int64(15), np.int64(20), np.int64(33), np.int64(13), np.int64(57), np.int64(47), np.int64(52), np.int64(57), np.int64(53), np.int64(56), np.int64(18), np.int64(24), np.int64(8), np.int64(40), np.int64(46), np.int64(2), np.int64(8), np.int64(35), np.int64(11), np.int64(3), np.int64(24)]",False,False,0.0,0.0,"[ 2  1  1 29  8  1  5  1  1  5  2 33 38 52  1  1  2  1 51 38  5 52 15 52
 29  7 29 38 17  1  7  1 15  1 51 14 31 52  1  1 39  5  1 39  8  5 14 39
 51 15  7  1  1 15 38 33 39 14 17  7  5  7 52 51]","[51  1  1 29 42  1 39  1  1 42 38 51 14 39  1  1 52  1 51 29  7 38 38 31
 39 15 42 17 14  1 51  1 15  1 51 14  7 52  1  1 39 14  1 39 29 39 17 39
 51 15 31  1  1  7 38 39 39 14 29 14 14 39  2 51]",True,True,1.0,1.0,"[ 2  1  1 15  8  1  5  1  1  5  2 33 14 39  1  1  2  1  7 14  5 14  7  5
 14  5 29  5 14  1  7  1 15  1 51  2  2 17  1  1 39  2  1 14  5  5  2  2
  5  2  2  1  1  5 31 29  5 14  2  2  2  7  2  7]","[ 7  1  1 29 14  1 39  1  1 42  7 51 14 52  1  1 52  1 14 29  7 29  7 31
 29 14 42 14 29  1 14  1 33  1 51 14  7 52  1  1 52 14  1 14 29 14 14 29
 38 51 14  1  1 14 38 29 39 14 29 14 14 14 29 51]",True,True,1.0,1.0
[1 0 1 ... 1 0 1],25,"[20 15 14 63 34 23 23 50 48 15 50 25 25 34 25 25 21 15 20 42 25 25 12 25
 20 25 20 50 48 48 23 11 12 14 25 48 25 57 15 12 15 15 25 21 48 20 48 48
 25 15 25 11 15 14 11 14 12 25 50 63 23 11 14 25]","[14 15 12 14 34 42 50 50 48 21 11 25 25 48 25 25 21 15 20 42 25 25 12 25
 42 25 42 36 50 14 48 34 50 14 25 36 25 21 11 12 63 36 25 21 42 23 48 48
 25 15 25 20 57 12 57 48 12 25 50 34 50 11 57 25]",True,True,1.0,1.0,"[np.int64(53), np.int64(53), np.int64(18), np.int64(11), np.int64(33), np.int64(19), np.int64(41), np.int64(62), np.int64(33), np.int64(13), np.int64(36), np.int64(30), np.int64(43), np.int64(61), np.int64(2), np.int64(18), np.int64(58), np.int64(16), np.int64(59), np.int64(30), np.int64(53), np.int64(46), np.int64(46), np.int64(23), np.int64(15), np.int64(45), np.int64(63), np.int64(1), np.int64(52), np.int64(45), np.int64(52), np.int64(60), np.int64(34), np.int64(55), np.int64(59), np.int64(1), np.int64(24), np.int64(33), np.int64(62), np.int64(59), np.int64(16), np.int64(6), np.int64(12), np.int64(54), np.int64(3), np.int64(38), np.int64(15), np.int64(21), np.int64(46), np.int64(18), np.int64(19), np.int64(38), np.int64(38), np.int64(53), np.int64(33), np.int64(42), np.int64(4), np.int64(50), np.int64(35), np.int64(16), np.int64(24), np.int64(57), np.int64(54), np.int64(4)]","[np.int64(36), np.int64(25), np.int64(51), np.int64(21), np.int64(14), np.int64(6), np.int64(16), np.int64(7), np.int64(27), np.int64(8), np.int64(18), np.int64(24), np.int64(57), np.int64(22), np.int64(51), np.int64(4), np.int64(38), np.int64(18), np.int64(38), np.int64(57), np.int64(23), np.int64(23), np.int64(62), np.int64(49), np.int64(36), np.int64(58), np.int64(49), np.int64(34), np.int64(52), np.int64(10), np.int64(45), np.int64(63), np.int64(27), np.int64(12), np.int64(38), np.int64(13), np.int64(13), np.int64(2), np.int64(5), np.int64(31), np.int64(26), np.int64(29), np.int64(2), np.int64(55), np.int64(34), np.int64(40), np.int64(53), np.int64(17), np.int64(15), np.int64(42), np.int64(39), np.int64(29), np.int64(11), np.int64(5), np.int64(57), np.int64(25), np.int64(24), np.int64(34), np.int64(18), np.int64(48), np.int64(56), np.int64(22), np.int64(9), np.int64(14)]",False,False,0.0,0.0,"[20 12 48 14 36 23 23 50 15 63 11 25 25 50 25 25 21 11 23 42 25 25 12 25
 42 25 14 50 48 63 23 14 12 21 25 36 25 15 14 12 15 48 25 21 11 20 42 34
 25 15 25 11 23 57 11 14 20 25 34 63 20 63 57 25]","[14 63 12 63 42 20 23 50 57 14 11 25 25 20 25 25 36 36 23 42 25 25 12 25
 14 25 20 36 50 42 11 11 50 20 25 21 25 57 50 21 11 48 25 63 42 23 48 34
 25 15 25 11 48 14 34 14 20 25 42 20 20 63 34 25]",True,True,1.0,1.0,"[11 12 12 14 23 23 23 50 15 12 11 25 25 20 25 25 21 11 12 42 25 25 12 25
 14 25 14 14 48 14 11 11 15 14 25 21 25 15 11 12 11 15 25 21 11 15 14 15
 25 15 25 11 11 14 11 14 12 25 15 15 20 11 14 25]","[20 12 12 14 34 34 50 50 57 12 11 25 25 34 25 25 21 11 20 42 25 25 12 25
 20 25 20 36 50 42 23 34 50 20 25 21 25 21 11 12 11 36 25 63 11 20 14 34
 25 15 25 11 57 14 11 14 20 25 15 20 20 11 23 25]",True,True,1.0,1.0
[1 0 1 ... 0 0 0],57,"[15 29 36 12 36 29 42 24 19 57  9 29 57 17 28 57  9 57 22 57 38 29 57  9
 57 57 38 22 29 57  9 19 25 25 25 24 57 19 57 22 24 12  9  9 25 19 38 15
 12 17 38 15 12 29 12 25 19 57 29 25 24 24 38 57]","[12 29 38 12  9 29 30 24 24 57  9 17 57 29 23 57 38 57 36 57 36 29 57 38
 57 57  9 22 38 57 24 17 17 38 29 19 57 17 57 22 24 12  9  9 24 22 38 15
 24 17 38 63 12 29 17 63 19 57  9 25 25 24 22 57]",True,True,1.0,1.0,"[np.int64(12), np.int64(27), np.int64(13), np.int64(57), np.int64(4), np.int64(32), np.int64(52), np.int64(54), np.int64(56), np.int64(8), np.int64(0), np.int64(8), np.int64(24), np.int64(3), np.int64(44), np.int64(53), np.int64(54), np.int64(14), np.int64(11), np.int64(2), np.int64(32), np.int64(55), np.int64(60), np.int64(38), np.int64(17), np.int64(2), np.int64(31), np.int64(9), np.int64(13), np.int64(32), np.int64(25), np.int64(60), np.int64(59), np.int64(49), np.int64(11), np.int64(16), np.int64(21), np.int64(21), np.int64(5), np.int64(59), np.int64(2), np.int64(45), np.int64(44), np.int64(61), np.int64(44), np.int64(0), np.int64(28), np.int64(13), np.int64(56), np.int64(9), np.int64(27), np.int64(37), np.int64(20), np.int64(14), np.int64(32), np.int64(32), np.int64(11), np.int64(3), np.int64(13), np.int64(28), np.int64(39), np.int64(48), np.int64(27), np.int64(13)]","[np.int64(61), np.int64(63), np.int64(45), np.int64(47), np.int64(50), np.int64(18), np.int64(32), np.int64(39), np.int64(41), np.int64(14), np.int64(14), np.int64(8), np.int64(52), np.int64(9), np.int64(14), np.int64(4), np.int64(14), np.int64(49), np.int64(61), np.int64(2), np.int64(31), np.int64(0), np.int64(60), np.int64(43), np.int64(0), np.int64(38), np.int64(1), np.int64(38), np.int64(45), np.int64(8), np.int64(19), np.int64(62), np.int64(28), np.int64(25), np.int64(41), np.int64(26), np.int64(61), np.int64(34), np.int64(35), np.int64(59), np.int64(57), np.int64(51), np.int64(45), np.int64(22), np.int64(15), np.int64(52), np.int64(26), np.int64(46), np.int64(43), np.int64(7), np.int64(56), np.int64(45), np.int64(16), np.int64(42), np.int64(12), np.int64(63), np.int64(34), np.int64(56), np.int64(17), np.int64(32), np.int64(50), np.int64(2), np.int64(17), np.int64(36)]",False,False,0.0,0.0,"[17 63 19 12  9 17 42 24 24 57  9 29 57 29  0 57 63 57 22 57 29 25 57  9
 57 57  9 22 38 57 36 17 63 38 24 15 57 38 57 22 36 29 29 15 17 22 19 15
 12 17 38 19 38 22 15 38  9 57 22 25  9 24 38 57]","[12 29 38 17 29 29 11 24 24 57  9 29 57 29 60 57 38 57 36 57 29 12 57  9
 57 57 38 22 15 57 24 17 38 63 25 19 57 38 57 29 25 12 29 15 17 19 19 15
 24 17 38 63 29 29 12 25  9 57 22 15 24 24 22 57]",True,True,1.0,1.0,"[15 17 19 15  9 15  2 24 19 57  9 17 57 17  0 57  9 57 22 57 12 12 57  9
 57 57  9 22 15 57  9 17 15 25 15 12 57 17 57 22 25 12  9  9 25 22  9 15
 12 17 38 15 12 22  9 22  9 57  9 12  9 24 17 57]","[12 29 36 12 29 29 11 24 24 57  9 29 57 29 60 57 38 57 22 57 29 12 57 17
 57 57 17 22 29 57 29 24 17 38 29 19 57 38 57 22 24 12  9  9 17 19 36 15
 12 29 38 19 12 29 29 22 19 57 29 29 38 24 22 57]",True,True,1.0,1.0
[1 0 1 ... 0 0 0],39,"[39 35  0 61 39 15 15 45  0 59 40  0  4 33 43 39 43 43 45 30 27 27 30 35
  4 39 37 39  0 33 39 30 45 39 37 39 61 39 27 39 25 27 45 39 25 39 35 59
 25 43  4  0 58 61 43 30 25 58 39 39  0 39 37 45]","[39 35 27 33 39 15 59 45  4 37 52  0  4 33 30 39  0 43 45 35 27 30 37 35
 30 39 45 39  0 33 39 30 45 39 35 39 35 39  4 39 25 15 45 39 25 39 27 25
 37 43  4 43 58  4 15 30 25 61 39 39 25 39  4 45]",True,True,1.0,1.0,"[np.int64(47), np.int64(37), np.int64(49), np.int64(52), np.int64(37), np.int64(18), np.int64(25), np.int64(36), np.int64(12), np.int64(23), np.int64(39), np.int64(10), np.int64(45), np.int64(39), np.int64(3), np.int64(18), np.int64(21), np.int64(63), np.int64(44), np.int64(4), np.int64(58), np.int64(3), np.int64(8), np.int64(46), np.int64(47), np.int64(53), np.int64(48), np.int64(10), np.int64(14), np.int64(19), np.int64(4), np.int64(46), np.int64(43), np.int64(13), np.int64(15), np.int64(22), np.int64(2), np.int64(29), np.int64(11), np.int64(43), np.int64(62), np.int64(59), np.int64(56), np.int64(61), np.int64(57), np.int64(5), np.int64(21), np.int64(11), np.int64(46), np.int64(10), np.int64(5), np.int64(39), np.int64(30), np.int64(31), np.int64(15), np.int64(14), np.int64(30), np.int64(51), np.int64(19), np.int64(57), np.int64(0), np.int64(42), np.int64(0), np.int64(13)]","[np.int64(19), np.int64(10), np.int64(46), np.int64(26), np.int64(46), np.int64(23), np.int64(3), np.int64(44), np.int64(25), np.int64(50), np.int64(25), np.int64(51), np.int64(38), np.int64(37), np.int64(59), np.int64(27), np.int64(6), np.int64(5), np.int64(54), np.int64(1), np.int64(48), np.int64(34), np.int64(19), np.int64(51), np.int64(41), np.int64(52), np.int64(51), np.int64(60), np.int64(6), np.int64(62), np.int64(46), np.int64(60), np.int64(28), np.int64(5), np.int64(54), np.int64(26), np.int64(37), np.int64(6), np.int64(60), np.int64(46), np.int64(2), np.int64(26), np.int64(33), np.int64(30), np.int64(53), np.int64(18), np.int64(1), np.int64(56), np.int64(18), np.int64(0), np.int64(14), np.int64(46), np.int64(18), np.int64(60), np.int64(35), np.int64(57), np.int64(48), np.int64(19), np.int64(28), np.int64(14), np.int64(25), np.int64(57), np.int64(15), np.int64(17)]",False,False,0.0,0.0,"[39 35 27 37 39 59 59 45 58 37 40 61 33 33 59 39 43 33 45 58 30 27 37 25
  4 39 25 39  0 33 39  0 45 39 58 39  0 39 27 39  4 25 45 39 37 39 35 59
 37 43  4 59 37 37 45 25 25 61 39 39  0 39  4 45]","[39 35 58 61 39 15 59  0  0 37 24 61 33 33 15 39 15 43 61 30 27 30 15 35
 30 39  4 39 61 27 39  0 45 39 37 39  0 39  4 39 15 15 25 39 45 39 35 25
 33 25 43 37 58  4 27 61 25 30 39 39  0 39  4 45]",True,True,1.0,1.0,"[39 35  0 33 39  0 15  0  0  0  8  0  4 33  0 39  0 33 45 30 15 27 15 25
  4 39  4 39  0 27 39  0 45 39 30 39  0 39  4 39  4  4 15 39 25 39  0 25
 15 25  4  0  4  4 15 25 25  4 39 39  0 39  4 45]","[39 35 58 37 39 45 59 27  4 37 52  0  4 33 59 39 43 33 45 35 15 27 35 35
  4 39  4 39  0 33 39 30 45 39 37 39 35 39  4 39  4  4 45 39 45 39 25 25
 15 25  4 37  4  4 15 30 25 61 39 39  0 39  4 45]",True,True,1.0,1.0
[1 0 1 ... 1 0 1],25,"[11 42 12 14 42 48 50 50 23 12 50 25 25 50 25 25 36 11 20 42 25 25 12 25
 20 25 20 23 50 63 48 11 50 20 25 63 25 21 50 12 63 36 25 63 36 23 14 48
 25 15 25 20 11 14 11 48 12 25 42 20 23 11 57 25]","[20 15 14 63 42 34 50 50 57 63 36 25 25 48 25 25 21 15 12 42 25 25 12 25
 42 25 42 20 48 48 11 34 50 21 25 36 25 21 15 12 23 36 25 63 42 48 42 34
 25 15 25 11 23 12 11 14 12 25 15 63 48 63 34 25]",True,True,1.0,1.0,"[np.int64(28), np.int64(20), np.int64(16), np.int64(21), np.int64(53), np.int64(35), np.int64(62), np.int64(54), np.int64(57), np.int64(62), np.int64(60), np.int64(36), np.int64(20), np.int64(31), np.int64(15), np.int64(39), np.int64(28), np.int64(30), np.int64(9), np.int64(1), np.int64(24), np.int64(44), np.int64(47), np.int64(50), np.int64(46), np.int64(24), np.int64(13), np.int64(41), np.int64(46), np.int64(36), np.int64(3), np.int64(44), np.int64(37), np.int64(29), np.int64(14), np.int64(29), np.int64(60), np.int64(14), np.int64(55), np.int64(37), np.int64(45), np.int64(1), np.int64(53), np.int64(3), np.int64(12), np.int64(58), np.int64(19), np.int64(2), np.int64(45), np.int64(15), np.int64(2), np.int64(23), np.int64(31), np.int64(7), np.int64(40), np.int64(47), np.int64(5), np.int64(56), np.int64(29), np.int64(30), np.int64(1), np.int64(6), np.int64(35), np.int64(13)]","[np.int64(56), np.int64(1), np.int64(14), np.int64(25), np.int64(0), np.int64(39), np.int64(33), np.int64(9), np.int64(62), np.int64(44), np.int64(39), np.int64(8), np.int64(16), np.int64(7), np.int64(10), np.int64(59), np.int64(31), np.int64(31), np.int64(54), np.int64(20), np.int64(18), np.int64(62), np.int64(59), np.int64(61), np.int64(3), np.int64(1), np.int64(62), np.int64(34), np.int64(16), np.int64(29), np.int64(30), np.int64(11), np.int64(10), np.int64(29), np.int64(23), np.int64(4), np.int64(60), np.int64(15), np.int64(34), np.int64(55), np.int64(41), np.int64(1), np.int64(40), np.int64(30), np.int64(59), np.int64(12), np.int64(25), np.int64(26), np.int64(48), np.int64(26), np.int64(46), np.int64(15), np.int64(22), np.int64(62), np.int64(31), np.int64(31), np.int64(2), np.int64(21), np.int64(60), np.int64(31), np.int64(59), np.int64(36), np.int64(8), np.int64(48)]",False,False,0.0,0.0,"[14 12 48 63 36 34 50 50 23 21 11 25 25 20 25 25 36 15 48 42 25 25 12 25
 20 25 42 20 50 42 48 11 50 21 25 21 25 15 15 12 15 15 25 21 42 23 15 15
 25 15 25 11 15 12 11 14 20 25 36 34 57 63 14 25]","[20 42 12 14 36 23 50 50 57 63 11 25 25 20 25 25 21 11 23 42 25 25 12 25
 42 25 14 23 50 48 11 34 50 14 25 36 25 15 15 12 15 15 25 63 11 20 42 48
 25 15 25 11 57 12 11 14 12 25 50 63 57 34 14 25]",True,True,1.0,1.0,"[11 12 12 14 23 23 23 50 15 12 11 25 25 20 25 25 21 11 12 42 25 25 12 25
 14 25 14 14 48 14 11 11 15 14 25 21 25 15 11 12 11 15 25 21 11 15 14 15
 25 15 25 11 11 14 11 14 12 25 15 15 20 11 14 25]","[20 12 12 14 34 34 50 50 57 12 11 25 25 34 25 25 21 11 20 42 25 25 12 25
 20 25 20 36 50 42 23 34 50 20 25 21 25 21 11 12 11 36 25 63 11 20 14 34
 25 15 25 11 57 14 11 14 20 25 15 20 20 11 23 25]",True,True,1.0,1.0
[0 0 0 ... 0 1 1],29,"[51 39 17 29 51 29  3  3 29 31  3  5  3 29  3 36  5 52 31 39  5 56 36 29
 39 51 31  8  5 29 29 29 31 13 13 13 29 13 30 29 31  5 58 56 60 60 36  8
 56 52  8 29 29 23 13 39 29 13 29  8 52 30 31 31]","[51 56 34 29 51 29 30 51 29 39  8 23 13 29 36 31  5 23  3 58 56 56 36 29
 51 51 31 30  5 29 29 29 39 39 39 13 29 31 30 29 31 58 36  3 20 22  8  5
  8 52 31 29 29 51 13 36 29 23 29 31 30 51 31 52]",True,True,1.0,1.0,"[np.int64(23), np.int64(28), np.int64(53), np.int64(54), np.int64(0), np.int64(22), np.int64(62), np.int64(12), np.int64(19), np.int64(57), np.int64(1), np.int64(39), np.int64(62), np.int64(12), np.int64(25), np.int64(35), np.int64(17), np.int64(12), np.int64(57), np.int64(5), np.int64(20), np.int64(53), np.int64(14), np.int64(1), np.int64(37), np.int64(60), np.int64(59), np.int64(40), np.int64(47), np.int64(57), np.int64(11), np.int64(60), np.int64(42), np.int64(52), np.int64(29), np.int64(28), np.int64(4), np.int64(26), np.int64(14), np.int64(55), np.int64(35), np.int64(30), np.int64(2), np.int64(60), np.int64(47), np.int64(35), np.int64(14), np.int64(22), np.int64(50), np.int64(38), np.int64(54), np.int64(11), np.int64(57), np.int64(13), np.int64(50), np.int64(48), np.int64(9), np.int64(34), np.int64(22), np.int64(34), np.int64(12), np.int64(3), np.int64(46), np.int64(43)]","[np.int64(26), np.int64(32), np.int64(2), np.int64(19), np.int64(2), np.int64(37), np.int64(23), np.int64(19), np.int64(29), np.int64(17), np.int64(0), np.int64(59), np.int64(60), np.int64(52), np.int64(43), np.int64(2), np.int64(9), np.int64(6), np.int64(5), np.int64(44), np.int64(50), np.int64(17), np.int64(42), np.int64(45), np.int64(62), np.int64(42), np.int64(26), np.int64(29), np.int64(40), np.int64(29), np.int64(43), np.int64(4), np.int64(51), np.int64(51), np.int64(31), np.int64(31), np.int64(48), np.int64(40), np.int64(61), np.int64(17), np.int64(39), np.int64(0), np.int64(40), np.int64(8), np.int64(47), np.int64(52), np.int64(25), np.int64(29), np.int64(14), np.int64(54), np.int64(1), np.int64(4), np.int64(43), np.int64(27), np.int64(1), np.int64(17), np.int64(32), np.int64(4), np.int64(18), np.int64(50), np.int64(54), np.int64(57), np.int64(29), np.int64(23)]",False,False,0.0,0.0,"[51 36 25 29  8 29 31 56 29 56 56  5 39 29  8 36  5 52 31 39  5 31 36 29
 51 23 31 30  5 29 29 29 30 13 39 13 29 56  8 29 39  8 51  3 53 22 36  5
  3 51 30 29 29 51 13 23 29 23 29  5 39 31 31 51]","[36 36 61 29 23 29 30 56 29 39  3 23  3 29  8 23  5 23  3 36 56 23 36 29
 58 51 31  5  5 29 29 29 58 39 39  8 29 31 31 29 31 58 36 52 55 60 13  5
 56 36 30 29 29 51  3 39 29 13 29  8 39 31 30 31]",True,True,1.0,1.0,"[ 8 36 25 29  8 29  3  3 29  5  3  3  3 29  3 23  5 13  3 36  5  3  3 29
 39 23 31  5  5 29 29 29  8 13 13  8 29 13  8 29 31  5 23  3 17 17  8  5
  3 36  8 29 29 23  3 23 29 13 29  5 30 23 30 31]","[ 8 36  6 29 51 29  3  3 29  5  8 23 36 29 36 36 30 36  3 36  5 23 36 29
 58 23 31  5  5 29 29 29 39 39 23  8 29 36 36 29 31  5 36 52  1 10  8  5
  8 36 52 29 29 51  3 23 29 23 29  5 39 23 30 52]",True,True,1.0,1.0
[0 0 1 ... 0 0 0],8,"[56 55 61  8  8  8 41  8  8  5 50  4 50 55  4 56  8  8 16 32 25  8 17 50
 17  8  4 45  8 45  2 16  8  7 32 45 55  8 62 28  7  8 37 32 50  8 37  5
  5 16  8 37 61 25 50  8  8 32 25 28  5  8  8  8]","[56 62  5  8  8  8  5  8  8 45 55 45 41 21  4 37  8  8 61 61 17  8 17 50
 45  8 28 28  8 45 23 21  8 56 32 25 55  8 62 28 41  8  5  4 50  8  5 21
 61 63  8 37  4 25  5  8  8 55 25 55 32  8  8  8]",True,True,1.0,1.0,"[np.int64(63), np.int64(63), np.int64(45), np.int64(0), np.int64(11), np.int64(21), np.int64(28), np.int64(8), np.int64(48), np.int64(59), np.int64(54), np.int64(8), np.int64(39), np.int64(12), np.int64(49), np.int64(43), np.int64(5), np.int64(41), np.int64(34), np.int64(15), np.int64(5), np.int64(24), np.int64(11), np.int64(18), np.int64(23), np.int64(48), np.int64(14), np.int64(48), np.int64(46), np.int64(16), np.int64(36), np.int64(57), np.int64(60), np.int64(2), np.int64(5), np.int64(41), np.int64(48), np.int64(9), np.int64(43), np.int64(29), np.int64(47), np.int64(61), np.int64(53), np.int64(26), np.int64(10), np.int64(57), np.int64(41), np.int64(4), np.int64(52), np.int64(8), np.int64(16), np.int64(47), np.int64(10), np.int64(60), np.int64(23), np.int64(55), np.int64(36), np.int64(46), np.int64(57), np.int64(19), np.int64(63), np.int64(36), np.int64(28), np.int64(3)]","[np.int64(4), np.int64(7), np.int64(6), np.int64(0), np.int64(51), np.int64(49), np.int64(32), np.int64(17), np.int64(11), np.int64(32), np.int64(44), np.int64(29), np.int64(9), np.int64(27), np.int64(7), np.int64(28), np.int64(36), np.int64(14), np.int64(1), np.int64(63), np.int64(10), np.int64(14), np.int64(29), np.int64(54), np.int64(15), np.int64(40), np.int64(17), np.int64(63), np.int64(0), np.int64(30), np.int64(35), np.int64(8), np.int64(9), np.int64(51), np.int64(36), np.int64(57), np.int64(45), np.int64(1), np.int64(10), np.int64(59), np.int64(18), np.int64(41), np.int64(6), np.int64(5), np.int64(10), np.int64(16), np.int64(12), np.int64(47), np.int64(33), np.int64(30), np.int64(1), np.int64(20), np.int64(6), np.int64(45), np.int64(22), np.int64(56), np.int64(38), np.int64(38), np.int64(54), np.int64(16), np.int64(25), np.int64(55), np.int64(0), np.int64(10)]",False,False,0.0,0.0,"[ 3 62 61  8  8  8 63  8  8 45 55  3 61  5  4 25  8  8  3 32 17  8 21  7
 21  8 56 28  8 37 23 21  8 45 45 25 63  8 62  4 41  8 37  7 50  8 37  3
 61 16  8 45 17 50  5  8  8 50  4  7  5  8  8  8]","[21 61 21  8  8  8 56  8  8 37 32 45 41 21  4 25  8  8 61 17 28  8 17 50
 45  8 56 61  8 37  2 21  8 21 32 45 55  8 62 62 41  8  5  4 50  8  5 37
  5 63  8 61 61 25 41  8  8  4 25 28 45  8  8  8]",True,True,1.0,1.0,"[ 5  5  5  8  8  8  5  8  8  3 21  4 41  5  4 16  8  8  4  4  4  8  3  7
  5  8  4 28  8 37  2  4  8  5 16 25  7  8  4  5  7  8  5  4 50  8  3  3
  4  4  8  7  3 25  5  8  8  4  4  7  5  8  8  8]","[ 5 61 61  8  8  8  5  8  8 61 21  3 61  5  4 25  8  8  5 61 25  8  3 50
  5  8  4 61  8 37 47 21  8  5 21 25 32  8 62 61 41  8 32  4 50  8  5  5
 61 41  8 61 61 25 32  8  8  4 61 28 32  8  8  8]",True,True,1.0,1.0
[1 1 0 ... 0 1 0],41,"[53 39 55 39 53 55 26 55 58 39 26 20 20 58 55 58 52 20 39 58 41 26 52 24
 41 48 41 37 14 26 26 37 24  5 24 26 55 41 41 41 39 41 39 37 38 52 52 39
 41 59 55 58 41 41 39 41 53 20 41 24 37 55 37 26]","[53 39 39 39 26 52 26 38 52 53 26 26 38 55 37 58 53 48 39 24 41 39 52 37
 41 24 41 52  3 26 48 53 48 13 52 52 26 41 41 41 39 41 37 37 38 52 55 37
 41 61 26 58 41 41 38 41 24 38 41 24 37 55 37 52]",True,True,1.0,1.0,"[np.int64(45), np.int64(9), np.int64(34), np.int64(63), np.int64(13), np.int64(37), np.int64(23), np.int64(44), np.int64(21), np.int64(0), np.int64(33), np.int64(46), np.int64(55), np.int64(36), np.int64(42), np.int64(47), np.int64(22), np.int64(24), np.int64(27), np.int64(61), np.int64(43), np.int64(38), np.int64(12), np.int64(58), np.int64(43), np.int64(5), np.int64(43), np.int64(16), np.int64(60), np.int64(54), np.int64(39), np.int64(23), np.int64(21), np.int64(49), np.int64(39), np.int64(29), np.int64(6), np.int64(6), np.int64(8), np.int64(24), np.int64(0), np.int64(11), np.int64(50), np.int64(61), np.int64(16), np.int64(17), np.int64(7), np.int64(9), np.int64(25), np.int64(45), np.int64(46), np.int64(35), np.int64(50), np.int64(51), np.int64(9), np.int64(9), np.int64(50), np.int64(2), np.int64(45), np.int64(34), np.int64(51), np.int64(28), np.int64(62), np.int64(36)]","[np.int64(63), np.int64(20), np.int64(53), np.int64(43), np.int64(58), np.int64(38), np.int64(10), np.int64(52), np.int64(56), np.int64(55), np.int64(2), np.int64(32), np.int64(18), np.int64(54), np.int64(35), np.int64(21), np.int64(19), np.int64(60), np.int64(6), np.int64(47), np.int64(63), np.int64(62), np.int64(1), np.int64(61), np.int64(39), np.int64(9), np.int64(3), np.int64(45), np.int64(24), np.int64(32), np.int64(33), np.int64(0), np.int64(28), np.int64(25), np.int64(35), np.int64(59), np.int64(36), np.int64(25), np.int64(62), np.int64(61), np.int64(3), np.int64(40), np.int64(51), np.int64(41), np.int64(33), np.int64(37), np.int64(29), np.int64(1), np.int64(13), np.int64(27), np.int64(20), np.int64(54), np.int64(31), np.int64(46), np.int64(37), np.int64(42), np.int64(42), np.int64(13), np.int64(29), np.int64(1), np.int64(47), np.int64(22), np.int64(44), np.int64(24)]",False,False,0.0,0.0,"[53 39 24 39 26 20 20 24 58 39 20 26 39 58 55 58 52 20 53 24 41 39 48 37
 41 24 41 52 22 24 53 53 58 13 26 53 55 41 41 41 26 41 53 37 38 52 38 37
 41 36 55 58 41 41 38 41 24 38 41 24 55 55 37 26]","[20 39 55 39 48 52 26 38 39 39 26 26 53 58 39 58 24 48 53 39 41 52 48 37
 41 48 41 37  9 39 26 53 24  3 52 52 26 41 41 41 26 41 39 37 39 52 53 39
 41 62 37 20 41 41 38 41 53 20 41 24 37 55 37 53]",True,True,1.0,1.0,"[20 24 20 39 26 20 20 24 24 39 20 20 20 20 37 58 24 20 24 24 41 26 20 24
 41 24 41 37  3 24 26 20 24  5 24 26 26 41 41 41 26 41 37 37 39 52 37 37
 41  1 26 20 41 41 38 41 24 20 41 24 37 55 24 26]","[53 39 39 39 26 20 26 38 39 39 37 20 39 20 39 58 52 48 39 39 41 39 48 37
 41 24 41 52  3 39 26 52 52 42 26 39 26 41 41 41 39 41 39 37 39 52 52 39
 41  1 37 58 41 41 39 41 24 20 41 24 37 55 37 52]",True,True,1.0,1.0
[0 0 0 ... 0 0 1],37,"[37 61 46 60 32 46 41 37 46 37 14 32  0  7 37 27 61 41 32  0 46 58  0 58
 41 27 37 37 14  0 37 61 37 45 14 30 61 37  9  9 46 37 27 41 61 37 37 41
 61 41 41 26 45 32 46 14 58  9 37 14 26 37 27 32]","[37 30 26 11 32 41 46 37 46 37  7 32  7  7 37 14  7 46 26 27 45 58 30  9
 41 27 37 37 14 46 37 61 37 30 27 30 58 37  9 27 46 37 30  7 32 37 37 61
  7 30 30 26 45 32 46  9 26  9 37 14 46 37  9 32]",True,True,1.0,1.0,"[np.int64(54), np.int64(8), np.int64(60), np.int64(23), np.int64(41), np.int64(5), np.int64(53), np.int64(54), np.int64(60), np.int64(30), np.int64(38), np.int64(53), np.int64(42), np.int64(5), np.int64(42), np.int64(50), np.int64(33), np.int64(57), np.int64(35), np.int64(45), np.int64(27), np.int64(22), np.int64(3), np.int64(55), np.int64(10), np.int64(5), np.int64(14), np.int64(53), np.int64(49), np.int64(18), np.int64(11), np.int64(16), np.int64(7), np.int64(38), np.int64(34), np.int64(21), np.int64(53), np.int64(27), np.int64(47), np.int64(58), np.int64(30), np.int64(50), np.int64(50), np.int64(35), np.int64(27), np.int64(54), np.int64(51), np.int64(58), np.int64(34), np.int64(58), np.int64(48), np.int64(25), np.int64(39), np.int64(16), np.int64(13), np.int64(60), np.int64(55), np.int64(16), np.int64(61), np.int64(56), np.int64(17), np.int64(62), np.int64(25), np.int64(61)]","[np.int64(45), np.int64(37), np.int64(51), np.int64(23), np.int64(52), np.int64(38), np.int64(23), np.int64(23), np.int64(7), np.int64(13), np.int64(63), np.int64(4), np.int64(17), np.int64(16), np.int64(25), np.int64(46), np.int64(55), np.int64(4), np.int64(36), np.int64(62), np.int64(32), np.int64(2), np.int64(61), np.int64(13), np.int64(38), np.int64(30), np.int64(13), np.int64(34), np.int64(36), np.int64(5), np.int64(55), np.int64(26), np.int64(50), np.int64(47), np.int64(11), np.int64(61), np.int64(0), np.int64(63), np.int64(59), np.int64(18), np.int64(23), np.int64(9), np.int64(26), np.int64(44), np.int64(5), np.int64(20), np.int64(36), np.int64(37), np.int64(55), np.int64(39), np.int64(3), np.int64(11), np.int64(0), np.int64(4), np.int64(43), np.int64(37), np.int64(52), np.int64(26), np.int64(27), np.int64(13), np.int64(13), np.int64(5), np.int64(14), np.int64(31)]",False,False,0.0,0.0,"[37 30 61 38 32 46 46 37 46 37 41  0  7  7 37 26 45 58 26 27 46 58  0  9
 41 27 37 37 14 46 37  0 37 45 27 30 61 37  9 58 46 37  0  7  9 37 37 61
 32 30 41 26 45 32 46 46 30 32 37 14 46 37 32 32]","[37 30  9 11 45 41 46 37 46 37  7  9 14  7 37 27 45 30 26 32 45 58 30  9
 41 27 37 37 14 46 37 46 37 41 14 30 41 37 45  9 27 37 30  7 32 37 37 41
 32 46 41 26 45  9 46 30  9 32 37 14 46 37  9  9]",True,True,1.0,1.0,"[37 30  9  2 32 41 41 37  9 37  7  0  0  7 37 14  7 30 26  0 45 58  0  9
 41 27 37 37 14  0 37  0 37 27 14 27  7 37  9  9 27 37  0  7  9 37 37  9
  0 30 27 26  9  9  0  7  9  9 37 14 26 37  9  9]","[37 30  9 35 45 41 41 37  9 37  7  9  7  7 37 14 45 30 26 27 45 58 30  9
 41 27 37 37 14  9 37 14 37 30 14 30  7 37  9  9 45 37 30  7  9 37 37  9
  7 30 30 26 45  9  0  9 30  9 37 14 46 37  9  9]",True,True,1.0,1.0
[1 0 0 ... 0 1 0],63,"[63 63 27 27 50 55 27 63 60 55 16 26 34 34 27 60 63 60 24 51  7 24 23 63
 63 27 63 63 23 63 24 34 16 24 63 62  7  0 62 29  7 34 27  7 16  1 27  0
 62 62 63 63 23 55 27 63  1 34 62 27 63 27 63 63]","[63 63 51 51 50  0 62 63 60 51 23  1  0 62 60 51 63 60  7  1 29 24  1 63
 63 27 63 63 60 63 26 55 24  1 63 62 51 29 29 27 60 51 27  7 27  1 23 50
 29  0 63 63  1 55 62 63  1 51 26 29 63 23 63 63]",True,True,1.0,1.0,"[np.int64(16), np.int64(53), np.int64(60), np.int64(24), np.int64(15), np.int64(36), np.int64(42), np.int64(29), np.int64(31), np.int64(1), np.int64(45), np.int64(40), np.int64(18), np.int64(31), np.int64(25), np.int64(56), np.int64(25), np.int64(34), np.int64(12), np.int64(36), np.int64(43), np.int64(4), np.int64(33), np.int64(31), np.int64(21), np.int64(10), np.int64(22), np.int64(53), np.int64(38), np.int64(12), np.int64(54), np.int64(22), np.int64(29), np.int64(47), np.int64(63), np.int64(59), np.int64(44), np.int64(32), np.int64(7), np.int64(31), np.int64(30), np.int64(56), np.int64(30), np.int64(39), np.int64(0), np.int64(12), np.int64(8), np.int64(32), np.int64(30), np.int64(36), np.int64(10), np.int64(15), np.int64(37), np.int64(37), np.int64(56), np.int64(14), np.int64(30), np.int64(57), np.int64(58), np.int64(42), np.int64(18), np.int64(60), np.int64(5), np.int64(16)]","[np.int64(19), np.int64(19), np.int64(2), np.int64(2), np.int64(0), np.int64(8), np.int64(58), np.int64(20), np.int64(21), np.int64(37), np.int64(53), np.int64(54), np.int64(22), np.int64(53), np.int64(42), np.int64(9), np.int64(9), np.int64(49), np.int64(34), np.int64(34), np.int64(24), np.int64(53), np.int64(51), np.int64(44), np.int64(13), np.int64(51), np.int64(35), np.int64(59), np.int64(8), np.int64(50), np.int64(25), np.int64(29), np.int64(55), np.int64(0), np.int64(30), np.int64(51), np.int64(53), np.int64(47), np.int64(61), np.int64(43), np.int64(58), np.int64(51), np.int64(58), np.int64(26), np.int64(59), np.int64(5), np.int64(6), np.int64(18), np.int64(7), np.int64(52), np.int64(40), np.int64(14), np.int64(12), np.int64(2), np.int64(12), np.int64(36), np.int64(50), np.int64(42), np.int64(4), np.int64(42), np.int64(25), np.int64(6), np.int64(49), np.int64(5)]",False,False,0.0,0.0,"[63 63 51 27  0  0 50 63 60 55 29 26 60 34 29  1 63 24  7 55 27 34  1 63
 63  7 63 63 60 63 26 29 23  1 63 34 62  0 29 27 26 34 27 24 16  1 27 50
 29 62 63 63 23  0 62 63 55 55 29 51 63 27 63 63]","[63 63 51 51  1 62 62 63 60 23 27  1  0  7 27  0 63  1  7 27  7 62 62 63
 63 27 63 63 60 63  7 29 26 24 63  0 51 29  0 26 26 34  1  0 27  1 27 50
 29 34 63 63 34 24 62 63 50 51 62 51 63 23 63 63]",True,True,1.0,1.0,"[63 63 27 26  1  0 24 63 60 23 23  1  0  7 24  0 63  1  7  1  1  0  1 63
 63  1 63 63 23 63  7 23 26  1 63  0  7  0  0  7  0 34  1  0 16  1 27  0
 29  0 63 63  1  0 27 63  1 16 26  1 63 23 63 63]","[63 63 51 51  1  0 50 63 60 51 23  1  0  7 29 51 63  1  7 51  1 62  1 63
 63  7 63 63 60 63  7 23 51  1 63 62 51  0  0  7 51 51  1  7 27  1 23 50
 62  0 63 63  1  0 27 63  1 51 62  1 63 23 63 63]",True,True,1.0,1.0
[0 0 0 ... 0 1 1],29,"[51 36  6 29  8 29  3  3 29 56 56 23  8 29 31 58  5 13 31 39  5 23  3 29
 51 56 31 30  5 29 29 29 13 13 23  8 29 13 30 29 58  5 58 13 20 10 30  5
  3 36  8 29 29 23  3 39 29 13 29  5 30 31 30 51]","[36 36 17 29 23 29 30  3 29 31  8  5  8 29 36 58 30 13  3 36  5 23  3 29
 39 23 31 30 13 29 29 29 31 39 23  8 29 36 36 29 31  5 23 31 20 32 36  5
 30 36 30 29 29 51 13 39 29 23 29  8 52 23 31 52]",True,True,1.0,1.0,"[np.int64(40), np.int64(16), np.int64(56), np.int64(50), np.int64(61), np.int64(9), np.int64(51), np.int64(31), np.int64(36), np.int64(39), np.int64(25), np.int64(49), np.int64(29), np.int64(38), np.int64(32), np.int64(60), np.int64(57), np.int64(39), np.int64(58), np.int64(55), np.int64(32), np.int64(1), np.int64(26), np.int64(27), np.int64(38), np.int64(54), np.int64(16), np.int64(62), np.int64(62), np.int64(38), np.int64(16), np.int64(59), np.int64(41), np.int64(34), np.int64(54), np.int64(26), np.int64(21), np.int64(51), np.int64(14), np.int64(49), np.int64(9), np.int64(48), np.int64(7), np.int64(30), np.int64(30), np.int64(37), np.int64(17), np.int64(49), np.int64(36), np.int64(16), np.int64(37), np.int64(17), np.int64(29), np.int64(1), np.int64(34), np.int64(27), np.int64(27), np.int64(8), np.int64(22), np.int64(46), np.int64(36), np.int64(45), np.int64(21), np.int64(55)]","[np.int64(18), np.int64(54), np.int64(18), np.int64(39), np.int64(49), np.int64(23), np.int64(11), np.int64(13), np.int64(21), np.int64(36), np.int64(63), np.int64(15), np.int64(43), np.int64(16), np.int64(56), np.int64(45), np.int64(53), np.int64(3), np.int64(45), np.int64(3), np.int64(52), np.int64(46), np.int64(29), np.int64(22), np.int64(24), np.int64(42), np.int64(7), np.int64(8), np.int64(15), np.int64(46), np.int64(59), np.int64(43), np.int64(6), np.int64(46), np.int64(54), np.int64(30), np.int64(19), np.int64(53), np.int64(16), np.int64(57), np.int64(15), np.int64(6), np.int64(22), np.int64(35), np.int64(41), np.int64(30), np.int64(7), np.int64(33), np.int64(55), np.int64(49), np.int64(29), np.int64(46), np.int64(53), np.int64(14), np.int64(47), np.int64(6), np.int64(15), np.int64(36), np.int64(24), np.int64(62), np.int64(61), np.int64(55), np.int64(49), np.int64(26)]",False,False,0.0,0.0,"[36 56 34 29 51 29  5  3 29 31 56 23  8 29 36 23  5 13 31 58 56 31  3 29
 39 56 31  8 13 29 29 29 58 13 13 13 29 13 36 29 31 23 58 52 53  7  8 56
  8 51  8 29 29 23  3 23 29 23 29  5 39 51 30 51]","[51 36 34 29 31 29 30 56 29 56  3  5  3 29  8 36 30 23  3 36 56 31  3 29
 58 56 31  8 13 29 29 29 13 39 13 13 29 13 36 29 39 58 23 13 42 10 36 56
 30 52 30 29 29 51 13 36 29 23 29  8 30 23 30 39]",True,True,1.0,1.0,"[ 8 36 25 29  8 29  3  3 29  5  3  3  3 29  3 23  5 13  3 36  5  3  3 29
 39 23 31  5  5 29 29 29  8 13 13  8 29 13  8 29 31  5 23  3 17 17  8  5
  3 36  8 29 29 23  3 23 29 13 29  5 30 23 30 31]","[ 8 36  6 29 51 29  3  3 29  5  8 23 36 29 36 36 30 36  3 36  5 23 36 29
 58 23 31  5  5 29 29 29 39 39 23  8 29 36 36 29 31  5 36 52  1 10  8  5
  8 36 52 29 29 51  3 23 29 23 29  5 39 23 30 52]",True,True,1.0,1.0
[0 0 1 ... 0 0 1],4,"[59 57  6 57  4  6  4 16 16 16  4 59  4 17  4 12  4  4  6 57 17 10  4 59
 48 48 57 14 52 22 16 10 22 48 17 12 16 52 22  9 59 59 12 17 14 14 12 59
  4 57 52 10  4 22 17 52 57  4 12  4 22 57  6 16]","[59 14  6 57  4 48  4 14 16 16  4 22  4 17  4 48  4  4  6 52 59 10  4 14
 59 12  6 14 48 16 16 57 22 48 14 12 16  6 48 18 10 22 16 59 48  6 12 12
  4 16 52 10  4 22 14 59 14  4 10  4 22 57  6 17]",True,True,1.0,1.0,"[np.int64(36), np.int64(37), np.int64(33), np.int64(37), np.int64(61), np.int64(34), np.int64(57), np.int64(30), np.int64(19), np.int64(49), np.int64(27), np.int64(55), np.int64(23), np.int64(34), np.int64(59), np.int64(32), np.int64(29), np.int64(53), np.int64(21), np.int64(4), np.int64(62), np.int64(3), np.int64(4), np.int64(1), np.int64(30), np.int64(15), np.int64(49), np.int64(51), np.int64(48), np.int64(6), np.int64(2), np.int64(9), np.int64(55), np.int64(43), np.int64(37), np.int64(10), np.int64(2), np.int64(22), np.int64(0), np.int64(17), np.int64(19), np.int64(31), np.int64(11), np.int64(26), np.int64(0), np.int64(48), np.int64(14), np.int64(53), np.int64(24), np.int64(34), np.int64(19), np.int64(33), np.int64(50), np.int64(28), np.int64(54), np.int64(13), np.int64(46), np.int64(26), np.int64(2), np.int64(1), np.int64(12), np.int64(2), np.int64(30), np.int64(25)]","[np.int64(9), np.int64(16), np.int64(3), np.int64(7), np.int64(45), np.int64(8), np.int64(51), np.int64(24), np.int64(24), np.int64(24), np.int64(29), np.int64(54), np.int64(63), np.int64(26), np.int64(51), np.int64(54), np.int64(56), np.int64(13), np.int64(10), np.int64(56), np.int64(11), np.int64(30), np.int64(38), np.int64(9), np.int64(22), np.int64(46), np.int64(13), np.int64(53), np.int64(16), np.int64(21), np.int64(57), np.int64(60), np.int64(14), np.int64(36), np.int64(50), np.int64(52), np.int64(15), np.int64(44), np.int64(49), np.int64(10), np.int64(3), np.int64(32), np.int64(37), np.int64(11), np.int64(24), np.int64(44), np.int64(55), np.int64(18), np.int64(47), np.int64(12), np.int64(62), np.int64(20), np.int64(3), np.int64(38), np.int64(17), np.int64(35), np.int64(58), np.int64(1), np.int64(3), np.int64(23), np.int64(61), np.int64(53), np.int64(51), np.int64(22)]",False,False,0.0,0.0,"[59 12  6 22  4  6  4 14 48 16  4 22  4 17  4 48  4  4 10 52 16 10  4 14
 48 12  6 59 52 22 59  6 10 48 17 12 48  6 17 44 10 22 16 17 14  6 52 52
  4 17 12 52  4 22 14 16 17  4 10  4 22 57  6 16]","[57 57  6 57  4 16  4 17 16 16  4 59  4  6  4 48  4  4 10 22 17 10  4 59
 59 48 16 14 52 22 12  6  6 48 12 12 59 52 12 44 59 22 22 59 48 14 52 52
  4 16 12  6  4 22 17 59 17  4 59  4 22 57  6 16]",True,True,1.0,1.0,"[57 12  6 22  4  6  4 14 16 16  4 22  4  6  4 12  4  4  6  6  6  6  4 14
 10 14  6 14 16 16 16  6  6 48 14 12 16  6 12  7 10 10 12 17 14  6 12 16
  4 16 12  6  4 22 12 10 10  4 10  4 22 57  6 16]","[59 14  6 57  4  6  4 14 48 16  4 59  4 17  4 48  4  4 10 52 14 10  4 14
 59 14 16 14 48 52 12 16  6 48 14 12 16  6 14 18 59 59 16 59 14 14 52 48
  4 16 48 52  4 22 14 10 14  4 59  4 22 57  6 17]",True,True,1.0,1.0
[0 0 0 ... 0 1 1],41,"[22 48 41  9 41 22 12 56 48 41 49 21 41 12  9 18 18 59 41 49  9 41 41 49
  4 46 48 21 21 46 39 12 12 59 43 41 12 21 45 41 59 41 21 41 21 41 41 46
 41 41 43 59  4 22 49  4 41 56 48 41 22 46 21 12]","[21  2 41 22 41 49 21 18 56 41 49 21 41 22  9 18  4 39 41 12 18 41 41 49
 18 46 48 48 56 46  4 39  4 59  4 41 12 48 45 41  4 41 21 41 22 41 41 46
 41 41 43  4 18 22 49  4 41  9 48 41 22 21 21 21]",True,True,1.0,1.0,"[np.int64(41), np.int64(15), np.int64(4), np.int64(31), np.int64(9), np.int64(42), np.int64(48), np.int64(10), np.int64(0), np.int64(33), np.int64(49), np.int64(47), np.int64(35), np.int64(49), np.int64(40), np.int64(45), np.int64(46), np.int64(4), np.int64(32), np.int64(11), np.int64(41), np.int64(56), np.int64(48), np.int64(10), np.int64(57), np.int64(18), np.int64(63), np.int64(20), np.int64(43), np.int64(35), np.int64(54), np.int64(3), np.int64(46), np.int64(3), np.int64(63), np.int64(48), np.int64(13), np.int64(12), np.int64(27), np.int64(28), np.int64(51), np.int64(39), np.int64(44), np.int64(14), np.int64(31), np.int64(56), np.int64(38), np.int64(7), np.int64(8), np.int64(22), np.int64(1), np.int64(54), np.int64(54), np.int64(63), np.int64(48), np.int64(31), np.int64(8), np.int64(62), np.int64(11), np.int64(15), np.int64(58), np.int64(60), np.int64(53), np.int64(42)]","[np.int64(20), np.int64(28), np.int64(9), np.int64(0), np.int64(20), np.int64(58), np.int64(34), np.int64(50), np.int64(12), np.int64(35), np.int64(2), np.int64(50), np.int64(21), np.int64(10), np.int64(48), np.int64(15), np.int64(41), np.int64(19), np.int64(12), np.int64(1), np.int64(12), np.int64(52), np.int64(32), np.int64(1), np.int64(49), np.int64(23), np.int64(59), np.int64(3), np.int64(37), np.int64(60), np.int64(16), np.int64(0), np.int64(24), np.int64(23), np.int64(51), np.int64(60), np.int64(20), np.int64(21), np.int64(2), np.int64(6), np.int64(20), np.int64(62), np.int64(16), np.int64(9), np.int64(60), np.int64(14), np.int64(1), np.int64(17), np.int64(6), np.int64(48), np.int64(19), np.int64(37), np.int64(36), np.int64(63), np.int64(43), np.int64(38), np.int64(19), np.int64(44), np.int64(29), np.int64(42), np.int64(18), np.int64(14), np.int64(12), np.int64(46)]",False,False,0.0,0.0,"[21 45 41  9 41 22 22 12 48 41 18 22 41  9  9 21 18 39 41 21  2 41 41 49
 48 49 48 48  2  4  4 12  4 46  2 41 59 59 56 41  9 41 21 41 22 41 41 46
 41 41 43 59  4 39  4 35 41 49 48 41 56 21 43 12]","[39 48 41 22 41 22 59 48 22 41  4 21 41 22  9 18 22 48 41 49 22 41 41 18
  4  9 48 48  2  4 39 12  4 46 22 41 59 21 21 41 35 41 21 41 18 41 41 46
 41 41 56 46  4 22  4 12 41 35 48 41 46 46 59 21]",True,True,1.0,1.0,"[12  2 41  9 41 12 12  2 22 41  2 12 41  9  9 18  4  9 41  4  2 41 41 18
  4  9  2 21  2  4  4 12  4 46  4 41 12  2  9 41  4 41 21 41  2 41 41 46
 41 41 43  4  4  9  4  4 41  9 48 41 22 12 21 12]","[21 22 41  9 41 22 59  9 22 41  4 22 41 22  9 18  4  9 41  4  9 41 41 18
  4  9 48 21 21  4 39 39  4 59  4 41 59 59  9 41  4 41 21 41 21 41 41 59
 41 41 48  4  4  9  4  4 41  9 48 41 22 21 59 21]",True,True,1.0,1.0
[1 0 1 ... 0 0 0],7,"[10  2  7  5  5  7  2  7 21  7  7  2  9 53 62 53 10  7 17 58 53  7 21 31
 17  5  1 10  5 34  9  7 21 58  7  7 37  7 53 17 10 34 21 35 37  2 10 34
 62 10  7 21 50  7 25  5 62 58  7 62  5 50  7 31]","[ 2 53  7  5  5  7 50  7 35  7  7 10  9 35 62 53 10  7 17 34 31  7  9 50
 17  9 60 10  5 34  9  7 53 58  7  7 37  7 53 10 62 31 21 37 31  2 10  9
 62 10  7 10 21  7 49  2  5 58  7  5 21 50  7 31]",True,True,1.0,1.0,"[np.int64(60), np.int64(30), np.int64(55), np.int64(56), np.int64(39), np.int64(2), np.int64(16), np.int64(0), np.int64(36), np.int64(52), np.int64(51), np.int64(3), np.int64(37), np.int64(32), np.int64(61), np.int64(5), np.int64(9), np.int64(36), np.int64(46), np.int64(12), np.int64(18), np.int64(20), np.int64(60), np.int64(33), np.int64(11), np.int64(3), np.int64(25), np.int64(22), np.int64(38), np.int64(34), np.int64(44), np.int64(48), np.int64(5), np.int64(4), np.int64(45), np.int64(0), np.int64(6), np.int64(7), np.int64(0), np.int64(19), np.int64(22), np.int64(13), np.int64(34), np.int64(35), np.int64(44), np.int64(55), np.int64(10), np.int64(10), np.int64(49), np.int64(20), np.int64(39), np.int64(55), np.int64(42), np.int64(40), np.int64(54), np.int64(4), np.int64(14), np.int64(27), np.int64(54), np.int64(59), np.int64(42), np.int64(35), np.int64(47), np.int64(31)]","[np.int64(57), np.int64(37), np.int64(16), np.int64(28), np.int64(56), np.int64(18), np.int64(9), np.int64(36), np.int64(13), np.int64(38), np.int64(58), np.int64(55), np.int64(26), np.int64(44), np.int64(31), np.int64(57), np.int64(12), np.int64(53), np.int64(12), np.int64(62), np.int64(37), np.int64(54), np.int64(34), np.int64(13), np.int64(23), np.int64(24), np.int64(21), np.int64(36), np.int64(63), np.int64(61), np.int64(37), np.int64(12), np.int64(17), np.int64(12), np.int64(63), np.int64(45), np.int64(6), np.int64(57), np.int64(45), np.int64(34), np.int64(24), np.int64(39), np.int64(2), np.int64(60), np.int64(13), np.int64(15), np.int64(33), np.int64(15), np.int64(28), np.int64(47), np.int64(15), np.int64(58), np.int64(61), np.int64(18), np.int64(18), np.int64(43), np.int64(47), np.int64(25), np.int64(25), np.int64(45), np.int64(30), np.int64(38), np.int64(9), np.int64(8)]",False,False,0.0,0.0,"[10 50  7  5  5  7 35  7 50  7  7  2  9 35 53 53 50  7  2 58 53  7 17 50
  2  9  6 10  5 34 35  7 21 58  7  7 37  7  9  2  9 31 21 62 37  2 50  2
 62 10  7 35 50  7 49  2 37 58  7  5  5 50  7 31]","[10 50  7  5  5  7 35  7  5  7  7 10 35 35 62 53 10  7 17 34 53  7  9  5
 50  5 46 62 50 34 35  7 21 58  7  7 31  7  2 53 62 34 21 37 37  2 10 58
 10 10  7 10 21  7 20 35 37 58  7  5 10 50  7 31]",True,True,1.0,1.0,"[ 2  2  7  2  5  7  2  7  5  7  7  2  9 35  2 53  2  7  2 34 31  7  9  5
  2  5  1 10  5 34  9  7  5 53  7  7 31  7  2  2  2 31 21  2 10  2  2  2
 10  5  7 10  2  7  1  2  5 58  7  5  2 50  7 10]","[10 53  7  5  5  7 35  7 10  7  7 10 35 53 62 53 10  7 17 58 31  7 17  5
 17  5 19 10 10 34 10  7  5 53  7  7 37  7 53 10 17 34 21 10 10  2 10 37
 10 10  7 10 58  7 20 35  5 58  7  5 10 50  7 10]",True,True,1.0,1.0
[0 0 0 ... 1 1 1],59,"[37 14 21  4 59 59 53 48  4 14 53 59  5 59 59 11  5  5 53 11 21 59 21 54
 36 14 48 13 32 37 32 14 59 32  5 32 59 59 63 36 47  4 37 53 21 36 47 59
 59 53 21 54 59 59 59 14 54 54 13 59 11 13 63 59]","[37 47 21  4 59 59  4 54 21  4 63 59 11 59 59 53 53 54 53 52 14 59 52 54
 14  4 48  4 53 13 32 36 59 63  5 36 59 59 47  4 37 21 37 13 36 11 36 59
 59 53 32 52 59 59 59 32 32 52 47 59  5  4 47 59]",True,True,1.0,1.0,"[np.int64(51), np.int64(42), np.int64(41), np.int64(46), np.int64(40), np.int64(22), np.int64(22), np.int64(56), np.int64(26), np.int64(35), np.int64(6), np.int64(47), np.int64(39), np.int64(42), np.int64(55), np.int64(8), np.int64(18), np.int64(21), np.int64(15), np.int64(59), np.int64(0), np.int64(47), np.int64(10), np.int64(21), np.int64(57), np.int64(50), np.int64(38), np.int64(46), np.int64(24), np.int64(54), np.int64(10), np.int64(7), np.int64(23), np.int64(31), np.int64(10), np.int64(33), np.int64(60), np.int64(3), np.int64(2), np.int64(30), np.int64(4), np.int64(56), np.int64(34), np.int64(61), np.int64(56), np.int64(51), np.int64(10), np.int64(61), np.int64(50), np.int64(19), np.int64(27), np.int64(6), np.int64(42), np.int64(41), np.int64(37), np.int64(48), np.int64(15), np.int64(9), np.int64(29), np.int64(15), np.int64(15), np.int64(61), np.int64(14), np.int64(7)]","[np.int64(20), np.int64(40), np.int64(57), np.int64(48), np.int64(42), np.int64(19), np.int64(1), np.int64(5), np.int64(28), np.int64(54), np.int64(30), np.int64(45), np.int64(25), np.int64(53), np.int64(37), np.int64(19), np.int64(63), np.int64(27), np.int64(29), np.int64(45), np.int64(46), np.int64(43), np.int64(20), np.int64(41), np.int64(17), np.int64(20), np.int64(52), np.int64(19), np.int64(8), np.int64(31), np.int64(63), np.int64(29), np.int64(42), np.int64(48), np.int64(61), np.int64(61), np.int64(60), np.int64(13), np.int64(40), np.int64(21), np.int64(29), np.int64(33), np.int64(0), np.int64(32), np.int64(32), np.int64(12), np.int64(10), np.int64(62), np.int64(18), np.int64(13), np.int64(32), np.int64(40), np.int64(56), np.int64(9), np.int64(5), np.int64(0), np.int64(38), np.int64(8), np.int64(56), np.int64(53), np.int64(53), np.int64(9), np.int64(35), np.int64(10)]",False,False,0.0,0.0,"[47 63 32 11 59 59  4  5 63  4 63 59  5 59 59 11  5  5 53 11 14 59 21  5
 36 14 37 21 53 14 52 32 59 63  5 32 59 59 63  5 14 21 37 13 21 32 63 59
 59 53 36 52 59 59 59 36 37 52 13 59 37 48 47 59]","[37 63 32  4 59 59  4 53 53 37 53 59  5 59 59 11 37 54 53 11 14 59 52 54
 36 13 48  4 37 14 36 11 59 32 32 32 59 59 63 32 36 21 53 53 13 32 47 59
 59 53 32 54 59 59 59 14 36 54 47 59 37 13  4 59]",True,True,1.0,1.0,"[ 4  5 21  4 59 59  4 13  4  4  5 59  5 59 59 11  5  5 53 11 14 59 21  5
 14  4 37  4  5 13 13 11 59 32  5 36 59 59 47  4  5  4 37 13 13 11 11 59
 59 47 21 52 59 59 59 11 11 52 13 59  5  4  4 59]","[ 4 47 32 53 59 59 53 53 53 37 53 59 11 59 59 53 37 54 53 11 21 59 21 54
 36  4 37  4 37 37 13 32 59 32 32 36 59 59 47  4 37 36 37 13 32 32 36 59
 59 53 32 54 59 59 59 32 13 54 13 59 37  4  4 59]",True,True,1.0,1.0
[1 1 0 ... 0 0 1],20,"[23  6 31 41 18 33 20 20 49 23 28 26 37 18 47 28 28 51 20  6 20  6 46 20
 47 20 20 46 20 35 20 20 41 20 33 20  6 20 51  7 30 20 41 47 23 37 20 20
 53 20 20 20  6 20 18 31 33 23 35 23 53 18 33 23]","[23  6 31  7 30 53 20 20 41 26 35 50 49 23 30 23 28 33 20  7 20  7 28 20
 35 20 20 35 20  7 20 20 51 20 31 20 51 20  6 18 37 20 28 26 35 37 20 20
 53 20 20 20 18 20 37  7 53 18 35  7 53 18 51 35]",True,True,1.0,1.0,"[np.int64(30), np.int64(22), np.int64(21), np.int64(3), np.int64(9), np.int64(36), np.int64(20), np.int64(20), np.int64(63), np.int64(22), np.int64(32), np.int64(49), np.int64(10), np.int64(14), np.int64(47), np.int64(10), np.int64(60), np.int64(9), np.int64(23), np.int64(27), np.int64(35), np.int64(36), np.int64(63), np.int64(47), np.int64(59), np.int64(22), np.int64(45), np.int64(31), np.int64(4), np.int64(42), np.int64(10), np.int64(30), np.int64(26), np.int64(35), np.int64(40), np.int64(14), np.int64(33), np.int64(27), np.int64(52), np.int64(26), np.int64(20), np.int64(50), np.int64(43), np.int64(63), np.int64(36), np.int64(31), np.int64(60), np.int64(18), np.int64(2), np.int64(14), np.int64(32), np.int64(41), np.int64(34), np.int64(20), np.int64(23), np.int64(33), np.int64(63), np.int64(56), np.int64(47), np.int64(56), np.int64(55), np.int64(57), np.int64(51), np.int64(22)]","[np.int64(28), np.int64(11), np.int64(14), np.int64(9), np.int64(34), np.int64(44), np.int64(49), np.int64(52), np.int64(33), np.int64(16), np.int64(42), np.int64(15), np.int64(10), np.int64(35), np.int64(31), np.int64(56), np.int64(13), np.int64(9), np.int64(39), np.int64(16), np.int64(43), np.int64(36), np.int64(25), np.int64(54), np.int64(36), np.int64(15), np.int64(10), np.int64(52), np.int64(7), np.int64(4), np.int64(42), np.int64(40), np.int64(21), np.int64(9), np.int64(44), np.int64(14), np.int64(35), np.int64(36), np.int64(34), np.int64(23), np.int64(10), np.int64(3), np.int64(27), np.int64(55), np.int64(4), np.int64(4), np.int64(28), np.int64(34), np.int64(40), np.int64(22), np.int64(16), np.int64(63), np.int64(51), np.int64(23), np.int64(29), np.int64(63), np.int64(47), np.int64(55), np.int64(62), np.int64(23), np.int64(52), np.int64(7), np.int64(24), np.int64(25)]",False,False,0.0,0.0,"[23  6 31 41  6 47 20 20 50 26 28 28 49  6  7 47 28 28 20 23 20 25 51 20
 31 20 20 35 20 51 20 20 51 20 31 20 47 20 18  7 31 20 41 37 35 31 20 20
 31 20 20 20 23 20 28 18 18 18 23  7 33 47 37 23]","[28  6 31 35 33 23 20 20 18 23 35 47 49 33  7 47 28 23 20 23 20  7 28 20
 26 20 20 35 20 37 20 20 51 20 33 20 31 20 37 53 46 20 41 51 53 37 20 20
 53 20 20 20 18 20 18 30 28 37 35 23 33 50 37 23]",True,True,1.0,1.0,"[23  6 31  7  6 23 20 20 18 18 28 18  6  6  7 23 28  6 20  6 20  6 18 20
 26 20 20 35 20  7 20 20 33 20 31 20  6 20  6  7 31 20 28 18 23 31 20 20
 31 20 20 20  6 20 18  7 18  6 26  7 26 18 33 23]","[28  6 31  7 33 23 20 20 50 23 35 37  6  7  7 23 28 23 20 28 20  7 51 20
 26 20 20 35 20  7 20 20 41 20 33 20 51 20 37 50 37 20 41 37 23 31 20 20
 53 20 20 20 37 20 37  7 37 37 35 23 53 30 37 35]",True,True,1.0,1.0
[1 0 0 ... 0 1 1],17,"[56 42 43  6 51 17 17 25 25  6 16 56 42 19 51 39 17 17 16 17 42 17 21 39
 19 17 21 25  6 43 56 16 42 43 17  5  5 25 21 17 42  6 17 17 51 43 21 51
 25  5  6 17 56 43 25  5 17  5 16 25 56 19 19 17]","[19 51 43 16  5 17 17 25 25  6  5 56  6 19 51 39 17 17 16 17 42 17 43 39
  5 17  6 25  6 16 42 19 34 43 17 25 56  6 51 17 42 19 17 17 51 34 21 51
 25 39 39 17 51 43  6 51 17 39  5 25 56 16 21 17]",True,True,1.0,1.0,"[np.int64(27), np.int64(9), np.int64(4), np.int64(15), np.int64(24), np.int64(16), np.int64(7), np.int64(20), np.int64(0), np.int64(2), np.int64(4), np.int64(28), np.int64(61), np.int64(58), np.int64(43), np.int64(2), np.int64(19), np.int64(30), np.int64(41), np.int64(24), np.int64(4), np.int64(41), np.int64(59), np.int64(33), np.int64(51), np.int64(51), np.int64(28), np.int64(48), np.int64(5), np.int64(57), np.int64(12), np.int64(23), np.int64(54), np.int64(33), np.int64(20), np.int64(16), np.int64(38), np.int64(55), np.int64(45), np.int64(50), np.int64(40), np.int64(0), np.int64(12), np.int64(21), np.int64(9), np.int64(26), np.int64(1), np.int64(37), np.int64(58), np.int64(24), np.int64(35), np.int64(43), np.int64(23), np.int64(55), np.int64(13), np.int64(6), np.int64(5), np.int64(46), np.int64(23), np.int64(5), np.int64(20), np.int64(36), np.int64(50), np.int64(58)]","[np.int64(28), np.int64(13), np.int64(16), np.int64(27), np.int64(31), np.int64(14), np.int64(21), np.int64(44), np.int64(9), np.int64(14), np.int64(11), np.int64(9), np.int64(36), np.int64(42), np.int64(35), np.int64(53), np.int64(56), np.int64(19), np.int64(45), np.int64(49), np.int64(60), np.int64(53), np.int64(9), np.int64(51), np.int64(7), np.int64(9), np.int64(49), np.int64(58), np.int64(14), np.int64(63), np.int64(10), np.int64(61), np.int64(60), np.int64(2), np.int64(3), np.int64(57), np.int64(30), np.int64(50), np.int64(44), np.int64(19), np.int64(54), np.int64(58), np.int64(57), np.int64(36), np.int64(32), np.int64(40), np.int64(24), np.int64(20), np.int64(37), np.int64(8), np.int64(23), np.int64(27), np.int64(43), np.int64(45), np.int64(7), np.int64(62), np.int64(13), np.int64(50), np.int64(2), np.int64(15), np.int64(54), np.int64(23), np.int64(19), np.int64(25)]",False,False,0.0,0.0,"[19 42 43 16 16 17 17 56 43 39 16 56 43 19 51 39 17 17 16 17 63 17 21 39
 43 17 21 25  6 51 42 19 51 63 17  5 51 43 51 17 42 34 17 17 51 34 21 51
 51 63 39 17 39 19  6 51 17 16 43 25 51  6 21 17]","[56 39 43 21  5 17 17 56 43  6 16 56 43 19 56 21 17 17 16 17 16 17 21 39
 16 17  6 25  6 16 56 19 42 43 17 56 51  6 51 17 42 19 17 17  5 34 21 51
 51 42 56 17 39 34 42 51 17 16 51  6 51 42 21 17]",True,True,1.0,1.0,"[19 16  5  6  5 17 17 25 25  6  5 56  6 19 51 21 17 17 16 17 16 17  5 39
  5 17  5 25  6 16 21 16 21 43 17  5  5  6 16 17 42  6 17 17  5 43 21 51
  6  5  6 17 39 19  6  5 17  5  5  6  6  6 21 17]","[56 51 43  6  5 17 17 25 43  6 16 56  6 19 51 25 17 17 16 17 16 17 34 39
 16 17  6 25  6 16 42 16 43 43 17 25 16 43 16 17 42  6 17 17 51 42 21 51
 43 39  6 17 63 34  6 51 17 39 16  6  6 51 43 17]",True,True,1.0,1.0
[1 0 1 ... 1 0 1],25,"[11 12 14 14 23 23 50 50 48 21 36 25 25 48 25 25 21 11 20 42 25 25 12 25
 14 25 42 23 48 42 48 11 15 36 25 21 25 21 11 57 15 48 25 63 48 15 14 34
 25 15 25 20 11 14 11 14 20 25 14 15 48 11 23 25]","[11 42 48 14 34 23 23 50 48 14 11 25 25 20 25 25 48 15 12 42 25 25 12 25
 20 25 20 57 50 15 48 34 50 36 25 42 25 21 15 57 11 15 25 21 11 20 14 48
 25 15 25 11 15 14 11 14 12 25 36 20 57 63 14 25]",True,True,1.0,1.0,"[np.int64(48), np.int64(23), np.int64(27), np.int64(44), np.int64(44), np.int64(18), np.int64(31), np.int64(19), np.int64(12), np.int64(10), np.int64(39), np.int64(54), np.int64(2), np.int64(40), np.int64(44), np.int64(46), np.int64(21), np.int64(43), np.int64(15), np.int64(39), np.int64(60), np.int64(49), np.int64(37), np.int64(57), np.int64(44), np.int64(32), np.int64(33), np.int64(10), np.int64(1), np.int64(3), np.int64(7), np.int64(46), np.int64(28), np.int64(47), np.int64(55), np.int64(3), np.int64(27), np.int64(52), np.int64(35), np.int64(14), np.int64(55), np.int64(30), np.int64(27), np.int64(22), np.int64(43), np.int64(44), np.int64(34), np.int64(28), np.int64(20), np.int64(39), np.int64(5), np.int64(48), np.int64(55), np.int64(38), np.int64(55), np.int64(1), np.int64(54), np.int64(5), np.int64(38), np.int64(40), np.int64(52), np.int64(11), np.int64(5), np.int64(13)]","[np.int64(21), np.int64(46), np.int64(36), np.int64(36), np.int64(48), np.int64(32), np.int64(4), np.int64(50), np.int64(62), np.int64(36), np.int64(51), np.int64(31), np.int64(4), np.int64(38), np.int64(43), np.int64(16), np.int64(8), np.int64(28), np.int64(35), np.int64(46), np.int64(42), np.int64(17), np.int64(48), np.int64(48), np.int64(44), np.int64(55), np.int64(47), np.int64(12), np.int64(48), np.int64(15), np.int64(28), np.int64(15), np.int64(44), np.int64(27), np.int64(14), np.int64(54), np.int64(63), np.int64(45), np.int64(16), np.int64(6), np.int64(59), np.int64(42), np.int64(38), np.int64(25), np.int64(4), np.int64(25), np.int64(45), np.int64(0), np.int64(57), np.int64(23), np.int64(47), np.int64(54), np.int64(42), np.int64(40), np.int64(24), np.int64(55), np.int64(25), np.int64(60), np.int64(17), np.int64(34), np.int64(18), np.int64(44), np.int64(60), np.int64(28)]",False,False,0.0,0.0,"[14 63 14 14 48 20 50 50 57 21 11 25 25 48 25 25 48 15 48 42 25 25 12 25
 42 25 42 57 50 14 48 11 50 36 25 21 25 15 11 21 23 48 25 21 48 15 15 34
 25 15 25 11 57 57 11 48 12 25 15 63 63 11 23 25]","[20 12 12 14 48 34 50 50 57 15 36 25 25 63 25 25 48 36 20 42 25 25 12 25
 14 25 42 50 50 42 48 34 12 36 25 63 25 15 15 12 11 48 25 63 42 20 21 15
 25 15 25 20 23 12 57 48 12 25 42 34 57 11 34 25]",True,True,1.0,1.0,"[11 12 12 14 23 23 23 50 15 12 11 25 25 20 25 25 21 11 12 42 25 25 12 25
 14 25 14 14 48 14 11 11 15 14 25 21 25 15 11 12 11 15 25 21 11 15 14 15
 25 15 25 11 11 14 11 14 12 25 15 15 20 11 14 25]","[20 12 12 14 34 34 50 50 57 12 11 25 25 34 25 25 21 11 20 42 25 25 12 25
 20 25 20 36 50 42 23 34 50 20 25 21 25 21 11 12 11 36 25 63 11 20 14 34
 25 15 25 11 57 14 11 14 20 25 15 20 20 11 23 25]",True,True,1.0,1.0
[0 0 0 ... 0 0 1],2,"[25  2  2 28  2 14 37  2  2 46 46 51 46  7  2  2  1 14 42 28 56 37 46 15
 41  2 15 14  2  8  5  1  1 14 46 28  8  2  2 41 14  2  2 37 14 38  2 28
  1  1 33  2  1 28  4 46  2  7 14 15 19 46  8  1]","[38  2  2  4  2 14 41  2  2 25 46  7 51  4  2  2  1 15 51 46 42 56 46 56
 41  2 14 14  2 56 44  1  7 25  8 38 46  2  2 41 14  2  2 41 42 51  2  1
 28 38 54  2  1 56  4 38  2 41 14 51 23 51 25 37]",True,True,1.0,1.0,"[np.int64(7), np.int64(37), np.int64(56), np.int64(36), np.int64(32), np.int64(40), np.int64(28), np.int64(53), np.int64(38), np.int64(40), np.int64(59), np.int64(6), np.int64(56), np.int64(49), np.int64(26), np.int64(63), np.int64(14), np.int64(41), np.int64(20), np.int64(4), np.int64(24), np.int64(29), np.int64(3), np.int64(23), np.int64(12), np.int64(63), np.int64(46), np.int64(42), np.int64(10), np.int64(0), np.int64(32), np.int64(36), np.int64(55), np.int64(39), np.int64(24), np.int64(31), np.int64(30), np.int64(57), np.int64(12), np.int64(58), np.int64(1), np.int64(48), np.int64(17), np.int64(44), np.int64(51), np.int64(20), np.int64(2), np.int64(18), np.int64(26), np.int64(17), np.int64(53), np.int64(16), np.int64(57), np.int64(18), np.int64(57), np.int64(52), np.int64(35), np.int64(51), np.int64(10), np.int64(36), np.int64(8), np.int64(18), np.int64(59), np.int64(51)]","[np.int64(5), np.int64(6), np.int64(3), np.int64(48), np.int64(5), np.int64(38), np.int64(38), np.int64(50), np.int64(38), np.int64(32), np.int64(14), np.int64(46), np.int64(3), np.int64(43), np.int64(61), np.int64(21), np.int64(38), np.int64(19), np.int64(60), np.int64(27), np.int64(48), np.int64(19), np.int64(43), np.int64(58), np.int64(3), np.int64(28), np.int64(17), np.int64(44), np.int64(45), np.int64(49), np.int64(13), np.int64(48), np.int64(16), np.int64(24), np.int64(46), np.int64(33), np.int64(16), np.int64(20), np.int64(7), np.int64(53), np.int64(9), np.int64(43), np.int64(14), np.int64(61), np.int64(35), np.int64(13), np.int64(12), np.int64(49), np.int64(2), np.int64(56), np.int64(23), np.int64(56), np.int64(21), np.int64(19), np.int64(24), np.int64(63), np.int64(30), np.int64(19), np.int64(62), np.int64(55), np.int64(9), np.int64(54), np.int64(39), np.int64(3)]",False,False,0.0,0.0,"[38  2  2 25  2 14 41  2  2 46 46  7  7  4  2  2  1 15 42 46 56 14 46 56
 41  2 14 28  2  1  5  1 42 25 46 28  8  2  2 41 38  2  2  1  7  8  2  4
  7  1 27  2  1 37  4 15  2  7 14 37 19 28  1  8]","[38  2  2  4  2 14 42  2  2 46 46 51  7  4  2  2 14  7 51 37 42 56 46 15
 41  2 15  4  2  1 54 25 56 41 46 14 14  2  2 41 14  2  2  1 25 38  2  1
  7  4 11  2  1 56  1 14  2  7 14  8 35 38 14 42]",True,True,1.0,1.0,"[25  2  2  4  2 14 37  2  2 25 46  7  7  4  2  2  1  7 42 28 42 14 46 15
 41  2 14  4  2  1  5  1  1 14  7  1  8  2  2 41 14  2  2  1  1  8  2  1
  1  1 11  2  1  8  1 15  2  7 14  8 18 28  1  1]","[38  2  2  4  2 14 42  2  2 25 46  7  7  4  2  2 38  7 42 41 42 56 46 15
 41  2 14 14  2  1 54  1 42 25  7 14 14  2  2 41 38  2  2 14 25 38  2  1
  1  1 35  2  1 25  1 38  2 25 14 37 35 38 25  1]",True,True,1.0,1.0
[0 0 0 ... 0 0 0],11,"[11 11 46 45  1 45 11 11 16 57  7 11 11 16 47 46 11 45 11 21  6 11 12 21
 11 46 47 57  6 47 32 32 11 16 18 57 45 24 47 12 24 46 32 18  7 11 11 11
  6 32 46 46  6 63  0 11 45 11  7 12 16 32 16 11]","[11 11  1 16  1 16 11 11 16 46 18 11 11 32 24 46 11 16 11 16 18 11 32 32
 11 24  7 16  6 16 55 45 11 16 16  0 46 24 55 63 24 46 32 18 47 11 11 11
  7 45 55 55  6 32  0 11 45 11  7 55 16 12  6 11]",True,True,1.0,1.0,"[np.int64(15), np.int64(27), np.int64(56), np.int64(51), np.int64(17), np.int64(42), np.int64(44), np.int64(29), np.int64(56), np.int64(61), np.int64(5), np.int64(59), np.int64(38), np.int64(13), np.int64(46), np.int64(32), np.int64(19), np.int64(55), np.int64(41), np.int64(28), np.int64(59), np.int64(51), np.int64(38), np.int64(15), np.int64(15), np.int64(5), np.int64(1), np.int64(38), np.int64(45), np.int64(24), np.int64(21), np.int64(5), np.int64(32), np.int64(17), np.int64(48), np.int64(0), np.int64(46), np.int64(51), np.int64(57), np.int64(60), np.int64(25), np.int64(47), np.int64(44), np.int64(59), np.int64(48), np.int64(60), np.int64(2), np.int64(34), np.int64(7), np.int64(47), np.int64(61), np.int64(22), np.int64(5), np.int64(29), np.int64(4), np.int64(63), np.int64(48), np.int64(62), np.int64(42), np.int64(1), np.int64(50), np.int64(61), np.int64(27), np.int64(29)]","[np.int64(6), np.int64(6), np.int64(13), np.int64(50), np.int64(20), np.int64(39), np.int64(13), np.int64(5), np.int64(7), np.int64(60), np.int64(19), np.int64(39), np.int64(7), np.int64(3), np.int64(17), np.int64(34), np.int64(29), np.int64(60), np.int64(12), np.int64(60), np.int64(15), np.int64(44), np.int64(51), np.int64(43), np.int64(19), np.int64(7), np.int64(54), np.int64(23), np.int64(36), np.int64(21), np.int64(57), np.int64(15), np.int64(22), np.int64(31), np.int64(49), np.int64(63), np.int64(55), np.int64(60), np.int64(53), np.int64(24), np.int64(43), np.int64(58), np.int64(9), np.int64(16), np.int64(39), np.int64(33), np.int64(9), np.int64(33), np.int64(4), np.int64(5), np.int64(59), np.int64(10), np.int64(40), np.int64(42), np.int64(52), np.int64(12), np.int64(23), np.int64(10), np.int64(60), np.int64(28), np.int64(61), np.int64(4), np.int64(48), np.int64(56)]",False,False,0.0,0.0,"[11 11 45 16 45 47 11 11 57 57  7 11 11  6 24 63 11 45 11 12  1 11 32 63
 11 24 45 16 21  7 55 45 11  1 46 21 45 57 55 24 32 46 32  6  7 11 11 11
  7 18 47 46  6 55  0 11 45 11  7  7  7  6 16 11]","[11 11 45 16  1 16 11 11 16 47  7 11 11  6  0 63 11 45 11 16 18 11 12 32
 11 46 55 63 21 16 55 45 11 16  6 63 46 47 55 12 32 24 16  6 47 11 11 11
  7  0 47 55  6 63  0 11 45 11 63 55 16 32 16 11]",True,True,1.0,1.0,"[11 11  1 16  1  6 11 11  1 12  7 11 11  6  0 46 11 16 11 12  1 11  0  0
 11 24  7  6  6  7 24 21 11  1  0  0 46 24 12 12 24 24 16  1  7 11 11 11
  7  0 46 16  6  1  0 11 45 11  7  7  7  6  6 11]","[11 11  1 16  1 16 11 11 16 12 18 11 11 16 47 46 11 16 11 16  1 11 12 16
 11 46 55 16  6 16 55 21 11 16 16 21 46 55 12 12 24 46 16 47 47 11 11 11
  7  0 46 16  7 21  0 11 45 11  7 55 16 55 16 11]",True,True,1.0,1.0
[0 0 0 ... 0 0 0],23,"[23 23  3 23  1 18  0 29  3  0 55  0 18 40 49 29 29 23 23  3  3 17 23 23
 22 49 17 17 23 23 28 42  1 49 42 29 40 22 28  1 23  3 23  3  1 32 17 55
  0 23  0 49 23 22 49 23 55 55 28 22 28  0 23 49]","[23 23  3 23 28 40 49 18  3 40  1 55 18 40 49 17 29 23 23  3  3 40 23 23
 22 62 28 17 23 23 28 42 49 49 55 22 18 22 40  1 23  3 23 17  1 58 49 55
  0 23  0 49 23 22 49 23 29 42 28 22 28 17 23 49]",True,True,1.0,1.0,"[np.int64(50), np.int64(1), np.int64(33), np.int64(27), np.int64(17), np.int64(54), np.int64(40), np.int64(9), np.int64(28), np.int64(28), np.int64(12), np.int64(11), np.int64(17), np.int64(32), np.int64(33), np.int64(3), np.int64(26), np.int64(62), np.int64(12), np.int64(22), np.int64(45), np.int64(7), np.int64(18), np.int64(12), np.int64(45), np.int64(56), np.int64(43), np.int64(25), np.int64(57), np.int64(10), np.int64(48), np.int64(17), np.int64(47), np.int64(1), np.int64(48), np.int64(29), np.int64(39), np.int64(42), np.int64(55), np.int64(46), np.int64(3), np.int64(37), np.int64(44), np.int64(47), np.int64(41), np.int64(9), np.int64(15), np.int64(36), np.int64(43), np.int64(36), np.int64(11), np.int64(21), np.int64(40), np.int64(58), np.int64(58), np.int64(47), np.int64(9), np.int64(58), np.int64(51), np.int64(33), np.int64(18), np.int64(44), np.int64(58), np.int64(57)]","[np.int64(52), np.int64(19), np.int64(47), np.int64(5), np.int64(53), np.int64(15), np.int64(43), np.int64(24), np.int64(18), np.int64(19), np.int64(25), np.int64(54), np.int64(62), np.int64(58), np.int64(29), np.int64(41), np.int64(3), np.int64(16), np.int64(7), np.int64(52), np.int64(59), np.int64(35), np.int64(15), np.int64(24), np.int64(34), np.int64(52), np.int64(24), np.int64(62), np.int64(1), np.int64(4), np.int64(32), np.int64(29), np.int64(27), np.int64(28), np.int64(32), np.int64(28), np.int64(35), np.int64(59), np.int64(60), np.int64(45), np.int64(53), np.int64(39), np.int64(21), np.int64(22), np.int64(35), np.int64(50), np.int64(17), np.int64(21), np.int64(17), np.int64(3), np.int64(58), np.int64(62), np.int64(32), np.int64(52), np.int64(49), np.int64(50), np.int64(14), np.int64(49), np.int64(39), np.int64(49), np.int64(20), np.int64(33), np.int64(37), np.int64(48)]",False,False,0.0,0.0,"[23 23 28 23  1 18 18 18  3  0 55  0  3 40 49 18 49 23 23 62  0  1 23 23
 22 28 28 17 23 23 42 40 49 49 42 22 17 22  1  1 23 55 23 62 22 34 42 49
 42 23  0 52 23 62 49 23 28 42 49 22 17  0 23 29]","[23 23  3 23  1 40 49 29 29 40 40 28 18 40 49 40 42 23 23 29  0 40 23 23
 42 49 40 18 23 23 49 40 28 49 55  3 18 22 40 52 23  1 23  3 52 58 49 40
  0 23 40 49 23 62 40 23 28 42 17 22 17 17 23  0]",True,True,1.0,1.0,"[23 23  3 23  0  1  0 18  3  0  1  0  3 40  1 17  0 23 23  3  3  1 23 23
 22 28 17 18 23 23  1 40  1 49 22  3 17 22  1  1 23  3 23  0  1  2 17 40
  0 23  0  1 23 22 40 23 17  3 17 18 17  0 23  0]","[23 23 28 23 28 18 28 29 29 40  1 28  3 40 49 28  0 23 23 29  3 40 23 23
 22 28 28 18 23 23 28 42 28 49 22 22 18 22 28 28 23  1 23 28 29 60 42 40
 42 23 40 28 23 22 40 23 28 42 28 22 28  0 23 29]",True,True,1.0,1.0
[0 0 1 ... 0 0 1],25,"[16 54 16 50  8 36 25 54 25  6 13 20 21 25 25 22 25 36 14 50 25 25 25 57
 53 25 25 26 57 36 51 25 36 57 26  6 25 21 20  2 36  6 53  6 14 57 50 25
 26 21 25 25 36 25 25 54 51 25 47 36 31 54 57 22]","[16 13 51 50 51 13 25 31 25 53 36 53 21 25 25 57 25 20 14 20 25 25 25 47
 53 25 25 26 47 36 57 25 57 47 26 57 25  8 20 37 53 22  8 50 57 57 50 25
 51 54 25 25 16 25 25 13 51 25 57 36 36 54 50 57]",True,True,1.0,1.0,"[np.int64(32), np.int64(58), np.int64(58), np.int64(53), np.int64(10), np.int64(48), np.int64(26), np.int64(9), np.int64(51), np.int64(31), np.int64(38), np.int64(15), np.int64(57), np.int64(55), np.int64(45), np.int64(26), np.int64(54), np.int64(20), np.int64(18), np.int64(16), np.int64(9), np.int64(41), np.int64(12), np.int64(54), np.int64(55), np.int64(62), np.int64(39), np.int64(12), np.int64(12), np.int64(34), np.int64(0), np.int64(59), np.int64(18), np.int64(41), np.int64(45), np.int64(47), np.int64(24), np.int64(33), np.int64(15), np.int64(43), np.int64(24), np.int64(23), np.int64(49), np.int64(1), np.int64(21), np.int64(63), np.int64(60), np.int64(29), np.int64(33), np.int64(61), np.int64(31), np.int64(31), np.int64(20), np.int64(27), np.int64(52), np.int64(52), np.int64(43), np.int64(36), np.int64(34), np.int64(16), np.int64(51), np.int64(31), np.int64(49), np.int64(47)]","[np.int64(2), np.int64(54), np.int64(35), np.int64(24), np.int64(15), np.int64(62), np.int64(30), np.int64(29), np.int64(54), np.int64(47), np.int64(56), np.int64(0), np.int64(30), np.int64(52), np.int64(33), np.int64(6), np.int64(54), np.int64(62), np.int64(39), np.int64(3), np.int64(54), np.int64(41), np.int64(56), np.int64(34), np.int64(47), np.int64(14), np.int64(17), np.int64(47), np.int64(26), np.int64(47), np.int64(7), np.int64(3), np.int64(10), np.int64(58), np.int64(53), np.int64(23), np.int64(56), np.int64(52), np.int64(51), np.int64(14), np.int64(44), np.int64(22), np.int64(49), np.int64(42), np.int64(41), np.int64(53), np.int64(57), np.int64(17), np.int64(15), np.int64(3), np.int64(22), np.int64(49), np.int64(17), np.int64(21), np.int64(18), np.int64(17), np.int64(45), np.int64(32), np.int64(14), np.int64(20), np.int64(31), np.int64(22), np.int64(21), np.int64(44)]",False,False,0.0,0.0,"[16 54  6 50 53 13 25 31 25  6 20 53 21 25 25 22 25 21 21 50 25 25 25 51
 53 25 25  8 57 13 16 25 31 57 21 16 25 57 47 33 36  6 53  6 57 31 13 25
 22 21 25 25  8 25 25 54 26 25 57 14 50 54 22 51]","[16 13 22 50  8 36 25 31 25 16 20 53 21 25 25 21 25 20 47 50 25 25 25  8
 53 25 25 26 57 26 51 25 50 13 20 51 25  8 47  2 14 31 31 50 47 31 50 25
 51 13 25 25  8 25 25 51 51 25 13 14 50 54 20 31]",True,True,1.0,1.0,"[16 13  6  6  8 13 25 31 25  6 13 20 21 25 25 14 25 21  6 20 25 25 25  6
 53 25 25  8 36 13  6 25 36  8 21  6 25  6 20  2  8  6  8  6  6 21  6 25
 20 13 25 25  8 25 25 13 26 25 13 14  6 20 16  6]","[16 13 51 50 51 13 25 57 25 57 20 50 21 25 25 57 25 36 51 50 25 25 25 51
 53 25 25  8 57 50 51 25 50 36 20 51 25 57 20 33 14 13 31 50 57 57 50 25
 53 13 25 25 51 25 25 53 51 25 13 14 50 20 20 51]",True,True,1.0,1.0
[0 0 1 ... 0 0 0],8,"[55  8  4  8  8 21 50  3  8  8 16 36  1 42  8 39  8 63  1 55 55  8 14  1
  3  4  8 26 39 50 55 36  1  1 26 14  8 42 63  8 50  1  8  9 26 42 21 39
 42 16  8  9 50 36 42  8 42 55 21  4  9 24 42  8]","[14  8  1  8  8 42 50 50  8  8 21 39  1 50  8 14  8 42  3 55 55  8 50  1
 14  4  8 50 36 50  1 14  1 36 26 50  8  3 42  8 39 50  8 21 39 42 39  1
 36 21  8 36 50  4 50  8 63 55 21  4  3 52 42  8]",True,True,1.0,1.0,"[np.int64(26), np.int64(21), np.int64(48), np.int64(40), np.int64(33), np.int64(10), np.int64(45), np.int64(48), np.int64(11), np.int64(17), np.int64(51), np.int64(53), np.int64(15), np.int64(44), np.int64(11), np.int64(8), np.int64(58), np.int64(0), np.int64(14), np.int64(49), np.int64(37), np.int64(41), np.int64(18), np.int64(56), np.int64(13), np.int64(8), np.int64(56), np.int64(54), np.int64(30), np.int64(28), np.int64(2), np.int64(4), np.int64(48), np.int64(35), np.int64(8), np.int64(9), np.int64(42), np.int64(54), np.int64(5), np.int64(61), np.int64(45), np.int64(23), np.int64(43), np.int64(8), np.int64(22), np.int64(38), np.int64(49), np.int64(41), np.int64(58), np.int64(35), np.int64(18), np.int64(5), np.int64(32), np.int64(28), np.int64(44), np.int64(12), np.int64(29), np.int64(13), np.int64(22), np.int64(56), np.int64(57), np.int64(4), np.int64(36), np.int64(19)]","[np.int64(57), np.int64(3), np.int64(50), np.int64(17), np.int64(20), np.int64(57), np.int64(52), np.int64(43), np.int64(23), np.int64(1), np.int64(8), np.int64(40), np.int64(49), np.int64(24), np.int64(48), np.int64(3), np.int64(45), np.int64(44), np.int64(11), np.int64(7), np.int64(44), np.int64(35), np.int64(47), np.int64(37), np.int64(0), np.int64(1), np.int64(28), np.int64(60), np.int64(48), np.int64(45), np.int64(0), np.int64(14), np.int64(58), np.int64(7), np.int64(56), np.int64(19), np.int64(63), np.int64(29), np.int64(10), np.int64(34), np.int64(11), np.int64(32), np.int64(61), np.int64(5), np.int64(52), np.int64(8), np.int64(46), np.int64(24), np.int64(50), np.int64(47), np.int64(4), np.int64(12), np.int64(8), np.int64(27), np.int64(55), np.int64(25), np.int64(4), np.int64(7), np.int64(34), np.int64(51), np.int64(42), np.int64(4), np.int64(21), np.int64(14)]",False,False,0.0,0.0,"[55  8 21  8  8 55 50 36  8  8 21 39  1  1  8 39  8 42  9 14 14  8 50 63
  3  4  8 16 50 50 14 16 14  1 26  4  8 26 63  8 14 55  8  9 39 42 16 39
 36 63  8  9 63  4 50  8 55 39  4 21  3 19 42  8]","[ 3  8  1  8  8 55 50  3  8  8 16 36 42  9  8 14  8 63  9 55 55  8 50  1
 14  4  8 26 36 26  1 14 42  1 21  4  8 14  9  8 50 50  8 36 21  9 39 39
 36 14  8 63 63  4 39  8 55 14 21 36  9 52  1  8]",True,True,1.0,1.0,"[ 3  8  1  8  8 14 50  3  8  8  3  1  1  3  8 14  8 14  1  3 14  8 14  1
  3  4  8 16 14 26  1 14  1  1 21  4  8  3  1  8  3  1  8  9  3  9 16  1
  1 14  8  9 39  4 26  8  3  4  3  4  3  6  1  8]","[14  8 21  8  8 39 50 50  8  8  3 36  1 50  8 39  8 63 36 14 14  8 50  1
 39  4  8 50 36 50 14 36 42 36 21 50  8 14 50  8 50 50  8  9  4 50 39 39
 36 63  8 63 39  4 39  8 50 55  4 21  9 52  1  8]",True,True,1.0,1.0
[0 1 0 ... 0 1 0],15,"[46 18 44 31 15 31 15 59 14 23 31 18 16 27 15 15 15 42 15 27 14 27 44 15
 63  6 59 15 46  6  6 15 59 14 46  4 59 57 59 59 16 14 15  4 15 18 15 46
 57 55 23 42 44 55 63 15 55 15 55 15  6  4 46 15]","[55 42 63 31 15 42 15 44 14 23 31 59 16 44 15 15 15 59 15 44 14 27 23 15
 63  6 63 15 46  6  6 15 59 27 59 57 59 57 31  6 16 23 15 55 15 18 15 14
 57  6 42 42 42 42 63 15 42 15 57 15 23  4 63 15]",True,True,1.0,1.0,"[np.int64(58), np.int64(23), np.int64(22), np.int64(40), np.int64(0), np.int64(39), np.int64(9), np.int64(52), np.int64(44), np.int64(8), np.int64(23), np.int64(44), np.int64(36), np.int64(53), np.int64(36), np.int64(35), np.int64(24), np.int64(51), np.int64(3), np.int64(23), np.int64(4), np.int64(8), np.int64(49), np.int64(11), np.int64(31), np.int64(26), np.int64(32), np.int64(47), np.int64(26), np.int64(3), np.int64(54), np.int64(16), np.int64(26), np.int64(16), np.int64(47), np.int64(8), np.int64(55), np.int64(40), np.int64(61), np.int64(34), np.int64(12), np.int64(40), np.int64(0), np.int64(29), np.int64(6), np.int64(24), np.int64(43), np.int64(57), np.int64(5), np.int64(54), np.int64(21), np.int64(44), np.int64(18), np.int64(1), np.int64(36), np.int64(61), np.int64(23), np.int64(33), np.int64(58), np.int64(39), np.int64(8), np.int64(43), np.int64(32), np.int64(38)]","[np.int64(15), np.int64(46), np.int64(24), np.int64(55), np.int64(3), np.int64(58), np.int64(48), np.int64(61), np.int64(6), np.int64(56), np.int64(46), np.int64(35), np.int64(37), np.int64(9), np.int64(5), np.int64(61), np.int64(56), np.int64(38), np.int64(3), np.int64(46), np.int64(44), np.int64(10), np.int64(46), np.int64(46), np.int64(5), np.int64(53), np.int64(45), np.int64(62), np.int64(55), np.int64(1), np.int64(21), np.int64(61), np.int64(8), np.int64(11), np.int64(4), np.int64(43), np.int64(51), np.int64(2), np.int64(22), np.int64(27), np.int64(28), np.int64(2), np.int64(19), np.int64(14), np.int64(13), np.int64(55), np.int64(13), np.int64(42), np.int64(54), np.int64(48), np.int64(50), np.int64(23), np.int64(11), np.int64(43), np.int64(1), np.int64(46), np.int64(42), np.int64(47), np.int64(15), np.int64(61), np.int64(28), np.int64(20), np.int64(57), np.int64(49)]",False,False,0.0,0.0,"[46 42 14 18 15 31 15  4 27 31 31 31 42 27 15 15 15 59 15 42 14 27 57 15
 63  6 59 15 31  6  6 15  4 27 46  4 59 18 59 27 16 14 15 18 15 18 15 14
  6 23 42 42 27 55 31 15 55 15 63 15  6  4 46 15]","[55 18 44 18 15 31 15 55 27 23 31 59  4 63 15 15 15 59 15 44 14 27 23 15
 16  6 27 15 31  6 23 15 59 31 59  6 59 46 59 31 16 14 15 59 15 18 15 14
 57 14 42 42 27 42  6 15  6 15 55 15  6  4 16 15]",True,True,1.0,1.0,"[ 4 18 14 14 15  6 15  4 14  4 31 18  4 27 15 15 15  4 15 14  6 27 23 15
 16  6 16 15  4  6  6 15  4 14 46  4 59 16  6  6 16  4 15  4 15 18 15  4
  6  6 16 42 27 42  6 15  6 15 23 15  6  4 16 15]","[ 4 42 44 14 15 42 15  4 14 23 46 59  4 44 15 15 15 14 15 14 14 27 57 15
 16  6 27 15  4  6  6 15  4 14 59 57 59 57 44 57 16 14 15  4 15 18 15 14
  6  6 23 42 42 42 63 15 42 15 42 15  6  4 16 15]",True,True,1.0,1.0
[1 0 0 ... 0 0 1],63,"[ 8 23 37 12 63 12 56 63 63 63 23 63 63 37 60 34 12  7 63  9 55 56 63 63
 25 63 48  9 63 18 37 48 11  7 25 48 38 63 63 57 63 25  8 25  7 22 18 28
 63 23  8  9 40  4 23 63 63 63 37  7 63 38 40 63]","[57  7 60 37 63 12 38 63 63 63 28 63 63 25 48 34 22 40 63 48 25  7 63 63
 22 63 25 48 63 18 23  4 57  7 25 48 56 63 63 57 63 38 60 25 55 60 25 55
 63 23 40 38  7 23  9 63 63 63 48 23 63 12 40 63]",True,True,1.0,1.0,"[np.int64(56), np.int64(42), np.int64(38), np.int64(57), np.int64(56), np.int64(10), np.int64(44), np.int64(4), np.int64(38), np.int64(44), np.int64(32), np.int64(38), np.int64(28), np.int64(16), np.int64(10), np.int64(16), np.int64(34), np.int64(48), np.int64(33), np.int64(51), np.int64(19), np.int64(24), np.int64(24), np.int64(53), np.int64(35), np.int64(33), np.int64(38), np.int64(31), np.int64(42), np.int64(26), np.int64(62), np.int64(29), np.int64(35), np.int64(59), np.int64(43), np.int64(60), np.int64(49), np.int64(5), np.int64(59), np.int64(51), np.int64(37), np.int64(18), np.int64(47), np.int64(54), np.int64(5), np.int64(29), np.int64(25), np.int64(14), np.int64(6), np.int64(45), np.int64(30), np.int64(4), np.int64(7), np.int64(1), np.int64(42), np.int64(59), np.int64(5), np.int64(2), np.int64(55), np.int64(61), np.int64(47), np.int64(46), np.int64(15), np.int64(46)]","[np.int64(52), np.int64(1), np.int64(31), np.int64(23), np.int64(16), np.int64(0), np.int64(2), np.int64(63), np.int64(0), np.int64(21), np.int64(25), np.int64(22), np.int64(31), np.int64(8), np.int64(56), np.int64(0), np.int64(44), np.int64(63), np.int64(33), np.int64(23), np.int64(29), np.int64(10), np.int64(52), np.int64(57), np.int64(40), np.int64(42), np.int64(10), np.int64(34), np.int64(4), np.int64(34), np.int64(54), np.int64(27), np.int64(39), np.int64(57), np.int64(2), np.int64(7), np.int64(6), np.int64(2), np.int64(24), np.int64(47), np.int64(27), np.int64(40), np.int64(43), np.int64(34), np.int64(33), np.int64(45), np.int64(14), np.int64(27), np.int64(32), np.int64(1), np.int64(24), np.int64(45), np.int64(58), np.int64(4), np.int64(54), np.int64(41), np.int64(30), np.int64(19), np.int64(12), np.int64(13), np.int64(5), np.int64(20), np.int64(1), np.int64(51)]",False,False,0.0,0.0,"[57  4 37 12 63 12 56 63 63 63 23 63 63 48 48 21 22  9 63 48  8  4 63 63
 38 63 40  9 63 28 37  4 57  7 48 48 56 63 63 57 63 25 40  8 28  4 56  9
 63 23 22 56  4  4  8 63 63 63 56  7 63 38 40 63]","[57 25 18 60 63 37 56 63 63 63 23 63 63 28 48  0 22 37 63 38 48  9 63 63
 25 63 11 48 63 37 57  4 57 23 48 48 56 63 63 38 63 57 37 57 11 60 38 55
 63 37 38 55  4 23 37 63 63 63 48  7 63 60 40 63]",True,True,1.0,1.0,"[ 8  4  8  9 63  9  4 63 63 63 23 63 63  7 18  0 12  9 63  4  8  4 63 63
  7 63  4  9 63  9 12  4 11  7  4 18 11 63 63  4 63 25  8  7  7  4 18  9
 63 23  8  9  4  4  4 63 63 63 37  7 63  8 22 63]","[57  7 48 60 63  9 11 63 63 63 23 63 63 25 48 33 12  7 63 38 48 56 63 63
  7 63 48 48 63 22 48 48 57 48 25 48 11 63 63 38 63 38 60 57  7  4 38 55
 63 23 22 11  7  4 38 63 63 63 48  7 63  7 22 63]",True,True,1.0,1.0
[0 1 0 ... 0 1 0],58,"[ 7 58 51 15 33 29 25 58 17 17 47 51 58 55 58 58 47 58 15 44 47 58 15 29
 33 58 21 55 33 58 25 58  1 58 33 51 14  7  7 31 25 44 51 21 58 51 14 58
 33 51  1 58 55 12 15 58 44 51 58 12  7 51 14 51]","[14 58  1  7 33 21 31 58 17 17 51 51 58 17 58 58 47 58 21  1 44 58 25 31
 44 58  7 14 33 58 15 58 51 58 14 47 47  7 14 47 33 47  1 47 58 33 51 58
 47 21 14 58 31  7 15 58 14 44 58 12  7 51 31 21]",True,True,1.0,1.0,"[np.int64(29), np.int64(5), np.int64(39), np.int64(12), np.int64(10), np.int64(40), np.int64(35), np.int64(24), np.int64(10), np.int64(15), np.int64(11), np.int64(48), np.int64(62), np.int64(22), np.int64(8), np.int64(58), np.int64(22), np.int64(42), np.int64(54), np.int64(30), np.int64(9), np.int64(36), np.int64(14), np.int64(58), np.int64(52), np.int64(6), np.int64(4), np.int64(43), np.int64(10), np.int64(55), np.int64(15), np.int64(30), np.int64(12), np.int64(18), np.int64(26), np.int64(53), np.int64(56), np.int64(60), np.int64(56), np.int64(60), np.int64(41), np.int64(17), np.int64(21), np.int64(51), np.int64(43), np.int64(54), np.int64(26), np.int64(17), np.int64(26), np.int64(32), np.int64(53), np.int64(18), np.int64(51), np.int64(26), np.int64(59), np.int64(46), np.int64(47), np.int64(37), np.int64(4), np.int64(40), np.int64(24), np.int64(32), np.int64(58), np.int64(52)]","[np.int64(56), np.int64(20), np.int64(49), np.int64(58), np.int64(16), np.int64(19), np.int64(5), np.int64(57), np.int64(36), np.int64(47), np.int64(21), np.int64(32), np.int64(27), np.int64(16), np.int64(61), np.int64(33), np.int64(1), np.int64(3), np.int64(47), np.int64(34), np.int64(11), np.int64(46), np.int64(55), np.int64(61), np.int64(42), np.int64(24), np.int64(1), np.int64(49), np.int64(50), np.int64(38), np.int64(23), np.int64(20), np.int64(32), np.int64(4), np.int64(12), np.int64(29), np.int64(13), np.int64(41), np.int64(35), np.int64(9), np.int64(26), np.int64(44), np.int64(44), np.int64(24), np.int64(34), np.int64(33), np.int64(52), np.int64(22), np.int64(41), np.int64(36), np.int64(40), np.int64(48), np.int64(19), np.int64(5), np.int64(15), np.int64(44), np.int64(18), np.int64(51), np.int64(62), np.int64(25), np.int64(62), np.int64(62), np.int64(36), np.int64(2)]",False,False,0.0,0.0,"[14 58 31 31  1  1 31 58 15 44 51 51 58 55 58 58 12 58  7  1 47 58 25 12
 33 58  7 25 25 58 15 58  1 58 33 51 47 33 14 31 25 25 47 29 58 47 47 58
 33 51 55 58 33 25 15 58 14 44 58 12 51 44 31  7]","[ 7 58 51 15 33 29  7 58 17 17 55 51 58  7 58 58 47 58 21  1 44 58 25 29
 44 58  7 55 55 58 15 58 51 58 14 51 51 33 14 47  7 44 47 47 58 47 47 58
  7 21 51 58 55  1 14 58 14 51 58 12 47 44 47 17]",True,True,1.0,1.0,"[ 1 58  1  7  1  1  7 58 15 17 29 12 58  7 58 58 12 58  7  1 44 58 15 12
 21 58  7  1  7 58 15 58  1 58 14 31  7  7  7 12  7 25  1 14 58 15 14 58
  1  1  1 58 31  1 14 58  7 15 58 12  1 44 14  7]","[47 58 29  7 33 29  7 58 21 44 47 12 58 21 58 58 47 58 21  7 44 58 25 29
 21 58 31 55  7 58 15 58  1 58 31 47 31  7  7 47 21 47 47 21 58 47 47 58
 47 21 55 58 47  1 15 58  7 21 58 12  1 47 47 21]",True,True,1.0,1.0
[0 0 0 ... 0 1 0],40,"[40 50 62 50 50 45 57 51  0 43 45 51 40 58 43 39 45 21 50 63 50 40 24 40
 40 28 58 43 40 12 28 53 24 23 43 24 60 51 50 40 40 21 57 40 45 40  0 57
 58 60 40 40 58 40 50 12 57 40 40 43 40 28 40 40]","[40 50 12 60 60 45 28 51 53 45 62 39 40 58 58 53 45 23 28 63 60 40 24 40
 40 45 58 51 40 63 58 57  0 51 43 51 23 58 50 40 40 60 50 40 45 40 21 57
 45 60 40 40 62 40 45  0 43 40 40 21 40 39 40 40]",True,True,1.0,1.0,"[np.int64(15), np.int64(20), np.int64(5), np.int64(32), np.int64(53), np.int64(32), np.int64(9), np.int64(34), np.int64(17), np.int64(33), np.int64(8), np.int64(23), np.int64(20), np.int64(52), np.int64(6), np.int64(15), np.int64(34), np.int64(2), np.int64(4), np.int64(7), np.int64(18), np.int64(35), np.int64(42), np.int64(12), np.int64(38), np.int64(62), np.int64(53), np.int64(34), np.int64(51), np.int64(53), np.int64(1), np.int64(55), np.int64(2), np.int64(2), np.int64(63), np.int64(31), np.int64(42), np.int64(62), np.int64(2), np.int64(63), np.int64(0), np.int64(9), np.int64(23), np.int64(22), np.int64(29), np.int64(43), np.int64(2), np.int64(38), np.int64(57), np.int64(38), np.int64(57), np.int64(39), np.int64(8), np.int64(62), np.int64(58), np.int64(25), np.int64(4), np.int64(12), np.int64(16), np.int64(54), np.int64(43), np.int64(32), np.int64(26), np.int64(31)]","[np.int64(34), np.int64(55), np.int64(56), np.int64(26), np.int64(17), np.int64(61), np.int64(28), np.int64(9), np.int64(36), np.int64(58), np.int64(49), np.int64(29), np.int64(55), np.int64(62), np.int64(38), np.int64(22), np.int64(19), np.int64(23), np.int64(49), np.int64(27), np.int64(1), np.int64(5), np.int64(48), np.int64(3), np.int64(40), np.int64(21), np.int64(60), np.int64(43), np.int64(17), np.int64(4), np.int64(14), np.int64(54), np.int64(62), np.int64(13), np.int64(8), np.int64(4), np.int64(47), np.int64(36), np.int64(37), np.int64(42), np.int64(14), np.int64(45), np.int64(22), np.int64(48), np.int64(5), np.int64(13), np.int64(56), np.int64(34), np.int64(46), np.int64(54), np.int64(4), np.int64(41), np.int64(49), np.int64(11), np.int64(3), np.int64(4), np.int64(49), np.int64(55), np.int64(14), np.int64(52), np.int64(50), np.int64(29), np.int64(51), np.int64(39)]",False,False,0.0,0.0,"[40 50 12 60 60 60 53 51 51 45 45 23 40 43 39 39 21 23 28 63 50 40 62 40
 40 45 50 62 40 12 58 24 28 12 39 50 43 51 63 40 40 58 50 40 53 40 21 57
 21 43 40 40 58 40 21 12 21 40 40 21 40 23 40 40]","[40 50 60 21 50 60 50 51 12 45 12 51 40 58 58 23 57 23 60 63 50 40 62 40
 40 45 58 51 40 63 58 51 28 23 43 50 51 58 50 40 40 43 63 40 50 40 57 57
 58 28 40 40 62 40 50 12 28 40 40 57 40 23 40 40]",True,True,1.0,1.0,"[40 24 12 12 24 28 24 43  0 28 12 23 40 12 12  0 21 21  0 63 50 40 24 40
 40 28 50 21 40 12  0 24  0 12 39 24 23 58 39 40 40  0 28 40 45 40  0 43
 21 12 40 40 58 40  0  0 12 40 40 21 40 24 40 40]","[40 50 60 12 50 28 50 45 12 45 12 39 40 12 39 53 21 21 60 63 50 40 57 40
 40 45 50 21 40 12 58 45 51 12 39 39 50 51 50 40 40  0 50 40 45 40 50 57
 21 60 40 40 58 40 50  0 63 40 40 50 40 39 40 40]",True,True,1.0,1.0
[0 0 0 ... 0 0 0],23,"[23 23  3 23  0 18 49 22 29  3 40 28  3 40  1 17 55 23 23 29  3 40 23 23
 22 49 17 17 23 23  3 42  1 49 22 29 40 42 62 52 23 55 23  3  1 32 42 40
  0 23 18  0 23 22 49 23 22  3 28 22 17 17 23  0]","[23 23 28 23 49 18 18 18  3 55 40 28 18 40 49 28  3 23 23 29  3  1 23 23
 52 62 17 18 23 23  0 42 49 49 22  3 18 22 62  1 23  3 23 62  1  2 49 49
  0 23 40 49 23 22 40 23 29  3 49 55 28  0 23  3]",True,True,1.0,1.0,"[np.int64(36), np.int64(19), np.int64(45), np.int64(61), np.int64(6), np.int64(33), np.int64(63), np.int64(26), np.int64(23), np.int64(11), np.int64(20), np.int64(34), np.int64(2), np.int64(37), np.int64(37), np.int64(5), np.int64(11), np.int64(10), np.int64(35), np.int64(21), np.int64(0), np.int64(62), np.int64(49), np.int64(29), np.int64(26), np.int64(32), np.int64(23), np.int64(51), np.int64(2), np.int64(14), np.int64(20), np.int64(62), np.int64(40), np.int64(22), np.int64(25), np.int64(27), np.int64(47), np.int64(47), np.int64(9), np.int64(24), np.int64(36), np.int64(14), np.int64(23), np.int64(58), np.int64(18), np.int64(11), np.int64(57), np.int64(43), np.int64(27), np.int64(49), np.int64(54), np.int64(14), np.int64(22), np.int64(5), np.int64(23), np.int64(31), np.int64(20), np.int64(19), np.int64(41), np.int64(35), np.int64(12), np.int64(53), np.int64(39), np.int64(22)]","[np.int64(48), np.int64(27), np.int64(58), np.int64(42), np.int64(62), np.int64(60), np.int64(32), np.int64(14), np.int64(1), np.int64(51), np.int64(61), np.int64(52), np.int64(39), np.int64(9), np.int64(6), np.int64(4), np.int64(57), np.int64(31), np.int64(54), np.int64(32), np.int64(15), np.int64(48), np.int64(11), np.int64(32), np.int64(13), np.int64(28), np.int64(14), np.int64(1), np.int64(54), np.int64(13), np.int64(9), np.int64(21), np.int64(53), np.int64(47), np.int64(27), np.int64(61), np.int64(57), np.int64(59), np.int64(22), np.int64(15), np.int64(4), np.int64(2), np.int64(32), np.int64(51), np.int64(27), np.int64(44), np.int64(10), np.int64(26), np.int64(25), np.int64(37), np.int64(59), np.int64(9), np.int64(2), np.int64(16), np.int64(44), np.int64(5), np.int64(24), np.int64(62), np.int64(7), np.int64(13), np.int64(19), np.int64(46), np.int64(22), np.int64(42)]",False,False,0.0,0.0,"[23 23 62 23 28 40  1 18 29  0 55  0 18 40 49 28  0 23 23  3  3 49 23 23
 52 62 28 17 23 23 42 40 17 49 22 29 17 22 62 62 23  3 23 28 22  2 17 49
  0 23 40 28 23 22 40 23 55 42 17 18 18 17 23 49]","[23 23 28 23  0 62 49 29 18  0  1 28  3 40 62 29 49 23 23 62  0  1 23 23
 22 49 40 17 23 23 28 42 28 49 22 29 18 22 28 28 23  1 23 62  1 60 49 55
 42 23 18  1 23 52 49 23 55  3 17 22 17  0 23 40]",True,True,1.0,1.0,"[23 23  3 23  0  1  0 18  3  0  1  0  3 40  1 17  0 23 23  3  3  1 23 23
 22 28 17 18 23 23  1 40  1 49 22  3 17 22  1  1 23  3 23  0  1  2 17 40
  0 23  0  1 23 22 40 23 17  3 17 18 17  0 23  0]","[23 23 28 23 28 18 28 29 29 40  1 28  3 40 49 28  0 23 23 29  3 40 23 23
 22 28 28 18 23 23 28 42 28 49 22 22 18 22 28 28 23  1 23 28 29 60 42 40
 42 23 40 28 23 22 40 23 28 42 28 22 28  0 23 29]",True,True,1.0,1.0
[1 0 0 ... 1 0 0],32,"[32 32 62 31 12 47 32  6 49 35  1 32 32  6 32 54 25 62 42 32 39 42  6 32
 42 32 53 53 29 32 33 32 32 32 39 32 32 33 25 32  1 47 32  6 54 11 35 32
 19 32 49 32 42 32 32 61 32 51 36 53 14 32 32 61]","[32 32 14 31 49 11 32  6 51 19  1 32 32  6 32  1 23  6 36 32 62 33 51 32
 25 32 35 53 47 32 62 32 32 32 47 32 32 36  0 32 47 62 32 53 12 35 39 32
 54 32 56 32 53 32 32 35 32 62 39 11 47 32 32 49]",True,True,1.0,1.0,"[np.int64(37), np.int64(57), np.int64(22), np.int64(45), np.int64(47), np.int64(45), np.int64(41), np.int64(29), np.int64(8), np.int64(0), np.int64(63), np.int64(36), np.int64(46), np.int64(22), np.int64(42), np.int64(1), np.int64(58), np.int64(45), np.int64(57), np.int64(24), np.int64(53), np.int64(22), np.int64(25), np.int64(56), np.int64(17), np.int64(56), np.int64(40), np.int64(34), np.int64(40), np.int64(29), np.int64(35), np.int64(8), np.int64(6), np.int64(7), np.int64(49), np.int64(5), np.int64(54), np.int64(48), np.int64(14), np.int64(58), np.int64(17), np.int64(33), np.int64(41), np.int64(34), np.int64(52), np.int64(12), np.int64(58), np.int64(30), np.int64(35), np.int64(52), np.int64(8), np.int64(5), np.int64(50), np.int64(55), np.int64(56), np.int64(63), np.int64(8), np.int64(20), np.int64(24), np.int64(62), np.int64(39), np.int64(2), np.int64(49), np.int64(60)]","[np.int64(52), np.int64(38), np.int64(27), np.int64(13), np.int64(15), np.int64(59), np.int64(32), np.int64(36), np.int64(56), np.int64(43), np.int64(55), np.int64(10), np.int64(40), np.int64(27), np.int64(39), np.int64(3), np.int64(39), np.int64(25), np.int64(56), np.int64(57), np.int64(26), np.int64(14), np.int64(7), np.int64(45), np.int64(29), np.int64(59), np.int64(14), np.int64(15), np.int64(27), np.int64(27), np.int64(35), np.int64(57), np.int64(29), np.int64(16), np.int64(6), np.int64(32), np.int64(49), np.int64(2), np.int64(55), np.int64(17), np.int64(52), np.int64(43), np.int64(1), np.int64(53), np.int64(6), np.int64(33), np.int64(20), np.int64(3), np.int64(63), np.int64(59), np.int64(43), np.int64(61), np.int64(4), np.int64(11), np.int64(24), np.int64(0), np.int64(11), np.int64(8), np.int64(45), np.int64(53), np.int64(22), np.int64(44), np.int64(52), np.int64(17)]",False,False,0.0,0.0,"[32 32 42 54 49 53 32 54 54 39 56 32 32  6 32 29 53 62 29 32 14 39 19 32
 25 32 54 53  1 32  1 32 32 32 33 32 32 33 25 32  6 49 32  6 47 35 53 32
 35 32 49 32 47 32 32 35 32 62 35 11 39 32 32 31]","[32 32 62 31 36 53 32  6 33  6 56 32 32 47 32 36 31 35 12 32 29  0 53 32
 25 32 23 49  1 32 62 32 32 32 47 32 32 36  0 32  1 29 32 12 23 11 53 32
 36 32 49 32 42 32 32 23 32 47 39 19 39 32 32 31]",True,True,1.0,1.0,"[32 32  6 23  1 11 32  6 36  6  1 32 32  0 32  1 19  0  1 32 14  0  6 32
 14 32 23 42  1 32  1 32 32 32 12 32 32  6  0 32  1  0 32  6  1 11  0 32
 19 32 33 32 14 32 32  6 32 14 36 11 14 32 32 14]","[32 32 12 29 36 47 32 12 36  6 36 32 32 47 32 54 23  6 36 32 62 23 12 32
 25 32 53 53 47 32 33 32 32 32 47 32 32 33  0 32  1 47 32 12 47 35 53 32
 33 32 33 32 47 32 32 47 32 47 36 53 47 32 32 36]",True,True,1.0,1.0
