As,Source_Nodes,Categorical_Model_Trees,Categorical_True_Trees,Categorical_Model_Mask,Categorical_True_Mask,Categorical_Model_Accuracy,Categorical_True_Accuracy,Random_Model_Trees,Random_True_Trees,Random_Model_Mask,Random_True_Mask,Random_Model_Accuracy,Random_True_Accuracy,Prim_Model_Trees,Prim_True_Trees,Prim_Model_Mask,Prim_True_Mask,Prim_Model_Accuracy,Prim_True_Accuracy,Beam_Model_Trees,Beam_True_Trees,Beam_Model_Mask,Beam_True_Mask,Beam_Model_Accuracy,Beam_True_Accuracy,Categorical_Model_Uniques,Categorical_Model_Valids_Uniques,Categorical_Model_Valids,Categorical_Model_Unique_Counts,Categorical_Model_Valid_Unique_Counts,Categorical_Model_Valid_Counts,Categorical_True_Uniques,Categorical_True_Valids_Uniques,Categorical_True_Valids,Categorical_True_Unique_Counts,Categorical_True_Valid_Unique_Counts,Categorical_True_Valid_Counts,Random_Model_Uniques,Random_Model_Valids_Uniques,Random_Model_Valids,Random_Model_Unique_Counts,Random_Model_Valid_Unique_Counts,Random_Model_Valid_Counts,Random_True_Uniques,Random_True_Valids_Uniques,Random_True_Valids,Random_True_Unique_Counts,Random_True_Valid_Unique_Counts,Random_True_Valid_Counts,Prim_Model_Uniques,Prim_Model_Valids_Uniques,Prim_Model_Valids,Prim_Model_Unique_Counts,Prim_Model_Valid_Unique_Counts,Prim_Model_Valid_Counts,Prim_True_Uniques,Prim_True_Valids_Uniques,Prim_True_Valids,Prim_True_Unique_Counts,Prim_True_Valid_Unique_Counts,Prim_True_Valid_Counts,Beam_Model_Uniques,Beam_Model_Valids_Uniques,Beam_Model_Valids,Beam_Model_Unique_Counts,Beam_Model_Valid_Unique_Counts,Beam_Model_Valid_Counts,Beam_True_Uniques,Beam_True_Valids_Uniques,Beam_True_Valids,Beam_True_Unique_Counts,Beam_True_Valid_Unique_Counts,Beam_True_Valid_Counts
"[0 0 1 0 0 0 1 1 0 1 0 1 0 0 0 0 0 1 0 0 0 0 0 0 0 0 1 0 0 0 0 0 1 0 0 1 1
 0 0 0 0 0 1 0 0 0 0 1 0 0 1 0 0 0 0 1 0 0 1 0 1 0 0 0 0 0 1 0 0 1 0 1 0 0
 0 1 0 1 0 0 0 0 0 0 1 0 1 0 1 0 0 0 1 0 1 0 1 0 0 0 0 1 0 0 0 0 0 0 0 1 0
 0 1 0 0 1 1 0 0 1 0 0 1 0 0 0 1 1 0 0 0 0 0 1 0 0 1 0 0 0 0 0 0 0 1 0 0 0
 0 0 0 0 0 1 0 0 1 1 1 0 0 1 1 1 0 0 0 1 0 0 1 0 0 0 1 0 1 0 0 0 1 0 0 0 0
 0 0 0 0 0 0 0 0 0 0 1 0 1 0 0 0 1 0 0 0 0 0 1 0 0 0 0 1 0 1 0 0 1 0 0 0 0
 0 1 0 0 0 0 0 1 0 1 0 1 1 0 0 0 0 0 0 0 1 0 0 0 0 1 0 0 0 0 1 1 0 0]",0,[ 0 10  0  7  7  6  0  0  5  0  2  0  9  9  9  7],[ 0 10  0  7  2  6  0  0  5  0  7  0  9  6  9  7],False,False,0.5,0.578125,"[np.int64(10), np.int64(9), np.int64(0), np.int64(2), np.int64(15), np.int64(11), np.int64(8), np.int64(13), np.int64(8), np.int64(7), np.int64(15), np.int64(4), np.int64(7), np.int64(5), np.int64(15), np.int64(0)]","[np.int64(14), np.int64(14), np.int64(12), np.int64(12), np.int64(8), np.int64(10), np.int64(12), np.int64(14), np.int64(13), np.int64(9), np.int64(13), np.int64(10), np.int64(11), np.int64(11), np.int64(5), np.int64(0)]",False,False,0.0,0.0,[ 0 10  0  2  7  6  0  0  5  0  2  0  9  9  9  7],[ 0 10  0  7 11  6  0  0  5  0  7  0  9  9  9  2],False,False,0.46875,0.515625,[ 0 10  0  2 11  6  0  0  5  0  2  0  9  6  9  2],[ 0 10  0  2 11  6  0  0  5  0  2  0  9  9  9  2],True,True,0.640625,0.875,0.96,0.125,0.12,24,3,3,0.88,0.13636363636363635,0.12,22,3,3,1.0,0.0,0.0,25,0,0,1.0,0.0,0.0,25,0,0,0.84,0.14285714285714285,0.16,21,3,4,0.88,0.18181818181818182,0.16,22,4,4,0.04,1.0,1.0,1,1,25,0.04,1.0,1.0,1,1,25
"[0 0 0 0 0 0 1 0 1 0 0 0 0 0 0 0 0 0 0 1 0 0 0 0 0 0 0 0 0 0 0 0 0 0 1 0 0
 1 0 0 0 1 0 1 1 0 0 0 0 1 0 0 0 0 0 0 0 1 1 0 0 1 0 1 0 0 0 0 0 1 1 1 0 0
 0 0 0 1 0 0 0 0 1 0 1 1 1 0 0 1 0 1 0 0 1 0 1 0 0 0 1 1 1 0 0 1 0 0 0 0 0
 1 0 0 0 0 1 0 0 0 1 0 0 0 0 1 0 1 1 0 0 0 0 0 0 1 0 0 0 1 0 1 0 1 0 0 1 1
 0 1 1 0 0 1 0 1 0 1 0 0 0 0 0 1 0 0 0 0 0 0 0 1 0 0 0 1 0 0 1 0 0 1 0 0 1
 1 1 0 0 0 0 1 0 0 1 0 0 0 0 0 0 0 0 0 0 0 0 0 0 0 0 1 1 0 0 1 1 1 0 0 0 0
 0 0 0 0 0 0 0 1 0 0 0 0 0 0 0 0 0 0 0 0 0 1 0 0 1 1 1 0 1 1 0 0 0 1]",15,[ 6  3 11 15  7 11 15 15 15  3 15 15  2  8  5 15],[ 8  3 11 15  6 11 15 15 15  3 15 15  2  8  5 15],False,True,0.5,0.578125,"[np.int64(6), np.int64(14), np.int64(9), np.int64(10), np.int64(10), np.int64(8), np.int64(11), np.int64(3), np.int64(9), np.int64(11), np.int64(9), np.int64(15), np.int64(6), np.int64(3), np.int64(13), np.int64(6)]","[np.int64(0), np.int64(6), np.int64(8), np.int64(2), np.int64(4), np.int64(7), np.int64(2), np.int64(2), np.int64(10), np.int64(0), np.int64(10), np.int64(7), np.int64(8), np.int64(10), np.int64(1), np.int64(10)]",False,False,0.0,0.0,[ 8  3 11 15  6  6 15 15 15 11 15 15  2  3  5 15],[ 8  3 11 15  6 11 15 15 15  6 15 15  2  7  5 15],False,False,0.46875,0.515625,[ 8  3 11 15  6 11 15 15 15 11 15 15  2  7  5 15],[ 6  3 11 15  6  6 15 15 15  6 15 15  2  8  5 15],False,True,0.640625,0.875,0.84,0.42857142857142855,0.4,21,9,10,0.64,0.5,0.56,16,8,14,1.0,0.0,0.0,25,0,0,1.0,0.0,0.0,25,0,0,0.84,0.6666666666666666,0.68,21,14,17,0.72,0.3888888888888889,0.4,18,7,10,0.04,0.0,0.0,1,0,0,0.04,1.0,1.0,1,1,25
"[1 0 0 0 1 0 1 0 1 0 0 0 0 0 1 0 0 0 0 1 0 0 0 0 0 0 0 1 1 0 1 0 0 0 0 0 0
 0 0 1 0 0 1 1 1 0 1 1 0 1 0 1 0 0 1 0 1 0 0 0 1 1 1 0 1 0 0 0 0 0 0 0 1 0
 0 0 1 0 0 0 0 0 0 0 0 0 0 0 1 0 0 0 0 0 0 0 1 0 0 1 0 0 1 1 0 0 0 0 0 0 0
 0 0 0 1 0 0 0 1 0 0 0 0 1 0 0 0 0 1 0 0 1 1 1 0 0 1 0 0 0 0 1 0 0 0 0 0 0
 0 0 0 0 0 0 0 1 1 0 0 0 0 0 1 0 0 0 0 0 0 0 1 0 0 0 0 1 0 1 1 0 0 0 0 1 0
 1 0 1 0 1 0 0 0 1 1 1 1 0 0 0 0 1 0 0 1 1 0 0 0 0 0 1 0 0 0 0 1 0 0 1 1 0
 1 0 1 1 1 1 0 0 0 0 0 0 0 0 0 1 0 0 0 0 1 0 0 0 0 0 0 0 1 0 0 0 0 0]",14,[14 14 14 14  0  8  0  2  3 11  2 13  2 14 14  2],[14 14 14 14  0  8  0  2 13 11  2  2  1 14 14  2],False,False,0.5,0.578125,"[np.int64(8), np.int64(12), np.int64(12), np.int64(15), np.int64(1), np.int64(14), np.int64(1), np.int64(9), np.int64(2), np.int64(15), np.int64(0), np.int64(15), np.int64(1), np.int64(13), np.int64(4), np.int64(1)]","[np.int64(13), np.int64(6), np.int64(7), np.int64(11), np.int64(0), np.int64(2), np.int64(2), np.int64(5), np.int64(13), np.int64(4), np.int64(3), np.int64(11), np.int64(15), np.int64(9), np.int64(11), np.int64(13)]",False,False,0.0,0.0,[14 14 14 14  0  8  3  2  0 12  2 13  3 14 14  2],[14 14 14 14  0  8  0  2 13 12  2 13 13 14 14  2],False,True,0.46875,0.515625,[14 14 14 14  0  8  0  2 13 12  2  2 13 14 14  2],[14 14 14 14  0  8  0  2  0 12  2  1  1 14 14  2],False,True,0.640625,0.875,0.96,0.2916666666666667,0.28,24,7,7,0.92,0.30434782608695654,0.28,23,7,7,1.0,0.0,0.0,25,0,0,1.0,0.0,0.0,25,0,0,0.92,0.17391304347826086,0.2,23,4,5,0.96,0.16666666666666666,0.16,24,4,4,0.04,0.0,0.0,1,0,0,0.04,1.0,1.0,1,1,25
"[1 0 0 0 0 0 0 1 0 0 0 1 0 0 0 0 0 1 1 1 1 0 0 0 0 1 0 0 0 0 0 0 0 1 1 1 0
 1 0 0 0 1 1 0 0 0 0 0 0 1 1 1 0 0 0 0 0 0 0 0 0 0 0 1 0 1 0 0 0 0 0 0 0 0
 0 0 0 0 0 0 0 0 1 0 0 0 0 0 0 1 0 0 0 1 1 0 0 0 0 0 0 0 0 0 1 0 0 0 0 0 0
 0 1 0 0 0 0 0 0 0 0 0 0 1 0 0 0 1 0 0 0 0 0 0 1 0 0 0 0 1 0 0 0 0 0 1 1 0
 0 1 0 0 0 1 0 0 0 0 0 0 0 0 1 0 0 0 0 0 0 0 0 0 0 0 0 0 1 0 0 0 0 0 0 1 1
 0 0 1 1 0 1 1 0 0 0 0 0 0 0 0 0 0 0 1 1 0 0 0 0 0 0 0 0 1 0 0 0 0 0 0 0 1
 0 0 0 0 0 0 0 1 0 0 0 0 0 1 0 0 1 0 0 0 0 1 0 0 0 1 0 0 0 1 0 0 0 1]",7,[ 7  3  3 15  1 14  8  7 11  2  2  7 11  5 11  7],[ 7  3  3 15  1 14  8  7 11  1  2  7 11  5 11  7],True,True,0.5,0.578125,"[np.int64(3), np.int64(12), np.int64(10), np.int64(4), np.int64(12), np.int64(0), np.int64(14), np.int64(7), np.int64(12), np.int64(10), np.int64(6), np.int64(5), np.int64(5), np.int64(12), np.int64(2), np.int64(0)]","[np.int64(15), np.int64(3), np.int64(6), np.int64(7), np.int64(5), np.int64(11), np.int64(8), np.int64(14), np.int64(5), np.int64(9), np.int64(0), np.int64(14), np.int64(8), np.int64(9), np.int64(2), np.int64(8)]",False,False,0.0,0.0,[ 7  3  3 15  1 14  8  7 11  1  2  7 11  5 11  7],[ 7  3  3 15  1 14  8  7 11  5  2  7 11  5 11  7],True,True,0.46875,0.515625,[ 7  3  3 15  1 14  8  7 11  2  2  7 11  5 11  7],[ 7  3  3 15  1 14  8  7 11  5  2  7 11  5 11  7],True,True,0.640625,0.875,0.12,1.0,1.0,3,3,25,0.12,1.0,1.0,3,3,25,1.0,0.0,0.0,25,0,0,1.0,0.0,0.0,25,0,0,0.16,0.75,0.96,4,3,24,0.12,1.0,1.0,3,3,25,0.04,1.0,1.0,1,1,25,0.04,1.0,1.0,1,1,25
"[1 1 1 0 0 0 0 0 1 0 0 0 1 0 0 0 1 0 0 0 0 1 0 1 0 0 0 0 0 1 0 1 1 0 0 0 0
 0 0 1 0 0 0 0 0 0 0 0 0 0 0 1 0 0 0 1 0 0 1 1 1 0 0 0 0 0 0 0 1 0 1 0 1 1
 1 1 1 0 0 0 0 1 0 0 0 1 1 1 0 0 0 0 0 0 1 0 0 0 0 0 1 1 0 1 0 1 0 0 1 0 0
 0 0 1 1 1 0 1 1 0 0 1 1 0 1 0 0 1 1 0 0 0 1 0 0 0 1 1 1 0 0 0 1 0 0 0 0 0
 1 0 1 1 1 1 0 0 0 0 0 1 0 0 0 1 1 0 0 1 1 0 0 0 0 0 0 0 0 0 0 1 1 0 0 0 0
 0 0 0 0 0 1 0 1 0 0 1 1 0 1 1 0 0 0 0 0 0 0 0 0 1 0 0 0 0 0 0 0 0 0 0 0 1
 0 0 0 0 0 0 0 1 0 0 1 0 0 1 0 0 0 0 0 1 0 0 0 0 0 1 0 1 0 0 0 0 0 1]",8,[ 8  0  0 10  8 14  9 10  8  8  8 14  0  1  8  9],[ 8  0  0 10  8 14  4 10  8  8  8  4  4  1  8  9],True,True,0.5,0.578125,"[np.int64(1), np.int64(0), np.int64(0), np.int64(8), np.int64(5), np.int64(3), np.int64(2), np.int64(9), np.int64(4), np.int64(10), np.int64(2), np.int64(11), np.int64(10), np.int64(7), np.int64(11), np.int64(14)]","[np.int64(2), np.int64(2), np.int64(3), np.int64(11), np.int64(7), np.int64(11), np.int64(15), np.int64(4), np.int64(1), np.int64(7), np.int64(14), np.int64(5), np.int64(8), np.int64(5), np.int64(9), np.int64(7)]",False,False,0.0,0.0,[ 8  0  0 10  8 14  4 10  8  8  8 14  0  1  8  9],[ 8  0  0 10  8 14  4  9  8  8  8  4  0  1  8  9],True,True,0.46875,0.515625,[ 8  0  0 10  8 14  9 10  8  8  8 14  4  1  8  9],[ 8  0  0 10  8 14  4 10  8  8  8  4  4  1  8  9],True,True,0.640625,0.875,0.56,1.0,1.0,14,14,25,0.44,1.0,1.0,11,11,25,1.0,0.0,0.0,25,0,0,1.0,0.0,0.0,25,0,0,0.52,1.0,1.0,13,13,25,0.44,1.0,1.0,11,11,25,0.04,1.0,1.0,1,1,25,0.04,1.0,1.0,1,1,25
"[0 0 1 0 0 0 0 1 0 0 0 1 0 0 0 1 0 1 1 0 0 0 0 0 0 0 0 0 0 0 0 0 1 1 1 0 0
 0 0 0 1 1 1 0 0 0 0 0 0 0 0 0 0 0 0 0 0 0 0 1 0 0 0 0 0 0 0 0 0 0 1 0 1 1
 0 1 0 1 0 1 0 0 0 0 0 1 0 0 1 0 0 0 0 0 1 0 0 0 0 0 1 0 1 0 0 0 0 1 0 0 0
 1 1 0 0 0 0 0 0 0 0 1 0 1 0 0 0 1 0 0 1 0 1 1 0 0 1 0 1 0 0 0 1 0 0 0 1 0
 1 0 0 1 0 0 0 0 0 0 1 1 0 0 1 0 0 0 0 0 1 0 1 1 0 1 0 0 1 0 0 1 1 0 1 1 0
 0 1 0 1 0 0 0 0 0 0 0 0 0 0 0 0 0 0 1 0 0 0 1 0 0 0 0 1 0 0 0 0 0 1 0 0 1
 0 0 0 0 0 0 0 1 0 0 1 1 0 0 0 0 0 0 1 0 0 0 1 0 1 1 0 1 0 0 1 0 0 1]",14,[ 2  2  9 11  8 14  4  9 14 14  8  4 15  4 14  9],[ 2  2  9 11  8 14  4  9 14 14  8  7 15  4 14  9],False,False,0.5,0.578125,"[np.int64(2), np.int64(1), np.int64(1), np.int64(15), np.int64(5), np.int64(10), np.int64(7), np.int64(0), np.int64(2), np.int64(8), np.int64(1), np.int64(8), np.int64(7), np.int64(15), np.int64(11), np.int64(7)]","[np.int64(1), np.int64(2), np.int64(3), np.int64(2), np.int64(1), np.int64(15), np.int64(15), np.int64(10), np.int64(15), np.int64(14), np.int64(12), np.int64(11), np.int64(11), np.int64(12), np.int64(2), np.int64(12)]",False,False,0.0,0.0,[ 7  2  9 11  8 14 15  9 14 14  8  7 15 10 14  9],[ 2  2  8 11  8 14  4  9 14 14  8  4 15  4 14  9],False,True,0.46875,0.515625,[ 7  2  9 11  9 14  4  9 14 14  8  7 15 10 14  9],[ 7  2  8 11  8 14  4  9 14 14  8  7 15  4 14  9],True,True,0.640625,0.875,0.96,0.125,0.12,24,3,3,0.76,0.2631578947368421,0.28,19,5,7,1.0,0.0,0.0,25,0,0,1.0,0.0,0.0,25,0,0,0.88,0.4090909090909091,0.4,22,9,10,0.92,0.43478260869565216,0.44,23,10,11,0.04,1.0,1.0,1,1,25,0.04,1.0,1.0,1,1,25
"[1 1 1 0 0 0 0 0 0 1 0 0 0 0 0 0 1 0 0 0 0 0 0 0 0 0 1 0 0 0 1 0 1 0 1 0 0
 0 0 0 1 0 0 0 0 0 0 1 0 0 0 1 1 1 0 0 0 0 0 0 1 0 0 1 0 0 0 1 0 0 0 1 0 0
 0 0 0 0 0 0 0 0 0 1 0 1 0 0 1 0 0 0 0 0 0 0 0 0 0 0 0 0 1 0 0 0 0 0 1 0 1
 0 0 0 0 0 1 0 0 1 1 0 0 0 0 1 0 0 0 0 1 0 0 1 0 1 0 1 0 1 0 0 0 0 1 0 0 0
 0 0 0 0 1 1 0 0 0 0 0 0 0 1 0 0 0 0 0 0 0 0 0 1 1 1 0 0 0 0 0 0 0 0 0 0 1
 0 1 1 0 0 0 0 0 0 0 1 0 0 1 0 0 0 1 0 0 0 0 1 0 0 0 0 0 0 0 1 0 0 1 0 0 1
 1 0 0 1 0 0 0 0 1 0 0 0 0 0 0 1 0 0 0 0 1 1 0 0 0 0 0 0 0 0 1 0 0 0]",2,[ 2  0  2 15  3  8 12  8  2  0 11  8 15  7  1  2],[ 2  0  2 15  3  8 12  8  2  8 12  8 15  7  1  2],True,True,0.5,0.578125,"[np.int64(0), np.int64(4), np.int64(15), np.int64(12), np.int64(2), np.int64(5), np.int64(0), np.int64(0), np.int64(12), np.int64(7), np.int64(3), np.int64(8), np.int64(6), np.int64(12), np.int64(1), np.int64(4)]","[np.int64(6), np.int64(10), np.int64(0), np.int64(3), np.int64(15), np.int64(14), np.int64(8), np.int64(9), np.int64(10), np.int64(7), np.int64(3), np.int64(10), np.int64(3), np.int64(14), np.int64(12), np.int64(11)]",False,False,0.0,0.0,[ 2  0  2 15  3  8 12  8  2  8 11  8 15  7  1  2],[ 2  0  2 15  7  8 12  8  2  0 11  8 15  7  1  2],True,True,0.46875,0.515625,[ 2  0  2 15  3  8 12  8  2  8 12  8 15  7  1  2],[ 2  0  2 15  7  8 12  8  2  8 12  8 15  7  1  2],True,True,0.640625,0.875,0.44,1.0,1.0,11,11,25,0.44,1.0,1.0,11,11,25,1.0,0.0,0.0,25,0,0,1.0,0.0,0.0,25,0,0,0.4,1.0,1.0,10,10,25,0.48,1.0,1.0,12,12,25,0.04,1.0,1.0,1,1,25,0.04,1.0,1.0,1,1,25
"[0 0 0 0 0 1 0 1 0 0 0 1 0 0 0 0 0 1 0 0 0 1 0 0 0 0 0 0 0 0 0 0 0 0 0 0 0
 0 0 0 0 0 0 0 1 0 0 0 0 0 0 0 0 0 0 0 0 0 0 0 0 1 0 1 0 0 0 0 0 0 0 0 0 0
 0 0 0 0 0 0 1 1 0 0 0 0 0 0 0 1 0 0 0 0 0 0 0 0 0 0 0 0 1 0 0 0 0 0 1 1 1
 0 1 0 0 0 0 0 0 0 0 1 0 0 0 0 0 1 0 0 0 0 0 0 0 0 1 0 0 1 0 0 0 0 0 0 0 0
 0 1 0 1 0 0 0 0 0 0 0 1 0 0 0 0 0 0 0 0 0 0 1 0 0 0 0 1 1 0 0 0 0 0 0 0 1
 0 0 0 0 0 1 0 0 0 1 0 0 0 1 0 0 0 0 0 1 1 0 1 0 0 0 1 0 0 1 0 0 0 0 0 1 0
 0 0 0 0 0 0 0 0 1 0 0 0 0 1 0 0 0 1 0 0 0 1 0 0 0 1 0 1 1 0 1 0 1 1]",8,[11  5 12 15  4  0 14  0  8  7 15  8 15  6 11 14],[11  5 12 15  4  0 14  0  8  7 15  8 15  6 11 14],True,True,0.5,0.578125,"[np.int64(3), np.int64(7), np.int64(5), np.int64(4), np.int64(3), np.int64(14), np.int64(10), np.int64(6), np.int64(6), np.int64(8), np.int64(0), np.int64(8), np.int64(8), np.int64(5), np.int64(8), np.int64(8)]","[np.int64(2), np.int64(14), np.int64(13), np.int64(12), np.int64(1), np.int64(9), np.int64(9), np.int64(9), np.int64(3), np.int64(10), np.int64(7), np.int64(9), np.int64(4), np.int64(11), np.int64(12), np.int64(2)]",False,False,0.0,0.0,[11  5 12 15  3  0 14  0  8  7 15  8  6  6 11 14],[11  5 12 15  4  0 14  0  8  5 15  8  6  6 11 14],False,True,0.46875,0.515625,[11  5 12 15  3  0 14  0  8  7 15  8  6  6 11 14],[11  5 12 15  0  0 14  0  8 15 15  8 15  6 11 14],False,False,0.640625,0.875,0.28,0.8571428571428571,0.96,7,6,24,0.2,1.0,1.0,5,5,25,1.0,0.0,0.0,25,0,0,1.0,0.0,0.0,25,0,0,0.44,0.0,0.0,11,0,0,0.24,1.0,1.0,6,6,25,0.04,0.0,0.0,1,0,0,0.04,0.0,0.0,1,0,0
"[0 0 0 0 1 1 0 0 1 0 0 0 1 0 0 0 0 1 0 1 0 0 1 1 1 0 1 0 1 0 0 0 0 0 0 0 1
 0 0 1 0 1 0 0 0 0 0 1 0 1 0 0 1 0 0 0 0 0 0 0 0 1 1 0 1 0 1 1 0 0 1 0 0 1
 0 0 0 0 0 0 1 0 0 0 0 0 0 0 0 1 0 0 1 0 1 0 0 1 0 0 1 0 0 0 1 1 1 0 1 1 0
 0 0 1 1 0 0 0 0 1 0 0 0 0 0 0 1 0 1 1 0 0 0 0 1 0 1 0 0 0 1 0 0 0 0 0 1 0
 1 1 1 0 0 0 0 0 0 0 0 1 0 1 0 0 0 0 1 0 0 0 0 0 1 0 0 0 0 0 0 0 0 0 0 0 0
 0 0 0 1 0 0 0 1 1 0 0 0 1 1 0 1 0 1 1 0 0 1 0 0 0 0 1 0 0 1 0 0 0 0 0 0 0
 0 0 0 0 0 1 0 1 0 1 0 0 0 0 1 0 1 1 0 0 1 0 0 0 0 0 0 1 0 0 0 0 1 1]",15,[12 12 15 14  2 14  9 14 12 15 12 12 14  3 15 15],[ 4  7 15 14  2  9  9  2  6 15  6 12 14  6 15 15],True,True,0.5,0.578125,"[np.int64(8), np.int64(9), np.int64(7), np.int64(0), np.int64(14), np.int64(10), np.int64(1), np.int64(7), np.int64(12), np.int64(7), np.int64(9), np.int64(4), np.int64(7), np.int64(7), np.int64(11), np.int64(6)]","[np.int64(15), np.int64(5), np.int64(4), np.int64(12), np.int64(14), np.int64(9), np.int64(15), np.int64(9), np.int64(2), np.int64(2), np.int64(4), np.int64(8), np.int64(5), np.int64(13), np.int64(5), np.int64(13)]",False,False,0.0,0.0,[12 12 15 14  2 14  9 14 12 15 12 12 14  6 15 15],[ 5  6 15 14  9  9  9  2  6 15  6 12 14  3 15 15],True,False,0.46875,0.515625,[ 5  6 15 14  9 14  9 14  6 15  6 12 14  6 15 15],[ 4  6 15 14  9  9  9 14  6 15  6 12 14  6 15 15],True,True,0.640625,0.875,1.0,0.08,0.08,25,2,2,0.92,0.391304347826087,0.4,23,9,10,1.0,0.0,0.0,25,0,0,1.0,0.0,0.0,25,0,0,1.0,0.08,0.08,25,2,2,1.0,0.36,0.36,25,9,9,0.04,1.0,1.0,1,1,25,0.04,1.0,1.0,1,1,25
"[1 0 0 0 0 0 1 0 1 0 0 0 0 0 0 0 0 0 0 0 0 0 0 1 1 0 0 0 0 0 0 0 0 0 0 1 0
 0 0 0 1 1 0 0 1 1 0 1 0 0 1 0 0 0 1 0 1 0 0 0 0 1 0 0 0 0 0 0 0 0 1 0 0 0
 0 0 0 1 0 0 0 0 0 0 0 0 0 0 1 0 1 0 0 0 0 1 1 0 0 1 1 0 1 0 0 0 1 1 0 0 1
 0 0 1 0 0 0 0 0 0 0 1 1 0 0 0 0 0 1 1 1 1 0 1 0 0 0 0 0 0 0 0 0 0 0 0 1 0
 0 0 0 1 0 1 0 0 0 0 0 0 0 0 0 0 0 1 1 1 0 0 0 0 0 0 0 0 0 0 0 0 0 0 1 0 0
 0 0 1 0 1 1 0 0 0 1 0 0 0 0 0 0 0 0 0 1 0 1 0 0 0 1 1 1 0 0 0 0 0 0 1 0 0
 1 1 0 0 0 0 0 0 1 0 0 0 0 1 1 1 1 1 0 0 1 0 0 1 0 0 0 0 0 0 0 1 1 0]",5,[ 8  8  8  8  6  5 10 10  5  7  5  6  2 15 15  5],[ 8  8  8  8 13  5 10 10  5  2  5 13  2 15 15  5],True,True,0.5,0.578125,"[np.int64(12), np.int64(13), np.int64(0), np.int64(4), np.int64(10), np.int64(10), np.int64(3), np.int64(7), np.int64(5), np.int64(5), np.int64(0), np.int64(12), np.int64(7), np.int64(5), np.int64(7), np.int64(4)]","[np.int64(5), np.int64(4), np.int64(12), np.int64(12), np.int64(6), np.int64(2), np.int64(10), np.int64(5), np.int64(8), np.int64(0), np.int64(0), np.int64(4), np.int64(15), np.int64(5), np.int64(1), np.int64(4)]",False,False,0.0,0.0,[ 8  8 15  8 13  5 10 10  5  2  5 13  2 15 15  5],[ 8  8  8  8 13  5 10 10  5  7  5 13  2 15 15  5],True,True,0.46875,0.515625,[ 8  8  8  8  6  5 10 10  5  7  5 14 14 15 15  5],[ 8  8  8  8 13  5 10 10  5  2  5 13  2 15 15  5],True,True,0.640625,0.875,0.64,0.6875,0.56,16,11,14,0.52,0.46153846153846156,0.4,13,6,10,1.0,0.0,0.0,25,0,0,1.0,0.0,0.0,25,0,0,0.84,0.6190476190476191,0.6,21,13,15,0.72,0.5,0.44,18,9,11,0.04,1.0,1.0,1,1,25,0.04,1.0,1.0,1,1,25
"[1 1 0 0 1 1 0 0 0 0 0 0 1 0 1 0 1 1 0 0 0 0 0 0 0 0 0 0 0 0 1 1 0 0 0 0 0
 0 0 0 0 0 0 0 1 0 0 0 0 0 0 0 0 0 0 0 1 0 1 0 0 0 0 0 1 0 0 0 0 1 0 1 0 0
 1 1 0 0 0 1 1 0 0 0 1 0 0 0 0 1 1 0 0 0 1 1 0 0 0 0 0 0 1 1 0 0 0 1 0 0 0
 0 0 0 0 0 1 0 1 0 0 0 1 0 0 0 0 0 0 0 0 1 0 0 0 0 0 0 0 0 0 0 1 0 0 0 0 0
 0 1 0 0 0 1 0 0 0 0 0 0 0 0 0 1 1 1 0 1 0 0 0 1 1 1 0 1 0 0 0 0 1 0 1 0 0
 0 1 0 0 0 0 0 1 0 1 0 0 0 0 0 0 0 1 0 1 0 0 0 0 0 0 0 0 0 0 0 0 0 1 0 0 0
 0 0 1 1 0 0 0 1 0 0 1 0 0 0 0 0 1 0 0 1 0 0 1 1 0 0 0 0 1 0 0 0 0 0]",15,[ 5 15 12 10 15 15  7  4 14  5 15 10 10 10  1 15],[ 1 15 12 10 15 15  7  4 14  5 15 10 10 10  5 15],False,False,0.5,0.578125,"[np.int64(9), np.int64(6), np.int64(11), np.int64(13), np.int64(1), np.int64(15), np.int64(5), np.int64(3), np.int64(14), np.int64(5), np.int64(10), np.int64(6), np.int64(9), np.int64(7), np.int64(5), np.int64(13)]","[np.int64(7), np.int64(8), np.int64(12), np.int64(9), np.int64(5), np.int64(5), np.int64(13), np.int64(2), np.int64(12), np.int64(12), np.int64(2), np.int64(7), np.int64(12), np.int64(3), np.int64(2), np.int64(11)]",False,False,0.0,0.0,[ 1 15 12 10 15 15  7  4  3  5 15  4 10 10  5 15],[ 1 15 12 10 15 15  7  4 14  5 15 10 10 10  1 15],False,False,0.46875,0.515625,[ 1 15 12 10 15 15  7 10 14  5 15 10 10 10  1 15],[ 4 15 12 10 15 15  7  4  3  5 15  4 10 10  5 15],True,True,0.640625,0.875,0.84,0.3333333333333333,0.32,21,7,8,0.76,0.42105263157894735,0.48,19,8,12,1.0,0.0,0.0,25,0,0,1.0,0.0,0.0,25,0,0,0.88,0.36363636363636365,0.4,22,8,10,0.84,0.47619047619047616,0.48,21,10,12,0.04,1.0,1.0,1,1,25,0.04,1.0,1.0,1,1,25
"[0 0 0 1 0 1 0 0 0 1 0 0 1 0 1 1 0 1 0 0 0 1 0 1 0 0 0 0 1 0 0 0 0 0 1 0 1
 0 1 0 0 0 0 0 0 0 0 0 1 0 0 1 0 1 1 0 0 1 0 0 0 1 1 0 0 0 1 0 0 0 0 0 1 0
 0 0 0 1 0 0 1 1 0 1 0 0 0 0 0 1 1 0 0 0 0 0 0 0 1 1 0 0 0 1 0 0 0 0 1 0 1
 0 0 1 0 0 0 0 1 1 0 0 0 0 0 0 0 0 0 0 0 0 1 0 0 0 0 1 1 0 0 1 0 0 1 0 0 1
 0 1 0 0 1 1 0 1 0 0 0 0 0 0 0 0 0 1 0 0 1 0 1 0 0 0 0 1 0 0 0 0 0 0 0 0 0
 1 0 0 1 0 0 0 1 1 0 0 0 0 1 0 0 0 0 1 1 0 0 1 0 0 0 1 1 0 0 0 1 0 0 0 0 0
 0 0 1 0 0 1 0 0 1 0 0 0 0 0 0 0 1 0 1 0 0 0 0 0 0 0 0 0 1 0 1 0 0 0]",15,[15 12  6  0  8  0 12  6 10  0 15 12 15  3  0 15],[15 12  6  0  8 10 12  6 10  0 15 12 15  8  0 15],True,True,0.5,0.578125,"[np.int64(13), np.int64(6), np.int64(14), np.int64(11), np.int64(4), np.int64(11), np.int64(12), np.int64(0), np.int64(4), np.int64(13), np.int64(5), np.int64(6), np.int64(5), np.int64(6), np.int64(3), np.int64(6)]","[np.int64(14), np.int64(11), np.int64(0), np.int64(13), np.int64(3), np.int64(8), np.int64(3), np.int64(3), np.int64(14), np.int64(7), np.int64(2), np.int64(8), np.int64(6), np.int64(1), np.int64(11), np.int64(6)]",False,False,0.0,0.0,[15 12  6  0  8  0 12  1 10  0 15 12 15  8  0 15],[15 12  6  0  8  0 12  6 10  0 15 12 15  8  0 15],True,True,0.46875,0.515625,[15 12  6  0  8 10 12  1 10  0 15 12 15  8  0 15],[15 12  6  0  8 10 12  6 10  0 15 12 15  3  0 15],True,True,0.640625,0.875,0.32,1.0,1.0,8,8,25,0.28,1.0,1.0,7,7,25,1.0,0.0,0.0,25,0,0,1.0,0.0,0.0,25,0,0,0.32,1.0,1.0,8,8,25,0.28,1.0,1.0,7,7,25,0.04,1.0,1.0,1,1,25,0.04,1.0,1.0,1,1,25
"[0 1 0 0 0 1 0 0 0 0 1 0 0 1 0 1 1 0 0 0 0 0 1 0 0 1 0 0 0 0 1 0 0 0 0 0 0
 0 0 0 1 0 1 0 0 0 0 0 0 0 0 1 0 0 0 0 0 0 0 1 0 1 0 1 0 0 0 0 1 0 0 0 1 1
 0 0 0 0 0 0 1 0 0 0 0 0 0 1 0 1 0 0 1 1 0 0 0 1 0 0 0 0 0 0 0 0 0 0 1 0 0
 1 0 0 0 0 0 1 0 1 0 0 0 0 0 1 0 0 0 0 1 0 1 0 0 0 0 0 0 0 0 0 0 0 0 1 0 0
 1 1 0 0 0 1 0 1 0 0 1 0 1 0 1 0 0 0 0 0 0 0 0 0 1 1 1 1 0 0 0 1 0 0 0 0 0
 1 0 0 1 0 0 1 0 0 0 0 0 1 1 0 0 0 1 1 0 1 0 0 1 0 0 1 0 1 0 1 0 0 1 0 1 0
 0 0 0 1 0 0 0 0 0 0 0 1 1 0 0 0 1 0 1 0 0 1 0 0 1 0 0 0 1 1 0 0 0 1]",0,[ 0  0 10 13  9  0 15  5  2  1  0 15 13  0  1  0],[ 0  0 10 15  9  0 15  5  2  1  0 15 10  0 10  0],False,True,0.5,0.578125,"[np.int64(2), np.int64(4), np.int64(13), np.int64(7), np.int64(9), np.int64(10), np.int64(12), np.int64(3), np.int64(1), np.int64(7), np.int64(2), np.int64(0), np.int64(3), np.int64(5), np.int64(4), np.int64(6)]","[np.int64(13), np.int64(14), np.int64(3), np.int64(6), np.int64(9), np.int64(10), np.int64(5), np.int64(1), np.int64(12), np.int64(4), np.int64(14), np.int64(2), np.int64(11), np.int64(12), np.int64(5), np.int64(7)]",False,False,0.0,0.0,[ 0  0 10 13  9  0  1  5  2  1  0 15 10  0  1  0],[ 0  0 10 13  9  0 15  5  2  1  0 15 13  0 10  0],True,False,0.46875,0.515625,[ 0  0 10 13  9  0 15 13  2  1  0 15 13  0  1  0],[ 0  0 10 13  9  0 15 13  2  1  0 15 10  0 10  0],True,True,0.640625,0.875,0.76,0.5263157894736842,0.56,19,10,14,0.8,0.65,0.64,20,13,16,1.0,0.0,0.0,25,0,0,1.0,0.0,0.0,25,0,0,0.96,0.4166666666666667,0.44,24,10,11,0.88,0.7272727272727273,0.72,22,16,18,0.04,1.0,1.0,1,1,25,0.04,1.0,1.0,1,1,25
"[1 1 1 0 0 0 0 0 0 1 0 0 0 0 0 0 1 0 0 0 0 0 0 0 0 0 1 0 0 0 1 0 1 0 1 0 0
 0 0 0 1 0 0 0 0 0 0 1 0 0 0 1 1 1 0 0 0 0 0 0 1 0 0 1 0 0 0 1 0 0 0 1 0 0
 0 0 0 0 0 0 0 0 0 1 0 1 0 0 1 0 0 0 0 0 0 0 0 0 0 0 0 0 1 0 0 0 0 0 1 0 1
 0 0 0 0 0 1 0 0 1 1 0 0 0 0 1 0 0 0 0 1 0 0 1 0 1 0 1 0 1 0 0 0 0 1 0 0 0
 0 0 0 0 1 1 0 0 0 0 0 0 0 1 0 0 0 0 0 0 0 0 0 1 1 1 0 0 0 0 0 0 0 0 0 0 1
 0 1 1 0 0 0 0 0 0 0 1 0 0 1 0 0 0 1 0 0 0 0 1 0 0 0 0 0 0 0 1 0 0 1 0 0 1
 1 0 0 1 0 0 0 0 1 0 0 0 0 0 0 1 0 0 0 0 1 1 0 0 0 0 0 0 0 0 1 0 0 0]",2,[ 2  0  2 15  7  8 12  8  2  0 11  8 15  7  1  2],[ 2  0  2 15  7  8 12  8  2  8  1  8 15  7  1  2],True,True,0.5,0.578125,"[np.int64(1), np.int64(6), np.int64(8), np.int64(3), np.int64(15), np.int64(7), np.int64(6), np.int64(11), np.int64(8), np.int64(6), np.int64(7), np.int64(1), np.int64(5), np.int64(5), np.int64(11), np.int64(14)]","[np.int64(13), np.int64(7), np.int64(12), np.int64(12), np.int64(5), np.int64(8), np.int64(13), np.int64(3), np.int64(1), np.int64(9), np.int64(15), np.int64(4), np.int64(3), np.int64(9), np.int64(5), np.int64(5)]",False,False,0.0,0.0,[ 2  0  2 15  7  8 12  8  2  0 12  8 15  7  1  2],[ 2  0  2 15  3  8 12  8  2  8 12  8 15  7  1  2],True,True,0.46875,0.515625,[ 2  0  2 15  3  8 12  8  2  8 12  8 15  7  1  2],[ 2  0  2 15  7  8 12  8  2  8 12  8 15  7  1  2],True,True,0.640625,0.875,0.36,1.0,1.0,9,9,25,0.44,1.0,1.0,11,11,25,1.0,0.0,0.0,25,0,0,1.0,0.0,0.0,25,0,0,0.44,1.0,1.0,11,11,25,0.36,1.0,1.0,9,9,25,0.04,1.0,1.0,1,1,25,0.04,1.0,1.0,1,1,25
"[0 0 0 1 0 0 0 0 0 1 0 0 0 0 0 0 0 0 0 1 0 0 1 0 0 0 0 0 0 1 0 0 0 0 0 0 0
 1 0 0 0 0 0 0 0 0 1 0 1 1 0 1 0 0 1 0 1 0 1 1 1 0 0 1 0 0 0 0 1 1 0 0 1 0
 1 0 0 0 0 0 0 0 1 0 1 1 1 1 0 0 1 1 1 1 0 0 0 1 0 1 0 1 1 0 0 0 1 0 0 1 1
 0 0 0 0 0 0 1 0 1 0 0 0 0 1 0 0 1 0 0 0 1 1 0 0 0 0 0 1 0 0 0 1 0 1 0 0 0
 0 0 0 0 0 0 0 0 0 0 0 0 0 0 0 1 1 1 1 0 1 0 1 1 0 0 0 0 0 0 0 1 0 1 0 0 0
 0 1 0 1 1 1 0 0 0 0 1 0 1 0 1 0 0 0 1 0 1 0 0 0 1 0 0 0 1 1 0 0 0 0 1 1 0
 0 0 0 0 1 0 0 0 1 0 1 0 0 1 0 0 1 0 0 0 0 1 0 0 0 1 0 0 0 0 0 0 0 1]",5,[ 3  6  5  6  5  5  5  5  4  0  5  5  5  5 11  7],[ 3 13  5 11  5  5  5  5  4  0  5  5  5  5  2  7],False,True,0.5,0.578125,"[np.int64(11), np.int64(8), np.int64(12), np.int64(5), np.int64(12), np.int64(13), np.int64(10), np.int64(1), np.int64(2), np.int64(7), np.int64(11), np.int64(6), np.int64(1), np.int64(5), np.int64(11), np.int64(8)]","[np.int64(4), np.int64(10), np.int64(12), np.int64(1), np.int64(9), np.int64(1), np.int64(6), np.int64(10), np.int64(9), np.int64(13), np.int64(10), np.int64(15), np.int64(6), np.int64(0), np.int64(10), np.int64(11)]",False,False,0.0,0.0,[ 3  6  5 10  5  5  5  5 10  0  5  5  5  5  6  7],[ 3  6  5 10  5  5  5  5  4  0  5  5  5  5 11  7],True,True,0.46875,0.515625,[ 3  6  5 10  5  5  5  5 10  0  5  5  5  5 11  7],[ 3 13  5 10  5  5  5  5 10  0  5  5  5  5 11  7],True,True,0.640625,0.875,0.76,0.5789473684210527,0.64,19,11,16,0.68,0.8823529411764706,0.92,17,15,23,1.0,0.0,0.0,25,0,0,1.0,0.0,0.0,25,0,0,0.76,0.8421052631578947,0.84,19,16,21,0.6,0.9333333333333333,0.92,15,14,23,0.04,1.0,1.0,1,1,25,0.04,1.0,1.0,1,1,25
"[0 1 0 0 0 0 1 1 0 0 0 0 0 1 1 0 1 1 0 0 1 0 1 0 0 0 0 0 0 0 0 0 0 0 0 1 0
 0 0 1 0 0 0 0 1 0 0 0 0 0 1 0 0 0 0 0 1 1 0 0 0 0 0 0 0 1 0 0 0 0 1 0 0 1
 0 0 0 0 1 1 0 0 0 0 0 1 1 0 0 0 0 1 0 0 1 0 1 1 0 0 1 1 1 0 1 0 0 0 0 0 0
 0 1 0 1 0 0 0 0 0 0 0 0 0 1 0 0 1 0 0 0 1 0 0 1 0 0 0 0 0 0 0 0 0 0 0 0 1
 1 0 0 0 0 1 1 0 1 0 0 0 0 0 0 0 0 0 0 0 0 1 1 0 0 0 1 0 0 0 0 0 0 1 0 0 0
 0 0 0 0 0 1 0 0 0 1 0 0 0 0 1 0 1 0 0 0 0 0 0 1 0 0 0 0 0 0 0 0 0 0 0 0 0
 0 0 1 0 0 0 1 1 0 0 0 0 1 1 0 0 1 1 0 0 0 0 1 0 0 1 0 0 0 0 0 0 1 0]",14,[14  0  7  9 14 14  4 15  6  4 14 14  9  0 14 14],[14  4  7  9 14 14  4  0  6  4 14 14  9  0 14 14],False,True,0.5,0.578125,"[np.int64(9), np.int64(15), np.int64(0), np.int64(14), np.int64(0), np.int64(9), np.int64(4), np.int64(1), np.int64(10), np.int64(7), np.int64(12), np.int64(12), np.int64(10), np.int64(3), np.int64(14), np.int64(3)]","[np.int64(9), np.int64(1), np.int64(8), np.int64(3), np.int64(9), np.int64(5), np.int64(2), np.int64(9), np.int64(8), np.int64(1), np.int64(10), np.int64(12), np.int64(5), np.int64(3), np.int64(0), np.int64(0)]",False,False,0.0,0.0,[14  0  7  9 14 14  0  0  6 10 14 14  7  0 14 14],[14  0  7  9 14 14  4 15  6 10 14 14  9  0 14 14],True,False,0.46875,0.515625,[14  0  7  9 14 14  0 15  6 10 14 14  7  0 14 14],[14  4  7  9 14 14  0  0  6 10 14 14  9  0 14 14],True,False,0.640625,0.875,0.8,0.75,0.8,20,15,20,0.72,0.6666666666666666,0.56,18,12,14,1.0,0.0,0.0,25,0,0,1.0,0.0,0.0,25,0,0,0.8,0.45,0.36,20,9,9,0.76,0.5789473684210527,0.56,19,11,14,0.04,1.0,1.0,1,1,25,0.04,0.0,0.0,1,0,0
"[0 0 0 1 1 0 0 0 0 0 0 0 0 0 0 1 0 0 1 1 0 1 0 0 1 0 0 0 0 0 1 0 0 1 0 0 1
 1 0 0 0 1 0 0 0 0 0 0 1 1 0 0 1 0 1 0 0 0 0 1 0 1 1 0 1 0 1 1 0 1 0 0 0 0
 1 0 0 0 0 1 0 1 1 0 1 0 1 0 0 0 0 0 0 1 0 1 0 0 0 1 0 1 1 0 0 1 1 1 0 0 0
 0 0 0 0 0 0 0 0 1 0 1 1 0 1 1 0 0 0 1 0 0 0 0 0 0 0 0 0 0 0 0 0 0 0 0 1 0
 0 0 1 1 0 0 0 0 1 0 0 0 0 0 0 0 1 0 1 1 0 0 1 0 0 1 0 0 0 0 0 1 0 0 1 0 0
 0 0 0 0 0 0 1 0 0 0 0 0 0 0 1 0 1 0 0 1 0 0 0 0 0 0 1 0 1 0 1 0 0 1 0 0 0
 0 0 0 1 0 1 0 0 0 0 0 0 0 0 0 0 1 0 1 0 0 0 1 1 0 0 0 0 0 1 0 0 0 1]",3,[ 3  3  1  3  3  6  3 13  1  6  4  3  9  3  3  0],[ 3  3  4  3  3  1  3 13  1  6 13  3  7  3  3  4],False,False,0.5,0.578125,"[np.int64(2), np.int64(14), np.int64(11), np.int64(11), np.int64(14), np.int64(10), np.int64(13), np.int64(14), np.int64(2), np.int64(15), np.int64(13), np.int64(9), np.int64(9), np.int64(14), np.int64(13), np.int64(5)]","[np.int64(1), np.int64(2), np.int64(2), np.int64(2), np.int64(8), np.int64(5), np.int64(14), np.int64(1), np.int64(0), np.int64(2), np.int64(12), np.int64(0), np.int64(15), np.int64(12), np.int64(7), np.int64(4)]",False,False,0.0,0.0,[ 3  3  1  3  3  1  3 13  1  6 13  3  9  3  3  0],[ 3  3  1  3  3  4  3 13  1  6  4  3  7  3  3  0],True,False,0.46875,0.515625,[ 3  3  1  3  3 13  3 13  1  6 13  3  7  3  3 11],[ 3  3  4  3  3 13  3 13  1  6 13  3  7  3  3  0],True,True,0.640625,0.875,0.8,0.5,0.56,20,10,14,0.84,0.38095238095238093,0.48,21,8,12,1.0,0.0,0.0,25,0,0,1.0,0.0,0.0,25,0,0,0.92,0.391304347826087,0.4,23,9,10,0.92,0.34782608695652173,0.4,23,8,10,0.04,1.0,1.0,1,1,25,0.04,1.0,1.0,1,1,25
"[1 0 1 0 0 0 0 0 0 0 0 0 0 0 0 0 0 1 0 0 0 0 0 1 1 0 0 0 0 0 0 1 1 0 1 1 0
 0 0 0 0 0 0 0 0 0 1 0 0 0 1 0 0 1 0 0 0 0 0 1 0 0 1 0 0 0 0 0 0 1 1 0 1 1
 1 1 0 0 0 0 0 0 0 1 1 0 1 0 0 0 0 0 0 0 0 0 0 0 0 0 1 1 1 0 1 0 0 0 0 0 1
 1 0 1 0 0 0 0 0 1 0 0 1 0 0 0 1 0 0 1 0 0 1 0 1 0 0 0 0 0 0 0 0 1 0 0 0 0
 1 0 0 0 0 1 0 0 0 0 0 0 0 0 0 0 1 0 0 1 0 0 0 0 0 0 1 0 0 0 0 1 1 0 0 0 0
 0 0 1 1 0 0 0 0 0 0 0 0 0 0 0 0 0 0 1 1 0 0 0 0 0 0 0 0 0 0 0 0 0 0 0 0 1
 0 1 0 0 1 1 0 0 1 1 0 0 1 0 0 0 1 1 0 1 0 0 0 0 1 0 1 0 0 0 0 1 1 1]",8,[ 2  8 14  5  8  4  8  1  8  4  4  4 11 15 15  8],[ 2  8 14 14  8  4  8  1  8  4  4  4 11 15  6  8],True,True,0.5,0.578125,"[np.int64(7), np.int64(2), np.int64(11), np.int64(9), np.int64(9), np.int64(12), np.int64(15), np.int64(5), np.int64(9), np.int64(6), np.int64(1), np.int64(11), np.int64(4), np.int64(1), np.int64(1), np.int64(0)]","[np.int64(14), np.int64(11), np.int64(5), np.int64(7), np.int64(4), np.int64(10), np.int64(2), np.int64(5), np.int64(9), np.int64(6), np.int64(5), np.int64(9), np.int64(13), np.int64(7), np.int64(12), np.int64(14)]",False,False,0.0,0.0,[ 2  8 14 14  8  4  8  1  8  4  4  4 11 15 15  8],[ 2  8 14  5  8  6  8  1  8  4  4  4 11 15 15  8],True,True,0.46875,0.515625,[ 2  8 14  5  8  6  8  1  8  4  4  4 11 15 15  8],[ 2  8 14  5  8  4  8  1  8  4  4  4 11 15  6  8],True,True,0.640625,0.875,0.48,1.0,1.0,12,12,25,0.44,1.0,1.0,11,11,25,1.0,0.0,0.0,25,0,0,1.0,0.0,0.0,25,0,0,0.48,0.9166666666666666,0.96,12,11,24,0.4,1.0,1.0,10,10,25,0.04,1.0,1.0,1,1,25,0.04,1.0,1.0,1,1,25
"[1 1 1 1 0 1 0 0 0 1 1 0 0 1 0 1 1 1 1 0 0 0 0 1 1 0 0 1 0 0 0 1 1 1 0 0 0
 1 0 0 0 0 0 0 0 0 0 1 1 0 0 1 1 0 0 0 0 0 1 0 0 1 0 1 0 0 0 1 0 0 0 1 0 0
 1 0 0 1 1 1 1 0 1 0 0 0 0 1 0 0 0 0 0 0 0 1 0 0 0 0 0 0 1 0 1 0 0 1 0 0 1
 0 0 1 0 0 1 1 0 1 1 0 0 0 0 0 0 0 0 1 0 0 0 0 1 1 0 0 1 0 0 1 1 0 1 0 0 0
 0 0 0 0 0 1 1 1 0 0 0 1 1 0 0 1 1 0 0 0 1 1 1 0 0 0 0 0 0 1 0 0 0 0 1 0 0
 1 0 0 0 0 0 1 0 0 0 0 0 0 0 0 0 0 0 0 1 0 0 1 1 0 0 1 1 0 0 0 1 0 0 0 0 1
 0 0 0 0 0 0 1 0 1 0 1 0 0 0 0 0 1 1 1 1 1 1 1 1 0 0 0 1 0 1 1 0 1 1]",8,[10  8  1 13  7  7  8  8  8 10  8  6 15  8  8 14],[ 1  8  1 10 13  7  8  8  8 10  8  1 15  8  8  1],False,False,0.5,0.578125,"[np.int64(6), np.int64(11), np.int64(11), np.int64(3), np.int64(0), np.int64(3), np.int64(15), np.int64(5), np.int64(1), np.int64(13), np.int64(4), np.int64(7), np.int64(11), np.int64(6), np.int64(11), np.int64(9)]","[np.int64(7), np.int64(7), np.int64(9), np.int64(2), np.int64(5), np.int64(6), np.int64(11), np.int64(4), np.int64(1), np.int64(12), np.int64(14), np.int64(15), np.int64(4), np.int64(7), np.int64(8), np.int64(2)]",False,False,0.0,0.0,[10  8  1 13 14  7  8  8  8 10  8  6 15  8  8 14],[ 1  8  1 13 13  7  8  8  8 10  8  6 15  8  8 14],False,False,0.46875,0.515625,[10  8  1 13 13  7  8  8  8 10  8  6 15  8  8 14],[ 1  8  1 10 14  7  8  8  8 10  8  1 15  8  8  1],False,True,0.640625,0.875,0.8,0.4,0.44,20,8,11,0.8,0.6,0.64,20,12,16,1.0,0.0,0.0,25,0,0,1.0,0.0,0.0,25,0,0,0.96,0.3333333333333333,0.36,24,8,9,0.84,0.47619047619047616,0.52,21,10,13,0.04,0.0,0.0,1,0,0,0.04,1.0,1.0,1,1,25
"[1 0 0 0 1 0 1 0 1 0 0 0 0 0 1 0 0 0 0 1 0 0 0 0 0 0 0 1 1 0 1 0 0 0 0 0 0
 0 0 1 0 0 1 1 1 0 1 1 0 1 0 1 0 0 1 0 1 0 0 0 1 1 1 0 1 0 0 0 0 0 0 0 1 0
 0 0 1 0 0 0 0 0 0 0 0 0 0 0 1 0 0 0 0 0 0 0 1 0 0 1 0 0 1 1 0 0 0 0 0 0 0
 0 0 0 1 0 0 0 1 0 0 0 0 1 0 0 0 0 1 0 0 1 1 1 0 0 1 0 0 0 0 1 0 0 0 0 0 0
 0 0 0 0 0 0 0 1 1 0 0 0 0 0 1 0 0 0 0 0 0 0 1 0 0 0 0 1 0 1 1 0 0 0 0 1 0
 1 0 1 0 1 0 0 0 1 1 1 1 0 0 0 0 1 0 0 1 1 0 0 0 0 0 1 0 0 0 0 1 0 0 1 1 0
 1 0 1 1 1 1 0 0 0 0 0 0 0 0 0 1 0 0 0 0 1 0 0 0 0 0 0 0 1 0 0 0 0 0]",14,[14 14 14 14  0  8  0  2  0 11  2  1  2 14 14  2],[14 14 14 14  0  8  0  2 13 11  2  1 13 14 14  2],False,False,0.5,0.578125,"[np.int64(11), np.int64(14), np.int64(2), np.int64(0), np.int64(4), np.int64(0), np.int64(11), np.int64(8), np.int64(14), np.int64(13), np.int64(4), np.int64(9), np.int64(10), np.int64(4), np.int64(12), np.int64(5)]","[np.int64(6), np.int64(14), np.int64(14), np.int64(4), np.int64(2), np.int64(2), np.int64(2), np.int64(4), np.int64(10), np.int64(6), np.int64(0), np.int64(5), np.int64(15), np.int64(15), np.int64(8), np.int64(9)]",False,False,0.0,0.0,[14 14 14 14  0  8  0  2  0 11  2 13  1 14 14  2],[14 14 14 14  0  8  3  2  3 11  2 13  3 14 14  2],False,True,0.46875,0.515625,[14 14 14 14  0  8  0  2 13 12  2  2 13 14 14  2],[14 14 14 14  0  8  0  2  0 12  2  1  1 14 14  2],False,True,0.640625,0.875,0.92,0.08695652173913043,0.08,23,2,2,0.96,0.08333333333333333,0.08,24,2,2,1.0,0.0,0.0,25,0,0,1.0,0.0,0.0,25,0,0,0.92,0.17391304347826086,0.16,23,4,4,0.92,0.13043478260869565,0.12,23,3,3,0.04,0.0,0.0,1,0,0,0.04,1.0,1.0,1,1,25
"[0 0 1 0 0 0 0 1 0 0 0 1 0 0 0 1 0 1 1 0 0 0 0 0 0 0 0 0 0 0 0 0 1 1 1 0 0
 0 0 0 1 1 1 0 0 0 0 0 0 0 0 0 0 0 0 0 0 0 0 1 0 0 0 0 0 0 0 0 0 0 1 0 1 1
 0 1 0 1 0 1 0 0 0 0 0 1 0 0 1 0 0 0 0 0 1 0 0 0 0 0 1 0 1 0 0 0 0 1 0 0 0
 1 1 0 0 0 0 0 0 0 0 1 0 1 0 0 0 1 0 0 1 0 1 1 0 0 1 0 1 0 0 0 1 0 0 0 1 0
 1 0 0 1 0 0 0 0 0 0 1 1 0 0 1 0 0 0 0 0 1 0 1 1 0 1 0 0 1 0 0 1 1 0 1 1 0
 0 1 0 1 0 0 0 0 0 0 0 0 0 0 0 0 0 0 1 0 0 0 1 0 0 0 0 1 0 0 0 0 0 1 0 0 1
 0 0 0 0 0 0 0 1 0 0 1 1 0 0 0 0 0 0 1 0 0 0 1 0 1 1 0 1 0 0 1 0 0 1]",14,[ 7  2  9 11  9 14  4  9 14 14  8  7 15  4 14  9],[ 7  2  9 11  9 14  4  9 14 14  8  7 15 10 14  9],True,True,0.5,0.578125,"[np.int64(13), np.int64(2), np.int64(10), np.int64(2), np.int64(14), np.int64(11), np.int64(5), np.int64(1), np.int64(1), np.int64(5), np.int64(0), np.int64(6), np.int64(1), np.int64(12), np.int64(0), np.int64(1)]","[np.int64(11), np.int64(7), np.int64(4), np.int64(4), np.int64(9), np.int64(10), np.int64(1), np.int64(0), np.int64(6), np.int64(2), np.int64(13), np.int64(1), np.int64(9), np.int64(8), np.int64(10), np.int64(12)]",False,False,0.0,0.0,[ 7  2  8 11  9 14  4  9 14 14  8  4 15  4 14  9],[15  2  9 11  9 14  4  9 14 14  8 10 15 10 14  9],False,True,0.46875,0.515625,[ 7  2  9 11  9 14  4  9 14 14  8  7 15 10 14  9],[ 7  2  8 11  8 14  4  9 14 14  8  7 15  4 14  9],True,True,0.640625,0.875,0.92,0.2608695652173913,0.24,23,6,6,0.88,0.36363636363636365,0.32,22,8,8,1.0,0.0,0.0,25,0,0,1.0,0.0,0.0,25,0,0,0.92,0.4782608695652174,0.52,23,11,13,0.96,0.25,0.24,24,6,6,0.04,1.0,1.0,1,1,25,0.04,1.0,1.0,1,1,25
"[0 0 0 0 0 0 0 0 0 0 0 0 0 0 0 0 0 1 1 1 1 0 0 0 0 0 0 0 0 0 0 0 0 1 0 0 0
 1 0 0 1 0 0 0 1 0 0 1 0 1 0 1 0 1 0 0 1 0 0 0 0 0 1 0 0 1 0 0 1 0 0 1 0 0
 0 0 1 0 0 1 0 0 1 1 0 0 0 1 1 1 1 1 0 0 0 0 0 0 0 0 0 0 0 0 0 1 0 0 0 0 0
 1 0 0 0 0 1 1 0 0 1 1 0 0 1 0 0 0 0 0 1 1 0 1 0 1 1 1 0 0 1 0 1 0 0 0 0 0
 0 1 1 1 1 1 1 0 0 0 1 0 0 0 0 0 0 1 0 0 0 1 1 0 0 0 0 0 0 0 0 0 0 1 0 0 0
 0 0 1 1 0 0 0 0 0 1 0 1 0 0 1 1 0 0 1 0 0 0 0 0 0 0 0 0 0 0 0 0 0 0 0 0 0
 0 0 0 0 0 1 0 0 0 0 1 1 0 0 0 0 1 1 0 0 1 0 1 0 1 0 0 0 0 0 0 0 1 1]",12,[ 0  4 12  8 12  7  9 12 12  7  5 12 12 13  8  4],[ 0  2 12  8 12  7  9 12 12  7  9 12 12 13  8  4],True,False,0.5,0.578125,"[np.int64(5), np.int64(9), np.int64(2), np.int64(8), np.int64(6), np.int64(15), np.int64(5), np.int64(15), np.int64(7), np.int64(6), np.int64(8), np.int64(10), np.int64(4), np.int64(12), np.int64(6), np.int64(14)]","[np.int64(15), np.int64(10), np.int64(4), np.int64(9), np.int64(0), np.int64(5), np.int64(0), np.int64(14), np.int64(12), np.int64(14), np.int64(10), np.int64(14), np.int64(2), np.int64(10), np.int64(14), np.int64(2)]",False,False,0.0,0.0,[ 1  2 12  8 12  8 15 12 12  7  5 12 12  8  8  4],[ 0  2 12  8 12  2 15 12 12  7  9 12 12 13  8  2],False,True,0.46875,0.515625,[ 1  4 12  8 12 11 15 12 12  8  9 12 12  0  8  4],[ 1  4 12  8 12 11  9 12 12  7  5 12 12  0  8  4],False,False,0.640625,0.875,0.92,0.4782608695652174,0.48,23,11,12,0.92,0.4782608695652174,0.48,23,11,12,1.0,0.0,0.0,25,0,0,1.0,0.0,0.0,25,0,0,1.0,0.0,0.0,25,0,0,0.88,0.36363636363636365,0.44,22,8,11,0.04,0.0,0.0,1,0,0,0.04,0.0,0.0,1,0,0
"[0 0 0 0 0 0 0 0 1 0 0 0 0 1 0 0 0 1 0 1 1 0 0 0 1 0 0 0 0 0 1 0 0 0 1 0 1
 1 1 0 0 1 1 0 0 0 1 0 0 1 0 0 0 0 0 0 0 0 1 1 0 1 0 0 0 1 1 0 1 1 0 1 0 0
 0 0 0 0 0 0 0 0 1 0 1 1 0 1 0 0 0 0 1 0 0 0 0 0 1 0 0 0 1 1 0 1 0 1 0 0 0
 0 0 0 0 0 1 1 1 0 0 0 0 0 0 1 0 0 1 1 0 0 0 0 0 0 0 0 1 0 0 0 0 0 0 0 1 0
 0 0 1 0 0 1 0 1 1 0 0 0 0 0 1 1 0 0 0 0 1 0 1 0 1 0 0 0 0 0 0 1 0 0 1 0 0
 1 0 0 1 0 0 0 0 0 0 0 0 1 0 0 0 1 1 1 1 1 0 0 1 0 0 1 0 0 0 1 0 0 0 0 1 0
 0 0 0 1 1 0 0 0 0 0 0 0 0 0 0 0 1 1 0 0 0 0 0 0 0 0 0 0 0 0 0 0 1 1]",13,[13  3  9 13  5  7  7 13  0 12  3  3 13 13  1 14],[13  3  9 13  7 12  7 13  0 12 12  3 13 13  1 14],False,False,0.5,0.578125,"[np.int64(0), np.int64(14), np.int64(7), np.int64(9), np.int64(6), np.int64(8), np.int64(12), np.int64(7), np.int64(10), np.int64(12), np.int64(8), np.int64(7), np.int64(6), np.int64(15), np.int64(8), np.int64(14)]","[np.int64(1), np.int64(8), np.int64(1), np.int64(12), np.int64(5), np.int64(7), np.int64(12), np.int64(6), np.int64(14), np.int64(5), np.int64(15), np.int64(12), np.int64(3), np.int64(4), np.int64(13), np.int64(6)]",False,False,0.0,0.0,[13  3 10 13  7  7  7 13  0 12  3 12 13 13  1 14],[13  3  6 13  7  7  7 13  0 12 12 12 13 13  1 14],False,True,0.46875,0.515625,[13  3 10 13  7 12  7 13  0 12 12 12 13 13  1 14],[13  3  9 13  7  7  7 13  0 12  3  3 13 13  1 14],True,True,0.640625,0.875,0.76,0.47368421052631576,0.44,19,9,11,0.68,0.4117647058823529,0.4,17,7,10,1.0,0.0,0.0,25,0,0,1.0,0.0,0.0,25,0,0,0.88,0.5,0.48,22,11,12,0.76,0.47368421052631576,0.48,19,9,12,0.04,1.0,1.0,1,1,25,0.04,1.0,1.0,1,1,25
"[0 0 1 0 1 1 1 0 0 1 1 0 0 0 0 1 0 1 0 0 0 0 0 0 0 1 0 0 1 1 0 0 1 0 1 0 0
 0 0 1 1 0 0 1 1 0 0 0 0 0 0 0 0 0 0 0 0 0 0 0 1 1 0 0 1 0 0 0 1 0 0 0 1 0
 1 0 1 0 0 0 1 0 0 0 0 1 0 1 0 0 0 0 0 0 0 0 1 0 0 0 0 0 0 1 0 1 0 1 0 1 1
 0 0 0 1 0 0 1 1 1 0 0 0 1 0 0 0 0 0 0 1 0 1 0 0 0 0 0 0 0 1 0 0 0 1 1 0 0
 0 0 1 0 0 1 0 0 0 0 0 0 1 0 0 0 1 0 0 0 0 0 1 0 0 0 0 0 0 0 1 0 0 0 1 1 0
 0 0 1 0 1 0 0 0 1 1 1 1 0 0 0 1 0 0 0 0 1 1 0 0 1 0 1 0 0 1 0 0 0 0 1 1 0
 0 0 0 0 0 0 0 0 1 0 0 0 0 0 1 0 1 1 1 0 0 0 0 0 0 0 0 0 0 0 0 0 1 0]",13,[ 6 13 12 13 12  0 13  6 12  1  0 13 13 13 12 14],[ 6 13 12 13 12  0 13  6 12  6  4 13 13 13 12  0],True,True,0.5,0.578125,"[np.int64(12), np.int64(9), np.int64(12), np.int64(0), np.int64(14), np.int64(8), np.int64(4), np.int64(8), np.int64(2), np.int64(14), np.int64(15), np.int64(2), np.int64(8), np.int64(4), np.int64(4), np.int64(5)]","[np.int64(4), np.int64(10), np.int64(10), np.int64(5), np.int64(12), np.int64(2), np.int64(4), np.int64(13), np.int64(6), np.int64(14), np.int64(12), np.int64(8), np.int64(1), np.int64(9), np.int64(5), np.int64(9)]",False,False,0.0,0.0,[ 6 13 11 13 12  0 13  6 12  6  0 13 13 13  6 14],[ 6 13 11 13 12  7 13 11 12  6  0 13 13 13 12 14],True,True,0.46875,0.515625,[ 6 13 12 13 12  7 13 11 12  6  4 13 13 13 12 14],[ 6 13 11 13 12  7 13  6 12  6  0 13 13 13  6  0],True,True,0.640625,0.875,0.96,0.7916666666666666,0.8,24,19,20,0.84,0.7619047619047619,0.72,21,16,18,1.0,0.0,0.0,25,0,0,1.0,0.0,0.0,25,0,0,0.84,0.8095238095238095,0.84,21,17,21,0.84,0.8095238095238095,0.84,21,17,21,0.04,1.0,1.0,1,1,25,0.04,1.0,1.0,1,1,25
"[0 1 1 0 0 0 1 1 0 0 0 0 1 0 1 0 1 0 1 0 0 1 0 0 1 1 0 0 0 1 0 0 1 1 0 0 0
 0 1 1 0 0 1 0 0 0 1 1 0 0 0 0 0 0 0 1 1 0 0 1 0 1 0 1 0 0 0 0 0 0 0 1 1 0
 0 0 0 1 1 0 0 1 0 0 0 1 0 0 0 0 0 0 0 0 0 0 1 0 1 0 0 0 0 0 0 0 0 0 0 0 0
 1 1 0 1 1 1 0 0 0 1 0 0 0 0 0 0 1 0 1 0 1 1 0 0 1 0 0 0 0 0 1 0 0 0 1 0 0
 0 0 0 0 0 0 0 0 1 1 0 1 0 0 1 0 0 0 0 0 0 0 1 0 0 0 0 0 0 0 0 1 0 0 0 0 0
 0 0 0 1 0 0 0 1 0 0 0 0 0 0 0 0 1 0 1 0 1 1 0 0 1 0 1 1 0 0 0 1 1 0 0 1 0
 0 0 1 0 1 0 1 0 0 0 0 0 0 0 1 0 1 0 0 0 1 1 0 0 1 1 0 1 0 0 0 0 0 1]",15,[ 7  9 15 15  7  1 15 15  3 15  2  3  9  9  2 15],[ 7  9 15 15  7  1 15 15  3 15  2  3  9  9  2 15],True,True,0.5,0.578125,"[np.int64(4), np.int64(4), np.int64(5), np.int64(14), np.int64(10), np.int64(8), np.int64(8), np.int64(10), np.int64(3), np.int64(10), np.int64(13), np.int64(4), np.int64(9), np.int64(15), np.int64(5), np.int64(2)]","[np.int64(4), np.int64(3), np.int64(13), np.int64(14), np.int64(6), np.int64(15), np.int64(4), np.int64(1), np.int64(0), np.int64(11), np.int64(4), np.int64(11), np.int64(6), np.int64(3), np.int64(3), np.int64(6)]",False,False,0.0,0.0,[ 2  2 15 15  7  1 15 15  3 15  2  3  9  3  2 15],[ 2  2 15 15  7  1 15 15  3 15  2  3  9  3  2 15],True,True,0.46875,0.515625,[ 7  9 15 15  7  1 15 15  7 15  2  3  9  9  2 15],[ 2  9 15 15  7  1 15 15  7 15  2  3  9  9  2 15],True,True,0.640625,0.875,0.76,0.8421052631578947,0.88,19,16,22,0.68,0.9411764705882353,0.96,17,16,24,1.0,0.0,0.0,25,0,0,1.0,0.0,0.0,25,0,0,0.72,0.8888888888888888,0.84,18,16,21,0.56,0.8571428571428571,0.8,14,12,20,0.04,1.0,1.0,1,1,25,0.04,1.0,1.0,1,1,25
"[0 0 0 0 0 0 0 1 1 0 0 0 1 0 0 1 0 0 0 0 0 0 0 1 0 0 1 1 1 0 1 0 0 0 0 0 0
 0 1 0 0 1 0 0 0 0 1 0 0 0 0 1 0 1 1 0 0 1 0 0 1 1 0 1 0 0 0 0 1 1 0 0 0 1
 0 0 0 0 1 1 0 0 0 1 1 0 0 0 0 0 1 0 0 0 0 0 0 0 1 1 0 0 1 0 0 0 0 0 0 1 0
 0 1 1 0 0 0 0 0 0 0 0 0 0 0 0 0 1 1 0 0 0 0 0 0 0 0 0 0 1 0 0 0 1 0 0 1 1
 1 0 0 0 0 0 0 0 0 0 0 0 0 1 0 0 0 1 0 0 0 0 0 1 0 0 1 0 0 1 0 0 0 0 0 0 1
 0 1 0 0 1 0 0 1 1 0 1 0 0 0 0 0 0 0 0 0 1 0 0 0 0 0 1 0 0 1 0 0 0 0 1 1 0
 0 0 0 1 1 0 1 0 0 0 0 0 1 0 0 0 1 0 1 0 0 1 1 0 0 1 1 0 0 0 0 0 0 1]",2,[15 14  2  9  9  3  2  1 15  2 14 13 13  6  2  3],[15 14  2  6 14  4  2  1 15  2 14  1  3  6  2  3],True,False,0.5,0.578125,"[np.int64(4), np.int64(5), np.int64(3), np.int64(8), np.int64(12), np.int64(8), np.int64(13), np.int64(8), np.int64(5), np.int64(1), np.int64(5), np.int64(9), np.int64(1), np.int64(15), np.int64(1), np.int64(9)]","[np.int64(10), np.int64(9), np.int64(12), np.int64(9), np.int64(2), np.int64(1), np.int64(6), np.int64(1), np.int64(4), np.int64(12), np.int64(13), np.int64(9), np.int64(6), np.int64(15), np.int64(1), np.int64(14)]",False,False,0.0,0.0,[ 7 14  2  6 14 10  2  1 15  2 14 10  3  6  2  3],[12 14  2  9  9  3  2  1 11  2 14 10  1  6  2  3],True,False,0.46875,0.515625,[12 14  2  9  9  3  2  1 15  2 14 10  3  6  2  3],[ 7 14  2  6  9 10  2  1 11  2 14  1  1  6  2  4],True,True,0.640625,0.875,1.0,0.28,0.28,25,7,7,1.0,0.48,0.48,25,12,12,1.0,0.0,0.0,25,0,0,1.0,0.0,0.0,25,0,0,0.96,0.375,0.36,24,9,9,1.0,0.44,0.44,25,11,11,0.04,1.0,1.0,1,1,25,0.04,1.0,1.0,1,1,25
"[1 0 0 0 1 0 0 0 1 1 0 0 1 0 0 1 0 0 0 1 0 0 0 1 0 0 0 0 0 0 1 0 0 0 0 0 0
 0 0 1 0 0 0 0 0 0 0 0 0 1 0 0 0 0 0 0 0 0 0 1 0 1 1 0 1 0 0 0 1 1 0 0 0 0
 0 0 0 1 0 1 0 0 0 0 1 1 0 1 0 0 0 1 0 0 1 1 0 0 0 0 0 0 0 1 0 1 1 0 0 0 0
 0 0 1 1 0 0 1 1 1 0 1 0 0 1 0 1 1 1 0 0 0 0 0 0 0 0 1 0 1 1 0 0 0 1 0 0 0
 0 0 1 1 1 0 1 0 0 1 0 1 0 0 0 0 0 0 1 0 0 1 0 0 0 0 0 1 0 0 0 1 0 1 0 0 1
 0 0 0 0 0 0 1 1 0 0 0 0 0 0 1 1 0 0 0 1 0 1 0 0 0 0 1 1 0 0 0 0 1 0 0 0 1
 0 0 0 1 0 1 0 1 0 1 0 0 0 0 1 0 1 0 1 0 0 0 1 1 0 1 0 1 1 1 0 0 0 1]",13,[ 4  3  7 13 13  4  9  9  9 13  9  3  7 13  3  9],[ 4  3  7 13 13  4  9  9  9 13  9  3 14 13  3  9],False,False,0.5,0.578125,"[np.int64(10), np.int64(2), np.int64(9), np.int64(8), np.int64(3), np.int64(7), np.int64(12), np.int64(6), np.int64(15), np.int64(9), np.int64(0), np.int64(6), np.int64(15), np.int64(11), np.int64(14), np.int64(9)]","[np.int64(4), np.int64(1), np.int64(11), np.int64(1), np.int64(8), np.int64(11), np.int64(6), np.int64(9), np.int64(10), np.int64(10), np.int64(6), np.int64(5), np.int64(5), np.int64(14), np.int64(13), np.int64(4)]",False,False,0.0,0.0,[ 9  3  7 13 13  4  9  9  9 13  9  3  7 13  3  9],[ 9  3  7 13 13  4  9  9  9 13  9  3  0 13  3  9],True,True,0.46875,0.515625,[ 9  3  7 13 13  4  9  9  9 13  9  3  8 13  3  9],[ 9  3  7 13 13  4  9  9  9 13  9  3 14 13  3  9],True,True,0.640625,0.875,0.52,0.5384615384615384,0.6,13,7,15,0.4,0.5,0.48,10,5,12,1.0,0.0,0.0,25,0,0,1.0,0.0,0.0,25,0,0,0.56,0.5,0.64,14,7,16,0.48,0.4166666666666667,0.48,12,5,12,0.04,1.0,1.0,1,1,25,0.04,1.0,1.0,1,1,25
"[1 0 1 0 1 0 1 0 0 0 0 0 0 1 0 1 0 0 0 1 0 1 0 1 1 0 0 1 1 0 0 0 1 0 0 0 0
 0 0 0 0 0 1 0 0 0 0 1 0 1 0 1 0 0 1 1 0 0 0 0 0 0 1 0 1 0 0 0 0 0 1 1 1 0
 0 0 0 1 0 0 0 1 0 0 0 0 1 0 0 0 1 0 0 0 0 0 1 0 0 1 1 1 0 0 0 0 0 1 1 0 0
 0 0 1 0 1 1 0 0 1 0 1 0 0 0 0 0 1 0 1 0 0 1 0 0 0 0 0 0 0 0 0 0 0 0 0 0 0
 0 0 0 1 0 1 0 1 0 0 0 0 0 0 1 0 0 1 0 0 0 0 1 0 0 1 1 0 0 1 0 0 0 0 1 0 0
 1 0 0 0 1 0 0 0 1 0 0 0 0 1 0 0 0 0 0 0 1 0 0 1 0 0 0 1 0 0 0 0 0 1 1 1 1
 0 1 0 0 0 1 0 0 0 0 0 0 1 0 0 0 1 0 1 0 1 0 0 0 0 1 0 0 0 0 0 1 0 1]",13,[13 12 10  6 13 10 11 15  4 11 13 13 13 13 10 13],[13 12 10  7 13 10  4 15  4 11 13 13 13 13 10 13],False,True,0.5,0.578125,"[np.int64(5), np.int64(6), np.int64(14), np.int64(5), np.int64(9), np.int64(3), np.int64(0), np.int64(5), np.int64(2), np.int64(1), np.int64(0), np.int64(13), np.int64(4), np.int64(9), np.int64(15), np.int64(14)]","[np.int64(1), np.int64(11), np.int64(10), np.int64(9), np.int64(10), np.int64(9), np.int64(0), np.int64(10), np.int64(8), np.int64(8), np.int64(5), np.int64(8), np.int64(0), np.int64(15), np.int64(7), np.int64(12)]",False,False,0.0,0.0,[13 11 10 14 13 10 11 15  4 11 13 13 13 13 10 13],[13 11 10  6 13 10  4  4  4 11 13 13 13 13 10 13],True,True,0.46875,0.515625,[13 11 10  1 13 10 12 15  4 11 13 13 13 13 10 13],[13 12 15  1 13 10  4 15  4 11 13 13 13 13 10 13],False,True,0.640625,0.875,0.96,0.7083333333333334,0.72,24,17,18,0.84,0.8571428571428571,0.88,21,18,22,1.0,0.0,0.0,25,0,0,1.0,0.0,0.0,25,0,0,0.88,0.7727272727272727,0.8,22,17,20,0.92,0.6956521739130435,0.72,23,16,18,0.04,0.0,0.0,1,0,0,0.04,1.0,1.0,1,1,25
"[1 0 0 0 0 0 1 0 1 0 0 0 0 0 0 0 0 0 0 0 0 0 0 1 1 0 0 0 0 0 0 0 0 0 0 1 0
 0 0 0 1 1 0 0 1 1 0 1 0 0 1 0 0 0 1 0 1 0 0 0 0 1 0 0 0 0 0 0 0 0 1 0 0 0
 0 0 0 1 0 0 0 0 0 0 0 0 0 0 1 0 1 0 0 0 0 1 1 0 0 1 1 0 1 0 0 0 1 1 0 0 1
 0 0 1 0 0 0 0 0 0 0 1 1 0 0 0 0 0 1 1 1 1 0 1 0 0 0 0 0 0 0 0 0 0 0 0 1 0
 0 0 0 1 0 1 0 0 0 0 0 0 0 0 0 0 0 1 1 1 0 0 0 0 0 0 0 0 0 0 0 0 0 0 1 0 0
 0 0 1 0 1 1 0 0 0 1 0 0 0 0 0 0 0 0 0 1 0 1 0 0 0 1 1 1 0 0 0 0 0 0 1 0 0
 1 1 0 0 0 0 0 0 1 0 0 0 0 1 1 1 1 1 0 0 1 0 0 1 0 0 0 0 0 0 0 1 1 0]",5,[ 8  8  8  8  6  5 10 10  5  2  5 13 14 15 15  5],[ 8  8  8  8  6  5 10 10  5  2  5  6  2 15 15  5],False,True,0.5,0.578125,"[np.int64(9), np.int64(12), np.int64(15), np.int64(7), np.int64(15), np.int64(14), np.int64(13), np.int64(4), np.int64(13), np.int64(1), np.int64(1), np.int64(4), np.int64(11), np.int64(13), np.int64(6), np.int64(15)]","[np.int64(13), np.int64(5), np.int64(15), np.int64(0), np.int64(15), np.int64(11), np.int64(15), np.int64(13), np.int64(12), np.int64(10), np.int64(13), np.int64(15), np.int64(10), np.int64(10), np.int64(9), np.int64(12)]",False,False,0.0,0.0,[ 8  8 15  8  6  5 10 10  5  2  5 13 14 15 15  5],[ 8  8 15  8 13  5 10 10  5  7  5  6  2 15 15  5],False,False,0.46875,0.515625,[ 8  8  8  8  6  5 10 10  5  7  5 14 14 15 15  5],[ 8  8  8  8 13  5 10 10  5  2  5 13  2 15 15  5],True,True,0.640625,0.875,0.76,0.631578947368421,0.64,19,12,16,0.84,0.6190476190476191,0.56,21,13,14,1.0,0.0,0.0,25,0,0,1.0,0.0,0.0,25,0,0,0.72,0.6666666666666666,0.72,18,12,18,0.8,0.6,0.64,20,12,16,0.04,1.0,1.0,1,1,25,0.04,1.0,1.0,1,1,25
"[1 0 1 1 0 0 0 1 0 0 0 1 0 0 0 1 0 0 0 0 0 0 0 0 1 0 0 0 0 0 0 0 1 0 1 0 0
 1 1 1 0 0 1 0 0 0 1 0 1 0 0 0 0 1 1 0 0 0 1 0 1 0 1 1 0 0 0 0 1 1 0 0 0 0
 1 1 0 1 0 1 0 0 1 1 1 0 1 1 0 0 0 1 0 1 1 1 0 0 1 1 0 1 1 0 0 0 0 0 0 0 0
 0 1 0 1 0 0 1 0 1 0 0 1 0 1 0 0 0 0 1 0 0 0 0 0 0 0 0 0 1 1 0 0 0 0 0 0 0
 0 0 0 0 0 0 0 1 1 0 0 0 0 0 1 1 1 0 0 1 0 0 1 0 1 0 0 0 1 0 0 0 1 1 0 0 1
 1 0 1 0 0 0 0 0 0 0 1 0 0 0 1 1 1 1 0 0 0 0 1 0 0 0 0 1 1 0 0 0 0 0 0 0 1
 0 0 0 0 1 1 0 1 0 0 0 0 0 0 0 0 0 0 1 0 0 1 1 1 0 0 0 0 0 0 1 0 0 1]",14,[ 3  8 14 14  5 14  5  2 11 11  2  5  3  5 14  3],[ 3  8 14 14  5 14  5  5 12 12  3  5  3  5 14  5],False,True,0.5,0.578125,"[np.int64(1), np.int64(0), np.int64(10), np.int64(5), np.int64(14), np.int64(10), np.int64(5), np.int64(5), np.int64(10), np.int64(3), np.int64(2), np.int64(13), np.int64(3), np.int64(4), np.int64(10), np.int64(2)]","[np.int64(4), np.int64(3), np.int64(6), np.int64(3), np.int64(12), np.int64(3), np.int64(8), np.int64(4), np.int64(7), np.int64(9), np.int64(1), np.int64(5), np.int64(8), np.int64(10), np.int64(8), np.int64(5)]",False,False,0.0,0.0,[ 3  8 14 14  5 14  3  5 12 12  2  5  3  5 14  3],[ 2  8 14 14  5 14  3  5 12 12  2  5  3  5 14  5],False,False,0.46875,0.515625,[ 2  8 14 14  5 14  5  2 11 11  2  5  3  5 14  3],[ 3  8 14 14  5 14  5  5 12 12  3  5  3  5 14  5],False,True,0.640625,0.875,0.92,0.043478260869565216,0.04,23,1,1,0.92,0.08695652173913043,0.08,23,2,2,1.0,0.0,0.0,25,0,0,1.0,0.0,0.0,25,0,0,0.96,0.041666666666666664,0.04,24,1,1,0.88,0.09090909090909091,0.08,22,2,2,0.04,0.0,0.0,1,0,0,0.04,1.0,1.0,1,1,25
"[0 0 0 0 0 0 0 1 1 0 0 0 1 0 0 1 0 0 0 0 0 0 0 1 0 0 1 1 1 0 1 0 0 0 0 0 0
 0 1 0 0 1 0 0 0 0 1 0 0 0 0 1 0 1 1 0 0 1 0 0 1 1 0 1 0 0 0 0 1 1 0 0 0 1
 0 0 0 0 1 1 0 0 0 1 1 0 0 0 0 0 1 0 0 0 0 0 0 0 1 1 0 0 1 0 0 0 0 0 0 1 0
 0 1 1 0 0 0 0 0 0 0 0 0 0 0 0 0 1 1 0 0 0 0 0 0 0 0 0 0 1 0 0 0 1 0 0 1 1
 1 0 0 0 0 0 0 0 0 0 0 0 0 1 0 0 0 1 0 0 0 0 0 1 0 0 1 0 0 1 0 0 0 0 0 0 1
 0 1 0 0 1 0 0 1 1 0 1 0 0 0 0 0 0 0 0 0 1 0 0 0 0 0 1 0 0 1 0 0 0 0 1 1 0
 0 0 0 1 1 0 1 0 0 0 0 0 1 0 0 0 1 0 1 0 0 1 1 0 0 1 1 0 0 0 0 0 0 1]",2,[15 14  2  6 14  4  2  1 11  2 14  1  1  6  2  4],[12 14  2  9  9  4  2  1 11  2 14 13  3  6  2  4],True,True,0.5,0.578125,"[np.int64(12), np.int64(3), np.int64(6), np.int64(4), np.int64(1), np.int64(5), np.int64(3), np.int64(5), np.int64(12), np.int64(1), np.int64(5), np.int64(5), np.int64(15), np.int64(9), np.int64(10), np.int64(13)]","[np.int64(12), np.int64(14), np.int64(2), np.int64(10), np.int64(6), np.int64(11), np.int64(3), np.int64(1), np.int64(10), np.int64(4), np.int64(12), np.int64(14), np.int64(2), np.int64(1), np.int64(2), np.int64(0)]",False,False,0.0,0.0,[12 14  2  6  9  4  2  1 15  2 14 13  3  6  2  3],[ 7 14  2  6  9  3  2  1 15  2 14  1  1  6  2  3],False,True,0.46875,0.515625,[12 14  2  9  9  3  2  1 15  2 14 10  3  6  2  3],[ 7 14  2  6  9 10  2  1 11  2 14  1  1  6  2  4],True,True,0.640625,0.875,1.0,0.28,0.28,25,7,7,1.0,0.48,0.48,25,12,12,1.0,0.0,0.0,25,0,0,1.0,0.0,0.0,25,0,0,1.0,0.24,0.24,25,6,6,0.96,0.4583333333333333,0.48,24,11,12,0.04,1.0,1.0,1,1,25,0.04,1.0,1.0,1,1,25
"[0 0 0 1 0 0 0 0 1 0 1 0 0 0 1 0 0 1 0 0 0 0 0 0 0 1 0 0 0 0 1 1 0 0 0 0 0
 1 1 0 0 0 1 1 0 1 1 0 1 0 0 1 1 0 0 0 1 1 1 0 0 1 1 0 0 0 0 1 0 0 1 0 0 1
 0 0 0 0 1 0 0 0 1 0 0 0 0 1 0 0 1 0 1 0 0 0 0 0 1 0 1 0 0 0 0 0 1 0 1 0 0
 0 0 0 0 0 0 1 0 1 0 0 1 0 0 0 0 0 1 0 0 1 0 0 0 0 1 0 0 0 1 0 0 0 0 1 0 1
 1 0 0 0 0 0 0 0 0 0 0 0 1 0 1 1 0 1 1 1 0 0 0 1 1 1 0 0 0 0 1 0 0 0 0 0 0
 0 1 0 0 0 0 1 0 0 0 0 0 1 1 0 1 0 1 0 0 0 0 0 0 0 1 1 0 0 0 0 0 0 1 0 0 1
 0 1 1 1 1 1 1 0 0 0 0 0 0 0 0 0 0 1 0 1 0 0 0 0 0 0 0 0 0 1 0 1 1 1]",14,[14 14 14 14 14  2  2 10  0  4  2 15  6 15 14 14],[14 14 14 14 14  2  4  5  3  3  3  2 10  3 14 14],True,False,0.5,0.578125,"[np.int64(13), np.int64(9), np.int64(8), np.int64(1), np.int64(9), np.int64(11), np.int64(12), np.int64(4), np.int64(3), np.int64(7), np.int64(14), np.int64(4), np.int64(15), np.int64(13), np.int64(5), np.int64(4)]","[np.int64(11), np.int64(0), np.int64(4), np.int64(0), np.int64(8), np.int64(3), np.int64(0), np.int64(9), np.int64(14), np.int64(3), np.int64(3), np.int64(14), np.int64(3), np.int64(12), np.int64(2), np.int64(4)]",False,False,0.0,0.0,[14 14 14 14 14  2  2 10  0  4  3 15  5  3 14 14],[14 14 14 14 14  2  2 10  0  4  0 15 10  2 14 14],False,False,0.46875,0.515625,[14 14 14 14 14  2  2  5  3  4  2  2  8 15 14 14],[14 14 14 14 14  2  4  5  3  3  3  2  5  3 14 14],False,True,0.640625,0.875,0.96,0.2916666666666667,0.28,24,7,7,1.0,0.24,0.24,25,6,6,1.0,0.0,0.0,25,0,0,1.0,0.0,0.0,25,0,0,1.0,0.2,0.2,25,5,5,1.0,0.12,0.12,25,3,3,0.04,0.0,0.0,1,0,0,0.04,1.0,1.0,1,1,25
"[1 1 0 1 0 0 0 0 0 0 0 0 0 0 0 1 1 0 0 0 0 0 1 0 1 1 1 0 0 0 0 0 0 0 1 0 0
 0 0 1 0 0 0 1 0 0 0 1 1 0 0 1 1 0 0 1 0 1 0 0 0 1 1 0 0 0 0 1 1 0 1 0 1 1
 0 0 1 1 0 1 0 0 0 0 0 1 1 0 0 0 0 0 0 1 1 0 0 1 0 0 1 1 1 0 1 0 1 1 1 0 1
 1 0 0 1 1 0 0 0 0 0 1 1 1 0 0 0 0 0 1 0 0 1 0 1 0 0 1 1 0 0 1 1 1 0 1 0 1
 1 0 0 1 1 1 0 0 0 0 0 1 0 1 0 0 0 0 1 1 1 0 0 0 0 0 0 0 0 0 1 0 0 0 1 1 0
 0 0 1 0 0 1 1 0 0 0 0 1 0 1 0 0 0 0 0 0 0 0 0 0 0 0 1 1 1 0 0 1 0 0 0 0 0
 0 0 0 0 0 1 0 1 1 0 1 0 0 1 0 0 1 1 1 0 1 0 1 0 1 0 1 1 0 1 0 0 1 1]",4,[ 3  8 15  4  4  6  4  9  4  4  8  6  4  4  3  4],[15  6 15  4  4  6  4  3  4  4  8  6  4  4  8  4],False,False,0.5,0.578125,"[np.int64(13), np.int64(14), np.int64(3), np.int64(1), np.int64(15), np.int64(10), np.int64(11), np.int64(7), np.int64(4), np.int64(1), np.int64(3), np.int64(8), np.int64(13), np.int64(5), np.int64(0), np.int64(4)]","[np.int64(4), np.int64(1), np.int64(1), np.int64(2), np.int64(15), np.int64(11), np.int64(11), np.int64(12), np.int64(5), np.int64(9), np.int64(1), np.int64(0), np.int64(12), np.int64(0), np.int64(12), np.int64(2)]",False,False,0.0,0.0,[ 3  6 15  4  4 13  4  9  4  4  8  6  4  4  3  4],[ 3  8 15  4  4  6  4  3  4  4  6  6  4  4  3  4],False,False,0.46875,0.515625,[ 3  8 15  4  4 13  4  3  4  4  6  6  4  4  8  4],[ 3  8 15  4  4  6  4  3  4  4  8 15  4  4  3  4],False,True,0.640625,0.875,0.96,0.125,0.12,24,3,3,1.0,0.24,0.24,25,6,6,1.0,0.0,0.0,25,0,0,1.0,0.0,0.0,25,0,0,1.0,0.16,0.16,25,4,4,1.0,0.36,0.36,25,9,9,0.04,0.0,0.0,1,0,0,0.04,1.0,1.0,1,1,25
"[1 0 1 0 1 1 0 1 0 0 0 0 0 1 0 0 0 0 0 0 0 0 0 1 1 0 0 0 0 0 0 1 1 0 1 0 0
 0 0 0 1 0 0 0 1 0 0 0 0 0 0 0 1 0 0 0 0 0 0 0 0 0 0 0 1 0 0 1 1 0 1 0 0 0
 0 0 0 0 0 0 1 0 0 0 0 1 0 0 0 0 0 1 0 0 0 0 0 0 0 0 1 0 1 0 0 0 0 0 0 0 0
 0 1 1 0 0 0 0 0 0 0 0 0 1 0 0 1 0 0 1 1 0 0 0 0 0 1 0 0 0 0 0 1 0 0 0 0 0
 0 0 0 0 0 1 0 0 0 0 0 0 0 0 0 0 0 0 0 0 0 0 0 0 0 0 0 0 0 0 0 0 0 1 0 1 0
 0 0 0 0 0 0 0 0 0 1 0 0 0 0 0 0 0 0 0 1 0 0 1 1 0 0 0 0 0 0 0 0 0 0 0 0 0
 1 0 0 0 0 0 0 0 0 1 1 0 0 0 0 1 0 0 0 1 0 0 0 0 0 0 0 0 0 0 1 0 0 1]",2,[ 2  8  2  4  0  0  4  0  2  9 10  7  2  0  8 12],[ 2  8  2  4  0  0  4  0  2  9 10  7  2  0  8 12],True,True,0.5,0.578125,"[np.int64(3), np.int64(1), np.int64(10), np.int64(1), np.int64(15), np.int64(9), np.int64(5), np.int64(5), np.int64(2), np.int64(2), np.int64(5), np.int64(15), np.int64(5), np.int64(6), np.int64(5), np.int64(6)]","[np.int64(0), np.int64(15), np.int64(2), np.int64(1), np.int64(3), np.int64(11), np.int64(3), np.int64(8), np.int64(1), np.int64(6), np.int64(14), np.int64(6), np.int64(2), np.int64(15), np.int64(13), np.int64(10)]",False,False,0.0,0.0,[ 2  8  2  4  0  0  4  0  2  5  7  7  2  0  8 12],[ 2  8  2  4  0  0  4  0  2  9 10  5  2  0  8 12],False,True,0.46875,0.515625,[ 2  8  2  4  0  0  4  0  2  0  0  7  2  0  8 12],[ 2  8  2  4  0  0  4  0  2  0  0  7  2  0  8 12],False,False,0.640625,0.875,0.08,1.0,1.0,2,2,25,0.08,1.0,1.0,2,2,25,1.0,0.0,0.0,25,0,0,1.0,0.0,0.0,25,0,0,0.6,0.0,0.0,15,0,0,0.08,1.0,1.0,2,2,25,0.04,0.0,0.0,1,0,0,0.04,0.0,0.0,1,0,0
"[0 1 0 0 0 0 1 0 0 1 0 0 0 1 0 0 1 0 0 0 1 0 0 0 1 1 0 1 0 0 0 0 0 0 1 0 0
 0 0 0 0 1 0 0 0 0 1 0 0 0 0 1 0 1 0 0 0 0 1 0 0 0 0 1 0 1 0 0 0 0 0 0 0 0
 0 1 0 0 0 1 0 0 0 1 0 1 0 0 0 0 0 0 0 0 1 1 1 0 0 0 0 0 0 0 0 1 0 1 0 1 1
 0 0 0 0 0 0 0 0 0 0 1 0 1 0 1 0 0 0 1 0 0 0 0 0 0 0 0 0 0 0 1 0 0 1 1 1 0
 0 0 1 1 0 0 0 0 0 0 0 1 0 0 0 1 0 0 0 0 0 0 1 0 0 0 0 0 0 1 0 0 1 0 1 1 0
 0 0 1 0 1 0 0 0 0 0 0 0 0 0 0 0 0 0 0 0 1 1 1 1 0 0 0 0 0 1 1 1 0 0 1 1 1
 0 1 0 0 1 0 0 1 1 0 0 0 0 0 1 0 1 1 0 0 0 1 1 1 0 0 0 1 0 0 1 1 1 1]",2,[ 9  9  2  5 15 14  9  9  1  2  3  6 14  6  2  9],[ 9  9  2 15 15 14 14  9  1  2  3  1 14  0  2 14],True,True,0.5,0.578125,"[np.int64(6), np.int64(3), np.int64(8), np.int64(11), np.int64(8), np.int64(2), np.int64(0), np.int64(15), np.int64(15), np.int64(2), np.int64(0), np.int64(14), np.int64(11), np.int64(0), np.int64(0), np.int64(7)]","[np.int64(3), np.int64(13), np.int64(1), np.int64(5), np.int64(6), np.int64(2), np.int64(7), np.int64(12), np.int64(11), np.int64(5), np.int64(8), np.int64(4), np.int64(0), np.int64(14), np.int64(11), np.int64(10)]",False,False,0.0,0.0,[ 9  9  2 15  1 14 14  9  1  2  3  6 14  7  2 14],[ 9  9  2  5 15 14  9  9  1  2  3  6 14  6  2 14],False,False,0.46875,0.515625,[ 9  9  2  5  1 14  9  9  1  2  3  6 14  6  2  9],[ 9  9  2 15  1 14 14  9  1  2  3  6 14  6  2 14],True,True,0.640625,0.875,0.92,0.34782608695652173,0.36,23,8,9,1.0,0.24,0.24,25,6,6,1.0,0.0,0.0,25,0,0,1.0,0.0,0.0,25,0,0,1.0,0.44,0.44,25,11,11,1.0,0.36,0.36,25,9,9,0.04,1.0,1.0,1,1,25,0.04,1.0,1.0,1,1,25
"[0 0 0 0 0 0 0 0 1 0 0 0 0 1 0 0 0 1 0 1 1 0 0 0 1 0 0 0 0 0 1 0 0 0 1 0 1
 1 1 0 0 1 1 0 0 0 1 0 0 1 0 0 0 0 0 0 0 0 1 1 0 1 0 0 0 1 1 0 1 1 0 1 0 0
 0 0 0 0 0 0 0 0 1 0 1 1 0 1 0 0 0 0 1 0 0 0 0 0 1 0 0 0 1 1 0 1 0 1 0 0 0
 0 0 0 0 0 1 1 1 0 0 0 0 0 0 1 0 0 1 1 0 0 0 0 0 0 0 0 1 0 0 0 0 0 0 0 1 0
 0 0 1 0 0 1 0 1 1 0 0 0 0 0 1 1 0 0 0 0 1 0 1 0 1 0 0 0 0 0 0 1 0 0 1 0 0
 1 0 0 1 0 0 0 0 0 0 0 0 1 0 0 0 1 1 1 1 1 0 0 1 0 0 1 0 0 0 1 0 0 0 0 1 0
 0 0 0 1 1 0 0 0 0 0 0 0 0 0 0 0 1 1 0 0 0 0 0 0 0 0 0 0 0 0 0 0 1 1]",13,[13  3  6 13  7  7  7 13  0 12 12 12 13 13  1 14],[13  3  9 13  7  7  7 13  0 12  3 12 13 13  1 14],True,False,0.5,0.578125,"[np.int64(7), np.int64(4), np.int64(13), np.int64(10), np.int64(1), np.int64(5), np.int64(0), np.int64(3), np.int64(8), np.int64(7), np.int64(7), np.int64(9), np.int64(5), np.int64(13), np.int64(6), np.int64(10)]","[np.int64(15), np.int64(4), np.int64(3), np.int64(3), np.int64(5), np.int64(14), np.int64(9), np.int64(8), np.int64(1), np.int64(1), np.int64(0), np.int64(8), np.int64(15), np.int64(14), np.int64(15), np.int64(5)]",False,False,0.0,0.0,[13  3  5 13  7 12  7 13  0 12 12  3 13 13  1 14],[13  3  9 13  7  7  7 13  0 12  3 12 13 13  1 14],False,False,0.46875,0.515625,[13  3 10 13  7 12  7 13  0 12 12 12 13 13  1 14],[13  3  9 13  7  7  7 13  0 12  3  3 13 13  1 14],True,True,0.640625,0.875,0.72,0.5555555555555556,0.56,18,10,14,0.8,0.6,0.64,20,12,16,1.0,0.0,0.0,25,0,0,1.0,0.0,0.0,25,0,0,0.88,0.45454545454545453,0.4,22,10,10,0.72,0.3888888888888889,0.4,18,7,10,0.04,1.0,1.0,1,1,25,0.04,1.0,1.0,1,1,25
"[1 0 0 0 1 0 1 0 1 0 0 0 0 0 1 0 0 0 0 1 0 0 0 0 0 0 0 1 1 0 1 0 0 0 0 0 0
 0 0 1 0 0 1 1 1 0 1 1 0 1 0 1 0 0 1 0 1 0 0 0 1 1 1 0 1 0 0 0 0 0 0 0 1 0
 0 0 1 0 0 0 0 0 0 0 0 0 0 0 1 0 0 0 0 0 0 0 1 0 0 1 0 0 1 1 0 0 0 0 0 0 0
 0 0 0 1 0 0 0 1 0 0 0 0 1 0 0 0 0 1 0 0 1 1 1 0 0 1 0 0 0 0 1 0 0 0 0 0 0
 0 0 0 0 0 0 0 1 1 0 0 0 0 0 1 0 0 0 0 0 0 0 1 0 0 0 0 1 0 1 1 0 0 0 0 1 0
 1 0 1 0 1 0 0 0 1 1 1 1 0 0 0 0 1 0 0 1 1 0 0 0 0 0 1 0 0 0 0 1 0 0 1 1 0
 1 0 1 1 1 1 0 0 0 0 0 0 0 0 0 1 0 0 0 0 1 0 0 0 0 0 0 0 1 0 0 0 0 0]",14,[14 14 14 14  0  8  0  2 13 11  2  1  2 14 14  2],[14 14 14 14  0  8  0  2  3 12  2  2  2 14 14  2],False,False,0.5,0.578125,"[np.int64(1), np.int64(13), np.int64(5), np.int64(0), np.int64(12), np.int64(1), np.int64(2), np.int64(7), np.int64(2), np.int64(7), np.int64(13), np.int64(2), np.int64(13), np.int64(14), np.int64(5), np.int64(6)]","[np.int64(11), np.int64(10), np.int64(6), np.int64(15), np.int64(8), np.int64(8), np.int64(4), np.int64(0), np.int64(8), np.int64(8), np.int64(6), np.int64(10), np.int64(3), np.int64(0), np.int64(4), np.int64(4)]",False,False,0.0,0.0,[14 14 14 14  0  8  3  2  0 11  2  2  2 14 14  2],[14 14 14 14  0  8  0  2 13 12  2 13  1 14 14  2],False,False,0.46875,0.515625,[14 14 14 14  0  8  0  2 13 12  2  2 13 14 14  2],[14 14 14 14  0  8  0  2  0 12  2  1  1 14 14  2],False,True,0.640625,0.875,0.96,0.16666666666666666,0.16,24,4,4,0.88,0.18181818181818182,0.24,22,4,6,1.0,0.0,0.0,25,0,0,1.0,0.0,0.0,25,0,0,0.96,0.25,0.24,24,6,6,0.84,0.23809523809523808,0.2,21,5,5,0.04,0.0,0.0,1,0,0,0.04,1.0,1.0,1,1,25
"[1 0 0 0 0 0 0 1 0 0 0 1 0 0 0 0 0 1 1 1 1 0 0 0 0 1 0 0 0 0 0 0 0 1 1 1 0
 1 0 0 0 1 1 0 0 0 0 0 0 1 1 1 0 0 0 0 0 0 0 0 0 0 0 1 0 1 0 0 0 0 0 0 0 0
 0 0 0 0 0 0 0 0 1 0 0 0 0 0 0 1 0 0 0 1 1 0 0 0 0 0 0 0 0 0 1 0 0 0 0 0 0
 0 1 0 0 0 0 0 0 0 0 0 0 1 0 0 0 1 0 0 0 0 0 0 1 0 0 0 0 1 0 0 0 0 0 1 1 0
 0 1 0 0 0 1 0 0 0 0 0 0 0 0 1 0 0 0 0 0 0 0 0 0 0 0 0 0 1 0 0 0 0 0 0 1 1
 0 0 1 1 0 1 1 0 0 0 0 0 0 0 0 0 0 0 1 1 0 0 0 0 0 0 0 0 1 0 0 0 0 0 0 0 1
 0 0 0 0 0 0 0 1 0 0 0 0 0 1 0 0 1 0 0 0 0 1 0 0 0 1 0 0 0 1 0 0 0 1]",7,[ 7  3  3 15  1 14  8  7 11  5  2  7 11  5 11  7],[ 7  3  3 15  1 14  8  7 11  1  2  7 11  5 11  7],True,True,0.5,0.578125,"[np.int64(14), np.int64(8), np.int64(7), np.int64(8), np.int64(2), np.int64(10), np.int64(12), np.int64(0), np.int64(5), np.int64(10), np.int64(13), np.int64(8), np.int64(5), np.int64(13), np.int64(5), np.int64(10)]","[np.int64(4), np.int64(2), np.int64(0), np.int64(0), np.int64(6), np.int64(1), np.int64(11), np.int64(1), np.int64(15), np.int64(6), np.int64(2), np.int64(3), np.int64(9), np.int64(10), np.int64(2), np.int64(5)]",False,False,0.0,0.0,[ 7  3  3 15  1 14  8  7 11  2  2  7 11  5 11  7],[ 7  3  3 15  1 14  8  7 11  1  2  7 11  5 11  7],True,True,0.46875,0.515625,[ 7  3  3 15  1 14  8  7 11  2  2  7 11  5 11  7],[ 7  3  3 15  1 14  8  7 11  5  2  7 11  5 11  7],True,True,0.640625,0.875,0.12,1.0,1.0,3,3,25,0.12,1.0,1.0,3,3,25,1.0,0.0,0.0,25,0,0,1.0,0.0,0.0,25,0,0,0.12,1.0,1.0,3,3,25,0.12,1.0,1.0,3,3,25,0.04,1.0,1.0,1,1,25,0.04,1.0,1.0,1,1,25
"[0 1 1 0 0 0 1 1 0 0 0 0 1 0 1 0 1 0 1 0 0 1 0 0 1 1 0 0 0 1 0 0 1 1 0 0 0
 0 1 1 0 0 1 0 0 0 1 1 0 0 0 0 0 0 0 1 1 0 0 1 0 1 0 1 0 0 0 0 0 0 0 1 1 0
 0 0 0 1 1 0 0 1 0 0 0 1 0 0 0 0 0 0 0 0 0 0 1 0 1 0 0 0 0 0 0 0 0 0 0 0 0
 1 1 0 1 1 1 0 0 0 1 0 0 0 0 0 0 1 0 1 0 1 1 0 0 1 0 0 0 0 0 1 0 0 0 1 0 0
 0 0 0 0 0 0 0 0 1 1 0 1 0 0 1 0 0 0 0 0 0 0 1 0 0 0 0 0 0 0 0 1 0 0 0 0 0
 0 0 0 1 0 0 0 1 0 0 0 0 0 0 0 0 1 0 1 0 1 1 0 0 1 0 1 1 0 0 0 1 1 0 0 1 0
 0 0 1 0 1 0 1 0 0 0 0 0 0 0 1 0 1 0 0 0 1 1 0 0 1 1 0 1 0 0 0 0 0 1]",15,[ 2  9 15 15  7  1 15 15  3 15  2  3  9  3  2 15],[ 6  2 15 15  7  1 15 15  3 15  2  3  9  9  2 15],True,True,0.5,0.578125,"[np.int64(14), np.int64(11), np.int64(6), np.int64(14), np.int64(14), np.int64(13), np.int64(11), np.int64(5), np.int64(10), np.int64(13), np.int64(10), np.int64(5), np.int64(9), np.int64(12), np.int64(8), np.int64(13)]","[np.int64(1), np.int64(2), np.int64(0), np.int64(9), np.int64(8), np.int64(8), np.int64(2), np.int64(2), np.int64(9), np.int64(5), np.int64(11), np.int64(14), np.int64(3), np.int64(5), np.int64(2), np.int64(13)]",False,False,0.0,0.0,[ 2  9 15 15  7  1 15 15  7 15  2  3  9  9  2 15],[ 6  2 15 15  7  1 15 15  7 15  2  3  9  9  2 15],True,True,0.46875,0.515625,[ 7  9 15 15  7  1 15 15  7 15  2  3  9  9  2 15],[ 2  9 15 15  7  1 15 15  7 15  2  3  9  9  2 15],True,True,0.640625,0.875,0.56,0.8571428571428571,0.76,14,12,19,0.52,0.9230769230769231,0.92,13,12,23,1.0,0.0,0.0,25,0,0,1.0,0.0,0.0,25,0,0,0.56,0.9285714285714286,0.88,14,13,22,0.6,0.8666666666666667,0.88,15,13,22,0.04,1.0,1.0,1,1,25,0.04,1.0,1.0,1,1,25
"[1 1 0 0 1 0 1 0 0 0 1 1 0 0 0 0 1 1 0 0 1 0 1 1 0 0 1 0 0 0 0 0 0 0 0 1 0
 0 1 0 1 0 1 0 0 0 0 1 0 0 1 0 1 0 1 0 1 0 1 0 0 0 0 0 1 1 0 1 1 1 0 0 0 0
 1 0 1 1 0 1 0 0 0 0 1 0 1 1 1 1 0 0 1 0 0 0 1 1 1 1 0 1 0 0 0 1 0 0 1 1 0
 1 0 1 0 0 0 1 0 0 0 1 0 1 1 1 0 0 0 0 1 1 0 1 0 0 1 0 0 0 0 0 0 0 0 0 0 0
 0 1 1 1 0 1 0 0 0 0 0 0 1 1 1 1 1 0 0 0 0 0 0 1 0 0 0 0 1 0 0 0 0 0 0 1 0
 0 1 0 1 1 0 1 0 0 0 0 1 1 1 1 0 0 0 1 1 1 0 0 0 0 0 0 1 0 1 1 0 0 0 1 1 1
 1 0 0 0 0 0 0 0 0 0 0 0 0 0 0 1 0 0 0 0 1 0 1 0 1 0 0 0 0 1 0 0 0 0]",1,[ 1  1 10  6  1  7  1  1  5  6  1  0  4  6 13  4],[ 1  1 10  4  1  7  1  1  2  7  1  7  7  4 13  4],False,False,0.5,0.578125,"[np.int64(11), np.int64(15), np.int64(8), np.int64(14), np.int64(13), np.int64(6), np.int64(0), np.int64(5), np.int64(1), np.int64(1), np.int64(15), np.int64(2), np.int64(7), np.int64(3), np.int64(4), np.int64(14)]","[np.int64(3), np.int64(1), np.int64(7), np.int64(13), np.int64(0), np.int64(12), np.int64(11), np.int64(0), np.int64(7), np.int64(2), np.int64(5), np.int64(15), np.int64(10), np.int64(12), np.int64(3), np.int64(8)]",False,False,0.0,0.0,[ 1  1 10  4  1  6  1  1  2  7  1  0  4  7 13  4],[ 1  1 10 10  1  7  1  1  5  7  1  7  4  7 13  6],False,False,0.46875,0.515625,[ 1  1 10 10  1  7  1  1  5  7  1  7  7  7 13  6],[ 1  1  6  6  1  6  1  1  5  6  1  7  6  6 13  6],True,True,0.640625,0.875,1.0,0.0,0.0,25,0,0,1.0,0.0,0.0,25,0,0,1.0,0.0,0.0,25,0,0,1.0,0.0,0.0,25,0,0,1.0,0.0,0.0,25,0,0,1.0,0.0,0.0,25,0,0,0.04,1.0,1.0,1,1,25,0.04,1.0,1.0,1,1,25
"[1 1 0 1 0 0 0 0 0 0 0 0 0 0 0 1 1 0 0 0 0 0 1 0 1 1 1 0 0 0 0 0 0 0 1 0 0
 0 0 1 0 0 0 1 0 0 0 1 1 0 0 1 1 0 0 1 0 1 0 0 0 1 1 0 0 0 0 1 1 0 1 0 1 1
 0 0 1 1 0 1 0 0 0 0 0 1 1 0 0 0 0 0 0 1 1 0 0 1 0 0 1 1 1 0 1 0 1 1 1 0 1
 1 0 0 1 1 0 0 0 0 0 1 1 1 0 0 0 0 0 1 0 0 1 0 1 0 0 1 1 0 0 1 1 1 0 1 0 1
 1 0 0 1 1 1 0 0 0 0 0 1 0 1 0 0 0 0 1 1 1 0 0 0 0 0 0 0 0 0 1 0 0 0 1 1 0
 0 0 1 0 0 1 1 0 0 0 0 1 0 1 0 0 0 0 0 0 0 0 0 0 0 0 1 1 1 0 0 1 0 0 0 0 0
 0 0 0 0 0 1 0 1 1 0 1 0 0 1 0 0 1 1 1 0 1 0 1 0 1 0 1 1 0 1 0 0 1 1]",4,[ 3  8 15  4  4 13  4  3  4  4  6 15  4  4  6  4],[ 3  6 15  4  4 13  4  3  4  4  8  6  4  4  3  4],False,False,0.5,0.578125,"[np.int64(14), np.int64(8), np.int64(4), np.int64(10), np.int64(11), np.int64(0), np.int64(6), np.int64(10), np.int64(7), np.int64(11), np.int64(5), np.int64(15), np.int64(0), np.int64(7), np.int64(10), np.int64(7)]","[np.int64(9), np.int64(2), np.int64(3), np.int64(7), np.int64(14), np.int64(3), np.int64(9), np.int64(11), np.int64(4), np.int64(7), np.int64(8), np.int64(0), np.int64(13), np.int64(13), np.int64(15), np.int64(11)]",False,False,0.0,0.0,[15  9 15  4  4  6  4  3  4  4  6 15  4  4  6  4],[15  9 15  4  4  6  4  3  4  4  6  6  4  4  8  4],False,False,0.46875,0.515625,[ 3  8 15  4  4 13  4  3  4  4  6  6  4  4  8  4],[ 3  8 15  4  4  6  4  3  4  4  8 15  4  4  3  4],False,True,0.640625,0.875,0.88,0.22727272727272727,0.2,22,5,5,0.92,0.21739130434782608,0.2,23,5,5,1.0,0.0,0.0,25,0,0,1.0,0.0,0.0,25,0,0,1.0,0.2,0.2,25,5,5,0.92,0.08695652173913043,0.08,23,2,2,0.04,0.0,0.0,1,0,0,0.04,1.0,1.0,1,1,25
"[0 1 0 1 1 0 0 1 0 1 0 1 0 1 1 0 1 1 0 0 0 0 1 0 1 0 0 0 0 0 0 0 0 0 0 0 0
 0 1 0 0 0 0 0 1 0 0 0 1 0 0 0 0 0 0 0 0 1 0 0 1 0 0 0 1 0 0 0 1 0 0 0 0 0
 0 0 1 0 0 0 0 0 0 0 0 0 1 0 0 1 1 0 1 1 0 0 0 1 1 0 0 1 0 0 0 1 0 0 0 0 1
 0 1 0 0 0 0 0 0 0 1 0 0 0 0 0 0 0 0 1 0 0 0 0 0 1 1 0 0 0 0 0 0 0 1 0 0 1
 0 1 1 0 0 1 0 0 0 1 1 0 0 0 0 0 0 1 0 0 0 0 0 1 1 1 0 0 1 0 0 0 0 0 0 0 0
 0 1 0 0 0 0 1 0 0 1 1 1 1 0 0 0 0 1 0 0 0 0 0 1 0 0 0 0 1 0 0 0 1 1 0 0 1
 0 1 1 0 0 0 0 0 1 0 0 1 0 0 0 0 0 1 0 0 0 0 0 0 0 0 0 0 0 1 0 1 1 0]",11,[11  0 12  0  0 10  1  0  7  0 11 11 10 10  0 11],[11  0 12  0  0 10 14  0  7  0 11 11 10 15  0 11],True,False,0.5,0.578125,"[np.int64(13), np.int64(14), np.int64(2), np.int64(12), np.int64(9), np.int64(5), np.int64(3), np.int64(15), np.int64(11), np.int64(4), np.int64(14), np.int64(13), np.int64(3), np.int64(14), np.int64(14), np.int64(3)]","[np.int64(10), np.int64(5), np.int64(7), np.int64(5), np.int64(10), np.int64(12), np.int64(2), np.int64(7), np.int64(14), np.int64(1), np.int64(11), np.int64(13), np.int64(10), np.int64(8), np.int64(6), np.int64(5)]",False,False,0.0,0.0,[11  0 12  0  0 10  5  0  1  0 11 11 10  0 15 11],[11  0 12  0  0 10 14  0  7  0 11 11 10 15 15 11],False,True,0.46875,0.515625,[11  0 12  0  0 10  5  0  7  0 11 11 10 15 15 11],[11  0 12  0  0 10  1  0  1  0 11 11 10 10 15 11],True,True,0.640625,0.875,0.68,0.7058823529411765,0.76,17,12,19,0.72,0.4444444444444444,0.48,18,8,12,1.0,0.0,0.0,25,0,0,1.0,0.0,0.0,25,0,0,0.72,0.7222222222222222,0.68,18,13,17,0.68,0.5882352941176471,0.56,17,10,14,0.04,1.0,1.0,1,1,25,0.04,1.0,1.0,1,1,25
"[1 1 0 0 1 0 1 0 0 0 1 1 0 0 0 0 1 1 0 0 1 0 1 1 0 0 1 0 0 0 0 0 0 0 0 1 0
 0 1 0 1 0 1 0 0 0 0 1 0 0 1 0 1 0 1 0 1 0 1 0 0 0 0 0 1 1 0 1 1 1 0 0 0 0
 1 0 1 1 0 1 0 0 0 0 1 0 1 1 1 1 0 0 1 0 0 0 1 1 1 1 0 1 0 0 0 1 0 0 1 1 0
 1 0 1 0 0 0 1 0 0 0 1 0 1 1 1 0 0 0 0 1 1 0 1 0 0 1 0 0 0 0 0 0 0 0 0 0 0
 0 1 1 1 0 1 0 0 0 0 0 0 1 1 1 1 1 0 0 0 0 0 0 1 0 0 0 0 1 0 0 0 0 0 0 1 0
 0 1 0 1 1 0 1 0 0 0 0 1 1 1 1 0 0 0 1 1 1 0 0 0 0 0 0 1 0 1 1 0 0 0 1 1 1
 1 0 0 0 0 0 0 0 0 0 0 0 0 0 0 1 0 0 0 0 1 0 1 0 1 0 0 0 0 1 0 0 0 0]",1,[ 1  1 10  6  1  7  1  1  3  6  1 10  7  7 13  6],[ 1  1  6  6  1  4  1  1  3  6  1  7  4  4 13  4],False,False,0.5,0.578125,"[np.int64(10), np.int64(6), np.int64(13), np.int64(5), np.int64(8), np.int64(13), np.int64(6), np.int64(3), np.int64(7), np.int64(6), np.int64(4), np.int64(3), np.int64(11), np.int64(6), np.int64(10), np.int64(8)]","[np.int64(10), np.int64(1), np.int64(9), np.int64(15), np.int64(13), np.int64(5), np.int64(12), np.int64(12), np.int64(10), np.int64(8), np.int64(1), np.int64(11), np.int64(9), np.int64(1), np.int64(1), np.int64(4)]",False,False,0.0,0.0,[ 1  1  6 10  1  6  1  1  2  7  1  0  4  7 13  6],[ 1  1  6  6  1  4  1  1  2  6  1  0  4  4 13  6],False,False,0.46875,0.515625,[ 1  1 10 10  1  7  1  1  5  7  1  7  7  7 13  6],[ 1  1  6  6  1  6  1  1  5  6  1  7  6  6 13  6],True,True,0.640625,0.875,1.0,0.04,0.04,25,1,1,1.0,0.04,0.04,25,1,1,1.0,0.0,0.0,25,0,0,1.0,0.0,0.0,25,0,0,1.0,0.04,0.04,25,1,1,1.0,0.0,0.0,25,0,0,0.04,1.0,1.0,1,1,25,0.04,1.0,1.0,1,1,25
"[0 0 0 0 0 0 0 0 0 0 0 0 0 0 0 0 0 1 1 1 1 0 0 0 0 0 0 0 0 0 0 0 0 1 0 0 0
 1 0 0 1 0 0 0 1 0 0 1 0 1 0 1 0 1 0 0 1 0 0 0 0 0 1 0 0 1 0 0 1 0 0 1 0 0
 0 0 1 0 0 1 0 0 1 1 0 0 0 1 1 1 1 1 0 0 0 0 0 0 0 0 0 0 0 0 0 1 0 0 0 0 0
 1 0 0 0 0 1 1 0 0 1 1 0 0 1 0 0 0 0 0 1 1 0 1 0 1 1 1 0 0 1 0 1 0 0 0 0 0
 0 1 1 1 1 1 1 0 0 0 1 0 0 0 0 0 0 1 0 0 0 1 1 0 0 0 0 0 0 0 0 0 0 1 0 0 0
 0 0 1 1 0 0 0 0 0 1 0 1 0 0 1 1 0 0 1 0 0 0 0 0 0 0 0 0 0 0 0 0 0 0 0 0 0
 0 0 0 0 0 1 0 0 0 0 1 1 0 0 0 0 1 1 0 0 1 0 1 0 1 0 0 0 0 0 0 0 1 1]",12,[ 0  2 12  8 12  2 15 12 12  8  9 12 12 13  8  4],[ 0  2 12  8 12  7 15 12 12  8  9 12 12 13  8  4],False,False,0.5,0.578125,"[np.int64(12), np.int64(2), np.int64(12), np.int64(0), np.int64(1), np.int64(5), np.int64(8), np.int64(6), np.int64(11), np.int64(12), np.int64(1), np.int64(8), np.int64(7), np.int64(11), np.int64(0), np.int64(10)]","[np.int64(12), np.int64(1), np.int64(14), np.int64(14), np.int64(9), np.int64(0), np.int64(13), np.int64(13), np.int64(1), np.int64(8), np.int64(6), np.int64(14), np.int64(3), np.int64(7), np.int64(1), np.int64(8)]",False,False,0.0,0.0,[ 3  2 12  8 12 11  9 12 12  7  9 12 12 15  8  4],[ 0  4 12  8 12  7  9 12 12  7  9 12 12 13  8  4],False,True,0.46875,0.515625,[ 1  4 12  8 12 11 15 12 12  8  9 12 12  0  8  4],[ 1  4 12  8 12 11  9 12 12  7  5 12 12  0  8  4],False,False,0.640625,0.875,0.88,0.2727272727272727,0.32,22,6,8,0.84,0.19047619047619047,0.2,21,4,5,1.0,0.0,0.0,25,0,0,1.0,0.0,0.0,25,0,0,0.96,0.0,0.0,24,0,0,0.84,0.23809523809523808,0.24,21,5,6,0.04,0.0,0.0,1,0,0,0.04,0.0,0.0,1,0,0
"[0 1 0 1 1 0 0 1 0 1 0 1 0 1 1 0 1 1 0 0 0 0 1 0 1 0 0 0 0 0 0 0 0 0 0 0 0
 0 1 0 0 0 0 0 1 0 0 0 1 0 0 0 0 0 0 0 0 1 0 0 1 0 0 0 1 0 0 0 1 0 0 0 0 0
 0 0 1 0 0 0 0 0 0 0 0 0 1 0 0 1 1 0 1 1 0 0 0 1 1 0 0 1 0 0 0 1 0 0 0 0 1
 0 1 0 0 0 0 0 0 0 1 0 0 0 0 0 0 0 0 1 0 0 0 0 0 1 1 0 0 0 0 0 0 0 1 0 0 1
 0 1 1 0 0 1 0 0 0 1 1 0 0 0 0 0 0 1 0 0 0 0 0 1 1 1 0 0 1 0 0 0 0 0 0 0 0
 0 1 0 0 0 0 1 0 0 1 1 1 1 0 0 0 0 1 0 0 0 0 0 1 0 0 0 0 1 0 0 0 1 1 0 0 1
 0 1 1 0 0 0 0 0 1 0 0 1 0 0 0 0 0 1 0 0 0 0 0 0 0 0 0 0 0 1 0 1 1 0]",11,[11  0 12  0  0 10 14  0  1  0 11 11 10 15 15 11],[11  0 12  0  0 10 14  0  1  0 11 11 10 10 15 11],True,True,0.5,0.578125,"[np.int64(1), np.int64(13), np.int64(0), np.int64(10), np.int64(5), np.int64(3), np.int64(8), np.int64(6), np.int64(11), np.int64(0), np.int64(2), np.int64(8), np.int64(11), np.int64(0), np.int64(14), np.int64(9)]","[np.int64(2), np.int64(14), np.int64(2), np.int64(15), np.int64(13), np.int64(11), np.int64(7), np.int64(7), np.int64(8), np.int64(15), np.int64(8), np.int64(1), np.int64(10), np.int64(9), np.int64(14), np.int64(14)]",False,False,0.0,0.0,[11  0 12  0  0 10 14  0  7  0 11 11 10  0  0 11],[11  0 12  0  0 10 14  0  7  0 11 11 10  0 15 11],True,False,0.46875,0.515625,[11  0 12  0  0 10  5  0  7  0 11 11 10 15 15 11],[11  0 12  0  0 10  1  0  1  0 11 11 10 10 15 11],True,True,0.640625,0.875,0.68,0.6470588235294118,0.68,17,11,17,0.96,0.8333333333333334,0.84,24,20,21,1.0,0.0,0.0,25,0,0,1.0,0.0,0.0,25,0,0,0.76,0.6842105263157895,0.64,19,13,16,0.64,0.6875,0.64,16,11,16,0.04,1.0,1.0,1,1,25,0.04,1.0,1.0,1,1,25
"[1 0 0 0 1 1 0 0 1 0 0 0 1 1 1 0 0 0 1 0 1 0 0 0 0 0 0 1 0 0 0 0 0 1 0 1 1
 0 0 0 1 0 0 0 1 0 0 0 0 0 1 0 0 0 0 0 0 0 1 0 0 0 0 1 1 1 1 0 0 1 0 0 0 0
 0 0 0 1 1 1 1 0 0 0 1 1 0 0 0 0 0 0 0 1 0 0 0 0 0 0 0 0 1 1 0 0 0 1 0 0 0
 0 0 0 0 0 0 0 1 0 0 0 1 0 0 1 0 0 1 0 1 0 0 0 0 0 1 1 0 0 0 0 1 0 0 0 0 0
 0 0 0 0 1 1 0 0 0 0 0 0 0 0 0 1 0 0 0 1 0 0 1 0 0 1 0 0 0 1 0 0 0 0 1 0 0
 0 0 0 0 0 1 1 1 0 1 0 0 0 0 0 0 0 0 0 0 1 0 0 1 0 0 0 1 1 0 1 0 0 1 0 1 0
 1 0 1 0 0 0 1 0 0 0 1 0 0 1 0 1 1 1 0 0 0 1 1 0 0 0 0 0 0 1 0 0 1 0]",15,[ 4 11  3 15 15  4 11 10 14  8  3 15 13 14 15 15],[14 11  3 15 15  4 11 10 14  8  3 15 13 14 15 15],False,True,0.5,0.578125,"[np.int64(9), np.int64(14), np.int64(11), np.int64(13), np.int64(1), np.int64(5), np.int64(12), np.int64(13), np.int64(13), np.int64(2), np.int64(15), np.int64(13), np.int64(9), np.int64(15), np.int64(14), np.int64(11)]","[np.int64(9), np.int64(1), np.int64(5), np.int64(14), np.int64(6), np.int64(12), np.int64(0), np.int64(2), np.int64(1), np.int64(3), np.int64(2), np.int64(1), np.int64(11), np.int64(7), np.int64(15), np.int64(15)]",False,False,0.0,0.0,[ 4 11  4 15 15  4 11  6 14  8  3 15  2 14 15 15],[ 4 11  3 15 15  4 11 10 14  8  3 15  0 14 15 15],False,False,0.46875,0.515625,[14 11  3 15 15  4 11  6 14  8  3 15  2 14 15 15],[14 11  3 15 15  4 11  6 14  8  3 15  2 14 15 15],True,True,0.640625,0.875,1.0,0.36,0.36,25,9,9,0.68,0.6470588235294118,0.68,17,11,17,1.0,0.0,0.0,25,0,0,1.0,0.0,0.0,25,0,0,0.96,0.5833333333333334,0.56,24,14,14,0.96,0.5,0.52,24,12,13,0.04,1.0,1.0,1,1,25,0.04,1.0,1.0,1,1,25
"[1 0 0 0 0 0 0 1 0 0 0 1 0 0 0 0 0 1 1 1 1 0 0 0 0 1 0 0 0 0 0 0 0 1 1 1 0
 1 0 0 0 1 1 0 0 0 0 0 0 1 1 1 0 0 0 0 0 0 0 0 0 0 0 1 0 1 0 0 0 0 0 0 0 0
 0 0 0 0 0 0 0 0 1 0 0 0 0 0 0 1 0 0 0 1 1 0 0 0 0 0 0 0 0 0 1 0 0 0 0 0 0
 0 1 0 0 0 0 0 0 0 0 0 0 1 0 0 0 1 0 0 0 0 0 0 1 0 0 0 0 1 0 0 0 0 0 1 1 0
 0 1 0 0 0 1 0 0 0 0 0 0 0 0 1 0 0 0 0 0 0 0 0 0 0 0 0 0 1 0 0 0 0 0 0 1 1
 0 0 1 1 0 1 1 0 0 0 0 0 0 0 0 0 0 0 1 1 0 0 0 0 0 0 0 0 1 0 0 0 0 0 0 0 1
 0 0 0 0 0 0 0 1 0 0 0 0 0 1 0 0 1 0 0 0 0 1 0 0 0 1 0 0 0 1 0 0 0 1]",7,[ 7  3  3 15  1 14  8  7 11  5  2  7 11  5 11  7],[ 7  3  3 15  1 14  8  7 11  5  2  7 11  5 11  7],True,True,0.5,0.578125,"[np.int64(15), np.int64(7), np.int64(13), np.int64(14), np.int64(12), np.int64(6), np.int64(10), np.int64(11), np.int64(2), np.int64(15), np.int64(8), np.int64(3), np.int64(11), np.int64(0), np.int64(3), np.int64(0)]","[np.int64(3), np.int64(11), np.int64(7), np.int64(8), np.int64(1), np.int64(9), np.int64(5), np.int64(10), np.int64(9), np.int64(5), np.int64(11), np.int64(12), np.int64(5), np.int64(8), np.int64(10), np.int64(4)]",False,False,0.0,0.0,[ 7  3  3 15  1 14  8  7 11  5  2  7 11  5 11  7],[ 7  3  3 15  1 14  8  7 11  5  2  7 11  5 11  7],True,True,0.46875,0.515625,[ 7  3  3 15  1 14  8  7 11  2  2  7 11  5 11  7],[ 7  3  3 15  1 14  8  7 11  5  2  7 11  5 11  7],True,True,0.640625,0.875,0.12,1.0,1.0,3,3,25,0.12,1.0,1.0,3,3,25,1.0,0.0,0.0,25,0,0,1.0,0.0,0.0,25,0,0,0.12,1.0,1.0,3,3,25,0.12,1.0,1.0,3,3,25,0.04,1.0,1.0,1,1,25,0.04,1.0,1.0,1,1,25
"[0 1 0 1 0 0 0 0 0 0 0 1 1 0 1 0 1 0 0 1 0 0 0 1 0 0 0 0 0 0 0 0 0 0 1 0 0
 0 0 0 0 0 0 0 0 1 1 0 1 1 0 1 0 0 0 0 0 0 0 1 1 0 1 0 0 0 0 0 1 0 0 0 0 0
 1 0 1 0 0 0 0 0 0 0 0 1 0 0 0 0 1 0 0 0 0 1 0 0 0 0 0 0 0 0 1 1 0 1 1 0 1
 0 0 1 0 0 0 0 0 1 0 0 1 0 0 0 0 1 0 0 0 0 0 0 1 0 0 0 0 1 0 0 0 0 0 0 0 0
 0 0 1 0 0 0 0 0 0 0 0 0 0 0 0 0 1 1 0 1 0 0 0 0 0 0 0 1 1 0 0 1 0 0 1 0 1
 0 0 0 0 0 0 0 1 0 0 1 1 0 1 0 0 0 0 0 0 0 0 1 0 0 1 0 0 0 0 0 0 0 0 0 0 1
 0 0 1 0 1 1 0 0 1 0 0 0 0 0 0 0 1 0 0 0 0 0 0 1 0 1 0 0 1 0 1 0 0 1]",7,[ 1  7 14  1 10 15 12  7  6  6  7  0 15  2  3  7],[ 1  7 14  1 10 15 12  7  6  6  7  0 15  2  3  7],False,False,0.5,0.578125,"[np.int64(11), np.int64(13), np.int64(4), np.int64(2), np.int64(0), np.int64(6), np.int64(0), np.int64(8), np.int64(4), np.int64(4), np.int64(15), np.int64(15), np.int64(14), np.int64(15), np.int64(13), np.int64(7)]","[np.int64(1), np.int64(11), np.int64(1), np.int64(3), np.int64(4), np.int64(1), np.int64(4), np.int64(1), np.int64(7), np.int64(1), np.int64(5), np.int64(11), np.int64(7), np.int64(11), np.int64(11), np.int64(10)]",False,False,0.0,0.0,[ 1  7 14  1 10 15 12  7 11  6  7  0 15  2  0  7],[ 1  7 14  1 10 10 12  7  6  6  7  3 15  2  0  7],True,False,0.46875,0.515625,[ 1  7 14  1 10 10 12  7 11  6  7  3 15  2  3  7],[ 1  7 14  1 10 15 12  7  6  6  7  0 15  2  0  7],True,True,0.640625,0.875,0.56,0.42857142857142855,0.48,14,6,12,0.4,0.7,0.68,10,7,17,1.0,0.0,0.0,25,0,0,1.0,0.0,0.0,25,0,0,0.52,0.5384615384615384,0.68,13,7,17,0.6,0.4666666666666667,0.48,15,7,12,0.04,1.0,1.0,1,1,25,0.04,1.0,1.0,1,1,25
"[1 0 1 1 0 0 0 1 0 0 0 1 0 0 0 1 0 0 0 0 0 0 0 0 1 0 0 0 0 0 0 0 1 0 1 0 0
 1 1 1 0 0 1 0 0 0 1 0 1 0 0 0 0 1 1 0 0 0 1 0 1 0 1 1 0 0 0 0 1 1 0 0 0 0
 1 1 0 1 0 1 0 0 1 1 1 0 1 1 0 0 0 1 0 1 1 1 0 0 1 1 0 1 1 0 0 0 0 0 0 0 0
 0 1 0 1 0 0 1 0 1 0 0 1 0 1 0 0 0 0 1 0 0 0 0 0 0 0 0 0 1 1 0 0 0 0 0 0 0
 0 0 0 0 0 0 0 1 1 0 0 0 0 0 1 1 1 0 0 1 0 0 1 0 1 0 0 0 1 0 0 0 1 1 0 0 1
 1 0 1 0 0 0 0 0 0 0 1 0 0 0 1 1 1 1 0 0 0 0 1 0 0 0 0 1 1 0 0 0 0 0 0 0 1
 0 0 0 0 1 1 0 1 0 0 0 0 0 0 0 0 0 0 1 0 0 1 1 1 0 0 0 0 0 0 1 0 0 1]",14,[ 2  8 14 14  5 14  5  2 12 12  2  5  3  5 14  5],[ 2  8 14 14  5 14  5  5 11 11  2  5  3  5 14  5],False,True,0.5,0.578125,"[np.int64(3), np.int64(1), np.int64(3), np.int64(9), np.int64(7), np.int64(9), np.int64(0), np.int64(13), np.int64(5), np.int64(5), np.int64(5), np.int64(3), np.int64(7), np.int64(4), np.int64(8), np.int64(5)]","[np.int64(2), np.int64(14), np.int64(11), np.int64(14), np.int64(1), np.int64(10), np.int64(7), np.int64(12), np.int64(6), np.int64(10), np.int64(13), np.int64(2), np.int64(8), np.int64(0), np.int64(9), np.int64(11)]",False,False,0.0,0.0,[ 2  8 14 14  5 14  5  5 11 11  2  5  3  5 14  3],[ 2  8 14 14  5 14  5  5 12 12  3  5  3  5 14  5],False,False,0.46875,0.515625,[ 2  8 14 14  5 14  5  2 11 11  2  5  3  5 14  3],[ 3  8 14 14  5 14  5  5 12 12  3  5  3  5 14  5],False,True,0.640625,0.875,0.96,0.08333333333333333,0.12,24,2,3,0.88,0.13636363636363635,0.12,22,3,3,1.0,0.0,0.0,25,0,0,1.0,0.0,0.0,25,0,0,0.88,0.0,0.0,22,0,0,0.92,0.17391304347826086,0.16,23,4,4,0.04,0.0,0.0,1,0,0,0.04,1.0,1.0,1,1,25
"[0 1 0 1 0 0 0 0 0 0 0 0 0 0 1 0 1 1 0 1 0 0 0 0 0 0 0 0 0 0 0 0 0 0 1 0 0
 0 0 1 0 1 0 0 0 0 1 0 1 1 0 1 0 0 1 0 0 1 0 0 0 1 0 0 0 0 0 0 1 1 0 1 0 0
 0 1 1 1 0 0 0 0 0 0 1 1 0 0 0 1 1 0 0 0 0 0 0 0 0 1 0 0 1 0 0 0 0 0 0 0 0
 0 0 0 1 0 1 0 0 1 0 0 1 0 1 0 0 0 0 0 0 0 0 0 0 0 0 0 0 0 0 0 0 0 0 0 1 1
 0 1 0 0 0 0 0 0 0 0 1 0 0 0 0 0 0 1 0 1 0 0 1 1 0 0 0 1 0 0 0 0 1 0 0 0 0
 0 1 0 0 0 0 0 0 0 0 0 1 0 0 1 0 0 0 0 0 0 0 0 0 0 0 1 1 0 0 0 0 0 0 0 0 0
 1 0 1 0 1 0 0 0 0 0 0 1 0 0 0 1 0 0 0 0 0 0 0 0 0 0 0 0 1 0 0 0 0 1]",11,[ 3  3  7 13 11 10  3 10  8  5 11 11  4  4 13 10],[ 3  3  7 13 11 10  3  4  8  5 11 11  4  4 13 10],True,False,0.5,0.578125,"[np.int64(14), np.int64(12), np.int64(9), np.int64(15), np.int64(11), np.int64(14), np.int64(3), np.int64(3), np.int64(5), np.int64(0), np.int64(1), np.int64(8), np.int64(2), np.int64(12), np.int64(7), np.int64(2)]","[np.int64(8), np.int64(2), np.int64(9), np.int64(1), np.int64(13), np.int64(7), np.int64(8), np.int64(14), np.int64(2), np.int64(1), np.int64(7), np.int64(8), np.int64(10), np.int64(2), np.int64(7), np.int64(9)]",False,False,0.0,0.0,[14  3  7 13 11 10  3 10  9  5 11 11  4  4 13 10],[ 3  3  7 13 11  4  3  4  8  5 11 11  4  4 13 10],False,True,0.46875,0.515625,[ 3  3  7 13 11 10  3 10  3  5 11 11  4  4 13 10],[ 3  3  7 13 11 10  3 10  0  5 11 11  4  4 13 10],False,False,0.640625,0.875,0.32,0.5,0.52,8,4,13,0.28,0.42857142857142855,0.44,7,3,11,1.0,0.0,0.0,25,0,0,1.0,0.0,0.0,25,0,0,0.52,0.0,0.0,13,0,0,0.32,0.5,0.52,8,4,13,0.04,0.0,0.0,1,0,0,0.04,0.0,0.0,1,0,0
"[0 0 1 0 0 1 1 0 0 0 0 1 0 0 0 0 0 1 0 0 1 0 0 0 0 0 0 1 0 1 0 0 1 0 0 0 0
 0 0 0 0 1 1 0 0 0 1 0 0 0 0 1 1 0 0 0 0 1 0 0 0 0 0 0 0 1 0 1 0 1 1 0 1 1
 0 1 1 0 1 1 1 0 0 0 1 1 0 1 0 0 1 1 0 0 0 1 1 0 0 0 1 0 0 0 1 1 0 1 0 0 0
 1 0 0 0 0 0 1 0 0 1 0 0 0 0 0 1 0 0 0 0 0 1 0 1 1 1 0 0 0 0 1 1 0 0 0 1 1
 1 0 1 0 0 1 0 0 0 0 0 0 0 0 1 0 0 1 0 0 0 0 1 0 0 0 0 0 1 1 0 0 1 1 1 0 0
 0 0 1 1 0 0 0 0 0 0 0 1 0 0 0 0 0 0 1 0 0 1 0 0 1 0 0 0 0 0 0 1 0 0 0 0 0
 1 0 0 0 1 0 1 0 0 1 1 0 0 0 1 1 0 0 0 0 0 0 1 1 1 0 0 0 0 0 0 0 0 1]",6,[ 6  4  9  9  6  0  6  8  6  6  2  6 11  8  4  6],[6 4 0 4 6 0 6 8 6 6 2 6 4 8 8 6],False,True,0.5,0.578125,"[np.int64(2), np.int64(4), np.int64(2), np.int64(15), np.int64(14), np.int64(12), np.int64(14), np.int64(9), np.int64(4), np.int64(6), np.int64(10), np.int64(4), np.int64(0), np.int64(8), np.int64(9), np.int64(1)]","[np.int64(9), np.int64(15), np.int64(12), np.int64(9), np.int64(4), np.int64(5), np.int64(0), np.int64(8), np.int64(10), np.int64(14), np.int64(10), np.int64(8), np.int64(8), np.int64(5), np.int64(12), np.int64(9)]",False,False,0.0,0.0,[ 6  4  0  9  6 15  6  8  6  6  2  6  4  8  8  6],[ 6 11  0  9  6  0  6  8  6  6  2  6  4  8  8  6],True,False,0.46875,0.515625,[ 6 11  9  4  6 15  6  8  6  6  5  6 11  8  8  6],[6 4 0 4 6 0 6 8 6 6 2 6 4 8 8 6],True,True,0.640625,0.875,1.0,0.28,0.28,25,7,7,0.88,0.45454545454545453,0.52,22,10,13,1.0,0.0,0.0,25,0,0,1.0,0.0,0.0,25,0,0,0.96,0.4166666666666667,0.4,24,10,10,0.92,0.391304347826087,0.4,23,9,10,0.04,1.0,1.0,1,1,25,0.04,1.0,1.0,1,1,25
"[1 1 1 1 0 1 0 0 0 1 1 0 0 1 0 1 1 1 1 0 0 0 0 1 1 0 0 1 0 0 0 1 1 1 0 0 0
 1 0 0 0 0 0 0 0 0 0 1 1 0 0 1 1 0 0 0 0 0 1 0 0 1 0 1 0 0 0 1 0 0 0 1 0 0
 1 0 0 1 1 1 1 0 1 0 0 0 0 1 0 0 0 0 0 0 0 1 0 0 0 0 0 0 1 0 1 0 0 1 0 0 1
 0 0 1 0 0 1 1 0 1 1 0 0 0 0 0 0 0 0 1 0 0 0 0 1 1 0 0 1 0 0 1 1 0 1 0 0 0
 0 0 0 0 0 1 1 1 0 0 0 1 1 0 0 1 1 0 0 0 1 1 1 0 0 0 0 0 0 1 0 0 0 0 1 0 0
 1 0 0 0 0 0 1 0 0 0 0 0 0 0 0 0 0 0 0 1 0 0 1 1 0 0 1 1 0 0 0 1 0 0 0 0 1
 0 0 0 0 0 0 1 0 1 0 1 0 0 0 0 0 1 1 1 1 1 1 1 1 0 0 0 1 0 1 1 0 1 1]",8,[13  8  1 13 10  7  8  8  8 10  8  6 15  8  8  1],[ 1  8  1 10 14  7  8  8  8 10  8  6 15  8  8  1],False,True,0.5,0.578125,"[np.int64(4), np.int64(1), np.int64(7), np.int64(15), np.int64(9), np.int64(6), np.int64(8), np.int64(2), np.int64(14), np.int64(1), np.int64(1), np.int64(12), np.int64(11), np.int64(8), np.int64(10), np.int64(14)]","[np.int64(15), np.int64(14), np.int64(10), np.int64(11), np.int64(8), np.int64(6), np.int64(4), np.int64(13), np.int64(4), np.int64(4), np.int64(0), np.int64(9), np.int64(0), np.int64(7), np.int64(11), np.int64(3)]",False,False,0.0,0.0,[13  8  1 13 14  7  8  8  8 10  8  1 15  8  8 14],[ 1  8  1 10 13  7  8  8  8 10  8  1 15  8  8 14],True,False,0.46875,0.515625,[10  8  1 13 13  7  8  8  8 10  8  6 15  8  8 14],[ 1  8  1 10 14  7  8  8  8 10  8  1 15  8  8  1],False,True,0.640625,0.875,0.76,0.3684210526315789,0.4,19,7,10,0.72,0.4444444444444444,0.48,18,8,12,1.0,0.0,0.0,25,0,0,1.0,0.0,0.0,25,0,0,0.88,0.3181818181818182,0.28,22,7,7,0.76,0.5789473684210527,0.6,19,11,15,0.04,0.0,0.0,1,0,0,0.04,1.0,1.0,1,1,25
"[0 0 0 0 0 0 1 0 1 0 0 0 0 0 0 0 0 0 0 1 0 0 0 0 0 0 0 0 0 0 0 0 0 0 1 0 0
 1 0 0 0 1 0 1 1 0 0 0 0 1 0 0 0 0 0 0 0 1 1 0 0 1 0 1 0 0 0 0 0 1 1 1 0 0
 0 0 0 1 0 0 0 0 1 0 1 1 1 0 0 1 0 1 0 0 1 0 1 0 0 0 1 1 1 0 0 1 0 0 0 0 0
 1 0 0 0 0 1 0 0 0 1 0 0 0 0 1 0 1 1 0 0 0 0 0 0 1 0 0 0 1 0 1 0 1 0 0 1 1
 0 1 1 0 0 1 0 1 0 1 0 0 0 0 0 1 0 0 0 0 0 0 0 1 0 0 0 1 0 0 1 0 0 1 0 0 1
 1 1 0 0 0 0 1 0 0 1 0 0 0 0 0 0 0 0 0 0 0 0 0 0 0 0 1 1 0 0 1 1 1 0 0 0 0
 0 0 0 0 0 0 0 1 0 0 0 0 0 0 0 0 0 0 0 0 0 1 0 0 1 1 1 0 1 1 0 0 0 1]",15,[ 8  3 11 15  7  6 15 15 15 11 15 15  2  3  5 15],[ 6  3 11 15  6  6 15 15 15  6 15 15  2  7  5 15],False,True,0.5,0.578125,"[np.int64(12), np.int64(8), np.int64(5), np.int64(2), np.int64(7), np.int64(0), np.int64(10), np.int64(15), np.int64(14), np.int64(15), np.int64(1), np.int64(9), np.int64(3), np.int64(15), np.int64(6), np.int64(7)]","[np.int64(12), np.int64(4), np.int64(1), np.int64(11), np.int64(11), np.int64(8), np.int64(4), np.int64(14), np.int64(15), np.int64(10), np.int64(9), np.int64(0), np.int64(11), np.int64(3), np.int64(7), np.int64(14)]",False,False,0.0,0.0,[ 8  3 11 15  6  6 15 15 15  6 15 15  2  8  5 15],[ 8  3 11 15  6  6 15 15 15  6 15 15  2  7  5 15],True,False,0.46875,0.515625,[ 8  3 11 15  6 11 15 15 15 11 15 15  2  7  5 15],[ 6  3 11 15  6  6 15 15 15  6 15 15  2  8  5 15],False,True,0.640625,0.875,0.88,0.4090909090909091,0.44,22,9,11,0.84,0.2857142857142857,0.32,21,6,8,1.0,0.0,0.0,25,0,0,1.0,0.0,0.0,25,0,0,0.88,0.5,0.52,22,11,13,0.72,0.2222222222222222,0.28,18,4,7,0.04,0.0,0.0,1,0,0,0.04,1.0,1.0,1,1,25
"[0 1 0 1 0 0 0 0 0 0 0 1 1 0 1 0 1 0 0 1 0 0 0 1 0 0 0 0 0 0 0 0 0 0 1 0 0
 0 0 0 0 0 0 0 0 1 1 0 1 1 0 1 0 0 0 0 0 0 0 1 1 0 1 0 0 0 0 0 1 0 0 0 0 0
 1 0 1 0 0 0 0 0 0 0 0 1 0 0 0 0 1 0 0 0 0 1 0 0 0 0 0 0 0 0 1 1 0 1 1 0 1
 0 0 1 0 0 0 0 0 1 0 0 1 0 0 0 0 1 0 0 0 0 0 0 1 0 0 0 0 1 0 0 0 0 0 0 0 0
 0 0 1 0 0 0 0 0 0 0 0 0 0 0 0 0 1 1 0 1 0 0 0 0 0 0 0 1 1 0 0 1 0 0 1 0 1
 0 0 0 0 0 0 0 1 0 0 1 1 0 1 0 0 0 0 0 0 0 0 1 0 0 1 0 0 0 0 0 0 0 0 0 0 1
 0 0 1 0 1 1 0 0 1 0 0 0 0 0 0 0 1 0 0 0 0 0 0 1 0 1 0 0 1 0 1 0 0 1]",7,[ 1  7 14  1 10 15 12  7  6  6  7  3 15  2  0  7],[ 1  7 14  1 10 10 12  7  6  6  7  0 15  2  0  7],False,True,0.5,0.578125,"[np.int64(3), np.int64(0), np.int64(6), np.int64(9), np.int64(12), np.int64(0), np.int64(10), np.int64(13), np.int64(2), np.int64(2), np.int64(2), np.int64(15), np.int64(11), np.int64(9), np.int64(9), np.int64(15)]","[np.int64(10), np.int64(11), np.int64(4), np.int64(5), np.int64(9), np.int64(3), np.int64(7), np.int64(13), np.int64(4), np.int64(5), np.int64(2), np.int64(14), np.int64(5), np.int64(2), np.int64(3), np.int64(4)]",False,False,0.0,0.0,[ 1  7 14  1 10 10 12  7  6  6  7  0 15  2  3  7],[ 1  7 14  1 10 15 12  7 11  6  7  0 15  2  3  7],False,False,0.46875,0.515625,[ 1  7 14  1 10 10 12  7 11  6  7  3 15  2  3  7],[ 1  7 14  1 10 15 12  7  6  6  7  0 15  2  0  7],True,True,0.640625,0.875,0.52,0.46153846153846156,0.36,13,6,9,0.44,0.45454545454545453,0.44,11,5,11,1.0,0.0,0.0,25,0,0,1.0,0.0,0.0,25,0,0,0.48,0.5833333333333334,0.48,12,7,12,0.4,0.4,0.56,10,4,14,0.04,1.0,1.0,1,1,25,0.04,1.0,1.0,1,1,25
"[1 0 1 1 0 0 0 1 0 0 0 1 0 0 0 1 0 0 0 0 0 0 0 0 1 0 0 0 0 0 0 0 1 0 1 0 0
 1 1 1 0 0 1 0 0 0 1 0 1 0 0 0 0 1 1 0 0 0 1 0 1 0 1 1 0 0 0 0 1 1 0 0 0 0
 1 1 0 1 0 1 0 0 1 1 1 0 1 1 0 0 0 1 0 1 1 1 0 0 1 1 0 1 1 0 0 0 0 0 0 0 0
 0 1 0 1 0 0 1 0 1 0 0 1 0 1 0 0 0 0 1 0 0 0 0 0 0 0 0 0 1 1 0 0 0 0 0 0 0
 0 0 0 0 0 0 0 1 1 0 0 0 0 0 1 1 1 0 0 1 0 0 1 0 1 0 0 0 1 0 0 0 1 1 0 0 1
 1 0 1 0 0 0 0 0 0 0 1 0 0 0 1 1 1 1 0 0 0 0 1 0 0 0 0 1 1 0 0 0 0 0 0 0 1
 0 0 0 0 1 1 0 1 0 0 0 0 0 0 0 0 0 0 1 0 0 1 1 1 0 0 0 0 0 0 1 0 0 1]",14,[ 3  8 14 14  5 14  3  2 12 12  3  5  3  5 14  3],[ 3  8 14 14  5 14  3  5 12 11  2  5  3  5 14  3],True,False,0.5,0.578125,"[np.int64(15), np.int64(14), np.int64(3), np.int64(1), np.int64(10), np.int64(11), np.int64(1), np.int64(7), np.int64(11), np.int64(12), np.int64(3), np.int64(10), np.int64(14), np.int64(9), np.int64(10), np.int64(4)]","[np.int64(8), np.int64(6), np.int64(4), np.int64(8), np.int64(11), np.int64(15), np.int64(12), np.int64(0), np.int64(13), np.int64(14), np.int64(14), np.int64(2), np.int64(7), np.int64(8), np.int64(10), np.int64(14)]",False,False,0.0,0.0,[ 2  8 14 14  5 14  2  2 12 11  3  5  3  5 14  5],[ 3  8 14 14  5 14  3  5 12 12  3  5  3  5 14  5],False,False,0.46875,0.515625,[ 2  8 14 14  5 14  5  2 11 11  2  5  3  5 14  3],[ 3  8 14 14  5 14  5  5 12 12  3  5  3  5 14  5],False,True,0.640625,0.875,0.92,0.043478260869565216,0.04,23,1,1,0.84,0.047619047619047616,0.04,21,1,1,1.0,0.0,0.0,25,0,0,1.0,0.0,0.0,25,0,0,0.96,0.125,0.12,24,3,3,0.96,0.08333333333333333,0.08,24,2,2,0.04,0.0,0.0,1,0,0,0.04,1.0,1.0,1,1,25
"[0 0 0 1 0 1 0 0 0 1 0 0 1 0 1 1 0 1 0 0 0 1 0 1 0 0 0 0 1 0 0 0 0 0 1 0 1
 0 1 0 0 0 0 0 0 0 0 0 1 0 0 1 0 1 1 0 0 1 0 0 0 1 1 0 0 0 1 0 0 0 0 0 1 0
 0 0 0 1 0 0 1 1 0 1 0 0 0 0 0 1 1 0 0 0 0 0 0 0 1 1 0 0 0 1 0 0 0 0 1 0 1
 0 0 1 0 0 0 0 1 1 0 0 0 0 0 0 0 0 0 0 0 0 1 0 0 0 0 1 1 0 0 1 0 0 1 0 0 1
 0 1 0 0 1 1 0 1 0 0 0 0 0 0 0 0 0 1 0 0 1 0 1 0 0 0 0 1 0 0 0 0 0 0 0 0 0
 1 0 0 1 0 0 0 1 1 0 0 0 0 1 0 0 0 0 1 1 0 0 1 0 0 0 1 1 0 0 0 1 0 0 0 0 0
 0 0 1 0 0 1 0 0 1 0 0 0 0 0 0 0 1 0 1 0 0 0 0 0 0 0 0 0 1 0 1 0 0 0]",15,[15 12  6  0  8  0 12  1 10  0 15 12 15  3  0 15],[15 12  6  0  8 10 12  1 10  0 15 12 15  3  0 15],True,True,0.5,0.578125,"[np.int64(0), np.int64(9), np.int64(0), np.int64(13), np.int64(1), np.int64(5), np.int64(5), np.int64(11), np.int64(3), np.int64(13), np.int64(11), np.int64(7), np.int64(6), np.int64(13), np.int64(10), np.int64(0)]","[np.int64(15), np.int64(12), np.int64(1), np.int64(7), np.int64(13), np.int64(15), np.int64(11), np.int64(11), np.int64(15), np.int64(10), np.int64(5), np.int64(4), np.int64(11), np.int64(14), np.int64(6), np.int64(4)]",False,False,0.0,0.0,[15 12  6  0  8 10 12  6 10  0 15 12 15  8  0 15],[15 12  6  0  8 10 12  6 10  0 15 12 15  3  0 15],True,True,0.46875,0.515625,[15 12  6  0  8 10 12  1 10  0 15 12 15  8  0 15],[15 12  6  0  8 10 12  6 10  0 15 12 15  3  0 15],True,True,0.640625,0.875,0.24,1.0,1.0,6,6,25,0.32,1.0,1.0,8,8,25,1.0,0.0,0.0,25,0,0,1.0,0.0,0.0,25,0,0,0.32,1.0,1.0,8,8,25,0.32,1.0,1.0,8,8,25,0.04,1.0,1.0,1,1,25,0.04,1.0,1.0,1,1,25
"[1 1 0 1 0 0 0 0 0 0 0 0 0 0 0 1 1 0 0 0 0 0 1 0 1 1 1 0 0 0 0 0 0 0 1 0 0
 0 0 1 0 0 0 1 0 0 0 1 1 0 0 1 1 0 0 1 0 1 0 0 0 1 1 0 0 0 0 1 1 0 1 0 1 1
 0 0 1 1 0 1 0 0 0 0 0 1 1 0 0 0 0 0 0 1 1 0 0 1 0 0 1 1 1 0 1 0 1 1 1 0 1
 1 0 0 1 1 0 0 0 0 0 1 1 1 0 0 0 0 0 1 0 0 1 0 1 0 0 1 1 0 0 1 1 1 0 1 0 1
 1 0 0 1 1 1 0 0 0 0 0 1 0 1 0 0 0 0 1 1 1 0 0 0 0 0 0 0 0 0 1 0 0 0 1 1 0
 0 0 1 0 0 1 1 0 0 0 0 1 0 1 0 0 0 0 0 0 0 0 0 0 0 0 1 1 1 0 0 1 0 0 0 0 0
 0 0 0 0 0 1 0 1 1 0 1 0 0 1 0 0 1 1 1 0 1 0 1 0 1 0 1 1 0 1 0 0 1 1]",4,[15  6 15  4  4 13  4  3  4  4  8 15  4  4 15  4],[ 3  6 15  4  4  6  4  3  4  4  8  6  4  4  8  4],False,False,0.5,0.578125,"[np.int64(5), np.int64(9), np.int64(14), np.int64(1), np.int64(12), np.int64(15), np.int64(0), np.int64(14), np.int64(0), np.int64(8), np.int64(9), np.int64(12), np.int64(15), np.int64(4), np.int64(10), np.int64(15)]","[np.int64(12), np.int64(5), np.int64(15), np.int64(12), np.int64(0), np.int64(5), np.int64(1), np.int64(7), np.int64(15), np.int64(12), np.int64(12), np.int64(3), np.int64(4), np.int64(10), np.int64(12), np.int64(14)]",False,False,0.0,0.0,[15  6 15  4  4 13  4  3  4  4  6 15  4  4  8  4],[ 3  9 15  4  4  6  4  9  4  4  8 15  4  4 15  4],False,False,0.46875,0.515625,[ 3  8 15  4  4 13  4  3  4  4  6  6  4  4  8  4],[ 3  8 15  4  4  6  4  3  4  4  8 15  4  4  3  4],False,True,0.640625,0.875,1.0,0.24,0.24,25,6,6,0.96,0.2916666666666667,0.28,24,7,7,1.0,0.0,0.0,25,0,0,1.0,0.0,0.0,25,0,0,0.96,0.16666666666666666,0.16,24,4,4,1.0,0.32,0.32,25,8,8,0.04,0.0,0.0,1,0,0,0.04,1.0,1.0,1,1,25
"[1 1 0 0 0 1 0 0 0 0 0 0 0 0 0 0 1 1 0 0 0 0 0 0 0 0 0 0 0 1 1 1 0 0 0 0 0
 0 0 0 0 0 0 0 0 1 0 0 0 0 0 0 0 0 1 0 0 0 0 0 0 0 1 0 0 0 0 0 0 1 0 0 0 0
 0 1 1 0 0 0 1 0 0 0 1 0 1 0 0 0 1 0 0 0 0 1 0 0 0 1 0 1 1 0 1 0 0 0 0 0 0
 0 0 0 0 0 0 0 0 1 1 0 0 0 1 0 0 1 0 0 0 0 0 0 1 1 1 1 0 1 0 1 0 1 0 0 0 0
 0 0 0 0 1 1 0 0 0 0 1 1 0 0 0 0 0 1 0 0 0 0 1 0 0 0 0 0 0 0 0 0 1 0 0 0 1
 0 0 1 0 1 0 0 0 0 0 0 1 0 0 1 0 0 0 0 0 0 0 0 0 1 1 0 0 0 0 0 1 0 0 1 0 0
 0 0 0 1 0 1 0 0 0 0 0 1 0 0 0 0 0 1 0 1 0 0 0 1 0 1 1 1 0 0 0 0 1 1]",5,[ 5 15 13  6  5  5  5 15 15 15  5  4  4 11 15  5],[ 5  0 13  6  5  5  5 15  6 15  5  4  4 11 15  5],True,True,0.5,0.578125,"[np.int64(7), np.int64(15), np.int64(0), np.int64(5), np.int64(7), np.int64(11), np.int64(2), np.int64(14), np.int64(3), np.int64(1), np.int64(14), np.int64(3), np.int64(9), np.int64(6), np.int64(10), np.int64(3)]","[np.int64(14), np.int64(13), np.int64(11), np.int64(4), np.int64(8), np.int64(8), np.int64(15), np.int64(10), np.int64(6), np.int64(0), np.int64(4), np.int64(10), np.int64(14), np.int64(14), np.int64(6), np.int64(0)]",False,False,0.0,0.0,[ 5  0 13  6  5  5  5 15 15 15  5  4  4  8 15  5],[ 5 15 13  6  5  5  5 15 15 15  5  4  4 11 15  5],True,True,0.46875,0.515625,[ 5  0 13  6  5  5  5 15 15 15  5  4  4  1 15  5],[ 5  0 13  6  5  5  5 15  6 15  5  4  4  1 15  5],True,True,0.640625,0.875,0.52,0.9230769230769231,0.96,13,12,24,0.4,1.0,1.0,10,10,25,1.0,0.0,0.0,25,0,0,1.0,0.0,0.0,25,0,0,0.48,1.0,1.0,12,12,25,0.44,1.0,1.0,11,11,25,0.04,1.0,1.0,1,1,25,0.04,1.0,1.0,1,1,25
"[0 0 0 0 0 0 0 0 1 0 0 0 0 1 0 0 0 1 0 1 1 0 0 0 1 0 0 0 0 0 1 0 0 0 1 0 1
 1 1 0 0 1 1 0 0 0 1 0 0 1 0 0 0 0 0 0 0 0 1 1 0 1 0 0 0 1 1 0 1 1 0 1 0 0
 0 0 0 0 0 0 0 0 1 0 1 1 0 1 0 0 0 0 1 0 0 0 0 0 1 0 0 0 1 1 0 1 0 1 0 0 0
 0 0 0 0 0 1 1 1 0 0 0 0 0 0 1 0 0 1 1 0 0 0 0 0 0 0 0 1 0 0 0 0 0 0 0 1 0
 0 0 1 0 0 1 0 1 1 0 0 0 0 0 1 1 0 0 0 0 1 0 1 0 1 0 0 0 0 0 0 1 0 0 1 0 0
 1 0 0 1 0 0 0 0 0 0 0 0 1 0 0 0 1 1 1 1 1 0 0 1 0 0 1 0 0 0 1 0 0 0 0 1 0
 0 0 0 1 1 0 0 0 0 0 0 0 0 0 0 0 1 1 0 0 0 0 0 0 0 0 0 0 0 0 0 0 1 1]",13,[13  3  5 13  7 12  7 13  0 12 12  3 13 13  1 14],[13  3  6 13  7 12  7 13  0 12 12  3 13 13  1 14],False,False,0.5,0.578125,"[np.int64(8), np.int64(10), np.int64(6), np.int64(1), np.int64(0), np.int64(7), np.int64(10), np.int64(1), np.int64(3), np.int64(0), np.int64(15), np.int64(9), np.int64(6), np.int64(5), np.int64(1), np.int64(3)]","[np.int64(3), np.int64(6), np.int64(7), np.int64(9), np.int64(2), np.int64(4), np.int64(8), np.int64(0), np.int64(1), np.int64(9), np.int64(14), np.int64(9), np.int64(0), np.int64(15), np.int64(3), np.int64(15)]",False,False,0.0,0.0,[13  3  9 13  7 12  7 13  0 12 12 12 13 13  1 14],[13  3  9 13  7 12  7 13  0 12  3 12 13 13  1 14],True,False,0.46875,0.515625,[13  3 10 13  7 12  7 13  0 12 12 12 13 13  1 14],[13  3  9 13  7  7  7 13  0 12  3  3 13 13  1 14],True,True,0.640625,0.875,0.8,0.4,0.32,20,8,8,0.68,0.5294117647058824,0.56,17,9,14,1.0,0.0,0.0,25,0,0,1.0,0.0,0.0,25,0,0,0.76,0.5263157894736842,0.48,19,10,12,0.72,0.4444444444444444,0.44,18,8,11,0.04,1.0,1.0,1,1,25,0.04,1.0,1.0,1,1,25
"[0 0 0 0 0 0 0 0 1 0 0 0 0 1 0 0 0 1 0 1 1 0 0 0 1 0 0 0 0 0 1 0 0 0 1 0 1
 1 1 0 0 1 1 0 0 0 1 0 0 1 0 0 0 0 0 0 0 0 1 1 0 1 0 0 0 1 1 0 1 1 0 1 0 0
 0 0 0 0 0 0 0 0 1 0 1 1 0 1 0 0 0 0 1 0 0 0 0 0 1 0 0 0 1 1 0 1 0 1 0 0 0
 0 0 0 0 0 1 1 1 0 0 0 0 0 0 1 0 0 1 1 0 0 0 0 0 0 0 0 1 0 0 0 0 0 0 0 1 0
 0 0 1 0 0 1 0 1 1 0 0 0 0 0 1 1 0 0 0 0 1 0 1 0 1 0 0 0 0 0 0 1 0 0 1 0 0
 1 0 0 1 0 0 0 0 0 0 0 0 1 0 0 0 1 1 1 1 1 0 0 1 0 0 1 0 0 0 1 0 0 0 0 1 0
 0 0 0 1 1 0 0 0 0 0 0 0 0 0 0 0 1 1 0 0 0 0 0 0 0 0 0 0 0 0 0 0 1 1]",13,[13  3  6 13  7  7  7 13  0 12  3  3 13 13  1 14],[13  3  5 13  7  7  7 13  0 12 12  3 13 13  1 14],True,False,0.5,0.578125,"[np.int64(3), np.int64(6), np.int64(1), np.int64(15), np.int64(5), np.int64(10), np.int64(0), np.int64(13), np.int64(4), np.int64(8), np.int64(11), np.int64(4), np.int64(12), np.int64(2), np.int64(7), np.int64(11)]","[np.int64(15), np.int64(9), np.int64(14), np.int64(2), np.int64(13), np.int64(9), np.int64(14), np.int64(2), np.int64(8), np.int64(10), np.int64(8), np.int64(6), np.int64(5), np.int64(9), np.int64(13), np.int64(8)]",False,False,0.0,0.0,[13  3  4 13  7  7  7 13  0 12 12 12 13 13  1 14],[13  3  9 13  7  7  7 13  0 12 12 12 13 13  1 14],True,True,0.46875,0.515625,[13  3 10 13  7 12  7 13  0 12 12 12 13 13  1 14],[13  3  9 13  7  7  7 13  0 12  3  3 13 13  1 14],True,True,0.640625,0.875,0.76,0.631578947368421,0.64,19,12,16,0.68,0.47058823529411764,0.52,17,8,13,1.0,0.0,0.0,25,0,0,1.0,0.0,0.0,25,0,0,0.68,0.47058823529411764,0.4,17,8,10,0.72,0.6111111111111112,0.6,18,11,15,0.04,1.0,1.0,1,1,25,0.04,1.0,1.0,1,1,25
"[1 0 0 0 1 0 1 0 1 1 1 0 0 1 0 0 0 0 1 0 0 0 1 1 0 1 0 0 0 0 0 1 0 1 1 0 1
 0 0 1 0 0 0 0 0 0 1 0 0 0 0 1 1 0 0 0 0 0 1 0 0 0 0 1 1 0 1 1 0 0 1 0 0 0
 0 1 0 0 0 0 0 0 0 0 0 1 1 0 0 0 1 1 0 0 0 0 1 1 0 0 1 1 1 0 0 0 0 0 0 0 0
 0 0 1 1 0 0 0 0 1 0 0 0 0 0 0 1 0 1 0 0 0 0 0 0 0 0 1 0 1 0 0 0 0 1 1 0 0
 0 0 0 0 1 1 0 0 1 0 0 0 1 0 0 1 0 1 0 0 0 0 0 0 0 1 0 0 0 0 0 0 1 1 0 0 1
 0 0 0 0 0 0 0 0 0 0 0 0 0 0 0 0 1 0 0 0 1 0 0 1 0 0 0 0 0 0 0 0 0 1 0 1 1
 0 1 0 0 1 0 0 0 0 1 0 0 0 0 0 0 0 0 0 1 0 1 0 0 0 0 0 0 0 0 0 1 0 0]",5,[10  6  1 10 11  5  5  1 11  1  5  5 13 10  7 13],[10  6  1 10  6  5  5  1 11  1  5  5 13 10  2  1],True,True,0.5,0.578125,"[np.int64(14), np.int64(4), np.int64(1), np.int64(9), np.int64(9), np.int64(13), np.int64(12), np.int64(0), np.int64(11), np.int64(0), np.int64(15), np.int64(3), np.int64(0), np.int64(14), np.int64(1), np.int64(10)]","[np.int64(4), np.int64(1), np.int64(3), np.int64(2), np.int64(5), np.int64(13), np.int64(12), np.int64(12), np.int64(3), np.int64(0), np.int64(8), np.int64(12), np.int64(12), np.int64(3), np.int64(6), np.int64(9)]",False,False,0.0,0.0,[ 6  6  4 10  6  5  5  1 11  8  5  5 13 10  7  1],[10  6  1 10  6  5  5  1 11  0  5  5 13 10  2  3],True,True,0.46875,0.515625,[ 6  6  4 10 11  5  5  1 11  8  5  5 13 10  2 13],[ 6  6  4 10  6  5  5  1 11  8  5  5 13 10  7  1],True,True,0.640625,0.875,0.92,1.0,1.0,23,23,25,0.92,1.0,1.0,23,23,25,1.0,0.0,0.0,25,0,0,1.0,0.0,0.0,25,0,0,0.88,1.0,1.0,22,22,25,0.88,1.0,1.0,22,22,25,0.04,1.0,1.0,1,1,25,0.04,1.0,1.0,1,1,25
"[1 0 1 1 0 0 0 0 0 0 1 0 0 0 0 0 0 0 0 0 1 0 0 1 0 0 1 0 0 0 0 1 1 0 0 0 0
 0 0 1 1 1 1 0 1 0 1 0 1 0 0 0 0 0 1 0 0 1 0 0 0 1 1 1 0 1 0 0 0 0 0 0 1 1
 0 1 1 0 0 0 0 0 0 0 0 0 1 0 0 1 0 1 0 1 1 0 0 0 0 1 0 1 0 0 1 0 0 1 0 0 1
 0 0 1 1 0 0 0 0 0 0 1 0 0 1 0 1 1 0 0 1 0 1 0 1 0 1 0 0 0 1 0 0 1 0 0 1 1
 1 1 0 1 0 0 0 0 0 0 0 1 1 1 1 0 0 0 0 0 0 0 1 0 0 0 0 1 0 0 0 0 1 1 1 0 0
 0 0 1 0 0 0 0 0 0 1 0 1 0 0 1 1 0 0 0 0 0 0 1 0 0 0 1 0 1 0 0 0 0 0 0 0 0
 0 0 0 0 1 1 0 1 1 1 0 0 0 0 0 0 0 1 0 1 0 1 0 0 0 1 1 1 1 0 1 0 1 1]",3,[ 3 15  9  3  9  9  3 15  6  3 15  6 15  3  3  3],[ 3 15 14  3  9 13  3  9 15  3 15  6 15  3  3  3],False,False,0.5,0.578125,"[np.int64(3), np.int64(1), np.int64(13), np.int64(5), np.int64(4), np.int64(10), np.int64(4), np.int64(15), np.int64(5), np.int64(1), np.int64(15), np.int64(10), np.int64(15), np.int64(9), np.int64(1), np.int64(14)]","[np.int64(1), np.int64(4), np.int64(11), np.int64(4), np.int64(15), np.int64(4), np.int64(13), np.int64(7), np.int64(7), np.int64(2), np.int64(9), np.int64(4), np.int64(2), np.int64(4), np.int64(12), np.int64(1)]",False,False,0.0,0.0,[ 3 15 14  3  9  6  3 15  6  3  0  6 15  3  3  3],[ 3 15 14  3  9  9  3 15 15  3 15  6 15  3  3  3],False,False,0.46875,0.515625,[ 3 15  9  3  9 13  3 15  6  3  0  6 15  3  3  3],[ 3 15  9  3  9 13  3 15 15  3 15  6 15  3  3  3],False,True,0.640625,0.875,0.92,0.2608695652173913,0.24,23,6,6,0.88,0.4090909090909091,0.44,22,9,11,1.0,0.0,0.0,25,0,0,1.0,0.0,0.0,25,0,0,0.92,0.43478260869565216,0.4,23,10,10,0.84,0.38095238095238093,0.4,21,8,10,0.04,0.0,0.0,1,0,0,0.04,1.0,1.0,1,1,25
"[1 0 1 0 1 1 0 1 0 0 0 0 0 1 0 0 0 0 0 0 0 0 0 1 1 0 0 0 0 0 0 1 1 0 1 0 0
 0 0 0 1 0 0 0 1 0 0 0 0 0 0 0 1 0 0 0 0 0 0 0 0 0 0 0 1 0 0 1 1 0 1 0 0 0
 0 0 0 0 0 0 1 0 0 0 0 1 0 0 0 0 0 1 0 0 0 0 0 0 0 0 1 0 1 0 0 0 0 0 0 0 0
 0 1 1 0 0 0 0 0 0 0 0 0 1 0 0 1 0 0 1 1 0 0 0 0 0 1 0 0 0 0 0 1 0 0 0 0 0
 0 0 0 0 0 1 0 0 0 0 0 0 0 0 0 0 0 0 0 0 0 0 0 0 0 0 0 0 0 0 0 0 0 1 0 1 0
 0 0 0 0 0 0 0 0 0 1 0 0 0 0 0 0 0 0 0 1 0 0 1 1 0 0 0 0 0 0 0 0 0 0 0 0 0
 1 0 0 0 0 0 0 0 0 1 1 0 0 0 0 1 0 0 0 1 0 0 0 0 0 0 0 0 0 0 1 0 0 1]",2,[ 2  8  2  4  0  0  4  0  2  9 10  5  2  0  8 12],[ 2  8  2  4  0  0  4  0  2  9 10  5  2  0  8 12],True,True,0.5,0.578125,"[np.int64(14), np.int64(4), np.int64(4), np.int64(4), np.int64(10), np.int64(12), np.int64(13), np.int64(12), np.int64(14), np.int64(0), np.int64(9), np.int64(3), np.int64(2), np.int64(12), np.int64(5), np.int64(11)]","[np.int64(15), np.int64(7), np.int64(3), np.int64(2), np.int64(11), np.int64(9), np.int64(14), np.int64(8), np.int64(13), np.int64(10), np.int64(8), np.int64(5), np.int64(11), np.int64(1), np.int64(11), np.int64(2)]",False,False,0.0,0.0,[ 2  8  2  4  0  0  4  0  2  4  5  7  2  0  8 12],[ 2  8  2  4  0  0  4  0  2  9 10  7  2  0  8 12],False,True,0.46875,0.515625,[ 2  8  2  4  0  0  4  0  2  0  0  7  2  0  8 12],[ 2  8  2  4  0  0  4  0  2  0  0  7  2  0  8 12],False,False,0.640625,0.875,0.08,1.0,1.0,2,2,25,0.08,1.0,1.0,2,2,25,1.0,0.0,0.0,25,0,0,1.0,0.0,0.0,25,0,0,0.56,0.0,0.0,14,0,0,0.08,1.0,1.0,2,2,25,0.04,0.0,0.0,1,0,0,0.04,0.0,0.0,1,0,0
"[1 0 1 0 1 1 0 1 0 0 0 0 0 1 0 0 0 0 0 0 0 0 0 1 1 0 0 0 0 0 0 1 1 0 1 0 0
 0 0 0 1 0 0 0 1 0 0 0 0 0 0 0 1 0 0 0 0 0 0 0 0 0 0 0 1 0 0 1 1 0 1 0 0 0
 0 0 0 0 0 0 1 0 0 0 0 1 0 0 0 0 0 1 0 0 0 0 0 0 0 0 1 0 1 0 0 0 0 0 0 0 0
 0 1 1 0 0 0 0 0 0 0 0 0 1 0 0 1 0 0 1 1 0 0 0 0 0 1 0 0 0 0 0 1 0 0 0 0 0
 0 0 0 0 0 1 0 0 0 0 0 0 0 0 0 0 0 0 0 0 0 0 0 0 0 0 0 0 0 0 0 0 0 1 0 1 0
 0 0 0 0 0 0 0 0 0 1 0 0 0 0 0 0 0 0 0 1 0 0 1 1 0 0 0 0 0 0 0 0 0 0 0 0 0
 1 0 0 0 0 0 0 0 0 1 1 0 0 0 0 1 0 0 0 1 0 0 0 0 0 0 0 0 0 0 1 0 0 1]",2,[ 2  8  2  4  0  0  4  0  2  9 10  5  2  0  8 12],[ 2  8  2  4  0  0  4  0  2  9 10  5  2  0  8 12],True,True,0.5,0.578125,"[np.int64(5), np.int64(2), np.int64(0), np.int64(15), np.int64(2), np.int64(1), np.int64(8), np.int64(0), np.int64(11), np.int64(12), np.int64(10), np.int64(7), np.int64(4), np.int64(12), np.int64(14), np.int64(4)]","[np.int64(11), np.int64(11), np.int64(2), np.int64(13), np.int64(3), np.int64(0), np.int64(7), np.int64(15), np.int64(4), np.int64(9), np.int64(6), np.int64(0), np.int64(15), np.int64(8), np.int64(5), np.int64(12)]",False,False,0.0,0.0,[ 2  8  2  4  0  0  4  0  2  7  4  5  2  0  8 12],[ 2  8  2  4  0  0  4  0  2  9 10  7  2  0  8 12],False,True,0.46875,0.515625,[ 2  8  2  4  0  0  4  0  2  0  0  7  2  0  8 12],[ 2  8  2  4  0  0  4  0  2  0  0  7  2  0  8 12],False,False,0.640625,0.875,0.08,1.0,1.0,2,2,25,0.08,1.0,1.0,2,2,25,1.0,0.0,0.0,25,0,0,1.0,0.0,0.0,25,0,0,0.68,0.0,0.0,17,0,0,0.08,1.0,1.0,2,2,25,0.04,0.0,0.0,1,0,0,0.04,0.0,0.0,1,0,0
