As,Argmax_Model_Trees,Argmax_True_Trees,Argmax_Model_Mask,Argmax_True_Mask,Argmax_Model_Accuracy,Argmax_True_Accuracy,Random_Model_Trees,Random_True_Trees,Random_Model_Mask,Random_True_Mask,Random_Model_Accuracy,Random_True_Accuracy,Upwards_Model_Trees,Upwards_True_Trees,Upwards_Model_Mask,Upwards_True_Mask,Upwards_Model_Accuracy,Upwards_True_Accuracy,altUpwards_Model_Trees,altUpwards_True_Trees,altUpwards_Model_Mask,altUpwards_True_Mask,altUpwards_Model_Accuracy,altUpwards_True_Accuracy,Upwards_Model_Uniques,Upwards_Model_Valids_Uniques,Upwards_Model_Valids,Upwards_True_Uniques,Upwards_True_Valids_Uniques,Upwards_True_Valids,altUpwards_Model_Uniques,altUpwards_Model_Valids_Uniques,altUpwards_Model_Valids,altUpwards_True_Uniques,altUpwards_True_Valids_Uniques,altUpwards_True_Valids
[1 0 0 ... 1 0 0],"[ 0 27  4  7  6 53 35 14 58 60  4 60 62 59 60  6  4 63 59  7  4  3  4  8
  4  6 15  4 15  4  6 17  8  3  8  4  4  4  4  4  3  6  4  4  3  4  4  8
  3  4  3  4  4  4  4  4  4  6  4  4  4  6  3  4]","[ 0 62 63  0 61 17  5 16 11  6 18 10 30  8 39 14  9  5 26  7 12  2  4 20
  6  5 55  4 17  8 27 46  1 30 49 51 17 30  7  3 24 20 50 61  2 14 48 15
  0 45  0  4 12  6 11 38 10 12  4 48 36 58 13  8]",False,False,0.0,0.0,"[np.int64(13), np.int64(9), np.int64(39), np.int64(55), np.int64(5), np.int64(16), np.int64(49), np.int64(48), np.int64(25), np.int64(19), np.int64(57), np.int64(42), np.int64(59), np.int64(9), np.int64(54), np.int64(58), np.int64(60), np.int64(4), np.int64(15), np.int64(38), np.int64(63), np.int64(63), np.int64(29), np.int64(43), np.int64(49), np.int64(14), np.int64(45), np.int64(6), np.int64(55), np.int64(9), np.int64(32), np.int64(36), np.int64(38), np.int64(5), np.int64(26), np.int64(42), np.int64(47), np.int64(15), np.int64(1), np.int64(51), np.int64(56), np.int64(27), np.int64(23), np.int64(25), np.int64(2), np.int64(40), np.int64(24), np.int64(10), np.int64(20), np.int64(39), np.int64(35), np.int64(24), np.int64(9), np.int64(53), np.int64(38), np.int64(19), np.int64(22), np.int64(60), np.int64(20), np.int64(8), np.int64(34), np.int64(5), np.int64(16), np.int64(21)]","[np.int64(61), np.int64(38), np.int64(59), np.int64(54), np.int64(42), np.int64(53), np.int64(31), np.int64(22), np.int64(44), np.int64(19), np.int64(23), np.int64(7), np.int64(16), np.int64(53), np.int64(43), np.int64(38), np.int64(58), np.int64(62), np.int64(21), np.int64(6), np.int64(13), np.int64(46), np.int64(18), np.int64(13), np.int64(57), np.int64(23), np.int64(35), np.int64(52), np.int64(24), np.int64(41), np.int64(32), np.int64(16), np.int64(22), np.int64(15), np.int64(25), np.int64(46), np.int64(34), np.int64(0), np.int64(50), np.int64(41), np.int64(31), np.int64(38), np.int64(56), np.int64(57), np.int64(58), np.int64(61), np.int64(60), np.int64(54), np.int64(36), np.int64(24), np.int64(14), np.int64(20), np.int64(31), np.int64(20), np.int64(9), np.int64(61), np.int64(9), np.int64(35), np.int64(28), np.int64(13), np.int64(45), np.int64(28), np.int64(31), np.int64(26)]",False,False,0.0,0.0,"[ 0. 44. 47. 61.  7. 22. 49. 40. 58. 55. 50. 51. 59. 63. 27. 11. 24. 34.
 18.  8. 28.  5. 16. 43. 41. 31. 37. 18. 21. 48. 17. 62. 56. 52. 57. 42.
 30. 45. 36.  1. 14. 10. 39. 13.  0. 60.  6. 23. 35. 26.  3. 53. 20.  9.
  4. 38. 46.  2. 15. 33. 54. 25. 19. 32.]","[ 0.  2.  7.  0. 14. 46.  5. 50. 11. 32. 42. 24. 50. 37. 16. 54.  8. 36.
 49. 40. 61. 45. 13. 12. 38. 52. 20. 63. 26. 35. 28. 60.  1. 19. 47.  9.
 55. 17. 53. 22.  3. 10.  6. 18. 10. 37.  4. 39. 62. 56. 43. 23. 29. 43.
 31. 30. 15. 51. 25. 58. 48. 34. 13. 57.]",False,False,0.0,0.015625,"[ 0. 46. 57.  8.  6. 40. 48. 22. 18. 50. 53. 38. 62. 54.  1. 48.  4. 60.
 11.  9. 24. 41. 60.  8. 38. 44. 56. 42. 46. 12. 27. 29. 51. 61. 14. 38.
 51. 17. 31. 56. 25. 23. 57. 13. 15. 28.  9. 42. 31. 56. 35. 26. 18. 63.
 50. 54. 58. 13. 18. 27. 63. 17. 51. 33.]","[ 0. 41. 14.  0.  1. 41. 46. 26. 29. 11. 36. 20. 46. 37. 22. 29. 34. 11.
 60. 50. 51.  8. 56.  1. 32. 31. 55. 21. 15. 17. 44. 53. 57. 30. 58.  8.
 49.  8. 22.  4. 24. 20. 60.  8.  2. 28. 49. 39. 51. 45. 52. 50. 18.  1.
 61. 25. 18. 28.  1. 30. 36. 46.  3. 49.]",False,False,0.0,0.0,1.0,0.0,0.0,1.0,0.0,0.0,1.0,0.2,0.2,1.0,0.0,0.0
[0 1 0 ... 1 1 1],"[ 0 31 45 50 58 51 50 60 50 60 52 58 57 56 57 58 61 63 63 63 60 61 62 61
 63 62 63 63  6 21 20  6 17 14  8  6  6 20 28  6 20  6 14 14 14  6  6 14
  8  8  6  8 19  6  6  1  6  6  8  6  6 14  8  6]","[ 0 54  3 27 52 51 32 21  3 62  7  9 61 14 37 35  2  9 24  4 13 38 60 62
 38  5  0 10 18 31 13 16 31 12 40 25 35 25 14 19  5 45 15 32  1  2  1  8
  0 46 33  5 60 41 62 19 22  5  4 11  8  8 14  1]",False,False,0.0,0.0,"[np.int64(5), np.int64(10), np.int64(15), np.int64(50), np.int64(24), np.int64(35), np.int64(48), np.int64(46), np.int64(29), np.int64(43), np.int64(16), np.int64(44), np.int64(59), np.int64(53), np.int64(36), np.int64(28), np.int64(11), np.int64(25), np.int64(8), np.int64(53), np.int64(24), np.int64(48), np.int64(44), np.int64(47), np.int64(34), np.int64(29), np.int64(36), np.int64(24), np.int64(17), np.int64(55), np.int64(15), np.int64(44), np.int64(26), np.int64(58), np.int64(63), np.int64(34), np.int64(35), np.int64(54), np.int64(50), np.int64(62), np.int64(31), np.int64(53), np.int64(40), np.int64(8), np.int64(12), np.int64(58), np.int64(2), np.int64(11), np.int64(44), np.int64(13), np.int64(41), np.int64(24), np.int64(3), np.int64(7), np.int64(63), np.int64(42), np.int64(39), np.int64(57), np.int64(11), np.int64(11), np.int64(11), np.int64(24), np.int64(32), np.int64(40)]","[np.int64(46), np.int64(40), np.int64(48), np.int64(18), np.int64(35), np.int64(61), np.int64(22), np.int64(44), np.int64(28), np.int64(31), np.int64(21), np.int64(46), np.int64(25), np.int64(49), np.int64(57), np.int64(50), np.int64(26), np.int64(39), np.int64(6), np.int64(25), np.int64(36), np.int64(11), np.int64(41), np.int64(45), np.int64(12), np.int64(45), np.int64(43), np.int64(30), np.int64(45), np.int64(44), np.int64(33), np.int64(58), np.int64(5), np.int64(59), np.int64(37), np.int64(60), np.int64(61), np.int64(55), np.int64(8), np.int64(46), np.int64(18), np.int64(27), np.int64(44), np.int64(51), np.int64(42), np.int64(57), np.int64(26), np.int64(23), np.int64(48), np.int64(19), np.int64(16), np.int64(12), np.int64(58), np.int64(53), np.int64(39), np.int64(0), np.int64(57), np.int64(43), np.int64(8), np.int64(10), np.int64(56), np.int64(0), np.int64(33), np.int64(15)]",False,False,0.0,0.0,"[ 0. 41.  3. 44. 23. 40. 27. 30. 37. 13. 11. 18. 22.  5. 10. 26. 35. 62.
 24. 59.  6.  9. 54. 52.  7. 49. 45. 57. 46. 43. 47. 38.  8. 53.  1. 28.
 21.  4. 58. 56. 40. 39.  2. 48. 63. 31. 33. 12. 17. 60. 55.  0. 19. 51.
 20. 16. 61. 29. 42. 34. 15. 25. 32. 36.]","[ 0. 16. 31. 45.  3.  8. 36. 57. 50. 13. 58. 14. 61. 54. 40. 42. 28. 43.
 22. 56. 32. 38. 23. 53. 16. 62. 47. 49.  9. 55.  4.  5. 36. 30. 52.  2.
 35. 21.  1. 51. 39. 48.  6. 27.  5.  0. 15. 19. 12. 18. 63. 29. 60. 44.
 24. 25. 37. 17. 11. 20. 59. 46. 34. 33.]",False,False,0.0,0.015625,"[ 0. 23. 21. 34. 52. 17.  4. 19. 50. 21. 55. 14.  2. 34. 57. 37. 58. 48.
 58. 47. 52. 35.  3. 10. 22.  0. 39. 52. 12. 11. 21.  0. 20. 39. 22.  3.
 19. 31. 39. 22. 55. 23. 37. 44. 10. 51. 15. 41. 24. 60. 19. 59. 18.  2.
 30. 25. 20. 30. 51. 42. 19. 44. 63. 58.]","[ 0. 41. 60. 23. 20. 13. 40. 21.  3. 62. 23. 35. 54. 50. 28. 42. 49. 59.
 22. 24. 29.  4.  3.  0. 38. 12.  0.  1. 18. 38. 13. 46. 36. 38. 48. 50.
 47. 25. 41. 51. 59. 32. 61. 10. 26. 55. 61.  8.  2. 52. 33.  8. 59. 13.
 58. 44. 57. 27. 36. 46. 45. 20. 21. 19.]",False,False,0.0,0.0,1.0,0.0,0.0,1.0,0.0,0.0,1.0,0.0,0.0,1.0,0.2,0.2
[0 1 1 ... 1 0 0],"[ 0 28 27 49 56 60 50 57 61 53 61 60 62 58 62 58 63 63 62 63 63 63 63 60
 60  2  2 60 63 19 22 20  2 21 40 29 22 28  2 22  2 22 53  2  2 53 53  2
  2 53  2 22  2 27 22  2  2 28 33  9  6  2  2 51]","[ 0 33  0 27  3 15  0 17 17 13 31 23 57  1 18  8 58  1 32 15 46  3 23  0
 35 61 25 31 14 16  7  8  5  4 63  7 10  4 49  8 24 57  6  2  5  1 11 15
 31 11 30  3 25 13 12  6 52  4 30 60 32 23 49 14]",False,False,0.0,0.0,"[np.int64(13), np.int64(32), np.int64(4), np.int64(22), np.int64(48), np.int64(57), np.int64(59), np.int64(44), np.int64(41), np.int64(62), np.int64(43), np.int64(61), np.int64(52), np.int64(19), np.int64(16), np.int64(35), np.int64(35), np.int64(56), np.int64(10), np.int64(33), np.int64(37), np.int64(10), np.int64(12), np.int64(55), np.int64(4), np.int64(26), np.int64(21), np.int64(47), np.int64(55), np.int64(35), np.int64(10), np.int64(9), np.int64(26), np.int64(32), np.int64(8), np.int64(25), np.int64(30), np.int64(45), np.int64(9), np.int64(10), np.int64(48), np.int64(60), np.int64(63), np.int64(43), np.int64(60), np.int64(35), np.int64(28), np.int64(23), np.int64(54), np.int64(32), np.int64(49), np.int64(5), np.int64(28), np.int64(21), np.int64(23), np.int64(4), np.int64(38), np.int64(48), np.int64(23), np.int64(16), np.int64(18), np.int64(33), np.int64(39), np.int64(1)]","[np.int64(1), np.int64(13), np.int64(46), np.int64(0), np.int64(39), np.int64(11), np.int64(7), np.int64(51), np.int64(31), np.int64(35), np.int64(63), np.int64(48), np.int64(20), np.int64(1), np.int64(46), np.int64(22), np.int64(4), np.int64(56), np.int64(7), np.int64(13), np.int64(38), np.int64(23), np.int64(50), np.int64(59), np.int64(19), np.int64(47), np.int64(59), np.int64(38), np.int64(32), np.int64(60), np.int64(50), np.int64(17), np.int64(10), np.int64(26), np.int64(3), np.int64(2), np.int64(34), np.int64(14), np.int64(5), np.int64(54), np.int64(57), np.int64(5), np.int64(23), np.int64(56), np.int64(21), np.int64(19), np.int64(59), np.int64(11), np.int64(63), np.int64(61), np.int64(54), np.int64(57), np.int64(23), np.int64(37), np.int64(42), np.int64(42), np.int64(28), np.int64(4), np.int64(41), np.int64(46), np.int64(38), np.int64(24), np.int64(10), np.int64(5)]",False,False,0.0,0.0,"[ 0. 33. 44.  9.  3. 40. 45. 32. 27. 53. 51. 23. 58. 13. 41. 28. 63. 22.
 20. 37. 10. 52. 13. 39. 16. 56. 43. 18.  0. 15. 47. 14. 34. 60.  5. 62.
 54. 55. 49. 25. 59. 19. 38. 24. 11. 50. 26. 35. 36. 31.  8. 29.  1. 46.
 17. 21. 57. 48.  4.  6. 61. 12. 42.  2.]","[63. 48. 38. 11. 37. 21. 28. 60. 45. 14. 42. 41. 35.  1. 44. 53. 59. 50.
 23.  7. 29. 36.  3. 40. 47.  4. 58. 52. 61. 51. 18.  0. 24. 34. 55. 17.
 30. 20. 31. 33. 22. 27. 27. 15.  5.  2. 39. 26. 62. 57. 43. 25. 46. 13.
 12. 16. 20.  8. 10. 54. 49. 32. 56.  1.]",False,False,0.0,0.015625,"[ 0.  4. 24. 37. 17. 51. 56. 46. 13. 52. 59. 14. 37. 28. 46. 53. 38. 55.
 54.  1. 39.  6. 62. 12. 19. 46. 60. 49. 58. 56.  4.  2. 50.  0. 37. 19.
 43. 61. 31. 28.  4. 53. 15. 48. 41. 46. 29. 33. 56. 15.  2. 42. 59. 20.
 61. 60. 16. 19. 60. 17. 55. 51. 34. 45.]","[ 0. 17. 49. 13. 17. 55. 45. 59. 17.  0. 56. 23. 57. 42. 44. 56.  9.  1.
 23. 15. 10.  3.  3. 39. 47.  6. 54. 60. 14. 36. 50.  0. 37. 54. 40. 27.
  7.  3. 49. 48. 51. 11. 16.  2.  5.  1. 60. 33. 15. 33. 40. 25. 18.  8.
 34. 27.  2. 28. 51. 17.  1.  8. 22. 50.]",False,False,0.0,0.0,1.0,0.0,0.0,1.0,0.0,0.0,1.0,0.0,0.0,1.0,0.0,0.0
[0 0 0 ... 1 1 0],"[ 0 34 44 50 35 49 50 56 56 59 59 60 59 59 58 60 61 61 60 63 61 62 60  6
  6 62 61 20 17 15 20 20 20 25 25 25 20 30 27 25 20 20 10 40 39  6 25 17
 22 27 27 40 22 39 27 27 20 41 22 25 22 25 25 22]","[ 0 40 18 23 43 12 21 33 17  5 30  1 57 54 10  8  2 32  4  1 13 26 18 16
  1  4 54 63 10  9 49  9  2 49  0 15  8  7 11  5  2  2 51 36  5 22 13  6
 12  5  6 29 20 36 12 42 50  0 22 43 26 32 55 25]",False,False,0.0,0.0,"[np.int64(50), np.int64(0), np.int64(14), np.int64(49), np.int64(0), np.int64(12), np.int64(25), np.int64(48), np.int64(48), np.int64(23), np.int64(62), np.int64(54), np.int64(5), np.int64(53), np.int64(20), np.int64(51), np.int64(13), np.int64(57), np.int64(27), np.int64(38), np.int64(57), np.int64(22), np.int64(8), np.int64(36), np.int64(52), np.int64(54), np.int64(13), np.int64(53), np.int64(39), np.int64(15), np.int64(63), np.int64(2), np.int64(26), np.int64(18), np.int64(34), np.int64(23), np.int64(57), np.int64(55), np.int64(1), np.int64(37), np.int64(51), np.int64(12), np.int64(28), np.int64(39), np.int64(33), np.int64(20), np.int64(48), np.int64(56), np.int64(54), np.int64(55), np.int64(20), np.int64(15), np.int64(48), np.int64(31), np.int64(7), np.int64(22), np.int64(24), np.int64(53), np.int64(32), np.int64(12), np.int64(53), np.int64(48), np.int64(15), np.int64(27)]","[np.int64(57), np.int64(44), np.int64(39), np.int64(56), np.int64(7), np.int64(39), np.int64(2), np.int64(47), np.int64(32), np.int64(27), np.int64(17), np.int64(25), np.int64(11), np.int64(11), np.int64(11), np.int64(5), np.int64(18), np.int64(39), np.int64(59), np.int64(16), np.int64(28), np.int64(41), np.int64(35), np.int64(49), np.int64(17), np.int64(32), np.int64(3), np.int64(56), np.int64(1), np.int64(28), np.int64(44), np.int64(39), np.int64(36), np.int64(45), np.int64(53), np.int64(9), np.int64(58), np.int64(58), np.int64(8), np.int64(45), np.int64(17), np.int64(9), np.int64(60), np.int64(2), np.int64(44), np.int64(58), np.int64(52), np.int64(32), np.int64(43), np.int64(29), np.int64(44), np.int64(22), np.int64(33), np.int64(28), np.int64(7), np.int64(35), np.int64(23), np.int64(34), np.int64(42), np.int64(19), np.int64(46), np.int64(57), np.int64(36), np.int64(16)]",False,False,0.0,0.0,"[ 0. 40. 25.  1. 50.  7. 29.  8. 34. 62. 20. 27.  4. 11. 51. 36. 43. 24.
 16. 44. 42. 17. 28. 23. 49. 56. 41. 21. 39. 47. 63. 57. 32. 31. 48.  3.
 54. 35.  6. 61. 22. 18.  2.  0. 14. 53. 19. 32. 13. 52. 33. 45. 10. 26.
 60.  5. 59. 37. 15. 23. 30.  9. 55. 38.]","[ 0. 32. 45. 52. 56. 51. 29. 28. 16. 22. 11. 50. 36. 57. 35. 21. 53.  3.
 46. 24. 54. 26. 12. 30. 39. 60. 33. 44. 62. 41. 61. 40.  2. 63. 49. 34.
 38. 40. 50. 27. 15. 14. 23. 48. 25.  0. 13. 18. 47.  5. 42. 19.  8. 43.
  7. 31.  1. 41.  6. 34. 58.  4. 55. 10.]",False,False,0.0,0.015625,"[ 0. 59.  1. 29. 23. 52. 10. 42. 29. 56.  6.  5. 40. 39. 50. 16. 42. 20.
 20. 14. 18. 19.  4. 52. 51. 56. 55. 25. 51. 11.  3. 46. 16. 25. 25. 31.
  8.  3. 30. 62. 22. 45. 41. 20. 38. 47. 19. 44. 47. 56. 46. 55.  9. 35.
 62. 50. 54. 23. 34. 38. 39. 37. 40. 27.]","[ 0. 25. 49. 42. 13. 51. 21. 28. 61. 22. 11. 15. 57. 11. 42.  8.  2. 13.
 50. 44. 34. 38.  0. 21.  3. 19. 58. 54. 50. 31.  4.  5. 33. 37. 10. 63.
  8. 46. 24.  1.  9.  2. 63. 19. 17.  9. 60.  6. 12. 52. 43. 55. 24. 63.
 14.  6. 50. 13. 22.  3.  3.  8. 48. 23.]",False,False,0.0,0.0,1.0,0.0,0.0,1.0,0.0,0.0,1.0,0.0,0.0,1.0,0.0,0.0
[0 1 0 ... 0 1 0],"[ 0 25 49 48 48 52 56 53 53 50 53 57 62 62 57 60 59 59 62  1 62 62 62  4
 63 62 62 62  9 20  9  6 25  6  1 26 25 24 20 50 24  1 24 35 24 26 50 26
  1  1 26  1  1 26  1 26 50  1  9  1 29 24  1 25]","[ 0 28 63 21  7  3  9 22  9 19 14 63  5 30  1 33 20 16  5  7 10  8 14  4
  9 23  5 56 45 15  3  6 13 21 29 19 10 44  4  3 17 51  3  1 34 40 27 59
 31  0 11  8 54 44  2 11  2  2 23 12 49 48  1  1]",False,False,0.0,0.0,"[np.int64(27), np.int64(36), np.int64(1), np.int64(8), np.int64(16), np.int64(35), np.int64(49), np.int64(53), np.int64(25), np.int64(48), np.int64(35), np.int64(51), np.int64(7), np.int64(17), np.int64(20), np.int64(24), np.int64(10), np.int64(0), np.int64(19), np.int64(8), np.int64(3), np.int64(41), np.int64(53), np.int64(42), np.int64(57), np.int64(13), np.int64(40), np.int64(38), np.int64(4), np.int64(39), np.int64(40), np.int64(58), np.int64(10), np.int64(35), np.int64(21), np.int64(37), np.int64(48), np.int64(55), np.int64(7), np.int64(61), np.int64(4), np.int64(37), np.int64(49), np.int64(17), np.int64(22), np.int64(62), np.int64(30), np.int64(46), np.int64(0), np.int64(58), np.int64(59), np.int64(3), np.int64(29), np.int64(39), np.int64(52), np.int64(41), np.int64(9), np.int64(25), np.int64(4), np.int64(31), np.int64(11), np.int64(1), np.int64(54), np.int64(43)]","[np.int64(8), np.int64(46), np.int64(48), np.int64(25), np.int64(63), np.int64(47), np.int64(4), np.int64(41), np.int64(53), np.int64(11), np.int64(20), np.int64(56), np.int64(62), np.int64(46), np.int64(53), np.int64(12), np.int64(26), np.int64(55), np.int64(8), np.int64(19), np.int64(50), np.int64(2), np.int64(49), np.int64(21), np.int64(21), np.int64(23), np.int64(39), np.int64(38), np.int64(54), np.int64(9), np.int64(14), np.int64(39), np.int64(24), np.int64(20), np.int64(54), np.int64(18), np.int64(24), np.int64(7), np.int64(25), np.int64(9), np.int64(36), np.int64(23), np.int64(4), np.int64(37), np.int64(18), np.int64(25), np.int64(38), np.int64(18), np.int64(53), np.int64(20), np.int64(50), np.int64(41), np.int64(17), np.int64(10), np.int64(43), np.int64(49), np.int64(56), np.int64(9), np.int64(62), np.int64(59), np.int64(55), np.int64(13), np.int64(57), np.int64(14)]",False,False,0.0,0.0,"[ 0. 25. 18.  6. 16. 12. 34. 14. 61.  0. 39. 60. 12. 54.  8. 33. 40. 28.
 55.  1. 62. 26. 27. 13.  2.  9. 42. 20. 32. 53. 29. 44.  7. 51.  5. 38.
 46. 58. 23. 59. 30. 21.  3. 36. 37. 56. 52. 19. 41. 45. 47. 11. 50. 24.
 17. 31. 10. 35. 49. 15. 43. 22. 48.  4.]","[ 0. 28. 46. 52. 53. 29. 13. 10.  0. 50. 24. 60. 47. 61.  1. 44. 40. 27.
  6. 13.  5. 31. 39. 55. 26. 23. 45. 54. 19.  4. 16. 49. 18. 39. 46. 15.
 58. 20. 22. 14. 36. 32. 12. 30. 34. 62. 43.  3. 37. 42. 11. 41. 26. 17.
 63. 21.  2. 51.  9. 33.  8. 38. 20. 35.]",False,False,0.0,0.015625,"[ 0. 42. 17. 33. 28. 16. 10. 29. 21. 57. 54.  7. 47. 52. 21. 14. 34. 37.
 41.  7. 62. 41. 57. 36. 23. 28. 34. 44. 43. 20. 50. 61. 35. 39. 18. 57.
 44. 17. 26.  8. 22. 42. 49. 28. 24. 56. 19. 17. 30. 41.  4. 22. 29. 26.
 53. 56. 41. 62. 38. 56. 58. 37. 35.  1.]","[ 0. 62. 37. 39. 41. 35. 56.  3.  0. 36. 14. 35. 37. 33.  6. 33. 54. 59.
  5.  7. 10. 45.  0. 21.  1. 47. 17. 20. 45.  4. 58. 50. 58.  5. 57. 60.
 58. 45.  4. 56. 14. 51. 12. 18. 24. 42. 57. 22. 31. 58. 60. 42. 16. 46.
 23. 35. 10. 26. 41. 46. 63. 24. 35. 25.]",False,False,0.0,0.0,1.0,0.0,0.0,1.0,0.0,0.0,1.0,0.0,0.0,1.0,0.2,0.2
[1 1 0 ... 0 0 1],"[ 0 56 44 52 56 48 60 56 52 51 60 57 63 57 57 54 62 63 63 60  5 63 63  5
  8 60  8  9  5 16  9 21 11 11 21 15 29 21 29 32 21 29 52 29 48 21 29 53
  5 53 43  5  5  5  5  5  8  5 51 53 52 51 54  8]","[ 0 53 20 30  3 14  7 12 25  0 31  1 48 57  6 19 19 20  2  1 27 35 58 33
  6  3 27  2 21 11 44  7 17 46 24 25 18 54  2 40 36 51  4  4 49 51  4  8
  4 29 21  9 47  7 13 59 29  5  0 22 45  8 42 49]",False,False,0.0,0.0,"[np.int64(6), np.int64(56), np.int64(1), np.int64(24), np.int64(42), np.int64(9), np.int64(31), np.int64(24), np.int64(19), np.int64(60), np.int64(49), np.int64(49), np.int64(63), np.int64(33), np.int64(40), np.int64(35), np.int64(23), np.int64(13), np.int64(18), np.int64(4), np.int64(3), np.int64(16), np.int64(14), np.int64(4), np.int64(4), np.int64(20), np.int64(28), np.int64(42), np.int64(52), np.int64(19), np.int64(7), np.int64(44), np.int64(59), np.int64(7), np.int64(26), np.int64(58), np.int64(52), np.int64(47), np.int64(52), np.int64(54), np.int64(21), np.int64(49), np.int64(50), np.int64(57), np.int64(15), np.int64(47), np.int64(22), np.int64(34), np.int64(43), np.int64(27), np.int64(8), np.int64(37), np.int64(32), np.int64(42), np.int64(47), np.int64(38), np.int64(10), np.int64(40), np.int64(1), np.int64(46), np.int64(7), np.int64(3), np.int64(52), np.int64(4)]","[np.int64(35), np.int64(46), np.int64(50), np.int64(56), np.int64(4), np.int64(22), np.int64(38), np.int64(9), np.int64(50), np.int64(12), np.int64(24), np.int64(44), np.int64(38), np.int64(29), np.int64(14), np.int64(24), np.int64(22), np.int64(29), np.int64(43), np.int64(37), np.int64(8), np.int64(51), np.int64(12), np.int64(5), np.int64(38), np.int64(4), np.int64(46), np.int64(53), np.int64(9), np.int64(47), np.int64(2), np.int64(24), np.int64(48), np.int64(63), np.int64(40), np.int64(47), np.int64(61), np.int64(25), np.int64(40), np.int64(7), np.int64(29), np.int64(49), np.int64(57), np.int64(61), np.int64(0), np.int64(52), np.int64(50), np.int64(40), np.int64(61), np.int64(44), np.int64(46), np.int64(35), np.int64(41), np.int64(19), np.int64(25), np.int64(57), np.int64(19), np.int64(1), np.int64(55), np.int64(31), np.int64(63), np.int64(60), np.int64(34), np.int64(9)]",False,False,0.0,0.0,"[ 0. 29. 17. 26. 35. 57. 60.  4. 50. 34. 12. 62. 30. 56. 52. 19. 54. 58.
 10. 45. 43.  5. 63. 23. 24. 55. 46. 20. 22. 39.  9. 33.  2.  7. 38. 37.
 44. 21. 53. 47. 51. 24. 61. 23. 41. 32. 11. 18.  8. 28. 15.  1. 40.  3.
 25. 59.  6. 13.  0. 31. 14. 36. 27. 16.]","[ 0. 13. 48.  0. 25. 36. 17.  7. 22. 43. 61. 34. 14. 19.  8.  6. 49. 20.
 56. 41. 27.  5. 50. 39. 38. 28. 53. 51.  2. 18. 31. 12.  1. 15. 24.  9.
 44. 54. 45. 37. 16. 33. 59.  3. 58. 35. 52. 55. 40. 57. 21. 23. 13. 30.
 10. 62. 46. 42.  4. 29. 63. 11. 11. 49.]",False,False,0.0,0.015625,"[ 0. 32. 20. 18. 56. 40.  3. 24. 53. 37. 22. 25. 31. 59.  3. 14. 58. 56.
 25.  5.  6. 49. 56. 50. 10. 48. 53. 62. 22. 19. 17. 53. 50.  6. 38. 45.
 50. 50. 35.  9.  6. 12. 40. 29. 39. 51. 24. 53. 51.  0. 14. 53. 47. 41.
 31. 22. 29. 18. 19. 52. 61. 36. 37. 44.]","[ 0. 25.  1. 43. 50. 34.  7. 12. 36. 59. 49. 16. 15. 57. 37. 20. 19. 58.
 20. 17.  6. 16. 50. 42. 34. 37. 32. 53.  7. 63. 61.  7. 63. 16. 37. 61.
 15. 50. 59. 49. 57. 33. 34. 12. 11. 56. 25. 18.  4. 47.  8. 42. 31. 33.
 13. 59. 29.  6. 45.  0.  3. 58.  2. 49.]",False,False,0.0,0.0,1.0,0.0,0.0,1.0,0.0,0.0,1.0,0.0,0.0,1.0,0.0,0.0
[0 0 1 ... 0 0 1],"[ 0 35 35 63 53 42 54 55 53 63 62 60 58 63 61 59 63 62  2 62  5 61  2  5
  2  2 60  2 26  2  2 18 26 17 20  2  2 26 30 27  2  2 26 35  2 29  2 26
 26 30  2 33 42  2  2  2 35 35 31  2  2  2 26  2]","[ 0 41  1  9  7 38 32 15 22 16  5 23 13 11 40 49  2 14 17  6  9 33 33  8
 11 60 45  3 20 30 48 15 30 18  7  4 38 43 32  3 60 55  7  4 14 28  8 21
 61 35  5  0  0  0  2 63 52  2 14  5 50  6  1  9]",False,False,0.0,0.0,"[np.int64(9), np.int64(25), np.int64(12), np.int64(15), np.int64(22), np.int64(12), np.int64(24), np.int64(44), np.int64(14), np.int64(32), np.int64(23), np.int64(60), np.int64(14), np.int64(19), np.int64(12), np.int64(59), np.int64(14), np.int64(48), np.int64(49), np.int64(60), np.int64(17), np.int64(28), np.int64(39), np.int64(16), np.int64(18), np.int64(6), np.int64(20), np.int64(27), np.int64(60), np.int64(10), np.int64(31), np.int64(32), np.int64(50), np.int64(14), np.int64(49), np.int64(50), np.int64(14), np.int64(3), np.int64(28), np.int64(63), np.int64(34), np.int64(5), np.int64(18), np.int64(47), np.int64(25), np.int64(36), np.int64(22), np.int64(63), np.int64(41), np.int64(59), np.int64(9), np.int64(26), np.int64(40), np.int64(10), np.int64(13), np.int64(61), np.int64(37), np.int64(24), np.int64(3), np.int64(2), np.int64(31), np.int64(6), np.int64(43), np.int64(53)]","[np.int64(58), np.int64(41), np.int64(21), np.int64(5), np.int64(8), np.int64(52), np.int64(36), np.int64(49), np.int64(58), np.int64(40), np.int64(19), np.int64(10), np.int64(58), np.int64(8), np.int64(22), np.int64(27), np.int64(59), np.int64(19), np.int64(42), np.int64(16), np.int64(39), np.int64(35), np.int64(35), np.int64(37), np.int64(63), np.int64(28), np.int64(60), np.int64(31), np.int64(18), np.int64(31), np.int64(18), np.int64(12), np.int64(1), np.int64(4), np.int64(3), np.int64(2), np.int64(51), np.int64(51), np.int64(15), np.int64(1), np.int64(56), np.int64(63), np.int64(12), np.int64(53), np.int64(29), np.int64(3), np.int64(62), np.int64(30), np.int64(16), np.int64(2), np.int64(52), np.int64(27), np.int64(54), np.int64(5), np.int64(28), np.int64(13), np.int64(10), np.int64(13), np.int64(10), np.int64(22), np.int64(11), np.int64(58), np.int64(7), np.int64(43)]",False,False,0.0,0.0,"[ 0. 51.  8. 25. 10. 23. 52. 46. 17. 38. 45. 37. 39. 16. 42. 47. 57. 18.
 15.  5. 22. 61. 19. 21. 11.  1. 31. 60. 53. 12.  7. 62. 49. 29. 30.  2.
 55. 37. 13. 35. 34. 36. 63. 40. 32. 24.  0.  4.  6. 14. 48. 33. 27. 41.
 50. 20. 44. 59.  9. 59. 60.  3. 56. 43.]","[ 0. 58.  0.  8. 20. 38. 12. 47. 49. 35. 39. 51. 40. 50. 52. 56. 14. 63.
 41.  1. 10. 53. 43. 54.  7. 33. 45. 46. 26. 57.  4. 15. 44. 31. 11. 27.
  2. 32. 61. 37. 30. 59. 13. 55. 36. 59. 28. 21. 29. 37. 19. 23. 48. 34.
 24. 60. 17. 18. 22.  5. 25. 30. 42.  9.]",False,False,0.0,0.015625,"[ 0. 41. 29.  1. 24. 48. 11. 62. 14. 36. 12. 15. 60. 32. 30. 61. 18. 57.
 25.  6. 16.  7. 37. 19. 29. 41. 31. 62. 39. 21. 31. 62. 61.  3. 54. 36.
 18. 16. 57.  6.  6. 39. 17.  7. 25.  0. 42. 55. 37. 38. 10.  3.  7.  8.
 57. 15. 59.  5. 47. 62. 21.  1. 43. 10.]","[ 0. 56.  5. 44. 53. 38. 61. 15. 22. 16. 39. 63. 52.  3. 42. 63. 24. 39.
  4. 34. 31.  4. 26. 27. 29. 18. 45.  8. 46. 46. 42. 22. 56. 18. 22. 55.
 38. 26. 27. 19. 55. 28. 41.  8. 13. 12.  2. 21. 53. 60.  5. 50. 26. 33.
 16. 59. 36.  6. 60. 46.  9. 45. 41. 13.]",False,False,0.0,0.0,1.0,0.0,0.0,1.0,0.0,0.0,1.0,0.0,0.0,1.0,0.0,0.0
[1 1 1 ... 0 0 1],"[ 0  9 52 51 48 49 57 49 59 56 54 60 58 59 59 59 63 63 58 62 63  3 60 62
 63 63  5  3  3  3  3  3 24 22  5 24 24  3  3 49  3  3  3  4 32  3  3 32
  3 32  3  3  3  4  3  3  3  3 48  5  5  4 51  4]","[ 0 14 50 18 20 38  2  5 16 35 31  1 40 35 53 40 55  0 17 40 44 25 10 26
 14  2 36 33 12 52  4  3 20 21 37 28 18 43 41 26  5 46  8 45  6 32 12 32
  9 17  6  2 21 23 19 30 60 24 46 13  9  5 43  2]",False,False,0.0,0.0,"[np.int64(7), np.int64(4), np.int64(0), np.int64(32), np.int64(4), np.int64(50), np.int64(24), np.int64(37), np.int64(32), np.int64(47), np.int64(52), np.int64(50), np.int64(37), np.int64(16), np.int64(16), np.int64(32), np.int64(20), np.int64(31), np.int64(59), np.int64(57), np.int64(21), np.int64(56), np.int64(61), np.int64(56), np.int64(24), np.int64(35), np.int64(33), np.int64(13), np.int64(62), np.int64(24), np.int64(39), np.int64(63), np.int64(25), np.int64(33), np.int64(17), np.int64(54), np.int64(16), np.int64(9), np.int64(58), np.int64(52), np.int64(45), np.int64(2), np.int64(28), np.int64(39), np.int64(49), np.int64(20), np.int64(37), np.int64(27), np.int64(48), np.int64(4), np.int64(39), np.int64(31), np.int64(10), np.int64(3), np.int64(18), np.int64(11), np.int64(5), np.int64(42), np.int64(31), np.int64(35), np.int64(34), np.int64(3), np.int64(9), np.int64(45)]","[np.int64(28), np.int64(46), np.int64(58), np.int64(6), np.int64(0), np.int64(50), np.int64(26), np.int64(52), np.int64(8), np.int64(25), np.int64(23), np.int64(47), np.int64(45), np.int64(41), np.int64(48), np.int64(23), np.int64(55), np.int64(8), np.int64(7), np.int64(46), np.int64(61), np.int64(23), np.int64(23), np.int64(24), np.int64(15), np.int64(22), np.int64(47), np.int64(48), np.int64(31), np.int64(59), np.int64(62), np.int64(59), np.int64(44), np.int64(54), np.int64(54), np.int64(56), np.int64(28), np.int64(11), np.int64(43), np.int64(4), np.int64(37), np.int64(25), np.int64(60), np.int64(28), np.int64(9), np.int64(38), np.int64(26), np.int64(0), np.int64(39), np.int64(53), np.int64(29), np.int64(35), np.int64(37), np.int64(53), np.int64(39), np.int64(20), np.int64(31), np.int64(33), np.int64(16), np.int64(13), np.int64(28), np.int64(50), np.int64(0), np.int64(19)]",False,False,0.0,0.0,"[ 0.  1.  9.  5. 49. 56.  2. 46. 33. 27. 47. 34. 22. 12. 52. 60. 30. 37.
 62. 38.  0. 31.  8. 44.  7. 16. 48. 39. 26. 53.  4. 41. 17. 55. 36. 10.
 54. 14. 25. 59. 15. 63. 45. 28. 24. 35. 11. 20. 40. 21. 43. 32. 19. 23.
  3. 50. 51. 13. 42. 57.  1. 58. 29.  6.]","[ 0. 37. 50. 11. 36.  4. 16. 61. 33.  8. 17. 12. 13. 23. 28.  6. 28. 54.
 55. 27. 29. 40. 52. 47. 15. 14. 39. 30.  3. 22. 60. 48. 42. 58. 16. 56.
 18. 31. 49. 21.  5. 19. 24. 26. 10.  9. 32. 44. 51. 62. 57.  2. 38. 25.
 34. 41.  1. 63.  0. 20. 13. 33. 43. 46.]",False,False,0.0,0.015625,"[ 0.  7. 35. 56. 36. 12. 32. 63. 44. 35.  4. 52. 19. 19. 53. 11. 17. 37.
 58.  7. 54. 53.  0.  8. 12. 16. 48.  8. 27. 19. 53. 29.  0.  2. 40. 41.
 24. 13.  9. 13. 54. 59. 20. 42. 24. 62. 35. 45. 55. 63. 33. 10. 32. 48.
 43. 15.  2. 48. 60. 49. 21. 41. 41.  9.]","[ 0. 46. 10. 57. 28. 45. 10.  9. 53. 39. 51. 16. 43. 31. 53. 59. 31. 54.
  0. 59. 44. 29. 30. 50. 43.  2. 46. 31. 12. 52.  7. 42. 61. 55.  5. 29.
  1. 62.  8. 48.  8. 46. 46.  0.  8. 53.  8.  6. 62.  6. 42. 27. 61. 23.
 49. 51. 26. 24. 36. 20. 47. 43. 17. 10.]",False,False,0.0,0.0,1.0,0.0,0.0,1.0,0.0,0.0,1.0,0.2,0.2,1.0,0.0,0.0
[0 1 1 ... 1 0 0],"[ 0 28 27 49 56 60 50 57 61 53 61 60 62 58 62 58 63 63 62 63 63 63 63 60
 60  2  2 60 63 19 22 20  2 21 40 29 22 28  2 22  2 22 53  2  2 53 53  2
  2 53  2 22  2 27 22  2  2 28 33  9  6  2  2 51]","[ 0 33  0 27  3 15  0 17 17 13 31 23 57  1 18  8 58  1 32 15 46  3 23  0
 35 61 25 31 14 16  7  8  5  4 63  7 10  4 49  8 24 57  6  2  5  1 11 15
 31 11 30  3 25 13 12  6 52  4 30 60 32 23 49 14]",False,False,0.0,0.0,"[np.int64(21), np.int64(63), np.int64(46), np.int64(25), np.int64(34), np.int64(56), np.int64(13), np.int64(21), np.int64(10), np.int64(32), np.int64(43), np.int64(48), np.int64(63), np.int64(16), np.int64(33), np.int64(62), np.int64(51), np.int64(30), np.int64(36), np.int64(26), np.int64(57), np.int64(10), np.int64(11), np.int64(11), np.int64(7), np.int64(11), np.int64(56), np.int64(44), np.int64(60), np.int64(6), np.int64(52), np.int64(54), np.int64(21), np.int64(39), np.int64(0), np.int64(53), np.int64(42), np.int64(28), np.int64(46), np.int64(4), np.int64(42), np.int64(9), np.int64(50), np.int64(51), np.int64(9), np.int64(6), np.int64(0), np.int64(8), np.int64(39), np.int64(12), np.int64(51), np.int64(47), np.int64(57), np.int64(42), np.int64(60), np.int64(29), np.int64(46), np.int64(22), np.int64(41), np.int64(62), np.int64(21), np.int64(4), np.int64(47), np.int64(21)]","[np.int64(43), np.int64(5), np.int64(31), np.int64(54), np.int64(31), np.int64(36), np.int64(63), np.int64(35), np.int64(15), np.int64(60), np.int64(13), np.int64(32), np.int64(32), np.int64(55), np.int64(30), np.int64(39), np.int64(10), np.int64(45), np.int64(26), np.int64(25), np.int64(1), np.int64(2), np.int64(26), np.int64(39), np.int64(25), np.int64(29), np.int64(31), np.int64(22), np.int64(27), np.int64(9), np.int64(44), np.int64(15), np.int64(58), np.int64(38), np.int64(51), np.int64(49), np.int64(44), np.int64(57), np.int64(48), np.int64(15), np.int64(44), np.int64(31), np.int64(27), np.int64(42), np.int64(23), np.int64(36), np.int64(45), np.int64(50), np.int64(42), np.int64(47), np.int64(63), np.int64(37), np.int64(17), np.int64(61), np.int64(18), np.int64(1), np.int64(38), np.int64(24), np.int64(32), np.int64(62), np.int64(39), np.int64(59), np.int64(38), np.int64(24)]",False,False,0.0,0.0,"[ 0. 51. 59. 39. 14.  3. 56.  8. 22. 11. 45. 10. 62. 53. 44.  0. 63. 57.
 15. 30.  9. 31. 58. 18. 24. 13. 37. 28. 36. 24.  2. 55. 25. 54. 34. 27.
 21. 40. 12.  4. 38. 42. 46. 20. 50. 16. 43.  5. 33. 35. 61. 29. 49. 47.
 32. 19. 26. 34. 60.  6. 17. 41.  1. 23.]","[ 0. 56. 38. 27. 24. 15. 17. 25. 18. 54. 50. 30. 13. 10. 59.  8. 63. 22.
 47. 31. 29. 62. 20. 32. 45. 28. 52. 37. 14. 61. 26. 23. 41. 16.  1. 21.
 21. 42. 58. 33.  6. 11. 48. 14.  5.  0. 39. 36. 26. 37. 40.  3. 34. 60.
 19. 20. 57. 53. 51. 49. 44.  2.  7.  4.]",False,False,0.0,0.015625,"[ 0. 47. 46. 62.  3. 35. 17. 56. 33. 49. 12. 52. 45. 55. 59. 31. 12. 61.
  2. 44. 10.  4. 13. 62. 36. 45. 43. 48. 47. 33. 37. 28. 24. 31. 30. 26.
 11. 27. 35. 19. 49. 58. 41. 63. 54. 21. 36. 63. 43.  9. 56. 52. 17. 24.
 47.  4. 57. 35. 50. 27. 56. 10. 46. 14.]","[ 0. 33. 53. 54. 20. 27.  0. 41. 49. 55. 50. 25. 47. 27.  5. 16. 59. 30.
 57. 58. 22. 24. 61. 44. 36. 12. 48. 48. 42.  1. 50. 27. 38. 16.  6. 16.
 29. 28. 31. 25. 43.  2.  6. 14. 11.  1. 41. 41. 56. 55. 19. 54.  1. 59.
 12. 45. 47. 42.  3. 60. 59. 32. 22. 14.]",False,False,0.0,0.0,1.0,0.0,0.0,1.0,0.0,0.0,1.0,0.0,0.0,1.0,0.2,0.2
[0 0 1 ... 0 0 1],"[ 0 35 35 63 53 42 54 55 53 63 62 60 58 63 61 59 63 62  2 62  5 61  2  5
  2  2 60  2 26  2  2 18 26 17 20  2  2 26 30 27  2  2 26 35  2 29  2 26
 26 30  2 33 42  2  2  2 35 35 31  2  2  2 26  2]","[ 0 41  1  9  7 38 32 15 22 16  5 23 13 11 40 49  2 14 17  6  9 33 33  8
 11 60 45  3 20 30 48 15 30 18  7  4 38 43 32  3 60 55  7  4 14 28  8 21
 61 35  5  0  0  0  2 63 52  2 14  5 50  6  1  9]",False,False,0.0,0.0,"[np.int64(52), np.int64(16), np.int64(43), np.int64(39), np.int64(37), np.int64(22), np.int64(26), np.int64(1), np.int64(32), np.int64(63), np.int64(3), np.int64(30), np.int64(5), np.int64(27), np.int64(60), np.int64(39), np.int64(58), np.int64(17), np.int64(40), np.int64(24), np.int64(4), np.int64(2), np.int64(50), np.int64(5), np.int64(15), np.int64(18), np.int64(14), np.int64(2), np.int64(48), np.int64(42), np.int64(46), np.int64(22), np.int64(38), np.int64(14), np.int64(9), np.int64(44), np.int64(14), np.int64(35), np.int64(51), np.int64(44), np.int64(7), np.int64(59), np.int64(27), np.int64(13), np.int64(9), np.int64(39), np.int64(60), np.int64(10), np.int64(7), np.int64(25), np.int64(41), np.int64(10), np.int64(19), np.int64(32), np.int64(33), np.int64(48), np.int64(18), np.int64(18), np.int64(42), np.int64(49), np.int64(50), np.int64(35), np.int64(29), np.int64(15)]","[np.int64(16), np.int64(48), np.int64(25), np.int64(29), np.int64(39), np.int64(3), np.int64(40), np.int64(37), np.int64(31), np.int64(55), np.int64(0), np.int64(3), np.int64(61), np.int64(33), np.int64(43), np.int64(8), np.int64(18), np.int64(47), np.int64(46), np.int64(60), np.int64(15), np.int64(37), np.int64(31), np.int64(42), np.int64(8), np.int64(23), np.int64(44), np.int64(20), np.int64(12), np.int64(25), np.int64(25), np.int64(50), np.int64(15), np.int64(31), np.int64(49), np.int64(63), np.int64(3), np.int64(39), np.int64(7), np.int64(34), np.int64(56), np.int64(12), np.int64(31), np.int64(48), np.int64(27), np.int64(19), np.int64(32), np.int64(9), np.int64(18), np.int64(62), np.int64(6), np.int64(16), np.int64(0), np.int64(24), np.int64(49), np.int64(60), np.int64(46), np.int64(3), np.int64(45), np.int64(24), np.int64(59), np.int64(26), np.int64(40), np.int64(46)]",False,False,0.0,0.0,"[ 0.  1. 47. 31. 24. 10. 19. 55. 62. 36.  8.  2. 45. 61. 28. 15. 40. 21.
 23. 53. 22.  7. 16. 48. 26. 18. 12.  3.  1. 43. 57. 42. 11. 50. 29. 25.
 14. 27.  0. 41. 52. 54. 49. 38. 20. 59. 34.  5. 51. 32. 50. 37. 35. 13.
 44. 63. 30. 46. 60. 15.  4. 39. 17.  9.]","[ 0. 26. 37. 56. 53. 51. 46. 25. 49. 31. 22. 39. 52. 18. 10.  7. 24. 55.
 61. 14. 41.  4. 32. 16.  2. 54.  9. 40. 33. 43. 58. 17. 19. 48. 27. 30.
  8. 45. 47. 32. 25. 57. 63. 36. 20. 62. 28. 21.  1. 35. 19.  0. 34. 12.
 44. 59. 11.  6. 61. 60. 50. 15. 42. 38.]",False,False,0.0,0.015625,"[ 0. 12. 46. 56.  1. 23. 57. 58. 52. 11. 44. 42. 48. 40. 40. 17. 57. 11.
 26. 53. 31. 60. 34. 49. 51.  5. 34. 21.  8. 30. 41. 40. 61. 46. 46. 13.
 22. 52. 61. 57. 47. 23. 59. 44. 53. 37. 22. 18. 10. 30. 47.  3. 41. 40.
 60. 47. 57. 26. 16.  9. 23. 47. 14.  3.]","[ 0. 51. 58.  9. 22. 10. 45. 47. 44. 25. 39. 23. 13. 52. 40. 63. 36. 51.
 13. 36. 31. 33. 57.  8.  7. 43. 12. 19. 32. 49. 36. 37.  3. 42. 37. 17.
  7.  1. 56. 32. 36. 10. 13. 49. 36. 22. 25. 54. 34. 60.  5. 53.  0.  6.
 24. 29. 52. 34. 36. 46. 62.  6. 24. 13.]",False,False,0.0,0.0,1.0,0.0,0.0,1.0,0.0,0.0,1.0,0.0,0.0,1.0,0.2,0.2
[1 0 0 ... 0 1 1],"[ 0 24  6 52  6 49  4 58 58 59 58 62  2 55 63  6  4 62  2 63  6  6  4  6
  8 12  6  8  5  6  6  4 18 18  8  4  2  6 18  6  2  4  6  4  6  4  6  6
  6  4  4 33  4  4  2  4  4  6 51  6  8  4  6 27]","[ 0  3  1 49 54  1 42 56 16 61 18 10  8 23 46  8 41  5 37  0 31 56 61 44
 11 13 52  4 11 22  9 50 16 22 29 17 15  6 19 13  2  5 29 19 51 27 15 20
  1 29  7  8 34 22 15 37 25 39 24  6  9  1 11 20]",False,False,0.0,0.0,"[np.int64(10), np.int64(44), np.int64(44), np.int64(19), np.int64(25), np.int64(61), np.int64(57), np.int64(0), np.int64(24), np.int64(7), np.int64(22), np.int64(28), np.int64(20), np.int64(24), np.int64(50), np.int64(34), np.int64(17), np.int64(8), np.int64(54), np.int64(39), np.int64(38), np.int64(37), np.int64(39), np.int64(51), np.int64(2), np.int64(60), np.int64(50), np.int64(9), np.int64(58), np.int64(3), np.int64(49), np.int64(57), np.int64(24), np.int64(44), np.int64(7), np.int64(61), np.int64(34), np.int64(7), np.int64(35), np.int64(35), np.int64(12), np.int64(18), np.int64(32), np.int64(24), np.int64(62), np.int64(39), np.int64(18), np.int64(30), np.int64(20), np.int64(30), np.int64(61), np.int64(26), np.int64(38), np.int64(54), np.int64(27), np.int64(28), np.int64(43), np.int64(23), np.int64(22), np.int64(26), np.int64(59), np.int64(25), np.int64(25), np.int64(40)]","[np.int64(43), np.int64(21), np.int64(46), np.int64(60), np.int64(62), np.int64(21), np.int64(31), np.int64(36), np.int64(22), np.int64(20), np.int64(15), np.int64(42), np.int64(28), np.int64(23), np.int64(63), np.int64(17), np.int64(30), np.int64(43), np.int64(46), np.int64(53), np.int64(11), np.int64(24), np.int64(4), np.int64(15), np.int64(2), np.int64(30), np.int64(40), np.int64(46), np.int64(16), np.int64(12), np.int64(53), np.int64(59), np.int64(19), np.int64(58), np.int64(18), np.int64(30), np.int64(0), np.int64(35), np.int64(22), np.int64(31), np.int64(40), np.int64(63), np.int64(2), np.int64(42), np.int64(43), np.int64(30), np.int64(36), np.int64(54), np.int64(14), np.int64(40), np.int64(1), np.int64(38), np.int64(6), np.int64(45), np.int64(0), np.int64(4), np.int64(0), np.int64(29), np.int64(7), np.int64(60), np.int64(26), np.int64(9), np.int64(58), np.int64(10)]",False,False,0.0,0.0,"[ 0. 44. 59. 45.  0. 12. 17.  3. 25.  9. 18. 27.  8.  5. 24.  1. 10. 36.
 49. 58. 33.  2. 60. 15. 62. 30. 56.  9. 52.  4. 32. 51. 55. 53. 34. 40.
 36. 13. 19. 41. 11. 61. 16. 20. 43. 21. 38.  6. 23. 35. 26. 47. 34. 28.
  7. 63. 46. 37. 14. 29. 31. 50. 42. 22.]","[ 0. 17. 30.  9. 55. 10. 53. 56. 16. 39. 52. 27. 37.  7. 18. 28. 14. 36.
 11. 47. 19. 43. 44. 30. 45. 21. 59.  2. 51. 58. 40. 32.  8. 38.  3.  0.
 54.  6. 61. 13. 29.  5. 26. 35. 23. 42. 48. 46.  1. 62. 22. 24. 34. 25.
 38. 41. 50. 12. 57. 33. 15.  4. 63. 20.]",False,False,0.0,0.015625,"[56. 10. 23. 24.  6. 11. 22.  3. 63. 39.  9. 36. 24. 49.  6. 57. 12. 16.
 37. 20. 56. 40. 38. 32. 20. 58. 55. 49.  5. 15. 59. 20.  0. 48.  0.  4.
 29.  2. 36. 29. 35.  2. 30. 60. 25. 12. 44. 23. 37.  4. 53. 22. 41.  0.
 18.  7. 47. 14. 44. 24. 53.  4. 63. 23.]","[ 0. 28. 59. 49. 55. 23. 26. 40. 37. 53. 24. 35. 53. 38.  9. 10. 17. 36.
 16.  5.  4. 56. 21.  5. 45.  3. 58. 18. 54. 18.  9. 25. 11. 54. 60. 24.
 51. 45. 18. 54.  3. 19. 50. 25.  7. 43. 43. 62. 36. 32. 58. 14. 30. 63.
 15. 37.  3. 49.  7. 15. 50. 36. 38. 20.]",False,False,0.0,0.0,1.0,0.0,0.0,1.0,0.0,0.0,1.0,0.0,0.0,1.0,0.0,0.0
[1 0 1 ... 0 0 0],"[ 0 11 37  4  3 54 55  3  3  5 51  4 55  3 55 60 61 55  3  3  4  8 62  5
  5  4  3  8  3  6  4  4  3  4  3  4 22  3  4  5  3  4  5  3 37  3 28  4
  3  3 34  3  4  3  4  5  4  3  7  4  4  4  9  4]","[ 0  4  6  8 55 52  0 46 28 62 20  0 26 26 59 41 15 14  2  8  4 36  7 10
  5  2 55 10 23 39 49  5 12 36 15 45 17 36  9 57 50 14 47 13 35 23 43 56
 16  4 58 33 34  3  5 23 12 25 31 25 12 17 10 24]",False,False,0.0,0.0,"[np.int64(33), np.int64(13), np.int64(21), np.int64(12), np.int64(17), np.int64(46), np.int64(26), np.int64(15), np.int64(9), np.int64(49), np.int64(30), np.int64(45), np.int64(26), np.int64(42), np.int64(51), np.int64(39), np.int64(9), np.int64(23), np.int64(38), np.int64(42), np.int64(36), np.int64(10), np.int64(36), np.int64(12), np.int64(19), np.int64(63), np.int64(0), np.int64(47), np.int64(12), np.int64(15), np.int64(17), np.int64(54), np.int64(26), np.int64(53), np.int64(40), np.int64(36), np.int64(5), np.int64(13), np.int64(56), np.int64(37), np.int64(23), np.int64(33), np.int64(42), np.int64(41), np.int64(27), np.int64(47), np.int64(1), np.int64(11), np.int64(23), np.int64(51), np.int64(20), np.int64(46), np.int64(45), np.int64(24), np.int64(10), np.int64(24), np.int64(42), np.int64(59), np.int64(56), np.int64(28), np.int64(54), np.int64(12), np.int64(50), np.int64(6)]","[np.int64(58), np.int64(46), np.int64(61), np.int64(32), np.int64(30), np.int64(0), np.int64(40), np.int64(19), np.int64(43), np.int64(47), np.int64(50), np.int64(32), np.int64(8), np.int64(59), np.int64(16), np.int64(59), np.int64(21), np.int64(40), np.int64(35), np.int64(29), np.int64(29), np.int64(45), np.int64(5), np.int64(48), np.int64(31), np.int64(44), np.int64(57), np.int64(40), np.int64(44), np.int64(33), np.int64(56), np.int64(8), np.int64(4), np.int64(5), np.int64(6), np.int64(41), np.int64(17), np.int64(23), np.int64(61), np.int64(58), np.int64(57), np.int64(12), np.int64(20), np.int64(33), np.int64(1), np.int64(22), np.int64(54), np.int64(41), np.int64(5), np.int64(60), np.int64(7), np.int64(59), np.int64(39), np.int64(17), np.int64(60), np.int64(54), np.int64(9), np.int64(47), np.int64(31), np.int64(58), np.int64(57), np.int64(58), np.int64(35), np.int64(53)]",False,False,0.0,0.0,"[ 0. 11. 42.  0. 49. 46. 25. 31. 34. 61. 19.  9.  8. 26. 15. 53. 43. 23.
 51. 45. 12. 27. 37. 58. 24. 63.  6. 18. 48.  1. 24. 55.  3. 30. 10. 29.
 39. 36. 38. 20.  7. 50. 33. 44. 52. 47. 28. 56. 22. 16. 60.  2. 62. 40.
 59. 17.  4. 38. 41. 13. 32.  5. 21. 14.]","[ 0. 23. 51. 42.  3. 54. 57. 60.  0. 62. 61.  0.  2.  6. 45. 35. 22. 37.
 49. 18. 14. 10.  7.  9.  5. 30. 19. 46. 61. 26. 16. 11. 21. 55.  8. 18.
 44. 63. 32. 52. 36. 50. 47. 58. 17. 25. 43. 48. 24. 40.  3. 39. 31. 38.
  1. 56. 12. 29. 20.  4. 33. 34. 52. 27.]",False,False,0.0,0.015625,"[ 0. 48. 54. 48. 32. 60. 49. 41. 34. 32. 17. 42. 45. 21. 58. 54. 18.  2.
 48. 44. 54. 46. 57. 11. 19. 63.  4. 49. 33. 35. 31.  5. 55.  6.  1. 37.
 24. 10.  9. 28. 36. 61. 37. 53. 16. 40. 17. 13. 62.  0. 47. 11. 37.  1.
  7. 35. 21. 62. 28. 41. 30. 59. 10. 11.]","[ 0. 57.  7.  4.  1. 11. 57. 37. 21. 55. 22. 29. 24.  6. 59. 42. 31. 31.
 49. 62. 37. 43. 57. 55. 10. 13. 17.  8. 14. 26. 45. 55. 53. 52. 36. 58.
 28. 36. 52. 18. 54. 47. 53. 21. 35. 57. 39. 19. 17. 40. 16. 48. 42.  1.
  5. 61. 57. 19. 35. 56. 33. 13. 10. 18.]",False,False,0.0,0.0,1.0,0.0,0.0,1.0,0.0,0.0,1.0,0.0,0.0,1.0,0.2,0.2
[1 0 0 ... 1 0 0],"[ 0  7 55  2 52 42 61 46 54 58 61  2 58 61  2 62 61  7 61 62 61  2  7 61
 11  2  2  2  7  7  8  2 23  2  2  7  8 13  2  2 22  2 23  2  2  7 31  2
  2  2 47 31  2  2  8  7 23  7  2 31  8  8  8  8]","[ 0 19 44  4 47 18  5 15 16  1 13 14 39 29 15  7 37 21 13 34  9 63  7 53
 14 13 55 22 39 26 12 59 22 26  8 56  0 29  2 21 20 22 13  5 53 14  3 31
  1 24 14  1 59 48  8 58 13 14  2  0 21 39 39 35]",False,False,0.0,0.0,"[np.int64(27), np.int64(19), np.int64(10), np.int64(47), np.int64(2), np.int64(28), np.int64(6), np.int64(55), np.int64(56), np.int64(47), np.int64(21), np.int64(10), np.int64(20), np.int64(11), np.int64(16), np.int64(34), np.int64(54), np.int64(8), np.int64(18), np.int64(6), np.int64(56), np.int64(10), np.int64(20), np.int64(51), np.int64(56), np.int64(8), np.int64(37), np.int64(8), np.int64(57), np.int64(15), np.int64(53), np.int64(26), np.int64(56), np.int64(61), np.int64(47), np.int64(51), np.int64(18), np.int64(20), np.int64(36), np.int64(30), np.int64(28), np.int64(43), np.int64(54), np.int64(3), np.int64(30), np.int64(20), np.int64(51), np.int64(42), np.int64(58), np.int64(53), np.int64(26), np.int64(33), np.int64(51), np.int64(1), np.int64(56), np.int64(14), np.int64(50), np.int64(47), np.int64(2), np.int64(51), np.int64(37), np.int64(40), np.int64(39), np.int64(55)]","[np.int64(49), np.int64(44), np.int64(8), np.int64(31), np.int64(61), np.int64(17), np.int64(49), np.int64(7), np.int64(12), np.int64(62), np.int64(46), np.int64(22), np.int64(20), np.int64(11), np.int64(12), np.int64(41), np.int64(48), np.int64(18), np.int64(34), np.int64(2), np.int64(26), np.int64(25), np.int64(44), np.int64(29), np.int64(13), np.int64(43), np.int64(59), np.int64(6), np.int64(7), np.int64(51), np.int64(0), np.int64(37), np.int64(53), np.int64(39), np.int64(39), np.int64(29), np.int64(59), np.int64(14), np.int64(29), np.int64(36), np.int64(42), np.int64(55), np.int64(30), np.int64(60), np.int64(1), np.int64(62), np.int64(50), np.int64(6), np.int64(62), np.int64(48), np.int64(56), np.int64(38), np.int64(40), np.int64(13), np.int64(34), np.int64(63), np.int64(43), np.int64(42), np.int64(2), np.int64(45), np.int64(40), np.int64(11), np.int64(50), np.int64(39)]",False,False,0.0,0.0,"[ 0. 13. 38. 60. 52. 63. 11. 25. 50. 42. 46. 47. 16. 49. 20.  3. 37. 29.
 45. 56.  9. 48. 22. 17. 30. 21.  8. 53. 18. 26.  4. 24. 40. 41.  2. 43.
 27. 44.  5. 28. 31. 34. 39. 15.  7. 54. 51. 55. 33. 57.  0.  1. 10. 62.
 59. 14. 32.  6. 12. 23. 22. 19. 35. 61.]","[ 0. 18. 38. 27. 60.  0. 35. 47. 58. 33. 30. 36.  6. 54. 63. 44. 62. 57.
 13. 55. 19. 23. 59.  1. 14. 23. 11.  7. 52.  5.  4. 41. 45.  2. 50. 37.
 51. 21. 26. 32. 31. 24. 20. 22. 35. 25.  3. 43. 40. 61. 49. 39. 12. 10.
 46. 60. 17. 53. 34. 28. 29. 48. 56. 15.]",False,False,0.0,0.015625,"[ 0. 21. 50. 37. 60. 15. 41. 47. 14.  8. 54. 10. 33.  6. 55.  3. 50. 45.
 31. 37. 30. 23. 21.  3. 11. 62. 16. 25. 47. 48. 56. 24. 41. 15.  3. 23.
 31. 22. 43. 15. 48.  8. 44. 40. 45. 28. 44. 19. 38. 19.  4.  1.  4. 51.
 51. 29. 26. 23. 27. 60. 46. 45.  0. 15.]","[ 0. 29. 62. 22. 23. 25.  5.  8. 38.  1. 22. 63. 14. 61. 10. 48. 55. 63.
 57. 17. 56. 63.  7. 17.  9.  2. 27. 11. 60. 34. 12.  2. 45.  5. 17. 23.
  9. 29. 23. 32. 10. 55.  1. 58.  4. 28. 38. 35.  4.  5.  1. 32. 59. 15.
  6. 29. 26. 62.  2. 50.  8. 54.  0. 19.]",False,False,0.0,0.0,1.0,0.0,0.0,1.0,0.0,0.0,1.0,0.0,0.0,1.0,0.0,0.0
[1 1 1 ... 0 0 1],"[ 0  9 52 51 48 49 57 49 59 56 54 60 58 59 59 59 63 63 58 62 63  3 60 62
 63 63  5  3  3  3  3  3 24 22  5 24 24  3  3 49  3  3  3  4 32  3  3 32
  3 32  3  3  3  4  3  3  3  3 48  5  5  4 51  4]","[ 0 14 50 18 20 38  2  5 16 35 31  1 40 35 53 40 55  0 17 40 44 25 10 26
 14  2 36 33 12 52  4  3 20 21 37 28 18 43 41 26  5 46  8 45  6 32 12 32
  9 17  6  2 21 23 19 30 60 24 46 13  9  5 43  2]",False,False,0.0,0.0,"[np.int64(4), np.int64(8), np.int64(15), np.int64(20), np.int64(38), np.int64(20), np.int64(39), np.int64(24), np.int64(59), np.int64(49), np.int64(46), np.int64(61), np.int64(11), np.int64(1), np.int64(21), np.int64(14), np.int64(29), np.int64(4), np.int64(42), np.int64(43), np.int64(40), np.int64(4), np.int64(18), np.int64(17), np.int64(0), np.int64(25), np.int64(47), np.int64(2), np.int64(31), np.int64(42), np.int64(49), np.int64(18), np.int64(10), np.int64(11), np.int64(48), np.int64(29), np.int64(34), np.int64(27), np.int64(3), np.int64(54), np.int64(20), np.int64(26), np.int64(30), np.int64(10), np.int64(9), np.int64(26), np.int64(9), np.int64(10), np.int64(45), np.int64(54), np.int64(13), np.int64(46), np.int64(39), np.int64(52), np.int64(56), np.int64(5), np.int64(42), np.int64(55), np.int64(38), np.int64(12), np.int64(48), np.int64(32), np.int64(29), np.int64(34)]","[np.int64(35), np.int64(36), np.int64(9), np.int64(22), np.int64(43), np.int64(45), np.int64(13), np.int64(41), np.int64(39), np.int64(4), np.int64(12), np.int64(33), np.int64(53), np.int64(27), np.int64(4), np.int64(9), np.int64(25), np.int64(37), np.int64(53), np.int64(59), np.int64(14), np.int64(19), np.int64(24), np.int64(46), np.int64(59), np.int64(11), np.int64(59), np.int64(31), np.int64(33), np.int64(1), np.int64(0), np.int64(10), np.int64(33), np.int64(57), np.int64(16), np.int64(51), np.int64(37), np.int64(51), np.int64(14), np.int64(62), np.int64(55), np.int64(42), np.int64(24), np.int64(26), np.int64(7), np.int64(2), np.int64(36), np.int64(23), np.int64(60), np.int64(12), np.int64(28), np.int64(6), np.int64(10), np.int64(32), np.int64(55), np.int64(58), np.int64(32), np.int64(61), np.int64(22), np.int64(25), np.int64(3), np.int64(35), np.int64(11), np.int64(36)]",False,False,0.0,0.0,"[ 0. 47. 58. 23.  0. 22. 21.  7.  6. 29. 19.  7. 28. 12. 25. 57. 63. 49.
 60.  9.  1. 15.  4. 32. 20. 39. 17. 11. 26.  3. 38. 42. 61. 27. 14. 48.
 54. 44. 62. 56. 36. 51. 55. 45. 33. 35.  2.  8. 34. 59. 24. 50. 37. 10.
 46. 13. 52. 40. 30. 41. 31.  5. 16. 53.]","[ 0. 57. 61. 18. 25. 43.  5. 55. 16.  4. 48. 42. 40. 50. 63. 39. 13.  0.
 55.  9. 12. 29. 52. 47. 14. 15. 36. 33. 54. 49.  7.  3. 62. 59. 60. 28.
 56. 44. 46. 26. 30. 19.  8. 24.  6.  1. 32. 37. 51. 53. 23. 27. 21. 11.
 39. 41. 54. 31. 35. 20. 10. 34. 22.  2.]",False,False,0.0,0.015625,"[ 0. 48.  9. 18. 57. 54. 61. 56.  4. 24. 57. 62. 43. 47. 63. 52. 61. 15.
 45. 21. 13. 56. 27. 32. 21. 39. 17. 55.  6. 37. 52. 57. 22.  9. 61. 40.
  6. 20. 34. 36. 51. 39. 41. 24. 21. 36. 41.  4. 49. 42. 19. 13. 49. 46.
 29. 12. 54. 58. 24. 33.  0. 24. 54. 10.]","[ 0. 20. 29. 36. 21. 63. 46. 61. 34. 53. 51. 47. 19. 35. 63. 11.  3. 18.
 14. 59. 29. 61. 38. 26. 20. 34. 39. 47. 62. 59. 39. 15. 55. 21. 60. 41.
 31. 53. 17. 10.  8. 63. 48. 25. 37.  9.  6. 44. 53. 62. 43. 56.  9. 28.
 29.  5. 11. 23. 41. 27. 61.  5. 37. 46.]",False,False,0.0,0.0,1.0,0.0,0.0,1.0,0.0,0.0,1.0,0.0,0.0,1.0,0.2,0.2
[1 0 0 ... 0 1 1],"[ 0 25 46 53  5  4 51 51 51 62 60 62 63 58  5 56 62 63 63 62  5  5 63 63
 63 63 63 18  5  5  7 21 21 10 18 18  5  7  4  4 21  5  5  5 21  4  4  5
  5  7  5  5  5  5  5  5 49  4 15  5  5 29  7  5]","[ 0 11 59 28 14 11  2 58  0 23 21 10  0 11 25  3  5  5  6 29 12 10  3 22
 18 62 33 11 60 14 44 47 45 16  2 46 40 15 23 30 41  1 17 36 36 60 33  7
 56  9 41 56 12 22  5  9 50 58 25 15 10 29  8 46]",False,False,0.0,0.0,"[np.int64(49), np.int64(50), np.int64(6), np.int64(26), np.int64(1), np.int64(55), np.int64(42), np.int64(63), np.int64(59), np.int64(17), np.int64(56), np.int64(15), np.int64(10), np.int64(34), np.int64(35), np.int64(47), np.int64(2), np.int64(8), np.int64(16), np.int64(16), np.int64(63), np.int64(15), np.int64(62), np.int64(36), np.int64(16), np.int64(44), np.int64(62), np.int64(12), np.int64(16), np.int64(42), np.int64(42), np.int64(57), np.int64(12), np.int64(26), np.int64(51), np.int64(38), np.int64(25), np.int64(40), np.int64(1), np.int64(40), np.int64(24), np.int64(23), np.int64(22), np.int64(38), np.int64(31), np.int64(35), np.int64(2), np.int64(5), np.int64(44), np.int64(59), np.int64(41), np.int64(35), np.int64(35), np.int64(57), np.int64(56), np.int64(5), np.int64(59), np.int64(44), np.int64(5), np.int64(52), np.int64(9), np.int64(4), np.int64(20), np.int64(33)]","[np.int64(40), np.int64(17), np.int64(10), np.int64(26), np.int64(7), np.int64(56), np.int64(32), np.int64(38), np.int64(47), np.int64(14), np.int64(60), np.int64(21), np.int64(40), np.int64(22), np.int64(48), np.int64(5), np.int64(22), np.int64(61), np.int64(49), np.int64(49), np.int64(43), np.int64(3), np.int64(26), np.int64(6), np.int64(38), np.int64(11), np.int64(44), np.int64(56), np.int64(20), np.int64(39), np.int64(61), np.int64(18), np.int64(39), np.int64(53), np.int64(10), np.int64(3), np.int64(30), np.int64(61), np.int64(43), np.int64(38), np.int64(9), np.int64(35), np.int64(15), np.int64(35), np.int64(63), np.int64(52), np.int64(0), np.int64(48), np.int64(28), np.int64(18), np.int64(61), np.int64(10), np.int64(56), np.int64(47), np.int64(57), np.int64(43), np.int64(14), np.int64(61), np.int64(34), np.int64(2), np.int64(61), np.int64(63), np.int64(35), np.int64(5)]",False,False,0.0,0.0,"[ 0. 58.  2. 49. 13. 25. 41. 62. 38. 43. 47. 17. 60. 51.  7.  4. 16.  8.
 24. 21. 11. 40. 57.  5.  6. 48.  2. 63. 35. 34. 56. 53. 20. 28. 14. 18.
 55. 15. 50.  9. 59. 26. 36. 44. 16. 19. 30. 61. 29. 42. 27. 45. 10. 39.
 52. 23.  0. 33.  3.  1. 37. 22. 54. 12.]","[ 0. 54. 49. 45.  5. 11. 30. 55.  0. 23. 35. 61. 19. 31. 52.  3. 47. 44.
 36. 37. 12.  7.  6. 41. 22. 56. 43. 18. 59. 15.  6. 42. 51. 17. 21.  5.
 40. 13. 18. 27.  2.  1. 62. 44. 34. 57. 33.  4. 39.  9. 29. 48.  8. 20.
 26. 63. 24. 25. 32. 16. 28. 10. 14. 50.]",False,False,0.0,0.015625,"[ 0. 52. 32.  7.  1. 44.  2.  1. 23. 26. 53. 50.  4. 49. 27.  1. 37. 46.
 51. 26. 14. 50. 57. 25. 57.  4.  5. 37. 39. 42. 40. 53. 63. 37. 32. 16.
 37. 41. 53.  4.  3. 28. 56. 31. 50. 52. 20. 28. 41. 18.  4. 60. 58.  8.
  9. 30. 17.  8. 48. 41. 34. 17. 49. 56.]","[ 0. 54. 59. 19. 26.  0.  2. 18. 30. 29.  9. 28.  8. 48. 49.  3. 42. 54.
 50. 12. 34.  3.  4. 63.  6. 23. 39. 11. 60. 14. 54. 32. 45.  6. 21. 42.
 52. 62. 27. 22.  2.  5. 33. 22.  1. 63. 20.  4. 26. 27. 12. 62. 29. 51.
 46. 49. 53. 47.  3. 12. 28. 33.  8. 50.]",False,False,0.0,0.0,1.0,0.0,0.0,1.0,0.0,0.0,1.0,0.2,0.2,1.0,0.0,0.0
[0 1 0 ... 0 1 0],"[ 0 25 49 48 48 52 56 53 53 50 53 57 62 62 57 60 59 59 62  1 62 62 62  4
 63 62 62 62  9 20  9  6 25  6  1 26 25 24 20 50 24  1 24 35 24 26 50 26
  1  1 26  1  1 26  1 26 50  1  9  1 29 24  1 25]","[ 0 28 63 21  7  3  9 22  9 19 14 63  5 30  1 33 20 16  5  7 10  8 14  4
  9 23  5 56 45 15  3  6 13 21 29 19 10 44  4  3 17 51  3  1 34 40 27 59
 31  0 11  8 54 44  2 11  2  2 23 12 49 48  1  1]",False,False,0.0,0.0,"[np.int64(51), np.int64(24), np.int64(29), np.int64(30), np.int64(15), np.int64(28), np.int64(60), np.int64(23), np.int64(21), np.int64(62), np.int64(14), np.int64(36), np.int64(42), np.int64(5), np.int64(25), np.int64(55), np.int64(60), np.int64(38), np.int64(0), np.int64(2), np.int64(56), np.int64(26), np.int64(37), np.int64(31), np.int64(33), np.int64(60), np.int64(38), np.int64(24), np.int64(23), np.int64(60), np.int64(59), np.int64(7), np.int64(18), np.int64(50), np.int64(38), np.int64(21), np.int64(27), np.int64(58), np.int64(48), np.int64(15), np.int64(53), np.int64(19), np.int64(26), np.int64(20), np.int64(9), np.int64(15), np.int64(20), np.int64(54), np.int64(49), np.int64(48), np.int64(0), np.int64(1), np.int64(6), np.int64(23), np.int64(2), np.int64(61), np.int64(12), np.int64(47), np.int64(51), np.int64(11), np.int64(42), np.int64(19), np.int64(22), np.int64(3)]","[np.int64(39), np.int64(13), np.int64(52), np.int64(46), np.int64(22), np.int64(26), np.int64(6), np.int64(15), np.int64(29), np.int64(31), np.int64(3), np.int64(33), np.int64(56), np.int64(42), np.int64(45), np.int64(48), np.int64(42), np.int64(62), np.int64(19), np.int64(31), np.int64(39), np.int64(58), np.int64(43), np.int64(18), np.int64(39), np.int64(1), np.int64(16), np.int64(36), np.int64(63), np.int64(28), np.int64(47), np.int64(24), np.int64(33), np.int64(21), np.int64(19), np.int64(3), np.int64(41), np.int64(44), np.int64(20), np.int64(42), np.int64(63), np.int64(11), np.int64(13), np.int64(22), np.int64(20), np.int64(37), np.int64(41), np.int64(1), np.int64(58), np.int64(57), np.int64(41), np.int64(44), np.int64(31), np.int64(25), np.int64(40), np.int64(5), np.int64(54), np.int64(57), np.int64(8), np.int64(30), np.int64(33), np.int64(44), np.int64(59), np.int64(60)]",False,False,0.0,0.0,"[ 0. 54. 49. 47. 51. 43. 26.  7. 38. 53. 24.  1. 17. 45. 28. 41. 56. 40.
 57.  4. 59. 50. 48.  6. 33. 27.  0. 31. 25. 55. 15. 11. 58. 61.  5. 60.
 18. 14. 20. 10. 30. 32. 23. 36.  3.  2. 12. 39. 19.  7. 22. 52. 16. 44.
  9. 13. 62.  8. 34. 42. 46. 21. 35. 29.]","[ 0.  0. 63. 38. 53. 31.  9. 10. 22. 57. 49. 59. 15.  6. 35. 33. 41.  8.
 62. 43. 18.  4. 61. 55.  1. 26. 46. 56. 25. 18. 60. 12. 27. 40. 29. 46.
 14. 20. 16.  3. 17.  7. 51. 50. 34. 42. 21. 27. 32. 44. 11. 39.  2. 36.
  2.  5. 54. 37. 23. 28. 58. 24. 30. 45.]",False,False,0.0,0.015625,"[ 0. 29. 22. 29. 61. 29. 47. 22. 22. 62. 13. 57. 35. 51.  0. 56.  5. 51.
  6. 27. 17. 40. 62. 14. 43. 27. 54.  0. 43.  1. 50.  0. 27. 51. 12. 51.
 49. 12. 61. 32.  6. 43. 47.  5.  9. 32. 44. 33. 27. 33. 43. 56. 16. 34.
 17. 57. 44. 30. 19. 12. 32. 25. 28. 58.]","[ 0. 58. 28. 39. 32. 44.  9. 60. 52. 62. 32. 54. 22.  6.  1. 48. 52. 63.
 58. 40. 10. 12. 57. 59.  9. 47.  5. 56. 48. 42. 63.  6. 25.  8. 35. 54.
 10. 24. 22. 56. 58. 32.  4. 21. 34. 43. 57. 59. 19. 25. 11. 36. 29. 45.
 23. 36.  2. 43. 60. 33. 43. 23. 20.  1.]",False,False,0.0,0.0,1.0,0.0,0.0,1.0,0.2,0.2,1.0,0.0,0.0,1.0,0.0,0.0
[0 0 1 ... 1 1 1],"[ 0 37 29 63 57 54 51 63 48 63 63 63 61 62 59 61 61 62 62 62 63 62 63 63
  8  8 63 17 17 23 17 63  6 25 17  6 29 25 28 51 48 48 20 35 21 29 25 29
 35 29 35 29 48  6 29 29 35 51  6  8  8 29 29 29]","[ 0 27 60  1 13  0 45  3 43  5 33  6 10  3  0 22  9 23 35  0 41 62 16  7
 36 14 32  9  4 32 24 37 52  3 51 26 40 50  5 22  0 31  3 52 25 59 15 13
 12 27 13 47  8 63 36 15 42 28  0  4 56 51 28  1]",False,False,0.0,0.0,"[np.int64(0), np.int64(60), np.int64(11), np.int64(12), np.int64(24), np.int64(24), np.int64(58), np.int64(51), np.int64(4), np.int64(9), np.int64(21), np.int64(12), np.int64(41), np.int64(6), np.int64(15), np.int64(4), np.int64(42), np.int64(3), np.int64(5), np.int64(19), np.int64(3), np.int64(58), np.int64(41), np.int64(32), np.int64(27), np.int64(6), np.int64(36), np.int64(41), np.int64(23), np.int64(17), np.int64(14), np.int64(43), np.int64(9), np.int64(50), np.int64(39), np.int64(2), np.int64(23), np.int64(33), np.int64(40), np.int64(20), np.int64(11), np.int64(59), np.int64(26), np.int64(30), np.int64(42), np.int64(32), np.int64(4), np.int64(14), np.int64(43), np.int64(15), np.int64(4), np.int64(23), np.int64(42), np.int64(40), np.int64(47), np.int64(51), np.int64(0), np.int64(33), np.int64(22), np.int64(15), np.int64(16), np.int64(60), np.int64(44), np.int64(18)]","[np.int64(41), np.int64(44), np.int64(58), np.int64(40), np.int64(5), np.int64(38), np.int64(6), np.int64(26), np.int64(24), np.int64(18), np.int64(12), np.int64(21), np.int64(20), np.int64(52), np.int64(2), np.int64(29), np.int64(39), np.int64(62), np.int64(17), np.int64(11), np.int64(38), np.int64(39), np.int64(32), np.int64(35), np.int64(41), np.int64(58), np.int64(28), np.int64(22), np.int64(37), np.int64(21), np.int64(14), np.int64(61), np.int64(5), np.int64(54), np.int64(41), np.int64(3), np.int64(54), np.int64(52), np.int64(23), np.int64(51), np.int64(5), np.int64(17), np.int64(44), np.int64(0), np.int64(18), np.int64(2), np.int64(47), np.int64(34), np.int64(37), np.int64(21), np.int64(53), np.int64(49), np.int64(52), np.int64(39), np.int64(36), np.int64(36), np.int64(59), np.int64(49), np.int64(17), np.int64(51), np.int64(40), np.int64(7), np.int64(40), np.int64(46)]",False,False,0.0,0.0,"[ 0. 61. 46. 45.  1. 14. 47. 34. 53.  9.  9. 31. 44.  3.  0. 37. 57. 51.
 48. 15. 29. 42. 26. 43. 63. 41. 25. 52. 19.  2. 16. 12. 21. 22. 30. 17.
 32. 50. 27. 49. 59. 62. 58. 40.  6.  7. 10. 36. 38. 55.  8. 54. 24.  4.
 39. 33. 28. 18.  5. 56. 35. 13. 23. 20.]","[ 0. 25. 19. 15.  1. 14. 55. 53. 58.  8. 45.  5.  4. 10. 46. 57. 59. 62.
 35. 11. 22. 39. 31.  2. 50. 42. 27. 48. 44. 32. 43.  0. 60.  3. 36. 33.
 18.  9.  6. 12. 41.  7. 49. 20. 13. 40. 24. 34. 47. 61. 52. 21. 28. 37.
 29. 16. 63. 51. 54. 56. 26. 38. 23. 30.]",False,True,0.0,0.015625,"[ 0. 24. 50. 53. 17. 10. 48. 47. 50. 38. 57. 46.  1. 52. 27.  8. 24. 31.
 20. 48. 29. 33. 58. 57. 44. 51. 51. 13. 29. 23. 31. 29. 50. 31. 10. 48.
 57. 12.  4.  5.  0.  5. 36. 62.  9. 59. 54. 12. 28. 53. 13. 47. 37. 42.
 60. 15. 48. 10. 39.  2. 28.  7. 38. 48.]","[ 0. 48. 60. 47. 37.  4. 54. 48. 41. 53. 21. 14. 14. 49.  0. 31. 45. 10.
 56.  0. 61. 33. 39. 21. 49.  2.  8.  6. 17. 46. 25. 41. 45. 30. 62.  4.
 54.  9. 62. 62. 25. 60. 10. 27. 53. 59. 20. 40. 16. 27. 43. 47. 55.  1.
 60. 15. 42. 44.  6. 27.  8. 15.  4. 30.]",False,False,0.0,0.0,1.0,0.0,0.0,1.0,0.0,0.0,1.0,0.0,0.0,1.0,0.0,0.0
[0 1 1 ... 0 1 0],"[ 0 27 33 50 60 60 62 57 54 53 62 60 52 54 60 60 62 54 62 63 13 62 60 63
  1 17 13 62 13 26 13 28 26 16 23 10 41 25 25 27 21 18 54 34 52 32 27 17
 13  2 33 54 27 33 33 27 32  2 33 50 13 53 54 27]","[ 0 20 24 21 37  6 30 58 13  2 25 45 34 21 17  3 10 10  5 52  5 30  3 42
 15 42 13 55  7 14  7 62 26  4  6 11 18 40  1 23 13 46 37  7 25 15  1  4
 20 52 12 22  6  5 28 38 17  4  4 52 51  6  0 11]",False,False,0.0,0.0,"[np.int64(46), np.int64(59), np.int64(14), np.int64(41), np.int64(32), np.int64(38), np.int64(36), np.int64(4), np.int64(11), np.int64(63), np.int64(30), np.int64(42), np.int64(59), np.int64(61), np.int64(10), np.int64(33), np.int64(40), np.int64(16), np.int64(26), np.int64(58), np.int64(26), np.int64(56), np.int64(25), np.int64(55), np.int64(29), np.int64(22), np.int64(8), np.int64(31), np.int64(40), np.int64(9), np.int64(14), np.int64(5), np.int64(43), np.int64(61), np.int64(63), np.int64(5), np.int64(45), np.int64(4), np.int64(22), np.int64(44), np.int64(0), np.int64(30), np.int64(2), np.int64(14), np.int64(48), np.int64(0), np.int64(62), np.int64(32), np.int64(55), np.int64(57), np.int64(43), np.int64(39), np.int64(20), np.int64(32), np.int64(1), np.int64(60), np.int64(33), np.int64(21), np.int64(8), np.int64(42), np.int64(26), np.int64(49), np.int64(5), np.int64(37)]","[np.int64(18), np.int64(9), np.int64(63), np.int64(10), np.int64(6), np.int64(44), np.int64(56), np.int64(63), np.int64(15), np.int64(56), np.int64(56), np.int64(38), np.int64(34), np.int64(31), np.int64(27), np.int64(57), np.int64(23), np.int64(52), np.int64(21), np.int64(4), np.int64(16), np.int64(11), np.int64(27), np.int64(42), np.int64(41), np.int64(2), np.int64(36), np.int64(15), np.int64(25), np.int64(17), np.int64(10), np.int64(34), np.int64(61), np.int64(6), np.int64(35), np.int64(58), np.int64(25), np.int64(10), np.int64(6), np.int64(37), np.int64(5), np.int64(27), np.int64(10), np.int64(55), np.int64(38), np.int64(10), np.int64(7), np.int64(29), np.int64(14), np.int64(45), np.int64(14), np.int64(56), np.int64(7), np.int64(59), np.int64(37), np.int64(0), np.int64(53), np.int64(36), np.int64(41), np.int64(36), np.int64(22), np.int64(18), np.int64(39), np.int64(43)]",False,False,0.0,0.0,"[ 0. 34. 56. 21. 13. 33. 52. 49.  0. 36. 53. 39. 38.  1. 27. 44. 22. 17.
  5. 25. 16. 28. 51. 62. 50. 60. 42. 29. 41.  9. 23. 57.  7. 43. 37. 15.
 63. 19.  6. 26. 40. 10.  2. 24. 12. 31.  8. 40. 46. 59.  3. 45. 30. 14.
  4. 17. 61. 54. 11. 55. 35. 47. 48. 32.]","[ 0. 47. 57. 35. 24. 46. 53. 58. 33. 56.  8. 22. 45. 31.  8. 21. 11. 32.
 59. 52. 39.  9. 55.  6. 26. 54. 61.  5. 42. 14. 63. 29.  3. 16.  7. 30.
 15. 25. 60. 18. 10. 50.  8. 19. 27. 40.  1. 43. 13.  2. 12. 36. 20. 44.
 23. 17. 34. 51.  4. 38.  3. 37.  0. 41.]",False,False,0.0,0.015625,"[ 0. 20. 56. 36. 26. 59. 33.  5. 51. 34.  9. 22. 43.  4. 41. 39. 11. 24.
  3. 52.  5.  3. 43. 13.  9. 39. 25. 59. 60. 60. 37. 33. 14. 35. 47. 39.
 58. 19. 23. 50. 52. 62. 21. 50. 41. 32.  1. 56. 31. 50. 22. 61. 43. 38.
 57. 52. 15. 27. 61.  7.  3. 30. 18.  9.]","[ 0. 20. 18. 47. 37. 62. 37. 40. 58. 46. 43.  8. 61. 17. 17. 53. 29. 10.
 53. 25. 13. 44. 46. 42. 15.  9. 49.  5. 32. 18. 49. 47. 50. 35. 26. 60.
 45. 43.  4. 23. 31. 22.  2. 55. 25. 61. 41. 50. 39. 38.  5. 61. 24.  5.
 28.  1. 17. 53. 28.  8.  4. 29.  0. 11.]",False,False,0.0,0.0,1.0,0.0,0.0,1.0,0.0,0.0,1.0,0.0,0.0,1.0,0.0,0.0
[0 1 0 ... 1 1 0],"[ 0 27 43 48 53 49 54 58 62 49 56 57 62 62 58 62 58 58  1 58  8 62 63 63
  1 62 63  5 21 62 22 21 21 25 21 32 24 21  1 21 21  1 21 42 21  1 58 25
 57  1  5 31  1  5  1 38  1 38  1 45 11 11 20 45]","[ 0  2 15  5 36 31 31 40 17 32 20 12 27  3  2 50 49 13 25 57 11  0 46 25
 13  0  9 11  9 56 24  3 19 26 21 45 37 16 61 14 33 46 29  7 42  1 44 44
 18 10 24 27  7 22  1  6  8  9 21 53 28 37  2  7]",False,False,0.0,0.0,"[np.int64(20), np.int64(5), np.int64(21), np.int64(41), np.int64(51), np.int64(62), np.int64(19), np.int64(36), np.int64(27), np.int64(4), np.int64(23), np.int64(40), np.int64(34), np.int64(35), np.int64(30), np.int64(42), np.int64(37), np.int64(44), np.int64(15), np.int64(54), np.int64(63), np.int64(58), np.int64(14), np.int64(21), np.int64(31), np.int64(47), np.int64(35), np.int64(36), np.int64(5), np.int64(10), np.int64(17), np.int64(37), np.int64(3), np.int64(32), np.int64(3), np.int64(52), np.int64(31), np.int64(22), np.int64(31), np.int64(62), np.int64(51), np.int64(50), np.int64(0), np.int64(41), np.int64(2), np.int64(49), np.int64(39), np.int64(45), np.int64(2), np.int64(48), np.int64(46), np.int64(62), np.int64(62), np.int64(63), np.int64(10), np.int64(32), np.int64(0), np.int64(32), np.int64(6), np.int64(18), np.int64(13), np.int64(61), np.int64(36), np.int64(31)]","[np.int64(31), np.int64(19), np.int64(15), np.int64(2), np.int64(43), np.int64(53), np.int64(8), np.int64(45), np.int64(40), np.int64(54), np.int64(27), np.int64(1), np.int64(9), np.int64(48), np.int64(24), np.int64(12), np.int64(49), np.int64(10), np.int64(11), np.int64(37), np.int64(21), np.int64(55), np.int64(26), np.int64(2), np.int64(29), np.int64(36), np.int64(37), np.int64(59), np.int64(24), np.int64(36), np.int64(3), np.int64(18), np.int64(33), np.int64(25), np.int64(47), np.int64(47), np.int64(59), np.int64(34), np.int64(51), np.int64(23), np.int64(55), np.int64(14), np.int64(32), np.int64(1), np.int64(53), np.int64(55), np.int64(56), np.int64(29), np.int64(16), np.int64(35), np.int64(48), np.int64(36), np.int64(55), np.int64(59), np.int64(63), np.int64(14), np.int64(4), np.int64(62), np.int64(62), np.int64(40), np.int64(12), np.int64(47), np.int64(23), np.int64(35)]",False,False,0.0,0.0,"[ 0. 59. 61. 47. 42. 38.  9.  4. 39. 51. 19. 45. 29. 53. 32.  5. 50. 12.
 41. 15. 35. 18.  2. 11. 16. 54. 43. 17. 30. 33. 22. 55. 52. 33.  1. 23.
 46. 48. 58. 57. 28.  6. 13. 14. 37. 24. 31. 27.  0. 63. 25.  8. 21. 56.
 36.  3. 49. 60. 34. 62. 10. 44. 20. 26.]","[ 0. 30. 10.  6. 53. 52. 41.  2. 39.  1. 19.  9. 27. 12. 20. 29. 54. 23.
 25.  4. 11. 61.  8. 35. 48. 36. 13. 45. 59. 28. 56. 17. 18. 34. 21.  5.
 37. 55. 57. 15. 33. 46. 40.  7. 26.  3. 60. 44.  0. 43. 14. 38. 42. 32.
 26. 47. 50. 16. 31. 58. 63. 56. 13. 51.]",False,False,0.0,0.015625,"[ 0.  2. 31.  6.  6. 35. 38. 54. 48. 27. 57. 44. 35.  8. 18. 53. 60. 12.
  8. 50. 47. 36. 10. 53. 53. 30. 38. 40. 35.  0. 35. 22. 10. 26. 36.  8.
 52. 38. 31.  0.  5.  0. 21. 46. 31. 28.  8. 41. 36. 27.  9. 32. 57. 52.
 34. 57. 22. 42. 30. 19. 27. 26. 15. 23.]","[ 0. 26. 44. 51.  6. 36. 15. 40.  7. 32. 28. 12. 30. 29. 47. 46. 61. 37.
 33. 13. 11. 16. 46. 30. 13. 44. 10. 45.  9. 49. 50. 28. 43.  8. 43. 45.
 46. 38. 61. 37. 33. 24. 49. 34. 36. 51. 34.  6. 56. 50. 18. 18. 16. 28.
 58. 62. 45. 16. 24. 62.  7. 23.  3.  2.]",False,False,0.0,0.0,1.0,0.0,0.0,1.0,0.0,0.0,1.0,0.0,0.0,1.0,0.0,0.0
[1 0 1 ... 0 0 0],"[ 0 11 37  4  3 54 55  3  3  5 51  4 55  3 55 60 61 55  3  3  4  8 62  5
  5  4  3  8  3  6  4  4  3  4  3  4 22  3  4  5  3  4  5  3 37  3 28  4
  3  3 34  3  4  3  4  5  4  3  7  4  4  4  9  4]","[ 0  4  6  8 55 52  0 46 28 62 20  0 26 26 59 41 15 14  2  8  4 36  7 10
  5  2 55 10 23 39 49  5 12 36 15 45 17 36  9 57 50 14 47 13 35 23 43 56
 16  4 58 33 34  3  5 23 12 25 31 25 12 17 10 24]",False,False,0.0,0.0,"[np.int64(34), np.int64(10), np.int64(18), np.int64(37), np.int64(20), np.int64(63), np.int64(11), np.int64(43), np.int64(30), np.int64(40), np.int64(48), np.int64(49), np.int64(26), np.int64(35), np.int64(45), np.int64(25), np.int64(25), np.int64(47), np.int64(22), np.int64(3), np.int64(8), np.int64(3), np.int64(55), np.int64(13), np.int64(8), np.int64(31), np.int64(39), np.int64(13), np.int64(55), np.int64(40), np.int64(31), np.int64(44), np.int64(42), np.int64(41), np.int64(14), np.int64(38), np.int64(50), np.int64(44), np.int64(4), np.int64(40), np.int64(53), np.int64(32), np.int64(8), np.int64(22), np.int64(6), np.int64(9), np.int64(39), np.int64(17), np.int64(6), np.int64(23), np.int64(14), np.int64(30), np.int64(44), np.int64(46), np.int64(43), np.int64(3), np.int64(28), np.int64(55), np.int64(46), np.int64(44), np.int64(14), np.int64(34), np.int64(33), np.int64(40)]","[np.int64(49), np.int64(58), np.int64(7), np.int64(4), np.int64(58), np.int64(50), np.int64(22), np.int64(16), np.int64(58), np.int64(19), np.int64(34), np.int64(19), np.int64(58), np.int64(41), np.int64(12), np.int64(20), np.int64(33), np.int64(21), np.int64(0), np.int64(43), np.int64(37), np.int64(6), np.int64(36), np.int64(44), np.int64(63), np.int64(37), np.int64(29), np.int64(40), np.int64(43), np.int64(52), np.int64(41), np.int64(25), np.int64(26), np.int64(36), np.int64(35), np.int64(37), np.int64(34), np.int64(7), np.int64(21), np.int64(30), np.int64(50), np.int64(21), np.int64(4), np.int64(32), np.int64(25), np.int64(29), np.int64(36), np.int64(12), np.int64(14), np.int64(51), np.int64(17), np.int64(16), np.int64(14), np.int64(12), np.int64(30), np.int64(6), np.int64(23), np.int64(28), np.int64(29), np.int64(45), np.int64(37), np.int64(11), np.int64(42), np.int64(28)]",False,False,0.0,0.0,"[ 0. 23. 57.  3. 44. 27. 56.  0. 15.  8. 13.  9. 54. 13. 26. 37. 48. 29.
 40. 20.  1. 39. 45. 32. 46. 30.  4. 42. 22. 14. 33. 34. 24. 43. 59. 11.
 38. 28. 16. 18. 60. 21. 63. 61. 51. 55. 12. 25. 17. 36. 41.  3.  6.  2.
  7. 47. 50. 52. 31. 10. 49.  5. 19. 58.]","[ 0. 10. 46. 24. 55. 16. 48. 42.  3. 14. 20. 56. 22. 32. 13. 25. 40. 26.
 52.  8. 37. 51.  7. 29. 61. 33. 60. 26. 45. 12. 27. 34. 44. 53. 47.  2.
 38.  4. 58. 18. 54. 21. 11. 15. 35. 23. 15. 19.  1. 41. 28. 50.  5. 63.
  0. 30. 57. 62. 17. 39. 49. 43.  9.  6.]",False,False,0.0,0.015625,"[ 0. 10. 29. 29.  2. 51. 28. 27.  4.  1.  2.  1. 27. 18. 15. 37. 15. 16.
 33. 18. 13. 41. 24. 58.  3. 50. 55. 58. 33. 23. 49.  8. 55. 36.  9. 19.
 43. 31. 21.  9. 60. 50. 15. 29. 17. 28.  5. 44. 54. 51. 48. 19. 12.  9.
 26. 52. 16.  5. 63. 25. 44. 36. 41. 37.]","[ 0. 10. 25. 56. 62. 52.  5. 60. 44. 62. 22.  1. 22. 32. 58. 41. 57. 30.
 17. 17. 12. 52. 54. 37.  0. 63. 17. 55.  1. 13. 16. 44. 24. 61. 15. 34.
 18. 22. 54. 49. 23. 32. 54. 13. 16. 16. 48. 57. 58. 32.  7. 39. 28.  3.
 19. 23.  8. 28. 35.  6. 41. 13. 32. 24.]",False,False,0.0,0.0,1.0,0.0,0.0,1.0,0.0,0.0,1.0,0.0,0.0,1.0,0.2,0.2
[1 1 0 ... 0 0 1],"[ 0 17 54 41 49 55 54 50 52 58 61 61 60 61 58 60 61 63 63 61 63  8 63 63
  8 10 63 63 20 23 18 22 20 28 28 20 26 30 35 35 28 29 26 20 30 35 29 35
 52 52 33 26 30 35 50 52 44 23 39 20 52 50 52 52]","[ 0 17  5  8  2 27 12 62 44 57 40 17 39  1 33 57 43 33 35  9  3 38 34 42
 34  9 37 38  8 14 35 34 63 23  5 25  6 33 30 47 55 32 12 22  5  4 26  5
 18 10  2 15 27 13 14 58 63 41 27 11 51  0 53 24]",False,False,0.0,0.0,"[np.int64(62), np.int64(44), np.int64(35), np.int64(62), np.int64(33), np.int64(6), np.int64(57), np.int64(18), np.int64(14), np.int64(60), np.int64(31), np.int64(41), np.int64(40), np.int64(18), np.int64(11), np.int64(12), np.int64(37), np.int64(54), np.int64(14), np.int64(35), np.int64(5), np.int64(56), np.int64(57), np.int64(32), np.int64(34), np.int64(52), np.int64(54), np.int64(2), np.int64(29), np.int64(37), np.int64(52), np.int64(28), np.int64(23), np.int64(63), np.int64(19), np.int64(5), np.int64(16), np.int64(52), np.int64(27), np.int64(11), np.int64(16), np.int64(20), np.int64(34), np.int64(16), np.int64(4), np.int64(1), np.int64(50), np.int64(32), np.int64(43), np.int64(36), np.int64(44), np.int64(58), np.int64(50), np.int64(22), np.int64(39), np.int64(10), np.int64(31), np.int64(52), np.int64(55), np.int64(19), np.int64(57), np.int64(55), np.int64(31), np.int64(14)]","[np.int64(5), np.int64(39), np.int64(8), np.int64(61), np.int64(56), np.int64(3), np.int64(16), np.int64(58), np.int64(49), np.int64(56), np.int64(34), np.int64(3), np.int64(14), np.int64(9), np.int64(51), np.int64(47), np.int64(57), np.int64(19), np.int64(62), np.int64(2), np.int64(21), np.int64(29), np.int64(37), np.int64(35), np.int64(28), np.int64(52), np.int64(43), np.int64(54), np.int64(20), np.int64(31), np.int64(11), np.int64(53), np.int64(13), np.int64(23), np.int64(17), np.int64(51), np.int64(26), np.int64(44), np.int64(28), np.int64(30), np.int64(33), np.int64(7), np.int64(47), np.int64(62), np.int64(17), np.int64(19), np.int64(34), np.int64(33), np.int64(54), np.int64(22), np.int64(52), np.int64(22), np.int64(10), np.int64(1), np.int64(35), np.int64(43), np.int64(0), np.int64(62), np.int64(18), np.int64(15), np.int64(57), np.int64(38), np.int64(59), np.int64(51)]",False,False,0.0,0.0,"[ 0. 28.  2.  7.  9. 17. 52. 57. 15. 31. 33. 55.  5. 19. 61. 26. 35. 25.
 44. 14. 63. 22. 54.  2. 43. 58.  6. 60.  8. 62. 32. 11. 40. 23. 36. 27.
 30. 42. 38. 51. 39.  0. 18. 50. 45. 53. 56. 47. 41.  1. 34. 37. 12. 48.
 46. 10.  4. 38. 20.  3. 29. 49. 21. 24.]","[ 0. 57. 32. 61. 43. 33. 52. 21.  7. 20. 45. 29. 44. 56. 58. 55. 18. 47.
 53.  1.  5. 34.  8. 48. 39. 26. 37. 54. 23. 14. 59. 46.  3. 30.  0. 13.
  6. 36. 50. 41. 22. 62. 12. 42. 35. 60. 62. 31. 10. 17. 28.  9. 27.  2.
 40. 38. 16. 63.  4. 49. 51.  7. 11. 24.]",False,False,0.0,0.015625,"[ 0.  0. 29.  4. 25. 48. 12. 55. 26. 16. 45. 22. 34. 42. 23. 55.  7. 11.
 56. 14. 54.  3. 33. 36. 57. 50. 17.  0. 53. 39. 52. 22. 56. 49. 23.  1.
  3. 52. 35. 15.  6. 63. 18.  6. 31.  3. 63.  8. 52. 42.  5. 61. 42. 51.
 38.  9. 60. 24. 46. 49. 41. 16. 41. 26.]","[ 0. 28. 32. 24. 43. 44. 17. 63. 45. 16. 63. 18. 53. 28.  1. 36. 21. 16.
 10. 36.  5. 38. 34. 48. 35. 16. 20. 23. 25. 36. 37. 58. 38. 10. 36.  5.
 62.  1. 30. 47. 49. 23. 26. 54. 23. 52. 40.  1. 52.  4. 19. 15. 41. 44.
 21. 19. 63. 41. 14. 43. 20. 16. 52. 12.]",False,False,0.0,0.0,1.0,0.0,0.0,1.0,0.0,0.0,1.0,0.0,0.0,1.0,0.0,0.0
[1 0 1 ... 0 1 0],"[ 0 11  3  2  2 53  2 53  2  3 60  2  3  2  4 61 63  3  2  4 11  3  2  3
  2 13  3  3  9  8 24  3 25  3  3  2  3  2  2  2  3  3  3  3  2  3  3 24
 24  4  4  2  2  3  2 45  6  3  3  2  3  3  3  3]","[ 0 37  0  0 24 54 10  3 22  2 50  6 55 32  5 13 52 20  6 35  8 10  4 18
 14 16  0 14  0 21 11 28  8 36 12 41 39 56 17 24  5  1 12 10 63  9  4  6
  1 12 27 57 19 54  4 17  7 11  3 53 52 45  3 44]",False,False,0.0,0.0,"[np.int64(21), np.int64(9), np.int64(61), np.int64(50), np.int64(35), np.int64(44), np.int64(36), np.int64(26), np.int64(61), np.int64(29), np.int64(43), np.int64(2), np.int64(20), np.int64(7), np.int64(20), np.int64(32), np.int64(43), np.int64(1), np.int64(41), np.int64(32), np.int64(56), np.int64(39), np.int64(29), np.int64(53), np.int64(50), np.int64(43), np.int64(5), np.int64(58), np.int64(18), np.int64(59), np.int64(39), np.int64(19), np.int64(37), np.int64(24), np.int64(7), np.int64(9), np.int64(20), np.int64(3), np.int64(41), np.int64(58), np.int64(20), np.int64(23), np.int64(37), np.int64(62), np.int64(44), np.int64(47), np.int64(52), np.int64(35), np.int64(12), np.int64(17), np.int64(42), np.int64(41), np.int64(41), np.int64(63), np.int64(48), np.int64(4), np.int64(38), np.int64(47), np.int64(13), np.int64(9), np.int64(44), np.int64(0), np.int64(16), np.int64(57)]","[np.int64(37), np.int64(1), np.int64(6), np.int64(7), np.int64(31), np.int64(27), np.int64(50), np.int64(8), np.int64(10), np.int64(9), np.int64(51), np.int64(14), np.int64(25), np.int64(53), np.int64(41), np.int64(5), np.int64(21), np.int64(62), np.int64(5), np.int64(26), np.int64(59), np.int64(52), np.int64(14), np.int64(14), np.int64(16), np.int64(28), np.int64(16), np.int64(50), np.int64(10), np.int64(7), np.int64(52), np.int64(16), np.int64(38), np.int64(13), np.int64(1), np.int64(4), np.int64(21), np.int64(26), np.int64(56), np.int64(31), np.int64(36), np.int64(12), np.int64(33), np.int64(58), np.int64(40), np.int64(30), np.int64(6), np.int64(26), np.int64(42), np.int64(3), np.int64(45), np.int64(9), np.int64(20), np.int64(13), np.int64(22), np.int64(50), np.int64(42), np.int64(61), np.int64(24), np.int64(11), np.int64(19), np.int64(29), np.int64(59), np.int64(57)]",False,False,0.0,0.0,"[ 0. 20. 30. 18. 50. 39. 26. 40. 49.  2. 36. 24.  3. 48.  5. 61. 44. 19.
 11. 25. 32. 62. 54. 51.  1. 60. 23. 35. 46.  8. 53. 55. 57. 14. 38. 41.
 58. 21. 31. 37. 17. 15. 52. 47. 63. 16.  9.  6. 29. 12. 42.  0. 28. 56.
  4. 43.  7. 57. 34. 22. 13. 33. 10. 27.]","[ 0. 11. 57. 57. 44. 54. 35. 21. 56.  1. 15. 29.  7. 51.  5. 42. 59. 41.
 26. 63. 37. 18. 50. 58. 14. 55. 34. 43. 42. 36. 25.  0. 49. 61. 38. 33.
 47.  9. 53. 45.  3. 30.  8. 12. 31. 20.  4. 52. 17. 21. 24. 48. 19. 16.
 39. 18. 40. 62. 10.  2. 27. 13. 22. 28.]",False,False,0.0,0.015625,"[ 0. 13. 51. 34. 40. 43. 52. 42. 42. 17. 39. 40. 36. 33. 10. 20. 59. 32.
 20.  8. 51. 16. 11. 39. 63. 21. 13. 12. 53. 50. 38. 35.  8. 54. 35. 26.
 59. 10. 27. 29. 27. 46. 20. 47.  7. 14.  4. 50. 10. 28. 56. 60. 43.  3.
 49. 46. 42. 44. 52. 54. 17. 13. 58. 48.]","[ 0. 10.  0. 28. 54. 19.  7.  5. 43. 16.  2. 50. 19. 43. 55. 13. 51. 11.
  6. 18. 38. 35. 50. 38. 51. 16. 34. 16. 14. 51. 53. 55. 21. 10. 25. 41.
 39. 56.  1. 46. 48.  3. 12. 13. 50. 48. 54. 36. 27. 42. 27. 50. 31.  3.
 61. 10.  5.  0. 41. 41. 56.  1. 34. 54.]",False,False,0.0,0.0,1.0,0.0,0.0,1.0,0.0,0.0,1.0,0.0,0.0,1.0,0.2,0.2
[0 1 0 ... 0 1 1],"[ 0  5 62 46 51 41 53 62 48 52 57 62 58 57 55  5 63 62 62 62 62 59  8 62
  5  5 13 62  5  5  8  5 21  8  8  5  5  5  5 25  5  5 21  8  8  5  5  5
  5  8 28  5  5  5  5  5 51  5  8  5 45  5  5 16]","[ 0 35  3 61  9 45 41 19  3 25  4 18 25 48  6  4 18 10 14 20 11  3 23 33
  3 34 39  0  7 37 60  9 46 34 10  7 12  8  4 15 58 14  9  8 57  1  1 42
  7  8 21 37 11 10  3 15 17 11 19 29 24 30  2 42]",False,False,0.0,0.0,"[np.int64(50), np.int64(17), np.int64(19), np.int64(45), np.int64(41), np.int64(17), np.int64(0), np.int64(37), np.int64(22), np.int64(45), np.int64(4), np.int64(33), np.int64(54), np.int64(17), np.int64(6), np.int64(43), np.int64(22), np.int64(18), np.int64(22), np.int64(52), np.int64(17), np.int64(43), np.int64(17), np.int64(34), np.int64(43), np.int64(21), np.int64(32), np.int64(5), np.int64(59), np.int64(57), np.int64(11), np.int64(3), np.int64(60), np.int64(12), np.int64(45), np.int64(21), np.int64(13), np.int64(62), np.int64(18), np.int64(48), np.int64(40), np.int64(24), np.int64(57), np.int64(12), np.int64(62), np.int64(31), np.int64(8), np.int64(53), np.int64(3), np.int64(46), np.int64(39), np.int64(25), np.int64(25), np.int64(9), np.int64(22), np.int64(60), np.int64(54), np.int64(63), np.int64(56), np.int64(40), np.int64(51), np.int64(13), np.int64(44), np.int64(38)]","[np.int64(15), np.int64(4), np.int64(40), np.int64(58), np.int64(28), np.int64(15), np.int64(56), np.int64(33), np.int64(7), np.int64(62), np.int64(41), np.int64(52), np.int64(63), np.int64(2), np.int64(59), np.int64(44), np.int64(55), np.int64(43), np.int64(42), np.int64(52), np.int64(25), np.int64(7), np.int64(35), np.int64(35), np.int64(28), np.int64(23), np.int64(26), np.int64(18), np.int64(9), np.int64(14), np.int64(14), np.int64(25), np.int64(35), np.int64(63), np.int64(20), np.int64(48), np.int64(27), np.int64(13), np.int64(41), np.int64(33), np.int64(48), np.int64(12), np.int64(36), np.int64(38), np.int64(8), np.int64(20), np.int64(50), np.int64(59), np.int64(39), np.int64(39), np.int64(7), np.int64(42), np.int64(7), np.int64(40), np.int64(29), np.int64(53), np.int64(45), np.int64(35), np.int64(9), np.int64(3), np.int64(34), np.int64(36), np.int64(38), np.int64(40)]",False,False,0.0,0.0,"[ 0. 12. 30.  9. 16.  6. 56. 52. 43. 33. 37. 28. 55. 13. 29.  2.  8. 62.
 31.  3. 45. 39. 36. 50. 46. 48. 38.  4. 18. 49. 13. 54. 60. 35. 40. 14.
 23.  5. 21. 58. 24. 42. 61. 10. 63. 51. 46. 20. 27. 53. 26. 15. 22. 34.
 59. 41. 32.  1. 25. 17. 44. 19.  0. 57.]","[ 0.  7.  4. 57. 44. 25. 54. 27. 11. 13. 37.  5. 29.  7. 31. 36. 35. 36.
 14. 51. 23.  3. 19. 48. 59. 40. 45. 37. 16. 49. 58.  9. 37. 39. 28. 60.
 12. 10. 21. 38. 24. 22. 20. 56. 34. 18. 50. 42. 62. 46.  6. 27. 30. 33.
 61. 52. 55. 43. 63.  1.  0. 15.  2. 47.]",False,False,0.0,0.015625,"[ 0. 58. 12. 48. 16. 51. 44. 36.  0. 42. 39. 44. 10. 17.  3. 58.  6. 46.
 57.  4. 59. 51. 52. 12. 42. 17.  6. 46. 21. 37. 10. 28. 11.  6. 57. 60.
 12. 61.  5. 34. 12. 31. 14. 59. 12.  9. 20. 51.  5.  1. 44. 52. 60. 28.
 27. 16. 46. 15. 38. 58. 19. 28. 50.  2.]","[ 0. 39. 61. 28. 51. 44. 44. 39.  3. 43. 50. 44. 29. 57. 15. 58.  0.  0.
 21. 17. 62. 19. 27. 59. 51. 40. 48. 23.  7. 50. 60. 41.  2. 42. 20. 47.
 53. 17. 21. 28. 24. 42. 58. 10. 57. 12. 35. 48. 18. 20.  2. 20. 63. 10.
  3. 52. 20. 19. 55. 45. 63. 15. 40.  7.]",False,False,0.0,0.0,1.0,0.0,0.0,1.0,0.0,0.0,1.0,0.0,0.0,1.0,0.0,0.0
[0 0 1 ... 0 0 1],"[ 0 35 40 45 60 50 55 50 59 60 58 59 63 59 56 63 60 58 61 63 63 63 10 61
 63 11 63 15  6 20 23 11 24 11  6 10 23  6 26  6 20 26 31 25  6 40  6 11
 25 26 26  6  6 11 29 11 26  6  6  6 50 23 11 11]","[ 0 16 27 20  3 14 55 11 26  2  2 19 14 40 32 34  9 51 58 42 53 41 25  0
 47 28 17 37 10  7  8 23 19 48  6  4  2 14 22 27 38  8 56  6  6 17 24 23
  5 46 25 63 33 43 18  2  5 12 23  8 39  7  2 23]",False,False,0.0,0.0,"[np.int64(63), np.int64(6), np.int64(6), np.int64(48), np.int64(11), np.int64(24), np.int64(29), np.int64(15), np.int64(6), np.int64(48), np.int64(13), np.int64(24), np.int64(43), np.int64(52), np.int64(10), np.int64(36), np.int64(52), np.int64(35), np.int64(12), np.int64(32), np.int64(21), np.int64(61), np.int64(60), np.int64(39), np.int64(28), np.int64(40), np.int64(58), np.int64(42), np.int64(45), np.int64(61), np.int64(36), np.int64(17), np.int64(38), np.int64(37), np.int64(50), np.int64(42), np.int64(52), np.int64(29), np.int64(25), np.int64(58), np.int64(6), np.int64(2), np.int64(48), np.int64(29), np.int64(56), np.int64(55), np.int64(14), np.int64(22), np.int64(26), np.int64(48), np.int64(30), np.int64(33), np.int64(15), np.int64(31), np.int64(2), np.int64(1), np.int64(16), np.int64(21), np.int64(36), np.int64(9), np.int64(39), np.int64(63), np.int64(46), np.int64(31)]","[np.int64(8), np.int64(37), np.int64(31), np.int64(11), np.int64(63), np.int64(58), np.int64(2), np.int64(22), np.int64(9), np.int64(14), np.int64(43), np.int64(53), np.int64(34), np.int64(21), np.int64(0), np.int64(36), np.int64(34), np.int64(45), np.int64(56), np.int64(55), np.int64(31), np.int64(18), np.int64(51), np.int64(37), np.int64(13), np.int64(49), np.int64(25), np.int64(47), np.int64(26), np.int64(37), np.int64(41), np.int64(44), np.int64(34), np.int64(45), np.int64(46), np.int64(33), np.int64(62), np.int64(36), np.int64(39), np.int64(31), np.int64(12), np.int64(61), np.int64(15), np.int64(34), np.int64(41), np.int64(50), np.int64(22), np.int64(37), np.int64(50), np.int64(51), np.int64(47), np.int64(36), np.int64(29), np.int64(29), np.int64(5), np.int64(55), np.int64(49), np.int64(63), np.int64(34), np.int64(56), np.int64(46), np.int64(56), np.int64(27), np.int64(37)]",False,False,0.0,0.0,"[ 0. 57. 45. 19. 50. 52. 42. 11. 46. 25. 49. 60. 53. 43. 27. 48. 58. 17.
 38. 17. 47.  5. 15.  8. 55. 54.  1. 29. 20. 36. 59.  2.  0. 34. 63. 37.
 16. 32. 30. 10. 41. 23. 14. 40. 28. 13.  6.  9. 39. 26. 31.  4. 61. 44.
 18.  3. 12. 21. 22. 51. 33.  7. 24. 63.]","[ 0. 16. 51. 19. 15. 45. 55. 10. 26. 60. 62.  4. 46. 12. 28. 33. 40. 12.
 58. 54. 27. 47. 48.  0. 53. 42. 29. 37.  8.  7. 44.  2.  5. 37. 38.  9.
 22. 32. 28.  6. 41. 50. 31. 63. 11. 17. 24. 23. 47. 59. 25. 30. 14. 13.
 43. 57. 34.  3. 56. 20. 39. 36. 61.  1.]",False,False,0.0,0.015625,"[ 0. 48. 49. 38. 55. 60. 13.  3. 47.  7. 24.  1.  4. 57. 62. 40. 25. 40.
 21. 22. 16. 29. 13. 45. 16. 13. 49. 43. 48. 14. 17.  2. 45. 34. 27. 37.
 16.  2. 24. 41. 42. 35. 27. 18. 29.  0. 28. 22. 34. 13. 28.  6. 12. 62.
 42. 15.  2. 19. 40. 32.  8.  7. 11.  8.]","[ 0. 16. 36. 53.  6. 31. 59. 27. 53. 23.  2. 19. 53. 45. 35. 25. 30.  9.
 58.  5. 29. 63. 16.  3. 54. 41. 22. 29.  8. 24.  5. 23.  8.  1. 32. 10.
  5. 32. 22.  8.  2. 51.  5. 34. 15. 53. 21. 60.  4. 41.  5. 63. 61. 45.
  0. 60. 36. 49. 53. 12. 27. 32.  9. 51.]",False,False,0.0,0.0,1.0,0.0,0.0,1.0,0.0,0.0,1.0,0.0,0.0,1.0,0.0,0.0
[0 0 1 ... 0 0 1],"[ 0 35 40 45 60 50 55 50 59 60 58 59 63 59 56 63 60 58 61 63 63 63 10 61
 63 11 63 15  6 20 23 11 24 11  6 10 23  6 26  6 20 26 31 25  6 40  6 11
 25 26 26  6  6 11 29 11 26  6  6  6 50 23 11 11]","[ 0 16 27 20  3 14 55 11 26  2  2 19 14 40 32 34  9 51 58 42 53 41 25  0
 47 28 17 37 10  7  8 23 19 48  6  4  2 14 22 27 38  8 56  6  6 17 24 23
  5 46 25 63 33 43 18  2  5 12 23  8 39  7  2 23]",False,False,0.0,0.0,"[np.int64(42), np.int64(59), np.int64(28), np.int64(6), np.int64(34), np.int64(24), np.int64(23), np.int64(41), np.int64(39), np.int64(7), np.int64(44), np.int64(2), np.int64(57), np.int64(17), np.int64(28), np.int64(28), np.int64(10), np.int64(21), np.int64(11), np.int64(15), np.int64(28), np.int64(8), np.int64(57), np.int64(26), np.int64(58), np.int64(56), np.int64(32), np.int64(13), np.int64(46), np.int64(33), np.int64(33), np.int64(19), np.int64(52), np.int64(48), np.int64(2), np.int64(6), np.int64(10), np.int64(29), np.int64(43), np.int64(46), np.int64(42), np.int64(52), np.int64(43), np.int64(52), np.int64(15), np.int64(47), np.int64(54), np.int64(29), np.int64(42), np.int64(41), np.int64(26), np.int64(17), np.int64(48), np.int64(47), np.int64(54), np.int64(61), np.int64(42), np.int64(17), np.int64(17), np.int64(6), np.int64(4), np.int64(53), np.int64(7), np.int64(1)]","[np.int64(54), np.int64(27), np.int64(13), np.int64(49), np.int64(27), np.int64(21), np.int64(58), np.int64(14), np.int64(9), np.int64(43), np.int64(29), np.int64(52), np.int64(25), np.int64(15), np.int64(58), np.int64(41), np.int64(46), np.int64(47), np.int64(15), np.int64(22), np.int64(29), np.int64(30), np.int64(63), np.int64(50), np.int64(58), np.int64(25), np.int64(1), np.int64(12), np.int64(63), np.int64(28), np.int64(30), np.int64(17), np.int64(38), np.int64(26), np.int64(2), np.int64(20), np.int64(44), np.int64(41), np.int64(4), np.int64(9), np.int64(2), np.int64(11), np.int64(62), np.int64(29), np.int64(35), np.int64(1), np.int64(4), np.int64(45), np.int64(62), np.int64(62), np.int64(29), np.int64(37), np.int64(35), np.int64(19), np.int64(61), np.int64(62), np.int64(0), np.int64(18), np.int64(16), np.int64(38), np.int64(10), np.int64(23), np.int64(39), np.int64(57)]",False,False,0.0,0.0,"[ 0. 30. 57. 44. 26.  7. 24. 19. 13.  5. 29.  4. 58.  0. 42. 60. 51. 33.
 12. 54. 46. 18. 52. 37. 55. 45. 38. 32. 39. 15. 22. 27. 32. 53. 25. 35.
 20. 16.  9. 47. 28. 31. 11.  6. 36.  3. 35. 41.  8. 49. 50. 10. 23. 62.
 43. 63. 14. 48. 34. 21. 17. 40. 61.  1.]","[ 0. 12. 27. 24. 43. 41. 40. 11. 47. 46. 56.  0. 44. 14. 32. 25. 33. 29.
 37. 42. 48. 31. 40. 18. 26. 28. 17. 53. 10.  7.  9. 23.  8. 19. 38.  4.
 30. 51. 61.  5.  2. 20.  3. 63. 52. 15. 34. 60. 16. 36. 41. 35. 59. 39.
 57. 45. 21. 50.  6. 13. 22. 62. 55.  1.]",False,False,0.0,0.015625,"[ 0. 14. 27. 19.  1.  7. 17. 11. 21. 35. 50. 13. 61. 46. 35.  2. 27. 33.
 22. 54. 32.  3. 47. 28. 19. 29. 28. 10.  5. 45. 20. 11. 52. 48. 62. 54.
 53. 54. 30. 23.  1. 46. 22. 35. 58. 36. 62. 14. 15. 13. 39. 23. 39. 22.
 13.  2. 16. 21. 23.  6. 22. 42. 12. 14.]","[ 0. 16. 23.  5. 27. 14. 55. 11. 53. 50. 32. 30. 61. 57. 19. 37. 33. 33.
 37. 35. 43. 18. 34.  0.  2. 49. 23. 48.  5. 15. 41.  4. 24. 49. 50.  9.
  2. 47. 22. 41. 44.  8. 59. 17. 33. 43.  1.  9. 15. 41. 28. 59.  9.  9.
 19. 57. 28. 41.  4. 34. 36. 48.  5. 54.]",False,False,0.0,0.0,1.0,0.0,0.0,1.0,0.0,0.0,1.0,0.0,0.0,1.0,0.0,0.0
[1 0 1 ... 1 1 0],"[ 0 11  5 60 46  2 60 61 57 57 61 51 62 61 57 63 61  9  4 60 13  2 62  2
 62  2 21  2  5  2  2  5  2  5  2 14  5  5  2 21  2  5  5 29 14  2  2  2
  2  5 34 26  2  2 29 34  2  5  2  2  9  9  5  5]","[ 0  9 29  8  1 34 36 17 58 14 14 44 32 40 39  2 46  1  5 12 53 35 19 16
  3 61  9  1 27 34  5 38 10 12 28 13 17 28  0  4 10 27 49 49 19 63 39 17
 16  5 39  3 22 57 18 10 50  3 22 30 21  8  3 15]",False,False,0.0,0.0,"[np.int64(14), np.int64(39), np.int64(48), np.int64(22), np.int64(16), np.int64(4), np.int64(14), np.int64(6), np.int64(33), np.int64(50), np.int64(32), np.int64(11), np.int64(59), np.int64(24), np.int64(58), np.int64(60), np.int64(24), np.int64(7), np.int64(22), np.int64(28), np.int64(27), np.int64(28), np.int64(35), np.int64(42), np.int64(18), np.int64(59), np.int64(33), np.int64(14), np.int64(52), np.int64(14), np.int64(23), np.int64(26), np.int64(23), np.int64(41), np.int64(38), np.int64(32), np.int64(54), np.int64(57), np.int64(32), np.int64(9), np.int64(47), np.int64(37), np.int64(48), np.int64(34), np.int64(21), np.int64(37), np.int64(44), np.int64(16), np.int64(44), np.int64(30), np.int64(36), np.int64(60), np.int64(52), np.int64(29), np.int64(31), np.int64(32), np.int64(37), np.int64(25), np.int64(37), np.int64(16), np.int64(12), np.int64(14), np.int64(49), np.int64(50)]","[np.int64(44), np.int64(7), np.int64(45), np.int64(46), np.int64(6), np.int64(22), np.int64(25), np.int64(40), np.int64(36), np.int64(2), np.int64(17), np.int64(53), np.int64(49), np.int64(43), np.int64(5), np.int64(58), np.int64(61), np.int64(5), np.int64(48), np.int64(23), np.int64(62), np.int64(44), np.int64(28), np.int64(4), np.int64(10), np.int64(26), np.int64(35), np.int64(36), np.int64(15), np.int64(18), np.int64(15), np.int64(13), np.int64(6), np.int64(37), np.int64(20), np.int64(46), np.int64(9), np.int64(27), np.int64(2), np.int64(49), np.int64(1), np.int64(57), np.int64(15), np.int64(10), np.int64(56), np.int64(42), np.int64(16), np.int64(27), np.int64(11), np.int64(27), np.int64(45), np.int64(21), np.int64(8), np.int64(63), np.int64(28), np.int64(39), np.int64(8), np.int64(8), np.int64(39), np.int64(34), np.int64(12), np.int64(3), np.int64(26), np.int64(40)]",False,False,0.0,0.0,"[ 0. 22. 27. 57. 11. 46. 61. 63. 21. 20. 56. 19. 60. 41. 59. 30. 36. 52.
  8. 37. 53. 10.  5. 14. 29. 34. 26. 54. 50. 17. 58. 24.  2. 48. 42. 26.
 18. 51.  0.  3. 33. 12. 62.  9.  1. 15. 31. 40. 44. 13. 47. 28. 45. 16.
  6. 23.  7. 43. 35. 49.  4. 55. 38. 32.]","[ 0.  9. 25. 26. 29.  4.  0. 17. 46. 52. 38. 44. 37. 12. 36. 45. 22. 30.
 47. 60.  2. 35. 19. 32.  6. 24. 34. 43.  2. 42. 10. 11. 27. 55. 15. 40.
 62. 28. 13.  7. 54. 57. 58. 49. 51.  1. 53. 23. 52. 31. 61. 41.  5. 21.
 59.  8. 48. 33. 20. 50. 56. 16.  3. 39.]",False,False,0.0,0.015625,"[ 0. 40. 62. 32. 11. 31. 43. 57.  0. 14. 11. 35. 63. 40.  4. 63. 33. 29.
 21. 20. 18. 27. 36. 46. 37. 57. 59. 11.  8.  0. 58. 56. 13. 11. 25. 12.
  5. 58. 51.  7. 18. 42. 50. 40. 31.  8. 63. 38. 26.  8. 11. 48. 11. 37.
 30. 54. 40. 19. 33. 14. 26. 17. 22. 12.]","[ 0. 21. 13.  2. 46. 34. 50. 22. 29. 14. 62. 25.  4. 25. 58. 48.  5. 34.
 46. 42. 53. 48. 24. 34. 60. 24. 34.  1. 21. 24. 26. 11. 48. 54. 15. 13.
 17.  7.  0. 54. 11. 27. 57. 45. 41. 28. 39. 49. 15. 48. 37. 62. 22. 50.
 32. 34. 45. 56. 30. 43. 17.  6. 17. 62.]",False,False,0.0,0.0,1.0,0.0,0.0,1.0,0.0,0.0,1.0,0.2,0.2,1.0,0.0,0.0
[1 1 1 ... 0 1 0],"[ 0 11 46 35 55 51 58 61 62 56 60 58 62 60 60 62 59 62 62 62  6 62  6 62
 63 11 62  6  6  6  3 20 24 25 20 20 24 17 17 24  6  6  6  6  6  6  6  6
 25  6  6  6  6  6  6  6 17  5  6  6  3 51  3  6]","[ 0 19 52 37 18 53 36 38  3 24 26  0 37  1 40 24 22 33 17 14 22  4  3  5
 23 34 19  1 58  5 42 16 11 51 38  8 21 45  2 42 12 26 47 10 13 35  8 13
 21 48 34  9  0 48 13  6  7 41 50 29  4 21 60  8]",False,False,0.0,0.0,"[np.int64(35), np.int64(3), np.int64(39), np.int64(58), np.int64(4), np.int64(27), np.int64(50), np.int64(15), np.int64(13), np.int64(47), np.int64(46), np.int64(10), np.int64(55), np.int64(31), np.int64(40), np.int64(27), np.int64(34), np.int64(33), np.int64(45), np.int64(6), np.int64(52), np.int64(0), np.int64(50), np.int64(1), np.int64(39), np.int64(58), np.int64(14), np.int64(7), np.int64(62), np.int64(18), np.int64(11), np.int64(31), np.int64(45), np.int64(8), np.int64(50), np.int64(35), np.int64(55), np.int64(8), np.int64(37), np.int64(2), np.int64(47), np.int64(3), np.int64(57), np.int64(50), np.int64(44), np.int64(39), np.int64(48), np.int64(5), np.int64(40), np.int64(60), np.int64(5), np.int64(41), np.int64(34), np.int64(32), np.int64(49), np.int64(12), np.int64(5), np.int64(26), np.int64(52), np.int64(29), np.int64(5), np.int64(10), np.int64(42), np.int64(48)]","[np.int64(11), np.int64(48), np.int64(2), np.int64(31), np.int64(13), np.int64(4), np.int64(58), np.int64(35), np.int64(31), np.int64(46), np.int64(19), np.int64(41), np.int64(5), np.int64(9), np.int64(43), np.int64(24), np.int64(41), np.int64(12), np.int64(20), np.int64(9), np.int64(46), np.int64(39), np.int64(33), np.int64(21), np.int64(52), np.int64(17), np.int64(13), np.int64(32), np.int64(22), np.int64(12), np.int64(61), np.int64(29), np.int64(5), np.int64(44), np.int64(20), np.int64(19), np.int64(37), np.int64(36), np.int64(61), np.int64(51), np.int64(19), np.int64(47), np.int64(18), np.int64(9), np.int64(1), np.int64(30), np.int64(7), np.int64(11), np.int64(23), np.int64(18), np.int64(6), np.int64(7), np.int64(9), np.int64(34), np.int64(6), np.int64(28), np.int64(50), np.int64(19), np.int64(63), np.int64(30), np.int64(3), np.int64(27), np.int64(0), np.int64(26)]",False,False,0.0,0.0,"[ 0. 51. 63. 15. 30. 36. 47.  7.  9. 38.  5. 41.  6.  8. 40. 57. 34.  0.
  2. 28. 25. 48. 24. 39. 46. 62. 27. 61. 20. 45. 22. 32.  4. 26. 12. 56.
 18. 17. 42. 53. 11.  7.  3. 10. 33. 21. 59. 50. 31. 14. 54. 29.  1. 53.
 55. 35. 60. 16. 37. 23. 49. 13. 43. 58.]","[ 0. 19. 34. 44. 47. 55.  1. 26. 54. 41. 57. 56. 20. 51.  5. 32. 44. 45.
 14. 29. 22.  6. 62. 63.  8. 53. 13. 39. 27. 48. 16.  0. 35. 28.  3. 38.
 31. 58. 30. 42. 24. 18. 61. 33. 40. 60. 25.  2. 46. 15. 31. 49. 37. 11.
 21.  7. 50. 17. 48. 10.  4.  9. 43.  0.]",False,False,0.0,0.015625,"[ 0. 47. 46. 44. 40. 24. 61.  3. 62. 45. 35. 17. 63. 28.  1. 12. 25.  6.
  1. 57.  5. 54. 36. 48. 38. 38.  7. 23.  0. 13. 56. 52. 50. 37. 55. 32.
 42. 57. 18. 53. 32. 32. 37. 56. 48. 60.  6. 61. 10. 19.  5. 21. 12. 46.
 40.  4. 20.  2.  2. 60. 22. 27. 23. 10.]","[ 0. 41. 49. 40. 25. 53. 17. 23. 23. 56. 37. 56. 54. 25. 28. 32. 28. 16.
 32. 37. 60.  7.  3. 53. 33. 10. 18. 36.  0. 10. 14. 53. 26. 39. 46. 16.
 13.  4. 30. 40. 63. 35. 57. 18. 13. 58. 17. 32.  5. 52. 12. 49.  9. 25.
 24. 39.  7. 19.  6.  2. 25. 55.  3. 14.]",False,False,0.0,0.0,1.0,0.0,0.0,1.0,0.0,0.0,1.0,0.0,0.0,1.0,0.0,0.0
[1 0 0 ... 0 1 1],"[ 0 24  6 52  6 49  4 58 58 59 58 62  2 55 63  6  4 62  2 63  6  6  4  6
  8 12  6  8  5  6  6  4 18 18  8  4  2  6 18  6  2  4  6  4  6  4  6  6
  6  4  4 33  4  4  2  4  4  6 51  6  8  4  6 27]","[ 0  3  1 49 54  1 42 56 16 61 18 10  8 23 46  8 41  5 37  0 31 56 61 44
 11 13 52  4 11 22  9 50 16 22 29 17 15  6 19 13  2  5 29 19 51 27 15 20
  1 29  7  8 34 22 15 37 25 39 24  6  9  1 11 20]",False,False,0.0,0.0,"[np.int64(12), np.int64(21), np.int64(52), np.int64(18), np.int64(60), np.int64(13), np.int64(22), np.int64(3), np.int64(36), np.int64(51), np.int64(3), np.int64(45), np.int64(61), np.int64(60), np.int64(55), np.int64(50), np.int64(27), np.int64(48), np.int64(25), np.int64(38), np.int64(15), np.int64(33), np.int64(9), np.int64(22), np.int64(1), np.int64(36), np.int64(62), np.int64(44), np.int64(62), np.int64(18), np.int64(26), np.int64(25), np.int64(38), np.int64(32), np.int64(22), np.int64(50), np.int64(52), np.int64(8), np.int64(26), np.int64(18), np.int64(24), np.int64(1), np.int64(7), np.int64(59), np.int64(14), np.int64(4), np.int64(8), np.int64(9), np.int64(39), np.int64(29), np.int64(37), np.int64(9), np.int64(38), np.int64(34), np.int64(33), np.int64(43), np.int64(37), np.int64(46), np.int64(55), np.int64(59), np.int64(12), np.int64(58), np.int64(41), np.int64(13)]","[np.int64(51), np.int64(12), np.int64(17), np.int64(39), np.int64(7), np.int64(9), np.int64(50), np.int64(58), np.int64(32), np.int64(11), np.int64(41), np.int64(29), np.int64(21), np.int64(39), np.int64(20), np.int64(43), np.int64(5), np.int64(5), np.int64(16), np.int64(21), np.int64(8), np.int64(59), np.int64(45), np.int64(1), np.int64(34), np.int64(34), np.int64(60), np.int64(6), np.int64(27), np.int64(25), np.int64(35), np.int64(36), np.int64(34), np.int64(7), np.int64(47), np.int64(27), np.int64(18), np.int64(9), np.int64(13), np.int64(31), np.int64(34), np.int64(18), np.int64(20), np.int64(46), np.int64(58), np.int64(9), np.int64(41), np.int64(13), np.int64(27), np.int64(15), np.int64(50), np.int64(15), np.int64(18), np.int64(42), np.int64(36), np.int64(21), np.int64(2), np.int64(63), np.int64(2), np.int64(59), np.int64(33), np.int64(35), np.int64(21), np.int64(41)]",False,False,0.0,0.0,"[ 0. 50. 10. 58.  3. 24. 31. 54. 18. 56. 53. 15. 16. 14. 11. 34. 46.  0.
  9.  6.  5. 47. 61. 45.  2. 41.  1.  4. 27. 17. 42. 28. 30.  8. 40. 20.
 51. 52. 48. 26. 35. 63. 29. 60. 59. 43. 38. 49. 57. 33. 25. 37. 22.  7.
 55. 32. 12. 62. 44. 21. 60. 13. 36. 23.]","[ 0. 43.  6.  5. 41. 49. 44. 16. 37. 61. 24. 42. 63. 47. 10. 62. 12. 26.
 59. 58.  8. 35. 63. 48. 30. 21.  1. 60.  0. 32. 50. 53. 39. 52. 45. 28.
 23. 13. 17. 40. 34. 19. 36. 25. 55. 14. 51. 46. 57.  4. 17. 29. 21. 22.
 38.  7.  3. 18. 20. 20.  9.  2. 11. 15.]",False,False,0.0,0.015625,"[ 0.  3. 10. 43. 25.  7. 23. 51.  2. 24.  9. 10. 40. 42. 28. 57. 23. 24.
 16. 17. 25. 53. 21.  7.  3. 10. 47. 49. 37. 43. 55.  5. 18. 45. 27. 46.
 55. 49. 14. 35. 32.  7. 27. 32. 57. 12. 30. 12. 28. 58.  7. 33. 10. 14.
 55. 43. 22.  7. 23.  5.  5. 22. 44.  3.]","[ 0.  3. 47.  9. 13. 47. 28. 42.  2. 18.  6. 62. 40. 18.  4. 10. 21.  1.
 59. 37. 34.  2. 38. 44.  0.  3.  6. 48. 22. 13. 50. 46.  8. 53.  3. 40.
 51.  6. 32. 13.  3.  4. 16.  2. 51. 35. 57. 18. 29. 32. 61. 55. 26. 27.
 37.  4. 52. 32. 24. 21. 56. 12. 38. 19.]",False,False,0.0,0.0,1.0,0.2,0.2,1.0,0.0,0.0,1.0,0.2,0.2,1.0,0.0,0.0
[0 1 1 ... 1 1 0],"[ 0 30 30 37 59 48 37 60 43 60 60 54 60 57 60 62 60 61 60 60  6  8 62 62
  8 62 16  8 16 23  8  8 26 16 25  8 23 26 26 21  8 28  8  8 16 25 51  8
  8  8 33  8 32 36 23  6  8  8  8 16  8 32  8  8]","[ 0  8  9 37 35 13  0  3 26 29 46 62 21  0 16 26  1 29 10  7  9  5 40 52
 23 42 41  7 43 53  4 56 51 27 11 19  2 55 39 61 57 30  1 12  2 33 43 20
  1 47 19 18  4 17 17 10 18 12  8  1 13 58 49  6]",False,False,0.0,0.0,"[np.int64(1), np.int64(37), np.int64(15), np.int64(43), np.int64(28), np.int64(36), np.int64(27), np.int64(40), np.int64(18), np.int64(8), np.int64(49), np.int64(43), np.int64(46), np.int64(13), np.int64(60), np.int64(7), np.int64(54), np.int64(9), np.int64(3), np.int64(6), np.int64(24), np.int64(25), np.int64(30), np.int64(33), np.int64(50), np.int64(1), np.int64(1), np.int64(17), np.int64(43), np.int64(30), np.int64(12), np.int64(15), np.int64(37), np.int64(58), np.int64(1), np.int64(51), np.int64(35), np.int64(18), np.int64(4), np.int64(54), np.int64(36), np.int64(62), np.int64(24), np.int64(53), np.int64(44), np.int64(11), np.int64(7), np.int64(6), np.int64(17), np.int64(60), np.int64(55), np.int64(28), np.int64(50), np.int64(58), np.int64(62), np.int64(49), np.int64(30), np.int64(16), np.int64(0), np.int64(1), np.int64(62), np.int64(55), np.int64(0), np.int64(25)]","[np.int64(23), np.int64(11), np.int64(15), np.int64(47), np.int64(7), np.int64(27), np.int64(30), np.int64(52), np.int64(12), np.int64(22), np.int64(61), np.int64(48), np.int64(31), np.int64(27), np.int64(54), np.int64(34), np.int64(32), np.int64(58), np.int64(13), np.int64(48), np.int64(63), np.int64(15), np.int64(25), np.int64(38), np.int64(5), np.int64(35), np.int64(3), np.int64(29), np.int64(39), np.int64(32), np.int64(51), np.int64(26), np.int64(1), np.int64(53), np.int64(7), np.int64(19), np.int64(58), np.int64(14), np.int64(5), np.int64(13), np.int64(40), np.int64(30), np.int64(32), np.int64(40), np.int64(9), np.int64(31), np.int64(1), np.int64(18), np.int64(59), np.int64(16), np.int64(0), np.int64(16), np.int64(8), np.int64(44), np.int64(44), np.int64(12), np.int64(15), np.int64(0), np.int64(30), np.int64(58), np.int64(28), np.int64(14), np.int64(12), np.int64(59)]",False,False,0.0,0.0,"[ 0. 48.  0.  6. 24. 55. 44. 14.  5. 33. 60. 30.  2. 25. 63. 13. 11. 35.
 17. 19. 47. 43. 40. 52. 23. 16. 61. 15. 42. 27. 28. 59. 56. 57.  7.  4.
 49. 26. 21.  3. 10. 51.  8. 32. 19. 20. 62. 58. 36.  9. 12. 39. 41. 46.
 50. 53. 34. 45. 31. 37. 54. 22. 38. 18.]","[ 0. 17. 36. 37. 48. 50.  0. 10. 24. 29. 53. 62. 52. 63. 11.  6. 45. 35.
 20.  4. 32. 17. 12.  5. 33. 42. 34.  7. 46. 27. 14.  7. 25. 43. 47. 26.
 49. 55. 60.  3. 19. 51. 13. 59.  2. 48. 18.  8. 28. 21. 31. 35.  9. 61.
 40. 56. 41. 39. 44. 16. 57. 58. 15.  1.]",False,False,0.0,0.015625,"[ 0. 27. 36. 47. 30. 39. 27. 13.  5. 57. 13. 34. 28. 30. 16. 62. 57. 26.
 52. 62. 30. 37.  7. 35. 42. 20. 36. 48. 44.  5. 29. 58. 37. 58. 10. 63.
 23.  6. 57. 35. 29. 59. 17.  6. 31. 33. 11. 50. 14. 62. 39. 31. 21. 62.
 50. 23.  2. 48.  8.  2. 40. 32. 61. 59.]","[ 0. 29. 23. 37. 63. 35. 56. 41. 24. 15. 58.  8. 22.  2. 16. 46. 10. 58.
 43. 41.  9. 32. 29. 14. 52. 48. 20. 55. 48. 26.  4.  5. 23. 59. 25. 58.
 12. 13. 53. 61. 14. 46.  1. 32. 11. 60. 10. 59. 28. 47. 43. 23.  4. 44.
 23. 47. 40. 44. 34.  1. 31. 31. 17.  6.]",False,False,0.0,0.0,1.0,0.0,0.0,1.0,0.0,0.0,1.0,0.0,0.0,1.0,0.0,0.0
[0 0 1 ... 1 1 1],"[ 0 37 29 63 57 54 51 63 48 63 63 63 61 62 59 61 61 62 62 62 63 62 63 63
  8  8 63 17 17 23 17 63  6 25 17  6 29 25 28 51 48 48 20 35 21 29 25 29
 35 29 35 29 48  6 29 29 35 51  6  8  8 29 29 29]","[ 0 27 60  1 13  0 45  3 43  5 33  6 10  3  0 22  9 23 35  0 41 62 16  7
 36 14 32  9  4 32 24 37 52  3 51 26 40 50  5 22  0 31  3 52 25 59 15 13
 12 27 13 47  8 63 36 15 42 28  0  4 56 51 28  1]",False,False,0.0,0.0,"[np.int64(13), np.int64(10), np.int64(14), np.int64(1), np.int64(43), np.int64(54), np.int64(38), np.int64(60), np.int64(33), np.int64(57), np.int64(58), np.int64(34), np.int64(2), np.int64(39), np.int64(37), np.int64(28), np.int64(55), np.int64(55), np.int64(16), np.int64(40), np.int64(37), np.int64(11), np.int64(60), np.int64(27), np.int64(60), np.int64(17), np.int64(21), np.int64(1), np.int64(47), np.int64(52), np.int64(39), np.int64(62), np.int64(3), np.int64(28), np.int64(9), np.int64(38), np.int64(62), np.int64(30), np.int64(20), np.int64(15), np.int64(21), np.int64(5), np.int64(52), np.int64(38), np.int64(18), np.int64(25), np.int64(4), np.int64(13), np.int64(47), np.int64(22), np.int64(25), np.int64(55), np.int64(3), np.int64(39), np.int64(26), np.int64(15), np.int64(42), np.int64(56), np.int64(3), np.int64(23), np.int64(58), np.int64(52), np.int64(0), np.int64(10)]","[np.int64(30), np.int64(27), np.int64(29), np.int64(40), np.int64(57), np.int64(24), np.int64(1), np.int64(59), np.int64(33), np.int64(52), np.int64(8), np.int64(56), np.int64(32), np.int64(30), np.int64(32), np.int64(36), np.int64(51), np.int64(40), np.int64(14), np.int64(14), np.int64(43), np.int64(59), np.int64(30), np.int64(48), np.int64(47), np.int64(55), np.int64(32), np.int64(12), np.int64(16), np.int64(51), np.int64(41), np.int64(13), np.int64(9), np.int64(46), np.int64(4), np.int64(4), np.int64(46), np.int64(5), np.int64(7), np.int64(44), np.int64(61), np.int64(40), np.int64(18), np.int64(48), np.int64(4), np.int64(56), np.int64(11), np.int64(59), np.int64(4), np.int64(42), np.int64(60), np.int64(46), np.int64(8), np.int64(14), np.int64(32), np.int64(23), np.int64(15), np.int64(45), np.int64(36), np.int64(43), np.int64(28), np.int64(22), np.int64(45), np.int64(30)]",False,False,0.0,0.0,"[ 0. 24. 11.  1. 39. 16. 44. 33. 30. 32. 56. 54. 34.  8.  6. 13. 16. 10.
 49. 26.  9. 52. 61. 21. 31.  4.  2. 57. 58. 19. 23. 18. 63. 46. 42. 59.
 38. 25. 37. 62. 55.  7. 45. 17. 28. 43. 35. 12. 51. 22. 14. 36. 47. 27.
  5. 20. 53.  0. 41.  3. 15. 29. 50. 48.]","[ 0. 25. 59. 15. 20. 54.  3. 47. 44. 41. 33.  2. 14. 57. 30. 13. 21. 51.
 35.  0. 29. 23. 61.  1.  8.  6. 27. 45.  4. 10. 50. 12. 60. 39. 62. 26.
 24.  5. 31. 22. 11. 49. 49. 58. 55. 32. 19. 40. 28. 53. 16. 18. 37. 63.
 36. 34. 48. 38.  9. 42. 56.  7.  6. 52.]",False,False,0.0,0.015625,"[ 0. 16.  7. 42. 27. 10. 24. 47. 57. 57. 19.  7. 32. 62. 18. 21. 57.  0.
 33. 55.  2. 34. 17.  3.  5. 31. 42. 58.  1. 49. 25. 46. 13. 14. 52. 10.
 16. 48. 19. 33. 41. 36. 49.  4. 49. 60.  5.  3. 23. 33. 10. 44.  3. 61.
 27. 57. 36. 10. 20. 38. 10. 37. 18. 17.]","[ 0. 27. 59. 37. 12. 54. 35. 62. 58. 32. 33. 63. 39.  3. 32. 53. 50. 32.
 34. 60. 60. 33. 54.  7. 27. 35. 23.  6.  4. 16. 50.  5. 63. 53. 51.  4.
 40.  9. 50. 60. 11. 31. 49. 17. 51.  8.  0. 13. 16. 61.  5. 47.  2. 56.
 36. 30. 16. 37. 15.  8.  9. 51. 47. 12.]",False,False,0.0,0.0,1.0,0.0,0.0,1.0,0.2,0.2,1.0,0.0,0.0,1.0,0.0,0.0
[1 1 1 ... 1 1 0],"[ 0 13 28 48 61 53 51 47 57 56 60 60 57 57 57 62 62 60 62 59  2 61 63 62
 57 62 11 17 63 22 18 14 16 25 28 28 21 29 27 29 27 26 54 16 52 29 57 29
 54 53 57 25 25 29 29 16  2 28 28 25 47 57 28 17]","[ 0 16  8 27 13 58 40 22 18 27 37 23 57 23  3 51 22 15  1 38  1 35  8  6
 46  1 38  5  2  9 21 59 51 55 46 40 17 61  0  6  5  1  1 14 39 10 30 44
 30 38 48 15 36 52 12 32 36 11 26  7 17 25  5 43]",False,False,0.0,0.0,"[np.int64(51), np.int64(41), np.int64(19), np.int64(24), np.int64(13), np.int64(35), np.int64(59), np.int64(27), np.int64(63), np.int64(37), np.int64(43), np.int64(43), np.int64(17), np.int64(23), np.int64(51), np.int64(15), np.int64(1), np.int64(39), np.int64(28), np.int64(60), np.int64(32), np.int64(18), np.int64(53), np.int64(8), np.int64(5), np.int64(27), np.int64(19), np.int64(11), np.int64(39), np.int64(58), np.int64(35), np.int64(41), np.int64(39), np.int64(16), np.int64(22), np.int64(14), np.int64(35), np.int64(6), np.int64(34), np.int64(9), np.int64(13), np.int64(31), np.int64(25), np.int64(41), np.int64(49), np.int64(2), np.int64(19), np.int64(48), np.int64(63), np.int64(51), np.int64(43), np.int64(19), np.int64(18), np.int64(48), np.int64(23), np.int64(2), np.int64(7), np.int64(46), np.int64(14), np.int64(25), np.int64(26), np.int64(13), np.int64(48), np.int64(47)]","[np.int64(26), np.int64(33), np.int64(61), np.int64(41), np.int64(9), np.int64(23), np.int64(18), np.int64(10), np.int64(5), np.int64(23), np.int64(33), np.int64(60), np.int64(57), np.int64(51), np.int64(26), np.int64(29), np.int64(46), np.int64(45), np.int64(18), np.int64(41), np.int64(50), np.int64(28), np.int64(2), np.int64(56), np.int64(15), np.int64(20), np.int64(48), np.int64(38), np.int64(28), np.int64(38), np.int64(28), np.int64(26), np.int64(53), np.int64(59), np.int64(40), np.int64(37), np.int64(34), np.int64(23), np.int64(20), np.int64(28), np.int64(55), np.int64(4), np.int64(44), np.int64(27), np.int64(3), np.int64(30), np.int64(3), np.int64(10), np.int64(63), np.int64(4), np.int64(45), np.int64(57), np.int64(4), np.int64(14), np.int64(59), np.int64(30), np.int64(57), np.int64(36), np.int64(62), np.int64(3), np.int64(48), np.int64(2), np.int64(12), np.int64(11)]",False,False,0.0,0.0,"[ 0. 53. 62. 26. 20. 41.  2. 24. 40. 33. 12. 29. 37. 31. 57. 63. 32.  5.
  4. 50.  1. 58.  9. 44. 10. 47. 17. 42. 60. 30. 54. 34.  8. 45. 14. 55.
 18. 61. 56. 51.  6. 36.  7. 25.  3. 16. 48. 19. 22. 39.  0. 38. 35. 27.
 13. 11. 23. 49. 58. 28. 43. 21. 52. 46.]","[ 0. 25.  8. 53. 54. 58. 60. 22. 19. 27. 36. 45. 61.  3. 35.  0. 42.  7.
  4. 39. 43. 62. 30. 47. 46. 20. 41.  5. 63. 15. 51. 32. 57.  2. 49.  6.
 18. 50. 23. 37. 28. 16.  1. 14. 40. 56. 11. 53.  9. 11. 48. 12. 13. 33.
 59. 34. 26. 21. 38. 55. 17. 24. 52. 29.]",False,False,0.0,0.015625,"[ 0. 35. 57. 40. 42. 59.  2. 30. 41. 40. 36. 61. 44. 38. 53. 51. 15. 14.
  7. 18. 15. 62. 63. 57.  4. 20. 13. 30. 39. 53.  8.  2. 23. 39. 54. 58.
 51. 25. 30. 56. 56. 53. 33. 62. 62. 39. 41.  7. 44. 59. 54. 31.  2. 23.
 39. 53. 27. 34. 63. 25. 41. 14. 29. 14.]","[ 0. 25.  8. 53. 29. 58. 39. 37.  2. 37. 27. 16. 41. 20.  7. 61. 35. 35.
  4. 16. 13. 35.  8. 35. 10. 49. 44.  5. 20. 58.  5.  5. 45. 24. 10.  4.
 63. 42. 59. 63.  6. 59. 60. 45. 54. 44. 43. 32. 62. 25. 48. 25. 46. 33.
 34. 62. 29. 43.  8. 26.  2. 25. 46. 15.]",False,False,0.0,0.0,1.0,0.0,0.0,1.0,0.0,0.0,1.0,0.0,0.0,1.0,0.0,0.0
[1 1 0 ... 1 0 1],"[ 0 10 38 61 52 52 63 61 59 52 61 63 63 60 54 56 60 61 61 60 63 63 63  6
 13  6 13 61 13 63 21 22 28 13 13 25 30 29 26 34 52 29 21 25 49 49 22 54
 22 29 29 38 29 54 22 21 48 13 29 49 29 13 21 49]","[ 0 35 10 24 48 19  9 45 10 46  6  4 28  1 21 21 11  4 55 10 12 47 18 16
  3 44  6 42 13  0 19 26 25  2  7 36  4 39  0  7 30  8  3  1 11 24  1  1
 33 17  1 36 42 34 56 54 43 21 50  0  7 34 22 49]",False,False,0.0,0.0,"[np.int64(6), np.int64(50), np.int64(11), np.int64(53), np.int64(9), np.int64(48), np.int64(43), np.int64(61), np.int64(48), np.int64(0), np.int64(46), np.int64(54), np.int64(30), np.int64(15), np.int64(52), np.int64(33), np.int64(14), np.int64(4), np.int64(24), np.int64(36), np.int64(12), np.int64(36), np.int64(19), np.int64(24), np.int64(0), np.int64(27), np.int64(0), np.int64(22), np.int64(38), np.int64(4), np.int64(61), np.int64(63), np.int64(39), np.int64(30), np.int64(52), np.int64(5), np.int64(27), np.int64(33), np.int64(0), np.int64(42), np.int64(9), np.int64(52), np.int64(51), np.int64(43), np.int64(52), np.int64(56), np.int64(33), np.int64(2), np.int64(28), np.int64(30), np.int64(1), np.int64(38), np.int64(3), np.int64(36), np.int64(41), np.int64(15), np.int64(3), np.int64(55), np.int64(9), np.int64(26), np.int64(36), np.int64(25), np.int64(35), np.int64(15)]","[np.int64(10), np.int64(12), np.int64(22), np.int64(26), np.int64(49), np.int64(47), np.int64(20), np.int64(5), np.int64(8), np.int64(45), np.int64(0), np.int64(24), np.int64(63), np.int64(15), np.int64(16), np.int64(56), np.int64(40), np.int64(13), np.int64(40), np.int64(34), np.int64(0), np.int64(21), np.int64(12), np.int64(23), np.int64(9), np.int64(55), np.int64(18), np.int64(5), np.int64(17), np.int64(10), np.int64(29), np.int64(4), np.int64(23), np.int64(63), np.int64(0), np.int64(63), np.int64(49), np.int64(38), np.int64(13), np.int64(0), np.int64(42), np.int64(8), np.int64(7), np.int64(56), np.int64(32), np.int64(39), np.int64(41), np.int64(38), np.int64(12), np.int64(31), np.int64(50), np.int64(23), np.int64(44), np.int64(30), np.int64(52), np.int64(44), np.int64(43), np.int64(58), np.int64(47), np.int64(9), np.int64(12), np.int64(4), np.int64(29), np.int64(62)]",False,False,0.0,0.0,"[ 0. 33. 36.  4. 22. 37.  2. 61. 10. 56. 12. 49.  5. 14. 51. 50. 16. 45.
 47. 16. 15. 17. 54.  8. 38. 29. 46. 31. 25. 39. 18. 31. 60. 21. 13.  3.
 62. 34. 63. 20.  0. 55. 40. 42. 53. 19. 23. 24. 44.  6. 11. 48.  7. 52.
 57. 32. 26. 27. 30. 41.  9. 58.  1. 43.]","[ 0. 45. 29.  4. 48. 22. 63.  5. 35. 46. 32. 62. 40. 61. 25. 23. 39. 10.
 19. 26. 27.  0. 19. 53.  3.  9. 49. 42. 37. 60. 54. 34. 25. 13. 57. 41.
 52.  2. 32. 40. 30.  7. 44. 36. 33. 51. 50.  1. 15. 17. 12. 58. 16. 14.
 56.  6. 21. 55. 11.  8. 20. 31. 28. 43.]",False,False,0.0,0.015625,"[ 0. 14. 29.  5. 25. 53. 10. 51. 19. 60. 49. 17. 18. 58.  8. 13. 30. 21.
 24. 46. 15. 13.  9.  3. 56. 17. 29. 59. 16.  8. 38. 32. 14. 13.  3. 36.
 11. 12. 18. 46.  0. 10. 21. 15. 15. 58. 22. 27. 30.  4. 31. 38. 11. 20.
 48.  1. 37. 48. 46. 40. 27. 43. 14. 25.]","[ 0. 56. 20. 24. 14. 21.  9. 53. 62. 59. 47.  4. 27. 53. 25. 35. 13. 10.
 17. 12. 27.  0. 37.  9. 16. 44. 41.  0. 55. 25. 19. 46. 25. 25. 46. 41.
 54. 10. 51. 40. 51.  5. 28. 23. 46. 56. 62. 60. 33. 42. 38. 12. 27. 55.
 21. 51. 42. 49. 29. 17. 58. 33. 15. 49.]",False,False,0.0,0.0,1.0,0.0,0.0,1.0,0.0,0.0,1.0,0.0,0.0,1.0,0.0,0.0
[0 0 1 ... 1 0 1],"[ 0 44 35 49 55 63 54 47 50 59 53 57 61 63 63 59 59 63 63 63 59 63  7 59
  6 63 11 63 11  7  6 63 22 27  6  6  6 46  7 46  6 21  7 32 50  6 21 25
  6 45  6  7 45 25 22 46  6 21  6  7  7  6  7  6]","[ 0 12  6 21 11 56 24  4 11 53  5 20 40 11 61  0 45 25  7 31 14 31 35  2
 39  7 29  3 39 30 40 41  3 32 45 45  8 62 12 19 10 13  4  7  4 24  3 32
  9 18 22 29  0  1 57 15 21 31  0 28 22  6 18 13]",False,False,0.0,0.0,"[np.int64(2), np.int64(19), np.int64(24), np.int64(2), np.int64(17), np.int64(60), np.int64(40), np.int64(37), np.int64(13), np.int64(54), np.int64(24), np.int64(7), np.int64(58), np.int64(27), np.int64(54), np.int64(15), np.int64(21), np.int64(37), np.int64(52), np.int64(18), np.int64(40), np.int64(0), np.int64(33), np.int64(27), np.int64(54), np.int64(0), np.int64(5), np.int64(20), np.int64(9), np.int64(11), np.int64(8), np.int64(44), np.int64(2), np.int64(22), np.int64(59), np.int64(23), np.int64(42), np.int64(1), np.int64(28), np.int64(28), np.int64(35), np.int64(24), np.int64(11), np.int64(46), np.int64(8), np.int64(59), np.int64(44), np.int64(14), np.int64(55), np.int64(7), np.int64(14), np.int64(0), np.int64(52), np.int64(18), np.int64(55), np.int64(22), np.int64(39), np.int64(34), np.int64(24), np.int64(40), np.int64(1), np.int64(22), np.int64(53), np.int64(38)]","[np.int64(15), np.int64(56), np.int64(53), np.int64(37), np.int64(36), np.int64(59), np.int64(54), np.int64(15), np.int64(54), np.int64(62), np.int64(39), np.int64(27), np.int64(12), np.int64(63), np.int64(4), np.int64(45), np.int64(0), np.int64(53), np.int64(39), np.int64(32), np.int64(10), np.int64(30), np.int64(1), np.int64(36), np.int64(6), np.int64(28), np.int64(21), np.int64(35), np.int64(47), np.int64(3), np.int64(38), np.int64(52), np.int64(46), np.int64(48), np.int64(45), np.int64(47), np.int64(2), np.int64(22), np.int64(26), np.int64(3), np.int64(0), np.int64(45), np.int64(2), np.int64(47), np.int64(33), np.int64(43), np.int64(35), np.int64(36), np.int64(16), np.int64(45), np.int64(11), np.int64(28), np.int64(62), np.int64(13), np.int64(14), np.int64(7), np.int64(44), np.int64(0), np.int64(38), np.int64(53), np.int64(7), np.int64(39), np.int64(48), np.int64(24)]",False,False,0.0,0.0,"[ 0. 60. 20. 61. 38. 18. 56. 54. 32. 46. 10.  7. 48. 21. 63. 37. 33. 34.
 44. 16. 17.  9.  3. 14. 29.  0.  4. 51. 26. 28. 53. 45.  5. 13. 25. 41.
 42. 40. 15. 50. 57. 27. 39. 11. 43.  6. 36. 23. 49. 30.  1. 24. 31. 62.
 55. 10. 22.  8. 59. 47.  2. 12. 35. 52.]","[ 0. 39. 61. 54. 40. 17. 47. 15. 26. 19. 42. 44. 10. 56. 33. 37. 45. 23.
 24. 34. 30. 49. 35.  0.  5. 63. 39. 60. 58. 42. 16. 41.  8. 25. 32.  4.
 18. 20. 51. 46.  6. 58. 52.  1.  9. 27. 53. 28.  3. 55. 31. 11. 38. 62.
 57. 14. 29. 21. 13.  2. 22. 36. 48. 59.]",False,False,0.0,0.015625,"[ 0. 24. 36. 54. 55. 48. 49. 28. 46. 20. 30. 36. 50. 51. 42. 45.  8. 21.
 19.  3. 56. 31. 14.  9. 37. 48. 24. 52. 27. 60.  8. 45. 41. 54. 10. 52.
 46. 38.  7.  8. 53. 17.  7. 32. 20. 37. 63. 11. 46. 47. 34.  4. 60. 48.
 57. 36. 30. 20. 29. 46. 15. 15. 30. 34.]","[ 0. 47. 13. 19. 55. 48. 52. 26. 11. 19. 56. 20. 40. 56. 61. 60. 45. 34.
 52.  4. 14. 58. 40.  0. 39. 18. 51. 60. 32. 51. 40. 41. 63. 49. 45. 59.
 46. 56. 61. 54. 35. 58. 50. 54. 18. 62. 21.  5. 49. 45. 34. 24. 55. 58.
 57. 34. 55.  8. 34. 62. 19. 45. 18. 23.]",False,False,0.0,0.0,1.0,0.0,0.0,1.0,0.0,0.0,1.0,0.0,0.0,1.0,0.0,0.0
[1 1 1 ... 1 1 1],"[ 0  8 33 48 41 55 60 50 51 51 59 58 60 58 61 62 59 63 59 61 63 63 61 60
  7 63 63  7 15  7  7  7  7 19  9 25  9 28 26  7  7  7  9 50 37  2 36  7
 50  7 28  7  9  7  7 25  7 51  7  7  2  7  7  9]","[ 0 10  9 63 44 35 18  9 27  3 46  0 56 12  5 60 27  8 10 11 40 60 17 51
 20 36  5 14 22 18 20 49  2 40  9 44 18  1 60  4  7  0  6 23 12 27 54  3
 15 15 12 17 62  7 21 58 50 16 33 10 36 53 37  9]",False,False,0.0,0.0,"[np.int64(46), np.int64(13), np.int64(25), np.int64(44), np.int64(50), np.int64(58), np.int64(46), np.int64(24), np.int64(47), np.int64(21), np.int64(36), np.int64(29), np.int64(44), np.int64(44), np.int64(52), np.int64(25), np.int64(30), np.int64(15), np.int64(58), np.int64(61), np.int64(21), np.int64(55), np.int64(8), np.int64(45), np.int64(17), np.int64(44), np.int64(29), np.int64(46), np.int64(30), np.int64(2), np.int64(16), np.int64(29), np.int64(55), np.int64(34), np.int64(46), np.int64(38), np.int64(4), np.int64(18), np.int64(6), np.int64(36), np.int64(13), np.int64(57), np.int64(44), np.int64(56), np.int64(46), np.int64(27), np.int64(0), np.int64(37), np.int64(5), np.int64(30), np.int64(30), np.int64(51), np.int64(20), np.int64(54), np.int64(18), np.int64(40), np.int64(3), np.int64(33), np.int64(63), np.int64(21), np.int64(12), np.int64(57), np.int64(16), np.int64(33)]","[np.int64(50), np.int64(32), np.int64(48), np.int64(3), np.int64(42), np.int64(39), np.int64(25), np.int64(59), np.int64(27), np.int64(43), np.int64(51), np.int64(57), np.int64(20), np.int64(12), np.int64(26), np.int64(46), np.int64(49), np.int64(11), np.int64(42), np.int64(18), np.int64(57), np.int64(24), np.int64(59), np.int64(32), np.int64(22), np.int64(52), np.int64(19), np.int64(23), np.int64(22), np.int64(23), np.int64(61), np.int64(59), np.int64(33), np.int64(8), np.int64(39), np.int64(11), np.int64(43), np.int64(24), np.int64(34), np.int64(49), np.int64(21), np.int64(44), np.int64(40), np.int64(59), np.int64(19), np.int64(4), np.int64(52), np.int64(44), np.int64(21), np.int64(17), np.int64(39), np.int64(26), np.int64(4), np.int64(52), np.int64(59), np.int64(62), np.int64(42), np.int64(43), np.int64(1), np.int64(21), np.int64(60), np.int64(27), np.int64(34), np.int64(5)]",False,False,0.0,0.0,"[ 0.  9.  1. 59. 15. 47. 24. 45. 53. 49. 16. 61. 10. 55. 36. 17.  4.  5.
 33. 34. 35. 60.  2. 13. 51. 11. 31. 14. 41. 29. 18. 25. 20. 32.  3. 63.
  6. 38. 44. 21. 43. 27. 12. 43.  7. 26. 46. 30. 52. 29. 42. 22. 56. 39.
 28. 37. 57. 19. 50.  0. 23. 48. 58. 54.]","[ 0. 36. 38. 46. 56. 37. 23.  9.  2. 57. 29. 22. 60. 40. 21. 54. 59. 14.
  1. 26. 33. 25. 18.  8. 62. 11. 24. 42. 61. 19. 16. 30. 45. 32. 53. 20.
 63. 48. 17. 41. 14.  5.  6. 39. 13. 27.  4. 44. 52. 47. 12. 54. 31. 35.
  7. 51. 50. 43. 55. 10. 28. 15. 34. 49.]",False,False,0.0,0.015625,"[ 0. 37.  9. 39. 48. 35. 48. 36. 40. 33.  6. 31.  1. 20. 39. 26. 43.  5.
 59. 11. 62.  5. 24. 51.  1. 20. 51. 17. 15. 31. 37. 49. 47. 11.  6.  5.
 21. 48. 60.  1. 41. 60. 36.  8. 22. 38. 36. 42. 26. 15. 36.  3. 30. 23.
 51. 42.  0.  0. 36. 44. 52. 14. 16.  8.]","[ 0. 25.  9. 61. 13. 37. 58. 28. 27. 35.  2.  6. 19. 39.  5. 13. 27. 54.
 42. 28. 31. 44. 17. 20.  9. 36. 50. 23. 20. 19. 37. 24. 44. 29.  9. 19.
 24. 21. 24. 32.  1. 14. 45. 52. 13. 57. 54. 50. 59.  9. 12. 17.  1.  0.
 21. 42. 50. 25. 50. 48.  2.  3. 34. 15.]",False,False,0.0,0.0,1.0,0.0,0.0,1.0,0.0,0.0,1.0,0.0,0.0,1.0,0.2,0.2
[0 0 1 ... 0 0 1],"[ 0 35 35 63 53 42 54 55 53 63 62 60 58 63 61 59 63 62  2 62  5 61  2  5
  2  2 60  2 26  2  2 18 26 17 20  2  2 26 30 27  2  2 26 35  2 29  2 26
 26 30  2 33 42  2  2  2 35 35 31  2  2  2 26  2]","[ 0 41  1  9  7 38 32 15 22 16  5 23 13 11 40 49  2 14 17  6  9 33 33  8
 11 60 45  3 20 30 48 15 30 18  7  4 38 43 32  3 60 55  7  4 14 28  8 21
 61 35  5  0  0  0  2 63 52  2 14  5 50  6  1  9]",False,False,0.0,0.0,"[np.int64(8), np.int64(45), np.int64(28), np.int64(48), np.int64(55), np.int64(42), np.int64(47), np.int64(58), np.int64(46), np.int64(9), np.int64(63), np.int64(43), np.int64(13), np.int64(54), np.int64(32), np.int64(40), np.int64(56), np.int64(35), np.int64(29), np.int64(23), np.int64(15), np.int64(27), np.int64(24), np.int64(35), np.int64(2), np.int64(29), np.int64(1), np.int64(17), np.int64(50), np.int64(51), np.int64(9), np.int64(52), np.int64(53), np.int64(63), np.int64(11), np.int64(60), np.int64(33), np.int64(48), np.int64(24), np.int64(32), np.int64(3), np.int64(59), np.int64(30), np.int64(46), np.int64(15), np.int64(57), np.int64(54), np.int64(27), np.int64(26), np.int64(53), np.int64(31), np.int64(20), np.int64(33), np.int64(30), np.int64(38), np.int64(19), np.int64(63), np.int64(57), np.int64(57), np.int64(55), np.int64(8), np.int64(55), np.int64(29), np.int64(13)]","[np.int64(60), np.int64(18), np.int64(2), np.int64(30), np.int64(30), np.int64(11), np.int64(13), np.int64(48), np.int64(4), np.int64(62), np.int64(15), np.int64(46), np.int64(10), np.int64(48), np.int64(42), np.int64(61), np.int64(54), np.int64(17), np.int64(62), np.int64(6), np.int64(30), np.int64(11), np.int64(23), np.int64(5), np.int64(56), np.int64(40), np.int64(62), np.int64(54), np.int64(34), np.int64(14), np.int64(59), np.int64(23), np.int64(61), np.int64(7), np.int64(17), np.int64(43), np.int64(7), np.int64(32), np.int64(59), np.int64(33), np.int64(58), np.int64(32), np.int64(57), np.int64(0), np.int64(11), np.int64(28), np.int64(59), np.int64(41), np.int64(41), np.int64(35), np.int64(34), np.int64(37), np.int64(44), np.int64(56), np.int64(11), np.int64(13), np.int64(30), np.int64(22), np.int64(59), np.int64(48), np.int64(30), np.int64(1), np.int64(7), np.int64(45)]",False,False,0.0,0.0,"[ 0. 13. 51. 36. 60. 35.  8.  6. 50.  1. 44. 23. 57. 45. 24.  5. 61. 28.
 16. 32. 42. 49. 25. 14. 19. 10. 18. 41. 28. 43. 62.  7.  0. 40. 63. 35.
 39. 34. 22. 17. 48. 52. 26.  4.  2. 20. 27. 11. 47.  3. 59. 53. 31. 54.
  9. 15. 21. 37. 29. 33. 55. 30. 46. 63.]","[ 0. 45. 58. 23. 54. 10. 12. 39. 53.  3. 44. 63. 43. 11. 33.  5. 36. 51.
 41. 46. 40. 59. 19. 34.  7. 18. 61. 24. 20. 61. 21. 22.  0.  4. 29. 17.
 38.  1. 47.  6. 42. 13. 50. 57. 14. 32.  8. 37. 49. 31. 35. 26. 48. 56.
 24. 10. 25.  2. 60. 15. 62. 30. 27.  9.]",False,False,0.0,0.015625,"[ 0. 30. 51. 40. 10. 10. 26.  4. 50. 19. 58. 23. 33. 32.  8. 44. 32. 19.
 34. 21. 42. 22. 11. 33. 61. 60. 46. 21. 13.  2. 45. 61. 61. 54.  2. 18.
 18. 48. 44.  3. 23. 33. 16. 32. 51. 12. 12. 48. 10. 25. 37. 52. 53.  8.
 13. 39. 44.  2. 41. 56. 25. 39.  5. 47.]","[ 0. 47. 25. 58. 22. 13. 32. 53. 36. 42. 44. 63. 13. 45. 40.  0. 36. 15.
 25. 58. 24. 39. 57. 59. 19. 60. 18.  1. 46. 43. 31. 36. 12. 31.  0. 30.
 32. 26.  9. 19. 59. 28. 37. 39. 22. 22. 42. 17. 38. 31.  5.  9. 60.  0.
 43. 15. 21. 51. 16. 15. 24. 15.  1. 50.]",False,False,0.0,0.0,1.0,0.0,0.0,1.0,0.0,0.0,1.0,0.0,0.0,1.0,0.0,0.0
[0 1 0 ... 1 1 1],"[ 0 31 45 50 58 51 50 60 50 60 52 58 57 56 57 58 61 63 63 63 60 61 62 61
 63 62 63 63  6 21 20  6 17 14  8  6  6 20 28  6 20  6 14 14 14  6  6 14
  8  8  6  8 19  6  6  1  6  6  8  6  6 14  8  6]","[ 0 54  3 27 52 51 32 21  3 62  7  9 61 14 37 35  2  9 24  4 13 38 60 62
 38  5  0 10 18 31 13 16 31 12 40 25 35 25 14 19  5 45 15 32  1  2  1  8
  0 46 33  5 60 41 62 19 22  5  4 11  8  8 14  1]",False,False,0.0,0.0,"[np.int64(23), np.int64(50), np.int64(15), np.int64(59), np.int64(48), np.int64(9), np.int64(5), np.int64(37), np.int64(19), np.int64(44), np.int64(11), np.int64(52), np.int64(12), np.int64(26), np.int64(1), np.int64(38), np.int64(4), np.int64(33), np.int64(11), np.int64(25), np.int64(34), np.int64(43), np.int64(14), np.int64(49), np.int64(11), np.int64(39), np.int64(13), np.int64(19), np.int64(60), np.int64(50), np.int64(53), np.int64(18), np.int64(19), np.int64(51), np.int64(54), np.int64(15), np.int64(23), np.int64(18), np.int64(52), np.int64(44), np.int64(45), np.int64(47), np.int64(13), np.int64(23), np.int64(47), np.int64(3), np.int64(40), np.int64(23), np.int64(16), np.int64(56), np.int64(29), np.int64(43), np.int64(54), np.int64(57), np.int64(14), np.int64(0), np.int64(33), np.int64(30), np.int64(59), np.int64(33), np.int64(52), np.int64(19), np.int64(22), np.int64(21)]","[np.int64(36), np.int64(20), np.int64(41), np.int64(6), np.int64(29), np.int64(63), np.int64(13), np.int64(32), np.int64(12), np.int64(52), np.int64(23), np.int64(61), np.int64(2), np.int64(58), np.int64(47), np.int64(57), np.int64(4), np.int64(22), np.int64(18), np.int64(30), np.int64(30), np.int64(36), np.int64(8), np.int64(28), np.int64(31), np.int64(57), np.int64(26), np.int64(21), np.int64(47), np.int64(4), np.int64(61), np.int64(8), np.int64(62), np.int64(31), np.int64(11), np.int64(40), np.int64(5), np.int64(16), np.int64(14), np.int64(50), np.int64(40), np.int64(31), np.int64(41), np.int64(60), np.int64(38), np.int64(49), np.int64(11), np.int64(27), np.int64(16), np.int64(18), np.int64(58), np.int64(53), np.int64(29), np.int64(6), np.int64(13), np.int64(17), np.int64(30), np.int64(31), np.int64(57), np.int64(13), np.int64(16), np.int64(19), np.int64(50), np.int64(62)]",False,False,0.0,0.0,"[ 0. 48. 11. 34. 38.  4.  7. 21. 37. 16. 58. 55. 56. 20. 63. 47. 61. 33.
 53. 28. 60. 35. 24. 57. 52.  5. 62. 32. 45. 39.  9. 15. 40. 54. 19. 27.
 49. 17. 51. 10. 30. 23. 12. 50. 59.  0. 26.  1. 13. 46. 41. 31. 18.  2.
 54. 43. 22. 29. 36. 42.  3.  8. 25.  6.]","[ 0. 20. 11. 23. 42. 63. 17. 25. 55. 45. 58. 21. 40. 34. 38. 48. 53.  9.
 24. 44. 35.  3. 60. 32. 22. 12. 56.  5. 16.  6. 47.  4. 27. 54. 63.  2.
 18. 31.  1. 28.  0. 33. 24. 13. 36. 30. 29. 51. 37. 46.  7. 59. 62. 52.
 15. 39. 49. 50. 41. 43.  8. 57. 14. 19.]",False,False,0.0,0.015625,"[43. 21. 24. 34. 42. 61. 23. 32. 12. 53. 25. 26. 55. 31.  2. 48. 37. 38.
 33. 24. 44. 46.  9. 57. 10. 35. 18. 36. 16.  6. 43. 18. 63. 37.  9. 47.
 39. 60. 11. 52. 56. 12. 14. 13. 38.  5. 18. 12. 41. 23. 15. 30. 22.  2.
 56. 39. 30.  6.  5. 48. 33. 55. 18. 27.]","[ 0. 16. 56. 21. 38. 17. 29. 52. 33. 19.  7. 45. 42. 47. 61. 48.  5. 23.
 14. 57. 29. 55. 10. 32. 37.  0. 53.  2. 47. 36. 32. 63. 10. 59. 40. 50.
 14. 26. 58. 60.  5.  0. 35.  3. 49.  6. 20. 34. 20. 32.  8.  8. 15. 52.
 56. 18. 42. 29. 50.  9. 10. 55. 11. 36.]",False,False,0.0,0.0,1.0,0.0,0.0,1.0,0.0,0.0,1.0,0.0,0.0,1.0,0.2,0.2
[1 1 0 ... 0 0 1],"[ 0 56 44 52 56 48 60 56 52 51 60 57 63 57 57 54 62 63 63 60  5 63 63  5
  8 60  8  9  5 16  9 21 11 11 21 15 29 21 29 32 21 29 52 29 48 21 29 53
  5 53 43  5  5  5  5  5  8  5 51 53 52 51 54  8]","[ 0 53 20 30  3 14  7 12 25  0 31  1 48 57  6 19 19 20  2  1 27 35 58 33
  6  3 27  2 21 11 44  7 17 46 24 25 18 54  2 40 36 51  4  4 49 51  4  8
  4 29 21  9 47  7 13 59 29  5  0 22 45  8 42 49]",False,False,0.0,0.0,"[np.int64(57), np.int64(4), np.int64(50), np.int64(36), np.int64(21), np.int64(36), np.int64(46), np.int64(60), np.int64(16), np.int64(55), np.int64(28), np.int64(19), np.int64(32), np.int64(47), np.int64(39), np.int64(19), np.int64(56), np.int64(0), np.int64(32), np.int64(23), np.int64(12), np.int64(13), np.int64(15), np.int64(52), np.int64(12), np.int64(34), np.int64(20), np.int64(18), np.int64(35), np.int64(50), np.int64(29), np.int64(25), np.int64(42), np.int64(23), np.int64(0), np.int64(4), np.int64(46), np.int64(53), np.int64(58), np.int64(53), np.int64(27), np.int64(63), np.int64(54), np.int64(3), np.int64(17), np.int64(34), np.int64(24), np.int64(47), np.int64(53), np.int64(34), np.int64(13), np.int64(8), np.int64(50), np.int64(30), np.int64(31), np.int64(30), np.int64(5), np.int64(38), np.int64(6), np.int64(52), np.int64(61), np.int64(28), np.int64(1), np.int64(41)]","[np.int64(1), np.int64(41), np.int64(61), np.int64(33), np.int64(15), np.int64(3), np.int64(19), np.int64(1), np.int64(22), np.int64(41), np.int64(7), np.int64(39), np.int64(35), np.int64(54), np.int64(61), np.int64(52), np.int64(54), np.int64(25), np.int64(50), np.int64(22), np.int64(13), np.int64(21), np.int64(5), np.int64(19), np.int64(10), np.int64(5), np.int64(51), np.int64(8), np.int64(40), np.int64(6), np.int64(51), np.int64(49), np.int64(44), np.int64(0), np.int64(56), np.int64(40), np.int64(17), np.int64(24), np.int64(42), np.int64(23), np.int64(29), np.int64(32), np.int64(14), np.int64(49), np.int64(33), np.int64(59), np.int64(52), np.int64(63), np.int64(7), np.int64(11), np.int64(4), np.int64(15), np.int64(19), np.int64(46), np.int64(3), np.int64(35), np.int64(56), np.int64(56), np.int64(13), np.int64(2), np.int64(57), np.int64(49), np.int64(21), np.int64(3)]",False,False,0.0,0.0,"[ 0. 62. 26. 30. 53. 42. 45. 56. 50. 25. 10.  6.  3.  4. 35. 44. 54. 52.
  2. 61. 19. 16. 24.  5. 13. 47. 14. 41. 10.  0. 48. 12.  9. 36. 31. 17.
 15. 21. 33. 58. 46. 57. 34. 11. 39. 45. 28. 43. 55. 29. 20. 32. 60.  1.
 27. 18. 22. 63. 59. 40.  8. 51. 23.  7.]","[ 0. 31. 51. 30.  3. 14. 27. 50. 22. 36. 44. 38. 37. 57.  6. 19. 45. 48.
 56.  5. 29. 61. 58. 20. 41. 23. 61.  2. 26. 63. 10. 17. 53. 24. 35. 25.
 21. 54. 16. 54. 47.  1. 36. 33. 34. 55. 52. 39.  4. 11. 15. 43.  9. 13.
 40. 62. 46.  7.  0. 18.  8. 12. 42. 49.]",False,False,0.0,0.015625,"[ 0. 51. 60. 52. 42. 13. 17. 19. 27. 25. 46. 50. 44.  5. 31. 29. 10. 26.
  0.  1.  9. 57.  5. 13. 27. 43. 62. 37.  5. 52. 25. 21. 35. 50. 24. 25.
  1.  1. 22. 40. 51. 56. 29. 51.  8. 40. 40.  9. 10. 48. 20. 30.  9.  6.
 40. 34. 35.  7. 14.  1.  0. 45. 37. 57.]","[ 0. 31.  1. 15. 25. 44. 47. 39. 25.  6. 31. 41. 48. 63. 58. 19. 44. 19.
 38. 43. 56. 61.  1. 48. 34.  3. 32. 53.  7. 14.  5. 60.  3. 55. 63. 61.
 46. 12. 26. 58. 62. 20. 55. 12. 12.  9. 33. 59. 18. 26. 21. 55. 29. 36.
  2. 59. 25. 53. 26.  5. 38.  5. 42. 24.]",False,False,0.0,0.0,1.0,0.2,0.2,1.0,0.0,0.0,1.0,0.2,0.2,1.0,0.0,0.0
[1 1 0 ... 1 0 1],"[ 0 59 41 54 57 58 50 46 57 63 56 61 61 61 63 63 59 62  4 61 60  4 62  4
 63  4  4 11 11  4  4 11 23  4 33 23 32 23 14  4  4 28 38 37  4  4 23 38
 37  4 23 36 27  4 32 50 34  4 22 50  4  4 46 23]","[ 0 16 59 30 25  3 26 63 16 33 55  5  2 17 12 25  9 42  5 35 18 22 15 14
 60 13 37 13 43  1 57 41 53  8 27 41 11 29  1 31 11  6 19 12 47 39  1 17
  0  2 23 33  3 12  6  7 45 30  3 49  4  4 25 59]",False,False,0.0,0.0,"[np.int64(36), np.int64(53), np.int64(49), np.int64(19), np.int64(54), np.int64(39), np.int64(51), np.int64(42), np.int64(44), np.int64(50), np.int64(3), np.int64(35), np.int64(5), np.int64(63), np.int64(18), np.int64(45), np.int64(24), np.int64(13), np.int64(30), np.int64(40), np.int64(6), np.int64(30), np.int64(23), np.int64(32), np.int64(24), np.int64(6), np.int64(3), np.int64(3), np.int64(58), np.int64(41), np.int64(25), np.int64(20), np.int64(54), np.int64(57), np.int64(14), np.int64(6), np.int64(8), np.int64(57), np.int64(53), np.int64(5), np.int64(14), np.int64(47), np.int64(47), np.int64(20), np.int64(10), np.int64(46), np.int64(7), np.int64(20), np.int64(43), np.int64(51), np.int64(51), np.int64(24), np.int64(58), np.int64(3), np.int64(44), np.int64(50), np.int64(24), np.int64(17), np.int64(4), np.int64(53), np.int64(30), np.int64(23), np.int64(21), np.int64(27)]","[np.int64(33), np.int64(30), np.int64(56), np.int64(32), np.int64(24), np.int64(35), np.int64(9), np.int64(43), np.int64(31), np.int64(27), np.int64(26), np.int64(39), np.int64(24), np.int64(26), np.int64(21), np.int64(50), np.int64(6), np.int64(59), np.int64(21), np.int64(27), np.int64(63), np.int64(29), np.int64(22), np.int64(61), np.int64(48), np.int64(48), np.int64(2), np.int64(40), np.int64(39), np.int64(33), np.int64(46), np.int64(30), np.int64(16), np.int64(39), np.int64(19), np.int64(10), np.int64(11), np.int64(39), np.int64(46), np.int64(18), np.int64(56), np.int64(4), np.int64(34), np.int64(8), np.int64(15), np.int64(6), np.int64(22), np.int64(54), np.int64(57), np.int64(41), np.int64(40), np.int64(28), np.int64(31), np.int64(46), np.int64(41), np.int64(12), np.int64(42), np.int64(52), np.int64(29), np.int64(11), np.int64(8), np.int64(56), np.int64(22), np.int64(49)]",False,False,0.0,0.0,"[ 0. 23. 30. 36. 22. 58. 44. 49. 43.  9. 33. 35. 56. 11. 46. 47.  9. 54.
 59. 42. 24. 32.  0. 14. 34.  2. 40. 21. 20.  8. 61. 57. 18.  3. 63.  1.
 53. 12.  5.  4. 45. 28.  6. 60. 10. 48. 41. 26. 19. 38. 27. 62. 50.  7.
 39. 55. 51. 16. 37. 15. 52. 13. 55. 31.]","[ 0. 36. 41. 33.  3. 20.  1. 63. 50. 46. 31. 17. 42. 10. 45.  9. 59. 34.
 54. 49. 23. 63. 52. 32.  0. 13. 38. 14. 56. 48. 27. 57.  6. 39. 27. 28.
 11. 12. 53. 47.  7. 40.  7. 29. 26.  4. 16. 44. 30. 47. 60. 24. 62.  2.
 61. 40. 22.  8. 19. 18. 58. 11. 25.  5.]",False,False,0.0,0.015625,"[ 0. 59. 34. 30. 40. 17. 43. 45.  1. 51. 30.  3. 20.  5. 63. 48. 61. 16.
 53.  5. 32. 12. 48. 60.  3. 26. 62. 11. 35. 20. 24.  1. 36. 10.  0. 58.
  1. 39. 56. 48. 26. 32. 43. 23. 58. 39. 57.  3. 11. 23. 46. 22. 12. 31.
 43. 50. 26. 42. 56. 15. 62. 39. 48. 59.]","[ 0. 18. 57. 10.  0. 10. 54. 63.  6. 28. 55. 51.  2. 22. 26. 55. 59. 52.
 59. 11. 39. 45. 52. 18. 14. 13. 37. 17. 31. 44. 58. 44.  9. 16. 53. 60.
  6. 40. 53. 29.  2. 32. 19. 17. 26. 28. 21. 28. 28.  9. 28.  9. 61.  2.
 26. 20. 14. 36. 55. 40. 30. 10. 43. 53.]",False,False,0.0,0.0,1.0,0.0,0.0,1.0,0.0,0.0,1.0,0.0,0.0,1.0,0.0,0.0
[1 1 1 ... 1 1 0],"[ 0 13 28 48 61 53 51 47 57 56 60 60 57 57 57 62 62 60 62 59  2 61 63 62
 57 62 11 17 63 22 18 14 16 25 28 28 21 29 27 29 27 26 54 16 52 29 57 29
 54 53 57 25 25 29 29 16  2 28 28 25 47 57 28 17]","[ 0 16  8 27 13 58 40 22 18 27 37 23 57 23  3 51 22 15  1 38  1 35  8  6
 46  1 38  5  2  9 21 59 51 55 46 40 17 61  0  6  5  1  1 14 39 10 30 44
 30 38 48 15 36 52 12 32 36 11 26  7 17 25  5 43]",False,False,0.0,0.0,"[np.int64(47), np.int64(6), np.int64(45), np.int64(33), np.int64(0), np.int64(28), np.int64(14), np.int64(13), np.int64(11), np.int64(3), np.int64(62), np.int64(40), np.int64(41), np.int64(36), np.int64(1), np.int64(15), np.int64(27), np.int64(30), np.int64(19), np.int64(44), np.int64(63), np.int64(31), np.int64(32), np.int64(55), np.int64(13), np.int64(35), np.int64(26), np.int64(2), np.int64(57), np.int64(5), np.int64(6), np.int64(4), np.int64(31), np.int64(46), np.int64(1), np.int64(43), np.int64(26), np.int64(16), np.int64(14), np.int64(42), np.int64(19), np.int64(43), np.int64(59), np.int64(29), np.int64(59), np.int64(6), np.int64(26), np.int64(18), np.int64(50), np.int64(60), np.int64(42), np.int64(27), np.int64(8), np.int64(34), np.int64(63), np.int64(7), np.int64(18), np.int64(28), np.int64(30), np.int64(19), np.int64(42), np.int64(33), np.int64(45), np.int64(25)]","[np.int64(5), np.int64(43), np.int64(7), np.int64(14), np.int64(5), np.int64(27), np.int64(54), np.int64(36), np.int64(41), np.int64(41), np.int64(2), np.int64(22), np.int64(9), np.int64(37), np.int64(57), np.int64(29), np.int64(2), np.int64(18), np.int64(25), np.int64(41), np.int64(60), np.int64(47), np.int64(7), np.int64(16), np.int64(50), np.int64(37), np.int64(60), np.int64(40), np.int64(4), np.int64(8), np.int64(47), np.int64(36), np.int64(43), np.int64(55), np.int64(47), np.int64(45), np.int64(46), np.int64(52), np.int64(36), np.int64(35), np.int64(47), np.int64(14), np.int64(27), np.int64(43), np.int64(33), np.int64(6), np.int64(21), np.int64(51), np.int64(27), np.int64(24), np.int64(29), np.int64(58), np.int64(37), np.int64(22), np.int64(14), np.int64(37), np.int64(63), np.int64(54), np.int64(20), np.int64(10), np.int64(16), np.int64(46), np.int64(8), np.int64(50)]",False,False,0.0,0.0,"[ 0.  4. 32.  7. 42. 59. 43. 63.  8. 40. 52. 27. 36. 20. 22. 61. 41. 60.
 18.  1. 50. 25. 49.  6. 38. 54.  0. 51. 37. 34. 45.  3. 16. 39. 28. 23.
 21. 17.  8. 56. 44. 30. 47. 29. 12.  5. 10. 33. 58. 55. 14. 26. 24. 19.
 31. 53. 57. 35.  2. 11. 18. 62.  9. 46.]","[ 0. 58. 16. 59. 21.  7.  8. 40. 18. 41. 27.  3. 50. 55. 22. 29. 19. 44.
 56. 38. 36. 20. 15.  6. 48. 13. 33.  5.  2. 30. 51. 14. 60. 45. 46. 32.
 34. 35. 61. 26. 28. 23. 39. 11.  4. 10. 57. 63.  9. 25.  0. 17. 42. 52.
 49. 40. 47. 53. 62. 24. 43.  6. 37. 12.]",False,False,0.0,0.015625,"[ 0. 21. 53. 12. 61. 30. 51. 31.  5. 29. 62. 29. 41. 10. 21. 58. 24.  2.
 32. 43.  8. 22. 50. 26. 20. 55. 10. 31. 63. 44. 20. 48. 47. 13. 28. 51.
 48. 25. 22. 56.  5. 43. 22. 23.  2. 35. 27. 10. 63. 27. 14. 32. 25.  2.
 55. 12. 49. 63.  8. 46. 22. 52. 58. 33.]","[ 0. 58. 36. 27. 57. 53. 18. 49. 19. 37. 30. 51. 61.  3. 38. 10. 17. 44.
 45. 54. 21. 45.  8. 47. 38. 13. 16.  2. 60. 34. 20.  5. 34. 42. 56. 10.
 18. 22.  7. 29. 35.  1. 60. 53.  3. 56. 27. 28. 35. 30. 48. 42. 42. 63.
 12. 36. 36. 11. 19. 14. 20. 25.  5. 19.]",False,False,0.0,0.0,1.0,0.0,0.0,1.0,0.0,0.0,1.0,0.0,0.0,1.0,0.0,0.0
[1 1 1 ... 1 1 0],"[ 0 13 28 48 61 53 51 47 57 56 60 60 57 57 57 62 62 60 62 59  2 61 63 62
 57 62 11 17 63 22 18 14 16 25 28 28 21 29 27 29 27 26 54 16 52 29 57 29
 54 53 57 25 25 29 29 16  2 28 28 25 47 57 28 17]","[ 0 16  8 27 13 58 40 22 18 27 37 23 57 23  3 51 22 15  1 38  1 35  8  6
 46  1 38  5  2  9 21 59 51 55 46 40 17 61  0  6  5  1  1 14 39 10 30 44
 30 38 48 15 36 52 12 32 36 11 26  7 17 25  5 43]",False,False,0.0,0.0,"[np.int64(8), np.int64(14), np.int64(20), np.int64(49), np.int64(56), np.int64(60), np.int64(22), np.int64(14), np.int64(26), np.int64(25), np.int64(4), np.int64(3), np.int64(41), np.int64(14), np.int64(21), np.int64(16), np.int64(41), np.int64(29), np.int64(39), np.int64(35), np.int64(6), np.int64(51), np.int64(35), np.int64(33), np.int64(2), np.int64(18), np.int64(22), np.int64(23), np.int64(4), np.int64(0), np.int64(10), np.int64(43), np.int64(40), np.int64(53), np.int64(36), np.int64(35), np.int64(13), np.int64(31), np.int64(53), np.int64(21), np.int64(24), np.int64(63), np.int64(50), np.int64(44), np.int64(28), np.int64(21), np.int64(51), np.int64(54), np.int64(58), np.int64(43), np.int64(63), np.int64(36), np.int64(54), np.int64(29), np.int64(11), np.int64(0), np.int64(38), np.int64(8), np.int64(0), np.int64(17), np.int64(34), np.int64(22), np.int64(46), np.int64(49)]","[np.int64(18), np.int64(24), np.int64(7), np.int64(58), np.int64(35), np.int64(52), np.int64(49), np.int64(12), np.int64(49), np.int64(63), np.int64(18), np.int64(63), np.int64(63), np.int64(60), np.int64(23), np.int64(7), np.int64(13), np.int64(14), np.int64(36), np.int64(33), np.int64(38), np.int64(11), np.int64(58), np.int64(45), np.int64(15), np.int64(21), np.int64(15), np.int64(27), np.int64(11), np.int64(31), np.int64(48), np.int64(25), np.int64(62), np.int64(10), np.int64(42), np.int64(23), np.int64(11), np.int64(51), np.int64(31), np.int64(5), np.int64(48), np.int64(61), np.int64(34), np.int64(55), np.int64(56), np.int64(20), np.int64(25), np.int64(12), np.int64(24), np.int64(5), np.int64(14), np.int64(43), np.int64(28), np.int64(37), np.int64(45), np.int64(4), np.int64(20), np.int64(53), np.int64(12), np.int64(26), np.int64(5), np.int64(63), np.int64(44), np.int64(21)]",False,False,0.0,0.0,"[ 0.  9. 27. 26. 42. 10. 39. 43. 40. 33.  3. 60.  2. 55.  7. 47. 57. 41.
 24.  8. 35.  4. 12.  6. 56. 13. 38. 51. 36. 48. 19. 30. 22. 45. 28. 63.
 18. 11. 50. 52. 14. 23. 59. 54. 44. 31. 20. 37.  1. 17. 34. 25. 21.  5.
 61.  0. 58. 49. 44. 32. 46. 53. 29. 62.]","[ 0. 48.  7. 59. 28. 58. 54. 27. 25. 52. 38. 23. 37. 20.  8. 61. 42. 15.
 27. 49.  1. 20.  3. 51. 30. 13. 45. 50. 57. 34. 32. 60. 36. 55. 46. 41.
 17. 29. 21. 14. 44.  9. 56. 22.  4. 16. 33. 63.  2.  5. 19. 12. 39. 52.
 24. 53. 18. 11. 26. 35. 40.  0. 47. 43.]",False,False,0.0,0.015625,"[ 0. 49. 62. 14.  8.  8. 30.  9.  5. 52. 12. 40. 28.  7. 22. 38. 53. 22.
  9. 18.  7. 12. 41. 56. 40. 10. 53. 48. 50. 54. 32. 52. 40. 43. 26.  6.
  8. 11.  5. 14. 41. 11.  2. 29. 35. 44. 39. 28. 50. 31. 42.  3. 55. 43.
  4. 48. 19. 46. 25. 47. 55. 17. 50. 35.]","[ 0. 13.  8. 53. 54. 41. 47. 40. 25. 32.  7. 51. 57. 14. 47. 48. 32. 15.
  7. 16. 13. 18. 60. 42. 56.  6. 38. 36. 63. 54. 20. 30.  4. 42. 46. 59.
 63. 32. 52.  2.  7. 11. 23. 53.  4. 39. 43. 28. 44. 18. 45. 42. 34. 56.
 22.  1. 47. 11. 63.  7. 18. 41. 47. 43.]",False,False,0.0,0.0,1.0,0.0,0.0,1.0,0.0,0.0,1.0,0.0,0.0,1.0,0.0,0.0
[0 0 1 ... 0 0 0],"[ 0 43 33 52 53 57 52 57 57 57 58 52 56 60 55 52 58 61 63  3 62  6 62  2
  3 61 63  6  2 15  3  6  3 23  3 23  3  3  3  2  2  2 53  3  3 40 25 52
  2  3  2 52  3  3 41  2  3 52  3  3  3  9  2  6]","[ 0 32 12 18  1 29  3 14 27  2 25 18  0 40  4 21 43 19  3 35 48  1  0 10
 30 23 34 15  6 57 21  4 59  8  5 29 11 14  7 12  5 23  3 15 21 11 10 51
 13  2 32  5  9 32 34 63 19 38 13  1 25  4 22 46]",False,False,0.0,0.0,"[np.int64(8), np.int64(29), np.int64(13), np.int64(34), np.int64(22), np.int64(10), np.int64(8), np.int64(17), np.int64(9), np.int64(36), np.int64(62), np.int64(5), np.int64(26), np.int64(56), np.int64(36), np.int64(45), np.int64(62), np.int64(12), np.int64(20), np.int64(30), np.int64(1), np.int64(25), np.int64(30), np.int64(11), np.int64(22), np.int64(47), np.int64(36), np.int64(61), np.int64(37), np.int64(6), np.int64(39), np.int64(36), np.int64(6), np.int64(29), np.int64(35), np.int64(6), np.int64(47), np.int64(5), np.int64(8), np.int64(54), np.int64(2), np.int64(16), np.int64(36), np.int64(61), np.int64(0), np.int64(53), np.int64(42), np.int64(44), np.int64(49), np.int64(11), np.int64(15), np.int64(22), np.int64(1), np.int64(11), np.int64(4), np.int64(29), np.int64(54), np.int64(38), np.int64(3), np.int64(49), np.int64(23), np.int64(52), np.int64(57), np.int64(3)]","[np.int64(0), np.int64(45), np.int64(17), np.int64(59), np.int64(4), np.int64(50), np.int64(55), np.int64(38), np.int64(12), np.int64(7), np.int64(9), np.int64(61), np.int64(35), np.int64(19), np.int64(16), np.int64(3), np.int64(44), np.int64(63), np.int64(33), np.int64(40), np.int64(51), np.int64(30), np.int64(16), np.int64(37), np.int64(21), np.int64(10), np.int64(19), np.int64(58), np.int64(11), np.int64(46), np.int64(2), np.int64(31), np.int64(57), np.int64(9), np.int64(10), np.int64(2), np.int64(7), np.int64(45), np.int64(3), np.int64(40), np.int64(46), np.int64(3), np.int64(11), np.int64(49), np.int64(40), np.int64(15), np.int64(2), np.int64(18), np.int64(63), np.int64(24), np.int64(57), np.int64(6), np.int64(18), np.int64(20), np.int64(0), np.int64(40), np.int64(11), np.int64(21), np.int64(57), np.int64(40), np.int64(18), np.int64(22), np.int64(39), np.int64(22)]",False,False,0.0,0.0,"[ 0. 62. 47. 43. 33. 27. 41. 57. 32. 28. 52. 25. 45. 44.  5. 21. 37. 10.
  3. 19.  7. 14. 29. 18.  9. 26.  1. 58. 49. 12. 50. 20. 34. 51. 34. 36.
 19. 31.  0.  4. 54. 55. 15.  8. 46. 56. 16. 60. 53. 13. 42. 61. 30. 63.
 35. 39.  2. 17. 23. 40. 59. 38. 24.  6.]","[ 0. 14. 15. 38. 25.  8. 45. 29. 27.  6. 55. 28. 57. 62. 40.  7. 18. 44.
 39. 53. 32. 54. 41. 43. 19. 47. 11. 36. 59. 34.  3. 58. 12. 41. 24.  1.
 21.  9. 22. 56. 31. 37. 20. 60. 50. 61. 10. 35. 13. 33.  0. 49. 16. 48.
  5. 63. 30. 51. 17. 46.  4. 42. 36. 52.]",False,False,0.0,0.015625,"[ 0. 10. 54. 13. 55. 16. 15. 29. 22.  3. 45. 58. 35. 62. 39.  8. 17. 38.
  3. 22. 27. 63. 41.  4. 61. 56. 43. 17. 49. 49. 57.  6. 50. 37. 48.  7.
 25. 17. 12. 35. 51. 45. 60. 55. 49.  8. 42. 46. 11. 25. 55. 56. 27. 60.
 35. 36. 29. 40. 22. 50. 25. 28. 40. 18.]","[ 0. 50. 15. 18. 21. 29. 37. 60. 27.  1. 22. 29. 31. 35.  4.  7. 56. 24.
 14. 37. 19. 51. 26.  7. 44. 26.  0. 15.  6. 10. 45. 36.  3. 35. 41.  1.
 46. 22. 22. 58. 31. 13. 35.  8. 33.  5. 11. 51. 43. 23. 45. 53. 47. 27.
  5. 24.  2. 62. 26. 40. 25.  4. 20. 51.]",False,False,0.0,0.0,1.0,0.0,0.0,1.0,0.0,0.0,1.0,0.0,0.0,1.0,0.0,0.0
[0 0 0 ... 0 1 0],"[ 0 37 43 29 54 46 45 52 57 57 63 59 55 62 59 62 62 61 61  3 63 59 62 63
 63 62  6 63  7 63 21 23 23 12 39 27 27  3 21 21 27 54 24 35 23 23 28 54
 12 46 39 39 54 45  3 29  3 55 55 27  3 12 12 12]","[ 0  6 15 11  8 56 37  1 48 61  9 49 63 62 44 40 39 28 24  6  5 32 11  1
  3  9  4 18 10  2 51  3  4  3 42 12  8 42 12  4  2 16  5  0 10 10 28 13
 21 20 25 48 11  7  2 15 19 17 43 15  1 56 36 14]",False,False,0.0,0.0,"[np.int64(41), np.int64(29), np.int64(12), np.int64(17), np.int64(17), np.int64(2), np.int64(10), np.int64(25), np.int64(47), np.int64(60), np.int64(56), np.int64(37), np.int64(1), np.int64(12), np.int64(48), np.int64(24), np.int64(62), np.int64(35), np.int64(25), np.int64(31), np.int64(1), np.int64(19), np.int64(29), np.int64(4), np.int64(53), np.int64(54), np.int64(17), np.int64(15), np.int64(5), np.int64(43), np.int64(57), np.int64(8), np.int64(29), np.int64(34), np.int64(49), np.int64(1), np.int64(31), np.int64(20), np.int64(50), np.int64(49), np.int64(1), np.int64(20), np.int64(18), np.int64(9), np.int64(5), np.int64(15), np.int64(21), np.int64(16), np.int64(43), np.int64(15), np.int64(27), np.int64(61), np.int64(44), np.int64(22), np.int64(42), np.int64(39), np.int64(29), np.int64(0), np.int64(46), np.int64(63), np.int64(11), np.int64(54), np.int64(58), np.int64(16)]","[np.int64(38), np.int64(52), np.int64(49), np.int64(54), np.int64(20), np.int64(46), np.int64(27), np.int64(20), np.int64(46), np.int64(37), np.int64(9), np.int64(26), np.int64(53), np.int64(28), np.int64(45), np.int64(60), np.int64(50), np.int64(2), np.int64(63), np.int64(27), np.int64(1), np.int64(18), np.int64(14), np.int64(42), np.int64(22), np.int64(27), np.int64(62), np.int64(13), np.int64(33), np.int64(39), np.int64(14), np.int64(34), np.int64(29), np.int64(18), np.int64(60), np.int64(32), np.int64(37), np.int64(24), np.int64(62), np.int64(45), np.int64(46), np.int64(42), np.int64(1), np.int64(34), np.int64(52), np.int64(3), np.int64(51), np.int64(43), np.int64(62), np.int64(25), np.int64(53), np.int64(14), np.int64(51), np.int64(50), np.int64(13), np.int64(58), np.int64(29), np.int64(33), np.int64(8), np.int64(40), np.int64(5), np.int64(11), np.int64(18), np.int64(38)]",False,False,0.0,0.0,"[ 0. 54. 25. 20.  5. 57. 42. 30. 14. 41. 27.  3. 58. 36. 13. 46. 39.  7.
 60.  6. 24. 37. 17. 32. 40. 19. 52. 15. 11. 44. 62. 12.  9. 59. 22.  8.
 18. 35.  4. 61. 26. 31. 43.  1. 55. 34. 28. 50. 63. 47. 48. 33.  0. 53.
 49. 53. 38. 16. 58. 21. 10. 29. 56. 23.]","[ 0. 42. 49. 51.  8. 55. 37. 62. 14. 30. 15.  3. 63. 38. 21. 40.  1. 11.
 24.  6. 44. 18. 43. 10. 30.  9.  2. 32. 47. 27. 19. 29. 56. 17. 39. 12.
 48. 34. 22. 52.  5. 33. 57. 59. 35. 40. 28. 61. 16. 20. 26. 23. 48. 13.
 50. 53. 41. 45. 36. 58. 31. 60. 25. 46.]",False,False,0.0,0.015625,"[ 0. 27. 29. 30. 45. 13. 28.  1. 44. 55. 40.  3. 18. 43. 16. 40. 28. 15.
  4. 39. 46. 59. 32. 56. 54. 62. 32. 58. 23. 11. 44. 27.  9.  2. 19. 47.
 32. 29. 17. 59.  6. 38. 43. 17. 31. 40.  8. 12. 33. 57. 10. 56. 47. 44.
 60. 48. 62.  6.  4. 50.  5. 41. 30. 45.]","[ 0. 43. 20.  2. 50. 46. 50. 20. 48. 62. 62. 49. 42. 62.  0. 54. 61. 60.
 28. 21. 34. 45. 10.  9. 39. 15. 44. 44. 18. 46. 36. 27.  8.  3. 58. 47.
 55. 38. 60.  4. 44. 60. 23.  0. 38. 62. 36. 20. 52. 35. 27. 33. 17. 61.
 30. 53. 36. 62. 40. 20. 23. 29. 36. 36.]",False,False,0.0,0.0,1.0,0.0,0.0,1.0,0.0,0.0,1.0,0.0,0.0,1.0,0.0,0.0
[1 1 0 ... 1 1 0],"[ 0 58 43 51 39 36 58 47 58 55 62 55 58 57 61 61 59 59 63 62 61 62 62  7
 11 11 61  6 12 23 12  7 24 27 23 27 31  6 32 27 23  6 46 31 34 24 27 27
 27 27 31 24 32 36  7 27 32 27  5 27 33 27 27 27]","[ 0 33  3  5 36 62  9 18 10 22  4 18 23 12 21 16  5  6 30 53 58 33 16 35
 32 54  2  7  4 39 38 34  0  3  0 48  8 22 17  2 59 56  0  2 12  7 10  1
 19 39  1 33 29 54 34 25 13  9 25 10 49 29 41 23]",False,False,0.0,0.0,"[np.int64(63), np.int64(46), np.int64(46), np.int64(16), np.int64(61), np.int64(42), np.int64(9), np.int64(36), np.int64(46), np.int64(16), np.int64(19), np.int64(51), np.int64(26), np.int64(30), np.int64(35), np.int64(58), np.int64(34), np.int64(10), np.int64(61), np.int64(42), np.int64(59), np.int64(12), np.int64(49), np.int64(30), np.int64(0), np.int64(8), np.int64(60), np.int64(59), np.int64(0), np.int64(22), np.int64(45), np.int64(26), np.int64(50), np.int64(36), np.int64(32), np.int64(2), np.int64(63), np.int64(20), np.int64(10), np.int64(12), np.int64(42), np.int64(42), np.int64(25), np.int64(3), np.int64(43), np.int64(1), np.int64(24), np.int64(16), np.int64(49), np.int64(4), np.int64(50), np.int64(8), np.int64(48), np.int64(28), np.int64(55), np.int64(53), np.int64(25), np.int64(30), np.int64(30), np.int64(33), np.int64(32), np.int64(51), np.int64(63), np.int64(12)]","[np.int64(48), np.int64(3), np.int64(48), np.int64(14), np.int64(16), np.int64(20), np.int64(59), np.int64(17), np.int64(51), np.int64(11), np.int64(36), np.int64(60), np.int64(55), np.int64(61), np.int64(50), np.int64(34), np.int64(33), np.int64(39), np.int64(58), np.int64(10), np.int64(17), np.int64(51), np.int64(49), np.int64(56), np.int64(61), np.int64(30), np.int64(60), np.int64(33), np.int64(48), np.int64(10), np.int64(18), np.int64(11), np.int64(54), np.int64(59), np.int64(41), np.int64(40), np.int64(58), np.int64(2), np.int64(51), np.int64(24), np.int64(10), np.int64(18), np.int64(25), np.int64(8), np.int64(27), np.int64(7), np.int64(59), np.int64(56), np.int64(20), np.int64(49), np.int64(43), np.int64(17), np.int64(14), np.int64(24), np.int64(36), np.int64(37), np.int64(52), np.int64(36), np.int64(8), np.int64(25), np.int64(24), np.int64(0), np.int64(5), np.int64(55)]",False,False,0.0,0.0,"[ 0. 15. 31. 34. 10. 38. 26. 47. 52. 50.  9. 18.  2.  1. 23.  4.  0. 35.
 25. 24. 22. 14. 33. 46.  8. 13. 16. 32. 53. 36.  5.  3. 30. 41. 59. 37.
 55. 60. 20. 62. 48. 56.  6. 12. 45. 17. 27. 42. 58.  7. 63. 11. 61. 43.
 19. 28. 51. 40. 58. 44. 54. 39. 49. 57.]","[ 0. 33.  3. 26. 14. 43. 60. 20. 19. 15. 13. 55. 36. 18. 48. 24. 48.  7.
 57. 44.  8. 54.  4. 50. 17. 23. 12.  9. 49. 39. 61. 34. 52.  0.  5. 51.
 30. 38. 55. 58. 59. 56. 28. 45. 53. 48. 10.  1. 35. 32. 11. 37.  6. 47.
 30. 63. 27. 21. 25. 31. 46. 29. 28. 22.]",False,False,0.0,0.015625,"[ 0. 55. 45. 19. 34. 34.  5.  4. 60. 32. 44. 20. 30. 11. 31. 34.  7. 31.
 37. 63. 57. 32. 27.  5. 33. 20. 16.  7. 32.  3. 46. 30.  8. 62. 39. 46.
 31. 44. 14. 21. 37.  7. 39.  3. 62. 63. 34. 61. 14. 12.  1. 19.  6. 28.
 30. 42. 33. 51. 31. 42. 41. 55. 25. 59.]","[ 0. 61. 33. 47. 30.  4. 53.  4. 52. 51. 24. 40. 36.  1. 39. 13. 31. 18.
 19. 44.  7. 34. 32. 42.  9. 26. 36.  9.  4. 27. 38. 23. 52.  7. 41. 48.
  8. 53. 36. 61. 63. 56. 59.  2. 22. 17. 45. 60.  0. 14. 35. 12. 50. 40.
 34. 31. 13.  9. 50. 30. 49. 49.  1. 61.]",False,False,0.0,0.0,1.0,0.0,0.0,1.0,0.0,0.0,1.0,0.0,0.0,1.0,0.0,0.0
[0 0 1 ... 0 0 1],"[ 0 35 35 63 53 42 54 55 53 63 62 60 58 63 61 59 63 62  2 62  5 61  2  5
  2  2 60  2 26  2  2 18 26 17 20  2  2 26 30 27  2  2 26 35  2 29  2 26
 26 30  2 33 42  2  2  2 35 35 31  2  2  2 26  2]","[ 0 41  1  9  7 38 32 15 22 16  5 23 13 11 40 49  2 14 17  6  9 33 33  8
 11 60 45  3 20 30 48 15 30 18  7  4 38 43 32  3 60 55  7  4 14 28  8 21
 61 35  5  0  0  0  2 63 52  2 14  5 50  6  1  9]",False,False,0.0,0.0,"[np.int64(46), np.int64(32), np.int64(59), np.int64(47), np.int64(36), np.int64(34), np.int64(19), np.int64(38), np.int64(11), np.int64(16), np.int64(33), np.int64(4), np.int64(24), np.int64(2), np.int64(10), np.int64(0), np.int64(31), np.int64(42), np.int64(57), np.int64(60), np.int64(40), np.int64(6), np.int64(38), np.int64(25), np.int64(19), np.int64(47), np.int64(3), np.int64(13), np.int64(20), np.int64(2), np.int64(10), np.int64(7), np.int64(45), np.int64(46), np.int64(37), np.int64(43), np.int64(62), np.int64(15), np.int64(34), np.int64(42), np.int64(27), np.int64(17), np.int64(54), np.int64(2), np.int64(29), np.int64(30), np.int64(28), np.int64(24), np.int64(26), np.int64(36), np.int64(36), np.int64(38), np.int64(61), np.int64(13), np.int64(12), np.int64(25), np.int64(47), np.int64(33), np.int64(48), np.int64(52), np.int64(55), np.int64(23), np.int64(37), np.int64(47)]","[np.int64(26), np.int64(5), np.int64(48), np.int64(6), np.int64(20), np.int64(33), np.int64(13), np.int64(27), np.int64(62), np.int64(31), np.int64(32), np.int64(43), np.int64(23), np.int64(4), np.int64(52), np.int64(12), np.int64(42), np.int64(35), np.int64(7), np.int64(59), np.int64(62), np.int64(0), np.int64(30), np.int64(0), np.int64(19), np.int64(56), np.int64(48), np.int64(4), np.int64(61), np.int64(62), np.int64(17), np.int64(28), np.int64(24), np.int64(53), np.int64(47), np.int64(35), np.int64(18), np.int64(30), np.int64(21), np.int64(31), np.int64(31), np.int64(5), np.int64(12), np.int64(0), np.int64(19), np.int64(3), np.int64(19), np.int64(23), np.int64(29), np.int64(20), np.int64(36), np.int64(46), np.int64(0), np.int64(32), np.int64(16), np.int64(40), np.int64(22), np.int64(39), np.int64(1), np.int64(25), np.int64(19), np.int64(9), np.int64(63), np.int64(38)]",False,False,0.0,0.0,"[ 0. 56.  1. 11. 10.  7. 54. 46. 53. 42. 21. 37. 12.  5. 30. 16. 36. 28.
 27.  6. 15. 50. 59. 19. 45. 34. 25.  9. 28. 47. 43. 12. 55. 35. 22. 13.
  4. 37. 44. 32. 26. 38. 39. 61. 48. 31. 60.  8. 51.  0.  2. 33. 57. 63.
 49. 24. 52. 40. 62. 17. 23.  3. 20. 41.]","[ 0. 56. 58.  9. 53. 59. 32. 15. 22. 28.  5. 35. 45. 12. 25.  0. 63. 21.
 41. 44. 29. 52. 55. 38. 11. 18.  3. 46.  8. 43. 42. 37. 20. 39. 27. 17.
 31. 34. 10. 60. 36. 57. 62.  4. 33. 61.  1. 40. 14. 60. 13. 23. 48. 19.
 47. 51. 30.  2. 54. 58. 24. 26.  6. 50.]",False,False,0.0,0.015625,"[ 0. 53. 26. 56. 24.  8.  4. 20. 48.  3. 34. 39. 51. 35. 51.  2. 29. 33.
  6. 44. 33.  6. 38. 57. 46. 32. 11. 21. 55. 28. 40. 15. 41. 42. 27. 15.
 51. 52. 61. 30. 36. 44.  6. 57. 48. 22. 22.  5. 22. 58. 27. 21. 47. 11.
 37.  5. 59. 13. 53. 29. 63. 49. 30. 20.]","[ 0. 41. 29. 44. 31. 51. 41. 11. 44. 35. 50. 39. 57. 10. 42. 56. 26. 14.
 41. 14. 30. 33. 33. 27. 48. 18. 45. 46.  7. 46. 48. 30.  3. 31. 51. 40.
 38. 55. 10.  3. 21. 55. 62. 42. 28. 48. 27. 26. 38.  5. 47. 37. 23. 54.
 16. 28. 52.  2. 53. 16. 16. 25. 30. 62.]",False,False,0.0,0.0,1.0,0.0,0.0,1.0,0.0,0.0,1.0,0.0,0.0,1.0,0.0,0.0
[0 1 1 ... 1 0 1],"[ 0 24 57 34 58 51 55 63 58 63 49 59 63 59 61 59 59 58 63 58 63 61  2  2
 61 63 15 15  2 63 19  2 24 15 21 24 18 24 44 19 24 27 35 28 29 29 40 29
 29 29 35  1  2  1 27  1 29 17 29 29 29 24 44 29]","[ 0 42 20 13 32 21 15  1  9  2 45  3  6  5  2 10 60 18 22 33  4 36 55 31
 30 13  4 18 24 27 56 50 46 50 48  3  5  1 11 19  5 11  5  3 38 54 48  7
  5 12 28  0  9 12 59 13 21  1  0 58 37  4 40 14]",False,False,0.0,0.0,"[np.int64(35), np.int64(8), np.int64(2), np.int64(25), np.int64(53), np.int64(18), np.int64(15), np.int64(62), np.int64(63), np.int64(51), np.int64(23), np.int64(16), np.int64(41), np.int64(51), np.int64(54), np.int64(39), np.int64(57), np.int64(31), np.int64(42), np.int64(34), np.int64(8), np.int64(42), np.int64(40), np.int64(10), np.int64(16), np.int64(19), np.int64(38), np.int64(31), np.int64(20), np.int64(17), np.int64(44), np.int64(24), np.int64(13), np.int64(8), np.int64(33), np.int64(46), np.int64(38), np.int64(5), np.int64(5), np.int64(62), np.int64(5), np.int64(7), np.int64(39), np.int64(56), np.int64(57), np.int64(58), np.int64(63), np.int64(56), np.int64(63), np.int64(19), np.int64(60), np.int64(41), np.int64(27), np.int64(63), np.int64(43), np.int64(28), np.int64(23), np.int64(37), np.int64(26), np.int64(3), np.int64(22), np.int64(31), np.int64(0), np.int64(33)]","[np.int64(11), np.int64(16), np.int64(42), np.int64(31), np.int64(51), np.int64(33), np.int64(60), np.int64(6), np.int64(4), np.int64(28), np.int64(41), np.int64(37), np.int64(45), np.int64(14), np.int64(17), np.int64(6), np.int64(8), np.int64(59), np.int64(25), np.int64(27), np.int64(58), np.int64(47), np.int64(63), np.int64(63), np.int64(0), np.int64(61), np.int64(27), np.int64(44), np.int64(21), np.int64(36), np.int64(2), np.int64(46), np.int64(24), np.int64(45), np.int64(36), np.int64(2), np.int64(10), np.int64(54), np.int64(45), np.int64(19), np.int64(11), np.int64(58), np.int64(29), np.int64(21), np.int64(57), np.int64(61), np.int64(16), np.int64(23), np.int64(49), np.int64(57), np.int64(27), np.int64(14), np.int64(1), np.int64(41), np.int64(6), np.int64(50), np.int64(5), np.int64(55), np.int64(10), np.int64(53), np.int64(7), np.int64(59), np.int64(14), np.int64(14)]",False,False,0.0,0.0,"[ 0. 52. 34. 28. 51. 22.  7. 53.  1. 33. 63. 35. 43. 20. 18.  4. 38. 27.
 45. 39. 56.  6. 15. 44. 19. 50. 55.  2. 41.  3. 42.  9. 31.  8. 34. 16.
 26. 36. 58. 54. 25. 40. 49. 47. 10. 24. 14. 11. 29. 49. 37. 62.  5. 23.
 59. 61. 46. 13. 17. 30. 48. 12. 21.  0.]","[ 0. 30. 52. 13. 31. 21. 15. 56. 11. 24. 53. 37. 39. 22. 63. 23. 38. 19.
 17. 33. 43.  4. 35. 18. 29. 36. 12. 51. 36. 27. 34. 50. 44.  9. 47. 32.
 61.  2. 40. 54. 62. 14.  8. 41. 10.  3. 49. 59. 28. 21. 60. 26.  5.  1.
 48.  6. 58. 46.  0. 20. 25. 57. 45. 16.]",False,False,0.0,0.015625,"[ 0. 61. 61.  9. 40. 60.  3.  5. 46. 30. 28. 15. 21. 28.  5. 37. 23. 58.
 11. 53. 12. 42.  2. 26. 33. 50.  3. 43. 16. 11. 46. 17. 34. 35. 15. 27.
 26. 29. 22. 16. 57. 57. 10. 24. 52. 52. 62. 29. 28. 45.  4. 56.  7. 57.
  7. 33. 14. 61. 43. 55. 51. 12. 42. 24.]","[ 0.  4.  4. 13. 44. 21. 23. 45. 33. 35. 63. 46. 21. 20. 31. 10. 60.  6.
 27. 23. 29. 36. 35. 18. 48. 27.  4. 26. 45. 51. 56. 17. 37.  9.  1. 37.
 30.  1. 11. 15. 10. 31. 29. 23. 32. 35. 35. 31. 55. 12. 34. 47. 41.  4.
 59. 37. 25. 11.  1.  9. 37. 56.  6. 21.]",False,False,0.0,0.0,1.0,0.0,0.0,1.0,0.0,0.0,1.0,0.0,0.0,1.0,0.0,0.0
[1 0 0 ... 0 1 1],"[ 0 29 43 45 38 38 56 52 50 63 52 56 58 58 56 63 62 63 62 63  4  4 62 19
 10  9  4 13  4  9 19  2  4  4 10  4  5 10  9 30  4  9  4 30 49  4  4 10
  4  4  4  4  5 45  4 31 30  4  4  4  9  5 19  5]","[ 0  6 30 40 44 30  7 28 16 11  4 16 22  9  6  5  5  5  8 23  1  2 15  8
  2 35 41 10  3  0 38 27  3  7 38 21 49 33 20  0 59 51  6 46 17  9  5 30
 26 32  2  8 35  2 53 28  1  4  4  0 33  8  9 41]",False,False,0.0,0.0,"[np.int64(54), np.int64(24), np.int64(20), np.int64(4), np.int64(9), np.int64(60), np.int64(22), np.int64(54), np.int64(38), np.int64(30), np.int64(58), np.int64(60), np.int64(4), np.int64(21), np.int64(9), np.int64(20), np.int64(56), np.int64(35), np.int64(61), np.int64(59), np.int64(5), np.int64(30), np.int64(58), np.int64(61), np.int64(59), np.int64(53), np.int64(35), np.int64(13), np.int64(38), np.int64(43), np.int64(7), np.int64(63), np.int64(6), np.int64(44), np.int64(26), np.int64(20), np.int64(4), np.int64(19), np.int64(5), np.int64(17), np.int64(8), np.int64(5), np.int64(41), np.int64(63), np.int64(4), np.int64(24), np.int64(51), np.int64(45), np.int64(36), np.int64(13), np.int64(42), np.int64(6), np.int64(28), np.int64(33), np.int64(18), np.int64(28), np.int64(11), np.int64(32), np.int64(42), np.int64(6), np.int64(19), np.int64(17), np.int64(18), np.int64(15)]","[np.int64(16), np.int64(57), np.int64(8), np.int64(23), np.int64(54), np.int64(30), np.int64(43), np.int64(36), np.int64(10), np.int64(43), np.int64(17), np.int64(42), np.int64(40), np.int64(19), np.int64(8), np.int64(20), np.int64(12), np.int64(2), np.int64(54), np.int64(43), np.int64(17), np.int64(33), np.int64(58), np.int64(17), np.int64(57), np.int64(43), np.int64(54), np.int64(25), np.int64(20), np.int64(27), np.int64(59), np.int64(7), np.int64(35), np.int64(46), np.int64(33), np.int64(0), np.int64(49), np.int64(54), np.int64(44), np.int64(32), np.int64(33), np.int64(3), np.int64(17), np.int64(8), np.int64(24), np.int64(35), np.int64(18), np.int64(51), np.int64(10), np.int64(25), np.int64(10), np.int64(55), np.int64(55), np.int64(38), np.int64(30), np.int64(3), np.int64(46), np.int64(48), np.int64(23), np.int64(9), np.int64(29), np.int64(10), np.int64(40), np.int64(61)]",False,False,0.0,0.0,"[ 0. 55. 60.  0. 30. 28. 62. 51. 42. 44. 24. 16. 26. 31. 17. 63. 25. 29.
 53.  6. 46.  1. 23. 12. 21. 43.  8. 10. 52. 54.  3. 58. 14. 41. 38. 13.
 61. 15. 49. 56.  5. 22. 37. 32. 35. 34. 47. 39. 48.  9. 18.  4. 20. 59.
  7. 33. 11. 27. 50. 19. 45. 40. 57. 48.]","[ 0. 18. 15. 54. 13.  1. 42. 60. 16. 58.  4. 57. 11. 28. 10. 12.  5. 34.
 29.  0. 52.  6. 36. 55.  2. 40. 32. 63. 41. 39. 22. 19.  3. 49. 61. 27.
  7. 33. 35. 63. 23. 43. 10. 17. 20.  9. 21. 25. 50. 56. 24.  8. 26. 27.
 62. 44. 14. 41. 47. 38. 53. 45. 31. 51.]",False,False,0.0,0.015625,"[ 0. 49.  7. 60. 47. 18. 27.  0. 10. 10. 14. 37.  3. 43. 36.  1. 62. 50.
 29. 36. 11. 37. 12. 57.  3. 30. 63. 42.  0. 42.  2. 36. 17. 34. 17. 56.
 60.  8. 55. 56. 24. 62.  0. 12. 25. 10.  8. 40. 47. 48. 23. 27. 13. 24.
  9. 44. 62. 17.  3. 54.  9. 45. 50.  5.]","[ 0. 54. 53. 50. 30. 56. 44. 60. 55. 11.  4. 57. 22. 62. 40. 46.  5. 11.
 23. 45. 18. 20. 12. 38. 49. 40. 32. 54. 24. 39. 48. 46. 59. 45. 57. 32.
  2.  4. 13. 29.  8. 36. 15. 17. 43. 18. 24. 38. 50.  2. 31. 27. 35. 19.
 29. 56. 54.  0. 28. 57. 25. 33.  2. 10.]",False,False,0.0,0.0,1.0,0.0,0.0,1.0,0.0,0.0,1.0,0.0,0.0,1.0,0.0,0.0
[0 1 0 ... 0 1 0],"[ 0 28 45 31 56 60 53 62 60 54 49 60 63 60 62 62 60  3 59 62 61 59 62 61
 62 62 14 62 14  6  3 14  6 24 27 24 25  3 25 24  6 35  3 39 31  3 31 31
 19  3  3 26 39  3 31 19 31  3 31 31  3  3  3  3]","[ 0 10  1  2 47 51 39 53 22 60  0 27 32 19 48 37 33 13 14  0 61 38 13  5
 12 13  7 30  1 26 10 51 46  3 13 58 20  7 24 24  4 22  1 22  1 24 10  2
  4 56  1 58 60  5 48 16 34 11 32 23  8 43 41 52]",False,False,0.0,0.0,"[np.int64(15), np.int64(26), np.int64(54), np.int64(41), np.int64(16), np.int64(43), np.int64(44), np.int64(50), np.int64(39), np.int64(38), np.int64(12), np.int64(1), np.int64(58), np.int64(18), np.int64(29), np.int64(55), np.int64(30), np.int64(45), np.int64(42), np.int64(11), np.int64(46), np.int64(43), np.int64(15), np.int64(42), np.int64(53), np.int64(37), np.int64(22), np.int64(53), np.int64(57), np.int64(36), np.int64(1), np.int64(10), np.int64(40), np.int64(52), np.int64(50), np.int64(57), np.int64(35), np.int64(9), np.int64(17), np.int64(23), np.int64(22), np.int64(4), np.int64(22), np.int64(44), np.int64(32), np.int64(36), np.int64(50), np.int64(16), np.int64(50), np.int64(10), np.int64(12), np.int64(25), np.int64(52), np.int64(33), np.int64(63), np.int64(48), np.int64(58), np.int64(0), np.int64(61), np.int64(40), np.int64(53), np.int64(36), np.int64(1), np.int64(47)]","[np.int64(7), np.int64(47), np.int64(4), np.int64(18), np.int64(7), np.int64(44), np.int64(22), np.int64(59), np.int64(7), np.int64(27), np.int64(32), np.int64(58), np.int64(20), np.int64(21), np.int64(19), np.int64(43), np.int64(46), np.int64(2), np.int64(57), np.int64(44), np.int64(1), np.int64(24), np.int64(2), np.int64(15), np.int64(43), np.int64(44), np.int64(13), np.int64(59), np.int64(12), np.int64(19), np.int64(28), np.int64(17), np.int64(62), np.int64(12), np.int64(21), np.int64(26), np.int64(16), np.int64(42), np.int64(6), np.int64(8), np.int64(16), np.int64(38), np.int64(29), np.int64(52), np.int64(28), np.int64(38), np.int64(13), np.int64(14), np.int64(32), np.int64(16), np.int64(16), np.int64(29), np.int64(47), np.int64(53), np.int64(46), np.int64(45), np.int64(44), np.int64(53), np.int64(47), np.int64(15), np.int64(28), np.int64(56), np.int64(59), np.int64(48)]",False,False,0.0,0.0,"[ 0. 63. 11. 33. 58. 28. 46. 29.  1. 19. 55. 22. 24. 16. 23. 62. 20. 12.
 32. 10. 20.  8. 59. 48. 37. 43. 27. 56.  4. 31. 44.  2.  6. 40. 15. 39.
 45.  7. 54. 34. 40. 60. 21. 17. 44.  0.  3. 36. 25. 42. 51. 51. 26. 52.
  9. 53. 57. 49. 18. 47.  5. 30. 41. 35.]","[ 0. 28. 33. 32. 47. 16. 39. 11. 34. 61. 12. 38. 54. 17. 40. 62. 19. 31.
 29. 59. 58. 27. 44.  8. 26. 50. 42. 13. 25. 49. 36. 63.  6. 18. 46. 22.
 53.  3. 30. 55. 57.  5.  4. 51.  1. 24.  8.  0.  2. 52. 57. 23. 60. 21.
 43. 35. 37. 20. 15. 14. 10. 48. 41. 45.]",False,False,0.0,0.015625,"[ 0. 21. 20.  8. 19.  9. 53. 45. 60.  6. 44. 43. 58. 53. 57. 62. 47. 13.
  4.  2. 12.  9. 15.  0. 36. 52. 51. 59. 30. 63.  3.  9.  0. 63. 49. 24.
 62. 28. 54. 45. 56. 32. 36. 62.  3. 40.  5. 19. 58.  5. 35. 45. 32. 50.
 32. 53. 59.  2. 24. 16. 54.  1. 39. 55.]","[ 0. 17. 39. 35. 38. 51. 13.  9. 57.  7.  0. 35. 50. 46. 47. 37. 14. 29.
 62. 43. 61.  8. 13. 15. 62. 46. 12. 37. 21. 45. 57. 63.  9. 10. 27. 56.
 53. 50.  9. 55. 11.  0.  9. 51. 27. 54. 41. 32. 51. 48.  8. 49. 29.  5.
 48. 21. 37. 55. 24. 47. 33. 24. 35. 35.]",False,False,0.0,0.0,1.0,0.0,0.0,1.0,0.0,0.0,1.0,0.0,0.0,1.0,0.0,0.0
[1 1 0 ... 0 0 1],"[ 0 63 55 58 49 59 59 53 53 63 61 58 60 55 63 63 59 58 63 62 61 63 60  8
 11  7 60 63 15 12 11  6 10  6 28 22 28 28 28 31  6 28 28 26 27 19 43 43
 28 58 58 36 41 38 36 48 37 42 28 27 28 48 35  8]","[ 0 42  4 37 35  4 16 33 43 10  8  2 38 20 15  8 36  9 40 40  3 17 39 27
 17  3  0 12 13 23 29  0  5 18 20 32  4 17  5 12 59 30 22 20  0  0  7 23
  5  4  6  7 10 19  1 11 28  2 61 14  8 15 35 19]",False,False,0.0,0.0,"[np.int64(22), np.int64(3), np.int64(31), np.int64(6), np.int64(34), np.int64(24), np.int64(63), np.int64(50), np.int64(53), np.int64(24), np.int64(32), np.int64(49), np.int64(31), np.int64(25), np.int64(7), np.int64(57), np.int64(35), np.int64(56), np.int64(10), np.int64(57), np.int64(8), np.int64(11), np.int64(27), np.int64(22), np.int64(46), np.int64(13), np.int64(25), np.int64(54), np.int64(3), np.int64(23), np.int64(53), np.int64(36), np.int64(35), np.int64(10), np.int64(15), np.int64(42), np.int64(49), np.int64(16), np.int64(25), np.int64(56), np.int64(22), np.int64(23), np.int64(52), np.int64(16), np.int64(42), np.int64(55), np.int64(24), np.int64(35), np.int64(48), np.int64(43), np.int64(37), np.int64(51), np.int64(26), np.int64(42), np.int64(12), np.int64(6), np.int64(9), np.int64(22), np.int64(1), np.int64(10), np.int64(24), np.int64(53), np.int64(10), np.int64(45)]","[np.int64(43), np.int64(4), np.int64(14), np.int64(31), np.int64(25), np.int64(1), np.int64(3), np.int64(39), np.int64(23), np.int64(11), np.int64(1), np.int64(29), np.int64(48), np.int64(21), np.int64(20), np.int64(19), np.int64(18), np.int64(29), np.int64(18), np.int64(51), np.int64(27), np.int64(40), np.int64(25), np.int64(49), np.int64(8), np.int64(27), np.int64(24), np.int64(23), np.int64(23), np.int64(57), np.int64(4), np.int64(36), np.int64(46), np.int64(31), np.int64(25), np.int64(25), np.int64(47), np.int64(43), np.int64(16), np.int64(18), np.int64(18), np.int64(54), np.int64(6), np.int64(50), np.int64(0), np.int64(11), np.int64(55), np.int64(19), np.int64(20), np.int64(10), np.int64(23), np.int64(61), np.int64(43), np.int64(14), np.int64(17), np.int64(58), np.int64(50), np.int64(63), np.int64(30), np.int64(44), np.int64(57), np.int64(42), np.int64(58), np.int64(9)]",False,False,0.0,0.0,"[ 0. 59. 51.  7. 49. 42. 46. 33. 34. 63. 43. 50. 58. 22. 41. 55. 17.  9.
 29. 62. 10. 24. 44.  8.  2.  4. 54. 27. 36. 52. 25. 21. 35. 26. 57. 53.
 11.  6.  3. 37. 61. 16. 23. 14. 27. 31. 45.  5. 38. 13.  1. 30.  0. 12.
 19. 48. 32. 15. 47. 39. 56. 28. 18. 60.]","[ 0.  4. 22. 52. 28.  1. 36. 36. 10.  6. 16.  0. 38. 37. 43. 34. 50. 10.
  8. 54. 13. 14. 42. 44. 57. 24. 59. 49. 51. 27. 29. 41. 46. 25. 18. 32.
 35. 23.  5. 15. 20. 30. 55. 26.  3. 60. 45.  9. 11. 58. 12. 21. 61. 17.
 53. 31. 37. 19. 63. 56. 33. 48. 47. 62.]",False,False,0.0,0.015625,"[ 0. 17. 49. 20. 35. 59. 49. 16. 27. 34. 35. 50. 17. 55. 63. 14. 57. 26.
 22. 38. 48. 40. 44. 27. 23. 48. 31. 43. 55. 36. 25. 61. 21. 25. 28. 21.
 17.  9. 20. 36. 17. 44. 32. 27. 20. 11. 42. 32. 49. 34. 48. 27. 34. 46.
 53. 47. 54.  2. 33.  9. 25. 47. 26. 44.]","[ 0. 39. 50. 58. 28. 12. 39. 46. 43. 10. 35. 26. 55. 19. 31. 49. 50. 35.
 40. 61. 21. 59.  1.  3.  6.  1. 31.  3. 62. 44. 17. 21. 56. 56. 52. 63.
 63. 21. 21. 31. 48. 14. 54. 50.  0. 55. 59. 55. 11. 46. 54. 45.  6. 56.
 52. 11. 15. 18. 61. 13. 51. 41. 35. 24.]",False,False,0.0,0.0,1.0,0.0,0.0,1.0,0.0,0.0,1.0,0.0,0.0,1.0,0.0,0.0
[0 0 0 ... 0 1 0],"[ 0 37 43 29 54 46 45 52 57 57 63 59 55 62 59 62 62 61 61  3 63 59 62 63
 63 62  6 63  7 63 21 23 23 12 39 27 27  3 21 21 27 54 24 35 23 23 28 54
 12 46 39 39 54 45  3 29  3 55 55 27  3 12 12 12]","[ 0  6 15 11  8 56 37  1 48 61  9 49 63 62 44 40 39 28 24  6  5 32 11  1
  3  9  4 18 10  2 51  3  4  3 42 12  8 42 12  4  2 16  5  0 10 10 28 13
 21 20 25 48 11  7  2 15 19 17 43 15  1 56 36 14]",False,False,0.0,0.0,"[np.int64(28), np.int64(54), np.int64(29), np.int64(14), np.int64(46), np.int64(51), np.int64(13), np.int64(34), np.int64(23), np.int64(35), np.int64(28), np.int64(15), np.int64(35), np.int64(10), np.int64(6), np.int64(14), np.int64(3), np.int64(15), np.int64(50), np.int64(15), np.int64(38), np.int64(22), np.int64(45), np.int64(29), np.int64(35), np.int64(60), np.int64(33), np.int64(37), np.int64(24), np.int64(26), np.int64(3), np.int64(6), np.int64(4), np.int64(60), np.int64(37), np.int64(34), np.int64(28), np.int64(12), np.int64(55), np.int64(1), np.int64(8), np.int64(53), np.int64(34), np.int64(15), np.int64(32), np.int64(57), np.int64(58), np.int64(1), np.int64(59), np.int64(34), np.int64(15), np.int64(29), np.int64(9), np.int64(55), np.int64(24), np.int64(30), np.int64(50), np.int64(54), np.int64(36), np.int64(29), np.int64(51), np.int64(5), np.int64(4), np.int64(28)]","[np.int64(46), np.int64(56), np.int64(58), np.int64(33), np.int64(53), np.int64(1), np.int64(35), np.int64(44), np.int64(26), np.int64(22), np.int64(30), np.int64(31), np.int64(59), np.int64(37), np.int64(6), np.int64(62), np.int64(47), np.int64(4), np.int64(5), np.int64(15), np.int64(27), np.int64(48), np.int64(53), np.int64(51), np.int64(59), np.int64(41), np.int64(39), np.int64(15), np.int64(63), np.int64(44), np.int64(6), np.int64(24), np.int64(0), np.int64(14), np.int64(7), np.int64(51), np.int64(41), np.int64(56), np.int64(10), np.int64(50), np.int64(15), np.int64(26), np.int64(61), np.int64(25), np.int64(53), np.int64(23), np.int64(51), np.int64(5), np.int64(36), np.int64(27), np.int64(45), np.int64(27), np.int64(42), np.int64(32), np.int64(11), np.int64(4), np.int64(9), np.int64(38), np.int64(5), np.int64(37), np.int64(49), np.int64(42), np.int64(19), np.int64(28)]",False,False,0.0,0.0,"[ 0. 39.  6.  2. 30. 61. 28. 13. 38.  9. 48. 23. 56. 59. 17.  5. 62. 41.
 44. 21. 20. 26. 35. 24. 63. 18. 14.  7.  1. 11. 19. 51. 49. 12. 50. 52.
 27. 32. 38. 36.  8. 25. 55. 22. 58. 40. 31. 15. 16. 43.  0.  3. 34. 54.
 46. 33. 10.  4. 37. 20.  9. 53. 29. 60.]","[ 0.  6. 23. 59.  8. 50. 25. 34. 18. 54. 27. 13. 45. 30. 44. 40. 39. 38.
 28. 49. 55. 51. 17. 12.  3.  0.  4. 19. 14.  1. 22.  5. 56. 35. 42. 47.
 48.  2. 20. 57. 49. 31. 53. 58. 33. 32. 10. 61. 21. 20. 36.  9. 11. 46.
 16. 41. 60. 26. 15. 62. 24. 37. 63. 19.]",False,False,0.0,0.015625,"[ 0. 26. 43. 48. 36. 43. 58. 32. 54. 41. 30. 51. 27. 17. 16. 46.  5. 44.
  9. 52.  8. 31. 57. 36.  0. 27. 45. 16.  7. 33.  6. 57. 56. 42. 49. 37.
  8. 35. 40. 37. 29. 45. 23. 23.  9. 61. 48. 48. 36.  4. 25. 63. 33. 54.
 25. 37. 40. 58. 40. 52.  4. 41. 11. 40.]","[ 0.  5. 20. 26. 62. 38. 16. 42. 48.  5.  8. 13. 63. 30. 61.  4. 39. 50.
 13. 32. 35. 13. 21. 40.  3.  9.  2. 11. 47. 23. 36. 19. 46. 31. 42. 19.
  8. 14. 53. 34.  6. 16. 55.  0. 58. 40. 59. 15. 39. 33.  9. 54. 37. 61.
 59. 10. 59. 62. 21. 28. 26. 37. 25. 57.]",False,False,0.0,0.0,1.0,0.0,0.0,1.0,0.2,0.2,1.0,0.2,0.2,1.0,0.0,0.0
[1 1 0 ... 1 1 1],"[ 0 22 38 52 52 60 55 56 47 56 63 50 58 60 61 60 58 63 58 62 62 60 62 62
 62  4 19  4  3 19 19 24 22 28 31 31 22 19 31 27 27 47 31 19  4 29 22 19
 19  4 24 27 27 14 27  4  4 24 27 24 19 24  4  4]","[ 0  7  6  5  0 50 30 14 20  1  8 28 47 37 24 10  6 21 10 13 56  2 16 15
 23 47 51 19  3 42 20  1 14  0 13  0 27  2 13 29  3 60  1 25  9 35 18 20
 16  3 53  9 12 25  6 30 54 14 11 36  5 56 11  4]",False,False,0.0,0.0,"[np.int64(36), np.int64(4), np.int64(24), np.int64(35), np.int64(23), np.int64(58), np.int64(43), np.int64(42), np.int64(44), np.int64(3), np.int64(38), np.int64(21), np.int64(12), np.int64(24), np.int64(38), np.int64(34), np.int64(17), np.int64(60), np.int64(25), np.int64(27), np.int64(24), np.int64(61), np.int64(41), np.int64(30), np.int64(61), np.int64(59), np.int64(16), np.int64(52), np.int64(16), np.int64(4), np.int64(41), np.int64(48), np.int64(1), np.int64(8), np.int64(8), np.int64(31), np.int64(36), np.int64(49), np.int64(53), np.int64(0), np.int64(41), np.int64(53), np.int64(4), np.int64(1), np.int64(28), np.int64(25), np.int64(16), np.int64(63), np.int64(62), np.int64(8), np.int64(0), np.int64(19), np.int64(62), np.int64(38), np.int64(50), np.int64(16), np.int64(28), np.int64(58), np.int64(6), np.int64(19), np.int64(33), np.int64(63), np.int64(46), np.int64(48)]","[np.int64(49), np.int64(26), np.int64(15), np.int64(42), np.int64(19), np.int64(38), np.int64(42), np.int64(4), np.int64(6), np.int64(10), np.int64(57), np.int64(41), np.int64(42), np.int64(19), np.int64(42), np.int64(49), np.int64(52), np.int64(62), np.int64(42), np.int64(62), np.int64(20), np.int64(21), np.int64(36), np.int64(32), np.int64(33), np.int64(2), np.int64(40), np.int64(7), np.int64(56), np.int64(27), np.int64(23), np.int64(56), np.int64(31), np.int64(28), np.int64(36), np.int64(18), np.int64(44), np.int64(34), np.int64(35), np.int64(58), np.int64(17), np.int64(41), np.int64(14), np.int64(41), np.int64(20), np.int64(21), np.int64(29), np.int64(10), np.int64(2), np.int64(47), np.int64(39), np.int64(2), np.int64(26), np.int64(24), np.int64(43), np.int64(9), np.int64(54), np.int64(17), np.int64(62), np.int64(54), np.int64(31), np.int64(24), np.int64(23), np.int64(49)]",False,False,0.0,0.0,"[ 0. 15. 43. 62. 56. 54. 25. 49. 20. 42. 34. 28. 58. 27.  6.  4. 53.  3.
 14.  8.  9.  1.  7. 17. 23. 13. 10.  2. 32. 40. 16. 41.  5. 50. 63. 26.
 39. 57.  0. 46. 38. 30. 44. 48. 47. 59. 21. 22. 19. 11. 35. 61. 45. 60.
 37. 55. 56. 36. 33. 12. 24. 31. 29. 51.]","[ 0.  8. 40. 41. 62. 16. 17. 32. 31. 56. 48. 60. 13. 21. 36. 10.  3. 41.
 14. 45. 33. 59. 51. 19. 26. 47. 46.  2. 50. 34. 27. 23. 42.  0. 35. 55.
 63. 11. 19. 49. 28.  4.  1.  5. 43. 44. 22. 53. 58. 61. 12.  9. 24. 18.
 29. 30. 54. 33. 23. 25. 15. 52. 38. 37.]",False,False,0.0,0.015625,"[ 0. 42. 23. 11. 41. 21. 46. 49.  9. 45. 52. 28. 45. 51. 24.  1. 58. 21.
 39. 35.  9. 35. 40.  9. 20. 29. 58. 13. 31. 54. 39. 26. 43. 29. 20. 14.
 63. 11.  7.  2. 34. 50. 46. 53. 30. 38. 10. 49. 59. 58. 21.  2.  6. 58.
 39. 50. 39. 33.  6. 11. 14. 29. 33. 61.]","[ 0.  0. 24. 26. 37. 26. 46.  6. 20. 11. 55. 60. 36. 36. 29. 43. 26. 25.
 37. 54. 56. 38. 32. 10. 18. 52. 49. 23. 12. 58.  8. 24. 43. 29. 13. 19.
 48. 11. 47. 35.  9. 60. 29. 34. 11. 19. 37. 40. 58. 17. 62. 12. 12. 38.
 63. 50. 41. 14. 41. 49. 27. 10. 40.  8.]",False,False,0.0,0.0,1.0,0.0,0.0,1.0,0.0,0.0,1.0,0.0,0.0,1.0,0.0,0.0
[0 0 1 ... 0 0 1],"[ 0 35 35 63 53 42 54 55 53 63 62 60 58 63 61 59 63 62  2 62  5 61  2  5
  2  2 60  2 26  2  2 18 26 17 20  2  2 26 30 27  2  2 26 35  2 29  2 26
 26 30  2 33 42  2  2  2 35 35 31  2  2  2 26  2]","[ 0 41  1  9  7 38 32 15 22 16  5 23 13 11 40 49  2 14 17  6  9 33 33  8
 11 60 45  3 20 30 48 15 30 18  7  4 38 43 32  3 60 55  7  4 14 28  8 21
 61 35  5  0  0  0  2 63 52  2 14  5 50  6  1  9]",False,False,0.0,0.0,"[np.int64(31), np.int64(13), np.int64(46), np.int64(19), np.int64(56), np.int64(24), np.int64(48), np.int64(52), np.int64(47), np.int64(45), np.int64(18), np.int64(38), np.int64(41), np.int64(38), np.int64(14), np.int64(24), np.int64(61), np.int64(22), np.int64(62), np.int64(44), np.int64(46), np.int64(51), np.int64(8), np.int64(17), np.int64(38), np.int64(61), np.int64(19), np.int64(37), np.int64(5), np.int64(55), np.int64(15), np.int64(25), np.int64(11), np.int64(25), np.int64(48), np.int64(21), np.int64(46), np.int64(55), np.int64(15), np.int64(62), np.int64(38), np.int64(56), np.int64(18), np.int64(25), np.int64(29), np.int64(18), np.int64(59), np.int64(47), np.int64(46), np.int64(14), np.int64(20), np.int64(21), np.int64(27), np.int64(49), np.int64(37), np.int64(51), np.int64(60), np.int64(48), np.int64(19), np.int64(19), np.int64(41), np.int64(44), np.int64(34), np.int64(8)]","[np.int64(55), np.int64(19), np.int64(59), np.int64(25), np.int64(58), np.int64(19), np.int64(26), np.int64(50), np.int64(18), np.int64(37), np.int64(48), np.int64(19), np.int64(50), np.int64(61), np.int64(58), np.int64(63), np.int64(20), np.int64(8), np.int64(11), np.int64(35), np.int64(44), np.int64(35), np.int64(15), np.int64(27), np.int64(42), np.int64(24), np.int64(46), np.int64(61), np.int64(52), np.int64(37), np.int64(10), np.int64(47), np.int64(29), np.int64(54), np.int64(17), np.int64(10), np.int64(38), np.int64(27), np.int64(53), np.int64(57), np.int64(35), np.int64(51), np.int64(19), np.int64(51), np.int64(18), np.int64(36), np.int64(43), np.int64(54), np.int64(30), np.int64(50), np.int64(5), np.int64(2), np.int64(44), np.int64(62), np.int64(18), np.int64(34), np.int64(62), np.int64(14), np.int64(31), np.int64(26), np.int64(9), np.int64(51), np.int64(0), np.int64(55)]",False,False,0.0,0.0,"[ 0.  7. 46.  1. 17. 42. 54. 62. 28.  8. 57. 53. 43. 38. 14. 27. 60. 15.
 45. 32. 12. 23. 47. 20.  9.  5. 21. 34. 44. 29. 55. 41. 14. 22. 52. 16.
 35. 25. 10. 61. 36. 24. 19. 40. 48. 59. 56. 49. 13. 30.  4. 18. 51. 37.
 50. 11. 26.  2.  0. 63.  3. 33.  6. 39.]","[ 0. 26. 38. 56. 54. 41. 58. 20. 36. 21. 50. 18. 45. 32. 52.  5. 61. 55.
 57. 34. 29.  4. 19. 49. 48. 43.  3.  1.  8. 25. 42.  7. 14. 39. 11. 40.
 46. 15.  9. 35. 60. 10. 12. 44. 33.  0. 24. 37. 53. 59. 31. 13. 23.  6.
  2. 63. 17. 62. 22. 24. 27. 51. 47. 30.]",False,False,0.0,0.015625,"[ 0. 36.  4. 44. 48. 45.  8. 31. 54. 24. 15. 47. 51. 40. 25. 29. 10. 51.
 20. 62.  3.  7.  4. 42. 55.  4. 57. 50.  4. 62. 62. 58. 55. 22. 18. 16.
 10. 38. 56. 42. 42. 31. 17.  3.  4. 61. 12. 20. 26.  0. 55. 45. 49.  8.
 13.  8. 36. 37. 60. 25. 34. 10. 59.  4.]","[ 0. 51. 25. 46. 38. 41.  8. 15. 22.  6. 50.  2. 45. 11. 52. 56. 26. 14.
 35.  1. 24. 33. 55. 14. 31. 43. 31. 40. 26. 25. 59. 58. 30. 35. 11. 30.
 35. 43. 22. 34.  2. 61. 13. 49. 33. 28. 25. 54. 38. 35. 19. 23. 48. 18.
  9. 17. 52. 37. 55.  9. 27. 43. 24. 62.]",False,False,0.0,0.0,1.0,0.0,0.0,1.0,0.0,0.0,1.0,0.0,0.0,1.0,0.0,0.0
[1 1 1 ... 0 1 0],"[ 0 11 46 35 55 51 58 61 62 56 60 58 62 60 60 62 59 62 62 62  6 62  6 62
 63 11 62  6  6  6  3 20 24 25 20 20 24 17 17 24  6  6  6  6  6  6  6  6
 25  6  6  6  6  6  6  6 17  5  6  6  3 51  3  6]","[ 0 19 52 37 18 53 36 38  3 24 26  0 37  1 40 24 22 33 17 14 22  4  3  5
 23 34 19  1 58  5 42 16 11 51 38  8 21 45  2 42 12 26 47 10 13 35  8 13
 21 48 34  9  0 48 13  6  7 41 50 29  4 21 60  8]",False,False,0.0,0.0,"[np.int64(49), np.int64(54), np.int64(40), np.int64(15), np.int64(3), np.int64(7), np.int64(8), np.int64(58), np.int64(20), np.int64(58), np.int64(27), np.int64(49), np.int64(40), np.int64(59), np.int64(36), np.int64(3), np.int64(37), np.int64(36), np.int64(16), np.int64(47), np.int64(4), np.int64(48), np.int64(31), np.int64(10), np.int64(20), np.int64(7), np.int64(28), np.int64(48), np.int64(62), np.int64(7), np.int64(24), np.int64(38), np.int64(49), np.int64(26), np.int64(1), np.int64(1), np.int64(62), np.int64(51), np.int64(14), np.int64(51), np.int64(38), np.int64(31), np.int64(39), np.int64(31), np.int64(0), np.int64(19), np.int64(19), np.int64(48), np.int64(27), np.int64(17), np.int64(37), np.int64(8), np.int64(42), np.int64(42), np.int64(26), np.int64(6), np.int64(34), np.int64(23), np.int64(19), np.int64(39), np.int64(44), np.int64(46), np.int64(1), np.int64(22)]","[np.int64(26), np.int64(11), np.int64(23), np.int64(31), np.int64(43), np.int64(17), np.int64(39), np.int64(51), np.int64(50), np.int64(61), np.int64(33), np.int64(54), np.int64(14), np.int64(56), np.int64(30), np.int64(21), np.int64(40), np.int64(54), np.int64(6), np.int64(54), np.int64(12), np.int64(47), np.int64(25), np.int64(44), np.int64(1), np.int64(52), np.int64(63), np.int64(1), np.int64(34), np.int64(63), np.int64(45), np.int64(55), np.int64(35), np.int64(58), np.int64(28), np.int64(28), np.int64(62), np.int64(19), np.int64(2), np.int64(61), np.int64(38), np.int64(32), np.int64(4), np.int64(54), np.int64(61), np.int64(45), np.int64(59), np.int64(47), np.int64(62), np.int64(57), np.int64(7), np.int64(34), np.int64(36), np.int64(10), np.int64(10), np.int64(53), np.int64(60), np.int64(57), np.int64(43), np.int64(47), np.int64(0), np.int64(17), np.int64(25), np.int64(52)]",False,False,0.0,0.0,"[ 0. 22. 23.  2. 16. 34. 36. 26.  4. 55. 63.  9. 32. 59. 27. 20. 18. 57.
 14. 43.  5.  8. 22. 39. 38. 30. 49. 41. 58. 37. 51. 35.  1. 54.  3. 17.
 25. 48. 62. 28. 21. 10. 61. 47. 56.  6. 11.  0. 60. 19. 31. 12. 50. 44.
 42.  7. 33. 29. 13. 53. 15. 45. 46. 24.]","[ 0. 61. 37. 18. 27.  1.  7. 14.  3. 53.  5. 15.  4. 35.  6. 29. 54. 33.
 48. 52. 24.  6. 62. 63.  8. 34. 39.  9. 43. 58. 19. 36. 26.  2. 46. 38.
 17. 30. 41. 42. 51. 20. 57. 47. 13. 34. 11. 60. 50. 31. 59. 49. 28. 40.
 18. 32. 23. 45. 22. 10.  0. 21. 55. 25.]",False,False,0.0,0.015625,"[ 0.  0. 17. 40. 10. 21. 42. 15. 53. 31. 18. 27. 48. 50. 60. 54.  6. 19.
  2. 12. 49. 61. 19.  9. 34. 41.  1. 36. 21. 54. 14. 26.  4. 40. 20. 18.
 15. 31. 21. 53. 63. 39. 18. 32. 41. 33. 34. 50. 45. 42. 37. 12. 45. 50.
 34. 13. 17. 38. 37. 34. 22. 31. 11.  1.]","[ 0. 19. 20. 48. 42. 53. 24.  3. 23. 24. 46. 56. 63. 14. 28. 29. 39. 19.
 48. 52. 60. 33.  3. 14. 23. 10. 23. 32. 29. 58. 63.  0. 35. 25. 62. 54.
 43. 58. 63. 50.  9. 10. 47. 26. 59. 42. 52. 32.  1. 48. 32. 40. 37. 52.
 61.  6. 60. 26. 10.  6.  3. 31. 51. 13.]",False,False,0.0,0.0,1.0,0.0,0.0,1.0,0.0,0.0,1.0,0.0,0.0,1.0,0.0,0.0
[1 1 1 ... 1 1 1],"[ 0  8 33 48 41 55 60 50 51 51 59 58 60 58 61 62 59 63 59 61 63 63 61 60
  7 63 63  7 15  7  7  7  7 19  9 25  9 28 26  7  7  7  9 50 37  2 36  7
 50  7 28  7  9  7  7 25  7 51  7  7  2  7  7  9]","[ 0 10  9 63 44 35 18  9 27  3 46  0 56 12  5 60 27  8 10 11 40 60 17 51
 20 36  5 14 22 18 20 49  2 40  9 44 18  1 60  4  7  0  6 23 12 27 54  3
 15 15 12 17 62  7 21 58 50 16 33 10 36 53 37  9]",False,False,0.0,0.0,"[np.int64(49), np.int64(38), np.int64(27), np.int64(20), np.int64(38), np.int64(10), np.int64(21), np.int64(51), np.int64(38), np.int64(57), np.int64(35), np.int64(58), np.int64(44), np.int64(32), np.int64(54), np.int64(21), np.int64(42), np.int64(50), np.int64(27), np.int64(26), np.int64(0), np.int64(18), np.int64(52), np.int64(18), np.int64(47), np.int64(35), np.int64(48), np.int64(20), np.int64(21), np.int64(45), np.int64(58), np.int64(56), np.int64(2), np.int64(45), np.int64(44), np.int64(31), np.int64(26), np.int64(39), np.int64(10), np.int64(22), np.int64(34), np.int64(52), np.int64(7), np.int64(28), np.int64(62), np.int64(27), np.int64(28), np.int64(28), np.int64(0), np.int64(24), np.int64(21), np.int64(7), np.int64(8), np.int64(60), np.int64(51), np.int64(1), np.int64(21), np.int64(29), np.int64(19), np.int64(53), np.int64(38), np.int64(60), np.int64(52), np.int64(36)]","[np.int64(47), np.int64(32), np.int64(7), np.int64(41), np.int64(45), np.int64(1), np.int64(50), np.int64(34), np.int64(18), np.int64(58), np.int64(62), np.int64(27), np.int64(50), np.int64(3), np.int64(58), np.int64(8), np.int64(35), np.int64(47), np.int64(13), np.int64(35), np.int64(43), np.int64(35), np.int64(46), np.int64(28), np.int64(60), np.int64(35), np.int64(46), np.int64(14), np.int64(62), np.int64(50), np.int64(11), np.int64(21), np.int64(62), np.int64(25), np.int64(25), np.int64(38), np.int64(48), np.int64(56), np.int64(16), np.int64(18), np.int64(28), np.int64(54), np.int64(46), np.int64(7), np.int64(31), np.int64(51), np.int64(30), np.int64(8), np.int64(49), np.int64(17), np.int64(6), np.int64(51), np.int64(21), np.int64(18), np.int64(47), np.int64(8), np.int64(17), np.int64(38), np.int64(32), np.int64(11), np.int64(47), np.int64(46), np.int64(35), np.int64(53)]",False,False,0.0,0.0,"[ 0.  0. 21. 44. 40. 63. 58. 49. 36. 10.  7. 27. 29. 42. 53. 12. 32.  5.
 33. 60. 38. 17.  8. 51. 50. 11. 26. 59. 54. 39. 18.  6. 28. 15. 13. 61.
 37.  3. 24. 31. 30.  4. 45.  1. 46. 56. 35. 55. 23. 41. 22. 19.  9. 48.
 26. 14. 20. 52. 47. 16.  2. 61. 57. 43.]","[ 0.  0. 21. 63. 56. 26. 16. 34. 47. 46. 41.  1. 29. 26. 32. 19.  2. 28.
 57. 27. 31. 40. 18.  9. 44. 36. 23. 14. 20. 49. 43. 24. 34. 50. 39. 48.
 53. 54.  4.  4. 61. 15.  6. 33. 12. 38. 25. 51. 59. 60. 22. 30. 62. 55.
  5. 35.  8. 58. 13. 10. 52.  7. 37.  9.]",False,False,0.0,0.015625,"[ 0. 26. 61.  8. 34. 31. 52. 52. 62. 23. 31. 48. 60. 46. 27. 42.  4. 45.
 13. 27. 40. 26. 37. 59. 23. 54.  0. 11. 37. 49. 32. 53. 60.  3. 61. 38.
 43. 60. 42. 30. 18. 60. 18. 52. 49. 35. 44.  7. 16. 29.  1. 19.  8. 48.
 42. 35. 48. 52. 38. 34. 26. 28. 43. 27.]","[ 0.  0. 21. 46. 57. 20. 39.  9. 20.  6.  2. 42.  1. 39.  5. 43. 27.  0.
  3. 36. 35. 61.  8. 22. 20. 44. 15. 19. 37.  2. 32. 34.  2. 32. 15. 44.
 53. 23. 24.  7. 63. 62.  6. 39. 13. 35.  4. 51. 58. 41. 56. 54. 63. 32.
 20. 37. 41. 52. 11. 21. 47.  7. 57. 49.]",False,False,0.0,0.0,1.0,0.0,0.0,1.0,0.0,0.0,1.0,0.0,0.0,1.0,0.0,0.0
[1 1 1 ... 0 1 0],"[ 0 11 46 35 55 51 58 61 62 56 60 58 62 60 60 62 59 62 62 62  6 62  6 62
 63 11 62  6  6  6  3 20 24 25 20 20 24 17 17 24  6  6  6  6  6  6  6  6
 25  6  6  6  6  6  6  6 17  5  6  6  3 51  3  6]","[ 0 19 52 37 18 53 36 38  3 24 26  0 37  1 40 24 22 33 17 14 22  4  3  5
 23 34 19  1 58  5 42 16 11 51 38  8 21 45  2 42 12 26 47 10 13 35  8 13
 21 48 34  9  0 48 13  6  7 41 50 29  4 21 60  8]",False,False,0.0,0.0,"[np.int64(28), np.int64(36), np.int64(26), np.int64(19), np.int64(1), np.int64(2), np.int64(21), np.int64(29), np.int64(39), np.int64(9), np.int64(52), np.int64(42), np.int64(54), np.int64(32), np.int64(55), np.int64(46), np.int64(6), np.int64(13), np.int64(57), np.int64(28), np.int64(57), np.int64(40), np.int64(7), np.int64(13), np.int64(5), np.int64(55), np.int64(29), np.int64(39), np.int64(25), np.int64(1), np.int64(46), np.int64(63), np.int64(5), np.int64(2), np.int64(8), np.int64(27), np.int64(43), np.int64(22), np.int64(29), np.int64(28), np.int64(47), np.int64(44), np.int64(8), np.int64(38), np.int64(42), np.int64(0), np.int64(31), np.int64(28), np.int64(59), np.int64(12), np.int64(57), np.int64(48), np.int64(57), np.int64(8), np.int64(3), np.int64(32), np.int64(62), np.int64(58), np.int64(6), np.int64(33), np.int64(8), np.int64(14), np.int64(4), np.int64(42)]","[np.int64(46), np.int64(24), np.int64(33), np.int64(29), np.int64(48), np.int64(32), np.int64(59), np.int64(11), np.int64(1), np.int64(28), np.int64(22), np.int64(15), np.int64(25), np.int64(36), np.int64(23), np.int64(6), np.int64(5), np.int64(14), np.int64(51), np.int64(27), np.int64(2), np.int64(25), np.int64(16), np.int64(0), np.int64(30), np.int64(13), np.int64(30), np.int64(7), np.int64(35), np.int64(24), np.int64(45), np.int64(21), np.int64(35), np.int64(28), np.int64(37), np.int64(6), np.int64(61), np.int64(59), np.int64(1), np.int64(2), np.int64(53), np.int64(45), np.int64(5), np.int64(21), np.int64(4), np.int64(48), np.int64(57), np.int64(40), np.int64(44), np.int64(56), np.int64(25), np.int64(28), np.int64(32), np.int64(17), np.int64(11), np.int64(47), np.int64(38), np.int64(52), np.int64(59), np.int64(26), np.int64(48), np.int64(8), np.int64(38), np.int64(40)]",False,False,0.0,0.0,"[ 0. 36. 27. 20.  6. 11. 24. 49. 22. 44. 34. 38. 32. 25. 53.  1.  2. 19.
 35. 29. 51.  8.  0. 57. 33. 17. 14. 48. 10. 16. 41. 31. 23. 30. 62. 63.
 13. 60.  3.  5. 43.  7. 12. 31. 47. 56. 37. 47.  9. 50. 18. 61. 26. 15.
 45. 42. 59. 21. 39. 46.  4. 55. 58. 28.]","[ 0. 47. 16. 44. 40. 19. 23. 49. 44. 34.  5.  7. 46. 39. 27. 56. 24. 33.
 59. 37.  6. 29. 62. 38. 63. 61. 14.  1. 31.  2. 26.  0. 11. 54. 42. 52.
 43. 58.  8. 15. 36. 35. 28. 18. 13. 57.  3. 32. 10. 45. 30. 53. 20. 48.
 41. 25. 22. 17.  9. 55.  4. 21. 60. 10.]",False,False,0.0,0.015625,"[ 0.  0. 39. 24. 49. 21. 47.  5.  2. 32. 56.  4. 31. 51. 30. 33. 35. 51.
 25. 53. 55. 47. 62. 34. 33. 41. 20.  2. 43. 15. 18. 22. 21.  4.  6. 56.
  4.  3.  1. 53. 61. 63.  0.  4. 40. 57. 11. 10. 31.  4. 15. 31. 13. 20.
 45. 56. 62. 25. 48. 40. 18. 55. 54.  1.]","[ 0. 41. 25. 20. 42. 53. 17. 27.  3. 32.  9.  5.  8. 60.  1. 56. 18. 58.
 50. 37.  4. 33. 49. 39. 20. 41. 61. 32. 40. 45. 19. 33. 55. 30. 39. 49.
 13. 30. 42.  8. 11. 31. 56. 16. 29.  0.  3. 32. 50. 45. 18. 56.  0. 11.
  9.  1. 63. 18. 48. 23.  3. 14. 60. 50.]",False,False,0.0,0.0,1.0,0.0,0.0,1.0,0.0,0.0,1.0,0.0,0.0,1.0,0.2,0.2
[0 1 0 ... 0 0 0],"[ 0 33 53 33 48 53 48 62 48 57 55 62 62 57 62 57 60 59 62 62 60 62 61  6
  6  6 62  8  8  6 27  8 26 25 26 31 26 26 26 20 34 32  6 48 48 26  6  3
 26 41  3 39  6 27 34 26  3  3 17  8  8 55  6 33]","[ 0 18 32  4 21 35 15 16 27  7 17 22 61 23 12 24  0  2  9  5 43 22 31 20
 19 13 27 16 49  6 17 36 18 32 14 42 26 23  8 25  1 12  0 15 30 10 38  9
  1  5  7 43 24 42 21 21  5  2 62 28 13 55  6  4]",False,False,0.0,0.0,"[np.int64(30), np.int64(59), np.int64(22), np.int64(9), np.int64(45), np.int64(24), np.int64(54), np.int64(21), np.int64(44), np.int64(40), np.int64(0), np.int64(17), np.int64(22), np.int64(12), np.int64(49), np.int64(22), np.int64(57), np.int64(47), np.int64(46), np.int64(55), np.int64(33), np.int64(40), np.int64(35), np.int64(30), np.int64(52), np.int64(36), np.int64(20), np.int64(32), np.int64(23), np.int64(29), np.int64(47), np.int64(63), np.int64(44), np.int64(52), np.int64(15), np.int64(49), np.int64(16), np.int64(16), np.int64(41), np.int64(54), np.int64(22), np.int64(5), np.int64(22), np.int64(49), np.int64(55), np.int64(56), np.int64(47), np.int64(61), np.int64(50), np.int64(7), np.int64(30), np.int64(40), np.int64(28), np.int64(37), np.int64(11), np.int64(4), np.int64(24), np.int64(2), np.int64(54), np.int64(24), np.int64(19), np.int64(10), np.int64(13), np.int64(37)]","[np.int64(45), np.int64(35), np.int64(48), np.int64(52), np.int64(23), np.int64(37), np.int64(60), np.int64(31), np.int64(24), np.int64(42), np.int64(18), np.int64(54), np.int64(57), np.int64(35), np.int64(5), np.int64(11), np.int64(15), np.int64(47), np.int64(45), np.int64(54), np.int64(36), np.int64(52), np.int64(58), np.int64(1), np.int64(33), np.int64(36), np.int64(28), np.int64(10), np.int64(51), np.int64(30), np.int64(21), np.int64(60), np.int64(19), np.int64(12), np.int64(27), np.int64(45), np.int64(34), np.int64(51), np.int64(38), np.int64(29), np.int64(25), np.int64(62), np.int64(60), np.int64(50), np.int64(32), np.int64(34), np.int64(22), np.int64(9), np.int64(37), np.int64(39), np.int64(53), np.int64(20), np.int64(7), np.int64(16), np.int64(32), np.int64(18), np.int64(50), np.int64(6), np.int64(39), np.int64(38), np.int64(13), np.int64(35), np.int64(35), np.int64(27)]",False,False,0.0,0.0,"[ 0.  8. 41.  9. 62.  4. 63. 34. 11. 47. 27. 26. 12. 16. 53. 30. 16. 18.
 25. 17. 48. 46. 61.  3. 50. 13. 57. 20. 44. 32. 19.  7.  2. 29. 42.  1.
  6. 56. 31. 54. 23. 52. 45. 37.  5. 35. 59. 28. 36. 15.  0. 43. 40. 21.
 12. 24. 22. 10. 49. 33. 14. 55. 51. 58.]","[ 0. 63. 16. 48. 34. 25. 57. 31. 27. 41. 11.  8. 50. 54. 13. 42. 37. 32.
 35.  3. 43. 39.  1. 44. 17. 19. 14.  4. 45. 35. 23. 40. 33. 29.  7. 60.
  6. 30. 26. 49. 62. 55. 61. 59. 52. 10. 38. 21. 28. 24.  0. 36. 18. 46.
 16. 21.  5. 56. 53. 12. 15. 20.  9.  2.]",False,False,0.0,0.015625,"[ 0. 39. 10. 63.  8. 17. 19.  2. 45. 55. 44. 54. 47. 39. 21. 13. 34.  4.
 51.  2. 29.  7. 51.  1. 16.  2. 28. 50. 50. 32. 53. 27. 47. 47. 21. 30.
 23. 58. 17. 54. 26. 46. 16. 22. 13. 35. 45. 45. 36. 53.  8. 11. 62. 16.
 31. 26. 45. 34. 36. 34. 58. 50. 30. 12.]","[ 0. 53. 35. 48. 28. 41. 15. 57. 45. 29. 34. 47. 47. 47. 12. 41. 39. 54.
  7. 37. 43.  7. 31. 44. 28.  8. 41. 58.  3. 33. 17. 10. 34.  7. 25. 36.
 29. 26.  8.  9. 47. 46. 22. 18. 33. 52. 63. 28. 42.  5. 34. 60. 59. 62.
 27. 35. 25. 19. 47. 12. 37.  0. 33. 12.]",False,False,0.0,0.0,1.0,0.0,0.0,1.0,0.0,0.0,1.0,0.0,0.0,1.0,0.0,0.0
[1 1 0 ... 1 0 1],"[ 0 22 38 58 52 56 53 55 55 49 58 49 60 61 60 62 61 63 63 60 63 62 62 11
  3 11  8  4  4  3  3  8  3  3  8 24 27  3  3 24  3 47  3  9 11  3  3 24
  3 24  3 58 31  3  9  3  4  3  3  3  3  3  3  3]","[ 0 29 19  0  3 16 23  3 56  4  1 31 40 17 55 21  0 20  3  9 54 16 14 15
 39 45 13 21 47 11 19  8  8 49 19 30 16 26  7  2  3  1  3 36  5 18 52  7
 30 41  8  7  4 59 25  5 60 29 12 23 44 37 13  3]",False,False,0.0,0.0,"[np.int64(60), np.int64(44), np.int64(63), np.int64(8), np.int64(4), np.int64(30), np.int64(52), np.int64(63), np.int64(51), np.int64(52), np.int64(53), np.int64(36), np.int64(37), np.int64(54), np.int64(32), np.int64(22), np.int64(54), np.int64(61), np.int64(1), np.int64(5), np.int64(62), np.int64(55), np.int64(51), np.int64(7), np.int64(4), np.int64(53), np.int64(30), np.int64(8), np.int64(13), np.int64(44), np.int64(55), np.int64(49), np.int64(16), np.int64(17), np.int64(29), np.int64(43), np.int64(28), np.int64(20), np.int64(6), np.int64(21), np.int64(61), np.int64(54), np.int64(24), np.int64(33), np.int64(35), np.int64(38), np.int64(29), np.int64(22), np.int64(29), np.int64(44), np.int64(45), np.int64(7), np.int64(35), np.int64(48), np.int64(42), np.int64(58), np.int64(41), np.int64(12), np.int64(52), np.int64(42), np.int64(53), np.int64(34), np.int64(56), np.int64(49)]","[np.int64(47), np.int64(39), np.int64(22), np.int64(4), np.int64(58), np.int64(59), np.int64(50), np.int64(14), np.int64(13), np.int64(30), np.int64(62), np.int64(54), np.int64(11), np.int64(37), np.int64(51), np.int64(59), np.int64(10), np.int64(61), np.int64(33), np.int64(0), np.int64(18), np.int64(9), np.int64(1), np.int64(14), np.int64(7), np.int64(10), np.int64(1), np.int64(13), np.int64(52), np.int64(44), np.int64(51), np.int64(63), np.int64(44), np.int64(62), np.int64(11), np.int64(1), np.int64(15), np.int64(60), np.int64(7), np.int64(60), np.int64(53), np.int64(34), np.int64(10), np.int64(11), np.int64(45), np.int64(46), np.int64(10), np.int64(54), np.int64(28), np.int64(1), np.int64(35), np.int64(22), np.int64(26), np.int64(21), np.int64(38), np.int64(26), np.int64(35), np.int64(61), np.int64(39), np.int64(18), np.int64(25), np.int64(47), np.int64(44), np.int64(29)]",False,False,0.0,0.0,"[ 0. 40. 25. 46. 16. 32. 21. 42.  8. 62. 57.  7.  8. 31. 55. 61. 18. 26.
  1. 38. 14. 63. 49. 15. 13. 25. 23. 52. 19. 11.  5. 37. 12. 50.  9. 28.
 48. 43. 27. 29. 36. 24.  2. 34. 39. 47. 30. 60. 44. 41. 35. 58. 45. 33.
 56.  0. 59. 57.  6. 20.  3. 22. 51. 53.]","[ 0.  2. 27. 11. 20. 61. 25. 59. 21. 31. 43. 62. 40. 52. 41. 45. 28. 35.
  1. 26. 53. 37. 14. 34.  5. 44. 48. 57. 38.  7. 55. 23. 47.  9. 52. 50.
 49. 18. 51. 29. 24. 15. 13. 16. 10.  4. 63. 28. 17. 42. 56. 46. 60. 11.
 11.  8. 22. 58. 32.  3. 36.  6. 30. 39.]",False,False,0.0,0.015625,"[ 0. 13. 53. 62. 46. 40. 52. 11. 33. 14. 34. 52. 19.  3. 45. 18. 35. 35.
 61. 45. 13. 32. 15. 41. 11. 59. 52. 26. 33. 24. 29. 18. 30.  3. 31.  1.
 33. 21. 34.  7.  8. 62. 40. 20. 29.  4. 51. 62.  5. 10. 44. 25.  1. 10.
 29.  5. 19. 14. 39. 53.  3. 40. 61. 15.]","[ 0. 29. 42. 53. 20. 21. 31. 59. 24. 56.  1.  7. 25. 17. 50. 21. 29. 57.
 33. 32. 19. 39. 48. 34. 56. 23.  1. 35. 52. 63. 40. 52. 15. 18. 59. 58.
 22. 31. 21. 51. 17. 40. 33. 28. 62. 58. 52. 24. 29. 37. 10. 46. 45. 20.
 25. 11. 22. 63. 33. 23. 14. 21. 41. 36.]",False,False,0.0,0.0,1.0,0.0,0.0,1.0,0.0,0.0,1.0,0.0,0.0,1.0,0.0,0.0
[1 1 0 ... 0 0 1],"[ 0 56 44 52 56 48 60 56 52 51 60 57 63 57 57 54 62 63 63 60  5 63 63  5
  8 60  8  9  5 16  9 21 11 11 21 15 29 21 29 32 21 29 52 29 48 21 29 53
  5 53 43  5  5  5  5  5  8  5 51 53 52 51 54  8]","[ 0 53 20 30  3 14  7 12 25  0 31  1 48 57  6 19 19 20  2  1 27 35 58 33
  6  3 27  2 21 11 44  7 17 46 24 25 18 54  2 40 36 51  4  4 49 51  4  8
  4 29 21  9 47  7 13 59 29  5  0 22 45  8 42 49]",False,False,0.0,0.0,"[np.int64(16), np.int64(55), np.int64(58), np.int64(6), np.int64(25), np.int64(24), np.int64(21), np.int64(28), np.int64(49), np.int64(19), np.int64(48), np.int64(49), np.int64(14), np.int64(23), np.int64(31), np.int64(51), np.int64(16), np.int64(10), np.int64(18), np.int64(0), np.int64(55), np.int64(21), np.int64(1), np.int64(44), np.int64(36), np.int64(3), np.int64(19), np.int64(55), np.int64(50), np.int64(33), np.int64(27), np.int64(56), np.int64(46), np.int64(19), np.int64(58), np.int64(9), np.int64(9), np.int64(46), np.int64(58), np.int64(45), np.int64(57), np.int64(23), np.int64(28), np.int64(8), np.int64(30), np.int64(35), np.int64(34), np.int64(54), np.int64(11), np.int64(23), np.int64(25), np.int64(34), np.int64(5), np.int64(31), np.int64(8), np.int64(48), np.int64(1), np.int64(6), np.int64(15), np.int64(41), np.int64(53), np.int64(16), np.int64(13), np.int64(40)]","[np.int64(32), np.int64(29), np.int64(46), np.int64(40), np.int64(57), np.int64(4), np.int64(1), np.int64(42), np.int64(37), np.int64(14), np.int64(54), np.int64(57), np.int64(7), np.int64(5), np.int64(59), np.int64(8), np.int64(6), np.int64(22), np.int64(40), np.int64(37), np.int64(14), np.int64(6), np.int64(24), np.int64(48), np.int64(54), np.int64(26), np.int64(37), np.int64(19), np.int64(13), np.int64(27), np.int64(21), np.int64(9), np.int64(44), np.int64(4), np.int64(23), np.int64(29), np.int64(24), np.int64(49), np.int64(39), np.int64(48), np.int64(1), np.int64(24), np.int64(36), np.int64(41), np.int64(30), np.int64(19), np.int64(22), np.int64(54), np.int64(8), np.int64(61), np.int64(43), np.int64(46), np.int64(27), np.int64(21), np.int64(27), np.int64(41), np.int64(49), np.int64(11), np.int64(33), np.int64(45), np.int64(12), np.int64(57), np.int64(62), np.int64(16)]",False,False,0.0,0.0,"[ 0. 29. 48. 33. 36. 20. 41. 57. 25.  6. 22.  8. 31. 56. 63. 17. 46.  4.
  0.  5. 53. 12.  1. 60. 27. 44. 13. 54. 43. 58. 11. 16.  2. 52. 10. 37.
 36. 32. 18. 19. 50. 24. 51.  9. 62. 61. 14. 39. 21. 23. 28. 15. 38. 30.
 34. 45. 55. 26. 35. 42.  3. 59. 40.  7.]","[ 0.  0. 23. 33. 35. 61. 43. 54. 18. 15. 31. 41. 53. 44.  7. 25. 30. 48.
 20. 36.  6. 24. 58. 50. 34.  3. 18. 22. 26. 40. 52. 16.  2. 11. 62.  9.
 39. 56. 51. 37. 19. 12. 19. 45. 49. 55. 27.  8.  4. 38. 21. 28. 29. 42.
 13. 59. 57.  5. 32.  1. 63. 46. 14. 47.]",False,False,0.0,0.015625,"[ 0. 36. 38. 18. 50. 55. 24. 56. 33. 26. 53. 30. 43. 21. 35. 44. 22. 62.
 50. 61.  5. 55. 44. 13. 53. 23. 46. 32. 24. 62.  9. 48. 11. 36. 24. 16.
 18. 54.  2. 46. 53. 24. 22. 11. 30. 31. 31. 40.  5. 16. 34. 20. 38. 11.
 25. 41.  6. 11.  0. 26.  3. 24. 27.  9.]","[ 0. 15. 60. 43. 32. 44.  7. 50. 12.  2. 31. 23. 15. 30.  6. 17. 53.  4.
  9.  1.  6. 35. 41. 40. 17. 28. 48. 41. 24. 39. 31. 17.  3. 30. 62. 16.
 30. 62. 45. 49. 35. 51.  4. 15. 34. 56. 23. 39. 21. 29. 20.  9.  8. 33.
 34. 52. 42.  6.  0. 32. 45. 16. 42. 22.]",False,False,0.0,0.0,1.0,0.0,0.0,1.0,0.0,0.0,1.0,0.0,0.0,1.0,0.0,0.0
[0 1 0 ... 0 1 1],"[ 0  5 62 46 51 41 53 62 48 52 57 62 58 57 55  5 63 62 62 62 62 59  8 62
  5  5 13 62  5  5  8  5 21  8  8  5  5  5  5 25  5  5 21  8  8  5  5  5
  5  8 28  5  5  5  5  5 51  5  8  5 45  5  5 16]","[ 0 35  3 61  9 45 41 19  3 25  4 18 25 48  6  4 18 10 14 20 11  3 23 33
  3 34 39  0  7 37 60  9 46 34 10  7 12  8  4 15 58 14  9  8 57  1  1 42
  7  8 21 37 11 10  3 15 17 11 19 29 24 30  2 42]",False,False,0.0,0.0,"[np.int64(16), np.int64(63), np.int64(10), np.int64(8), np.int64(3), np.int64(35), np.int64(14), np.int64(13), np.int64(34), np.int64(20), np.int64(54), np.int64(1), np.int64(51), np.int64(38), np.int64(57), np.int64(1), np.int64(4), np.int64(6), np.int64(12), np.int64(60), np.int64(39), np.int64(56), np.int64(13), np.int64(29), np.int64(32), np.int64(14), np.int64(3), np.int64(46), np.int64(46), np.int64(58), np.int64(2), np.int64(0), np.int64(17), np.int64(51), np.int64(17), np.int64(24), np.int64(40), np.int64(34), np.int64(32), np.int64(6), np.int64(58), np.int64(3), np.int64(8), np.int64(63), np.int64(46), np.int64(15), np.int64(34), np.int64(16), np.int64(50), np.int64(31), np.int64(61), np.int64(34), np.int64(15), np.int64(39), np.int64(33), np.int64(50), np.int64(51), np.int64(30), np.int64(23), np.int64(19), np.int64(10), np.int64(5), np.int64(25), np.int64(36)]","[np.int64(55), np.int64(18), np.int64(37), np.int64(33), np.int64(21), np.int64(51), np.int64(56), np.int64(9), np.int64(29), np.int64(12), np.int64(13), np.int64(8), np.int64(23), np.int64(22), np.int64(48), np.int64(10), np.int64(48), np.int64(2), np.int64(17), np.int64(12), np.int64(25), np.int64(62), np.int64(56), np.int64(36), np.int64(22), np.int64(15), np.int64(10), np.int64(57), np.int64(62), np.int64(10), np.int64(35), np.int64(24), np.int64(50), np.int64(42), np.int64(4), np.int64(53), np.int64(11), np.int64(11), np.int64(28), np.int64(36), np.int64(47), np.int64(23), np.int64(53), np.int64(48), np.int64(6), np.int64(59), np.int64(21), np.int64(28), np.int64(50), np.int64(2), np.int64(50), np.int64(17), np.int64(46), np.int64(5), np.int64(43), np.int64(47), np.int64(56), np.int64(47), np.int64(21), np.int64(19), np.int64(58), np.int64(43), np.int64(50), np.int64(4)]",False,False,0.0,0.0,"[ 0. 53. 40.  9. 30. 50. 27. 22. 25.  8. 37.  5. 26. 33.  2. 43.  0. 15.
 42. 58. 45. 21. 23. 20. 17. 63. 24. 14. 13. 34. 36. 57.  7. 41. 16. 35.
 54. 28.  4. 56. 47. 32. 61. 52. 18. 38.  1. 12. 39. 60. 59. 44. 29. 62.
  3.  6. 46. 10. 55. 49. 48. 19. 31. 21.]","[ 0. 49. 61. 54. 51. 45. 31. 27.  0. 29. 58.  5. 22. 48. 42. 46. 50. 57.
 17. 28. 11. 25. 33. 10. 38.  1. 21. 13. 44. 37. 60.  9. 12.  6. 19.  3.
 16. 23. 41. 51. 55.  4. 58. 56. 14.  8.  2. 35. 18. 36. 62. 32.  7. 43.
 20. 52. 40. 15. 63. 39. 24. 34. 53. 30.]",False,False,0.0,0.015625,"[ 0. 36.  8. 55. 53.  4. 30. 55. 35. 27. 37. 25. 21. 15. 51. 20. 12. 16.
 31. 59. 25. 36. 18. 55. 55.  5. 31.  4. 32. 54. 58.  5.  7. 59. 22. 36.
 38.  0. 43. 26. 58. 47. 52. 38. 31. 31.  5. 34. 13. 17. 54. 30. 11.  6.
  9. 21. 40.  6. 52. 47. 46. 15. 56. 58.]","[ 0. 36. 62. 33. 21. 44. 27. 37. 25.  0. 14. 44. 10. 15. 54. 57.  5. 57.
 37. 63.  1. 20.  8. 19. 55. 63. 16. 46.  7. 60. 61. 23.  2. 20. 51. 17.
 12. 17.  1. 14. 17. 36.  9.  9. 34. 33. 14. 24. 39.  8. 12. 16. 26.  5.
 20. 22. 17.  5. 55. 29. 24.  2. 26. 12.]",False,False,0.0,0.0,1.0,0.0,0.0,1.0,0.2,0.2,1.0,0.0,0.0,1.0,0.0,0.0
[0 1 1 ... 0 0 1],"[ 0 26 30 31 58 50 51 57 56 56 54 58 61 61 63 63 62 63 63  8  3 62  8  3
 62  8 61  8  8  8  3  3  8 26  3  3  3 22  3 30 36  3  3  3  8 32 32  3
 30 30  3  3 30  1  3  3 22  3  3  3  8  3  3  8]","[ 0  2  0 34  5 33 58 26  9 23  0 21 52 12 60 14 43 16 19  0 48 28  2 13
  2 13 54 10 38 15 14 12  3  7 10 34  1 10  5 20  0  7  3  6  0  2 32 18
 17 21 27  3 24  1  8 20 55 10 36 15 57  3 19  1]",False,False,0.0,0.0,"[np.int64(51), np.int64(24), np.int64(7), np.int64(33), np.int64(20), np.int64(58), np.int64(3), np.int64(39), np.int64(0), np.int64(18), np.int64(30), np.int64(19), np.int64(20), np.int64(8), np.int64(53), np.int64(58), np.int64(49), np.int64(4), np.int64(55), np.int64(13), np.int64(1), np.int64(34), np.int64(18), np.int64(45), np.int64(46), np.int64(52), np.int64(14), np.int64(25), np.int64(48), np.int64(38), np.int64(56), np.int64(19), np.int64(28), np.int64(54), np.int64(58), np.int64(32), np.int64(61), np.int64(30), np.int64(31), np.int64(19), np.int64(0), np.int64(48), np.int64(39), np.int64(40), np.int64(32), np.int64(36), np.int64(26), np.int64(60), np.int64(58), np.int64(37), np.int64(17), np.int64(20), np.int64(8), np.int64(59), np.int64(60), np.int64(17), np.int64(12), np.int64(33), np.int64(3), np.int64(1), np.int64(63), np.int64(40), np.int64(6), np.int64(54)]","[np.int64(41), np.int64(28), np.int64(33), np.int64(24), np.int64(54), np.int64(57), np.int64(46), np.int64(50), np.int64(57), np.int64(50), np.int64(53), np.int64(13), np.int64(44), np.int64(25), np.int64(49), np.int64(23), np.int64(54), np.int64(41), np.int64(63), np.int64(38), np.int64(35), np.int64(51), np.int64(47), np.int64(39), np.int64(54), np.int64(63), np.int64(54), np.int64(35), np.int64(2), np.int64(1), np.int64(21), np.int64(15), np.int64(13), np.int64(2), np.int64(10), np.int64(37), np.int64(37), np.int64(57), np.int64(29), np.int64(9), np.int64(5), np.int64(8), np.int64(6), np.int64(19), np.int64(37), np.int64(61), np.int64(9), np.int64(30), np.int64(42), np.int64(19), np.int64(41), np.int64(14), np.int64(56), np.int64(15), np.int64(53), np.int64(53), np.int64(46), np.int64(9), np.int64(55), np.int64(42), np.int64(44), np.int64(1), np.int64(41), np.int64(47)]",False,False,0.0,0.0,"[ 0. 38. 41.  0. 29. 60. 10. 28. 36. 16.  4. 48. 47. 49. 20. 32.  1. 33.
 58. 23. 56. 62. 51.  5. 30.  6. 24. 14. 45. 15. 40. 35. 21. 12. 27. 17.
 37. 43. 50.  9. 53. 61. 25.  3. 34. 44. 11. 55. 22. 46. 54. 42. 52. 53.
 54. 26.  2. 39. 52. 13.  8. 59. 18. 63.]","[ 0. 38. 58. 45. 59. 60. 40.  6. 56. 42.  0. 13. 23. 57. 43. 55. 47. 41.
 44. 49. 48. 39.  4. 52. 11. 33. 31. 42. 18. 25. 29. 11.  9. 63. 53.  8.
  2. 16. 12. 46. 26.  7. 50. 17. 62.  5. 36. 34. 39. 51. 24. 32. 27. 30.
  1. 20. 45. 21. 61. 10. 28.  3. 54. 35.]",False,False,0.0,0.015625,"[ 0. 47. 40. 60. 19. 51. 36. 45. 23. 46. 33. 15. 47. 49. 25. 32.  7.  8.
 14.  8.  6. 39. 16. 36.  0. 44. 61. 16.  8. 27. 32. 56. 61. 15. 27. 34.
 18. 10.  8. 25. 54. 49. 31. 40. 60. 18. 15. 13. 47. 48. 24. 32. 41. 11.
 58. 15. 57. 24. 51. 33. 16. 39. 53. 58.]","[ 0. 38. 24. 51. 58.  4. 55. 32. 37. 41. 57. 50.  2. 61. 45. 57. 22. 41.
 55. 42. 37. 36. 29. 11. 35. 30.  5.  0. 38. 15. 20. 17. 62. 38. 52. 32.
 34. 26.  5. 25. 15. 63. 16. 22. 57. 18. 11. 15.  1. 21. 25. 32. 22.  1.
  8. 50. 28. 61. 25.  6. 55. 51.  5. 10.]",False,False,0.0,0.0,1.0,0.0,0.0,1.0,0.0,0.0,1.0,0.0,0.0,1.0,0.0,0.0
[1 1 0 ... 1 0 1],"[ 0 59 41 54 57 58 50 46 57 63 56 61 61 61 63 63 59 62  4 61 60  4 62  4
 63  4  4 11 11  4  4 11 23  4 33 23 32 23 14  4  4 28 38 37  4  4 23 38
 37  4 23 36 27  4 32 50 34  4 22 50  4  4 46 23]","[ 0 16 59 30 25  3 26 63 16 33 55  5  2 17 12 25  9 42  5 35 18 22 15 14
 60 13 37 13 43  1 57 41 53  8 27 41 11 29  1 31 11  6 19 12 47 39  1 17
  0  2 23 33  3 12  6  7 45 30  3 49  4  4 25 59]",False,False,0.0,0.0,"[np.int64(57), np.int64(5), np.int64(53), np.int64(15), np.int64(9), np.int64(9), np.int64(17), np.int64(41), np.int64(5), np.int64(12), np.int64(33), np.int64(10), np.int64(8), np.int64(17), np.int64(27), np.int64(4), np.int64(16), np.int64(47), np.int64(14), np.int64(17), np.int64(27), np.int64(60), np.int64(1), np.int64(33), np.int64(42), np.int64(24), np.int64(25), np.int64(31), np.int64(55), np.int64(31), np.int64(18), np.int64(42), np.int64(35), np.int64(54), np.int64(42), np.int64(17), np.int64(21), np.int64(31), np.int64(61), np.int64(13), np.int64(18), np.int64(42), np.int64(63), np.int64(26), np.int64(17), np.int64(33), np.int64(14), np.int64(63), np.int64(54), np.int64(16), np.int64(25), np.int64(4), np.int64(5), np.int64(17), np.int64(58), np.int64(26), np.int64(10), np.int64(23), np.int64(33), np.int64(59), np.int64(22), np.int64(47), np.int64(21), np.int64(2)]","[np.int64(18), np.int64(37), np.int64(27), np.int64(20), np.int64(24), np.int64(36), np.int64(26), np.int64(54), np.int64(47), np.int64(37), np.int64(20), np.int64(47), np.int64(13), np.int64(3), np.int64(17), np.int64(45), np.int64(5), np.int64(36), np.int64(37), np.int64(32), np.int64(30), np.int64(9), np.int64(62), np.int64(48), np.int64(16), np.int64(27), np.int64(23), np.int64(0), np.int64(61), np.int64(5), np.int64(49), np.int64(16), np.int64(36), np.int64(48), np.int64(2), np.int64(59), np.int64(59), np.int64(19), np.int64(5), np.int64(58), np.int64(15), np.int64(2), np.int64(43), np.int64(5), np.int64(63), np.int64(45), np.int64(1), np.int64(12), np.int64(61), np.int64(39), np.int64(55), np.int64(14), np.int64(53), np.int64(59), np.int64(19), np.int64(5), np.int64(16), np.int64(9), np.int64(16), np.int64(49), np.int64(53), np.int64(55), np.int64(49), np.int64(60)]",False,False,0.0,0.0,"[ 0. 22. 12. 63. 47.  1. 42. 28. 41. 39. 31. 61. 13. 23. 32.  9.  0.  8.
 53.  6. 33. 11. 25. 56. 18. 60. 62. 14. 36. 24.  3. 48. 40. 52. 58. 17.
 21. 44.  5.  2.  4. 15. 51. 19. 46. 55. 35. 45. 50. 27.  7. 51. 54. 34.
 59. 43. 57. 30. 37. 26. 60. 20. 38. 10.]","[ 0. 18. 39. 42. 56. 34. 44. 11. 50. 16. 55. 19. 52. 17. 62. 25. 41.  7.
 54. 32.  5. 57. 24.  9. 14. 47. 37. 13. 43. 24. 58. 52. 63. 30. 50. 40.
  1. 29. 20. 12. 23. 15. 36. 49. 26. 33.  2. 53. 28. 57. 27.  0. 61. 10.
  6. 48. 45. 46.  3. 60.  4. 35. 21. 59.]",False,False,0.0,0.015625,"[ 0. 39. 35.  7. 47.  3. 42. 61. 11. 17.  8. 50. 36.  3. 58.  9. 22.  2.
 15. 59. 32. 49.  0. 14.  2.  7. 42. 62. 34. 33. 35. 11. 63. 58. 59. 15.
 58. 29. 49. 10. 57. 39. 36. 60.  4. 33. 54.  5. 39.  6. 15. 22. 61. 22.
 12. 45. 54. 13. 24. 63. 13. 15. 52.  0.]","[ 0. 18. 39. 56. 29. 60. 54. 31.  6. 61.  2.  5. 20. 54. 12. 25. 19. 46.
 46. 48. 46. 15. 15. 55. 34. 27. 37.  4.  9. 47. 57. 46. 59. 18. 56. 34.
  6. 44.  1. 62. 11. 48. 50. 17.  5. 59. 30. 37. 30. 38. 27. 38. 51. 24.
 18.  9. 14.  4.  3. 41. 39. 20. 48. 59.]",False,False,0.0,0.0,1.0,0.0,0.0,1.0,0.0,0.0,1.0,0.0,0.0,1.0,0.0,0.0
[0 1 1 ... 1 0 1],"[ 0 24 57 34 58 51 55 63 58 63 49 59 63 59 61 59 59 58 63 58 63 61  2  2
 61 63 15 15  2 63 19  2 24 15 21 24 18 24 44 19 24 27 35 28 29 29 40 29
 29 29 35  1  2  1 27  1 29 17 29 29 29 24 44 29]","[ 0 42 20 13 32 21 15  1  9  2 45  3  6  5  2 10 60 18 22 33  4 36 55 31
 30 13  4 18 24 27 56 50 46 50 48  3  5  1 11 19  5 11  5  3 38 54 48  7
  5 12 28  0  9 12 59 13 21  1  0 58 37  4 40 14]",False,False,0.0,0.0,"[np.int64(15), np.int64(54), np.int64(31), np.int64(58), np.int64(1), np.int64(37), np.int64(46), np.int64(63), np.int64(30), np.int64(2), np.int64(57), np.int64(51), np.int64(16), np.int64(9), np.int64(32), np.int64(27), np.int64(42), np.int64(48), np.int64(36), np.int64(63), np.int64(61), np.int64(8), np.int64(13), np.int64(40), np.int64(3), np.int64(45), np.int64(56), np.int64(14), np.int64(36), np.int64(62), np.int64(62), np.int64(22), np.int64(11), np.int64(44), np.int64(32), np.int64(2), np.int64(12), np.int64(7), np.int64(63), np.int64(20), np.int64(22), np.int64(49), np.int64(31), np.int64(2), np.int64(4), np.int64(35), np.int64(36), np.int64(51), np.int64(11), np.int64(19), np.int64(29), np.int64(61), np.int64(31), np.int64(8), np.int64(19), np.int64(57), np.int64(39), np.int64(24), np.int64(42), np.int64(51), np.int64(45), np.int64(62), np.int64(15), np.int64(24)]","[np.int64(0), np.int64(21), np.int64(47), np.int64(31), np.int64(33), np.int64(48), np.int64(34), np.int64(33), np.int64(12), np.int64(45), np.int64(53), np.int64(6), np.int64(26), np.int64(52), np.int64(49), np.int64(47), np.int64(27), np.int64(49), np.int64(23), np.int64(23), np.int64(29), np.int64(54), np.int64(53), np.int64(1), np.int64(59), np.int64(11), np.int64(19), np.int64(41), np.int64(14), np.int64(48), np.int64(17), np.int64(46), np.int64(29), np.int64(40), np.int64(33), np.int64(62), np.int64(53), np.int64(13), np.int64(41), np.int64(4), np.int64(45), np.int64(2), np.int64(27), np.int64(60), np.int64(53), np.int64(4), np.int64(24), np.int64(18), np.int64(53), np.int64(7), np.int64(36), np.int64(14), np.int64(40), np.int64(28), np.int64(16), np.int64(40), np.int64(58), np.int64(25), np.int64(59), np.int64(39), np.int64(7), np.int64(61), np.int64(63), np.int64(20)]",False,False,0.0,0.0,"[ 0. 13. 52. 26. 62. 61. 56. 31. 42. 33.  8. 59.  6.  5. 18. 60. 32. 21.
 58.  2. 51. 44. 27. 46. 23. 50. 15. 43. 10. 63. 30. 35. 20. 34. 36. 54.
 22. 39. 37. 19. 28. 55.  4. 24.  9. 29. 47.  1.  7.  3. 41. 53. 12. 30.
 54. 45. 49. 25. 17. 38. 48. 16. 11. 14.]","[ 0. 28. 13. 38. 32. 27. 42.  1. 19. 56. 43.  0. 33. 25.  2. 12. 51. 18.
 22. 11.  9. 36. 26. 24. 48. 17.  4. 31. 30. 54. 61.  7. 46.  3. 37. 41.
 60. 45. 52. 58. 39. 59. 29. 49. 16. 35. 31. 55. 10. 14. 15. 47.  5.  6.
  8.  9. 50. 21. 57. 23. 20. 62. 40. 40.]",False,False,0.0,0.015625,"[ 0. 19. 13.  8. 44.  0. 40. 41. 38. 53. 43.  3. 52. 10. 17. 41. 38. 18.
 10.  2. 26. 25.  9.  8. 17. 17. 52. 62. 42.  6.  7. 51. 39.  8. 48. 51.
  7. 42. 54. 11. 56. 39. 58. 45. 52. 46. 62. 35. 63. 26. 14. 14.  5. 26.
 13.  1. 46.  6. 27. 29. 22. 49. 45. 20.]","[ 0. 28. 42. 17. 60.  6. 18. 56.  9.  2. 14. 58. 27.  5. 31. 36. 11. 19.
 19. 21. 51. 17. 30. 52. 54. 59. 58. 43. 57.  6. 40. 50. 31. 37. 20. 27.
 17. 26. 40. 30. 10. 14.  8. 23. 32. 46. 44. 11. 37. 12. 34. 47. 40. 40.
  7. 58. 14. 41. 14. 58. 45. 10. 27. 44.]",False,False,0.0,0.0,1.0,0.0,0.0,1.0,0.0,0.0,1.0,0.0,0.0,1.0,0.0,0.0
[0 1 1 ... 0 1 0],"[ 0 27 33 50 60 60 62 57 54 53 62 60 52 54 60 60 62 54 62 63 13 62 60 63
  1 17 13 62 13 26 13 28 26 16 23 10 41 25 25 27 21 18 54 34 52 32 27 17
 13  2 33 54 27 33 33 27 32  2 33 50 13 53 54 27]","[ 0 20 24 21 37  6 30 58 13  2 25 45 34 21 17  3 10 10  5 52  5 30  3 42
 15 42 13 55  7 14  7 62 26  4  6 11 18 40  1 23 13 46 37  7 25 15  1  4
 20 52 12 22  6  5 28 38 17  4  4 52 51  6  0 11]",False,False,0.0,0.0,"[np.int64(52), np.int64(23), np.int64(17), np.int64(26), np.int64(23), np.int64(14), np.int64(51), np.int64(19), np.int64(36), np.int64(6), np.int64(26), np.int64(23), np.int64(13), np.int64(38), np.int64(39), np.int64(27), np.int64(63), np.int64(4), np.int64(54), np.int64(42), np.int64(25), np.int64(40), np.int64(45), np.int64(21), np.int64(62), np.int64(57), np.int64(3), np.int64(45), np.int64(19), np.int64(51), np.int64(39), np.int64(15), np.int64(52), np.int64(33), np.int64(63), np.int64(60), np.int64(4), np.int64(53), np.int64(11), np.int64(44), np.int64(55), np.int64(37), np.int64(11), np.int64(53), np.int64(22), np.int64(5), np.int64(20), np.int64(33), np.int64(57), np.int64(40), np.int64(25), np.int64(54), np.int64(2), np.int64(32), np.int64(2), np.int64(28), np.int64(1), np.int64(48), np.int64(41), np.int64(45), np.int64(12), np.int64(25), np.int64(18), np.int64(9)]","[np.int64(13), np.int64(34), np.int64(19), np.int64(0), np.int64(40), np.int64(59), np.int64(31), np.int64(47), np.int64(29), np.int64(36), np.int64(15), np.int64(13), np.int64(34), np.int64(9), np.int64(12), np.int64(60), np.int64(7), np.int64(50), np.int64(20), np.int64(5), np.int64(40), np.int64(54), np.int64(29), np.int64(59), np.int64(21), np.int64(13), np.int64(15), np.int64(10), np.int64(53), np.int64(30), np.int64(15), np.int64(8), np.int64(44), np.int64(2), np.int64(31), np.int64(58), np.int64(20), np.int64(15), np.int64(60), np.int64(46), np.int64(3), np.int64(62), np.int64(1), np.int64(53), np.int64(17), np.int64(8), np.int64(21), np.int64(20), np.int64(55), np.int64(20), np.int64(61), np.int64(48), np.int64(61), np.int64(46), np.int64(55), np.int64(1), np.int64(39), np.int64(33), np.int64(12), np.int64(31), np.int64(21), np.int64(1), np.int64(53), np.int64(17)]",False,False,0.0,0.0,"[ 0. 46. 34. 13. 36. 54.  1. 49. 38.  4. 32. 29.  0. 50. 40. 19. 56. 12.
  5. 25. 18. 30. 27. 42.  9. 35. 33.  6.  7. 10. 62. 39. 23. 45. 47.  8.
 61. 11. 59. 57. 22. 17.  3. 63. 24. 55. 16. 53. 31.  2. 14. 20. 41. 15.
 21. 37. 51. 26. 44. 59. 48. 52. 28. 60.]","[ 0. 57. 49.  0. 37. 62. 53. 59. 43.  6.  2. 54. 61. 21. 16. 60. 36. 24.
 63. 46. 10. 22.  3. 42.  9.  5. 41. 58. 13. 50. 38. 14. 33.  5. 45. 18.
 15. 25. 55.  1. 17. 30. 35. 47. 27. 32. 39. 19. 20. 40. 52. 26. 18. 16.
 28.  4. 51. 56.  8. 23. 34. 29.  7. 11.]",False,False,0.0,0.015625,"[ 0. 46. 15. 52. 49. 52. 17. 29. 23. 63. 18. 54. 34. 60. 50. 54. 47. 32.
 45.  6. 17. 15. 44. 16. 23. 23. 42. 36. 21. 18.  7. 18. 58. 54. 58. 44.
 29. 42. 32.  5.  9. 16.  5. 47. 15. 36. 25. 16. 42. 37. 38. 54. 60. 24.
 55.  1. 17. 24. 11. 50. 13. 51. 30.  3.]","[ 0. 18. 37. 24. 29. 45. 50. 20. 44. 57. 25. 49. 62. 21. 53. 44. 41.  8.
 33. 17.  9. 44.  3.  6. 34. 11. 52.  5. 24. 35. 60.  3. 15. 38.  4. 30.
 60. 57.  8. 44. 56. 18. 54.  7. 27. 39.  1.  9. 36.  8. 42. 41. 56. 62.
  9. 39. 43. 53.  8. 38. 51. 36. 32. 25.]",False,False,0.0,0.0,1.0,0.0,0.0,1.0,0.0,0.0,1.0,0.2,0.2,1.0,0.2,0.2
[1 0 1 ... 0 0 0],"[ 0 11 37  4  3 54 55  3  3  5 51  4 55  3 55 60 61 55  3  3  4  8 62  5
  5  4  3  8  3  6  4  4  3  4  3  4 22  3  4  5  3  4  5  3 37  3 28  4
  3  3 34  3  4  3  4  5  4  3  7  4  4  4  9  4]","[ 0  4  6  8 55 52  0 46 28 62 20  0 26 26 59 41 15 14  2  8  4 36  7 10
  5  2 55 10 23 39 49  5 12 36 15 45 17 36  9 57 50 14 47 13 35 23 43 56
 16  4 58 33 34  3  5 23 12 25 31 25 12 17 10 24]",False,False,0.0,0.0,"[np.int64(50), np.int64(48), np.int64(28), np.int64(42), np.int64(5), np.int64(44), np.int64(25), np.int64(0), np.int64(35), np.int64(37), np.int64(8), np.int64(38), np.int64(17), np.int64(17), np.int64(60), np.int64(13), np.int64(54), np.int64(20), np.int64(17), np.int64(50), np.int64(9), np.int64(47), np.int64(25), np.int64(28), np.int64(29), np.int64(46), np.int64(34), np.int64(59), np.int64(29), np.int64(50), np.int64(38), np.int64(22), np.int64(49), np.int64(15), np.int64(38), np.int64(33), np.int64(54), np.int64(28), np.int64(42), np.int64(44), np.int64(50), np.int64(35), np.int64(12), np.int64(47), np.int64(46), np.int64(41), np.int64(19), np.int64(11), np.int64(42), np.int64(12), np.int64(0), np.int64(43), np.int64(12), np.int64(51), np.int64(46), np.int64(34), np.int64(45), np.int64(31), np.int64(44), np.int64(41), np.int64(24), np.int64(8), np.int64(39), np.int64(8)]","[np.int64(20), np.int64(14), np.int64(36), np.int64(43), np.int64(28), np.int64(13), np.int64(10), np.int64(15), np.int64(24), np.int64(61), np.int64(15), np.int64(41), np.int64(54), np.int64(30), np.int64(41), np.int64(36), np.int64(15), np.int64(49), np.int64(8), np.int64(56), np.int64(17), np.int64(63), np.int64(9), np.int64(13), np.int64(53), np.int64(26), np.int64(54), np.int64(31), np.int64(52), np.int64(22), np.int64(52), np.int64(39), np.int64(62), np.int64(54), np.int64(59), np.int64(9), np.int64(36), np.int64(21), np.int64(60), np.int64(19), np.int64(31), np.int64(30), np.int64(7), np.int64(27), np.int64(18), np.int64(63), np.int64(26), np.int64(16), np.int64(30), np.int64(38), np.int64(16), np.int64(4), np.int64(40), np.int64(53), np.int64(30), np.int64(3), np.int64(15), np.int64(0), np.int64(32), np.int64(25), np.int64(31), np.int64(45), np.int64(30), np.int64(0)]",False,False,0.0,0.0,"[ 0. 61.  0. 30. 19.  1. 48. 26.  8. 55. 47. 10. 44. 54.  5. 40. 60. 63.
 39. 41. 22. 51. 24. 49. 62.  4.  8. 21.  3. 50. 42. 14. 20. 29. 36.  2.
 27. 33. 17. 57.  7. 16.  6. 53. 37. 15. 52. 32. 23. 58. 25. 56. 28. 46.
 34. 43.  9. 11. 45. 12. 38. 13. 31. 18.]","[ 0.  9. 51. 36. 55.  1.  5. 37. 22. 48. 58. 38.  8. 26. 42. 10. 57. 32.
 31. 18.  4. 46. 60. 11. 36. 24. 17. 19. 14.  0. 50. 62. 12. 35. 19. 29.
 47. 61.  3. 27. 56. 22. 44. 21. 54. 25. 59. 15. 16. 21.  2. 33. 53. 63.
 34. 43. 49. 28. 20. 39.  6. 45.  7. 40.]",False,False,0.0,0.015625,"[ 0. 25. 16. 48.  0. 12.  1. 14. 57.  1. 16.  7. 37. 46. 54. 41.  1. 55.
 15. 60. 41. 37. 12. 32. 16. 32.  8. 10. 51. 23. 27. 44. 44. 39. 33. 13.
 27. 63. 16. 17. 11. 56. 47. 48. 52. 42.  6. 19. 30.  7. 45. 19. 56. 30.
 26. 37. 32. 38. 38. 25.  4. 26. 16. 50.]","[ 0. 49. 22. 15. 55. 42. 33. 42. 28. 27. 20. 38. 21. 32. 31. 41. 19. 32.
  2. 18. 37. 36.  3.  8.  5. 30. 55. 39. 11. 12. 13. 48. 33. 28. 51. 43.
 52. 36. 19. 46. 56.  0. 47.  3. 56. 40.  5. 56.  1. 41.  2. 57. 32.  1.
  5. 43. 53. 62. 45.  4. 44. 34. 44. 56.]",False,False,0.0,0.0,1.0,0.0,0.0,1.0,0.0,0.0,1.0,0.0,0.0,1.0,0.2,0.2
[0 0 0 ... 0 1 0],"[ 0 37 43 29 54 46 45 52 57 57 63 59 55 62 59 62 62 61 61  3 63 59 62 63
 63 62  6 63  7 63 21 23 23 12 39 27 27  3 21 21 27 54 24 35 23 23 28 54
 12 46 39 39 54 45  3 29  3 55 55 27  3 12 12 12]","[ 0  6 15 11  8 56 37  1 48 61  9 49 63 62 44 40 39 28 24  6  5 32 11  1
  3  9  4 18 10  2 51  3  4  3 42 12  8 42 12  4  2 16  5  0 10 10 28 13
 21 20 25 48 11  7  2 15 19 17 43 15  1 56 36 14]",False,False,0.0,0.0,"[np.int64(51), np.int64(37), np.int64(46), np.int64(38), np.int64(16), np.int64(46), np.int64(47), np.int64(55), np.int64(26), np.int64(34), np.int64(3), np.int64(3), np.int64(36), np.int64(18), np.int64(7), np.int64(16), np.int64(7), np.int64(13), np.int64(28), np.int64(13), np.int64(27), np.int64(22), np.int64(51), np.int64(22), np.int64(18), np.int64(11), np.int64(19), np.int64(17), np.int64(49), np.int64(40), np.int64(6), np.int64(26), np.int64(50), np.int64(58), np.int64(7), np.int64(63), np.int64(53), np.int64(18), np.int64(33), np.int64(35), np.int64(48), np.int64(49), np.int64(33), np.int64(10), np.int64(16), np.int64(48), np.int64(24), np.int64(29), np.int64(22), np.int64(6), np.int64(13), np.int64(61), np.int64(12), np.int64(18), np.int64(23), np.int64(7), np.int64(34), np.int64(61), np.int64(46), np.int64(62), np.int64(1), np.int64(51), np.int64(20), np.int64(19)]","[np.int64(20), np.int64(31), np.int64(18), np.int64(59), np.int64(46), np.int64(54), np.int64(30), np.int64(38), np.int64(28), np.int64(59), np.int64(39), np.int64(57), np.int64(39), np.int64(23), np.int64(10), np.int64(0), np.int64(4), np.int64(22), np.int64(13), np.int64(35), np.int64(28), np.int64(3), np.int64(39), np.int64(37), np.int64(1), np.int64(6), np.int64(52), np.int64(57), np.int64(13), np.int64(26), np.int64(31), np.int64(62), np.int64(8), np.int64(31), np.int64(12), np.int64(50), np.int64(10), np.int64(8), np.int64(26), np.int64(8), np.int64(37), np.int64(4), np.int64(13), np.int64(46), np.int64(53), np.int64(51), np.int64(53), np.int64(35), np.int64(63), np.int64(54), np.int64(22), np.int64(21), np.int64(13), np.int64(6), np.int64(15), np.int64(8), np.int64(54), np.int64(49), np.int64(58), np.int64(25), np.int64(7), np.int64(21), np.int64(34), np.int64(38)]",False,False,0.0,0.0,"[ 0. 58. 14.  6. 36. 49.  8.  3. 10. 20. 15. 21. 63. 46. 11. 16. 54. 41.
 43. 62. 37. 55. 34. 24. 59. 19.  4. 42. 50.  0.  9. 57. 25. 38. 48. 47.
 32. 27. 40. 28. 13. 52. 61.  5. 18. 12.  1. 23. 35. 26. 50. 33. 56. 17.
 60. 29. 31. 30.  7. 53. 22. 39.  2. 51.]","[ 0. 51. 12. 20. 50. 39. 25.  1. 32. 16.  8. 46. 55. 60. 35. 19. 29.  4.
 47.  3. 49. 24. 11. 10. 62. 24. 44. 18. 14. 27. 22. 36. 28. 56. 31. 52.
 63. 57.  2.  6. 61. 33.  5. 13.  9. 21. 41. 15. 58. 59. 45. 48. 17. 43.
 30. 53.  0. 51. 40. 34. 23. 38. 54. 37.]",False,False,0.0,0.015625,"[ 0. 37. 17. 26. 62.  0. 37. 46. 32. 32. 16. 61. 42. 39. 21. 36. 28. 45.
 36.  2. 63. 44. 11. 59. 11. 54. 40. 16.  6. 62. 17. 11. 26.  0. 35. 17.
 60. 58.  2. 25. 28. 47. 13. 52. 38. 12. 39. 25. 23. 26. 49. 59. 33. 60.
 28. 37. 34. 45. 37. 50. 21.  2.  7. 40.]","[ 0.  4. 24. 18.  8. 56. 35. 20. 17. 30. 17. 41. 42. 37. 44. 40. 29. 28.
  9. 52. 48. 16. 21. 49. 53.  9. 42. 19. 33. 46. 51. 15. 20. 58. 50. 63.
 49. 34.  9.  5.  2. 16. 25. 59. 30. 47. 59. 19. 21. 33. 26. 58. 10. 45.
 40. 59. 38. 26. 15. 60.  6. 53. 29. 42.]",False,False,0.0,0.0,1.0,0.0,0.0,1.0,0.0,0.0,1.0,0.0,0.0,1.0,0.2,0.2
