As,Argmax_Model_Trees,Argmax_True_Trees,Argmax_Model_Mask,Argmax_True_Mask,Argmax_Model_Accuracy,Argmax_True_Accuracy,Random_Model_Trees,Random_True_Trees,Random_Model_Mask,Random_True_Mask,Random_Model_Accuracy,Random_True_Accuracy,Tree_Model_Trees,Tree_True_Trees,Tree_Model_Mask,Tree_True_Mask,Tree_Model_Accuracy,Tree_True_Accuracy,Greedy_Model_Trees,Greedy_True_Trees,Greedy_Model_Mask,Greedy_True_Mask,Greedy_Model_Accuracy,Greedy_True_Accuracy,Argmax_Model_Uniques,Argmax_Model_Valids_Uniques,Argmax_Model_Valids,Argmax_Model_Unique_Counts,Argmax_Model_Valid_Unique_Counts,Argmax_Model_Valid_Counts,Argmax_True_Uniques,Argmax_True_Valids_Uniques,Argmax_True_Valids,Argmax_True_Unique_Counts,Argmax_True_Valid_Unique_Counts,Argmax_True_Valid_Counts,Random_Model_Uniques,Random_Model_Valids_Uniques,Random_Model_Valids,Random_Model_Unique_Counts,Random_Model_Valid_Unique_Counts,Random_Model_Valid_Counts,Random_True_Uniques,Random_True_Valids_Uniques,Random_True_Valids,Random_True_Unique_Counts,Random_True_Valid_Unique_Counts,Random_True_Valid_Counts,Tree_Model_Uniques,Tree_Model_Valids_Uniques,Tree_Model_Valids,Tree_Model_Unique_Counts,Tree_Model_Valid_Unique_Counts,Tree_Model_Valid_Counts,Tree_True_Uniques,Tree_True_Valids_Uniques,Tree_True_Valids,Tree_True_Unique_Counts,Tree_True_Valid_Unique_Counts,Tree_True_Valid_Counts,Greedy_Model_Uniques,Greedy_Model_Valids_Uniques,Greedy_Model_Valids,Greedy_Model_Unique_Counts,Greedy_Model_Valid_Unique_Counts,Greedy_Model_Valid_Counts,Greedy_True_Uniques,Greedy_True_Valids_Uniques,Greedy_True_Valids,Greedy_True_Unique_Counts,Greedy_True_Valid_Unique_Counts,Greedy_True_Valid_Counts
"[0.500999   1.00049988 0.         0.         0.70781353 0.
 0.         1.00049988 0.         0.         0.         0.
 0.         1.00049988 0.         0.         1.00049988 1.00049988
 0.500999   0.         0.         0.         0.         0.
 0.         1.00049988 0.         0.         0.         0.500999
 0.70781353 1.00049988 0.         0.500999   0.         0.
 0.         0.         0.         0.         0.500999   0.
 0.         0.         0.         0.         0.         0.
 0.         0.         0.         0.         0.         0.
 0.         0.         0.         0.         0.         0.70781353
 0.         0.500999   0.70781353 0.70781353 0.70781353 0.
 0.         0.         0.         0.         0.         0.
 1.00049988 0.500999   0.         0.         0.         0.
 0.         0.         0.         0.         0.         0.
 0.         0.500999   0.         0.         0.70781353 0.
 0.         0.         0.500999   0.         0.         0.
 0.         0.         0.         0.         0.         0.
 0.500999   1.00049988 0.         0.         0.70781353 0.
 0.         0.         0.70781353 0.         1.00049988 0.
 0.         0.         0.         0.         1.00049988 0.500999
 0.         0.         0.         0.         0.         0.
 0.         0.         0.         0.         0.500999   0.
 1.00049988 0.70781353 0.         0.         0.         0.500999
 0.         0.         0.         0.         0.70781353 0.
 0.         1.00049988 0.         0.         0.500999   0.
 0.         0.         0.500999   0.         0.         0.70781353
 0.500999   0.         0.         1.00049988 0.         0.
 0.         0.         0.         0.         0.70781353 0.
 0.         0.         0.500999   0.         0.         0.70781353
 0.         0.         0.         0.         0.         0.70781353
 0.         0.         0.         0.         0.         0.70781353
 0.         0.500999   0.         0.70781353 0.         0.
 0.         0.         0.         0.         0.         0.500999
 0.         0.         0.         0.500999   0.         0.
 0.500999   0.         0.         0.         1.00049988 0.500999
 0.         0.500999   0.         0.         0.         0.
 0.         0.         0.70781353 0.70781353 0.         0.
 0.         0.500999   0.         0.70781353 0.         0.70781353
 0.         0.         0.70781353 0.         0.70781353 0.
 0.         0.         0.         0.         0.         0.
 0.         1.00049988 0.         0.70781353 0.         0.
 0.         0.         0.         1.00049988 0.         0.
 0.         0.500999   0.         0.500999  ]",[ 4  2  8 13  4 12 14  0  9  4 13  9  9  1  8 13],[ 4  2  8 13  4 12 10  0  9  4 13  9  9  1  8 13],True,True,0.34375,0.546875,"[np.int64(10), np.int64(4), np.int64(13), np.int64(11), np.int64(2), np.int64(7), np.int64(10), np.int64(15), np.int64(0), np.int64(6), np.int64(4), np.int64(0), np.int64(4), np.int64(5), np.int64(6), np.int64(9)]","[np.int64(12), np.int64(6), np.int64(15), np.int64(0), np.int64(8), np.int64(15), np.int64(8), np.int64(0), np.int64(4), np.int64(9), np.int64(11), np.int64(8), np.int64(1), np.int64(5), np.int64(5), np.int64(3)]",False,False,0.0,0.0,[ 4  2  8 13  4 12 14  0  9  4 13  9  9  1  8 13],[ 4  2  8 13  4 12 10  0  9  4 13  9  9  1  8 13],True,True,0.46875,0.4375,[ 4  2  8 13  4 12 10  0  9  4 13  9  9  1  8 13],[ 4  2  8 13  4 12 10  0  9  4 13  9  9  1  8 13],True,True,0.21875,0.28125,0.04,1.0,1.0,1,1,25,0.04,1.0,1.0,1,1,25,1.0,0.0,0.0,25,0,0,1.0,0.0,0.0,25,0,0,0.08,1.0,1.0,2,2,25,0.12,1.0,1.0,3,3,25,0.12,0.6666666666666666,0.96,3,2,24,0.16,1.0,1.0,4,4,25
"[1.00049988 0.         0.         0.70781353 0.         0.
 0.         0.         0.         0.         0.         0.
 0.         0.         0.         0.         0.         1.00049988
 0.70781353 0.         0.         0.         0.         0.
 0.         0.         0.         1.00049988 0.70781353 0.
 0.         1.00049988 0.         0.70781353 1.00049988 1.00049988
 0.70781353 0.         0.         0.         1.00049988 0.
 0.         0.         0.         1.00049988 0.         0.500999
 0.70781353 0.         1.00049988 1.00049988 1.00049988 0.70781353
 0.         0.         0.         0.         0.         0.
 0.         0.         0.         0.         0.         0.
 0.70781353 1.00049988 0.         0.500999   0.         0.
 0.         0.500999   0.500999   0.500999   0.         0.
 0.         0.         0.         0.         0.         0.70781353
 0.500999   0.         0.70781353 0.         0.         0.
 0.500999   0.         0.         0.70781353 0.         0.
 0.         0.         0.         0.         0.         0.70781353
 0.         0.         0.         0.         0.         1.00049988
 0.500999   0.500999   0.         0.         0.         0.
 0.         0.         0.         0.         0.         1.00049988
 0.         0.         0.         0.         0.         0.
 0.70781353 0.         0.         0.         1.00049988 0.
 0.         0.         0.         0.         0.500999   0.
 0.70781353 0.         0.         0.         0.         0.
 0.         0.         0.         0.         0.500999   0.
 0.         0.         0.         0.         0.         0.
 0.         0.         0.         0.70781353 0.         0.
 0.         0.         0.500999   0.500999   0.         0.
 0.70781353 0.         0.         0.         0.         0.
 0.         0.         0.         1.00049988 0.         0.
 0.500999   0.         1.00049988 0.         0.         0.
 0.         0.         0.         0.         0.         0.500999
 0.         0.70781353 0.         0.         0.         0.
 0.500999   0.         0.         0.         0.         0.
 0.         0.         0.70781353 0.         0.         0.
 1.00049988 0.         0.         0.70781353 0.500999   0.
 0.         0.         0.         0.         0.         0.
 1.00049988 0.70781353 0.         0.         0.         0.
 0.         0.         0.         0.70781353 0.         0.
 0.         0.         0.70781353 1.00049988 0.500999   0.70781353
 0.         1.00049988 0.500999   0.         0.         0.
 0.         0.         0.         0.70781353 0.         0.500999
 0.         0.70781353 0.70781353 0.500999  ]",[ 3  2 15  5 11  4 13 14 10  4  4 11  6  6 15 11],[ 3  2 15  5 11  4  5 14 10  4  4 11  6  6 15 11],False,True,0.34375,0.546875,"[np.int64(3), np.int64(3), np.int64(0), np.int64(5), np.int64(7), np.int64(13), np.int64(3), np.int64(13), np.int64(6), np.int64(5), np.int64(8), np.int64(0), np.int64(8), np.int64(11), np.int64(12), np.int64(2)]","[np.int64(8), np.int64(11), np.int64(15), np.int64(13), np.int64(7), np.int64(3), np.int64(10), np.int64(5), np.int64(3), np.int64(1), np.int64(14), np.int64(5), np.int64(10), np.int64(11), np.int64(9), np.int64(14)]",False,False,0.0,0.0,[ 3  2 15  5 11  4  5 14 10  4  4 11  6 15 15 11],[ 3  2 15  5 11  4  5 14 10  4  4 11 14  5 15 11],False,False,0.46875,0.4375,[ 3  2 15  5 11  4 12 14 10  4  4 11  6 15 15 11],[ 3  2 15  5 11  4 13 14 10  4  4 11  6  6 15 11],False,False,0.21875,0.28125,0.04,0.0,0.0,1,0,0,0.04,1.0,1.0,1,1,25,1.0,0.0,0.0,25,0,0,1.0,0.0,0.0,25,0,0,0.32,0.25,0.56,8,2,14,0.28,0.42857142857142855,0.48,7,3,12,0.12,0.3333333333333333,0.04,3,1,1,0.16,0.5,0.28,4,2,7
"[1.00049988 0.         0.         0.         0.         0.70781353
 0.70781353 0.         0.         0.         0.         0.
 0.         0.70781353 0.         0.         0.         0.500999
 0.         1.00049988 0.         0.         0.         0.
 0.         0.500999   0.         1.00049988 0.         0.
 0.         0.         0.         0.         0.500999   0.
 0.         0.70781353 0.500999   0.500999   0.         0.
 0.         0.         1.00049988 0.         0.         0.
 0.         1.00049988 0.         0.         0.         0.70781353
 0.         0.         0.         0.         0.         0.
 0.         0.         0.70781353 0.         0.         0.
 0.         0.         1.00049988 0.         0.         0.
 0.         1.00049988 0.         0.         0.         0.
 0.         0.500999   0.70781353 0.         0.70781353 0.70781353
 0.         0.500999   0.         0.         0.70781353 0.
 0.         0.         0.         0.         0.500999   0.
 0.70781353 0.         0.500999   0.         0.         0.
 1.00049988 0.         0.         0.70781353 0.         0.
 0.         0.         0.         1.00049988 0.         0.
 0.500999   0.         0.         0.         0.         0.500999
 0.70781353 0.         1.00049988 0.         0.500999   1.00049988
 0.70781353 0.70781353 0.         0.         0.         0.
 0.         0.70781353 0.         0.70781353 1.00049988 0.
 0.         0.         0.         0.70781353 0.         0.
 0.         0.500999   0.         0.         1.00049988 0.
 0.70781353 0.         0.         0.500999   0.         0.
 0.         0.70781353 0.         0.         0.         0.
 0.         0.         0.         0.         0.         1.00049988
 0.         0.         0.         0.70781353 0.         0.
 0.70781353 0.         0.         1.00049988 0.         0.
 0.         0.         0.         0.         0.         0.
 0.70781353 0.500999   0.         0.         0.         0.
 0.         0.         1.00049988 0.         0.         0.
 0.         0.500999   0.         0.         0.         0.
 0.         0.         0.         0.         0.70781353 0.
 0.         0.         0.         0.         0.         1.00049988
 0.70781353 0.70781353 0.         0.         0.         0.500999
 0.         0.         0.         0.         0.         0.70781353
 0.         0.500999   0.         0.70781353 0.         0.
 0.70781353 0.         0.         0.         1.00049988 0.
 0.         0.         0.         0.         0.500999   0.
 1.00049988 0.70781353 0.         0.         0.         0.
 0.         0.         0.         1.00049988]",[ 6  9  7  5  4 14  2 15  7  6 14 10  7  0  5  4],[ 6  9  7 14  4 14  2 15  7  6 14 10  7  8  7  4],False,True,0.34375,0.546875,"[np.int64(8), np.int64(4), np.int64(1), np.int64(9), np.int64(7), np.int64(4), np.int64(2), np.int64(9), np.int64(4), np.int64(7), np.int64(3), np.int64(4), np.int64(8), np.int64(10), np.int64(0), np.int64(10)]","[np.int64(11), np.int64(2), np.int64(15), np.int64(0), np.int64(3), np.int64(6), np.int64(10), np.int64(1), np.int64(12), np.int64(4), np.int64(7), np.int64(8), np.int64(9), np.int64(7), np.int64(0), np.int64(3)]",False,False,0.0,0.0,[ 6  9  7  5  4  2  2 15  7  6 14 10  7  0  5  4],[ 6  9  7  5  4 14  2 15  7  6 14 10  7  8  7  4],True,True,0.46875,0.4375,[ 6  9  7  5  4 14  2 15  7  1 14 10  7  9  5  4],[ 6  9  7 14  4 14  2 15  7  6 14 10  7  9  5  4],False,False,0.21875,0.28125,0.04,0.0,0.0,1,0,0,0.04,1.0,1.0,1,1,25,1.0,0.0,0.0,25,0,0,1.0,0.0,0.0,25,0,0,0.56,0.7142857142857143,0.8,14,10,20,0.44,0.6363636363636364,0.6,11,7,15,0.52,0.0,0.0,13,0,0,0.4,0.3,0.16,10,3,4
"[0.         0.         0.         0.         0.         0.
 0.500999   0.         0.         0.         0.         0.70781353
 0.         0.         0.         0.         0.         0.
 0.         0.         0.70781353 0.         0.         0.
 0.         0.         1.00049988 0.         1.00049988 0.
 0.         0.         0.         0.         0.         0.
 0.         0.         0.         0.         0.         0.
 0.500999   0.         0.70781353 0.70781353 0.         0.
 0.         0.         0.         0.500999   0.         0.70781353
 0.         0.500999   0.         0.         0.         0.70781353
 0.         0.         0.         0.         0.         0.70781353
 0.         0.         0.         0.         0.         0.
 0.         0.500999   0.70781353 0.         0.         0.
 0.         0.         0.         0.         0.         0.70781353
 0.         0.         0.         0.         0.70781353 0.500999
 0.         0.         0.         0.         0.         0.
 0.500999   0.         0.         0.         0.         0.
 0.         0.         0.         0.         0.         0.500999
 0.         0.70781353 0.         0.500999   0.         0.
 0.         0.500999   0.         0.         0.         0.500999
 0.70781353 0.70781353 0.         0.70781353 0.         0.
 0.70781353 0.         0.         0.         0.         0.
 0.         0.70781353 0.         0.70781353 0.         0.
 0.         0.         0.70781353 0.         0.         0.
 0.         0.         0.         0.         0.500999   0.500999
 0.         0.70781353 0.         0.         0.         0.500999
 0.         0.         0.         0.         0.         1.00049988
 0.500999   0.         0.70781353 0.         0.         0.
 0.         0.         1.00049988 0.         0.         0.70781353
 0.         0.500999   0.70781353 0.         0.         0.70781353
 0.         0.         0.500999   0.70781353 0.         0.500999
 0.         0.         0.         0.         0.500999   0.
 0.         1.00049988 0.70781353 0.         0.         0.
 0.         0.         0.70781353 0.         0.         0.
 0.         0.         1.00049988 1.00049988 0.         0.
 0.70781353 0.         0.         0.         0.70781353 0.
 0.         0.         0.70781353 0.         0.         0.
 0.70781353 0.70781353 0.         0.         0.         0.
 0.         0.         0.         0.70781353 0.         0.
 0.         0.500999   1.00049988 0.70781353 0.         0.
 0.         0.         0.         0.         0.         0.
 0.500999   0.         0.         0.         0.500999   0.
 1.00049988 0.70781353 0.         0.        ]",[ 6  4 10  7  9  5 11  3  5  5 15  9  2  6 11  6],[ 6  4 10  7  9  5 11  9  5  5 15  9  2  6 11  6],False,True,0.34375,0.546875,"[np.int64(4), np.int64(1), np.int64(3), np.int64(4), np.int64(5), np.int64(10), np.int64(13), np.int64(5), np.int64(7), np.int64(2), np.int64(7), np.int64(2), np.int64(8), np.int64(15), np.int64(6), np.int64(4)]","[np.int64(2), np.int64(4), np.int64(12), np.int64(1), np.int64(3), np.int64(11), np.int64(4), np.int64(4), np.int64(4), np.int64(2), np.int64(7), np.int64(13), np.int64(3), np.int64(13), np.int64(13), np.int64(3)]",False,False,0.0,0.0,[ 6  4 10  5  9  5 11  3  5  5 15  9  8 14 11  6],[ 6  4 10  5  9  5 11  9  5  5 15  9  2 14 11  6],True,False,0.46875,0.4375,[ 6  4 10  7  9  5 11  3  5  5 15  9  2 14 11  6],[ 6  4 10  7  9  5 11  9  5  5 15  9  2  6 11  6],False,True,0.21875,0.28125,0.04,0.0,0.0,1,0,0,0.04,1.0,1.0,1,1,25,1.0,0.0,0.0,25,0,0,1.0,0.0,0.0,25,0,0,0.36,0.7777777777777778,0.92,9,7,23,0.24,0.6666666666666666,0.52,6,4,13,0.32,0.375,0.2,8,3,5,0.24,0.5,0.36,6,3,9
"[0.500999   0.70781353 0.         0.         0.70781353 0.
 0.         0.         0.         1.00049988 0.         1.00049988
 0.70781353 0.         0.         0.         0.70781353 1.00049988
 0.         0.         0.         0.         0.         0.
 0.500999   0.         0.         0.         0.         0.
 0.         0.70781353 0.         0.         0.         0.
 0.         0.         0.         0.70781353 0.         0.
 0.         0.         0.         0.         0.         0.
 0.         0.         0.         1.00049988 0.         0.
 0.         0.         1.00049988 0.         0.         0.
 0.         0.         0.         0.70781353 0.70781353 0.
 0.         0.         0.         0.500999   0.         0.
 0.         1.00049988 0.         0.500999   0.         1.00049988
 0.         0.         0.         0.         0.         0.
 0.500999   0.500999   0.         0.         0.         0.
 0.         0.         0.70781353 0.500999   0.         0.
 0.         0.         0.         0.         0.         0.
 0.         0.         0.         0.         0.         0.
 0.         0.         0.         0.         0.         0.
 0.70781353 0.         0.         0.         0.         1.00049988
 0.         0.         0.         0.         0.         0.
 0.70781353 0.70781353 0.         0.500999   0.         1.00049988
 0.         0.         0.         0.         1.00049988 0.
 0.         0.70781353 0.500999   0.         0.         0.
 1.00049988 0.         0.         0.         1.00049988 0.
 0.         0.         0.         1.00049988 0.         0.
 0.500999   0.         0.         0.         0.         0.
 0.         0.         0.         0.         0.         0.
 0.         0.         0.         0.         0.         0.
 0.         0.         1.00049988 0.         0.         0.
 0.500999   0.         0.         0.         0.70781353 0.
 0.         0.500999   0.         0.         0.         0.
 0.70781353 0.         0.         0.         0.         0.70781353
 0.         0.         0.500999   0.500999   0.         0.
 0.         0.         0.         0.         0.         0.
 0.         0.         1.00049988 0.500999   0.         0.
 0.         0.         0.         0.         0.         0.500999
 0.70781353 0.70781353 0.         0.         0.         0.
 0.         0.         0.         0.70781353 0.         0.
 0.         0.         0.         0.70781353 0.         0.70781353
 0.         0.70781353 0.         0.70781353 0.         0.
 0.         0.70781353 0.         0.         0.         0.
 0.         0.70781353 0.70781353 1.00049988]",[ 1  1  7 15 11  4  6 15  1 12 10  4  8  5 13  1],[ 1  1  7 15  5  4  6 15  1 12 10  4  8  5 13  1],False,False,0.34375,0.546875,"[np.int64(15), np.int64(15), np.int64(9), np.int64(13), np.int64(8), np.int64(5), np.int64(5), np.int64(6), np.int64(15), np.int64(2), np.int64(8), np.int64(8), np.int64(3), np.int64(10), np.int64(14), np.int64(8)]","[np.int64(9), np.int64(14), np.int64(7), np.int64(4), np.int64(10), np.int64(11), np.int64(4), np.int64(10), np.int64(2), np.int64(13), np.int64(8), np.int64(14), np.int64(2), np.int64(3), np.int64(4), np.int64(8)]",False,False,0.0,0.0,[ 1  1  7 15  0 12  6 15  1 12 10  8  8  5 13  1],[ 1  1  7 15  0 12  6 15  1 12 10  8  8  5 13  1],False,False,0.46875,0.4375,[ 1  1  7 15 11  4  6 14  1 12 10  4  8  5 15  1],[ 1  1  7 15 11  4  6 15  1 12 10  4  8  5 15  1],False,False,0.21875,0.28125,0.04,0.0,0.0,1,0,0,0.04,0.0,0.0,1,0,0,1.0,0.0,0.0,25,0,0,1.0,0.0,0.0,25,0,0,0.84,0.14285714285714285,0.12,21,3,3,0.68,0.35294117647058826,0.4,17,6,10,0.56,0.07142857142857142,0.04,14,1,1,0.48,0.0,0.0,12,0,0
"[0.500999   0.70781353 0.70781353 0.         1.00049988 0.
 0.500999   0.70781353 0.         0.         0.         0.
 0.         0.         0.         0.         0.70781353 0.
 0.70781353 0.         0.         0.         0.         0.
 0.         0.500999   0.         0.         0.         0.
 0.         0.         0.70781353 0.70781353 0.         0.70781353
 0.         0.         1.00049988 0.         0.         0.
 0.         0.         0.         0.         0.70781353 0.
 0.         0.         0.70781353 0.         0.         0.
 1.00049988 0.         0.         0.         0.         0.
 0.         0.         0.         0.         1.00049988 0.
 0.         0.         1.00049988 0.70781353 0.         0.
 0.         0.         1.00049988 0.         0.70781353 0.
 0.         0.         0.         0.         0.         0.
 0.70781353 0.         0.         0.70781353 0.70781353 0.
 0.         1.00049988 0.500999   0.         1.00049988 0.
 0.500999   0.         1.00049988 1.00049988 0.         0.
 0.         0.         0.         0.         0.         0.
 0.         0.         0.500999   0.         0.70781353 0.
 0.         0.         0.         0.70781353 0.         0.
 0.         0.70781353 0.         0.         0.         0.
 0.         0.         0.         0.         0.         0.
 0.         0.70781353 0.         0.         0.         0.
 0.         0.500999   0.         0.         0.         0.
 0.         0.500999   0.         0.         0.         0.
 0.         0.70781353 0.         0.500999   0.         0.
 0.         0.         0.         0.         0.         0.
 0.         0.         1.00049988 0.         0.         0.
 0.         0.         1.00049988 0.         0.         0.
 1.00049988 0.         0.         0.         0.         0.
 0.         1.00049988 0.         0.         0.500999   0.
 0.         0.         0.         0.         0.70781353 0.70781353
 0.         0.         0.         0.         0.70781353 0.500999
 0.         0.         0.         0.         0.         0.
 1.00049988 0.         0.         1.00049988 0.         0.
 0.         0.         0.         0.         0.         0.
 0.         0.         0.         0.         0.         0.
 0.         0.         0.         0.         0.70781353 0.
 0.         1.00049988 0.500999   0.         0.         0.
 1.00049988 0.70781353 0.         0.         0.         1.00049988
 0.         0.         0.         0.         0.         0.
 0.         0.         0.         0.         0.         0.70781353
 1.00049988 0.         1.00049988 0.        ]",[ 6  0 14  2  5  7 14  0 11  1 14 14  5 13 14 11],[ 6  0 14  2  5  7 14  0 11  1 14 14  5 13 14 11],True,True,0.34375,0.546875,"[np.int64(10), np.int64(11), np.int64(3), np.int64(2), np.int64(9), np.int64(13), np.int64(14), np.int64(4), np.int64(4), np.int64(8), np.int64(1), np.int64(4), np.int64(0), np.int64(9), np.int64(13), np.int64(7)]","[np.int64(12), np.int64(5), np.int64(14), np.int64(6), np.int64(1), np.int64(6), np.int64(5), np.int64(4), np.int64(3), np.int64(7), np.int64(9), np.int64(5), np.int64(10), np.int64(1), np.int64(9), np.int64(1)]",False,False,0.0,0.0,[ 6  2 14  2  0  7 14  0 11  1 14 14  5 13 14 11],[ 6  0 14  2  5  7 14  0 11  1 14 14  5 13 14 11],False,True,0.46875,0.4375,[ 6  9 14  2  5  7 14  0 11  1 14 14  5 13 14 11],[ 6  0 14  2  5  7 14  0 11  1 14 14  5 13 14 11],False,True,0.21875,0.28125,0.04,1.0,1.0,1,1,25,0.04,1.0,1.0,1,1,25,1.0,0.0,0.0,25,0,0,1.0,0.0,0.0,25,0,0,0.56,0.21428571428571427,0.44,14,3,11,0.2,0.4,0.84,5,2,21,0.32,0.25,0.16,8,2,4,0.24,0.3333333333333333,0.44,6,2,11
"[0.         0.         0.70781353 0.         0.         0.
 0.         0.         0.70781353 0.         0.         0.
 0.         0.         0.         0.         0.         0.
 0.         0.         1.00049988 0.70781353 0.         0.500999
 0.         0.70781353 0.         0.70781353 0.         0.
 0.500999   0.         0.70781353 0.         0.500999   0.
 1.00049988 0.         0.         0.70781353 0.         0.
 0.         0.         0.         0.70781353 0.70781353 0.70781353
 0.         0.         0.         1.00049988 0.         0.70781353
 1.00049988 0.70781353 0.         0.         0.70781353 0.
 0.         0.         0.         0.         0.         1.00049988
 1.00049988 0.         0.         0.500999   0.         0.
 0.         0.         0.70781353 0.70781353 0.500999   0.
 0.70781353 0.         0.         0.70781353 0.         0.70781353
 0.500999   0.         0.70781353 0.         0.         0.
 0.500999   0.         0.         0.         0.70781353 0.
 0.         0.         0.         1.00049988 0.         0.70781353
 1.00049988 0.500999   0.         0.70781353 0.         1.00049988
 0.         0.         0.         0.         0.         0.500999
 0.70781353 0.70781353 0.         0.         0.500999   0.500999
 0.         0.         0.         0.70781353 0.500999   0.
 0.         0.         0.70781353 0.         0.         0.
 0.         0.         0.         0.         0.         0.70781353
 0.         0.         0.         0.         0.         0.
 0.         0.70781353 0.         0.         0.         0.
 0.70781353 0.         0.70781353 0.         0.         0.
 0.         0.         0.         0.70781353 0.         0.
 0.         0.70781353 0.70781353 0.500999   0.         0.
 0.         0.         1.00049988 0.         0.         0.
 0.         0.         0.         0.70781353 0.         0.
 0.70781353 0.         1.00049988 0.70781353 0.         0.
 0.         0.         0.500999   0.70781353 0.         0.70781353
 0.         0.         0.         0.         0.500999   0.
 0.         0.500999   0.         0.         0.         0.500999
 0.         0.70781353 1.00049988 0.         0.         0.
 0.70781353 0.         0.         0.         0.         0.
 0.         0.         0.         0.70781353 0.70781353 0.500999
 0.         0.         0.         0.500999   0.70781353 0.
 0.70781353 0.70781353 0.         0.         0.         0.
 0.         0.         1.00049988 0.         0.500999   0.
 0.         0.         0.70781353 0.         0.         0.
 0.         0.         0.         0.70781353 0.         0.70781353
 0.         0.         0.         0.500999  ]",[ 2  7  7  7 12  4  7 12  9  1  5 12 12 12  1 11],[ 2  7  7  7 12  4  7 12  9  6  5 12 12 12  1 11],True,True,0.34375,0.546875,"[np.int64(15), np.int64(1), np.int64(2), np.int64(2), np.int64(14), np.int64(11), np.int64(7), np.int64(11), np.int64(2), np.int64(14), np.int64(11), np.int64(12), np.int64(13), np.int64(1), np.int64(2), np.int64(0)]","[np.int64(4), np.int64(5), np.int64(11), np.int64(3), np.int64(5), np.int64(9), np.int64(10), np.int64(8), np.int64(5), np.int64(5), np.int64(1), np.int64(0), np.int64(8), np.int64(2), np.int64(11), np.int64(12)]",False,False,0.0,0.0,[ 2  7  7  5 12  4  7 12  9  6  5 12 12 12  1 11],[ 2  7  7  7 12  4  7 12  9  6  5 12 12 12  1 11],True,True,0.46875,0.4375,[ 2  7  7  7 12  4  7 12  0  1  5 12 12 12  1 11],[ 2  7  7  7 12  4  7 12  9  6  5 12 12 12  1 11],True,True,0.21875,0.28125,0.04,1.0,1.0,1,1,25,0.04,1.0,1.0,1,1,25,1.0,0.0,0.0,25,0,0,1.0,0.0,0.0,25,0,0,0.36,1.0,1.0,9,9,25,0.36,1.0,1.0,9,9,25,0.44,0.9090909090909091,0.88,11,10,22,0.28,1.0,1.0,7,7,25
"[0.         0.         0.         0.         0.70781353 0.
 0.         1.00049988 0.500999   0.         0.         0.
 0.         0.70781353 0.         0.         0.         0.
 0.         0.         0.         0.         0.         0.
 0.         0.         1.00049988 1.00049988 0.         0.
 0.         0.         0.         0.         1.00049988 0.
 0.70781353 0.         0.         0.         0.         0.
 0.         0.         0.         0.         0.         0.
 0.         0.         0.         1.00049988 0.70781353 0.
 1.00049988 0.         0.500999   0.70781353 0.         0.
 1.00049988 0.70781353 0.500999   0.         0.70781353 0.
 0.70781353 0.70781353 0.         0.70781353 0.         0.
 0.         0.         0.         0.         0.         0.
 0.         0.         0.         0.         0.         0.
 0.70781353 0.         0.         0.         0.500999   0.
 0.         0.         1.00049988 0.70781353 0.         0.70781353
 0.         0.         0.         1.00049988 0.         0.
 0.         0.         1.00049988 0.         0.70781353 0.
 0.70781353 0.         0.         0.         1.00049988 0.
 0.         0.         0.         0.         0.         0.500999
 0.500999   0.         0.500999   0.         0.         0.
 0.         0.70781353 0.500999   0.         0.         0.500999
 0.         0.500999   1.00049988 0.500999   0.500999   0.
 0.         0.         0.500999   0.70781353 0.70781353 1.00049988
 0.         0.         0.         0.70781353 0.         0.
 0.         0.         0.         0.         0.         0.70781353
 0.         0.         1.00049988 0.         0.         1.00049988
 0.         0.         0.         0.         0.70781353 0.500999
 0.         0.         0.         0.         0.         0.
 0.         1.00049988 0.         1.00049988 0.         0.
 0.         0.         0.         0.         0.         0.70781353
 0.         0.         0.         0.         0.         0.
 0.         0.         0.         1.00049988 0.         1.00049988
 0.70781353 0.         0.500999   0.         0.         0.
 0.500999   0.500999   0.500999   0.         0.70781353 0.
 0.         0.70781353 0.         0.70781353 0.         0.
 0.70781353 0.         0.         0.         0.500999   0.500999
 0.         0.         0.         0.         0.         0.500999
 0.         0.         0.         0.         0.70781353 1.00049988
 0.         0.         0.500999   0.         0.500999   0.
 0.         0.         0.         0.         0.         0.70781353
 0.         0.70781353 1.00049988 0.         1.00049988 0.
 0.         0.         0.         0.        ]",[ 8 10  4 14  3  8 12  8 12  3  7  9 14 12 14  7],[ 8 10  4 14  3  8 12  8  3  3  7  9 14 12 14  5],True,True,0.34375,0.546875,"[np.int64(7), np.int64(12), np.int64(3), np.int64(7), np.int64(2), np.int64(9), np.int64(3), np.int64(10), np.int64(13), np.int64(4), np.int64(7), np.int64(12), np.int64(9), np.int64(13), np.int64(5), np.int64(5)]","[np.int64(8), np.int64(8), np.int64(15), np.int64(5), np.int64(11), np.int64(15), np.int64(0), np.int64(13), np.int64(7), np.int64(7), np.int64(8), np.int64(8), np.int64(6), np.int64(15), np.int64(4), np.int64(11)]",False,False,0.0,0.0,[ 8 10  4 14  3  8 12  8  3  3  7  9 14 12 14  5],[ 8 10  4 14  3  8 12  8  3  3  7  9 14 12 14  5],True,True,0.46875,0.4375,[ 8 10  4 14  3  8 12  8  3  3  7  9 14 12 14  7],[ 8 10  4 14  3  8 12  8  3  3  7  9 14 12 14  5],True,True,0.21875,0.28125,0.04,1.0,1.0,1,1,25,0.04,1.0,1.0,1,1,25,1.0,0.0,0.0,25,0,0,1.0,0.0,0.0,25,0,0,0.16,1.0,1.0,4,4,25,0.28,1.0,1.0,7,7,25,0.2,1.0,1.0,5,5,25,0.24,1.0,1.0,6,6,25
"[0.         0.         0.         0.         0.         0.70781353
 0.         0.500999   0.70781353 0.         0.         0.
 0.         0.         0.         0.         0.         0.
 0.         0.         0.500999   0.         0.         0.70781353
 0.70781353 0.         0.70781353 0.500999   1.00049988 0.
 0.         0.         0.         0.         0.         0.
 0.         0.500999   0.         0.500999   0.         0.
 0.         0.         0.         0.         1.00049988 0.500999
 0.         0.         0.         0.500999   0.         0.
 0.         0.70781353 0.         0.         0.         0.
 0.         0.         0.70781353 0.         0.         0.500999
 0.         0.         0.         0.         0.         0.
 0.500999   0.         0.         1.00049988 0.         0.70781353
 0.70781353 0.         0.70781353 0.         0.500999   0.
 0.         0.         0.         0.         0.500999   0.
 0.         0.         0.         0.         0.         0.
 0.         0.         0.         0.         0.         0.
 0.         0.         0.         0.         0.         0.
 0.         0.         0.         0.         0.500999   0.70781353
 0.500999   0.70781353 0.         0.         0.         1.00049988
 0.         0.500999   0.500999   0.         0.         0.
 0.         0.         0.70781353 0.70781353 0.         0.
 0.500999   0.500999   0.         0.         1.00049988 0.70781353
 0.         0.70781353 0.         0.         0.         0.
 0.         0.         0.         0.         0.         0.
 0.         0.500999   0.70781353 0.         0.70781353 0.70781353
 0.         0.         0.         0.         0.         0.70781353
 0.         0.         0.         0.         0.         0.500999
 0.         0.70781353 0.         0.         0.         0.70781353
 0.         0.         0.         0.500999   0.         0.
 1.00049988 0.         0.         0.         0.70781353 0.70781353
 0.         1.00049988 0.         0.         0.         1.00049988
 0.         1.00049988 0.         0.         0.         0.
 0.         0.         0.         0.         0.         0.
 1.00049988 0.         0.         0.         0.         0.
 0.         0.         0.70781353 0.         0.         0.
 0.         0.         0.70781353 0.         0.         0.500999
 0.         1.00049988 0.         0.         1.00049988 0.70781353
 0.70781353 0.         0.         0.         0.         0.
 0.         0.         0.         0.         1.00049988 0.
 0.         0.         0.500999   0.         0.         0.
 0.         0.         0.         0.         0.         1.00049988
 0.         1.00049988 0.         1.00049988]",[7 4 5 7 8 8 6 2 8 7 7 1 1 4 4 2],[7 4 5 7 8 8 6 2 8 7 7 1 1 4 4 2],True,True,0.34375,0.546875,"[np.int64(10), np.int64(2), np.int64(0), np.int64(1), np.int64(7), np.int64(9), np.int64(13), np.int64(13), np.int64(12), np.int64(5), np.int64(2), np.int64(0), np.int64(1), np.int64(4), np.int64(12), np.int64(12)]","[np.int64(3), np.int64(15), np.int64(9), np.int64(6), np.int64(14), np.int64(11), np.int64(15), np.int64(12), np.int64(3), np.int64(14), np.int64(5), np.int64(15), np.int64(7), np.int64(5), np.int64(3), np.int64(1)]",False,False,0.0,0.0,[7 4 5 7 8 8 6 2 8 7 7 1 1 4 4 2],[7 4 5 7 8 8 6 2 8 7 7 1 1 4 4 2],True,True,0.46875,0.4375,[7 4 5 7 8 8 6 2 8 7 7 1 1 4 4 2],[7 4 5 7 8 8 6 2 8 7 7 1 1 4 4 2],True,True,0.21875,0.28125,0.04,1.0,1.0,1,1,25,0.04,1.0,1.0,1,1,25,1.0,0.0,0.0,25,0,0,1.0,0.0,0.0,25,0,0,0.08,1.0,1.0,2,2,25,0.08,1.0,1.0,2,2,25,0.12,0.6666666666666666,0.96,3,2,24,0.08,1.0,1.0,2,2,25
"[0.         0.         0.         0.         0.70781353 0.
 0.         1.00049988 0.500999   0.         0.         0.
 0.         0.70781353 0.         0.         0.         0.
 0.         0.         0.         0.         0.         0.
 0.         0.         1.00049988 1.00049988 0.         0.
 0.         0.         0.         0.         1.00049988 0.
 0.70781353 0.         0.         0.         0.         0.
 0.         0.         0.         0.         0.         0.
 0.         0.         0.         1.00049988 0.70781353 0.
 1.00049988 0.         0.500999   0.70781353 0.         0.
 1.00049988 0.70781353 0.500999   0.         0.70781353 0.
 0.70781353 0.70781353 0.         0.70781353 0.         0.
 0.         0.         0.         0.         0.         0.
 0.         0.         0.         0.         0.         0.
 0.70781353 0.         0.         0.         0.500999   0.
 0.         0.         1.00049988 0.70781353 0.         0.70781353
 0.         0.         0.         1.00049988 0.         0.
 0.         0.         1.00049988 0.         0.70781353 0.
 0.70781353 0.         0.         0.         1.00049988 0.
 0.         0.         0.         0.         0.         0.500999
 0.500999   0.         0.500999   0.         0.         0.
 0.         0.70781353 0.500999   0.         0.         0.500999
 0.         0.500999   1.00049988 0.500999   0.500999   0.
 0.         0.         0.500999   0.70781353 0.70781353 1.00049988
 0.         0.         0.         0.70781353 0.         0.
 0.         0.         0.         0.         0.         0.70781353
 0.         0.         1.00049988 0.         0.         1.00049988
 0.         0.         0.         0.         0.70781353 0.500999
 0.         0.         0.         0.         0.         0.
 0.         1.00049988 0.         1.00049988 0.         0.
 0.         0.         0.         0.         0.         0.70781353
 0.         0.         0.         0.         0.         0.
 0.         0.         0.         1.00049988 0.         1.00049988
 0.70781353 0.         0.500999   0.         0.         0.
 0.500999   0.500999   0.500999   0.         0.70781353 0.
 0.         0.70781353 0.         0.70781353 0.         0.
 0.70781353 0.         0.         0.         0.500999   0.500999
 0.         0.         0.         0.         0.         0.500999
 0.         0.         0.         0.         0.70781353 1.00049988
 0.         0.         0.500999   0.         0.500999   0.
 0.         0.         0.         0.         0.         0.70781353
 0.         0.70781353 1.00049988 0.         1.00049988 0.
 0.         0.         0.         0.        ]",[ 8 10  4 14  3  8 12  8 12  3  7  9 14 12 14  7],[ 8 10  4 14  3  8 12  8  3  3  7  9 14 12 14  5],True,True,0.34375,0.546875,"[np.int64(1), np.int64(14), np.int64(2), np.int64(11), np.int64(14), np.int64(8), np.int64(2), np.int64(9), np.int64(12), np.int64(14), np.int64(3), np.int64(8), np.int64(5), np.int64(7), np.int64(3), np.int64(8)]","[np.int64(4), np.int64(6), np.int64(13), np.int64(10), np.int64(4), np.int64(14), np.int64(1), np.int64(5), np.int64(6), np.int64(0), np.int64(7), np.int64(3), np.int64(8), np.int64(0), np.int64(6), np.int64(13)]",False,False,0.0,0.0,[ 8 10  4 14  3  8 12  8  3  3  7  9 14 12 14  5],[ 8 10  4 14  3  8 12  8  3  3  7  9 14 12 14  5],True,True,0.46875,0.4375,[ 8 10  4 14  3  8 12  8 12  3  7  9 14 12 14  7],[ 8 10  4 14  3  8 12  8 12  3  7  9 14 12 14  7],True,True,0.21875,0.28125,0.04,1.0,1.0,1,1,25,0.04,1.0,1.0,1,1,25,1.0,0.0,0.0,25,0,0,1.0,0.0,0.0,25,0,0,0.16,1.0,1.0,4,4,25,0.36,1.0,1.0,9,9,25,0.16,1.0,1.0,4,4,25,0.4,1.0,1.0,10,10,25
"[1.00049988 1.00049988 0.         0.         0.500999   0.
 0.         0.         0.         0.         0.         0.
 0.         0.         1.00049988 0.         1.00049988 1.00049988
 0.         0.         0.         0.         1.00049988 0.
 0.500999   0.         0.70781353 0.         1.00049988 0.
 0.         0.         0.         0.         1.00049988 0.
 0.         0.         0.         0.         0.         0.70781353
 0.70781353 0.         0.         1.00049988 0.         0.70781353
 0.         0.         0.         1.00049988 0.         0.
 0.70781353 0.         0.         0.70781353 0.         0.
 0.         0.         0.         0.         0.500999   0.
 0.         0.         0.         0.         0.         0.
 0.         0.         0.         0.70781353 0.         0.
 0.500999   0.         0.         0.         0.         0.
 0.         1.00049988 0.         0.500999   0.         0.
 0.         0.         0.70781353 0.         0.         0.
 0.         1.00049988 0.         0.70781353 0.         0.
 0.         0.         0.500999   0.         0.         1.00049988
 0.70781353 0.         0.         0.         0.         0.
 0.         0.         0.         0.500999   0.         0.500999
 0.         1.00049988 0.         0.         0.         0.
 1.00049988 0.         0.         0.500999   0.         0.
 0.         0.         0.500999   0.         0.500999   0.
 0.         1.00049988 0.500999   0.         0.         0.
 0.         0.         0.70781353 0.70781353 0.         0.
 0.         1.00049988 0.         0.500999   0.         0.
 0.70781353 0.         0.         0.         0.         0.70781353
 0.70781353 0.         0.         0.         0.         0.
 0.         0.         0.         0.         0.         0.
 0.         0.         0.         0.         0.         0.
 0.70781353 0.         1.00049988 0.         1.00049988 0.
 0.         0.         0.         0.         0.         0.
 0.         1.00049988 0.         0.         0.         0.70781353
 0.70781353 0.         0.500999   0.70781353 0.         0.
 0.         0.         0.         0.         0.         0.
 1.00049988 0.         0.         0.         0.         0.
 0.         0.         0.         0.         0.         0.
 0.         0.         1.00049988 0.         0.         0.
 0.500999   0.         0.         1.00049988 0.         0.
 0.         0.         0.         0.         0.         0.
 0.         0.         0.70781353 0.         0.         0.
 0.         0.         0.         0.         0.         0.
 0.         0.         0.         0.        ]",[ 4  8 10  6 11  7  8 14  1 12  1 11  8  2  4  2],[ 4  8 10  6 11 12  8  5 12 12  1 11  8  2  4  2],False,False,0.34375,0.546875,"[np.int64(6), np.int64(10), np.int64(4), np.int64(10), np.int64(9), np.int64(6), np.int64(3), np.int64(11), np.int64(14), np.int64(11), np.int64(5), np.int64(15), np.int64(7), np.int64(3), np.int64(4), np.int64(3)]","[np.int64(7), np.int64(6), np.int64(3), np.int64(11), np.int64(1), np.int64(0), np.int64(5), np.int64(2), np.int64(1), np.int64(6), np.int64(15), np.int64(9), np.int64(9), np.int64(10), np.int64(7), np.int64(11)]",False,False,0.0,0.0,[ 4  0  9  6 11  7 11 14  6 12  1 11  6  2  4  2],[ 4  8 10  6 11 12 11 14  6 12  1 11  8  2  4  2],False,False,0.46875,0.4375,[ 4  8 10  6 11  7  8  5  1 12  1 11  8  2  4  2],[ 4  8 10  6 11  7  8  5 12 12  1 11  8  2  4  2],False,False,0.21875,0.28125,0.04,0.0,0.0,1,0,0,0.04,0.0,0.0,1,0,0,1.0,0.0,0.0,25,0,0,1.0,0.0,0.0,25,0,0,1.0,0.04,0.04,25,1,1,0.64,0.1875,0.24,16,3,6,0.88,0.0,0.0,22,0,0,0.48,0.0,0.0,12,0,0
"[0.         0.         0.70781353 0.70781353 0.         0.
 0.         0.         0.         0.         0.         0.
 0.         0.         0.70781353 0.70781353 0.         1.00049988
 0.70781353 0.         0.         0.         0.         0.70781353
 0.         0.70781353 0.         0.         0.         1.00049988
 0.         0.         0.70781353 0.70781353 0.         0.70781353
 0.500999   0.         0.         0.         0.500999   0.
 0.         0.         0.         1.00049988 0.         0.
 0.70781353 0.         0.70781353 0.         1.00049988 0.70781353
 0.         0.         0.         0.70781353 0.         0.
 0.         0.500999   0.70781353 0.         0.         0.
 0.500999   1.00049988 0.         0.         0.         0.
 0.         0.         0.         0.         0.         0.
 0.70781353 0.70781353 0.         0.         0.         0.70781353
 0.         0.500999   0.         0.         0.         0.
 0.         0.         0.         0.         0.         0.70781353
 0.         0.         0.         0.         0.         0.
 0.         0.         0.         0.         0.         0.
 0.         0.500999   0.         1.00049988 0.         0.70781353
 0.         0.         0.         0.         0.         1.00049988
 0.         0.500999   0.70781353 0.         0.70781353 0.
 0.         0.         0.         0.         0.500999   0.
 0.         0.         0.         0.         0.         0.70781353
 0.         0.         0.         0.         0.         0.
 0.         0.70781353 0.         0.70781353 0.         0.
 0.         0.500999   0.70781353 0.         0.         0.
 0.         0.70781353 0.         0.         0.         0.
 0.         0.         0.         0.         0.         0.70781353
 0.         0.         0.500999   0.70781353 0.500999   0.70781353
 0.500999   0.         0.         0.         0.         0.
 0.         0.         0.         0.         0.         0.
 0.70781353 0.         0.         0.70781353 0.         0.
 0.         0.         0.         0.         0.         0.
 0.         0.70781353 0.         0.         0.500999   0.
 0.         0.         0.         0.         0.         1.00049988
 1.00049988 0.500999   0.         0.         0.500999   0.
 0.         0.70781353 0.70781353 0.70781353 0.         0.
 0.         0.         0.70781353 0.         0.         0.70781353
 0.70781353 0.         0.         0.         0.         0.
 0.500999   0.         0.         0.         0.500999   0.
 0.70781353 0.         0.         0.         0.70781353 0.70781353
 1.00049988 0.         0.         0.         0.         0.
 0.         0.         0.         1.00049988]",[14  2  4 13 14  3 13 10  2  7 10 10 10  3 10  4],[14  2  4 13 14  3 13 10  2  7 10 10 10 10 10  4],False,True,0.34375,0.546875,"[np.int64(5), np.int64(12), np.int64(9), np.int64(14), np.int64(0), np.int64(8), np.int64(1), np.int64(8), np.int64(9), np.int64(4), np.int64(3), np.int64(13), np.int64(5), np.int64(15), np.int64(9), np.int64(2)]","[np.int64(10), np.int64(1), np.int64(4), np.int64(6), np.int64(8), np.int64(13), np.int64(9), np.int64(12), np.int64(4), np.int64(5), np.int64(7), np.int64(5), np.int64(13), np.int64(9), np.int64(14), np.int64(8)]",False,False,0.0,0.0,[14  9  4 14 14  3 13 10  2  7 10 10 10 10 10  4],[14  2  3 14 14  3 13 10  2 13 10 10 10 10 10  4],False,False,0.46875,0.4375,[14  9  4 13  2  3 13  9  2  7 10 10 10  3 10  4],[14  2  4 13  2  3 13  9  2  7 10 10 10 10 10  0],False,False,0.21875,0.28125,0.04,0.0,0.0,1,0,0,0.04,1.0,1.0,1,1,25,1.0,0.0,0.0,25,0,0,1.0,0.0,0.0,25,0,0,0.92,0.5652173913043478,0.56,23,13,14,0.92,0.34782608695652173,0.4,23,8,10,0.72,0.0,0.0,18,0,0,0.92,0.043478260869565216,0.04,23,1,1
"[0.500999   0.70781353 0.         0.         0.70781353 0.
 0.         0.         0.         1.00049988 0.         1.00049988
 0.70781353 0.         0.         0.         0.70781353 1.00049988
 0.         0.         0.         0.         0.         0.
 0.500999   0.         0.         0.         0.         0.
 0.         0.70781353 0.         0.         0.         0.
 0.         0.         0.         0.70781353 0.         0.
 0.         0.         0.         0.         0.         0.
 0.         0.         0.         1.00049988 0.         0.
 0.         0.         1.00049988 0.         0.         0.
 0.         0.         0.         0.70781353 0.70781353 0.
 0.         0.         0.         0.500999   0.         0.
 0.         1.00049988 0.         0.500999   0.         1.00049988
 0.         0.         0.         0.         0.         0.
 0.500999   0.500999   0.         0.         0.         0.
 0.         0.         0.70781353 0.500999   0.         0.
 0.         0.         0.         0.         0.         0.
 0.         0.         0.         0.         0.         0.
 0.         0.         0.         0.         0.         0.
 0.70781353 0.         0.         0.         0.         1.00049988
 0.         0.         0.         0.         0.         0.
 0.70781353 0.70781353 0.         0.500999   0.         1.00049988
 0.         0.         0.         0.         1.00049988 0.
 0.         0.70781353 0.500999   0.         0.         0.
 1.00049988 0.         0.         0.         1.00049988 0.
 0.         0.         0.         1.00049988 0.         0.
 0.500999   0.         0.         0.         0.         0.
 0.         0.         0.         0.         0.         0.
 0.         0.         0.         0.         0.         0.
 0.         0.         1.00049988 0.         0.         0.
 0.500999   0.         0.         0.         0.70781353 0.
 0.         0.500999   0.         0.         0.         0.
 0.70781353 0.         0.         0.         0.         0.70781353
 0.         0.         0.500999   0.500999   0.         0.
 0.         0.         0.         0.         0.         0.
 0.         0.         1.00049988 0.500999   0.         0.
 0.         0.         0.         0.         0.         0.500999
 0.70781353 0.70781353 0.         0.         0.         0.
 0.         0.         0.         0.70781353 0.         0.
 0.         0.         0.         0.70781353 0.         0.70781353
 0.         0.70781353 0.         0.70781353 0.         0.
 0.         0.70781353 0.         0.         0.         0.
 0.         0.70781353 0.70781353 1.00049988]",[ 1  1  7 15 11  4  6 15  1 12 10  4  8  5 13  1],[ 1  1  7 15  5  4  6 15  1 12 10  4  8  5 13  1],False,False,0.34375,0.546875,"[np.int64(6), np.int64(0), np.int64(7), np.int64(1), np.int64(8), np.int64(15), np.int64(1), np.int64(9), np.int64(2), np.int64(9), np.int64(9), np.int64(12), np.int64(6), np.int64(12), np.int64(10), np.int64(5)]","[np.int64(11), np.int64(15), np.int64(13), np.int64(1), np.int64(13), np.int64(8), np.int64(7), np.int64(8), np.int64(4), np.int64(7), np.int64(2), np.int64(13), np.int64(2), np.int64(6), np.int64(3), np.int64(11)]",False,False,0.0,0.0,[ 1  1  7 15 11 12  6 15  1 12 10  8  8 15  7  1],[ 1  1  7 15  0  4  6 14  1 12 10  4  8  5 13  1],False,True,0.46875,0.4375,[ 1  1  7 15 11  4  6 15  1 12 10  4  8  5 13  1],[ 1  1  7 15  5  4  6 15  1 12 10  4  8  5 15  1],False,False,0.21875,0.28125,0.04,0.0,0.0,1,0,0,0.04,0.0,0.0,1,0,0,1.0,0.0,0.0,25,0,0,1.0,0.0,0.0,25,0,0,0.64,0.125,0.12,16,2,3,0.72,0.2222222222222222,0.32,18,4,8,0.56,0.14285714285714285,0.08,14,2,2,0.56,0.07142857142857142,0.04,14,1,1
"[0.         0.         0.         0.70781353 0.         0.
 0.         0.         0.500999   0.         0.         0.
 0.         0.         0.         0.         0.         0.
 0.         0.         1.00049988 0.         0.         0.
 0.500999   0.         0.         0.         0.         0.500999
 0.500999   0.         0.         0.         0.         0.
 0.         0.         0.         0.         0.500999   0.
 0.         0.         0.         1.00049988 1.00049988 1.00049988
 0.70781353 0.         0.         0.500999   0.         1.00049988
 0.70781353 0.         0.         1.00049988 0.         0.70781353
 1.00049988 0.70781353 0.         0.         0.         1.00049988
 0.         0.         1.00049988 0.         0.         0.70781353
 0.         0.500999   0.         0.         0.         1.00049988
 0.         0.         0.         0.         0.         1.00049988
 0.         1.00049988 0.         0.         0.         0.
 0.70781353 0.         0.         0.         0.         0.
 0.         0.         0.         0.70781353 0.         0.
 0.         0.         0.         0.         0.         1.00049988
 0.70781353 0.         0.         0.         0.         0.
 0.         0.         0.70781353 0.         0.         0.
 0.         0.500999   0.         0.         0.         0.70781353
 0.         0.         0.500999   0.500999   0.500999   0.
 0.         0.         0.         0.         0.         1.00049988
 0.         0.         0.         0.         0.         1.00049988
 0.         0.         0.         1.00049988 0.500999   0.
 0.         0.500999   1.00049988 0.         0.         0.70781353
 0.         0.         0.500999   0.         0.         0.
 0.         0.         0.         0.70781353 0.         0.
 0.         0.         0.         1.00049988 0.         0.
 0.500999   1.00049988 0.         0.         0.         0.70781353
 0.         0.         1.00049988 0.         0.         0.70781353
 1.00049988 1.00049988 0.         0.         0.         0.
 0.         0.         0.         1.00049988 0.         0.
 0.70781353 0.         0.         0.         0.         0.
 1.00049988 0.70781353 0.500999   0.         0.         0.500999
 1.00049988 0.70781353 1.00049988 0.         0.         0.70781353
 0.         0.         0.         0.         0.70781353 1.00049988
 0.         0.70781353 0.         0.500999   1.00049988 0.
 0.         0.         0.         0.         0.         0.500999
 0.500999   0.         0.500999   0.         1.00049988 0.
 0.         0.         1.00049988 0.         0.         0.
 0.         0.         1.00049988 0.         1.00049988 0.
 0.         0.70781353 0.         1.00049988]",[ 8 14  8 13  9 10 12  9  1 14 10  9 14  1 10 13],[ 8 14  8 13  9 10 12  9  1 14 10  9 14  1 10 13],True,True,0.34375,0.546875,"[np.int64(0), np.int64(10), np.int64(10), np.int64(12), np.int64(14), np.int64(7), np.int64(1), np.int64(6), np.int64(10), np.int64(1), np.int64(9), np.int64(10), np.int64(4), np.int64(6), np.int64(13), np.int64(8)]","[np.int64(7), np.int64(1), np.int64(11), np.int64(14), np.int64(7), np.int64(2), np.int64(11), np.int64(14), np.int64(1), np.int64(9), np.int64(9), np.int64(15), np.int64(11), np.int64(6), np.int64(2), np.int64(9)]",False,False,0.0,0.0,[ 8 14  8 13  9 10 12  9  1 14 10  9 14  1 10 13],[ 8 14  8 13  9 10 12  9  1 14 10  9 14  1 10 13],True,True,0.46875,0.4375,[ 8 14  8 13  9 10 12  9  1 14 10  9 14  1 10 13],[ 8 14  8 13  9 10 12  9  1 14 10  9 14  1 10 13],True,True,0.21875,0.28125,0.04,1.0,1.0,1,1,25,0.04,1.0,1.0,1,1,25,1.0,0.0,0.0,25,0,0,1.0,0.0,0.0,25,0,0,0.12,1.0,1.0,3,3,25,0.08,1.0,1.0,2,2,25,0.12,1.0,1.0,3,3,25,0.08,1.0,1.0,2,2,25
"[1.00049988 0.         0.70781353 0.         0.         0.70781353
 0.         0.         0.         0.         1.00049988 0.500999
 0.         0.         0.         0.         0.         0.500999
 0.         0.         0.         0.         0.         0.
 0.70781353 0.         0.         0.         0.         0.
 0.         0.         0.70781353 0.         0.500999   0.500999
 1.00049988 0.70781353 0.         0.         0.         0.
 0.         0.70781353 1.00049988 0.         0.         0.
 0.         0.         0.500999   0.         0.         0.
 0.70781353 0.         1.00049988 0.         0.         0.500999
 0.         0.         0.         0.         0.         0.
 1.00049988 0.         0.500999   0.         1.00049988 0.
 0.         0.         0.         0.         0.         0.
 0.         0.         0.70781353 0.         0.70781353 0.
 0.         0.         0.         0.         0.         1.00049988
 0.70781353 1.00049988 0.         0.         0.         0.
 0.         0.         0.         0.70781353 1.00049988 0.
 1.00049988 0.         0.         0.         0.         0.
 0.500999   0.         0.         0.         0.         0.
 0.         0.         0.         0.         0.         1.00049988
 0.         0.         0.         0.         1.00049988 0.
 1.00049988 0.         0.         0.70781353 0.         1.00049988
 0.         0.         0.         0.         0.         0.
 0.         0.         0.         0.         0.         0.
 0.         0.         0.         0.         0.         1.00049988
 0.         0.         0.         0.         0.500999   0.
 0.         0.         0.         0.70781353 1.00049988 0.
 0.         0.         0.         0.70781353 0.         0.
 0.         0.500999   0.         0.         0.         0.
 0.         0.         0.500999   0.         0.70781353 0.500999
 0.         1.00049988 0.         0.         0.         0.
 0.         0.500999   1.00049988 0.         0.         0.
 0.         0.         1.00049988 0.         0.         0.
 0.500999   1.00049988 0.         0.         0.         1.00049988
 0.         0.         1.00049988 0.         0.         0.
 0.         0.         0.         0.         0.         0.
 0.         0.         0.         0.         0.         0.
 0.70781353 0.         0.         0.         0.         0.
 0.         0.         0.         1.00049988 0.         0.
 0.         0.         1.00049988 0.70781353 0.         0.
 0.         0.         0.         0.         0.         0.
 0.         0.         0.         0.70781353 0.         0.
 0.         0.         0.         0.        ]",[11  8  3  6  6  2 12  7  3 10  5  3  7 14  7  9],[11  8  3  6  6  2 12  7  3 10  5  3  7 14  7  9],True,True,0.34375,0.546875,"[np.int64(3), np.int64(13), np.int64(4), np.int64(8), np.int64(5), np.int64(2), np.int64(7), np.int64(9), np.int64(12), np.int64(7), np.int64(9), np.int64(8), np.int64(4), np.int64(11), np.int64(14), np.int64(3)]","[np.int64(5), np.int64(8), np.int64(1), np.int64(11), np.int64(12), np.int64(3), np.int64(12), np.int64(11), np.int64(11), np.int64(3), np.int64(5), np.int64(12), np.int64(2), np.int64(9), np.int64(0), np.int64(10)]",False,False,0.0,0.0,[11  8  3  6  6  2 12  7  3 10  5  3  7 14  7  9],[11  8  3  6  6  2 12  7  3 10  5  3  7 14  7  9],True,True,0.46875,0.4375,[11  8  3 11  6  2 12  7  3 10  5  3  7 14  7  9],[11  8  3  6  6  2 12  7  3 10  5  3  7 14  7  9],False,True,0.21875,0.28125,0.04,1.0,1.0,1,1,25,0.04,1.0,1.0,1,1,25,1.0,0.0,0.0,25,0,0,1.0,0.0,0.0,25,0,0,0.12,0.6666666666666666,0.96,3,2,24,0.08,1.0,1.0,2,2,25,0.4,0.2,0.24,10,2,6,0.08,1.0,1.0,2,2,25
"[1.00049988 0.         0.         1.00049988 0.         1.00049988
 0.         0.         0.         0.         0.         0.500999
 0.         0.         0.         0.         0.         0.
 0.         0.500999   0.         0.         0.         0.
 0.         0.         0.         0.         0.         0.
 0.         0.         0.         0.         1.00049988 0.
 0.         0.70781353 0.         0.500999   1.00049988 0.
 0.         0.70781353 0.         0.         0.         0.500999
 1.00049988 0.500999   0.         0.         0.70781353 0.
 0.         0.         1.00049988 0.70781353 0.         0.
 0.         0.500999   0.70781353 0.         0.         0.
 0.         0.70781353 0.         0.70781353 0.         0.
 1.00049988 0.         0.         0.70781353 0.70781353 0.
 0.         0.         1.00049988 0.         0.70781353 0.
 0.70781353 0.         0.         1.00049988 0.         0.
 0.         0.70781353 0.         0.70781353 0.         0.
 0.         0.         0.         0.         0.         0.
 0.         0.500999   0.         0.         0.70781353 0.
 0.         0.         0.         0.         0.         0.
 0.500999   0.         0.         1.00049988 0.500999   1.00049988
 0.         0.70781353 0.500999   0.         1.00049988 0.
 0.         0.         0.         0.         1.00049988 1.00049988
 1.00049988 0.         0.         0.         0.500999   0.
 0.         0.         0.         0.70781353 0.         0.
 0.         0.         0.         0.70781353 0.         0.
 0.         0.70781353 0.         0.500999   0.70781353 0.500999
 0.         0.         0.70781353 0.70781353 0.         0.
 0.         0.         0.         0.         0.70781353 0.500999
 0.         0.70781353 0.         0.         0.         0.
 0.         0.         0.500999   0.         0.70781353 0.
 0.70781353 0.70781353 0.         0.         0.         0.500999
 0.         0.         0.         0.         0.         0.
 0.         0.         0.         0.         0.70781353 0.
 0.         1.00049988 0.         0.         0.         0.
 0.         0.         0.         0.         0.         0.
 0.         0.500999   0.         0.70781353 0.         0.
 0.70781353 0.         0.         0.         0.         0.
 0.         0.         0.         0.         0.         0.70781353
 0.         0.         0.         0.         0.         0.70781353
 0.         0.         0.         0.         1.00049988 0.
 0.         0.         0.500999   0.         0.         0.
 0.         0.         0.         0.70781353 0.         0.
 0.         0.         0.         0.        ]",[11  3  7 13  3 13  7  2 13  3  7  9  4 13  3  2],[11  3  7 13  3 13  7  2 13  3  7  9  4 13  3  2],False,False,0.34375,0.546875,"[np.int64(0), np.int64(8), np.int64(1), np.int64(3), np.int64(9), np.int64(4), np.int64(12), np.int64(5), np.int64(7), np.int64(0), np.int64(11), np.int64(3), np.int64(1), np.int64(9), np.int64(1), np.int64(13)]","[np.int64(0), np.int64(0), np.int64(6), np.int64(3), np.int64(0), np.int64(4), np.int64(2), np.int64(13), np.int64(11), np.int64(0), np.int64(9), np.int64(12), np.int64(7), np.int64(4), np.int64(2), np.int64(11)]",False,False,0.0,0.0,[11  3  5 13  3 13  7  2 13  3  7  2  4 13  3  9],[11  3  5 13  3 13  7  9 13 11  9  5  4 13  3  2],False,False,0.46875,0.4375,[11  3  7 13  3 13  7  2 13 11  7  9  4 13  3  2],[11  3  7 13  3 13  7  2 13 11  7  9  4 13  3  2],False,False,0.21875,0.28125,0.04,0.0,0.0,1,0,0,0.04,0.0,0.0,1,0,0,1.0,0.0,0.0,25,0,0,1.0,0.0,0.0,25,0,0,0.68,0.23529411764705882,0.28,17,4,7,0.8,0.1,0.16,20,2,4,0.28,0.0,0.0,7,0,0,0.48,0.08333333333333333,0.04,12,1,1
"[0.         0.         0.         0.         0.70781353 0.
 0.         1.00049988 0.500999   0.         0.         0.
 0.         0.70781353 0.         0.         0.         0.
 0.         0.         0.         0.         0.         0.
 0.         0.         1.00049988 1.00049988 0.         0.
 0.         0.         0.         0.         1.00049988 0.
 0.70781353 0.         0.         0.         0.         0.
 0.         0.         0.         0.         0.         0.
 0.         0.         0.         1.00049988 0.70781353 0.
 1.00049988 0.         0.500999   0.70781353 0.         0.
 1.00049988 0.70781353 0.500999   0.         0.70781353 0.
 0.70781353 0.70781353 0.         0.70781353 0.         0.
 0.         0.         0.         0.         0.         0.
 0.         0.         0.         0.         0.         0.
 0.70781353 0.         0.         0.         0.500999   0.
 0.         0.         1.00049988 0.70781353 0.         0.70781353
 0.         0.         0.         1.00049988 0.         0.
 0.         0.         1.00049988 0.         0.70781353 0.
 0.70781353 0.         0.         0.         1.00049988 0.
 0.         0.         0.         0.         0.         0.500999
 0.500999   0.         0.500999   0.         0.         0.
 0.         0.70781353 0.500999   0.         0.         0.500999
 0.         0.500999   1.00049988 0.500999   0.500999   0.
 0.         0.         0.500999   0.70781353 0.70781353 1.00049988
 0.         0.         0.         0.70781353 0.         0.
 0.         0.         0.         0.         0.         0.70781353
 0.         0.         1.00049988 0.         0.         1.00049988
 0.         0.         0.         0.         0.70781353 0.500999
 0.         0.         0.         0.         0.         0.
 0.         1.00049988 0.         1.00049988 0.         0.
 0.         0.         0.         0.         0.         0.70781353
 0.         0.         0.         0.         0.         0.
 0.         0.         0.         1.00049988 0.         1.00049988
 0.70781353 0.         0.500999   0.         0.         0.
 0.500999   0.500999   0.500999   0.         0.70781353 0.
 0.         0.70781353 0.         0.70781353 0.         0.
 0.70781353 0.         0.         0.         0.500999   0.500999
 0.         0.         0.         0.         0.         0.500999
 0.         0.         0.         0.         0.70781353 1.00049988
 0.         0.         0.500999   0.         0.500999   0.
 0.         0.         0.         0.         0.         0.70781353
 0.         0.70781353 1.00049988 0.         1.00049988 0.
 0.         0.         0.         0.        ]",[ 8 10  4 14  3  8 12  8 12  3  7  9 14 12 14  7],[ 8 10  4 14  3  8 12  8  3  3  7  9 14 12 14  5],True,True,0.34375,0.546875,"[np.int64(3), np.int64(3), np.int64(8), np.int64(3), np.int64(4), np.int64(9), np.int64(14), np.int64(11), np.int64(10), np.int64(5), np.int64(4), np.int64(13), np.int64(4), np.int64(6), np.int64(2), np.int64(11)]","[np.int64(15), np.int64(8), np.int64(3), np.int64(10), np.int64(12), np.int64(8), np.int64(13), np.int64(3), np.int64(9), np.int64(6), np.int64(4), np.int64(5), np.int64(9), np.int64(15), np.int64(7), np.int64(2)]",False,False,0.0,0.0,[ 8 10  4 14  3  8 12  8  3  3  7  9 14 12 14  7],[ 8 10  4 14  3  8 12  8  3  3  7  9 14 12 14  7],True,True,0.46875,0.4375,[ 8 10  4 14  3  8 12  8 12  3  7  9 14 12 14  5],[ 8 10  4 14  0  8 12  8  3  3  7  9 14 12 14  5],True,True,0.21875,0.28125,0.04,1.0,1.0,1,1,25,0.04,1.0,1.0,1,1,25,1.0,0.0,0.0,25,0,0,1.0,0.0,0.0,25,0,0,0.16,1.0,1.0,4,4,25,0.2,1.0,1.0,5,5,25,0.16,1.0,1.0,4,4,25,0.4,1.0,1.0,10,10,25
"[0.         0.         0.         0.         0.         1.00049988
 0.         0.         0.         0.         0.         1.00049988
 0.         0.         0.         0.         0.         0.500999
 0.         0.         0.         0.70781353 0.         0.
 0.         0.         0.         0.         0.500999   0.500999
 0.70781353 0.         0.         0.         0.         0.
 0.         0.         0.         0.         0.70781353 0.
 0.         1.00049988 0.         0.         0.         0.
 0.         0.         0.         1.00049988 0.         0.
 1.00049988 0.         0.500999   0.500999   0.500999   0.
 0.         0.         0.70781353 0.500999   0.         0.
 0.         0.         0.         0.         0.         0.
 0.         0.         0.         0.         0.500999   0.
 0.         0.         1.00049988 0.70781353 0.         0.
 0.         0.         0.         0.         0.70781353 0.
 0.         0.70781353 0.         0.         0.         0.
 0.         0.         0.         1.00049988 0.         0.
 1.00049988 0.         0.         0.         0.70781353 0.
 0.         0.70781353 0.         1.00049988 0.         0.
 0.         0.         0.         0.         0.         0.
 0.         1.00049988 0.         0.         0.70781353 0.
 0.         0.500999   0.         0.         0.70781353 0.500999
 0.         0.70781353 0.         0.         0.         0.
 1.00049988 0.         0.         0.         0.70781353 0.70781353
 0.         0.         0.         0.500999   0.         0.
 0.         1.00049988 0.         0.         0.         0.
 0.         0.         0.         0.         0.         0.
 0.         0.500999   0.         0.         0.70781353 0.
 1.00049988 0.         0.500999   0.70781353 0.70781353 0.
 0.         0.         1.00049988 0.         1.00049988 0.
 0.         0.70781353 0.         0.         0.         0.
 0.70781353 1.00049988 0.         0.70781353 0.         0.70781353
 0.         0.500999   0.         0.         0.500999   0.
 0.         0.70781353 0.         0.         0.70781353 0.
 0.500999   0.         0.         0.70781353 0.         0.500999
 0.         0.         0.         0.         0.70781353 0.
 0.         0.         0.         0.70781353 0.         0.
 0.         0.         0.         0.70781353 0.         0.70781353
 0.         0.         0.         0.         0.70781353 0.
 0.         0.         0.         0.         1.00049988 0.
 0.         0.         0.         0.500999   0.         0.
 1.00049988 0.500999   0.70781353 0.         0.         0.70781353
 0.70781353 0.         0.         0.        ]",[ 5 13  8 15 12  1 13 15  3  3  3 13  1 13  1  3],[11 13  8 15 12  1 13 15  3  3  3 13  1 13  1  7],False,False,0.34375,0.546875,"[np.int64(2), np.int64(15), np.int64(0), np.int64(12), np.int64(2), np.int64(6), np.int64(8), np.int64(2), np.int64(1), np.int64(14), np.int64(2), np.int64(2), np.int64(1), np.int64(14), np.int64(10), np.int64(3)]","[np.int64(14), np.int64(2), np.int64(14), np.int64(8), np.int64(5), np.int64(9), np.int64(13), np.int64(3), np.int64(6), np.int64(2), np.int64(6), np.int64(12), np.int64(12), np.int64(5), np.int64(14), np.int64(1)]",False,False,0.0,0.0,[11 13  8 14 12  1 13 12  3  3 12 13  1 13  1  3],[11 13  8 15 12  1 13 12  3  3 12 13  1 13  1 12],False,False,0.46875,0.4375,[ 5 13  8 15 12  1 13 15  3  3  3 13  1 13  1  3],[11 13  8 10 12  1 13 15  3  3  3 13  1 13  1  7],False,False,0.21875,0.28125,0.04,0.0,0.0,1,0,0,0.04,0.0,0.0,1,0,0,1.0,0.0,0.0,25,0,0,1.0,0.0,0.0,25,0,0,0.8,0.25,0.32,20,5,8,0.68,0.17647058823529413,0.16,17,3,4,0.4,0.0,0.0,10,0,0,0.56,0.14285714285714285,0.08,14,2,2
"[1.00049988 0.         0.         1.00049988 0.         1.00049988
 0.         0.         0.         0.         0.         0.500999
 0.         0.         0.         0.         0.         0.
 0.         0.500999   0.         0.         0.         0.
 0.         0.         0.         0.         0.         0.
 0.         0.         0.         0.         1.00049988 0.
 0.         0.70781353 0.         0.500999   1.00049988 0.
 0.         0.70781353 0.         0.         0.         0.500999
 1.00049988 0.500999   0.         0.         0.70781353 0.
 0.         0.         1.00049988 0.70781353 0.         0.
 0.         0.500999   0.70781353 0.         0.         0.
 0.         0.70781353 0.         0.70781353 0.         0.
 1.00049988 0.         0.         0.70781353 0.70781353 0.
 0.         0.         1.00049988 0.         0.70781353 0.
 0.70781353 0.         0.         1.00049988 0.         0.
 0.         0.70781353 0.         0.70781353 0.         0.
 0.         0.         0.         0.         0.         0.
 0.         0.500999   0.         0.         0.70781353 0.
 0.         0.         0.         0.         0.         0.
 0.500999   0.         0.         1.00049988 0.500999   1.00049988
 0.         0.70781353 0.500999   0.         1.00049988 0.
 0.         0.         0.         0.         1.00049988 1.00049988
 1.00049988 0.         0.         0.         0.500999   0.
 0.         0.         0.         0.70781353 0.         0.
 0.         0.         0.         0.70781353 0.         0.
 0.         0.70781353 0.         0.500999   0.70781353 0.500999
 0.         0.         0.70781353 0.70781353 0.         0.
 0.         0.         0.         0.         0.70781353 0.500999
 0.         0.70781353 0.         0.         0.         0.
 0.         0.         0.500999   0.         0.70781353 0.
 0.70781353 0.70781353 0.         0.         0.         0.500999
 0.         0.         0.         0.         0.         0.
 0.         0.         0.         0.         0.70781353 0.
 0.         1.00049988 0.         0.         0.         0.
 0.         0.         0.         0.         0.         0.
 0.         0.500999   0.         0.70781353 0.         0.
 0.70781353 0.         0.         0.         0.         0.
 0.         0.         0.         0.         0.         0.70781353
 0.         0.         0.         0.         0.         0.70781353
 0.         0.         0.         0.         1.00049988 0.
 0.         0.         0.500999   0.         0.         0.
 0.         0.         0.         0.70781353 0.         0.
 0.         0.         0.         0.        ]",[11  3  7 13  3 13  7  2 13  3  7  9  4 13  3  2],[11  3  7 13  3 13  7  2 13  3  7  9  4 13  3  2],False,False,0.34375,0.546875,"[np.int64(13), np.int64(3), np.int64(4), np.int64(10), np.int64(9), np.int64(5), np.int64(12), np.int64(13), np.int64(11), np.int64(8), np.int64(9), np.int64(13), np.int64(1), np.int64(3), np.int64(3), np.int64(9)]","[np.int64(14), np.int64(8), np.int64(1), np.int64(13), np.int64(12), np.int64(11), np.int64(5), np.int64(7), np.int64(7), np.int64(6), np.int64(3), np.int64(2), np.int64(13), np.int64(7), np.int64(6), np.int64(3)]",False,False,0.0,0.0,[11  3  5 13  3 13  7  2 13  3  7  5  4 13  3  2],[11  3 11 13  3 13  7  2 13  3  7  4  4 13  3  2],False,False,0.46875,0.4375,[11  3  7 13  3 13  7  2 13 11  7  9  4 13  3  2],[11  3  7 13  3 13  7  2 13 11  7  9  4 13  3  2],False,False,0.21875,0.28125,0.04,0.0,0.0,1,0,0,0.04,0.0,0.0,1,0,0,1.0,0.0,0.0,25,0,0,1.0,0.0,0.0,25,0,0,0.76,0.3157894736842105,0.4,19,6,10,0.88,0.18181818181818182,0.2,22,4,5,0.28,0.14285714285714285,0.04,7,1,1,0.48,0.0,0.0,12,0,0
"[0.         0.70781353 0.         0.         0.         0.
 0.         0.         0.         0.         0.         1.00049988
 0.70781353 0.         0.         0.         0.70781353 1.00049988
 0.         0.         0.         0.         0.         0.500999
 0.500999   0.         0.         0.         0.         0.
 0.         1.00049988 0.         0.         0.         0.
 0.         0.         0.70781353 0.         0.         0.
 0.         0.         0.         0.         0.         0.
 0.         0.         0.         0.500999   0.         0.
 0.         0.         0.         0.         0.500999   0.
 0.         0.         1.00049988 0.         0.         0.
 0.         0.         0.         0.500999   0.         0.
 0.         0.         0.         0.         0.70781353 0.
 0.         0.         0.         0.         0.         0.
 0.500999   0.         0.         0.         0.         0.
 0.         0.         0.         0.         0.         0.500999
 0.         0.         0.70781353 0.         0.         0.
 0.         0.         0.         0.         0.         0.
 0.         0.         0.         0.         0.         0.500999
 0.         0.         0.         0.         0.         0.
 0.         0.         0.         0.         0.         0.
 0.         0.         0.         0.500999   0.         0.
 0.         0.         0.         0.         1.00049988 0.500999
 0.         0.         0.         0.         0.70781353 0.
 0.         0.         0.         0.         0.         0.
 0.         0.         0.500999   1.00049988 0.         0.
 0.70781353 0.         0.         0.         0.         0.
 0.         0.500999   0.         0.         0.         0.
 0.         0.         0.         0.         0.         0.
 0.70781353 0.500999   1.00049988 0.         0.         0.
 0.         0.         0.         0.         0.         0.
 0.         1.00049988 0.         0.500999   0.         0.70781353
 0.70781353 0.         0.         0.         0.70781353 0.
 0.         0.         0.         0.70781353 0.         0.
 0.         0.         0.         0.70781353 0.         0.
 0.         0.         0.         0.         0.         0.
 0.         0.         0.         0.500999   0.         0.500999
 0.         0.         0.         0.         0.         1.00049988
 0.         0.         0.         0.         0.70781353 0.
 0.70781353 0.         0.         0.         0.500999   0.
 0.         1.00049988 0.         0.         0.         0.500999
 0.         0.         0.         0.         0.500999   0.70781353
 0.70781353 0.         0.         1.00049988]",[ 1  8  2 10  5 15  6  1  8  8 15 15  9 11  8 10],[ 1  8  2 10  5 15  6  1  8  8 14 15  9 11  8 10],False,True,0.34375,0.546875,"[np.int64(0), np.int64(2), np.int64(10), np.int64(10), np.int64(5), np.int64(3), np.int64(6), np.int64(10), np.int64(10), np.int64(0), np.int64(10), np.int64(7), np.int64(1), np.int64(8), np.int64(6), np.int64(7)]","[np.int64(2), np.int64(6), np.int64(7), np.int64(15), np.int64(15), np.int64(14), np.int64(10), np.int64(7), np.int64(11), np.int64(4), np.int64(0), np.int64(7), np.int64(0), np.int64(2), np.int64(5), np.int64(12)]",False,False,0.0,0.0,[ 1  8  2 10 12 15  6  1  8  8 14 15  9 11  8 10],[ 1  8  2 10 12 15  6  1  8  8 14 15  9 11  8 12],False,False,0.46875,0.4375,[ 1  8  6 10  5  4  2  1  8  8 15 15  9 11  8  5],[ 1  8  6 10  5 15  2  1  8  8 15 15  9 11  8  5],False,False,0.21875,0.28125,0.04,0.0,0.0,1,0,0,0.04,1.0,1.0,1,1,25,1.0,0.0,0.0,25,0,0,1.0,0.0,0.0,25,0,0,0.36,0.1111111111111111,0.12,9,1,3,0.28,0.14285714285714285,0.28,7,1,7,0.24,0.0,0.0,6,0,0,0.28,0.0,0.0,7,0,0
"[0.         0.500999   0.70781353 0.70781353 0.         0.
 0.         0.         0.         0.         0.70781353 0.
 0.         0.         0.         0.         0.500999   0.
 0.         0.         0.70781353 0.         0.         0.
 0.         0.         0.         0.         0.         0.
 1.00049988 0.         0.70781353 0.         0.         0.
 0.         0.         0.         0.         0.         0.
 0.         0.         0.         0.         0.         0.
 0.70781353 0.         0.         0.         0.         0.
 0.         0.         0.70781353 1.00049988 0.500999   0.500999
 0.         0.         0.70781353 0.500999   0.         0.70781353
 0.         0.         0.         0.500999   0.500999   0.
 0.         0.         1.00049988 0.         0.         0.
 0.         0.         0.         0.         0.         0.
 0.500999   0.500999   0.70781353 0.         0.         0.
 0.70781353 0.         0.         0.         0.70781353 0.
 0.         0.         0.         0.         0.500999   0.70781353
 0.         0.         1.00049988 0.         0.         0.
 0.70781353 1.00049988 0.         0.         0.         0.
 0.         0.         0.         0.         0.         1.00049988
 0.         0.         0.         0.         0.         0.
 0.         1.00049988 0.         0.         0.         0.70781353
 0.         0.         1.00049988 0.         0.         0.
 0.         0.         0.         1.00049988 0.70781353 0.70781353
 0.         0.         0.         1.00049988 0.         0.
 0.         0.         0.         1.00049988 0.         0.
 0.500999   0.         0.70781353 0.         0.70781353 0.
 0.         0.500999   1.00049988 0.70781353 0.         0.
 0.         0.         1.00049988 0.         0.         0.
 0.70781353 0.         0.         0.         0.         0.500999
 0.         0.         0.         0.         0.         0.
 0.         0.500999   0.         0.         0.         0.
 0.         0.         0.         0.         0.         0.
 0.70781353 0.         0.         0.500999   0.         0.
 1.00049988 0.         0.         0.         0.         0.
 0.         0.         0.         0.         1.00049988 0.
 1.00049988 0.         0.         0.         0.         0.
 0.         0.         0.         1.00049988 0.         0.70781353
 0.         0.70781353 0.         0.         0.70781353 0.70781353
 0.70781353 0.         0.         0.         1.00049988 0.
 0.         0.         0.         0.500999   0.         0.
 0.         1.00049988 0.70781353 0.         0.         0.
 0.         0.         0.         1.00049988]",[ 3  0  0 10  5 14  4 15 14 14  3  3  9  8 14  3],[ 1  0  0 10  5 14  4 15 14 14 14  3  9  6 14  3],False,False,0.34375,0.546875,"[np.int64(7), np.int64(4), np.int64(5), np.int64(0), np.int64(11), np.int64(3), np.int64(7), np.int64(8), np.int64(2), np.int64(2), np.int64(11), np.int64(2), np.int64(10), np.int64(14), np.int64(14), np.int64(12)]","[np.int64(7), np.int64(2), np.int64(6), np.int64(6), np.int64(14), np.int64(7), np.int64(13), np.int64(13), np.int64(12), np.int64(1), np.int64(12), np.int64(10), np.int64(5), np.int64(12), np.int64(8), np.int64(4)]",False,False,0.0,0.0,[ 3  0  0 14  5 14  4 15 14 14 14  3  9  8 14  3],[10  0  0 10  5 14 12 15 14 14 14  3  9  8 14  3],False,False,0.46875,0.4375,[10  0  0 10  6  4  4 15 14 12  3  3  9  8 14  3],[ 1  4  0 15  5  4  4 15 14 14  3  3  9  8 14  3],False,False,0.21875,0.28125,0.04,0.0,0.0,1,0,0,0.04,0.0,0.0,1,0,0,1.0,0.0,0.0,25,0,0,1.0,0.0,0.0,25,0,0,0.68,0.29411764705882354,0.4,17,5,10,0.96,0.08333333333333333,0.08,24,2,2,0.68,0.0,0.0,17,0,0,0.92,0.0,0.0,23,0,0
"[0.         0.500999   0.70781353 0.         0.         0.70781353
 0.70781353 0.         1.00049988 0.         0.         0.
 0.         0.         0.         0.         0.500999   0.
 0.         0.         0.         0.         0.         0.
 0.         0.         0.         0.         0.         0.
 0.         0.70781353 0.70781353 0.         1.00049988 0.
 0.         0.         0.         0.         0.70781353 0.
 0.         0.         0.70781353 0.         0.70781353 0.
 0.         0.         0.         0.500999   0.         0.
 0.70781353 0.         0.         0.         0.         0.
 0.         0.500999   0.         0.         0.         0.
 0.         0.         0.         0.         0.         0.
 0.500999   0.         0.         0.500999   0.70781353 0.
 0.         0.         0.70781353 0.         0.         0.
 0.         0.         0.         0.         0.         0.
 0.         0.         0.500999   0.         0.         0.
 0.70781353 0.         0.         0.70781353 0.         0.
 0.         0.         0.         0.         0.         1.00049988
 0.         0.         1.00049988 0.         0.         0.
 0.         0.         0.         0.         0.         0.
 0.         0.         0.         0.         0.         0.
 0.         0.         1.00049988 0.         0.70781353 0.
 0.500999   0.         0.         0.         0.         0.70781353
 0.         0.         0.70781353 0.         0.         0.
 0.         0.         0.         0.         0.         0.
 0.         0.         0.70781353 0.         0.         0.
 0.70781353 0.         0.         0.         0.         0.
 0.         0.         0.         0.         0.         0.
 0.         0.         0.         0.70781353 0.500999   0.
 0.         0.         0.         0.         0.         0.
 0.500999   0.         1.00049988 0.         0.         0.
 0.70781353 0.         0.         0.         0.         0.
 0.         0.         0.70781353 0.         0.70781353 0.500999
 0.         0.         0.70781353 0.70781353 0.500999   0.
 0.         0.70781353 0.         0.         0.         0.
 0.         0.500999   0.         0.         0.         0.
 0.         0.         0.         0.         0.70781353 1.00049988
 0.70781353 0.         0.         0.         0.70781353 0.
 0.         0.         1.00049988 0.         0.         0.
 0.         0.         0.         0.70781353 0.         1.00049988
 0.         0.70781353 0.         0.         0.         0.
 0.         0.         0.         0.         0.         0.
 0.         0.         1.00049988 1.00049988]",[ 1  1  0 13  8  0  0  7  4 12 12  4  5  3  2  1],[ 1  1  0 13  8  0  0  7  4 12 12  4  5 12  2  1],False,False,0.34375,0.546875,"[np.int64(6), np.int64(10), np.int64(11), np.int64(13), np.int64(5), np.int64(8), np.int64(10), np.int64(5), np.int64(9), np.int64(14), np.int64(12), np.int64(1), np.int64(3), np.int64(10), np.int64(2), np.int64(12)]","[np.int64(1), np.int64(0), np.int64(11), np.int64(3), np.int64(14), np.int64(0), np.int64(10), np.int64(11), np.int64(9), np.int64(14), np.int64(6), np.int64(9), np.int64(7), np.int64(15), np.int64(1), np.int64(1)]",False,False,0.0,0.0,[ 1  1  0  6 12  0  0  7  0 12 12  4  2  3  2  1],[ 1  1  0  6  8  0  0  7 12 12 12  4  5 12 13  1],False,False,0.46875,0.4375,[ 1  1  0 13  8 12  0  7  2  8 12  4  5  3  2  1],[ 1  1  0 13 11  0  0  7  4  8 12  4  5 12  2  1],False,False,0.21875,0.28125,0.04,0.0,0.0,1,0,0,0.04,0.0,0.0,1,0,0,1.0,0.0,0.0,25,0,0,1.0,0.0,0.0,25,0,0,0.68,0.29411764705882354,0.52,17,5,13,0.84,0.19047619047619047,0.16,21,4,4,0.4,0.0,0.0,10,0,0,0.64,0.0,0.0,16,0,0
"[0.500999   0.         1.00049988 0.500999   0.         0.
 0.         0.         0.         0.70781353 0.500999   0.
 0.         0.         0.         0.         0.         0.500999
 0.         0.70781353 0.         0.         0.         0.
 0.         1.00049988 0.         0.         0.         0.
 0.         0.         1.00049988 0.         1.00049988 0.
 0.         0.500999   0.         0.         0.         0.
 0.         0.         0.         0.         0.         0.
 0.500999   0.70781353 0.         0.500999   0.         0.70781353
 0.         0.70781353 0.         1.00049988 0.         0.
 0.         0.         1.00049988 0.         0.         0.
 0.         0.         0.500999   0.         0.         0.
 0.         0.         0.         0.         0.         0.
 0.         0.         0.         0.         0.500999   0.70781353
 0.         0.         0.         0.         0.         1.00049988
 0.70781353 0.500999   0.         0.         0.         0.500999
 0.         0.         0.         0.         0.         0.
 0.500999   0.         0.         0.         1.00049988 0.
 0.         0.         0.         0.         0.         0.
 0.         0.70781353 0.         0.         0.         0.
 0.         0.         0.         1.00049988 0.         0.
 0.         0.         0.         0.         0.         0.
 0.         0.         0.         0.         1.00049988 0.
 0.         0.         0.         0.         0.         0.
 0.70781353 1.00049988 0.         1.00049988 0.         1.00049988
 0.         0.         0.         0.         0.         0.500999
 0.         0.         1.00049988 0.         0.500999   0.
 0.         0.         0.         0.70781353 1.00049988 0.
 0.         0.         0.500999   0.         0.         0.70781353
 0.         0.         0.         0.         0.         0.
 0.         0.500999   0.         1.00049988 0.         0.500999
 0.         0.500999   0.70781353 0.         0.70781353 0.
 0.         0.         0.         0.         0.         0.
 0.         0.         0.         0.         0.         0.70781353
 1.00049988 0.         0.         0.         0.         0.
 0.         0.         0.         0.         0.         0.
 0.         0.         0.70781353 0.         0.         0.
 0.         0.70781353 0.         0.         0.         1.00049988
 0.         0.         0.         0.         0.         1.00049988
 0.         0.70781353 0.         0.         0.         0.
 0.         0.         0.         0.         0.         0.500999
 0.         0.         0.         0.         0.         0.
 0.         0.70781353 0.         0.        ]",[ 3  3  5  0  4 11 10  3  8 11  0 14 11 15 14  5],[ 9  3  5  0  4 11 10  3  8 11  0 14 11 15 14  5],False,True,0.34375,0.546875,"[np.int64(11), np.int64(4), np.int64(0), np.int64(0), np.int64(10), np.int64(2), np.int64(5), np.int64(3), np.int64(8), np.int64(13), np.int64(6), np.int64(9), np.int64(3), np.int64(2), np.int64(5), np.int64(3)]","[np.int64(2), np.int64(7), np.int64(0), np.int64(2), np.int64(1), np.int64(6), np.int64(6), np.int64(7), np.int64(10), np.int64(3), np.int64(7), np.int64(2), np.int64(12), np.int64(4), np.int64(13), np.int64(8)]",False,False,0.0,0.0,[ 3  3  5  5  4 11 10  3  8 11  0 14 11 15 14  5],[ 9  3  5  0  4 11 10  3  8 11  0 14 11 15 14  5],True,True,0.46875,0.4375,[10  3  5  5  4 11 10  3  8 11  0 14 11 15 14  5],[10  3  5  0  4 11 10  3  8 11  0 14 11 15 14  5],False,False,0.21875,0.28125,0.04,0.0,0.0,1,0,0,0.04,1.0,1.0,1,1,25,1.0,0.0,0.0,25,0,0,1.0,0.0,0.0,25,0,0,0.52,0.3076923076923077,0.56,13,4,14,0.28,0.42857142857142855,0.4,7,3,10,0.16,0.25,0.08,4,1,2,0.12,0.3333333333333333,0.08,3,1,2
"[0.500999   0.         0.         0.         0.         0.
 0.         0.         0.         0.500999   0.         0.
 0.         0.         0.         0.         0.         0.500999
 0.         0.         0.70781353 0.         0.         0.
 0.         0.         0.         0.         0.500999   0.
 0.70781353 0.         0.         0.         1.00049988 0.500999
 0.         0.         0.         0.         0.         0.
 0.         0.         1.00049988 0.         0.70781353 0.
 0.         0.         0.500999   0.         0.         0.
 0.70781353 0.         0.70781353 0.         0.70781353 0.
 0.         0.70781353 0.         0.         0.         0.70781353
 0.         0.         0.         0.         0.70781353 0.
 0.70781353 0.         0.         0.         0.         0.
 0.         0.70781353 0.         0.         0.         0.
 0.         1.00049988 0.         0.         0.         0.
 0.         0.500999   0.         0.         0.         0.70781353
 0.         0.         0.         0.70781353 0.70781353 0.
 0.500999   0.         0.         0.         1.00049988 0.
 0.         0.         0.         0.         0.         0.
 0.         0.         0.         0.         0.         1.00049988
 0.         0.         0.         0.         0.         0.
 0.500999   0.         0.         0.         0.         0.70781353
 0.70781353 0.         0.         0.         1.00049988 0.
 0.         0.         0.         0.         0.         0.500999
 0.500999   0.         0.         0.         0.         0.
 0.         0.         0.         0.500999   0.         0.70781353
 0.         0.         0.         0.         0.         0.
 0.         0.70781353 0.         0.         1.00049988 0.
 0.         0.         1.00049988 0.70781353 0.         1.00049988
 0.         0.         0.         0.         0.         0.
 0.         0.500999   0.         0.         0.         0.70781353
 0.70781353 0.         0.500999   0.500999   0.         0.
 0.         0.500999   1.00049988 0.         0.         0.
 0.         0.         0.         0.         0.         0.500999
 0.         0.         0.         0.         0.         0.
 0.         0.70781353 0.         0.         0.         0.
 0.         0.         1.00049988 0.500999   0.         1.00049988
 0.70781353 0.         0.         0.70781353 0.70781353 0.
 0.         0.         0.         0.500999   0.         0.
 0.         0.         0.         0.70781353 0.         0.
 0.         0.         0.         0.         0.70781353 0.70781353
 0.         0.         0.500999   0.         0.         0.
 0.         0.         0.         1.00049988]",[ 9 12  2  2  6 11  3 14  3 11  3 13 11 11  2  8],[ 9 12  2  2  1 11  3 14  3 11  3 13 11  3  2  8],False,True,0.34375,0.546875,"[np.int64(10), np.int64(5), np.int64(5), np.int64(12), np.int64(4), np.int64(4), np.int64(7), np.int64(4), np.int64(12), np.int64(10), np.int64(8), np.int64(0), np.int64(11), np.int64(14), np.int64(0), np.int64(2)]","[np.int64(5), np.int64(12), np.int64(10), np.int64(7), np.int64(13), np.int64(15), np.int64(14), np.int64(4), np.int64(3), np.int64(13), np.int64(15), np.int64(11), np.int64(1), np.int64(11), np.int64(14), np.int64(12)]",False,False,0.0,0.0,[ 9  4  2  2  8 15  3 14  3 11  3 13 11  3  2  8],[ 9 14  2  2  6 11  3 14  3 11  3 13 11  3  2  8],False,False,0.46875,0.4375,[ 9 12  2  2  6 11  3 14  3 11  3 13 11 11  2  8],[ 9 14  2  2  6 11  3 14 15 11  3 13 11 11  2  8],False,False,0.21875,0.28125,0.04,0.0,0.0,1,0,0,0.04,1.0,1.0,1,1,25,1.0,0.0,0.0,25,0,0,1.0,0.0,0.0,25,0,0,0.6,0.26666666666666666,0.4,15,4,10,0.6,0.2,0.2,15,3,5,0.68,0.058823529411764705,0.04,17,1,1,0.72,0.05555555555555555,0.04,18,1,1
"[0.         0.         0.         0.         0.         1.00049988
 0.         0.         0.         0.         0.         1.00049988
 0.         0.         0.         0.         0.         0.500999
 0.         0.         0.         0.70781353 0.         0.
 0.         0.         0.         0.         0.500999   0.500999
 0.70781353 0.         0.         0.         0.         0.
 0.         0.         0.         0.         0.70781353 0.
 0.         1.00049988 0.         0.         0.         0.
 0.         0.         0.         1.00049988 0.         0.
 1.00049988 0.         0.500999   0.500999   0.500999   0.
 0.         0.         0.70781353 0.500999   0.         0.
 0.         0.         0.         0.         0.         0.
 0.         0.         0.         0.         0.500999   0.
 0.         0.         1.00049988 0.70781353 0.         0.
 0.         0.         0.         0.         0.70781353 0.
 0.         0.70781353 0.         0.         0.         0.
 0.         0.         0.         1.00049988 0.         0.
 1.00049988 0.         0.         0.         0.70781353 0.
 0.         0.70781353 0.         1.00049988 0.         0.
 0.         0.         0.         0.         0.         0.
 0.         1.00049988 0.         0.         0.70781353 0.
 0.         0.500999   0.         0.         0.70781353 0.500999
 0.         0.70781353 0.         0.         0.         0.
 1.00049988 0.         0.         0.         0.70781353 0.70781353
 0.         0.         0.         0.500999   0.         0.
 0.         1.00049988 0.         0.         0.         0.
 0.         0.         0.         0.         0.         0.
 0.         0.500999   0.         0.         0.70781353 0.
 1.00049988 0.         0.500999   0.70781353 0.70781353 0.
 0.         0.         1.00049988 0.         1.00049988 0.
 0.         0.70781353 0.         0.         0.         0.
 0.70781353 1.00049988 0.         0.70781353 0.         0.70781353
 0.         0.500999   0.         0.         0.500999   0.
 0.         0.70781353 0.         0.         0.70781353 0.
 0.500999   0.         0.         0.70781353 0.         0.500999
 0.         0.         0.         0.         0.70781353 0.
 0.         0.         0.         0.70781353 0.         0.
 0.         0.         0.         0.70781353 0.         0.70781353
 0.         0.         0.         0.         0.70781353 0.
 0.         0.         0.         0.         1.00049988 0.
 0.         0.         0.         0.500999   0.         0.
 1.00049988 0.500999   0.70781353 0.         0.         0.70781353
 0.70781353 0.         0.         0.        ]",[ 5 13  8 15 12  1 13 15  3  3  3 13  1 13  1  3],[11 13  8 15 12  1 13 15  3  3  3 13  1 13  1  7],False,False,0.34375,0.546875,"[np.int64(13), np.int64(12), np.int64(9), np.int64(7), np.int64(7), np.int64(5), np.int64(12), np.int64(1), np.int64(1), np.int64(3), np.int64(0), np.int64(8), np.int64(5), np.int64(7), np.int64(14), np.int64(12)]","[np.int64(11), np.int64(9), np.int64(8), np.int64(13), np.int64(12), np.int64(13), np.int64(11), np.int64(9), np.int64(13), np.int64(1), np.int64(10), np.int64(0), np.int64(6), np.int64(14), np.int64(13), np.int64(9)]",False,False,0.0,0.0,[11 13  8 14 12  1 13 12  3  3 12 13  1 13  1  3],[ 5 13  8  8 12  1 13 12  5  3  3 13  1 13  1  7],False,False,0.46875,0.4375,[ 5 13  8  8 12  1 13 15  3  3  3 13  1 13  1  7],[ 5 13  8 10 12  1 13 15  3  3  3 13  1 13  1  7],False,False,0.21875,0.28125,0.04,0.0,0.0,1,0,0,0.04,0.0,0.0,1,0,0,1.0,0.0,0.0,25,0,0,1.0,0.0,0.0,25,0,0,0.84,0.19047619047619047,0.16,21,4,4,0.6,0.2,0.24,15,3,6,0.32,0.0,0.0,8,0,0,0.48,0.08333333333333333,0.04,12,1,1
"[0.500999   0.         0.         0.         0.         0.
 0.         0.         0.         0.500999   0.         0.
 0.         0.         0.         0.         0.         0.500999
 0.         0.         0.70781353 0.         0.         0.
 0.         0.         0.         0.         0.500999   0.
 0.70781353 0.         0.         0.         1.00049988 0.500999
 0.         0.         0.         0.         0.         0.
 0.         0.         1.00049988 0.         0.70781353 0.
 0.         0.         0.500999   0.         0.         0.
 0.70781353 0.         0.70781353 0.         0.70781353 0.
 0.         0.70781353 0.         0.         0.         0.70781353
 0.         0.         0.         0.         0.70781353 0.
 0.70781353 0.         0.         0.         0.         0.
 0.         0.70781353 0.         0.         0.         0.
 0.         1.00049988 0.         0.         0.         0.
 0.         0.500999   0.         0.         0.         0.70781353
 0.         0.         0.         0.70781353 0.70781353 0.
 0.500999   0.         0.         0.         1.00049988 0.
 0.         0.         0.         0.         0.         0.
 0.         0.         0.         0.         0.         1.00049988
 0.         0.         0.         0.         0.         0.
 0.500999   0.         0.         0.         0.         0.70781353
 0.70781353 0.         0.         0.         1.00049988 0.
 0.         0.         0.         0.         0.         0.500999
 0.500999   0.         0.         0.         0.         0.
 0.         0.         0.         0.500999   0.         0.70781353
 0.         0.         0.         0.         0.         0.
 0.         0.70781353 0.         0.         1.00049988 0.
 0.         0.         1.00049988 0.70781353 0.         1.00049988
 0.         0.         0.         0.         0.         0.
 0.         0.500999   0.         0.         0.         0.70781353
 0.70781353 0.         0.500999   0.500999   0.         0.
 0.         0.500999   1.00049988 0.         0.         0.
 0.         0.         0.         0.         0.         0.500999
 0.         0.         0.         0.         0.         0.
 0.         0.70781353 0.         0.         0.         0.
 0.         0.         1.00049988 0.500999   0.         1.00049988
 0.70781353 0.         0.         0.70781353 0.70781353 0.
 0.         0.         0.         0.500999   0.         0.
 0.         0.         0.         0.70781353 0.         0.
 0.         0.         0.         0.         0.70781353 0.70781353
 0.         0.         0.500999   0.         0.         0.
 0.         0.         0.         1.00049988]",[ 9 12  2  2  6 11  3 14  3 11  3 13 11 11  2  8],[ 9 12  2  2  1 11  3 14  3 11  3 13 11  3  2  8],False,True,0.34375,0.546875,"[np.int64(13), np.int64(6), np.int64(9), np.int64(13), np.int64(5), np.int64(7), np.int64(4), np.int64(4), np.int64(9), np.int64(9), np.int64(11), np.int64(10), np.int64(1), np.int64(14), np.int64(5), np.int64(3)]","[np.int64(3), np.int64(7), np.int64(0), np.int64(15), np.int64(11), np.int64(3), np.int64(1), np.int64(0), np.int64(7), np.int64(5), np.int64(9), np.int64(10), np.int64(1), np.int64(5), np.int64(14), np.int64(11)]",False,False,0.0,0.0,[ 9 14  2  2  6 11  3 14  3 11  3 13  1  3  2  8],[ 9 14  2  2  6 11  3 14  3 11  3 13 11  3  2  8],False,False,0.46875,0.4375,[ 9 12  2  2 15 11  3 14 15 11  3 13 11  3  2  8],[ 9 12  2  2  8 11  3 14 15 11  3 12 11  3  2  8],False,False,0.21875,0.28125,0.04,0.0,0.0,1,0,0,0.04,1.0,1.0,1,1,25,1.0,0.0,0.0,25,0,0,1.0,0.0,0.0,25,0,0,0.56,0.2857142857142857,0.52,14,4,13,0.64,0.125,0.28,16,2,7,0.76,0.05263157894736842,0.04,19,1,1,0.6,0.06666666666666667,0.04,15,1,1
"[1.00049988 0.         0.         0.500999   0.500999   0.
 0.         0.70781353 0.500999   0.         0.         0.
 0.         0.         0.         0.500999   0.         0.
 0.         0.70781353 0.         0.500999   0.         0.
 0.         0.         0.         0.         0.         0.
 0.         0.         0.         0.         0.500999   0.70781353
 0.         0.         0.         0.         0.         0.
 0.         0.         0.         0.         0.         0.
 0.500999   0.70781353 0.70781353 0.         0.         0.
 0.         0.         0.70781353 0.         0.         0.
 1.00049988 0.         0.         0.         0.500999   0.
 0.         0.         0.         0.         0.         0.
 0.         0.         1.00049988 0.500999   0.         0.
 0.         0.         0.         0.500999   0.         0.
 0.         0.         0.500999   0.         1.00049988 0.
 0.         0.         0.500999   0.         0.70781353 0.
 0.         0.         0.         0.         0.         0.500999
 0.500999   0.         0.         0.70781353 0.         0.
 0.         0.500999   0.         0.         0.70781353 0.
 0.         0.         0.         0.         0.         0.
 0.         0.         0.         0.         0.         0.
 0.         0.         0.500999   0.         0.         0.70781353
 0.         1.00049988 0.         0.         0.500999   0.
 0.         0.         0.         0.         0.         0.
 0.         0.         0.         0.         0.         0.
 0.70781353 0.         0.         0.         0.         0.500999
 0.         0.500999   0.         0.500999   0.         0.
 0.         0.         1.00049988 0.         0.         0.
 0.         0.         0.         0.         0.         1.00049988
 0.         0.         0.         0.         0.         0.
 0.500999   0.         0.         0.         0.         0.500999
 0.         1.00049988 0.         0.         0.         0.
 0.         0.         0.         1.00049988 0.         0.500999
 0.         0.         0.         0.         0.         0.
 1.00049988 0.         0.         0.70781353 0.         0.
 0.         0.         0.         0.         0.500999   0.
 0.         0.500999   1.00049988 0.         0.         1.00049988
 0.         0.         0.         0.         0.         0.
 0.         0.70781353 0.         0.         0.         0.
 0.         0.         0.         0.         0.         0.
 0.500999   0.         0.         0.         0.         0.
 0.         0.         0.         0.500999   0.         0.
 0.70781353 0.         0.         0.        ]",[15  5  3  0  0  6 13  0  0 15 13  9  5  9  5 15],[15  5  3  0  0  6 13  0  0 15  4  9  5  9  5 15],True,True,0.34375,0.546875,"[np.int64(8), np.int64(13), np.int64(9), np.int64(1), np.int64(11), np.int64(5), np.int64(14), np.int64(1), np.int64(14), np.int64(5), np.int64(10), np.int64(6), np.int64(11), np.int64(11), np.int64(7), np.int64(9)]","[np.int64(4), np.int64(14), np.int64(1), np.int64(9), np.int64(5), np.int64(7), np.int64(4), np.int64(9), np.int64(10), np.int64(10), np.int64(3), np.int64(11), np.int64(8), np.int64(10), np.int64(4), np.int64(6)]",False,False,0.0,0.0,[15  5  3  0  0  6 13  0  0 15  4  4  5  9  5 15],[15  5  3  0  0  6 13  0  0 15  4  4  5  9  5 15],True,True,0.46875,0.4375,[15  5  3  0 11  6 13  0  0 15 13  9  5  9  5 15],[15  5  3  0  0  6 13  0  0 15  4  9  5  9  5 15],True,True,0.21875,0.28125,0.04,1.0,1.0,1,1,25,0.04,1.0,1.0,1,1,25,1.0,0.0,0.0,25,0,0,1.0,0.0,0.0,25,0,0,0.2,1.0,1.0,5,5,25,0.24,1.0,1.0,6,6,25,0.32,0.75,0.92,8,6,23,0.2,0.8,0.96,5,4,24
"[0.500999   0.70781353 0.         0.         0.         0.
 0.         0.         0.         1.00049988 0.         0.
 0.70781353 0.70781353 0.         0.500999   0.70781353 1.00049988
 0.         0.         0.         0.         0.         0.70781353
 0.         0.         0.         0.         0.         0.
 0.         0.         0.         0.         0.500999   0.70781353
 0.         0.         0.         0.         0.500999   0.
 0.         0.70781353 0.         0.         0.         1.00049988
 0.         0.         0.70781353 0.         0.         0.
 0.         0.         0.         1.00049988 0.         0.
 0.70781353 0.         0.         0.         0.         0.
 0.         0.         1.00049988 0.70781353 0.         0.
 0.         0.         0.70781353 0.         0.70781353 0.
 0.70781353 0.         0.         0.         0.         0.
 0.70781353 0.         1.00049988 0.70781353 0.         0.
 0.         0.500999   0.         0.         0.         1.00049988
 0.         0.         0.         0.         0.         1.00049988
 0.500999   0.         0.         1.00049988 0.70781353 0.
 0.         0.         0.         0.500999   0.         0.70781353
 0.         0.         0.         0.70781353 0.         0.
 0.         0.70781353 0.         0.         0.70781353 0.
 1.00049988 0.         0.         0.         0.500999   0.
 0.         0.         0.         0.         0.         0.
 0.         0.         0.         0.         0.70781353 0.
 1.00049988 0.         0.         1.00049988 0.         0.
 1.00049988 0.70781353 0.         0.500999   0.         0.
 0.         0.         0.         0.         0.         0.
 0.         0.         0.70781353 0.         0.70781353 0.
 0.         0.         0.         1.00049988 0.70781353 0.
 0.         0.         0.         0.         0.70781353 0.
 0.         0.500999   0.         0.         0.         0.
 1.00049988 0.         0.70781353 0.         0.70781353 0.500999
 0.70781353 0.         0.         0.70781353 0.70781353 0.
 0.         0.70781353 0.         0.         0.70781353 0.70781353
 0.         0.500999   0.         0.         0.70781353 0.
 0.         0.         0.         0.         0.         0.
 0.         0.         0.         0.         0.500999   1.00049988
 0.70781353 0.         0.         0.         0.         0.
 0.70781353 0.         0.         1.00049988 0.70781353 0.
 0.         0.70781353 0.         0.70781353 0.500999   0.
 0.500999   0.         1.00049988 0.         0.         1.00049988
 0.500999   0.         0.         0.         0.         0.500999
 0.         0.         0.         0.500999  ]",[15  0  8 12 12 11 15 12  2  7 12 15 13 13 13 11],[15  0 11 12 12 11 15 12  2  7 12 15 13 13 13 11],False,False,0.34375,0.546875,"[np.int64(10), np.int64(11), np.int64(1), np.int64(6), np.int64(8), np.int64(9), np.int64(12), np.int64(7), np.int64(14), np.int64(14), np.int64(13), np.int64(8), np.int64(2), np.int64(11), np.int64(13), np.int64(10)]","[np.int64(0), np.int64(1), np.int64(12), np.int64(6), np.int64(9), np.int64(1), np.int64(0), np.int64(10), np.int64(7), np.int64(7), np.int64(4), np.int64(6), np.int64(7), np.int64(11), np.int64(9), np.int64(12)]",False,False,0.0,0.0,[15  7  3 12 12 11 15 12  2  7 12 12 13 13 13 11],[13  0  3 12 12 11 15 12 14  7 12 12 13 13 13  0],True,False,0.46875,0.4375,[15  0  8 12 12 11 15 12  2  7 12 15 13 13 13 11],[15  0 11 12 12 11 15 12  2  7 12 12 13 13 13  0],False,False,0.21875,0.28125,0.04,0.0,0.0,1,0,0,0.04,0.0,0.0,1,0,0,1.0,0.0,0.0,25,0,0,1.0,0.0,0.0,25,0,0,0.88,0.13636363636363635,0.24,22,3,6,0.92,0.17391304347826086,0.16,23,4,4,0.44,0.0,0.0,11,0,0,0.52,0.07692307692307693,0.04,13,1,1
"[1.00049988 0.         0.         0.         0.70781353 0.
 0.         0.         0.         0.         0.         0.
 0.         0.         0.         0.         0.         0.500999
 0.70781353 0.         0.         1.00049988 0.         0.500999
 0.         1.00049988 0.         0.         0.         0.
 0.70781353 0.70781353 0.         0.70781353 0.         1.00049988
 0.         0.500999   1.00049988 0.         0.500999   0.
 0.         0.         1.00049988 0.         0.         0.70781353
 0.         0.         1.00049988 0.         0.         0.500999
 0.         0.         0.         0.         0.         0.
 0.         0.         0.         0.         0.70781353 0.
 0.         0.         0.500999   0.         0.70781353 0.
 0.         0.         0.         1.00049988 0.         0.
 0.         0.         0.         1.00049988 0.500999   0.500999
 0.         0.500999   0.         0.         0.         0.
 0.         0.         0.         0.         0.         0.70781353
 0.         0.         1.00049988 0.         0.70781353 0.
 0.         0.         0.         0.70781353 0.         0.
 0.         0.         0.         0.         0.         0.500999
 0.         0.         0.         0.         0.         0.500999
 0.         0.         0.         0.         0.         0.
 0.70781353 0.         0.         0.         0.500999   0.
 0.         0.         0.         0.         0.500999   0.
 0.         1.00049988 0.         0.70781353 0.         0.
 0.         1.00049988 0.         0.         0.         0.
 0.70781353 0.         0.         0.         0.         0.
 0.         0.         1.00049988 0.         0.         0.
 0.         0.         0.         0.         0.         0.
 0.         0.         0.         0.         0.         0.
 0.         0.         0.         0.         0.         0.
 1.00049988 0.         0.         0.         1.00049988 0.
 0.         0.         0.         0.         0.         0.
 0.         0.         1.00049988 0.         0.         0.
 0.         0.         0.         0.         0.         0.
 1.00049988 0.500999   0.         0.         0.         0.
 0.         0.         0.         0.         0.         0.
 0.70781353 0.         0.         0.         0.500999   0.500999
 0.         0.         0.         0.70781353 0.         0.
 0.         0.         0.         0.70781353 0.         1.00049988
 0.         0.         0.         0.         0.500999   0.
 0.         0.70781353 0.70781353 0.         0.         0.70781353
 0.         0.         0.         0.         0.         0.
 0.         0.         0.         1.00049988]",[ 0  1  2  3  4  5  6  7  8  9 10 11 12 13 14 15],[ 0  1  2  3  4  5  6  7  8  9 10 11 12 13 14 15],True,True,0.34375,0.546875,"[np.int64(5), np.int64(6), np.int64(2), np.int64(13), np.int64(1), np.int64(4), np.int64(10), np.int64(1), np.int64(0), np.int64(8), np.int64(6), np.int64(6), np.int64(13), np.int64(14), np.int64(5), np.int64(11)]","[np.int64(8), np.int64(13), np.int64(5), np.int64(4), np.int64(4), np.int64(0), np.int64(10), np.int64(4), np.int64(7), np.int64(8), np.int64(13), np.int64(8), np.int64(10), np.int64(6), np.int64(14), np.int64(5)]",False,False,0.0,0.0,[ 0  1  2  3  4  5  6  7  8  9 10 11 12 13 14 15],[ 0  1  2  3  4  5  6  7  8  9 10 11 12 13 14 15],True,True,0.46875,0.4375,[ 4  7  8  5  6 15  9  1 13 14 10  8 13  8  9  5],[ 4  2  1  2  0  1  2  1  2  1 10  4  2  8  1  1],False,False,0.21875,0.28125,0.04,1.0,1.0,1,1,25,0.04,1.0,1.0,1,1,25,1.0,0.0,0.0,25,0,0,1.0,0.0,0.0,25,0,0,0.04,1.0,1.0,1,1,25,0.04,1.0,1.0,1,1,25,0.04,0.0,0.0,1,0,0,0.04,0.0,0.0,1,0,0
"[0.500999   0.         0.         0.         0.500999   1.00049988
 0.70781353 0.         1.00049988 0.         1.00049988 0.
 0.         0.500999   0.         0.500999   0.         0.
 0.         0.         0.         0.         0.500999   0.500999
 0.         0.         0.         0.         0.         1.00049988
 0.         0.         0.         0.         1.00049988 0.
 0.         0.         0.         0.         1.00049988 0.
 0.         0.         0.70781353 0.         0.         0.70781353
 0.         0.         0.         0.         0.         0.70781353
 0.         0.         0.         0.         0.         0.
 0.         0.         0.         0.         0.500999   0.
 0.         0.         0.         0.         0.         0.500999
 0.         1.00049988 0.70781353 0.         0.         0.
 0.         0.         1.00049988 0.         0.         0.70781353
 0.         0.         0.         0.         0.         0.
 0.         0.         0.         0.         0.         0.
 0.70781353 0.500999   0.         0.         0.         0.
 0.500999   0.500999   0.         0.         0.         1.00049988
 0.         0.         0.         0.         0.         0.500999
 0.         0.         0.500999   0.         0.500999   1.00049988
 0.         0.         0.         0.         0.         0.
 0.         0.         1.00049988 0.         1.00049988 0.
 0.         0.         0.         0.         0.         0.
 0.         0.70781353 0.500999   0.         0.         0.
 0.         0.         0.         0.         1.00049988 0.
 0.         0.         0.         0.         0.         0.
 0.70781353 0.70781353 0.70781353 0.         1.00049988 0.
 0.         0.         0.70781353 0.         0.         0.
 0.         0.         0.         0.         0.         0.
 0.         0.         0.         0.         0.         0.
 0.         0.         1.00049988 0.         0.70781353 0.
 0.         0.500999   0.70781353 0.         0.         1.00049988
 0.         0.         0.70781353 0.         0.         0.
 0.         0.         0.500999   0.70781353 0.         0.70781353
 1.00049988 0.70781353 0.         0.         0.500999   1.00049988
 0.         0.         0.         0.         0.         0.
 0.         0.70781353 0.         0.         0.70781353 0.
 0.         0.70781353 0.         0.         0.         0.
 0.         0.         0.         0.         0.         0.70781353
 0.         0.         0.         0.         0.         1.00049988
 0.500999   0.         0.70781353 0.         0.         0.
 0.         0.         0.         0.         0.         1.00049988
 0.         0.70781353 1.00049988 0.        ]",[13  7 12  5  0  0  7  4 12 12  4 12 12 12  9  0],[13  7 12  5  0  0  7  4 12 12  4 12 12 12  9  0],True,True,0.34375,0.546875,"[np.int64(0), np.int64(15), np.int64(9), np.int64(15), np.int64(0), np.int64(0), np.int64(4), np.int64(7), np.int64(9), np.int64(15), np.int64(3), np.int64(13), np.int64(10), np.int64(14), np.int64(10), np.int64(3)]","[np.int64(0), np.int64(13), np.int64(13), np.int64(3), np.int64(1), np.int64(3), np.int64(6), np.int64(14), np.int64(8), np.int64(11), np.int64(12), np.int64(6), np.int64(8), np.int64(15), np.int64(15), np.int64(6)]",False,False,0.0,0.0,[13  6 12  5  0  0  7  4 12 12  4 12 12 12  9  2],[13  7 12  5  0  0  7  4 12 12  4 12 12 12  9  0],False,True,0.46875,0.4375,[13  7 12  5  0  0  7  4 12 12  4 12 12 12  9  0],[13  7 12  5  0  0  7  4 12 12  4 12 12  0  9  0],True,False,0.21875,0.28125,0.04,1.0,1.0,1,1,25,0.04,1.0,1.0,1,1,25,1.0,0.0,0.0,25,0,0,1.0,0.0,0.0,25,0,0,0.36,0.2222222222222222,0.48,9,2,12,0.16,0.5,0.24,4,2,6,0.4,0.2,0.32,10,2,8,0.16,0.25,0.16,4,1,4
"[0.         0.         0.         0.         0.         0.
 0.         0.         0.         0.         0.         0.
 0.         0.         0.         0.500999   0.         0.
 0.70781353 0.500999   0.         0.70781353 0.500999   0.
 0.         0.         0.         0.         0.         0.
 0.         1.00049988 0.         0.70781353 0.500999   0.
 0.         0.         0.70781353 0.         0.70781353 0.
 0.         0.70781353 0.         0.         0.         0.
 0.         0.500999   0.         0.500999   0.         0.
 0.         0.         0.         0.         0.         0.
 0.         0.         0.500999   0.         0.         0.
 0.         0.         0.500999   0.70781353 0.         0.
 1.00049988 0.         0.         0.         0.         0.
 0.         0.         0.         0.70781353 0.         0.
 0.70781353 1.00049988 0.         1.00049988 1.00049988 0.
 0.70781353 1.00049988 0.         0.500999   0.         0.
 0.         0.500999   0.70781353 0.         0.         0.
 1.00049988 0.         0.         0.         0.70781353 0.
 0.         0.         0.         0.70781353 0.         0.
 0.         0.         0.         1.00049988 0.         0.
 0.         1.00049988 0.70781353 0.         0.         0.
 1.00049988 0.         0.         0.         0.70781353 0.
 1.00049988 1.00049988 0.         0.         0.         0.
 0.         0.         0.         0.         0.         0.
 0.         0.         0.         0.         0.         0.
 0.         1.00049988 0.         0.         0.500999   0.
 0.         0.         0.         0.500999   0.         0.
 0.         0.         0.         0.70781353 0.70781353 0.70781353
 0.         0.500999   0.         0.         0.         0.
 0.         1.00049988 0.         0.         0.70781353 0.
 0.         1.00049988 0.         0.         0.         0.
 0.         1.00049988 0.         0.         0.         0.70781353
 0.         0.         0.         0.         0.         0.
 0.         0.         0.         0.         0.         0.
 0.500999   0.70781353 0.         0.         0.         0.
 0.         0.         0.         0.500999   0.         0.
 0.         0.         0.         0.         0.70781353 0.
 1.00049988 0.500999   0.         0.         0.         0.500999
 0.         0.         0.         1.00049988 0.         0.
 0.         0.         0.         1.00049988 1.00049988 0.
 0.500999   1.00049988 0.         0.         0.         0.
 0.70781353 0.         0.         0.500999   1.00049988 0.70781353
 0.         0.500999   0.         1.00049988]",[15  1  1  1  5 13  1 10  2 15  9 15 13 15  3 13],[15  1  1  1  5 13  1 10  2 15  9 15 13 15  3 13],False,False,0.34375,0.546875,"[np.int64(3), np.int64(0), np.int64(6), np.int64(7), np.int64(2), np.int64(4), np.int64(6), np.int64(11), np.int64(15), np.int64(7), np.int64(2), np.int64(3), np.int64(5), np.int64(5), np.int64(7), np.int64(2)]","[np.int64(1), np.int64(1), np.int64(4), np.int64(4), np.int64(10), np.int64(2), np.int64(2), np.int64(13), np.int64(9), np.int64(0), np.int64(3), np.int64(8), np.int64(10), np.int64(15), np.int64(14), np.int64(3)]",False,False,0.0,0.0,[15  1  1  1  5  1  1 10  2 15  6 15 13  5  3 13],[15  1  1  1  5  1  1 10  2 15  6 15 13 15  3  6],False,False,0.46875,0.4375,[15  1  1  1  5 13  1 10  2 15  9 15 13  5  3 13],[15  1  1  1  5 13  1 10  2 15  9 15 13  5  3 13],False,False,0.21875,0.28125,0.04,0.0,0.0,1,0,0,0.04,0.0,0.0,1,0,0,1.0,0.0,0.0,25,0,0,1.0,0.0,0.0,25,0,0,0.52,0.07692307692307693,0.04,13,1,1,0.6,0.13333333333333333,0.08,15,2,2,0.64,0.0625,0.04,16,1,1,0.48,0.0,0.0,12,0,0
"[0.         0.         0.         0.         0.         0.
 0.         0.         0.         0.         0.         0.70781353
 0.         0.         0.70781353 0.70781353 0.         0.500999
 0.         0.         0.         0.         1.00049988 0.
 1.00049988 0.500999   0.500999   0.         0.         0.
 0.         0.         0.         0.         0.         0.
 0.         0.         0.         0.         0.500999   1.00049988
 0.         0.         0.         0.70781353 0.         0.70781353
 0.         0.         0.         0.500999   0.         0.
 0.         0.         0.70781353 0.500999   0.         0.
 0.70781353 0.70781353 0.         0.         0.         0.
 0.         0.         0.         1.00049988 0.70781353 0.
 0.         0.         0.70781353 1.00049988 0.         0.500999
 0.500999   0.         0.         0.         0.         0.
 1.00049988 0.         0.         0.500999   0.         0.
 0.         1.00049988 0.70781353 0.         0.         0.
 0.         1.00049988 0.         0.         0.70781353 0.
 1.00049988 0.70781353 0.70781353 1.00049988 0.         0.
 0.         1.00049988 0.         1.00049988 0.         0.
 0.         0.         0.         0.500999   0.70781353 0.
 1.00049988 0.         1.00049988 0.         0.         0.500999
 0.         0.         0.         1.00049988 0.500999   0.70781353
 0.         0.         0.70781353 1.00049988 0.500999   0.
 0.70781353 0.         0.         0.         0.         0.
 0.         0.500999   1.00049988 0.500999   0.         0.
 1.00049988 0.         0.         1.00049988 0.         0.
 0.         0.70781353 0.         0.         0.         0.500999
 0.         0.         0.70781353 0.         0.         1.00049988
 0.70781353 0.         0.         0.         0.         0.
 0.         0.         0.70781353 0.         0.         0.
 1.00049988 1.00049988 0.         0.         0.         0.
 0.         0.         0.         0.         0.         0.70781353
 0.         0.         0.         0.70781353 0.         0.70781353
 0.         0.         0.         0.         0.         0.
 1.00049988 0.         0.         0.         0.         0.
 0.70781353 0.70781353 0.500999   0.         1.00049988 0.500999
 0.         0.70781353 0.         0.         0.         0.
 0.         0.70781353 0.70781353 0.         0.         0.
 0.500999   0.         0.         0.         0.         0.
 0.         0.         0.         0.         0.         0.
 0.70781353 0.         0.70781353 0.         0.         0.
 1.00049988 0.         0.         0.         0.         0.70781353
 0.         0.70781353 0.         0.500999  ]",[14  9  8  9 13  7  6 13  6  3  1 15  5  4  4 13],[14  9  8  9 13  7  6  6  6  3  1 15  5  7  4 13],False,False,0.34375,0.546875,"[np.int64(12), np.int64(10), np.int64(1), np.int64(11), np.int64(14), np.int64(6), np.int64(2), np.int64(1), np.int64(13), np.int64(3), np.int64(13), np.int64(4), np.int64(9), np.int64(7), np.int64(9), np.int64(7)]","[np.int64(5), np.int64(0), np.int64(4), np.int64(10), np.int64(4), np.int64(15), np.int64(1), np.int64(3), np.int64(6), np.int64(2), np.int64(1), np.int64(14), np.int64(9), np.int64(8), np.int64(12), np.int64(1)]",False,False,0.0,0.0,[14 10  8  8  6  7  6  6  6  3  8 15  3  7  4  2],[14 10  8  8  6  7  6  6  6 13  4 15  5  4  4 13],False,False,0.46875,0.4375,[14  9  8  9 13  7  6 13  2  1  1 15  5  4  4 13],[14  9  8  9 13  7  6 13  2  3  1 15  5  7  4 13],False,False,0.21875,0.28125,0.04,0.0,0.0,1,0,0,0.04,0.0,0.0,1,0,0,1.0,0.0,0.0,25,0,0,1.0,0.0,0.0,25,0,0,1.0,0.04,0.04,25,1,1,1.0,0.08,0.08,25,2,2,1.0,0.0,0.0,25,0,0,0.96,0.0,0.0,24,0,0
"[0.         0.         0.         1.00049988 0.         0.70781353
 0.         0.         0.         0.70781353 0.         0.
 0.         1.00049988 0.         1.00049988 0.         1.00049988
 0.70781353 0.         1.00049988 0.         0.         0.500999
 0.         0.         0.         0.         0.         0.
 0.         0.         0.         0.70781353 0.         0.
 0.         0.         0.         0.         0.         0.
 0.         0.         0.70781353 0.         1.00049988 0.500999
 1.00049988 0.         0.         0.         1.00049988 0.
 0.         0.         0.         0.70781353 0.         0.500999
 0.         0.         0.70781353 0.         0.         1.00049988
 0.         1.00049988 1.00049988 0.         0.         0.500999
 0.         0.70781353 0.         0.         0.         0.
 0.         0.         0.70781353 0.         0.         0.
 0.         1.00049988 0.         0.         0.         0.500999
 0.         0.         0.         0.         0.         0.
 0.         0.         0.         0.         0.         0.
 0.         0.         0.         0.         0.70781353 1.00049988
 0.500999   0.         0.70781353 0.         0.         0.500999
 0.         0.         0.500999   0.         0.         0.
 0.         0.         0.         0.         0.         0.
 0.         0.         0.         0.         0.         0.
 0.         0.         0.         0.         0.         0.500999
 0.         0.         0.70781353 0.         1.00049988 0.
 0.70781353 0.         0.         0.70781353 0.70781353 0.500999
 0.         0.         0.500999   0.500999   1.00049988 0.
 0.         0.         0.         0.         0.         0.
 0.         0.         0.         0.         0.70781353 0.
 0.         1.00049988 0.         0.         0.70781353 0.
 0.         0.         0.         0.         0.         0.500999
 0.         0.         1.00049988 0.         0.         0.
 0.         0.500999   0.         0.70781353 0.         0.
 0.         0.         0.70781353 0.         0.         0.
 0.500999   0.         0.70781353 0.         0.70781353 0.
 1.00049988 0.         0.         0.         1.00049988 0.
 0.         0.         0.         0.         0.         0.
 0.         0.         0.         0.70781353 0.         1.00049988
 0.70781353 0.         0.         0.         1.00049988 0.70781353
 0.         0.         0.70781353 0.         1.00049988 0.
 0.         0.         0.         0.70781353 0.500999   0.
 1.00049988 0.         0.500999   0.         0.         0.
 0.         0.         0.         0.         0.         0.
 0.         0.         0.         0.        ]",[ 9  7 12  9  9  9 12  4  8  8 12  3  8 11  3  2],[ 9  7 12  9  9  9 12  4  8  8 12  3  8 11  3  2],True,True,0.34375,0.546875,"[np.int64(4), np.int64(15), np.int64(9), np.int64(13), np.int64(9), np.int64(4), np.int64(4), np.int64(6), np.int64(11), np.int64(15), np.int64(11), np.int64(3), np.int64(10), np.int64(12), np.int64(0), np.int64(3)]","[np.int64(13), np.int64(3), np.int64(2), np.int64(6), np.int64(7), np.int64(6), np.int64(3), np.int64(9), np.int64(12), np.int64(13), np.int64(6), np.int64(14), np.int64(15), np.int64(0), np.int64(10), np.int64(15)]",False,False,0.0,0.0,[ 9  7 12  9  9  9 12  4  8  8  6  3  8 11  3  2],[ 9  7 12  9  9  9 14  4  8  8 12  3  8 11  3  2],True,False,0.46875,0.4375,[ 9  7  1 11  7  9 12  4  8  8  6  3  8 11  6  2],[ 9  7 12 11  9  9 12  4  8  8 12  3  6 11  6  2],False,False,0.21875,0.28125,0.04,1.0,1.0,1,1,25,0.04,1.0,1.0,1,1,25,1.0,0.0,0.0,25,0,0,1.0,0.0,0.0,25,0,0,0.6,0.4666666666666667,0.68,15,7,17,0.44,0.5454545454545454,0.76,11,6,19,0.88,0.0,0.0,22,0,0,0.84,0.19047619047619047,0.24,21,4,6
"[0.         0.         0.         0.         0.         0.
 0.         0.         0.         0.         0.         0.70781353
 0.         0.         0.70781353 0.70781353 0.         0.500999
 0.         0.         0.         0.         1.00049988 0.
 1.00049988 0.500999   0.500999   0.         0.         0.
 0.         0.         0.         0.         0.         0.
 0.         0.         0.         0.         0.500999   1.00049988
 0.         0.         0.         0.70781353 0.         0.70781353
 0.         0.         0.         0.500999   0.         0.
 0.         0.         0.70781353 0.500999   0.         0.
 0.70781353 0.70781353 0.         0.         0.         0.
 0.         0.         0.         1.00049988 0.70781353 0.
 0.         0.         0.70781353 1.00049988 0.         0.500999
 0.500999   0.         0.         0.         0.         0.
 1.00049988 0.         0.         0.500999   0.         0.
 0.         1.00049988 0.70781353 0.         0.         0.
 0.         1.00049988 0.         0.         0.70781353 0.
 1.00049988 0.70781353 0.70781353 1.00049988 0.         0.
 0.         1.00049988 0.         1.00049988 0.         0.
 0.         0.         0.         0.500999   0.70781353 0.
 1.00049988 0.         1.00049988 0.         0.         0.500999
 0.         0.         0.         1.00049988 0.500999   0.70781353
 0.         0.         0.70781353 1.00049988 0.500999   0.
 0.70781353 0.         0.         0.         0.         0.
 0.         0.500999   1.00049988 0.500999   0.         0.
 1.00049988 0.         0.         1.00049988 0.         0.
 0.         0.70781353 0.         0.         0.         0.500999
 0.         0.         0.70781353 0.         0.         1.00049988
 0.70781353 0.         0.         0.         0.         0.
 0.         0.         0.70781353 0.         0.         0.
 1.00049988 1.00049988 0.         0.         0.         0.
 0.         0.         0.         0.         0.         0.70781353
 0.         0.         0.         0.70781353 0.         0.70781353
 0.         0.         0.         0.         0.         0.
 1.00049988 0.         0.         0.         0.         0.
 0.70781353 0.70781353 0.500999   0.         1.00049988 0.500999
 0.         0.70781353 0.         0.         0.         0.
 0.         0.70781353 0.70781353 0.         0.         0.
 0.500999   0.         0.         0.         0.         0.
 0.         0.         0.         0.         0.         0.
 0.70781353 0.         0.70781353 0.         0.         0.
 1.00049988 0.         0.         0.         0.         0.70781353
 0.         0.70781353 0.         0.500999  ]",[14  9  8  9 13  7  6 13  6  3  1 15  5  4  4 13],[14  9  8  9 13  7  6  6  6  3  1 15  5  7  4 13],False,False,0.34375,0.546875,"[np.int64(13), np.int64(6), np.int64(14), np.int64(1), np.int64(11), np.int64(14), np.int64(7), np.int64(4), np.int64(5), np.int64(5), np.int64(11), np.int64(4), np.int64(12), np.int64(11), np.int64(8), np.int64(11)]","[np.int64(1), np.int64(2), np.int64(6), np.int64(6), np.int64(15), np.int64(14), np.int64(10), np.int64(11), np.int64(10), np.int64(10), np.int64(5), np.int64(11), np.int64(10), np.int64(12), np.int64(0), np.int64(15)]",False,False,0.0,0.0,[15 10  8  8  6  7  6 13  6 13  8 15  3  2  4  2],[14  9  8  9 13  7  6  6  6 13  1 15  5  7  4  2],False,True,0.46875,0.4375,[15 10  8  9 13  7  6 13  2  3  4 15  5  4  4 13],[14  9  8  9 13  7  6 13  2  3  1 15  5  7  4 13],False,False,0.21875,0.28125,0.04,0.0,0.0,1,0,0,0.04,0.0,0.0,1,0,0,1.0,0.0,0.0,25,0,0,1.0,0.0,0.0,25,0,0,0.96,0.041666666666666664,0.04,24,1,1,1.0,0.04,0.04,25,1,1,1.0,0.0,0.0,25,0,0,1.0,0.0,0.0,25,0,0
"[0.500999   0.70781353 0.         0.         0.         0.
 0.         0.         0.         1.00049988 0.         0.
 0.70781353 0.70781353 0.         0.500999   0.70781353 1.00049988
 0.         0.         0.         0.         0.         0.70781353
 0.         0.         0.         0.         0.         0.
 0.         0.         0.         0.         0.500999   0.70781353
 0.         0.         0.         0.         0.500999   0.
 0.         0.70781353 0.         0.         0.         1.00049988
 0.         0.         0.70781353 0.         0.         0.
 0.         0.         0.         1.00049988 0.         0.
 0.70781353 0.         0.         0.         0.         0.
 0.         0.         1.00049988 0.70781353 0.         0.
 0.         0.         0.70781353 0.         0.70781353 0.
 0.70781353 0.         0.         0.         0.         0.
 0.70781353 0.         1.00049988 0.70781353 0.         0.
 0.         0.500999   0.         0.         0.         1.00049988
 0.         0.         0.         0.         0.         1.00049988
 0.500999   0.         0.         1.00049988 0.70781353 0.
 0.         0.         0.         0.500999   0.         0.70781353
 0.         0.         0.         0.70781353 0.         0.
 0.         0.70781353 0.         0.         0.70781353 0.
 1.00049988 0.         0.         0.         0.500999   0.
 0.         0.         0.         0.         0.         0.
 0.         0.         0.         0.         0.70781353 0.
 1.00049988 0.         0.         1.00049988 0.         0.
 1.00049988 0.70781353 0.         0.500999   0.         0.
 0.         0.         0.         0.         0.         0.
 0.         0.         0.70781353 0.         0.70781353 0.
 0.         0.         0.         1.00049988 0.70781353 0.
 0.         0.         0.         0.         0.70781353 0.
 0.         0.500999   0.         0.         0.         0.
 1.00049988 0.         0.70781353 0.         0.70781353 0.500999
 0.70781353 0.         0.         0.70781353 0.70781353 0.
 0.         0.70781353 0.         0.         0.70781353 0.70781353
 0.         0.500999   0.         0.         0.70781353 0.
 0.         0.         0.         0.         0.         0.
 0.         0.         0.         0.         0.500999   1.00049988
 0.70781353 0.         0.         0.         0.         0.
 0.70781353 0.         0.         1.00049988 0.70781353 0.
 0.         0.70781353 0.         0.70781353 0.500999   0.
 0.500999   0.         1.00049988 0.         0.         1.00049988
 0.500999   0.         0.         0.         0.         0.500999
 0.         0.         0.         0.500999  ]",[15  0  8 12 12 11 15 12  2  7 12 15 13 13 13 11],[15  0 11 12 12 11 15 12  2  7 12 15 13 13 13 11],False,False,0.34375,0.546875,"[np.int64(0), np.int64(5), np.int64(13), np.int64(1), np.int64(5), np.int64(1), np.int64(7), np.int64(0), np.int64(4), np.int64(13), np.int64(3), np.int64(4), np.int64(1), np.int64(2), np.int64(4), np.int64(6)]","[np.int64(12), np.int64(0), np.int64(12), np.int64(5), np.int64(9), np.int64(5), np.int64(12), np.int64(13), np.int64(6), np.int64(12), np.int64(9), np.int64(9), np.int64(14), np.int64(0), np.int64(6), np.int64(4)]",False,False,0.0,0.0,[15  7  8 12 12  4 10 12 14  7 12  5 13 13 13 11],[13  0 11 12 12 11 15 12 14  7 12 12 13 13 13  0],False,False,0.46875,0.4375,[15  7  8 12 12 11 15 12  2  7 12  5 13 13 13  0],[15  7  3 12 12 11 15 12  2  7 12 15 13 13 13 11],False,False,0.21875,0.28125,0.04,0.0,0.0,1,0,0,0.04,0.0,0.0,1,0,0,1.0,0.0,0.0,25,0,0,1.0,0.0,0.0,25,0,0,0.96,0.20833333333333334,0.24,24,5,6,0.84,0.09523809523809523,0.08,21,2,2,0.64,0.0,0.0,16,0,0,0.48,0.0,0.0,12,0,0
"[1.00049988 0.         0.         0.         0.         0.70781353
 0.70781353 0.         0.         0.         0.         0.
 0.         0.70781353 0.         0.         0.         0.500999
 0.         1.00049988 0.         0.         0.         0.
 0.         0.500999   0.         1.00049988 0.         0.
 0.         0.         0.         0.         0.500999   0.
 0.         0.70781353 0.500999   0.500999   0.         0.
 0.         0.         1.00049988 0.         0.         0.
 0.         1.00049988 0.         0.         0.         0.70781353
 0.         0.         0.         0.         0.         0.
 0.         0.         0.70781353 0.         0.         0.
 0.         0.         1.00049988 0.         0.         0.
 0.         1.00049988 0.         0.         0.         0.
 0.         0.500999   0.70781353 0.         0.70781353 0.70781353
 0.         0.500999   0.         0.         0.70781353 0.
 0.         0.         0.         0.         0.500999   0.
 0.70781353 0.         0.500999   0.         0.         0.
 1.00049988 0.         0.         0.70781353 0.         0.
 0.         0.         0.         1.00049988 0.         0.
 0.500999   0.         0.         0.         0.         0.500999
 0.70781353 0.         1.00049988 0.         0.500999   1.00049988
 0.70781353 0.70781353 0.         0.         0.         0.
 0.         0.70781353 0.         0.70781353 1.00049988 0.
 0.         0.         0.         0.70781353 0.         0.
 0.         0.500999   0.         0.         1.00049988 0.
 0.70781353 0.         0.         0.500999   0.         0.
 0.         0.70781353 0.         0.         0.         0.
 0.         0.         0.         0.         0.         1.00049988
 0.         0.         0.         0.70781353 0.         0.
 0.70781353 0.         0.         1.00049988 0.         0.
 0.         0.         0.         0.         0.         0.
 0.70781353 0.500999   0.         0.         0.         0.
 0.         0.         1.00049988 0.         0.         0.
 0.         0.500999   0.         0.         0.         0.
 0.         0.         0.         0.         0.70781353 0.
 0.         0.         0.         0.         0.         1.00049988
 0.70781353 0.70781353 0.         0.         0.         0.500999
 0.         0.         0.         0.         0.         0.70781353
 0.         0.500999   0.         0.70781353 0.         0.
 0.70781353 0.         0.         0.         1.00049988 0.
 0.         0.         0.         0.         0.500999   0.
 1.00049988 0.70781353 0.         0.         0.         0.
 0.         0.         0.         1.00049988]",[ 6  9  7  5  4 14  2 15  7  6 14 10  7  0  5  4],[ 6  9  7 14  4 14  2 15  7  6 14 10  7  8  7  4],False,True,0.34375,0.546875,"[np.int64(8), np.int64(14), np.int64(9), np.int64(7), np.int64(12), np.int64(5), np.int64(7), np.int64(6), np.int64(0), np.int64(8), np.int64(12), np.int64(0), np.int64(12), np.int64(11), np.int64(1), np.int64(13)]","[np.int64(3), np.int64(2), np.int64(15), np.int64(10), np.int64(7), np.int64(3), np.int64(11), np.int64(12), np.int64(5), np.int64(9), np.int64(8), np.int64(7), np.int64(0), np.int64(1), np.int64(12), np.int64(8)]",False,False,0.0,0.0,[ 6  9  7  5  4  2  2 15  7  6 14 10  7  8  5  4],[ 6  9  7 14  4  2  2 15  7  6 14 10  7  8  7  4],True,False,0.46875,0.4375,[ 6  9  7  5  4 14  2 15  7  1 14 10  7  0  5  4],[ 6  9  7  5  4 14  2 15  7  6 14 10  7  9  5  4],False,False,0.21875,0.28125,0.04,0.0,0.0,1,0,0,0.04,1.0,1.0,1,1,25,1.0,0.0,0.0,25,0,0,1.0,0.0,0.0,25,0,0,0.6,0.4666666666666667,0.6,15,7,15,0.4,0.6,0.68,10,6,17,0.6,0.0,0.0,15,0,0,0.48,0.5,0.24,12,6,6
"[0.         0.500999   0.70781353 0.70781353 0.         0.
 0.         0.         0.         0.         0.70781353 0.
 0.         0.         0.         0.         0.500999   0.
 0.         0.         0.70781353 0.         0.         0.
 0.         0.         0.         0.         0.         0.
 1.00049988 0.         0.70781353 0.         0.         0.
 0.         0.         0.         0.         0.         0.
 0.         0.         0.         0.         0.         0.
 0.70781353 0.         0.         0.         0.         0.
 0.         0.         0.70781353 1.00049988 0.500999   0.500999
 0.         0.         0.70781353 0.500999   0.         0.70781353
 0.         0.         0.         0.500999   0.500999   0.
 0.         0.         1.00049988 0.         0.         0.
 0.         0.         0.         0.         0.         0.
 0.500999   0.500999   0.70781353 0.         0.         0.
 0.70781353 0.         0.         0.         0.70781353 0.
 0.         0.         0.         0.         0.500999   0.70781353
 0.         0.         1.00049988 0.         0.         0.
 0.70781353 1.00049988 0.         0.         0.         0.
 0.         0.         0.         0.         0.         1.00049988
 0.         0.         0.         0.         0.         0.
 0.         1.00049988 0.         0.         0.         0.70781353
 0.         0.         1.00049988 0.         0.         0.
 0.         0.         0.         1.00049988 0.70781353 0.70781353
 0.         0.         0.         1.00049988 0.         0.
 0.         0.         0.         1.00049988 0.         0.
 0.500999   0.         0.70781353 0.         0.70781353 0.
 0.         0.500999   1.00049988 0.70781353 0.         0.
 0.         0.         1.00049988 0.         0.         0.
 0.70781353 0.         0.         0.         0.         0.500999
 0.         0.         0.         0.         0.         0.
 0.         0.500999   0.         0.         0.         0.
 0.         0.         0.         0.         0.         0.
 0.70781353 0.         0.         0.500999   0.         0.
 1.00049988 0.         0.         0.         0.         0.
 0.         0.         0.         0.         1.00049988 0.
 1.00049988 0.         0.         0.         0.         0.
 0.         0.         0.         1.00049988 0.         0.70781353
 0.         0.70781353 0.         0.         0.70781353 0.70781353
 0.70781353 0.         0.         0.         1.00049988 0.
 0.         0.         0.         0.500999   0.         0.
 0.         1.00049988 0.70781353 0.         0.         0.
 0.         0.         0.         1.00049988]",[ 3  0  0 10  5 14  4 15 14 14  3  3  9  8 14  3],[ 1  0  0 10  5 14  4 15 14 14 14  3  9  6 14  3],False,False,0.34375,0.546875,"[np.int64(4), np.int64(8), np.int64(0), np.int64(10), np.int64(8), np.int64(11), np.int64(1), np.int64(12), np.int64(6), np.int64(0), np.int64(0), np.int64(15), np.int64(1), np.int64(8), np.int64(6), np.int64(7)]","[np.int64(11), np.int64(1), np.int64(14), np.int64(1), np.int64(0), np.int64(6), np.int64(9), np.int64(4), np.int64(7), np.int64(1), np.int64(14), np.int64(9), np.int64(10), np.int64(5), np.int64(4), np.int64(9)]",False,False,0.0,0.0,[10  4  0 14  5 14 12 15 14 14  3  3  9  8 14  3],[ 1  4  0 10  5 14 12 15 14 14 14  3  9  8 14  3],False,False,0.46875,0.4375,[ 1  0  0 10  6  4  4 15 14 12  3  3  9  8 14  3],[ 1  0  0 15  5  4  4 15 14 14  3  3  9  6 14  3],False,False,0.21875,0.28125,0.04,0.0,0.0,1,0,0,0.04,0.0,0.0,1,0,0,1.0,0.0,0.0,25,0,0,1.0,0.0,0.0,25,0,0,0.68,0.23529411764705882,0.28,17,4,7,0.92,0.17391304347826086,0.16,23,4,4,0.72,0.0,0.0,18,0,0,0.84,0.0,0.0,21,0,0
"[0.500999   0.         0.         0.         1.00049988 0.
 0.         0.         0.         0.         0.         0.70781353
 0.         0.70781353 0.70781353 0.         0.         0.
 0.70781353 0.         0.         0.         0.         0.
 0.         0.70781353 1.00049988 0.         1.00049988 0.
 1.00049988 0.         0.         0.70781353 0.         0.
 0.         0.         0.         0.         0.         0.
 0.         0.         0.         0.         0.         0.
 0.         0.         0.         0.         0.70781353 0.
 0.70781353 1.00049988 0.         0.         0.         0.
 0.         0.         0.         0.70781353 1.00049988 0.
 0.         0.70781353 0.         0.500999   0.         0.
 1.00049988 0.         0.         0.         0.         0.500999
 0.         0.         0.         0.         0.         0.
 0.500999   0.         0.500999   0.         0.         0.
 0.         0.         0.         0.         0.70781353 0.
 0.         0.         0.         0.70781353 0.         0.500999
 0.500999   0.         0.         0.         0.         0.
 0.70781353 0.         0.         0.         0.         0.
 0.         1.00049988 0.         0.         0.         0.500999
 0.         0.         0.         0.70781353 0.500999   1.00049988
 0.         0.70781353 0.         0.         0.         0.
 1.00049988 0.         0.         0.         0.500999   0.
 1.00049988 0.         0.         0.         0.70781353 0.
 0.         0.70781353 0.         0.         0.         0.
 0.         0.         0.         0.500999   0.         0.
 0.         0.         0.         0.         0.         1.00049988
 0.         0.         0.         0.         0.         0.
 1.00049988 0.         1.00049988 0.         0.         0.70781353
 0.         0.         0.70781353 0.         0.         0.
 0.         0.         0.         0.70781353 0.         0.
 0.         1.00049988 0.         0.         0.         0.
 0.         1.00049988 0.         0.         0.         0.
 0.70781353 0.500999   0.         0.         0.         0.
 0.500999   0.         0.         0.         0.70781353 0.
 0.         0.         0.500999   0.         0.         1.00049988
 0.         0.         0.70781353 0.         0.         0.500999
 0.         0.         0.70781353 1.00049988 0.         0.
 0.         0.70781353 0.         0.         0.70781353 0.
 0.         0.         0.         0.         0.         0.
 0.         0.         0.         0.70781353 0.         0.
 0.         0.70781353 0.         0.         0.         0.
 0.         0.         0.         0.500999  ]",[13 12  1  4  4  4  5 12 14  1 13  0  6  4  5  3],[13 14  1  4  4  4  5 12 14  1 13  0  6  4  5  3],True,True,0.34375,0.546875,"[np.int64(2), np.int64(8), np.int64(2), np.int64(11), np.int64(13), np.int64(10), np.int64(14), np.int64(15), np.int64(5), np.int64(14), np.int64(3), np.int64(7), np.int64(4), np.int64(15), np.int64(11), np.int64(2)]","[np.int64(15), np.int64(11), np.int64(2), np.int64(4), np.int64(7), np.int64(2), np.int64(14), np.int64(9), np.int64(2), np.int64(5), np.int64(9), np.int64(0), np.int64(11), np.int64(7), np.int64(1), np.int64(0)]",False,False,0.0,0.0,[13 14  1  4  4  4  5 12 14  1 13  7  6  4  5  3],[13 14  1  4  4  4  5 12 14  1 13  0  6  4  5  3],True,True,0.46875,0.4375,[13 10  1  4  4  4  5 12 14  1 13  7  7  4  5  3],[13 12  1  4  4  4  5 12 14  1 13  7  6  4  5  3],False,True,0.21875,0.28125,0.04,1.0,1.0,1,1,25,0.04,1.0,1.0,1,1,25,1.0,0.0,0.0,25,0,0,1.0,0.0,0.0,25,0,0,0.48,0.6666666666666666,0.8,12,8,20,0.36,0.7777777777777778,0.8,9,7,20,0.64,0.5625,0.68,16,9,17,0.48,0.6666666666666666,0.76,12,8,19
"[1.00049988 0.         0.         1.00049988 0.         1.00049988
 0.         0.         0.         0.         0.         0.500999
 0.         0.         0.         0.         0.         0.
 0.         0.500999   0.         0.         0.         0.
 0.         0.         0.         0.         0.         0.
 0.         0.         0.         0.         1.00049988 0.
 0.         0.70781353 0.         0.500999   1.00049988 0.
 0.         0.70781353 0.         0.         0.         0.500999
 1.00049988 0.500999   0.         0.         0.70781353 0.
 0.         0.         1.00049988 0.70781353 0.         0.
 0.         0.500999   0.70781353 0.         0.         0.
 0.         0.70781353 0.         0.70781353 0.         0.
 1.00049988 0.         0.         0.70781353 0.70781353 0.
 0.         0.         1.00049988 0.         0.70781353 0.
 0.70781353 0.         0.         1.00049988 0.         0.
 0.         0.70781353 0.         0.70781353 0.         0.
 0.         0.         0.         0.         0.         0.
 0.         0.500999   0.         0.         0.70781353 0.
 0.         0.         0.         0.         0.         0.
 0.500999   0.         0.         1.00049988 0.500999   1.00049988
 0.         0.70781353 0.500999   0.         1.00049988 0.
 0.         0.         0.         0.         1.00049988 1.00049988
 1.00049988 0.         0.         0.         0.500999   0.
 0.         0.         0.         0.70781353 0.         0.
 0.         0.         0.         0.70781353 0.         0.
 0.         0.70781353 0.         0.500999   0.70781353 0.500999
 0.         0.         0.70781353 0.70781353 0.         0.
 0.         0.         0.         0.         0.70781353 0.500999
 0.         0.70781353 0.         0.         0.         0.
 0.         0.         0.500999   0.         0.70781353 0.
 0.70781353 0.70781353 0.         0.         0.         0.500999
 0.         0.         0.         0.         0.         0.
 0.         0.         0.         0.         0.70781353 0.
 0.         1.00049988 0.         0.         0.         0.
 0.         0.         0.         0.         0.         0.
 0.         0.500999   0.         0.70781353 0.         0.
 0.70781353 0.         0.         0.         0.         0.
 0.         0.         0.         0.         0.         0.70781353
 0.         0.         0.         0.         0.         0.70781353
 0.         0.         0.         0.         1.00049988 0.
 0.         0.         0.500999   0.         0.         0.
 0.         0.         0.         0.70781353 0.         0.
 0.         0.         0.         0.        ]",[11  3  7 13  3 13  7  2 13  3  7  9  4 13  3  2],[11  3  7 13  3 13  7  2 13  3  7  9  4 13  3  2],False,False,0.34375,0.546875,"[np.int64(10), np.int64(11), np.int64(2), np.int64(2), np.int64(10), np.int64(9), np.int64(12), np.int64(0), np.int64(10), np.int64(4), np.int64(11), np.int64(12), np.int64(0), np.int64(2), np.int64(8), np.int64(1)]","[np.int64(9), np.int64(9), np.int64(4), np.int64(10), np.int64(11), np.int64(12), np.int64(7), np.int64(4), np.int64(3), np.int64(0), np.int64(2), np.int64(0), np.int64(7), np.int64(0), np.int64(15), np.int64(13)]",False,False,0.0,0.0,[11  3  5 13  3 13  7  9 13  3  7  5  4 13  3  9],[11  3  7 13  3 13  7  9 13  3  9  5  4 13  3  9],False,False,0.46875,0.4375,[11  3 15 13  3 13  7 10 13 11  7  9  4 13  3  2],[11  3 15 13  3 13  7  2 13 11  7  9  4 13  3  2],False,False,0.21875,0.28125,0.04,0.0,0.0,1,0,0,0.04,0.0,0.0,1,0,0,1.0,0.0,0.0,25,0,0,1.0,0.0,0.0,25,0,0,0.68,0.23529411764705882,0.44,17,4,11,0.72,0.05555555555555555,0.08,18,1,2,0.24,0.0,0.0,6,0,0,0.36,0.0,0.0,9,0,0
"[0.         0.         0.         0.         0.         0.
 0.         0.         0.         0.         0.         0.
 0.         0.         0.         0.500999   0.         0.
 0.70781353 0.500999   0.         0.70781353 0.500999   0.
 0.         0.         0.         0.         0.         0.
 0.         1.00049988 0.         0.70781353 0.500999   0.
 0.         0.         0.70781353 0.         0.70781353 0.
 0.         0.70781353 0.         0.         0.         0.
 0.         0.500999   0.         0.500999   0.         0.
 0.         0.         0.         0.         0.         0.
 0.         0.         0.500999   0.         0.         0.
 0.         0.         0.500999   0.70781353 0.         0.
 1.00049988 0.         0.         0.         0.         0.
 0.         0.         0.         0.70781353 0.         0.
 0.70781353 1.00049988 0.         1.00049988 1.00049988 0.
 0.70781353 1.00049988 0.         0.500999   0.         0.
 0.         0.500999   0.70781353 0.         0.         0.
 1.00049988 0.         0.         0.         0.70781353 0.
 0.         0.         0.         0.70781353 0.         0.
 0.         0.         0.         1.00049988 0.         0.
 0.         1.00049988 0.70781353 0.         0.         0.
 1.00049988 0.         0.         0.         0.70781353 0.
 1.00049988 1.00049988 0.         0.         0.         0.
 0.         0.         0.         0.         0.         0.
 0.         0.         0.         0.         0.         0.
 0.         1.00049988 0.         0.         0.500999   0.
 0.         0.         0.         0.500999   0.         0.
 0.         0.         0.         0.70781353 0.70781353 0.70781353
 0.         0.500999   0.         0.         0.         0.
 0.         1.00049988 0.         0.         0.70781353 0.
 0.         1.00049988 0.         0.         0.         0.
 0.         1.00049988 0.         0.         0.         0.70781353
 0.         0.         0.         0.         0.         0.
 0.         0.         0.         0.         0.         0.
 0.500999   0.70781353 0.         0.         0.         0.
 0.         0.         0.         0.500999   0.         0.
 0.         0.         0.         0.         0.70781353 0.
 1.00049988 0.500999   0.         0.         0.         0.500999
 0.         0.         0.         1.00049988 0.         0.
 0.         0.         0.         1.00049988 1.00049988 0.
 0.500999   1.00049988 0.         0.         0.         0.
 0.70781353 0.         0.         0.500999   1.00049988 0.70781353
 0.         0.500999   0.         1.00049988]",[15  1  1  1  5 13  1 10  2 15  9 15 13 15  3 13],[15  1  1  1  5 13  1 10  2 15  9 15 13 15  3 13],False,False,0.34375,0.546875,"[np.int64(1), np.int64(11), np.int64(11), np.int64(15), np.int64(4), np.int64(9), np.int64(6), np.int64(7), np.int64(5), np.int64(5), np.int64(11), np.int64(0), np.int64(3), np.int64(14), np.int64(6), np.int64(10)]","[np.int64(14), np.int64(11), np.int64(14), np.int64(2), np.int64(14), np.int64(7), np.int64(0), np.int64(14), np.int64(15), np.int64(12), np.int64(5), np.int64(12), np.int64(11), np.int64(7), np.int64(2), np.int64(12)]",False,False,0.0,0.0,[15  1  1  1  5  1  1 10  2 10  6 15 13  5  3 13],[15  1  1  1  5  1  1 10  2 10  6 15 13 15  3  9],False,False,0.46875,0.4375,[15  1  1  1  5 13  1 10  2 15  9 15 13  5  3 13],[15  1  1  1  5 13  1 10  2 10  9 15 13 15  3 13],False,False,0.21875,0.28125,0.04,0.0,0.0,1,0,0,0.04,0.0,0.0,1,0,0,1.0,0.0,0.0,25,0,0,1.0,0.0,0.0,25,0,0,0.72,0.16666666666666666,0.12,18,3,3,0.48,0.08333333333333333,0.04,12,1,1,0.6,0.0,0.0,15,0,0,0.44,0.09090909090909091,0.04,11,1,1
"[0.         0.         0.         0.         0.         0.
 0.500999   0.         0.         0.         0.         0.70781353
 0.         0.         0.         0.         0.         0.
 0.         0.         0.70781353 0.         0.         0.
 0.         0.         1.00049988 0.         1.00049988 0.
 0.         0.         0.         0.         0.         0.
 0.         0.         0.         0.         0.         0.
 0.500999   0.         0.70781353 0.70781353 0.         0.
 0.         0.         0.         0.500999   0.         0.70781353
 0.         0.500999   0.         0.         0.         0.70781353
 0.         0.         0.         0.         0.         0.70781353
 0.         0.         0.         0.         0.         0.
 0.         0.500999   0.70781353 0.         0.         0.
 0.         0.         0.         0.         0.         0.70781353
 0.         0.         0.         0.         0.70781353 0.500999
 0.         0.         0.         0.         0.         0.
 0.500999   0.         0.         0.         0.         0.
 0.         0.         0.         0.         0.         0.500999
 0.         0.70781353 0.         0.500999   0.         0.
 0.         0.500999   0.         0.         0.         0.500999
 0.70781353 0.70781353 0.         0.70781353 0.         0.
 0.70781353 0.         0.         0.         0.         0.
 0.         0.70781353 0.         0.70781353 0.         0.
 0.         0.         0.70781353 0.         0.         0.
 0.         0.         0.         0.         0.500999   0.500999
 0.         0.70781353 0.         0.         0.         0.500999
 0.         0.         0.         0.         0.         1.00049988
 0.500999   0.         0.70781353 0.         0.         0.
 0.         0.         1.00049988 0.         0.         0.70781353
 0.         0.500999   0.70781353 0.         0.         0.70781353
 0.         0.         0.500999   0.70781353 0.         0.500999
 0.         0.         0.         0.         0.500999   0.
 0.         1.00049988 0.70781353 0.         0.         0.
 0.         0.         0.70781353 0.         0.         0.
 0.         0.         1.00049988 1.00049988 0.         0.
 0.70781353 0.         0.         0.         0.70781353 0.
 0.         0.         0.70781353 0.         0.         0.
 0.70781353 0.70781353 0.         0.         0.         0.
 0.         0.         0.         0.70781353 0.         0.
 0.         0.500999   1.00049988 0.70781353 0.         0.
 0.         0.         0.         0.         0.         0.
 0.500999   0.         0.         0.         0.500999   0.
 1.00049988 0.70781353 0.         0.        ]",[ 6  4 10  7  9  5 11  3  5  5 15  9  2  6 11  6],[ 6  4 10  7  9  5 11  9  5  5 15  9  2  6 11  6],False,True,0.34375,0.546875,"[np.int64(15), np.int64(3), np.int64(6), np.int64(11), np.int64(9), np.int64(8), np.int64(13), np.int64(3), np.int64(12), np.int64(9), np.int64(2), np.int64(5), np.int64(9), np.int64(0), np.int64(5), np.int64(10)]","[np.int64(6), np.int64(0), np.int64(9), np.int64(2), np.int64(7), np.int64(5), np.int64(6), np.int64(11), np.int64(12), np.int64(8), np.int64(9), np.int64(13), np.int64(6), np.int64(1), np.int64(2), np.int64(8)]",False,False,0.0,0.0,[ 6  4 10  5  9  5 11  9  5  5 15  9  8  6 11  6],[ 6  4 10  5  9  5 11  3  5  5 15  9  2  6 11  6],False,True,0.46875,0.4375,[ 6  4 10  7  9  5 11  3  5  5 15  9  8 14 11  6],[ 6  4 10  7  9  5 11  9  5  5 15  9  2  6 11  6],False,True,0.21875,0.28125,0.04,0.0,0.0,1,0,0,0.04,1.0,1.0,1,1,25,1.0,0.0,0.0,25,0,0,1.0,0.0,0.0,25,0,0,0.4,0.5,0.6,10,5,15,0.24,0.6666666666666666,0.44,6,4,11,0.2,0.2,0.04,5,1,1,0.24,0.6666666666666666,0.32,6,4,8
"[0.500999   0.70781353 0.         0.         0.70781353 0.
 0.         0.         0.         1.00049988 0.         1.00049988
 0.70781353 0.         0.         0.         0.70781353 1.00049988
 0.         0.         0.         0.         0.         0.
 0.500999   0.         0.         0.         0.         0.
 0.         0.70781353 0.         0.         0.         0.
 0.         0.         0.         0.70781353 0.         0.
 0.         0.         0.         0.         0.         0.
 0.         0.         0.         1.00049988 0.         0.
 0.         0.         1.00049988 0.         0.         0.
 0.         0.         0.         0.70781353 0.70781353 0.
 0.         0.         0.         0.500999   0.         0.
 0.         1.00049988 0.         0.500999   0.         1.00049988
 0.         0.         0.         0.         0.         0.
 0.500999   0.500999   0.         0.         0.         0.
 0.         0.         0.70781353 0.500999   0.         0.
 0.         0.         0.         0.         0.         0.
 0.         0.         0.         0.         0.         0.
 0.         0.         0.         0.         0.         0.
 0.70781353 0.         0.         0.         0.         1.00049988
 0.         0.         0.         0.         0.         0.
 0.70781353 0.70781353 0.         0.500999   0.         1.00049988
 0.         0.         0.         0.         1.00049988 0.
 0.         0.70781353 0.500999   0.         0.         0.
 1.00049988 0.         0.         0.         1.00049988 0.
 0.         0.         0.         1.00049988 0.         0.
 0.500999   0.         0.         0.         0.         0.
 0.         0.         0.         0.         0.         0.
 0.         0.         0.         0.         0.         0.
 0.         0.         1.00049988 0.         0.         0.
 0.500999   0.         0.         0.         0.70781353 0.
 0.         0.500999   0.         0.         0.         0.
 0.70781353 0.         0.         0.         0.         0.70781353
 0.         0.         0.500999   0.500999   0.         0.
 0.         0.         0.         0.         0.         0.
 0.         0.         1.00049988 0.500999   0.         0.
 0.         0.         0.         0.         0.         0.500999
 0.70781353 0.70781353 0.         0.         0.         0.
 0.         0.         0.         0.70781353 0.         0.
 0.         0.         0.         0.70781353 0.         0.70781353
 0.         0.70781353 0.         0.70781353 0.         0.
 0.         0.70781353 0.         0.         0.         0.
 0.         0.70781353 0.70781353 1.00049988]",[ 1  1  7 15 11  4  6 15  1 12 10  4  8  5 13  1],[ 1  1  7 15  5  4  6 15  1 12 10  4  8  5 13  1],False,False,0.34375,0.546875,"[np.int64(0), np.int64(14), np.int64(2), np.int64(12), np.int64(7), np.int64(9), np.int64(0), np.int64(7), np.int64(5), np.int64(14), np.int64(12), np.int64(7), np.int64(14), np.int64(9), np.int64(10), np.int64(3)]","[np.int64(6), np.int64(15), np.int64(12), np.int64(8), np.int64(1), np.int64(2), np.int64(6), np.int64(11), np.int64(5), np.int64(13), np.int64(6), np.int64(0), np.int64(3), np.int64(6), np.int64(3), np.int64(12)]",False,False,0.0,0.0,[ 1  1  7 15 11 12  6 15  1 12 10  8  8  5 15  1],[ 1  1  7 15  5 12  6 15  1 12 10  8  8  5 15  1],False,False,0.46875,0.4375,[ 1  1  7 15  5 12  6 14  1 12 10  4  8  5 15  1],[ 1  1  7 15 11  4  6 15  1 12 10  4  8  5 13  1],True,False,0.21875,0.28125,0.04,0.0,0.0,1,0,0,0.04,0.0,0.0,1,0,0,1.0,0.0,0.0,25,0,0,1.0,0.0,0.0,25,0,0,0.76,0.21052631578947367,0.24,19,4,6,0.72,0.2222222222222222,0.2,18,4,5,0.56,0.14285714285714285,0.08,14,2,2,0.48,0.08333333333333333,0.04,12,1,1
"[1.00049988 0.70781353 0.         0.         0.         0.70781353
 0.         0.         0.         0.         0.         0.
 0.         0.         0.         0.         0.70781353 0.
 0.         0.         0.         0.         0.         0.
 0.         0.         0.         0.         0.70781353 0.
 0.70781353 0.500999   0.         0.         1.00049988 0.
 0.         0.         0.         0.         0.500999   0.
 1.00049988 0.70781353 0.         1.00049988 0.         0.
 0.         0.         0.         0.500999   0.         0.
 0.500999   0.         0.         0.         0.         0.
 0.         0.70781353 0.         0.         0.         0.
 0.         0.         0.         0.         0.         0.
 0.         0.500999   0.500999   0.         0.         0.
 0.         0.500999   0.70781353 0.         0.         0.
 0.         0.         0.500999   0.         0.         0.
 0.         0.500999   0.         0.         0.500999   0.
 0.         0.         0.         0.500999   0.         0.500999
 0.         0.         0.         0.500999   0.70781353 0.
 0.         0.70781353 0.         0.         0.         0.
 0.         0.         0.         0.         0.         0.
 0.         0.70781353 0.         0.         0.         0.
 0.         0.         0.         0.         0.500999   0.
 0.         0.         0.         0.         0.500999   0.70781353
 0.70781353 0.         0.         0.         0.         0.
 0.         0.         0.         0.         0.500999   0.
 0.500999   0.70781353 0.70781353 0.         0.500999   0.
 0.         0.70781353 0.         0.         0.         0.
 1.00049988 0.         0.500999   0.         0.70781353 0.
 0.70781353 0.500999   1.00049988 0.500999   0.         0.
 0.         0.         0.         0.         0.70781353 0.
 0.         0.500999   0.         0.         0.         0.
 0.500999   0.         0.70781353 0.500999   0.         0.
 0.         0.70781353 0.         0.         0.         0.
 0.         0.         0.         0.         0.         0.70781353
 0.         0.         0.         0.         0.         0.
 1.00049988 0.70781353 0.         0.         0.70781353 0.
 0.         0.70781353 0.         0.500999   0.         0.500999
 0.         1.00049988 0.         0.70781353 0.         0.
 0.         0.500999   0.         0.         0.         0.
 0.         0.         0.         0.         1.00049988 0.
 0.         0.500999   0.         0.         0.500999   0.
 0.         0.         0.         0.         0.         0.
 0.         1.00049988 0.         0.500999  ]",[ 5 15  8  6 10 11  9  9  2 10 10 10 11 11  5  4],[ 5 15  8  6 10 11  9  9  2 10 10 10 11 11  5  4],False,False,0.34375,0.546875,"[np.int64(9), np.int64(15), np.int64(9), np.int64(3), np.int64(9), np.int64(10), np.int64(10), np.int64(7), np.int64(13), np.int64(12), np.int64(8), np.int64(3), np.int64(3), np.int64(4), np.int64(15), np.int64(10)]","[np.int64(10), np.int64(0), np.int64(2), np.int64(5), np.int64(14), np.int64(0), np.int64(9), np.int64(0), np.int64(11), np.int64(6), np.int64(0), np.int64(11), np.int64(9), np.int64(4), np.int64(15), np.int64(14)]",False,False,0.0,0.0,[ 5 15  8  6 10 11  9  9 10 10 10 10 11 11  5  4],[ 5 15 11  6 10 11  9  9 10 10 10 10 11 11  5  4],True,False,0.46875,0.4375,[ 5 15  8  6 10 11  9  9 10 10 10 10 11 11  5  4],[ 1 15  8  6 10 11  9  9  2 10 10 10 11 11  5  4],True,False,0.21875,0.28125,0.04,0.0,0.0,1,0,0,0.04,0.0,0.0,1,0,0,1.0,0.0,0.0,25,0,0,1.0,0.0,0.0,25,0,0,0.4,0.8,0.84,10,8,21,0.48,0.6666666666666666,0.6,12,8,15,0.28,0.0,0.0,7,0,0,0.4,0.4,0.28,10,4,7
"[1.00049988 0.         0.         0.         0.         0.
 0.         0.         0.         0.         0.         0.
 0.         0.         1.00049988 0.         0.         0.
 0.         1.00049988 0.         0.         0.         0.
 1.00049988 0.         0.         0.         0.         0.500999
 0.         0.70781353 0.         0.         1.00049988 0.
 0.70781353 0.         0.         0.         0.500999   0.
 0.         0.         0.         0.         0.         0.
 0.         1.00049988 0.         0.         0.500999   1.00049988
 0.         0.         0.         0.         0.         0.
 0.         0.70781353 0.500999   0.         0.         0.
 0.70781353 0.500999   0.         0.         0.         0.
 0.         0.500999   0.         0.         0.         0.70781353
 0.70781353 0.         0.         0.         0.         1.00049988
 0.         0.500999   0.         0.500999   0.70781353 0.
 0.         0.         0.         0.         0.         0.
 0.         0.         0.         0.         0.         0.
 0.         0.         0.         0.         0.         0.
 0.70781353 0.500999   0.         0.         0.         0.
 0.         0.         0.         0.500999   0.         0.
 0.         0.         0.         0.         0.         0.
 0.         0.70781353 0.         1.00049988 0.500999   0.
 0.         0.70781353 0.         0.         1.00049988 0.
 0.         0.         1.00049988 0.         0.         0.
 0.         0.         0.         0.         0.500999   0.
 0.         0.         0.         1.00049988 0.         0.
 0.         0.         0.         1.00049988 0.         0.
 0.         0.         0.         0.         0.         0.
 0.         0.         0.         0.         0.         0.
 0.         0.         0.         0.         0.         0.
 0.         0.         0.         0.         0.         0.
 0.         0.         1.00049988 0.70781353 0.         0.70781353
 0.         0.         0.         0.         0.         0.
 0.70781353 0.         1.00049988 0.         0.         1.00049988
 0.         0.         0.         0.         0.         0.500999
 0.         0.70781353 0.70781353 0.         0.500999   0.
 0.         0.         0.         0.70781353 0.         0.
 0.         0.         1.00049988 0.         0.         0.500999
 0.70781353 0.         0.         0.         0.         0.
 0.         0.         0.         0.         0.500999   0.70781353
 0.         0.70781353 0.         0.         0.         0.
 0.         0.70781353 0.         1.00049988 0.         0.70781353
 0.         0.         0.70781353 1.00049988]",[14 13  4  3  3  7 13  5  2  4 10 13  6  3  3 14],[14 13  4  3  3  8 13  5  2  4 10 15  6  3  3 14],False,True,0.34375,0.546875,"[np.int64(9), np.int64(6), np.int64(6), np.int64(12), np.int64(9), np.int64(8), np.int64(13), np.int64(3), np.int64(9), np.int64(1), np.int64(14), np.int64(10), np.int64(0), np.int64(5), np.int64(15), np.int64(15)]","[np.int64(11), np.int64(12), np.int64(11), np.int64(7), np.int64(6), np.int64(3), np.int64(3), np.int64(10), np.int64(1), np.int64(7), np.int64(10), np.int64(10), np.int64(10), np.int64(3), np.int64(5), np.int64(12)]",False,False,0.0,0.0,[14 13  4  3  3  7 13 15  2  4 10 15  6  3  3 14],[14 13  4  3  3  8 13 15  2  4 10 13  6  3  3 14],True,False,0.46875,0.4375,[14 13  8  3  3  7 13  5  2  4 10 13  6  1  3 14],[14 13  4  3  3  8 13  5  2  4 10 13  6  1  3 14],False,False,0.21875,0.28125,0.04,0.0,0.0,1,0,0,0.04,1.0,1.0,1,1,25,1.0,0.0,0.0,25,0,0,1.0,0.0,0.0,25,0,0,0.32,0.5,0.76,8,4,19,0.52,0.46153846153846156,0.4,13,6,10,0.4,0.0,0.0,10,0,0,0.44,0.09090909090909091,0.04,11,1,1
"[0.500999   0.         0.         0.         0.70781353 0.
 0.         0.         1.00049988 0.         0.70781353 0.
 0.         0.         0.         0.         0.         0.
 0.70781353 0.500999   0.         0.         0.         1.00049988
 0.         0.         0.         0.         0.70781353 0.
 0.         0.70781353 0.         0.70781353 0.         0.
 0.         0.         0.70781353 0.         0.         0.
 1.00049988 0.         0.         1.00049988 0.         0.
 0.         0.500999   0.         0.500999   0.         0.
 0.         0.         1.00049988 0.         1.00049988 0.500999
 0.         0.         0.         0.70781353 0.70781353 0.
 0.         0.         0.         0.         0.         0.
 0.         0.         0.         0.         0.         1.00049988
 0.         0.         0.         0.         0.         0.
 0.         1.00049988 0.         0.70781353 0.500999   0.
 0.         0.         0.         0.         0.70781353 0.
 0.         0.         0.70781353 0.         0.         0.
 0.500999   1.00049988 0.         0.         0.         0.
 0.         0.         0.         0.         0.         1.00049988
 0.         0.         0.         0.70781353 1.00049988 0.
 0.         0.         0.         0.         0.         0.
 0.         0.         1.00049988 0.         0.         1.00049988
 0.         0.500999   0.         0.         0.500999   0.
 0.         0.500999   0.         0.70781353 0.         0.
 0.         0.         0.         0.         0.         0.
 0.         0.         0.         1.00049988 0.         0.
 0.         0.         0.         0.         0.70781353 0.
 1.00049988 1.00049988 0.         0.         0.         0.
 0.         0.         0.         0.70781353 0.70781353 0.
 1.00049988 0.         0.         0.         0.         0.500999
 0.         0.         0.         0.         0.500999   0.
 0.70781353 0.         0.500999   0.         0.         1.00049988
 0.         0.70781353 0.         0.         0.         0.
 0.         0.         0.         0.         0.70781353 0.500999
 0.         0.         0.70781353 1.00049988 0.         0.
 1.00049988 0.         1.00049988 0.         0.         0.
 0.70781353 0.         0.         0.         0.         0.
 0.70781353 0.         0.         0.         0.         0.
 0.         0.70781353 0.         0.         0.         0.
 1.00049988 0.         0.70781353 0.70781353 0.500999   0.
 0.         0.70781353 0.         0.70781353 0.         0.
 0.         0.         0.         0.         0.         1.00049988
 1.00049988 0.         0.         0.        ]",[10  3  1 11  0  8  2  5 13  9 11  8 11 13 13  3],[10  3  1 11  0  8  2  5 13  9 11  8 11 13 13  3],True,True,0.34375,0.546875,"[np.int64(1), np.int64(9), np.int64(1), np.int64(15), np.int64(0), np.int64(4), np.int64(15), np.int64(4), np.int64(14), np.int64(10), np.int64(15), np.int64(9), np.int64(12), np.int64(4), np.int64(7), np.int64(5)]","[np.int64(9), np.int64(9), np.int64(5), np.int64(12), np.int64(4), np.int64(15), np.int64(4), np.int64(13), np.int64(5), np.int64(6), np.int64(1), np.int64(3), np.int64(8), np.int64(7), np.int64(4), np.int64(5)]",False,False,0.0,0.0,[10  3  1 11 13 14  2  5 13  9 11  8 11 13 13  3],[10  3  1 11  0 14  2  5 13  9 12  8 11 13 13  3],False,False,0.46875,0.4375,[10  3  1 11  0  8  2  5 11  9 11 12 11 13 13  3],[10  3  1 11  0  8  2  5  5  9 11  8 11 13 13  3],False,False,0.21875,0.28125,0.04,1.0,1.0,1,1,25,0.04,1.0,1.0,1,1,25,1.0,0.0,0.0,25,0,0,1.0,0.0,0.0,25,0,0,0.56,0.14285714285714285,0.2,14,2,5,0.36,0.2222222222222222,0.36,9,2,9,0.32,0.25,0.12,8,2,3,0.36,0.3333333333333333,0.24,9,3,6
"[1.00049988 0.         0.         1.00049988 0.         1.00049988
 0.         0.         0.         0.         0.         0.500999
 0.         0.         0.         0.         0.         0.
 0.         0.500999   0.         0.         0.         0.
 0.         0.         0.         0.         0.         0.
 0.         0.         0.         0.         1.00049988 0.
 0.         0.70781353 0.         0.500999   1.00049988 0.
 0.         0.70781353 0.         0.         0.         0.500999
 1.00049988 0.500999   0.         0.         0.70781353 0.
 0.         0.         1.00049988 0.70781353 0.         0.
 0.         0.500999   0.70781353 0.         0.         0.
 0.         0.70781353 0.         0.70781353 0.         0.
 1.00049988 0.         0.         0.70781353 0.70781353 0.
 0.         0.         1.00049988 0.         0.70781353 0.
 0.70781353 0.         0.         1.00049988 0.         0.
 0.         0.70781353 0.         0.70781353 0.         0.
 0.         0.         0.         0.         0.         0.
 0.         0.500999   0.         0.         0.70781353 0.
 0.         0.         0.         0.         0.         0.
 0.500999   0.         0.         1.00049988 0.500999   1.00049988
 0.         0.70781353 0.500999   0.         1.00049988 0.
 0.         0.         0.         0.         1.00049988 1.00049988
 1.00049988 0.         0.         0.         0.500999   0.
 0.         0.         0.         0.70781353 0.         0.
 0.         0.         0.         0.70781353 0.         0.
 0.         0.70781353 0.         0.500999   0.70781353 0.500999
 0.         0.         0.70781353 0.70781353 0.         0.
 0.         0.         0.         0.         0.70781353 0.500999
 0.         0.70781353 0.         0.         0.         0.
 0.         0.         0.500999   0.         0.70781353 0.
 0.70781353 0.70781353 0.         0.         0.         0.500999
 0.         0.         0.         0.         0.         0.
 0.         0.         0.         0.         0.70781353 0.
 0.         1.00049988 0.         0.         0.         0.
 0.         0.         0.         0.         0.         0.
 0.         0.500999   0.         0.70781353 0.         0.
 0.70781353 0.         0.         0.         0.         0.
 0.         0.         0.         0.         0.         0.70781353
 0.         0.         0.         0.         0.         0.70781353
 0.         0.         0.         0.         1.00049988 0.
 0.         0.         0.500999   0.         0.         0.
 0.         0.         0.         0.70781353 0.         0.
 0.         0.         0.         0.        ]",[11  3  7 13  3 13  7  2 13  3  7  9  4 13  3  2],[11  3  7 13  3 13  7  2 13  3  7  9  4 13  3  2],False,False,0.34375,0.546875,"[np.int64(4), np.int64(6), np.int64(6), np.int64(14), np.int64(0), np.int64(4), np.int64(5), np.int64(5), np.int64(6), np.int64(2), np.int64(14), np.int64(2), np.int64(1), np.int64(8), np.int64(2), np.int64(6)]","[np.int64(12), np.int64(11), np.int64(3), np.int64(15), np.int64(4), np.int64(5), np.int64(2), np.int64(9), np.int64(3), np.int64(4), np.int64(0), np.int64(7), np.int64(6), np.int64(6), np.int64(3), np.int64(13)]",False,False,0.0,0.0,[11  3  5 13  3 13  7  2 13  3  7  9  4 13  3  2],[11  3  5 13  3 13  7  9 13 11  7  4  4 13  3  2],True,False,0.46875,0.4375,[11  3 15 13  3 13  7  2 13 11  7  9  4 13  3  2],[11  3  7 13  3 13  7  2 13 11  7  9  4 13  3  2],False,False,0.21875,0.28125,0.04,0.0,0.0,1,0,0,0.04,0.0,0.0,1,0,0,1.0,0.0,0.0,25,0,0,1.0,0.0,0.0,25,0,0,0.8,0.2,0.28,20,4,7,0.88,0.18181818181818182,0.24,22,4,6,0.28,0.0,0.0,7,0,0,0.36,0.0,0.0,9,0,0
"[0.         0.         0.         0.         0.70781353 0.
 0.         1.00049988 0.500999   0.         0.         0.
 0.         0.70781353 0.         0.         0.         0.
 0.         0.         0.         0.         0.         0.
 0.         0.         1.00049988 1.00049988 0.         0.
 0.         0.         0.         0.         1.00049988 0.
 0.70781353 0.         0.         0.         0.         0.
 0.         0.         0.         0.         0.         0.
 0.         0.         0.         1.00049988 0.70781353 0.
 1.00049988 0.         0.500999   0.70781353 0.         0.
 1.00049988 0.70781353 0.500999   0.         0.70781353 0.
 0.70781353 0.70781353 0.         0.70781353 0.         0.
 0.         0.         0.         0.         0.         0.
 0.         0.         0.         0.         0.         0.
 0.70781353 0.         0.         0.         0.500999   0.
 0.         0.         1.00049988 0.70781353 0.         0.70781353
 0.         0.         0.         1.00049988 0.         0.
 0.         0.         1.00049988 0.         0.70781353 0.
 0.70781353 0.         0.         0.         1.00049988 0.
 0.         0.         0.         0.         0.         0.500999
 0.500999   0.         0.500999   0.         0.         0.
 0.         0.70781353 0.500999   0.         0.         0.500999
 0.         0.500999   1.00049988 0.500999   0.500999   0.
 0.         0.         0.500999   0.70781353 0.70781353 1.00049988
 0.         0.         0.         0.70781353 0.         0.
 0.         0.         0.         0.         0.         0.70781353
 0.         0.         1.00049988 0.         0.         1.00049988
 0.         0.         0.         0.         0.70781353 0.500999
 0.         0.         0.         0.         0.         0.
 0.         1.00049988 0.         1.00049988 0.         0.
 0.         0.         0.         0.         0.         0.70781353
 0.         0.         0.         0.         0.         0.
 0.         0.         0.         1.00049988 0.         1.00049988
 0.70781353 0.         0.500999   0.         0.         0.
 0.500999   0.500999   0.500999   0.         0.70781353 0.
 0.         0.70781353 0.         0.70781353 0.         0.
 0.70781353 0.         0.         0.         0.500999   0.500999
 0.         0.         0.         0.         0.         0.500999
 0.         0.         0.         0.         0.70781353 1.00049988
 0.         0.         0.500999   0.         0.500999   0.
 0.         0.         0.         0.         0.         0.70781353
 0.         0.70781353 1.00049988 0.         1.00049988 0.
 0.         0.         0.         0.        ]",[ 8 10  4 14  3  8 12  8 12  3  7  9 14 12 14  7],[ 8 10  4 14  3  8 12  8  3  3  7  9 14 12 14  5],True,True,0.34375,0.546875,"[np.int64(13), np.int64(7), np.int64(8), np.int64(4), np.int64(0), np.int64(0), np.int64(6), np.int64(5), np.int64(7), np.int64(9), np.int64(3), np.int64(9), np.int64(1), np.int64(2), np.int64(14), np.int64(3)]","[np.int64(12), np.int64(10), np.int64(0), np.int64(11), np.int64(10), np.int64(7), np.int64(7), np.int64(11), np.int64(0), np.int64(11), np.int64(5), np.int64(10), np.int64(12), np.int64(2), np.int64(1), np.int64(3)]",False,False,0.0,0.0,[ 8 10  4 14  3  8 12  8  3  3  7  9 14 12 14  7],[ 8 10  4 14  3  8 12  8 12  3  7  9 14 12 14  5],True,True,0.46875,0.4375,[ 8 10  4 14  3  8 12  8 12  3  7  9 14 12 14  7],[ 8 10  4 14  3  8 12  8  3  3  7  9 14 12 14  7],True,True,0.21875,0.28125,0.04,1.0,1.0,1,1,25,0.04,1.0,1.0,1,1,25,1.0,0.0,0.0,25,0,0,1.0,0.0,0.0,25,0,0,0.16,1.0,1.0,4,4,25,0.2,1.0,1.0,5,5,25,0.16,1.0,1.0,4,4,25,0.4,1.0,1.0,10,10,25
"[0.         0.         0.70781353 0.         0.         0.
 0.         0.         0.70781353 0.         0.         0.
 0.         0.         0.         0.         0.         0.
 0.         0.         1.00049988 0.70781353 0.         0.500999
 0.         0.70781353 0.         0.70781353 0.         0.
 0.500999   0.         0.70781353 0.         0.500999   0.
 1.00049988 0.         0.         0.70781353 0.         0.
 0.         0.         0.         0.70781353 0.70781353 0.70781353
 0.         0.         0.         1.00049988 0.         0.70781353
 1.00049988 0.70781353 0.         0.         0.70781353 0.
 0.         0.         0.         0.         0.         1.00049988
 1.00049988 0.         0.         0.500999   0.         0.
 0.         0.         0.70781353 0.70781353 0.500999   0.
 0.70781353 0.         0.         0.70781353 0.         0.70781353
 0.500999   0.         0.70781353 0.         0.         0.
 0.500999   0.         0.         0.         0.70781353 0.
 0.         0.         0.         1.00049988 0.         0.70781353
 1.00049988 0.500999   0.         0.70781353 0.         1.00049988
 0.         0.         0.         0.         0.         0.500999
 0.70781353 0.70781353 0.         0.         0.500999   0.500999
 0.         0.         0.         0.70781353 0.500999   0.
 0.         0.         0.70781353 0.         0.         0.
 0.         0.         0.         0.         0.         0.70781353
 0.         0.         0.         0.         0.         0.
 0.         0.70781353 0.         0.         0.         0.
 0.70781353 0.         0.70781353 0.         0.         0.
 0.         0.         0.         0.70781353 0.         0.
 0.         0.70781353 0.70781353 0.500999   0.         0.
 0.         0.         1.00049988 0.         0.         0.
 0.         0.         0.         0.70781353 0.         0.
 0.70781353 0.         1.00049988 0.70781353 0.         0.
 0.         0.         0.500999   0.70781353 0.         0.70781353
 0.         0.         0.         0.         0.500999   0.
 0.         0.500999   0.         0.         0.         0.500999
 0.         0.70781353 1.00049988 0.         0.         0.
 0.70781353 0.         0.         0.         0.         0.
 0.         0.         0.         0.70781353 0.70781353 0.500999
 0.         0.         0.         0.500999   0.70781353 0.
 0.70781353 0.70781353 0.         0.         0.         0.
 0.         0.         1.00049988 0.         0.500999   0.
 0.         0.         0.70781353 0.         0.         0.
 0.         0.         0.         0.70781353 0.         0.70781353
 0.         0.         0.         0.500999  ]",[ 2  7  7  7 12  4  7 12  9  1  5 12 12 12  1 11],[ 2  7  7  7 12  4  7 12  9  6  5 12 12 12  1 11],True,True,0.34375,0.546875,"[np.int64(0), np.int64(11), np.int64(11), np.int64(7), np.int64(10), np.int64(4), np.int64(13), np.int64(7), np.int64(14), np.int64(2), np.int64(0), np.int64(0), np.int64(0), np.int64(3), np.int64(2), np.int64(10)]","[np.int64(2), np.int64(10), np.int64(4), np.int64(4), np.int64(2), np.int64(11), np.int64(0), np.int64(11), np.int64(6), np.int64(0), np.int64(5), np.int64(7), np.int64(14), np.int64(12), np.int64(10), np.int64(6)]",False,False,0.0,0.0,[ 2  7  7  7 12  4  7 12  9  6  5 12 12 12  1 11],[ 2  7  7  7 12  4  7 12  9  6  5 12 12 12  1 11],True,True,0.46875,0.4375,[ 2  7  7  7 12  4  7 12  9  1  5 12 12 12  1 11],[ 2  7  7  7 12  4  7 12  9  6  5 12 12 12  1 11],True,True,0.21875,0.28125,0.04,1.0,1.0,1,1,25,0.04,1.0,1.0,1,1,25,1.0,0.0,0.0,25,0,0,1.0,0.0,0.0,25,0,0,0.32,1.0,1.0,8,8,25,0.36,1.0,1.0,9,9,25,0.48,0.8333333333333334,0.92,12,10,23,0.4,0.7,0.88,10,7,22
"[0.500999   0.         0.         0.70781353 0.70781353 0.
 0.         0.         0.         0.         0.         0.
 0.         0.         0.         0.         0.         0.
 1.00049988 0.         0.         0.         0.         0.
 0.70781353 0.         0.         0.70781353 0.70781353 0.
 0.70781353 0.         0.         1.00049988 0.         0.
 0.70781353 0.500999   0.         0.         0.         0.
 0.         0.70781353 0.         0.         0.         0.
 0.70781353 0.         0.         0.500999   0.         0.
 0.         0.         0.         0.500999   0.         0.
 0.         0.         0.         0.         0.70781353 0.
 0.70781353 0.         0.         0.         0.         0.
 0.         0.         0.         0.         0.         0.
 0.         0.70781353 0.         0.         0.500999   0.
 0.         0.         1.00049988 0.70781353 0.         1.00049988
 0.70781353 0.         0.         0.500999   0.70781353 0.
 0.         0.         0.         0.         0.         1.00049988
 0.         0.         0.70781353 0.         0.         0.500999
 0.         0.         1.00049988 0.         0.         0.
 0.         0.         0.         0.70781353 0.         0.
 0.         0.         0.70781353 0.70781353 0.70781353 0.
 0.         0.         0.         0.70781353 0.         0.
 0.         0.         0.70781353 0.         1.00049988 0.
 0.70781353 0.         1.00049988 1.00049988 0.         0.
 0.         0.         0.         0.500999   0.         1.00049988
 0.         0.         0.         1.00049988 0.         0.
 0.         0.         0.         0.         0.         0.
 0.         0.         0.         0.70781353 0.         0.70781353
 0.70781353 0.         0.         0.         0.500999   0.
 0.         0.         0.         0.70781353 0.70781353 0.
 0.         0.         0.500999   0.70781353 0.         0.
 0.         0.         0.         0.         0.500999   0.
 0.         0.70781353 0.         0.         0.         0.
 0.         0.70781353 1.00049988 0.         0.500999   0.
 0.         0.500999   0.70781353 0.         0.         0.
 0.         0.         0.         0.500999   0.         0.
 1.00049988 0.         0.         0.         0.500999   0.
 0.70781353 0.         0.         0.70781353 0.         0.
 0.         0.70781353 1.00049988 0.         0.         0.
 0.         0.500999   0.70781353 0.70781353 0.         0.
 0.         0.         0.         0.         0.70781353 0.
 0.         0.         0.         0.         0.         0.
 0.         0.         0.         1.00049988]",[ 4 12  5  0  2 13 11  7 10  3 12  7 13 12 11  4],[ 4 12  5  0  2 13 11  7 10  3 12  7 13  5 11  4],False,False,0.34375,0.546875,"[np.int64(12), np.int64(9), np.int64(14), np.int64(8), np.int64(0), np.int64(15), np.int64(10), np.int64(14), np.int64(6), np.int64(11), np.int64(14), np.int64(12), np.int64(10), np.int64(8), np.int64(2), np.int64(3)]","[np.int64(4), np.int64(14), np.int64(5), np.int64(12), np.int64(4), np.int64(8), np.int64(8), np.int64(13), np.int64(5), np.int64(3), np.int64(2), np.int64(2), np.int64(12), np.int64(12), np.int64(5), np.int64(6)]",False,False,0.0,0.0,[ 4 11  5  0  2  7 11  7 10  3  7  7 10  5 11  4],[ 4 12  5  0  2  7 11  7 10  3  7  7  7 12 11  4],False,False,0.46875,0.4375,[ 4 12  5  0  2 13 11  7  6  3 12  7 13 12 11  4],[ 4 12  5  0  2 13 11  7  6  3 12  6 10 12 11  4],False,False,0.21875,0.28125,0.04,0.0,0.0,1,0,0,0.04,0.0,0.0,1,0,0,1.0,0.0,0.0,25,0,0,1.0,0.0,0.0,25,0,0,1.0,0.16,0.16,25,4,4,0.8,0.15,0.16,20,3,4,0.92,0.0,0.0,23,0,0,0.68,0.0,0.0,17,0,0
"[1.00049988 0.70781353 0.         0.         0.         0.70781353
 0.         0.         0.         0.         0.         0.
 0.         1.00049988 0.         0.         0.70781353 0.
 0.         0.70781353 0.         0.         1.00049988 1.00049988
 0.         0.         0.         0.         0.         0.
 0.         0.         0.         0.         0.         0.
 0.         0.70781353 0.         0.         0.         0.
 0.         0.         0.         0.70781353 0.         0.
 0.         0.70781353 0.         0.500999   0.         0.
 0.70781353 0.         0.         0.70781353 0.         0.
 0.         0.         0.         0.500999   0.         0.
 0.         0.         1.00049988 0.         0.         0.
 0.         0.         0.         0.         1.00049988 0.500999
 0.         0.         0.70781353 0.         0.70781353 0.
 0.         0.         0.70781353 0.         0.         0.70781353
 0.         0.         0.         0.         0.         0.
 0.         1.00049988 0.         0.70781353 0.         0.70781353
 1.00049988 0.         0.         0.         0.         0.500999
 0.         0.70781353 0.         0.70781353 0.         1.00049988
 0.         0.         0.         0.         0.         1.00049988
 0.         0.         0.         0.70781353 0.         0.
 0.         0.         0.         0.         0.         0.
 0.         0.         0.         0.         0.         0.
 0.         0.         0.70781353 0.         0.         0.
 0.         0.         0.         0.70781353 0.         0.70781353
 0.         0.         0.         0.500999   0.         1.00049988
 0.         0.         0.         0.         0.         0.
 0.         0.         0.         0.         0.         0.
 0.         0.         0.         0.         0.         0.70781353
 1.00049988 1.00049988 0.         0.         0.         0.
 0.         0.         0.500999   0.70781353 0.         1.00049988
 0.         0.         0.         0.         1.00049988 0.500999
 0.         0.         0.         0.         1.00049988 0.
 0.         0.         0.70781353 0.         0.         0.
 0.500999   0.         0.         0.         1.00049988 0.
 0.70781353 0.         0.500999   0.         0.70781353 0.
 0.         0.         0.70781353 0.         0.         0.
 0.         0.         0.         0.         0.         0.
 0.         0.         0.         0.         0.         0.
 1.00049988 1.00049988 0.         0.         0.         1.00049988
 0.         0.         0.         0.500999   0.         0.
 0.70781353 0.         0.         0.         1.00049988 0.500999
 0.         0.         1.00049988 0.500999  ]",[ 5  3 13 15  4  6 13 11 12  3 13  6  4  4 10 11],[ 5  3 13 15  4  6 13 11 12  3 13  6  4  4 10 11],True,True,0.34375,0.546875,"[np.int64(0), np.int64(7), np.int64(14), np.int64(2), np.int64(4), np.int64(11), np.int64(12), np.int64(7), np.int64(12), np.int64(11), np.int64(9), np.int64(15), np.int64(2), np.int64(0), np.int64(14), np.int64(13)]","[np.int64(11), np.int64(4), np.int64(11), np.int64(9), np.int64(6), np.int64(13), np.int64(14), np.int64(14), np.int64(5), np.int64(1), np.int64(1), np.int64(0), np.int64(13), np.int64(15), np.int64(0), np.int64(2)]",False,False,0.0,0.0,[ 5  3 13 15  4  6 13 11 12  5 13  6  4  4 11 11],[ 5  3 13 15  4  2 13 11 12  3 13  6  4  4 10 11],True,True,0.46875,0.4375,[ 5  3 13 15  4  2 11 11 12  3 13  6  4  4 10 11],[ 5  3 13 15  4  6 13 11 12  5 13  6  4  4 11 11],False,True,0.21875,0.28125,0.04,1.0,1.0,1,1,25,0.04,1.0,1.0,1,1,25,1.0,0.0,0.0,25,0,0,1.0,0.0,0.0,25,0,0,0.52,0.6153846153846154,0.72,13,8,18,0.44,0.9090909090909091,0.96,11,10,24,0.76,0.6842105263157895,0.72,19,13,18,0.64,0.5625,0.72,16,9,18
"[1.00049988 0.70781353 0.         0.         0.         0.
 0.         0.500999   1.00049988 0.70781353 0.         0.
 0.500999   0.         0.         1.00049988 0.70781353 1.00049988
 0.         0.70781353 0.         0.         0.         0.
 0.70781353 0.         0.         0.70781353 0.         0.70781353
 0.500999   0.         0.         0.         0.         0.
 0.         0.         0.         0.         0.500999   0.
 0.         0.         0.         0.70781353 1.00049988 0.
 0.         0.70781353 0.         1.00049988 0.         0.70781353
 1.00049988 0.         0.         1.00049988 0.         0.
 0.         0.         0.         0.         0.         0.
 0.         0.         1.00049988 0.         0.         0.
 0.         0.500999   0.         0.         0.         0.
 0.         0.         0.         0.         0.         0.70781353
 0.         0.         0.         0.         0.         0.
 0.         0.         0.         0.         0.         0.
 0.         0.         0.         1.00049988 0.         0.
 0.         0.         0.         0.70781353 0.         0.70781353
 0.         0.         0.         0.         0.500999   0.
 0.         0.         0.         0.         0.         0.
 0.         0.         0.         0.         0.         0.
 0.         0.         1.00049988 0.70781353 0.500999   0.
 0.         0.         0.         0.         0.500999   0.
 0.         0.         0.         0.70781353 0.         0.70781353
 0.70781353 0.         0.         1.00049988 0.500999   0.
 0.70781353 0.         0.         0.         0.500999   0.
 0.         0.         0.70781353 0.         0.         0.
 0.         0.         0.         0.         0.         0.
 0.         0.500999   1.00049988 0.         1.00049988 0.
 0.         0.         0.         0.70781353 0.         0.
 0.         0.         0.70781353 0.         0.         0.
 0.         0.500999   0.         1.00049988 0.70781353 0.
 0.500999   0.         0.         0.         0.         0.
 0.         0.         0.         0.         1.00049988 0.
 1.00049988 0.500999   0.         0.         0.         0.70781353
 0.70781353 0.         0.         0.         0.         0.
 0.70781353 0.         0.         1.00049988 0.500999   1.00049988
 0.         1.00049988 0.         0.500999   1.00049988 0.
 0.         0.         0.         0.         0.         0.70781353
 0.         0.70781353 0.         0.         0.         0.70781353
 1.00049988 0.         0.         0.         0.         0.
 0.         0.         0.70781353 0.         0.         0.
 0.         1.00049988 0.70781353 0.500999  ]",[12  3  8  5  9  5  9  0  1 14  9  1  0 12  1 14],[ 1  3  8  5  9  5 11  0  1 14  9  1  0 12  1 14],False,True,0.34375,0.546875,"[np.int64(3), np.int64(0), np.int64(12), np.int64(3), np.int64(11), np.int64(4), np.int64(10), np.int64(10), np.int64(0), np.int64(8), np.int64(11), np.int64(15), np.int64(4), np.int64(3), np.int64(4), np.int64(10)]","[np.int64(5), np.int64(11), np.int64(12), np.int64(2), np.int64(2), np.int64(9), np.int64(8), np.int64(6), np.int64(1), np.int64(8), np.int64(15), np.int64(11), np.int64(5), np.int64(12), np.int64(14), np.int64(5)]",False,False,0.0,0.0,[ 1  3  8  5  9  5 11  0  1 14  9  1  0  1  1 14],[ 1  3 13  5  9  5 11  0  1 14  9  1  0 12  1 14],False,False,0.46875,0.4375,[12  3  8  5  9  5  9  0  1 14  9  1 13 12  1 14],[12  3  8  5  9  5 11  0  1 14  9  1  0 12  1 14],False,False,0.21875,0.28125,0.04,0.0,0.0,1,0,0,0.04,1.0,1.0,1,1,25,1.0,0.0,0.0,25,0,0,1.0,0.0,0.0,25,0,0,0.44,0.36363636363636365,0.48,11,4,12,0.52,0.23076923076923078,0.28,13,3,7,0.48,0.08333333333333333,0.04,12,1,1,0.52,0.15384615384615385,0.08,13,2,2
"[0.         0.         0.         0.         0.         1.00049988
 0.         0.         0.         0.         0.         1.00049988
 0.         0.         0.         0.         0.         0.500999
 0.         0.         0.         0.70781353 0.         0.
 0.         0.         0.         0.         0.500999   0.500999
 0.70781353 0.         0.         0.         0.         0.
 0.         0.         0.         0.         0.70781353 0.
 0.         1.00049988 0.         0.         0.         0.
 0.         0.         0.         1.00049988 0.         0.
 1.00049988 0.         0.500999   0.500999   0.500999   0.
 0.         0.         0.70781353 0.500999   0.         0.
 0.         0.         0.         0.         0.         0.
 0.         0.         0.         0.         0.500999   0.
 0.         0.         1.00049988 0.70781353 0.         0.
 0.         0.         0.         0.         0.70781353 0.
 0.         0.70781353 0.         0.         0.         0.
 0.         0.         0.         1.00049988 0.         0.
 1.00049988 0.         0.         0.         0.70781353 0.
 0.         0.70781353 0.         1.00049988 0.         0.
 0.         0.         0.         0.         0.         0.
 0.         1.00049988 0.         0.         0.70781353 0.
 0.         0.500999   0.         0.         0.70781353 0.500999
 0.         0.70781353 0.         0.         0.         0.
 1.00049988 0.         0.         0.         0.70781353 0.70781353
 0.         0.         0.         0.500999   0.         0.
 0.         1.00049988 0.         0.         0.         0.
 0.         0.         0.         0.         0.         0.
 0.         0.500999   0.         0.         0.70781353 0.
 1.00049988 0.         0.500999   0.70781353 0.70781353 0.
 0.         0.         1.00049988 0.         1.00049988 0.
 0.         0.70781353 0.         0.         0.         0.
 0.70781353 1.00049988 0.         0.70781353 0.         0.70781353
 0.         0.500999   0.         0.         0.500999   0.
 0.         0.70781353 0.         0.         0.70781353 0.
 0.500999   0.         0.         0.70781353 0.         0.500999
 0.         0.         0.         0.         0.70781353 0.
 0.         0.         0.         0.70781353 0.         0.
 0.         0.         0.         0.70781353 0.         0.70781353
 0.         0.         0.         0.         0.70781353 0.
 0.         0.         0.         0.         1.00049988 0.
 0.         0.         0.         0.500999   0.         0.
 1.00049988 0.500999   0.70781353 0.         0.         0.70781353
 0.70781353 0.         0.         0.        ]",[ 5 13  8 15 12  1 13 15  3  3  3 13  1 13  1  3],[11 13  8 15 12  1 13 15  3  3  3 13  1 13  1  7],False,False,0.34375,0.546875,"[np.int64(8), np.int64(4), np.int64(5), np.int64(4), np.int64(6), np.int64(12), np.int64(7), np.int64(6), np.int64(2), np.int64(9), np.int64(7), np.int64(9), np.int64(0), np.int64(5), np.int64(3), np.int64(13)]","[np.int64(5), np.int64(3), np.int64(0), np.int64(4), np.int64(7), np.int64(4), np.int64(15), np.int64(8), np.int64(2), np.int64(4), np.int64(14), np.int64(12), np.int64(11), np.int64(12), np.int64(8), np.int64(1)]",False,False,0.0,0.0,[ 5 13  8 15 12  1 13 12  3  3  3 13  1 13  1  7],[11 13  8 10 12  1 13 12  3  3 12 13  1 13  1  7],True,False,0.46875,0.4375,[11 13  8 15 12  1 13 15  3  3  3 13  1 13  1  3],[ 5 13  8 15 12  1 13 15  3  3  3 13  1 13  1  3],False,False,0.21875,0.28125,0.04,0.0,0.0,1,0,0,0.04,0.0,0.0,1,0,0,1.0,0.0,0.0,25,0,0,1.0,0.0,0.0,25,0,0,0.88,0.18181818181818182,0.24,22,4,6,0.6,0.06666666666666667,0.04,15,1,1,0.48,0.0,0.0,12,0,0,0.36,0.1111111111111111,0.04,9,1,1
"[1.00049988 0.         0.         0.         0.         0.
 0.         0.         0.         0.         0.         0.
 0.         0.         1.00049988 0.         0.         0.
 0.         1.00049988 0.         0.         0.         0.
 1.00049988 0.         0.         0.         0.         0.500999
 0.         0.70781353 0.         0.         1.00049988 0.
 0.70781353 0.         0.         0.         0.500999   0.
 0.         0.         0.         0.         0.         0.
 0.         1.00049988 0.         0.         0.500999   1.00049988
 0.         0.         0.         0.         0.         0.
 0.         0.70781353 0.500999   0.         0.         0.
 0.70781353 0.500999   0.         0.         0.         0.
 0.         0.500999   0.         0.         0.         0.70781353
 0.70781353 0.         0.         0.         0.         1.00049988
 0.         0.500999   0.         0.500999   0.70781353 0.
 0.         0.         0.         0.         0.         0.
 0.         0.         0.         0.         0.         0.
 0.         0.         0.         0.         0.         0.
 0.70781353 0.500999   0.         0.         0.         0.
 0.         0.         0.         0.500999   0.         0.
 0.         0.         0.         0.         0.         0.
 0.         0.70781353 0.         1.00049988 0.500999   0.
 0.         0.70781353 0.         0.         1.00049988 0.
 0.         0.         1.00049988 0.         0.         0.
 0.         0.         0.         0.         0.500999   0.
 0.         0.         0.         1.00049988 0.         0.
 0.         0.         0.         1.00049988 0.         0.
 0.         0.         0.         0.         0.         0.
 0.         0.         0.         0.         0.         0.
 0.         0.         0.         0.         0.         0.
 0.         0.         0.         0.         0.         0.
 0.         0.         1.00049988 0.70781353 0.         0.70781353
 0.         0.         0.         0.         0.         0.
 0.70781353 0.         1.00049988 0.         0.         1.00049988
 0.         0.         0.         0.         0.         0.500999
 0.         0.70781353 0.70781353 0.         0.500999   0.
 0.         0.         0.         0.70781353 0.         0.
 0.         0.         1.00049988 0.         0.         0.500999
 0.70781353 0.         0.         0.         0.         0.
 0.         0.         0.         0.         0.500999   0.70781353
 0.         0.70781353 0.         0.         0.         0.
 0.         0.70781353 0.         1.00049988 0.         0.70781353
 0.         0.         0.70781353 1.00049988]",[14 13  4  3  3  7 13  5  2  4 10 13  6  3  3 14],[14 13  4  3  3  8 13  5  2  4 10 15  6  3  3 14],False,True,0.34375,0.546875,"[np.int64(12), np.int64(2), np.int64(0), np.int64(7), np.int64(0), np.int64(13), np.int64(14), np.int64(0), np.int64(3), np.int64(1), np.int64(7), np.int64(0), np.int64(11), np.int64(1), np.int64(3), np.int64(7)]","[np.int64(7), np.int64(0), np.int64(2), np.int64(2), np.int64(15), np.int64(13), np.int64(0), np.int64(12), np.int64(3), np.int64(2), np.int64(12), np.int64(3), np.int64(10), np.int64(6), np.int64(0), np.int64(10)]",False,False,0.0,0.0,[14 13  4  3  3  8 13 15  2  4 10 13  6  3  3 14],[14 13  4  3  3  8 13  5  2  4 10 13  6  3  3 14],False,True,0.46875,0.4375,[14 13  4  3  3  7 13  5  2  4 10 13  6  1  3 14],[14 13  8  3  3  7 13 15  2  4 10 13  6  1  3 14],False,False,0.21875,0.28125,0.04,0.0,0.0,1,0,0,0.04,1.0,1.0,1,1,25,1.0,0.0,0.0,25,0,0,1.0,0.0,0.0,25,0,0,0.44,0.36363636363636365,0.72,11,4,18,0.48,0.3333333333333333,0.48,12,4,12,0.4,0.1,0.04,10,1,1,0.48,0.16666666666666666,0.12,12,2,3
"[0.         0.500999   0.70781353 0.         0.         0.70781353
 0.70781353 0.         1.00049988 0.         0.         0.
 0.         0.         0.         0.         0.500999   0.
 0.         0.         0.         0.         0.         0.
 0.         0.         0.         0.         0.         0.
 0.         0.70781353 0.70781353 0.         1.00049988 0.
 0.         0.         0.         0.         0.70781353 0.
 0.         0.         0.70781353 0.         0.70781353 0.
 0.         0.         0.         0.500999   0.         0.
 0.70781353 0.         0.         0.         0.         0.
 0.         0.500999   0.         0.         0.         0.
 0.         0.         0.         0.         0.         0.
 0.500999   0.         0.         0.500999   0.70781353 0.
 0.         0.         0.70781353 0.         0.         0.
 0.         0.         0.         0.         0.         0.
 0.         0.         0.500999   0.         0.         0.
 0.70781353 0.         0.         0.70781353 0.         0.
 0.         0.         0.         0.         0.         1.00049988
 0.         0.         1.00049988 0.         0.         0.
 0.         0.         0.         0.         0.         0.
 0.         0.         0.         0.         0.         0.
 0.         0.         1.00049988 0.         0.70781353 0.
 0.500999   0.         0.         0.         0.         0.70781353
 0.         0.         0.70781353 0.         0.         0.
 0.         0.         0.         0.         0.         0.
 0.         0.         0.70781353 0.         0.         0.
 0.70781353 0.         0.         0.         0.         0.
 0.         0.         0.         0.         0.         0.
 0.         0.         0.         0.70781353 0.500999   0.
 0.         0.         0.         0.         0.         0.
 0.500999   0.         1.00049988 0.         0.         0.
 0.70781353 0.         0.         0.         0.         0.
 0.         0.         0.70781353 0.         0.70781353 0.500999
 0.         0.         0.70781353 0.70781353 0.500999   0.
 0.         0.70781353 0.         0.         0.         0.
 0.         0.500999   0.         0.         0.         0.
 0.         0.         0.         0.         0.70781353 1.00049988
 0.70781353 0.         0.         0.         0.70781353 0.
 0.         0.         1.00049988 0.         0.         0.
 0.         0.         0.         0.70781353 0.         1.00049988
 0.         0.70781353 0.         0.         0.         0.
 0.         0.         0.         0.         0.         0.
 0.         0.         1.00049988 1.00049988]",[ 1  1  0 13  8  0  0  7  4 12 12  4  5  3  2  1],[ 1  1  0 13  8  0  0  7  4 12 12  4  5 12  2  1],False,False,0.34375,0.546875,"[np.int64(11), np.int64(14), np.int64(6), np.int64(10), np.int64(8), np.int64(1), np.int64(10), np.int64(8), np.int64(0), np.int64(12), np.int64(2), np.int64(0), np.int64(9), np.int64(12), np.int64(11), np.int64(13)]","[np.int64(7), np.int64(9), np.int64(14), np.int64(14), np.int64(1), np.int64(11), np.int64(12), np.int64(4), np.int64(10), np.int64(15), np.int64(3), np.int64(15), np.int64(15), np.int64(8), np.int64(4), np.int64(1)]",False,False,0.0,0.0,[ 1  1  0  6  8  0  0  7  2 12 12  4  5  3  2  1],[ 1  1  0  6 12  0  0  7  2 12 12  4  5 12 13  1],True,False,0.46875,0.4375,[ 1  1  0 13  8 12  0  7  4 12 12  4  5  3  2  1],[ 1  1  0 13  8  0  0  7  4 12 12  4  5  3 13  1],False,False,0.21875,0.28125,0.04,0.0,0.0,1,0,0,0.04,0.0,0.0,1,0,0,1.0,0.0,0.0,25,0,0,1.0,0.0,0.0,25,0,0,0.8,0.35,0.36,20,7,9,1.0,0.08,0.08,25,2,2,0.76,0.0,0.0,19,0,0,0.64,0.0625,0.04,16,1,1
"[0.         0.         0.         0.         0.         0.
 0.         0.         0.         0.500999   0.         0.
 0.         0.         0.70781353 0.         0.         0.500999
 0.         0.         0.         0.         1.00049988 0.
 0.         0.70781353 0.70781353 0.         0.500999   1.00049988
 0.70781353 0.         0.         0.         0.         0.
 1.00049988 0.         0.         0.         1.00049988 0.
 0.         0.         0.70781353 0.         0.         0.
 0.         0.         0.         0.         0.         0.70781353
 0.         0.         0.         0.         0.         0.
 0.         0.         0.         0.         0.         0.
 1.00049988 0.         0.         0.         0.         0.500999
 0.         0.         0.500999   0.         0.         0.70781353
 0.70781353 0.         0.         0.         0.         0.70781353
 0.         0.         0.         0.70781353 0.70781353 0.
 0.500999   0.70781353 0.         0.500999   0.         0.70781353
 0.         1.00049988 0.         0.         0.         0.
 0.500999   0.         0.         0.70781353 0.         0.
 0.         0.         0.         0.         0.         0.
 0.         0.         0.500999   0.70781353 0.         0.500999
 0.         0.         0.         0.         0.         0.
 0.         0.         0.         0.         1.00049988 0.
 0.         0.70781353 0.         0.         0.         0.
 0.         0.70781353 0.         0.         0.70781353 0.
 0.500999   0.70781353 0.         0.         0.         0.
 0.70781353 0.         0.         0.         0.70781353 0.
 0.         0.500999   0.         0.         0.         0.70781353
 0.         0.         0.500999   0.500999   0.         0.
 0.         0.70781353 0.         0.         0.         0.
 0.70781353 0.         0.         0.         0.         0.
 0.         0.70781353 0.         0.         0.70781353 0.
 0.         0.         0.         0.         0.         0.
 0.         0.500999   0.70781353 0.         0.         0.
 0.         0.         0.         0.         0.         0.
 1.00049988 0.         0.70781353 0.500999   0.         1.00049988
 0.         0.         0.70781353 0.500999   0.         0.
 0.         0.500999   0.         0.         0.         0.
 0.500999   0.         0.70781353 0.70781353 0.         0.
 0.70781353 0.         0.         0.         0.70781353 0.
 0.70781353 0.         0.70781353 0.500999   0.         0.70781353
 0.         0.         0.         0.         0.         0.70781353
 0.         0.         0.         0.         0.         0.
 0.500999   0.         0.70781353 0.500999  ]",[ 9 12 12  3 10  3  9  4  5 13  5  5 15  5 13 12],[ 9 12 12  3 10  3  9  4  5 13  5  5  1  5 13 12],False,False,0.34375,0.546875,"[np.int64(4), np.int64(4), np.int64(2), np.int64(11), np.int64(13), np.int64(3), np.int64(0), np.int64(5), np.int64(10), np.int64(4), np.int64(7), np.int64(2), np.int64(8), np.int64(10), np.int64(10), np.int64(9)]","[np.int64(2), np.int64(1), np.int64(3), np.int64(4), np.int64(7), np.int64(14), np.int64(9), np.int64(1), np.int64(8), np.int64(4), np.int64(11), np.int64(11), np.int64(1), np.int64(15), np.int64(1), np.int64(7)]",False,False,0.0,0.0,[ 9 10 12  3 10  3  9  4  5 13  5  5  1  5 13  5],[ 9 12 12  3 10  3  9  4  5 13  5  5 15  5 13  5],False,True,0.46875,0.4375,[ 9 12 12  3 10  3  9  4  5 13  5  5 15  5 13 12],[ 9 12 12  3 10  3  9  4  5 13  5  5  1  5 13 12],False,False,0.21875,0.28125,0.04,0.0,0.0,1,0,0,0.04,0.0,0.0,1,0,0,1.0,0.0,0.0,25,0,0,1.0,0.0,0.0,25,0,0,0.4,0.1,0.2,10,1,5,0.36,0.3333333333333333,0.4,9,3,10,0.16,0.25,0.04,4,1,1,0.2,0.4,0.12,5,2,3
"[0.500999   0.70781353 0.         0.         0.         0.
 0.         0.         0.         1.00049988 0.         0.
 0.         0.500999   0.         0.         0.70781353 0.
 0.         0.         0.70781353 0.         0.         0.70781353
 0.         0.         0.         0.         0.         0.
 0.500999   0.70781353 0.         0.         1.00049988 0.
 0.         0.         0.         0.500999   0.         0.
 0.         0.         0.         0.70781353 0.         0.
 0.         0.         0.         0.500999   1.00049988 0.
 0.         0.500999   0.         0.         0.         0.
 0.         0.         0.         0.70781353 0.         0.70781353
 0.         1.00049988 0.500999   0.         0.         0.
 0.         0.         0.         1.00049988 0.70781353 0.
 0.70781353 0.         0.         0.         0.         0.
 0.         0.500999   0.         0.500999   0.70781353 0.
 0.         0.70781353 1.00049988 0.         0.         0.
 0.         0.         0.         0.         0.         0.
 0.500999   0.         0.         0.         0.         0.70781353
 0.         0.         0.70781353 0.         0.         0.70781353
 0.500999   0.500999   0.         0.500999   0.         0.
 0.         0.         0.70781353 0.         0.         0.
 1.00049988 0.         0.         0.         0.         0.
 0.         0.70781353 0.         0.         0.         0.
 0.         0.         1.00049988 1.00049988 0.         0.70781353
 1.00049988 0.         0.         0.         0.         0.
 0.         0.         0.         1.00049988 0.         0.
 0.         1.00049988 0.70781353 0.         0.         0.
 0.         0.         0.         0.         0.         0.70781353
 0.         0.         0.500999   0.500999   0.         0.
 0.500999   0.         0.         0.         0.         0.
 1.00049988 0.70781353 0.70781353 0.         0.         0.
 0.500999   0.         0.         0.70781353 0.         0.500999
 0.         0.         0.         0.         0.70781353 1.00049988
 0.         0.         1.00049988 0.         0.         0.
 0.         0.         0.         0.         0.500999   0.
 0.70781353 0.         0.         0.         0.         0.
 1.00049988 1.00049988 0.         0.70781353 0.         1.00049988
 0.         0.         0.         0.500999   0.         0.
 0.70781353 0.         0.70781353 1.00049988 0.         0.70781353
 0.500999   0.         0.         0.         1.00049988 0.
 0.         0.70781353 0.         0.70781353 0.         0.
 0.         0.         0.70781353 0.         0.         0.500999
 0.         0.         0.         0.        ]",[13 14  7  7 14  7 11  5 15 14 11 11  4  0 10 11],[ 1 14  7  7 14  7 11  5 15 14 11 11  4  0 10 11],False,False,0.34375,0.546875,"[np.int64(14), np.int64(6), np.int64(7), np.int64(14), np.int64(6), np.int64(2), np.int64(9), np.int64(4), np.int64(8), np.int64(1), np.int64(4), np.int64(1), np.int64(10), np.int64(8), np.int64(6), np.int64(14)]","[np.int64(7), np.int64(1), np.int64(5), np.int64(15), np.int64(14), np.int64(0), np.int64(11), np.int64(10), np.int64(8), np.int64(14), np.int64(13), np.int64(7), np.int64(9), np.int64(4), np.int64(3), np.int64(10)]",False,False,0.0,0.0,[13 14  7  7 14 11 11 10 15 14 11 11  4 11 10 11],[ 1 14 13  7 14 11 11  5 15 14 11 11  4 11 10 11],False,False,0.46875,0.4375,[13 14  7  7 14  7 11  3 15 14 11 11  4  0 10 11],[13 14  7  7 14  7 11  5 15 14 11 11  4  0 10 11],False,False,0.21875,0.28125,0.04,0.0,0.0,1,0,0,0.04,0.0,0.0,1,0,0,1.0,0.0,0.0,25,0,0,1.0,0.0,0.0,25,0,0,0.64,0.1875,0.28,16,3,7,0.52,0.3076923076923077,0.36,13,4,9,0.28,0.0,0.0,7,0,0,0.36,0.1111111111111111,0.04,9,1,1
"[0.500999   0.70781353 0.         0.         0.         0.
 0.         0.         0.         1.00049988 0.         0.
 0.70781353 0.70781353 0.         0.500999   0.70781353 1.00049988
 0.         0.         0.         0.         0.         0.70781353
 0.         0.         0.         0.         0.         0.
 0.         0.         0.         0.         0.500999   0.70781353
 0.         0.         0.         0.         0.500999   0.
 0.         0.70781353 0.         0.         0.         1.00049988
 0.         0.         0.70781353 0.         0.         0.
 0.         0.         0.         1.00049988 0.         0.
 0.70781353 0.         0.         0.         0.         0.
 0.         0.         1.00049988 0.70781353 0.         0.
 0.         0.         0.70781353 0.         0.70781353 0.
 0.70781353 0.         0.         0.         0.         0.
 0.70781353 0.         1.00049988 0.70781353 0.         0.
 0.         0.500999   0.         0.         0.         1.00049988
 0.         0.         0.         0.         0.         1.00049988
 0.500999   0.         0.         1.00049988 0.70781353 0.
 0.         0.         0.         0.500999   0.         0.70781353
 0.         0.         0.         0.70781353 0.         0.
 0.         0.70781353 0.         0.         0.70781353 0.
 1.00049988 0.         0.         0.         0.500999   0.
 0.         0.         0.         0.         0.         0.
 0.         0.         0.         0.         0.70781353 0.
 1.00049988 0.         0.         1.00049988 0.         0.
 1.00049988 0.70781353 0.         0.500999   0.         0.
 0.         0.         0.         0.         0.         0.
 0.         0.         0.70781353 0.         0.70781353 0.
 0.         0.         0.         1.00049988 0.70781353 0.
 0.         0.         0.         0.         0.70781353 0.
 0.         0.500999   0.         0.         0.         0.
 1.00049988 0.         0.70781353 0.         0.70781353 0.500999
 0.70781353 0.         0.         0.70781353 0.70781353 0.
 0.         0.70781353 0.         0.         0.70781353 0.70781353
 0.         0.500999   0.         0.         0.70781353 0.
 0.         0.         0.         0.         0.         0.
 0.         0.         0.         0.         0.500999   1.00049988
 0.70781353 0.         0.         0.         0.         0.
 0.70781353 0.         0.         1.00049988 0.70781353 0.
 0.         0.70781353 0.         0.70781353 0.500999   0.
 0.500999   0.         1.00049988 0.         0.         1.00049988
 0.500999   0.         0.         0.         0.         0.500999
 0.         0.         0.         0.500999  ]",[15  0  8 12 12 11 15 12  2  7 12 15 13 13 13 11],[15  0 11 12 12 11 15 12  2  7 12 15 13 13 13 11],False,False,0.34375,0.546875,"[np.int64(2), np.int64(6), np.int64(13), np.int64(14), np.int64(6), np.int64(8), np.int64(10), np.int64(13), np.int64(6), np.int64(15), np.int64(12), np.int64(13), np.int64(12), np.int64(9), np.int64(8), np.int64(3)]","[np.int64(0), np.int64(7), np.int64(5), np.int64(9), np.int64(2), np.int64(8), np.int64(5), np.int64(2), np.int64(3), np.int64(13), np.int64(5), np.int64(4), np.int64(11), np.int64(13), np.int64(9), np.int64(9)]",False,False,0.0,0.0,[13  7  3 12 12 11 10 12  2  7 12 12 13 13 13  0],[13  0  8 12 12 11 10 12 14  7 12 12 13 13 13  6],False,False,0.46875,0.4375,[15  0  8 12 12 11 15 12  2  7 12 15 13 13 13  0],[15  0 11 12 12 11 15 12  2  7 12 15 13 13 13 11],False,False,0.21875,0.28125,0.04,0.0,0.0,1,0,0,0.04,0.0,0.0,1,0,0,1.0,0.0,0.0,25,0,0,1.0,0.0,0.0,25,0,0,0.96,0.125,0.12,24,3,3,0.72,0.1111111111111111,0.2,18,2,5,0.56,0.0,0.0,14,0,0,0.48,0.0,0.0,12,0,0
"[0.500999   0.70781353 0.         0.         0.         0.
 0.         0.         0.         1.00049988 0.         0.
 0.         0.500999   0.         0.         0.70781353 0.
 0.         0.         0.70781353 0.         0.         0.70781353
 0.         0.         0.         0.         0.         0.
 0.500999   0.70781353 0.         0.         1.00049988 0.
 0.         0.         0.         0.500999   0.         0.
 0.         0.         0.         0.70781353 0.         0.
 0.         0.         0.         0.500999   1.00049988 0.
 0.         0.500999   0.         0.         0.         0.
 0.         0.         0.         0.70781353 0.         0.70781353
 0.         1.00049988 0.500999   0.         0.         0.
 0.         0.         0.         1.00049988 0.70781353 0.
 0.70781353 0.         0.         0.         0.         0.
 0.         0.500999   0.         0.500999   0.70781353 0.
 0.         0.70781353 1.00049988 0.         0.         0.
 0.         0.         0.         0.         0.         0.
 0.500999   0.         0.         0.         0.         0.70781353
 0.         0.         0.70781353 0.         0.         0.70781353
 0.500999   0.500999   0.         0.500999   0.         0.
 0.         0.         0.70781353 0.         0.         0.
 1.00049988 0.         0.         0.         0.         0.
 0.         0.70781353 0.         0.         0.         0.
 0.         0.         1.00049988 1.00049988 0.         0.70781353
 1.00049988 0.         0.         0.         0.         0.
 0.         0.         0.         1.00049988 0.         0.
 0.         1.00049988 0.70781353 0.         0.         0.
 0.         0.         0.         0.         0.         0.70781353
 0.         0.         0.500999   0.500999   0.         0.
 0.500999   0.         0.         0.         0.         0.
 1.00049988 0.70781353 0.70781353 0.         0.         0.
 0.500999   0.         0.         0.70781353 0.         0.500999
 0.         0.         0.         0.         0.70781353 1.00049988
 0.         0.         1.00049988 0.         0.         0.
 0.         0.         0.         0.         0.500999   0.
 0.70781353 0.         0.         0.         0.         0.
 1.00049988 1.00049988 0.         0.70781353 0.         1.00049988
 0.         0.         0.         0.500999   0.         0.
 0.70781353 0.         0.70781353 1.00049988 0.         0.70781353
 0.500999   0.         0.         0.         1.00049988 0.
 0.         0.70781353 0.         0.70781353 0.         0.
 0.         0.         0.70781353 0.         0.         0.500999
 0.         0.         0.         0.        ]",[13 14  7  7 14  7 11  5 15 14 11 11  4  0 10 11],[ 1 14  7  7 14  7 11  5 15 14 11 11  4  0 10 11],False,False,0.34375,0.546875,"[np.int64(3), np.int64(14), np.int64(13), np.int64(10), np.int64(8), np.int64(11), np.int64(13), np.int64(13), np.int64(8), np.int64(11), np.int64(14), np.int64(8), np.int64(1), np.int64(14), np.int64(7), np.int64(11)]","[np.int64(11), np.int64(2), np.int64(0), np.int64(13), np.int64(9), np.int64(11), np.int64(4), np.int64(4), np.int64(10), np.int64(15), np.int64(8), np.int64(10), np.int64(2), np.int64(12), np.int64(2), np.int64(15)]",False,False,0.0,0.0,[13 14  7  7  1  7 11 10 15 14 11 11  4 11 10 11],[ 1 14  7  7 14 11 11  5 15 14 11 11  4  0 10 11],True,True,0.46875,0.4375,[13 14  7  7 14  7 11  5 15 14 11 11  4  0 10 11],[13 14  7  7 14  7 11  3 15 14 11 11  4  0 10 11],False,False,0.21875,0.28125,0.04,0.0,0.0,1,0,0,0.04,0.0,0.0,1,0,0,1.0,0.0,0.0,25,0,0,1.0,0.0,0.0,25,0,0,0.56,0.2857142857142857,0.48,14,4,12,0.68,0.17647058823529413,0.24,17,3,6,0.28,0.0,0.0,7,0,0,0.32,0.125,0.04,8,1,1
"[1.00049988 0.         0.         0.         0.70781353 0.
 0.         0.         0.         0.         0.         0.
 0.         0.         0.         0.         0.         0.500999
 0.70781353 0.         0.         1.00049988 0.         0.500999
 0.         1.00049988 0.         0.         0.         0.
 0.70781353 0.70781353 0.         0.70781353 0.         1.00049988
 0.         0.500999   1.00049988 0.         0.500999   0.
 0.         0.         1.00049988 0.         0.         0.70781353
 0.         0.         1.00049988 0.         0.         0.500999
 0.         0.         0.         0.         0.         0.
 0.         0.         0.         0.         0.70781353 0.
 0.         0.         0.500999   0.         0.70781353 0.
 0.         0.         0.         1.00049988 0.         0.
 0.         0.         0.         1.00049988 0.500999   0.500999
 0.         0.500999   0.         0.         0.         0.
 0.         0.         0.         0.         0.         0.70781353
 0.         0.         1.00049988 0.         0.70781353 0.
 0.         0.         0.         0.70781353 0.         0.
 0.         0.         0.         0.         0.         0.500999
 0.         0.         0.         0.         0.         0.500999
 0.         0.         0.         0.         0.         0.
 0.70781353 0.         0.         0.         0.500999   0.
 0.         0.         0.         0.         0.500999   0.
 0.         1.00049988 0.         0.70781353 0.         0.
 0.         1.00049988 0.         0.         0.         0.
 0.70781353 0.         0.         0.         0.         0.
 0.         0.         1.00049988 0.         0.         0.
 0.         0.         0.         0.         0.         0.
 0.         0.         0.         0.         0.         0.
 0.         0.         0.         0.         0.         0.
 1.00049988 0.         0.         0.         1.00049988 0.
 0.         0.         0.         0.         0.         0.
 0.         0.         1.00049988 0.         0.         0.
 0.         0.         0.         0.         0.         0.
 1.00049988 0.500999   0.         0.         0.         0.
 0.         0.         0.         0.         0.         0.
 0.70781353 0.         0.         0.         0.500999   0.500999
 0.         0.         0.         0.70781353 0.         0.
 0.         0.         0.         0.70781353 0.         1.00049988
 0.         0.         0.         0.         0.500999   0.
 0.         0.70781353 0.70781353 0.         0.         0.70781353
 0.         0.         0.         0.         0.         0.
 0.         0.         0.         1.00049988]",[ 0  1  2  3  4  5  6  7  8  9 10 11 12 13 14 15],[ 0  1  2  3  4  5  6  7  8  9 10 11 12 13 14 15],True,True,0.34375,0.546875,"[np.int64(8), np.int64(6), np.int64(4), np.int64(15), np.int64(10), np.int64(3), np.int64(2), np.int64(8), np.int64(7), np.int64(12), np.int64(14), np.int64(5), np.int64(12), np.int64(13), np.int64(4), np.int64(6)]","[np.int64(14), np.int64(9), np.int64(11), np.int64(15), np.int64(3), np.int64(9), np.int64(9), np.int64(15), np.int64(13), np.int64(9), np.int64(12), np.int64(10), np.int64(12), np.int64(5), np.int64(14), np.int64(6)]",False,False,0.0,0.0,[ 0  1  2  3  4  5  6  7  8  9 10 11 12 13 14 15],[ 0  1  2  3  4  5  6  7  8  9 10 11 12 13 14 15],True,True,0.46875,0.4375,[ 4  7  8  5  6 15  9  1 13 14 10  8 13  8  9  5],[ 4  2  1  2  0  1  2  1  2  1 10  4  2  8  1  1],False,False,0.21875,0.28125,0.04,1.0,1.0,1,1,25,0.04,1.0,1.0,1,1,25,1.0,0.0,0.0,25,0,0,1.0,0.0,0.0,25,0,0,0.04,1.0,1.0,1,1,25,0.04,1.0,1.0,1,1,25,0.04,0.0,0.0,1,0,0,0.04,0.0,0.0,1,0,0
"[0.         0.         0.         0.         0.         0.
 0.         0.         0.         0.500999   0.         0.
 0.         0.         0.70781353 0.         0.         0.500999
 0.         0.         0.         0.         1.00049988 0.
 0.         0.70781353 0.70781353 0.         0.500999   1.00049988
 0.70781353 0.         0.         0.         0.         0.
 1.00049988 0.         0.         0.         1.00049988 0.
 0.         0.         0.70781353 0.         0.         0.
 0.         0.         0.         0.         0.         0.70781353
 0.         0.         0.         0.         0.         0.
 0.         0.         0.         0.         0.         0.
 1.00049988 0.         0.         0.         0.         0.500999
 0.         0.         0.500999   0.         0.         0.70781353
 0.70781353 0.         0.         0.         0.         0.70781353
 0.         0.         0.         0.70781353 0.70781353 0.
 0.500999   0.70781353 0.         0.500999   0.         0.70781353
 0.         1.00049988 0.         0.         0.         0.
 0.500999   0.         0.         0.70781353 0.         0.
 0.         0.         0.         0.         0.         0.
 0.         0.         0.500999   0.70781353 0.         0.500999
 0.         0.         0.         0.         0.         0.
 0.         0.         0.         0.         1.00049988 0.
 0.         0.70781353 0.         0.         0.         0.
 0.         0.70781353 0.         0.         0.70781353 0.
 0.500999   0.70781353 0.         0.         0.         0.
 0.70781353 0.         0.         0.         0.70781353 0.
 0.         0.500999   0.         0.         0.         0.70781353
 0.         0.         0.500999   0.500999   0.         0.
 0.         0.70781353 0.         0.         0.         0.
 0.70781353 0.         0.         0.         0.         0.
 0.         0.70781353 0.         0.         0.70781353 0.
 0.         0.         0.         0.         0.         0.
 0.         0.500999   0.70781353 0.         0.         0.
 0.         0.         0.         0.         0.         0.
 1.00049988 0.         0.70781353 0.500999   0.         1.00049988
 0.         0.         0.70781353 0.500999   0.         0.
 0.         0.500999   0.         0.         0.         0.
 0.500999   0.         0.70781353 0.70781353 0.         0.
 0.70781353 0.         0.         0.         0.70781353 0.
 0.70781353 0.         0.70781353 0.500999   0.         0.70781353
 0.         0.         0.         0.         0.         0.70781353
 0.         0.         0.         0.         0.         0.
 0.500999   0.         0.70781353 0.500999  ]",[ 9 12 12  3 10  3  9  4  5 13  5  5 15  5 13 12],[ 9 12 12  3 10  3  9  4  5 13  5  5  1  5 13 12],False,False,0.34375,0.546875,"[np.int64(12), np.int64(9), np.int64(12), np.int64(12), np.int64(9), np.int64(13), np.int64(5), np.int64(4), np.int64(12), np.int64(8), np.int64(3), np.int64(14), np.int64(9), np.int64(15), np.int64(4), np.int64(8)]","[np.int64(12), np.int64(15), np.int64(12), np.int64(14), np.int64(12), np.int64(2), np.int64(2), np.int64(3), np.int64(6), np.int64(15), np.int64(14), np.int64(4), np.int64(12), np.int64(7), np.int64(2), np.int64(15)]",False,False,0.0,0.0,[ 9 10 12  3 10  3  9  4  5 13  5  5 14  5 13  5],[ 9 14 12  3 10  3  9  4  5 13  5  5  1  5 13 12],False,True,0.46875,0.4375,[ 9 12 12  3 10  3  9  4  5 13  5  5 15  5 13 12],[ 9 12 12  3 10  3  9  4  5 13  5  5  1  5 13 12],False,False,0.21875,0.28125,0.04,0.0,0.0,1,0,0,0.04,0.0,0.0,1,0,0,1.0,0.0,0.0,25,0,0,1.0,0.0,0.0,25,0,0,0.44,0.36363636363636365,0.44,11,4,11,0.44,0.2727272727272727,0.28,11,3,7,0.24,0.3333333333333333,0.08,6,2,2,0.24,0.3333333333333333,0.08,6,2,2
"[0.         0.70781353 0.         0.500999   0.         0.
 0.         0.         0.         0.         0.         0.
 0.         0.         0.500999   0.70781353 0.70781353 1.00049988
 0.         0.70781353 0.70781353 0.70781353 0.         0.
 0.         0.         0.70781353 0.70781353 0.         0.
 0.         0.         0.         0.         0.500999   0.
 1.00049988 0.         0.         1.00049988 0.         0.
 0.500999   0.         0.         0.         1.00049988 0.
 0.500999   0.70781353 0.         0.         0.         0.
 0.         0.         0.         0.500999   1.00049988 0.
 0.         1.00049988 0.         0.         0.         0.70781353
 1.00049988 0.         0.500999   0.         0.         0.
 0.70781353 1.00049988 0.         0.         0.         0.
 0.         0.         0.         0.70781353 0.         0.
 0.         0.         0.         0.         0.         0.
 0.         0.         0.         0.         0.70781353 0.
 0.         0.         0.         0.         0.         0.
 0.         0.         0.500999   0.         0.         0.
 0.         0.         0.500999   0.500999   0.         0.
 1.00049988 0.         0.         0.         0.         0.
 0.         0.         0.         0.         0.         0.
 0.70781353 0.         0.         0.         0.         0.
 0.70781353 0.         0.500999   0.         0.         0.
 1.00049988 0.70781353 0.         0.         0.         0.
 0.         0.         0.         0.500999   1.00049988 0.
 0.         0.         0.         0.500999   0.         0.
 0.500999   0.         0.70781353 0.         0.         0.70781353
 0.500999   1.00049988 0.         0.         0.         0.
 1.00049988 0.         0.500999   0.         0.70781353 0.70781353
 0.         0.         0.         0.70781353 0.         0.
 0.         0.         0.         0.         0.70781353 0.
 0.         1.00049988 0.500999   0.         0.         1.00049988
 0.         0.         0.         0.         0.         0.
 0.         0.         0.         0.500999   0.70781353 0.500999
 0.         0.         0.500999   0.         0.         0.
 0.         1.00049988 0.         0.         0.         0.
 0.         0.         0.70781353 0.         0.         0.
 0.         0.         0.500999   0.         1.00049988 0.
 0.         0.70781353 0.500999   0.70781353 0.         0.70781353
 0.         0.         0.500999   0.         0.         0.70781353
 0.70781353 0.         0.         0.         0.         0.
 0.500999   0.         0.         0.         0.         1.00049988
 0.         0.         0.70781353 0.        ]",[14  0 10  0  8 14  6 14  6 12 12 12 14 10  6  6],[14  0 10  0  8 14  6 14  6 12 12 12 14 10  6  6],True,True,0.34375,0.546875,"[np.int64(9), np.int64(11), np.int64(14), np.int64(14), np.int64(15), np.int64(2), np.int64(7), np.int64(8), np.int64(6), np.int64(7), np.int64(1), np.int64(1), np.int64(8), np.int64(6), np.int64(1), np.int64(3)]","[np.int64(12), np.int64(12), np.int64(5), np.int64(12), np.int64(3), np.int64(2), np.int64(3), np.int64(4), np.int64(3), np.int64(7), np.int64(4), np.int64(9), np.int64(9), np.int64(11), np.int64(14), np.int64(2)]",False,False,0.0,0.0,[14  0 10  0  8 14  6 14  6 12 12 12 14 10  6  6],[14  0 10  0  8 14  6 14  6  3 12 12 14 10  6  6],True,True,0.46875,0.4375,[14  0 10  0  8 14  6 14  6 12  2 12 14 10  6  6],[14  0 10  0  8 14  6 14  6 12 12 12 14 10  6  6],False,True,0.21875,0.28125,0.04,1.0,1.0,1,1,25,0.04,1.0,1.0,1,1,25,1.0,0.0,0.0,25,0,0,1.0,0.0,0.0,25,0,0,0.24,1.0,1.0,6,6,25,0.2,1.0,1.0,5,5,25,0.4,0.8,0.92,10,8,23,0.12,1.0,1.0,3,3,25
"[0.         0.70781353 0.         0.         0.70781353 0.
 0.         0.         0.         0.         0.         0.
 0.70781353 0.         0.         0.         0.70781353 1.00049988
 0.         1.00049988 0.         0.         0.         0.
 0.         0.         0.         0.70781353 1.00049988 0.500999
 0.70781353 0.         0.         0.         0.500999   0.
 0.70781353 0.500999   0.         0.         0.70781353 0.
 0.         0.         0.70781353 0.         0.         0.
 0.         1.00049988 0.         0.         0.         0.
 0.         0.         0.         0.         0.         1.00049988
 0.         0.         0.500999   0.500999   0.70781353 0.
 0.70781353 0.         0.         0.70781353 0.         0.500999
 0.500999   0.         0.         0.         0.70781353 0.
 0.         0.         0.         0.         0.500999   0.
 0.70781353 0.500999   1.00049988 0.70781353 0.         0.70781353
 0.         0.         0.         0.500999   0.70781353 0.
 0.         0.         0.         0.         0.         1.00049988
 0.         0.500999   0.70781353 0.         0.         0.
 0.70781353 0.500999   0.         0.         0.         0.
 0.         0.         0.500999   0.70781353 0.500999   0.
 0.         0.70781353 0.500999   0.         0.500999   0.
 0.500999   0.500999   0.         0.         0.70781353 0.
 0.500999   0.         0.70781353 0.         0.500999   0.
 0.         0.         0.         0.         0.         0.
 0.         0.         0.         0.         0.         0.70781353
 0.         0.70781353 0.         0.         0.         0.
 0.         0.70781353 0.         0.70781353 0.         0.
 0.         0.         0.         0.         0.         0.500999
 0.         0.         0.         0.         0.         0.
 0.         0.         0.         0.70781353 0.         1.00049988
 0.         0.         0.         0.         0.         0.
 0.         1.00049988 0.         1.00049988 0.         0.70781353
 0.70781353 1.00049988 0.70781353 0.         0.70781353 0.
 0.70781353 0.500999   0.         0.         0.         0.
 0.         0.         0.         0.         0.         0.500999
 0.         0.         0.         0.500999   0.500999   0.
 0.         0.70781353 0.         1.00049988 0.         1.00049988
 0.         0.         0.         0.70781353 0.         0.500999
 0.         0.70781353 0.         0.500999   0.         0.
 0.         0.         0.         0.         1.00049988 0.
 0.         0.         0.         0.500999   0.         0.
 0.         0.500999   0.         0.70781353 0.         0.70781353
 0.         0.         0.         1.00049988]",[12 13  5 14  7 13  7 12  4  7  7 15 12  6  7  7],[12 13  5 14  7 13  7 12  4  7  7 15 12  6  7  7],True,True,0.34375,0.546875,"[np.int64(3), np.int64(10), np.int64(3), np.int64(7), np.int64(10), np.int64(7), np.int64(11), np.int64(5), np.int64(2), np.int64(1), np.int64(15), np.int64(15), np.int64(0), np.int64(14), np.int64(6), np.int64(0)]","[np.int64(8), np.int64(8), np.int64(3), np.int64(14), np.int64(13), np.int64(12), np.int64(6), np.int64(8), np.int64(10), np.int64(7), np.int64(0), np.int64(2), np.int64(13), np.int64(8), np.int64(11), np.int64(6)]",False,False,0.0,0.0,[12 13  5 14  7 13  7 12  4  7  7 15 12  6  7  7],[12 13  5 14  7 13  7 12  4  7  7 15 12  6  7  7],True,True,0.46875,0.4375,[12 13  5 14  7 13  7 12  4  7  7 15 12  6  7  7],[12 13  5 15  7 13  7 12  4  7  7 15 12  6  7  7],True,True,0.21875,0.28125,0.04,1.0,1.0,1,1,25,0.04,1.0,1.0,1,1,25,1.0,0.0,0.0,25,0,0,1.0,0.0,0.0,25,0,0,0.08,1.0,1.0,2,2,25,0.12,1.0,1.0,3,3,25,0.12,0.6666666666666666,0.96,3,2,24,0.12,1.0,1.0,3,3,25
"[0.         0.500999   0.70781353 0.70781353 0.         0.
 0.         0.         0.         0.         0.70781353 0.
 0.         0.         0.         0.         0.500999   0.
 0.         0.         0.70781353 0.         0.         0.
 0.         0.         0.         0.         0.         0.
 1.00049988 0.         0.70781353 0.         0.         0.
 0.         0.         0.         0.         0.         0.
 0.         0.         0.         0.         0.         0.
 0.70781353 0.         0.         0.         0.         0.
 0.         0.         0.70781353 1.00049988 0.500999   0.500999
 0.         0.         0.70781353 0.500999   0.         0.70781353
 0.         0.         0.         0.500999   0.500999   0.
 0.         0.         1.00049988 0.         0.         0.
 0.         0.         0.         0.         0.         0.
 0.500999   0.500999   0.70781353 0.         0.         0.
 0.70781353 0.         0.         0.         0.70781353 0.
 0.         0.         0.         0.         0.500999   0.70781353
 0.         0.         1.00049988 0.         0.         0.
 0.70781353 1.00049988 0.         0.         0.         0.
 0.         0.         0.         0.         0.         1.00049988
 0.         0.         0.         0.         0.         0.
 0.         1.00049988 0.         0.         0.         0.70781353
 0.         0.         1.00049988 0.         0.         0.
 0.         0.         0.         1.00049988 0.70781353 0.70781353
 0.         0.         0.         1.00049988 0.         0.
 0.         0.         0.         1.00049988 0.         0.
 0.500999   0.         0.70781353 0.         0.70781353 0.
 0.         0.500999   1.00049988 0.70781353 0.         0.
 0.         0.         1.00049988 0.         0.         0.
 0.70781353 0.         0.         0.         0.         0.500999
 0.         0.         0.         0.         0.         0.
 0.         0.500999   0.         0.         0.         0.
 0.         0.         0.         0.         0.         0.
 0.70781353 0.         0.         0.500999   0.         0.
 1.00049988 0.         0.         0.         0.         0.
 0.         0.         0.         0.         1.00049988 0.
 1.00049988 0.         0.         0.         0.         0.
 0.         0.         0.         1.00049988 0.         0.70781353
 0.         0.70781353 0.         0.         0.70781353 0.70781353
 0.70781353 0.         0.         0.         1.00049988 0.
 0.         0.         0.         0.500999   0.         0.
 0.         1.00049988 0.70781353 0.         0.         0.
 0.         0.         0.         1.00049988]",[ 3  0  0 10  5 14  4 15 14 14  3  3  9  8 14  3],[ 1  0  0 10  5 14  4 15 14 14 14  3  9  6 14  3],False,False,0.34375,0.546875,"[np.int64(11), np.int64(8), np.int64(15), np.int64(2), np.int64(14), np.int64(7), np.int64(5), np.int64(12), np.int64(5), np.int64(8), np.int64(15), np.int64(7), np.int64(12), np.int64(0), np.int64(7), np.int64(15)]","[np.int64(15), np.int64(5), np.int64(4), np.int64(13), np.int64(9), np.int64(8), np.int64(3), np.int64(11), np.int64(5), np.int64(5), np.int64(13), np.int64(14), np.int64(2), np.int64(3), np.int64(9), np.int64(8)]",False,False,0.0,0.0,[ 3  0  0 14  5 14 12 15 14 14 14  3  9  8 14  3],[ 3  0  0 15  5 14  4 15 14 14 14  3  9  8 14  8],False,False,0.46875,0.4375,[ 1  0  0 10  5  4  4 15 14 12  3  3  9  8 14  3],[10  0  0 15  5  4  4 15 14 14  3  3  9  6 14  3],False,False,0.21875,0.28125,0.04,0.0,0.0,1,0,0,0.04,0.0,0.0,1,0,0,1.0,0.0,0.0,25,0,0,1.0,0.0,0.0,25,0,0,0.64,0.25,0.28,16,4,7,0.88,0.18181818181818182,0.16,22,4,4,0.72,0.0,0.0,18,0,0,0.64,0.0,0.0,16,0,0
"[0.500999   0.         0.         0.         0.70781353 0.
 0.         0.         1.00049988 0.         0.70781353 0.
 0.         0.         0.         0.         0.         0.
 0.70781353 0.500999   0.         0.         0.         1.00049988
 0.         0.         0.         0.         0.70781353 0.
 0.         0.70781353 0.         0.70781353 0.         0.
 0.         0.         0.70781353 0.         0.         0.
 1.00049988 0.         0.         1.00049988 0.         0.
 0.         0.500999   0.         0.500999   0.         0.
 0.         0.         1.00049988 0.         1.00049988 0.500999
 0.         0.         0.         0.70781353 0.70781353 0.
 0.         0.         0.         0.         0.         0.
 0.         0.         0.         0.         0.         1.00049988
 0.         0.         0.         0.         0.         0.
 0.         1.00049988 0.         0.70781353 0.500999   0.
 0.         0.         0.         0.         0.70781353 0.
 0.         0.         0.70781353 0.         0.         0.
 0.500999   1.00049988 0.         0.         0.         0.
 0.         0.         0.         0.         0.         1.00049988
 0.         0.         0.         0.70781353 1.00049988 0.
 0.         0.         0.         0.         0.         0.
 0.         0.         1.00049988 0.         0.         1.00049988
 0.         0.500999   0.         0.         0.500999   0.
 0.         0.500999   0.         0.70781353 0.         0.
 0.         0.         0.         0.         0.         0.
 0.         0.         0.         1.00049988 0.         0.
 0.         0.         0.         0.         0.70781353 0.
 1.00049988 1.00049988 0.         0.         0.         0.
 0.         0.         0.         0.70781353 0.70781353 0.
 1.00049988 0.         0.         0.         0.         0.500999
 0.         0.         0.         0.         0.500999   0.
 0.70781353 0.         0.500999   0.         0.         1.00049988
 0.         0.70781353 0.         0.         0.         0.
 0.         0.         0.         0.         0.70781353 0.500999
 0.         0.         0.70781353 1.00049988 0.         0.
 1.00049988 0.         1.00049988 0.         0.         0.
 0.70781353 0.         0.         0.         0.         0.
 0.70781353 0.         0.         0.         0.         0.
 0.         0.70781353 0.         0.         0.         0.
 1.00049988 0.         0.70781353 0.70781353 0.500999   0.
 0.         0.70781353 0.         0.70781353 0.         0.
 0.         0.         0.         0.         0.         1.00049988
 1.00049988 0.         0.         0.        ]",[10  3  1 11  0  8  2  5 13  9 11  8 11 13 13  3],[10  3  1 11  0  8  2  5 13  9 11  8 11 13 13  3],True,True,0.34375,0.546875,"[np.int64(9), np.int64(13), np.int64(5), np.int64(2), np.int64(7), np.int64(1), np.int64(2), np.int64(12), np.int64(3), np.int64(3), np.int64(13), np.int64(5), np.int64(7), np.int64(6), np.int64(1), np.int64(11)]","[np.int64(3), np.int64(2), np.int64(4), np.int64(15), np.int64(7), np.int64(3), np.int64(12), np.int64(3), np.int64(2), np.int64(10), np.int64(4), np.int64(15), np.int64(10), np.int64(12), np.int64(15), np.int64(1)]",False,False,0.0,0.0,[10  3  1 11  0  8  2  5 13  9 12  8 11 13 13  3],[10  3  1 11  0  8  2  5 13  9 11  8 14 13 13  3],True,False,0.46875,0.4375,[10  3  1 11  0  8  2  5  5  9 11  8 11 13 13  1],[10  3  1 11  0  8  2  5  5  9 11  8 11 13 13  3],False,False,0.21875,0.28125,0.04,1.0,1.0,1,1,25,0.04,1.0,1.0,1,1,25,1.0,0.0,0.0,25,0,0,1.0,0.0,0.0,25,0,0,0.4,0.2,0.28,10,2,7,0.4,0.2,0.44,10,2,11,0.4,0.1,0.04,10,1,1,0.4,0.2,0.12,10,2,3
