As,Argmax_Model_Trees,Argmax_True_Trees,Argmax_Model_Mask,Argmax_True_Mask,Argmax_Model_Accuracy,Argmax_True_Accuracy,Random_Model_Trees,Random_True_Trees,Random_Model_Mask,Random_True_Mask,Random_Model_Accuracy,Random_True_Accuracy,Tree_Model_Trees,Tree_True_Trees,Tree_Model_Mask,Tree_True_Mask,Tree_Model_Accuracy,Tree_True_Accuracy,Greedy_Model_Trees,Greedy_True_Trees,Greedy_Model_Mask,Greedy_True_Mask,Greedy_Model_Accuracy,Greedy_True_Accuracy,Argmax_Model_Uniques,Argmax_Model_Valids_Uniques,Argmax_Model_Valids,Argmax_Model_Unique_Counts,Argmax_Model_Valid_Unique_Counts,Argmax_Model_Valid_Counts,Argmax_True_Uniques,Argmax_True_Valids_Uniques,Argmax_True_Valids,Argmax_True_Unique_Counts,Argmax_True_Valid_Unique_Counts,Argmax_True_Valid_Counts,Random_Model_Uniques,Random_Model_Valids_Uniques,Random_Model_Valids,Random_Model_Unique_Counts,Random_Model_Valid_Unique_Counts,Random_Model_Valid_Counts,Random_True_Uniques,Random_True_Valids_Uniques,Random_True_Valids,Random_True_Unique_Counts,Random_True_Valid_Unique_Counts,Random_True_Valid_Counts,Tree_Model_Uniques,Tree_Model_Valids_Uniques,Tree_Model_Valids,Tree_Model_Unique_Counts,Tree_Model_Valid_Unique_Counts,Tree_Model_Valid_Counts,Tree_True_Uniques,Tree_True_Valids_Uniques,Tree_True_Valids,Tree_True_Unique_Counts,Tree_True_Valid_Unique_Counts,Tree_True_Valid_Counts,Greedy_Model_Uniques,Greedy_Model_Valids_Uniques,Greedy_Model_Valids,Greedy_Model_Unique_Counts,Greedy_Model_Valid_Unique_Counts,Greedy_Model_Valid_Counts,Greedy_True_Uniques,Greedy_True_Valids_Uniques,Greedy_True_Valids,Greedy_True_Unique_Counts,Greedy_True_Valid_Unique_Counts,Greedy_True_Valid_Counts
"[0.         0.         0.500999   0.         0.         0.
 0.70781353 0.500999   0.         0.70781353 0.         0.500999
 0.         0.         0.         0.         0.         1.00049988
 0.         0.         0.         0.         0.         0.
 0.         0.         0.500999   0.         0.         0.
 0.         0.         0.500999   0.         0.         0.70781353
 0.500999   0.         0.         0.         0.         0.
 0.500999   0.         0.         0.         0.         0.70781353
 0.         0.         0.70781353 0.         0.         0.
 0.         0.70781353 0.         0.         0.70781353 0.
 0.70781353 0.         0.         0.         0.         0.
 0.500999   0.         0.         0.70781353 0.         1.00049988
 0.         0.         0.         0.70781353 0.         0.70781353
 0.         0.         0.         0.         0.         0.
 0.70781353 0.         0.70781353 0.         0.70781353 0.
 0.         0.         0.500999   0.         0.500999   0.
 0.70781353 0.         0.         0.         0.         0.70781353
 0.         0.         0.         0.         0.         0.
 0.         0.70781353 0.         0.         0.500999   0.
 0.         0.70781353 1.00049988 0.         0.         1.00049988
 0.         0.         0.70781353 0.         0.         0.
 1.00049988 0.500999   0.         0.         0.         0.
 0.         0.70781353 0.         0.         1.00049988 0.
 0.         0.         0.         0.         0.         0.
 0.70781353 0.         0.         0.         0.         0.
 0.         0.         0.         1.00049988 0.         0.
 0.70781353 1.00049988 1.00049988 0.         0.         0.500999
 0.500999   0.70781353 0.         0.         0.         0.70781353
 0.         0.         1.00049988 0.         0.         0.
 0.70781353 0.         0.500999   0.         0.         0.
 0.70781353 0.         0.         0.         0.         0.
 0.         0.         0.         0.         0.         0.
 0.         0.         0.         0.70781353 0.         0.500999
 0.         0.         0.         0.70781353 0.         0.
 0.         0.         0.         0.70781353 0.         0.
 0.         0.         0.70781353 0.         0.70781353 0.
 0.         1.00049988 0.         0.         0.         0.
 0.         0.70781353 0.         0.         0.         0.
 0.         0.500999   0.         1.00049988 0.         1.00049988
 0.70781353 0.         0.         0.         0.         0.
 0.         0.         0.70781353 0.         0.         0.
 0.         0.500999   0.         0.         0.         0.
 0.70781353 0.70781353 0.         0.        ]",[ 0 10  0  2  2 14  0  0  5  0  2  0  5  4  5  7],[ 0 10  0  7  2  4  0  0  5  0  2  0  5 15  5  7],False,True,0.40625,0.609375,"[np.int64(15), np.int64(7), np.int64(4), np.int64(12), np.int64(5), np.int64(3), np.int64(8), np.int64(14), np.int64(13), np.int64(9), np.int64(12), np.int64(7), np.int64(5), np.int64(10), np.int64(1), np.int64(11)]","[np.int64(14), np.int64(15), np.int64(8), np.int64(3), np.int64(14), np.int64(5), np.int64(7), np.int64(0), np.int64(6), np.int64(8), np.int64(6), np.int64(8), np.int64(2), np.int64(15), np.int64(8), np.int64(8)]",False,False,0.0,0.0,[ 0 10  0  2  2 14  0  0  5  0  2  0 15 15 10  7],[ 0 10  0  7  2 14  0  0  5  0  2  0 15  4 10  7],False,False,0.34375,0.4375,[ 0 10  0  7  2 14  0  0  5  0  2  0  5  4  5  7],[ 0 10  0  2  2  4  0  0  5  0  2  0  5 15  5  7],False,True,0.203125,0.265625,0.04,0.0,0.0,1,0,0,0.04,1.0,1.0,1,1,25,1.0,0.0,0.0,25,0,0,1.0,0.0,0.0,25,0,0,0.64,0.1875,0.24,16,3,6,0.64,0.4375,0.56,16,7,14,0.32,0.25,0.08,8,2,2,0.4,0.2,0.08,10,2,2
"[0.         0.         0.         0.         0.         0.
 0.70781353 0.         0.500999   0.         0.         0.
 0.         0.         0.         0.         0.         0.
 0.         0.70781353 0.         0.         0.         0.
 0.         0.         0.         0.         0.         0.
 0.         0.         0.         0.         0.500999   0.
 0.         0.70781353 0.         0.         0.         0.70781353
 0.         0.70781353 0.70781353 0.         0.         0.
 0.         0.70781353 0.         0.         0.         0.
 0.         0.         0.         0.70781353 1.00049988 0.
 0.         0.500999   0.         0.70781353 0.         0.
 0.         0.         0.         0.500999   0.70781353 1.00049988
 0.         0.         0.         0.         0.         0.500999
 0.         0.         0.         0.         0.70781353 0.
 0.500999   1.00049988 1.00049988 0.         0.         1.00049988
 0.         0.70781353 0.         0.         0.70781353 0.
 0.70781353 0.         0.         0.         0.70781353 1.00049988
 0.500999   0.         0.         0.70781353 0.         0.
 0.         0.         0.         0.500999   0.         0.
 0.         0.         1.00049988 0.         0.         0.
 0.500999   0.         0.         0.         0.         0.70781353
 0.         0.500999   0.500999   0.         0.         0.
 0.         0.         0.         0.500999   0.         0.
 0.         0.500999   0.         1.00049988 0.         0.500999
 0.         0.         0.70781353 0.70781353 0.         1.00049988
 0.70781353 0.         0.         0.500999   0.         1.00049988
 0.         0.500999   0.         0.         0.         0.
 0.         1.00049988 0.         0.         0.         0.
 0.         0.         0.         1.00049988 0.         0.
 0.         1.00049988 0.         0.         0.70781353 0.
 0.         0.70781353 0.         0.         0.500999   1.00049988
 1.00049988 0.         0.         0.         0.         0.70781353
 0.         0.         0.70781353 0.         0.         0.
 0.         0.         0.         0.         0.         0.
 0.         0.         0.         0.         0.         0.
 0.         0.500999   0.500999   0.         0.         0.70781353
 1.00049988 0.500999   0.         0.         0.         0.
 0.         0.         0.         0.         0.         0.
 0.         0.70781353 0.         0.         0.         0.
 0.         0.         0.         0.         0.         0.
 0.         0.         0.         0.70781353 0.         0.
 0.500999   0.500999   0.500999   0.         1.00049988 0.70781353
 0.         0.         0.         1.00049988]",[ 8  3 11 13 13  4 15 15 15 13 15  8  2  4  5 15],[ 8  3 11 13 13  4 15 15 15 13 15  8  2  4  5 15],False,False,0.40625,0.609375,"[np.int64(14), np.int64(5), np.int64(4), np.int64(9), np.int64(3), np.int64(0), np.int64(12), np.int64(0), np.int64(3), np.int64(12), np.int64(8), np.int64(2), np.int64(2), np.int64(8), np.int64(13), np.int64(6)]","[np.int64(13), np.int64(12), np.int64(2), np.int64(5), np.int64(1), np.int64(5), np.int64(0), np.int64(6), np.int64(10), np.int64(7), np.int64(8), np.int64(15), np.int64(6), np.int64(2), np.int64(3), np.int64(12)]",False,False,0.0,0.0,[ 8  3 11 15  6  4 15 15 15  6 15  8  2  9  5 15],[ 8  3 11 15 13  4 15 15 15  6 15  8  2  7  5 15],False,False,0.34375,0.4375,[ 8  3 11 13 13  4 15 15 15 13 15  8  2  9  5 15],[ 8  3 11 13 13  4 15 15 15 13 15  8  2  4  5 15],False,False,0.203125,0.265625,0.04,0.0,0.0,1,0,0,0.04,0.0,0.0,1,0,0,1.0,0.0,0.0,25,0,0,1.0,0.0,0.0,25,0,0,0.76,0.10526315789473684,0.12,19,2,3,0.64,0.1875,0.24,16,3,6,0.36,0.0,0.0,9,0,0,0.24,0.0,0.0,6,0,0
"[0.500999   0.         0.         0.         0.70781353 0.
 0.70781353 0.         1.00049988 0.         0.         0.
 0.         0.         0.500999   0.         0.         0.
 0.         0.500999   0.         0.         0.         0.
 0.         0.         0.         0.70781353 1.00049988 0.
 0.70781353 0.         0.         0.         0.         0.
 0.         0.         0.         1.00049988 0.         0.
 0.70781353 0.70781353 0.70781353 0.         0.70781353 0.70781353
 0.         0.500999   0.         1.00049988 0.         0.
 1.00049988 0.         0.500999   0.         0.         0.
 1.00049988 0.70781353 0.70781353 0.         0.70781353 0.
 0.         0.         0.         0.         0.         0.
 0.500999   0.         0.         0.         0.500999   0.
 0.         0.         0.         0.         0.         0.
 0.         0.         0.         0.         0.70781353 0.
 0.         0.         0.         0.         0.         0.
 0.70781353 0.         0.         1.00049988 0.         0.
 0.500999   0.70781353 0.         0.         0.         0.
 0.         0.         0.         0.         0.         0.
 1.00049988 0.         0.         0.         0.70781353 0.
 0.         0.         0.         0.70781353 0.         0.
 0.         0.         1.00049988 0.         0.         0.500999
 0.500999   0.70781353 0.         0.         1.00049988 0.
 0.         0.         0.         0.500999   0.         0.
 0.         0.         0.         0.         0.         0.
 0.         0.         0.         0.         0.         0.70781353
 0.70781353 0.         0.         0.         0.         0.
 0.70781353 0.         0.         0.         0.         0.
 0.         0.         0.500999   0.         0.         0.
 0.         0.70781353 0.         0.70781353 0.70781353 0.
 0.         0.         0.         0.70781353 0.         0.70781353
 0.         0.500999   0.         0.70781353 0.         0.
 0.         1.00049988 0.70781353 1.00049988 0.500999   0.
 0.         0.         0.         0.70781353 0.         0.
 1.00049988 0.70781353 0.         0.         0.         0.
 0.         0.70781353 0.         0.         0.         0.
 0.500999   0.         0.         0.70781353 0.70781353 0.
 1.00049988 0.         0.500999   0.70781353 0.70781353 0.70781353
 0.         0.         0.         0.         0.         0.
 0.         0.         0.         1.00049988 0.         0.
 0.         0.         0.70781353 0.         0.         0.
 0.         0.         0.         0.         0.70781353 0.
 0.         0.         0.         0.        ]",[14  3 14 14  8  8  0  6  4 12  2  2  4  8 14  2],[14  3 14  8  8  8  0  6  3 12  2  1  4  8 14  2],False,False,0.40625,0.609375,"[np.int64(12), np.int64(7), np.int64(13), np.int64(6), np.int64(7), np.int64(3), np.int64(14), np.int64(14), np.int64(6), np.int64(7), np.int64(1), np.int64(13), np.int64(8), np.int64(1), np.int64(9), np.int64(13)]","[np.int64(8), np.int64(10), np.int64(0), np.int64(0), np.int64(8), np.int64(5), np.int64(2), np.int64(12), np.int64(1), np.int64(12), np.int64(5), np.int64(13), np.int64(9), np.int64(1), np.int64(14), np.int64(9)]",False,False,0.0,0.0,[14 14 14 14  8  8  0 11  3 12  2  2  2  8 14  2],[14 14 14  1  8  8  0 11  3 11  2  2  4  8 14  2],False,True,0.34375,0.4375,[14  3 14  8  8  8  0  6  4 12  2  1  4  8 14  2],[14  3 14  8  8  8  0 11  4 12  2  1  4  8 14  2],False,False,0.203125,0.265625,0.04,0.0,0.0,1,0,0,0.04,0.0,0.0,1,0,0,1.0,0.0,0.0,25,0,0,1.0,0.0,0.0,25,0,0,1.0,0.08,0.08,25,2,2,0.92,0.08695652173913043,0.12,23,2,3,0.92,0.0,0.0,23,0,0,0.84,0.047619047619047616,0.04,21,1,1
"[0.500999   0.         0.         0.         0.         0.
 0.         1.00049988 0.         0.         0.         0.70781353
 0.         0.         0.         0.         0.         1.00049988
 0.70781353 0.70781353 0.500999   0.         0.         0.
 0.         0.70781353 0.         0.         0.         0.
 0.         0.         0.         0.70781353 1.00049988 1.00049988
 0.         0.500999   0.         0.         0.         0.70781353
 0.500999   0.         0.         0.         0.         0.
 0.         0.70781353 1.00049988 0.500999   0.         0.
 0.         0.         0.         0.         0.         0.
 0.         0.         0.         1.00049988 0.         0.500999
 0.         0.         0.         0.         0.         0.
 0.         0.         0.         0.         0.         0.
 0.         0.         0.         0.         0.500999   0.
 0.         0.         0.         0.         0.         0.70781353
 0.         0.         0.         0.500999   0.500999   0.
 0.         0.         0.         0.         0.         0.
 0.         0.         0.70781353 0.         0.         0.
 0.         0.         0.         0.         1.00049988 0.
 0.         0.         0.         0.         0.         0.
 0.         0.         0.         0.500999   0.         0.
 0.         0.500999   0.         0.         0.         0.
 0.         0.         0.70781353 0.         0.         0.
 0.         0.70781353 0.         0.         0.         0.
 0.         0.70781353 0.70781353 0.         0.         0.70781353
 0.         0.         0.         1.00049988 0.         0.
 0.         0.         0.         0.         0.         0.
 0.500999   0.         0.         0.         0.         0.
 0.         0.         0.         0.         0.         0.
 0.         0.         0.70781353 0.         0.         0.
 0.         0.         0.         0.500999   0.70781353 0.
 0.         1.00049988 0.70781353 0.         0.70781353 1.00049988
 0.         0.         0.         0.         0.         0.
 0.         0.         0.         0.         0.         0.70781353
 0.500999   0.         0.         0.         0.         0.
 0.         0.         0.         0.500999   0.         0.
 0.         0.         0.         0.         0.         0.500999
 0.         0.         0.         0.         0.         0.
 0.         0.500999   0.         0.         0.         0.
 0.         0.70781353 0.         0.         1.00049988 0.
 0.         0.         0.         1.00049988 0.         0.
 0.         0.500999   0.         0.         0.         1.00049988
 0.         0.         0.         1.00049988]",[11  2  5  1  1 14  8  7 11  5  2  7 11  5 11  7],[11  2  5  1  1 14  8  7 11  5  2  7 11  5 11  7],True,True,0.40625,0.609375,"[np.int64(11), np.int64(0), np.int64(2), np.int64(12), np.int64(12), np.int64(2), np.int64(0), np.int64(5), np.int64(3), np.int64(0), np.int64(10), np.int64(8), np.int64(6), np.int64(14), np.int64(11), np.int64(15)]","[np.int64(2), np.int64(9), np.int64(4), np.int64(8), np.int64(11), np.int64(14), np.int64(8), np.int64(13), np.int64(10), np.int64(10), np.int64(13), np.int64(12), np.int64(5), np.int64(6), np.int64(1), np.int64(1)]",False,False,0.0,0.0,[11  2  5  1  1 14  8  7 11  5  2  7 11  5 11  7],[11  2  5  1  1 14  8  7 11  5  2  7 11  5 11  7],True,True,0.34375,0.4375,[11  2  5  1  1 14  8  7 11  5  2  7 11  5 11  7],[11  2  5  1  1 14  8  7 11  5  2  7 11  5 11  7],True,True,0.203125,0.265625,0.04,1.0,1.0,1,1,25,0.04,1.0,1.0,1,1,25,1.0,0.0,0.0,25,0,0,1.0,0.0,0.0,25,0,0,0.12,0.6666666666666666,0.84,3,2,21,0.04,1.0,1.0,1,1,25,0.12,0.6666666666666666,0.92,3,2,23,0.04,1.0,1.0,1,1,25
"[1.00049988 1.00049988 0.500999   0.         0.         0.
 0.         0.         0.70781353 0.         0.         0.
 0.70781353 0.         0.         0.         1.00049988 0.
 0.         0.         0.         1.00049988 0.         0.70781353
 0.         0.         0.         0.         0.         0.70781353
 0.         1.00049988 0.500999   0.         0.         0.
 0.         0.         0.         0.70781353 0.         0.
 0.         0.         0.         0.         0.         0.
 0.         0.         0.         0.500999   0.         0.
 0.         1.00049988 0.         0.         0.500999   1.00049988
 0.70781353 0.         0.         0.         0.         0.
 0.         0.         1.00049988 0.         0.70781353 0.
 0.500999   0.70781353 0.500999   1.00049988 0.70781353 0.
 0.         0.         0.         1.00049988 0.         0.
 0.         1.00049988 0.70781353 0.70781353 0.         0.
 0.         0.         0.         0.         0.500999   0.
 0.         0.         0.         0.         0.70781353 0.70781353
 0.         0.70781353 0.         1.00049988 0.         0.
 1.00049988 0.         0.         0.         0.         0.70781353
 0.70781353 1.00049988 0.         0.70781353 0.70781353 0.
 0.         0.70781353 0.500999   0.         0.500999   0.
 0.         1.00049988 0.70781353 0.         0.         0.
 0.500999   0.         0.         0.         1.00049988 0.70781353
 0.70781353 0.         0.         0.         0.70781353 0.
 0.         0.         0.         0.         0.70781353 0.
 1.00049988 0.70781353 0.70781353 1.00049988 0.         0.
 0.         0.         0.         0.70781353 0.         0.
 0.         0.500999   0.500999   0.         0.         0.500999
 0.70781353 0.         0.         0.         0.         0.
 0.         0.         0.         0.         0.         1.00049988
 1.00049988 0.         0.         0.         0.         0.
 0.         0.         0.         0.         0.70781353 0.
 0.70781353 0.         0.         0.70781353 0.70781353 0.
 1.00049988 0.500999   0.         0.         0.         0.
 0.         0.         0.         0.         0.         0.70781353
 0.         0.         0.         0.         0.         0.
 0.         0.         0.         0.         0.         1.00049988
 0.         0.         0.         0.         0.         0.
 0.         0.500999   0.         0.         0.70781353 0.
 0.         0.70781353 0.         0.         0.         0.
 0.         1.00049988 0.         0.         0.         0.
 0.         1.00049988 0.         0.70781353 0.         0.
 0.         0.         0.         0.500999  ]",[ 2  7  0 10  8 14  4 10  8  8  4 14  7  1  5  9],[ 8  7  0 10  8  7  4 10  8  8  4 14  7  1  5  9],False,True,0.40625,0.609375,"[np.int64(9), np.int64(13), np.int64(12), np.int64(12), np.int64(15), np.int64(1), np.int64(0), np.int64(6), np.int64(13), np.int64(15), np.int64(13), np.int64(6), np.int64(2), np.int64(8), np.int64(13), np.int64(15)]","[np.int64(1), np.int64(13), np.int64(6), np.int64(4), np.int64(10), np.int64(4), np.int64(4), np.int64(9), np.int64(14), np.int64(14), np.int64(8), np.int64(9), np.int64(11), np.int64(10), np.int64(0), np.int64(7)]",False,False,0.0,0.0,[ 8  7  7 10  8  7  4 10  8  8  4 14  7  1  8  9],[ 8  7  0 10  8 14  4 10  8  8  4 14  7  1  8  9],False,True,0.34375,0.4375,[ 2  7  7 10  8 14  4 10  8  8  4 14  7  1  5  9],[ 2  7  0 10  8 14  4 10  8  8  4 14  7  1  5  9],False,False,0.203125,0.265625,0.04,0.0,0.0,1,0,0,0.04,1.0,1.0,1,1,25,1.0,0.0,0.0,25,0,0,1.0,0.0,0.0,25,0,0,0.24,0.3333333333333333,0.64,6,2,16,0.28,0.42857142857142855,0.52,7,3,13,0.24,0.16666666666666666,0.04,6,1,1,0.2,0.2,0.04,5,1,1
"[0.         0.         1.00049988 0.         0.         0.
 0.         0.500999   0.         0.         0.         0.500999
 0.         0.         0.         1.00049988 0.         0.500999
 0.70781353 0.         0.         0.         0.         0.
 0.         0.         0.         0.         0.         0.
 0.         0.         1.00049988 0.70781353 0.500999   0.
 0.         0.         0.         0.         0.70781353 1.00049988
 0.500999   0.         0.         0.         0.         0.
 0.         0.         0.         0.         0.         0.
 0.         0.         0.         0.         0.         1.00049988
 0.         0.         0.         0.         0.         0.
 0.         0.         0.         0.         1.00049988 0.
 1.00049988 0.70781353 0.         0.500999   0.         0.70781353
 0.         1.00049988 0.         0.         0.         0.
 0.         1.00049988 0.         0.         1.00049988 0.
 0.         0.         0.         0.         0.70781353 0.
 0.         0.         0.         0.         1.00049988 0.
 1.00049988 0.         0.         0.         0.         1.00049988
 0.         0.         0.         0.70781353 0.500999   0.
 0.         0.         0.         0.         0.         0.
 0.         0.500999   0.         1.00049988 0.         0.
 0.         0.70781353 0.         0.         0.70781353 0.
 1.00049988 1.00049988 0.         0.         0.500999   0.
 0.70781353 0.         0.         0.         0.500999   0.
 0.         0.         1.00049988 0.         0.70781353 0.
 0.         0.500999   0.         0.         0.         0.
 0.         0.         0.70781353 1.00049988 0.         0.
 0.500999   0.         0.         0.         0.         0.
 0.70781353 0.         1.00049988 0.500999   0.         0.70781353
 0.         0.         0.500999   0.         0.         1.00049988
 0.500999   0.         1.00049988 1.00049988 0.         0.
 0.500999   0.         1.00049988 0.         0.         0.
 0.         0.         0.         0.         0.         0.
 0.         0.         0.         0.         0.         1.00049988
 0.         0.         0.         0.500999   0.         0.
 0.         0.         0.70781353 0.         0.         0.
 0.         0.         0.70781353 0.         0.         0.500999
 0.         0.         0.         0.         0.         0.
 0.         0.70781353 0.         0.         0.500999   0.70781353
 0.         0.         0.         0.         0.         0.
 1.00049988 0.         0.         0.         1.00049988 0.
 0.70781353 0.70781353 0.         1.00049988 0.         0.
 0.500999   0.         0.         0.500999  ]",[11  2 10 11 11 14 15  0 14 14  8 10 15 10 14  7],[ 7  2 10 11 11 14 15  0 14  7 11  0 15 10 14  7],False,False,0.40625,0.609375,"[np.int64(4), np.int64(9), np.int64(9), np.int64(14), np.int64(14), np.int64(8), np.int64(2), np.int64(6), np.int64(3), np.int64(6), np.int64(5), np.int64(6), np.int64(7), np.int64(3), np.int64(15), np.int64(6)]","[np.int64(15), np.int64(9), np.int64(9), np.int64(12), np.int64(5), np.int64(15), np.int64(10), np.int64(9), np.int64(5), np.int64(12), np.int64(14), np.int64(13), np.int64(3), np.int64(2), np.int64(15), np.int64(4)]",False,False,0.0,0.0,[ 7  2  8 11 11 14 15  9 14 14  8 10 15 10 14  7],[ 7  2 10 11 11 14 15  9 14 14  8 10 15 10 14  7],False,False,0.34375,0.4375,[11  2 10 11 11 14 15  9 14  7  2 10 15 10 14  7],[ 7  2 10 11 11 14 15  9 14 14 11  0 15 10 14  7],False,True,0.203125,0.265625,0.04,0.0,0.0,1,0,0,0.04,0.0,0.0,1,0,0,1.0,0.0,0.0,25,0,0,1.0,0.0,0.0,25,0,0,0.52,0.0,0.0,13,0,0,0.48,0.0,0.0,12,0,0,0.88,0.0,0.0,22,0,0,0.72,0.0,0.0,18,0,0
"[0.500999   1.00049988 1.00049988 0.         0.         0.
 0.         0.         0.         0.70781353 0.         0.
 0.         0.         0.         0.         1.00049988 0.
 0.         0.         0.         0.         0.         0.
 0.         0.         1.00049988 0.         0.         0.
 0.70781353 0.         1.00049988 0.         0.500999   0.
 0.         0.         0.         0.         0.70781353 0.
 0.         0.         0.         0.         0.         1.00049988
 0.         0.         0.         0.500999   0.70781353 0.70781353
 0.         0.         0.         0.         0.         0.
 0.500999   0.         0.         0.70781353 0.         0.
 0.         0.70781353 0.         0.         0.         0.70781353
 0.         0.         0.         0.         0.         0.
 0.         0.         0.         0.         0.         0.70781353
 0.         1.00049988 0.         0.         0.70781353 0.
 0.         0.         0.         0.         0.         0.
 0.         0.         0.         0.         0.         0.
 0.500999   0.         0.         0.         0.         0.
 0.70781353 0.         0.70781353 0.         0.         0.
 0.         0.         0.70781353 0.         0.         0.500999
 1.00049988 0.         0.         0.         0.         0.70781353
 0.         0.         0.         0.         0.70781353 0.
 0.         0.70781353 0.         1.00049988 0.         1.00049988
 0.         0.500999   0.         0.         0.         0.
 0.70781353 0.         0.         0.         0.         0.
 0.         0.         1.00049988 0.500999   0.         0.
 0.         0.         0.         0.         0.         1.00049988
 0.         0.         0.         0.         0.         0.
 0.         0.         0.         1.00049988 1.00049988 0.70781353
 0.         0.         0.         0.         0.         0.
 0.         0.         0.         0.         0.500999   0.
 1.00049988 0.500999   0.         0.         0.         0.
 0.         0.         0.         0.500999   0.         0.
 0.70781353 0.         0.         0.         1.00049988 0.
 0.         0.         0.         0.500999   0.         0.
 0.         0.         0.         0.         0.         0.70781353
 0.         0.         0.70781353 0.         0.         0.500999
 1.00049988 0.         0.         0.70781353 0.         0.
 0.         0.         0.70781353 0.         0.         0.
 0.         0.         0.         1.00049988 0.         0.
 0.         0.         1.00049988 0.70781353 0.         0.
 0.         0.         0.         0.         0.         0.
 0.500999   0.         0.         0.        ]",[ 2 14  2  5  3  8 12  4  2  0 11  8  3  7  6 12],[ 2 14  2  5  3  8 12  4  2  0 13  8  3  7  6 12],False,True,0.40625,0.609375,"[np.int64(14), np.int64(12), np.int64(15), np.int64(4), np.int64(10), np.int64(3), np.int64(10), np.int64(14), np.int64(0), np.int64(14), np.int64(0), np.int64(9), np.int64(15), np.int64(14), np.int64(4), np.int64(14)]","[np.int64(4), np.int64(6), np.int64(13), np.int64(6), np.int64(13), np.int64(8), np.int64(7), np.int64(7), np.int64(0), np.int64(15), np.int64(14), np.int64(1), np.int64(10), np.int64(1), np.int64(13), np.int64(9)]",False,False,0.0,0.0,[ 2 14  2  5  3  8 12  4  2  0 11  8  3 10  6 12],[ 2 14  2  5  3  8 12  4  2  0 13  8  3  7  6 12],False,True,0.34375,0.4375,[ 9 14  2  5  3  8 12  4  2  0 11  8  3  7  6 12],[ 9 14  2  5  3  8 12  4  2  0 13  8  3  7  6 12],False,False,0.203125,0.265625,0.04,0.0,0.0,1,0,0,0.04,1.0,1.0,1,1,25,1.0,0.0,0.0,25,0,0,1.0,0.0,0.0,25,0,0,0.4,0.0,0.0,10,0,0,0.08,0.5,0.8,2,1,20,0.24,0.0,0.0,6,0,0,0.08,0.5,0.36,2,1,9
"[0.         0.         0.         0.         0.         0.70781353
 0.         1.00049988 0.         0.         0.         0.70781353
 0.         0.         0.         0.         0.         1.00049988
 0.         0.         0.         0.500999   0.         0.
 0.         0.         0.         0.         0.         0.
 0.         0.         0.         0.         0.         0.
 0.         0.         0.         0.         0.         0.
 0.         0.         0.70781353 0.         0.         0.
 0.         0.         0.         0.         0.         0.
 0.         0.         0.         0.         0.         0.
 0.         0.500999   0.         0.70781353 0.         0.
 0.         0.         0.         0.         0.         0.
 0.         0.         0.         0.         0.         0.
 0.         0.         0.70781353 0.500999   0.         0.
 0.         0.         0.         0.         0.         0.70781353
 0.         0.         0.         0.         0.         0.
 0.         0.         0.         0.         0.         0.
 0.500999   0.         0.         0.         0.         0.
 1.00049988 0.70781353 1.00049988 0.         1.00049988 0.
 0.         0.         0.         0.         0.         0.
 0.         1.00049988 0.         0.         0.         0.
 0.         1.00049988 0.         0.         0.         0.
 0.         0.         0.         0.         0.500999   0.
 0.         0.70781353 0.         0.         0.         0.
 0.         0.         0.         0.         0.         0.70781353
 0.         1.00049988 0.         0.         0.         0.
 0.         0.         0.         1.00049988 0.         0.
 0.         0.         0.         0.         0.         0.
 0.         0.         1.00049988 0.         0.         0.
 0.         0.500999   0.70781353 0.         0.         0.
 0.         0.         0.         0.         0.70781353 0.
 0.         0.         0.         0.         0.500999   0.
 0.         0.         0.70781353 0.         0.         0.
 1.00049988 0.         0.         0.         0.         0.
 1.00049988 0.70781353 0.         0.70781353 0.         0.
 0.         0.500999   0.         0.         0.70781353 0.
 0.         0.         0.         0.         0.70781353 0.
 0.         0.         0.         0.         0.         0.
 0.         0.         1.00049988 0.         0.         0.
 0.         0.500999   0.         0.         0.         0.70781353
 0.         0.         0.         0.70781353 0.         0.
 0.         1.00049988 0.         1.00049988 0.500999   0.
 0.70781353 0.         0.70781353 1.00049988]",[11  5 12 15  4  0 13 15  8  5 15  8 15  3 11 14],[11  5 12 15  4  0 13 15  8  5 15  8 15  3 11 14],True,True,0.40625,0.609375,"[np.int64(4), np.int64(3), np.int64(2), np.int64(4), np.int64(1), np.int64(15), np.int64(11), np.int64(8), np.int64(9), np.int64(3), np.int64(13), np.int64(6), np.int64(1), np.int64(0), np.int64(9), np.int64(8)]","[np.int64(9), np.int64(11), np.int64(11), np.int64(2), np.int64(8), np.int64(10), np.int64(13), np.int64(5), np.int64(8), np.int64(3), np.int64(8), np.int64(15), np.int64(10), np.int64(15), np.int64(5), np.int64(8)]",False,False,0.0,0.0,[11  5 12 15  4  0 13  0  8  5 15  8 15 12 11 14],[11  5 12 15  4  0 13 15  8  5 15  8 15  3 11 14],False,True,0.34375,0.4375,[11  5 12 15  4  0 13 15  8  5 15  8 15  3 11 14],[11  5 12 13  4  0 13 15  8  5 15  8 15  3 11 14],True,False,0.203125,0.265625,0.04,1.0,1.0,1,1,25,0.04,1.0,1.0,1,1,25,1.0,0.0,0.0,25,0,0,1.0,0.0,0.0,25,0,0,0.24,0.6666666666666666,0.76,6,4,19,0.16,0.5,0.8,4,2,20,0.4,0.4,0.32,10,4,8,0.16,0.5,0.48,4,2,12
"[0.         0.         0.         0.         0.500999   0.70781353
 0.         0.         1.00049988 0.         0.         0.
 0.70781353 0.         0.         0.         0.         0.500999
 0.         0.500999   0.         0.         1.00049988 0.500999
 0.70781353 0.         1.00049988 0.         1.00049988 0.
 0.         0.         0.         0.         0.         0.
 0.70781353 0.         0.         0.70781353 0.         0.500999
 0.         0.         0.         0.         0.         0.70781353
 0.         0.500999   0.         0.         0.70781353 0.
 0.         0.         0.         0.         0.         0.
 0.         1.00049988 0.70781353 0.         0.500999   0.
 0.70781353 0.70781353 0.         0.         1.00049988 0.
 0.         0.70781353 0.         0.         0.         0.
 0.         0.         0.70781353 0.         0.         0.
 0.         0.         0.         0.         0.         0.70781353
 0.         0.         0.70781353 0.         0.70781353 0.
 0.         1.00049988 0.         0.         1.00049988 0.
 0.         0.         1.00049988 0.500999   1.00049988 0.
 0.70781353 0.500999   0.         0.         0.         0.500999
 0.70781353 0.         0.         0.         0.         0.500999
 0.         0.         0.         0.         0.         0.
 1.00049988 0.         1.00049988 0.70781353 0.         0.
 0.         0.         1.00049988 0.         0.500999   0.
 0.         0.         1.00049988 0.         0.         0.
 0.         0.         0.500999   0.         0.70781353 0.70781353
 0.500999   0.         0.         0.         0.         0.
 0.         0.         0.         0.70781353 0.         1.00049988
 0.         0.         0.         0.         1.00049988 0.
 0.         0.         0.         0.         1.00049988 0.
 0.         0.         0.         0.         0.         0.
 0.         0.         0.         0.         0.         0.
 0.         0.         0.500999   0.         0.         0.
 0.70781353 1.00049988 0.         0.         0.         0.70781353
 0.70781353 0.         1.00049988 0.         1.00049988 0.500999
 0.         0.         0.70781353 0.         0.         0.
 0.         1.00049988 0.         0.         0.500999   0.
 0.         0.         0.         0.         0.         0.
 0.         0.         0.         0.         0.         0.70781353
 0.         0.70781353 0.         1.00049988 0.         0.
 0.         0.         0.70781353 0.         0.500999   0.70781353
 0.         0.         0.70781353 0.         0.         0.
 0.         0.         0.         0.70781353 0.         0.
 0.         0.         0.70781353 1.00049988]",[ 4  3  9 14  0  9  9  1  1  2  6 12  6  6 15 15],[ 4  3  9  1  0  9  9  1  1  2  6 12  6  6 15 15],False,False,0.40625,0.609375,"[np.int64(4), np.int64(10), np.int64(7), np.int64(9), np.int64(4), np.int64(5), np.int64(8), np.int64(9), np.int64(4), np.int64(3), np.int64(14), np.int64(7), np.int64(6), np.int64(1), np.int64(15), np.int64(0)]","[np.int64(7), np.int64(5), np.int64(10), np.int64(12), np.int64(14), np.int64(9), np.int64(14), np.int64(3), np.int64(14), np.int64(13), np.int64(11), np.int64(15), np.int64(7), np.int64(7), np.int64(11), np.int64(14)]",False,False,0.0,0.0,[ 4  3  9 14  9 14  9  2  1 15 12 12 14  6 15 15],[ 5  7 15 14  9 14  9  2  1  2  6 12 14  6 15 15],False,False,0.34375,0.4375,[12  7  9  1  0 14  9  2  1  2  6 12 14  6 15 15],[ 4  3  9 14  0  9  9  1  1  2  6 12 14  6 15 15],False,False,0.203125,0.265625,0.04,0.0,0.0,1,0,0,0.04,0.0,0.0,1,0,0,1.0,0.0,0.0,25,0,0,1.0,0.0,0.0,25,0,0,0.92,0.13043478260869565,0.12,23,3,3,1.0,0.12,0.12,25,3,3,0.84,0.0,0.0,21,0,0,0.88,0.0,0.0,22,0,0
"[1.00049988 0.         0.         0.         0.         0.
 0.500999   0.         0.500999   0.         0.         0.
 0.         0.         0.         0.         0.         0.
 0.         0.         0.         0.         0.         0.70781353
 0.70781353 0.         0.         0.         0.         0.
 0.         0.         0.         0.         0.         1.00049988
 0.         0.         0.         0.         0.70781353 0.70781353
 0.         0.         0.500999   1.00049988 0.         0.70781353
 0.         0.         1.00049988 0.         0.         0.
 1.00049988 0.         1.00049988 0.         0.         0.
 0.         1.00049988 0.         0.         0.         0.
 0.         0.         0.         0.         0.70781353 0.
 0.         0.         0.         0.         0.         0.500999
 0.         0.         0.         0.         0.         0.
 0.         0.         0.         0.         0.70781353 0.
 0.70781353 0.         0.         0.         0.         0.500999
 0.500999   0.         0.         1.00049988 0.70781353 0.
 0.500999   0.         0.         0.         0.70781353 0.500999
 0.         0.         0.500999   0.         0.         0.70781353
 0.         0.         0.         0.         0.         0.
 0.         0.70781353 0.70781353 0.         0.         0.
 0.         0.         0.500999   0.70781353 0.70781353 1.00049988
 0.         0.70781353 0.         0.         0.         0.
 0.         0.         0.         0.         0.         0.
 0.         0.         0.70781353 0.         0.         0.
 0.         0.70781353 0.         1.00049988 0.         0.
 0.         0.         0.         0.         0.         0.
 0.         0.         0.         0.70781353 0.70781353 0.70781353
 0.         0.         0.         0.         0.         0.
 0.         0.         0.         0.         0.         0.
 0.         0.         0.500999   0.         0.         0.
 0.         1.00049988 0.         0.70781353 0.500999   0.
 0.         0.         0.500999   0.         0.         0.
 0.         0.         0.         0.         0.         0.
 0.500999   0.         0.70781353 0.         0.         0.
 1.00049988 1.00049988 0.500999   0.         0.         0.
 0.         0.         0.         0.70781353 0.         0.
 0.500999   1.00049988 0.         0.         0.         0.
 0.         0.         0.500999   0.         0.         0.
 0.         0.500999   0.70781353 0.500999   0.500999   0.500999
 0.         0.         0.70781353 0.         0.         0.500999
 0.         0.         0.         0.         0.         0.
 0.         1.00049988 0.500999   0.        ]",[ 6  8 12  6 13  5 14 10  0  2  5 14  2 14 15  5],[ 6  8 12  6 13  5 14  1  0  2  5 14 14 14 15  5],False,True,0.40625,0.609375,"[np.int64(10), np.int64(6), np.int64(0), np.int64(10), np.int64(11), np.int64(7), np.int64(15), np.int64(15), np.int64(5), np.int64(3), np.int64(15), np.int64(14), np.int64(4), np.int64(0), np.int64(3), np.int64(9)]","[np.int64(11), np.int64(6), np.int64(9), np.int64(1), np.int64(4), np.int64(10), np.int64(5), np.int64(9), np.int64(12), np.int64(3), np.int64(0), np.int64(7), np.int64(5), np.int64(5), np.int64(11), np.int64(5)]",False,False,0.0,0.0,[ 6  8 15  6 13  5 14 10  0  2  5 14 14 14 15  5],[ 6  8 15  6 13  5 14 10  0  7  5 14 14 14 15  5],False,False,0.34375,0.4375,[ 6  8 12  6 13  5 14  1  0  2  5 14  2 14 15  5],[ 6  8 12  6 13  5 14 10  0  2  5 14 14 14 15  5],False,True,0.203125,0.265625,0.04,0.0,0.0,1,0,0,0.04,1.0,1.0,1,1,25,1.0,0.0,0.0,25,0,0,1.0,0.0,0.0,25,0,0,0.48,0.5833333333333334,0.52,12,7,13,0.44,0.45454545454545453,0.4,11,5,10,0.6,0.4666666666666667,0.32,15,7,8,0.52,0.38461538461538464,0.24,13,5,6
"[0.500999   0.70781353 0.         0.         0.500999   0.70781353
 0.         0.         0.         0.         0.         0.
 0.70781353 0.         0.70781353 0.         0.70781353 1.00049988
 0.         0.         0.         0.         0.         0.
 0.         0.         0.         0.         0.         0.
 1.00049988 0.500999   0.         0.         0.         0.
 0.         0.         0.         0.         0.         0.
 0.         0.         0.70781353 0.         0.         0.
 0.         0.         0.         0.         0.         0.
 0.         0.         0.70781353 0.         0.70781353 0.
 0.         0.         0.         0.         0.500999   0.
 0.         0.         0.         0.70781353 0.         1.00049988
 0.         0.         0.500999   0.70781353 0.         0.
 0.         0.70781353 0.70781353 0.         0.         0.
 0.70781353 0.         0.         0.         0.         0.500999
 1.00049988 0.         0.         0.         0.500999   1.00049988
 0.         0.         0.         0.         0.         0.
 1.00049988 0.70781353 0.         0.         0.         0.70781353
 0.         0.         0.         0.         0.         0.
 0.         0.         1.00049988 0.         0.70781353 0.
 0.         0.         0.70781353 0.         0.         0.
 0.         0.         0.         0.         0.         0.70781353
 0.         0.         0.         0.         0.         0.
 0.         0.         0.         0.         1.00049988 0.
 0.         0.         0.         0.         0.         0.500999
 0.         0.         0.         0.500999   0.         0.
 0.         0.         0.         0.         0.         0.
 0.         0.70781353 0.500999   1.00049988 0.         0.70781353
 0.         0.         0.         0.70781353 0.500999   1.00049988
 0.         0.500999   0.         0.         0.         0.
 0.70781353 0.         0.70781353 0.         0.         0.
 0.70781353 0.         0.         0.         0.         0.
 0.70781353 0.         0.70781353 0.         0.         0.
 0.         0.         0.         0.         0.500999   0.
 1.00049988 0.         0.         0.         0.         0.
 0.         0.         0.         0.         0.         0.
 0.         0.         1.00049988 0.         0.         0.
 0.         0.         0.70781353 1.00049988 0.         0.
 0.         0.500999   0.         0.         1.00049988 0.
 0.         0.         0.         0.         0.500999   0.
 0.         0.500999   0.         0.         0.70781353 1.00049988
 0.         0.         0.         0.         0.500999   0.
 0.         0.         0.         0.        ]",[ 4 15 12 10 10 14 11 10  3  5 15 10 10 10  0 15],[ 4 15 12 10 10  4  7 10  3  5 15 10 10 10  5 15],True,True,0.40625,0.609375,"[np.int64(15), np.int64(11), np.int64(5), np.int64(6), np.int64(4), np.int64(0), np.int64(13), np.int64(12), np.int64(13), np.int64(0), np.int64(1), np.int64(11), np.int64(9), np.int64(9), np.int64(10), np.int64(13)]","[np.int64(3), np.int64(4), np.int64(10), np.int64(11), np.int64(15), np.int64(14), np.int64(14), np.int64(0), np.int64(15), np.int64(10), np.int64(6), np.int64(1), np.int64(3), np.int64(1), np.int64(2), np.int64(5)]",False,False,0.0,0.0,[ 4 15 12 10 10 14  7 10  3  5 15 10 10 10  0 15],[ 4 15 12 10 10  4 11 10  3  5 15 10 10 10  5 15],True,True,0.34375,0.4375,[ 4 15 12 10 10 14  7 10  3  5 15 10 10 10  5 15],[ 4 15 12 10 10 14 11 10  3  5 15 10 10 10  0 15],False,True,0.203125,0.265625,0.04,1.0,1.0,1,1,25,0.04,1.0,1.0,1,1,25,1.0,0.0,0.0,25,0,0,1.0,0.0,0.0,25,0,0,0.28,0.5714285714285714,0.52,7,4,13,0.2,0.6,0.64,5,3,16,0.16,0.5,0.28,4,2,7,0.2,0.6,0.36,5,3,9
"[0.         0.         0.         1.00049988 0.         0.500999
 0.         0.         0.         0.70781353 0.         0.
 1.00049988 0.         0.70781353 0.500999   0.         1.00049988
 0.         0.         0.         0.70781353 0.         1.00049988
 0.         0.         0.         0.         0.70781353 0.
 0.         0.         0.         0.         0.500999   0.
 1.00049988 0.         0.500999   0.         0.         0.
 0.         0.         0.         0.         0.         0.
 1.00049988 0.         0.         1.00049988 0.         1.00049988
 0.500999   0.         0.         0.500999   0.         0.
 0.         0.500999   0.70781353 0.         0.         0.
 1.00049988 0.         0.         0.         0.         0.
 1.00049988 0.         0.         0.         0.         0.70781353
 0.         0.         0.500999   0.70781353 0.         1.00049988
 0.         0.         0.         0.         0.         1.00049988
 0.70781353 0.         0.         0.         0.         0.
 0.         0.         0.500999   0.500999   0.         0.
 0.         1.00049988 0.         0.         0.         0.
 0.70781353 0.         0.70781353 0.         0.         1.00049988
 0.         0.         0.         0.         1.00049988 0.500999
 0.         0.         0.         0.         0.         0.
 0.         0.         0.         0.         0.         0.
 1.00049988 0.         0.         0.         0.         0.70781353
 0.500999   0.         0.         0.500999   0.         0.
 0.70781353 0.         0.         0.500999   0.         1.00049988
 0.         0.         0.70781353 1.00049988 0.         1.00049988
 0.         0.         0.         0.         0.         0.
 0.         0.         0.         0.70781353 0.         0.
 0.500999   0.         0.500999   0.         0.         0.
 0.         0.70781353 0.         0.         0.         0.
 0.         0.         0.         0.         0.         1.00049988
 0.         0.         0.70781353 0.         0.         0.
 1.00049988 0.70781353 0.         0.         0.         0.
 0.70781353 0.         0.         0.         0.         0.70781353
 1.00049988 0.         0.         0.70781353 0.         0.
 0.         0.500999   0.70781353 0.         0.         0.
 0.500999   0.         0.         0.         0.         0.
 0.         0.         0.70781353 0.         0.         0.70781353
 0.         0.         0.70781353 0.         0.         0.
 0.         0.         0.         0.         0.500999   0.
 0.500999   0.         0.         0.         0.         0.
 0.         0.         0.         0.         0.70781353 0.
 0.70781353 0.         0.         0.        ]",[15  5  6 13 13  0  3  6 13  3  8 12 15  8  0 15],[15  5  6 13 13  0  3  6 13  3  8 12 15  3  0 15],False,False,0.40625,0.609375,"[np.int64(7), np.int64(3), np.int64(1), np.int64(2), np.int64(10), np.int64(12), np.int64(11), np.int64(0), np.int64(15), np.int64(10), np.int64(11), np.int64(5), np.int64(8), np.int64(6), np.int64(0), np.int64(3)]","[np.int64(0), np.int64(9), np.int64(4), np.int64(0), np.int64(12), np.int64(13), np.int64(14), np.int64(11), np.int64(7), np.int64(0), np.int64(9), np.int64(9), np.int64(4), np.int64(7), np.int64(3), np.int64(14)]",False,False,0.0,0.0,[15  5  6  9 13  0  3  1 13  0 15 12 15  3  0 15],[15  5  6  6 13  0 12  6 10  0 15 12 15  8  0 15],False,False,0.34375,0.4375,[15  5  6 13 13  0  3  6 10  3  8 12 15  3  0 15],[15  5  6  9 13  0  3  6 13  3  8 12 15  3  0 15],False,False,0.203125,0.265625,0.04,0.0,0.0,1,0,0,0.04,0.0,0.0,1,0,0,1.0,0.0,0.0,25,0,0,1.0,0.0,0.0,25,0,0,0.84,0.09523809523809523,0.08,21,2,2,0.8,0.0,0.0,20,0,0,0.72,0.0,0.0,18,0,0,0.72,0.0,0.0,18,0,0
"[0.         0.70781353 0.         0.         0.         0.70781353
 0.         0.         0.         0.         0.500999   0.
 0.         0.70781353 0.         1.00049988 0.70781353 0.
 0.         0.         0.         0.         0.70781353 0.
 0.         0.70781353 0.         0.         0.         0.
 0.70781353 0.         0.         0.         0.         0.
 0.         0.         0.         0.         1.00049988 0.
 0.70781353 0.         0.         0.         0.         0.
 0.         0.         0.         0.500999   0.         0.
 0.         0.         0.         0.         0.         0.500999
 0.         0.70781353 0.         0.500999   0.         0.
 0.         0.         1.00049988 0.         0.         0.
 1.00049988 0.500999   0.         0.         0.         0.
 0.         0.         0.70781353 0.         0.         0.
 0.         0.         0.         0.70781353 0.         0.70781353
 0.         0.         0.70781353 0.70781353 0.         0.
 0.         0.70781353 0.         0.         0.         0.
 0.         0.         0.         0.         0.         0.
 1.00049988 0.         0.         0.70781353 0.         0.
 0.         0.         0.         0.70781353 0.         1.00049988
 0.         0.         0.         0.         0.         0.500999
 0.         0.         0.         0.         1.00049988 0.
 1.00049988 0.         0.         0.         0.         0.
 0.         0.         0.         0.         0.         0.
 0.         0.70781353 0.         0.         0.500999   0.70781353
 0.         0.         0.         1.00049988 0.         0.500999
 0.         0.         1.00049988 0.         0.500999   0.
 0.70781353 0.         0.         0.         0.         0.
 0.         0.         0.         0.         0.500999   1.00049988
 1.00049988 0.500999   0.         0.         0.         0.500999
 0.         0.         0.         0.         0.         0.500999
 0.         0.         0.70781353 0.         0.         1.00049988
 0.         0.         0.         0.         0.         0.70781353
 1.00049988 0.         0.         0.         0.500999   0.70781353
 0.         0.70781353 0.         0.         0.70781353 0.
 0.         0.70781353 0.         0.70781353 0.         0.500999
 0.         0.         1.00049988 0.         0.70781353 0.
 0.         0.         0.         0.70781353 0.         0.
 0.         0.         0.         0.         0.         1.00049988
 1.00049988 0.         0.         0.         1.00049988 0.
 1.00049988 0.         0.         0.500999   0.         0.
 0.70781353 0.         0.         0.         0.500999   1.00049988
 0.         0.         0.         0.500999  ]",[ 0  0 10 15  9  0 15 13  4 11  0  3 10  0  1 10],[ 0  0 10 15  9  0 15 13  4 11  0  3 10  0  1 10],True,True,0.40625,0.609375,"[np.int64(13), np.int64(9), np.int64(8), np.int64(5), np.int64(6), np.int64(7), np.int64(3), np.int64(6), np.int64(3), np.int64(11), np.int64(8), np.int64(3), np.int64(12), np.int64(1), np.int64(8), np.int64(5)]","[np.int64(11), np.int64(0), np.int64(13), np.int64(8), np.int64(6), np.int64(11), np.int64(15), np.int64(14), np.int64(13), np.int64(15), np.int64(9), np.int64(0), np.int64(2), np.int64(2), np.int64(5), np.int64(15)]",False,False,0.0,0.0,[ 0  0 10 15  9  0 15 13  4 11  0  3 10  0  1 10],[ 0  0 10 15  9  0 15 13  4 11  0  3 10  0  1 10],True,True,0.34375,0.4375,[ 0  0 10 15  9  0 15 13  4 11  0  3 10  0  1 10],[ 0  0 10 15  9  0 15 13  4 11  0  3 10  7  1 10],True,False,0.203125,0.265625,0.04,1.0,1.0,1,1,25,0.04,1.0,1.0,1,1,25,1.0,0.0,0.0,25,0,0,1.0,0.0,0.0,25,0,0,0.16,0.5,0.64,4,2,16,0.12,0.6666666666666666,0.68,3,2,17,0.2,0.4,0.64,5,2,16,0.12,0.6666666666666666,0.28,3,2,7
"[0.500999   1.00049988 1.00049988 0.         0.         0.
 0.         0.         0.         0.70781353 0.         0.
 0.         0.         0.         0.         1.00049988 0.
 0.         0.         0.         0.         0.         0.
 0.         0.         1.00049988 0.         0.         0.
 0.70781353 0.         1.00049988 0.         0.500999   0.
 0.         0.         0.         0.         0.70781353 0.
 0.         0.         0.         0.         0.         1.00049988
 0.         0.         0.         0.500999   0.70781353 0.70781353
 0.         0.         0.         0.         0.         0.
 0.500999   0.         0.         0.70781353 0.         0.
 0.         0.70781353 0.         0.         0.         0.70781353
 0.         0.         0.         0.         0.         0.
 0.         0.         0.         0.         0.         0.70781353
 0.         1.00049988 0.         0.         0.70781353 0.
 0.         0.         0.         0.         0.         0.
 0.         0.         0.         0.         0.         0.
 0.500999   0.         0.         0.         0.         0.
 0.70781353 0.         0.70781353 0.         0.         0.
 0.         0.         0.70781353 0.         0.         0.500999
 1.00049988 0.         0.         0.         0.         0.70781353
 0.         0.         0.         0.         0.70781353 0.
 0.         0.70781353 0.         1.00049988 0.         1.00049988
 0.         0.500999   0.         0.         0.         0.
 0.70781353 0.         0.         0.         0.         0.
 0.         0.         1.00049988 0.500999   0.         0.
 0.         0.         0.         0.         0.         1.00049988
 0.         0.         0.         0.         0.         0.
 0.         0.         0.         1.00049988 1.00049988 0.70781353
 0.         0.         0.         0.         0.         0.
 0.         0.         0.         0.         0.500999   0.
 1.00049988 0.500999   0.         0.         0.         0.
 0.         0.         0.         0.500999   0.         0.
 0.70781353 0.         0.         0.         1.00049988 0.
 0.         0.         0.         0.500999   0.         0.
 0.         0.         0.         0.         0.         0.70781353
 0.         0.         0.70781353 0.         0.         0.500999
 1.00049988 0.         0.         0.70781353 0.         0.
 0.         0.         0.70781353 0.         0.         0.
 0.         0.         0.         1.00049988 0.         0.
 0.         0.         1.00049988 0.70781353 0.         0.
 0.         0.         0.         0.         0.         0.
 0.500999   0.         0.         0.        ]",[ 2 14  2  5  3  8 12  4  2  0 11  8  3  7  6 12],[ 2 14  2  5  3  8 12  4  2  0 13  8  3  7  6 12],False,True,0.40625,0.609375,"[np.int64(0), np.int64(15), np.int64(7), np.int64(11), np.int64(9), np.int64(11), np.int64(11), np.int64(5), np.int64(3), np.int64(4), np.int64(4), np.int64(3), np.int64(15), np.int64(1), np.int64(2), np.int64(15)]","[np.int64(8), np.int64(6), np.int64(9), np.int64(13), np.int64(15), np.int64(6), np.int64(14), np.int64(13), np.int64(14), np.int64(8), np.int64(12), np.int64(12), np.int64(13), np.int64(14), np.int64(1), np.int64(6)]",False,False,0.0,0.0,[ 2 14  2  5  3  8 12  4  2  0 11  8  3 10  6 12],[ 2 14  2  5  3  8 12  4  2  0 13  8  3  7  6 12],False,True,0.34375,0.4375,[ 9 14  2  5  3  8 12  4  2  0 11  8  3  7  6 12],[ 9 14  2  5  3  8 12  4  2  0 13  8  3  7  6 12],False,False,0.203125,0.265625,0.04,0.0,0.0,1,0,0,0.04,1.0,1.0,1,1,25,1.0,0.0,0.0,25,0,0,1.0,0.0,0.0,25,0,0,0.44,0.0,0.0,11,0,0,0.12,0.6666666666666666,0.72,3,2,18,0.32,0.125,0.16,8,1,4,0.08,0.5,0.36,2,1,9
"[0.         0.         0.         1.00049988 0.         0.
 0.         0.         0.         0.500999   0.         0.
 0.         0.         0.         0.         0.         0.
 0.         0.70781353 0.         0.         0.500999   0.
 0.         0.         0.         0.         0.         0.70781353
 0.         0.         0.         0.         0.         0.
 0.         0.70781353 0.         0.         0.         0.
 0.         0.         0.         0.         0.70781353 0.
 1.00049988 0.70781353 0.         1.00049988 0.         0.
 0.500999   0.         0.70781353 0.         0.70781353 0.500999
 0.70781353 0.         0.         1.00049988 0.         0.
 0.         0.         0.500999   0.500999   0.         0.
 0.500999   0.         0.70781353 0.         0.         0.
 0.         0.         0.         0.         0.70781353 0.
 0.500999   1.00049988 0.70781353 0.500999   0.         0.
 0.500999   0.70781353 1.00049988 0.500999   0.         0.
 0.         0.500999   0.         0.500999   0.         0.70781353
 1.00049988 0.         0.         0.         0.70781353 0.
 0.         0.70781353 0.70781353 0.         0.         0.
 0.         0.         0.         0.500999   0.         0.500999
 0.         0.         0.         0.         0.500999   0.
 0.         0.70781353 0.         0.         0.         0.70781353
 0.500999   0.         0.         0.         0.         0.
 0.70781353 0.         0.         0.         1.00049988 0.
 0.500999   0.         0.         0.         0.         0.
 0.         0.         0.         0.         0.         0.
 0.         0.         0.         0.         0.         0.
 0.         0.70781353 0.70781353 0.500999   0.70781353 0.
 0.70781353 0.         0.500999   0.70781353 0.         0.
 0.         0.         0.         0.         0.         0.500999
 0.         0.70781353 0.         0.         0.         0.
 0.70781353 0.         0.500999   1.00049988 0.500999   0.
 0.         0.         0.         0.70781353 0.         1.00049988
 0.         0.500999   0.         0.         0.         0.500999
 0.         0.500999   0.         0.         0.         0.70781353
 0.         0.         0.         0.500999   0.70781353 0.
 0.         0.         0.         1.00049988 0.500999   0.
 0.         0.         0.         0.         0.70781353 0.
 0.         0.         0.70781353 0.         1.00049988 0.
 0.         0.500999   0.         0.         0.500999   0.
 0.         0.         0.         1.00049988 0.         0.
 0.         0.70781353 0.         0.         0.         0.
 0.         0.         0.         0.500999  ]",[ 3  6  5 11  5  5  3  5  4  0  5 12  7  5 11  7],[ 3  6  5 11  5  5  3  5  4  0  5 12 13  5 11  7],True,True,0.40625,0.609375,"[np.int64(13), np.int64(15), np.int64(6), np.int64(13), np.int64(1), np.int64(10), np.int64(9), np.int64(4), np.int64(13), np.int64(5), np.int64(15), np.int64(5), np.int64(4), np.int64(8), np.int64(1), np.int64(9)]","[np.int64(12), np.int64(1), np.int64(14), np.int64(14), np.int64(2), np.int64(4), np.int64(15), np.int64(0), np.int64(10), np.int64(7), np.int64(3), np.int64(10), np.int64(0), np.int64(1), np.int64(10), np.int64(1)]",False,False,0.0,0.0,[ 3  6  5 11  5  5  3  5  4  0  5 12  7  5 11  7],[ 3  6  5 11  5  5  3  5  4  0  5 12  7  5 11  7],True,True,0.34375,0.4375,[ 3  6  5 11  5  5  3  5  4  0  5 12 13  5 11  7],[ 3  6  5 11  5  5  3  5  4  0  5 12 13  5 11  7],True,True,0.203125,0.265625,0.04,1.0,1.0,1,1,25,0.04,1.0,1.0,1,1,25,1.0,0.0,0.0,25,0,0,1.0,0.0,0.0,25,0,0,0.08,1.0,1.0,2,2,25,0.08,1.0,1.0,2,2,25,0.08,1.0,1.0,2,2,25,0.08,1.0,1.0,2,2,25
"[0.         0.70781353 0.         0.         0.         0.
 0.70781353 0.70781353 0.         0.         0.         0.
 0.         1.00049988 0.70781353 0.         0.70781353 1.00049988
 0.         0.         0.500999   0.         0.70781353 0.
 0.         0.         0.         0.         0.         0.
 0.         0.         0.         0.         0.         0.500999
 0.         0.         0.         0.70781353 0.         0.
 0.         0.         1.00049988 0.         0.         0.
 0.         0.         0.500999   0.         0.         0.
 0.         0.         0.70781353 0.70781353 0.         0.
 0.         0.         0.         0.         0.         0.500999
 0.         0.         0.         0.         0.70781353 0.
 0.         0.70781353 0.         0.         0.         0.
 0.500999   0.70781353 0.         0.         0.         0.
 0.         0.500999   0.70781353 0.         0.         0.
 0.         1.00049988 0.         0.         1.00049988 0.
 0.70781353 0.70781353 0.         0.         0.70781353 0.70781353
 0.500999   0.         1.00049988 0.         0.         0.
 0.         0.         0.         0.         0.70781353 0.
 0.70781353 0.         0.         0.         0.         0.
 0.         0.         0.         0.         0.70781353 0.
 0.         0.500999   0.         0.         0.         0.70781353
 0.         0.         1.00049988 0.         0.         0.
 0.         0.         0.         0.         0.         0.
 0.         0.         0.         0.70781353 0.70781353 0.
 0.         0.         0.         1.00049988 0.500999   0.
 0.500999   0.         0.         0.         0.         0.
 0.         0.         0.         0.         0.         0.
 0.         0.500999   0.500999   0.         0.         0.
 0.70781353 0.         0.         0.         0.         0.
 0.         1.00049988 0.         0.         0.         0.
 0.         0.         0.         0.         0.70781353 0.
 0.         0.         1.00049988 0.         0.         0.
 0.         0.70781353 0.         0.500999   0.         0.
 0.         0.         0.         0.         1.00049988 0.
 0.         0.         0.         0.         0.         0.
 0.         0.         0.         0.         0.         0.
 0.         0.         0.70781353 0.         0.         0.
 0.500999   1.00049988 0.         0.         0.         0.
 0.70781353 0.70781353 0.         0.         0.500999   0.70781353
 0.         0.         0.         0.         0.70781353 0.
 0.         0.500999   0.         0.         0.         0.
 0.         0.         0.70781353 0.        ]",[14  4  3  9 14  6  4 15  3 10  9 14  9  0 14 14],[14  4  3  9 14  6  4 15  3  4  9 14  9  0 14 14],False,True,0.40625,0.609375,"[np.int64(3), np.int64(5), np.int64(12), np.int64(7), np.int64(15), np.int64(9), np.int64(5), np.int64(5), np.int64(8), np.int64(4), np.int64(3), np.int64(5), np.int64(10), np.int64(8), np.int64(9), np.int64(7)]","[np.int64(15), np.int64(1), np.int64(7), np.int64(2), np.int64(8), np.int64(5), np.int64(11), np.int64(15), np.int64(8), np.int64(7), np.int64(14), np.int64(11), np.int64(5), np.int64(13), np.int64(9), np.int64(5)]",False,False,0.0,0.0,[14  4  7  2 14 14  4 15  3 10 14 14  7  0 14 14],[14  4  7  9 14  6  4 15  3  4  9 14  9  0 14 14],False,False,0.34375,0.4375,[14  4  3  2 14  6  4 15  3 10  9 14  9  0 14 14],[14  4  3  2 14  6  4 15  3  4  9 14  9  0 14 14],False,False,0.203125,0.265625,0.04,0.0,0.0,1,0,0,0.04,1.0,1.0,1,1,25,1.0,0.0,0.0,25,0,0,1.0,0.0,0.0,25,0,0,0.56,0.21428571428571427,0.28,14,3,7,0.44,0.36363636363636365,0.4,11,4,10,0.36,0.0,0.0,9,0,0,0.4,0.0,0.0,10,0,0
"[0.         0.         0.         0.70781353 0.500999   0.
 0.         0.         0.         0.         0.         0.
 0.         0.         0.         0.70781353 0.         0.
 0.70781353 0.70781353 0.         1.00049988 0.         0.
 0.70781353 0.         0.         0.         0.         0.
 0.500999   0.         0.         0.70781353 0.         0.
 0.70781353 0.70781353 0.         0.         0.         0.500999
 0.         0.         0.         0.         0.         0.
 0.70781353 0.70781353 0.         0.         0.500999   0.
 1.00049988 0.         0.         0.         0.         0.70781353
 0.         0.500999   1.00049988 0.         0.500999   0.
 0.70781353 0.500999   0.         0.70781353 0.         0.
 0.         0.         0.70781353 0.         0.         0.
 0.         0.500999   0.         1.00049988 0.70781353 0.
 0.70781353 0.         0.70781353 0.         0.         0.
 0.         0.         0.         1.00049988 0.         0.500999
 0.         0.         0.         1.00049988 0.         0.70781353
 0.500999   0.         0.         0.70781353 0.500999   0.70781353
 0.         0.         0.         0.         0.         0.
 0.         0.         0.         0.         0.         1.00049988
 0.         1.00049988 0.70781353 0.         0.500999   0.70781353
 0.         0.         0.         0.70781353 0.         0.
 0.         0.         0.         0.         0.         0.
 0.         0.         0.         0.         0.         0.
 0.         0.         0.500999   0.         0.         0.
 0.70781353 1.00049988 0.         0.         0.         0.
 0.70781353 0.         0.         0.         0.         0.
 0.         0.         0.70781353 0.         0.500999   0.70781353
 0.         0.         1.00049988 0.         0.         0.70781353
 0.         0.         0.         0.         0.         0.70781353
 0.         0.         0.70781353 0.         0.         0.
 0.         0.         0.         0.         0.         0.70781353
 0.         0.         0.         0.         0.         0.
 0.         0.500999   0.         0.70781353 0.         0.
 0.500999   0.         0.         0.         0.         0.
 0.         0.500999   0.         1.00049988 0.         0.70781353
 0.         0.         0.70781353 0.         0.         0.
 0.         0.         0.         0.500999   0.         1.00049988
 0.         0.         0.         0.         0.         0.
 0.         0.         0.         0.         0.500999   0.
 0.70781353 0.         0.         0.         0.500999   0.500999
 0.         0.         0.         0.         0.         0.70781353
 0.         0.         0.         1.00049988]",[ 4  3  4  3  3 15 10 12  1  2  6  3  7  3  1  4],[ 4  3  4  3  3 15  5 13  1  2  6  3  7  3  1  4],False,True,0.40625,0.609375,"[np.int64(13), np.int64(8), np.int64(10), np.int64(10), np.int64(15), np.int64(9), np.int64(1), np.int64(8), np.int64(6), np.int64(1), np.int64(14), np.int64(13), np.int64(8), np.int64(10), np.int64(12), np.int64(8)]","[np.int64(5), np.int64(0), np.int64(11), np.int64(14), np.int64(12), np.int64(8), np.int64(5), np.int64(7), np.int64(12), np.int64(11), np.int64(7), np.int64(10), np.int64(10), np.int64(5), np.int64(4), np.int64(4)]",False,False,0.0,0.0,[ 4  3  4  3  3 15  5 13  1  2 13  3  7  3  1  4],[ 4  3  4  3  3 15  5 13  1  2  4  3  7  3  1  4],False,False,0.34375,0.4375,[ 4  3  9  3  3 15  5 12  1  2  6  3  7  3  1  4],[ 4  3  9  3  3 15 10 12  1  2  6  3  7  3  1  4],False,False,0.203125,0.265625,0.04,0.0,0.0,1,0,0,0.04,1.0,1.0,1,1,25,1.0,0.0,0.0,25,0,0,1.0,0.0,0.0,25,0,0,0.68,0.29411764705882354,0.32,17,5,8,0.52,0.38461538461538464,0.44,13,5,11,0.48,0.0,0.0,12,0,0,0.2,0.2,0.04,5,1,1
"[1.00049988 0.         1.00049988 0.         0.         0.
 0.         0.         0.         0.         0.         0.
 0.         0.         0.         0.         0.         0.500999
 0.         0.         0.         0.         0.         0.70781353
 1.00049988 0.         0.         0.         0.         0.
 0.         0.500999   1.00049988 0.         1.00049988 1.00049988
 0.         0.         0.         0.         0.         0.
 0.         0.         0.         0.         0.500999   0.
 0.         0.         1.00049988 0.         0.         1.00049988
 0.         0.         0.         0.         0.         0.70781353
 0.         0.         0.500999   0.         0.         0.
 0.         0.         0.         0.70781353 0.70781353 0.
 0.70781353 1.00049988 0.70781353 0.500999   0.         0.
 0.         0.         0.         0.         0.         1.00049988
 0.70781353 0.         1.00049988 0.         0.         0.
 0.         0.         0.         0.         0.         0.
 0.         0.         0.         0.         0.70781353 1.00049988
 1.00049988 0.         0.70781353 0.         0.         0.
 0.         0.         0.70781353 0.70781353 0.         0.70781353
 0.         0.         0.         0.         0.         1.00049988
 0.         0.         1.00049988 0.         0.         0.
 0.70781353 0.         0.         1.00049988 0.         0.
 0.70781353 0.         0.70781353 0.         0.         0.
 0.         0.         0.         0.         0.         1.00049988
 0.         0.         0.         0.         1.00049988 0.
 0.         0.         0.         0.500999   0.         0.
 0.         0.         0.         0.         0.         0.
 0.         0.         0.70781353 0.         0.         1.00049988
 0.         0.         0.         0.         0.         0.
 0.500999   0.         0.         0.         0.         0.70781353
 0.500999   0.         0.         0.         0.         0.
 0.         0.500999   1.00049988 0.         0.         0.
 0.         0.         0.         0.         0.         0.
 0.         0.         0.         0.         0.         1.00049988
 0.500999   0.         0.         0.         0.         0.
 0.         0.         0.         0.         0.         0.
 0.         0.         0.         0.         0.         1.00049988
 0.         0.70781353 0.         0.         0.500999   0.500999
 0.         0.         0.70781353 0.70781353 0.         0.
 0.500999   0.         0.         0.         1.00049988 0.70781353
 0.         0.500999   0.         0.         0.         0.
 0.70781353 0.         1.00049988 0.         0.         0.
 0.         0.70781353 0.70781353 1.00049988]",[ 2 15 14 11  8  4  8 14  8  4 14  4 11 15 10  6],[ 2 15 14 14  8  4  8 14  8  4 14  4 11 15  6  6],False,True,0.40625,0.609375,"[np.int64(13), np.int64(15), np.int64(4), np.int64(2), np.int64(1), np.int64(12), np.int64(3), np.int64(15), np.int64(15), np.int64(10), np.int64(15), np.int64(9), np.int64(6), np.int64(15), np.int64(9), np.int64(1)]","[np.int64(15), np.int64(6), np.int64(1), np.int64(9), np.int64(2), np.int64(6), np.int64(9), np.int64(4), np.int64(6), np.int64(12), np.int64(9), np.int64(14), np.int64(2), np.int64(1), np.int64(13), np.int64(5)]",False,False,0.0,0.0,[ 2 15 14 11  8  4  8 14  8  4  4  4 11 15 10  6],[ 2 15 14 11  8  4  8  1  8  4  4  4 11 15 10  6],False,False,0.34375,0.4375,[ 2 15 14 14 11  4  8 14  8  4 14  4 11 15  3  6],[ 2 15 14 14 11  4  8 14  8  4 14  4 11 15  3 14],False,False,0.203125,0.265625,0.04,0.0,0.0,1,0,0,0.04,1.0,1.0,1,1,25,1.0,0.0,0.0,25,0,0,1.0,0.0,0.0,25,0,0,0.56,0.21428571428571427,0.2,14,3,5,0.52,0.38461538461538464,0.48,13,5,12,0.84,0.09523809523809523,0.12,21,2,3,0.72,0.0,0.0,18,0,0
"[0.500999   1.00049988 0.70781353 0.70781353 0.         1.00049988
 0.         0.         0.         0.70781353 0.70781353 0.
 0.         1.00049988 0.         0.70781353 1.00049988 1.00049988
 0.70781353 0.         0.         0.         0.         0.70781353
 0.500999   0.         0.         0.70781353 0.         0.
 0.         1.00049988 0.70781353 0.70781353 0.         0.
 0.         1.00049988 0.         0.         0.         0.
 0.         0.         0.         0.         0.         0.70781353
 0.70781353 0.         0.         1.00049988 0.500999   0.
 0.         0.         0.         0.         1.00049988 0.
 0.         0.70781353 0.         0.70781353 0.         0.
 0.         0.500999   0.         0.         0.         1.00049988
 0.         0.         0.70781353 0.         0.         0.70781353
 0.500999   1.00049988 1.00049988 0.         1.00049988 0.
 0.         0.         0.         0.500999   0.         0.
 0.         0.         0.         0.         0.         0.500999
 0.         0.         0.         0.         0.         0.
 1.00049988 0.         0.70781353 0.         0.         0.70781353
 0.         0.         0.500999   0.         0.         0.70781353
 0.         0.         1.00049988 0.500999   0.         1.00049988
 1.00049988 0.         0.         0.         0.         0.
 0.         0.         0.         0.500999   0.         0.
 0.         0.         0.70781353 1.00049988 0.         0.
 1.00049988 0.         0.         0.70781353 1.00049988 0.
 0.70781353 0.         0.         0.         0.         0.
 0.         0.         0.         1.00049988 0.70781353 1.00049988
 0.         0.         0.         0.70781353 0.70781353 0.
 0.         1.00049988 0.70781353 0.         0.         0.
 1.00049988 0.70781353 0.500999   0.         0.         0.
 0.         0.         0.         0.70781353 0.         0.
 0.         0.         0.70781353 0.         0.         1.00049988
 0.         0.         0.         0.         0.         0.70781353
 0.         0.         0.         0.         0.         0.
 0.         0.         0.         0.         0.         0.
 0.500999   0.         0.         0.70781353 1.00049988 0.
 0.         0.70781353 0.70781353 0.         0.         0.
 0.70781353 0.         0.         0.         0.         1.00049988
 0.         0.         0.         0.         0.         0.
 0.500999   0.         0.500999   0.         1.00049988 0.
 0.         0.         0.         0.         0.500999   1.00049988
 0.70781353 1.00049988 0.70781353 0.70781353 1.00049988 0.500999
 0.         0.         0.         0.70781353 0.         0.70781353
 0.70781353 0.         1.00049988 1.00049988]",[ 3  8  1  4 14  7 14  1  8 15  4  1 15  8  4  5],[ 2  8  1  4 14  7 14  1  8 15  4  1 15  8  4  5],False,False,0.40625,0.609375,"[np.int64(0), np.int64(4), np.int64(15), np.int64(7), np.int64(10), np.int64(0), np.int64(11), np.int64(11), np.int64(8), np.int64(7), np.int64(1), np.int64(12), np.int64(11), np.int64(15), np.int64(2), np.int64(9)]","[np.int64(2), np.int64(7), np.int64(12), np.int64(14), np.int64(12), np.int64(15), np.int64(7), np.int64(1), np.int64(3), np.int64(3), np.int64(3), np.int64(12), np.int64(0), np.int64(1), np.int64(11), np.int64(7)]",False,False,0.0,0.0,[ 3  8  1  4 13  7  8  1  8 15  4  1 15  8  4  2],[15  8  1 15 10  7  8  1  8 15  9  1 15  8  6  2],False,False,0.34375,0.4375,[ 2  8  1  4  3  7 14  5  8 15  4  1 15  8  6  5],[15  8  1  4 14 15 14  5  8 10  9  1 15  8  4  5],False,False,0.203125,0.265625,0.04,0.0,0.0,1,0,0,0.04,0.0,0.0,1,0,0,1.0,0.0,0.0,25,0,0,1.0,0.0,0.0,25,0,0,0.84,0.047619047619047616,0.04,21,1,1,0.96,0.125,0.12,24,3,3,0.96,0.041666666666666664,0.04,24,1,1,0.84,0.0,0.0,21,0,0
"[0.500999   0.         0.         0.         0.70781353 0.
 0.70781353 0.         1.00049988 0.         0.         0.
 0.         0.         0.500999   0.         0.         0.
 0.         0.500999   0.         0.         0.         0.
 0.         0.         0.         0.70781353 1.00049988 0.
 0.70781353 0.         0.         0.         0.         0.
 0.         0.         0.         1.00049988 0.         0.
 0.70781353 0.70781353 0.70781353 0.         0.70781353 0.70781353
 0.         0.500999   0.         1.00049988 0.         0.
 1.00049988 0.         0.500999   0.         0.         0.
 1.00049988 0.70781353 0.70781353 0.         0.70781353 0.
 0.         0.         0.         0.         0.         0.
 0.500999   0.         0.         0.         0.500999   0.
 0.         0.         0.         0.         0.         0.
 0.         0.         0.         0.         0.70781353 0.
 0.         0.         0.         0.         0.         0.
 0.70781353 0.         0.         1.00049988 0.         0.
 0.500999   0.70781353 0.         0.         0.         0.
 0.         0.         0.         0.         0.         0.
 1.00049988 0.         0.         0.         0.70781353 0.
 0.         0.         0.         0.70781353 0.         0.
 0.         0.         1.00049988 0.         0.         0.500999
 0.500999   0.70781353 0.         0.         1.00049988 0.
 0.         0.         0.         0.500999   0.         0.
 0.         0.         0.         0.         0.         0.
 0.         0.         0.         0.         0.         0.70781353
 0.70781353 0.         0.         0.         0.         0.
 0.70781353 0.         0.         0.         0.         0.
 0.         0.         0.500999   0.         0.         0.
 0.         0.70781353 0.         0.70781353 0.70781353 0.
 0.         0.         0.         0.70781353 0.         0.70781353
 0.         0.500999   0.         0.70781353 0.         0.
 0.         1.00049988 0.70781353 1.00049988 0.500999   0.
 0.         0.         0.         0.70781353 0.         0.
 1.00049988 0.70781353 0.         0.         0.         0.
 0.         0.70781353 0.         0.         0.         0.
 0.500999   0.         0.         0.70781353 0.70781353 0.
 1.00049988 0.         0.500999   0.70781353 0.70781353 0.70781353
 0.         0.         0.         0.         0.         0.
 0.         0.         0.         1.00049988 0.         0.
 0.         0.         0.70781353 0.         0.         0.
 0.         0.         0.         0.         0.70781353 0.
 0.         0.         0.         0.        ]",[14  3 14 14  8  8  0  6  4 12  2  2  4  8 14  2],[14  3 14  8  8  8  0  6  3 12  2  1  4  8 14  2],False,False,0.40625,0.609375,"[np.int64(12), np.int64(9), np.int64(6), np.int64(3), np.int64(5), np.int64(0), np.int64(2), np.int64(11), np.int64(12), np.int64(11), np.int64(9), np.int64(6), np.int64(14), np.int64(9), np.int64(6), np.int64(3)]","[np.int64(8), np.int64(13), np.int64(1), np.int64(14), np.int64(3), np.int64(5), np.int64(14), np.int64(12), np.int64(14), np.int64(11), np.int64(7), np.int64(7), np.int64(12), np.int64(9), np.int64(12), np.int64(0)]",False,False,0.0,0.0,[14 14 14  1  8  8  0  6  3 11  2  2  4  8 14  2],[14 14 14  1  8  8  0 11  3 12  2  2  2  8 14  2],True,False,0.34375,0.4375,[14  3 14  1  8  8  0 11  4 12  2  7  4  8 14  2],[14  3 14  1 12  8  0 11  3 12  2  1  4  8 14  2],False,False,0.203125,0.265625,0.04,0.0,0.0,1,0,0,0.04,0.0,0.0,1,0,0,1.0,0.0,0.0,25,0,0,1.0,0.0,0.0,25,0,0,0.96,0.08333333333333333,0.08,24,2,2,0.96,0.20833333333333334,0.2,24,5,5,0.96,0.08333333333333333,0.08,24,2,2,0.76,0.0,0.0,19,0,0
"[0.         0.         1.00049988 0.         0.         0.
 0.         0.500999   0.         0.         0.         0.500999
 0.         0.         0.         1.00049988 0.         0.500999
 0.70781353 0.         0.         0.         0.         0.
 0.         0.         0.         0.         0.         0.
 0.         0.         1.00049988 0.70781353 0.500999   0.
 0.         0.         0.         0.         0.70781353 1.00049988
 0.500999   0.         0.         0.         0.         0.
 0.         0.         0.         0.         0.         0.
 0.         0.         0.         0.         0.         1.00049988
 0.         0.         0.         0.         0.         0.
 0.         0.         0.         0.         1.00049988 0.
 1.00049988 0.70781353 0.         0.500999   0.         0.70781353
 0.         1.00049988 0.         0.         0.         0.
 0.         1.00049988 0.         0.         1.00049988 0.
 0.         0.         0.         0.         0.70781353 0.
 0.         0.         0.         0.         1.00049988 0.
 1.00049988 0.         0.         0.         0.         1.00049988
 0.         0.         0.         0.70781353 0.500999   0.
 0.         0.         0.         0.         0.         0.
 0.         0.500999   0.         1.00049988 0.         0.
 0.         0.70781353 0.         0.         0.70781353 0.
 1.00049988 1.00049988 0.         0.         0.500999   0.
 0.70781353 0.         0.         0.         0.500999   0.
 0.         0.         1.00049988 0.         0.70781353 0.
 0.         0.500999   0.         0.         0.         0.
 0.         0.         0.70781353 1.00049988 0.         0.
 0.500999   0.         0.         0.         0.         0.
 0.70781353 0.         1.00049988 0.500999   0.         0.70781353
 0.         0.         0.500999   0.         0.         1.00049988
 0.500999   0.         1.00049988 1.00049988 0.         0.
 0.500999   0.         1.00049988 0.         0.         0.
 0.         0.         0.         0.         0.         0.
 0.         0.         0.         0.         0.         1.00049988
 0.         0.         0.         0.500999   0.         0.
 0.         0.         0.70781353 0.         0.         0.
 0.         0.         0.70781353 0.         0.         0.500999
 0.         0.         0.         0.         0.         0.
 0.         0.70781353 0.         0.         0.500999   0.70781353
 0.         0.         0.         0.         0.         0.
 1.00049988 0.         0.         0.         1.00049988 0.
 0.70781353 0.70781353 0.         1.00049988 0.         0.
 0.500999   0.         0.         0.500999  ]",[11  2 10 11 11 14 15  0 14 14  8 10 15 10 14  7],[ 7  2 10 11 11 14 15  0 14  7 11  0 15 10 14  7],False,False,0.40625,0.609375,"[np.int64(12), np.int64(11), np.int64(3), np.int64(0), np.int64(13), np.int64(10), np.int64(5), np.int64(15), np.int64(2), np.int64(15), np.int64(11), np.int64(4), np.int64(0), np.int64(4), np.int64(10), np.int64(11)]","[np.int64(15), np.int64(4), np.int64(8), np.int64(11), np.int64(10), np.int64(5), np.int64(7), np.int64(5), np.int64(2), np.int64(12), np.int64(7), np.int64(5), np.int64(6), np.int64(13), np.int64(1), np.int64(1)]",False,False,0.0,0.0,[11  2  8 11 11 14 15  0 14 14  8 10 15 10 14  7],[11  2 10 11 11 14 15  9 14 14  8 10 15 10 14  7],False,False,0.34375,0.4375,[ 7  2 10 11 11 14 15  9 14  7  2  0 15 10 14  7],[ 7  2 10 11 11 14 15  0 14  7  2 10 15 10 14  7],False,False,0.203125,0.265625,0.04,0.0,0.0,1,0,0,0.04,0.0,0.0,1,0,0,1.0,0.0,0.0,25,0,0,1.0,0.0,0.0,25,0,0,0.4,0.0,0.0,10,0,0,0.4,0.1,0.04,10,1,1,0.8,0.1,0.08,20,2,2,0.84,0.0,0.0,21,0,0
"[0.         0.         0.         0.         0.         0.
 0.         0.         0.         0.         0.         0.
 0.         0.         0.         0.         0.         0.500999
 0.70781353 1.00049988 0.500999   0.         0.         0.
 0.         0.         0.         0.         0.         0.
 0.         0.         0.         0.70781353 0.         0.
 0.         0.500999   0.         0.         0.500999   0.
 0.         0.         0.500999   0.         0.         0.70781353
 0.         1.00049988 0.         1.00049988 0.         1.00049988
 0.         0.         0.500999   0.         0.         0.
 0.         0.         0.70781353 0.         0.         0.500999
 0.         0.         1.00049988 0.         0.         0.70781353
 0.         0.         0.         0.         0.500999   0.
 0.         0.500999   0.         0.         0.500999   1.00049988
 0.         0.         0.         0.70781353 0.500999   0.70781353
 0.70781353 0.70781353 0.         0.         0.         0.
 0.         0.         0.         0.         0.         0.
 0.         0.         0.         0.500999   0.         0.
 0.         0.         0.         0.70781353 0.         0.
 0.         0.         0.70781353 0.70781353 0.         0.
 0.70781353 0.70781353 0.         0.         1.00049988 0.
 0.         0.         0.         0.         0.500999   0.500999
 0.         0.500999   0.         0.70781353 0.500999   0.500999
 0.         0.         0.500999   0.         0.500999   0.
 0.         0.         0.         0.         0.         0.70781353
 0.500999   0.70781353 0.500999   1.00049988 0.500999   0.
 0.         0.         0.500999   0.         0.         0.
 0.         0.         0.         0.70781353 0.         0.
 0.         0.500999   0.500999   0.         0.         0.
 0.         0.         0.         0.         0.         0.
 0.         0.70781353 0.         0.         0.         0.
 0.         0.500999   0.70781353 0.         0.         0.
 0.         0.         0.500999   0.         0.500999   0.
 0.         1.00049988 0.500999   0.         0.         0.70781353
 0.         0.         0.         0.         0.         0.
 0.         0.         0.         0.         0.         0.
 0.         0.         0.         0.         0.         0.
 0.         0.         0.         0.         0.         0.70781353
 0.         0.         0.         0.         0.500999   0.500999
 0.         0.         0.         0.         0.500999   0.70781353
 0.         0.         0.70781353 0.         0.500999   0.
 0.70781353 0.         0.         0.         0.         0.
 0.         0.         0.70781353 1.00049988]",[ 0  4 12  8 12  2  9  8 12  8  9 12 12 13  8  4],[ 0  4 12  8 12  2  9  4 12  8  9 12 12 13  8  4],True,True,0.40625,0.609375,"[np.int64(2), np.int64(9), np.int64(9), np.int64(3), np.int64(9), np.int64(7), np.int64(7), np.int64(2), np.int64(15), np.int64(9), np.int64(5), np.int64(9), np.int64(14), np.int64(4), np.int64(0), np.int64(5)]","[np.int64(6), np.int64(9), np.int64(3), np.int64(11), np.int64(0), np.int64(1), np.int64(1), np.int64(11), np.int64(2), np.int64(2), np.int64(6), np.int64(13), np.int64(11), np.int64(14), np.int64(0), np.int64(7)]",False,False,0.0,0.0,[ 0  4 12  8 12  2  9  8 12  8  9 12 12 13  8  4],[ 0  4 12  8 12  8  9  8 12  8  9 12 12 13  8  4],True,True,0.34375,0.4375,[ 0  4 12  8 12  8  9  4 12  8  9 12 12 13  8  4],[ 0  4 12  8 12  2  9  8 12  8  9 12 12 13  8  4],True,True,0.203125,0.265625,0.04,1.0,1.0,1,1,25,0.04,1.0,1.0,1,1,25,1.0,0.0,0.0,25,0,0,1.0,0.0,0.0,25,0,0,0.24,1.0,1.0,6,6,25,0.16,1.0,1.0,4,4,25,0.28,1.0,1.0,7,7,25,0.16,1.0,1.0,4,4,25
"[0.         0.         0.         0.         0.         0.
 0.         0.         0.500999   0.         0.         0.
 0.         0.70781353 0.         0.         0.         1.00049988
 0.         1.00049988 1.00049988 0.         0.         0.
 0.500999   0.         0.         0.         0.         0.
 1.00049988 0.         0.         0.         1.00049988 0.
 0.70781353 0.70781353 0.70781353 0.         0.         0.70781353
 0.70781353 0.         0.         0.         0.500999   0.
 0.         1.00049988 0.         0.         0.         0.
 0.         0.         0.         0.         0.70781353 0.70781353
 0.         1.00049988 0.         0.         0.         1.00049988
 0.70781353 0.         0.500999   0.70781353 0.         0.70781353
 0.         0.         0.         0.         0.         0.
 0.         0.         0.         0.         0.70781353 0.
 0.70781353 1.00049988 0.         0.70781353 0.         0.
 0.         0.         1.00049988 0.         0.         0.
 0.         0.         0.70781353 0.         0.         0.
 1.00049988 0.70781353 0.         0.70781353 0.         1.00049988
 0.         0.         0.         0.         0.         0.
 0.         0.         0.70781353 0.70781353 0.70781353 0.
 0.         0.         0.         0.         0.         0.500999
 0.         0.         0.500999   0.500999   0.         0.
 0.         0.         0.         0.         0.         0.
 0.70781353 0.         0.         0.         0.         0.
 0.         0.         0.70781353 0.         0.         0.
 0.70781353 0.         0.         0.500999   0.         1.00049988
 0.500999   0.         0.         0.         0.         0.
 0.70781353 0.70781353 0.         0.         0.         0.
 0.70781353 0.         0.500999   0.         0.500999   0.
 0.         0.         0.         0.         0.         0.70781353
 0.         0.         1.00049988 0.         0.         1.00049988
 0.         0.         0.500999   0.         0.         0.
 0.         0.         0.         0.         0.         1.00049988
 0.         0.         0.         0.500999   0.500999   0.500999
 0.500999   0.500999   0.         0.         0.70781353 0.
 0.         1.00049988 0.         0.         0.         0.500999
 0.         0.         0.         0.         0.500999   0.
 0.         0.         0.         1.00049988 0.500999   0.
 0.         0.         0.         0.         0.         0.
 0.         0.         0.         0.         0.500999   1.00049988
 0.         0.         0.         0.         0.         0.
 0.         0.         0.         0.         0.         0.
 0.         0.         1.00049988 1.00049988]",[13  8  9 11  7  7  7 13  0 12 12 12 13 13  2 14],[13  8 10 10  7  7  7 13  0 12 12 12 13 13  2 14],True,True,0.40625,0.609375,"[np.int64(11), np.int64(0), np.int64(8), np.int64(6), np.int64(3), np.int64(10), np.int64(4), np.int64(7), np.int64(11), np.int64(6), np.int64(6), np.int64(0), np.int64(10), np.int64(2), np.int64(8), np.int64(0)]","[np.int64(0), np.int64(7), np.int64(2), np.int64(3), np.int64(4), np.int64(5), np.int64(14), np.int64(11), np.int64(12), np.int64(4), np.int64(10), np.int64(5), np.int64(5), np.int64(5), np.int64(10), np.int64(7)]",False,False,0.0,0.0,[13  8  9 11  7  7  7 13 10 12 12 12 13 13  2 14],[13  8  9 10  7  7  9 13 10 12 12 12 13 13  2 14],False,False,0.34375,0.4375,[ 8  8  9 10  7  7  7 13  0 12 12 12 13 13  2 14],[ 8  8  9 11  7  7  7 13  0 12 12 12 13 13  2 14],False,False,0.203125,0.265625,0.04,1.0,1.0,1,1,25,0.04,1.0,1.0,1,1,25,1.0,0.0,0.0,25,0,0,1.0,0.0,0.0,25,0,0,0.48,0.6666666666666666,0.68,12,8,17,0.48,0.6666666666666666,0.68,12,8,17,0.6,0.3333333333333333,0.36,15,5,9,0.48,0.5,0.32,12,6,8
"[0.         0.         0.70781353 0.         1.00049988 0.500999
 0.70781353 0.         0.         0.500999   0.70781353 0.
 0.         0.         0.         0.70781353 0.         1.00049988
 0.         0.         0.         0.         0.         0.
 0.         0.70781353 0.         0.         0.70781353 0.500999
 0.         0.         0.70781353 0.         0.500999   0.
 0.         0.         0.         1.00049988 1.00049988 0.
 0.         0.500999   1.00049988 0.         0.         0.
 0.         0.         0.         0.         0.         0.
 0.         0.         0.         0.         0.         0.
 0.70781353 0.500999   0.         0.         1.00049988 0.
 0.         0.         1.00049988 0.         0.         0.
 0.500999   0.         0.500999   0.         0.500999   0.
 0.         0.         0.500999   0.         0.         0.
 0.         1.00049988 0.         0.70781353 0.         0.
 0.         0.         0.         0.         0.         0.
 0.70781353 0.         0.         0.         0.         0.
 0.         0.500999   0.         1.00049988 0.         0.70781353
 0.         0.70781353 1.00049988 0.         0.         0.
 1.00049988 0.         0.         0.70781353 0.500999   1.00049988
 0.         0.         0.         1.00049988 0.         0.
 0.         0.         0.         0.         1.00049988 0.
 0.500999   0.         0.         0.         0.         0.
 0.         0.         1.00049988 0.         0.         0.
 0.500999   0.70781353 0.         0.         0.         0.
 1.00049988 0.         0.         1.00049988 0.         0.
 0.         0.         0.         0.         0.70781353 0.
 0.         0.         0.500999   0.         0.         0.
 0.         0.         0.500999   0.         0.         0.
 0.         0.         0.         0.         0.500999   0.
 0.         0.         0.70781353 1.00049988 0.         0.
 0.         1.00049988 0.         0.70781353 0.         0.
 0.         0.70781353 1.00049988 0.70781353 0.500999   0.
 0.         0.         1.00049988 0.         0.         0.
 0.         0.70781353 0.500999   0.         0.         0.500999
 0.         0.500999   0.         0.         0.70781353 0.
 0.         0.         0.         0.70781353 0.70781353 0.
 0.         0.         0.         0.         0.         0.
 0.         0.         1.00049988 0.         0.         0.
 0.         0.         0.500999   0.         0.500999   0.70781353
 0.70781353 0.         0.         0.         0.         0.
 0.         0.         0.         0.         0.         0.
 0.         0.         0.70781353 0.        ]",[ 9 13 11 13 12  0 13  6  4  1  4 13 13 13 12  0],[ 9 13 11 13 12  0 13  6  4  1  4 13 13 13 12  0],True,True,0.40625,0.609375,"[np.int64(11), np.int64(10), np.int64(15), np.int64(12), np.int64(12), np.int64(6), np.int64(12), np.int64(1), np.int64(3), np.int64(0), np.int64(7), np.int64(15), np.int64(4), np.int64(0), np.int64(3), np.int64(10)]","[np.int64(6), np.int64(9), np.int64(12), np.int64(7), np.int64(0), np.int64(9), np.int64(3), np.int64(1), np.int64(2), np.int64(14), np.int64(14), np.int64(4), np.int64(0), np.int64(2), np.int64(6), np.int64(6)]",False,False,0.0,0.0,[ 9 13 11 13 12  0 13  6  4  1  4 13 13 13 12 14],[ 9 13 11 13 12  0 13  6  4  1  4 13 13 13 12 14],True,True,0.34375,0.4375,[ 9 13 11 13 12  0 13  6  4  0  4  2 13 13 12 14],[ 9 13 11 13 12  0  7  6  4  1  4  2 13 13 12  0],False,False,0.203125,0.265625,0.04,1.0,1.0,1,1,25,0.04,1.0,1.0,1,1,25,1.0,0.0,0.0,25,0,0,1.0,0.0,0.0,25,0,0,0.8,0.2,0.28,20,4,7,0.68,0.11764705882352941,0.2,17,2,5,0.72,0.0,0.0,18,0,0,0.92,0.043478260869565216,0.04,23,1,1
"[0.         0.500999   0.500999   0.         0.         0.
 1.00049988 0.500999   0.         0.         0.         0.
 1.00049988 0.         1.00049988 0.         0.500999   0.
 0.70781353 0.         0.         0.500999   0.         0.
 0.70781353 0.70781353 0.         0.         0.         0.70781353
 0.         0.         0.500999   0.70781353 0.         0.
 0.         0.         0.70781353 1.00049988 0.         0.
 0.500999   0.         0.         0.         0.70781353 0.70781353
 0.         0.         0.         0.         0.         0.
 0.         0.70781353 0.70781353 0.         0.         1.00049988
 0.         0.70781353 0.         0.500999   0.         0.
 0.         0.         0.         0.         0.         1.00049988
 0.500999   0.         0.         0.         0.         0.70781353
 0.70781353 0.         0.         0.500999   0.         0.
 0.         0.500999   0.         0.         0.         0.
 0.         0.         0.         0.         0.         0.
 1.00049988 0.         0.70781353 0.         0.         0.
 0.         0.         0.         0.         0.         0.
 0.         0.         0.         1.00049988 0.500999   0.
 1.00049988 0.70781353 1.00049988 0.         0.         0.
 0.500999   0.         0.         0.         0.         0.
 0.         0.70781353 0.         0.70781353 0.         0.70781353
 0.500999   0.         0.         0.500999   0.         0.
 0.         0.         0.         1.00049988 0.         0.
 0.         0.70781353 0.         0.         0.         0.
 0.         0.         0.         0.         0.         0.
 0.70781353 0.70781353 0.         1.00049988 0.         0.
 0.500999   0.         0.         0.         0.         0.
 0.         0.         0.500999   0.         0.         0.
 0.         0.         0.         0.         0.         1.00049988
 0.         0.         0.         0.         0.         0.
 0.         0.         0.70781353 0.         0.         0.
 1.00049988 0.         0.         0.         0.         0.
 0.         0.         0.         0.70781353 0.         0.70781353
 0.         0.70781353 0.70781353 0.         0.         0.70781353
 0.         0.70781353 0.70781353 0.         0.         0.
 1.00049988 0.70781353 0.         0.         0.70781353 0.
 0.         0.         1.00049988 0.         0.70781353 0.
 0.70781353 0.         0.         0.         0.         0.
 0.         0.         0.70781353 0.         1.00049988 0.
 0.         0.         0.70781353 0.500999   0.         0.
 1.00049988 0.70781353 0.         1.00049988 0.         0.
 0.         0.         0.         0.500999  ]",[ 7  0  0 15  8  1  2 15  7 13  2 12 13  3  4 15],[ 7  0  0 15  8  1  2  8  7  1  2 12 13  3  4 15],True,False,0.40625,0.609375,"[np.int64(0), np.int64(3), np.int64(13), np.int64(0), np.int64(2), np.int64(10), np.int64(12), np.int64(9), np.int64(8), np.int64(0), np.int64(15), np.int64(1), np.int64(2), np.int64(12), np.int64(14), np.int64(1)]","[np.int64(6), np.int64(15), np.int64(4), np.int64(4), np.int64(12), np.int64(10), np.int64(4), np.int64(2), np.int64(11), np.int64(7), np.int64(13), np.int64(12), np.int64(0), np.int64(8), np.int64(11), np.int64(7)]",False,False,0.0,0.0,[ 7  0 15 15  8  1  2 15  3 13  2 12 13  3  2 15],[ 7  0 15 15  8  1  2 15  3 13  2 12 14  3  4 15],False,False,0.34375,0.4375,[ 7  0  0 15  8  1  2  0  4 13  2 12 13  3  2 15],[ 7  0  0 15  8  1  2  8  7  1  2 12 13  3  4 15],False,False,0.203125,0.265625,0.04,1.0,1.0,1,1,25,0.04,0.0,0.0,1,0,0,1.0,0.0,0.0,25,0,0,1.0,0.0,0.0,25,0,0,0.84,0.047619047619047616,0.04,21,1,1,0.84,0.09523809523809523,0.08,21,2,2,0.76,0.10526315789473684,0.12,19,2,3,0.88,0.0,0.0,22,0,0
"[0.         0.         0.         0.         0.         0.
 0.         1.00049988 0.70781353 0.         0.         0.
 0.70781353 0.         0.         0.70781353 0.         0.
 0.         0.         0.         0.         0.         0.500999
 0.         0.         1.00049988 1.00049988 0.70781353 0.
 0.500999   0.         0.         0.         0.         0.
 0.         0.         0.70781353 0.         0.         0.70781353
 0.         0.         0.         0.         1.00049988 0.
 0.         0.         0.         1.00049988 0.         1.00049988
 0.70781353 0.         0.         0.70781353 0.         0.
 0.70781353 0.70781353 0.         0.70781353 0.         0.
 0.         0.         1.00049988 0.500999   0.         0.
 0.         0.70781353 0.         0.         0.         0.
 0.70781353 0.500999   0.         0.         0.         1.00049988
 0.500999   0.         0.         0.         0.         0.
 0.70781353 0.         0.         0.         0.         0.
 0.         0.         0.70781353 0.70781353 0.         0.
 0.500999   0.         0.         0.         0.         0.
 0.         0.70781353 0.         0.         1.00049988 0.500999
 0.         0.         0.         0.         0.         0.
 0.         0.         0.         0.         0.         0.
 0.         0.70781353 0.70781353 0.         0.         0.
 0.         0.         0.         0.         0.         0.
 0.         0.70781353 0.         0.         0.         0.500999
 0.         0.         0.70781353 0.70781353 0.70781353 0.
 0.         0.         0.         0.         0.         0.
 0.         0.         0.         0.         0.         1.00049988
 0.         0.         0.         0.70781353 0.         0.
 0.         0.         0.         1.00049988 0.         0.
 0.500999   0.         0.         1.00049988 0.         0.
 0.         0.         0.         0.         0.70781353 0.
 1.00049988 0.         0.         0.70781353 0.         0.
 0.70781353 0.70781353 0.         0.70781353 0.         0.
 0.         0.         0.         0.         0.         0.
 0.         1.00049988 0.         0.         0.         0.
 0.         0.70781353 0.         0.         0.70781353 0.
 0.         0.         0.         0.70781353 1.00049988 0.
 0.         0.         0.         0.500999   1.00049988 0.
 0.70781353 0.         0.         0.         0.         0.
 0.500999   0.         0.         0.         1.00049988 0.
 0.70781353 0.         0.         0.70781353 0.500999   0.
 0.         0.70781353 0.500999   0.         0.         0.
 0.         0.         0.         1.00049988]",[15 14  2  9  9  4  2  1 15  2 14  8  3  6  1  4],[15 14  2  6 15  4  2  1 15  2 14  8  3  6  1  4],False,False,0.40625,0.609375,"[np.int64(2), np.int64(3), np.int64(14), np.int64(8), np.int64(13), np.int64(4), np.int64(0), np.int64(7), np.int64(2), np.int64(10), np.int64(7), np.int64(4), np.int64(0), np.int64(3), np.int64(7), np.int64(8)]","[np.int64(2), np.int64(12), np.int64(15), np.int64(1), np.int64(9), np.int64(4), np.int64(5), np.int64(8), np.int64(7), np.int64(9), np.int64(10), np.int64(11), np.int64(2), np.int64(7), np.int64(11), np.int64(8)]",False,False,0.0,0.0,[15 12  2  9  9  4  2  1 15  2 14 13  3  6  4  4],[15 14  2  6 15  4  2  1 15  2 14  8  3  6  4  3],False,True,0.34375,0.4375,[15  7  2  9  9  4  2  1 15  2 14  8  1  6 10  8],[15 14  2  6 15  4  2  1 15  2 14 13  3  6 10  4],False,False,0.203125,0.265625,0.04,0.0,0.0,1,0,0,0.04,0.0,0.0,1,0,0,1.0,0.0,0.0,25,0,0,1.0,0.0,0.0,25,0,0,1.0,0.08,0.08,25,2,2,1.0,0.12,0.12,25,3,3,1.0,0.0,0.0,25,0,0,0.92,0.0,0.0,23,0,0
"[0.500999   0.         0.         0.         1.00049988 0.
 0.         0.         0.70781353 0.500999   0.         0.
 0.70781353 0.         0.         1.00049988 0.         0.
 0.         0.500999   0.         0.         0.         0.500999
 0.         0.         0.         0.         0.         0.
 0.70781353 0.         0.         0.         0.         0.
 0.         0.         0.         0.70781353 0.         0.
 0.         0.         0.         0.         0.         0.
 0.         0.500999   0.         0.         0.         0.
 0.         0.         0.         0.         0.         1.00049988
 0.         0.70781353 0.500999   0.         1.00049988 0.
 0.         0.         0.500999   0.70781353 0.         0.
 0.         0.         0.         0.         0.         0.70781353
 0.         0.70781353 0.         0.         0.         0.
 0.70781353 0.500999   0.         0.70781353 0.         0.
 0.         0.70781353 0.         0.         0.70781353 0.70781353
 0.         0.         0.         0.         0.         0.
 0.         0.500999   0.         0.70781353 0.500999   0.
 0.         0.         0.         0.         0.         0.500999
 0.70781353 0.         0.         0.70781353 0.500999   0.500999
 0.         1.00049988 0.         0.         0.70781353 0.
 0.70781353 0.70781353 0.70781353 0.         0.         0.
 0.         0.         0.         0.         0.         1.00049988
 0.         0.70781353 1.00049988 0.         0.         0.
 0.500999   0.         0.         0.         0.         0.
 0.70781353 1.00049988 1.00049988 0.         0.70781353 0.
 0.         0.70781353 0.         0.70781353 0.         0.
 0.         0.         0.         0.         0.500999   0.
 0.         0.70781353 0.         0.         0.         0.
 0.         0.70781353 0.         0.         0.         1.00049988
 0.         0.70781353 0.         0.         0.70781353 0.
 0.         0.         0.         0.         0.         0.500999
 0.70781353 0.         0.         0.         0.         0.
 0.         0.70781353 1.00049988 0.         0.         0.
 1.00049988 0.         0.70781353 0.         0.         0.
 0.         0.70781353 0.70781353 0.         0.         0.
 0.         0.70781353 0.         0.         0.         0.500999
 0.         0.         0.         0.70781353 0.         0.500999
 0.         0.70781353 0.         0.70781353 0.         0.
 0.         0.         0.70781353 0.         0.500999   0.
 1.00049988 0.         0.         0.         0.70781353 0.70781353
 0.         0.70781353 0.         0.70781353 0.70781353 0.500999
 0.         0.         0.         0.500999  ]",[ 9  3  7 13 13  4  7  1  0 13  6 15  0 13  3  4],[ 9  3  7 13 13  4  7  1  0 13  6 15 14 13  3  7],True,True,0.40625,0.609375,"[np.int64(6), np.int64(0), np.int64(9), np.int64(4), np.int64(1), np.int64(12), np.int64(1), np.int64(15), np.int64(15), np.int64(7), np.int64(8), np.int64(2), np.int64(14), np.int64(14), np.int64(6), np.int64(2)]","[np.int64(11), np.int64(4), np.int64(14), np.int64(0), np.int64(3), np.int64(5), np.int64(3), np.int64(0), np.int64(9), np.int64(11), np.int64(10), np.int64(11), np.int64(1), np.int64(8), np.int64(13), np.int64(11)]",False,False,0.0,0.0,[ 9  3  7 13 13 14  9  6  0 13  6 15  0 13  3  9],[ 9  3  7 13 13  4  7  1  0 13  6 15 14 13  3  4],False,True,0.34375,0.4375,[ 9  3  7 13 13  4  7  1  0 13  6 15 14 13  3  4],[ 9  3  7 14 13 14  7  6  0 13  6 15  0 13  3 11],True,False,0.203125,0.265625,0.04,1.0,1.0,1,1,25,0.04,1.0,1.0,1,1,25,1.0,0.0,0.0,25,0,0,1.0,0.0,0.0,25,0,0,0.96,0.20833333333333334,0.2,24,5,5,0.88,0.22727272727272727,0.24,22,5,6,1.0,0.04,0.04,25,1,1,0.96,0.041666666666666664,0.04,24,1,1
"[0.500999   0.         1.00049988 0.         1.00049988 0.
 0.70781353 0.         0.         0.         0.         0.
 0.         1.00049988 0.         0.70781353 0.         0.
 0.         0.70781353 0.         0.500999   0.         0.70781353
 0.500999   0.         0.         1.00049988 0.500999   0.
 0.         0.         1.00049988 0.         0.         0.
 0.         0.         0.         0.         0.         0.
 0.500999   0.         0.         0.         0.         1.00049988
 0.         0.70781353 0.         0.500999   0.         0.
 0.70781353 0.70781353 0.         0.         0.         0.
 0.         0.         1.00049988 0.         1.00049988 0.
 0.         0.         0.         0.         0.70781353 0.500999
 0.70781353 0.         0.         0.         0.         0.70781353
 0.         0.         0.         0.500999   0.         0.
 0.         0.         0.500999   0.         0.         0.
 0.70781353 0.         0.         0.         0.         0.
 0.70781353 0.         0.         0.70781353 0.70781353 0.500999
 0.         0.         0.         0.         0.         1.00049988
 0.70781353 0.         0.         0.         0.         0.70781353
 0.         0.70781353 0.500999   0.         0.         1.00049988
 0.         0.70781353 0.         0.         0.         0.
 0.         0.70781353 0.         0.500999   0.         0.
 0.70781353 0.         0.         0.         0.         0.
 0.         0.         0.         0.         0.         0.
 0.         0.         0.         0.         0.         0.
 0.         0.70781353 0.         1.00049988 0.         0.500999
 0.         0.         0.         0.         0.         0.
 0.500999   0.         0.         0.70781353 0.         0.
 0.         0.         0.500999   0.         0.         0.500999
 0.70781353 0.         0.         1.00049988 0.         0.
 0.         0.         1.00049988 0.         0.         0.500999
 0.         0.         0.         0.70781353 0.         0.
 0.         0.500999   0.         0.         0.         0.
 0.70781353 0.         0.         0.         0.         0.
 0.         0.70781353 0.         0.         1.00049988 0.
 0.         0.         0.70781353 0.         0.         0.
 0.         0.         0.500999   0.70781353 0.70781353 1.00049988
 0.         0.70781353 0.         0.         0.         1.00049988
 0.         0.         0.         0.         0.         0.
 0.70781353 0.         0.         0.         0.500999   0.
 0.70781353 0.         1.00049988 0.         0.         0.
 0.         0.70781353 0.         0.         0.         0.
 0.         0.70781353 0.         0.500999  ]",[ 6  5 10  1 13  1  5  4  1 11 13 13  1 13 10 13],[ 6  5 10  1  7  1  5  4  1 11 13 13  1 13 10 13],False,False,0.40625,0.609375,"[np.int64(5), np.int64(11), np.int64(6), np.int64(4), np.int64(6), np.int64(6), np.int64(2), np.int64(3), np.int64(12), np.int64(0), np.int64(8), np.int64(1), np.int64(2), np.int64(4), np.int64(13), np.int64(1)]","[np.int64(8), np.int64(2), np.int64(11), np.int64(0), np.int64(8), np.int64(14), np.int64(10), np.int64(11), np.int64(4), np.int64(1), np.int64(0), np.int64(14), np.int64(9), np.int64(7), np.int64(15), np.int64(6)]",False,False,0.0,0.0,[15  5 10  7 13  6  4  4  1 11 13 13 13 13 10 13],[15  7 10  7 13 10  5 15  1  7 13 13 13 13 10 13],False,False,0.34375,0.4375,[15 12 10  1  7  1  5  4  1 11 13  9  1 13 10 13],[ 6 12 10  7  7  1  5  4  1 11 13 13  1 13 10 13],False,False,0.203125,0.265625,0.04,0.0,0.0,1,0,0,0.04,0.0,0.0,1,0,0,1.0,0.0,0.0,25,0,0,1.0,0.0,0.0,25,0,0,0.96,0.041666666666666664,0.04,24,1,1,0.92,0.08695652173913043,0.08,23,2,2,0.88,0.0,0.0,22,0,0,0.84,0.0,0.0,21,0,0
"[1.00049988 0.         0.         0.         0.         0.
 0.500999   0.         0.500999   0.         0.         0.
 0.         0.         0.         0.         0.         0.
 0.         0.         0.         0.         0.         0.70781353
 0.70781353 0.         0.         0.         0.         0.
 0.         0.         0.         0.         0.         1.00049988
 0.         0.         0.         0.         0.70781353 0.70781353
 0.         0.         0.500999   1.00049988 0.         0.70781353
 0.         0.         1.00049988 0.         0.         0.
 1.00049988 0.         1.00049988 0.         0.         0.
 0.         1.00049988 0.         0.         0.         0.
 0.         0.         0.         0.         0.70781353 0.
 0.         0.         0.         0.         0.         0.500999
 0.         0.         0.         0.         0.         0.
 0.         0.         0.         0.         0.70781353 0.
 0.70781353 0.         0.         0.         0.         0.500999
 0.500999   0.         0.         1.00049988 0.70781353 0.
 0.500999   0.         0.         0.         0.70781353 0.500999
 0.         0.         0.500999   0.         0.         0.70781353
 0.         0.         0.         0.         0.         0.
 0.         0.70781353 0.70781353 0.         0.         0.
 0.         0.         0.500999   0.70781353 0.70781353 1.00049988
 0.         0.70781353 0.         0.         0.         0.
 0.         0.         0.         0.         0.         0.
 0.         0.         0.70781353 0.         0.         0.
 0.         0.70781353 0.         1.00049988 0.         0.
 0.         0.         0.         0.         0.         0.
 0.         0.         0.         0.70781353 0.70781353 0.70781353
 0.         0.         0.         0.         0.         0.
 0.         0.         0.         0.         0.         0.
 0.         0.         0.500999   0.         0.         0.
 0.         1.00049988 0.         0.70781353 0.500999   0.
 0.         0.         0.500999   0.         0.         0.
 0.         0.         0.         0.         0.         0.
 0.500999   0.         0.70781353 0.         0.         0.
 1.00049988 1.00049988 0.500999   0.         0.         0.
 0.         0.         0.         0.70781353 0.         0.
 0.500999   1.00049988 0.         0.         0.         0.
 0.         0.         0.500999   0.         0.         0.
 0.         0.500999   0.70781353 0.500999   0.500999   0.500999
 0.         0.         0.70781353 0.         0.         0.500999
 0.         0.         0.         0.         0.         0.
 0.         1.00049988 0.500999   0.        ]",[ 6  8 12  6 13  5 14 10  0  2  5 14  2 14 15  5],[ 6  8 12  6 13  5 14  1  0  2  5 14 14 14 15  5],False,True,0.40625,0.609375,"[np.int64(10), np.int64(13), np.int64(2), np.int64(14), np.int64(1), np.int64(13), np.int64(10), np.int64(8), np.int64(2), np.int64(15), np.int64(1), np.int64(5), np.int64(3), np.int64(9), np.int64(9), np.int64(12)]","[np.int64(5), np.int64(1), np.int64(11), np.int64(7), np.int64(4), np.int64(10), np.int64(2), np.int64(2), np.int64(12), np.int64(11), np.int64(14), np.int64(12), np.int64(8), np.int64(3), np.int64(10), np.int64(5)]",False,False,0.0,0.0,[ 6  8 15 13 13  5 14 10  0  7  5 14  2 14 15  5],[ 6  8 12  6 13  5 14 10  0  7  5 14 14 14 15  5],True,True,0.34375,0.4375,[ 6  8 12 13 13  5 14  9  0  2  5 14  2 14 15  5],[ 6  8 15  6 13  5 14  1  0  2  5 14  2 14 15  5],False,True,0.203125,0.265625,0.04,0.0,0.0,1,0,0,0.04,1.0,1.0,1,1,25,1.0,0.0,0.0,25,0,0,1.0,0.0,0.0,25,0,0,0.44,0.6363636363636364,0.72,11,7,18,0.52,0.6923076923076923,0.56,13,9,14,0.64,0.25,0.16,16,4,4,0.56,0.2857142857142857,0.2,14,4,5
"[0.500999   0.         1.00049988 1.00049988 0.         0.
 0.         0.70781353 0.         0.         0.         0.500999
 0.         0.         0.         0.500999   0.         0.
 0.         0.         0.         0.         0.         0.
 0.70781353 0.         0.         0.         0.         0.
 0.         0.         1.00049988 0.         1.00049988 0.
 0.         0.70781353 1.00049988 0.70781353 0.         0.
 0.70781353 0.         0.         0.         0.70781353 0.
 1.00049988 0.         0.         0.         0.         0.500999
 1.00049988 0.         0.         0.         0.500999   0.
 0.70781353 0.         1.00049988 0.500999   0.         0.
 0.         0.         0.500999   0.500999   0.         0.
 0.         0.         1.00049988 0.500999   0.         0.70781353
 0.         0.70781353 0.         0.         0.70781353 0.500999
 0.500999   0.         0.70781353 0.500999   0.         0.
 0.         1.00049988 0.         0.70781353 1.00049988 1.00049988
 0.         0.         1.00049988 1.00049988 0.         0.70781353
 1.00049988 0.         0.         0.         0.         0.
 0.         0.         0.         0.         0.70781353 0.
 0.70781353 0.         0.         0.500999   0.         1.00049988
 0.         0.         1.00049988 0.         1.00049988 0.
 0.         0.         0.         0.70781353 0.         0.
 0.         0.         0.         0.         0.         0.
 0.         0.70781353 0.500999   0.         0.         0.
 0.         0.         0.         0.         0.         0.
 0.         0.         0.         0.         0.         0.70781353
 0.70781353 0.         0.         0.         0.         0.
 0.70781353 0.500999   1.00049988 0.         0.         1.00049988
 0.         0.         1.00049988 0.         1.00049988 0.
 0.         0.         0.500999   0.         0.         0.
 0.500999   1.00049988 0.         0.         0.70781353 0.70781353
 0.         1.00049988 0.         0.         0.         0.
 0.         0.         0.         0.70781353 0.         0.
 0.         1.00049988 0.500999   0.70781353 1.00049988 0.
 0.         0.         0.         0.70781353 0.         0.
 0.         0.         0.70781353 0.70781353 0.         0.
 0.         0.         0.         0.         0.         0.500999
 0.         0.         0.         0.         0.70781353 1.00049988
 0.         1.00049988 0.         0.         0.         0.
 0.         0.         0.         0.         0.         0.
 0.500999   0.         0.         0.500999   0.70781353 1.00049988
 0.         0.         0.         0.         0.         0.
 0.70781353 0.         0.         0.500999  ]",[15  8 14  5  5  3  5  5 12 11  3  4  8  5 14  3],[15  8 14  5  5  3  5  5 12 11  3  4  3  5 14  3],False,False,0.40625,0.609375,"[np.int64(7), np.int64(7), np.int64(3), np.int64(6), np.int64(3), np.int64(10), np.int64(1), np.int64(15), np.int64(5), np.int64(10), np.int64(8), np.int64(10), np.int64(2), np.int64(7), np.int64(15), np.int64(14)]","[np.int64(6), np.int64(9), np.int64(14), np.int64(9), np.int64(14), np.int64(4), np.int64(14), np.int64(12), np.int64(7), np.int64(3), np.int64(15), np.int64(9), np.int64(1), np.int64(3), np.int64(13), np.int64(13)]",False,False,0.0,0.0,[11  8 14  5  5  2  5  5 12 11  3  4  3  5 14  3],[15  8 14 10  5  2  5  2 11 11  2  4  3  5 14  3],True,False,0.34375,0.4375,[15  8 14  5  5  3  5  5 12 11  3  0  8  5 14  3],[11  8 14 10  5  7  5  5 12 11  3  0  8  5 14  3],False,False,0.203125,0.265625,0.04,0.0,0.0,1,0,0,0.04,0.0,0.0,1,0,0,1.0,0.0,0.0,25,0,0,1.0,0.0,0.0,25,0,0,0.76,0.21052631578947367,0.24,19,4,6,0.84,0.0,0.0,21,0,0,0.64,0.0,0.0,16,0,0,0.52,0.0,0.0,13,0,0
"[0.         0.         0.         0.         0.         0.
 0.         1.00049988 0.70781353 0.         0.         0.
 0.70781353 0.         0.         0.70781353 0.         0.
 0.         0.         0.         0.         0.         0.500999
 0.         0.         1.00049988 1.00049988 0.70781353 0.
 0.500999   0.         0.         0.         0.         0.
 0.         0.         0.70781353 0.         0.         0.70781353
 0.         0.         0.         0.         1.00049988 0.
 0.         0.         0.         1.00049988 0.         1.00049988
 0.70781353 0.         0.         0.70781353 0.         0.
 0.70781353 0.70781353 0.         0.70781353 0.         0.
 0.         0.         1.00049988 0.500999   0.         0.
 0.         0.70781353 0.         0.         0.         0.
 0.70781353 0.500999   0.         0.         0.         1.00049988
 0.500999   0.         0.         0.         0.         0.
 0.70781353 0.         0.         0.         0.         0.
 0.         0.         0.70781353 0.70781353 0.         0.
 0.500999   0.         0.         0.         0.         0.
 0.         0.70781353 0.         0.         1.00049988 0.500999
 0.         0.         0.         0.         0.         0.
 0.         0.         0.         0.         0.         0.
 0.         0.70781353 0.70781353 0.         0.         0.
 0.         0.         0.         0.         0.         0.
 0.         0.70781353 0.         0.         0.         0.500999
 0.         0.         0.70781353 0.70781353 0.70781353 0.
 0.         0.         0.         0.         0.         0.
 0.         0.         0.         0.         0.         1.00049988
 0.         0.         0.         0.70781353 0.         0.
 0.         0.         0.         1.00049988 0.         0.
 0.500999   0.         0.         1.00049988 0.         0.
 0.         0.         0.         0.         0.70781353 0.
 1.00049988 0.         0.         0.70781353 0.         0.
 0.70781353 0.70781353 0.         0.70781353 0.         0.
 0.         0.         0.         0.         0.         0.
 0.         1.00049988 0.         0.         0.         0.
 0.         0.70781353 0.         0.         0.70781353 0.
 0.         0.         0.         0.70781353 1.00049988 0.
 0.         0.         0.         0.500999   1.00049988 0.
 0.70781353 0.         0.         0.         0.         0.
 0.500999   0.         0.         0.         1.00049988 0.
 0.70781353 0.         0.         0.70781353 0.500999   0.
 0.         0.70781353 0.500999   0.         0.         0.
 0.         0.         0.         1.00049988]",[15 14  2  9  9  4  2  1 15  2 14  8  3  6  1  4],[15 14  2  6 15  4  2  1 15  2 14  8  3  6  1  4],False,False,0.40625,0.609375,"[np.int64(7), np.int64(4), np.int64(13), np.int64(14), np.int64(6), np.int64(9), np.int64(13), np.int64(12), np.int64(2), np.int64(14), np.int64(9), np.int64(4), np.int64(3), np.int64(7), np.int64(4), np.int64(9)]","[np.int64(6), np.int64(3), np.int64(6), np.int64(11), np.int64(14), np.int64(0), np.int64(1), np.int64(14), np.int64(3), np.int64(12), np.int64(6), np.int64(15), np.int64(0), np.int64(7), np.int64(9), np.int64(9)]",False,False,0.0,0.0,[15 14  2 15  9  4  2  1 15  2  5 13  3  6 10  4],[12 12  2  9 15  4  2 15 15  2  5 13  3  3 10  3],True,False,0.34375,0.4375,[15  7  2 15 15  4  2  1 15  2 14  8  3  3  4  4],[12  7  2  6 15  4  2  1 15  2 14 13  3  6  1  4],False,False,0.203125,0.265625,0.04,0.0,0.0,1,0,0,0.04,0.0,0.0,1,0,0,1.0,0.0,0.0,25,0,0,1.0,0.0,0.0,25,0,0,1.0,0.12,0.12,25,3,3,0.96,0.25,0.24,24,6,6,1.0,0.0,0.0,25,0,0,0.96,0.0,0.0,24,0,0
"[0.         0.         0.         0.500999   0.         0.
 0.         0.         0.500999   0.         0.500999   0.
 0.         0.         1.00049988 0.         0.         0.500999
 0.         0.         0.         0.         0.         0.
 0.         1.00049988 0.         0.         0.         0.
 1.00049988 0.70781353 0.         0.         0.         0.
 0.         1.00049988 0.70781353 0.         0.         0.
 0.70781353 0.70781353 0.         0.70781353 0.500999   0.
 0.500999   0.         0.         0.500999   1.00049988 0.
 0.         0.         0.70781353 1.00049988 1.00049988 0.
 0.         1.00049988 1.00049988 0.         0.         0.
 0.         1.00049988 0.         0.         1.00049988 0.
 0.         1.00049988 0.         0.         0.         0.
 0.500999   0.         0.         0.         1.00049988 0.
 0.         0.         0.         0.70781353 0.         0.
 0.500999   0.         1.00049988 0.         0.         0.
 0.         0.         0.70781353 0.         1.00049988 0.
 0.         0.         0.         0.         0.70781353 0.
 0.70781353 0.         0.         0.         0.         0.
 0.         0.         0.         0.70781353 0.         0.500999
 0.         0.         1.00049988 0.         0.         0.
 0.         0.         0.500999   0.         0.         0.70781353
 0.         0.         0.         0.         0.500999   0.
 0.         0.         0.500999   0.         0.         0.
 0.         1.00049988 0.         1.00049988 1.00049988 0.
 0.         0.         0.         0.         0.         0.
 0.         0.         0.         0.         0.500999   0.
 0.70781353 1.00049988 0.         0.500999   0.70781353 1.00049988
 0.         0.         0.         0.70781353 0.70781353 0.70781353
 0.         0.         0.         0.         0.70781353 0.
 0.         0.         0.         0.         0.         0.
 0.70781353 0.         0.         0.         0.         0.500999
 0.         0.         0.         0.         0.         1.00049988
 0.70781353 0.         0.500999   0.         0.70781353 0.
 0.         0.         0.         0.         0.         0.
 0.70781353 1.00049988 0.         0.         0.         0.
 0.         0.         0.70781353 0.         0.         0.500999
 0.         0.70781353 1.00049988 1.00049988 0.500999   1.00049988
 0.500999   0.         0.         0.         0.         0.
 0.         0.         0.         0.         0.         0.500999
 0.         0.70781353 0.         0.         0.         0.
 0.         0.         0.         0.         0.         0.500999
 0.         0.70781353 0.500999   0.500999  ]",[10 15 14  0 14 10  2  5  0  4  2 15  8 15 14 14],[10 15 14  0 14 10  2  5  0  4  2 15  8 15 14 14],True,True,0.40625,0.609375,"[np.int64(14), np.int64(6), np.int64(15), np.int64(15), np.int64(12), np.int64(9), np.int64(15), np.int64(3), np.int64(15), np.int64(15), np.int64(10), np.int64(10), np.int64(0), np.int64(3), np.int64(5), np.int64(0)]","[np.int64(5), np.int64(10), np.int64(9), np.int64(0), np.int64(14), np.int64(10), np.int64(2), np.int64(13), np.int64(13), np.int64(0), np.int64(4), np.int64(6), np.int64(1), np.int64(14), np.int64(4), np.int64(6)]",False,False,0.0,0.0,[10 15 14  0 14 10  2  5 12  4  2 15  6  2 14 14],[10 15 14  0 14 10  2  5 12  4  2 15  6 15 14 14],False,False,0.34375,0.4375,[10 15 14  0 14 10  2  5  0  4 11 15  8 15 14 14],[ 8 15 14  0 14 10  2  5 12  4  0 15  8 15 14 14],True,False,0.203125,0.265625,0.04,1.0,1.0,1,1,25,0.04,1.0,1.0,1,1,25,1.0,0.0,0.0,25,0,0,1.0,0.0,0.0,25,0,0,0.36,0.3333333333333333,0.48,9,3,12,0.32,0.25,0.36,8,2,9,0.64,0.3125,0.4,16,5,10,0.56,0.14285714285714285,0.2,14,2,5
"[1.00049988 0.70781353 0.         1.00049988 0.         0.
 0.         0.         0.         0.         0.         0.
 0.         0.         0.         0.500999   0.70781353 0.
 0.         0.         0.         0.         0.500999   0.
 0.500999   0.70781353 0.70781353 0.         0.         0.
 0.         0.         0.         0.         1.00049988 0.
 0.         0.         0.         0.500999   0.         0.
 0.         0.70781353 0.         0.         0.         0.70781353
 1.00049988 0.         0.         1.00049988 0.500999   0.
 0.         1.00049988 0.         0.70781353 0.         0.
 0.         1.00049988 0.500999   0.         0.         0.
 0.         0.500999   0.500999   0.         0.70781353 0.
 0.70781353 0.70781353 0.         0.         0.70781353 0.500999
 0.         0.70781353 0.         0.         0.         0.
 0.         0.500999   0.500999   0.         0.         0.
 0.         0.         0.         0.70781353 1.00049988 0.
 0.         0.500999   0.         0.         0.70781353 0.500999
 1.00049988 0.         0.70781353 0.         0.70781353 0.500999
 1.00049988 0.         0.70781353 0.70781353 0.         0.
 0.500999   1.00049988 0.         0.         0.         0.
 0.         1.00049988 1.00049988 0.70781353 0.         0.
 0.         0.         0.         0.500999   0.         0.
 0.70781353 0.         0.70781353 0.         0.         0.70781353
 0.500999   0.         0.         0.70781353 1.00049988 0.70781353
 0.         0.70781353 0.         0.70781353 0.70781353 0.
 0.         1.00049988 0.70781353 0.500999   0.         0.
 0.         0.         0.         0.500999   0.         0.70781353
 0.         0.         0.         0.         0.70781353 1.00049988
 0.500999   0.         0.         0.         0.         0.
 0.         0.         0.         0.         0.70781353 0.
 0.         0.         0.500999   0.70781353 0.         0.
 0.         0.500999   0.         0.         0.500999   1.00049988
 0.         0.         0.         0.         0.70781353 0.
 1.00049988 0.         0.         0.         0.         0.
 0.         0.         0.         0.         0.         0.
 0.         1.00049988 0.500999   0.70781353 0.         0.
 0.70781353 0.         0.         0.         0.         0.
 0.         0.         0.         0.         0.         0.500999
 0.         1.00049988 0.70781353 0.         1.00049988 0.
 0.         0.500999   0.         0.         0.500999   0.70781353
 0.500999   0.         0.70781353 0.         0.70781353 0.
 0.70781353 0.         0.70781353 0.500999   0.         1.00049988
 0.         0.         0.70781353 0.500999  ]",[15  6  7  4  4  6 11 11  1 15  8 14  4  4  3  9],[15  6  7  4  4  6 11 11  1 15  8 14  4  4  3  0],False,False,0.40625,0.609375,"[np.int64(8), np.int64(1), np.int64(14), np.int64(14), np.int64(2), np.int64(12), np.int64(8), np.int64(11), np.int64(6), np.int64(11), np.int64(4), np.int64(6), np.int64(14), np.int64(2), np.int64(2), np.int64(0)]","[np.int64(0), np.int64(7), np.int64(1), np.int64(7), np.int64(6), np.int64(0), np.int64(5), np.int64(8), np.int64(7), np.int64(1), np.int64(6), np.int64(15), np.int64(5), np.int64(15), np.int64(3), np.int64(8)]",False,False,0.0,0.0,[15  6  7  4  4  6 11 11  1  4  8 14  4  4  3  9],[15  6  7  4  4  6 11 11  1  4  8 14  4  4  3  4],True,False,0.34375,0.4375,[15  6  7  4  4  6 11  2  1  4  8 14  4  4  3  0],[15  6  7  4  4  6 11 11  1 15  8 14  4  4  3  9],False,False,0.203125,0.265625,0.04,0.0,0.0,1,0,0,0.04,0.0,0.0,1,0,0,1.0,0.0,0.0,25,0,0,1.0,0.0,0.0,25,0,0,0.48,0.25,0.12,12,3,3,0.44,0.2727272727272727,0.32,11,3,8,0.24,0.0,0.0,6,0,0,0.32,0.0,0.0,8,0,0
"[0.500999   0.         1.00049988 0.         0.70781353 0.70781353
 0.         0.70781353 0.         0.         0.         0.
 0.         0.70781353 0.         0.         0.         0.
 0.         0.         0.         0.         0.         0.70781353
 0.500999   0.         0.         0.         0.         0.
 0.         0.70781353 1.00049988 0.         0.500999   0.
 0.         0.         0.         0.         0.70781353 0.
 0.         0.         0.70781353 0.         0.         0.
 0.         0.         0.         0.         0.70781353 0.
 0.         0.         0.         0.         0.         0.
 0.         0.         0.         0.         0.70781353 0.
 0.         0.70781353 0.500999   0.         0.70781353 0.
 0.         0.         0.         0.         0.         0.
 0.         0.         0.70781353 0.         0.         0.
 0.         0.500999   0.         0.         0.         0.
 0.         0.500999   0.         0.         0.         0.
 0.         0.         0.         0.         0.70781353 0.
 1.00049988 0.         0.         0.         0.         0.
 0.         0.         0.         0.         0.70781353 0.70781353
 0.         0.         0.         0.         0.         0.
 0.         0.         0.         0.70781353 0.         0.
 1.00049988 0.         0.         0.500999   0.70781353 0.
 0.         0.         0.         0.         1.00049988 0.
 0.         0.         0.         0.         0.500999   0.
 0.         0.         0.         0.         0.         0.
 0.         0.         0.         1.00049988 0.         0.
 0.         0.         0.         0.         0.         0.
 0.         0.         0.         0.         0.         0.
 0.         0.         0.         0.         0.         0.
 0.         0.         0.         0.         0.         0.
 0.         0.500999   0.         0.70781353 0.         0.
 0.         0.         0.         0.         0.         0.
 0.         0.         0.70781353 0.         0.         0.
 0.         0.         0.         0.         0.         0.
 0.500999   0.         0.         0.500999   0.70781353 0.
 0.         0.         0.         0.         0.         0.
 0.         0.         0.         0.         0.         0.
 0.70781353 0.         0.         0.         0.         0.
 0.         0.         0.         1.00049988 0.500999   0.
 0.         0.         0.         0.70781353 0.         0.
 0.         0.70781353 0.         0.         0.         0.
 0.         0.         0.         0.         0.         0.
 0.500999   0.         0.         1.00049988]",[ 7  8  2  4  0 11  4  1  2  9 10  7  2 14  8 12],[ 7  8  2  4  0 11  4  1  2  9 10  7  2 14  8 12],True,True,0.40625,0.609375,"[np.int64(11), np.int64(8), np.int64(15), np.int64(14), np.int64(6), np.int64(5), np.int64(10), np.int64(15), np.int64(8), np.int64(6), np.int64(5), np.int64(9), np.int64(12), np.int64(0), np.int64(9), np.int64(13)]","[np.int64(12), np.int64(6), np.int64(7), np.int64(4), np.int64(3), np.int64(12), np.int64(9), np.int64(1), np.int64(2), np.int64(14), np.int64(4), np.int64(6), np.int64(12), np.int64(7), np.int64(15), np.int64(10)]",False,False,0.0,0.0,[ 7  8  2  4  0 11  4  1  2  9 10  7  2 14  8  1],[13  8  2  4  0 11  4  1  2  9 10  7  2 14  8 12],False,True,0.34375,0.4375,[ 7  8  2  4  0 11  4  1  1  9 10  5 15  0  8 12],[13  8  2  4  0 11  4  1  1  9 10  5 15 14  8 12],False,False,0.203125,0.265625,0.04,1.0,1.0,1,1,25,0.04,1.0,1.0,1,1,25,1.0,0.0,0.0,25,0,0,1.0,0.0,0.0,25,0,0,0.52,0.38461538461538464,0.56,13,5,14,0.44,0.2727272727272727,0.4,11,3,10,0.44,0.0,0.0,11,0,0,0.48,0.08333333333333333,0.04,12,1,1
"[0.         0.70781353 0.         0.         0.         0.
 0.70781353 0.         0.         0.500999   0.         0.
 0.         0.70781353 0.         0.         0.70781353 0.
 0.         0.         0.70781353 0.         0.         0.
 0.70781353 0.70781353 0.         0.500999   0.         0.
 0.         0.         0.         0.         0.500999   0.
 0.         0.         0.         0.         0.         0.70781353
 0.         0.         0.         0.         0.70781353 0.
 0.         0.         0.         0.500999   0.         0.500999
 0.         0.         0.         0.         0.70781353 0.
 0.         0.         0.         0.500999   0.         0.70781353
 0.         0.         0.         0.         0.         0.
 0.         0.         0.         0.500999   0.         0.
 0.         0.70781353 0.         0.         0.         0.500999
 0.         0.500999   0.         0.         0.         0.
 0.         0.         0.         0.         0.70781353 1.00049988
 0.70781353 0.         0.         0.         0.         0.
 0.         0.         0.         0.70781353 0.         0.70781353
 0.         1.00049988 0.70781353 0.         0.         0.
 0.         0.         0.         0.         0.         0.
 0.         1.00049988 0.         1.00049988 0.         0.500999
 0.         0.         0.         0.70781353 0.         0.
 0.         0.         0.         0.         0.         0.
 0.         0.         0.         1.00049988 0.         0.
 0.500999   0.70781353 0.70781353 0.         0.         0.
 0.70781353 1.00049988 0.         0.         0.         0.
 0.         0.         0.         0.500999   0.         0.
 0.         0.70781353 0.         0.         0.         0.
 0.         0.         1.00049988 0.         0.         0.
 0.         0.         0.         0.500999   0.         0.
 0.500999   0.         0.70781353 1.00049988 0.         0.
 0.         0.500999   0.         0.70781353 0.         0.
 0.         0.         0.         0.         0.         0.
 0.         0.         0.         0.         0.         0.
 0.         0.70781353 1.00049988 1.00049988 0.70781353 0.
 0.         0.         0.         0.         1.00049988 0.500999
 1.00049988 0.         0.         0.70781353 0.70781353 1.00049988
 0.         0.70781353 0.         0.         0.70781353 0.
 0.         0.70781353 0.70781353 0.         0.         0.
 0.         0.         1.00049988 0.         1.00049988 0.500999
 0.         0.         0.         0.500999   0.70781353 1.00049988
 0.         0.         0.         0.500999   0.         0.
 1.00049988 0.70781353 0.500999   0.500999  ]",[ 9 11  2 15 11  3  9 13  1 15  3  1 13 15 15  9],[ 9 11  2 15 11  3  9 13  1  2  3  4 13 15 15  9],False,False,0.40625,0.609375,"[np.int64(4), np.int64(8), np.int64(6), np.int64(11), np.int64(6), np.int64(13), np.int64(4), np.int64(5), np.int64(6), np.int64(5), np.int64(4), np.int64(11), np.int64(15), np.int64(10), np.int64(8), np.int64(2)]","[np.int64(13), np.int64(8), np.int64(14), np.int64(10), np.int64(14), np.int64(10), np.int64(9), np.int64(14), np.int64(9), np.int64(12), np.int64(1), np.int64(10), np.int64(4), np.int64(2), np.int64(0), np.int64(6)]",False,False,0.0,0.0,[ 9  9  2 15 15  3  9 13  1  2  3  6 13 15  2  9],[ 9  9  2 15 15  3  9 13  1  2  3  4 13  0 15  9],False,False,0.34375,0.4375,[ 9 11  2 15 11  3  9 13  1 15  3  4 13 15 15 14],[ 9 11  2 15 11  3  9 13  1  2  3  1 13  0 15 14],False,False,0.203125,0.265625,0.04,0.0,0.0,1,0,0,0.04,0.0,0.0,1,0,0,1.0,0.0,0.0,25,0,0,1.0,0.0,0.0,25,0,0,0.92,0.043478260869565216,0.04,23,1,1,0.68,0.17647058823529413,0.16,17,3,4,0.88,0.0,0.0,22,0,0,0.72,0.0,0.0,18,0,0
"[0.         0.         0.         0.         0.         0.
 0.         0.         0.500999   0.         0.         0.
 0.         0.70781353 0.         0.         0.         1.00049988
 0.         1.00049988 1.00049988 0.         0.         0.
 0.500999   0.         0.         0.         0.         0.
 1.00049988 0.         0.         0.         1.00049988 0.
 0.70781353 0.70781353 0.70781353 0.         0.         0.70781353
 0.70781353 0.         0.         0.         0.500999   0.
 0.         1.00049988 0.         0.         0.         0.
 0.         0.         0.         0.         0.70781353 0.70781353
 0.         1.00049988 0.         0.         0.         1.00049988
 0.70781353 0.         0.500999   0.70781353 0.         0.70781353
 0.         0.         0.         0.         0.         0.
 0.         0.         0.         0.         0.70781353 0.
 0.70781353 1.00049988 0.         0.70781353 0.         0.
 0.         0.         1.00049988 0.         0.         0.
 0.         0.         0.70781353 0.         0.         0.
 1.00049988 0.70781353 0.         0.70781353 0.         1.00049988
 0.         0.         0.         0.         0.         0.
 0.         0.         0.70781353 0.70781353 0.70781353 0.
 0.         0.         0.         0.         0.         0.500999
 0.         0.         0.500999   0.500999   0.         0.
 0.         0.         0.         0.         0.         0.
 0.70781353 0.         0.         0.         0.         0.
 0.         0.         0.70781353 0.         0.         0.
 0.70781353 0.         0.         0.500999   0.         1.00049988
 0.500999   0.         0.         0.         0.         0.
 0.70781353 0.70781353 0.         0.         0.         0.
 0.70781353 0.         0.500999   0.         0.500999   0.
 0.         0.         0.         0.         0.         0.70781353
 0.         0.         1.00049988 0.         0.         1.00049988
 0.         0.         0.500999   0.         0.         0.
 0.         0.         0.         0.         0.         1.00049988
 0.         0.         0.         0.500999   0.500999   0.500999
 0.500999   0.500999   0.         0.         0.70781353 0.
 0.         1.00049988 0.         0.         0.         0.500999
 0.         0.         0.         0.         0.500999   0.
 0.         0.         0.         1.00049988 0.500999   0.
 0.         0.         0.         0.         0.         0.
 0.         0.         0.         0.         0.500999   1.00049988
 0.         0.         0.         0.         0.         0.
 0.         0.         0.         0.         0.         0.
 0.         0.         1.00049988 1.00049988]",[13  8  9 11  7  7  7 13  0 12 12 12 13 13  2 14],[13  8 10 10  7  7  7 13  0 12 12 12 13 13  2 14],True,True,0.40625,0.609375,"[np.int64(15), np.int64(10), np.int64(4), np.int64(15), np.int64(7), np.int64(7), np.int64(15), np.int64(5), np.int64(5), np.int64(9), np.int64(7), np.int64(11), np.int64(4), np.int64(5), np.int64(2), np.int64(2)]","[np.int64(11), np.int64(10), np.int64(1), np.int64(6), np.int64(14), np.int64(7), np.int64(0), np.int64(5), np.int64(3), np.int64(6), np.int64(4), np.int64(3), np.int64(7), np.int64(14), np.int64(1), np.int64(5)]",False,False,0.0,0.0,[13  8 10 10  7  7  9 13 10 12 12 12 13 13  2 14],[13  8  9 10  7  7  7 13  0 12 12 12 13 13  2 14],False,True,0.34375,0.4375,[ 8  8 10 10  7  7  7 13  0 12 12 12 13 13  2 14],[ 8  8 10 11  7  7  9 13  0 12 12 12 13 13  2 14],False,False,0.203125,0.265625,0.04,1.0,1.0,1,1,25,0.04,1.0,1.0,1,1,25,1.0,0.0,0.0,25,0,0,1.0,0.0,0.0,25,0,0,0.44,0.7272727272727273,0.76,11,8,19,0.48,0.6666666666666666,0.72,12,8,18,0.72,0.3333333333333333,0.36,18,6,9,0.56,0.42857142857142855,0.36,14,6,9
"[0.500999   0.         0.         0.         0.70781353 0.
 0.70781353 0.         1.00049988 0.         0.         0.
 0.         0.         0.500999   0.         0.         0.
 0.         0.500999   0.         0.         0.         0.
 0.         0.         0.         0.70781353 1.00049988 0.
 0.70781353 0.         0.         0.         0.         0.
 0.         0.         0.         1.00049988 0.         0.
 0.70781353 0.70781353 0.70781353 0.         0.70781353 0.70781353
 0.         0.500999   0.         1.00049988 0.         0.
 1.00049988 0.         0.500999   0.         0.         0.
 1.00049988 0.70781353 0.70781353 0.         0.70781353 0.
 0.         0.         0.         0.         0.         0.
 0.500999   0.         0.         0.         0.500999   0.
 0.         0.         0.         0.         0.         0.
 0.         0.         0.         0.         0.70781353 0.
 0.         0.         0.         0.         0.         0.
 0.70781353 0.         0.         1.00049988 0.         0.
 0.500999   0.70781353 0.         0.         0.         0.
 0.         0.         0.         0.         0.         0.
 1.00049988 0.         0.         0.         0.70781353 0.
 0.         0.         0.         0.70781353 0.         0.
 0.         0.         1.00049988 0.         0.         0.500999
 0.500999   0.70781353 0.         0.         1.00049988 0.
 0.         0.         0.         0.500999   0.         0.
 0.         0.         0.         0.         0.         0.
 0.         0.         0.         0.         0.         0.70781353
 0.70781353 0.         0.         0.         0.         0.
 0.70781353 0.         0.         0.         0.         0.
 0.         0.         0.500999   0.         0.         0.
 0.         0.70781353 0.         0.70781353 0.70781353 0.
 0.         0.         0.         0.70781353 0.         0.70781353
 0.         0.500999   0.         0.70781353 0.         0.
 0.         1.00049988 0.70781353 1.00049988 0.500999   0.
 0.         0.         0.         0.70781353 0.         0.
 1.00049988 0.70781353 0.         0.         0.         0.
 0.         0.70781353 0.         0.         0.         0.
 0.500999   0.         0.         0.70781353 0.70781353 0.
 1.00049988 0.         0.500999   0.70781353 0.70781353 0.70781353
 0.         0.         0.         0.         0.         0.
 0.         0.         0.         1.00049988 0.         0.
 0.         0.         0.70781353 0.         0.         0.
 0.         0.         0.         0.         0.70781353 0.
 0.         0.         0.         0.        ]",[14  3 14 14  8  8  0  6  4 12  2  2  4  8 14  2],[14  3 14  8  8  8  0  6  3 12  2  1  4  8 14  2],False,False,0.40625,0.609375,"[np.int64(6), np.int64(4), np.int64(6), np.int64(4), np.int64(0), np.int64(15), np.int64(15), np.int64(5), np.int64(6), np.int64(12), np.int64(4), np.int64(1), np.int64(11), np.int64(0), np.int64(14), np.int64(9)]","[np.int64(8), np.int64(5), np.int64(8), np.int64(1), np.int64(13), np.int64(14), np.int64(6), np.int64(15), np.int64(10), np.int64(15), np.int64(12), np.int64(8), np.int64(2), np.int64(6), np.int64(0), np.int64(7)]",False,False,0.0,0.0,[14 14 14 14 12  8  0  6  3 12  2  1  2  8 14 10],[14 14 14 14  0  8  0 11  3 11  2  1  4  8 14  2],False,False,0.34375,0.4375,[14  3 14  1 12  8  0  6  3 11  2  1  4  8 14  2],[14  3 14  8  8  8  0 11  3 11  2  2  4  8 14  2],False,False,0.203125,0.265625,0.04,0.0,0.0,1,0,0,0.04,0.0,0.0,1,0,0,1.0,0.0,0.0,25,0,0,1.0,0.0,0.0,25,0,0,1.0,0.12,0.12,25,3,3,0.96,0.25,0.28,24,6,7,0.92,0.043478260869565216,0.04,23,1,1,0.8,0.0,0.0,20,0,0
"[0.500999   0.         0.         0.         0.         0.
 0.         1.00049988 0.         0.         0.         0.70781353
 0.         0.         0.         0.         0.         1.00049988
 0.70781353 0.70781353 0.500999   0.         0.         0.
 0.         0.70781353 0.         0.         0.         0.
 0.         0.         0.         0.70781353 1.00049988 1.00049988
 0.         0.500999   0.         0.         0.         0.70781353
 0.500999   0.         0.         0.         0.         0.
 0.         0.70781353 1.00049988 0.500999   0.         0.
 0.         0.         0.         0.         0.         0.
 0.         0.         0.         1.00049988 0.         0.500999
 0.         0.         0.         0.         0.         0.
 0.         0.         0.         0.         0.         0.
 0.         0.         0.         0.         0.500999   0.
 0.         0.         0.         0.         0.         0.70781353
 0.         0.         0.         0.500999   0.500999   0.
 0.         0.         0.         0.         0.         0.
 0.         0.         0.70781353 0.         0.         0.
 0.         0.         0.         0.         1.00049988 0.
 0.         0.         0.         0.         0.         0.
 0.         0.         0.         0.500999   0.         0.
 0.         0.500999   0.         0.         0.         0.
 0.         0.         0.70781353 0.         0.         0.
 0.         0.70781353 0.         0.         0.         0.
 0.         0.70781353 0.70781353 0.         0.         0.70781353
 0.         0.         0.         1.00049988 0.         0.
 0.         0.         0.         0.         0.         0.
 0.500999   0.         0.         0.         0.         0.
 0.         0.         0.         0.         0.         0.
 0.         0.         0.70781353 0.         0.         0.
 0.         0.         0.         0.500999   0.70781353 0.
 0.         1.00049988 0.70781353 0.         0.70781353 1.00049988
 0.         0.         0.         0.         0.         0.
 0.         0.         0.         0.         0.         0.70781353
 0.500999   0.         0.         0.         0.         0.
 0.         0.         0.         0.500999   0.         0.
 0.         0.         0.         0.         0.         0.500999
 0.         0.         0.         0.         0.         0.
 0.         0.500999   0.         0.         0.         0.
 0.         0.70781353 0.         0.         1.00049988 0.
 0.         0.         0.         1.00049988 0.         0.
 0.         0.500999   0.         0.         0.         1.00049988
 0.         0.         0.         1.00049988]",[11  2  5  1  1 14  8  7 11  5  2  7 11  5 11  7],[11  2  5  1  1 14  8  7 11  5  2  7 11  5 11  7],True,True,0.40625,0.609375,"[np.int64(4), np.int64(6), np.int64(2), np.int64(3), np.int64(8), np.int64(7), np.int64(1), np.int64(6), np.int64(10), np.int64(1), np.int64(6), np.int64(7), np.int64(7), np.int64(8), np.int64(3), np.int64(4)]","[np.int64(5), np.int64(15), np.int64(10), np.int64(1), np.int64(10), np.int64(7), np.int64(5), np.int64(1), np.int64(10), np.int64(4), np.int64(4), np.int64(3), np.int64(4), np.int64(2), np.int64(9), np.int64(10)]",False,False,0.0,0.0,[11  2  5  1  1 14  8  7 11  5  2  7 11  5 11  7],[11  2  5  1  1 14  8  7 11  5  2  7 11  5 11  7],True,True,0.34375,0.4375,[11  2  5  1  1 14  8  7 11  5  2  7 11  5 11  7],[11  2  5  1  1 14  8  7 11  5  2  7 11  5 11  7],True,True,0.203125,0.265625,0.04,1.0,1.0,1,1,25,0.04,1.0,1.0,1,1,25,1.0,0.0,0.0,25,0,0,1.0,0.0,0.0,25,0,0,0.08,0.5,0.8,2,1,20,0.04,1.0,1.0,1,1,25,0.12,0.3333333333333333,0.68,3,1,17,0.04,1.0,1.0,1,1,25
"[0.         0.500999   0.500999   0.         0.         0.
 1.00049988 0.500999   0.         0.         0.         0.
 1.00049988 0.         1.00049988 0.         0.500999   0.
 0.70781353 0.         0.         0.500999   0.         0.
 0.70781353 0.70781353 0.         0.         0.         0.70781353
 0.         0.         0.500999   0.70781353 0.         0.
 0.         0.         0.70781353 1.00049988 0.         0.
 0.500999   0.         0.         0.         0.70781353 0.70781353
 0.         0.         0.         0.         0.         0.
 0.         0.70781353 0.70781353 0.         0.         1.00049988
 0.         0.70781353 0.         0.500999   0.         0.
 0.         0.         0.         0.         0.         1.00049988
 0.500999   0.         0.         0.         0.         0.70781353
 0.70781353 0.         0.         0.500999   0.         0.
 0.         0.500999   0.         0.         0.         0.
 0.         0.         0.         0.         0.         0.
 1.00049988 0.         0.70781353 0.         0.         0.
 0.         0.         0.         0.         0.         0.
 0.         0.         0.         1.00049988 0.500999   0.
 1.00049988 0.70781353 1.00049988 0.         0.         0.
 0.500999   0.         0.         0.         0.         0.
 0.         0.70781353 0.         0.70781353 0.         0.70781353
 0.500999   0.         0.         0.500999   0.         0.
 0.         0.         0.         1.00049988 0.         0.
 0.         0.70781353 0.         0.         0.         0.
 0.         0.         0.         0.         0.         0.
 0.70781353 0.70781353 0.         1.00049988 0.         0.
 0.500999   0.         0.         0.         0.         0.
 0.         0.         0.500999   0.         0.         0.
 0.         0.         0.         0.         0.         1.00049988
 0.         0.         0.         0.         0.         0.
 0.         0.         0.70781353 0.         0.         0.
 1.00049988 0.         0.         0.         0.         0.
 0.         0.         0.         0.70781353 0.         0.70781353
 0.         0.70781353 0.70781353 0.         0.         0.70781353
 0.         0.70781353 0.70781353 0.         0.         0.
 1.00049988 0.70781353 0.         0.         0.70781353 0.
 0.         0.         1.00049988 0.         0.70781353 0.
 0.70781353 0.         0.         0.         0.         0.
 0.         0.         0.70781353 0.         1.00049988 0.
 0.         0.         0.70781353 0.500999   0.         0.
 1.00049988 0.70781353 0.         1.00049988 0.         0.
 0.         0.         0.         0.500999  ]",[ 7  0  0 15  8  1  2 15  7 13  2 12 13  3  4 15],[ 7  0  0 15  8  1  2  8  7  1  2 12 13  3  4 15],True,False,0.40625,0.609375,"[np.int64(0), np.int64(4), np.int64(0), np.int64(11), np.int64(7), np.int64(4), np.int64(11), np.int64(12), np.int64(9), np.int64(15), np.int64(15), np.int64(7), np.int64(2), np.int64(0), np.int64(7), np.int64(9)]","[np.int64(8), np.int64(2), np.int64(9), np.int64(11), np.int64(9), np.int64(5), np.int64(13), np.int64(6), np.int64(7), np.int64(0), np.int64(8), np.int64(13), np.int64(10), np.int64(9), np.int64(4), np.int64(4)]",False,False,0.0,0.0,[ 7  0 15 15  8  1  2 15  7  1  2 12 13  3  4 15],[ 7  0  0 15 13  1  2 15  7 13  2 12 13  3  2 15],False,False,0.34375,0.4375,[ 2  0 15 15  8  1  2  0  4  1  2 12 13  3  2 15],[ 7  0  0 15  8  1  2  8  7  1  2 12 13  3  4 15],False,False,0.203125,0.265625,0.04,1.0,1.0,1,1,25,0.04,0.0,0.0,1,0,0,1.0,0.0,0.0,25,0,0,1.0,0.0,0.0,25,0,0,0.92,0.043478260869565216,0.04,23,1,1,0.84,0.3333333333333333,0.32,21,7,8,0.88,0.09090909090909091,0.08,22,2,2,0.92,0.08695652173913043,0.08,23,2,2
"[0.500999   0.70781353 0.         0.         0.500999   0.
 1.00049988 0.         0.         0.         0.500999   0.70781353
 0.         0.         0.         0.         0.70781353 1.00049988
 0.         0.         0.500999   0.         0.70781353 0.70781353
 0.         0.         0.70781353 0.         0.         0.
 0.         0.         0.         0.         0.         1.00049988
 0.         0.         0.70781353 0.         0.70781353 0.
 0.70781353 0.         0.         0.         0.         0.70781353
 0.         0.         1.00049988 0.         0.70781353 0.
 0.70781353 0.         0.500999   0.         0.500999   0.
 0.         0.         0.         0.         0.500999   0.500999
 0.         0.70781353 1.00049988 1.00049988 0.         0.
 0.         0.         0.70781353 0.         0.70781353 0.70781353
 0.         0.70781353 0.         0.         0.         0.
 1.00049988 0.         0.500999   0.500999   0.500999   0.70781353
 0.         0.         0.500999   0.         0.         0.
 1.00049988 0.70781353 0.70781353 0.70781353 0.         0.500999
 0.         0.         0.         0.70781353 0.         0.
 0.500999   0.70781353 0.         0.500999   0.         0.70781353
 0.         0.         0.         0.500999   0.         0.
 0.         0.500999   0.         0.70781353 0.70781353 1.00049988
 0.         0.         0.         0.         0.70781353 0.500999
 0.         0.500999   0.         0.         0.500999   0.
 0.         0.         0.         0.         0.         0.
 0.         0.         0.         0.         0.         0.70781353
 0.70781353 0.500999   0.         0.500999   0.         0.
 0.         0.         0.         0.         0.500999   0.70781353
 0.70781353 0.500999   0.70781353 0.         0.         0.
 0.         0.         0.         1.00049988 0.         0.
 0.         0.         0.70781353 0.         0.         0.
 0.         0.         0.         0.70781353 0.         0.
 1.00049988 0.         0.70781353 0.70781353 0.         0.70781353
 0.         0.         0.         0.         0.70781353 0.500999
 0.500999   0.70781353 0.         0.         0.         0.70781353
 1.00049988 0.500999   0.         0.         0.         0.
 0.         0.         0.70781353 0.         0.70781353 1.00049988
 0.         0.         0.         0.70781353 0.500999   0.500999
 0.70781353 0.         0.         0.         0.         0.
 0.         0.         0.         0.         0.         0.
 0.         0.         0.         0.70781353 0.         0.
 0.         0.         0.70781353 0.         0.70781353 0.
 0.500999   0.         0.         0.         0.         0.70781353
 0.         0.         0.         0.        ]",[ 4  1 10 10  1  8  5  5  3  7  0  0  5 12 13  6],[ 4  1 10 10  1  8  5  5  3  7  0  0  5 12 13  6],True,True,0.40625,0.609375,"[np.int64(9), np.int64(9), np.int64(1), np.int64(9), np.int64(7), np.int64(10), np.int64(4), np.int64(1), np.int64(1), np.int64(13), np.int64(0), np.int64(6), np.int64(10), np.int64(8), np.int64(15), np.int64(15)]","[np.int64(6), np.int64(10), np.int64(0), np.int64(10), np.int64(14), np.int64(6), np.int64(12), np.int64(10), np.int64(6), np.int64(1), np.int64(14), np.int64(0), np.int64(15), np.int64(0), np.int64(5), np.int64(11)]",False,False,0.0,0.0,[ 4  1 10 10  1  8 12  5  3  7  0  0  5 12 13  4],[ 4  1 10 10  1  8  5  5  3  7  0  0  5 12 13  6],False,True,0.34375,0.4375,[ 4  1 10 10  1  8  5  5  3  7  0  0  5 12 13  6],[ 4  1 10 10  1  8  5  5  3  7  0  0  5 12 13  6],True,True,0.203125,0.265625,0.04,1.0,1.0,1,1,25,0.04,1.0,1.0,1,1,25,1.0,0.0,0.0,25,0,0,1.0,0.0,0.0,25,0,0,0.48,0.25,0.48,12,3,12,0.04,1.0,1.0,1,1,25,0.28,0.5714285714285714,0.72,7,4,18,0.04,1.0,1.0,1,1,25
"[1.00049988 0.70781353 0.         1.00049988 0.         0.
 0.         0.         0.         0.         0.         0.
 0.         0.         0.         0.500999   0.70781353 0.
 0.         0.         0.         0.         0.500999   0.
 0.500999   0.70781353 0.70781353 0.         0.         0.
 0.         0.         0.         0.         1.00049988 0.
 0.         0.         0.         0.500999   0.         0.
 0.         0.70781353 0.         0.         0.         0.70781353
 1.00049988 0.         0.         1.00049988 0.500999   0.
 0.         1.00049988 0.         0.70781353 0.         0.
 0.         1.00049988 0.500999   0.         0.         0.
 0.         0.500999   0.500999   0.         0.70781353 0.
 0.70781353 0.70781353 0.         0.         0.70781353 0.500999
 0.         0.70781353 0.         0.         0.         0.
 0.         0.500999   0.500999   0.         0.         0.
 0.         0.         0.         0.70781353 1.00049988 0.
 0.         0.500999   0.         0.         0.70781353 0.500999
 1.00049988 0.         0.70781353 0.         0.70781353 0.500999
 1.00049988 0.         0.70781353 0.70781353 0.         0.
 0.500999   1.00049988 0.         0.         0.         0.
 0.         1.00049988 1.00049988 0.70781353 0.         0.
 0.         0.         0.         0.500999   0.         0.
 0.70781353 0.         0.70781353 0.         0.         0.70781353
 0.500999   0.         0.         0.70781353 1.00049988 0.70781353
 0.         0.70781353 0.         0.70781353 0.70781353 0.
 0.         1.00049988 0.70781353 0.500999   0.         0.
 0.         0.         0.         0.500999   0.         0.70781353
 0.         0.         0.         0.         0.70781353 1.00049988
 0.500999   0.         0.         0.         0.         0.
 0.         0.         0.         0.         0.70781353 0.
 0.         0.         0.500999   0.70781353 0.         0.
 0.         0.500999   0.         0.         0.500999   1.00049988
 0.         0.         0.         0.         0.70781353 0.
 1.00049988 0.         0.         0.         0.         0.
 0.         0.         0.         0.         0.         0.
 0.         1.00049988 0.500999   0.70781353 0.         0.
 0.70781353 0.         0.         0.         0.         0.
 0.         0.         0.         0.         0.         0.500999
 0.         1.00049988 0.70781353 0.         1.00049988 0.
 0.         0.500999   0.         0.         0.500999   0.70781353
 0.500999   0.         0.70781353 0.         0.70781353 0.
 0.70781353 0.         0.70781353 0.500999   0.         1.00049988
 0.         0.         0.70781353 0.500999  ]",[15  6  7  4  4  6 11 11  1 15  8 14  4  4  3  9],[15  6  7  4  4  6 11 11  1 15  8 14  4  4  3  0],False,False,0.40625,0.609375,"[np.int64(2), np.int64(8), np.int64(9), np.int64(6), np.int64(11), np.int64(2), np.int64(9), np.int64(0), np.int64(2), np.int64(6), np.int64(1), np.int64(7), np.int64(13), np.int64(4), np.int64(10), np.int64(7)]","[np.int64(2), np.int64(14), np.int64(10), np.int64(4), np.int64(15), np.int64(2), np.int64(14), np.int64(11), np.int64(12), np.int64(6), np.int64(9), np.int64(15), np.int64(1), np.int64(7), np.int64(0), np.int64(5)]",False,False,0.0,0.0,[15  6 11  4  4  6 11  2  1  4  8 14  4  4  3  9],[15  6 11  4  4  6 11  2  1  4  8 14  4  4  3  9],True,True,0.34375,0.4375,[15  6  7  4  4  6 11 11  1 15  8 14  4  4  3  9],[15  6 11  4  4  6 11  2  1 15  8 14  4  4  3  0],False,False,0.203125,0.265625,0.04,0.0,0.0,1,0,0,0.04,0.0,0.0,1,0,0,1.0,0.0,0.0,25,0,0,1.0,0.0,0.0,25,0,0,0.4,0.2,0.32,10,2,8,0.44,0.2727272727272727,0.16,11,3,4,0.2,0.0,0.0,5,0,0,0.28,0.0,0.0,7,0,0
"[0.         0.70781353 0.         0.500999   0.70781353 0.
 0.         0.70781353 0.         0.70781353 0.         1.00049988
 0.         0.70781353 0.70781353 0.         0.70781353 1.00049988
 0.         0.         0.         0.         0.70781353 0.
 0.70781353 0.         0.         0.         0.         0.
 0.         0.         0.         0.         0.         0.
 0.         0.         1.00049988 0.         0.         0.
 0.         0.         0.500999   0.         0.         0.
 0.500999   0.         0.         0.         0.         0.
 0.         0.         0.         0.70781353 0.         0.
 0.70781353 0.         0.         0.         0.70781353 0.
 0.         0.         0.500999   0.         0.         0.
 0.         0.         0.         0.         0.70781353 0.
 0.         0.         0.         0.         0.         0.
 0.         0.         0.70781353 0.         0.         0.500999
 0.500999   0.         0.70781353 0.70781353 0.         0.
 0.         0.70781353 1.00049988 0.         0.         0.70781353
 0.         0.         0.         1.00049988 0.         0.
 0.         0.         0.500999   0.         0.70781353 0.
 0.         0.         0.         0.         0.         0.
 0.70781353 0.         0.         0.         0.         0.
 0.         0.         0.         0.70781353 0.         0.
 0.         0.         0.         0.70781353 1.00049988 0.
 0.         0.         0.         0.         0.         0.
 0.70781353 0.         0.         0.70781353 0.         0.500999
 1.00049988 0.         0.         0.500999   0.         0.
 0.         0.500999   0.70781353 0.         0.         0.
 0.         0.         0.         0.500999   0.         0.
 0.         0.         0.         0.70781353 1.00049988 0.500999
 0.         0.         1.00049988 0.         0.         0.
 0.         0.         0.         0.         0.         0.
 0.70781353 0.         0.         0.         0.         0.70781353
 0.         0.         0.500999   0.70781353 0.70781353 0.70781353
 0.         0.         0.         0.         1.00049988 0.
 0.         0.         0.         0.         0.70781353 0.
 0.         0.         0.         0.70781353 0.         0.
 0.         0.500999   0.500999   0.         0.         1.00049988
 0.         1.00049988 0.70781353 0.         0.         0.
 0.         0.         0.500999   0.         0.         0.70781353
 0.         0.         0.         0.         0.         0.500999
 0.         0.         0.         0.         0.         0.
 0.         0.         0.         0.         0.         0.70781353
 0.         1.00049988 0.500999   0.        ]",[14  6 12  9  0 10 14  0  1  5 11 11  5 10 15 11],[13  6 12  0  0 10 14  0  1 13 11 11  5 10 15 11],False,True,0.40625,0.609375,"[np.int64(5), np.int64(15), np.int64(14), np.int64(15), np.int64(2), np.int64(11), np.int64(3), np.int64(5), np.int64(0), np.int64(5), np.int64(15), np.int64(8), np.int64(13), np.int64(6), np.int64(1), np.int64(15)]","[np.int64(15), np.int64(12), np.int64(8), np.int64(4), np.int64(5), np.int64(4), np.int64(11), np.int64(6), np.int64(14), np.int64(12), np.int64(8), np.int64(8), np.int64(1), np.int64(13), np.int64(4), np.int64(15)]",False,False,0.0,0.0,[ 3  6 12 12 12 10 14  8  1  5 11 11  5 10 15 11],[13  0 12  0  0 10 14  0  7 13 11 11  5 10  9 14],True,True,0.34375,0.4375,[ 3  6 12  0  0  9 14  0  1 13  5 11  2 10 15 11],[ 3  6 12  9  0  9 14  0  1 13 13 11  5 10 15 14],False,False,0.203125,0.265625,0.04,0.0,0.0,1,0,0,0.04,1.0,1.0,1,1,25,1.0,0.0,0.0,25,0,0,1.0,0.0,0.0,25,0,0,0.92,0.391304347826087,0.44,23,9,11,0.8,0.3,0.28,20,6,7,1.0,0.04,0.04,25,1,1,0.92,0.0,0.0,23,0,0
"[0.500999   0.70781353 0.         0.         0.500999   0.
 1.00049988 0.         0.         0.         0.500999   0.70781353
 0.         0.         0.         0.         0.70781353 1.00049988
 0.         0.         0.500999   0.         0.70781353 0.70781353
 0.         0.         0.70781353 0.         0.         0.
 0.         0.         0.         0.         0.         1.00049988
 0.         0.         0.70781353 0.         0.70781353 0.
 0.70781353 0.         0.         0.         0.         0.70781353
 0.         0.         1.00049988 0.         0.70781353 0.
 0.70781353 0.         0.500999   0.         0.500999   0.
 0.         0.         0.         0.         0.500999   0.500999
 0.         0.70781353 1.00049988 1.00049988 0.         0.
 0.         0.         0.70781353 0.         0.70781353 0.70781353
 0.         0.70781353 0.         0.         0.         0.
 1.00049988 0.         0.500999   0.500999   0.500999   0.70781353
 0.         0.         0.500999   0.         0.         0.
 1.00049988 0.70781353 0.70781353 0.70781353 0.         0.500999
 0.         0.         0.         0.70781353 0.         0.
 0.500999   0.70781353 0.         0.500999   0.         0.70781353
 0.         0.         0.         0.500999   0.         0.
 0.         0.500999   0.         0.70781353 0.70781353 1.00049988
 0.         0.         0.         0.         0.70781353 0.500999
 0.         0.500999   0.         0.         0.500999   0.
 0.         0.         0.         0.         0.         0.
 0.         0.         0.         0.         0.         0.70781353
 0.70781353 0.500999   0.         0.500999   0.         0.
 0.         0.         0.         0.         0.500999   0.70781353
 0.70781353 0.500999   0.70781353 0.         0.         0.
 0.         0.         0.         1.00049988 0.         0.
 0.         0.         0.70781353 0.         0.         0.
 0.         0.         0.         0.70781353 0.         0.
 1.00049988 0.         0.70781353 0.70781353 0.         0.70781353
 0.         0.         0.         0.         0.70781353 0.500999
 0.500999   0.70781353 0.         0.         0.         0.70781353
 1.00049988 0.500999   0.         0.         0.         0.
 0.         0.         0.70781353 0.         0.70781353 1.00049988
 0.         0.         0.         0.70781353 0.500999   0.500999
 0.70781353 0.         0.         0.         0.         0.
 0.         0.         0.         0.         0.         0.
 0.         0.         0.         0.70781353 0.         0.
 0.         0.         0.70781353 0.         0.70781353 0.
 0.500999   0.         0.         0.         0.         0.70781353
 0.         0.         0.         0.        ]",[ 4  1 10 10  1  8  5  5  3  7  0  0  5 12 13  6],[ 4  1 10 10  1  8  5  5  3  7  0  0  5 12 13  6],True,True,0.40625,0.609375,"[np.int64(1), np.int64(1), np.int64(11), np.int64(8), np.int64(6), np.int64(9), np.int64(10), np.int64(12), np.int64(5), np.int64(6), np.int64(1), np.int64(5), np.int64(13), np.int64(8), np.int64(15), np.int64(1)]","[np.int64(14), np.int64(13), np.int64(6), np.int64(9), np.int64(12), np.int64(9), np.int64(11), np.int64(4), np.int64(15), np.int64(0), np.int64(6), np.int64(7), np.int64(5), np.int64(10), np.int64(1), np.int64(15)]",False,False,0.0,0.0,[ 4  1 10 10  1  8  5  5  3  7  0  0  5 12 13  4],[ 4  1 10 10  1  8  5  5  3  7  0  0  5 12 13  6],False,True,0.34375,0.4375,[ 4  1 10 10  1  8  5  5  3  7  0  0  6 12 13  6],[ 4  1 10 10  1  8  5  5  3  7  0  0  5 12 13  6],True,True,0.203125,0.265625,0.04,1.0,1.0,1,1,25,0.04,1.0,1.0,1,1,25,1.0,0.0,0.0,25,0,0,1.0,0.0,0.0,25,0,0,0.52,0.15384615384615385,0.32,13,2,8,0.04,1.0,1.0,1,1,25,0.48,0.25,0.56,12,3,14,0.04,1.0,1.0,1,1,25
"[0.         0.         0.         0.         0.         0.
 0.         0.         0.         0.         0.         0.
 0.         0.         0.         0.         0.         0.500999
 0.70781353 1.00049988 0.500999   0.         0.         0.
 0.         0.         0.         0.         0.         0.
 0.         0.         0.         0.70781353 0.         0.
 0.         0.500999   0.         0.         0.500999   0.
 0.         0.         0.500999   0.         0.         0.70781353
 0.         1.00049988 0.         1.00049988 0.         1.00049988
 0.         0.         0.500999   0.         0.         0.
 0.         0.         0.70781353 0.         0.         0.500999
 0.         0.         1.00049988 0.         0.         0.70781353
 0.         0.         0.         0.         0.500999   0.
 0.         0.500999   0.         0.         0.500999   1.00049988
 0.         0.         0.         0.70781353 0.500999   0.70781353
 0.70781353 0.70781353 0.         0.         0.         0.
 0.         0.         0.         0.         0.         0.
 0.         0.         0.         0.500999   0.         0.
 0.         0.         0.         0.70781353 0.         0.
 0.         0.         0.70781353 0.70781353 0.         0.
 0.70781353 0.70781353 0.         0.         1.00049988 0.
 0.         0.         0.         0.         0.500999   0.500999
 0.         0.500999   0.         0.70781353 0.500999   0.500999
 0.         0.         0.500999   0.         0.500999   0.
 0.         0.         0.         0.         0.         0.70781353
 0.500999   0.70781353 0.500999   1.00049988 0.500999   0.
 0.         0.         0.500999   0.         0.         0.
 0.         0.         0.         0.70781353 0.         0.
 0.         0.500999   0.500999   0.         0.         0.
 0.         0.         0.         0.         0.         0.
 0.         0.70781353 0.         0.         0.         0.
 0.         0.500999   0.70781353 0.         0.         0.
 0.         0.         0.500999   0.         0.500999   0.
 0.         1.00049988 0.500999   0.         0.         0.70781353
 0.         0.         0.         0.         0.         0.
 0.         0.         0.         0.         0.         0.
 0.         0.         0.         0.         0.         0.
 0.         0.         0.         0.         0.         0.70781353
 0.         0.         0.         0.         0.500999   0.500999
 0.         0.         0.         0.         0.500999   0.70781353
 0.         0.         0.70781353 0.         0.500999   0.
 0.70781353 0.         0.         0.         0.         0.
 0.         0.         0.70781353 1.00049988]",[ 0  4 12  8 12  2  9  8 12  8  9 12 12 13  8  4],[ 0  4 12  8 12  2  9  4 12  8  9 12 12 13  8  4],True,True,0.40625,0.609375,"[np.int64(3), np.int64(4), np.int64(8), np.int64(14), np.int64(2), np.int64(6), np.int64(5), np.int64(12), np.int64(4), np.int64(0), np.int64(8), np.int64(15), np.int64(11), np.int64(9), np.int64(4), np.int64(1)]","[np.int64(7), np.int64(7), np.int64(15), np.int64(9), np.int64(9), np.int64(7), np.int64(14), np.int64(3), np.int64(10), np.int64(8), np.int64(4), np.int64(3), np.int64(7), np.int64(14), np.int64(7), np.int64(13)]",False,False,0.0,0.0,[ 0  4 12  8 12  8  9  8 12  8  9 12 12 13  8  4],[ 0  4 12  8 12  8  9  8 12  8  9 12 12 13  8  4],True,True,0.34375,0.4375,[ 0  4 12  8 12  8  9  8 12  8  9 12 12 13  8  4],[ 0  4 12  8 12  2  9  4 12  8  9 12 12 13  8  4],True,True,0.203125,0.265625,0.04,1.0,1.0,1,1,25,0.04,1.0,1.0,1,1,25,1.0,0.0,0.0,25,0,0,1.0,0.0,0.0,25,0,0,0.2,1.0,1.0,5,5,25,0.16,1.0,1.0,4,4,25,0.28,1.0,1.0,7,7,25,0.24,1.0,1.0,6,6,25
"[0.         0.70781353 0.         0.500999   0.70781353 0.
 0.         0.70781353 0.         0.70781353 0.         1.00049988
 0.         0.70781353 0.70781353 0.         0.70781353 1.00049988
 0.         0.         0.         0.         0.70781353 0.
 0.70781353 0.         0.         0.         0.         0.
 0.         0.         0.         0.         0.         0.
 0.         0.         1.00049988 0.         0.         0.
 0.         0.         0.500999   0.         0.         0.
 0.500999   0.         0.         0.         0.         0.
 0.         0.         0.         0.70781353 0.         0.
 0.70781353 0.         0.         0.         0.70781353 0.
 0.         0.         0.500999   0.         0.         0.
 0.         0.         0.         0.         0.70781353 0.
 0.         0.         0.         0.         0.         0.
 0.         0.         0.70781353 0.         0.         0.500999
 0.500999   0.         0.70781353 0.70781353 0.         0.
 0.         0.70781353 1.00049988 0.         0.         0.70781353
 0.         0.         0.         1.00049988 0.         0.
 0.         0.         0.500999   0.         0.70781353 0.
 0.         0.         0.         0.         0.         0.
 0.70781353 0.         0.         0.         0.         0.
 0.         0.         0.         0.70781353 0.         0.
 0.         0.         0.         0.70781353 1.00049988 0.
 0.         0.         0.         0.         0.         0.
 0.70781353 0.         0.         0.70781353 0.         0.500999
 1.00049988 0.         0.         0.500999   0.         0.
 0.         0.500999   0.70781353 0.         0.         0.
 0.         0.         0.         0.500999   0.         0.
 0.         0.         0.         0.70781353 1.00049988 0.500999
 0.         0.         1.00049988 0.         0.         0.
 0.         0.         0.         0.         0.         0.
 0.70781353 0.         0.         0.         0.         0.70781353
 0.         0.         0.500999   0.70781353 0.70781353 0.70781353
 0.         0.         0.         0.         1.00049988 0.
 0.         0.         0.         0.         0.70781353 0.
 0.         0.         0.         0.70781353 0.         0.
 0.         0.500999   0.500999   0.         0.         1.00049988
 0.         1.00049988 0.70781353 0.         0.         0.
 0.         0.         0.500999   0.         0.         0.70781353
 0.         0.         0.         0.         0.         0.500999
 0.         0.         0.         0.         0.         0.
 0.         0.         0.         0.         0.         0.70781353
 0.         1.00049988 0.500999   0.        ]",[14  6 12  9  0 10 14  0  1  5 11 11  5 10 15 11],[13  6 12  0  0 10 14  0  1 13 11 11  5 10 15 11],False,True,0.40625,0.609375,"[np.int64(14), np.int64(14), np.int64(5), np.int64(4), np.int64(4), np.int64(1), np.int64(7), np.int64(5), np.int64(6), np.int64(8), np.int64(7), np.int64(15), np.int64(13), np.int64(1), np.int64(8), np.int64(13)]","[np.int64(1), np.int64(6), np.int64(0), np.int64(14), np.int64(14), np.int64(13), np.int64(15), np.int64(6), np.int64(11), np.int64(3), np.int64(13), np.int64(1), np.int64(2), np.int64(0), np.int64(11), np.int64(5)]",False,False,0.0,0.0,[14  6 12  0 12 10  5  0  1 13 11 11  5 10 15 11],[ 9  6 12  9  0  6 14  0  1 13 11 11  5 10 15 11],False,False,0.34375,0.4375,[14  6 12  0  0 10 14  0  1  5 13 11  4 10  6 11],[14  6 12  0  0 10 14  0  1 13 11 11  5 10 15 14],False,False,0.203125,0.265625,0.04,0.0,0.0,1,0,0,0.04,1.0,1.0,1,1,25,1.0,0.0,0.0,25,0,0,1.0,0.0,0.0,25,0,0,1.0,0.24,0.24,25,6,6,0.96,0.2916666666666667,0.32,24,7,8,1.0,0.0,0.0,25,0,0,0.96,0.0,0.0,24,0,0
"[0.500999   0.         0.         0.         1.00049988 0.70781353
 0.         0.         1.00049988 0.         0.         0.
 0.70781353 1.00049988 0.70781353 0.         0.         0.
 1.00049988 0.         0.70781353 0.         0.         0.
 0.         0.         0.         0.70781353 0.         0.
 0.         0.         0.         1.00049988 0.         0.500999
 1.00049988 0.         0.         0.         0.500999   0.
 0.         0.         0.500999   0.         0.         0.
 0.         0.         0.500999   0.         0.         0.
 0.         0.         0.         0.         0.500999   0.
 0.         0.         0.         0.500999   1.00049988 0.70781353
 1.00049988 0.         0.         0.70781353 0.         0.
 0.         0.         0.         0.         0.         0.70781353
 1.00049988 1.00049988 0.70781353 0.         0.         0.
 0.70781353 0.500999   0.         0.         0.         0.
 0.         0.         0.         0.70781353 0.         0.
 0.         0.         0.         0.         0.         0.
 1.00049988 1.00049988 0.         0.         0.         0.70781353
 0.         0.         0.         0.         0.         0.
 0.         0.         0.         0.         1.00049988 0.
 0.         0.         0.500999   0.         0.         0.70781353
 0.         0.         1.00049988 0.         0.500999   0.
 0.         0.         0.         0.         0.500999   0.500999
 0.         0.         0.         0.         0.500999   0.
 0.         0.         0.         0.         0.         0.
 0.         0.         0.500999   0.500999   0.         0.
 0.         0.         0.         0.         0.         0.
 0.         0.500999   0.         0.         0.         0.500999
 0.         0.         1.00049988 0.         0.         0.500999
 0.         0.         0.         0.70781353 0.         0.
 0.         0.         0.70781353 0.         0.         0.
 0.         0.         0.         0.         0.500999   1.00049988
 0.70781353 0.         0.500999   0.         0.         0.
 0.         0.         0.         0.         0.         0.
 0.         0.500999   0.         0.         1.00049988 0.
 0.         0.         0.70781353 0.70781353 0.         0.70781353
 0.         0.         0.500999   0.         0.500999   0.
 0.500999   0.         0.70781353 0.         0.         0.
 1.00049988 0.         0.         0.         0.500999   0.
 0.         0.500999   0.         0.500999   0.500999   1.00049988
 0.         0.         0.         0.500999   1.00049988 0.
 0.         0.         0.         0.         0.         1.00049988
 0.         0.         1.00049988 0.        ]",[12 11  3 15 13 13 11 10  2  8  3 14  2 10  8 15],[12 11  3 15 13 13 11 10  2  8  3 14  2 10 13 15],True,True,0.40625,0.609375,"[np.int64(14), np.int64(10), np.int64(11), np.int64(3), np.int64(6), np.int64(3), np.int64(8), np.int64(12), np.int64(6), np.int64(0), np.int64(11), np.int64(4), np.int64(0), np.int64(2), np.int64(2), np.int64(13)]","[np.int64(0), np.int64(12), np.int64(6), np.int64(5), np.int64(1), np.int64(12), np.int64(11), np.int64(14), np.int64(0), np.int64(14), np.int64(10), np.int64(1), np.int64(15), np.int64(1), np.int64(7), np.int64(13)]",False,False,0.0,0.0,[12 11  3 15 13 13 11 10  2  8  3 14  2 12  8 15],[14 11  3 15 13 13 11 10  2  8  3 14  2 10  8 15],True,True,0.34375,0.4375,[12 11  3 15 13 13 11 10  2  8  3 14  2 14  8 15],[12 11  3 15 13 13 11 10 14  8  3 14 13 10  8 15],True,False,0.203125,0.265625,0.04,1.0,1.0,1,1,25,0.04,1.0,1.0,1,1,25,1.0,0.0,0.0,25,0,0,1.0,0.0,0.0,25,0,0,0.4,1.0,1.0,10,10,25,0.4,1.0,1.0,10,10,25,0.64,0.75,0.84,16,12,21,0.52,0.9230769230769231,0.96,13,12,24
"[0.500999   0.         0.         0.         0.         0.
 0.         1.00049988 0.         0.         0.         0.70781353
 0.         0.         0.         0.         0.         1.00049988
 0.70781353 0.70781353 0.500999   0.         0.         0.
 0.         0.70781353 0.         0.         0.         0.
 0.         0.         0.         0.70781353 1.00049988 1.00049988
 0.         0.500999   0.         0.         0.         0.70781353
 0.500999   0.         0.         0.         0.         0.
 0.         0.70781353 1.00049988 0.500999   0.         0.
 0.         0.         0.         0.         0.         0.
 0.         0.         0.         1.00049988 0.         0.500999
 0.         0.         0.         0.         0.         0.
 0.         0.         0.         0.         0.         0.
 0.         0.         0.         0.         0.500999   0.
 0.         0.         0.         0.         0.         0.70781353
 0.         0.         0.         0.500999   0.500999   0.
 0.         0.         0.         0.         0.         0.
 0.         0.         0.70781353 0.         0.         0.
 0.         0.         0.         0.         1.00049988 0.
 0.         0.         0.         0.         0.         0.
 0.         0.         0.         0.500999   0.         0.
 0.         0.500999   0.         0.         0.         0.
 0.         0.         0.70781353 0.         0.         0.
 0.         0.70781353 0.         0.         0.         0.
 0.         0.70781353 0.70781353 0.         0.         0.70781353
 0.         0.         0.         1.00049988 0.         0.
 0.         0.         0.         0.         0.         0.
 0.500999   0.         0.         0.         0.         0.
 0.         0.         0.         0.         0.         0.
 0.         0.         0.70781353 0.         0.         0.
 0.         0.         0.         0.500999   0.70781353 0.
 0.         1.00049988 0.70781353 0.         0.70781353 1.00049988
 0.         0.         0.         0.         0.         0.
 0.         0.         0.         0.         0.         0.70781353
 0.500999   0.         0.         0.         0.         0.
 0.         0.         0.         0.500999   0.         0.
 0.         0.         0.         0.         0.         0.500999
 0.         0.         0.         0.         0.         0.
 0.         0.500999   0.         0.         0.         0.
 0.         0.70781353 0.         0.         1.00049988 0.
 0.         0.         0.         1.00049988 0.         0.
 0.         0.500999   0.         0.         0.         1.00049988
 0.         0.         0.         1.00049988]",[11  2  5  1  1 14  8  7 11  5  2  7 11  5 11  7],[11  2  5  1  1 14  8  7 11  5  2  7 11  5 11  7],True,True,0.40625,0.609375,"[np.int64(3), np.int64(7), np.int64(12), np.int64(9), np.int64(4), np.int64(14), np.int64(4), np.int64(5), np.int64(11), np.int64(1), np.int64(0), np.int64(12), np.int64(5), np.int64(4), np.int64(3), np.int64(11)]","[np.int64(0), np.int64(5), np.int64(13), np.int64(10), np.int64(12), np.int64(4), np.int64(5), np.int64(6), np.int64(3), np.int64(7), np.int64(11), np.int64(8), np.int64(15), np.int64(4), np.int64(6), np.int64(8)]",False,False,0.0,0.0,[11  2  5  1  1 14  8  7 11  5  2  7 11  5 11  7],[11  2  5  1  1 14  8  7 11  5  2  7 11  5 11  7],True,True,0.34375,0.4375,[11  2  5  1  1 14  8  7 11  5  2  7 11  5 11  7],[11  2  5  1  1 14  8  7 11  5  2  7 11  5 11  7],True,True,0.203125,0.265625,0.04,1.0,1.0,1,1,25,0.04,1.0,1.0,1,1,25,1.0,0.0,0.0,25,0,0,1.0,0.0,0.0,25,0,0,0.12,0.6666666666666666,0.88,3,2,22,0.04,1.0,1.0,1,1,25,0.12,0.6666666666666666,0.84,3,2,21,0.04,1.0,1.0,1,1,25
"[0.         0.70781353 0.         0.500999   0.         0.
 0.         0.         0.         0.         0.         0.70781353
 0.70781353 0.         0.500999   0.         0.70781353 0.
 0.         1.00049988 0.         0.         0.         1.00049988
 0.         0.         0.         0.         0.         0.
 0.         0.         0.         0.         1.00049988 0.
 0.         0.         0.         0.         0.         0.
 0.         0.         0.         1.00049988 1.00049988 0.
 0.500999   1.00049988 0.         1.00049988 0.         0.
 0.         0.         0.         0.         0.         0.70781353
 0.70781353 0.         1.00049988 0.         0.         0.
 0.         0.         0.500999   0.         0.         0.
 0.         0.         1.00049988 0.         0.70781353 0.
 0.         0.         0.         0.         0.         0.
 0.         1.00049988 0.         0.         0.         0.
 0.500999   0.         0.         0.         0.         1.00049988
 0.         0.         0.         0.         0.         0.
 0.         0.         0.500999   1.00049988 0.         0.500999
 1.00049988 0.         1.00049988 0.         0.         1.00049988
 0.         0.         0.         0.         0.         0.500999
 0.         0.         1.00049988 0.         0.         0.
 0.         0.500999   0.         0.         0.         0.
 0.         0.         0.500999   0.         0.         0.
 0.         0.500999   0.         0.         0.         0.
 0.         0.         0.         0.         0.         0.
 1.00049988 0.         0.         0.         0.         0.
 0.         0.         0.         0.         0.         0.
 0.         0.         1.00049988 0.500999   0.         1.00049988
 0.         0.         0.         0.         0.         0.
 0.         0.70781353 0.70781353 0.         0.         0.70781353
 0.         0.         0.500999   0.         0.500999   0.
 0.         0.         0.         0.         0.         0.
 0.70781353 0.         0.         0.70781353 0.70781353 0.
 1.00049988 0.         0.         0.         0.         0.
 0.         0.         0.         0.70781353 0.         0.
 1.00049988 0.         0.         0.         0.         0.
 0.         0.         0.         0.         0.         0.500999
 0.         0.         0.500999   0.         1.00049988 1.00049988
 0.         0.         1.00049988 0.         0.         0.
 0.         0.         0.         0.         0.500999   0.
 0.         0.         0.         0.         0.         1.00049988
 0.         0.500999   0.         0.         0.70781353 0.
 0.70781353 0.         0.         0.500999  ]",[12  0 14  0 12 10 11  7 11  6 15  0 15  2  0  7],[12  0 14  0 12 10 11  7 11  6 15  0 15  2  0  7],True,True,0.40625,0.609375,"[np.int64(15), np.int64(9), np.int64(0), np.int64(0), np.int64(14), np.int64(8), np.int64(7), np.int64(4), np.int64(12), np.int64(4), np.int64(1), np.int64(8), np.int64(8), np.int64(0), np.int64(0), np.int64(12)]","[np.int64(11), np.int64(2), np.int64(13), np.int64(7), np.int64(0), np.int64(8), np.int64(6), np.int64(10), np.int64(11), np.int64(2), np.int64(8), np.int64(8), np.int64(11), np.int64(4), np.int64(15), np.int64(6)]",False,False,0.0,0.0,[12  0 14  0 12 10 11  7 11  6 15  0 15  2  0  7],[12  0 14 12 12 10 11  7 11  6 15  3 15  2  0  7],True,False,0.34375,0.4375,[ 3  0 14  0 12 10 11  7 11  6 15  3 15  2  0  7],[ 3  0 14  0 12 10 11  7 11  6 15  0 15  2  0  7],False,False,0.203125,0.265625,0.04,1.0,1.0,1,1,25,0.04,1.0,1.0,1,1,25,1.0,0.0,0.0,25,0,0,1.0,0.0,0.0,25,0,0,0.32,0.5,0.36,8,4,9,0.2,0.6,0.4,5,3,10,0.48,0.3333333333333333,0.2,12,4,5,0.2,0.6,0.28,5,3,7
"[0.500999   0.         1.00049988 1.00049988 0.         0.
 0.         0.70781353 0.         0.         0.         0.500999
 0.         0.         0.         0.500999   0.         0.
 0.         0.         0.         0.         0.         0.
 0.70781353 0.         0.         0.         0.         0.
 0.         0.         1.00049988 0.         1.00049988 0.
 0.         0.70781353 1.00049988 0.70781353 0.         0.
 0.70781353 0.         0.         0.         0.70781353 0.
 1.00049988 0.         0.         0.         0.         0.500999
 1.00049988 0.         0.         0.         0.500999   0.
 0.70781353 0.         1.00049988 0.500999   0.         0.
 0.         0.         0.500999   0.500999   0.         0.
 0.         0.         1.00049988 0.500999   0.         0.70781353
 0.         0.70781353 0.         0.         0.70781353 0.500999
 0.500999   0.         0.70781353 0.500999   0.         0.
 0.         1.00049988 0.         0.70781353 1.00049988 1.00049988
 0.         0.         1.00049988 1.00049988 0.         0.70781353
 1.00049988 0.         0.         0.         0.         0.
 0.         0.         0.         0.         0.70781353 0.
 0.70781353 0.         0.         0.500999   0.         1.00049988
 0.         0.         1.00049988 0.         1.00049988 0.
 0.         0.         0.         0.70781353 0.         0.
 0.         0.         0.         0.         0.         0.
 0.         0.70781353 0.500999   0.         0.         0.
 0.         0.         0.         0.         0.         0.
 0.         0.         0.         0.         0.         0.70781353
 0.70781353 0.         0.         0.         0.         0.
 0.70781353 0.500999   1.00049988 0.         0.         1.00049988
 0.         0.         1.00049988 0.         1.00049988 0.
 0.         0.         0.500999   0.         0.         0.
 0.500999   1.00049988 0.         0.         0.70781353 0.70781353
 0.         1.00049988 0.         0.         0.         0.
 0.         0.         0.         0.70781353 0.         0.
 0.         1.00049988 0.500999   0.70781353 1.00049988 0.
 0.         0.         0.         0.70781353 0.         0.
 0.         0.         0.70781353 0.70781353 0.         0.
 0.         0.         0.         0.         0.         0.500999
 0.         0.         0.         0.         0.70781353 1.00049988
 0.         1.00049988 0.         0.         0.         0.
 0.         0.         0.         0.         0.         0.
 0.500999   0.         0.         0.500999   0.70781353 1.00049988
 0.         0.         0.         0.         0.         0.
 0.70781353 0.         0.         0.500999  ]",[15  8 14  5  5  3  5  5 12 11  3  4  8  5 14  3],[15  8 14  5  5  3  5  5 12 11  3  4  3  5 14  3],False,False,0.40625,0.609375,"[np.int64(3), np.int64(10), np.int64(4), np.int64(5), np.int64(1), np.int64(10), np.int64(13), np.int64(12), np.int64(0), np.int64(6), np.int64(8), np.int64(4), np.int64(2), np.int64(0), np.int64(10), np.int64(14)]","[np.int64(11), np.int64(5), np.int64(3), np.int64(15), np.int64(8), np.int64(11), np.int64(4), np.int64(6), np.int64(5), np.int64(2), np.int64(13), np.int64(5), np.int64(1), np.int64(13), np.int64(6), np.int64(10)]",False,False,0.0,0.0,[15  8 14  5  5  2  5  2 12 11  3  4 15  5 14  3],[15  8 14  5  5  2  5  2 11 11  2  4  3  5 14  3],False,False,0.34375,0.4375,[15  8 14 10  5  7  5  5 12 11  3  4  8  5 14  3],[15  8 14  5  5  3  5  5 11 11  3  4  3  5 14  3],False,False,0.203125,0.265625,0.04,0.0,0.0,1,0,0,0.04,0.0,0.0,1,0,0,1.0,0.0,0.0,25,0,0,1.0,0.0,0.0,25,0,0,0.84,0.09523809523809523,0.12,21,2,3,0.88,0.045454545454545456,0.04,22,1,1,0.64,0.0,0.0,16,0,0,0.68,0.0,0.0,17,0,0
"[0.         0.70781353 0.         0.70781353 0.         0.
 0.         0.         0.         0.         0.         0.
 0.         0.         0.500999   0.         0.70781353 1.00049988
 0.         0.70781353 0.         0.         0.         0.
 0.         0.         0.         0.         0.         0.
 0.         0.         0.         0.         1.00049988 0.
 0.         0.         0.         1.00049988 0.         0.70781353
 0.         0.         0.         0.         0.500999   0.
 0.70781353 0.70781353 0.         1.00049988 0.         0.
 0.70781353 0.         0.         0.70781353 0.         0.
 0.         0.70781353 0.         0.         0.         0.
 0.         0.         0.500999   0.70781353 0.         0.70781353
 0.         0.         0.         0.500999   1.00049988 0.70781353
 0.         0.         0.         0.         0.         0.
 0.70781353 1.00049988 0.         0.         0.         0.70781353
 0.70781353 0.         0.         0.         0.         0.
 0.         0.         0.         0.70781353 0.         0.
 1.00049988 0.         0.         0.         0.         0.
 0.         0.         0.         0.         0.         0.
 1.00049988 0.         0.70781353 0.         0.         1.00049988
 0.         0.         0.500999   0.         0.70781353 0.
 0.         0.         0.         0.         0.         0.
 0.         0.         0.         0.         0.         0.
 0.         0.         0.         0.         0.         0.
 0.         0.         0.70781353 0.70781353 0.         0.70781353
 0.         0.         0.         0.         0.         0.
 0.         0.         0.70781353 0.         0.         0.
 0.         0.         0.         0.70781353 0.         0.500999
 0.         0.         1.00049988 0.70781353 0.         0.
 0.         0.500999   0.         0.         0.         0.
 0.500999   0.         0.         0.         0.         0.
 0.70781353 0.         0.         0.         0.         0.
 0.         0.         0.         0.         1.00049988 0.
 0.         0.70781353 0.         0.         0.         0.
 0.         0.         0.         0.         0.         0.
 0.         0.70781353 0.70781353 0.         0.         0.
 0.         0.         0.         0.         0.         0.
 1.00049988 0.         0.500999   0.         0.500999   0.
 0.         0.         0.         0.         0.         0.70781353
 0.         0.         0.         1.00049988 0.         0.
 0.         0.         0.         0.         0.         0.
 0.         0.         0.         0.         0.500999   0.
 0.         0.         0.         1.00049988]",[14  3 14 13 11  4  3 10  8  5 11 11  7  4  0 10],[ 3  3 14 13 11  4  3  4  8  5  7 11  7  4  0 10],False,True,0.40625,0.609375,"[np.int64(1), np.int64(8), np.int64(1), np.int64(4), np.int64(10), np.int64(0), np.int64(5), np.int64(6), np.int64(6), np.int64(14), np.int64(1), np.int64(7), np.int64(15), np.int64(15), np.int64(3), np.int64(1)]","[np.int64(11), np.int64(0), np.int64(8), np.int64(0), np.int64(15), np.int64(10), np.int64(0), np.int64(10), np.int64(13), np.int64(13), np.int64(0), np.int64(7), np.int64(6), np.int64(14), np.int64(5), np.int64(1)]",False,False,0.0,0.0,[ 3  3 14 13 11  4  3 10  8  3 11 11  7  4  0 10],[14  3 14  9 11  4  3  4  8  5 11 11  7  4  9 10],True,False,0.34375,0.4375,[14  0 14  9 11  4  3  4  8  5  7 11  7  4  0 10],[14  3 14 13 11  4  3 10  8  5  7 11  7  4  0 10],False,False,0.203125,0.265625,0.04,0.0,0.0,1,0,0,0.04,1.0,1.0,1,1,25,1.0,0.0,0.0,25,0,0,1.0,0.0,0.0,25,0,0,0.76,0.3157894736842105,0.28,19,6,7,0.76,0.15789473684210525,0.12,19,3,3,0.84,0.047619047619047616,0.04,21,1,1,0.68,0.11764705882352941,0.08,17,2,2
"[0.         0.         1.00049988 0.         0.         0.70781353
 0.70781353 0.         0.         0.         0.         0.70781353
 0.         0.         0.         0.         0.         0.500999
 0.         0.         1.00049988 0.         0.         0.
 0.         0.         0.         0.500999   0.         0.500999
 0.         0.         1.00049988 0.         0.         0.
 0.         0.         0.         0.         0.         0.70781353
 1.00049988 0.         0.         0.         0.70781353 0.
 0.         0.         0.         0.500999   0.70781353 0.
 0.         0.         0.         1.00049988 0.         0.
 0.         0.         0.         0.         0.         1.00049988
 0.         0.70781353 0.         0.70781353 0.70781353 0.
 0.70781353 1.00049988 0.         1.00049988 0.70781353 0.
 0.500999   0.70781353 0.70781353 0.         0.         0.
 0.70781353 0.500999   0.         0.70781353 0.         0.
 0.70781353 0.70781353 0.         0.         0.         0.70781353
 0.70781353 0.         0.         0.         0.70781353 0.
 0.         0.         0.500999   0.500999   0.         0.500999
 0.         0.         0.         0.500999   0.         0.
 0.         0.         0.         0.70781353 0.         0.
 0.70781353 0.         0.         0.         0.         0.
 1.00049988 0.         0.         0.         0.         0.
 0.70781353 0.         0.500999   0.70781353 0.500999   0.
 0.         0.         0.         0.70781353 1.00049988 0.
 0.         0.         0.70781353 1.00049988 1.00049988 0.
 0.500999   0.         0.         0.500999   0.         0.
 0.         0.         0.         0.         0.         0.
 1.00049988 0.         0.         0.70781353 0.         0.
 0.         0.         0.500999   0.         0.         0.
 0.         0.         0.70781353 0.500999   0.         0.
 1.00049988 0.70781353 0.500999   0.         0.         0.
 0.         1.00049988 0.500999   0.         0.         0.
 0.         0.         0.         0.         0.70781353 0.
 0.         0.         0.         0.         0.         0.500999
 0.         0.         0.70781353 0.         0.         0.500999
 0.         0.         0.         0.         0.         0.
 0.70781353 0.         0.         0.         0.         0.
 1.00049988 0.         0.         0.         0.70781353 0.
 0.500999   0.         0.         1.00049988 1.00049988 0.
 0.         0.         0.70781353 1.00049988 0.         0.
 0.         0.         0.         0.         0.70781353 0.70781353
 0.500999   0.         0.         0.         0.         0.
 0.         0.         0.         0.500999  ]",[ 6 11  9  4 14 11  6  8  6  6  5  6 11  1  4  6],[ 6 11  9  4  6 11  6  8  6  6  5  6 11  1  4  6],False,True,0.40625,0.609375,"[np.int64(2), np.int64(3), np.int64(15), np.int64(0), np.int64(8), np.int64(14), np.int64(13), np.int64(15), np.int64(4), np.int64(7), np.int64(12), np.int64(3), np.int64(12), np.int64(2), np.int64(8), np.int64(15)]","[np.int64(6), np.int64(5), np.int64(10), np.int64(15), np.int64(10), np.int64(5), np.int64(4), np.int64(12), np.int64(8), np.int64(8), np.int64(7), np.int64(0), np.int64(1), np.int64(14), np.int64(12), np.int64(14)]",False,False,0.0,0.0,[ 6 11  9  4  6 11  6  8  6  6  5  6 11  1 12  6],[ 6 11  9  4  6 15  6  8  6  6  5  6 11  1  4  6],False,True,0.34375,0.4375,[ 6 11  9  4 14 11  6  8  6  6  5  6 11  1  4  6],[ 6 11  9  4  6 15  6  8  6  6  5  6 11  1  4  6],False,True,0.203125,0.265625,0.04,0.0,0.0,1,0,0,0.04,1.0,1.0,1,1,25,1.0,0.0,0.0,25,0,0,1.0,0.0,0.0,25,0,0,0.28,0.7142857142857143,0.64,7,5,16,0.24,0.6666666666666666,0.8,6,4,20,0.24,0.5,0.2,6,3,5,0.16,0.5,0.16,4,2,4
"[0.500999   1.00049988 0.70781353 0.70781353 0.         1.00049988
 0.         0.         0.         0.70781353 0.70781353 0.
 0.         1.00049988 0.         0.70781353 1.00049988 1.00049988
 0.70781353 0.         0.         0.         0.         0.70781353
 0.500999   0.         0.         0.70781353 0.         0.
 0.         1.00049988 0.70781353 0.70781353 0.         0.
 0.         1.00049988 0.         0.         0.         0.
 0.         0.         0.         0.         0.         0.70781353
 0.70781353 0.         0.         1.00049988 0.500999   0.
 0.         0.         0.         0.         1.00049988 0.
 0.         0.70781353 0.         0.70781353 0.         0.
 0.         0.500999   0.         0.         0.         1.00049988
 0.         0.         0.70781353 0.         0.         0.70781353
 0.500999   1.00049988 1.00049988 0.         1.00049988 0.
 0.         0.         0.         0.500999   0.         0.
 0.         0.         0.         0.         0.         0.500999
 0.         0.         0.         0.         0.         0.
 1.00049988 0.         0.70781353 0.         0.         0.70781353
 0.         0.         0.500999   0.         0.         0.70781353
 0.         0.         1.00049988 0.500999   0.         1.00049988
 1.00049988 0.         0.         0.         0.         0.
 0.         0.         0.         0.500999   0.         0.
 0.         0.         0.70781353 1.00049988 0.         0.
 1.00049988 0.         0.         0.70781353 1.00049988 0.
 0.70781353 0.         0.         0.         0.         0.
 0.         0.         0.         1.00049988 0.70781353 1.00049988
 0.         0.         0.         0.70781353 0.70781353 0.
 0.         1.00049988 0.70781353 0.         0.         0.
 1.00049988 0.70781353 0.500999   0.         0.         0.
 0.         0.         0.         0.70781353 0.         0.
 0.         0.         0.70781353 0.         0.         1.00049988
 0.         0.         0.         0.         0.         0.70781353
 0.         0.         0.         0.         0.         0.
 0.         0.         0.         0.         0.         0.
 0.500999   0.         0.         0.70781353 1.00049988 0.
 0.         0.70781353 0.70781353 0.         0.         0.
 0.70781353 0.         0.         0.         0.         1.00049988
 0.         0.         0.         0.         0.         0.
 0.500999   0.         0.500999   0.         1.00049988 0.
 0.         0.         0.         0.         0.500999   1.00049988
 0.70781353 1.00049988 0.70781353 0.70781353 1.00049988 0.500999
 0.         0.         0.         0.70781353 0.         0.70781353
 0.70781353 0.         1.00049988 1.00049988]",[ 3  8  1  4 14  7 14  1  8 15  4  1 15  8  4  5],[ 2  8  1  4 14  7 14  1  8 15  4  1 15  8  4  5],False,False,0.40625,0.609375,"[np.int64(0), np.int64(10), np.int64(13), np.int64(1), np.int64(0), np.int64(15), np.int64(14), np.int64(15), np.int64(8), np.int64(10), np.int64(3), np.int64(4), np.int64(10), np.int64(14), np.int64(11), np.int64(1)]","[np.int64(3), np.int64(7), np.int64(14), np.int64(10), np.int64(11), np.int64(7), np.int64(13), np.int64(15), np.int64(9), np.int64(3), np.int64(15), np.int64(7), np.int64(14), np.int64(10), np.int64(10), np.int64(2)]",False,False,0.0,0.0,[15  8  1  4 14  7  8  1  8 15  0  1 15  8  6 11],[ 3  8  1  4 14  7  8  1  8  0  0  1 15  8  6  5],False,True,0.34375,0.4375,[ 3  8  1  4 14  7 14  5  8 15  4  1 15  8  4  5],[ 2  8  1  4  3  7  8  5  8 10  9  1 15  8  4  5],False,False,0.203125,0.265625,0.04,0.0,0.0,1,0,0,0.04,0.0,0.0,1,0,0,1.0,0.0,0.0,25,0,0,1.0,0.0,0.0,25,0,0,0.8,0.15,0.28,20,3,7,0.92,0.13043478260869565,0.16,23,3,4,0.84,0.0,0.0,21,0,0,0.92,0.0,0.0,23,0,0
"[0.         0.         0.         0.         0.         0.
 0.70781353 0.         0.500999   0.         0.         0.
 0.         0.         0.         0.         0.         0.
 0.         0.70781353 0.         0.         0.         0.
 0.         0.         0.         0.         0.         0.
 0.         0.         0.         0.         0.500999   0.
 0.         0.70781353 0.         0.         0.         0.70781353
 0.         0.70781353 0.70781353 0.         0.         0.
 0.         0.70781353 0.         0.         0.         0.
 0.         0.         0.         0.70781353 1.00049988 0.
 0.         0.500999   0.         0.70781353 0.         0.
 0.         0.         0.         0.500999   0.70781353 1.00049988
 0.         0.         0.         0.         0.         0.500999
 0.         0.         0.         0.         0.70781353 0.
 0.500999   1.00049988 1.00049988 0.         0.         1.00049988
 0.         0.70781353 0.         0.         0.70781353 0.
 0.70781353 0.         0.         0.         0.70781353 1.00049988
 0.500999   0.         0.         0.70781353 0.         0.
 0.         0.         0.         0.500999   0.         0.
 0.         0.         1.00049988 0.         0.         0.
 0.500999   0.         0.         0.         0.         0.70781353
 0.         0.500999   0.500999   0.         0.         0.
 0.         0.         0.         0.500999   0.         0.
 0.         0.500999   0.         1.00049988 0.         0.500999
 0.         0.         0.70781353 0.70781353 0.         1.00049988
 0.70781353 0.         0.         0.500999   0.         1.00049988
 0.         0.500999   0.         0.         0.         0.
 0.         1.00049988 0.         0.         0.         0.
 0.         0.         0.         1.00049988 0.         0.
 0.         1.00049988 0.         0.         0.70781353 0.
 0.         0.70781353 0.         0.         0.500999   1.00049988
 1.00049988 0.         0.         0.         0.         0.70781353
 0.         0.         0.70781353 0.         0.         0.
 0.         0.         0.         0.         0.         0.
 0.         0.         0.         0.         0.         0.
 0.         0.500999   0.500999   0.         0.         0.70781353
 1.00049988 0.500999   0.         0.         0.         0.
 0.         0.         0.         0.         0.         0.
 0.         0.70781353 0.         0.         0.         0.
 0.         0.         0.         0.         0.         0.
 0.         0.         0.         0.70781353 0.         0.
 0.500999   0.500999   0.500999   0.         1.00049988 0.70781353
 0.         0.         0.         1.00049988]",[ 8  3 11 13 13  4 15 15 15 13 15  8  2  4  5 15],[ 8  3 11 13 13  4 15 15 15 13 15  8  2  4  5 15],False,False,0.40625,0.609375,"[np.int64(15), np.int64(2), np.int64(10), np.int64(7), np.int64(4), np.int64(6), np.int64(15), np.int64(13), np.int64(2), np.int64(5), np.int64(1), np.int64(3), np.int64(11), np.int64(9), np.int64(14), np.int64(6)]","[np.int64(11), np.int64(2), np.int64(6), np.int64(9), np.int64(11), np.int64(2), np.int64(13), np.int64(4), np.int64(4), np.int64(6), np.int64(9), np.int64(7), np.int64(8), np.int64(10), np.int64(0), np.int64(13)]",False,False,0.0,0.0,[ 8  3 11 15  5 11 15 15 15  6 15  8  2  3  5 15],[ 8  3 11 15 13  4 15 15 15 13 15  8  2  7  5 15],False,False,0.34375,0.4375,[ 8  3 11 13  5  4 15 15 15 13 15  8  2  4  5 15],[ 8  3 11 13  5  4 15 15 15 13 15  8  2  4  5 15],False,False,0.203125,0.265625,0.04,0.0,0.0,1,0,0,0.04,0.0,0.0,1,0,0,1.0,0.0,0.0,25,0,0,1.0,0.0,0.0,25,0,0,0.88,0.13636363636363635,0.12,22,3,3,0.6,0.26666666666666666,0.28,15,4,7,0.32,0.0,0.0,8,0,0,0.36,0.2222222222222222,0.08,9,2,2
"[0.         0.70781353 0.         0.500999   0.         0.
 0.         0.         0.         0.         0.         0.70781353
 0.70781353 0.         0.500999   0.         0.70781353 0.
 0.         1.00049988 0.         0.         0.         1.00049988
 0.         0.         0.         0.         0.         0.
 0.         0.         0.         0.         1.00049988 0.
 0.         0.         0.         0.         0.         0.
 0.         0.         0.         1.00049988 1.00049988 0.
 0.500999   1.00049988 0.         1.00049988 0.         0.
 0.         0.         0.         0.         0.         0.70781353
 0.70781353 0.         1.00049988 0.         0.         0.
 0.         0.         0.500999   0.         0.         0.
 0.         0.         1.00049988 0.         0.70781353 0.
 0.         0.         0.         0.         0.         0.
 0.         1.00049988 0.         0.         0.         0.
 0.500999   0.         0.         0.         0.         1.00049988
 0.         0.         0.         0.         0.         0.
 0.         0.         0.500999   1.00049988 0.         0.500999
 1.00049988 0.         1.00049988 0.         0.         1.00049988
 0.         0.         0.         0.         0.         0.500999
 0.         0.         1.00049988 0.         0.         0.
 0.         0.500999   0.         0.         0.         0.
 0.         0.         0.500999   0.         0.         0.
 0.         0.500999   0.         0.         0.         0.
 0.         0.         0.         0.         0.         0.
 1.00049988 0.         0.         0.         0.         0.
 0.         0.         0.         0.         0.         0.
 0.         0.         1.00049988 0.500999   0.         1.00049988
 0.         0.         0.         0.         0.         0.
 0.         0.70781353 0.70781353 0.         0.         0.70781353
 0.         0.         0.500999   0.         0.500999   0.
 0.         0.         0.         0.         0.         0.
 0.70781353 0.         0.         0.70781353 0.70781353 0.
 1.00049988 0.         0.         0.         0.         0.
 0.         0.         0.         0.70781353 0.         0.
 1.00049988 0.         0.         0.         0.         0.
 0.         0.         0.         0.         0.         0.500999
 0.         0.         0.500999   0.         1.00049988 1.00049988
 0.         0.         1.00049988 0.         0.         0.
 0.         0.         0.         0.         0.500999   0.
 0.         0.         0.         0.         0.         1.00049988
 0.         0.500999   0.         0.         0.70781353 0.
 0.70781353 0.         0.         0.500999  ]",[12  0 14  0 12 10 11  7 11  6 15  0 15  2  0  7],[12  0 14  0 12 10 11  7 11  6 15  0 15  2  0  7],True,True,0.40625,0.609375,"[np.int64(4), np.int64(3), np.int64(9), np.int64(14), np.int64(4), np.int64(3), np.int64(15), np.int64(1), np.int64(11), np.int64(8), np.int64(14), np.int64(9), np.int64(11), np.int64(14), np.int64(8), np.int64(15)]","[np.int64(0), np.int64(7), np.int64(0), np.int64(14), np.int64(8), np.int64(12), np.int64(5), np.int64(8), np.int64(2), np.int64(10), np.int64(0), np.int64(4), np.int64(6), np.int64(9), np.int64(11), np.int64(9)]",False,False,0.0,0.0,[12  0 14 12 12 10 11  7 11  6 15  0 15  2  0  7],[12  0 14 12 12 10 11  7 11  6 15  0 15  2  0  7],False,False,0.34375,0.4375,[ 3  0 14  0 12 10 11  7 11  6 15  0 15  2  0  7],[ 3  0 14  0 12 10 11  7 11  6 15  0 15  2  0  7],False,False,0.203125,0.265625,0.04,1.0,1.0,1,1,25,0.04,1.0,1.0,1,1,25,1.0,0.0,0.0,25,0,0,1.0,0.0,0.0,25,0,0,0.52,0.38461538461538464,0.2,13,5,5,0.24,0.6666666666666666,0.48,6,4,12,0.48,0.3333333333333333,0.24,12,4,6,0.16,0.5,0.32,4,2,8
"[0.500999   0.         1.00049988 1.00049988 0.         0.
 0.         0.70781353 0.         0.         0.         0.500999
 0.         0.         0.         0.500999   0.         0.
 0.         0.         0.         0.         0.         0.
 0.70781353 0.         0.         0.         0.         0.
 0.         0.         1.00049988 0.         1.00049988 0.
 0.         0.70781353 1.00049988 0.70781353 0.         0.
 0.70781353 0.         0.         0.         0.70781353 0.
 1.00049988 0.         0.         0.         0.         0.500999
 1.00049988 0.         0.         0.         0.500999   0.
 0.70781353 0.         1.00049988 0.500999   0.         0.
 0.         0.         0.500999   0.500999   0.         0.
 0.         0.         1.00049988 0.500999   0.         0.70781353
 0.         0.70781353 0.         0.         0.70781353 0.500999
 0.500999   0.         0.70781353 0.500999   0.         0.
 0.         1.00049988 0.         0.70781353 1.00049988 1.00049988
 0.         0.         1.00049988 1.00049988 0.         0.70781353
 1.00049988 0.         0.         0.         0.         0.
 0.         0.         0.         0.         0.70781353 0.
 0.70781353 0.         0.         0.500999   0.         1.00049988
 0.         0.         1.00049988 0.         1.00049988 0.
 0.         0.         0.         0.70781353 0.         0.
 0.         0.         0.         0.         0.         0.
 0.         0.70781353 0.500999   0.         0.         0.
 0.         0.         0.         0.         0.         0.
 0.         0.         0.         0.         0.         0.70781353
 0.70781353 0.         0.         0.         0.         0.
 0.70781353 0.500999   1.00049988 0.         0.         1.00049988
 0.         0.         1.00049988 0.         1.00049988 0.
 0.         0.         0.500999   0.         0.         0.
 0.500999   1.00049988 0.         0.         0.70781353 0.70781353
 0.         1.00049988 0.         0.         0.         0.
 0.         0.         0.         0.70781353 0.         0.
 0.         1.00049988 0.500999   0.70781353 1.00049988 0.
 0.         0.         0.         0.70781353 0.         0.
 0.         0.         0.70781353 0.70781353 0.         0.
 0.         0.         0.         0.         0.         0.500999
 0.         0.         0.         0.         0.70781353 1.00049988
 0.         1.00049988 0.         0.         0.         0.
 0.         0.         0.         0.         0.         0.
 0.500999   0.         0.         0.500999   0.70781353 1.00049988
 0.         0.         0.         0.         0.         0.
 0.70781353 0.         0.         0.500999  ]",[15  8 14  5  5  3  5  5 12 11  3  4  8  5 14  3],[15  8 14  5  5  3  5  5 12 11  3  4  3  5 14  3],False,False,0.40625,0.609375,"[np.int64(1), np.int64(2), np.int64(15), np.int64(14), np.int64(4), np.int64(4), np.int64(13), np.int64(10), np.int64(9), np.int64(1), np.int64(4), np.int64(13), np.int64(2), np.int64(4), np.int64(10), np.int64(4)]","[np.int64(14), np.int64(11), np.int64(4), np.int64(7), np.int64(2), np.int64(11), np.int64(9), np.int64(12), np.int64(0), np.int64(2), np.int64(4), np.int64(6), np.int64(9), np.int64(5), np.int64(12), np.int64(12)]",False,False,0.0,0.0,[15  8 14 10  5  3  5  5 11 11  2  4  8  4 14  3],[15  8 14 10  5  2  5  2 12 11  2  4  3  5 14  3],True,False,0.34375,0.4375,[15  8 14 10  5  7  5  5 12 11  3  4  8  4 14  3],[15  8 14 10  5  7  5  5 12 11  3  4  3  5 14  3],False,False,0.203125,0.265625,0.04,0.0,0.0,1,0,0,0.04,0.0,0.0,1,0,0,1.0,0.0,0.0,25,0,0,1.0,0.0,0.0,25,0,0,0.84,0.09523809523809523,0.08,21,2,2,0.84,0.09523809523809523,0.08,21,2,2,0.68,0.0,0.0,17,0,0,0.6,0.0,0.0,15,0,0
"[0.         0.         0.         1.00049988 0.         0.500999
 0.         0.         0.         0.70781353 0.         0.
 1.00049988 0.         0.70781353 0.500999   0.         1.00049988
 0.         0.         0.         0.70781353 0.         1.00049988
 0.         0.         0.         0.         0.70781353 0.
 0.         0.         0.         0.         0.500999   0.
 1.00049988 0.         0.500999   0.         0.         0.
 0.         0.         0.         0.         0.         0.
 1.00049988 0.         0.         1.00049988 0.         1.00049988
 0.500999   0.         0.         0.500999   0.         0.
 0.         0.500999   0.70781353 0.         0.         0.
 1.00049988 0.         0.         0.         0.         0.
 1.00049988 0.         0.         0.         0.         0.70781353
 0.         0.         0.500999   0.70781353 0.         1.00049988
 0.         0.         0.         0.         0.         1.00049988
 0.70781353 0.         0.         0.         0.         0.
 0.         0.         0.500999   0.500999   0.         0.
 0.         1.00049988 0.         0.         0.         0.
 0.70781353 0.         0.70781353 0.         0.         1.00049988
 0.         0.         0.         0.         1.00049988 0.500999
 0.         0.         0.         0.         0.         0.
 0.         0.         0.         0.         0.         0.
 1.00049988 0.         0.         0.         0.         0.70781353
 0.500999   0.         0.         0.500999   0.         0.
 0.70781353 0.         0.         0.500999   0.         1.00049988
 0.         0.         0.70781353 1.00049988 0.         1.00049988
 0.         0.         0.         0.         0.         0.
 0.         0.         0.         0.70781353 0.         0.
 0.500999   0.         0.500999   0.         0.         0.
 0.         0.70781353 0.         0.         0.         0.
 0.         0.         0.         0.         0.         1.00049988
 0.         0.         0.70781353 0.         0.         0.
 1.00049988 0.70781353 0.         0.         0.         0.
 0.70781353 0.         0.         0.         0.         0.70781353
 1.00049988 0.         0.         0.70781353 0.         0.
 0.         0.500999   0.70781353 0.         0.         0.
 0.500999   0.         0.         0.         0.         0.
 0.         0.         0.70781353 0.         0.         0.70781353
 0.         0.         0.70781353 0.         0.         0.
 0.         0.         0.         0.         0.500999   0.
 0.500999   0.         0.         0.         0.         0.
 0.         0.         0.         0.         0.70781353 0.
 0.70781353 0.         0.         0.        ]",[15  5  6 13 13  0  3  6 13  3  8 12 15  8  0 15],[15  5  6 13 13  0  3  6 13  3  8 12 15  3  0 15],False,False,0.40625,0.609375,"[np.int64(13), np.int64(7), np.int64(11), np.int64(0), np.int64(11), np.int64(1), np.int64(5), np.int64(6), np.int64(12), np.int64(1), np.int64(8), np.int64(9), np.int64(13), np.int64(0), np.int64(12), np.int64(9)]","[np.int64(15), np.int64(8), np.int64(3), np.int64(13), np.int64(5), np.int64(15), np.int64(0), np.int64(10), np.int64(9), np.int64(8), np.int64(6), np.int64(6), np.int64(9), np.int64(13), np.int64(7), np.int64(8)]",False,False,0.0,0.0,[15  5  6 13 13  0  3  1 10  0 15 12 15  8  0 15],[15  5  6  6 13  0 14  1 10  0 15 12 15  3  0 15],False,False,0.34375,0.4375,[15  5  6  9 13  0  3  6 10  3  8 12 15  3  0 15],[15  5  6  9 13  0  3  1 13  3  8 12 15  8  0 15],False,False,0.203125,0.265625,0.04,0.0,0.0,1,0,0,0.04,0.0,0.0,1,0,0,1.0,0.0,0.0,25,0,0,1.0,0.0,0.0,25,0,0,0.76,0.0,0.0,19,0,0,0.64,0.125,0.08,16,2,2,0.8,0.0,0.0,20,0,0,0.68,0.0,0.0,17,0,0
"[1.00049988 0.70781353 0.         1.00049988 0.         0.
 0.         0.         0.         0.         0.         0.
 0.         0.         0.         0.500999   0.70781353 0.
 0.         0.         0.         0.         0.500999   0.
 0.500999   0.70781353 0.70781353 0.         0.         0.
 0.         0.         0.         0.         1.00049988 0.
 0.         0.         0.         0.500999   0.         0.
 0.         0.70781353 0.         0.         0.         0.70781353
 1.00049988 0.         0.         1.00049988 0.500999   0.
 0.         1.00049988 0.         0.70781353 0.         0.
 0.         1.00049988 0.500999   0.         0.         0.
 0.         0.500999   0.500999   0.         0.70781353 0.
 0.70781353 0.70781353 0.         0.         0.70781353 0.500999
 0.         0.70781353 0.         0.         0.         0.
 0.         0.500999   0.500999   0.         0.         0.
 0.         0.         0.         0.70781353 1.00049988 0.
 0.         0.500999   0.         0.         0.70781353 0.500999
 1.00049988 0.         0.70781353 0.         0.70781353 0.500999
 1.00049988 0.         0.70781353 0.70781353 0.         0.
 0.500999   1.00049988 0.         0.         0.         0.
 0.         1.00049988 1.00049988 0.70781353 0.         0.
 0.         0.         0.         0.500999   0.         0.
 0.70781353 0.         0.70781353 0.         0.         0.70781353
 0.500999   0.         0.         0.70781353 1.00049988 0.70781353
 0.         0.70781353 0.         0.70781353 0.70781353 0.
 0.         1.00049988 0.70781353 0.500999   0.         0.
 0.         0.         0.         0.500999   0.         0.70781353
 0.         0.         0.         0.         0.70781353 1.00049988
 0.500999   0.         0.         0.         0.         0.
 0.         0.         0.         0.         0.70781353 0.
 0.         0.         0.500999   0.70781353 0.         0.
 0.         0.500999   0.         0.         0.500999   1.00049988
 0.         0.         0.         0.         0.70781353 0.
 1.00049988 0.         0.         0.         0.         0.
 0.         0.         0.         0.         0.         0.
 0.         1.00049988 0.500999   0.70781353 0.         0.
 0.70781353 0.         0.         0.         0.         0.
 0.         0.         0.         0.         0.         0.500999
 0.         1.00049988 0.70781353 0.         1.00049988 0.
 0.         0.500999   0.         0.         0.500999   0.70781353
 0.500999   0.         0.70781353 0.         0.70781353 0.
 0.70781353 0.         0.70781353 0.500999   0.         1.00049988
 0.         0.         0.70781353 0.500999  ]",[15  6  7  4  4  6 11 11  1 15  8 14  4  4  3  9],[15  6  7  4  4  6 11 11  1 15  8 14  4  4  3  0],False,False,0.40625,0.609375,"[np.int64(7), np.int64(8), np.int64(6), np.int64(5), np.int64(10), np.int64(12), np.int64(10), np.int64(1), np.int64(8), np.int64(11), np.int64(11), np.int64(1), np.int64(14), np.int64(13), np.int64(5), np.int64(11)]","[np.int64(6), np.int64(14), np.int64(10), np.int64(3), np.int64(2), np.int64(15), np.int64(12), np.int64(4), np.int64(8), np.int64(0), np.int64(1), np.int64(11), np.int64(14), np.int64(13), np.int64(2), np.int64(13)]",False,False,0.0,0.0,[15  6 11  4  4  6 11 11  1 15  8 14  4  4  3  4],[15  6 11  4  4  6 11 11  1  4  8 14  4  4  3  4],False,False,0.34375,0.4375,[15  6  7  4  4  6 11 11  1 15  8 14  4  4  3  9],[15  6  7  4  4  6 11  2  1 15  8 14  4  4  3  0],False,False,0.203125,0.265625,0.04,0.0,0.0,1,0,0,0.04,0.0,0.0,1,0,0,1.0,0.0,0.0,25,0,0,1.0,0.0,0.0,25,0,0,0.48,0.3333333333333333,0.36,12,4,9,0.56,0.2857142857142857,0.32,14,4,8,0.16,0.0,0.0,4,0,0,0.2,0.0,0.0,5,0,0
"[0.500999   1.00049988 0.         0.         0.         0.500999
 0.         0.         0.         0.         0.         0.
 0.         0.         0.         0.         1.00049988 0.500999
 0.         0.         0.         0.         0.         0.
 0.         0.         0.         0.         0.         0.70781353
 0.500999   0.70781353 0.         0.         0.         0.
 0.         0.         0.         0.         0.         0.
 0.         0.         0.         0.500999   0.         0.
 0.         0.         0.         0.         0.         0.
 1.00049988 0.         0.         0.         0.         0.
 0.         0.         0.70781353 0.         0.         0.
 0.         0.         0.         0.70781353 0.         0.
 0.         0.         0.         1.00049988 0.70781353 0.
 0.         0.         0.500999   0.         0.         0.
 0.70781353 0.         0.70781353 0.         0.         0.
 1.00049988 0.         0.         0.         0.         1.00049988
 0.         0.         0.         1.00049988 0.         0.70781353
 0.500999   0.         1.00049988 0.         0.         0.
 0.         0.         0.         0.         0.         0.
 0.         0.         0.         0.         0.         1.00049988
 0.500999   0.         0.         0.         1.00049988 0.
 0.         0.70781353 0.         0.         0.         0.
 0.         0.         1.00049988 0.500999   0.500999   1.00049988
 0.         1.00049988 0.         1.00049988 0.         0.70781353
 0.         0.         0.         0.         0.         0.
 0.         0.         1.00049988 1.00049988 0.         0.
 0.         0.         0.70781353 0.70781353 0.         0.
 0.         0.         0.         1.00049988 0.         0.
 0.         0.         0.500999   0.         0.         0.
 0.         0.         0.         0.         0.         0.
 1.00049988 0.         0.         0.         1.00049988 0.
 0.         0.500999   0.         0.70781353 0.         0.
 0.         0.         0.         0.         0.70781353 0.
 0.         1.00049988 0.         0.         0.         0.
 0.         0.         0.         0.         0.         0.70781353
 0.500999   0.         0.         0.         0.         0.
 1.00049988 0.         0.         0.70781353 0.         0.
 0.         0.         0.         0.500999   0.         0.70781353
 0.         0.         0.         0.         0.         0.70781353
 0.         0.         0.         0.         0.         0.70781353
 0.         0.70781353 0.         0.         0.         1.00049988
 0.         0.70781353 0.70781353 0.70781353 0.         0.
 0.         0.         0.70781353 1.00049988]",[ 5 14 13 14  5  5  5  8 15 14  5 13  4  1  1  1],[ 5  0 13 14  5  5  5  8 15 14  5 13  4  1  1  1],False,True,0.40625,0.609375,"[np.int64(14), np.int64(6), np.int64(13), np.int64(2), np.int64(13), np.int64(4), np.int64(14), np.int64(3), np.int64(3), np.int64(11), np.int64(11), np.int64(0), np.int64(11), np.int64(9), np.int64(10), np.int64(12)]","[np.int64(7), np.int64(14), np.int64(1), np.int64(3), np.int64(7), np.int64(2), np.int64(10), np.int64(14), np.int64(14), np.int64(3), np.int64(12), np.int64(0), np.int64(9), np.int64(4), np.int64(15), np.int64(2)]",False,False,0.0,0.0,[ 5  0 13 14  5  5  5 15  7 14  5  4  4  1  1  1],[ 5 14 13 14  5  5  5 12 15 14  5  4  4  1 15  5],False,False,0.34375,0.4375,[ 5 14 13 14  5  5  5  8  7 14  5 13  4  1  1  7],[ 5 13 13 14  5  5  5  8  7 15  5 13  4  1  1  1],False,False,0.203125,0.265625,0.04,0.0,0.0,1,0,0,0.04,1.0,1.0,1,1,25,1.0,0.0,0.0,25,0,0,1.0,0.0,0.0,25,0,0,1.0,0.08,0.08,25,2,2,1.0,0.0,0.0,25,0,0,0.76,0.0,0.0,19,0,0,0.72,0.0,0.0,18,0,0
"[0.         0.         0.         0.         0.         0.
 0.         0.         0.500999   0.         0.         0.
 0.         0.70781353 0.         0.         0.         1.00049988
 0.         1.00049988 1.00049988 0.         0.         0.
 0.500999   0.         0.         0.         0.         0.
 1.00049988 0.         0.         0.         1.00049988 0.
 0.70781353 0.70781353 0.70781353 0.         0.         0.70781353
 0.70781353 0.         0.         0.         0.500999   0.
 0.         1.00049988 0.         0.         0.         0.
 0.         0.         0.         0.         0.70781353 0.70781353
 0.         1.00049988 0.         0.         0.         1.00049988
 0.70781353 0.         0.500999   0.70781353 0.         0.70781353
 0.         0.         0.         0.         0.         0.
 0.         0.         0.         0.         0.70781353 0.
 0.70781353 1.00049988 0.         0.70781353 0.         0.
 0.         0.         1.00049988 0.         0.         0.
 0.         0.         0.70781353 0.         0.         0.
 1.00049988 0.70781353 0.         0.70781353 0.         1.00049988
 0.         0.         0.         0.         0.         0.
 0.         0.         0.70781353 0.70781353 0.70781353 0.
 0.         0.         0.         0.         0.         0.500999
 0.         0.         0.500999   0.500999   0.         0.
 0.         0.         0.         0.         0.         0.
 0.70781353 0.         0.         0.         0.         0.
 0.         0.         0.70781353 0.         0.         0.
 0.70781353 0.         0.         0.500999   0.         1.00049988
 0.500999   0.         0.         0.         0.         0.
 0.70781353 0.70781353 0.         0.         0.         0.
 0.70781353 0.         0.500999   0.         0.500999   0.
 0.         0.         0.         0.         0.         0.70781353
 0.         0.         1.00049988 0.         0.         1.00049988
 0.         0.         0.500999   0.         0.         0.
 0.         0.         0.         0.         0.         1.00049988
 0.         0.         0.         0.500999   0.500999   0.500999
 0.500999   0.500999   0.         0.         0.70781353 0.
 0.         1.00049988 0.         0.         0.         0.500999
 0.         0.         0.         0.         0.500999   0.
 0.         0.         0.         1.00049988 0.500999   0.
 0.         0.         0.         0.         0.         0.
 0.         0.         0.         0.         0.500999   1.00049988
 0.         0.         0.         0.         0.         0.
 0.         0.         0.         0.         0.         0.
 0.         0.         1.00049988 1.00049988]",[13  8  9 11  7  7  7 13  0 12 12 12 13 13  2 14],[13  8 10 10  7  7  7 13  0 12 12 12 13 13  2 14],True,True,0.40625,0.609375,"[np.int64(12), np.int64(12), np.int64(7), np.int64(5), np.int64(6), np.int64(9), np.int64(4), np.int64(0), np.int64(1), np.int64(0), np.int64(15), np.int64(3), np.int64(2), np.int64(14), np.int64(5), np.int64(10)]","[np.int64(4), np.int64(6), np.int64(2), np.int64(9), np.int64(6), np.int64(12), np.int64(10), np.int64(8), np.int64(5), np.int64(15), np.int64(2), np.int64(0), np.int64(9), np.int64(1), np.int64(12), np.int64(9)]",False,False,0.0,0.0,[13  8  9 11  7  7  7 13  0 12 12 12 13 13  2 14],[13  8  9 11  7  7  7 13  0 12 12 12 13 13  2 14],True,True,0.34375,0.4375,[ 8  8 14 11  7  7  7 13  0 12 12 12 13 13  2 14],[ 8  8  9 11  7  7  7 13 10 12 12 12 13 13  2 14],False,True,0.203125,0.265625,0.04,1.0,1.0,1,1,25,0.04,1.0,1.0,1,1,25,1.0,0.0,0.0,25,0,0,1.0,0.0,0.0,25,0,0,0.52,0.6923076923076923,0.72,13,9,18,0.44,0.6363636363636364,0.64,11,7,16,0.64,0.4375,0.28,16,7,7,0.44,0.6363636363636364,0.52,11,7,13
"[0.         0.         0.         0.         0.         0.
 0.         0.         0.500999   0.         0.         0.
 0.         0.70781353 0.         0.         0.         1.00049988
 0.         1.00049988 1.00049988 0.         0.         0.
 0.500999   0.         0.         0.         0.         0.
 1.00049988 0.         0.         0.         1.00049988 0.
 0.70781353 0.70781353 0.70781353 0.         0.         0.70781353
 0.70781353 0.         0.         0.         0.500999   0.
 0.         1.00049988 0.         0.         0.         0.
 0.         0.         0.         0.         0.70781353 0.70781353
 0.         1.00049988 0.         0.         0.         1.00049988
 0.70781353 0.         0.500999   0.70781353 0.         0.70781353
 0.         0.         0.         0.         0.         0.
 0.         0.         0.         0.         0.70781353 0.
 0.70781353 1.00049988 0.         0.70781353 0.         0.
 0.         0.         1.00049988 0.         0.         0.
 0.         0.         0.70781353 0.         0.         0.
 1.00049988 0.70781353 0.         0.70781353 0.         1.00049988
 0.         0.         0.         0.         0.         0.
 0.         0.         0.70781353 0.70781353 0.70781353 0.
 0.         0.         0.         0.         0.         0.500999
 0.         0.         0.500999   0.500999   0.         0.
 0.         0.         0.         0.         0.         0.
 0.70781353 0.         0.         0.         0.         0.
 0.         0.         0.70781353 0.         0.         0.
 0.70781353 0.         0.         0.500999   0.         1.00049988
 0.500999   0.         0.         0.         0.         0.
 0.70781353 0.70781353 0.         0.         0.         0.
 0.70781353 0.         0.500999   0.         0.500999   0.
 0.         0.         0.         0.         0.         0.70781353
 0.         0.         1.00049988 0.         0.         1.00049988
 0.         0.         0.500999   0.         0.         0.
 0.         0.         0.         0.         0.         1.00049988
 0.         0.         0.         0.500999   0.500999   0.500999
 0.500999   0.500999   0.         0.         0.70781353 0.
 0.         1.00049988 0.         0.         0.         0.500999
 0.         0.         0.         0.         0.500999   0.
 0.         0.         0.         1.00049988 0.500999   0.
 0.         0.         0.         0.         0.         0.
 0.         0.         0.         0.         0.500999   1.00049988
 0.         0.         0.         0.         0.         0.
 0.         0.         0.         0.         0.         0.
 0.         0.         1.00049988 1.00049988]",[13  8  9 11  7  7  7 13  0 12 12 12 13 13  2 14],[13  8 10 10  7  7  7 13  0 12 12 12 13 13  2 14],True,True,0.40625,0.609375,"[np.int64(4), np.int64(1), np.int64(2), np.int64(8), np.int64(1), np.int64(10), np.int64(1), np.int64(5), np.int64(8), np.int64(11), np.int64(11), np.int64(9), np.int64(0), np.int64(0), np.int64(0), np.int64(10)]","[np.int64(12), np.int64(0), np.int64(13), np.int64(15), np.int64(4), np.int64(1), np.int64(13), np.int64(8), np.int64(10), np.int64(12), np.int64(9), np.int64(7), np.int64(5), np.int64(7), np.int64(3), np.int64(5)]",False,False,0.0,0.0,[13  8 10 10  7  7  7 13  0 12 12 12 13 13  2 14],[13  8 10 10  7  7  7 13 10 12 12 12 13 13  2 14],True,False,0.34375,0.4375,[ 8  8 14 10  7  7  9 13  0 12 12 12 13 13  2 14],[13  8 10 10  7  7  9 13  0 12 12 12 13 13  2 14],False,True,0.203125,0.265625,0.04,1.0,1.0,1,1,25,0.04,1.0,1.0,1,1,25,1.0,0.0,0.0,25,0,0,1.0,0.0,0.0,25,0,0,0.36,0.5555555555555556,0.72,9,5,18,0.44,0.6363636363636364,0.72,11,7,18,0.6,0.2,0.16,15,3,4,0.52,0.46153846153846156,0.36,13,6,9
"[1.00049988 0.         0.         0.         0.500999   0.
 0.70781353 0.         1.00049988 0.70781353 0.70781353 0.
 0.         0.70781353 0.         0.         0.         0.
 1.00049988 0.         0.         0.         0.70781353 0.70781353
 0.         1.00049988 0.         0.         0.         0.
 0.         1.00049988 0.         1.00049988 1.00049988 0.
 0.70781353 0.         0.         1.00049988 0.         0.
 0.         0.         0.         0.         0.70781353 0.
 0.         0.         0.         0.500999   1.00049988 0.
 0.         0.         0.         0.         0.70781353 0.
 0.         0.         0.         0.70781353 0.500999   0.
 0.70781353 1.00049988 0.         0.         0.70781353 0.
 0.         0.         0.         1.00049988 0.         0.
 0.         0.         0.         0.         0.         0.
 0.         1.00049988 0.70781353 0.         0.         0.
 1.00049988 1.00049988 0.         0.         0.         0.
 0.70781353 0.70781353 0.         0.         0.70781353 0.70781353
 0.500999   0.         0.         0.         0.         0.
 0.         0.         0.         0.         0.         0.70781353
 1.00049988 0.         0.         0.         0.         1.00049988
 0.         0.         0.         0.         0.         0.
 1.00049988 0.         1.00049988 0.         0.         0.
 0.         0.         0.         0.         0.         1.00049988
 0.         0.70781353 0.         0.         0.         0.
 0.70781353 1.00049988 0.         0.         0.         0.
 0.         0.         1.00049988 0.500999   0.         0.
 1.00049988 0.         0.         0.         0.70781353 0.
 0.         0.70781353 0.         1.00049988 0.         0.
 0.         0.         0.         0.         0.         0.500999
 0.         0.         0.         0.         0.         0.
 1.00049988 1.00049988 0.         0.         0.70781353 0.
 0.         0.         0.         0.         0.         0.
 0.         0.         0.         0.         0.         0.
 0.         0.         0.         1.00049988 0.         0.
 0.         0.70781353 0.         0.         0.70781353 0.
 0.         0.         0.         0.         0.         0.
 0.         0.         0.500999   0.         0.70781353 0.500999
 0.         0.70781353 0.         0.         0.70781353 0.
 0.         0.         0.         1.00049988 0.         0.
 0.         0.         0.         0.         0.         0.
 0.         1.00049988 0.         0.70781353 0.         0.
 0.         0.         0.         0.         0.         0.
 0.         0.70781353 0.         0.        ]",[ 4  6  4 10  6  5  5  1 11  0  0  8 13  0  2 13],[ 4  6  4 10  0  5  5  1  0  0  0  8 13 10  2 13],False,False,0.40625,0.609375,"[np.int64(13), np.int64(11), np.int64(4), np.int64(9), np.int64(13), np.int64(15), np.int64(9), np.int64(2), np.int64(12), np.int64(7), np.int64(9), np.int64(14), np.int64(10), np.int64(3), np.int64(10), np.int64(2)]","[np.int64(1), np.int64(14), np.int64(14), np.int64(3), np.int64(1), np.int64(1), np.int64(1), np.int64(14), np.int64(4), np.int64(11), np.int64(12), np.int64(5), np.int64(14), np.int64(8), np.int64(0), np.int64(13)]",False,False,0.0,0.0,[ 4  6  4 10  6  5  5  1  0  0  0  5 13  0  2  3],[ 6  6  4 10  6  5  5  1  0  0  0  5 13 10  2 13],False,False,0.34375,0.4375,[ 4  6  4 10  0  5  5  1 11  0 13  5 13 10  2 13],[ 4  6  4 10  6  5  5  1 11  0 13  8 13 10  2 13],False,False,0.203125,0.265625,0.04,0.0,0.0,1,0,0,0.04,0.0,0.0,1,0,0,1.0,0.0,0.0,25,0,0,1.0,0.0,0.0,25,0,0,0.68,0.23529411764705882,0.2,17,4,5,0.52,0.23076923076923078,0.16,13,3,4,0.32,0.0,0.0,8,0,0,0.32,0.0,0.0,8,0,0
"[0.500999   0.         0.500999   1.00049988 0.         0.
 0.         0.         0.         0.         0.70781353 0.
 0.         0.         0.         0.         0.         0.
 0.         0.         1.00049988 0.         0.         0.70781353
 0.         0.         0.70781353 0.         0.         0.
 0.         0.500999   0.500999   0.         0.         0.
 0.         0.         0.         1.00049988 1.00049988 0.70781353
 1.00049988 0.         0.500999   0.         1.00049988 0.
 1.00049988 0.         0.         0.         0.         0.
 1.00049988 0.         0.         0.500999   0.         0.
 0.         1.00049988 0.500999   1.00049988 0.         1.00049988
 0.         0.         0.         0.         0.         0.
 0.500999   0.70781353 0.         0.70781353 0.70781353 0.
 0.         0.         0.         0.         0.         0.
 0.         0.         0.70781353 0.         0.         1.00049988
 0.         1.00049988 0.         0.500999   0.500999   0.
 0.         0.         0.         1.00049988 0.         0.70781353
 0.         0.         1.00049988 0.         0.         1.00049988
 0.         0.         0.70781353 0.         0.         0.70781353
 1.00049988 0.         0.         0.         0.         0.
 0.         0.500999   0.         0.         0.70781353 0.
 0.70781353 1.00049988 0.         0.         1.00049988 0.
 0.500999   0.         1.00049988 0.         1.00049988 0.
 0.         0.         1.00049988 0.         0.         1.00049988
 0.         0.         0.70781353 0.500999   0.70781353 1.00049988
 0.         0.500999   0.         0.         0.         0.
 0.         0.         0.         1.00049988 0.70781353 0.70781353
 1.00049988 0.         0.         0.         0.         0.
 0.         0.         1.00049988 0.         0.         0.
 0.         1.00049988 0.         0.         0.         0.
 0.70781353 1.00049988 1.00049988 0.         0.         0.
 0.         1.00049988 0.         0.         0.         0.
 0.         0.         0.500999   0.         0.70781353 0.
 0.         0.70781353 1.00049988 0.         0.         0.
 0.         0.         0.         1.00049988 0.         0.
 0.         1.00049988 0.         0.500999   0.         0.
 0.         0.         0.         0.         0.         0.
 0.         0.         0.         0.         1.00049988 0.500999
 0.         0.500999   0.70781353 0.70781353 0.         0.
 0.         0.         0.         0.         0.         0.500999
 0.         0.500999   0.         1.00049988 0.         0.
 0.         1.00049988 1.00049988 1.00049988 1.00049988 0.
 1.00049988 0.         0.500999   0.500999  ]",[ 2 15 12  3  9 14 14  9  4  3  1  4  2  5  3 14],[ 2 15 12  3  9 14 14  9  4  3  1  4  7  5  3 14],False,True,0.40625,0.609375,"[np.int64(1), np.int64(8), np.int64(13), np.int64(12), np.int64(4), np.int64(14), np.int64(4), np.int64(1), np.int64(11), np.int64(3), np.int64(12), np.int64(4), np.int64(10), np.int64(4), np.int64(14), np.int64(0)]","[np.int64(5), np.int64(2), np.int64(12), np.int64(9), np.int64(3), np.int64(14), np.int64(8), np.int64(8), np.int64(15), np.int64(9), np.int64(4), np.int64(0), np.int64(8), np.int64(7), np.int64(14), np.int64(3)]",False,False,0.0,0.0,[ 2 15  9  3  9 14 14  9  4  3  1  4  7  5  3 14],[ 2 15  9  3  9 14 14  9  4  3  1  4  7  5  3 14],False,False,0.34375,0.4375,[ 2 15 12  3  9 14 14  9  4  3  1  4  2  5  3 14],[ 2 15 12  3  9 14 14  9  4  3  1  4  7  5  3 14],False,True,0.203125,0.265625,0.04,0.0,0.0,1,0,0,0.04,1.0,1.0,1,1,25,1.0,0.0,0.0,25,0,0,1.0,0.0,0.0,25,0,0,0.16,0.5,0.76,4,2,19,0.12,0.6666666666666666,0.52,3,2,13,0.24,0.3333333333333333,0.12,6,2,3,0.12,0.6666666666666666,0.28,3,2,7
"[0.500999   0.         1.00049988 0.         0.70781353 0.70781353
 0.         0.70781353 0.         0.         0.         0.
 0.         0.70781353 0.         0.         0.         0.
 0.         0.         0.         0.         0.         0.70781353
 0.500999   0.         0.         0.         0.         0.
 0.         0.70781353 1.00049988 0.         0.500999   0.
 0.         0.         0.         0.         0.70781353 0.
 0.         0.         0.70781353 0.         0.         0.
 0.         0.         0.         0.         0.70781353 0.
 0.         0.         0.         0.         0.         0.
 0.         0.         0.         0.         0.70781353 0.
 0.         0.70781353 0.500999   0.         0.70781353 0.
 0.         0.         0.         0.         0.         0.
 0.         0.         0.70781353 0.         0.         0.
 0.         0.500999   0.         0.         0.         0.
 0.         0.500999   0.         0.         0.         0.
 0.         0.         0.         0.         0.70781353 0.
 1.00049988 0.         0.         0.         0.         0.
 0.         0.         0.         0.         0.70781353 0.70781353
 0.         0.         0.         0.         0.         0.
 0.         0.         0.         0.70781353 0.         0.
 1.00049988 0.         0.         0.500999   0.70781353 0.
 0.         0.         0.         0.         1.00049988 0.
 0.         0.         0.         0.         0.500999   0.
 0.         0.         0.         0.         0.         0.
 0.         0.         0.         1.00049988 0.         0.
 0.         0.         0.         0.         0.         0.
 0.         0.         0.         0.         0.         0.
 0.         0.         0.         0.         0.         0.
 0.         0.         0.         0.         0.         0.
 0.         0.500999   0.         0.70781353 0.         0.
 0.         0.         0.         0.         0.         0.
 0.         0.         0.70781353 0.         0.         0.
 0.         0.         0.         0.         0.         0.
 0.500999   0.         0.         0.500999   0.70781353 0.
 0.         0.         0.         0.         0.         0.
 0.         0.         0.         0.         0.         0.
 0.70781353 0.         0.         0.         0.         0.
 0.         0.         0.         1.00049988 0.500999   0.
 0.         0.         0.         0.70781353 0.         0.
 0.         0.70781353 0.         0.         0.         0.
 0.         0.         0.         0.         0.         0.
 0.500999   0.         0.         1.00049988]",[ 7  8  2  4  0 11  4  1  2  9 10  7  2 14  8 12],[ 7  8  2  4  0 11  4  1  2  9 10  7  2 14  8 12],True,True,0.40625,0.609375,"[np.int64(4), np.int64(7), np.int64(10), np.int64(5), np.int64(9), np.int64(15), np.int64(4), np.int64(7), np.int64(9), np.int64(1), np.int64(14), np.int64(4), np.int64(13), np.int64(11), np.int64(15), np.int64(9)]","[np.int64(10), np.int64(0), np.int64(14), np.int64(14), np.int64(7), np.int64(6), np.int64(7), np.int64(1), np.int64(6), np.int64(9), np.int64(8), np.int64(10), np.int64(8), np.int64(6), np.int64(0), np.int64(9)]",False,False,0.0,0.0,[13  8  2  4  0  0  4  1  2  9 10  7  2 14  8 12],[ 7  8  2  4  0 11  4  1  2  9 10  7  2 14  8 12],False,True,0.34375,0.4375,[ 7  8  2  4  0 11  4  1  1  9 10  7 15 14  8  1],[13  8  2  4  0 11  4  1  1  9 10  5 15 14  8  1],False,False,0.203125,0.265625,0.04,1.0,1.0,1,1,25,0.04,1.0,1.0,1,1,25,1.0,0.0,0.0,25,0,0,1.0,0.0,0.0,25,0,0,0.44,0.2727272727272727,0.4,11,3,10,0.44,0.36363636363636365,0.36,11,4,9,0.4,0.0,0.0,10,0,0,0.56,0.14285714285714285,0.12,14,2,3
"[0.500999   0.         1.00049988 0.         0.70781353 0.70781353
 0.         0.70781353 0.         0.         0.         0.
 0.         0.70781353 0.         0.         0.         0.
 0.         0.         0.         0.         0.         0.70781353
 0.500999   0.         0.         0.         0.         0.
 0.         0.70781353 1.00049988 0.         0.500999   0.
 0.         0.         0.         0.         0.70781353 0.
 0.         0.         0.70781353 0.         0.         0.
 0.         0.         0.         0.         0.70781353 0.
 0.         0.         0.         0.         0.         0.
 0.         0.         0.         0.         0.70781353 0.
 0.         0.70781353 0.500999   0.         0.70781353 0.
 0.         0.         0.         0.         0.         0.
 0.         0.         0.70781353 0.         0.         0.
 0.         0.500999   0.         0.         0.         0.
 0.         0.500999   0.         0.         0.         0.
 0.         0.         0.         0.         0.70781353 0.
 1.00049988 0.         0.         0.         0.         0.
 0.         0.         0.         0.         0.70781353 0.70781353
 0.         0.         0.         0.         0.         0.
 0.         0.         0.         0.70781353 0.         0.
 1.00049988 0.         0.         0.500999   0.70781353 0.
 0.         0.         0.         0.         1.00049988 0.
 0.         0.         0.         0.         0.500999   0.
 0.         0.         0.         0.         0.         0.
 0.         0.         0.         1.00049988 0.         0.
 0.         0.         0.         0.         0.         0.
 0.         0.         0.         0.         0.         0.
 0.         0.         0.         0.         0.         0.
 0.         0.         0.         0.         0.         0.
 0.         0.500999   0.         0.70781353 0.         0.
 0.         0.         0.         0.         0.         0.
 0.         0.         0.70781353 0.         0.         0.
 0.         0.         0.         0.         0.         0.
 0.500999   0.         0.         0.500999   0.70781353 0.
 0.         0.         0.         0.         0.         0.
 0.         0.         0.         0.         0.         0.
 0.70781353 0.         0.         0.         0.         0.
 0.         0.         0.         1.00049988 0.500999   0.
 0.         0.         0.         0.70781353 0.         0.
 0.         0.70781353 0.         0.         0.         0.
 0.         0.         0.         0.         0.         0.
 0.500999   0.         0.         1.00049988]",[ 7  8  2  4  0 11  4  1  2  9 10  7  2 14  8 12],[ 7  8  2  4  0 11  4  1  2  9 10  7  2 14  8 12],True,True,0.40625,0.609375,"[np.int64(6), np.int64(9), np.int64(3), np.int64(8), np.int64(0), np.int64(4), np.int64(2), np.int64(3), np.int64(3), np.int64(11), np.int64(14), np.int64(0), np.int64(5), np.int64(15), np.int64(4), np.int64(1)]","[np.int64(7), np.int64(14), np.int64(6), np.int64(11), np.int64(3), np.int64(9), np.int64(4), np.int64(7), np.int64(4), np.int64(8), np.int64(15), np.int64(2), np.int64(10), np.int64(11), np.int64(5), np.int64(15)]",False,False,0.0,0.0,[ 7  8  2  4  0  0  4  1  2  9 10  7  2 14  8 12],[ 7  8  2  4  0  0  4  1  2  9 10  7  2 14  8 12],False,False,0.34375,0.4375,[13  8  2  4  0 11  4  1  1  9 10  7  2 14  8 12],[13  8  2  4  0 11  4  1  1  9 10  5  2 14  8 12],False,False,0.203125,0.265625,0.04,1.0,1.0,1,1,25,0.04,1.0,1.0,1,1,25,1.0,0.0,0.0,25,0,0,1.0,0.0,0.0,25,0,0,0.48,0.5,0.6,12,6,15,0.44,0.36363636363636365,0.56,11,4,14,0.56,0.07142857142857142,0.04,14,1,1,0.64,0.125,0.08,16,2,2
