As,Source_Nodes,Categorical_Model_Trees,Categorical_True_Trees,Categorical_Model_Mask,Categorical_True_Mask,Categorical_Model_Accuracy,Categorical_True_Accuracy,Random_Model_Trees,Random_True_Trees,Random_Model_Mask,Random_True_Mask,Random_Model_Accuracy,Random_True_Accuracy,Prim_Model_Trees,Prim_True_Trees,Prim_Model_Mask,Prim_True_Mask,Prim_Model_Accuracy,Prim_True_Accuracy,Beam_Model_Trees,Beam_True_Trees,Beam_Model_Mask,Beam_True_Mask,Beam_Model_Accuracy,Beam_True_Accuracy,Categorical_Model_Uniques,Categorical_Model_Valids_Uniques,Categorical_Model_Valids,Categorical_Model_Unique_Counts,Categorical_Model_Valid_Unique_Counts,Categorical_Model_Valid_Counts,Categorical_True_Uniques,Categorical_True_Valids_Uniques,Categorical_True_Valids,Categorical_True_Unique_Counts,Categorical_True_Valid_Unique_Counts,Categorical_True_Valid_Counts,Random_Model_Uniques,Random_Model_Valids_Uniques,Random_Model_Valids,Random_Model_Unique_Counts,Random_Model_Valid_Unique_Counts,Random_Model_Valid_Counts,Random_True_Uniques,Random_True_Valids_Uniques,Random_True_Valids,Random_True_Unique_Counts,Random_True_Valid_Unique_Counts,Random_True_Valid_Counts,Prim_Model_Uniques,Prim_Model_Valids_Uniques,Prim_Model_Valids,Prim_Model_Unique_Counts,Prim_Model_Valid_Unique_Counts,Prim_Model_Valid_Counts,Prim_True_Uniques,Prim_True_Valids_Uniques,Prim_True_Valids,Prim_True_Unique_Counts,Prim_True_Valid_Unique_Counts,Prim_True_Valid_Counts,Beam_Model_Uniques,Beam_Model_Valids_Uniques,Beam_Model_Valids,Beam_Model_Unique_Counts,Beam_Model_Valid_Unique_Counts,Beam_Model_Valid_Counts,Beam_True_Uniques,Beam_True_Valids_Uniques,Beam_True_Valids,Beam_True_Unique_Counts,Beam_True_Valid_Unique_Counts,Beam_True_Valid_Counts
"[0 0 0 0 0 0 1 1 0 1 1 0 0 1 0 0 0 1 0 1 0 0 1 0 0 0 0 1 0 0 0 0 0 0 0 0 1
 0 0 0 0 0 0 1 0 0 0 0 0 1 0 1 0 0 0 0 0 1 1 0 1 0 0 1 0 0 1 0 0 0 0 0 0 0
 0 0 0 0 0 0 0 0 0 0 0 1 0 1 1 0 1 0 0 1 0 0 1 1 0 0 0 0 0 1 0 1 0 0 0 0 0
 0 1 0 0 0 0 1 1 1 0 1 1 0 1 0 0 0 0 0 0 0 0 1 0 0 1 0 0 0 1 0 1 0 1 0 0 1
 0 0 1 1 0 0 1 1 0 1 0 1 1 0 0 1 0 1 0 1 0 1 1 1 1 0 1 1 0 1 1 0 0 0 0 0 0
 1 1 1 0 0 0 0 0 0 0 1 0 0 0 1 1 0 1 0 1 0 1 0 1 0 0 0 0 1 0 0 0 1 0 0 0 1
 1 0 0 0 0 0 0 0 0 0 1 0 1 0 1 1 1 0 0 0 0 1 0 0 0 0 0 1 1 0 0 0 0 1]",4,[10 11  4 10  4 10  9 10 12 11 11  2 10  9 10 10],[ 9 11  4 10  4 10  9 10 14 11 11  2 10  9 10  9],True,False,0.53125,0.6875,"[np.int64(3), np.int64(11), np.int64(1), np.int64(4), np.int64(7), np.int64(3), np.int64(5), np.int64(7), np.int64(4), np.int64(2), np.int64(14), np.int64(1), np.int64(7), np.int64(0), np.int64(6), np.int64(9)]","[np.int64(0), np.int64(13), np.int64(12), np.int64(8), np.int64(6), np.int64(10), np.int64(6), np.int64(9), np.int64(15), np.int64(10), np.int64(0), np.int64(4), np.int64(14), np.int64(12), np.int64(1), np.int64(11)]",False,False,0.0,0.0,[10 11  4 10  4 10  9  9  5 11 11  2 10  9 10  9],[10 11  4 10  4 10  9 10 14 11 11  2 10  9 10  9],False,False,0.390625,0.625,[10 11  4 10  4 10  9 10 14 11 11  2 10  9 10 10],[10 11  4 10  4 10  1 10 14 11 11  2 10  9 10 10],True,True,0.640625,0.71875,0.92,0.13043478260869565,0.12,23,3,3,0.84,0.19047619047619047,0.24,21,4,6,1.0,0.0,0.0,25,0,0,1.0,0.0,0.0,25,0,0,0.96,0.0,0.0,24,0,0,0.92,0.08695652173913043,0.08,23,2,2,0.04,1.0,1.0,1,1,25,0.04,1.0,1.0,1,1,25
"[1 0 1 0 1 0 1 0 1 0 0 0 1 0 0 0 0 1 0 1 0 0 0 0 1 0 0 1 0 0 0 0 1 0 0 0 0
 0 0 0 1 0 1 0 0 0 0 0 0 1 0 0 1 1 1 0 1 0 1 0 0 0 0 0 1 0 0 1 0 0 0 0 0 0
 0 0 1 0 0 0 0 0 0 1 0 0 0 0 0 0 0 1 0 0 0 0 1 0 0 1 0 0 0 0 0 0 1 0 0 1 0
 0 0 0 0 0 0 0 0 1 0 0 0 1 0 1 0 0 1 1 1 1 0 0 0 0 1 0 0 0 0 0 0 0 0 0 0 0
 0 0 0 0 0 0 1 1 0 0 0 0 0 0 1 1 0 0 1 0 0 1 1 1 0 0 0 1 0 1 0 0 0 1 0 1 0
 1 1 0 0 0 0 0 1 0 0 0 1 0 0 0 0 0 0 0 0 0 0 0 0 0 0 0 0 0 1 1 0 0 0 0 0 0
 0 1 0 0 0 0 0 0 0 0 0 0 0 0 0 0 1 1 0 0 0 0 0 0 0 0 0 0 1 0 0 1 1 1]",8,[ 8  8  8  8  3  3  0 11  8 11  2  1  0  6 15 10],[ 8  8  8  8  3  3  3 11  8 11  2  1  0  6 15 10],False,True,0.53125,0.6875,"[np.int64(7), np.int64(11), np.int64(9), np.int64(4), np.int64(9), np.int64(9), np.int64(5), np.int64(8), np.int64(9), np.int64(8), np.int64(10), np.int64(8), np.int64(12), np.int64(11), np.int64(0), np.int64(9)]","[np.int64(9), np.int64(6), np.int64(2), np.int64(8), np.int64(2), np.int64(9), np.int64(15), np.int64(7), np.int64(3), np.int64(0), np.int64(0), np.int64(6), np.int64(8), np.int64(2), np.int64(4), np.int64(4)]",False,False,0.0,0.0,[ 8  8  8  8  0  3  0 11  8 11  2  1  0  6 15 10],[ 8  8  8  8  3  3  0 11  8 11  2  1  0  6 15 10],True,False,0.390625,0.625,[ 8  8  8  8  3  3  0 11  8 11  2  1  0  6 15 10],[ 8  8  8  8  0  3  0 11  8 11  2  1  0  6 15 10],False,True,0.640625,0.71875,0.52,0.6153846153846154,0.64,13,8,16,0.4,0.5,0.56,10,5,14,1.0,0.0,0.0,25,0,0,1.0,0.0,0.0,25,0,0,0.44,0.45454545454545453,0.44,11,5,11,0.56,0.5,0.56,14,7,14,0.04,0.0,0.0,1,0,0,0.04,1.0,1.0,1,1,25
"[1 0 0 1 1 0 0 1 1 0 0 0 0 0 0 0 0 0 0 0 0 1 0 0 0 0 0 0 0 0 0 0 0 0 1 0 0
 0 0 0 0 1 0 0 0 1 0 1 1 0 0 0 0 0 1 0 0 1 0 1 0 0 1 0 1 0 0 0 0 0 0 0 0 0
 1 0 0 0 0 0 0 1 0 0 0 0 1 1 0 0 0 0 0 0 1 0 0 0 0 1 0 1 1 0 1 0 0 0 0 1 0
 0 1 0 0 0 0 1 0 1 0 0 0 0 1 0 0 1 1 0 0 0 0 0 1 0 1 0 0 1 0 0 1 0 0 0 1 1
 0 0 0 0 0 0 0 0 0 0 0 0 0 0 0 0 1 0 0 0 0 0 0 0 0 1 0 0 0 0 0 1 0 0 0 0 1
 0 0 1 0 0 0 0 0 0 0 0 0 0 0 1 0 0 0 0 1 0 1 0 0 0 1 0 0 0 1 0 0 0 1 0 0 0
 1 0 0 0 0 1 0 1 0 0 1 0 0 0 1 1 1 0 0 0 1 0 0 0 0 1 0 0 0 0 0 0 0 0]",3,[ 3  5  9  3  0 14  3  0 11  3  4  3 14 14  3  7],[ 3  5  9  3  0  6  3  0 14  3  4  3 14  6  3  2],True,False,0.53125,0.6875,"[np.int64(14), np.int64(3), np.int64(9), np.int64(3), np.int64(4), np.int64(9), np.int64(10), np.int64(6), np.int64(4), np.int64(11), np.int64(6), np.int64(12), np.int64(7), np.int64(8), np.int64(2), np.int64(4)]","[np.int64(8), np.int64(0), np.int64(12), np.int64(12), np.int64(1), np.int64(9), np.int64(2), np.int64(11), np.int64(1), np.int64(13), np.int64(5), np.int64(2), np.int64(1), np.int64(7), np.int64(14), np.int64(6)]",False,False,0.0,0.0,[ 3  5  9  3  0  6  3  0  0  3 13  3 14 14  3  7],[ 3  5  9  3  0  6  3  0 11  3 13  3 14  6  3  7],False,True,0.390625,0.625,[ 3  5  9  3  0 14  3  0 14  3  4  3 14  6  3  7],[ 3  5  9  3  0  6  3  0  0  3  4  3 14  6  3  2],False,True,0.640625,0.71875,0.8,0.4,0.36,20,8,9,0.88,0.36363636363636365,0.32,22,8,8,1.0,0.0,0.0,25,0,0,1.0,0.0,0.0,25,0,0,0.88,0.45454545454545453,0.44,22,10,11,0.72,0.2222222222222222,0.24,18,4,6,0.04,0.0,0.0,1,0,0,0.04,1.0,1.0,1,1,25
"[0 0 0 0 1 0 0 0 0 0 0 0 0 0 0 0 0 0 0 1 0 0 0 0 0 0 0 0 0 1 0 0 0 0 0 1 1
 0 1 0 0 0 0 0 0 0 0 1 0 1 1 0 1 0 0 0 0 0 0 0 1 0 0 0 1 0 1 1 0 0 1 1 0 0
 0 1 0 1 0 0 0 0 0 0 0 0 1 0 0 1 0 0 0 0 0 0 0 0 1 0 1 1 0 0 1 0 0 0 1 0 0
 0 0 0 0 0 1 0 0 0 1 0 0 0 1 0 1 0 0 0 0 0 0 0 1 1 0 1 1 1 0 1 0 1 0 0 0 0
 0 1 0 0 1 0 1 1 1 1 0 0 0 0 0 0 0 0 0 0 1 1 0 0 0 0 1 0 0 0 0 0 1 0 0 0 1
 1 0 1 0 0 0 0 0 0 0 1 0 0 1 1 0 1 0 0 0 0 0 0 0 1 0 0 1 0 0 0 1 1 0 0 0 1
 0 1 0 0 0 0 0 0 0 1 0 0 1 0 0 0 1 0 0 0 1 0 0 0 0 0 1 0 0 0 0 1 0 1]",0,[ 0 13  4  4  0  6  4  4 11 13  8  4  3  4  7  2],[ 0  3  4  4  0  6  4  4 11 11 14  4  7  4  7  2],False,True,0.53125,0.6875,"[np.int64(4), np.int64(13), np.int64(9), np.int64(10), np.int64(14), np.int64(5), np.int64(14), np.int64(9), np.int64(14), np.int64(2), np.int64(7), np.int64(0), np.int64(3), np.int64(10), np.int64(11), np.int64(3)]","[np.int64(10), np.int64(4), np.int64(2), np.int64(8), np.int64(13), np.int64(1), np.int64(4), np.int64(6), np.int64(7), np.int64(10), np.int64(14), np.int64(14), np.int64(5), np.int64(3), np.int64(3), np.int64(2)]",False,False,0.0,0.0,[ 0  3  4  4  0  6  4  4  7 13  8  4  3  4  7  2],[ 0  3  4  4  0  6  4  4  7 13  8  4  6  4  7 13],True,False,0.390625,0.625,[ 0 13  4  4  0  6  4  4 13 13 14  4  7  4  7  2],[ 0  3  4  4  0  6  4  4  6 13  8  4  6  4  7 13],True,True,0.640625,0.71875,1.0,0.4,0.4,25,10,10,0.88,0.3181818181818182,0.4,22,7,10,1.0,0.0,0.0,25,0,0,1.0,0.0,0.0,25,0,0,0.88,0.2727272727272727,0.24,22,6,6,0.96,0.4166666666666667,0.44,24,10,11,0.04,1.0,1.0,1,1,25,0.04,1.0,1.0,1,1,25
"[0 0 1 0 1 1 0 0 0 0 0 0 0 1 0 0 0 1 0 0 0 0 0 0 0 0 0 0 1 0 0 0 1 0 1 0 0
 0 0 0 0 1 1 0 1 0 0 0 0 0 0 1 1 1 0 0 0 1 1 0 0 0 0 1 1 0 0 1 0 0 0 0 1 0
 0 0 1 0 0 0 1 0 0 1 0 0 0 1 1 1 0 0 0 0 1 0 0 0 0 0 0 0 1 0 0 0 0 1 0 0 0
 0 0 0 0 0 0 1 0 0 0 0 1 0 0 1 0 0 0 0 0 0 1 1 0 0 1 0 1 0 0 0 0 0 0 0 1 1
 0 1 0 0 0 1 0 0 1 0 0 0 0 0 1 1 0 0 0 1 1 0 1 0 0 1 1 1 0 0 0 0 0 0 1 0 0
 0 0 1 0 1 0 0 0 1 1 0 1 0 0 0 0 1 0 0 0 0 0 0 1 0 0 0 0 0 0 1 0 0 1 1 0 0
 0 0 0 0 0 0 0 1 0 0 0 0 1 0 0 0 0 0 0 0 0 1 0 0 0 0 0 0 1 0 0 0 0 0]",13,[13 12  0 10  0  0 11 13 10  3 13 13  4 13 10 10],[13 12  0 10  0  7 11 13 10  3 13 13  4 13 10 10],True,True,0.53125,0.6875,"[np.int64(15), np.int64(6), np.int64(7), np.int64(10), np.int64(12), np.int64(6), np.int64(6), np.int64(3), np.int64(12), np.int64(2), np.int64(1), np.int64(2), np.int64(8), np.int64(15), np.int64(11), np.int64(12)]","[np.int64(0), np.int64(0), np.int64(13), np.int64(13), np.int64(8), np.int64(7), np.int64(4), np.int64(14), np.int64(7), np.int64(13), np.int64(1), np.int64(3), np.int64(4), np.int64(11), np.int64(5), np.int64(15)]",False,False,0.0,0.0,[13 12 10 10  0  0 11 13 10  5 13 13  4 13 10 10],[13 12 10 10  0  0 11 13 10  2 13 13  4 13 10 10],True,True,0.390625,0.625,[13 12 10 10  0  0 11 13 10  5 13 13  2 13 10 10],[13 12  0 10  0  0 11 13 10  5 13 13  2 13 10 10],True,True,0.640625,0.71875,0.64,1.0,1.0,16,16,25,0.6,1.0,1.0,15,15,25,1.0,0.0,0.0,25,0,0,1.0,0.0,0.0,25,0,0,0.64,1.0,1.0,16,16,25,0.56,1.0,1.0,14,14,25,0.04,1.0,1.0,1,1,25,0.04,1.0,1.0,1,1,25
"[0 0 0 0 1 0 1 0 1 0 1 0 0 0 1 0 0 1 0 1 0 0 0 0 0 0 0 0 1 0 1 0 0 0 0 1 0
 0 1 0 0 0 0 1 0 0 0 0 0 1 1 0 0 0 0 0 0 0 0 0 0 0 1 0 1 0 0 0 1 0 0 0 0 0
 0 0 0 0 1 0 0 0 0 0 0 0 0 1 1 0 1 0 0 0 0 1 1 0 1 0 0 0 1 0 0 0 0 0 0 0 0
 0 0 0 0 0 0 1 0 0 0 1 1 0 0 0 0 0 1 0 0 0 0 1 0 0 0 1 0 0 1 0 1 0 0 0 0 0
 0 0 0 1 1 1 1 0 0 0 0 0 1 0 0 0 0 1 0 1 0 1 0 0 0 0 0 0 0 0 1 0 0 0 0 0 0
 0 0 1 0 0 0 1 0 1 0 0 0 0 0 0 1 0 0 0 0 1 0 0 0 0 0 0 0 0 0 0 0 0 0 0 1 0
 0 1 1 1 0 1 1 0 0 0 1 0 0 0 0 0 0 1 0 0 0 0 0 1 0 0 0 0 0 1 0 1 1 1]",5,[ 8 12 11 14  0  5  0  5  5 10  5 15  8 15 15  5],[ 8 12 11 14  0  5  0  5  5  7  5 15  8 15  8  5],False,True,0.53125,0.6875,"[np.int64(1), np.int64(15), np.int64(12), np.int64(10), np.int64(12), np.int64(0), np.int64(11), np.int64(6), np.int64(3), np.int64(1), np.int64(4), np.int64(1), np.int64(6), np.int64(5), np.int64(11), np.int64(15)]","[np.int64(12), np.int64(0), np.int64(4), np.int64(12), np.int64(7), np.int64(14), np.int64(7), np.int64(12), np.int64(13), np.int64(10), np.int64(9), np.int64(1), np.int64(12), np.int64(12), np.int64(12), np.int64(2)]",False,False,0.0,0.0,[10 14 11 14  0  5  0  5  5  8  5 15  8 15  8  5],[ 8 14 11 14  0  5  0  5  5 10  5 15  8 15  8  5],False,False,0.390625,0.625,[10 14 11 14 14  5  0  5  5  7  5 15  8 15 15  5],[ 8 14 11 14  0  5  0  5  5  8  5 15  8 15  8  5],True,True,0.640625,0.71875,0.76,0.47368421052631576,0.52,19,9,13,0.72,0.5555555555555556,0.48,18,10,12,1.0,0.0,0.0,25,0,0,1.0,0.0,0.0,25,0,0,0.8,0.7,0.76,20,14,19,0.68,0.5882352941176471,0.56,17,10,14,0.04,1.0,1.0,1,1,25,0.04,1.0,1.0,1,1,25
"[1 1 0 0 0 1 0 0 0 1 0 0 0 0 1 0 1 1 0 0 0 0 1 0 0 0 1 0 0 0 0 0 0 0 0 0 0
 0 0 0 0 1 0 1 0 0 1 0 0 0 0 1 0 0 0 0 1 1 0 0 0 0 0 0 0 0 0 0 1 1 0 0 1 0
 1 0 0 0 0 0 1 0 0 0 1 0 1 0 1 0 1 0 0 1 1 0 0 1 0 0 0 1 0 0 0 0 1 0 1 0 1
 0 0 0 0 0 0 0 0 0 0 0 0 0 0 0 0 0 0 0 0 1 1 1 0 0 0 0 0 0 0 0 0 0 1 0 1 1
 0 0 0 0 0 0 0 0 1 1 1 1 0 1 0 0 1 1 1 0 0 0 1 0 1 0 1 0 0 0 1 0 0 0 0 0 0
 0 0 1 0 1 0 0 0 0 0 0 0 0 1 0 0 1 1 0 1 0 0 0 0 0 0 0 0 1 0 0 0 1 0 1 0 1
 0 0 1 0 1 0 0 1 1 0 0 1 1 0 0 0 0 0 0 0 0 0 0 0 0 0 0 1 0 0 0 0 0 1]",10,[14 10 14  9 10 10 10  7  4 12 10  2 10  5 10  9],[14 10 14  8 10 10 10  7  4 14 10 13 10  5 10  9],True,True,0.53125,0.6875,"[np.int64(10), np.int64(9), np.int64(9), np.int64(3), np.int64(7), np.int64(4), np.int64(0), np.int64(1), np.int64(7), np.int64(13), np.int64(6), np.int64(0), np.int64(11), np.int64(5), np.int64(2), np.int64(13)]","[np.int64(3), np.int64(3), np.int64(7), np.int64(4), np.int64(5), np.int64(4), np.int64(15), np.int64(8), np.int64(4), np.int64(11), np.int64(15), np.int64(11), np.int64(9), np.int64(1), np.int64(2), np.int64(3)]",False,False,0.0,0.0,[14 10 14  8 10 10 10  2  5 14 10 13 10  5 10  9],[ 1 10 14  8 10 10 10  7  4 12 10 13 10  5 10  9],False,True,0.390625,0.625,[14 10 14  8 10 10 10  2  5 14 10 13 10  5 10  9],[ 1 10 14  8 10 10 10  0  4 14 10  2 10  5 10  9],False,False,0.640625,0.71875,0.88,1.0,1.0,22,22,25,0.64,1.0,1.0,16,16,25,1.0,0.0,0.0,25,0,0,1.0,0.0,0.0,25,0,0,0.96,0.0,0.0,24,0,0,0.68,1.0,1.0,17,17,25,0.04,0.0,0.0,1,0,0,0.04,0.0,0.0,1,0,0
"[0 0 0 0 0 0 1 0 1 0 1 1 1 0 0 0 0 1 1 0 0 0 0 1 0 1 0 0 1 1 1 0 0 1 0 0 0
 0 1 0 0 1 1 0 1 0 0 0 0 0 0 0 0 0 0 0 0 1 0 0 0 0 1 0 0 0 0 0 1 0 0 0 1 0
 0 0 0 0 0 1 0 0 0 0 0 1 0 0 1 1 1 0 0 0 1 0 1 0 1 0 0 0 0 0 0 0 1 0 0 1 1
 0 0 1 0 0 0 0 0 1 1 1 0 1 0 1 0 0 1 0 0 0 1 1 0 1 0 0 0 0 0 1 0 0 0 1 1 1
 0 1 0 1 0 0 0 0 0 0 0 0 1 0 1 0 0 1 1 0 0 0 1 0 0 0 1 0 1 0 0 0 0 0 0 1 0
 0 0 1 0 0 0 1 1 1 1 0 0 0 0 0 0 0 0 0 1 0 0 0 0 1 0 0 0 0 1 1 1 0 0 0 0 1
 0 1 0 1 0 1 0 1 1 0 0 0 1 0 0 0 1 0 0 0 0 0 1 0 0 0 0 0 0 1 0 1 0 0]",3,[ 6  9  9  3  8  9 14  9  5  3 14  7  2  1  3 11],[ 6 14  9  3  8  9 14  9  5  3 14  7  1  1  3 13],True,False,0.53125,0.6875,"[np.int64(9), np.int64(2), np.int64(12), np.int64(1), np.int64(0), np.int64(12), np.int64(12), np.int64(13), np.int64(11), np.int64(15), np.int64(13), np.int64(10), np.int64(8), np.int64(11), np.int64(10), np.int64(5)]","[np.int64(14), np.int64(15), np.int64(3), np.int64(2), np.int64(8), np.int64(3), np.int64(10), np.int64(0), np.int64(4), np.int64(1), np.int64(1), np.int64(1), np.int64(2), np.int64(1), np.int64(12), np.int64(13)]",False,False,0.0,0.0,[ 6 14  9  3  8  9 14  9  7  3 14  7  2  7  3 13],[10  9  9  3  8  9 14  9  7  3 14  7  1  1  3 11],False,True,0.390625,0.625,[10 14  9  3  8 14 14  9  5  3 14  7  1  1  3 13],[10 14  9  3  8 14 14  9  5  3 14  7  1  1  3 11],True,True,0.640625,0.71875,0.96,0.5,0.48,24,12,12,0.88,0.6363636363636364,0.6,22,14,15,1.0,0.0,0.0,25,0,0,1.0,0.0,0.0,25,0,0,0.96,0.5416666666666666,0.52,24,13,13,0.84,0.5238095238095238,0.48,21,11,12,0.04,1.0,1.0,1,1,25,0.04,1.0,1.0,1,1,25
"[1 0 0 0 0 0 1 0 0 1 1 1 0 1 0 1 0 1 0 0 0 1 0 0 1 0 0 0 0 0 0 0 0 0 0 0 0
 0 0 0 0 0 0 0 0 1 0 0 0 0 0 1 0 1 0 1 1 0 1 0 1 1 0 0 0 0 0 0 0 0 1 1 1 0
 1 0 0 0 0 0 0 1 0 1 0 0 0 0 0 0 0 1 1 0 0 0 1 0 0 0 1 0 0 1 0 0 1 0 0 0 1
 0 0 0 0 1 1 0 1 0 0 0 1 0 0 0 0 0 0 1 0 1 1 0 0 0 1 0 0 0 0 1 0 0 1 0 0 0
 0 0 0 0 0 0 0 0 1 0 0 0 1 0 0 1 1 0 1 1 0 0 0 1 0 0 0 0 1 0 0 0 0 1 0 0 0
 0 1 1 0 1 0 0 0 0 0 1 0 1 0 0 0 1 0 0 0 1 0 0 1 0 1 1 0 0 0 0 1 0 0 1 1 1
 1 1 0 0 0 0 0 0 1 0 0 0 0 0 0 1 1 0 1 0 0 0 0 0 0 0 0 0 0 0 0 1 0 1]",8,[13  8 13  8  8  1  4  3  8  0  4 13 13  8 13 13],[13  8 13  8  8  1  4  3  8 12  3 13  3  8 13 13],False,True,0.53125,0.6875,"[np.int64(9), np.int64(11), np.int64(5), np.int64(15), np.int64(2), np.int64(10), np.int64(15), np.int64(3), np.int64(1), np.int64(7), np.int64(15), np.int64(2), np.int64(10), np.int64(3), np.int64(8), np.int64(9)]","[np.int64(9), np.int64(15), np.int64(0), np.int64(3), np.int64(11), np.int64(4), np.int64(2), np.int64(14), np.int64(11), np.int64(14), np.int64(9), np.int64(12), np.int64(0), np.int64(5), np.int64(13), np.int64(8)]",False,False,0.0,0.0,[13  8 13  8  8  3  4  4  8  0  4 13 13  8 13 13],[13  8 13  8  8  3  4  4  8  0  3 13  3  8 13 13],True,False,0.390625,0.625,[13  8 13  8  8  3  4  3  8 12  3 13  3  8 13 13],[13  8 13  8  8  1  4  3  8 12  3 13  3  8 13 13],True,True,0.640625,0.71875,0.76,0.5789473684210527,0.48,19,11,12,0.76,0.47368421052631576,0.52,19,9,13,1.0,0.0,0.0,25,0,0,1.0,0.0,0.0,25,0,0,0.72,0.6111111111111112,0.6,18,11,15,0.68,0.47058823529411764,0.52,17,8,13,0.04,1.0,1.0,1,1,25,0.04,1.0,1.0,1,1,25
"[0 0 0 1 0 0 0 0 0 0 0 1 0 0 0 1 0 0 0 0 0 0 0 1 0 0 0 1 0 0 0 0 0 0 1 0 1
 0 0 0 0 0 0 0 0 0 0 0 1 0 0 0 1 0 1 0 0 0 1 0 1 0 0 0 0 0 1 1 0 0 0 0 0 1
 0 0 0 0 0 1 0 0 0 0 0 0 1 0 1 0 0 0 0 0 1 0 0 0 0 1 0 1 0 1 0 0 0 1 0 0 0
 0 0 1 0 0 0 0 1 1 1 0 0 0 0 0 1 0 0 0 0 0 0 1 0 1 0 0 1 1 0 1 0 1 0 0 0 0
 1 0 0 0 0 0 0 0 0 0 0 0 0 0 0 1 0 0 0 0 1 0 0 1 1 0 1 0 1 1 0 0 0 0 1 0 1
 0 1 1 0 0 1 0 0 0 0 1 0 0 0 0 0 0 1 0 1 0 0 1 0 0 0 0 0 0 0 0 1 0 0 0 0 1
 0 0 0 0 0 0 0 1 0 1 0 0 1 1 0 0 1 0 1 0 0 0 1 0 0 0 1 0 0 0 1 0 0 0]",5,[11 11  4  6  3  5  5  8  5  4  8  6 10  8  5  8],[11 11  4  6  3  5  5  8  5  4  8  8 15  8  5  8],False,False,0.53125,0.6875,"[np.int64(13), np.int64(8), np.int64(8), np.int64(2), np.int64(1), np.int64(10), np.int64(12), np.int64(0), np.int64(6), np.int64(9), np.int64(6), np.int64(6), np.int64(12), np.int64(14), np.int64(4), np.int64(11)]","[np.int64(10), np.int64(11), np.int64(3), np.int64(1), np.int64(7), np.int64(5), np.int64(13), np.int64(13), np.int64(13), np.int64(6), np.int64(7), np.int64(14), np.int64(14), np.int64(10), np.int64(10), np.int64(4)]",False,False,0.0,0.0,[11 11  4  6  3  5  5  6  5  4  8 14  3  8  5  8],[15 11  4  6  3  5  5  8  5  4 14  6 10  8  5  8],False,False,0.390625,0.625,[15 11  4  6 15  5  5 14  5  4 14 14 15  8  5  8],[15 11  4  6 15  5  5  8  5  4  8  8 15  8  5  8],True,True,0.640625,0.71875,1.0,0.04,0.04,25,1,1,0.96,0.08333333333333333,0.08,24,2,2,1.0,0.0,0.0,25,0,0,1.0,0.0,0.0,25,0,0,0.96,0.08333333333333333,0.08,24,2,2,0.96,0.041666666666666664,0.04,24,1,1,0.04,1.0,1.0,1,1,25,0.04,1.0,1.0,1,1,25
"[1 0 0 1 0 0 0 0 1 0 0 1 0 0 0 1 0 1 0 0 0 0 0 0 0 0 0 1 0 0 0 0 0 0 1 0 0
 0 0 1 1 0 0 0 0 1 0 0 1 0 0 1 0 1 0 1 0 0 0 0 0 0 0 0 0 0 0 0 0 0 0 0 1 0
 0 0 1 0 0 0 0 0 0 1 0 0 1 0 0 0 0 0 0 0 0 0 0 0 0 0 0 1 1 1 1 0 1 1 0 0 1
 0 0 0 1 1 0 0 1 1 1 0 0 0 0 0 0 0 1 0 1 0 1 0 1 1 0 0 0 1 1 0 0 0 0 0 0 0
 0 0 0 0 0 0 0 1 1 0 1 1 0 0 0 0 0 0 1 0 0 0 0 0 0 0 0 0 1 1 0 0 0 0 1 0 1
 1 0 1 0 0 0 0 0 0 0 0 1 0 0 0 1 1 0 0 0 0 0 0 0 0 1 0 0 0 0 0 0 0 0 0 0 1
 1 0 0 0 0 0 0 0 1 0 0 1 0 0 0 1 1 0 1 0 0 0 0 0 0 0 0 1 0 0 0 0 0 0]",13,[ 8 11 13  7  8  6 14  2  2 14  6  6  9 13 13  9],[ 8 11 13  7  8  6 14  2  2 14  6  6  8 13 13  9],True,True,0.53125,0.6875,"[np.int64(10), np.int64(10), np.int64(3), np.int64(7), np.int64(8), np.int64(8), np.int64(8), np.int64(5), np.int64(9), np.int64(11), np.int64(1), np.int64(3), np.int64(6), np.int64(0), np.int64(15), np.int64(10)]","[np.int64(4), np.int64(10), np.int64(1), np.int64(11), np.int64(7), np.int64(3), np.int64(2), np.int64(14), np.int64(1), np.int64(10), np.int64(14), np.int64(5), np.int64(13), np.int64(11), np.int64(15), np.int64(10)]",False,False,0.0,0.0,[ 8 11 13  7  8  6 14  2  2 14  6  6  9 13 13  9],[ 8 11 13  7  8  6 14  2  2 14  6  9  9 13 13  9],True,True,0.390625,0.625,[ 8 11 13  7  8  6 14  2  2 14  6  8  8 13 13  9],[ 8 11 13  7  8  6 14  2  2 14  6  9  9 13 13  9],True,True,0.640625,0.71875,0.24,0.6666666666666666,0.52,6,4,13,0.24,0.6666666666666666,0.72,6,4,18,1.0,0.0,0.0,25,0,0,1.0,0.0,0.0,25,0,0,0.24,0.6666666666666666,0.56,6,4,14,0.2,0.6,0.68,5,3,17,0.04,1.0,1.0,1,1,25,0.04,1.0,1.0,1,1,25
"[1 0 0 0 0 0 0 0 0 1 0 0 0 0 0 0 0 1 0 0 0 0 1 0 0 1 0 0 1 0 0 0 0 0 0 0 0
 0 0 0 0 1 0 0 1 1 1 0 0 0 0 1 0 0 0 0 1 0 1 1 1 0 0 1 0 0 0 0 0 1 0 0 1 0
 0 0 0 0 1 0 0 0 0 0 1 0 1 1 1 0 0 0 0 0 1 1 0 1 0 0 0 1 1 0 0 0 0 1 0 0 0
 0 0 0 0 0 0 1 0 1 0 0 0 0 1 0 1 0 0 0 0 1 1 1 0 0 0 0 0 0 1 0 0 0 1 1 1 0
 0 0 0 0 0 1 1 0 1 1 1 0 0 0 0 1 0 0 0 0 0 1 1 0 1 0 0 0 0 0 0 1 0 0 1 0 0
 0 0 0 0 0 1 0 0 1 1 1 0 0 0 1 1 1 1 0 0 0 0 0 0 0 1 0 0 0 0 0 0 1 0 0 0 1
 0 0 0 0 1 0 1 1 0 1 0 1 0 1 0 0 1 0 0 0 0 1 0 1 0 0 0 0 0 0 0 0 0 1]",13,[ 9  9 13 12 14 14  1 14 12 13  9 14  9 13  2  5],[ 9  9 13 12 14 14  1 14 12 13  9 14  9 13  9  5],False,True,0.53125,0.6875,"[np.int64(0), np.int64(4), np.int64(9), np.int64(6), np.int64(6), np.int64(2), np.int64(1), np.int64(2), np.int64(7), np.int64(14), np.int64(8), np.int64(3), np.int64(4), np.int64(10), np.int64(0), np.int64(3)]","[np.int64(0), np.int64(15), np.int64(7), np.int64(7), np.int64(6), np.int64(10), np.int64(14), np.int64(2), np.int64(15), np.int64(12), np.int64(0), np.int64(9), np.int64(12), np.int64(10), np.int64(12), np.int64(15)]",False,False,0.0,0.0,[ 9  9 13 12 14 14  1 14 12 13  9 14  9 13  2  5],[ 9  9 13 12 14 14  1 12 12 13  9 14  2 13  2  5],False,True,0.390625,0.625,[ 9  9 13 12 14 14  1 14 12 13  9 14  2 13  2  3],[ 9  9 13 12 14 14  1 12 12 13  9 14  2 13  2  5],True,True,0.640625,0.71875,0.64,0.5,0.44,16,8,11,0.6,0.3333333333333333,0.44,15,5,11,1.0,0.0,0.0,25,0,0,1.0,0.0,0.0,25,0,0,0.84,0.47619047619047616,0.48,21,10,12,0.72,0.4444444444444444,0.44,18,8,11,0.04,1.0,1.0,1,1,25,0.04,1.0,1.0,1,1,25
"[1 0 0 1 0 0 0 0 1 0 0 1 0 0 0 1 0 1 0 0 0 0 0 0 0 0 0 1 0 0 0 0 0 0 1 0 0
 0 0 1 1 0 0 0 0 1 0 0 1 0 0 1 0 1 0 1 0 0 0 0 0 0 0 0 0 0 0 0 0 0 0 0 1 0
 0 0 1 0 0 0 0 0 0 1 0 0 1 0 0 0 0 0 0 0 0 0 0 0 0 0 0 1 1 1 1 0 1 1 0 0 1
 0 0 0 1 1 0 0 1 1 1 0 0 0 0 0 0 0 1 0 1 0 1 0 1 1 0 0 0 1 1 0 0 0 0 0 0 0
 0 0 0 0 0 0 0 1 1 0 1 1 0 0 0 0 0 0 1 0 0 0 0 0 0 0 0 0 1 1 0 0 0 0 1 0 1
 1 0 1 0 0 0 0 0 0 0 0 1 0 0 0 1 1 0 0 0 0 0 0 0 0 1 0 0 0 0 0 0 0 0 0 0 1
 1 0 0 0 0 0 0 0 1 0 0 1 0 0 0 1 1 0 1 0 0 0 0 0 0 0 0 1 0 0 0 0 0 0]",13,[ 8 11 13  7  8  6 14  2  2 14  6  6  8 13 13  9],[ 8 11 13  7  8  6 14  2  2 14  6  6  9 13 13  9],True,True,0.53125,0.6875,"[np.int64(2), np.int64(9), np.int64(14), np.int64(12), np.int64(11), np.int64(13), np.int64(7), np.int64(8), np.int64(14), np.int64(2), np.int64(3), np.int64(5), np.int64(15), np.int64(0), np.int64(13), np.int64(8)]","[np.int64(0), np.int64(4), np.int64(6), np.int64(13), np.int64(4), np.int64(11), np.int64(11), np.int64(6), np.int64(13), np.int64(8), np.int64(14), np.int64(4), np.int64(6), np.int64(0), np.int64(3), np.int64(12)]",False,False,0.0,0.0,[ 8 11 13  7  8  6 14  2  2 14  6  8  9 13 13  9],[ 8 11 13  7  8  6 14  2  2 14  6  9  8 13 13  9],False,False,0.390625,0.625,[ 8 11 13  7  8  6 14  2  2 14  6  8  8 13 13  9],[ 8 11 13  7  8  6 14  2  2 14  6  9  9 13 13  9],True,True,0.640625,0.71875,0.24,0.6666666666666666,0.72,6,4,18,0.24,0.6666666666666666,0.76,6,4,19,1.0,0.0,0.0,25,0,0,1.0,0.0,0.0,25,0,0,0.24,0.6666666666666666,0.56,6,4,14,0.24,0.6666666666666666,0.84,6,4,21,0.04,1.0,1.0,1,1,25,0.04,1.0,1.0,1,1,25
"[0 0 0 1 0 0 1 0 0 0 0 0 1 0 0 0 0 1 1 0 1 0 0 0 0 0 0 0 0 0 0 1 0 1 1 0 0
 1 0 1 1 0 0 1 0 0 1 1 1 0 0 1 0 0 0 1 0 0 0 1 0 0 0 0 0 1 0 0 1 0 0 1 0 0
 0 0 1 0 0 1 0 0 1 0 0 1 1 0 0 0 0 0 0 0 1 0 1 0 0 0 0 1 1 0 0 1 0 0 0 0 0
 0 0 0 1 1 1 0 0 1 0 0 1 0 0 1 0 1 0 0 1 0 0 0 0 0 1 0 0 0 0 1 0 1 0 0 0 0
 0 0 1 0 0 1 1 0 0 0 0 0 0 0 0 0 0 0 0 1 0 1 1 0 1 0 0 1 0 0 1 1 0 0 0 0 0
 0 0 0 0 1 0 1 1 0 0 0 1 0 0 0 0 0 1 0 0 0 0 0 0 0 0 0 0 0 0 1 1 0 0 1 0 1
 0 1 0 0 1 0 0 1 0 0 0 0 0 0 0 0 1 1 0 1 1 0 1 0 0 1 1 0 1 1 0 1 1 0]",3,[ 3 15 11  3  7  2  0  3  2  6  7  3  0  7  2 11],[ 3  2  7  3  7  2  0  3 15 10  7  3  0 11  2 11],False,False,0.53125,0.6875,"[np.int64(0), np.int64(14), np.int64(2), np.int64(7), np.int64(15), np.int64(14), np.int64(3), np.int64(2), np.int64(10), np.int64(8), np.int64(1), np.int64(14), np.int64(6), np.int64(3), np.int64(1), np.int64(4)]","[np.int64(13), np.int64(13), np.int64(4), np.int64(13), np.int64(15), np.int64(12), np.int64(7), np.int64(13), np.int64(14), np.int64(13), np.int64(11), np.int64(14), np.int64(9), np.int64(14), np.int64(2), np.int64(14)]",False,False,0.0,0.0,[ 3  4  7  3  7  2  0  3 15 10  7  3  0  7  2 11],[ 3 15  7  3  7  6  0  3  2  6  7  3  0  7  2 11],False,False,0.390625,0.625,[ 3 15 11  3  7  6  0  3 15  6  7  3  0  7  2  7],[ 3  4 11  3  7  2  0  3 15  6  7  3  0 11  2 11],False,False,0.640625,0.71875,0.92,0.17391304347826086,0.16,23,4,4,1.0,0.2,0.2,25,5,5,1.0,0.0,0.0,25,0,0,1.0,0.0,0.0,25,0,0,1.0,0.04,0.04,25,1,1,1.0,0.04,0.04,25,1,1,0.04,0.0,0.0,1,0,0,0.04,0.0,0.0,1,0,0
"[0 1 0 0 0 0 0 1 1 0 0 1 0 0 0 0 1 0 0 0 1 1 0 1 1 1 1 0 0 0 0 0 0 0 1 1 0
 0 1 0 0 0 1 0 1 0 0 0 0 0 1 1 1 0 1 1 0 0 0 1 0 0 0 0 0 1 0 1 1 0 1 0 1 1
 0 0 0 0 0 0 0 1 0 0 0 1 0 0 0 1 0 0 0 1 0 0 0 0 1 1 1 0 0 0 0 0 0 0 0 0 0
 0 1 1 0 1 0 0 0 1 0 1 0 0 0 1 0 0 1 1 0 0 1 0 0 0 0 0 0 0 0 0 1 1 0 1 0 0
 1 1 0 1 0 0 0 0 0 1 0 0 0 1 1 0 0 0 0 0 0 0 0 0 0 0 0 0 1 0 0 1 0 0 0 0 0
 0 0 1 0 0 0 0 0 0 1 0 0 0 0 0 0 0 0 0 0 0 0 0 0 0 0 0 0 1 0 1 0 1 0 0 0 1
 0 0 0 0 0 0 0 0 0 0 1 0 0 0 0 0 1 0 0 0 0 0 0 0 0 0 1 0 0 0 0 0 0 0]",4,[8 4 3 4 4 1 4 3 4 4 1 3 2 9 8 8],[8 4 3 4 4 1 4 1 4 4 1 3 2 9 8 8],True,True,0.53125,0.6875,"[np.int64(11), np.int64(9), np.int64(6), np.int64(5), np.int64(12), np.int64(4), np.int64(6), np.int64(12), np.int64(2), np.int64(13), np.int64(11), np.int64(14), np.int64(7), np.int64(10), np.int64(6), np.int64(6)]","[np.int64(15), np.int64(2), np.int64(9), np.int64(0), np.int64(9), np.int64(2), np.int64(8), np.int64(9), np.int64(4), np.int64(1), np.int64(9), np.int64(2), np.int64(11), np.int64(6), np.int64(8), np.int64(8)]",False,False,0.0,0.0,[1 4 6 4 4 9 4 3 4 4 1 3 2 9 8 8],[8 4 6 4 4 9 4 3 4 4 1 3 2 9 8 8],True,True,0.390625,0.625,[8 4 6 4 4 9 4 1 4 4 1 3 2 9 8 8],[8 4 3 4 4 9 4 1 4 4 1 3 2 9 8 8],False,False,0.640625,0.71875,0.56,0.7142857142857143,0.64,14,10,16,0.4,0.8,0.88,10,8,22,1.0,0.0,0.0,25,0,0,1.0,0.0,0.0,25,0,0,0.52,0.5384615384615384,0.6,13,7,15,0.52,0.5384615384615384,0.48,13,7,12,0.04,0.0,0.0,1,0,0,0.04,0.0,0.0,1,0,0
"[0 1 0 1 0 0 1 0 1 1 1 0 1 0 0 0 1 0 1 0 0 0 0 0 0 1 0 0 0 1 1 1 0 1 0 1 0
 0 0 0 1 0 0 0 0 1 0 1 1 0 1 0 0 0 0 1 1 1 0 0 0 0 0 0 0 0 0 0 1 0 1 1 0 0
 0 1 1 0 1 1 0 0 0 0 0 1 0 0 0 0 1 1 0 0 0 0 1 0 0 0 1 0 0 1 0 0 0 0 0 0 0
 1 0 0 0 1 1 0 1 0 1 1 0 0 0 0 1 0 1 0 1 1 0 0 0 1 1 1 0 0 0 1 0 1 1 1 0 1
 0 0 0 1 1 0 0 0 0 0 0 1 1 0 0 0 0 1 0 0 0 0 0 1 0 0 0 0 0 0 0 0 1 1 0 0 0
 0 1 0 1 0 0 1 1 0 0 0 1 0 0 0 0 0 0 1 0 0 0 1 0 1 1 0 0 0 0 0 1 0 0 0 0 0
 1 0 0 1 0 0 1 0 0 1 0 0 0 0 0 1 1 0 0 1 1 0 1 0 1 0 1 1 0 1 1 0 0 1]",3,[ 3  9  3  3  7 10  0  3  3  3  0 15  0  8  7  9],[ 3  0  3  3  7 10  7  3  3  3  0 12  0  2  7  9],True,True,0.53125,0.6875,"[np.int64(5), np.int64(10), np.int64(5), np.int64(1), np.int64(13), np.int64(7), np.int64(9), np.int64(6), np.int64(2), np.int64(9), np.int64(14), np.int64(0), np.int64(5), np.int64(1), np.int64(4), np.int64(12)]","[np.int64(14), np.int64(15), np.int64(2), np.int64(12), np.int64(1), np.int64(13), np.int64(9), np.int64(12), np.int64(13), np.int64(2), np.int64(1), np.int64(4), np.int64(3), np.int64(14), np.int64(14), np.int64(13)]",False,False,0.0,0.0,[ 3  9  3  3  7 10  0  3  3  3  0 15  0  8  7  9],[ 3  0  3  3  7 10  7  3  3  3  0 12  0  2  7  9],True,True,0.390625,0.625,[ 3  9  3  3  7 10  0  3  3  3  0 15  0  2  7  2],[ 3  0  3  3  7 10  7  3  3  3  0 12  0  8  7  9],False,True,0.640625,0.71875,0.96,0.5,0.48,24,12,12,0.92,0.43478260869565216,0.44,23,10,11,1.0,0.0,0.0,25,0,0,1.0,0.0,0.0,25,0,0,0.84,0.5238095238095238,0.56,21,11,14,0.88,0.7727272727272727,0.8,22,17,20,0.04,0.0,0.0,1,0,0,0.04,1.0,1.0,1,1,25
"[1 0 0 0 0 0 1 0 0 1 1 1 0 1 0 1 0 1 0 0 0 1 0 0 1 0 0 0 0 0 0 0 0 0 0 0 0
 0 0 0 0 0 0 0 0 1 0 0 0 0 0 1 0 1 0 1 1 0 1 0 1 1 0 0 0 0 0 0 0 0 1 1 1 0
 1 0 0 0 0 0 0 1 0 1 0 0 0 0 0 0 0 1 1 0 0 0 1 0 0 0 1 0 0 1 0 0 1 0 0 0 1
 0 0 0 0 1 1 0 1 0 0 0 1 0 0 0 0 0 0 1 0 1 1 0 0 0 1 0 0 0 0 1 0 0 1 0 0 0
 0 0 0 0 0 0 0 0 1 0 0 0 1 0 0 1 1 0 1 1 0 0 0 1 0 0 0 0 1 0 0 0 0 1 0 0 0
 0 1 1 0 1 0 0 0 0 0 1 0 1 0 0 0 1 0 0 0 1 0 0 1 0 1 1 0 0 0 0 1 0 0 1 1 1
 1 1 0 0 0 0 0 0 1 0 0 0 0 0 0 1 1 0 1 0 0 0 0 0 0 0 0 0 0 0 0 1 0 1]",8,[13  8 13  8  8  1  4  3  8 12  4 13  3  8 13 13],[13  8 13  8  8  3  4  4  8  0  3 13 13  8 13 13],False,False,0.53125,0.6875,"[np.int64(8), np.int64(2), np.int64(9), np.int64(10), np.int64(13), np.int64(9), np.int64(0), np.int64(5), np.int64(2), np.int64(15), np.int64(11), np.int64(1), np.int64(1), np.int64(3), np.int64(15), np.int64(3)]","[np.int64(14), np.int64(9), np.int64(3), np.int64(5), np.int64(15), np.int64(8), np.int64(11), np.int64(7), np.int64(4), np.int64(13), np.int64(10), np.int64(1), np.int64(2), np.int64(10), np.int64(8), np.int64(8)]",False,False,0.0,0.0,[13  8 13  8  8  3  4  3  8 12  3 13 13  8 13 13],[13  8 13  8  8  3  4  3  8  0  4 13 13  8 13 13],True,False,0.390625,0.625,[13  8 13  8  8  3  4  3  8 12  3 13  3  8 13 13],[13  8 13  8  8  1  4  3  8 12  3 13  3  8 13 13],True,True,0.640625,0.71875,0.68,0.5294117647058824,0.48,17,9,12,0.72,0.5555555555555556,0.6,18,10,15,1.0,0.0,0.0,25,0,0,1.0,0.0,0.0,25,0,0,0.8,0.55,0.56,20,11,14,0.64,0.5625,0.6,16,9,15,0.04,1.0,1.0,1,1,25,0.04,1.0,1.0,1,1,25
"[0 0 0 0 0 0 1 0 1 0 1 1 1 0 0 0 0 1 1 0 0 0 0 1 0 1 0 0 1 1 1 0 0 1 0 0 0
 0 1 0 0 1 1 0 1 0 0 0 0 0 0 0 0 0 0 0 0 1 0 0 0 0 1 0 0 0 0 0 1 0 0 0 1 0
 0 0 0 0 0 1 0 0 0 0 0 1 0 0 1 1 1 0 0 0 1 0 1 0 1 0 0 0 0 0 0 0 1 0 0 1 1
 0 0 1 0 0 0 0 0 1 1 1 0 1 0 1 0 0 1 0 0 0 1 1 0 1 0 0 0 0 0 1 0 0 0 1 1 1
 0 1 0 1 0 0 0 0 0 0 0 0 1 0 1 0 0 1 1 0 0 0 1 0 0 0 1 0 1 0 0 0 0 0 0 1 0
 0 0 1 0 0 0 1 1 1 1 0 0 0 0 0 0 0 0 0 1 0 0 0 0 1 0 0 0 0 1 1 1 0 0 0 0 1
 0 1 0 1 0 1 0 1 1 0 0 0 1 0 0 0 1 0 0 0 0 0 1 0 0 0 0 0 0 1 0 1 0 0]",3,[ 6  9  9  3  8  9 14  9  7  3 14  7  2  1  3 13],[10 14  9  3  8 14 14  9  7  3 14  7  1  1  3 13],True,True,0.53125,0.6875,"[np.int64(12), np.int64(0), np.int64(1), np.int64(0), np.int64(14), np.int64(0), np.int64(3), np.int64(12), np.int64(4), np.int64(1), np.int64(6), np.int64(3), np.int64(6), np.int64(10), np.int64(12), np.int64(9)]","[np.int64(15), np.int64(1), np.int64(6), np.int64(4), np.int64(6), np.int64(5), np.int64(11), np.int64(8), np.int64(7), np.int64(15), np.int64(6), np.int64(5), np.int64(0), np.int64(2), np.int64(13), np.int64(12)]",False,False,0.0,0.0,[10  9  9  3  8  9 14  9  7  3 14  7  2  1  3 13],[10 14  9  3  8  9 14  9  5  3 14  7  1  1  3 11],True,False,0.390625,0.625,[10 14  9  3  8 14 14  9  5  3 14  7  1  1  3 13],[10 14  9  3  8 14 14  9  5  3 14  7  1  1  3 11],True,True,0.640625,0.71875,0.96,0.5416666666666666,0.56,24,13,14,0.84,0.47619047619047616,0.52,21,10,13,1.0,0.0,0.0,25,0,0,1.0,0.0,0.0,25,0,0,0.96,0.5416666666666666,0.56,24,13,14,0.84,0.5238095238095238,0.56,21,11,14,0.04,1.0,1.0,1,1,25,0.04,1.0,1.0,1,1,25
"[0 0 1 0 0 0 0 0 0 1 0 0 0 0 1 0 0 1 0 0 1 0 1 0 0 0 1 0 0 0 0 1 1 0 1 1 1
 0 0 1 1 0 1 0 0 0 1 0 0 0 1 0 0 0 1 0 1 1 1 0 0 0 0 1 0 1 1 0 1 0 0 0 0 0
 0 0 0 0 1 0 0 0 0 0 0 0 0 0 0 0 0 0 0 0 1 1 0 1 0 1 0 0 1 0 0 0 0 1 1 0 0
 0 0 0 1 0 0 0 0 1 1 0 1 0 0 0 0 1 0 0 1 1 0 0 0 1 0 0 0 0 0 0 0 0 1 0 0 1
 0 0 0 0 0 1 0 0 0 0 0 0 0 1 1 1 0 0 0 1 0 0 0 0 0 0 1 1 0 0 0 0 0 0 1 0 0
 0 0 1 1 0 0 1 0 0 0 0 0 0 1 0 0 0 0 1 1 0 1 0 0 0 0 0 0 0 0 0 0 0 0 0 0 1
 0 0 1 0 1 0 1 1 0 0 0 0 1 0 1 0 1 0 0 1 0 1 0 1 0 1 0 0 1 1 0 0 0 1]",11,[14  6 14  6 14 15 11 15  3  3 15 11 11 13 12 11],[14 15  3 15  1 15 11 15  3  3 15 11 11 13 12 11],True,True,0.53125,0.6875,"[np.int64(7), np.int64(4), np.int64(0), np.int64(8), np.int64(9), np.int64(10), np.int64(12), np.int64(3), np.int64(10), np.int64(10), np.int64(15), np.int64(3), np.int64(9), np.int64(8), np.int64(4), np.int64(8)]","[np.int64(5), np.int64(13), np.int64(7), np.int64(9), np.int64(12), np.int64(0), np.int64(13), np.int64(3), np.int64(1), np.int64(12), np.int64(0), np.int64(14), np.int64(1), np.int64(10), np.int64(7), np.int64(15)]",False,False,0.0,0.0,[14 15 14 15  1 15 11 15  3  3 15 11 11  3 12 11],[14  6 10  6  1 15 11 15  7  3 15 11 11 13 12 11],False,True,0.390625,0.625,[14 15 14 15 14 15 11 15  3  3 15 11 11  3 12 11],[14  6  7  6 14 15 11 15  7  3 15 11 11  0 12 11],False,False,0.640625,0.71875,0.84,0.3333333333333333,0.28,21,7,7,0.8,0.4,0.36,20,8,9,1.0,0.0,0.0,25,0,0,1.0,0.0,0.0,25,0,0,0.96,0.0,0.0,24,0,0,0.88,0.36363636363636365,0.4,22,8,10,0.04,0.0,0.0,1,0,0,0.04,0.0,0.0,1,0,0
"[0 0 0 0 1 0 0 0 0 0 0 0 0 0 0 0 0 0 0 1 0 0 0 0 0 0 0 0 0 1 0 0 0 0 0 1 1
 0 1 0 0 0 0 0 0 0 0 1 0 1 1 0 1 0 0 0 0 0 0 0 1 0 0 0 1 0 1 1 0 0 1 1 0 0
 0 1 0 1 0 0 0 0 0 0 0 0 1 0 0 1 0 0 0 0 0 0 0 0 1 0 1 1 0 0 1 0 0 0 1 0 0
 0 0 0 0 0 1 0 0 0 1 0 0 0 1 0 1 0 0 0 0 0 0 0 1 1 0 1 1 1 0 1 0 1 0 0 0 0
 0 1 0 0 1 0 1 1 1 1 0 0 0 0 0 0 0 0 0 0 1 1 0 0 0 0 1 0 0 0 0 0 1 0 0 0 1
 1 0 1 0 0 0 0 0 0 0 1 0 0 1 1 0 1 0 0 0 0 0 0 0 1 0 0 1 0 0 0 1 1 0 0 0 1
 0 1 0 0 0 0 0 0 0 1 0 0 1 0 0 0 1 0 0 0 1 0 0 0 0 0 1 0 0 0 0 1 0 1]",0,[ 0  3  4  4  0  6  4  4 13 11  9  4  3  4  7 13],[ 0  3  4  4  0  6  4  4  7 11 14  4  7  4  7  2],False,True,0.53125,0.6875,"[np.int64(9), np.int64(11), np.int64(2), np.int64(4), np.int64(11), np.int64(11), np.int64(0), np.int64(15), np.int64(8), np.int64(3), np.int64(10), np.int64(3), np.int64(2), np.int64(1), np.int64(10), np.int64(10)]","[np.int64(8), np.int64(3), np.int64(6), np.int64(0), np.int64(8), np.int64(13), np.int64(13), np.int64(5), np.int64(14), np.int64(11), np.int64(3), np.int64(6), np.int64(3), np.int64(9), np.int64(14), np.int64(8)]",False,False,0.0,0.0,[ 0  3  4  4  0  6  4  4  7 13  9  4  6  4  7  2],[ 0 13  4  4  0  6  4  4 13 13  9  4  7  4  7 13],False,True,0.390625,0.625,[ 0 13  4  4  0  6  4  4 13 13 14  4  7  4  7  2],[ 0  3  4  4  0  6  4  4  6 13  8  4  6  4  7 13],True,True,0.640625,0.71875,0.92,0.34782608695652173,0.36,23,8,9,0.96,0.4583333333333333,0.48,24,11,12,1.0,0.0,0.0,25,0,0,1.0,0.0,0.0,25,0,0,1.0,0.36,0.36,25,9,9,1.0,0.52,0.52,25,13,13,0.04,1.0,1.0,1,1,25,0.04,1.0,1.0,1,1,25
"[0 0 1 0 0 0 0 0 0 1 0 0 0 0 1 0 0 1 0 0 1 0 1 0 0 0 1 0 0 0 0 1 1 0 1 1 1
 0 0 1 1 0 1 0 0 0 1 0 0 0 1 0 0 0 1 0 1 1 1 0 0 0 0 1 0 1 1 0 1 0 0 0 0 0
 0 0 0 0 1 0 0 0 0 0 0 0 0 0 0 0 0 0 0 0 1 1 0 1 0 1 0 0 1 0 0 0 0 1 1 0 0
 0 0 0 1 0 0 0 0 1 1 0 1 0 0 0 0 1 0 0 1 1 0 0 0 1 0 0 0 0 0 0 0 0 1 0 0 1
 0 0 0 0 0 1 0 0 0 0 0 0 0 1 1 1 0 0 0 1 0 0 0 0 0 0 1 1 0 0 0 0 0 0 1 0 0
 0 0 1 1 0 0 1 0 0 0 0 0 0 1 0 0 0 0 1 1 0 1 0 0 0 0 0 0 0 0 0 0 0 0 0 0 1
 0 0 1 0 1 0 1 1 0 0 0 0 1 0 1 0 1 0 0 1 0 1 0 1 0 1 0 0 1 1 0 0 0 1]",11,[14  6 14  6  1 15 11 15  3  3 15 11 11 13 12 11],[14  6  7  6 14 15 11 15  3  3 15 11 11 13 12 11],True,False,0.53125,0.6875,"[np.int64(10), np.int64(9), np.int64(13), np.int64(2), np.int64(14), np.int64(4), np.int64(14), np.int64(6), np.int64(1), np.int64(10), np.int64(5), np.int64(15), np.int64(10), np.int64(5), np.int64(15), np.int64(10)]","[np.int64(15), np.int64(13), np.int64(15), np.int64(0), np.int64(13), np.int64(4), np.int64(3), np.int64(10), np.int64(9), np.int64(10), np.int64(1), np.int64(5), np.int64(14), np.int64(10), np.int64(3), np.int64(3)]",False,False,0.0,0.0,[14 15 10 15 14 15 11 15  7  3 15 11 11  5 12 11],[14 15  7  6  1 15 11 15  7  3 15 11 11 13 12 11],False,False,0.390625,0.625,[14 15 14 15 14 15 11 15  3  3 15 11 11  3 12 11],[14  6  7  6 14 15 11 15  7  3 15 11 11  0 12 11],False,False,0.640625,0.71875,0.68,0.4117647058823529,0.36,17,7,9,0.88,0.45454545454545453,0.4,22,10,10,1.0,0.0,0.0,25,0,0,1.0,0.0,0.0,25,0,0,0.92,0.0,0.0,23,0,0,0.8,0.35,0.32,20,7,8,0.04,0.0,0.0,1,0,0,0.04,0.0,0.0,1,0,0
"[1 0 1 0 1 0 0 0 0 1 0 0 1 0 0 0 0 0 1 0 0 1 0 0 1 0 1 0 0 0 0 1 1 1 0 0 0
 0 0 0 0 0 0 0 0 1 0 0 0 0 0 1 0 0 0 1 1 0 0 0 0 0 1 0 1 0 0 0 1 0 0 0 1 0
 0 0 0 0 0 0 0 1 0 0 0 0 0 1 0 1 1 0 0 0 0 0 0 0 0 0 0 0 1 1 1 0 0 1 0 0 0
 0 0 0 0 1 0 1 1 1 0 1 0 0 0 1 0 0 0 1 0 1 1 0 1 0 0 1 0 0 0 0 0 0 1 0 0 0
 0 1 0 1 1 0 1 0 0 0 0 1 0 1 0 0 0 1 0 0 0 1 1 1 0 0 0 1 0 0 0 0 0 0 1 0 0
 0 1 0 0 1 0 1 1 0 0 0 0 0 0 0 0 0 0 0 0 0 0 0 0 0 1 0 0 0 0 1 0 0 0 1 0 1
 0 1 0 0 0 1 0 0 0 0 0 0 0 0 0 0 0 1 0 1 0 0 0 0 0 0 0 1 1 1 0 1 1 1]",5,[ 9  5  1  7  8  5  7  5  9  5  5 10  0  7 15  9],[ 9  5  1  7  0  5  7  5  9  5  5 10  0  7  3 10],True,True,0.53125,0.6875,"[np.int64(5), np.int64(3), np.int64(10), np.int64(10), np.int64(1), np.int64(12), np.int64(9), np.int64(4), np.int64(0), np.int64(1), np.int64(6), np.int64(10), np.int64(3), np.int64(4), np.int64(0), np.int64(10)]","[np.int64(11), np.int64(15), np.int64(0), np.int64(11), np.int64(10), np.int64(14), np.int64(0), np.int64(14), np.int64(2), np.int64(4), np.int64(11), np.int64(9), np.int64(13), np.int64(0), np.int64(6), np.int64(14)]",False,False,0.0,0.0,[ 9  5  1  7  0  5  7  5  1  5  5 10  0  7  3 10],[ 9  5  1  7  8  5  7  5  9  5  5 10  0  7 15 10],True,True,0.390625,0.625,[ 9  5  1  7  8  5  7  5  1  5  5 10  0  7 15  1],[ 9  5  1  7  0  5  7  5  9  5  5 10  0  7 15 10],True,True,0.640625,0.71875,0.64,0.625,0.6,16,10,15,0.68,0.7058823529411765,0.56,17,12,14,1.0,0.0,0.0,25,0,0,1.0,0.0,0.0,25,0,0,0.56,0.6428571428571429,0.64,14,9,16,0.64,0.6875,0.64,16,11,16,0.04,1.0,1.0,1,1,25,0.04,1.0,1.0,1,1,25
"[0 0 0 0 1 0 1 0 0 0 0 0 0 0 0 0 0 1 0 1 0 1 1 0 0 0 1 0 1 0 0 1 0 0 0 0 1
 1 0 0 1 0 0 0 0 0 0 0 0 1 0 0 1 0 1 0 0 0 1 1 0 0 0 0 1 0 1 1 1 0 0 0 0 0
 1 0 0 0 0 0 0 1 1 0 0 1 0 1 0 1 0 0 0 1 0 1 1 1 0 1 0 0 0 0 0 0 0 0 0 0 1
 0 0 0 0 0 0 1 0 1 0 0 0 0 1 0 1 0 0 0 1 0 0 0 0 0 1 0 1 0 1 1 0 0 0 0 0 0
 0 1 0 0 0 1 0 0 0 0 0 1 0 1 0 1 1 0 0 0 1 0 0 1 0 1 0 1 0 0 0 1 0 0 0 0 0
 0 1 0 0 1 0 0 0 1 0 0 0 0 0 1 1 0 0 0 0 1 1 1 0 0 0 0 0 1 0 0 1 0 1 1 1 0
 1 0 0 0 0 0 0 0 1 1 0 0 0 0 1 1 1 0 0 1 0 0 0 1 0 0 0 1 1 0 1 0 0 1]",9,[ 6 15  5  1 10  9  1  5  2  9 15 10 15  5 13  9],[ 4  5  5 10  2  9  1  5 13  9 15 13 15  5 13  9],False,True,0.53125,0.6875,"[np.int64(4), np.int64(8), np.int64(8), np.int64(4), np.int64(10), np.int64(15), np.int64(13), np.int64(7), np.int64(10), np.int64(6), np.int64(2), np.int64(3), np.int64(15), np.int64(10), np.int64(7), np.int64(1)]","[np.int64(2), np.int64(5), np.int64(13), np.int64(4), np.int64(3), np.int64(15), np.int64(9), np.int64(4), np.int64(13), np.int64(13), np.int64(13), np.int64(4), np.int64(12), np.int64(8), np.int64(4), np.int64(8)]",False,False,0.0,0.0,[ 6 15  5  1 10  9  1  5 12  9 15 10 15  5  7  9],[ 4 15  5  1 10  9  1  5 13  9 15 13 15  5 13  9],True,True,0.390625,0.625,[ 6 15  5  1  2  9  1  5 13  9 15 13 15  5  7  9],[ 4  5  5  1 10  9  1  5  2  9 15 13 15  5  7  9],True,False,0.640625,0.71875,0.92,0.6521739130434783,0.64,23,15,16,1.0,0.48,0.48,25,12,12,1.0,0.0,0.0,25,0,0,1.0,0.0,0.0,25,0,0,0.92,0.5217391304347826,0.52,23,12,13,0.92,0.4782608695652174,0.48,23,11,12,0.04,1.0,1.0,1,1,25,0.04,0.0,0.0,1,0,0
"[1 0 0 1 0 1 1 0 0 0 0 1 0 1 0 1 0 1 1 1 1 1 0 0 0 0 1 1 0 0 0 0 0 1 0 1 0
 1 0 0 0 1 0 0 0 0 1 1 1 1 1 0 0 1 1 0 0 0 1 1 0 1 0 0 0 1 0 0 0 0 0 1 0 0
 0 1 0 1 1 1 1 1 1 1 0 0 0 0 0 0 0 0 1 0 0 1 1 0 0 1 0 0 0 0 0 0 1 0 0 0 1
 1 0 0 0 0 1 0 0 0 0 0 0 0 0 1 0 1 0 0 0 0 0 0 0 0 1 0 1 0 0 1 1 1 0 0 1 0
 0 0 0 0 0 0 0 0 0 1 0 1 0 1 0 1 0 0 1 0 1 0 0 0 1 0 0 1 1 1 0 1 1 0 0 0 0
 0 0 1 0 0 0 0 0 0 0 0 0 1 0 0 0 0 1 0 1 0 0 0 1 0 0 1 1 0 0 1 1 1 0 0 0 1
 1 0 0 0 1 0 1 0 1 0 1 0 0 0 0 1 1 1 1 0 1 0 1 1 1 1 1 1 1 0 0 0 1 0]",8,[15 10 15 10 14 15 15 15  8 13  8  1 10  8  8  8],[15 10 14 13 14 15 15 15  8 13  8  3 10  8  8  8],False,False,0.53125,0.6875,"[np.int64(14), np.int64(0), np.int64(0), np.int64(13), np.int64(0), np.int64(4), np.int64(3), np.int64(15), np.int64(13), np.int64(5), np.int64(1), np.int64(15), np.int64(0), np.int64(15), np.int64(8), np.int64(6)]","[np.int64(0), np.int64(11), np.int64(9), np.int64(6), np.int64(3), np.int64(3), np.int64(7), np.int64(4), np.int64(9), np.int64(13), np.int64(11), np.int64(11), np.int64(2), np.int64(6), np.int64(3), np.int64(3)]",False,False,0.0,0.0,[15 10 15 10 14 15 14 13  8 13  8  3 10  8  8  8],[13 10 14 13 14 15 15 15  8 15  8  0 10  8  8  8],False,False,0.390625,0.625,[15 10 15 13 15 15 15 15  8 15  8  3 10  8  8  8],[13 10 14 10 13 15 14 13  8 13  8  0 10  8  8  8],True,False,0.640625,0.71875,0.96,0.08333333333333333,0.08,24,2,2,1.0,0.0,0.0,25,0,0,1.0,0.0,0.0,25,0,0,1.0,0.0,0.0,25,0,0,0.96,0.041666666666666664,0.04,24,1,1,1.0,0.04,0.04,25,1,1,0.04,1.0,1.0,1,1,25,0.04,0.0,0.0,1,0,0
"[0 0 0 0 0 0 1 1 0 0 0 0 0 0 0 1 0 1 0 0 1 0 0 0 0 0 0 0 0 0 0 0 0 0 1 1 0
 0 0 1 0 0 0 1 0 0 0 0 0 0 1 1 0 1 0 0 0 0 1 0 0 0 1 1 0 1 0 0 1 1 1 0 0 0
 0 0 0 0 0 0 0 0 0 1 1 0 1 1 0 1 0 0 1 0 0 0 1 0 0 0 1 1 1 1 0 0 0 1 0 0 0
 1 1 0 1 0 0 1 1 0 0 0 0 0 1 0 1 0 0 0 0 0 0 0 0 0 1 0 0 0 1 0 0 0 0 0 0 0
 0 1 0 0 0 0 0 0 0 0 0 0 0 0 0 1 0 0 0 0 0 0 1 0 0 0 0 1 0 0 1 0 0 0 1 0 0
 0 0 0 0 1 0 1 0 0 0 0 0 1 0 1 1 0 0 0 1 0 0 0 0 0 0 0 0 0 0 0 0 0 0 1 0 1
 0 0 0 0 0 1 0 0 0 1 0 0 0 0 0 0 1 1 1 0 0 1 0 0 1 0 0 0 1 1 0 0 1 1]",9,[ 7  4  7  5  5  9  5  5 12  9  3  6  5 11  7  3],[ 7  4  7  5  5  9  5  5 12  9  3  6  5 11  7  3],True,True,0.53125,0.6875,"[np.int64(8), np.int64(7), np.int64(13), np.int64(0), np.int64(5), np.int64(1), np.int64(6), np.int64(1), np.int64(5), np.int64(3), np.int64(10), np.int64(2), np.int64(6), np.int64(4), np.int64(2), np.int64(8)]","[np.int64(12), np.int64(12), np.int64(10), np.int64(1), np.int64(9), np.int64(6), np.int64(7), np.int64(0), np.int64(8), np.int64(7), np.int64(3), np.int64(2), np.int64(14), np.int64(8), np.int64(14), np.int64(15)]",False,False,0.0,0.0,[ 7  4  7  5  5  9  5  5 12  9  3  6  5 11  7  3],[ 6  4  3  5  5  9  5  5 12  9  3  6  5 11  3  6],True,True,0.390625,0.625,[ 6  4  7  5  5  9  5  5 12  9  3  6  5 11  3  3],[ 7  4  7  5  5  9  5  5 12  9  3  6  5 11  7  6],False,True,0.640625,0.71875,0.48,0.25,0.2,12,3,5,0.56,0.2857142857142857,0.36,14,4,9,1.0,0.0,0.0,25,0,0,1.0,0.0,0.0,25,0,0,0.56,0.42857142857142855,0.4,14,6,10,0.48,0.4166666666666667,0.36,12,5,9,0.04,0.0,0.0,1,0,0,0.04,1.0,1.0,1,1,25
"[0 0 0 1 0 0 0 1 0 0 0 0 0 0 1 0 0 0 0 0 1 0 0 0 0 1 0 0 0 0 0 0 0 0 1 0 0
 0 1 0 0 0 0 0 0 1 0 0 1 0 0 1 0 1 1 0 0 0 1 0 0 0 1 0 0 1 0 0 1 0 0 0 0 0
 1 1 0 0 0 0 0 0 0 1 0 1 0 0 1 0 0 0 1 0 1 1 0 0 1 1 0 0 1 0 0 0 0 0 0 0 0
 0 1 0 0 0 0 0 0 1 0 0 0 1 0 0 0 0 0 0 0 0 0 1 0 0 1 0 0 0 0 0 0 0 0 1 0 0
 0 0 0 0 0 1 0 1 1 0 0 0 0 0 0 1 1 0 0 0 0 0 0 1 0 0 0 0 0 0 0 0 1 0 0 1 0
 1 1 1 0 0 0 1 0 0 0 0 0 1 0 0 0 1 0 0 1 0 0 1 0 0 1 0 0 0 0 0 0 0 0 0 0 1
 1 0 1 0 0 1 0 1 0 0 0 0 0 0 0 1 1 1 0 0 0 0 0 1 0 0 0 0 0 1 1 0 1 1]",12,[ 3  9 13  5  1 12  3 11  5 12  3  9 12 14 15 12],[14  9 13  5  1 12  3 11  5 12 11  9 12 14  5 12],True,True,0.53125,0.6875,"[np.int64(12), np.int64(1), np.int64(13), np.int64(4), np.int64(12), np.int64(3), np.int64(9), np.int64(12), np.int64(3), np.int64(15), np.int64(8), np.int64(6), np.int64(10), np.int64(14), np.int64(5), np.int64(12)]","[np.int64(2), np.int64(3), np.int64(11), np.int64(9), np.int64(9), np.int64(2), np.int64(6), np.int64(1), np.int64(1), np.int64(2), np.int64(12), np.int64(5), np.int64(8), np.int64(11), np.int64(0), np.int64(1)]",False,False,0.0,0.0,[14  9  6  5 11 12  3 11  5 12  3 15 12 14  5 12],[14  9  6  5 11 12  3 11  5 12 11 15 12 14  5 12],True,True,0.390625,0.625,[14  9 13  5 11 12  3 11  5 12  3 15 12 14  5 12],[14  9  6  5  1 12  3 11  5 12 11  9 12 14  5 12],True,True,0.640625,0.71875,0.8,1.0,1.0,20,20,25,0.88,1.0,1.0,22,22,25,1.0,0.0,0.0,25,0,0,1.0,0.0,0.0,25,0,0,0.88,1.0,1.0,22,22,25,0.76,1.0,1.0,19,19,25,0.04,1.0,1.0,1,1,25,0.04,1.0,1.0,1,1,25
"[0 1 0 0 0 1 0 0 0 0 0 1 0 0 1 0 1 0 1 0 1 0 0 1 0 1 0 0 0 1 1 0 0 1 0 0 0
 0 1 0 1 0 0 1 0 1 0 1 0 0 0 1 0 0 0 0 0 0 1 0 1 1 0 0 0 1 0 0 0 0 0 0 0 0
 0 0 0 0 0 0 1 0 0 0 0 0 0 0 0 1 0 0 0 0 0 1 0 0 1 0 0 0 0 0 0 0 0 0 1 0 0
 1 0 1 0 0 0 0 0 1 0 0 0 0 0 0 0 1 0 0 1 0 0 0 0 0 1 1 0 1 0 0 0 0 0 1 0 0
 0 1 0 0 1 0 0 1 1 0 0 0 0 0 0 1 0 0 0 0 0 0 1 0 0 1 0 1 1 0 1 0 0 0 0 0 1
 1 0 0 1 0 0 0 0 0 0 1 0 0 1 0 0 1 0 1 0 0 1 0 0 1 1 1 0 0 0 0 0 0 1 0 0 1
 0 0 1 1 0 0 0 0 0 0 0 0 0 0 1 0 1 1 0 0 1 0 0 1 1 1 0 0 1 0 0 0 1 0]",8,[11  9  8 12  1  9  2  1  8  8 15  8 11  2  0  2],[11  9  8 12  1  9  2  1  8  8 15  8  9  2 15  2],True,False,0.53125,0.6875,"[np.int64(5), np.int64(15), np.int64(10), np.int64(0), np.int64(0), np.int64(5), np.int64(15), np.int64(15), np.int64(9), np.int64(3), np.int64(4), np.int64(11), np.int64(3), np.int64(13), np.int64(6), np.int64(9)]","[np.int64(10), np.int64(8), np.int64(9), np.int64(3), np.int64(6), np.int64(5), np.int64(9), np.int64(6), np.int64(7), np.int64(6), np.int64(8), np.int64(3), np.int64(9), np.int64(9), np.int64(7), np.int64(10)]",False,False,0.0,0.0,[11  9  8 13  1  9  2 15  8  8 15  8 11  2 12  2],[11  2  8 12  1  9  2 15  8  8 15  8  9  2 12  2],False,True,0.390625,0.625,[11  9  8 13  1  9  2 15  8  8 15  8  9  2  1  2],[11  2  8 12  1  9  2 15  8  8 15  8  9  2 12  2],False,True,0.640625,0.71875,0.8,0.5,0.56,20,10,14,0.92,0.5217391304347826,0.48,23,12,12,1.0,0.0,0.0,25,0,0,1.0,0.0,0.0,25,0,0,0.96,0.625,0.64,24,15,16,0.88,0.5454545454545454,0.56,22,12,14,0.04,0.0,0.0,1,0,0,0.04,1.0,1.0,1,1,25
"[0 0 0 0 1 0 1 0 0 0 0 0 0 0 0 0 0 1 0 1 0 1 1 0 0 0 1 0 1 0 0 1 0 0 0 0 1
 1 0 0 1 0 0 0 0 0 0 0 0 1 0 0 1 0 1 0 0 0 1 1 0 0 0 0 1 0 1 1 1 0 0 0 0 0
 1 0 0 0 0 0 0 1 1 0 0 1 0 1 0 1 0 0 0 1 0 1 1 1 0 1 0 0 0 0 0 0 0 0 0 0 1
 0 0 0 0 0 0 1 0 1 0 0 0 0 1 0 1 0 0 0 1 0 0 0 0 0 1 0 1 0 1 1 0 0 0 0 0 0
 0 1 0 0 0 1 0 0 0 0 0 1 0 1 0 1 1 0 0 0 1 0 0 1 0 1 0 1 0 0 0 1 0 0 0 0 0
 0 1 0 0 1 0 0 0 1 0 0 0 0 0 1 1 0 0 0 0 1 1 1 0 0 0 0 0 1 0 0 1 0 1 1 1 0
 1 0 0 0 0 0 0 0 1 1 0 0 0 0 1 1 1 0 0 1 0 0 0 1 0 0 0 1 1 0 1 0 0 1]",9,[ 6  5  5 10 10  9  1  5 10  9 15 13 15  5  7  9],[ 6  5  5 10 10  9  1  5 12  9 15 10 15  5 12  9],False,True,0.53125,0.6875,"[np.int64(15), np.int64(11), np.int64(15), np.int64(11), np.int64(2), np.int64(3), np.int64(10), np.int64(13), np.int64(7), np.int64(11), np.int64(10), np.int64(9), np.int64(12), np.int64(1), np.int64(7), np.int64(12)]","[np.int64(3), np.int64(2), np.int64(10), np.int64(7), np.int64(10), np.int64(10), np.int64(9), np.int64(13), np.int64(0), np.int64(8), np.int64(0), np.int64(4), np.int64(7), np.int64(13), np.int64(10), np.int64(6)]",False,False,0.0,0.0,[ 4  5  5  1 10  9  1  5 13  9 15 13 15  5 13  9],[ 6  5  5  1 10  9  1  5 12  9 15 13 15  5  7  9],True,True,0.390625,0.625,[ 6 15  5  1  2  9  1  5 13  9 15 13 15  5  7  9],[ 4  5  5  1 10  9  1  5  2  9 15 13 15  5  7  9],True,False,0.640625,0.71875,1.0,0.52,0.52,25,13,13,0.96,0.3333333333333333,0.36,24,8,9,1.0,0.0,0.0,25,0,0,1.0,0.0,0.0,25,0,0,0.92,0.5217391304347826,0.52,23,12,13,0.96,0.4166666666666667,0.4,24,10,10,0.04,1.0,1.0,1,1,25,0.04,0.0,0.0,1,0,0
"[0 0 1 0 1 1 0 0 0 0 0 0 0 1 0 0 0 1 0 0 0 0 0 0 0 0 0 0 1 0 0 0 1 0 1 0 0
 0 0 0 0 1 1 0 1 0 0 0 0 0 0 1 1 1 0 0 0 1 1 0 0 0 0 1 1 0 0 1 0 0 0 0 1 0
 0 0 1 0 0 0 1 0 0 1 0 0 0 1 1 1 0 0 0 0 1 0 0 0 0 0 0 0 1 0 0 0 0 1 0 0 0
 0 0 0 0 0 0 1 0 0 0 0 1 0 0 1 0 0 0 0 0 0 1 1 0 0 1 0 1 0 0 0 0 0 0 0 1 1
 0 1 0 0 0 1 0 0 1 0 0 0 0 0 1 1 0 0 0 1 1 0 1 0 0 1 1 1 0 0 0 0 0 0 1 0 0
 0 0 1 0 1 0 0 0 1 1 0 1 0 0 0 0 1 0 0 0 0 0 0 1 0 0 0 0 0 0 1 0 0 1 1 0 0
 0 0 0 0 0 0 0 1 0 0 0 0 1 0 0 0 0 0 0 0 0 1 0 0 0 0 0 0 1 0 0 0 0 0]",13,[13 12  0 10  0  7 11 13 10  5 13 13  2 13 10 10],[13 12 10 10  0  0 11 13 10  5 13 13  4 13 10 10],True,True,0.53125,0.6875,"[np.int64(13), np.int64(2), np.int64(0), np.int64(3), np.int64(0), np.int64(12), np.int64(10), np.int64(11), np.int64(2), np.int64(14), np.int64(3), np.int64(1), np.int64(10), np.int64(12), np.int64(6), np.int64(11)]","[np.int64(15), np.int64(4), np.int64(3), np.int64(15), np.int64(5), np.int64(11), np.int64(7), np.int64(1), np.int64(15), np.int64(9), np.int64(1), np.int64(4), np.int64(0), np.int64(2), np.int64(14), np.int64(12)]",False,False,0.0,0.0,[13 12 10 10  0  7 11 13 10  5 13 13  4 13 10 10],[13 12  0 10  0  0 11 13 10  5 13 13  2 13 10 10],True,True,0.390625,0.625,[13 12 10 10  0  0 11 13 10  5 13 13  2 13 10 10],[13 12  0 10  0  0 11 13 10  5 13 13  2 13 10 10],True,True,0.640625,0.71875,0.64,1.0,1.0,16,16,25,0.6,1.0,1.0,15,15,25,1.0,0.0,0.0,25,0,0,1.0,0.0,0.0,25,0,0,0.76,0.9473684210526315,0.96,19,18,24,0.68,1.0,1.0,17,17,25,0.04,1.0,1.0,1,1,25,0.04,1.0,1.0,1,1,25
"[1 0 0 0 0 0 1 0 0 0 1 0 0 0 0 0 0 1 0 1 0 0 0 0 0 0 0 0 0 0 0 0 0 0 0 0 0
 1 0 0 0 0 0 1 1 0 0 1 0 1 0 0 1 0 0 1 0 1 0 0 0 0 0 0 0 0 0 1 0 0 0 0 1 0
 0 0 0 1 0 0 0 0 1 0 0 0 1 1 0 0 0 0 0 0 0 0 1 0 0 0 0 1 1 0 0 0 1 1 0 0 0
 0 0 0 0 1 0 1 0 1 1 0 0 0 1 0 0 1 0 0 0 0 1 0 0 1 1 1 0 0 1 0 0 0 0 0 0 1
 0 0 0 0 1 1 0 0 0 1 0 1 1 0 0 0 0 0 1 0 0 0 1 1 1 0 1 0 0 0 1 0 0 0 1 0 0
 0 1 0 0 0 0 0 0 0 1 0 0 0 0 1 1 0 1 0 0 0 1 0 0 0 0 0 1 0 0 0 0 1 0 0 0 0
 1 0 0 0 0 0 0 0 0 0 0 0 1 0 1 1 0 1 0 0 1 0 0 0 0 1 0 1 0 0 0 0 1 1]",6,[ 6  3  5  7  3  6  6  5  7  8  6  6 10 14 10  7],[ 6  3 11  7  8  6  6  5  7  3  6  6 10 14 10  7],False,False,0.53125,0.6875,"[np.int64(15), np.int64(13), np.int64(12), np.int64(4), np.int64(4), np.int64(1), np.int64(6), np.int64(12), np.int64(3), np.int64(12), np.int64(0), np.int64(7), np.int64(8), np.int64(14), np.int64(14), np.int64(8)]","[np.int64(10), np.int64(9), np.int64(4), np.int64(6), np.int64(5), np.int64(3), np.int64(8), np.int64(9), np.int64(6), np.int64(7), np.int64(6), np.int64(9), np.int64(13), np.int64(15), np.int64(6), np.int64(9)]",False,False,0.0,0.0,[ 6  3 11  7  3  6  6  5  7 13  6  6 10 14 10 14],[ 6  3  5  7  3  6  6  5  7 13  6  6 10 14 10  7],False,False,0.390625,0.625,[ 6  3 11  7 13  6  6  5  7 15  6  6 10 14 10  2],[ 6  3 11  7 13  6  6  5  7  3  6  6 10 14 10  7],True,False,0.640625,0.71875,0.96,0.375,0.4,24,9,10,0.96,0.4583333333333333,0.44,24,11,11,1.0,0.0,0.0,25,0,0,1.0,0.0,0.0,25,0,0,0.96,0.5416666666666666,0.52,24,13,13,0.76,0.3684210526315789,0.36,19,7,9,0.04,1.0,1.0,1,1,25,0.04,0.0,0.0,1,0,0
"[0 1 0 0 0 0 0 0 0 1 1 0 0 0 1 0 1 1 1 0 0 1 1 0 0 0 0 0 0 0 0 0 0 1 0 0 0
 0 0 1 0 0 0 0 0 0 1 1 0 0 0 1 0 1 0 1 0 0 0 0 0 1 0 0 0 0 0 0 1 0 0 0 1 0
 0 0 1 1 0 0 0 1 0 1 0 1 0 1 1 0 0 0 1 0 0 0 0 1 0 0 0 0 1 0 1 0 0 0 0 1 0
 0 0 0 1 1 0 1 0 0 1 0 1 0 0 0 0 1 0 0 0 0 1 1 1 1 0 0 1 0 0 0 0 1 1 0 0 0
 0 0 0 0 0 0 1 0 1 1 1 0 1 0 0 0 0 0 0 1 1 1 0 0 0 0 1 1 0 0 0 0 0 0 0 0 0
 0 0 0 0 0 1 0 0 0 0 0 1 1 0 0 0 1 0 0 0 0 1 0 0 0 0 1 1 0 1 0 0 1 0 0 0 0
 0 1 1 0 1 0 0 0 0 0 0 1 1 1 1 0 0 0 0 0 1 0 0 0 0 1 1 0 1 0 0 1 0 0]",12,[ 9  5 14  5 12 12  8  5  4 12 14 14 12  9 12 13],[14  5 14  5 12 12  1  5  4 12  9 14 12  9 12  8],False,False,0.53125,0.6875,"[np.int64(10), np.int64(12), np.int64(0), np.int64(12), np.int64(11), np.int64(11), np.int64(10), np.int64(4), np.int64(13), np.int64(11), np.int64(10), np.int64(2), np.int64(5), np.int64(1), np.int64(13), np.int64(14)]","[np.int64(4), np.int64(15), np.int64(8), np.int64(11), np.int64(4), np.int64(4), np.int64(8), np.int64(10), np.int64(7), np.int64(14), np.int64(5), np.int64(4), np.int64(10), np.int64(2), np.int64(10), np.int64(14)]",False,False,0.0,0.0,[ 9  5 14  5 12 12  1  5  4 12 14 14 12  9 12 13],[ 9  5 14  5 12 12 13  5  4 12 14 14 12  9 12 13],False,False,0.390625,0.625,[14  5 14  5 12 12 13  5  4 12 14 14 12  4 12 13],[14  5 14  5 12 12 13  5  4 12 14 14 12  9 12 13],True,True,0.640625,0.71875,1.0,0.44,0.44,25,11,11,0.96,0.2916666666666667,0.32,24,7,8,1.0,0.0,0.0,25,0,0,1.0,0.0,0.0,25,0,0,0.96,0.4583333333333333,0.48,24,11,12,0.96,0.5833333333333334,0.56,24,14,14,0.04,1.0,1.0,1,1,25,0.04,1.0,1.0,1,1,25
"[1 0 0 0 0 0 1 0 0 1 1 1 0 1 0 1 0 1 0 0 0 1 0 0 1 0 0 0 0 0 0 0 0 0 0 0 0
 0 0 0 0 0 0 0 0 1 0 0 0 0 0 1 0 1 0 1 1 0 1 0 1 1 0 0 0 0 0 0 0 0 1 1 1 0
 1 0 0 0 0 0 0 1 0 1 0 0 0 0 0 0 0 1 1 0 0 0 1 0 0 0 1 0 0 1 0 0 1 0 0 0 1
 0 0 0 0 1 1 0 1 0 0 0 1 0 0 0 0 0 0 1 0 1 1 0 0 0 1 0 0 0 0 1 0 0 1 0 0 0
 0 0 0 0 0 0 0 0 1 0 0 0 1 0 0 1 1 0 1 1 0 0 0 1 0 0 0 0 1 0 0 0 0 1 0 0 0
 0 1 1 0 1 0 0 0 0 0 1 0 1 0 0 0 1 0 0 0 1 0 0 1 0 1 1 0 0 0 0 1 0 0 1 1 1
 1 1 0 0 0 0 0 0 1 0 0 0 0 0 0 1 1 0 1 0 0 0 0 0 0 0 0 0 0 0 0 1 0 1]",8,[13  8 13  8  8  3  4  4  8  0  3 13 13  8 13 13],[13  8 13  8  8  3  4  4  8 12  4 13  3  8 13 13],False,True,0.53125,0.6875,"[np.int64(0), np.int64(3), np.int64(14), np.int64(13), np.int64(2), np.int64(8), np.int64(5), np.int64(8), np.int64(9), np.int64(1), np.int64(0), np.int64(6), np.int64(10), np.int64(13), np.int64(2), np.int64(12)]","[np.int64(6), np.int64(0), np.int64(7), np.int64(7), np.int64(5), np.int64(7), np.int64(2), np.int64(13), np.int64(3), np.int64(0), np.int64(12), np.int64(11), np.int64(13), np.int64(2), np.int64(5), np.int64(11)]",False,False,0.0,0.0,[13  8 13  8  8  3  4  4  8  0  3 13  3  8 13 13],[13  8 13  8  8  1  4  3  8 12  3 13  3  8 13 13],False,True,0.390625,0.625,[13  8 13  8  8  3  4  3  8 12  3 13  3  8 13 13],[13  8 13  8  8  1  4  3  8 12  3 13  3  8 13 13],True,True,0.640625,0.71875,0.68,0.7058823529411765,0.72,17,12,18,0.68,0.5882352941176471,0.48,17,10,12,1.0,0.0,0.0,25,0,0,1.0,0.0,0.0,25,0,0,0.68,0.47058823529411764,0.4,17,8,10,0.76,0.47368421052631576,0.44,19,9,11,0.04,1.0,1.0,1,1,25,0.04,1.0,1.0,1,1,25
"[0 0 0 1 0 0 0 1 0 0 0 0 0 1 0 0 0 0 0 1 0 0 1 0 0 0 0 1 0 0 0 0 0 0 0 0 1
 0 0 0 0 0 1 1 0 1 1 0 1 1 0 0 0 0 1 0 0 1 0 0 0 0 0 0 0 0 1 0 1 0 0 1 0 0
 0 0 0 0 0 0 0 0 0 0 0 1 0 0 1 0 0 0 1 0 0 0 0 1 0 1 0 0 1 1 1 0 0 0 1 0 0
 0 1 0 0 0 1 0 1 1 1 0 0 0 0 0 0 0 0 0 0 0 0 1 1 1 0 0 1 0 1 0 1 0 0 0 0 1
 0 0 0 0 0 1 0 0 0 0 0 0 0 0 1 0 0 0 0 0 1 0 1 1 0 0 0 0 0 1 1 0 0 0 0 0 0
 0 1 1 0 0 1 0 0 0 0 0 0 1 1 0 1 0 0 0 1 0 0 0 1 0 1 0 0 0 0 0 0 0 0 0 0 0
 0 0 0 0 1 0 0 0 0 0 1 0 0 1 0 0 1 1 0 0 0 0 0 0 0 0 0 0 0 0 0 0 1 1]",11,[13 11 11  1  2  8  1  8 10  3 11 11  6  2 11 14],[13 11 11  1  2  8  1  8 14  3 11 11  8  2 11 14],False,True,0.53125,0.6875,"[np.int64(12), np.int64(0), np.int64(15), np.int64(1), np.int64(14), np.int64(10), np.int64(14), np.int64(6), np.int64(2), np.int64(0), np.int64(3), np.int64(14), np.int64(2), np.int64(12), np.int64(6), np.int64(13)]","[np.int64(14), np.int64(7), np.int64(3), np.int64(4), np.int64(11), np.int64(14), np.int64(2), np.int64(1), np.int64(2), np.int64(7), np.int64(8), np.int64(13), np.int64(9), np.int64(8), np.int64(14), np.int64(14)]",False,False,0.0,0.0,[ 3 11 11  1  2  8  1  4 14  3 11 11  8  2 11 14],[13 11 11  1  2  8  1  4 10  3 11 11  6  2 11 14],True,True,0.390625,0.625,[13 11 11  1  2  8  1  6 14  3 11 11  6  2 11 14],[ 3 11 11  1  2  8  1  8 10  3 11 11  8  2 11 14],True,True,0.640625,0.71875,0.64,0.625,0.56,16,10,14,0.56,0.6428571428571429,0.52,14,9,13,1.0,0.0,0.0,25,0,0,1.0,0.0,0.0,25,0,0,0.64,0.5625,0.6,16,9,15,0.64,0.6875,0.76,16,11,19,0.04,1.0,1.0,1,1,25,0.04,1.0,1.0,1,1,25
"[0 1 0 0 0 0 0 0 0 1 1 0 0 0 1 0 1 1 1 0 0 1 1 0 0 0 0 0 0 0 0 0 0 1 0 0 0
 0 0 1 0 0 0 0 0 0 1 1 0 0 0 1 0 1 0 1 0 0 0 0 0 1 0 0 0 0 0 0 1 0 0 0 1 0
 0 0 1 1 0 0 0 1 0 1 0 1 0 1 1 0 0 0 1 0 0 0 0 1 0 0 0 0 1 0 1 0 0 0 0 1 0
 0 0 0 1 1 0 1 0 0 1 0 1 0 0 0 0 1 0 0 0 0 1 1 1 1 0 0 1 0 0 0 0 1 1 0 0 0
 0 0 0 0 0 0 1 0 1 1 1 0 1 0 0 0 0 0 0 1 1 1 0 0 0 0 1 1 0 0 0 0 0 0 0 0 0
 0 0 0 0 0 1 0 0 0 0 0 1 1 0 0 0 1 0 0 0 0 1 0 0 0 0 1 1 0 1 0 0 1 0 0 0 0
 0 1 1 0 1 0 0 0 0 0 0 1 1 1 1 0 0 0 0 0 1 0 0 0 0 1 1 0 1 0 0 1 0 0]",12,[ 9  5 14  5 12 12  1  5  5 12 14 14 12  9 12  7],[14  5 14  5 12 12  1  5  4 12 14 14 12  4 12 13],False,True,0.53125,0.6875,"[np.int64(13), np.int64(8), np.int64(14), np.int64(12), np.int64(4), np.int64(7), np.int64(14), np.int64(15), np.int64(13), np.int64(1), np.int64(11), np.int64(3), np.int64(2), np.int64(4), np.int64(7), np.int64(13)]","[np.int64(15), np.int64(6), np.int64(4), np.int64(10), np.int64(10), np.int64(12), np.int64(12), np.int64(0), np.int64(12), np.int64(10), np.int64(14), np.int64(12), np.int64(0), np.int64(7), np.int64(6), np.int64(1)]",False,False,0.0,0.0,[ 9  5 14  5 12 12  8  5  5 12 14 14 12  4 12 10],[14  5 14  5 12 12  8  5  4 12 14 14 12  9 12  2],False,True,0.390625,0.625,[14  5 14  5 12 12 13  5  4 12 14 14 12  4 12 13],[14  5 14  5 12 12 13  5  4 12 14 14 12  9 12 13],True,True,0.640625,0.71875,0.88,0.45454545454545453,0.44,22,10,11,0.96,0.375,0.36,24,9,9,1.0,0.0,0.0,25,0,0,1.0,0.0,0.0,25,0,0,0.96,0.25,0.24,24,6,6,0.92,0.391304347826087,0.36,23,9,9,0.04,1.0,1.0,1,1,25,0.04,1.0,1.0,1,1,25
"[1 1 0 0 1 0 0 0 0 0 1 1 0 0 0 0 1 1 0 0 1 0 1 0 0 1 0 0 0 1 0 0 0 0 0 0 0
 0 0 0 0 0 1 0 0 1 1 1 0 0 0 1 0 0 1 1 0 1 0 1 1 0 0 0 1 1 0 0 0 1 0 0 0 0
 0 0 1 0 0 0 0 0 0 0 1 1 0 1 0 1 1 1 0 0 1 0 0 1 0 1 0 0 0 0 0 0 0 1 0 1 1
 0 0 0 0 1 0 1 0 1 1 1 0 0 1 1 0 1 0 0 0 0 0 0 0 1 0 0 1 0 0 0 1 0 0 1 0 1
 0 1 0 1 0 1 0 0 1 0 1 0 1 0 1 0 0 1 0 0 1 0 0 0 0 0 1 0 1 0 0 1 0 1 1 0 0
 0 0 1 0 0 0 0 0 0 0 1 1 0 0 1 0 1 0 0 1 0 0 1 0 1 1 0 0 0 1 1 0 0 0 0 0 1
 0 1 0 0 1 0 0 1 1 0 1 1 1 0 0 0 1 0 0 0 1 0 0 0 0 1 0 0 0 0 1 1 0 0]",14,[10  9 14  6  5 14 14  5 14 14 14  5  9  2 14  2],[10  9 14  6  5 14 14  5 14 14 14  6  9  6 14  2],False,False,0.53125,0.6875,"[np.int64(14), np.int64(6), np.int64(2), np.int64(3), np.int64(11), np.int64(2), np.int64(7), np.int64(1), np.int64(13), np.int64(13), np.int64(14), np.int64(15), np.int64(12), np.int64(9), np.int64(0), np.int64(10)]","[np.int64(15), np.int64(4), np.int64(2), np.int64(13), np.int64(1), np.int64(7), np.int64(15), np.int64(5), np.int64(3), np.int64(12), np.int64(6), np.int64(6), np.int64(12), np.int64(10), np.int64(14), np.int64(11)]",False,False,0.0,0.0,[10  6 14  6  5 14 14  8 14 14 14  6  9  6 14  2],[10  6 14  6  5 14 14  8 14 14 14  6  9  2 14  2],True,True,0.390625,0.625,[10  9 14  9  5 14 14  9 14 14 14  6  9  6 14  2],[10  6 14  6  5 14 14  8 14 14 14  6  9  2 14  2],True,True,0.640625,0.71875,0.68,0.47058823529411764,0.48,17,8,12,0.68,0.5294117647058824,0.52,17,9,13,1.0,0.0,0.0,25,0,0,1.0,0.0,0.0,25,0,0,0.68,0.5294117647058824,0.56,17,9,14,0.72,0.3888888888888889,0.56,18,7,14,0.04,1.0,1.0,1,1,25,0.04,1.0,1.0,1,1,25
"[1 0 1 0 1 0 1 0 1 0 0 0 1 0 0 0 0 1 0 1 0 0 0 0 1 0 0 1 0 0 0 0 1 0 0 0 0
 0 0 0 1 0 1 0 0 0 0 0 0 1 0 0 1 1 1 0 1 0 1 0 0 0 0 0 1 0 0 1 0 0 0 0 0 0
 0 0 1 0 0 0 0 0 0 1 0 0 0 0 0 0 0 1 0 0 0 0 1 0 0 1 0 0 0 0 0 0 1 0 0 1 0
 0 0 0 0 0 0 0 0 1 0 0 0 1 0 1 0 0 1 1 1 1 0 0 0 0 1 0 0 0 0 0 0 0 0 0 0 0
 0 0 0 0 0 0 1 1 0 0 0 0 0 0 1 1 0 0 1 0 0 1 1 1 0 0 0 1 0 1 0 0 0 1 0 1 0
 1 1 0 0 0 0 0 1 0 0 0 1 0 0 0 0 0 0 0 0 0 0 0 0 0 0 0 0 0 1 1 0 0 0 0 0 0
 0 1 0 0 0 0 0 0 0 0 0 0 0 0 0 0 1 1 0 0 0 0 0 0 0 0 0 0 1 0 0 1 1 1]",8,[ 8  8  8  8  0  3  3 11  8 10  2  1  0  6 15 10],[ 8  8  8  8  3  3  0 11  8 11  2  1  0  6 15 10],False,False,0.53125,0.6875,"[np.int64(3), np.int64(3), np.int64(5), np.int64(13), np.int64(14), np.int64(5), np.int64(7), np.int64(10), np.int64(3), np.int64(6), np.int64(12), np.int64(10), np.int64(5), np.int64(3), np.int64(9), np.int64(0)]","[np.int64(11), np.int64(8), np.int64(7), np.int64(13), np.int64(6), np.int64(9), np.int64(5), np.int64(9), np.int64(3), np.int64(12), np.int64(6), np.int64(14), np.int64(7), np.int64(2), np.int64(11), np.int64(14)]",False,False,0.0,0.0,[ 8  8  8  8  3  3  0 11  8 10  3  1  0  6 15 10],[ 8  8  8  8  0  3  0 11  8 10  2  1  0  6 15 10],False,True,0.390625,0.625,[ 8  8  8  8  3  3  0 11  8 11  2  1  0  6 15 10],[ 8  8  8  8  0  3  0 11  8 11  2  1  0  6 15 10],False,True,0.640625,0.71875,0.52,0.46153846153846156,0.48,13,6,12,0.48,0.5,0.52,12,6,13,1.0,0.0,0.0,25,0,0,1.0,0.0,0.0,25,0,0,0.44,0.5454545454545454,0.56,11,6,14,0.52,0.6153846153846154,0.64,13,8,16,0.04,0.0,0.0,1,0,0,0.04,1.0,1.0,1,1,25
"[0 0 0 0 0 0 0 0 1 0 1 0 0 0 0 0 0 1 0 0 0 1 0 0 0 1 0 0 0 0 0 1 0 0 1 0 0
 0 0 0 0 0 0 0 0 0 0 0 0 0 0 1 0 0 1 0 0 0 0 0 0 0 0 1 0 0 0 0 0 1 0 1 0 0
 0 0 0 0 0 0 0 1 0 0 1 0 1 0 0 0 1 0 0 0 0 1 0 0 0 1 0 1 1 0 0 0 0 1 1 0 1
 0 0 0 0 0 1 0 0 1 1 1 1 0 0 0 0 1 1 0 0 0 0 0 0 1 0 0 0 1 0 0 0 1 0 1 0 0
 0 0 0 1 0 1 1 1 1 1 0 1 1 0 0 0 0 1 0 1 0 1 0 0 0 0 0 0 0 0 0 0 0 0 1 0 1
 1 0 0 1 0 0 1 0 0 0 0 0 0 1 0 0 1 0 1 1 0 0 0 0 0 0 0 0 0 0 0 0 1 0 0 0 1
 1 1 0 0 0 0 0 0 1 0 0 0 0 0 0 1 0 0 0 1 0 1 0 1 0 1 1 1 0 1 0 1 0 0]",12,[10  9  2  6  7  6 12  9 11 12  9 12 12  9  6 11],[ 8  9  2  6  7  6 12  9 11 12  9 12 12  9  6 11],True,True,0.53125,0.6875,"[np.int64(14), np.int64(5), np.int64(4), np.int64(5), np.int64(2), np.int64(14), np.int64(2), np.int64(5), np.int64(0), np.int64(9), np.int64(0), np.int64(10), np.int64(1), np.int64(5), np.int64(8), np.int64(6)]","[np.int64(14), np.int64(0), np.int64(6), np.int64(14), np.int64(1), np.int64(14), np.int64(1), np.int64(13), np.int64(7), np.int64(14), np.int64(3), np.int64(1), np.int64(7), np.int64(3), np.int64(7), np.int64(3)]",False,False,0.0,0.0,[10  9  5  6  7  6 12  9 11 12  9 12 12  9  6 11],[10  9  2  6  5  6 12  9 11 12  9 12 12  9  6 11],False,True,0.390625,0.625,[10  9  0  6  5  6 12  9 11 12  9 12 12  9  6  9],[ 8  9  0  6  7  6 12  9 11 12  9 12 12  9  6  9],False,False,0.640625,0.71875,0.32,1.0,1.0,8,8,25,0.32,1.0,1.0,8,8,25,1.0,0.0,0.0,25,0,0,1.0,0.0,0.0,25,0,0,0.72,0.0,0.0,18,0,0,0.24,1.0,1.0,6,6,25,0.04,0.0,0.0,1,0,0,0.04,0.0,0.0,1,0,0
"[0 0 0 1 0 0 1 0 0 0 0 0 1 0 0 0 0 1 1 0 1 0 0 0 0 0 0 0 0 0 0 1 0 1 1 0 0
 1 0 1 1 0 0 1 0 0 1 1 1 0 0 1 0 0 0 1 0 0 0 1 0 0 0 0 0 1 0 0 1 0 0 1 0 0
 0 0 1 0 0 1 0 0 1 0 0 1 1 0 0 0 0 0 0 0 1 0 1 0 0 0 0 1 1 0 0 1 0 0 0 0 0
 0 0 0 1 1 1 0 0 1 0 0 1 0 0 1 0 1 0 0 1 0 0 0 0 0 1 0 0 0 0 1 0 1 0 0 0 0
 0 0 1 0 0 1 1 0 0 0 0 0 0 0 0 0 0 0 0 1 0 1 1 0 1 0 0 1 0 0 1 1 0 0 0 0 0
 0 0 0 0 1 0 1 1 0 0 0 1 0 0 0 0 0 1 0 0 0 0 0 0 0 0 0 0 0 0 1 1 0 0 1 0 1
 0 1 0 0 1 0 0 1 0 0 0 0 0 0 0 0 1 1 0 1 1 0 1 0 0 1 1 0 1 1 0 1 1 0]",3,[ 3  2 11  3  7  2  0  3 15  6  7  3  0  7  2  7],[ 3 15 11  3  7  6  0  3 15  6  7  3  0 11 15 11],False,True,0.53125,0.6875,"[np.int64(12), np.int64(14), np.int64(8), np.int64(6), np.int64(2), np.int64(11), np.int64(7), np.int64(5), np.int64(1), np.int64(4), np.int64(1), np.int64(7), np.int64(2), np.int64(1), np.int64(1), np.int64(5)]","[np.int64(12), np.int64(6), np.int64(15), np.int64(9), np.int64(11), np.int64(9), np.int64(13), np.int64(5), np.int64(9), np.int64(12), np.int64(5), np.int64(10), np.int64(8), np.int64(14), np.int64(7), np.int64(11)]",False,False,0.0,0.0,[ 3  4 11  3  7  2  0  3 13  6  7  3  0 11 15  7],[ 3  2 11  3  7  6  0  3 15  6  7  3  0 11  2  7],False,False,0.390625,0.625,[ 3 15 11  3  7  6  0  3 15  6  7  3  0  7  2  7],[ 3  4 11  3  7  2  0  3 15  6  7  3  0 11  2 11],False,False,0.640625,0.71875,0.96,0.125,0.12,24,3,3,1.0,0.12,0.12,25,3,3,1.0,0.0,0.0,25,0,0,1.0,0.0,0.0,25,0,0,1.0,0.16,0.16,25,4,4,0.96,0.16666666666666666,0.2,24,4,5,0.04,0.0,0.0,1,0,0,0.04,0.0,0.0,1,0,0
"[0 0 0 0 0 0 0 0 0 0 0 0 1 0 0 1 0 0 0 0 1 0 1 0 0 0 0 0 0 0 0 1 0 0 1 0 0
 0 1 0 0 1 0 1 0 1 0 0 0 0 0 1 0 0 0 0 0 0 0 1 0 0 0 0 0 1 0 0 0 1 0 0 1 0
 0 0 0 0 1 0 0 0 0 0 1 1 0 0 0 0 0 1 0 0 0 0 0 1 1 0 0 0 1 0 0 0 1 0 0 0 0
 0 0 0 0 0 0 0 0 1 1 1 0 0 0 1 0 0 0 0 0 0 1 0 0 1 1 1 0 0 0 0 1 1 0 0 1 0
 0 0 0 1 1 0 0 0 0 1 0 1 0 0 0 0 0 0 1 0 0 0 0 0 0 0 0 0 0 0 1 1 0 1 0 0 0
 0 0 0 0 0 0 0 1 0 0 0 0 0 0 0 0 0 0 0 0 0 0 0 0 0 1 0 0 0 0 1 0 1 0 0 0 0
 0 0 0 0 0 0 1 0 0 0 1 0 0 0 0 0 0 0 1 1 0 0 0 0 0 0 1 1 0 0 0 0 0 1]",11,[15  4 11 11  5 11  2  9  9  2  6 11  0  2  4  9],[15  6 11 11  5 11  2  9  4  2  6 11  0  2  4  9],True,True,0.53125,0.6875,"[np.int64(15), np.int64(8), np.int64(9), np.int64(12), np.int64(15), np.int64(4), np.int64(2), np.int64(5), np.int64(6), np.int64(10), np.int64(13), np.int64(9), np.int64(11), np.int64(14), np.int64(1), np.int64(5)]","[np.int64(14), np.int64(1), np.int64(10), np.int64(9), np.int64(2), np.int64(9), np.int64(13), np.int64(9), np.int64(11), np.int64(8), np.int64(12), np.int64(8), np.int64(15), np.int64(1), np.int64(15), np.int64(6)]",False,False,0.0,0.0,[15  6 11 11  5 11  2  9  9  2  6 11  0  2  4  9],[15  4 11 11  5 11  2 13  4  2  6 11  0  2  4  9],True,True,0.390625,0.625,[15  6 11 11  5 11  2 13  9  2  6 11  0  2  4  9],[15  4 11 11  5 11  2 13  9  2  6 11  0  2  4  9],True,True,0.640625,0.71875,0.32,1.0,1.0,8,8,25,0.28,1.0,1.0,7,7,25,1.0,0.0,0.0,25,0,0,1.0,0.0,0.0,25,0,0,0.32,1.0,1.0,8,8,25,0.32,1.0,1.0,8,8,25,0.04,1.0,1.0,1,1,25,0.04,1.0,1.0,1,1,25
"[0 1 0 0 0 0 0 0 1 1 0 0 0 1 0 0 1 1 0 0 1 0 1 1 0 0 0 0 0 1 0 1 0 0 0 0 1
 0 0 0 0 0 0 1 0 0 0 0 0 0 0 1 0 0 0 1 0 0 0 0 0 0 0 0 0 1 1 0 1 0 0 0 0 0
 1 0 0 1 0 0 0 0 0 0 0 1 0 0 0 0 0 1 0 1 0 0 0 1 0 0 0 0 0 0 1 1 0 0 0 0 1
 1 0 1 0 1 0 0 0 0 0 0 1 0 0 1 0 0 1 0 0 0 0 0 1 0 1 0 1 0 1 0 0 1 1 0 0 0
 0 0 1 0 0 1 0 1 1 0 0 0 0 0 0 0 1 0 0 1 1 0 0 0 1 0 0 0 0 0 1 0 0 1 0 0 0
 1 0 0 0 1 0 0 0 0 0 0 0 0 0 0 1 1 1 0 1 0 0 0 1 1 0 0 1 1 0 1 0 0 0 1 0 0
 0 0 0 0 0 0 0 0 1 0 0 0 0 0 0 0 0 0 0 1 0 0 0 0 1 0 1 0 0 0 0 0 0 1]",4,[ 1  4  4  7  4 13  1 13 10  0  4 13 10  4  6  1],[13  4  4  7  4 13  1 13 10 11  4  2 10  4  6  1],False,True,0.53125,0.6875,"[np.int64(5), np.int64(1), np.int64(5), np.int64(9), np.int64(12), np.int64(5), np.int64(2), np.int64(10), np.int64(8), np.int64(3), np.int64(4), np.int64(12), np.int64(3), np.int64(7), np.int64(10), np.int64(10)]","[np.int64(10), np.int64(3), np.int64(8), np.int64(12), np.int64(3), np.int64(6), np.int64(6), np.int64(7), np.int64(7), np.int64(12), np.int64(7), np.int64(12), np.int64(7), np.int64(13), np.int64(5), np.int64(4)]",False,False,0.0,0.0,[13  4  4  7  4 13  1  1 10 11  4  2 10  4  6  1],[ 1  4  4  7  4 13  1 10 10  6  4  2 10  4  6  1],False,True,0.390625,0.625,[13  4  4  7  4 13  1 13 10 11  4  2 10  4  6  1],[ 1  4  4  7  4 13  1 10 10  0  4  2 10  4  6  1],True,True,0.640625,0.71875,0.88,0.7272727272727273,0.76,22,16,19,0.72,0.7222222222222222,0.72,18,13,18,1.0,0.0,0.0,25,0,0,1.0,0.0,0.0,25,0,0,0.8,0.55,0.6,20,11,15,0.76,0.6842105263157895,0.64,19,13,16,0.04,1.0,1.0,1,1,25,0.04,1.0,1.0,1,1,25
"[0 0 0 0 0 0 0 0 0 0 1 0 0 0 0 0 0 1 0 0 0 0 0 0 1 0 1 0 0 0 0 0 0 0 0 0 1
 1 1 0 0 1 0 0 1 0 0 0 0 0 0 0 1 0 1 0 1 0 1 0 0 0 0 0 0 0 1 1 1 0 0 0 1 0
 0 0 0 1 0 0 0 0 1 0 0 1 1 0 0 0 0 1 0 0 0 0 0 0 1 1 0 1 0 0 0 1 1 0 0 0 0
 0 0 0 0 0 0 0 0 1 1 0 1 1 0 0 1 0 0 1 0 1 1 0 0 1 0 0 1 0 0 0 0 0 0 0 1 0
 0 0 1 0 0 1 0 0 0 0 0 0 1 1 0 1 0 0 1 1 1 0 1 1 1 0 0 0 0 0 0 0 0 1 0 1 0
 0 1 0 0 0 0 1 0 0 1 0 0 0 0 0 0 0 1 0 1 1 0 1 0 0 0 0 1 0 0 0 0 0 0 0 1 1
 1 0 0 0 0 0 0 0 0 1 0 0 0 0 0 1 0 0 0 0 0 0 0 0 0 0 0 0 0 1 1 0 0 1]",8,[10  8  4  8  8 11 10  8  8  2  8 10 10  4  7 12],[10  8  4  8  8  6 10  8  8  6  8 10 10  4  7 11],True,True,0.53125,0.6875,"[np.int64(14), np.int64(14), np.int64(7), np.int64(14), np.int64(0), np.int64(5), np.int64(11), np.int64(10), np.int64(15), np.int64(4), np.int64(6), np.int64(3), np.int64(2), np.int64(11), np.int64(14), np.int64(7)]","[np.int64(13), np.int64(8), np.int64(8), np.int64(9), np.int64(14), np.int64(15), np.int64(11), np.int64(15), np.int64(11), np.int64(7), np.int64(15), np.int64(7), np.int64(10), np.int64(11), np.int64(15), np.int64(8)]",False,False,0.0,0.0,[10  8  4  8  8 11 10  8  8  6  8 10 10  4  7 11],[10  8  4  8  8 11  3  8  8  2  8  7 10  4  7 12],True,True,0.390625,0.625,[10  8  4  8  8  6 10  8  8  2  8  7 10  4  7 11],[10  8  4  8  8  6 10  8  8  2  8 10 10  4  7 11],False,False,0.640625,0.71875,0.8,0.8,0.72,20,16,18,0.88,0.6818181818181818,0.72,22,15,18,1.0,0.0,0.0,25,0,0,1.0,0.0,0.0,25,0,0,0.76,0.7368421052631579,0.8,19,14,20,0.64,0.625,0.56,16,10,14,0.04,0.0,0.0,1,0,0,0.04,0.0,0.0,1,0,0
"[1 0 1 1 1 0 0 1 0 1 1 1 0 0 0 1 0 1 0 1 1 0 0 0 0 0 0 0 0 0 1 1 1 0 0 0 0
 1 0 1 1 0 0 0 0 0 0 0 1 1 0 1 1 1 0 0 0 0 0 0 0 0 0 0 1 1 0 1 1 1 0 0 0 0
 0 0 0 0 0 1 0 0 1 1 1 1 0 0 0 0 0 1 0 0 0 1 0 0 0 0 0 0 0 0 0 0 0 1 1 0 0
 0 1 0 1 0 0 0 0 0 0 0 0 1 0 0 1 1 0 0 1 0 0 0 0 0 0 0 1 0 1 1 0 0 1 0 0 0
 0 0 0 0 0 0 0 0 0 0 0 0 1 0 0 0 0 0 0 0 1 0 0 0 0 0 0 0 1 0 0 0 0 1 1 1 0
 0 0 0 0 0 0 0 0 0 0 0 0 0 1 0 1 0 0 0 0 0 0 0 0 0 0 0 0 0 0 0 1 0 0 0 0 0
 0 0 0 1 0 0 0 0 0 1 0 0 0 0 0 0 0 1 1 1 0 0 1 1 0 1 0 0 0 0 0 0 1 0]",1,[ 4  1  7  1  1 15 11 14  2  0  0  0  8  8  1  1],[ 3  1  5  1  1 15 11 15  2  0  0  7  8  8  1  1],False,False,0.53125,0.6875,"[np.int64(1), np.int64(6), np.int64(10), np.int64(2), np.int64(2), np.int64(9), np.int64(15), np.int64(2), np.int64(0), np.int64(15), np.int64(3), np.int64(7), np.int64(15), np.int64(5), np.int64(13), np.int64(15)]","[np.int64(14), np.int64(12), np.int64(2), np.int64(6), np.int64(9), np.int64(12), np.int64(8), np.int64(15), np.int64(1), np.int64(7), np.int64(10), np.int64(12), np.int64(12), np.int64(3), np.int64(0), np.int64(10)]",False,False,0.0,0.0,[ 4  1  5  1  1  3 11 15 10  0  0  5  6  8  1  1],[ 4  1  0  1  1 15 11 14 10  0  0  0  8  8  1  1],False,False,0.390625,0.625,[15  1  5  1  1 15 11 15 10  0  0  0  8  8  1  1],[ 3  1  7  1  1  3 11 14  2  0  0  7  6  8  1  1],False,True,0.640625,0.71875,0.96,0.125,0.12,24,3,3,0.92,0.043478260869565216,0.04,23,1,1,1.0,0.0,0.0,25,0,0,1.0,0.0,0.0,25,0,0,0.92,0.13043478260869565,0.12,23,3,3,1.0,0.08,0.08,25,2,2,0.04,0.0,0.0,1,0,0,0.04,1.0,1.0,1,1,25
"[1 1 1 1 0 0 1 0 0 0 0 0 0 0 0 0 1 1 0 0 0 0 0 0 1 0 0 0 0 0 0 1 1 0 0 0 0
 0 0 0 0 0 0 0 1 1 0 1 1 0 0 1 0 0 0 0 0 1 0 0 0 0 0 1 0 0 0 0 0 0 0 1 0 1
 0 0 0 0 0 0 0 0 0 0 0 0 0 0 0 0 0 0 0 0 0 0 1 0 0 0 0 0 1 0 0 0 0 1 0 0 0
 0 0 0 0 0 1 0 0 0 0 0 1 1 1 1 0 0 0 1 0 0 0 0 0 0 1 0 0 0 0 0 0 0 0 0 0 1
 1 0 0 0 0 1 0 0 0 0 1 1 0 0 0 0 0 0 0 1 0 0 1 0 0 0 0 0 0 0 0 0 0 0 1 1 0
 0 0 0 0 1 0 0 0 0 1 0 0 0 0 1 0 0 0 0 0 0 0 0 0 0 1 0 0 0 0 1 0 0 0 1 0 1
 0 1 0 0 0 0 0 0 0 0 0 1 0 0 0 0 1 0 0 1 1 1 0 0 0 0 0 1 0 0 0 1 0 1]",12,[ 2 15 12  0  7  5 11 12  1 15  7  7 12  7  9  2],[ 2 15 12 15  7  5 11 12  1 15  7  7 12  7  9  2],False,True,0.53125,0.6875,"[np.int64(7), np.int64(10), np.int64(10), np.int64(9), np.int64(1), np.int64(7), np.int64(1), np.int64(10), np.int64(9), np.int64(7), np.int64(1), np.int64(12), np.int64(8), np.int64(10), np.int64(6), np.int64(14)]","[np.int64(12), np.int64(15), np.int64(0), np.int64(0), np.int64(9), np.int64(8), np.int64(15), np.int64(13), np.int64(11), np.int64(2), np.int64(15), np.int64(3), np.int64(10), np.int64(4), np.int64(1), np.int64(0)]",False,False,0.0,0.0,[ 2 15 12 15  7  4  0 12  1  4  7  7 12  7  9  2],[ 2  0 12  0  7  5 11 12  1  4  7  7 12  7  9  2],False,True,0.390625,0.625,[ 2 15 12 15  7  0  0 12  1 15  7  7 12  2  9  2],[ 2  0 12  0  7  0 11 12  1 15  7  7 12  2  9  2],False,False,0.640625,0.71875,0.52,0.6153846153846154,0.6,13,8,15,0.56,0.5,0.48,14,7,12,1.0,0.0,0.0,25,0,0,1.0,0.0,0.0,25,0,0,0.92,0.0,0.0,23,0,0,0.64,0.625,0.6,16,10,15,0.04,0.0,0.0,1,0,0,0.04,0.0,0.0,1,0,0
"[1 0 0 0 1 0 1 0 0 0 0 0 0 0 0 0 0 0 0 0 1 0 0 0 0 0 0 0 1 0 1 0 0 0 1 1 0
 0 0 0 0 0 0 0 1 0 0 0 0 0 1 0 0 0 0 0 1 1 0 0 0 0 0 0 1 1 0 0 1 0 1 0 0 1
 0 0 0 0 0 0 0 0 0 0 0 0 1 0 0 0 0 0 0 1 1 0 1 0 0 0 1 1 0 0 0 0 1 0 1 0 0
 1 0 0 0 0 0 0 0 1 0 0 0 0 0 0 0 0 0 0 0 1 0 0 0 0 0 1 0 1 1 0 0 0 0 0 0 1
 1 0 0 0 1 1 0 0 1 1 0 0 0 0 0 0 0 0 1 0 0 0 1 0 0 0 0 1 0 0 0 0 0 0 0 0 1
 0 0 0 1 1 0 0 0 1 1 0 0 0 1 0 1 1 0 1 0 1 1 1 0 0 0 0 0 1 0 0 0 1 0 1 1 1
 0 0 0 1 0 0 0 1 0 0 0 0 0 0 1 0 0 0 0 0 0 0 0 0 1 0 0 0 1 0 1 0 0 1]",11,[ 6 12 12  8  1 13 12  7 11 13 15 11 11 11 12 12],[ 6 12 12  8  9 13 12  7 11 13 15 11 11 11 12 12],True,True,0.53125,0.6875,"[np.int64(0), np.int64(0), np.int64(1), np.int64(3), np.int64(14), np.int64(6), np.int64(7), np.int64(15), np.int64(8), np.int64(12), np.int64(9), np.int64(9), np.int64(15), np.int64(10), np.int64(6), np.int64(11)]","[np.int64(11), np.int64(1), np.int64(7), np.int64(12), np.int64(11), np.int64(1), np.int64(8), np.int64(5), np.int64(7), np.int64(8), np.int64(3), np.int64(9), np.int64(12), np.int64(4), np.int64(13), np.int64(2)]",False,False,0.0,0.0,[ 6 12 12  8  9 13 12  1 11 13  6 11 11 11 12 12],[ 6 12 12  8  1 13 12  7 11 12 15 11 11 11 12 12],False,True,0.390625,0.625,[ 6 12 12  8  9 13 12  1 11 13 15 11 11 11 12 12],[ 6 12 12  8  6 13 12  0 11  8 15 11 11 11 12 12],False,False,0.640625,0.71875,0.48,1.0,1.0,12,12,25,0.4,1.0,1.0,10,10,25,1.0,0.0,0.0,25,0,0,1.0,0.0,0.0,25,0,0,0.96,0.0,0.0,24,0,0,0.48,1.0,1.0,12,12,25,0.04,0.0,0.0,1,0,0,0.04,0.0,0.0,1,0,0
"[1 0 0 0 0 0 1 0 0 0 1 0 0 0 1 0 0 0 0 0 0 1 0 0 1 0 1 0 0 0 1 0 0 0 1 0 0
 0 0 1 0 1 0 0 0 0 1 1 0 0 0 0 0 0 0 0 0 1 0 1 0 0 0 0 0 0 0 0 0 0 0 0 0 1
 0 0 0 0 0 0 0 1 0 0 0 0 0 0 0 1 0 0 0 1 1 0 1 0 0 0 0 0 0 0 1 0 0 0 1 1 0
 1 0 0 1 0 0 0 0 0 0 1 0 1 0 0 1 0 0 1 0 0 0 0 1 0 1 1 0 0 1 0 0 1 0 0 1 1
 1 1 0 1 1 1 1 0 0 0 0 0 1 1 0 0 0 0 0 0 0 1 1 1 0 0 0 1 0 0 0 1 0 0 0 1 0
 0 1 1 0 0 0 0 0 0 0 0 0 0 1 0 1 0 0 0 1 1 0 1 0 0 0 0 0 1 1 0 0 0 0 0 1 0
 0 1 1 1 1 0 0 1 0 1 0 0 0 0 0 0 1 1 0 0 1 0 0 0 1 0 1 0 1 0 1 1 1 1]",15,[14  8 15  9  9 13 15  2 15 10 15 10 15 15 15 15],[ 6 10 15 11  9 14 15 14 15  8 15 10 15 15 15 15],False,False,0.53125,0.6875,"[np.int64(2), np.int64(14), np.int64(14), np.int64(10), np.int64(9), np.int64(2), np.int64(10), np.int64(8), np.int64(7), np.int64(2), np.int64(13), np.int64(4), np.int64(5), np.int64(6), np.int64(1), np.int64(0)]","[np.int64(7), np.int64(11), np.int64(10), np.int64(8), np.int64(0), np.int64(2), np.int64(3), np.int64(2), np.int64(13), np.int64(5), np.int64(8), np.int64(7), np.int64(8), np.int64(1), np.int64(12), np.int64(4)]",False,False,0.0,0.0,[14 10 15  9  9 13 15  2 15 10 15 10 15 15 15 15],[ 6 14 15  9  9 14 15  2 15  2 15 10 15 15 15 15],False,True,0.390625,0.625,[14 14 15  9  9 14 15 14 15  2 15 10 15 15 15 15],[ 6  8 15  9  9 14 15 14 15  8 15 10 15 15 15 15],True,True,0.640625,0.71875,0.96,0.3333333333333333,0.36,24,8,9,0.92,0.4782608695652174,0.48,23,11,12,1.0,0.0,0.0,25,0,0,1.0,0.0,0.0,25,0,0,0.88,0.5454545454545454,0.6,22,12,15,0.72,0.5555555555555556,0.64,18,10,16,0.04,1.0,1.0,1,1,25,0.04,1.0,1.0,1,1,25
"[0 0 0 1 0 0 0 1 0 0 0 0 0 1 0 0 0 0 0 1 0 0 1 0 0 0 0 1 0 0 0 0 0 0 0 0 1
 0 0 0 0 0 1 1 0 1 1 0 1 1 0 0 0 0 1 0 0 1 0 0 0 0 0 0 0 0 1 0 1 0 0 1 0 0
 0 0 0 0 0 0 0 0 0 0 0 1 0 0 1 0 0 0 1 0 0 0 0 1 0 1 0 0 1 1 1 0 0 0 1 0 0
 0 1 0 0 0 1 0 1 1 1 0 0 0 0 0 0 0 0 0 0 0 0 1 1 1 0 0 1 0 1 0 1 0 0 0 0 1
 0 0 0 0 0 1 0 0 0 0 0 0 0 0 1 0 0 0 0 0 1 0 1 1 0 0 0 0 0 1 1 0 0 0 0 0 0
 0 1 1 0 0 1 0 0 0 0 0 0 1 1 0 1 0 0 0 1 0 0 0 1 0 1 0 0 0 0 0 0 0 0 0 0 0
 0 0 0 0 1 0 0 0 0 0 1 0 0 1 0 0 1 1 0 0 0 0 0 0 0 0 0 0 0 0 0 0 1 1]",11,[ 3 11 11  1  2  8  1  4 10  3 11 11  6  2 11 14],[ 3 11 11  1  2  8  1  4 10  3 11 11  8  2 11 14],True,True,0.53125,0.6875,"[np.int64(13), np.int64(10), np.int64(7), np.int64(14), np.int64(11), np.int64(4), np.int64(4), np.int64(7), np.int64(14), np.int64(15), np.int64(11), np.int64(3), np.int64(5), np.int64(0), np.int64(7), np.int64(8)]","[np.int64(4), np.int64(9), np.int64(0), np.int64(6), np.int64(10), np.int64(12), np.int64(15), np.int64(4), np.int64(9), np.int64(0), np.int64(5), np.int64(9), np.int64(4), np.int64(10), np.int64(2), np.int64(3)]",False,False,0.0,0.0,[ 3 11 11  1  2  8  1  6 14  3 11 11  8  2 11 14],[13 11 11  1  2  8  1  8 10  3 11 11  8  2 11 14],False,True,0.390625,0.625,[13 11 11  1  2  8  1  6 14  3 11 11  6  2 11 14],[ 3 11 11  1  2  8  1  8 10  3 11 11  8  2 11 14],True,True,0.640625,0.71875,0.56,0.5714285714285714,0.44,14,8,11,0.68,0.7058823529411765,0.64,17,12,16,1.0,0.0,0.0,25,0,0,1.0,0.0,0.0,25,0,0,0.6,0.6,0.64,15,9,16,0.56,0.6428571428571429,0.72,14,9,18,0.04,1.0,1.0,1,1,25,0.04,1.0,1.0,1,1,25
"[0 0 0 0 0 0 1 0 1 0 1 1 1 0 0 0 0 1 1 0 0 0 0 1 0 1 0 0 1 1 1 0 0 1 0 0 0
 0 1 0 0 1 1 0 1 0 0 0 0 0 0 0 0 0 0 0 0 1 0 0 0 0 1 0 0 0 0 0 1 0 0 0 1 0
 0 0 0 0 0 1 0 0 0 0 0 1 0 0 1 1 1 0 0 0 1 0 1 0 1 0 0 0 0 0 0 0 1 0 0 1 1
 0 0 1 0 0 0 0 0 1 1 1 0 1 0 1 0 0 1 0 0 0 1 1 0 1 0 0 0 0 0 1 0 0 0 1 1 1
 0 1 0 1 0 0 0 0 0 0 0 0 1 0 1 0 0 1 1 0 0 0 1 0 0 0 1 0 1 0 0 0 0 0 0 1 0
 0 0 1 0 0 0 1 1 1 1 0 0 0 0 0 0 0 0 0 1 0 0 0 0 1 0 0 0 0 1 1 1 0 0 0 0 1
 0 1 0 1 0 1 0 1 1 0 0 0 1 0 0 0 1 0 0 0 0 0 1 0 0 0 0 0 0 1 0 1 0 0]",3,[10  9  9  3  8  9 14  9  7  3 14  7  2  6  3 11],[10 14  9  3  8  9 14  9  7  3 14  7  1  1  3 13],True,False,0.53125,0.6875,"[np.int64(9), np.int64(14), np.int64(10), np.int64(2), np.int64(12), np.int64(5), np.int64(14), np.int64(3), np.int64(7), np.int64(1), np.int64(3), np.int64(8), np.int64(0), np.int64(0), np.int64(3), np.int64(12)]","[np.int64(1), np.int64(3), np.int64(13), np.int64(15), np.int64(12), np.int64(14), np.int64(0), np.int64(0), np.int64(9), np.int64(1), np.int64(8), np.int64(2), np.int64(10), np.int64(14), np.int64(2), np.int64(0)]",False,False,0.0,0.0,[ 6  9  9  3  8 14 14  9  5  3 14  7  1  1  3 11],[10  9  9  3  8 14 14  9  5  3 14  7  1  1  3 11],False,False,0.390625,0.625,[10 14  9  3  8 14 14  9  5  3 14  7  1  1  3 13],[10 14  9  3  8 14 14  9  5  3 14  7  1  1  3 11],True,True,0.640625,0.71875,0.8,0.55,0.6,20,11,15,0.76,0.47368421052631576,0.48,19,9,12,1.0,0.0,0.0,25,0,0,1.0,0.0,0.0,25,0,0,0.92,0.43478260869565216,0.4,23,10,10,0.88,0.36363636363636365,0.36,22,8,9,0.04,1.0,1.0,1,1,25,0.04,1.0,1.0,1,1,25
"[0 1 0 0 0 0 0 0 0 1 1 0 0 0 1 0 1 1 1 0 0 1 1 0 0 0 0 0 0 0 0 0 0 1 0 0 0
 0 0 1 0 0 0 0 0 0 1 1 0 0 0 1 0 1 0 1 0 0 0 0 0 1 0 0 0 0 0 0 1 0 0 0 1 0
 0 0 1 1 0 0 0 1 0 1 0 1 0 1 1 0 0 0 1 0 0 0 0 1 0 0 0 0 1 0 1 0 0 0 0 1 0
 0 0 0 1 1 0 1 0 0 1 0 1 0 0 0 0 1 0 0 0 0 1 1 1 1 0 0 1 0 0 0 0 1 1 0 0 0
 0 0 0 0 0 0 1 0 1 1 1 0 1 0 0 0 0 0 0 1 1 1 0 0 0 0 1 1 0 0 0 0 0 0 0 0 0
 0 0 0 0 0 1 0 0 0 0 0 1 1 0 0 0 1 0 0 0 0 1 0 0 0 0 1 1 0 1 0 0 1 0 0 0 0
 0 1 1 0 1 0 0 0 0 0 0 1 1 1 1 0 0 0 0 0 1 0 0 0 0 1 1 0 1 0 0 1 0 0]",12,[14  5 14  5 12 12 13  5  4 12  9 14 12  9 12 10],[14  5 14  5 12 12  1  5  4 12 14 14 12  9 12 13],False,True,0.53125,0.6875,"[np.int64(3), np.int64(0), np.int64(13), np.int64(11), np.int64(7), np.int64(7), np.int64(2), np.int64(7), np.int64(0), np.int64(2), np.int64(6), np.int64(10), np.int64(0), np.int64(5), np.int64(4), np.int64(15)]","[np.int64(13), np.int64(4), np.int64(8), np.int64(8), np.int64(5), np.int64(10), np.int64(13), np.int64(6), np.int64(3), np.int64(10), np.int64(12), np.int64(1), np.int64(5), np.int64(15), np.int64(11), np.int64(7)]",False,False,0.0,0.0,[14  5 14  5 12 12 13  5  4 12 14 14 12  4 12  7],[14  5 14  5 12 12  8  5  4 12 14 14 12  9 12  8],True,True,0.390625,0.625,[14  5 14  5 12 12 13  5  4 12 14 14 12  4 12 13],[14  5 14  5 12 12 13  5  4 12 14 14 12  9 12 13],True,True,0.640625,0.71875,0.96,0.4583333333333333,0.44,24,11,11,0.92,0.34782608695652173,0.36,23,8,9,1.0,0.0,0.0,25,0,0,1.0,0.0,0.0,25,0,0,0.96,0.4583333333333333,0.48,24,11,12,1.0,0.48,0.48,25,12,12,0.04,1.0,1.0,1,1,25,0.04,1.0,1.0,1,1,25
"[0 0 0 0 0 0 0 0 0 0 0 0 1 0 0 1 0 0 0 0 1 0 1 0 0 0 0 0 0 0 0 1 0 0 1 0 0
 0 1 0 0 1 0 1 0 1 0 0 0 0 0 1 0 0 0 0 0 0 0 1 0 0 0 0 0 1 0 0 0 1 0 0 1 0
 0 0 0 0 1 0 0 0 0 0 1 1 0 0 0 0 0 1 0 0 0 0 0 1 1 0 0 0 1 0 0 0 1 0 0 0 0
 0 0 0 0 0 0 0 0 1 1 1 0 0 0 1 0 0 0 0 0 0 1 0 0 1 1 1 0 0 0 0 1 1 0 0 1 0
 0 0 0 1 1 0 0 0 0 1 0 1 0 0 0 0 0 0 1 0 0 0 0 0 0 0 0 0 0 0 1 1 0 1 0 0 0
 0 0 0 0 0 0 0 1 0 0 0 0 0 0 0 0 0 0 0 0 0 0 0 0 0 1 0 0 0 0 1 0 1 0 0 0 0
 0 0 0 0 0 0 1 0 0 0 1 0 0 0 0 0 0 0 1 1 0 0 0 0 0 0 1 1 0 0 0 0 0 1]",11,[15  6 11 11  5 11  2 13  9  2  6 11  0  2  4  9],[15  4 11 11  5 11  2 13  9  2  6 11  0  2  4  9],True,True,0.53125,0.6875,"[np.int64(14), np.int64(13), np.int64(13), np.int64(14), np.int64(5), np.int64(5), np.int64(10), np.int64(12), np.int64(14), np.int64(8), np.int64(3), np.int64(7), np.int64(11), np.int64(2), np.int64(1), np.int64(6)]","[np.int64(15), np.int64(4), np.int64(1), np.int64(7), np.int64(9), np.int64(4), np.int64(5), np.int64(2), np.int64(14), np.int64(3), np.int64(0), np.int64(11), np.int64(14), np.int64(8), np.int64(10), np.int64(4)]",False,False,0.0,0.0,[15  6 11 11  5 11  2 13  4  2  6 11  0  2  4  9],[15  4 11 11  5 11  2 13  4  2  6 11  0  2  4  9],True,True,0.390625,0.625,[15  6 11 11  5 11  2 13  9  2  6 11  0  2  4  9],[15  4 11 11  5 11  2 13  9  2  6 11  0  2  4  9],True,True,0.640625,0.71875,0.32,0.875,0.96,8,7,24,0.32,1.0,1.0,8,8,25,1.0,0.0,0.0,25,0,0,1.0,0.0,0.0,25,0,0,0.32,1.0,1.0,8,8,25,0.32,1.0,1.0,8,8,25,0.04,1.0,1.0,1,1,25,0.04,1.0,1.0,1,1,25
"[0 1 0 0 1 0 0 0 0 0 0 0 1 0 0 1 1 0 0 0 1 0 1 0 1 0 0 0 0 0 0 0 0 0 0 1 0
 0 1 0 0 1 0 0 1 0 0 0 0 0 1 0 0 1 1 0 0 0 0 0 0 0 1 0 1 1 0 0 1 0 0 0 0 0
 1 0 0 0 1 0 0 0 0 1 0 1 1 0 1 1 0 0 0 0 1 0 0 1 1 1 0 1 1 0 1 1 1 0 1 0 0
 0 0 0 0 0 0 0 0 1 0 0 0 0 0 0 0 0 0 1 0 0 0 1 1 0 1 0 1 0 0 1 0 0 0 0 1 0
 0 1 1 0 0 1 0 0 0 0 0 1 0 0 0 0 1 0 1 0 1 0 0 0 1 1 0 0 0 0 0 0 0 0 0 0 0
 0 0 1 0 0 0 1 1 0 1 0 0 0 1 0 0 0 1 0 1 0 0 0 0 0 0 0 0 0 0 0 1 0 1 0 0 0
 0 0 0 0 0 1 1 1 0 0 0 0 0 0 0 0 0 0 1 0 0 0 0 0 0 0 0 1 0 1 0 0 0 1]",10,[ 4  4 12  6 10  6 10  7 10  6 10 15 10 10  4  9],[ 4  6  6  6 10  6 10  7 10  6 10 15 10 10  4  9],True,True,0.53125,0.6875,"[np.int64(1), np.int64(10), np.int64(8), np.int64(13), np.int64(15), np.int64(7), np.int64(0), np.int64(3), np.int64(1), np.int64(13), np.int64(1), np.int64(3), np.int64(0), np.int64(15), np.int64(14), np.int64(5)]","[np.int64(1), np.int64(4), np.int64(4), np.int64(0), np.int64(0), np.int64(6), np.int64(13), np.int64(9), np.int64(8), np.int64(5), np.int64(3), np.int64(8), np.int64(4), np.int64(8), np.int64(0), np.int64(11)]",False,False,0.0,0.0,[12  4  6  6 10  8 10  2 10  6 10 15 10 10  4  0],[ 4  6  6  6 10  6 10  7 10  6 10 15 10 10  4  9],False,True,0.390625,0.625,[12  8 12  6 10  8 10  0 10  6 10 15 10 10  4  0],[ 4  4  6  6 10  6 10  0 10  6 10 15 10 10  4  9],False,False,0.640625,0.71875,0.8,0.6,0.52,20,12,13,0.68,0.7058823529411765,0.68,17,12,17,1.0,0.0,0.0,25,0,0,1.0,0.0,0.0,25,0,0,0.84,0.0,0.0,21,0,0,0.44,0.7272727272727273,0.68,11,8,17,0.04,0.0,0.0,1,0,0,0.04,0.0,0.0,1,0,0
"[0 0 0 0 0 0 0 0 0 1 0 0 0 0 0 1 0 1 1 1 0 1 0 0 1 1 0 0 1 0 1 1 0 1 0 0 0
 1 0 1 0 1 0 1 1 0 0 1 0 1 0 0 0 0 0 0 0 1 0 0 0 0 0 0 0 0 0 0 0 0 0 1 0 0
 0 0 0 1 0 0 0 1 1 0 0 0 0 0 0 0 0 1 1 0 0 0 0 0 0 0 0 0 0 1 0 0 1 0 0 0 1
 0 0 0 1 0 1 0 1 0 1 0 0 0 1 0 0 0 0 1 0 0 0 0 0 1 0 0 1 1 1 0 1 1 1 1 1 1
 0 0 0 0 0 1 0 0 0 0 0 0 0 0 0 0 0 0 1 0 1 0 0 1 0 0 0 1 0 0 1 0 0 1 0 0 1
 0 1 1 1 0 0 0 0 1 1 0 0 1 0 1 1 0 0 1 0 0 0 0 0 0 0 0 1 0 0 0 0 0 0 0 0 1
 0 0 0 1 0 0 0 0 1 0 1 0 0 0 0 0 1 0 1 1 1 0 0 0 0 0 1 0 1 0 0 0 0 0]",2,[15  2  2  9  7  2  7  2  1  2 11  2  2  4  1  2],[ 9  2  2  9  7  2  7  2  7  2 11  2  2  4  1  2],False,True,0.53125,0.6875,"[np.int64(4), np.int64(2), np.int64(2), np.int64(1), np.int64(5), np.int64(2), np.int64(12), np.int64(3), np.int64(13), np.int64(2), np.int64(15), np.int64(1), np.int64(7), np.int64(0), np.int64(9), np.int64(10)]","[np.int64(9), np.int64(7), np.int64(5), np.int64(6), np.int64(6), np.int64(12), np.int64(13), np.int64(15), np.int64(11), np.int64(10), np.int64(9), np.int64(5), np.int64(9), np.int64(9), np.int64(15), np.int64(4)]",False,False,0.0,0.0,[ 9  2  2  9  7  2  7  2  1  2 11  2  2  4  1  2],[15  2  2  9  7  2  7  2 15  2 11  2  2  4  1  2],True,False,0.390625,0.625,[15  2  2  9  7  2  7  2 15  2 15  2  2  4  1  2],[ 9  2  2  9  7  2  7  2  7  2 11  2  2  4  1  2],True,True,0.640625,0.71875,0.72,0.7777777777777778,0.76,18,14,19,0.64,0.75,0.8,16,12,20,1.0,0.0,0.0,25,0,0,1.0,0.0,0.0,25,0,0,0.64,0.875,0.92,16,14,23,0.6,0.6666666666666666,0.72,15,10,18,0.04,1.0,1.0,1,1,25,0.04,1.0,1.0,1,1,25
"[0 0 1 0 0 0 0 0 0 1 0 0 0 0 1 0 0 1 0 0 1 0 1 0 0 0 1 0 0 0 0 1 1 0 1 1 1
 0 0 1 1 0 1 0 0 0 1 0 0 0 1 0 0 0 1 0 1 1 1 0 0 0 0 1 0 1 1 0 1 0 0 0 0 0
 0 0 0 0 1 0 0 0 0 0 0 0 0 0 0 0 0 0 0 0 1 1 0 1 0 1 0 0 1 0 0 0 0 1 1 0 0
 0 0 0 1 0 0 0 0 1 1 0 1 0 0 0 0 1 0 0 1 1 0 0 0 1 0 0 0 0 0 0 0 0 1 0 0 1
 0 0 0 0 0 1 0 0 0 0 0 0 0 1 1 1 0 0 0 1 0 0 0 0 0 0 1 1 0 0 0 0 0 0 1 0 0
 0 0 1 1 0 0 1 0 0 0 0 0 0 1 0 0 0 0 1 1 0 1 0 0 0 0 0 0 0 0 0 0 0 0 0 0 1
 0 0 1 0 1 0 1 1 0 0 0 0 1 0 1 0 1 0 0 1 0 1 0 1 0 1 0 0 1 1 0 0 0 1]",11,[14 15  7  6 14 15 11 15  7  3 15 11 11 13 12 11],[14 15 10 15 14 15 11 15  7  3 15 11 11 13 12 11],False,True,0.53125,0.6875,"[np.int64(12), np.int64(12), np.int64(3), np.int64(10), np.int64(10), np.int64(14), np.int64(1), np.int64(12), np.int64(14), np.int64(0), np.int64(1), np.int64(8), np.int64(14), np.int64(3), np.int64(14), np.int64(1)]","[np.int64(15), np.int64(9), np.int64(3), np.int64(1), np.int64(8), np.int64(10), np.int64(3), np.int64(3), np.int64(10), np.int64(12), np.int64(2), np.int64(0), np.int64(11), np.int64(2), np.int64(13), np.int64(3)]",False,False,0.0,0.0,[14  6 10 15 14 15 11 15  7  3 15 11 11  1 12 11],[14 15  7  6  1 15 11 15  7  3 15 11 11 13 12 11],False,False,0.390625,0.625,[14 15 14 15 14 15 11 15  3  3 15 11 11  3 12 11],[14  6  7  6 14 15 11 15  7  3 15 11 11  0 12 11],False,False,0.640625,0.71875,0.76,0.631578947368421,0.56,19,12,14,0.88,0.4090909090909091,0.4,22,9,10,1.0,0.0,0.0,25,0,0,1.0,0.0,0.0,25,0,0,0.96,0.0,0.0,24,0,0,0.92,0.391304347826087,0.4,23,9,10,0.04,0.0,0.0,1,0,0,0.04,0.0,0.0,1,0,0
"[1 0 0 0 0 0 1 0 0 0 1 0 0 0 1 0 0 0 0 0 0 1 0 0 1 0 1 0 0 0 1 0 0 0 1 0 0
 0 0 1 0 1 0 0 0 0 1 1 0 0 0 0 0 0 0 0 0 1 0 1 0 0 0 0 0 0 0 0 0 0 0 0 0 1
 0 0 0 0 0 0 0 1 0 0 0 0 0 0 0 1 0 0 0 1 1 0 1 0 0 0 0 0 0 0 1 0 0 0 1 1 0
 1 0 0 1 0 0 0 0 0 0 1 0 1 0 0 1 0 0 1 0 0 0 0 1 0 1 1 0 0 1 0 0 1 0 0 1 1
 1 1 0 1 1 1 1 0 0 0 0 0 1 1 0 0 0 0 0 0 0 1 1 1 0 0 0 1 0 0 0 1 0 0 0 1 0
 0 1 1 0 0 0 0 0 0 0 0 0 0 1 0 1 0 0 0 1 1 0 1 0 0 0 0 0 1 1 0 0 0 0 0 1 0
 0 1 1 1 1 0 0 1 0 1 0 0 0 0 0 0 1 1 0 0 1 0 0 0 1 0 1 0 1 0 1 1 1 1]",15,[14 14 15 11  9 13 15 14 15  8 15 10 15 15 15 15],[ 6  8 15 11  9 14 15  2 15 10 15 10 15 15 15 15],True,False,0.53125,0.6875,"[np.int64(3), np.int64(11), np.int64(5), np.int64(13), np.int64(14), np.int64(2), np.int64(6), np.int64(6), np.int64(9), np.int64(2), np.int64(7), np.int64(0), np.int64(14), np.int64(14), np.int64(1), np.int64(1)]","[np.int64(11), np.int64(11), np.int64(8), np.int64(6), np.int64(14), np.int64(14), np.int64(12), np.int64(4), np.int64(9), np.int64(9), np.int64(6), np.int64(6), np.int64(0), np.int64(6), np.int64(4), np.int64(5)]",False,False,0.0,0.0,[10 14 15  9  9 14 15 14 15  2 15 10 15 15 15 15],[ 6 14 15 11  9 14 15  2 15  8 15 10 15 15 15 15],False,False,0.390625,0.625,[14 14 15  9  9 14 15 14 15  2 15 10 15 15 15 15],[ 6  8 15  9  9 14 15 14 15  8 15 10 15 15 15 15],True,True,0.640625,0.71875,0.92,0.43478260869565216,0.44,23,10,11,0.8,0.45,0.48,20,9,12,1.0,0.0,0.0,25,0,0,1.0,0.0,0.0,25,0,0,0.96,0.25,0.28,24,6,7,0.92,0.5217391304347826,0.48,23,12,12,0.04,1.0,1.0,1,1,25,0.04,1.0,1.0,1,1,25
"[0 0 0 0 0 0 0 0 1 0 0 0 0 0 0 1 0 0 0 0 0 0 1 0 0 0 1 1 0 0 0 0 0 0 1 0 1
 0 0 0 0 1 1 0 1 1 0 0 0 0 0 1 0 1 0 0 1 0 1 1 1 1 0 0 0 0 1 0 0 0 0 0 1 1
 0 0 0 1 1 0 0 0 0 1 0 1 1 0 0 0 0 1 1 0 0 0 0 1 0 0 0 1 0 0 1 0 0 0 0 0 0
 0 0 0 0 0 0 0 0 0 0 1 0 1 0 0 0 0 1 0 0 1 1 0 1 0 1 0 0 0 0 1 0 0 0 0 1 0
 1 0 0 1 0 1 0 1 0 0 0 0 0 1 1 1 0 0 0 0 0 0 1 1 0 1 0 0 0 1 0 1 0 1 0 1 0
 1 1 0 0 0 0 1 0 0 1 1 0 1 0 0 0 0 0 0 0 1 0 0 0 0 1 1 1 0 0 0 1 0 1 0 1 1
 1 0 0 0 0 0 1 0 0 0 0 0 0 0 0 1 1 0 1 0 0 0 0 0 0 0 0 0 0 1 0 0 0 0]",3,[ 8 11 10  3  8  3  8 11  3 11  3  3  3  3 13 11],[ 8 11 13  3  8  3  8 11  3 11  3  3  3  3 13 11],True,True,0.53125,0.6875,"[np.int64(15), np.int64(6), np.int64(10), np.int64(4), np.int64(0), np.int64(13), np.int64(12), np.int64(12), np.int64(15), np.int64(0), np.int64(8), np.int64(2), np.int64(9), np.int64(1), np.int64(2), np.int64(11)]","[np.int64(7), np.int64(12), np.int64(3), np.int64(5), np.int64(15), np.int64(11), np.int64(14), np.int64(4), np.int64(15), np.int64(8), np.int64(5), np.int64(11), np.int64(14), np.int64(7), np.int64(2), np.int64(13)]",False,False,0.0,0.0,[ 8 11 13  3 13  3  5 11  3 11  3  3  3  3 13 11],[ 8 10 10  3  8  3  5 11  3 11  3  3  3  3 13 11],True,True,0.390625,0.625,[ 8 10 13  3 13  3  8 11  3 11  3  3  3  3 13 11],[ 8 10 10  3  8  3  8 11  3 11  3  3  3  3 13 11],True,True,0.640625,0.71875,0.64,1.0,1.0,16,16,25,0.48,1.0,1.0,12,12,25,1.0,0.0,0.0,25,0,0,1.0,0.0,0.0,25,0,0,0.56,1.0,1.0,14,14,25,0.52,1.0,1.0,13,13,25,0.04,1.0,1.0,1,1,25,0.04,1.0,1.0,1,1,25
"[0 0 0 0 0 0 1 1 0 1 1 0 0 1 0 0 0 1 0 1 0 0 1 0 0 0 0 1 0 0 0 0 0 0 0 0 1
 0 0 0 0 0 0 1 0 0 0 0 0 1 0 1 0 0 0 0 0 1 1 0 1 0 0 1 0 0 1 0 0 0 0 0 0 0
 0 0 0 0 0 0 0 0 0 0 0 1 0 1 1 0 1 0 0 1 0 0 1 1 0 0 0 0 0 1 0 1 0 0 0 0 0
 0 1 0 0 0 0 1 1 1 0 1 1 0 1 0 0 0 0 0 0 0 0 1 0 0 1 0 0 0 1 0 1 0 1 0 0 1
 0 0 1 1 0 0 1 1 0 1 0 1 1 0 0 1 0 1 0 1 0 1 1 1 1 0 1 1 0 1 1 0 0 0 0 0 0
 1 1 1 0 0 0 0 0 0 0 1 0 0 0 1 1 0 1 0 1 0 1 0 1 0 0 0 0 1 0 0 0 1 0 0 0 1
 1 0 0 0 0 0 0 0 0 0 1 0 1 0 1 1 1 0 0 0 0 1 0 0 0 0 0 1 1 0 0 0 0 1]",4,[10 11  4  1  4 10  9  9 14 11 11  2 10  9 10 10],[10 11  4  1  4 10  1 10  5 11 11  2 10  9 10 10],False,True,0.53125,0.6875,"[np.int64(13), np.int64(11), np.int64(6), np.int64(14), np.int64(14), np.int64(14), np.int64(13), np.int64(6), np.int64(14), np.int64(13), np.int64(6), np.int64(1), np.int64(14), np.int64(3), np.int64(3), np.int64(10)]","[np.int64(1), np.int64(1), np.int64(0), np.int64(15), np.int64(11), np.int64(0), np.int64(9), np.int64(1), np.int64(3), np.int64(11), np.int64(6), np.int64(11), np.int64(2), np.int64(1), np.int64(15), np.int64(14)]",False,False,0.0,0.0,[ 9 11  4  9  4 10  9 10 14 11 11  2 10  9 10  9],[ 9 11  4  9  4 10  9  9 14 11 11  2 10  9 10  9],False,True,0.390625,0.625,[10 11  4 10  4 10  9 10 14 11 11  2 10  9 10 10],[10 11  4 10  4 10  1 10 14 11 11  2 10  9 10 10],True,True,0.640625,0.71875,0.88,0.18181818181818182,0.28,22,4,7,0.96,0.16666666666666666,0.16,24,4,4,1.0,0.0,0.0,25,0,0,1.0,0.0,0.0,25,0,0,0.96,0.08333333333333333,0.12,24,2,3,0.92,0.17391304347826086,0.16,23,4,4,0.04,1.0,1.0,1,1,25,0.04,1.0,1.0,1,1,25
"[1 0 0 1 0 1 1 0 0 0 0 1 0 1 0 1 0 1 1 1 1 1 0 0 0 0 1 1 0 0 0 0 0 1 0 1 0
 1 0 0 0 1 0 0 0 0 1 1 1 1 1 0 0 1 1 0 0 0 1 1 0 1 0 0 0 1 0 0 0 0 0 1 0 0
 0 1 0 1 1 1 1 1 1 1 0 0 0 0 0 0 0 0 1 0 0 1 1 0 0 1 0 0 0 0 0 0 1 0 0 0 1
 1 0 0 0 0 1 0 0 0 0 0 0 0 0 1 0 1 0 0 0 0 0 0 0 0 1 0 1 0 0 1 1 1 0 0 1 0
 0 0 0 0 0 0 0 0 0 1 0 1 0 1 0 1 0 0 1 0 1 0 0 0 1 0 0 1 1 1 0 1 1 0 0 0 0
 0 0 1 0 0 0 0 0 0 0 0 0 1 0 0 0 0 1 0 1 0 0 0 1 0 0 1 1 0 0 1 1 1 0 0 0 1
 1 0 0 0 1 0 1 0 1 0 1 0 0 0 0 1 1 1 1 0 1 0 1 1 1 1 1 1 1 0 0 0 1 0]",8,[13 10 14 13 15 15 15 13  8 13  8  3 10  8  8  8],[13 10 14 13 13 15 15 13  8 15  8  4 10  8  8  8],False,False,0.53125,0.6875,"[np.int64(9), np.int64(6), np.int64(0), np.int64(1), np.int64(0), np.int64(15), np.int64(13), np.int64(13), np.int64(13), np.int64(5), np.int64(8), np.int64(14), np.int64(2), np.int64(3), np.int64(14), np.int64(2)]","[np.int64(13), np.int64(10), np.int64(12), np.int64(13), np.int64(8), np.int64(1), np.int64(0), np.int64(4), np.int64(3), np.int64(8), np.int64(13), np.int64(5), np.int64(8), np.int64(8), np.int64(10), np.int64(5)]",False,False,0.0,0.0,[13 10 15 13 13 15 14 15  8 13  8  0 10  8  8  8],[15 10 15 10 13 15 14 15  8 13  8  0 10  8  8  8],False,False,0.390625,0.625,[15 10 15 13 15 15 15 15  8 15  8  3 10  8  8  8],[13 10 14 10 13 15 14 13  8 13  8  0 10  8  8  8],True,False,0.640625,0.71875,1.0,0.0,0.0,25,0,0,1.0,0.16,0.16,25,4,4,1.0,0.0,0.0,25,0,0,1.0,0.0,0.0,25,0,0,1.0,0.12,0.12,25,3,3,0.96,0.041666666666666664,0.04,24,1,1,0.04,1.0,1.0,1,1,25,0.04,0.0,0.0,1,0,0
"[0 1 0 0 1 1 0 0 0 0 1 0 1 1 1 0 1 0 0 0 0 0 0 0 1 0 0 0 1 1 0 0 0 0 0 1 0
 0 0 0 0 0 0 0 1 0 1 1 0 0 1 1 0 1 1 0 0 0 0 0 0 0 0 0 1 0 0 0 1 0 1 1 0 1
 1 0 0 0 0 0 1 0 0 1 0 0 1 0 0 0 1 0 0 0 0 0 0 0 0 1 1 1 1 0 0 1 0 1 0 1 0
 0 0 0 0 0 1 0 0 0 1 0 0 0 0 0 0 0 0 1 0 0 0 0 0 1 1 0 0 0 0 1 1 0 0 0 0 0
 1 0 1 0 0 1 0 0 1 1 0 0 1 0 0 0 1 1 0 0 0 0 0 0 0 0 0 0 0 0 0 0 0 0 1 0 0
 0 0 1 0 0 1 1 1 1 1 0 0 0 0 0 0 1 0 0 0 1 0 0 1 1 0 0 0 0 1 0 1 1 0 0 1 0
 1 0 1 0 1 0 0 0 0 0 1 0 0 1 0 1 0 0 0 0 1 0 0 0 0 0 0 0 0 1 0 0 0 1]",0,[ 0  0 12  5  0  0 13  4  1 12  0 14  0  0  0 11],[ 0  0 14  5  0  0  5  4 13  4  0 14  0  0  0 11],True,True,0.53125,0.6875,"[np.int64(8), np.int64(6), np.int64(10), np.int64(10), np.int64(10), np.int64(1), np.int64(4), np.int64(5), np.int64(10), np.int64(2), np.int64(6), np.int64(2), np.int64(5), np.int64(14), np.int64(7), np.int64(10)]","[np.int64(11), np.int64(3), np.int64(6), np.int64(2), np.int64(4), np.int64(11), np.int64(1), np.int64(15), np.int64(15), np.int64(1), np.int64(2), np.int64(4), np.int64(5), np.int64(6), np.int64(10), np.int64(4)]",False,False,0.0,0.0,[ 0  0 12  5  0  0 13  4 13  4  0 14  0  0  0 11],[ 0  0 14  5  0  0  5  4 14 13  0 14  0  0  0  2],False,True,0.390625,0.625,[ 0  0 14  5  0  0 13  4 14 13  0 14  0  0  0  2],[ 0  0 14  5  0  0  5  4 14 13  0 14  0  0  0  2],True,True,0.640625,0.71875,0.92,0.6956521739130435,0.68,23,16,17,0.84,0.6666666666666666,0.68,21,14,17,1.0,0.0,0.0,25,0,0,1.0,0.0,0.0,25,0,0,0.88,0.6818181818181818,0.72,22,15,18,0.92,0.6521739130434783,0.64,23,15,16,0.04,1.0,1.0,1,1,25,0.04,1.0,1.0,1,1,25
"[0 1 0 0 0 1 0 0 0 0 0 1 0 0 1 0 1 0 1 0 1 0 0 1 0 1 0 0 0 1 1 0 0 1 0 0 0
 0 1 0 1 0 0 1 0 1 0 1 0 0 0 1 0 0 0 0 0 0 1 0 1 1 0 0 0 1 0 0 0 0 0 0 0 0
 0 0 0 0 0 0 1 0 0 0 0 0 0 0 0 1 0 0 0 0 0 1 0 0 1 0 0 0 0 0 0 0 0 0 1 0 0
 1 0 1 0 0 0 0 0 1 0 0 0 0 0 0 0 1 0 0 1 0 0 0 0 0 1 1 0 1 0 0 0 0 0 1 0 0
 0 1 0 0 1 0 0 1 1 0 0 0 0 0 0 1 0 0 0 0 0 0 1 0 0 1 0 1 1 0 1 0 0 0 0 0 1
 1 0 0 1 0 0 0 0 0 0 1 0 0 1 0 0 1 0 1 0 0 1 0 0 1 1 1 0 0 0 0 0 0 1 0 0 1
 0 0 1 1 0 0 0 0 0 0 0 0 0 0 1 0 1 1 0 0 1 0 0 1 1 1 0 0 1 0 0 0 1 0]",8,[11  9  8 12  1  9  2 15  8  8 13  8 11  2 12  2],[11  9  8 13  1  9  2  1  8  8 15  8  9  2  1  2],True,True,0.53125,0.6875,"[np.int64(5), np.int64(9), np.int64(11), np.int64(13), np.int64(4), np.int64(6), np.int64(7), np.int64(4), np.int64(2), np.int64(6), np.int64(8), np.int64(5), np.int64(15), np.int64(13), np.int64(7), np.int64(15)]","[np.int64(1), np.int64(5), np.int64(1), np.int64(13), np.int64(0), np.int64(8), np.int64(7), np.int64(14), np.int64(8), np.int64(5), np.int64(8), np.int64(12), np.int64(9), np.int64(1), np.int64(5), np.int64(2)]",False,False,0.0,0.0,[11  2  8 13  1  9  2  1  8  8 15  8  9  2 15  2],[11  2  8 13  1  9  2 15  8  8 13  8  9  2 12  2],False,True,0.390625,0.625,[11  9  8 13  1  9  2 15  8  8 15  8  9  2  1  2],[11  2  8 12  1  9  2 15  8  8 15  8  9  2 12  2],False,True,0.640625,0.71875,0.92,0.6956521739130435,0.68,23,16,17,0.84,0.47619047619047616,0.4,21,10,10,1.0,0.0,0.0,25,0,0,1.0,0.0,0.0,25,0,0,0.92,0.782608695652174,0.76,23,18,19,0.88,0.45454545454545453,0.52,22,10,13,0.04,0.0,0.0,1,0,0,0.04,1.0,1.0,1,1,25
"[0 1 0 0 0 1 0 0 0 0 0 1 0 0 1 0 1 0 1 0 1 0 0 1 0 1 0 0 0 1 1 0 0 1 0 0 0
 0 1 0 1 0 0 1 0 1 0 1 0 0 0 1 0 0 0 0 0 0 1 0 1 1 0 0 0 1 0 0 0 0 0 0 0 0
 0 0 0 0 0 0 1 0 0 0 0 0 0 0 0 1 0 0 0 0 0 1 0 0 1 0 0 0 0 0 0 0 0 0 1 0 0
 1 0 1 0 0 0 0 0 1 0 0 0 0 0 0 0 1 0 0 1 0 0 0 0 0 1 1 0 1 0 0 0 0 0 1 0 0
 0 1 0 0 1 0 0 1 1 0 0 0 0 0 0 1 0 0 0 0 0 0 1 0 0 1 0 1 1 0 1 0 0 0 0 0 1
 1 0 0 1 0 0 0 0 0 0 1 0 0 1 0 0 1 0 1 0 0 1 0 0 1 1 1 0 0 0 0 0 0 1 0 0 1
 0 0 1 1 0 0 0 0 0 0 0 0 0 0 1 0 1 1 0 0 1 0 0 1 1 1 0 0 1 0 0 0 1 0]",8,[11  2  8 12  1  9  2 15  8  8 15  8  9  2  0  2],[11  9  8 12  1  9  2 15  8  8 13  8  9  2 12  2],True,True,0.53125,0.6875,"[np.int64(3), np.int64(0), np.int64(9), np.int64(10), np.int64(4), np.int64(10), np.int64(0), np.int64(14), np.int64(5), np.int64(7), np.int64(5), np.int64(0), np.int64(13), np.int64(11), np.int64(9), np.int64(8)]","[np.int64(12), np.int64(0), np.int64(2), np.int64(10), np.int64(6), np.int64(5), np.int64(8), np.int64(8), np.int64(1), np.int64(12), np.int64(11), np.int64(15), np.int64(14), np.int64(14), np.int64(5), np.int64(8)]",False,False,0.0,0.0,[11  2  8 13  1  9  2 15  8  8 13  8 11  2  0  2],[11  9  8 12  1  9  2 15  8  8 15  8  9  2  0  2],True,True,0.390625,0.625,[11  9  8 13  1  9  2 15  8  8 15  8  9  2  1  2],[11  2  8 12  1  9  2 15  8  8 15  8  9  2 12  2],False,True,0.640625,0.71875,0.96,0.6666666666666666,0.64,24,16,16,0.84,0.5238095238095238,0.56,21,11,14,1.0,0.0,0.0,25,0,0,1.0,0.0,0.0,25,0,0,0.8,0.6,0.6,20,12,15,0.72,0.5,0.48,18,9,12,0.04,0.0,0.0,1,0,0,0.04,1.0,1.0,1,1,25
"[1 0 0 0 0 0 0 1 1 0 0 1 1 0 0 1 0 1 0 0 0 0 0 0 0 0 0 0 1 0 1 0 0 0 0 0 0
 0 0 0 0 0 0 0 1 0 1 0 0 0 0 1 0 1 0 1 0 1 0 0 0 0 0 1 0 0 0 0 1 0 0 0 1 0
 0 0 0 0 0 0 0 0 0 1 0 0 1 1 1 0 0 0 0 0 0 1 0 0 0 0 0 1 0 1 1 0 0 1 0 1 1
 0 1 0 0 1 0 1 1 1 0 0 1 0 1 1 1 0 1 0 0 0 1 1 1 0 0 0 1 1 0 0 0 0 0 0 0 1
 0 0 0 0 0 1 0 0 0 1 0 0 0 0 0 0 0 0 0 1 1 0 1 1 0 0 0 1 1 0 0 0 0 0 1 0 1
 0 1 1 1 1 0 0 1 1 1 0 0 0 0 1 0 0 0 1 1 0 1 0 0 0 0 0 0 0 1 1 0 1 0 1 0 1
 0 0 0 1 1 0 0 0 1 1 0 0 0 0 1 0 0 0 1 0 0 1 0 1 0 0 0 0 1 0 0 0 0 1]",4,[ 8 12 12  5  4  8  8  6  4 13  8  8 11  6  6 10],[ 8 14 12  5  4  8  8  0  4  3  8  8 11 11  6 10],True,False,0.53125,0.6875,"[np.int64(10), np.int64(0), np.int64(13), np.int64(10), np.int64(14), np.int64(1), np.int64(0), np.int64(4), np.int64(11), np.int64(8), np.int64(5), np.int64(8), np.int64(14), np.int64(3), np.int64(10), np.int64(7)]","[np.int64(4), np.int64(12), np.int64(9), np.int64(6), np.int64(9), np.int64(0), np.int64(4), np.int64(6), np.int64(5), np.int64(2), np.int64(3), np.int64(8), np.int64(14), np.int64(1), np.int64(1), np.int64(8)]",False,False,0.0,0.0,[ 8 12 12  5  4  8  8 10  4  3  8  8 11  6  6  0],[ 8 12 14  5  4  8  8  6  4  3  8  8 11 11  6 10],False,False,0.390625,0.625,[ 8 14 14  5  4  8  8  5  4 13  8  8  0  6  6  5],[ 8 14 14  5  4  8  8 10  4  3  8  8  0  6  6 10],True,True,0.640625,0.71875,0.96,0.20833333333333334,0.2,24,5,5,1.0,0.24,0.24,25,6,6,1.0,0.0,0.0,25,0,0,1.0,0.0,0.0,25,0,0,0.96,0.375,0.36,24,9,9,0.92,0.2608695652173913,0.24,23,6,6,0.04,1.0,1.0,1,1,25,0.04,1.0,1.0,1,1,25
"[0 0 0 0 1 0 1 0 0 0 0 0 0 0 0 0 0 0 0 0 0 0 0 1 0 1 0 1 1 0 0 0 0 0 1 0 1
 0 0 0 0 0 0 0 1 0 0 0 0 0 0 1 0 0 1 0 1 0 0 0 0 0 0 0 1 0 1 0 0 0 0 1 1 0
 1 0 0 0 0 0 0 0 0 0 0 1 0 0 0 1 0 1 0 0 0 0 1 0 0 1 0 0 1 0 0 0 1 0 0 0 0
 1 0 1 0 0 1 0 0 0 0 0 0 0 0 0 0 1 0 0 0 1 1 0 0 0 0 0 0 0 0 0 0 0 0 1 0 0
 0 1 0 0 0 0 0 0 1 0 1 0 0 0 0 0 1 0 1 0 0 0 1 1 0 0 0 0 0 1 0 0 0 1 0 0 0
 0 1 0 0 1 0 0 0 1 1 0 0 0 0 0 0 1 0 0 0 0 0 0 0 0 0 0 0 0 0 0 0 0 0 1 0 1
 0 0 0 0 0 0 0 0 0 0 0 1 0 0 0 0 0 0 0 0 0 0 0 0 1 1 0 0 0 0 0 0 0 1]",4,[ 4  7  4  8  4 11  0  4  4  1  4 10  2 11  9  7],[ 4  7  4  8  4 11  0  4  4 12  4 10  2 11  9  7],True,True,0.53125,0.6875,"[np.int64(0), np.int64(0), np.int64(4), np.int64(12), np.int64(12), np.int64(0), np.int64(1), np.int64(13), np.int64(2), np.int64(1), np.int64(15), np.int64(12), np.int64(2), np.int64(8), np.int64(4), np.int64(2)]","[np.int64(3), np.int64(12), np.int64(11), np.int64(4), np.int64(6), np.int64(12), np.int64(5), np.int64(13), np.int64(0), np.int64(2), np.int64(6), np.int64(7), np.int64(14), np.int64(10), np.int64(15), np.int64(12)]",False,False,0.0,0.0,[ 4  7  4  8  4 11  0  4  4  1  4 10  2 11  9  7],[ 4  7  4  8  4 11 10  4  4  1  4 10  2 11  9  7],True,True,0.390625,0.625,[ 4  7  4  8  4 11 10  4  4 12  4 10  2 11  9  7],[ 4  7  4  8  4 11  0  4  4 12  4 10  2 11  9  7],True,True,0.640625,0.71875,0.16,1.0,1.0,4,4,25,0.16,1.0,1.0,4,4,25,1.0,0.0,0.0,25,0,0,1.0,0.0,0.0,25,0,0,0.16,1.0,1.0,4,4,25,0.16,1.0,1.0,4,4,25,0.04,1.0,1.0,1,1,25,0.04,1.0,1.0,1,1,25
"[0 0 0 1 0 0 0 1 0 0 0 0 0 1 0 0 0 0 0 1 0 0 1 0 0 0 0 1 0 0 0 0 0 0 0 0 1
 0 0 0 0 0 1 1 0 1 1 0 1 1 0 0 0 0 1 0 0 1 0 0 0 0 0 0 0 0 1 0 1 0 0 1 0 0
 0 0 0 0 0 0 0 0 0 0 0 1 0 0 1 0 0 0 1 0 0 0 0 1 0 1 0 0 1 1 1 0 0 0 1 0 0
 0 1 0 0 0 1 0 1 1 1 0 0 0 0 0 0 0 0 0 0 0 0 1 1 1 0 0 1 0 1 0 1 0 0 0 0 1
 0 0 0 0 0 1 0 0 0 0 0 0 0 0 1 0 0 0 0 0 1 0 1 1 0 0 0 0 0 1 1 0 0 0 0 0 0
 0 1 1 0 0 1 0 0 0 0 0 0 1 1 0 1 0 0 0 1 0 0 0 1 0 1 0 0 0 0 0 0 0 0 0 0 0
 0 0 0 0 1 0 0 0 0 0 1 0 0 1 0 0 1 1 0 0 0 0 0 0 0 0 0 0 0 0 0 0 1 1]",11,[13 11 11  1  2  8  1  4 14  3 11 11  8  2 11 14],[ 3 11 11  1  2  8  1  8 10  3 11 11  8  2 11 14],True,True,0.53125,0.6875,"[np.int64(1), np.int64(15), np.int64(2), np.int64(15), np.int64(15), np.int64(15), np.int64(4), np.int64(11), np.int64(0), np.int64(6), np.int64(14), np.int64(8), np.int64(6), np.int64(4), np.int64(6), np.int64(6)]","[np.int64(0), np.int64(1), np.int64(3), np.int64(10), np.int64(2), np.int64(13), np.int64(7), np.int64(3), np.int64(11), np.int64(2), np.int64(12), np.int64(10), np.int64(13), np.int64(10), np.int64(13), np.int64(1)]",False,False,0.0,0.0,[13 11 11  1  2  8  1  8 14  3 11 11  6  2 11 14],[ 3 11 11  1  2  8  1  6 10  3 11 11  8  2 11 14],False,False,0.390625,0.625,[13 11 11  1  2  8  1  6 14  3 11 11  6  2 11 14],[ 3 11 11  1  2  8  1  8 10  3 11 11  8  2 11 14],True,True,0.640625,0.71875,0.6,0.6666666666666666,0.64,15,10,16,0.44,0.6363636363636364,0.6,11,7,15,1.0,0.0,0.0,25,0,0,1.0,0.0,0.0,25,0,0,0.64,0.625,0.64,16,10,16,0.64,0.625,0.52,16,10,13,0.04,1.0,1.0,1,1,25,0.04,1.0,1.0,1,1,25
"[0 0 0 0 0 0 0 0 1 0 1 0 0 0 0 0 0 1 0 0 0 1 0 0 0 1 0 0 0 0 0 1 0 0 1 0 0
 0 0 0 0 0 0 0 0 0 0 0 0 0 0 1 0 0 1 0 0 0 0 0 0 0 0 1 0 0 0 0 0 1 0 1 0 0
 0 0 0 0 0 0 0 1 0 0 1 0 1 0 0 0 1 0 0 0 0 1 0 0 0 1 0 1 1 0 0 0 0 1 1 0 1
 0 0 0 0 0 1 0 0 1 1 1 1 0 0 0 0 1 1 0 0 0 0 0 0 1 0 0 0 1 0 0 0 1 0 1 0 0
 0 0 0 1 0 1 1 1 1 1 0 1 1 0 0 0 0 1 0 1 0 1 0 0 0 0 0 0 0 0 0 0 0 0 1 0 1
 1 0 0 1 0 0 1 0 0 0 0 0 0 1 0 0 1 0 1 1 0 0 0 0 0 0 0 0 0 0 0 0 1 0 0 0 1
 1 1 0 0 0 0 0 0 1 0 0 0 0 0 0 1 0 0 0 1 0 1 0 1 0 1 1 1 0 1 0 1 0 0]",12,[ 8  9  2  6  7  6 12  9 11 12  9 12 12  9  6  9],[10  9  2  6  7  6 12  9 11 12  9 12 12  9  6 11],True,True,0.53125,0.6875,"[np.int64(11), np.int64(13), np.int64(8), np.int64(1), np.int64(0), np.int64(15), np.int64(11), np.int64(12), np.int64(1), np.int64(10), np.int64(1), np.int64(6), np.int64(15), np.int64(2), np.int64(9), np.int64(0)]","[np.int64(4), np.int64(7), np.int64(5), np.int64(12), np.int64(5), np.int64(8), np.int64(4), np.int64(9), np.int64(2), np.int64(7), np.int64(2), np.int64(1), np.int64(2), np.int64(3), np.int64(8), np.int64(2)]",False,False,0.0,0.0,[10  9  1  6  5  6 12  9 11 12  9 12 12  9  6  9],[10  9  2  6  7  6 12  9 11 12  9 12 12  9  6  9],False,True,0.390625,0.625,[10  9  0  6  5  6 12  9 11 12  9 12 12  9  6  9],[ 8  9  0  6  7  6 12  9 11 12  9 12 12  9  6  9],False,False,0.640625,0.71875,0.32,1.0,1.0,8,8,25,0.32,1.0,1.0,8,8,25,1.0,0.0,0.0,25,0,0,1.0,0.0,0.0,25,0,0,0.88,0.0,0.0,22,0,0,0.24,1.0,1.0,6,6,25,0.04,0.0,0.0,1,0,0,0.04,0.0,0.0,1,0,0
"[1 0 0 1 1 0 0 1 1 0 0 0 0 0 0 0 0 0 0 0 0 1 0 0 0 0 0 0 0 0 0 0 0 0 1 0 0
 0 0 0 0 1 0 0 0 1 0 1 1 0 0 0 0 0 1 0 0 1 0 1 0 0 1 0 1 0 0 0 0 0 0 0 0 0
 1 0 0 0 0 0 0 1 0 0 0 0 1 1 0 0 0 0 0 0 1 0 0 0 0 1 0 1 1 0 1 0 0 0 0 1 0
 0 1 0 0 0 0 1 0 1 0 0 0 0 1 0 0 1 1 0 0 0 0 0 1 0 1 0 0 1 0 0 1 0 0 0 1 1
 0 0 0 0 0 0 0 0 0 0 0 0 0 0 0 0 1 0 0 0 0 0 0 0 0 1 0 0 0 0 0 1 0 0 0 0 1
 0 0 1 0 0 0 0 0 0 0 0 0 0 0 1 0 0 0 0 1 0 1 0 0 0 1 0 0 0 1 0 0 0 1 0 0 0
 1 0 0 0 0 1 0 1 0 0 1 0 0 0 1 1 1 0 0 0 1 0 0 0 0 1 0 0 0 0 0 0 0 0]",3,[ 3  5  9  3  0  6  3  0  6  3  4  3 14 14  3  7],[ 3  5  9  3  0  6  3  0 14  3 13  3 14 14  3  7],False,False,0.53125,0.6875,"[np.int64(6), np.int64(3), np.int64(0), np.int64(5), np.int64(15), np.int64(7), np.int64(0), np.int64(14), np.int64(11), np.int64(1), np.int64(5), np.int64(3), np.int64(6), np.int64(0), np.int64(1), np.int64(2)]","[np.int64(0), np.int64(9), np.int64(6), np.int64(2), np.int64(0), np.int64(14), np.int64(13), np.int64(15), np.int64(12), np.int64(5), np.int64(3), np.int64(2), np.int64(13), np.int64(14), np.int64(14), np.int64(7)]",False,False,0.0,0.0,[ 3  5  9  3  0 14  3  0 11  3 13  3 14  6  3  7],[ 3  5  9  3  0  6  3  0 14  3  4  3 14 14  3  2],False,False,0.390625,0.625,[ 3  5  9  3  0 14  3  0 14  3  4  3 14  6  3  7],[ 3  5  9  3  0  6  3  0  0  3  4  3 14  6  3  2],False,True,0.640625,0.71875,0.92,0.43478260869565216,0.4,23,10,10,0.84,0.3333333333333333,0.32,21,7,8,1.0,0.0,0.0,25,0,0,1.0,0.0,0.0,25,0,0,0.96,0.2916666666666667,0.28,24,7,7,0.8,0.35,0.4,20,7,10,0.04,0.0,0.0,1,0,0,0.04,1.0,1.0,1,1,25
