As,Argmax_Model_Trees,Argmax_True_Trees,Argmax_Model_Mask,Argmax_True_Mask,Argmax_Model_Accuracy,Argmax_True_Accuracy,Random_Model_Trees,Random_True_Trees,Random_Model_Mask,Random_True_Mask,Random_Model_Accuracy,Random_True_Accuracy,Tree_Model_Trees,Tree_True_Trees,Tree_Model_Mask,Tree_True_Mask,Tree_Model_Accuracy,Tree_True_Accuracy,Greedy_Model_Trees,Greedy_True_Trees,Greedy_Model_Mask,Greedy_True_Mask,Greedy_Model_Accuracy,Greedy_True_Accuracy,Argmax_Model_Uniques,Argmax_Model_Valids_Uniques,Argmax_Model_Valids,Argmax_Model_Unique_Counts,Argmax_Model_Valid_Unique_Counts,Argmax_Model_Valid_Counts,Argmax_True_Uniques,Argmax_True_Valids_Uniques,Argmax_True_Valids,Argmax_True_Unique_Counts,Argmax_True_Valid_Unique_Counts,Argmax_True_Valid_Counts,Random_Model_Uniques,Random_Model_Valids_Uniques,Random_Model_Valids,Random_Model_Unique_Counts,Random_Model_Valid_Unique_Counts,Random_Model_Valid_Counts,Random_True_Uniques,Random_True_Valids_Uniques,Random_True_Valids,Random_True_Unique_Counts,Random_True_Valid_Unique_Counts,Random_True_Valid_Counts,Tree_Model_Uniques,Tree_Model_Valids_Uniques,Tree_Model_Valids,Tree_Model_Unique_Counts,Tree_Model_Valid_Unique_Counts,Tree_Model_Valid_Counts,Tree_True_Uniques,Tree_True_Valids_Uniques,Tree_True_Valids,Tree_True_Unique_Counts,Tree_True_Valid_Unique_Counts,Tree_True_Valid_Counts,Greedy_Model_Uniques,Greedy_Model_Valids_Uniques,Greedy_Model_Valids,Greedy_Model_Unique_Counts,Greedy_Model_Valid_Unique_Counts,Greedy_Model_Valid_Counts,Greedy_True_Uniques,Greedy_True_Valids_Uniques,Greedy_True_Valids,Greedy_True_Unique_Counts,Greedy_True_Valid_Unique_Counts,Greedy_True_Valid_Counts
[1.00049988 0.         0.         ... 0.         0.         1.00049988],"[29 62 32 21 36  5 33 51 54  5 51 51  1 52 30 47 45 49 46  5 59  5 43 34
  0 55 16 54 45 59 59 51  9 36 47 61 43 42 51 47 43  2 43 19 39 51 59 19
 32 19  5  5  9 21  9 30 21 31 29  5 42 30 21 20]","[29 20 32 45 33  5 33 51 54  5 51 51  1  8 11 47 20 49 46  5 59  5 43 28
  0 16 14 54 45 59 59 51  9 28 47 61 43 42 51 47 43  2 43 19 39 51 59 59
 46 59  5  5  9 21  9 54 21 31 29  5 42 30 21 20]",True,True,0.90625,0.875,"[np.int64(3), np.int64(57), np.int64(6), np.int64(49), np.int64(56), np.int64(61), np.int64(13), np.int64(63), np.int64(60), np.int64(46), np.int64(40), np.int64(63), np.int64(55), np.int64(18), np.int64(47), np.int64(63), np.int64(7), np.int64(1), np.int64(49), np.int64(59), np.int64(38), np.int64(55), np.int64(57), np.int64(27), np.int64(59), np.int64(42), np.int64(32), np.int64(55), np.int64(23), np.int64(59), np.int64(37), np.int64(3), np.int64(22), np.int64(62), np.int64(9), np.int64(18), np.int64(0), np.int64(50), np.int64(51), np.int64(26), np.int64(38), np.int64(15), np.int64(10), np.int64(45), np.int64(29), np.int64(33), np.int64(27), np.int64(8), np.int64(20), np.int64(45), np.int64(25), np.int64(25), np.int64(8), np.int64(57), np.int64(1), np.int64(50), np.int64(55), np.int64(55), np.int64(27), np.int64(50), np.int64(54), np.int64(5), np.int64(25), np.int64(36)]","[np.int64(7), np.int64(28), np.int64(21), np.int64(54), np.int64(57), np.int64(44), np.int64(35), np.int64(4), np.int64(61), np.int64(57), np.int64(27), np.int64(60), np.int64(31), np.int64(1), np.int64(6), np.int64(25), np.int64(49), np.int64(50), np.int64(38), np.int64(25), np.int64(38), np.int64(17), np.int64(43), np.int64(26), np.int64(9), np.int64(19), np.int64(26), np.int64(6), np.int64(57), np.int64(56), np.int64(16), np.int64(2), np.int64(10), np.int64(39), np.int64(2), np.int64(4), np.int64(15), np.int64(58), np.int64(48), np.int64(31), np.int64(17), np.int64(9), np.int64(29), np.int64(30), np.int64(49), np.int64(47), np.int64(54), np.int64(20), np.int64(0), np.int64(57), np.int64(50), np.int64(12), np.int64(32), np.int64(33), np.int64(28), np.int64(4), np.int64(17), np.int64(16), np.int64(15), np.int64(48), np.int64(1), np.int64(56), np.int64(50), np.int64(46)]",False,False,0.0,0.0,"[29 20 32 21 33  5 33 47 54  5 51 51  1 16 30 47 20 49 46  5 59  5  0 13
  0  0 16 32 18 59 59 50  9 16 47 60 43 42 51 47 43  2 11 19 39 51 30 59
 32 19  5  5  9 21  9 54 21 31 29  5 42 30 21 20]","[29 20 32 10 36  5 33 51 10  5 51 51  1  8 11  7 20 49 46  5 59  5 43 28
  6 14 14 54 45 59 46 51  9 12 47 60 54 42 51 10 43  2 43 19 18 51 59 30
 46 59  5  5 54 21  9 54 21 27 29  5 42 30 10 45]",True,True,0.609375,0.921875,"[29 62 32 10 33  5 24 51 29  5 54 14  1 63 30 55 20 49 46  5 59  5 43 28
  0 55 14 54 45 59 14 51  9 16 47 61 54 42 51 10 43  2 43 36 39 51 59 30
 32 19  5  5  9 21 52 15 21 27 29  5 42 30 10 20]","[29  8 32 45 33  5 33 51 29  5 51 51  1 52 25  7 27 49 46  5 16  5  0 13
  6 14 16 54 23 59 21 50  9 28 47 61 54 42 51 47  4  2 43 45 39 51 59 11
 32 59  5  5 54 21  9 54 21  8  4  5 42 30  1 20]",False,False,0.203125,0.078125,0.04,1.0,1.0,1,1,25,0.04,1.0,1.0,1,1,25,1.0,0.0,0.0,25,0,0,1.0,0.0,0.0,25,0,0,1.0,0.88,0.88,25,22,22,1.0,1.0,1.0,25,25,25,1.0,0.36,0.36,25,9,9,1.0,0.08,0.08,25,2,2
[0.500999 0.       0.       ... 0.       0.       0.      ],"[62 42 54 42 56 23 62 48 23 20 62 34 15 10 55 38 59 59 35 29 22 59 31 38
 54 62 56 52 62 29 45 29  4 19 55 15 22 41 29 12 59 38 43 51 25 51 45 38
 16 23 46 29 15 55 15 51 38 35 19 19 17 41 19 16]","[47 42 54 42 33 23 62 48 23 20 62 57 15 35 55 38 33 59 35 29 47 59 31 38
 35 20 56  5 16 29 45 29  6 19 16 15 59 41 29 12 59 38 33 51 25 51 45 19
 16 23  6 29 15 20 15 51 38  0 19 19 17 25 19 16]",True,True,0.90625,0.875,"[np.int64(57), np.int64(21), np.int64(29), np.int64(2), np.int64(52), np.int64(28), np.int64(17), np.int64(11), np.int64(6), np.int64(26), np.int64(5), np.int64(16), np.int64(9), np.int64(63), np.int64(63), np.int64(22), np.int64(32), np.int64(55), np.int64(23), np.int64(6), np.int64(24), np.int64(34), np.int64(3), np.int64(4), np.int64(44), np.int64(26), np.int64(46), np.int64(24), np.int64(36), np.int64(15), np.int64(23), np.int64(24), np.int64(42), np.int64(4), np.int64(32), np.int64(15), np.int64(21), np.int64(44), np.int64(13), np.int64(16), np.int64(33), np.int64(14), np.int64(0), np.int64(2), np.int64(1), np.int64(12), np.int64(35), np.int64(49), np.int64(52), np.int64(36), np.int64(43), np.int64(55), np.int64(20), np.int64(40), np.int64(22), np.int64(42), np.int64(14), np.int64(10), np.int64(50), np.int64(56), np.int64(46), np.int64(57), np.int64(59), np.int64(36)]","[np.int64(25), np.int64(20), np.int64(24), np.int64(1), np.int64(30), np.int64(6), np.int64(17), np.int64(4), np.int64(17), np.int64(36), np.int64(36), np.int64(45), np.int64(45), np.int64(40), np.int64(19), np.int64(24), np.int64(46), np.int64(50), np.int64(7), np.int64(57), np.int64(38), np.int64(26), np.int64(13), np.int64(23), np.int64(39), np.int64(62), np.int64(14), np.int64(13), np.int64(60), np.int64(8), np.int64(57), np.int64(46), np.int64(59), np.int64(9), np.int64(47), np.int64(56), np.int64(50), np.int64(35), np.int64(29), np.int64(61), np.int64(51), np.int64(50), np.int64(27), np.int64(43), np.int64(15), np.int64(4), np.int64(5), np.int64(50), np.int64(16), np.int64(44), np.int64(49), np.int64(10), np.int64(27), np.int64(54), np.int64(59), np.int64(41), np.int64(11), np.int64(61), np.int64(30), np.int64(38), np.int64(14), np.int64(4), np.int64(53), np.int64(37)]",False,False,0.0,0.0,"[47  8 54 13 33 23 51 48 23 63 62  9 15 35 55 38 33 59  5 29 47 59 31 38
 35 62 56 52 62 29 45 29  6 19 55 15 23 41 29 12 22 45 43 51 25 51 45 19
 16 23  6 29 15 55 62 51 38 35 19 19 17 41 19 49]","[47 42  8 42 56 23 12 48 23 20 56 57 52 35 55 38 33 55  5 29 22 59 31 38
 54 62 56  5 16 29 27 29  4 19 55 15 23 41 29 12 22 38 43 51 34 51 45 38
 16 23  6 29 15 57 15 51 38 35 62 17 17 41 19  9]",False,True,0.609375,0.921875,"[47 34 54 42  5 23 62 48 54 20 56 34  6 35 55 38 59 55  5 29 22 59 31 38
 54 33 56 52 62 29 45 29  6 16 35 15 22 41 29 63 59 38 33 51 25 51 55 38
 16 30 46 29 58 55 15 51 38 53 19 19 17  4 19 16]","[47 42  8 42 56 18 25 48 23 20 56 57  6  3  4 38 28 59  5 29 47 59 45 36
 50 20 37  5 62 29 45 29  4 19 55 36 62 41 29 12 59 38 25 51 25 51 55 19
 16 30 60 29 58 57  8 51  4 35 19 19 17 58 19 16]",True,False,0.203125,0.078125,0.04,1.0,1.0,1,1,25,0.04,1.0,1.0,1,1,25,1.0,0.0,0.0,25,0,0,1.0,0.0,0.0,25,0,0,1.0,0.8,0.8,25,20,20,1.0,1.0,1.0,25,25,25,1.0,0.36,0.36,25,9,9,1.0,0.08,0.08,25,2,2
[0.       0.       0.       ... 0.       0.       0.500999],"[ 3  3 35 49  8 58 38  3 25  3 19 61 13 24 38 21 31 22  9 49 24 26 49 58
 24 17 37 23 32 58  9 20 58 26 43  6 24 24 37 26 16 19 36 49 36 58 17 23
 52 24 32 38 38 31 43  0 23 19 36 61 19 13 43  4]","[ 3  3 35 49  8 58 38  3 25  3 19 61 13 24 38 51  7 22  9 37 24 26 49 31
 24 17 37 23 32 58  9 20 58 26  7  7 24 24 37 31 16 19 36 49 36 42 17 23
 39 24 32 38  3 31 43  0 60 19 20 30 19 13 43  4]",True,True,0.90625,0.875,"[np.int64(46), np.int64(12), np.int64(32), np.int64(14), np.int64(32), np.int64(28), np.int64(51), np.int64(59), np.int64(44), np.int64(54), np.int64(25), np.int64(20), np.int64(3), np.int64(21), np.int64(37), np.int64(56), np.int64(49), np.int64(33), np.int64(36), np.int64(29), np.int64(58), np.int64(50), np.int64(47), np.int64(22), np.int64(49), np.int64(60), np.int64(42), np.int64(24), np.int64(2), np.int64(6), np.int64(34), np.int64(43), np.int64(42), np.int64(14), np.int64(62), np.int64(37), np.int64(26), np.int64(11), np.int64(10), np.int64(36), np.int64(2), np.int64(1), np.int64(47), np.int64(63), np.int64(7), np.int64(27), np.int64(21), np.int64(20), np.int64(30), np.int64(17), np.int64(63), np.int64(49), np.int64(47), np.int64(11), np.int64(53), np.int64(46), np.int64(45), np.int64(26), np.int64(57), np.int64(61), np.int64(50), np.int64(13), np.int64(46), np.int64(45)]","[np.int64(52), np.int64(46), np.int64(7), np.int64(16), np.int64(51), np.int64(60), np.int64(14), np.int64(5), np.int64(16), np.int64(30), np.int64(56), np.int64(54), np.int64(17), np.int64(17), np.int64(39), np.int64(60), np.int64(32), np.int64(9), np.int64(6), np.int64(47), np.int64(26), np.int64(52), np.int64(20), np.int64(41), np.int64(50), np.int64(38), np.int64(30), np.int64(36), np.int64(36), np.int64(17), np.int64(32), np.int64(21), np.int64(22), np.int64(53), np.int64(30), np.int64(5), np.int64(48), np.int64(3), np.int64(50), np.int64(35), np.int64(29), np.int64(38), np.int64(50), np.int64(27), np.int64(41), np.int64(19), np.int64(14), np.int64(32), np.int64(16), np.int64(15), np.int64(60), np.int64(13), np.int64(17), np.int64(16), np.int64(62), np.int64(47), np.int64(52), np.int64(7), np.int64(41), np.int64(29), np.int64(12), np.int64(18), np.int64(29), np.int64(35)]",False,False,0.0,0.0,"[19  3 35 49  8 58 61 12 25 22 19 61 13 24 38 21 31 22 17 37 24 26 20 58
 24 17 37 23 32 58  9 20 58 10 43  6 24 24 13 43 16 19 36 49 36 42 17 10
 52 24 32 38  3 31 43  0 60 19 36 61 22 13 43 42]","[ 3  3 35 49  8 58 38 12 25 22 19 61 13 24 52 21  7 22 17 37 24 51 20 31
 24 18 37 34 32 58  9 20  7 10  7  7 24 24 37 31 15 19 22 49 36 42 17 23
 41 24 32 38 38 33 43  0 60 19 20 30 19 13 43  4]",False,True,0.609375,0.921875,"[ 3  3 35 13  8 58 34 32 25 22 33 61 13 24 17 51 31 22  9 37 24  0 20 47
 24 17 37 34 32 58 45 20 58 26  6  6 24 24 37 43 16 57 36 39 36 58 17 23
 39 24 32 38 33 31  0  0 57 41 36 61 22 13 43  4]","[19  3 35 13  8 58 61 12 25  3 33 61 13 24 38 40 31 14  9 37 24 26 49  1
 24 17 37 14 32 14 41 20 58 52 60  7 24 24 13 26 16 48 36 49 19 42 17 23
 52 24 32 56 38 31 10  0 23 19 23 61 39 13 43  4]",False,True,0.203125,0.078125,0.04,1.0,1.0,1,1,25,0.04,1.0,1.0,1,1,25,1.0,0.0,0.0,25,0,0,1.0,0.0,0.0,25,0,0,1.0,0.24,0.24,25,6,6,1.0,1.0,1.0,25,25,25,1.0,0.4,0.4,25,10,10,1.0,0.04,0.04,25,1,1
[1.00049988 0.70781353 0.70781353 ... 0.         0.         0.        ],"[21 28 61 23 51 60  2 60 10 13 60  2 25 10  5 37 19 13 62 53 19 25 51 34
 12 39 55  2 10 47 55 13  0 10 12 43  7  7 10 39  7 49 33 60 33 28 40 19
 10 61 24 53  8 60  5 21  0 24 28 54 39 25 28 11]","[21 28 61 23 33 60 40 25 10 13 60  2 25 10  5 37 19 28 62 10 19 25 17 34
 12 39 55  2 49 47  9 13 37 10 12 43  7  7 10 39  7 49 13 60 33 36 40 19
 10 61 24 53 56 60  5 21  6 24 28  2 39 25 28 11]",True,True,0.90625,0.875,"[np.int64(3), np.int64(24), np.int64(24), np.int64(49), np.int64(12), np.int64(55), np.int64(2), np.int64(62), np.int64(27), np.int64(23), np.int64(7), np.int64(2), np.int64(55), np.int64(6), np.int64(44), np.int64(40), np.int64(47), np.int64(50), np.int64(1), np.int64(41), np.int64(43), np.int64(26), np.int64(59), np.int64(61), np.int64(7), np.int64(56), np.int64(20), np.int64(1), np.int64(28), np.int64(49), np.int64(40), np.int64(28), np.int64(36), np.int64(53), np.int64(63), np.int64(42), np.int64(27), np.int64(37), np.int64(36), np.int64(63), np.int64(12), np.int64(7), np.int64(40), np.int64(41), np.int64(61), np.int64(34), np.int64(21), np.int64(42), np.int64(9), np.int64(27), np.int64(43), np.int64(11), np.int64(63), np.int64(36), np.int64(1), np.int64(36), np.int64(4), np.int64(62), np.int64(33), np.int64(36), np.int64(12), np.int64(56), np.int64(51), np.int64(30)]","[np.int64(37), np.int64(24), np.int64(62), np.int64(41), np.int64(11), np.int64(7), np.int64(42), np.int64(14), np.int64(47), np.int64(47), np.int64(23), np.int64(52), np.int64(61), np.int64(4), np.int64(63), np.int64(54), np.int64(6), np.int64(30), np.int64(33), np.int64(5), np.int64(23), np.int64(3), np.int64(34), np.int64(20), np.int64(37), np.int64(55), np.int64(47), np.int64(34), np.int64(10), np.int64(45), np.int64(7), np.int64(49), np.int64(39), np.int64(49), np.int64(37), np.int64(11), np.int64(43), np.int64(0), np.int64(61), np.int64(56), np.int64(59), np.int64(22), np.int64(36), np.int64(47), np.int64(11), np.int64(40), np.int64(50), np.int64(44), np.int64(57), np.int64(46), np.int64(8), np.int64(58), np.int64(40), np.int64(45), np.int64(61), np.int64(44), np.int64(53), np.int64(41), np.int64(41), np.int64(6), np.int64(6), np.int64(32), np.int64(57), np.int64(48)]",False,False,0.0,0.0,"[21 28 61 10 33 60 51 60 10 13 60  2 25 12  5 37 19 13 62 10 19 25 17 34
 12 39 11  2 49 47 55 13 34 10 12 43  7  7 24 39  7 49 33 60 33 56 40 19
 10 61 24 53  8 60  5 21  4 24 31 54 39 25 16 11]","[21 28 61 23 33 60  2 25 10 13 60  2 25 10  5 37 19 28 62 13 19 25 17 34
 12 39 59  2 10 47 55 13 37 10 12 43  7  7 10 39  7 49 13 61 33 28 40 19
 10 61 44 53 27 60 37  0 45 24 28  2 39 25 28 11]",False,True,0.609375,0.921875,"[21 41 61 23 51 60  2 25 10 13 60 63 25 12  5 37 62 22 47 10 19 25 51 34
 33 39 41  2 49 47 55  8  0 10 12 43 48  7 10 39  7 49 54 60 33 28 40 19
 28 21  8 53 27 60  5 21  0 24 44 54 39 25 20 11]","[28 28 61 23  6 60 40 25 10 13 13  2 25 42  5 37 19 28 47 13 62 49 51 34
 17 39 55  2 49 47 55 13 37 24 12 43  7  7 10 39  7 49 33 60 50 28 40 19
 10 61 42 53 27 60 37 17  4 32 28  2 39 25 16 11]",False,True,0.203125,0.078125,0.04,1.0,1.0,1,1,25,0.04,1.0,1.0,1,1,25,1.0,0.0,0.0,25,0,0,1.0,0.0,0.0,25,0,0,1.0,0.72,0.72,25,18,18,1.0,1.0,1.0,25,25,25,1.0,0.24,0.24,25,6,6,1.0,0.12,0.12,25,3,3
[0.         0.         0.         ... 0.70781353 1.00049988 0.500999  ],"[12 48 32 34 32  3 42 57 35  4 34 18 10 63 37 37 24 63 28 57 52 57 35 63
 42 40 49 40 30 57 34 13 10 29 34 30 12 49 51 36 59 52 10 59 13  1 28 48
  3  3 19 57 42 12 42  4  5  3 18 30 19 52 21  3]","[12 59  1 34 32  3  2 57 35  4 34 20 10 32 54 37  0  5 28 57 52 57 35 63
 42 54 49 53 30 53 34 46 10 53 34 30 12  5 60 36 59 53 10 42 46  4 28 48
  3  3 18 57 12 29 26  4  5  3 22 30 21 52 24  3]",True,False,0.90625,0.875,"[np.int64(0), np.int64(27), np.int64(59), np.int64(29), np.int64(50), np.int64(17), np.int64(25), np.int64(38), np.int64(6), np.int64(60), np.int64(11), np.int64(15), np.int64(43), np.int64(52), np.int64(30), np.int64(7), np.int64(29), np.int64(52), np.int64(26), np.int64(28), np.int64(35), np.int64(37), np.int64(45), np.int64(23), np.int64(34), np.int64(63), np.int64(11), np.int64(23), np.int64(53), np.int64(38), np.int64(19), np.int64(54), np.int64(5), np.int64(12), np.int64(36), np.int64(38), np.int64(36), np.int64(7), np.int64(31), np.int64(33), np.int64(35), np.int64(57), np.int64(32), np.int64(51), np.int64(45), np.int64(39), np.int64(61), np.int64(16), np.int64(54), np.int64(17), np.int64(46), np.int64(15), np.int64(3), np.int64(32), np.int64(4), np.int64(39), np.int64(3), np.int64(57), np.int64(35), np.int64(53), np.int64(45), np.int64(35), np.int64(55), np.int64(45)]","[np.int64(32), np.int64(20), np.int64(8), np.int64(28), np.int64(24), np.int64(59), np.int64(15), np.int64(31), np.int64(9), np.int64(36), np.int64(34), np.int64(2), np.int64(35), np.int64(11), np.int64(57), np.int64(38), np.int64(46), np.int64(62), np.int64(47), np.int64(8), np.int64(48), np.int64(36), np.int64(36), np.int64(57), np.int64(60), np.int64(56), np.int64(54), np.int64(40), np.int64(44), np.int64(35), np.int64(57), np.int64(6), np.int64(33), np.int64(12), np.int64(61), np.int64(19), np.int64(2), np.int64(56), np.int64(55), np.int64(40), np.int64(61), np.int64(0), np.int64(26), np.int64(32), np.int64(51), np.int64(58), np.int64(57), np.int64(40), np.int64(23), np.int64(45), np.int64(15), np.int64(10), np.int64(22), np.int64(1), np.int64(46), np.int64(4), np.int64(12), np.int64(16), np.int64(41), np.int64(37), np.int64(51), np.int64(18), np.int64(19), np.int64(63)]",False,False,0.0,0.0,"[12  2 32 34 32  3 42 57 35  4 34 61 10 63 37 37 24 63 28 57 52 57 29 63
 42 54 49 51 30 57 34 13 10 29 34 30 17 49 60 36 59 56 10 42 13  4 52 48
  3  3  6 57 42  4 52  4  4  3 62 30 21 52 21  3]","[12  2  6 34 32  3 42 57  1  4 34 24 10 63 54 37 20 63 60  2 14 60 29 63
 42 54 49 53 30 57 34 61 10 24 34 30 12  5 55 36 27 53 10 42 13  1 28 48
  3  3 19 57 12 54 42  4  4  3 62 30 24  6 24 10]",True,True,0.609375,0.921875,"[12 59  6 34 32  3 42 46 35  4 34 24 10 32 37 37  0 63 50 60 14 60 35 63
 42 36 49 40 30 57 34 24 10 24 34 30 12  5 60 36 59 52 10 42  4  4 31 48
  3  3 19 14 12 54  0  4  4  3 22 30 19  0 58  3]","[12  2 32 34 56  3 61 17 35  4 34 20 10  8 54 37 31  5 28 57 14 57 35 63
 11 40 54 40 46 57 34 24 10 29 34 48 46 53 51 36 16 53 10 52  4  4  7 48
  3  3  6 57 20 54 53  4  5  3 45 30 18 11 21 10]",False,False,0.203125,0.078125,0.04,1.0,1.0,1,1,25,0.04,0.0,0.0,1,0,0,1.0,0.0,0.0,25,0,0,1.0,0.0,0.0,25,0,0,1.0,0.84,0.84,25,21,21,1.0,1.0,1.0,25,25,25,1.0,0.44,0.44,25,11,11,1.0,0.04,0.04,25,1,1
[0.500999   0.         0.         ... 0.         0.70781353 0.        ],"[12 61 55 61 38 14 39 45  0 24  3  5 61 20 45 45 23 38 12  9  9 46 62 19
 43 32 47 12 20 39  8 20 38 59 19 19 19 52 61 61  1 35 46 43 34 43 61 45
 28 29 45 45 36 20  9  9 36 14  1 19 38  9 45 47]","[12 61 35 61 38 14 14 45 37 24  3 32 61 20 45 45 13 38 12  9  9 46 62 19
 43 37 47 37 20 39  8 47 38  6 35 19 19  4 55 61 46  1  4 43 63 43 61 45
 28 48 45 45 35 20  9  9 35 14 15 19 37  9 45 47]",False,False,0.90625,0.875,"[np.int64(15), np.int64(23), np.int64(7), np.int64(4), np.int64(43), np.int64(0), np.int64(38), np.int64(54), np.int64(11), np.int64(27), np.int64(63), np.int64(26), np.int64(47), np.int64(5), np.int64(33), np.int64(54), np.int64(24), np.int64(41), np.int64(47), np.int64(51), np.int64(54), np.int64(15), np.int64(25), np.int64(32), np.int64(34), np.int64(0), np.int64(27), np.int64(55), np.int64(57), np.int64(34), np.int64(30), np.int64(48), np.int64(30), np.int64(16), np.int64(60), np.int64(31), np.int64(13), np.int64(5), np.int64(60), np.int64(19), np.int64(30), np.int64(55), np.int64(34), np.int64(15), np.int64(9), np.int64(52), np.int64(36), np.int64(45), np.int64(31), np.int64(28), np.int64(7), np.int64(42), np.int64(29), np.int64(53), np.int64(54), np.int64(37), np.int64(60), np.int64(37), np.int64(34), np.int64(12), np.int64(57), np.int64(58), np.int64(26), np.int64(39)]","[np.int64(20), np.int64(49), np.int64(52), np.int64(19), np.int64(59), np.int64(62), np.int64(20), np.int64(10), np.int64(59), np.int64(14), np.int64(27), np.int64(48), np.int64(22), np.int64(41), np.int64(20), np.int64(28), np.int64(26), np.int64(49), np.int64(61), np.int64(58), np.int64(31), np.int64(10), np.int64(23), np.int64(49), np.int64(15), np.int64(35), np.int64(56), np.int64(27), np.int64(49), np.int64(55), np.int64(13), np.int64(54), np.int64(10), np.int64(60), np.int64(59), np.int64(29), np.int64(20), np.int64(1), np.int64(2), np.int64(24), np.int64(20), np.int64(44), np.int64(29), np.int64(28), np.int64(12), np.int64(40), np.int64(34), np.int64(51), np.int64(16), np.int64(28), np.int64(49), np.int64(60), np.int64(18), np.int64(0), np.int64(22), np.int64(56), np.int64(43), np.int64(43), np.int64(28), np.int64(1), np.int64(10), np.int64(6), np.int64(23), np.int64(16)]",False,False,0.0,0.0,"[12 31 55 61 14 59 31 45 37 24 28  5 61 46 45 34 13 40 12  9  9 46 26 19
 43 32 47 12 20 39  8 47 38 59 19 19 19 22 61 61  1  1  6 43 34 43 61 45
 28 29 45 45 36 20  9  9 36 14  1 19 39 55 45 47]","[44 31 55 16 15 14 31 54  0 24 28 32 61 20 35 45 15 40 12  9  9 46 62 19
 43 32 53 41  4 39  8 47 58  6 19 34 19 22 60 61  1  1 37 43 63 43 61 45
 28 29 45 15 36 36  9  9 35 16 15 19 16  9 45 47]",False,False,0.609375,0.921875,"[44 61 55 61 37 40 31 45  0 24 28  5 61 16 45 34  3 38 12  9  9 46 37 16
  9 32 47 12 48 39  8 47 38  6 19 19 19  8 61 61 46 35 41 43 63 43 13 61
 28 48 45 45 36 26  9  9 35 14 28 19 39 19 45 47]","[12 61 55 61 14 40 42 45 37 24 18 32 61 46 45 45 13 40 21  9  9 46 37 16
  9 37 47 37 20 39  8 47 38 60 35  2 19 27 60 61 58 42 46 43 63 47 61 45
 28 48 41 45 37 26  9 61 36 16 32 33 33 47 45 47]",False,False,0.203125,0.078125,0.04,0.0,0.0,1,0,0,0.04,0.0,0.0,1,0,0,1.0,0.0,0.0,25,0,0,1.0,0.0,0.0,25,0,0,1.0,0.04,0.04,25,1,1,1.0,0.0,0.0,25,0,0,1.0,0.0,0.0,25,0,0,1.0,0.0,0.0,25,0,0
[0.500999   0.         0.70781353 ... 0.         0.         0.        ],"[62 47 62 56 62  9 52 58 38 52 37 11 50 45  0 33 22 22 34  5 41 40 62 52
 62 23 49 33 62 55 11 52 33 45 37 49 45 62 33 22 37 32  0  5 10 11 11 33
 43 46  9 55 11 63 27 52 33 55 57 22 49 55 11 28]","[62 47 62 56 62 13 46 58 38 52 37 11 50 45  0  0 22 22 34  5 41 40 62 52
 62 22 49 22 62 54 11  0 33 45 13 49 45 62 33 22 34 32  0  5 10 11 11 33
 43 46  4 55 11 42 40 52  4  0 57 22 49 55 11  0]",True,True,0.90625,0.875,"[np.int64(14), np.int64(21), np.int64(28), np.int64(39), np.int64(43), np.int64(59), np.int64(8), np.int64(15), np.int64(50), np.int64(7), np.int64(13), np.int64(29), np.int64(57), np.int64(26), np.int64(30), np.int64(32), np.int64(3), np.int64(48), np.int64(22), np.int64(10), np.int64(33), np.int64(46), np.int64(31), np.int64(28), np.int64(4), np.int64(40), np.int64(53), np.int64(3), np.int64(10), np.int64(24), np.int64(5), np.int64(22), np.int64(17), np.int64(63), np.int64(35), np.int64(58), np.int64(20), np.int64(1), np.int64(16), np.int64(52), np.int64(15), np.int64(20), np.int64(55), np.int64(36), np.int64(3), np.int64(32), np.int64(28), np.int64(5), np.int64(2), np.int64(41), np.int64(49), np.int64(28), np.int64(63), np.int64(7), np.int64(23), np.int64(7), np.int64(15), np.int64(40), np.int64(5), np.int64(37), np.int64(0), np.int64(51), np.int64(37), np.int64(6)]","[np.int64(8), np.int64(6), np.int64(56), np.int64(56), np.int64(58), np.int64(52), np.int64(61), np.int64(57), np.int64(52), np.int64(41), np.int64(15), np.int64(49), np.int64(58), np.int64(49), np.int64(19), np.int64(33), np.int64(45), np.int64(54), np.int64(54), np.int64(2), np.int64(15), np.int64(40), np.int64(62), np.int64(11), np.int64(44), np.int64(51), np.int64(14), np.int64(36), np.int64(13), np.int64(34), np.int64(26), np.int64(34), np.int64(42), np.int64(33), np.int64(54), np.int64(34), np.int64(33), np.int64(7), np.int64(10), np.int64(38), np.int64(2), np.int64(62), np.int64(6), np.int64(28), np.int64(54), np.int64(3), np.int64(51), np.int64(54), np.int64(54), np.int64(7), np.int64(19), np.int64(7), np.int64(38), np.int64(17), np.int64(47), np.int64(30), np.int64(5), np.int64(21), np.int64(60), np.int64(34), np.int64(15), np.int64(16), np.int64(30), np.int64(10)]",False,False,0.0,0.0,"[62 58 62 56 62  9 46 58 38 10 37 11 14 45  0  0 22 22 34 51 41 17 62 52
 62 31 49 22 62 61 11  0 33 27 37 49 45 62  2 22 37 58  0  5 32 11 11 33
 43 46  9 55 11 63 41 52  4  0 57 60 37 55 11  0]","[62 53 62 56 62 13 52 58 18 52 37 11 14 45 15 33 22 22 34 29 41 53 62 52
 62 31 25 23 62 54 11  0 33 45 37 23 45 62 33 15 27 59  0  5 32 11 11 33
 20 26  4 55 11 42 27 52 33  0 57 22 28 55 11  0]",True,True,0.609375,0.921875,"[62 47 62 56 62 13 52 58 38 52 31 11 32 45  0 33  5 22  8  8 41 40 62 52
 62 31 49 33 62 55 11 52 33 45 37 23 45 62  9 15 37 59  0  8 32 11 11 33
 43 46  4 55 11  1 27 52  4 55 57 47 37 55 11 28]","[62 47 62 56 62  9 46 58 18 52 44 11 32 45  0 37 22 22 34 51 41 40 62 27
 62 26 13 33 62 54 11 52 33 56 37 49 45 62  2 63 37 32  0  8 32 11 11 24
 20 46  4 19 11 21 29 52  4  0 57 35 57 55 11  0]",True,False,0.203125,0.078125,0.04,1.0,1.0,1,1,25,0.04,1.0,1.0,1,1,25,1.0,0.0,0.0,25,0,0,1.0,0.0,0.0,25,0,0,1.0,1.0,1.0,25,25,25,1.0,1.0,1.0,25,25,25,1.0,0.24,0.24,25,6,6,1.0,0.0,0.0,25,0,0
[0.500999   0.         0.70781353 ... 0.         0.70781353 0.        ],"[55 15 61  5 53 53 46 55 23 58  0 44 23  1 27 55 50 32 42 46  5 39 16 24
 24 40 30 23  5  5 23 44 50 25  1 16 40 44 20 27 53 44 44 63 53 46 23 12
 11 27 23 40 55 24 12 24 24  5 30  5  4 57 27 27]","[55  4  9  8 53 53 46 55 23 58  0 44 23  1 27 55  0 32 42 46  5 39 16 24
 24 50 30 23  5  5 23 44 44 25 37 16 40 44 20 27 53 44 44 63 53 46 23 12
 45 27 23 40 55 24 43 24 24  0 30  5  4 34 27  4]",True,True,0.90625,0.875,"[np.int64(6), np.int64(40), np.int64(3), np.int64(57), np.int64(5), np.int64(25), np.int64(9), np.int64(8), np.int64(57), np.int64(1), np.int64(52), np.int64(20), np.int64(24), np.int64(13), np.int64(47), np.int64(4), np.int64(38), np.int64(59), np.int64(24), np.int64(24), np.int64(46), np.int64(3), np.int64(30), np.int64(24), np.int64(54), np.int64(40), np.int64(11), np.int64(44), np.int64(23), np.int64(34), np.int64(41), np.int64(13), np.int64(61), np.int64(2), np.int64(25), np.int64(28), np.int64(59), np.int64(26), np.int64(0), np.int64(40), np.int64(43), np.int64(16), np.int64(38), np.int64(21), np.int64(27), np.int64(11), np.int64(7), np.int64(6), np.int64(48), np.int64(50), np.int64(33), np.int64(40), np.int64(47), np.int64(60), np.int64(31), np.int64(56), np.int64(30), np.int64(25), np.int64(6), np.int64(5), np.int64(35), np.int64(18), np.int64(56), np.int64(63)]","[np.int64(54), np.int64(25), np.int64(22), np.int64(33), np.int64(17), np.int64(51), np.int64(16), np.int64(32), np.int64(55), np.int64(58), np.int64(42), np.int64(30), np.int64(3), np.int64(60), np.int64(0), np.int64(57), np.int64(4), np.int64(18), np.int64(55), np.int64(62), np.int64(53), np.int64(52), np.int64(52), np.int64(24), np.int64(15), np.int64(35), np.int64(12), np.int64(23), np.int64(15), np.int64(12), np.int64(24), np.int64(34), np.int64(60), np.int64(56), np.int64(29), np.int64(38), np.int64(42), np.int64(24), np.int64(43), np.int64(57), np.int64(44), np.int64(34), np.int64(19), np.int64(53), np.int64(20), np.int64(40), np.int64(15), np.int64(49), np.int64(16), np.int64(4), np.int64(48), np.int64(52), np.int64(31), np.int64(9), np.int64(30), np.int64(42), np.int64(23), np.int64(25), np.int64(52), np.int64(53), np.int64(40), np.int64(27), np.int64(33), np.int64(53)]",False,False,0.0,0.0,"[55  4  9 30 53 53 46 23 23 58  0 44 23  1 39 55  8 58 42 46  5 39 16 24
 24 40 28 40  5  5 23 44 44 34 37 16 40 44 18 27 53 54 44 45 53 46 23 12
 45 27 23 40 55 24 12 24 24  5 30  5  4 34 12 15]","[55  4  9 30 53 53 46 55 23 58 42 44 23 28 59 55  0 34 42 28  5 45 16 24
 24 50 28 23  5  5 58 44 44  9 37  9 40 44 18 21 53 44 44 63 53 37 23 34
 13 32 32 54 44 24 25 24 24  5 34  5 42 34 27 15]",True,True,0.609375,0.921875,"[55  4 61  5 53  0 46 33 23 21  0 25 23 45 59 55 50 32 42 28  5 57 16 24
 24 32 14 23 34  5 23 44 25 25 58 16 40 44 20 27 53 44 44 54 53 37 23 26
 45 27 23 40 55 24 25 24 24  0 30  5  4 57 27  4]","[55 15  9  8 63 53 46 55 23 35  0 44 23 48  6 55 50 34 42 28  5 57 16 24
 24 50 60 23 26  5 23  1 44 34 17 16 40 44 18 31 53 44 10 63 53 13 23 12
 11 27 23 40 23 24 43 24 24 21  9  5  4 34 12 27]",False,False,0.203125,0.078125,0.04,1.0,1.0,1,1,25,0.04,1.0,1.0,1,1,25,1.0,0.0,0.0,25,0,0,1.0,0.0,0.0,25,0,0,1.0,0.84,0.84,25,21,21,1.0,1.0,1.0,25,25,25,1.0,0.4,0.4,25,10,10,1.0,0.08,0.08,25,2,2
[0.500999   0.         0.70781353 ... 0.         0.         0.        ],"[62 47 62 56 62  9 52 58 38 52 37 11 50 45  0 33 22 22 34  5 41 40 62 52
 62 23 49 33 62 55 11 52 33 45 37 49 45 62 33 22 37 32  0  5 10 11 11 33
 43 46  9 55 11 63 27 52 33 55 57 22 49 55 11 28]","[62 47 62 56 62 13 46 58 38 52 37 11 50 45  0  0 22 22 34  5 41 40 62 52
 62 22 49 22 62 54 11  0 33 45 13 49 45 62 33 22 34 32  0  5 10 11 11 33
 43 46  4 55 11 42 40 52  4  0 57 22 49 55 11  0]",True,True,0.90625,0.875,"[np.int64(46), np.int64(39), np.int64(52), np.int64(0), np.int64(27), np.int64(26), np.int64(3), np.int64(37), np.int64(2), np.int64(31), np.int64(61), np.int64(37), np.int64(43), np.int64(19), np.int64(37), np.int64(58), np.int64(3), np.int64(17), np.int64(47), np.int64(60), np.int64(31), np.int64(52), np.int64(56), np.int64(10), np.int64(44), np.int64(58), np.int64(24), np.int64(52), np.int64(60), np.int64(38), np.int64(42), np.int64(45), np.int64(47), np.int64(12), np.int64(45), np.int64(59), np.int64(24), np.int64(8), np.int64(24), np.int64(16), np.int64(10), np.int64(28), np.int64(4), np.int64(62), np.int64(9), np.int64(42), np.int64(9), np.int64(19), np.int64(36), np.int64(60), np.int64(13), np.int64(18), np.int64(26), np.int64(9), np.int64(5), np.int64(37), np.int64(47), np.int64(48), np.int64(38), np.int64(31), np.int64(59), np.int64(21), np.int64(21), np.int64(30)]","[np.int64(44), np.int64(35), np.int64(58), np.int64(36), np.int64(19), np.int64(48), np.int64(20), np.int64(51), np.int64(50), np.int64(29), np.int64(49), np.int64(55), np.int64(51), np.int64(24), np.int64(54), np.int64(46), np.int64(3), np.int64(47), np.int64(13), np.int64(8), np.int64(51), np.int64(13), np.int64(53), np.int64(31), np.int64(55), np.int64(13), np.int64(56), np.int64(14), np.int64(19), np.int64(0), np.int64(17), np.int64(56), np.int64(1), np.int64(19), np.int64(19), np.int64(42), np.int64(7), np.int64(21), np.int64(45), np.int64(4), np.int64(4), np.int64(9), np.int64(35), np.int64(21), np.int64(28), np.int64(45), np.int64(55), np.int64(40), np.int64(37), np.int64(43), np.int64(26), np.int64(9), np.int64(37), np.int64(41), np.int64(55), np.int64(25), np.int64(60), np.int64(42), np.int64(4), np.int64(30), np.int64(35), np.int64(3), np.int64(45), np.int64(17)]",False,False,0.0,0.0,"[62 47 62 56 62 13 46 58 43 52 31 11 32 45 15 37 22 22 34  5 48 40 62 27
 62 22 13 33 62 55 11 52 33 45 13 49 45 62  9 22 34 32  0  5 32 11 11 33
 43 46 60 55 11 63 29 52 33 55 57 22 28 55 11 28]","[62 47 62 56 62 13 46 58 38 52 37 11 14 45  0 37 22 22 16  8 41 40 62  4
 47 31 49 22 62 55 11  6 33  0 37 49 45 62  9 15 27 59  0  5 32 11 11 33
 20 46 38 55 11 42 27 52  4  0 57 60 57 29 11  0]",True,True,0.609375,0.921875,"[62 47 62 56 62 13 46 58 19 52 31 11 50 45  0 37 22 22 16  5 41 40 62 52
 62 22 49 33 62 61 11  0 33 45 13 23 45 62  9 63 34 58  0  5 32 11 11 24
 43 46  9 55 11  1 27 51  4 55 57 22 37 55 11 28]","[62 53 62 56 62  9 46 58 38 52 37 11 50 26  0 33  5 21 34  8 41 40 62 52
 62 31 49 40 60 54 11  6 33 45 13 23 45 62  9 22 37 59  0  8 32 11 11 33
 20 46  9 19 11 21 40 52  4  0 41 22 57 55 11  0]",False,True,0.203125,0.078125,0.04,1.0,1.0,1,1,25,0.04,1.0,1.0,1,1,25,1.0,0.0,0.0,25,0,0,1.0,0.0,0.0,25,0,0,1.0,0.76,0.76,25,19,19,1.0,1.0,1.0,25,25,25,1.0,0.16,0.16,25,4,4,1.0,0.12,0.12,25,3,3
[0.         0.         0.         ... 1.00049988 0.         0.        ],"[ 8  9 23 14 41 50 13 39 16 16  9 22 55 16 16  9 16 15 49 43 14 51 39 14
 48 39 48 15 43 41 58 41 60 20 16 14 48 29 48 13 50  9 26  8 34 43 58 50
  8 14 13 13 36 34 15  9 48 14  9  9 61 34 16 48]","[ 9  9 23 14 41 23 13 44 16 16  9 22 55 16 16  9 16 60 12  6 14 51  3 14
 48 23 48 15 60 35 58 41 60 20 16 14 48 29 48 13 50  9 29  8 34 43 19 50
 14 14 13 13 46 14 15  9 61 14  9  9 61 13 16 48]",True,True,0.90625,0.875,"[np.int64(26), np.int64(8), np.int64(3), np.int64(9), np.int64(57), np.int64(27), np.int64(2), np.int64(47), np.int64(27), np.int64(7), np.int64(42), np.int64(55), np.int64(31), np.int64(1), np.int64(59), np.int64(22), np.int64(18), np.int64(45), np.int64(37), np.int64(11), np.int64(28), np.int64(34), np.int64(19), np.int64(33), np.int64(14), np.int64(48), np.int64(3), np.int64(57), np.int64(49), np.int64(25), np.int64(26), np.int64(44), np.int64(7), np.int64(12), np.int64(46), np.int64(14), np.int64(35), np.int64(16), np.int64(3), np.int64(15), np.int64(32), np.int64(63), np.int64(26), np.int64(3), np.int64(6), np.int64(21), np.int64(59), np.int64(35), np.int64(13), np.int64(23), np.int64(58), np.int64(9), np.int64(27), np.int64(4), np.int64(30), np.int64(0), np.int64(14), np.int64(42), np.int64(2), np.int64(20), np.int64(46), np.int64(28), np.int64(59), np.int64(3)]","[np.int64(52), np.int64(10), np.int64(48), np.int64(17), np.int64(52), np.int64(35), np.int64(34), np.int64(9), np.int64(55), np.int64(27), np.int64(46), np.int64(14), np.int64(31), np.int64(38), np.int64(3), np.int64(38), np.int64(21), np.int64(37), np.int64(15), np.int64(37), np.int64(34), np.int64(56), np.int64(30), np.int64(27), np.int64(51), np.int64(17), np.int64(15), np.int64(2), np.int64(62), np.int64(5), np.int64(52), np.int64(39), np.int64(28), np.int64(19), np.int64(20), np.int64(6), np.int64(24), np.int64(41), np.int64(13), np.int64(46), np.int64(57), np.int64(47), np.int64(42), np.int64(45), np.int64(8), np.int64(14), np.int64(59), np.int64(41), np.int64(26), np.int64(17), np.int64(27), np.int64(43), np.int64(0), np.int64(7), np.int64(9), np.int64(4), np.int64(47), np.int64(51), np.int64(0), np.int64(0), np.int64(37), np.int64(7), np.int64(24), np.int64(2)]",False,False,0.0,0.0,"[ 9  9 23 14 41 50 13 44 16 16  9 22 55 16 16  9 16 15 12 20 14 51  3 15
 54 23 28 15 43 41 49 41 60 57 16 14  6 29 41 13 50 13 26  6 34 43 58 50
  8 14 13 13 36 34 15  9 61 14  9  9 61 13 16 15]","[13  9 47 14 63 50 20 46 16 16  9 22 55 16 16 34 16 15 12 39 14 37 59 25
 48 39 48 15 60 35 58 41 60 20 16 14 48 29 44 13 50 13 29  8 34 26 58 50
 14 14 48 13 47 14 24  9 53 14  9 25 58 34 16 48]",False,True,0.609375,0.921875,"[ 9 15 23 51 56 12 13 44 16 16  0 56 55 16 16  9 16 15 49  6  6 51 59 15
 48 23 45 15 60 41 49 41 26 20 16 14 48 21 41 13 50  9 29  8 34 26 19 22
 61 14 13 13 36 14 15  9 48 14  9  9 58 34 16 15]","[ 9  9 23 14 56 50 20 44 16 16  0 22 55 16 16 23 16 60 12  6  6 51 17 14
 48 23 28 15 43 41 57 41 26 20 16 29 48 29 41 13 50 13 29  6 34 43 19 52
 14 14 48  3 46 14 24  9 48 20  9  9 58 13 16 48]",False,False,0.203125,0.078125,0.04,1.0,1.0,1,1,25,0.04,1.0,1.0,1,1,25,1.0,0.0,0.0,25,0,0,1.0,0.0,0.0,25,0,0,1.0,0.8,0.8,25,20,20,1.0,1.0,1.0,25,25,25,1.0,0.48,0.48,25,12,12,1.0,0.04,0.04,25,1,1
[0.500999   0.         0.         ... 0.         0.70781353 0.        ],"[12 61 55 61 38 14 39 45  0 24  3  5 61 20 45 45 23 38 12  9  9 46 62 19
 43 32 47 12 20 39  8 20 38 59 19 19 19 52 61 61  1 35 46 43 34 43 61 45
 28 29 45 45 36 20  9  9 36 14  1 19 38  9 45 47]","[12 61 35 61 38 14 14 45 37 24  3 32 61 20 45 45 13 38 12  9  9 46 62 19
 43 37 47 37 20 39  8 47 38  6 35 19 19  4 55 61 46  1  4 43 63 43 61 45
 28 48 45 45 35 20  9  9 35 14 15 19 37  9 45 47]",False,False,0.90625,0.875,"[np.int64(46), np.int64(13), np.int64(12), np.int64(26), np.int64(15), np.int64(11), np.int64(60), np.int64(6), np.int64(52), np.int64(63), np.int64(6), np.int64(36), np.int64(7), np.int64(23), np.int64(47), np.int64(34), np.int64(53), np.int64(28), np.int64(11), np.int64(19), np.int64(2), np.int64(42), np.int64(16), np.int64(36), np.int64(26), np.int64(23), np.int64(59), np.int64(12), np.int64(51), np.int64(48), np.int64(12), np.int64(39), np.int64(53), np.int64(32), np.int64(48), np.int64(14), np.int64(50), np.int64(31), np.int64(50), np.int64(2), np.int64(34), np.int64(62), np.int64(25), np.int64(18), np.int64(39), np.int64(51), np.int64(42), np.int64(14), np.int64(12), np.int64(1), np.int64(55), np.int64(28), np.int64(2), np.int64(20), np.int64(0), np.int64(41), np.int64(54), np.int64(51), np.int64(23), np.int64(30), np.int64(33), np.int64(61), np.int64(10), np.int64(40)]","[np.int64(37), np.int64(57), np.int64(28), np.int64(26), np.int64(28), np.int64(36), np.int64(19), np.int64(8), np.int64(55), np.int64(31), np.int64(28), np.int64(40), np.int64(35), np.int64(59), np.int64(35), np.int64(26), np.int64(60), np.int64(10), np.int64(50), np.int64(55), np.int64(26), np.int64(12), np.int64(23), np.int64(45), np.int64(59), np.int64(9), np.int64(51), np.int64(31), np.int64(10), np.int64(31), np.int64(24), np.int64(12), np.int64(50), np.int64(63), np.int64(0), np.int64(20), np.int64(43), np.int64(45), np.int64(29), np.int64(18), np.int64(35), np.int64(52), np.int64(12), np.int64(23), np.int64(9), np.int64(33), np.int64(31), np.int64(23), np.int64(2), np.int64(53), np.int64(56), np.int64(40), np.int64(30), np.int64(35), np.int64(38), np.int64(1), np.int64(5), np.int64(47), np.int64(8), np.int64(37), np.int64(15), np.int64(15), np.int64(13), np.int64(4)]",False,False,0.0,0.0,"[12 61 55 61 15 59 14 45  0 24  3  5 61 20  5 45 23 38 12  9  9 46 62 12
 43 51 22 12 20 39  8 20 38 59 15 52 19 27 61 61 58 50 41 43 34 43 61 45
 28 29 45 45 36 20  7  9 36 14 15 19 39  9 45 47]","[12 31 55 10 15 14 31 54 37 24 28 32 38 16 45 45 15 16 10 23  9 18 62 12
 43 37 53 37 20 39  8 20 38  6 15  1 19 22 55 60  5  1  6 43 34 43 42 45
 28 48 45 45 37 20  9  9 35 14 15  5 37  9 45 44]",False,False,0.609375,0.921875,"[12 35 55 61 14 14 39 45  0 24  3 32 38 20 47 45 23 38 12  9  9 46 37 19
  9 32 22 12 20 39  8  1 38 59 35 19 52 60 55 61  5 27 46 43 34 47 61 45
 28 29 45 45 35 20  9  9 36 14  1 33 33  9 45 47]","[ 8 35 35 61 38 11 39 54  0 54  3  5 38 20 35  4 60 16 21 61  9 18 26 19
 43 37 47 37 10 39  8 47 11 60 35 12 19 60 55 61  1 42  4 43 34 15 13 61
 22 29 45 14 37 20  9  9 36 14  1 19 33  9 45 47]",False,False,0.203125,0.078125,0.04,0.0,0.0,1,0,0,0.04,0.0,0.0,1,0,0,1.0,0.0,0.0,25,0,0,1.0,0.0,0.0,25,0,0,1.0,0.0,0.0,25,0,0,1.0,0.12,0.12,25,3,3,1.0,0.0,0.0,25,0,0,1.0,0.0,0.0,25,0,0
[0.         0.         0.         ... 0.70781353 0.70781353 0.        ],"[44 41 40 35 20 48 58 41 30 43  1 59 59 47 19 10  7 26 49 48  8 42 35 11
 11 59 62 38 54 10 16 15 29 10 40 10 35 38 48 63 43 41 38  1 11 61 38 33
  7  7 54 46 46 35 43 33 19 44 38  7 25 38 59 12]","[44 41 50 35 20 48 57 41 30 43  1 10 59 47 60 10  7 26 49 48  8 23 34 11
 11 59 30 30 54 10 16 15  8 10 12 10 35 23 48 26 10 41 30  1 11 63 26 24
  7  7 24 28 46 35 43 33 19 44 26  7 25 26 59 12]",True,True,0.90625,0.875,"[np.int64(21), np.int64(13), np.int64(52), np.int64(0), np.int64(62), np.int64(29), np.int64(20), np.int64(6), np.int64(50), np.int64(3), np.int64(10), np.int64(62), np.int64(4), np.int64(59), np.int64(24), np.int64(53), np.int64(2), np.int64(60), np.int64(56), np.int64(18), np.int64(31), np.int64(29), np.int64(50), np.int64(16), np.int64(50), np.int64(60), np.int64(41), np.int64(1), np.int64(39), np.int64(0), np.int64(8), np.int64(37), np.int64(6), np.int64(0), np.int64(7), np.int64(23), np.int64(3), np.int64(51), np.int64(10), np.int64(6), np.int64(16), np.int64(8), np.int64(13), np.int64(4), np.int64(22), np.int64(17), np.int64(6), np.int64(35), np.int64(21), np.int64(11), np.int64(36), np.int64(36), np.int64(9), np.int64(46), np.int64(3), np.int64(40), np.int64(40), np.int64(47), np.int64(29), np.int64(20), np.int64(62), np.int64(54), np.int64(22), np.int64(17)]","[np.int64(58), np.int64(35), np.int64(48), np.int64(62), np.int64(41), np.int64(55), np.int64(9), np.int64(42), np.int64(43), np.int64(19), np.int64(0), np.int64(18), np.int64(29), np.int64(63), np.int64(56), np.int64(33), np.int64(58), np.int64(60), np.int64(3), np.int64(38), np.int64(18), np.int64(59), np.int64(42), np.int64(24), np.int64(18), np.int64(25), np.int64(5), np.int64(37), np.int64(4), np.int64(31), np.int64(41), np.int64(61), np.int64(19), np.int64(18), np.int64(47), np.int64(10), np.int64(9), np.int64(13), np.int64(29), np.int64(56), np.int64(48), np.int64(28), np.int64(63), np.int64(60), np.int64(6), np.int64(22), np.int64(53), np.int64(5), np.int64(42), np.int64(51), np.int64(49), np.int64(42), np.int64(1), np.int64(1), np.int64(53), np.int64(54), np.int64(16), np.int64(53), np.int64(0), np.int64(46), np.int64(36), np.int64(19), np.int64(57), np.int64(33)]",False,False,0.0,0.0,"[60 41 40 35 20 48 58 41 31 43  1 23 54 55 19 10  7 26 49 48  8 24 35 62
 25 40 62 38 54 10 15 15 29 10 35 10 35 38 48 63 10 41 38  1 35 61 29 33
  7  7 54 46 46 35 43 33 19 55 38  7 12 38 30 12]","[60 41 40 35 20 48 58 41 35 43  1 59 59 47 60 10  7 26 49 48  8 24 60 11
 25 59 60 30 35 10 16 15 29 10 24 10 56 23 48 26 10 41 30 49 11 50 23 24
  7  7 24 50 46 35 43 44 19 44 26  7 25 26 59 12]",True,True,0.609375,0.921875,"[44 41 40 35 20 48 57 41 32 43  1 59 59 45 19 10  7 26 49 48  8 23 60 62
 11 59 30 38 35 10 16  8 29 10 35 10  0 38 48 63 10 41 30  1 35 63 29 33
  7  7  2 50 46 35 43 44 19 36 26  7 14 38 30 12]","[36 41 60 35 20 48 57 41 30 43  1 10 59 47 60 10  7 26 15 48  8 23 34 46
 47 59 62 30 54 10 62 15  2  8 12  8 57 38 48 63 43 41 38  1 35 63 26 13
  7  7  2 28 46 35 12 33 19 44 38  7 14 26 23 23]",True,False,0.203125,0.078125,0.04,1.0,1.0,1,1,25,0.04,1.0,1.0,1,1,25,1.0,0.0,0.0,25,0,0,1.0,0.0,0.0,25,0,0,1.0,0.64,0.64,25,16,16,1.0,1.0,1.0,25,25,25,1.0,0.28,0.28,25,7,7,1.0,0.12,0.12,25,3,3
[0.500999   0.         0.70781353 ... 0.         0.70781353 0.        ],"[55 15 61  5 53 53 46 55 23 58  0 44 23  1 27 55 50 32 42 46  5 39 16 24
 24 40 30 23  5  5 23 44 50 25  1 16 40 44 20 27 53 44 44 63 53 46 23 12
 11 27 23 40 55 24 12 24 24  5 30  5  4 57 27 27]","[55  4  9  8 53 53 46 55 23 58  0 44 23  1 27 55  0 32 42 46  5 39 16 24
 24 50 30 23  5  5 23 44 44 25 37 16 40 44 20 27 53 44 44 63 53 46 23 12
 45 27 23 40 55 24 43 24 24  0 30  5  4 34 27  4]",True,True,0.90625,0.875,"[np.int64(3), np.int64(28), np.int64(45), np.int64(45), np.int64(63), np.int64(22), np.int64(59), np.int64(32), np.int64(3), np.int64(43), np.int64(18), np.int64(4), np.int64(6), np.int64(29), np.int64(30), np.int64(32), np.int64(46), np.int64(27), np.int64(53), np.int64(22), np.int64(53), np.int64(0), np.int64(4), np.int64(11), np.int64(54), np.int64(21), np.int64(55), np.int64(21), np.int64(47), np.int64(63), np.int64(62), np.int64(39), np.int64(23), np.int64(60), np.int64(56), np.int64(18), np.int64(59), np.int64(20), np.int64(11), np.int64(19), np.int64(28), np.int64(18), np.int64(15), np.int64(32), np.int64(37), np.int64(38), np.int64(29), np.int64(52), np.int64(43), np.int64(47), np.int64(15), np.int64(59), np.int64(26), np.int64(46), np.int64(7), np.int64(29), np.int64(30), np.int64(13), np.int64(11), np.int64(26), np.int64(5), np.int64(31), np.int64(45), np.int64(31)]","[np.int64(44), np.int64(41), np.int64(55), np.int64(19), np.int64(21), np.int64(62), np.int64(52), np.int64(47), np.int64(19), np.int64(52), np.int64(7), np.int64(12), np.int64(37), np.int64(32), np.int64(19), np.int64(31), np.int64(3), np.int64(37), np.int64(29), np.int64(13), np.int64(17), np.int64(40), np.int64(52), np.int64(19), np.int64(38), np.int64(3), np.int64(9), np.int64(9), np.int64(25), np.int64(60), np.int64(11), np.int64(55), np.int64(22), np.int64(11), np.int64(61), np.int64(1), np.int64(31), np.int64(15), np.int64(29), np.int64(44), np.int64(18), np.int64(62), np.int64(23), np.int64(37), np.int64(9), np.int64(4), np.int64(16), np.int64(37), np.int64(58), np.int64(49), np.int64(49), np.int64(29), np.int64(46), np.int64(60), np.int64(21), np.int64(14), np.int64(50), np.int64(16), np.int64(45), np.int64(31), np.int64(29), np.int64(56), np.int64(22), np.int64(38)]",False,False,0.0,0.0,"[55 40  9 30 53 53 46 55 23 33 42 44 23  1  6 55  6 32 42 46  5 45 16 24
 24 11 30 23  5  5 23 43 49 25 47 16 40 44 18 31 53 44 44  1 53 46 23 12
 11 42 23 40 44 24 41 24 24  5 30  5  4 34 12 27]","[55 15  9 30 53 53 46 23 23 58 42 44 23 45 27 55 50 34 42 46  5 39 16 24
 24 32 30 23 13  5 23 44 44 25 37  9 40 44 20 27 53 44 44 54 53 37 23 34
 45 27 23 40 23 24 12 24 24  5 30  5 42  2 27 15]",True,True,0.609375,0.921875,"[10 40  9 30 53 53 46 55 23 58  0 25 23  1 39 55  8 32 42 46  5 57 16 24
 24 40 30 23  5  5 23 44 50 25 28 16 40 54 20 31 27 54 49 39 53 46 23 12
 10 32 23 40 55 24 12 24 24  5 17  5  4 57 27 15]","[55  4  9  5 53  0 46 23 23 58  0 44 62 45 39 55  0 34 42 28  5 45 16 24
 24 11 47 23  5  5 23  1 50 34 37  9 40 54 20 43 51 44 49  1 53 13 23 34
 45 27 32 40 55 24 41 24 24  5 34  5  4 57 12  4]",False,False,0.203125,0.078125,0.04,1.0,1.0,1,1,25,0.04,1.0,1.0,1,1,25,1.0,0.0,0.0,25,0,0,1.0,0.0,0.0,25,0,0,1.0,0.84,0.84,25,21,21,1.0,1.0,1.0,25,25,25,1.0,0.48,0.48,25,12,12,1.0,0.16,0.16,25,4,4
[0.500999   0.         0.         ... 0.         0.70781353 0.        ],"[26 15 44  9 62 16 30 51 36 60 23 60 51 26 47 33 13 33 37 62 58 41 49 33
 63 24 63 60 30  6 63 44 28 63 15 32 23 58 26 13 51 16 33 13 60 58 11 26
 26 28 11 33 42 23 30 51  4 48 25 54 30 48 51 63]","[26 15 44  9  1 16 30 51 36 60 23 60 36 26 11 26 23 33 37 39 58 41 49 33
 63 24 63 60 30 42 63 44 28 63 15 31 23 16 26 13 51 16 33 13 60 53 11 26
 26 42 11 33 23 23 30 29  4 47 25 23 30 16 15 63]",True,True,0.90625,0.875,"[np.int64(46), np.int64(54), np.int64(38), np.int64(47), np.int64(22), np.int64(56), np.int64(43), np.int64(57), np.int64(54), np.int64(60), np.int64(9), np.int64(56), np.int64(35), np.int64(52), np.int64(32), np.int64(4), np.int64(29), np.int64(42), np.int64(18), np.int64(45), np.int64(2), np.int64(40), np.int64(43), np.int64(3), np.int64(53), np.int64(42), np.int64(50), np.int64(9), np.int64(13), np.int64(35), np.int64(38), np.int64(48), np.int64(38), np.int64(20), np.int64(18), np.int64(48), np.int64(49), np.int64(40), np.int64(35), np.int64(46), np.int64(27), np.int64(45), np.int64(62), np.int64(24), np.int64(6), np.int64(39), np.int64(58), np.int64(41), np.int64(21), np.int64(16), np.int64(20), np.int64(63), np.int64(26), np.int64(55), np.int64(19), np.int64(25), np.int64(28), np.int64(32), np.int64(17), np.int64(20), np.int64(42), np.int64(13), np.int64(50), np.int64(30)]","[np.int64(48), np.int64(53), np.int64(5), np.int64(16), np.int64(21), np.int64(11), np.int64(5), np.int64(43), np.int64(49), np.int64(3), np.int64(42), np.int64(63), np.int64(34), np.int64(6), np.int64(7), np.int64(2), np.int64(13), np.int64(48), np.int64(14), np.int64(17), np.int64(18), np.int64(61), np.int64(37), np.int64(26), np.int64(1), np.int64(53), np.int64(50), np.int64(52), np.int64(23), np.int64(47), np.int64(63), np.int64(53), np.int64(20), np.int64(31), np.int64(9), np.int64(53), np.int64(51), np.int64(62), np.int64(19), np.int64(22), np.int64(62), np.int64(61), np.int64(58), np.int64(31), np.int64(35), np.int64(49), np.int64(47), np.int64(6), np.int64(29), np.int64(46), np.int64(51), np.int64(7), np.int64(62), np.int64(57), np.int64(38), np.int64(40), np.int64(23), np.int64(40), np.int64(23), np.int64(29), np.int64(29), np.int64(11), np.int64(1), np.int64(54)]",False,False,0.0,0.0,"[26 28  4  9  1 16 30 51 36 43 53 60 51 26 47 26 13 33 37 57 58 41 49 33
 63 24 63 60 30  6 63 44 28 63 15 32 23 19 54 13 57 16 33 13 60 58 37 26
 26 28 34 33 42 23 30 51  4 47 25 15 30 48  0 63]","[26 28 44  9  1 16 30 12 19 60 23 60 36 26 47  6 23 33 37 57 58 41 49 33
 63 24 63 60 30  6 63 55 28 63 15 31 23 58 54 13 57  7 33 13 60 53 11 26
 26 28 34 33 23 23 30 29  4 47 25 54 30 48 58 63]",True,True,0.609375,0.921875,"[28 28 45  9 41 39 30 12 19 60 23 60 36 26 36 26 23 33 37 39 58 41 49 33
 63 24 63 60 30 42 63 44 28 63 15 32 23 18 57  5 51 16 33  9 60 58 11 26
 26 28 34 33 13 23 59 51  4 47 25 54 30 48 15 63]","[26 28 44  9  1 39 30 51 19 29 53 60 42 26 47 26 23 33 37 57 58 41 49  6
 63 24 63 60 49  6 63  4 35 63 15 41 61 16 26  5 57  7 33 11 60 53 11 26
 13 28 31 62 42 23 30 29 22 47 62 23 11 36 15 63]",False,False,0.203125,0.078125,0.04,1.0,1.0,1,1,25,0.04,1.0,1.0,1,1,25,1.0,0.0,0.0,25,0,0,1.0,0.0,0.0,25,0,0,1.0,0.64,0.64,25,16,16,1.0,1.0,1.0,25,25,25,1.0,0.4,0.4,25,10,10,1.0,0.04,0.04,25,1,1
[0.         0.         0.70781353 ... 0.         0.         0.        ],"[54 57 45 23 39 53 53 46 63 54  4 35 48 17 11 54 52 63 22 63 20 45 52 39
  4 57 57 39 45 47 57 39 16 57 52 26 16 22 31 45 25 39 30 45 52 62 33 54
 54 62 60 11 54  5 63 62 38 45 31 40 26  5 45 54]","[ 9 57 39 43 39 39 44  2 33 39  4 34 25 17 40 27 27 52 22 63 20 45  4 39
  4 57 57 39 45 40 57 39 16 57 52 26 16 10 33 45 25 39 30 45 52 39 33 54
 54 38 43 11 54 26  9 61 38 45 31 18 61  0 45 54]",False,False,0.90625,0.875,"[np.int64(53), np.int64(0), np.int64(32), np.int64(55), np.int64(13), np.int64(0), np.int64(31), np.int64(21), np.int64(12), np.int64(39), np.int64(13), np.int64(60), np.int64(29), np.int64(42), np.int64(48), np.int64(30), np.int64(3), np.int64(23), np.int64(63), np.int64(60), np.int64(33), np.int64(48), np.int64(60), np.int64(27), np.int64(19), np.int64(61), np.int64(36), np.int64(10), np.int64(47), np.int64(63), np.int64(3), np.int64(4), np.int64(29), np.int64(3), np.int64(30), np.int64(29), np.int64(21), np.int64(25), np.int64(44), np.int64(40), np.int64(0), np.int64(51), np.int64(62), np.int64(41), np.int64(7), np.int64(19), np.int64(55), np.int64(36), np.int64(6), np.int64(26), np.int64(38), np.int64(28), np.int64(49), np.int64(37), np.int64(54), np.int64(56), np.int64(8), np.int64(37), np.int64(49), np.int64(9), np.int64(32), np.int64(38), np.int64(42), np.int64(15)]","[np.int64(19), np.int64(49), np.int64(29), np.int64(19), np.int64(12), np.int64(37), np.int64(46), np.int64(25), np.int64(27), np.int64(24), np.int64(35), np.int64(51), np.int64(42), np.int64(9), np.int64(62), np.int64(14), np.int64(16), np.int64(30), np.int64(14), np.int64(22), np.int64(49), np.int64(37), np.int64(39), np.int64(19), np.int64(50), np.int64(36), np.int64(25), np.int64(38), np.int64(43), np.int64(45), np.int64(41), np.int64(47), np.int64(29), np.int64(12), np.int64(49), np.int64(5), np.int64(33), np.int64(44), np.int64(63), np.int64(14), np.int64(6), np.int64(6), np.int64(3), np.int64(5), np.int64(28), np.int64(21), np.int64(10), np.int64(19), np.int64(48), np.int64(59), np.int64(19), np.int64(5), np.int64(5), np.int64(9), np.int64(30), np.int64(34), np.int64(36), np.int64(10), np.int64(18), np.int64(5), np.int64(1), np.int64(11), np.int64(61), np.int64(13)]",False,False,0.0,0.0,"[19 57 39 43 24 39 53 46 63 39  4 14 48 17 40 57 25 52 40 20 20 30  4 39
 20 57 53 25 20 40 57 39 16 38 16 26 16 18 31 20 25 26 30 45 33 57 33 54
 20 62 18 11 54 20 63 62  9 26 31 40 38 55 45 19]","[ 9 23 39 23 39 39 53 46 63 39  4 35 48 17 11 27 27 63 22 63 20 45 23 39
 20 16 57 39 45 40 21 39 16 57 16 27 16 10 31 20 25 39 16 45 52 39 10 54
 20 38 60 11 34  5 20 43 38 30 31 18 38 15 45 38]",False,False,0.609375,0.921875,"[ 9 57 33 23 24 23 53  2 63 54 37 14 48 17 11 30 52 52 50 63 20 45 52  3
  4 57 57 39 45 40 54 39 16 57 52 26 16 22 60 45 25  5 16 45 52 62 10 54
 54 62 60 11 16  5 15 62  9 45 60 40 26  5 55 54]","[42 57 39 43 39  2 53 46 63 54  4 35 25 17 40 61 42 63 50 63 20 45  4  1
  4 57 57 15 45 40 54 38 16 57 16 27 16 10 33 31 25  1  0 50 33 57  7 54
 12 10 43 11 54 26  9 61 38 45 60 18 26  5 55 38]",False,False,0.203125,0.078125,0.04,0.0,0.0,1,0,0,0.04,0.0,0.0,1,0,0,1.0,0.0,0.0,25,0,0,1.0,0.0,0.0,25,0,0,1.0,0.0,0.0,25,0,0,1.0,0.0,0.0,25,0,0,1.0,0.0,0.0,25,0,0,1.0,0.0,0.0,25,0,0
[1.00049988 0.         1.00049988 ... 0.         0.70781353 1.00049988],"[54 55 12 51  0 24  0  4 34 60  4  4 47 48 28 33 14 31 49  3 50 49 33 12
 54 62 16 55 28 47 31 16 16 32 14 48 18 55 49 55 47 63 60 24 60 17 54 14
 46 54 47 16 18 61 14 40 60 51 26 55 34 34 55  0]","[16 21 12 51  0 24  0  5 34 60  4  4 47 63 28 33 14 31 26  3 31 49 33 12
 16 62 16 63 28 47 31 16 16 51 14 48  4 55 51 55 47 63 60 49 33 17 54 14
 26 54 47 16 18 43 14 40 32 51 26 55 54 34 55  0]",True,True,0.90625,0.875,"[np.int64(7), np.int64(50), np.int64(19), np.int64(50), np.int64(25), np.int64(3), np.int64(6), np.int64(36), np.int64(43), np.int64(37), np.int64(8), np.int64(35), np.int64(33), np.int64(30), np.int64(6), np.int64(28), np.int64(52), np.int64(19), np.int64(5), np.int64(41), np.int64(0), np.int64(46), np.int64(45), np.int64(60), np.int64(16), np.int64(51), np.int64(37), np.int64(44), np.int64(5), np.int64(50), np.int64(14), np.int64(23), np.int64(27), np.int64(27), np.int64(57), np.int64(26), np.int64(6), np.int64(30), np.int64(44), np.int64(61), np.int64(37), np.int64(4), np.int64(26), np.int64(23), np.int64(33), np.int64(51), np.int64(21), np.int64(12), np.int64(63), np.int64(41), np.int64(54), np.int64(16), np.int64(58), np.int64(32), np.int64(19), np.int64(18), np.int64(4), np.int64(43), np.int64(41), np.int64(35), np.int64(17), np.int64(61), np.int64(6), np.int64(14)]","[np.int64(62), np.int64(45), np.int64(28), np.int64(41), np.int64(9), np.int64(21), np.int64(23), np.int64(20), np.int64(32), np.int64(53), np.int64(12), np.int64(17), np.int64(49), np.int64(42), np.int64(19), np.int64(6), np.int64(31), np.int64(27), np.int64(42), np.int64(30), np.int64(12), np.int64(10), np.int64(8), np.int64(2), np.int64(5), np.int64(63), np.int64(4), np.int64(8), np.int64(47), np.int64(17), np.int64(35), np.int64(7), np.int64(11), np.int64(7), np.int64(49), np.int64(50), np.int64(28), np.int64(9), np.int64(52), np.int64(53), np.int64(36), np.int64(11), np.int64(32), np.int64(21), np.int64(37), np.int64(55), np.int64(61), np.int64(1), np.int64(3), np.int64(22), np.int64(38), np.int64(16), np.int64(43), np.int64(45), np.int64(16), np.int64(51), np.int64(41), np.int64(39), np.int64(57), np.int64(5), np.int64(15), np.int64(35), np.int64(50), np.int64(22)]",False,False,0.0,0.0,"[16 55 12 51  0 24  4  4 31 60  4  4 47 48 28 42 14 31 49 59 50  5 33 50
 16 62 16 63 28 47 31 16 16 51 14 48  4 55 46 55 16 43 60 24 60 17 54 14
 46 54 47 16 36 61 14 40 60 17 56 55 34 34 55  8]","[16 55 12 51  0 24 33  5 34 60  4  4 47 48 28 42 14 61 49  3 31  5 18 12
 54 62 16 63 28 47 31 46 16 32 14 48 18 55 51 55 47 43 60 24 60 17 54 14
 17 54 47 49 36 43 14 48 32 17 26 19 34 34 11  8]",True,True,0.609375,0.921875,"[16 21 12 22  0 24  0  4 34 23  4  4 47 48 28 42 14 61 26 59 31 41 18 12
 54 62 16 55 28 47 46  0 16 51 14  4 18 55 46 55 16 43 38 24 18 23 38 14
 26 54 47 16 18 57 14 40 63 18 26 55 54 34 55  0]","[54 55 12 51  0 21 33  4 34 61 62 62 47 48 28 42 14 61 49 59  9 50 33  9
 16 62 16 63 28 47 46  8 56 51 14 48 18 55 46 55 16 21 60 24 18 17 38 14
 17 51 47 49 18 61 14 40 32 51 26 19 54 34 11  0]",False,False,0.203125,0.078125,0.04,1.0,1.0,1,1,25,0.04,1.0,1.0,1,1,25,1.0,0.0,0.0,25,0,0,1.0,0.0,0.0,25,0,0,1.0,0.48,0.48,25,12,12,1.0,1.0,1.0,25,25,25,1.0,0.32,0.32,25,8,8,1.0,0.08,0.08,25,2,2
[1.00049988 0.70781353 0.         ... 0.         0.         1.00049988],"[12 51  6 16 41 56 59 51 60 20  7  0 16 52 59 45 59 36 45  4 22 15 51 47
 31 33 36 18 28 23 56 45 28 15 46 31 47 50 51 23 49 45 60 57 50 32 18  6
 53 59 56 49 31 49  3 15 49 55 51 28 16 47  6 20]","[12 41  6 16 41 31 59 51 23 20 13 27 18 11 59 45 59 34 45  4  4 15 51  3
 23 11 36 18 28 23 56 45 28 15 46 23 47 58 51 23 49 45 60  9 27 32 18  6
 53 59 15 49 31 49  3 15 49 55 46 28 16 41  6 20]",True,True,0.90625,0.875,"[np.int64(0), np.int64(37), np.int64(48), np.int64(24), np.int64(19), np.int64(48), np.int64(32), np.int64(27), np.int64(47), np.int64(58), np.int64(36), np.int64(60), np.int64(31), np.int64(52), np.int64(36), np.int64(20), np.int64(30), np.int64(58), np.int64(9), np.int64(30), np.int64(36), np.int64(3), np.int64(30), np.int64(56), np.int64(0), np.int64(21), np.int64(23), np.int64(3), np.int64(46), np.int64(39), np.int64(7), np.int64(0), np.int64(13), np.int64(33), np.int64(20), np.int64(21), np.int64(14), np.int64(30), np.int64(14), np.int64(25), np.int64(51), np.int64(62), np.int64(26), np.int64(51), np.int64(19), np.int64(2), np.int64(49), np.int64(13), np.int64(24), np.int64(15), np.int64(38), np.int64(51), np.int64(4), np.int64(23), np.int64(33), np.int64(56), np.int64(56), np.int64(15), np.int64(50), np.int64(57), np.int64(32), np.int64(54), np.int64(56), np.int64(57)]","[np.int64(31), np.int64(56), np.int64(44), np.int64(60), np.int64(6), np.int64(50), np.int64(36), np.int64(12), np.int64(53), np.int64(18), np.int64(35), np.int64(43), np.int64(44), np.int64(25), np.int64(60), np.int64(36), np.int64(4), np.int64(12), np.int64(38), np.int64(39), np.int64(39), np.int64(51), np.int64(13), np.int64(24), np.int64(38), np.int64(20), np.int64(38), np.int64(11), np.int64(1), np.int64(2), np.int64(12), np.int64(62), np.int64(57), np.int64(23), np.int64(40), np.int64(18), np.int64(51), np.int64(27), np.int64(42), np.int64(12), np.int64(38), np.int64(2), np.int64(48), np.int64(50), np.int64(56), np.int64(22), np.int64(4), np.int64(33), np.int64(41), np.int64(63), np.int64(52), np.int64(30), np.int64(15), np.int64(59), np.int64(54), np.int64(0), np.int64(44), np.int64(59), np.int64(43), np.int64(11), np.int64(12), np.int64(0), np.int64(19), np.int64(23)]",False,False,0.0,0.0,"[12 42  6 16 41 26 59 51  1 20 13  0 16 26 59 45 59 34  6 13 22 15 51  3
 23 11 36  3 28 23 42 45 28 34 59 31 47 58 54 23 49 45 60 57 50 32  2  6
 53 59 56 49 29 49  3 15 49 55 41 28 14 56  6 20]","[12 41 46 41 41 53 59 51 23 20 13 27 18 52 59 45  3 34 45  4 37 15 52 35
 23 11 13 46 28 23 33 45 28 15 46 31 26 58 51 23  1 45  1  9 27 32 58  6
 53 59 37  1 29 51  3 15 49 55 41 28 16 41  6 20]",False,True,0.609375,0.921875,"[55 40  6 16 41 53 59 51 62 20 13  0 16 26 59 45 59 42  6  4 22 15 52 47
 23 33 38 18 28 30 56 45 28 15 17 31 47 50 54 23 49 45 60 57 22 32 18 56
 53 59 15 49 22 51 38  0 49 55 51 28 16 56  6 20]","[55 40  6 41 41 56 59 51  1 20 13 13 18 26 59 45 59 36  6 13  4 15 20 47
 31 33 38 46 28 30 56 45 28 15 46 23 47 50 26 23 49 61 60 57 50 32  2 14
 53 59 56 58 29 49  3 15 47 55 51 28 16 47  6 20]",False,False,0.203125,0.078125,0.04,1.0,1.0,1,1,25,0.04,1.0,1.0,1,1,25,1.0,0.0,0.0,25,0,0,1.0,0.0,0.0,25,0,0,1.0,0.56,0.56,25,14,14,1.0,1.0,1.0,25,25,25,1.0,0.2,0.2,25,5,5,1.0,0.08,0.08,25,2,2
[0.500999 0.       0.       ... 0.       0.       0.      ],"[34 15 58 34 18 34 60  9 45  0  3 18 40 58 28 23  9 53 47 61  3 39 11 34
 58 33 34 17 33 28 46  3 40 53 47 11 46 39 28 17 18 51 28 56 22 18 34 47
 40 54 61 18 45 47  5 52 18  4 45 52 53 33 46 13]","[34 15  6 34 18 34 60  9 45  0  3 18 60 58 24 23  9 53 47 61  3 39 11 34
 57 33 34 23 33 22 52  3 43 53 47 11 46 39 28 60 18  0 37  9 22 18 34 47
 62 54 61 18  9 47  5 52 18  3 22 52 53 56 22 13]",True,True,0.90625,0.875,"[np.int64(46), np.int64(49), np.int64(18), np.int64(12), np.int64(16), np.int64(57), np.int64(53), np.int64(3), np.int64(46), np.int64(13), np.int64(63), np.int64(62), np.int64(27), np.int64(41), np.int64(43), np.int64(47), np.int64(43), np.int64(41), np.int64(54), np.int64(47), np.int64(8), np.int64(17), np.int64(36), np.int64(25), np.int64(7), np.int64(34), np.int64(18), np.int64(10), np.int64(23), np.int64(49), np.int64(60), np.int64(33), np.int64(17), np.int64(57), np.int64(25), np.int64(62), np.int64(48), np.int64(43), np.int64(20), np.int64(34), np.int64(5), np.int64(60), np.int64(36), np.int64(28), np.int64(42), np.int64(15), np.int64(46), np.int64(30), np.int64(28), np.int64(61), np.int64(10), np.int64(27), np.int64(41), np.int64(3), np.int64(56), np.int64(27), np.int64(45), np.int64(34), np.int64(9), np.int64(59), np.int64(20), np.int64(48), np.int64(44), np.int64(46)]","[np.int64(20), np.int64(47), np.int64(19), np.int64(18), np.int64(34), np.int64(58), np.int64(12), np.int64(14), np.int64(22), np.int64(1), np.int64(33), np.int64(22), np.int64(61), np.int64(1), np.int64(6), np.int64(59), np.int64(21), np.int64(37), np.int64(14), np.int64(0), np.int64(49), np.int64(47), np.int64(50), np.int64(42), np.int64(32), np.int64(42), np.int64(56), np.int64(51), np.int64(2), np.int64(61), np.int64(23), np.int64(45), np.int64(59), np.int64(54), np.int64(7), np.int64(16), np.int64(54), np.int64(0), np.int64(33), np.int64(10), np.int64(61), np.int64(14), np.int64(47), np.int64(4), np.int64(40), np.int64(31), np.int64(45), np.int64(4), np.int64(35), np.int64(35), np.int64(45), np.int64(61), np.int64(28), np.int64(58), np.int64(26), np.int64(56), np.int64(3), np.int64(43), np.int64(15), np.int64(28), np.int64(3), np.int64(14), np.int64(10), np.int64(15)]",False,False,0.0,0.0,"[34 15 58 34 18 34 43 16 45 43  3 18 60 58 28 23  9 53 47 61  3 13 43 34
 58 27 34 17 33 28 52  3 40 53 47 11 46  9 28 25 18 51 37 56 35 18 34 47
 40 24 12 18  4 47  5 43 18  4 45 52 53 56 46 13]","[34 24 58 34  3 34 60  9 45 43  3  5 60 58 24 25  9 53 47 61  3 39 62 34
 49 27 34 23 36 22 46  3 43 28 47 11 46 39 28 60  9 54 44  6 22 23 34 47
 62 54 61  5 45 47  5 52 61 10  0 52 53 33 54 13]",True,True,0.609375,0.921875,"[34 15 58 34 18 34 23  9 45 39 57 18 60 21 28 23  9 53 47 61  3 50 11 34
 58 39 34 25  9 22 46 36 40 61 47 11 46 39 28  9 18 52 28  9 22 18 34 47
 62 24 12 18  4 47  5 52 18  3  0 52 53 56 46 13]","[34 24  1 34 18 34  0  2 57  0 62 18 60 58 28 23  9 53 47 61  8 39 43 34
 57 33 34 23  9 22 46  3 43 53 47 25 46 39 28 58 18 51 44 55 42 23 34 47
 62 54 21 18 56 47 49  9 18  3  0 52 53 33 10 13]",False,False,0.203125,0.078125,0.04,1.0,1.0,1,1,25,0.04,1.0,1.0,1,1,25,1.0,0.0,0.0,25,0,0,1.0,0.0,0.0,25,0,0,1.0,0.8,0.8,25,20,20,1.0,1.0,1.0,25,25,25,1.0,0.16,0.16,25,4,4,1.0,0.08,0.08,25,2,2
[1.00049988 0.         1.00049988 ... 1.00049988 0.         0.        ],"[26 47 23 47 58 60 31 23 16 36 59 35 58 20 13 25 45 36 16 32 45 58  8 40
 60 24 60 60 16 58 46 49 36 40 57 60 45 62 42 47 45 37 27 46 41 62 40 45
 22 36 53 26 37 16 31 13  8 40 47 16 37  1 62 46]","[26 47 23 47 58 60 11 17 60 36 59 35 57 20 13 25 45 36 16 32 45 39  8 40
 60 24 60 60 16 33 46 63 36 40 35 60 45 62 42 47 45 37 17 46 34 62 40 45
 22 36 53 26 37 16 31 13  8 40 47 16 37  1 62 46]",True,True,0.90625,0.875,"[np.int64(49), np.int64(13), np.int64(47), np.int64(22), np.int64(47), np.int64(29), np.int64(34), np.int64(38), np.int64(37), np.int64(37), np.int64(47), np.int64(58), np.int64(37), np.int64(56), np.int64(51), np.int64(10), np.int64(27), np.int64(18), np.int64(40), np.int64(8), np.int64(32), np.int64(3), np.int64(39), np.int64(7), np.int64(30), np.int64(58), np.int64(36), np.int64(35), np.int64(36), np.int64(44), np.int64(18), np.int64(9), np.int64(16), np.int64(23), np.int64(7), np.int64(14), np.int64(39), np.int64(23), np.int64(14), np.int64(24), np.int64(11), np.int64(28), np.int64(58), np.int64(31), np.int64(36), np.int64(47), np.int64(57), np.int64(62), np.int64(46), np.int64(61), np.int64(53), np.int64(58), np.int64(42), np.int64(15), np.int64(54), np.int64(29), np.int64(48), np.int64(5), np.int64(25), np.int64(34), np.int64(26), np.int64(50), np.int64(1), np.int64(35)]","[np.int64(56), np.int64(13), np.int64(8), np.int64(6), np.int64(4), np.int64(40), np.int64(32), np.int64(9), np.int64(16), np.int64(9), np.int64(17), np.int64(63), np.int64(31), np.int64(7), np.int64(38), np.int64(10), np.int64(45), np.int64(37), np.int64(24), np.int64(30), np.int64(41), np.int64(1), np.int64(0), np.int64(19), np.int64(34), np.int64(49), np.int64(14), np.int64(22), np.int64(44), np.int64(39), np.int64(53), np.int64(55), np.int64(52), np.int64(45), np.int64(50), np.int64(47), np.int64(40), np.int64(21), np.int64(52), np.int64(25), np.int64(21), np.int64(50), np.int64(62), np.int64(18), np.int64(35), np.int64(19), np.int64(33), np.int64(55), np.int64(51), np.int64(30), np.int64(59), np.int64(5), np.int64(1), np.int64(0), np.int64(29), np.int64(5), np.int64(35), np.int64(22), np.int64(45), np.int64(18), np.int64(41), np.int64(4), np.int64(49), np.int64(3)]",False,False,0.0,0.0,"[26 20 39 47 59 60 31  5 22 36 59 18 57 20 13 25 45 36 16 32 45 31 24 40
 60 55 60 60 16 33 46 13 36 40 57 60 45 62 42 47 45 37 27  7 17 62 32 45
 22 36 53 26 37 16 31 13 17 40 47 16 37  1 62 26]","[26 47 44 32 58 60 31 23 60 36 59 35 58 20 13 25 45  7 16 32 36 39  8 40
 60 24 33 36 16 33 46 13 36 40 22 33 45 62 42 47 45 37 17  7 41 62 40 45
 22 36 53 31 37 16 31 25 17 40 47 16 37  7 62 46]",True,True,0.609375,0.921875,"[26 20 44 47 58  8 11 43  5 36 59 18 58 33 13 25 45 36 16 32 45 58  8 40
 41 22 60 60 16 33 46 49 36 40 57 42 45 62 42 47 45 37 27 46  2 62 40 45
 22 36 53 26 37 25 31 13 19 40 47 16 47 59 62 46]","[26 47 23  1 59 60 11 59 16 36 59 35 58 33 13 25 18 36 16 32 45 58  8 27
 25 24 60 60 16 55 46 13 13 13 22 33 45 62 42 47 33 37 17  7 34 62 40 45
 22 32  4 26 37 16 31 25  8 34 47 17 37  7 62 26]",False,False,0.203125,0.078125,0.04,1.0,1.0,1,1,25,0.04,1.0,1.0,1,1,25,1.0,0.0,0.0,25,0,0,1.0,0.0,0.0,25,0,0,1.0,0.68,0.68,25,17,17,1.0,1.0,1.0,25,25,25,1.0,0.4,0.4,25,10,10,1.0,0.0,0.0,25,0,0
[0.         0.70781353 0.         ... 1.00049988 0.         1.00049988],"[33 43 13 26 21 17 33 18  9 13 40 40 46 43 26 29 22  1 35 32 56 18 33 33
  9 54 43 26  9 43  3 29  1 43 51 43 32 63  9  7  1 56  6 43 51 60 15 33
 41 32 34 26 15 56 35 29  1 35  3 43 35 35 15 26]","[33 43 13 29 21 17 33 53  9 13 55 40 46 43 26 29 22  1 35  9 10 18 33 33
  9 63 43 26  9 43 14 29  1 43 41 43 27 63  9  7  1  6  6 43 23 27 15 33
 41 32 21 26 15  9 35 29  1 35 23 43 35 35 15 26]",True,True,0.90625,0.875,"[np.int64(14), np.int64(47), np.int64(58), np.int64(32), np.int64(52), np.int64(27), np.int64(19), np.int64(14), np.int64(60), np.int64(38), np.int64(34), np.int64(55), np.int64(5), np.int64(27), np.int64(42), np.int64(53), np.int64(44), np.int64(50), np.int64(17), np.int64(55), np.int64(53), np.int64(25), np.int64(40), np.int64(35), np.int64(53), np.int64(31), np.int64(56), np.int64(13), np.int64(54), np.int64(5), np.int64(63), np.int64(12), np.int64(18), np.int64(58), np.int64(59), np.int64(6), np.int64(44), np.int64(60), np.int64(19), np.int64(11), np.int64(32), np.int64(57), np.int64(33), np.int64(2), np.int64(34), np.int64(40), np.int64(4), np.int64(13), np.int64(55), np.int64(26), np.int64(21), np.int64(5), np.int64(22), np.int64(21), np.int64(27), np.int64(44), np.int64(26), np.int64(5), np.int64(54), np.int64(29), np.int64(42), np.int64(34), np.int64(35), np.int64(27)]","[np.int64(13), np.int64(35), np.int64(23), np.int64(10), np.int64(27), np.int64(1), np.int64(12), np.int64(38), np.int64(29), np.int64(30), np.int64(60), np.int64(17), np.int64(18), np.int64(51), np.int64(47), np.int64(63), np.int64(5), np.int64(38), np.int64(56), np.int64(11), np.int64(60), np.int64(11), np.int64(2), np.int64(16), np.int64(2), np.int64(17), np.int64(48), np.int64(21), np.int64(40), np.int64(45), np.int64(13), np.int64(43), np.int64(47), np.int64(4), np.int64(15), np.int64(51), np.int64(2), np.int64(15), np.int64(41), np.int64(28), np.int64(22), np.int64(45), np.int64(14), np.int64(26), np.int64(55), np.int64(16), np.int64(19), np.int64(1), np.int64(45), np.int64(42), np.int64(22), np.int64(31), np.int64(31), np.int64(5), np.int64(21), np.int64(7), np.int64(49), np.int64(23), np.int64(45), np.int64(12), np.int64(10), np.int64(45), np.int64(44), np.int64(12)]",False,False,0.0,0.0,"[ 3 43 13 29 21 17 33 53  9 13 55 40 46 43 26 29 22  1 35  9 56 18 33 33
  9 14 43 26 14 43 14 29 13 43 27 43 32 63  9  4  1 34 11 43 51 27 15 13
 21 32 46 26 15  9 35 29  1 35  3 43 35 14 15 26]","[33 43 13 33 16 49 33 18 36 13 40 42 46 43 26 29 22 55 15  9 56 48 33 33
 49 63 43 26  9 43  3 29  1 43 37 43 32 63 31  4 55  6 58 43 23 60 15 13
 52 27 46 14 15  9 35 29  1 35 51 43 35 35 15 26]",True,True,0.609375,0.921875,"[33 43 13 26 21 17 33 18 36  0 40 40 46 43 26 29 22  1 15 41 56 42 33 33
  9 54 43 26 14 43  3 29  1 43 37 43 32 57 31  7  3 56 58 43 19 60 15 33
 21 27 21 26 23 20 35 29  1 35 51 43 33 35 30 26]","[33 43 30 33 39 17 41 53  9 13 20 40 46 43 30 52 22  1 35 44 53 42 33 33
 57 14 43 49 14 43  2 29  1 43 41 43 27 54 44  7  1 51 58 43  7 27 44 33
 41 24 21 26  0 54 25 29  1 35  3 43 33 35 15 26]",True,False,0.203125,0.078125,0.04,1.0,1.0,1,1,25,0.04,1.0,1.0,1,1,25,1.0,0.0,0.0,25,0,0,1.0,0.0,0.0,25,0,0,1.0,0.8,0.8,25,20,20,1.0,1.0,1.0,25,25,25,1.0,0.32,0.32,25,8,8,1.0,0.04,0.04,25,1,1
[0.500999   0.         0.70781353 ... 0.         0.         0.        ],"[62 47 62 56 62  9 52 58 38 52 37 11 50 45  0 33 22 22 34  5 41 40 62 52
 62 23 49 33 62 55 11 52 33 45 37 49 45 62 33 22 37 32  0  5 10 11 11 33
 43 46  9 55 11 63 27 52 33 55 57 22 49 55 11 28]","[62 47 62 56 62 13 46 58 38 52 37 11 50 45  0  0 22 22 34  5 41 40 62 52
 62 22 49 22 62 54 11  0 33 45 13 49 45 62 33 22 34 32  0  5 10 11 11 33
 43 46  4 55 11 42 40 52  4  0 57 22 49 55 11  0]",True,True,0.90625,0.875,"[np.int64(51), np.int64(34), np.int64(25), np.int64(4), np.int64(40), np.int64(15), np.int64(38), np.int64(15), np.int64(0), np.int64(17), np.int64(15), np.int64(10), np.int64(45), np.int64(63), np.int64(44), np.int64(45), np.int64(16), np.int64(27), np.int64(57), np.int64(3), np.int64(39), np.int64(10), np.int64(17), np.int64(59), np.int64(32), np.int64(11), np.int64(10), np.int64(27), np.int64(29), np.int64(58), np.int64(17), np.int64(37), np.int64(20), np.int64(21), np.int64(36), np.int64(50), np.int64(60), np.int64(44), np.int64(18), np.int64(16), np.int64(2), np.int64(13), np.int64(58), np.int64(24), np.int64(61), np.int64(10), np.int64(52), np.int64(37), np.int64(53), np.int64(15), np.int64(33), np.int64(22), np.int64(12), np.int64(49), np.int64(3), np.int64(17), np.int64(19), np.int64(54), np.int64(3), np.int64(60), np.int64(10), np.int64(19), np.int64(7), np.int64(15)]","[np.int64(50), np.int64(57), np.int64(18), np.int64(33), np.int64(27), np.int64(58), np.int64(55), np.int64(26), np.int64(10), np.int64(25), np.int64(49), np.int64(11), np.int64(18), np.int64(22), np.int64(52), np.int64(50), np.int64(23), np.int64(33), np.int64(48), np.int64(55), np.int64(19), np.int64(27), np.int64(37), np.int64(55), np.int64(17), np.int64(22), np.int64(43), np.int64(43), np.int64(30), np.int64(42), np.int64(45), np.int64(37), np.int64(6), np.int64(63), np.int64(15), np.int64(1), np.int64(47), np.int64(54), np.int64(5), np.int64(36), np.int64(2), np.int64(40), np.int64(35), np.int64(17), np.int64(38), np.int64(55), np.int64(59), np.int64(40), np.int64(16), np.int64(37), np.int64(34), np.int64(43), np.int64(45), np.int64(41), np.int64(19), np.int64(2), np.int64(31), np.int64(34), np.int64(23), np.int64(29), np.int64(37), np.int64(38), np.int64(27), np.int64(26)]",False,False,0.0,0.0,"[62 47 62 53 23  9 52 58 38 52 37 11 50 45  0  0  5 22 34  8 41 53 62 52
 62 31 13 33 62 55 11 52 50 45 13 23 45 62  9 22 37 32  0  5 10 11 11 24
 43 46 15 55 11 42 27 52  4 55 57 22 49 29 11  0]","[62 47 62 56 62 13 52 58 19 52  9 11 14 45  0  0 22 21 16 29 41 40 62  4
 62 26 13 22 62 55 11  0 12 45 13 23 45 62 50 15 63 54  0  5 10 11 11 24
 43 46  9 55 11  3 27 52  4  0 57 60 50 55 11  0]",True,True,0.609375,0.921875,"[62 47 62 56 62 19 46 58 19 38  9 11 32 45  0 50 22 22 34 51 48 40 62 52
 62 23 13 23 62 55 11 52 33 45 37 23 45 62 33 22 37 54  0  5 10 11 11 24
 20 46  9 55 11 42 40 52  4 55 41 41 37 29 11 28]","[62 53 62 53 62 13 46 58 19 38  9 11 32 26 12  0 22 22 16 51 41 54 62 52
 62 23 13 40 62 19 11  0 33 45 37 49 45 62 50 22 34 32 53  8 10 11 11 33
 43 28  9 55 11 21 29 52 33  0 57 60 49 55 11  0]",False,False,0.203125,0.078125,0.04,1.0,1.0,1,1,25,0.04,1.0,1.0,1,1,25,1.0,0.0,0.0,25,0,0,1.0,0.0,0.0,25,0,0,1.0,0.92,0.92,25,23,23,1.0,1.0,1.0,25,25,25,1.0,0.28,0.28,25,7,7,1.0,0.16,0.16,25,4,4
[0.         0.         0.         ... 0.70781353 0.         0.        ],"[55 26  8 45 57 43  4 47 57 25 13 55 13 27  1 60 13 44 39 58 20  4 51 47
 41 41 51 20 35 53 27 37 30 43 52 11 53 57 55 59 50 27 37 47  7 46 59 20
 54  0 24 27  8 62 32 51 39 27 51 27 46  7 59 26]","[55 26  1 18 13 43 26 47 57 33 13 55 13 27  1 60 23 44 39 12 20  4 51 47
 41 12 51 20 35 53 27 37 30 43 52 11  2 30 16 23 50 27 16 47 26 46 31 20
 54  0  6 27 56 31 61 51 25 27 51 27 46 12 59  9]",True,True,0.90625,0.875,"[np.int64(6), np.int64(38), np.int64(37), np.int64(0), np.int64(50), np.int64(20), np.int64(46), np.int64(29), np.int64(55), np.int64(48), np.int64(30), np.int64(54), np.int64(58), np.int64(50), np.int64(37), np.int64(59), np.int64(2), np.int64(22), np.int64(55), np.int64(56), np.int64(17), np.int64(61), np.int64(54), np.int64(14), np.int64(8), np.int64(18), np.int64(42), np.int64(20), np.int64(29), np.int64(34), np.int64(28), np.int64(53), np.int64(37), np.int64(29), np.int64(11), np.int64(11), np.int64(8), np.int64(62), np.int64(45), np.int64(51), np.int64(26), np.int64(13), np.int64(46), np.int64(42), np.int64(25), np.int64(36), np.int64(31), np.int64(2), np.int64(34), np.int64(25), np.int64(42), np.int64(39), np.int64(61), np.int64(44), np.int64(25), np.int64(52), np.int64(17), np.int64(27), np.int64(29), np.int64(51), np.int64(2), np.int64(27), np.int64(24), np.int64(32)]","[np.int64(57), np.int64(39), np.int64(30), np.int64(0), np.int64(37), np.int64(42), np.int64(43), np.int64(5), np.int64(50), np.int64(36), np.int64(18), np.int64(25), np.int64(15), np.int64(33), np.int64(48), np.int64(29), np.int64(56), np.int64(14), np.int64(19), np.int64(48), np.int64(60), np.int64(30), np.int64(38), np.int64(42), np.int64(11), np.int64(55), np.int64(30), np.int64(50), np.int64(38), np.int64(6), np.int64(5), np.int64(24), np.int64(45), np.int64(46), np.int64(50), np.int64(24), np.int64(52), np.int64(49), np.int64(61), np.int64(13), np.int64(32), np.int64(1), np.int64(50), np.int64(2), np.int64(14), np.int64(21), np.int64(40), np.int64(3), np.int64(18), np.int64(3), np.int64(31), np.int64(55), np.int64(38), np.int64(36), np.int64(56), np.int64(47), np.int64(42), np.int64(38), np.int64(57), np.int64(16), np.int64(23), np.int64(29), np.int64(49), np.int64(34)]",False,False,0.0,0.0,"[55  2  8 45 57 43 26 47 57 33 13 55 13 27  1 60 13 63 39 58 20  4 57 47
 41 41 23 20 35 53 27 37 30 43 52 11  2 39 55 23 50 27  5 47  5 46 59 20
 54  0  6 27  8 62 32 51 25 27 51 27 46 37 59 42]","[55 26  1 18 13 43  4 47 57 44 16 55 61 27  1 60 13 44 39 58 20  4 51 47
 21  1 51 20 35 17 27 37 30  9 52 11  2 12 16 23 50 27 16 47 26 46 59 20
 54  0  6 27 56 62 32 51 26 27 51 27 46  7 10 26]",True,True,0.609375,0.921875,"[55 38  8 45 41 12 26 47 52 25 13 55 33 27  1 60 10 44 39 58 20 31 51 47
 41  7 51 20 35 17 27 37 30 12 52 11 29 30 55 59 50  4 16 47  7 46 59 20
 54  0 24 27 56 62 32 51 25 27 51 27 46  7 59 58]","[49 25  1 45 13 12  4 44 57 33 13 32 13 27 49 60 23 44 39 12 20 31 51 47
 41 41 23 20 35 52 27 21 11  7 52 11 53 30 16 12 50 51  5 47 26 46 59 20
 54  0 24 27 56 31 61 51 25 37  5 27 46 12 59 26]",False,False,0.203125,0.078125,0.04,1.0,1.0,1,1,25,0.04,1.0,1.0,1,1,25,1.0,0.0,0.0,25,0,0,1.0,0.0,0.0,25,0,0,1.0,0.44,0.44,25,11,11,1.0,1.0,1.0,25,25,25,1.0,0.32,0.32,25,8,8,1.0,0.0,0.0,25,0,0
[0.         0.         0.70781353 ... 0.         0.         0.500999  ],"[25 25  7 41 44 10 56 10 23 16 23 41 51 23  5 59  8 13 41  1 28 53 33 23
 10  8 23  0 61 57 18 51  4 25 51 47 63  2 63 31 41 61 17 25 13 47  1 51
 25  5 13 13 17 61 17 61  5  9  7 24 59 23 56 13]","[55 25  7 41 63 10 52 10 23 16 23 41 51 23 44 18  8 13 41  1 55 53  4 23
 10  8 23  0 61 57 18 51  4 50 51 47 63  2 63 31 41 61 17 25 13 36  1 51
 25 40 13 13 17 61 17 61  5 45  7 24 57 23 37 13]",True,True,0.90625,0.875,"[np.int64(36), np.int64(7), np.int64(10), np.int64(40), np.int64(21), np.int64(59), np.int64(20), np.int64(2), np.int64(29), np.int64(29), np.int64(27), np.int64(16), np.int64(17), np.int64(58), np.int64(42), np.int64(16), np.int64(53), np.int64(41), np.int64(3), np.int64(34), np.int64(28), np.int64(39), np.int64(47), np.int64(37), np.int64(50), np.int64(19), np.int64(36), np.int64(41), np.int64(19), np.int64(44), np.int64(8), np.int64(8), np.int64(51), np.int64(33), np.int64(1), np.int64(50), np.int64(60), np.int64(31), np.int64(9), np.int64(16), np.int64(7), np.int64(52), np.int64(3), np.int64(6), np.int64(25), np.int64(36), np.int64(59), np.int64(42), np.int64(24), np.int64(31), np.int64(28), np.int64(39), np.int64(27), np.int64(10), np.int64(45), np.int64(58), np.int64(47), np.int64(35), np.int64(20), np.int64(3), np.int64(18), np.int64(61), np.int64(17), np.int64(32)]","[np.int64(39), np.int64(12), np.int64(44), np.int64(21), np.int64(32), np.int64(21), np.int64(63), np.int64(38), np.int64(17), np.int64(62), np.int64(37), np.int64(3), np.int64(55), np.int64(18), np.int64(56), np.int64(8), np.int64(62), np.int64(8), np.int64(55), np.int64(53), np.int64(8), np.int64(27), np.int64(58), np.int64(39), np.int64(27), np.int64(12), np.int64(21), np.int64(25), np.int64(47), np.int64(32), np.int64(2), np.int64(33), np.int64(22), np.int64(43), np.int64(60), np.int64(37), np.int64(63), np.int64(26), np.int64(44), np.int64(20), np.int64(22), np.int64(11), np.int64(26), np.int64(1), np.int64(12), np.int64(23), np.int64(28), np.int64(10), np.int64(50), np.int64(36), np.int64(38), np.int64(19), np.int64(48), np.int64(25), np.int64(42), np.int64(11), np.int64(29), np.int64(50), np.int64(13), np.int64(16), np.int64(40), np.int64(3), np.int64(5), np.int64(54)]",False,False,0.0,0.0,"[55 25 20 41 63 10 56 28 23 61 23 44 51 23 44 62  8 13 41  1 28 53  3 23
 10  8 23  0 61 57 18 63 45 25 51 56 55 62 63 57 41 61 17 25 13 57  1 18
 25  5 13 13 17 61 17 61  5  9 19 15 57 23 56 13]","[55 25 18 41 63 10 52 10 23 16 23 41 51 23 44 59  8 13 41  1 55 53 20 23
 10  8 23 32 61 57  4 51 45 25 51 52 55 52 63 31 41 61 17 12 11 36  1 18
 25 40 13 13 36 61 17 61 62 45 37 24 57 23 15 13]",False,True,0.609375,0.921875,"[55 25 20 41 63 10 52 10 23 16 23 44 51 23  5 18  8 13 41  1 28 53 33 23
 10 43 23  0 61 57  4 63 45 25 51 47 55  2 63 37 41 61 17 12 13 56 22 51
 25 40 13 13 17 61 17 61  5  9  4 24 58 23 56 13]","[25 25 18 41 44 14 52 10 23 16 23 41 51 23 36 62  8 13  2  1 45 48  4 23
 10  8 23  0 61 57  4 51 45 50  0 47 55  2 63 37  7 61 17 12 47 20 22 20
 21  5 13 53 37 61 17 61 35 45 60 15 58 23 42 13]",True,False,0.203125,0.078125,0.04,1.0,1.0,1,1,25,0.04,1.0,1.0,1,1,25,1.0,0.0,0.0,25,0,0,1.0,0.0,0.0,25,0,0,1.0,0.96,0.96,25,24,24,1.0,1.0,1.0,25,25,25,1.0,0.28,0.28,25,7,7,1.0,0.0,0.0,25,0,0
[0.500999   1.00049988 0.         ... 1.00049988 0.70781353 1.00049988],"[42 10 25 33 27 42 13 26 25 42 53 43 27 36 16 15 51  0 50 25 37 40 36 30
 45 45 37 45 13  5 15 53 26 36 23 39 15 36 20 61 33 46 45 53 20 15 27 12
 43  5 42 36  3 30 13 18 48 51 51 33 16 50 59 31]","[42 10 25 33 27 42 13 26 25 58 53 43 27 36 16 15 51  0 57 25 37 40 36 30
 45 45 51 45 13  5 15 53 26 36 23 39 15 36 20 61 33 14 45 53  2 15 27 12
  7  5 42 36  3 30 13 14  1 51 51 26 16 32  9 31]",True,True,0.90625,0.875,"[np.int64(39), np.int64(8), np.int64(50), np.int64(63), np.int64(46), np.int64(17), np.int64(0), np.int64(5), np.int64(63), np.int64(24), np.int64(36), np.int64(29), np.int64(57), np.int64(33), np.int64(6), np.int64(27), np.int64(24), np.int64(5), np.int64(48), np.int64(55), np.int64(0), np.int64(21), np.int64(17), np.int64(40), np.int64(45), np.int64(7), np.int64(1), np.int64(22), np.int64(7), np.int64(23), np.int64(22), np.int64(5), np.int64(35), np.int64(12), np.int64(41), np.int64(18), np.int64(38), np.int64(12), np.int64(54), np.int64(63), np.int64(24), np.int64(2), np.int64(40), np.int64(44), np.int64(27), np.int64(54), np.int64(20), np.int64(60), np.int64(3), np.int64(5), np.int64(34), np.int64(50), np.int64(10), np.int64(33), np.int64(54), np.int64(42), np.int64(58), np.int64(43), np.int64(35), np.int64(54), np.int64(41), np.int64(32), np.int64(47), np.int64(5)]","[np.int64(44), np.int64(41), np.int64(39), np.int64(7), np.int64(27), np.int64(36), np.int64(34), np.int64(0), np.int64(0), np.int64(28), np.int64(18), np.int64(59), np.int64(24), np.int64(28), np.int64(50), np.int64(51), np.int64(30), np.int64(10), np.int64(0), np.int64(13), np.int64(47), np.int64(46), np.int64(9), np.int64(9), np.int64(17), np.int64(55), np.int64(5), np.int64(49), np.int64(0), np.int64(59), np.int64(6), np.int64(55), np.int64(41), np.int64(40), np.int64(53), np.int64(4), np.int64(21), np.int64(35), np.int64(27), np.int64(59), np.int64(23), np.int64(5), np.int64(25), np.int64(7), np.int64(16), np.int64(17), np.int64(31), np.int64(59), np.int64(36), np.int64(15), np.int64(38), np.int64(36), np.int64(38), np.int64(58), np.int64(40), np.int64(59), np.int64(33), np.int64(52), np.int64(24), np.int64(26), np.int64(18), np.int64(50), np.int64(21), np.int64(57)]",False,False,0.0,0.0,"[42 10 25 33 27 42 31 28 12 42 53 43 27 36 16 15 51 21 50 25 37  0 36 30
 45 45 51 45 13  5 15 53 26 36 23 39 15 36 11 61 33 46 45 53  2 15 27 12
 43  5 42 36  3 30 13 18 48 51 51 26 16 50  9 31]","[42 61 50 33 27 42 13 26 12 42 53 43 27 36  4 15 51  0 57 25 37 40 36 30
 45 45 51 23 13  5 15  6 26 36 23 39 15 36 20 61 33 14 45 53 20 15 27 12
 43  5 42 36  3 30 13 18  1 51 51 33 16 50  9 31]",True,True,0.609375,0.921875,"[42 10 25 33 27 49 13 48 25  2 53 43 27 36 16 15 51  0 55 25 37 40 36 30
 45 45 59 45 13  5 15 42 61 36 23 39 15 36 20 61 33 14 45 53  2 15 27 12
  7  5 42 36 16 30 13 18  1 51 51 62 16 50 59 31]","[42 61  9 46 58 20 13 18 12 58 53 38 27 36  4 15 51 21 50 25 37 40 36 30
 45 45 37 45 12  5 15 53 61 36 12 39 15 36 11 61 33 14 45 53 20 15  3 12
  7  5  2 36 16 30 13 18 48 18 51 33 16 50  9 31]",False,False,0.203125,0.078125,0.04,1.0,1.0,1,1,25,0.04,1.0,1.0,1,1,25,1.0,0.0,0.0,25,0,0,1.0,0.0,0.0,25,0,0,1.0,0.76,0.76,25,19,19,1.0,1.0,1.0,25,25,25,1.0,0.2,0.2,25,5,5,1.0,0.16,0.16,25,4,4
[0.         0.         0.         ... 0.70781353 0.70781353 0.        ],"[44 41 40 35 20 48 58 41 30 43  1 59 59 47 19 10  7 26 49 48  8 42 35 11
 11 59 62 38 54 10 16 15 29 10 40 10 35 38 48 63 43 41 38  1 11 61 38 33
  7  7 54 46 46 35 43 33 19 44 38  7 25 38 59 12]","[44 41 50 35 20 48 57 41 30 43  1 10 59 47 60 10  7 26 49 48  8 23 34 11
 11 59 30 30 54 10 16 15  8 10 12 10 35 23 48 26 10 41 30  1 11 63 26 24
  7  7 24 28 46 35 43 33 19 44 26  7 25 26 59 12]",True,True,0.90625,0.875,"[np.int64(15), np.int64(5), np.int64(63), np.int64(45), np.int64(26), np.int64(31), np.int64(48), np.int64(27), np.int64(42), np.int64(50), np.int64(32), np.int64(20), np.int64(0), np.int64(21), np.int64(37), np.int64(41), np.int64(54), np.int64(14), np.int64(55), np.int64(47), np.int64(7), np.int64(29), np.int64(61), np.int64(22), np.int64(13), np.int64(60), np.int64(11), np.int64(37), np.int64(22), np.int64(42), np.int64(4), np.int64(46), np.int64(7), np.int64(41), np.int64(8), np.int64(10), np.int64(12), np.int64(3), np.int64(26), np.int64(12), np.int64(2), np.int64(14), np.int64(48), np.int64(29), np.int64(26), np.int64(22), np.int64(39), np.int64(32), np.int64(50), np.int64(17), np.int64(33), np.int64(32), np.int64(9), np.int64(6), np.int64(59), np.int64(11), np.int64(4), np.int64(62), np.int64(42), np.int64(29), np.int64(15), np.int64(35), np.int64(44), np.int64(8)]","[np.int64(20), np.int64(43), np.int64(38), np.int64(58), np.int64(60), np.int64(34), np.int64(7), np.int64(2), np.int64(4), np.int64(3), np.int64(25), np.int64(10), np.int64(49), np.int64(2), np.int64(42), np.int64(22), np.int64(44), np.int64(19), np.int64(6), np.int64(43), np.int64(23), np.int64(49), np.int64(8), np.int64(56), np.int64(63), np.int64(48), np.int64(55), np.int64(42), np.int64(47), np.int64(47), np.int64(8), np.int64(22), np.int64(18), np.int64(8), np.int64(48), np.int64(31), np.int64(3), np.int64(15), np.int64(7), np.int64(28), np.int64(62), np.int64(49), np.int64(47), np.int64(2), np.int64(41), np.int64(8), np.int64(52), np.int64(21), np.int64(30), np.int64(21), np.int64(3), np.int64(22), np.int64(40), np.int64(2), np.int64(8), np.int64(1), np.int64(6), np.int64(6), np.int64(0), np.int64(57), np.int64(46), np.int64(18), np.int64(12), np.int64(0)]",False,False,0.0,0.0,"[44 41 40 35 20 48 58 41 35 43  1 59 59 47 19 18  7 26 49 48  8 24 34 62
 11 59 30 38 35 10 62  8 29 10 24 10 35 38 48 26 29 41 30  1 11 50 38 33
  7  7 24 46 46 35 43 33 19  6 38  7 22 38 59 23]","[44 41 40 32 20 48 57 41 30 43  1 10 59 55 19 10  7 26 49 48  8 42 34 21
 21 59 62 30 35 40 16  8 29 10 40  8 57 38 48 26 10 41 33  1 11 50 38 33
  7  7  2  2 46 35 12 33 19 55 38  7 25 38 30 24]",True,True,0.609375,0.921875,"[60 41 60 32 20 48 58 41 31 43  1 59 59 47 19 10  7 26 49 48  8 24 35 11
 11 59 30 38 54 10 62 27  3 10 40 10 56 23 48 26 43 41 38  1 11 63 51 24
  7  7 24 46 46 35 43 57 36 44 26  7 34 27 59 12]","[44 41 50 35 20 48 58 41 35 43  1 10 59 55 26 10  7 26 49 48  8 42 35 11
 11 59 14 30  8 10 15  8  8 10 24 10 57 23 42 63 25 41 30  1 11 50 29 33
  7  7 54 50 46 28 43 33 19 44 26  7 25 26 26 23]",False,False,0.203125,0.078125,0.04,1.0,1.0,1,1,25,0.04,1.0,1.0,1,1,25,1.0,0.0,0.0,25,0,0,1.0,0.0,0.0,25,0,0,1.0,0.52,0.52,25,13,13,1.0,1.0,1.0,25,25,25,1.0,0.16,0.16,25,4,4,1.0,0.04,0.04,25,1,1
[1.00049988 0.         0.         ... 0.         1.00049988 0.500999  ],"[45 21 23 21 40 15  7 35 18 20 44 33 34 42 10  1 22 38 35 46  1 28 28 18
 44 30 30 10 35 30 18 57 10 28 18 35 27 43 63  0 46 17 34 23  7 18 63  2
 54 24 10 57 29 52 30 28  2 44 23  1 59  8 49  7]","[45 21 23 21 51 15  7 35 18 20 44 30 34 61 10  1 22 38 35 46  1 28 28 18
 44 30 30 54 35 30 18 10 10 28 18 35 27 43  8  0 46 17 34  8  7 18 63  2
 54 58 26 25 58 52 30 28 51 43 23  1 59  8 49  7]",True,True,0.90625,0.875,"[np.int64(21), np.int64(14), np.int64(41), np.int64(32), np.int64(26), np.int64(31), np.int64(17), np.int64(8), np.int64(41), np.int64(45), np.int64(17), np.int64(8), np.int64(63), np.int64(27), np.int64(27), np.int64(52), np.int64(58), np.int64(22), np.int64(40), np.int64(30), np.int64(40), np.int64(32), np.int64(57), np.int64(36), np.int64(17), np.int64(61), np.int64(13), np.int64(60), np.int64(57), np.int64(56), np.int64(50), np.int64(30), np.int64(35), np.int64(2), np.int64(56), np.int64(24), np.int64(17), np.int64(27), np.int64(37), np.int64(59), np.int64(30), np.int64(25), np.int64(24), np.int64(13), np.int64(39), np.int64(32), np.int64(59), np.int64(25), np.int64(6), np.int64(10), np.int64(38), np.int64(0), np.int64(52), np.int64(15), np.int64(25), np.int64(38), np.int64(44), np.int64(63), np.int64(20), np.int64(22), np.int64(47), np.int64(43), np.int64(19), np.int64(5)]","[np.int64(28), np.int64(9), np.int64(12), np.int64(13), np.int64(37), np.int64(49), np.int64(35), np.int64(27), np.int64(61), np.int64(25), np.int64(43), np.int64(2), np.int64(30), np.int64(30), np.int64(26), np.int64(3), np.int64(3), np.int64(4), np.int64(48), np.int64(51), np.int64(15), np.int64(29), np.int64(13), np.int64(30), np.int64(58), np.int64(31), np.int64(17), np.int64(61), np.int64(15), np.int64(56), np.int64(24), np.int64(45), np.int64(31), np.int64(60), np.int64(2), np.int64(32), np.int64(26), np.int64(44), np.int64(30), np.int64(5), np.int64(50), np.int64(1), np.int64(1), np.int64(5), np.int64(63), np.int64(0), np.int64(32), np.int64(10), np.int64(54), np.int64(20), np.int64(41), np.int64(40), np.int64(49), np.int64(5), np.int64(6), np.int64(18), np.int64(0), np.int64(9), np.int64(15), np.int64(38), np.int64(45), np.int64(6), np.int64(56), np.int64(51)]",False,False,0.0,0.0,"[45 21 23 21 49 15  7 35 18 20 44 30 34 42 10  1 22 38 35 59  1 28 28 18
 44 26 30 36 35 30 18 46  5 28 18 35 60 43  8  0 13 17 34  8  7 18 15  2
 54 52 10 25 20 50 30 28  2 44 23  1 59  8 27  7]","[45 15 23 21 51 32  7 35 22 20 44 30 34 42 10 57 22 38 35 46 58 28 28 18
 44 30 30 10 35 52 18 10 10 28 18 35 27 43 63  0 46 17 34 23  7 18 63  2
 54 24 10 57 58 52  2 28 51 44 23  1 59 37 27  7]",True,True,0.609375,0.921875,"[45 21 23 21 47 32  7 35 18 20 44 33 34 42 10  1 43 26 35 59 58 28 28 18
 44 30 30 62 35 30 18 46 10 28 18 35 27 43 63  0 46 17 34 23  7 18 38  2
 54 24 26 25 29 52 51 28  2 43 23 39 59 37  4  7]","[45 21 23 21 47 32  7 35 22 20 31 30  0 61 10 57 22 38 35 46 58 28 28 43
 44 45 42 54 35 30 11 10 10 44 18 35 60 61 63  0 46 17 34 23 33  0 38 49
 54 24 53 54 29 52 30 28  2 31 23 39 59  8  4 38]",True,False,0.203125,0.078125,0.04,1.0,1.0,1,1,25,0.04,1.0,1.0,1,1,25,1.0,0.0,0.0,25,0,0,1.0,0.0,0.0,25,0,0,1.0,0.88,0.88,25,22,22,1.0,1.0,1.0,25,25,25,1.0,0.24,0.24,25,6,6,1.0,0.0,0.0,25,0,0
[0.       0.       0.       ... 0.       0.       0.500999],"[ 9 17 47 17 28 41 12 59  5 32 17 22 42 62 20 34 40 33 43 18 33 54 17 56
 32 27 58 35 32 28 41  3 33 33 32 33 48  3 35 54 14 32 35 17 48 14 17 14
 17 51 33 35 28 17 34 41  9 17 44 33 24 46 60 34]","[ 9 17 47 17 57 41 12 57  5 32 17 63 42 62 20 34 45 33 43 18 33 54 17 56
 32 27 58 35 32 28  1 51 33 33 32 33  1  3 35 54 14 32 35 17 48 14 17  4
 17 43 33 35 28 17 34 41  9 20 44 33 24 46 15 34]",True,True,0.90625,0.875,"[np.int64(8), np.int64(21), np.int64(50), np.int64(56), np.int64(41), np.int64(46), np.int64(18), np.int64(14), np.int64(43), np.int64(39), np.int64(4), np.int64(49), np.int64(62), np.int64(4), np.int64(57), np.int64(13), np.int64(26), np.int64(0), np.int64(42), np.int64(10), np.int64(56), np.int64(51), np.int64(30), np.int64(52), np.int64(54), np.int64(37), np.int64(19), np.int64(51), np.int64(26), np.int64(3), np.int64(59), np.int64(6), np.int64(54), np.int64(46), np.int64(51), np.int64(1), np.int64(63), np.int64(43), np.int64(61), np.int64(24), np.int64(61), np.int64(43), np.int64(12), np.int64(3), np.int64(42), np.int64(3), np.int64(35), np.int64(43), np.int64(43), np.int64(24), np.int64(15), np.int64(41), np.int64(42), np.int64(17), np.int64(2), np.int64(3), np.int64(27), np.int64(57), np.int64(23), np.int64(22), np.int64(34), np.int64(3), np.int64(11), np.int64(18)]","[np.int64(17), np.int64(50), np.int64(10), np.int64(17), np.int64(40), np.int64(5), np.int64(25), np.int64(33), np.int64(23), np.int64(16), np.int64(61), np.int64(49), np.int64(5), np.int64(38), np.int64(26), np.int64(50), np.int64(55), np.int64(7), np.int64(9), np.int64(45), np.int64(16), np.int64(14), np.int64(4), np.int64(30), np.int64(3), np.int64(6), np.int64(59), np.int64(58), np.int64(52), np.int64(10), np.int64(31), np.int64(27), np.int64(12), np.int64(22), np.int64(47), np.int64(39), np.int64(57), np.int64(0), np.int64(17), np.int64(58), np.int64(47), np.int64(60), np.int64(57), np.int64(29), np.int64(0), np.int64(45), np.int64(23), np.int64(24), np.int64(12), np.int64(4), np.int64(18), np.int64(44), np.int64(35), np.int64(54), np.int64(28), np.int64(1), np.int64(1), np.int64(8), np.int64(48), np.int64(52), np.int64(48), np.int64(30), np.int64(55), np.int64(19)]",False,False,0.0,0.0,"[49 17 37 17 28 41 12 59 49 20 17 22 44 62 20 34 40 33 43 18 33 30 17 31
 32 27 58 35 32 28 41 51 33 33 32 33 55 22 35 54 14 32 35 17 48 14 43 14
  9 51 33 35 28 17 27 41  9  4 44 33 42 46 15 34]","[24 17 47 17 57 41 12 57 49 32 17 55 42 62 20 34 40 33 11 13 33 30 17 61
 32 27 58 35 32 28 48  3 33 33 32 33 15 47 35 61 24 32 35 17 12 14 43 55
 17  0 33 35 28 17 27 63  9 20 44 33 42 46 15 34]",True,True,0.609375,0.921875,"[49 17 47 51 28 10 12 59  5 32 17 22 42 21 17 34 45 33 43 18 33 62 17 56
 60 27 58 35 32 28 41 23 33 33 32 33  1  3 35 52 14 17 35 49 48 14 17 55
 17  0 33 24 39 17 34 10  9 17 44 33 24 46 21 28]","[28 17 47 17 57 41 12 59 49 32 17 55 42 21 20 34 45 33 11 18 33 18 17 61
 32 29 58 54 32 25 41 51 33 33 32 33  1 22 34 52 24 17 35 49 48 14 17 14
  9  0 33 24 39 17 62 10 18  7 44 33 62 23 60 34]",False,False,0.203125,0.078125,0.04,1.0,1.0,1,1,25,0.04,1.0,1.0,1,1,25,1.0,0.0,0.0,25,0,0,1.0,0.0,0.0,25,0,0,1.0,0.64,0.64,25,16,16,1.0,1.0,1.0,25,25,25,1.0,0.32,0.32,25,8,8,1.0,0.2,0.2,25,5,5
[0.         0.         0.         ... 1.00049988 0.         0.        ],"[ 8  9 23 14 41 50 13 39 16 16  9 22 55 16 16  9 16 15 49 43 14 51 39 14
 48 39 48 15 43 41 58 41 60 20 16 14 48 29 48 13 50  9 26  8 34 43 58 50
  8 14 13 13 36 34 15  9 48 14  9  9 61 34 16 48]","[ 9  9 23 14 41 23 13 44 16 16  9 22 55 16 16  9 16 60 12  6 14 51  3 14
 48 23 48 15 60 35 58 41 60 20 16 14 48 29 48 13 50  9 29  8 34 43 19 50
 14 14 13 13 46 14 15  9 61 14  9  9 61 13 16 48]",True,True,0.90625,0.875,"[np.int64(45), np.int64(41), np.int64(37), np.int64(42), np.int64(47), np.int64(15), np.int64(53), np.int64(6), np.int64(31), np.int64(42), np.int64(34), np.int64(30), np.int64(52), np.int64(13), np.int64(25), np.int64(56), np.int64(53), np.int64(57), np.int64(22), np.int64(37), np.int64(48), np.int64(24), np.int64(8), np.int64(40), np.int64(45), np.int64(17), np.int64(57), np.int64(59), np.int64(47), np.int64(8), np.int64(8), np.int64(55), np.int64(20), np.int64(30), np.int64(12), np.int64(38), np.int64(44), np.int64(7), np.int64(25), np.int64(28), np.int64(52), np.int64(34), np.int64(48), np.int64(44), np.int64(32), np.int64(39), np.int64(57), np.int64(25), np.int64(63), np.int64(17), np.int64(16), np.int64(45), np.int64(8), np.int64(59), np.int64(49), np.int64(44), np.int64(1), np.int64(25), np.int64(47), np.int64(54), np.int64(2), np.int64(26), np.int64(1), np.int64(5)]","[np.int64(37), np.int64(46), np.int64(33), np.int64(39), np.int64(6), np.int64(42), np.int64(45), np.int64(42), np.int64(23), np.int64(38), np.int64(58), np.int64(30), np.int64(18), np.int64(19), np.int64(23), np.int64(32), np.int64(10), np.int64(50), np.int64(49), np.int64(45), np.int64(56), np.int64(31), np.int64(28), np.int64(29), np.int64(49), np.int64(37), np.int64(53), np.int64(55), np.int64(31), np.int64(22), np.int64(50), np.int64(50), np.int64(61), np.int64(27), np.int64(28), np.int64(3), np.int64(6), np.int64(52), np.int64(58), np.int64(54), np.int64(21), np.int64(39), np.int64(4), np.int64(27), np.int64(61), np.int64(10), np.int64(2), np.int64(4), np.int64(27), np.int64(24), np.int64(32), np.int64(2), np.int64(51), np.int64(15), np.int64(1), np.int64(40), np.int64(55), np.int64(39), np.int64(9), np.int64(60), np.int64(49), np.int64(52), np.int64(56), np.int64(49)]",False,False,0.0,0.0,"[ 9  9 47 14 63 23 60 39 16 16  9 22  5 16 16  9 16 15 49 39 61 51  3 14
 48 23 45 59 43 41 49 63 60 20 16 14 48 29 48 13 50 13 29  8 34 43 58 50
  8 14 13 13 36 34  2  9 48 14  9  9 16 34 16 48]","[ 8 15 54 51 41 10 13 44 16 16  0 56 55 16 16 34 16 15 49  6 14 51  3 14
 48 39 28 15 51 41 49 41 26 20 16 14  6 21 48 13 50 13 26  8 34 43 19 50
 14 14 13 13 36 51 15 20 53 14 30 22 28 13 16 15]",False,True,0.609375,0.921875,"[ 9  9 23 14 63 10 13 39 16 16  9 22  5 16 16  9 16 26 49 39 14 51 47  2
 38 59 17 15 26 41 49 40 26 20 16 14 48 29 41 13 50  9 29 28 34 43 19 22
 56 14 48 13 47 14 15  9 61 30  9  9 58 48 16 60]","[ 9 15 54 14 63 50 20 44 16 16  9 22 55 16 16  9 16 60 49 36 14 56  3 25
 48 59 28 15 43 35 58 40 60 20 16 14 48 21 41 13 50 13 29  8  7 43 58 50
 14 14 48 53 46 34 15  6 61 14  9 25 61 34 16 48]",False,False,0.203125,0.078125,0.04,1.0,1.0,1,1,25,0.04,1.0,1.0,1,1,25,1.0,0.0,0.0,25,0,0,1.0,0.0,0.0,25,0,0,1.0,0.48,0.48,25,12,12,1.0,1.0,1.0,25,25,25,1.0,0.28,0.28,25,7,7,1.0,0.12,0.12,25,3,3
[0.         0.         0.         ... 0.         1.00049988 1.00049988],"[52 42 29 14  1  0 16  8 36 40 31 56  0 16 13 26 56 15 29 47 10 58 16 48
 40  6 20  0 13 11 52 16 48 13 11 56 43 37 34 33 29 49 30 13 54 63 14 43
 16 32 55  9 11 27 43 31 37 19 42 53 27 32 41 38]","[52 42 29 14  1  0 16  8 12 40 31 56  0 16 13 26 56 62 29 47 10 58 16 48
 40  6 47  0 13 11 52 16 48 13 11 56 43 37 34 33 29 49 30 13 54 63 14 43
 16 33 42 47 11 27 43 31 37  8 42 60 27 10 41 38]",True,True,0.90625,0.875,"[np.int64(23), np.int64(26), np.int64(37), np.int64(5), np.int64(30), np.int64(36), np.int64(60), np.int64(14), np.int64(13), np.int64(34), np.int64(17), np.int64(47), np.int64(4), np.int64(53), np.int64(6), np.int64(11), np.int64(51), np.int64(2), np.int64(25), np.int64(14), np.int64(27), np.int64(45), np.int64(55), np.int64(52), np.int64(46), np.int64(44), np.int64(39), np.int64(18), np.int64(12), np.int64(38), np.int64(7), np.int64(50), np.int64(23), np.int64(62), np.int64(19), np.int64(27), np.int64(14), np.int64(28), np.int64(62), np.int64(51), np.int64(20), np.int64(8), np.int64(6), np.int64(33), np.int64(63), np.int64(8), np.int64(39), np.int64(49), np.int64(25), np.int64(45), np.int64(35), np.int64(38), np.int64(39), np.int64(6), np.int64(5), np.int64(5), np.int64(28), np.int64(4), np.int64(23), np.int64(36), np.int64(7), np.int64(55), np.int64(11), np.int64(22)]","[np.int64(12), np.int64(15), np.int64(21), np.int64(28), np.int64(47), np.int64(11), np.int64(25), np.int64(26), np.int64(31), np.int64(54), np.int64(1), np.int64(13), np.int64(30), np.int64(4), np.int64(19), np.int64(25), np.int64(12), np.int64(57), np.int64(39), np.int64(15), np.int64(56), np.int64(20), np.int64(51), np.int64(1), np.int64(20), np.int64(58), np.int64(44), np.int64(14), np.int64(60), np.int64(15), np.int64(6), np.int64(52), np.int64(35), np.int64(39), np.int64(50), np.int64(23), np.int64(39), np.int64(28), np.int64(28), np.int64(34), np.int64(9), np.int64(57), np.int64(53), np.int64(52), np.int64(51), np.int64(1), np.int64(61), np.int64(16), np.int64(17), np.int64(58), np.int64(49), np.int64(47), np.int64(28), np.int64(11), np.int64(51), np.int64(19), np.int64(46), np.int64(18), np.int64(13), np.int64(58), np.int64(47), np.int64(41), np.int64(2), np.int64(33)]",False,False,0.0,0.0,"[22 42 29 14 35  0 16  8 62 40 31 56  0 16 13 56 56 15 29 47 43 58 16 35
 55  6 20 25 13 11 52 16 48 43 11 56 43 37 34 33 29 49 30 13 54 63 14 39
 16 33 14  9 11 27 43 31 37  8 45 60 46 32 37 38]","[22 12 29 23  1 45 16  8 36 55 31 56  0 16 50 26 56 62 29 47 43 58 16 48
 10  6 20  0 13 11 52 16 48  6 38 56 43 37 13 33  9 24 30 13 54 51 14  2
 16 33 55  9 16 27 43 31 37 19 42 60 27 10  8 38]",False,True,0.609375,0.921875,"[22 42 29 54  1  0 16  8  7 40 33 56  0 16 13 26 56 62 29 47 18  7 16 48
 41  6 47 53 13 11 52 55 48 22 11 56 43 37 13 33 29 49 30 13 54 63 14 43
 16 32 14 47 11 27 43 24 37 19 47 60 46 32 41 38]","[22 12 29 14  1 45 16  8 12 55 31 56  1 16 50 26 56 62 29 47 18 58 16 48
 10  9 20  0 13 11 42 16 48 13 11 56  8 37 34 33 29 24 30 33 54 51 14 43
 16 33 14 45 11 27 43 31 37 19 47 60 27 18 41 33]",False,False,0.203125,0.078125,0.04,1.0,1.0,1,1,25,0.04,1.0,1.0,1,1,25,1.0,0.0,0.0,25,0,0,1.0,0.0,0.0,25,0,0,1.0,0.04,0.04,25,1,1,1.0,1.0,1.0,25,25,25,1.0,0.4,0.4,25,10,10,1.0,0.0,0.0,25,0,0
[0.         1.00049988 0.         ... 0.70781353 0.         1.00049988],"[39  9 63 20 60 48 58 52  0 20 42 62 42  9 56 62 52 51 17 44 52 28 16 48
 38  7 52 58 60 22  6 37 16 62 17 13 15  7 39 52 28 53 20 61 60 37 51 40
 20 20 28 60 52 58  5 37 22 11 52 17 52 60 16  7]","[39  9 63 20  7 10 58 52  0 26 42 62 48  9 13 62 52 22 17 44 52 28 16 48
 38  7 52  7 60 22  6 37 16 10 17 13 15  7 39 52 25 24 20 61 60 37 45 40
 20 20 22 60 52 58  5 37 22 11 52 17 52 60 58  7]",True,True,0.90625,0.875,"[np.int64(32), np.int64(2), np.int64(22), np.int64(52), np.int64(36), np.int64(16), np.int64(32), np.int64(28), np.int64(60), np.int64(16), np.int64(61), np.int64(34), np.int64(42), np.int64(26), np.int64(47), np.int64(4), np.int64(14), np.int64(29), np.int64(8), np.int64(59), np.int64(2), np.int64(41), np.int64(42), np.int64(23), np.int64(46), np.int64(51), np.int64(27), np.int64(36), np.int64(3), np.int64(38), np.int64(10), np.int64(13), np.int64(47), np.int64(37), np.int64(33), np.int64(57), np.int64(57), np.int64(32), np.int64(58), np.int64(33), np.int64(21), np.int64(4), np.int64(59), np.int64(7), np.int64(14), np.int64(1), np.int64(4), np.int64(60), np.int64(20), np.int64(13), np.int64(15), np.int64(31), np.int64(52), np.int64(37), np.int64(5), np.int64(33), np.int64(32), np.int64(20), np.int64(34), np.int64(29), np.int64(51), np.int64(15), np.int64(46), np.int64(33)]","[np.int64(62), np.int64(35), np.int64(3), np.int64(36), np.int64(32), np.int64(60), np.int64(9), np.int64(9), np.int64(55), np.int64(37), np.int64(21), np.int64(59), np.int64(10), np.int64(39), np.int64(9), np.int64(52), np.int64(29), np.int64(2), np.int64(46), np.int64(36), np.int64(33), np.int64(52), np.int64(20), np.int64(56), np.int64(36), np.int64(34), np.int64(36), np.int64(24), np.int64(31), np.int64(57), np.int64(33), np.int64(62), np.int64(56), np.int64(49), np.int64(63), np.int64(22), np.int64(30), np.int64(60), np.int64(17), np.int64(24), np.int64(15), np.int64(11), np.int64(57), np.int64(54), np.int64(36), np.int64(11), np.int64(27), np.int64(39), np.int64(20), np.int64(6), np.int64(10), np.int64(32), np.int64(62), np.int64(36), np.int64(3), np.int64(52), np.int64(9), np.int64(62), np.int64(16), np.int64(26), np.int64(54), np.int64(23), np.int64(13), np.int64(18)]",False,False,0.0,0.0,"[39  9 63 26  7 61 58 52 34 26 42  0 42  9 30 38 52 51 17 44 52 46 16 48
 55  7 52  7 60 38 46 17 16 10 43 13 15  7 39 52 25  5 20 61 60 37 51 40
 20 20 17 60 52 58  5 17 38 11 52 17 52 60 16  7]","[45  9 63 20 60 61 58 52  0 26 55 21 48  9 13 55 52 63 17 55 52 46 16 48
 38  7 52 58 60 22 46 37 16 62 17 13 15  7  3 52 25 53 10 61 60 37 51 40
 45 20 17 17 52 58  5 17 10 11 52 17 52 60 16  7]",True,True,0.609375,0.921875,"[39 25 63 26 60 61 58 52  0 20  9  0 48  6 56 38 52 51 59 44 52 28 16 48
 38  7 52  7 60 22 46 37 16 10 17 13 15 26 28 52 28 29 20 29 60 48 45 40
 20 20 28 60 52 58  5 37 38 11 52 17 52 32 16 37]","[39 25 63 26  7 10 58 52  0 20 61 62 48  9 13 55 52 22 17 32 52 28 16 48
 38  7 52  7 60 22 46 37 16 40 17 13 15  7 39 52 33 24 12 34 60 48 45 40
 20 20 13 60 52 41 12 19 22 11 52 17 52 60 58 37]",True,False,0.203125,0.078125,0.04,1.0,1.0,1,1,25,0.04,1.0,1.0,1,1,25,1.0,0.0,0.0,25,0,0,1.0,0.0,0.0,25,0,0,1.0,0.84,0.84,25,21,21,1.0,1.0,1.0,25,25,25,1.0,0.32,0.32,25,8,8,1.0,0.08,0.08,25,2,2
[0.500999   1.00049988 0.         ... 0.         0.         0.        ],"[24 38 24 48  1 26 25 33  0 26 38 19 26 11 42 54  5 12 36 60 33 24 50 45
 26  5 26  2 17 21 50 44 50 60 16  8 17 25 26 58  4  5 41 55 24  5 58 19
 45 58 38 32 33 58  5 10 59 16 24 50 24 50  7  2]","[24 38 24 48 58 26 25 33  0 26 38 19 26 11 42 54 12 12  6 60 29 24 50 19
 26  5 26  2 19 21  0 44 50 60 16 43 17 25 26 58  4  5  8 28 24  5 58 19
 45 58 38 57 33 58  5 10 59 16 24 44 24 50  7  2]",True,True,0.90625,0.875,"[np.int64(13), np.int64(61), np.int64(40), np.int64(24), np.int64(15), np.int64(45), np.int64(59), np.int64(61), np.int64(51), np.int64(43), np.int64(10), np.int64(15), np.int64(19), np.int64(9), np.int64(1), np.int64(15), np.int64(60), np.int64(6), np.int64(52), np.int64(12), np.int64(15), np.int64(51), np.int64(21), np.int64(27), np.int64(5), np.int64(35), np.int64(24), np.int64(23), np.int64(16), np.int64(54), np.int64(56), np.int64(7), np.int64(25), np.int64(22), np.int64(41), np.int64(51), np.int64(55), np.int64(34), np.int64(55), np.int64(25), np.int64(44), np.int64(50), np.int64(33), np.int64(50), np.int64(8), np.int64(35), np.int64(41), np.int64(17), np.int64(38), np.int64(49), np.int64(59), np.int64(21), np.int64(63), np.int64(15), np.int64(2), np.int64(46), np.int64(62), np.int64(62), np.int64(59), np.int64(61), np.int64(15), np.int64(26), np.int64(61), np.int64(62)]","[np.int64(26), np.int64(44), np.int64(56), np.int64(9), np.int64(42), np.int64(53), np.int64(2), np.int64(32), np.int64(6), np.int64(1), np.int64(25), np.int64(0), np.int64(41), np.int64(59), np.int64(35), np.int64(19), np.int64(37), np.int64(58), np.int64(2), np.int64(12), np.int64(24), np.int64(35), np.int64(0), np.int64(4), np.int64(52), np.int64(47), np.int64(52), np.int64(44), np.int64(62), np.int64(59), np.int64(59), np.int64(15), np.int64(36), np.int64(17), np.int64(61), np.int64(15), np.int64(47), np.int64(31), np.int64(36), np.int64(60), np.int64(35), np.int64(24), np.int64(34), np.int64(4), np.int64(63), np.int64(8), np.int64(3), np.int64(32), np.int64(48), np.int64(7), np.int64(46), np.int64(52), np.int64(28), np.int64(44), np.int64(58), np.int64(24), np.int64(17), np.int64(18), np.int64(30), np.int64(51), np.int64(40), np.int64(48), np.int64(34), np.int64(49)]",False,False,0.0,0.0,"[24 38 24 47  1 26 33 55  0 26 38 14 26 11 42 54  5 12 63 60 29 24 50 49
 26 32 26  2 17 21 50 44 50 16 16 17 18 25 26 58  4  5 41 55 24  5 58  8
 45 58 38 32 33 58  5 10 63 51 24 41 24 50 14 32]","[24 38 24 48 58 26 33 33  0 26 38 19 26 11 42 54 12 12 36 60 33 24 50 45
 26  5 26 34 17 43  0 23 55 16 16 43 17 25 26 58  4  5 41 28 24  0 58  8
 45 58 38 52 33 58 10 10 63 16 24 41 24 50  7  2]",False,True,0.609375,0.921875,"[24 38 24 48  1 26 33 33 29 26 38 19 26 11 42 36  5 12 36 60 29 24 50 45
 26  5 26 19 17 21 37 44 25 16 27  8 17 28 26 58 35  5 14 29 59 60 58  3
 37 23 38 52 33 58 10 10 59 16 54 41 24 50  7 56]","[24 38 24 48  1 26 25 33 29 26 38 19 26 11 11 36  5 12  6 60 43 24 19 19
 26 37 26 19 19  8 45 44 50 60 16 43 17 25 26 58 35 42 41 20 24  5 58  3
 45 58 38 52 33 58  5 43 63 16 54 44  5 50  7 56]",False,False,0.203125,0.078125,0.04,1.0,1.0,1,1,25,0.04,1.0,1.0,1,1,25,1.0,0.0,0.0,25,0,0,1.0,0.0,0.0,25,0,0,1.0,0.64,0.64,25,16,16,1.0,1.0,1.0,25,25,25,1.0,0.24,0.24,25,6,6,1.0,0.0,0.0,25,0,0
[0. 0. 0. ... 0. 0. 0.],"[11 49 48 49 50 29 16 60  5 28 16 29 63 11 44 20 29 32 11 35 48 50 10 48
 36 28 61 59 11 29 26 21 54 28 11 43 59 32 17 16 60  0 51 34 49 37 16 40
  5 29 16 49 60 32 29 46 34 61 51 34 11 49 10 34]","[11 49 48 49 50 29 16 60  5 20 16 29 63 11 18 20 29 32 14 47 48 61 10 48
 36  6 52 59 11 29 26 21 54 28 11 43 23  6 17 16 50  0  6  8 49 36 16 40
  5 29 16 49 60  3 29 46  7 61  0 34 11 49 10 34]",False,False,0.90625,0.875,"[np.int64(51), np.int64(31), np.int64(38), np.int64(58), np.int64(52), np.int64(21), np.int64(58), np.int64(47), np.int64(31), np.int64(52), np.int64(61), np.int64(30), np.int64(61), np.int64(45), np.int64(14), np.int64(10), np.int64(26), np.int64(40), np.int64(54), np.int64(12), np.int64(52), np.int64(44), np.int64(34), np.int64(52), np.int64(0), np.int64(54), np.int64(37), np.int64(18), np.int64(42), np.int64(17), np.int64(18), np.int64(19), np.int64(13), np.int64(55), np.int64(63), np.int64(14), np.int64(48), np.int64(43), np.int64(27), np.int64(47), np.int64(1), np.int64(17), np.int64(9), np.int64(1), np.int64(36), np.int64(8), np.int64(47), np.int64(34), np.int64(16), np.int64(14), np.int64(10), np.int64(49), np.int64(63), np.int64(9), np.int64(29), np.int64(35), np.int64(30), np.int64(26), np.int64(20), np.int64(47), np.int64(23), np.int64(57), np.int64(19), np.int64(46)]","[np.int64(15), np.int64(2), np.int64(36), np.int64(24), np.int64(9), np.int64(39), np.int64(7), np.int64(59), np.int64(38), np.int64(1), np.int64(42), np.int64(59), np.int64(55), np.int64(10), np.int64(30), np.int64(10), np.int64(40), np.int64(13), np.int64(13), np.int64(19), np.int64(26), np.int64(59), np.int64(54), np.int64(13), np.int64(18), np.int64(49), np.int64(50), np.int64(18), np.int64(13), np.int64(56), np.int64(2), np.int64(48), np.int64(24), np.int64(45), np.int64(52), np.int64(24), np.int64(6), np.int64(19), np.int64(33), np.int64(6), np.int64(57), np.int64(1), np.int64(35), np.int64(5), np.int64(1), np.int64(60), np.int64(24), np.int64(60), np.int64(63), np.int64(23), np.int64(1), np.int64(8), np.int64(55), np.int64(57), np.int64(10), np.int64(36), np.int64(3), np.int64(10), np.int64(50), np.int64(7), np.int64(40), np.int64(47), np.int64(25), np.int64(3)]",False,False,0.0,0.0,"[11 49 52 49 50 29 16 39  5  0 16 29  4 11 42 20 29 32 32 47 40 50 52 28
 47  6 61 59 11 29 26 62 54 32 11 43 59 32 17 16 50  0 60  8 49 37 16 52
  5 29 16 49 60 32 29  5 33 61  0 34 11 49 10 12]","[11 49 48 49 50 29 16 39  5 28 51 29 21 11 18 20 29 22 51 35  1 31 10 48
 36  6 52 59 11 29 26 62 54 28 11 43 23 32 17 16 20  0 60  8 49 36 16 40
  5 29 48 49 60  3 29 46 34 61  0 22 11 49 10 25]",False,True,0.609375,0.921875,"[11 49 48 49 50 29 16 34  5 20 16 29  4  6 18 20 29 22 42 35 48 63 10 28
 36 28 61 59 11 29 26 62 37 32 11 43 59  6 17 16 60 20 51 32 49 37 16 40
  5 29 16 49 39 32 29 46  7 61 51 34 11 49 10 34]","[11 49 52 49 50 29 25 39  5 28 51 29 21 11 18 20 29 32 14 35 40 61 10 48
 47  6 55 59 11 29 26 62 54 28 11 47 59 32 17  7 60  0 60  8 49 56 16 40
  5 29 48 49 47  3 29 46  7 61  0 22 40 49 46 21]",True,False,0.203125,0.078125,0.04,0.0,0.0,1,0,0,0.04,0.0,0.0,1,0,0,1.0,0.0,0.0,25,0,0,1.0,0.0,0.0,25,0,0,1.0,0.24,0.24,25,6,6,1.0,0.64,0.64,25,16,16,1.0,0.36,0.36,25,9,9,1.0,0.04,0.04,25,1,1
[0.       0.       0.       ... 0.       0.       0.500999],"[63 28 36 15 32 12 28 37 37 13  8 37  4 55 28 58 28  6 29  8 51 55 41 58
 28 57 11  7 32 28  5 38 32 16 35 44 11 32  8 12  5 28 27 16 14 11 11 50
 13  8 16 28 13 36 26 28  6 11 28 16 51  8  5 41]","[63 28 10 15 32 12 28 37 37 33 14 37  4 12 28 58 28  6 33  8 51 55 29 36
 28 57 11 50 32 28  5 18 32 16 35 44 11 32 24 12 48 28 27 16 24 16 11 50
 13 50 16 28 10 36 26 28 57 11 28 16 51 36  5 49]",True,True,0.90625,0.875,"[np.int64(29), np.int64(33), np.int64(3), np.int64(0), np.int64(0), np.int64(0), np.int64(61), np.int64(47), np.int64(2), np.int64(54), np.int64(21), np.int64(61), np.int64(49), np.int64(54), np.int64(52), np.int64(10), np.int64(10), np.int64(10), np.int64(5), np.int64(60), np.int64(51), np.int64(38), np.int64(54), np.int64(38), np.int64(53), np.int64(28), np.int64(19), np.int64(31), np.int64(54), np.int64(8), np.int64(41), np.int64(27), np.int64(4), np.int64(14), np.int64(50), np.int64(25), np.int64(57), np.int64(39), np.int64(42), np.int64(33), np.int64(21), np.int64(0), np.int64(2), np.int64(42), np.int64(19), np.int64(25), np.int64(62), np.int64(1), np.int64(6), np.int64(28), np.int64(42), np.int64(38), np.int64(49), np.int64(17), np.int64(44), np.int64(3), np.int64(26), np.int64(23), np.int64(15), np.int64(8), np.int64(8), np.int64(4), np.int64(8), np.int64(8)]","[np.int64(48), np.int64(24), np.int64(34), np.int64(9), np.int64(51), np.int64(11), np.int64(28), np.int64(0), np.int64(33), np.int64(31), np.int64(38), np.int64(35), np.int64(19), np.int64(57), np.int64(38), np.int64(32), np.int64(20), np.int64(44), np.int64(49), np.int64(2), np.int64(23), np.int64(28), np.int64(31), np.int64(61), np.int64(58), np.int64(25), np.int64(39), np.int64(7), np.int64(48), np.int64(2), np.int64(28), np.int64(63), np.int64(20), np.int64(1), np.int64(18), np.int64(28), np.int64(20), np.int64(43), np.int64(27), np.int64(18), np.int64(57), np.int64(41), np.int64(51), np.int64(48), np.int64(46), np.int64(23), np.int64(44), np.int64(22), np.int64(41), np.int64(56), np.int64(63), np.int64(14), np.int64(60), np.int64(36), np.int64(10), np.int64(42), np.int64(38), np.int64(29), np.int64(18), np.int64(2), np.int64(6), np.int64(21), np.int64(27), np.int64(45)]",False,False,0.0,0.0,"[63 28 10 15 32 12 28 37 37 13  8 37  4 52 28 58 28  6 29  8 51 55 29 58
 28 17 11  7 32 28 27 38 32 38 35 20 11 32 55 12 62 28 27 16 14 16 11 50
  5 63 16 28 17 52 26 28 57 11 28  6 23 15  5 41]","[63 28 36 15 32 12 28 16  1 33 26 26  4 38 28 58 28 18 31 57 26 55 29 25
 28 57  6  7 32 28 22 38 32 16 35 20 11 32 24 12 19 28 27 16 24 16 11 50
 40 10 16 28 10 36 49 38 15 44 28 16 51 36 40 41]",True,True,0.609375,0.921875,"[63 28 10 15 32 12 28 37 37 13  8 37  4 36 28 58 28  6 17  8 22 55 41 60
 28 20 10  7 32 28 22 18 32 18 35 60 23 32 55 12  5 28 27 16 14 11 11 50
 13  8 27 28 13 26 26 28  6 11 28  6 51  8 40 41]","[63 28 36 15 32 51 28 14 24 13 14 37  4 12 28 19 45  6 29 57 43 61 30 60
 28 57 54 30 32 28 27 18 32 16 35 44  2 32  8 12 19 63 27 16 24 16 11 50
 60  8 49 28 35 36 49 28  6 11 28 16 51 50 40 49]",True,False,0.203125,0.078125,0.04,1.0,1.0,1,1,25,0.04,1.0,1.0,1,1,25,1.0,0.0,0.0,25,0,0,1.0,0.0,0.0,25,0,0,1.0,0.88,0.88,25,22,22,1.0,1.0,1.0,25,25,25,1.0,0.32,0.32,25,8,8,1.0,0.08,0.08,25,2,2
[1.00049988 0.500999   0.         ... 0.         0.70781353 0.        ],"[ 1 18  8 27 55 37 43 38 43 18 59 22 55 53 56 38 51 42 32 11 35 58 43  9
 29 43 28 58  8 32 52 15 32 24 29 58 50 53 58 59 52 38 25 32 15 25 53 43
 12 52 18 24 58 18  2 29 28 47 32 43 47 22 53  2]","[46 18 25 27 55 37 43 38 43 18  6 35 55 53 56 55 51 42 32 15 35 58 43  9
 29 43 62 58  8 32 52 15 32 15 29 58 30 22 58 59 52 38 25 32 15 25 52 43
 12 52 18 24 58 18  2 29 15 47 32 43 47 22 12  2]",True,True,0.90625,0.875,"[np.int64(50), np.int64(52), np.int64(61), np.int64(12), np.int64(47), np.int64(34), np.int64(12), np.int64(42), np.int64(35), np.int64(41), np.int64(23), np.int64(20), np.int64(56), np.int64(34), np.int64(1), np.int64(25), np.int64(63), np.int64(55), np.int64(59), np.int64(35), np.int64(60), np.int64(12), np.int64(24), np.int64(7), np.int64(34), np.int64(35), np.int64(46), np.int64(9), np.int64(9), np.int64(33), np.int64(23), np.int64(6), np.int64(61), np.int64(51), np.int64(50), np.int64(11), np.int64(24), np.int64(55), np.int64(35), np.int64(55), np.int64(17), np.int64(3), np.int64(50), np.int64(3), np.int64(61), np.int64(15), np.int64(45), np.int64(57), np.int64(62), np.int64(14), np.int64(14), np.int64(62), np.int64(6), np.int64(28), np.int64(62), np.int64(12), np.int64(63), np.int64(57), np.int64(17), np.int64(48), np.int64(32), np.int64(44), np.int64(57), np.int64(15)]","[np.int64(9), np.int64(35), np.int64(36), np.int64(0), np.int64(2), np.int64(39), np.int64(14), np.int64(19), np.int64(52), np.int64(15), np.int64(23), np.int64(3), np.int64(44), np.int64(58), np.int64(63), np.int64(60), np.int64(46), np.int64(17), np.int64(50), np.int64(36), np.int64(0), np.int64(7), np.int64(15), np.int64(42), np.int64(16), np.int64(3), np.int64(42), np.int64(31), np.int64(19), np.int64(45), np.int64(46), np.int64(22), np.int64(50), np.int64(13), np.int64(13), np.int64(21), np.int64(63), np.int64(58), np.int64(47), np.int64(17), np.int64(30), np.int64(23), np.int64(46), np.int64(41), np.int64(61), np.int64(30), np.int64(46), np.int64(41), np.int64(2), np.int64(13), np.int64(57), np.int64(18), np.int64(14), np.int64(32), np.int64(49), np.int64(26), np.int64(55), np.int64(11), np.int64(1), np.int64(36), np.int64(36), np.int64(52), np.int64(57), np.int64(19)]",False,False,0.0,0.0,"[ 1 18 25 27 55 42 43 51 43 18  6 50 55 16 56 55 51  7 32 51 35 58 43  9
 29 43 54 25 27 32 52 51 32 24 29 58 50 53 15 59 52 38  1 32 16 25 52 43
 12 52 18 24 50 18  2 29 28 47 32 43 47 22 53 40]","[46 52  8 27 55 42 43 45 43 18  6 47 55 53 56 30 51  7 32 15 35 58 43  9
 29 43 62 58  8 32 12 15 32 24 29 55 28 22 58 59 52 23 25 32 16 25 52 43
 12 52 52 24 58 18  2 29  0 47 32 43 47 22 12 17]",True,True,0.609375,0.921875,"[46  0  8 27 55 42 43 38  2 27  6 35  4 53 56 11 13 63 32 11 35 58 43  9
 29 43 28 58 50 32 52 51 32 15 29 58 50 53 58 59 63 38 25 32 15 34 52 43
 12 52 18 24 58 18 28 29 15 47 32 43 47 22 53 40]","[ 1  6 25 27 55 41  1 38  2 27  6 47 30 16 56 55 13 42 32 15 35 58 43 41
 29 27 62 58  8 32 36 15 32 15 29 58 50 22  7 23 52  5  5 32 15  7 15 43
 12 52  9 31 58 59 28 29 15 47 32 43 41 22 53  2]",False,False,0.203125,0.078125,0.04,1.0,1.0,1,1,25,0.04,1.0,1.0,1,1,25,1.0,0.0,0.0,25,0,0,1.0,0.0,0.0,25,0,0,1.0,0.88,0.88,25,22,22,1.0,1.0,1.0,25,25,25,1.0,0.68,0.68,25,17,17,1.0,0.08,0.08,25,2,2
[1.00049988 0.         1.00049988 ... 1.00049988 0.         0.        ],"[26 47 23 47 58 60 31 23 16 36 59 35 58 20 13 25 45 36 16 32 45 58  8 40
 60 24 60 60 16 58 46 49 36 40 57 60 45 62 42 47 45 37 27 46 41 62 40 45
 22 36 53 26 37 16 31 13  8 40 47 16 37  1 62 46]","[26 47 23 47 58 60 11 17 60 36 59 35 57 20 13 25 45 36 16 32 45 39  8 40
 60 24 60 60 16 33 46 63 36 40 35 60 45 62 42 47 45 37 17 46 34 62 40 45
 22 36 53 26 37 16 31 13  8 40 47 16 37  1 62 46]",True,True,0.90625,0.875,"[np.int64(45), np.int64(5), np.int64(43), np.int64(34), np.int64(44), np.int64(13), np.int64(16), np.int64(25), np.int64(31), np.int64(37), np.int64(11), np.int64(18), np.int64(61), np.int64(42), np.int64(62), np.int64(31), np.int64(9), np.int64(37), np.int64(61), np.int64(26), np.int64(5), np.int64(41), np.int64(43), np.int64(15), np.int64(1), np.int64(17), np.int64(52), np.int64(7), np.int64(7), np.int64(33), np.int64(6), np.int64(9), np.int64(29), np.int64(59), np.int64(0), np.int64(33), np.int64(42), np.int64(31), np.int64(20), np.int64(11), np.int64(15), np.int64(62), np.int64(29), np.int64(24), np.int64(45), np.int64(50), np.int64(3), np.int64(3), np.int64(55), np.int64(51), np.int64(21), np.int64(28), np.int64(43), np.int64(20), np.int64(16), np.int64(40), np.int64(0), np.int64(54), np.int64(22), np.int64(9), np.int64(15), np.int64(24), np.int64(39), np.int64(24)]","[np.int64(37), np.int64(11), np.int64(32), np.int64(26), np.int64(41), np.int64(34), np.int64(12), np.int64(54), np.int64(29), np.int64(48), np.int64(13), np.int64(25), np.int64(31), np.int64(4), np.int64(34), np.int64(23), np.int64(25), np.int64(37), np.int64(36), np.int64(27), np.int64(62), np.int64(48), np.int64(14), np.int64(7), np.int64(42), np.int64(54), np.int64(50), np.int64(12), np.int64(28), np.int64(22), np.int64(32), np.int64(55), np.int64(43), np.int64(23), np.int64(11), np.int64(49), np.int64(52), np.int64(21), np.int64(5), np.int64(60), np.int64(19), np.int64(24), np.int64(25), np.int64(28), np.int64(30), np.int64(48), np.int64(37), np.int64(51), np.int64(0), np.int64(53), np.int64(1), np.int64(0), np.int64(0), np.int64(33), np.int64(44), np.int64(54), np.int64(15), np.int64(10), np.int64(30), np.int64(62), np.int64(58), np.int64(27), np.int64(16), np.int64(11)]",False,False,0.0,0.0,"[26 47 45 47 58  8 31 59 16 63 59 35 58 20 13 25 45 36 16 32 45 58 24 40
 41 24 33 23 16 58 46 21 49 13 26 33 45 62 42 47 45 37 27  7 34 62 40 45
 22 36 53 26 37 16 31 13 43 40 47 16 37  1 62 46]","[26 47 39 42 58 60 11 17 60 63 59 35 57 33 13 25 45 36 16 32 45 39 34 40
 22 24 60 60 16 33 46 49 46 26 26 60 52 62 42 47 45 37 35 46 34 62  5 60
 22 32  4 26 37 16  6 29  8 34 29  4 37  7 62 26]",False,True,0.609375,0.921875,"[26 20 44 47 50 60 11 59 16 36 59 35 57 32 13 25 45 59 16 32 36 58  8 40
 60 24 60 23 16 33 46 13 36 13 57 60 52 62 42 47 45 37 35  7 41 62 40 45
 22 36 53 26 37 16 31 13 53 40 47 16 37 59 62 31]","[26 47 23 47 58 60 31 61 60 63 59 35 26 20 13 25 45 36 16 32 45 39  8 40
 60 22 60 36 16  7 46  6 49 40 22 60 45 62 42  2 23 37 35 46 34 62 40 60
 22 31  4 31 37 16 31 25  8 40  4  4 37 59 62 46]",True,False,0.203125,0.078125,0.04,1.0,1.0,1,1,25,0.04,1.0,1.0,1,1,25,1.0,0.0,0.0,25,0,0,1.0,0.0,0.0,25,0,0,1.0,0.52,0.52,25,13,13,1.0,1.0,1.0,25,25,25,1.0,0.28,0.28,25,7,7,1.0,0.04,0.04,25,1,1
[0.         0.         0.         ... 0.70781353 0.         0.500999  ],"[18 35 32 50 31 50 18 44  2 32  7 62 21  3 58 49  9 21 21 18 44 55 54 20
 39 36 31  5 32 33 50 33 21 55 50 61 41 48 13 21 39 40 18 48 21  3 49 44
 12 50 55 19 33 28 21 55  7 31 30 39 52  7 12 44]","[18 35 32 50 31 50 31 44  0 32  7 62 21  3 58 49  9 21 21 18 44 55 54 20
 30 36 31  5 32 33 50 33 21 55 50 61 41 51 41 21 39 47 30 42 21  3 49 44
 12 50 55 46 33 47 21 55  7 31 30 39 52  7 12 44]",True,True,0.90625,0.875,"[np.int64(4), np.int64(57), np.int64(14), np.int64(5), np.int64(11), np.int64(29), np.int64(15), np.int64(30), np.int64(56), np.int64(3), np.int64(57), np.int64(15), np.int64(59), np.int64(25), np.int64(56), np.int64(40), np.int64(24), np.int64(32), np.int64(46), np.int64(17), np.int64(0), np.int64(41), np.int64(24), np.int64(17), np.int64(30), np.int64(0), np.int64(11), np.int64(32), np.int64(57), np.int64(6), np.int64(9), np.int64(22), np.int64(43), np.int64(23), np.int64(61), np.int64(29), np.int64(15), np.int64(13), np.int64(12), np.int64(51), np.int64(62), np.int64(56), np.int64(5), np.int64(32), np.int64(48), np.int64(62), np.int64(15), np.int64(22), np.int64(60), np.int64(17), np.int64(19), np.int64(31), np.int64(56), np.int64(17), np.int64(2), np.int64(31), np.int64(51), np.int64(44), np.int64(40), np.int64(43), np.int64(6), np.int64(4), np.int64(63), np.int64(60)]","[np.int64(41), np.int64(57), np.int64(34), np.int64(30), np.int64(18), np.int64(16), np.int64(5), np.int64(60), np.int64(15), np.int64(54), np.int64(5), np.int64(1), np.int64(16), np.int64(1), np.int64(37), np.int64(20), np.int64(37), np.int64(49), np.int64(39), np.int64(39), np.int64(56), np.int64(56), np.int64(25), np.int64(9), np.int64(38), np.int64(35), np.int64(20), np.int64(54), np.int64(60), np.int64(55), np.int64(45), np.int64(6), np.int64(51), np.int64(15), np.int64(39), np.int64(20), np.int64(5), np.int64(22), np.int64(53), np.int64(0), np.int64(2), np.int64(4), np.int64(51), np.int64(8), np.int64(25), np.int64(20), np.int64(18), np.int64(27), np.int64(39), np.int64(56), np.int64(43), np.int64(58), np.int64(45), np.int64(45), np.int64(1), np.int64(45), np.int64(58), np.int64(56), np.int64(33), np.int64(34), np.int64(31), np.int64(50), np.int64(18), np.int64(35)]",False,False,0.0,0.0,"[18 35  6 50 31 50 49 54  0 32  7  4 21  3 58 49  9 21 21 18 44 55 30 20
 31 36 31  5 32 33 50 33 21 55 50 61 43 48 13 21 34 36 30 42 21 13 49 44
 12 50 55 46 33 19 31 55  7 18  0 39 53  7 30 44]","[18 35 32 50 31 50 18 30  0 32  6  4 21 40 58 49  9 21 21 18 44 55 54 41
 39 36 31  7 32 33 50 33 21 55 50 61 41 48 41 21 39 60 20 42 21  3 49 44
 12 50 55 46 33 47 21 55  7 18  0 39 52  7 12 44]",True,True,0.609375,0.921875,"[58 35 32 32 31 50 18 54 11 32  6 62 21 45 58 49  9 21 19 18 44 55 54 20
 31 36 31  5 32 33 50 33 21 55 50 61 43 48 41 21 13 47 30 42 21 13 49 34
 43 50 55 10 33 19 21 55  7  2 30 39 45  7  5 44]","[18 35  6 50 31  7 18 30  0 60  6  8 21  3 58 49  9 21 21 51 42 55 30 20
 39 36 42  5 32 33 50 54 21 55 50 61 43 48 41 21 41 62 18 42 21  3 42 44
 37 50 55 46 33 28 21 55  7 31 30 46 52  7 12 44]",False,False,0.203125,0.078125,0.04,1.0,1.0,1,1,25,0.04,1.0,1.0,1,1,25,1.0,0.0,0.0,25,0,0,1.0,0.0,0.0,25,0,0,1.0,0.6,0.6,25,15,15,1.0,1.0,1.0,25,25,25,1.0,0.2,0.2,25,5,5,1.0,0.16,0.16,25,4,4
[1.00049988 0.         0.         ... 0.         1.00049988 0.500999  ],"[45 21 23 21 40 15  7 35 18 20 44 33 34 42 10  1 22 38 35 46  1 28 28 18
 44 30 30 10 35 30 18 57 10 28 18 35 27 43 63  0 46 17 34 23  7 18 63  2
 54 24 10 57 29 52 30 28  2 44 23  1 59  8 49  7]","[45 21 23 21 51 15  7 35 18 20 44 30 34 61 10  1 22 38 35 46  1 28 28 18
 44 30 30 54 35 30 18 10 10 28 18 35 27 43  8  0 46 17 34  8  7 18 63  2
 54 58 26 25 58 52 30 28 51 43 23  1 59  8 49  7]",True,True,0.90625,0.875,"[np.int64(3), np.int64(2), np.int64(45), np.int64(47), np.int64(14), np.int64(29), np.int64(53), np.int64(25), np.int64(3), np.int64(7), np.int64(38), np.int64(52), np.int64(61), np.int64(62), np.int64(48), np.int64(30), np.int64(43), np.int64(13), np.int64(7), np.int64(17), np.int64(20), np.int64(47), np.int64(29), np.int64(57), np.int64(22), np.int64(61), np.int64(8), np.int64(1), np.int64(35), np.int64(62), np.int64(40), np.int64(17), np.int64(34), np.int64(54), np.int64(61), np.int64(50), np.int64(60), np.int64(39), np.int64(2), np.int64(55), np.int64(23), np.int64(61), np.int64(21), np.int64(47), np.int64(3), np.int64(22), np.int64(42), np.int64(10), np.int64(38), np.int64(0), np.int64(25), np.int64(29), np.int64(43), np.int64(26), np.int64(39), np.int64(12), np.int64(1), np.int64(24), np.int64(11), np.int64(40), np.int64(15), np.int64(32), np.int64(8), np.int64(59)]","[np.int64(41), np.int64(11), np.int64(7), np.int64(26), np.int64(18), np.int64(12), np.int64(48), np.int64(53), np.int64(28), np.int64(17), np.int64(22), np.int64(6), np.int64(2), np.int64(39), np.int64(0), np.int64(39), np.int64(25), np.int64(35), np.int64(33), np.int64(43), np.int64(42), np.int64(9), np.int64(30), np.int64(17), np.int64(6), np.int64(55), np.int64(8), np.int64(33), np.int64(11), np.int64(10), np.int64(57), np.int64(50), np.int64(31), np.int64(27), np.int64(39), np.int64(26), np.int64(3), np.int64(26), np.int64(15), np.int64(12), np.int64(22), np.int64(6), np.int64(38), np.int64(39), np.int64(23), np.int64(47), np.int64(20), np.int64(41), np.int64(27), np.int64(45), np.int64(32), np.int64(11), np.int64(14), np.int64(9), np.int64(50), np.int64(29), np.int64(59), np.int64(1), np.int64(19), np.int64(36), np.int64(53), np.int64(56), np.int64(52), np.int64(18)]",False,False,0.0,0.0,"[45 21 23 21 40 15  7 35 18 14 44 33 34 42 10 46 22 38 35 46 58 28 28 18
 44 45 42 10 35 30 18 46 10 28 18 35 27 43 63 59 46 17 34 16  7 18 63  2
 54 24 10 57 49 52 30 33 51 44 23  1 59  8 27  7]","[45 21 23 21 49 15  7 35 18 20 44 33 34 42 10  1 22 26 35 46 58 28 28 18
 44 45 25 10 35 30 18 46 10 28 18 35 60 61  8  0 13 17 34  8  7 18 63 49
 54 24 10 25 29 52 30 28 51 44 23 51  4  8 49  7]",True,True,0.609375,0.921875,"[45 21 23 21 51 32  7 35 18 20 44 30  0 40 10 46 22 38 35 46 58 28 28 18
 44 45 30 54 35 30 18 46 10 28 18 35 60 43  8 59 46 17 34 57  7 18 63 49
 54 24 10 57 29 52 30 45 51 44 23  1 36  8 27  7]","[45 20 54 21 51 15 22 35 22 20 44 33 34 42 10  1 43 26 35 59 58 28  8 43
 44 51 42 10 35 30 18 46 10 28 18 35 27 61  8  0 46 17 34  8  7 18 63  4
 54 58 26 25 49 50 20 61  2 44 23  1 59  8 49  7]",False,False,0.203125,0.078125,0.04,1.0,1.0,1,1,25,0.04,1.0,1.0,1,1,25,1.0,0.0,0.0,25,0,0,1.0,0.0,0.0,25,0,0,1.0,0.56,0.56,25,14,14,1.0,1.0,1.0,25,25,25,1.0,0.2,0.2,25,5,5,1.0,0.0,0.0,25,0,0
[0.500999 0.       0.500999 ... 0.500999 0.       0.      ],"[35 26 56 37 16 53  2  4 35 38 40 22 29  2 22 37 16 31 54 16  4 15 40 53
 26 46 40 24 42 42 54 53 37  5 46 42 35 19 53 40 42 51 16 29 24 26 32 23
  5 19 46 49 23 19 53  7  4 43 61 26 13 37 26 61]","[40 22 54 37 16 53  2  4 35 38 40 22 56  2 31 37 16 31 54 16  4 15 40 53
 10 46 40 41 42 42 54 53 37 15 14 42 35 19 53 40 42 51 16 29 24 26 32 23
  5 19 46 49 23 19 53  7  4  1 61 26 13 37 15 61]",True,True,0.90625,0.875,"[np.int64(63), np.int64(15), np.int64(56), np.int64(23), np.int64(44), np.int64(27), np.int64(18), np.int64(5), np.int64(28), np.int64(49), np.int64(60), np.int64(24), np.int64(42), np.int64(22), np.int64(56), np.int64(57), np.int64(40), np.int64(26), np.int64(41), np.int64(38), np.int64(60), np.int64(9), np.int64(29), np.int64(38), np.int64(8), np.int64(57), np.int64(39), np.int64(0), np.int64(15), np.int64(60), np.int64(40), np.int64(41), np.int64(56), np.int64(25), np.int64(28), np.int64(3), np.int64(40), np.int64(49), np.int64(4), np.int64(37), np.int64(24), np.int64(16), np.int64(33), np.int64(26), np.int64(13), np.int64(2), np.int64(42), np.int64(7), np.int64(19), np.int64(30), np.int64(12), np.int64(40), np.int64(14), np.int64(63), np.int64(35), np.int64(13), np.int64(5), np.int64(63), np.int64(49), np.int64(2), np.int64(50), np.int64(36), np.int64(11), np.int64(45)]","[np.int64(26), np.int64(63), np.int64(3), np.int64(53), np.int64(56), np.int64(31), np.int64(41), np.int64(42), np.int64(21), np.int64(27), np.int64(13), np.int64(43), np.int64(8), np.int64(31), np.int64(1), np.int64(7), np.int64(51), np.int64(54), np.int64(53), np.int64(49), np.int64(52), np.int64(5), np.int64(29), np.int64(55), np.int64(22), np.int64(9), np.int64(55), np.int64(26), np.int64(44), np.int64(53), np.int64(12), np.int64(41), np.int64(36), np.int64(38), np.int64(15), np.int64(48), np.int64(48), np.int64(27), np.int64(60), np.int64(23), np.int64(0), np.int64(50), np.int64(2), np.int64(40), np.int64(8), np.int64(25), np.int64(44), np.int64(1), np.int64(51), np.int64(62), np.int64(62), np.int64(8), np.int64(2), np.int64(54), np.int64(33), np.int64(1), np.int64(0), np.int64(20), np.int64(50), np.int64(42), np.int64(1), np.int64(48), np.int64(5), np.int64(0)]",False,False,0.0,0.0,"[40 26  0 37 16 53  2  4 35 38 40 22 61  2 31 37 16 31 41 16  4 13 49 53
 26 24 40 24 42 42 12 53 37  5 14 42  0 19 53 40 42 51 16 29 24 26 52 23
  5 19 46 49 23 19 40  7  4 43 61 26 13 37 43 47]","[40 26 54 43 16 49  2 40 35 38 40  6 56 21 31 37 16 39 36 16  4 15 49 53
 10 24 40 41 42 42 23 17 37 15 46 42 35 19 53 40 42 51 16 29 24 26 32 23
  5 19 46 49 23 19 40  7  4  1 17 63 13 37 47 61]",True,True,0.609375,0.921875,"[40 22 56 32 16 53  2  4 35 38 40 22 56 52  3 37 16 58 36 16  4 15 40 53
 18 24 40 24 42 43 54 53 37 41 46 42 35 19 53 40 56 15 16 29 24 26 52 23
  5 19 46 49 23 19 40  7  4 43 17 47 13 37 26 59]","[ 2 22 28 43 16 49 14  4 61 38 40  6 61 21 31 37 16 31 54 16  4 13 49 30
 26 46 40 41 42 42 23 14 37 41 46 42 35 19 32 54 42 51 16 29 25 26 32 23
  5 19 46 49 23  7 53  6  2  1 17 47 13 37  3 47]",False,False,0.203125,0.078125,0.04,1.0,1.0,1,1,25,0.04,1.0,1.0,1,1,25,1.0,0.0,0.0,25,0,0,1.0,0.0,0.0,25,0,0,1.0,0.72,0.72,25,18,18,1.0,1.0,1.0,25,25,25,1.0,0.24,0.24,25,6,6,1.0,0.08,0.08,25,2,2
[0.500999 0.       0.       ... 0.       0.       0.      ],"[ 3 42 63 51  9 45 37  7 36 52  7  3 10 37 51 22 27  4  1 52 24 23 51 33
 41 10 63 36 10 44 45  3 57 48 10 22 10 10 41 36  3 62 52 26 37 62 34 27
 25 45 52  7  7 58 19 36  1  6 11  8 61 12 51 51]","[ 3  9 63 51 26 13 37  7 36 52  7  3 10 37 28 22 27  4  1 10 24 23 51 33
 41 10 12 36 14 13 13  1 57 48 10 22 10 10 27 36  3 62 52 26 37 62 34  8
 25  1 52  7  7 58 25 36  1 49 11  8 61 12 51 51]",False,False,0.90625,0.875,"[np.int64(15), np.int64(42), np.int64(51), np.int64(38), np.int64(32), np.int64(10), np.int64(16), np.int64(21), np.int64(49), np.int64(54), np.int64(59), np.int64(37), np.int64(6), np.int64(45), np.int64(23), np.int64(3), np.int64(47), np.int64(23), np.int64(33), np.int64(48), np.int64(22), np.int64(37), np.int64(37), np.int64(42), np.int64(48), np.int64(61), np.int64(15), np.int64(8), np.int64(11), np.int64(46), np.int64(7), np.int64(30), np.int64(29), np.int64(40), np.int64(12), np.int64(36), np.int64(19), np.int64(7), np.int64(2), np.int64(18), np.int64(56), np.int64(15), np.int64(54), np.int64(5), np.int64(1), np.int64(26), np.int64(7), np.int64(2), np.int64(61), np.int64(30), np.int64(26), np.int64(2), np.int64(33), np.int64(1), np.int64(60), np.int64(43), np.int64(56), np.int64(31), np.int64(27), np.int64(46), np.int64(45), np.int64(4), np.int64(15), np.int64(8)]","[np.int64(27), np.int64(2), np.int64(47), np.int64(8), np.int64(46), np.int64(6), np.int64(19), np.int64(9), np.int64(35), np.int64(53), np.int64(43), np.int64(59), np.int64(42), np.int64(29), np.int64(40), np.int64(35), np.int64(58), np.int64(58), np.int64(2), np.int64(50), np.int64(35), np.int64(20), np.int64(62), np.int64(6), np.int64(18), np.int64(52), np.int64(28), np.int64(54), np.int64(43), np.int64(61), np.int64(22), np.int64(15), np.int64(57), np.int64(48), np.int64(45), np.int64(60), np.int64(45), np.int64(59), np.int64(51), np.int64(24), np.int64(47), np.int64(50), np.int64(35), np.int64(38), np.int64(11), np.int64(30), np.int64(20), np.int64(58), np.int64(39), np.int64(36), np.int64(48), np.int64(48), np.int64(57), np.int64(50), np.int64(15), np.int64(2), np.int64(14), np.int64(20), np.int64(4), np.int64(30), np.int64(0), np.int64(60), np.int64(55), np.int64(21)]",False,False,0.0,0.0,"[ 3  9 63 51 44 45 37  7 36 52  7  3 10 37 52 22 27  4  1 52 24 23 51 33
 41 10 12 36 27 44 45  3 60 29 10 37 10 10 27 36  3 22 52 26 37 62 34  8
 25 40 52  7  7 58 19 36  0  6 11  8 61 12 51 51]","[ 3 42 61 51  8 45 37  7 36 34  7  3 10 37 28 48 27  4  1 52 24 23 51 33
 41 10 63 36 10 13 13  8 60 29 10 22 10 34 30 36  3 62 52 29 37 49 34  8
 25  1 52  7  7 58 25 36  1 49 11  8 61 12 51 51]",False,True,0.609375,0.921875,"[ 3  9 63 51  9 13 37  7 36 52  7  3 22 30 28 22 27  4  1 52 24 23 51 21
 41 10 12 12 34 44 13 49 57 48 36 22 10 10 39  6  3 62 52 26 37 62 34  8
 25  1 52  7  7 58 50 36  0  6 11  8 61 12 51 51]","[ 3 42 61 51  9 13 37  7 36 34  7  3 10 54 28 22 27 32  6 10 24 23 51 33
 41 63 45 12 14 43 13 54 60 48  9 22 10 34 27 11  3 62 52 26 37 62 11  8
 25 45 54  7  7 58 25 36 47 32 11  8 32 12 51 51]",False,False,0.203125,0.078125,0.04,0.0,0.0,1,0,0,0.04,0.0,0.0,1,0,0,1.0,0.0,0.0,25,0,0,1.0,0.0,0.0,25,0,0,1.0,0.04,0.04,25,1,1,1.0,0.64,0.64,25,16,16,1.0,0.12,0.12,25,3,3,1.0,0.0,0.0,25,0,0
[0. 0. 0. ... 0. 0. 0.],"[27 60 48 20 59 32  6 46 22 11 48  6 41 20 32 32 32  7 14 55 19  6 59  1
 10 11 19 22 50 11 48 30  6 32 55 47 34 35 48 38 11 59 51 21 51 38 43 48
  6 50 30 48 51  9 24  6 45 16 51  6 16 38 10 52]","[27 37 48 20 59 32  6 46 22 11 32  6  5 20 32 32 32  7 14 22 51  6 59  1
 10 11 19 22 36 11 48 30  6 32 55 47 53 35 48 10 11 59 51 21 47 38 43 48
  6 50 30 48 51 40 24  6 50 16 43  6 16 58  9 52]",True,True,0.90625,0.875,"[np.int64(10), np.int64(14), np.int64(37), np.int64(7), np.int64(51), np.int64(39), np.int64(17), np.int64(13), np.int64(26), np.int64(58), np.int64(40), np.int64(44), np.int64(23), np.int64(41), np.int64(36), np.int64(9), np.int64(2), np.int64(25), np.int64(0), np.int64(5), np.int64(53), np.int64(36), np.int64(28), np.int64(9), np.int64(5), np.int64(61), np.int64(57), np.int64(52), np.int64(46), np.int64(5), np.int64(45), np.int64(53), np.int64(35), np.int64(33), np.int64(23), np.int64(56), np.int64(23), np.int64(53), np.int64(49), np.int64(11), np.int64(61), np.int64(59), np.int64(45), np.int64(37), np.int64(55), np.int64(57), np.int64(52), np.int64(59), np.int64(50), np.int64(9), np.int64(37), np.int64(52), np.int64(17), np.int64(31), np.int64(6), np.int64(18), np.int64(32), np.int64(56), np.int64(24), np.int64(40), np.int64(34), np.int64(5), np.int64(17), np.int64(6)]","[np.int64(60), np.int64(52), np.int64(4), np.int64(27), np.int64(57), np.int64(52), np.int64(45), np.int64(49), np.int64(29), np.int64(6), np.int64(34), np.int64(4), np.int64(34), np.int64(18), np.int64(32), np.int64(10), np.int64(7), np.int64(35), np.int64(46), np.int64(29), np.int64(55), np.int64(3), np.int64(5), np.int64(56), np.int64(58), np.int64(2), np.int64(53), np.int64(21), np.int64(53), np.int64(6), np.int64(34), np.int64(16), np.int64(10), np.int64(50), np.int64(29), np.int64(12), np.int64(54), np.int64(1), np.int64(46), np.int64(0), np.int64(20), np.int64(31), np.int64(40), np.int64(12), np.int64(54), np.int64(18), np.int64(33), np.int64(24), np.int64(55), np.int64(49), np.int64(41), np.int64(8), np.int64(9), np.int64(48), np.int64(6), np.int64(63), np.int64(22), np.int64(32), np.int64(45), np.int64(49), np.int64(60), np.int64(39), np.int64(49), np.int64(14)]",False,False,0.0,0.0,"[27 60 21 24 59 32  6 46 22 11 48  6  5 20 32 32 32  7 14 22 62  6 11  1
 10 11 19 22 50 11 48 30  6 32 55 61 53 18 48 38 11 59 51 21 51 38 40 48
  6 50 62 48 19 40 24  6 60 39 43  6 16 14  9 52]","[27 37 21 24 59 32  6 46 20 11 32  6 39 20 32 32 32  7 14 55 51  6 59  1
 10 11 19 22 36 11 48 30  6 32 55 38 34 35 48 10 11 59 40 47 51 38 40 48
  6 50 28 48 51  9 24  6 57 39 51  6  7 38 25 52]",True,True,0.609375,0.921875,"[27 37 48 24 32 32  6 46 20 29 32  6 41 20 32 32 32  7 14 22  8  6 11  1
 10  5 19 22 50  9 38 30  6 32 36 47 53 18 48 10 11 59 51 21 52 38 40 48
  6 50 30 48 19  9 53  6 60 16 29  6 16 38 10 52]","[27 60 21 20 32 32  6 46 20 11 32  6  5 20 32 32 32  7 37 55 51  6 59  1
 20 62 19 18 50 11 48 30  6 32 55  5 34 18 48 10 11 51 62 21 47 38  8 48
  6 50 28 48 51  9 24  6 50 16 43  6 16 35 25 52]",False,False,0.203125,0.078125,0.04,1.0,1.0,1,1,25,0.04,1.0,1.0,1,1,25,1.0,0.0,0.0,25,0,0,1.0,0.0,0.0,25,0,0,1.0,0.68,0.68,25,17,17,1.0,1.0,1.0,25,25,25,1.0,0.36,0.36,25,9,9,1.0,0.2,0.2,25,5,5
[0.         1.00049988 0.         ... 0.         0.70781353 0.        ],"[18 22  1 22 50 63 56 47  3 52 47  3  3 12 51 43 17 27 37 59  5 25 27 39
 37 11 38 27 30  7 47  4 43 18 24 22 43 22 40  1 37 49 12 37 59  1 59 50
 31  3 17  4 37 30  0 31 52 43 44 37  0  1  7  1]","[18 22  1 22 35 63 34  8  3 52 40  3  3 49 10 43 17 27 37 59  5  5 27 39
 37 11 38 27 60  7 47 18 43 40  2 22 43 22 40  1 37 49 12 37 59  1 33 50
 51  3 17 40 37 57 48 31 52 43 44 37 26 37  7  1]",True,True,0.90625,0.875,"[np.int64(45), np.int64(23), np.int64(59), np.int64(24), np.int64(15), np.int64(36), np.int64(46), np.int64(1), np.int64(55), np.int64(5), np.int64(10), np.int64(38), np.int64(0), np.int64(28), np.int64(18), np.int64(7), np.int64(36), np.int64(56), np.int64(32), np.int64(11), np.int64(22), np.int64(61), np.int64(43), np.int64(48), np.int64(12), np.int64(38), np.int64(47), np.int64(25), np.int64(17), np.int64(12), np.int64(14), np.int64(55), np.int64(63), np.int64(3), np.int64(37), np.int64(52), np.int64(56), np.int64(21), np.int64(15), np.int64(47), np.int64(20), np.int64(22), np.int64(33), np.int64(33), np.int64(30), np.int64(13), np.int64(26), np.int64(6), np.int64(63), np.int64(30), np.int64(37), np.int64(63), np.int64(37), np.int64(7), np.int64(27), np.int64(22), np.int64(3), np.int64(29), np.int64(8), np.int64(47), np.int64(62), np.int64(0), np.int64(6), np.int64(4)]","[np.int64(46), np.int64(5), np.int64(5), np.int64(36), np.int64(42), np.int64(42), np.int64(46), np.int64(5), np.int64(38), np.int64(13), np.int64(49), np.int64(47), np.int64(14), np.int64(10), np.int64(38), np.int64(4), np.int64(25), np.int64(51), np.int64(6), np.int64(49), np.int64(26), np.int64(50), np.int64(42), np.int64(7), np.int64(5), np.int64(9), np.int64(32), np.int64(36), np.int64(32), np.int64(63), np.int64(38), np.int64(62), np.int64(34), np.int64(36), np.int64(49), np.int64(49), np.int64(44), np.int64(59), np.int64(63), np.int64(31), np.int64(25), np.int64(42), np.int64(10), np.int64(61), np.int64(9), np.int64(13), np.int64(45), np.int64(8), np.int64(1), np.int64(15), np.int64(6), np.int64(54), np.int64(49), np.int64(30), np.int64(48), np.int64(27), np.int64(7), np.int64(11), np.int64(30), np.int64(54), np.int64(40), np.int64(7), np.int64(12), np.int64(42)]",False,False,0.0,0.0,"[18 22  1 22 50 63 34 47 40 17 39  3  3 49 29 43 17 27 37 59  5  5 27 39
 37 11 38 27 30  7 47  4 43 18 24 22 43 22 40  1 37 30 31 37 59  1 59 50
 31  3 17  4  3 30 25 31 57 43 44 37 53 37  7  1]","[18 22  1 22 35 63 56 31  3 33 40  3  3 12 51 43 17 27 37 59  5 25 27 39
 37 11 38 27 60 14 53 61 43 40 24 22 43 22 40  1 37 49 12 37 59  1 24 50
 31  3 17 40  3 15  0 31 57 33 44 37 26  1  7  1]",False,True,0.609375,0.921875,"[18 22  1  4 35 63 56 47  3 52 47  3  3 49 10 43 17 27 47 59  5 25 27 11
 37 11 38 27 30 57 47 18 43 40  2 22 43 22 39  1 37 30 26 36 59  1 59 50
 51  3 17 40  3 30 25 31 52 56 44 37  0 37 48  1]","[18 22  1 22 35 63 56 47 40 33 39  3  3 12 10 53 17 27 37 59  5  5 27 11
 11 11 38 27 60  7 47  4 43 18 24 22 46 22 39  1 37 49 12 37 59  1 59 18
 54  3 17 47  3 60  0 31 57 53 44 37  0 37 34 40]",False,True,0.203125,0.078125,0.04,1.0,1.0,1,1,25,0.04,1.0,1.0,1,1,25,1.0,0.0,0.0,25,0,0,1.0,0.0,0.0,25,0,0,1.0,0.64,0.64,25,16,16,1.0,1.0,1.0,25,25,25,1.0,0.16,0.16,25,4,4,1.0,0.04,0.04,25,1,1
[1.00049988 0.         0.         ... 0.         1.00049988 0.500999  ],"[45 21 23 21 40 15  7 35 18 20 44 33 34 42 10  1 22 38 35 46  1 28 28 18
 44 30 30 10 35 30 18 57 10 28 18 35 27 43 63  0 46 17 34 23  7 18 63  2
 54 24 10 57 29 52 30 28  2 44 23  1 59  8 49  7]","[45 21 23 21 51 15  7 35 18 20 44 30 34 61 10  1 22 38 35 46  1 28 28 18
 44 30 30 54 35 30 18 10 10 28 18 35 27 43  8  0 46 17 34  8  7 18 63  2
 54 58 26 25 58 52 30 28 51 43 23  1 59  8 49  7]",True,True,0.90625,0.875,"[np.int64(20), np.int64(10), np.int64(16), np.int64(35), np.int64(49), np.int64(31), np.int64(7), np.int64(54), np.int64(27), np.int64(12), np.int64(47), np.int64(23), np.int64(45), np.int64(11), np.int64(19), np.int64(37), np.int64(33), np.int64(37), np.int64(50), np.int64(45), np.int64(15), np.int64(6), np.int64(63), np.int64(30), np.int64(40), np.int64(23), np.int64(52), np.int64(35), np.int64(45), np.int64(34), np.int64(13), np.int64(50), np.int64(60), np.int64(44), np.int64(47), np.int64(16), np.int64(60), np.int64(63), np.int64(16), np.int64(54), np.int64(36), np.int64(52), np.int64(33), np.int64(48), np.int64(9), np.int64(61), np.int64(14), np.int64(22), np.int64(3), np.int64(31), np.int64(63), np.int64(44), np.int64(3), np.int64(24), np.int64(59), np.int64(39), np.int64(12), np.int64(50), np.int64(17), np.int64(28), np.int64(2), np.int64(42), np.int64(39), np.int64(23)]","[np.int64(41), np.int64(63), np.int64(43), np.int64(32), np.int64(32), np.int64(55), np.int64(25), np.int64(36), np.int64(44), np.int64(39), np.int64(38), np.int64(0), np.int64(34), np.int64(15), np.int64(34), np.int64(31), np.int64(10), np.int64(21), np.int64(47), np.int64(4), np.int64(29), np.int64(10), np.int64(22), np.int64(8), np.int64(12), np.int64(5), np.int64(8), np.int64(12), np.int64(36), np.int64(42), np.int64(46), np.int64(4), np.int64(0), np.int64(40), np.int64(19), np.int64(27), np.int64(22), np.int64(51), np.int64(56), np.int64(56), np.int64(15), np.int64(2), np.int64(9), np.int64(48), np.int64(25), np.int64(13), np.int64(22), np.int64(33), np.int64(29), np.int64(38), np.int64(26), np.int64(55), np.int64(13), np.int64(58), np.int64(61), np.int64(23), np.int64(59), np.int64(22), np.int64(18), np.int64(52), np.int64(15), np.int64(25), np.int64(11), np.int64(59)]",False,False,0.0,0.0,"[45 21 23 21 62 32  7 35 18 20 44 33  0 42  9 46 22 38 35 46 58 28 28 18
 44 45 30 10 35 30 18 10 10 28 18 35 27 43 63  0 46 17 34 23  7 18 63  2
 54 24 10 24 20 50 30 28  2 44 23  1  4 37 49  7]","[45 21 23 21 47 15  7 35 18 20 44 33 34 42 10 57 22 26 35 59  1 28  8 18
 44 45 30 54 35 30 11 57  5 28 18 35 27 61 63 59 46 17 34 23 33 18 63  2
 54  4 26 25 29 52 30 28 51 44 23  1 59  8 27  7]",True,True,0.609375,0.921875,"[45 21 23 21 51 15  7 35 18 14 44 30 34 61 10 57 22 38 35 46  1 28 28 18
 44 30 42 10 35 30 18 57 10 28 18 35 27 61 63  0 46 17 26 57  7 18 63 49
 54 47 26 25 49 50 30 28 51 51 23  1 59 13 27  7]","[45 59 23 21 51 15  7 35 22 20 14 33 34 61 10  1 43 38 35 46 54 28  8 18
 44 30 30 10 35 52 11 10 10 44 18 35 27 43 46  0 13 17 34 16 33 18 15  2
 54 24 53 25 49 50 30 28 51 44 49  1 36  8 49  7]",False,False,0.203125,0.078125,0.04,1.0,1.0,1,1,25,0.04,1.0,1.0,1,1,25,1.0,0.0,0.0,25,0,0,1.0,0.0,0.0,25,0,0,1.0,0.76,0.76,25,19,19,1.0,1.0,1.0,25,25,25,1.0,0.24,0.24,25,6,6,1.0,0.04,0.04,25,1,1
[0.         0.         0.         ... 0.70781353 0.         0.500999  ],"[18 35 32 50 31 50 18 44  2 32  7 62 21  3 58 49  9 21 21 18 44 55 54 20
 39 36 31  5 32 33 50 33 21 55 50 61 41 48 13 21 39 40 18 48 21  3 49 44
 12 50 55 19 33 28 21 55  7 31 30 39 52  7 12 44]","[18 35 32 50 31 50 31 44  0 32  7 62 21  3 58 49  9 21 21 18 44 55 54 20
 30 36 31  5 32 33 50 33 21 55 50 61 41 51 41 21 39 47 30 42 21  3 49 44
 12 50 55 46 33 47 21 55  7 31 30 39 52  7 12 44]",True,True,0.90625,0.875,"[np.int64(27), np.int64(6), np.int64(61), np.int64(39), np.int64(22), np.int64(52), np.int64(60), np.int64(35), np.int64(36), np.int64(27), np.int64(33), np.int64(54), np.int64(51), np.int64(23), np.int64(31), np.int64(58), np.int64(10), np.int64(27), np.int64(33), np.int64(55), np.int64(60), np.int64(12), np.int64(54), np.int64(24), np.int64(23), np.int64(51), np.int64(57), np.int64(5), np.int64(17), np.int64(43), np.int64(26), np.int64(46), np.int64(26), np.int64(31), np.int64(57), np.int64(0), np.int64(42), np.int64(41), np.int64(21), np.int64(25), np.int64(40), np.int64(38), np.int64(43), np.int64(62), np.int64(58), np.int64(32), np.int64(3), np.int64(26), np.int64(27), np.int64(5), np.int64(8), np.int64(31), np.int64(2), np.int64(57), np.int64(9), np.int64(25), np.int64(11), np.int64(44), np.int64(41), np.int64(54), np.int64(14), np.int64(42), np.int64(5), np.int64(36)]","[np.int64(1), np.int64(63), np.int64(36), np.int64(11), np.int64(21), np.int64(17), np.int64(34), np.int64(30), np.int64(28), np.int64(42), np.int64(12), np.int64(47), np.int64(10), np.int64(60), np.int64(0), np.int64(63), np.int64(27), np.int64(31), np.int64(44), np.int64(63), np.int64(29), np.int64(50), np.int64(46), np.int64(0), np.int64(14), np.int64(47), np.int64(37), np.int64(29), np.int64(34), np.int64(16), np.int64(23), np.int64(13), np.int64(45), np.int64(46), np.int64(47), np.int64(30), np.int64(16), np.int64(38), np.int64(0), np.int64(20), np.int64(25), np.int64(56), np.int64(0), np.int64(57), np.int64(42), np.int64(32), np.int64(20), np.int64(51), np.int64(24), np.int64(35), np.int64(39), np.int64(46), np.int64(52), np.int64(11), np.int64(22), np.int64(61), np.int64(21), np.int64(22), np.int64(62), np.int64(48), np.int64(37), np.int64(53), np.int64(34), np.int64(32)]",False,False,0.0,0.0,"[18 35 32 50 31 50 49 30  2 32  6 62 21  3 58 49  9 21 21 18 44 55 54 41
 31 36 42  5 32 33 50 54 21 55 50 61 43 48 41 21 39 47 18 48 21 60 49 44
 12 50 55 19 33 19 21 55 47 18 30 39 53  7 12 44]","[18 35 32 50 31 50 18 54  2  7  7 62 21 40 58 49  9 21 21 18 44 55 54 41
 26 36 42  5 32 33 50 33 21 55 50 61 43 51 41 21 39 60 20 42 21 58 59 44
 43 50 55 46 33 47 21 55  7 31 30 39 52  7  5 44]",True,True,0.609375,0.921875,"[18 35 32 50 31 50 31 30 11 32 51  4 21  3 58 49  9 21 21 18 62 55 54 20
 31 36 31  5 32 33 50 33 21 55 50 61 41 48 13 21 34 62 30 42 21 58 42 34
 12 50 55 10 33 28 21 55 47 18  0 39 45  7 30 44]","[58 35 42 32 43  7 18  5 11 32  7 62 21 40 58 49  9 43 21 18 44 55 30 47
 30 36 31  5 32 33 50 26 21 55 50 61 43 48 41 21 13 38 26 48 21 60  9 44
 12 50 55 10 33 60 21 55 47  2 30 39 52  7 49 44]",False,False,0.203125,0.078125,0.04,1.0,1.0,1,1,25,0.04,1.0,1.0,1,1,25,1.0,0.0,0.0,25,0,0,1.0,0.0,0.0,25,0,0,1.0,0.8,0.8,25,20,20,1.0,1.0,1.0,25,25,25,1.0,0.24,0.24,25,6,6,1.0,0.16,0.16,25,4,4
[1.00049988 0.         0.         ... 0.         0.70781353 0.        ],"[50 35  4 14 62 54 12  6 26 50 46 43 46 62  4  9 14 53  8 33 63 50 14 46
 58 33  4 56 50 53 50  2 46  5  1 62 32  1  1  1  0  0 15 15 52 16 35 55
 63 34 62 60  1 60 35 37 52 50  4 41 62 51 62  0]","[50 60  4 14 62 54 29  6 26 50 14 36 57 62  4 10 14 53 39 18 63 50 14 46
 52 33  4 36 50 53 50  2 52 41  1 62 32  1  1  1 38  0 15 15 52 17 35 44
 63 34 62 60  1 60 35 37 52 50  4 41 62 52 62  0]",True,True,0.90625,0.875,"[np.int64(35), np.int64(59), np.int64(45), np.int64(9), np.int64(3), np.int64(44), np.int64(40), np.int64(39), np.int64(49), np.int64(16), np.int64(26), np.int64(28), np.int64(4), np.int64(41), np.int64(19), np.int64(35), np.int64(38), np.int64(63), np.int64(14), np.int64(49), np.int64(13), np.int64(49), np.int64(45), np.int64(6), np.int64(48), np.int64(18), np.int64(56), np.int64(63), np.int64(52), np.int64(22), np.int64(41), np.int64(35), np.int64(63), np.int64(38), np.int64(10), np.int64(31), np.int64(27), np.int64(38), np.int64(30), np.int64(5), np.int64(38), np.int64(40), np.int64(5), np.int64(40), np.int64(58), np.int64(33), np.int64(30), np.int64(35), np.int64(17), np.int64(8), np.int64(59), np.int64(31), np.int64(37), np.int64(48), np.int64(30), np.int64(6), np.int64(49), np.int64(46), np.int64(27), np.int64(11), np.int64(6), np.int64(62), np.int64(26), np.int64(44)]","[np.int64(52), np.int64(14), np.int64(58), np.int64(48), np.int64(4), np.int64(34), np.int64(9), np.int64(47), np.int64(40), np.int64(42), np.int64(7), np.int64(40), np.int64(3), np.int64(46), np.int64(2), np.int64(58), np.int64(31), np.int64(22), np.int64(49), np.int64(7), np.int64(30), np.int64(32), np.int64(2), np.int64(29), np.int64(4), np.int64(60), np.int64(31), np.int64(23), np.int64(61), np.int64(6), np.int64(29), np.int64(36), np.int64(52), np.int64(31), np.int64(29), np.int64(39), np.int64(38), np.int64(36), np.int64(59), np.int64(55), np.int64(0), np.int64(14), np.int64(24), np.int64(17), np.int64(1), np.int64(19), np.int64(26), np.int64(61), np.int64(39), np.int64(30), np.int64(0), np.int64(55), np.int64(19), np.int64(54), np.int64(5), np.int64(1), np.int64(19), np.int64(36), np.int64(26), np.int64(57), np.int64(50), np.int64(16), np.int64(55), np.int64(31)]",False,False,0.0,0.0,"[50 60  4 14 62 54 29  6 26 50 37 43 46 62  4  9 44 53  8 33 63 50 14 46
 58 33  4 36 50 26 50 10 46 41  1 62  6 58  1  1  0  0 15 15 41 16  4 44
 24 34 62 60  1 60 35 37 52 50  4 41 62 51 62  0]","[50 60  4 14 62 54 12  6 26 50 14 36 46 62  4  9 29 53 39 18 63 30 32 46
 52 33  4 36 50 53 50  2 46 41  1 62 32 58  1  1 38  0 59 11 52 17  4 55
 63 34 62 60  1 60 35 37 52 50  4 41 62 51 62  0]",True,True,0.609375,0.921875,"[50 35 51 59 62 54 12  6 26 50 46 36 15 62  4 10 44 53 39 33 63 50 32 46
 58 33  4 56 50 53 50  2 46  5 14 62 32 58  1  1  0  0 15 56 52 16  4 55
 24 34 62 30 58 29 35 37 52 50  4 41 62 51 62  0]","[50 60  4 14 62 54 36  6 26 50 54 36 57 62 34  9 14 45  8 33 63 50 32 46
 52 33  4 36  1 16 51 22 52  5  1 62 32 10  1  1 38 31 59 11 52 17  4 44
 24 34 62 30  1 60 35 37 52 12  4 41 62 51 62 15]",False,False,0.203125,0.078125,0.04,1.0,1.0,1,1,25,0.04,1.0,1.0,1,1,25,1.0,0.0,0.0,25,0,0,1.0,0.0,0.0,25,0,0,1.0,0.68,0.68,25,17,17,1.0,1.0,1.0,25,25,25,1.0,0.32,0.32,25,8,8,1.0,0.0,0.0,25,0,0
[0.         0.         0.         ... 1.00049988 0.         0.        ],"[ 8  9 23 14 41 50 13 39 16 16  9 22 55 16 16  9 16 15 49 43 14 51 39 14
 48 39 48 15 43 41 58 41 60 20 16 14 48 29 48 13 50  9 26  8 34 43 58 50
  8 14 13 13 36 34 15  9 48 14  9  9 61 34 16 48]","[ 9  9 23 14 41 23 13 44 16 16  9 22 55 16 16  9 16 60 12  6 14 51  3 14
 48 23 48 15 60 35 58 41 60 20 16 14 48 29 48 13 50  9 29  8 34 43 19 50
 14 14 13 13 46 14 15  9 61 14  9  9 61 13 16 48]",True,True,0.90625,0.875,"[np.int64(36), np.int64(33), np.int64(38), np.int64(0), np.int64(18), np.int64(47), np.int64(7), np.int64(35), np.int64(34), np.int64(47), np.int64(39), np.int64(11), np.int64(0), np.int64(5), np.int64(37), np.int64(22), np.int64(19), np.int64(23), np.int64(56), np.int64(42), np.int64(13), np.int64(31), np.int64(44), np.int64(9), np.int64(31), np.int64(19), np.int64(52), np.int64(28), np.int64(22), np.int64(9), np.int64(43), np.int64(8), np.int64(2), np.int64(49), np.int64(29), np.int64(29), np.int64(59), np.int64(38), np.int64(46), np.int64(26), np.int64(34), np.int64(61), np.int64(47), np.int64(57), np.int64(3), np.int64(23), np.int64(17), np.int64(6), np.int64(35), np.int64(60), np.int64(20), np.int64(20), np.int64(58), np.int64(39), np.int64(1), np.int64(52), np.int64(42), np.int64(43), np.int64(48), np.int64(32), np.int64(45), np.int64(40), np.int64(8), np.int64(46)]","[np.int64(31), np.int64(29), np.int64(31), np.int64(51), np.int64(24), np.int64(31), np.int64(34), np.int64(58), np.int64(32), np.int64(31), np.int64(56), np.int64(20), np.int64(40), np.int64(10), np.int64(61), np.int64(5), np.int64(8), np.int64(45), np.int64(27), np.int64(58), np.int64(33), np.int64(30), np.int64(49), np.int64(6), np.int64(43), np.int64(6), np.int64(25), np.int64(54), np.int64(57), np.int64(42), np.int64(44), np.int64(12), np.int64(16), np.int64(56), np.int64(23), np.int64(33), np.int64(28), np.int64(54), np.int64(25), np.int64(17), np.int64(1), np.int64(24), np.int64(15), np.int64(60), np.int64(17), np.int64(49), np.int64(57), np.int64(28), np.int64(7), np.int64(15), np.int64(16), np.int64(51), np.int64(16), np.int64(31), np.int64(16), np.int64(38), np.int64(15), np.int64(8), np.int64(32), np.int64(16), np.int64(18), np.int64(20), np.int64(49), np.int64(15)]",False,False,0.0,0.0,"[ 8 15 23 14 45 50 13 44 16 16  9 22  5 16 16 23 16 22 49 39 14 51 39  5
 38 23 63 15 60 35 58 41 60 20 16 14  6 29 44 13 50  9 26  8 34 43 19 22
 61 14 13 13 47 34 15  9 49 53  9  9 61 34 16 15]","[ 9  9 47 14 63 23 55 36 16 16  9 22 55 16 16 34 16 60 49 20 61 51 59 15
 54 23 48 15 51 35 58 41 26 20 16 14 48 21 41  7 50  9 29 19 34 26  7 22
  8 14 48 13 47 34 15  9 61 53  9  9 58 34 16 15]",True,True,0.609375,0.921875,"[13  9 23 51 63 10 13 44 16 16  9 22 55 16 16  9 16 15 38 43 14 51 63 14
 48 59 32 15 60 35 58 40 60 20 16 14 48 29 41 19 31  9 26  8 34 43 58 22
  8 14 13 13 47 34 15  9 61 14  9  9 61 20 16 22]","[ 8  9 54 14 56 50 13 39 16 16  9 22 55 16 16  9 16 15 12  6 14 51  3 14
 48 23 63 15 60 41 49 41 60 20 16 14 48 21 44  7 31 13 29  8 34 43 58 50
  8 56 48 13 36 34  2  9 61 14 60 22 61 13 16 31]",False,False,0.203125,0.078125,0.04,1.0,1.0,1,1,25,0.04,1.0,1.0,1,1,25,1.0,0.0,0.0,25,0,0,1.0,0.0,0.0,25,0,0,1.0,0.72,0.72,25,18,18,1.0,1.0,1.0,25,25,25,1.0,0.28,0.28,25,7,7,1.0,0.2,0.2,25,5,5
[0.         0.70781353 1.00049988 ... 0.         0.70781353 1.00049988],"[52 22 39 22 39 61 58 49 13 33 36 11 23 47 60 32 35 34 21  6 62 61 58  5
 35  7 29 59 18  7  0  6 18 11 11 22 60 61  1 37 38 54 37 24  5 18 58 63
 58  6 31 11 13 21  7 37 49 21 11 22 17 58 17 33]","[10 22 39 22 39 61 58 49 18 33 36 11 23 47 60 32 35 34 21  6 62 61 58  5
 35  7 29 59 18  7  0  6 53 11 11 22 59 61  1 59  4 54 37 18  5 18 58 63
 58  6 31 11 13 21  7 37 49 21 11 22 17 58 17 33]",True,True,0.90625,0.875,"[np.int64(32), np.int64(54), np.int64(50), np.int64(43), np.int64(32), np.int64(37), np.int64(58), np.int64(3), np.int64(16), np.int64(3), np.int64(51), np.int64(54), np.int64(23), np.int64(2), np.int64(7), np.int64(37), np.int64(55), np.int64(13), np.int64(55), np.int64(43), np.int64(43), np.int64(16), np.int64(42), np.int64(30), np.int64(7), np.int64(11), np.int64(41), np.int64(27), np.int64(55), np.int64(56), np.int64(30), np.int64(54), np.int64(52), np.int64(23), np.int64(51), np.int64(53), np.int64(18), np.int64(41), np.int64(7), np.int64(62), np.int64(19), np.int64(16), np.int64(30), np.int64(34), np.int64(53), np.int64(12), np.int64(44), np.int64(42), np.int64(16), np.int64(39), np.int64(36), np.int64(2), np.int64(45), np.int64(29), np.int64(3), np.int64(14), np.int64(3), np.int64(56), np.int64(26), np.int64(38), np.int64(19), np.int64(3), np.int64(48), np.int64(0)]","[np.int64(27), np.int64(32), np.int64(18), np.int64(36), np.int64(46), np.int64(40), np.int64(19), np.int64(14), np.int64(36), np.int64(14), np.int64(31), np.int64(44), np.int64(24), np.int64(50), np.int64(42), np.int64(31), np.int64(53), np.int64(27), np.int64(55), np.int64(10), np.int64(34), np.int64(25), np.int64(38), np.int64(43), np.int64(24), np.int64(45), np.int64(27), np.int64(11), np.int64(6), np.int64(13), np.int64(28), np.int64(32), np.int64(48), np.int64(45), np.int64(16), np.int64(15), np.int64(33), np.int64(63), np.int64(8), np.int64(48), np.int64(38), np.int64(13), np.int64(42), np.int64(15), np.int64(22), np.int64(47), np.int64(34), np.int64(44), np.int64(17), np.int64(25), np.int64(17), np.int64(39), np.int64(60), np.int64(1), np.int64(34), np.int64(45), np.int64(60), np.int64(27), np.int64(32), np.int64(19), np.int64(36), np.int64(8), np.int64(29), np.int64(11)]",False,False,0.0,0.0,"[52 22 39 22 43 61 58 49 18 33 36 11 57 47 60 32 13 34 43  6 62 61 58  5
 35  7 40 59 18 34  0  6 18 11 11 22 60 61  1 59  4 54 37 24  5 18 58 63
 58  6 31 11 13 20  7 37 49 21 11 22 17 58 17 33]","[10 22  4 37 14 61 58 49 18 33 55 11 23 47 60 32 13 34 21  6 62 61 58 14
 35  7 29 59 18  7  0  6 53 11 11 60 60 61 40 59  4 54 16 18  5 18 58 37
 58  6 31 11 13 21 25 37 49 16 11 22 17 58 17 33]",False,True,0.609375,0.921875,"[10 22 39 62 14 61 58 49 13 33 36 11 57 47 60 32 35 34 21  6 62 61 58  5
 56  7 29 59 18  7  0  6 53 11 11 22 37 61  1 47 38 54 37 18  5 18 58 39
 58  6 31 11 13 21  7 37 24 39 11 22 17 58 17 33]","[10 22  4 37 14 61 58 49 18 33 52 11 45 47 60 32 35 34 21 31 62 53 58  5
 35 40 29 59  8 20  0  6 53 11 11 22 59 36  1 59 38 54 16  4  5 12 58 63
 58 56 31 11 13 20  7 37 49 16 11 22 17 58 17 17]",False,False,0.203125,0.078125,0.04,1.0,1.0,1,1,25,0.04,1.0,1.0,1,1,25,1.0,0.0,0.0,25,0,0,1.0,0.0,0.0,25,0,0,1.0,0.32,0.32,25,8,8,1.0,1.0,1.0,25,25,25,1.0,0.08,0.08,25,2,2,1.0,0.04,0.04,25,1,1
[0.         0.         1.00049988 ... 0.         0.         0.        ],"[47 47 10 27 43 14 52 14 15 50 52 10 35 38 52 14  6  9 44 19  2 47 63 51
  5 14 51 38 56 24 16 62 47 35 35  6 16 32 52 27 13 49 58 63 15 40 10  6
 26 35  5 14 19 20 44 16 13 51  1 25  2  2  7 51]","[37 47 10 27 29 14 52 14 15 28 52 10 35 38 52 10  6  9 23 19  2 47 63 51
 13 14 51  6 30 24 16 62  7 35 13  6 16  0 52 27 13 49 58 63 60  8 10  6
 26 41  5 14 19 20 44 60 13 51  1  2  2  2  7 51]",True,False,0.90625,0.875,"[np.int64(51), np.int64(17), np.int64(26), np.int64(25), np.int64(42), np.int64(32), np.int64(54), np.int64(55), np.int64(47), np.int64(29), np.int64(4), np.int64(39), np.int64(26), np.int64(25), np.int64(25), np.int64(21), np.int64(10), np.int64(1), np.int64(32), np.int64(40), np.int64(1), np.int64(3), np.int64(56), np.int64(39), np.int64(31), np.int64(52), np.int64(10), np.int64(4), np.int64(8), np.int64(23), np.int64(0), np.int64(46), np.int64(18), np.int64(8), np.int64(4), np.int64(9), np.int64(4), np.int64(36), np.int64(13), np.int64(18), np.int64(29), np.int64(6), np.int64(39), np.int64(61), np.int64(50), np.int64(13), np.int64(44), np.int64(18), np.int64(22), np.int64(17), np.int64(9), np.int64(57), np.int64(48), np.int64(61), np.int64(35), np.int64(39), np.int64(26), np.int64(14), np.int64(20), np.int64(19), np.int64(63), np.int64(15), np.int64(18), np.int64(28)]","[np.int64(24), np.int64(42), np.int64(47), np.int64(17), np.int64(10), np.int64(33), np.int64(40), np.int64(32), np.int64(62), np.int64(16), np.int64(14), np.int64(24), np.int64(39), np.int64(53), np.int64(42), np.int64(34), np.int64(36), np.int64(39), np.int64(18), np.int64(60), np.int64(57), np.int64(41), np.int64(41), np.int64(38), np.int64(25), np.int64(42), np.int64(5), np.int64(48), np.int64(16), np.int64(19), np.int64(12), np.int64(52), np.int64(54), np.int64(20), np.int64(60), np.int64(24), np.int64(9), np.int64(56), np.int64(0), np.int64(28), np.int64(52), np.int64(57), np.int64(33), np.int64(29), np.int64(10), np.int64(35), np.int64(39), np.int64(48), np.int64(16), np.int64(35), np.int64(37), np.int64(1), np.int64(55), np.int64(31), np.int64(20), np.int64(47), np.int64(14), np.int64(24), np.int64(10), np.int64(28), np.int64(42), np.int64(24), np.int64(56), np.int64(8)]",False,False,0.0,0.0,"[47 47 10 13 43 14 52 14 15 50 52 10  0 38 52 14  6  9 44 19  2 47 63 51
 13 14 51 38 56 24 16 62 47 35 13  6 16 57 52 27 13 60 58 63 60 40 10  6
 26  3 60 14 19 20 44 16 13 51  1 25  2 13  8  3]","[47 47 10 27 43 14 52 14 15 50 52 10 35 38 52 10  6  9 44 19  2 47 63 51
 61 14 51  6 37 37 16 62 47 61 35 27 16 20 52 37 13 51 58 63 15 40 10  6
 26 39 60 14 19  4 44 60 13 51  1  2 15  2  8 35]",False,False,0.609375,0.921875,"[47 47  7  5 29 14 52 14  5 28 52 10 35 38 52 14  6  9 44 19 53 47 40 18
 13 14 51 38 56 24 16 62  7 61 35  6 16 20 52 27 13 49 58 63 15 55 10  6
 26 41 23 14 19 20 44 16 13 51  1  2 35 13 16 35]","[37 55 10 63 31 14 52 14 62 50 52 10 35 38 52 14 30  9 23 19  2 47 63 51
 13 14 51 38 30 37 16  4 47 35 43 63 16 32 52 62 13 49 58 63 60 40 21  6
 33 41 60 14 19 20 44 16 22 51  1 37  2 33  8  3]",False,False,0.203125,0.078125,0.04,1.0,1.0,1,1,25,0.04,0.0,0.0,1,0,0,1.0,0.0,0.0,25,0,0,1.0,0.0,0.0,25,0,0,1.0,0.12,0.12,25,3,3,1.0,0.72,0.72,25,18,18,1.0,0.12,0.12,25,3,3,1.0,0.0,0.0,25,0,0
[1.00049988 0.         0.         ... 0.         1.00049988 0.        ],"[62 54  6 57 34 36  6 44  6 53 29  7 54 54 45 41 42 10 26 53  0 29 32 19
 50 40  8 26 50  8 32 47  6 15 22 52 41 40 29 12 53  2 29 45  8 32  6 26
 46 58 32 27  8 46 26 27 45 46 32 45 47 26 46 10]","[62 54  6 57 63 36  6 45  6 48 29  7 54 10 30 41 40 10  9 53  0 29 32 34
 27 40 32 26 38 46 32 47  6  4 22 52 21 40 22 17 62  2 29 45  8 32  6 26
 46 58 32  0  8 46 29  1 45 46 32 45  1 26 46 10]",True,True,0.90625,0.875,"[np.int64(49), np.int64(23), np.int64(4), np.int64(27), np.int64(12), np.int64(5), np.int64(14), np.int64(52), np.int64(7), np.int64(23), np.int64(37), np.int64(18), np.int64(1), np.int64(7), np.int64(23), np.int64(32), np.int64(11), np.int64(12), np.int64(41), np.int64(20), np.int64(4), np.int64(20), np.int64(51), np.int64(5), np.int64(45), np.int64(40), np.int64(42), np.int64(48), np.int64(16), np.int64(7), np.int64(17), np.int64(56), np.int64(17), np.int64(52), np.int64(18), np.int64(16), np.int64(17), np.int64(41), np.int64(42), np.int64(51), np.int64(8), np.int64(6), np.int64(28), np.int64(22), np.int64(22), np.int64(49), np.int64(62), np.int64(27), np.int64(45), np.int64(30), np.int64(5), np.int64(0), np.int64(2), np.int64(8), np.int64(27), np.int64(55), np.int64(51), np.int64(20), np.int64(7), np.int64(12), np.int64(55), np.int64(29), np.int64(56), np.int64(5)]","[np.int64(15), np.int64(38), np.int64(15), np.int64(50), np.int64(16), np.int64(29), np.int64(20), np.int64(28), np.int64(13), np.int64(0), np.int64(49), np.int64(40), np.int64(2), np.int64(63), np.int64(32), np.int64(36), np.int64(43), np.int64(47), np.int64(41), np.int64(55), np.int64(44), np.int64(20), np.int64(28), np.int64(57), np.int64(5), np.int64(23), np.int64(21), np.int64(62), np.int64(33), np.int64(11), np.int64(13), np.int64(16), np.int64(55), np.int64(30), np.int64(24), np.int64(60), np.int64(58), np.int64(5), np.int64(23), np.int64(16), np.int64(56), np.int64(22), np.int64(13), np.int64(19), np.int64(15), np.int64(51), np.int64(38), np.int64(29), np.int64(37), np.int64(56), np.int64(56), np.int64(29), np.int64(43), np.int64(33), np.int64(63), np.int64(27), np.int64(38), np.int64(40), np.int64(7), np.int64(59), np.int64(46), np.int64(59), np.int64(48), np.int64(5)]",False,False,0.0,0.0,"[62 54  6 13 43 49  6 44  6 18 29 20 24 10 30 41 42 10 26 24  0 29 32 34
 27 40  8 26 38  8 32  8  6  4 54 52 41 38 29 12 62  2 29 35  8 32  6 26
 46 58 22  0  8 46 26 27 45 46 32 45 47  7 42 10]","[62 54  6 24 63 36  6 45  6 10 29 20 21 10 30 19 34 10  9 53  0 29 32 19
 27  5 32 40 38 46 21 47  6 12 54 43 21 38 29 17 62 36 62 45 26 32  6 26
 29 58 32  0  8 46 26 19 45 46 32 61 47 38 46 10]",False,True,0.609375,0.921875,"[62 54  6 57 13 49  6 45  6 53 29  7 63 54 30 41 40 10 26 53  0 36 32 34
 50 40  8 26 38  8 32 47  6 12 54 52 27  0 29 17 62  2 62 45  8 32  6 26
 29 58 32  0  8 46 26  1 45 46 32 25 47 26 46 24]","[21 54  6 57 34  1  6 45  6 10  9 25 24 10 45 33 42 10 52 53  0 29 32 34
 50  5 32 40 50 46 32 47  6  4 22 43 41  0 29 17 62  2 29 45  8 32  6 26
 58 58 32  0  8 22 26 19 45 46 32 61 47 26 46  4]",True,False,0.203125,0.078125,0.04,1.0,1.0,1,1,25,0.04,1.0,1.0,1,1,25,1.0,0.0,0.0,25,0,0,1.0,0.0,0.0,25,0,0,1.0,0.92,0.92,25,23,23,1.0,1.0,1.0,25,25,25,1.0,0.36,0.36,25,9,9,1.0,0.0,0.0,25,0,0
[0.         1.00049988 0.         ... 0.         0.70781353 0.        ],"[18 22  1 22 50 63 56 47  3 52 47  3  3 12 51 43 17 27 37 59  5 25 27 39
 37 11 38 27 30  7 47  4 43 18 24 22 43 22 40  1 37 49 12 37 59  1 59 50
 31  3 17  4 37 30  0 31 52 43 44 37  0  1  7  1]","[18 22  1 22 35 63 34  8  3 52 40  3  3 49 10 43 17 27 37 59  5  5 27 39
 37 11 38 27 60  7 47 18 43 40  2 22 43 22 40  1 37 49 12 37 59  1 33 50
 51  3 17 40 37 57 48 31 52 43 44 37 26 37  7  1]",True,True,0.90625,0.875,"[np.int64(58), np.int64(38), np.int64(57), np.int64(3), np.int64(10), np.int64(44), np.int64(21), np.int64(47), np.int64(31), np.int64(19), np.int64(8), np.int64(10), np.int64(51), np.int64(24), np.int64(57), np.int64(0), np.int64(51), np.int64(60), np.int64(31), np.int64(18), np.int64(0), np.int64(15), np.int64(58), np.int64(47), np.int64(45), np.int64(40), np.int64(13), np.int64(38), np.int64(52), np.int64(5), np.int64(42), np.int64(4), np.int64(20), np.int64(36), np.int64(51), np.int64(42), np.int64(57), np.int64(7), np.int64(37), np.int64(23), np.int64(22), np.int64(49), np.int64(26), np.int64(12), np.int64(28), np.int64(24), np.int64(39), np.int64(13), np.int64(19), np.int64(0), np.int64(9), np.int64(49), np.int64(51), np.int64(34), np.int64(60), np.int64(31), np.int64(4), np.int64(9), np.int64(23), np.int64(42), np.int64(40), np.int64(58), np.int64(45), np.int64(29)]","[np.int64(41), np.int64(8), np.int64(6), np.int64(33), np.int64(57), np.int64(21), np.int64(40), np.int64(13), np.int64(62), np.int64(42), np.int64(31), np.int64(2), np.int64(15), np.int64(43), np.int64(28), np.int64(12), np.int64(29), np.int64(44), np.int64(4), np.int64(59), np.int64(13), np.int64(57), np.int64(39), np.int64(61), np.int64(46), np.int64(63), np.int64(12), np.int64(57), np.int64(6), np.int64(51), np.int64(13), np.int64(16), np.int64(51), np.int64(42), np.int64(36), np.int64(2), np.int64(4), np.int64(4), np.int64(4), np.int64(62), np.int64(22), np.int64(14), np.int64(48), np.int64(52), np.int64(2), np.int64(38), np.int64(39), np.int64(45), np.int64(32), np.int64(34), np.int64(38), np.int64(40), np.int64(7), np.int64(32), np.int64(42), np.int64(62), np.int64(62), np.int64(53), np.int64(30), np.int64(57), np.int64(19), np.int64(25), np.int64(21), np.int64(45)]",False,False,0.0,0.0,"[18 22  1 22 50 63 56 62 40 52 39  3  3 49 51 43 17 27 37 59  5  5 27 39
 37 11 42 27 30 16 47  4 43 46 24 22 49 22 40  1 63 49 12 37 59  1 24 50
 31  3 17  4  3 30  0  0 52 43 44 37 26  1 34  1]","[18 22  1 22 35 63 34 31 40 52 47  3  3 12 10 43 17 27 37 59  5  5 27 11
 37 11 38 27 30 38 47  4 43 40 36 22 43 22 40 10 10 30 12 37 59  1 33 50
 51 36 17 47  3 30 25 31 52 56 44 37  0 37  7 40]",False,True,0.609375,0.921875,"[18 22  1 22  3 63 56  8  3 52 47  3  3 12 29 53 17 27 31 59  5 25 27 11
 37 54 38 27 30 14 47  4 43 18 24 22 43 22 40  1 63 30 12 37 59  1 36 50
 51  3 17 40 37 15 48 31 52 43 44 37 26 31  7 40]","[18 22  1 22 31 63 34 47 40 52 39  3  3 49 10 53 17 27 37 59  5  5 27 11
 37 11 38 27 30 38 47 18 43 40 36 22 43 22 39 38 10 30 31 37 59  1 59 50
 29  3 47  4 37 30 48 31 57 56 44 37  0  1  7  1]",False,False,0.203125,0.078125,0.04,1.0,1.0,1,1,25,0.04,1.0,1.0,1,1,25,1.0,0.0,0.0,25,0,0,1.0,0.0,0.0,25,0,0,1.0,0.4,0.4,25,10,10,1.0,1.0,1.0,25,25,25,1.0,0.2,0.2,25,5,5,1.0,0.16,0.16,25,4,4
[0.500999 0.       0.       ... 0.       0.       0.      ],"[34 15 58 34 18 34 60  9 45  0  3 18 40 58 28 23  9 53 47 61  3 39 11 34
 58 33 34 17 33 28 46  3 40 53 47 11 46 39 28 17 18 51 28 56 22 18 34 47
 40 54 61 18 45 47  5 52 18  4 45 52 53 33 46 13]","[34 15  6 34 18 34 60  9 45  0  3 18 60 58 24 23  9 53 47 61  3 39 11 34
 57 33 34 23 33 22 52  3 43 53 47 11 46 39 28 60 18  0 37  9 22 18 34 47
 62 54 61 18  9 47  5 52 18  3 22 52 53 56 22 13]",True,True,0.90625,0.875,"[np.int64(20), np.int64(1), np.int64(7), np.int64(46), np.int64(57), np.int64(1), np.int64(49), np.int64(42), np.int64(35), np.int64(28), np.int64(57), np.int64(57), np.int64(37), np.int64(34), np.int64(7), np.int64(44), np.int64(57), np.int64(40), np.int64(41), np.int64(11), np.int64(18), np.int64(10), np.int64(36), np.int64(56), np.int64(25), np.int64(19), np.int64(35), np.int64(39), np.int64(16), np.int64(1), np.int64(44), np.int64(22), np.int64(44), np.int64(1), np.int64(34), np.int64(2), np.int64(25), np.int64(37), np.int64(48), np.int64(51), np.int64(41), np.int64(30), np.int64(35), np.int64(41), np.int64(33), np.int64(52), np.int64(17), np.int64(42), np.int64(50), np.int64(30), np.int64(12), np.int64(40), np.int64(49), np.int64(16), np.int64(21), np.int64(38), np.int64(8), np.int64(41), np.int64(47), np.int64(60), np.int64(23), np.int64(1), np.int64(32), np.int64(61)]","[np.int64(3), np.int64(29), np.int64(4), np.int64(29), np.int64(53), np.int64(24), np.int64(38), np.int64(6), np.int64(40), np.int64(20), np.int64(41), np.int64(58), np.int64(55), np.int64(59), np.int64(37), np.int64(45), np.int64(33), np.int64(34), np.int64(47), np.int64(51), np.int64(58), np.int64(48), np.int64(22), np.int64(33), np.int64(18), np.int64(12), np.int64(46), np.int64(47), np.int64(36), np.int64(41), np.int64(42), np.int64(47), np.int64(9), np.int64(50), np.int64(12), np.int64(10), np.int64(1), np.int64(52), np.int64(31), np.int64(34), np.int64(23), np.int64(60), np.int64(39), np.int64(21), np.int64(47), np.int64(55), np.int64(34), np.int64(5), np.int64(59), np.int64(23), np.int64(7), np.int64(52), np.int64(13), np.int64(16), np.int64(20), np.int64(21), np.int64(48), np.int64(21), np.int64(9), np.int64(25), np.int64(58), np.int64(19), np.int64(59), np.int64(47)]",False,False,0.0,0.0,"[34  2 58 34 18 34 60  9 45 40  3 18 60 21 28 25  9 53 47 61  8 39 62 34
 57 39 34 17  9 28 46 36 40 53 47 11 28  9 28 60 18 51 37 32 35 18 34 47
 40 54 61 18  4 47  5 52 18 10  0 52 53 56  3 13]","[34  2  9 34 18 34 60  9 45 39 62 18 60 24 24 23  9  0 47 61  3 13 62 34
 57 27 34 23 33 22 46  3 40 53 47 11 46  9 28 60 48 10 28  6 22 23 62 47
 62 24 61 41  4 47  5  9 18 10 39 52 53 39  3 13]",True,True,0.609375,0.921875,"[17 15 58 34 18 34 23  9 45 43  3 18 40 58 24 23  9 53 47 61  3 39 11 34
 58 33 34 17 33 22 46  3 41 53 47 11 46  9 28  9 18 51 28  9 22 18 34 47
 40 24 61 18  4 47  5 52 18  4 45 52 53 39  3 13]","[34 24  6 34 18 54 23  9 57  0  3 22 60 58 24 23  9  0 47 61  3 50 43 34
 57 33 34 23 33 28 52 44 41 25 47 25 46 39 28 17 18 51 49  9 22 23 34 47
 62 54 61  5  9 47 41  9 43  4 22 52  6 33  3 13]",False,False,0.203125,0.078125,0.04,1.0,1.0,1,1,25,0.04,1.0,1.0,1,1,25,1.0,0.0,0.0,25,0,0,1.0,0.0,0.0,25,0,0,1.0,0.72,0.72,25,18,18,1.0,1.0,1.0,25,25,25,1.0,0.32,0.32,25,8,8,1.0,0.0,0.0,25,0,0
[1.00049988 1.00049988 0.         ... 0.         0.         0.        ],"[35 58 33 12 21 52 18 26 59 17 35 21 18 61 43 52 35 18 55 21 24 55 24 58
 50 13 50 52 58 38 41 17 12 21 38 24 62 33 53 29 42 53 50 18 58 21 56 38
 30  4 55 47 55 55  0 55 26  5 18 26 35 58 43 24]","[35 43 33 31 21 52 18 42 59 42 35 21 18 59 43 52 35 18 55 21 24 55 24 33
 50 13 50 52 56 38 41 17 28 21 38 24 56 33 53 32 42 53 50 18 35 21 56 38
 30  4 55 29 55 55  0 55  6 11 18 26 35 58 43 24]",True,True,0.90625,0.875,"[np.int64(56), np.int64(41), np.int64(33), np.int64(26), np.int64(60), np.int64(34), np.int64(12), np.int64(45), np.int64(12), np.int64(53), np.int64(23), np.int64(61), np.int64(21), np.int64(54), np.int64(46), np.int64(50), np.int64(22), np.int64(13), np.int64(42), np.int64(0), np.int64(29), np.int64(13), np.int64(60), np.int64(21), np.int64(43), np.int64(7), np.int64(9), np.int64(63), np.int64(9), np.int64(29), np.int64(17), np.int64(59), np.int64(34), np.int64(27), np.int64(44), np.int64(21), np.int64(13), np.int64(21), np.int64(11), np.int64(43), np.int64(54), np.int64(59), np.int64(29), np.int64(30), np.int64(1), np.int64(59), np.int64(50), np.int64(53), np.int64(8), np.int64(50), np.int64(36), np.int64(16), np.int64(50), np.int64(37), np.int64(52), np.int64(38), np.int64(13), np.int64(23), np.int64(49), np.int64(25), np.int64(53), np.int64(39), np.int64(27), np.int64(51)]","[np.int64(51), np.int64(16), np.int64(31), np.int64(2), np.int64(61), np.int64(3), np.int64(61), np.int64(40), np.int64(49), np.int64(35), np.int64(34), np.int64(24), np.int64(26), np.int64(4), np.int64(49), np.int64(51), np.int64(1), np.int64(39), np.int64(53), np.int64(11), np.int64(47), np.int64(63), np.int64(44), np.int64(3), np.int64(35), np.int64(21), np.int64(53), np.int64(2), np.int64(7), np.int64(21), np.int64(45), np.int64(13), np.int64(35), np.int64(5), np.int64(2), np.int64(53), np.int64(3), np.int64(38), np.int64(21), np.int64(24), np.int64(38), np.int64(62), np.int64(24), np.int64(44), np.int64(2), np.int64(12), np.int64(2), np.int64(19), np.int64(39), np.int64(5), np.int64(29), np.int64(48), np.int64(39), np.int64(32), np.int64(6), np.int64(15), np.int64(58), np.int64(36), np.int64(54), np.int64(22), np.int64(28), np.int64(0), np.int64(12), np.int64(14)]",False,False,0.0,0.0,"[35 43 33 31 21 52 18 42 59 17 51 21 18 23 43 52 35 18 55 21 24 55 19 33
 43 13 50 52 58 38 41 17 12 21 17 60 56 33 53 32 42 53 50 18 58 52 56  5
 53  4 55 29 55 55  0 55 11  5 18 26 62 58 43 24]","[35 35 33 31 21 52 18 42 59 42 51 21 18 59 43 52 14 34 55 21 24 55 19 58
 50 13 50 52 56 38 41 59 34 38 11  4  0 24 53 32 42 53 50 24 35 52 56 38
 30  4 55 22 55 55  0 55 26 11 18 26 35 58 43 24]",False,True,0.609375,0.921875,"[36  2  1 12 21 52 38 26 59 42 51 21 18 23 43 52 35 18 55 21 24 55 32 58
 50 13 50 52 58 38 41 17 12 21 32 62 62 33 19 32 42 53 50 18 58 52 56  5
 30  4 55 29 55 55  0 55 29  5 18 31 62 58 36 24]","[35 35  1 31 21 52 18 42 54 42 35 34 32 59 20 52 35 18 55 38 14 55 19 58
 50 13 56 52 58 47 41 32 34 37 11  4 62 24 19 29 42 53 50 24 58 21 56 38
 30  4 55 47 55 55  0 55 28  5 15 26 35 13 36 24]",False,False,0.203125,0.078125,0.04,1.0,1.0,1,1,25,0.04,1.0,1.0,1,1,25,1.0,0.0,0.0,25,0,0,1.0,0.0,0.0,25,0,0,1.0,0.76,0.76,25,19,19,1.0,1.0,1.0,25,25,25,1.0,0.24,0.24,25,6,6,1.0,0.08,0.08,25,2,2
[0.         0.70781353 0.         ... 0.         0.         0.500999  ],"[63 29 39 15 23 42 53 54 41 62 15 33  6 28 55 27 54 31 37 47 61 46 16 44
 63 23 39  1 54 51 33 53  2 29 58 62  7 53 53 29 51 30 39 61 33 37 30 33
 41 41 42 51 53 29 33 50 58 42 42 42 26 33 33  2]","[10 29 39 15 23 42 53 19 19 62 19 33  6 28 55 27 31 31 37 47 61 46 16  2
 56 23 39  1 54 51 33  1  2 29 58 37  7 53 53 29 52  8 39 61 33 37  8 33
 41 63 42 51 40 29 33 50 58 42 42  6 26 33 33  2]",False,False,0.90625,0.875,"[np.int64(6), np.int64(46), np.int64(49), np.int64(43), np.int64(3), np.int64(29), np.int64(5), np.int64(46), np.int64(1), np.int64(4), np.int64(49), np.int64(20), np.int64(0), np.int64(54), np.int64(54), np.int64(34), np.int64(35), np.int64(25), np.int64(30), np.int64(35), np.int64(31), np.int64(12), np.int64(14), np.int64(14), np.int64(31), np.int64(23), np.int64(58), np.int64(23), np.int64(21), np.int64(55), np.int64(19), np.int64(48), np.int64(61), np.int64(28), np.int64(34), np.int64(15), np.int64(21), np.int64(46), np.int64(12), np.int64(9), np.int64(17), np.int64(19), np.int64(24), np.int64(6), np.int64(0), np.int64(11), np.int64(50), np.int64(61), np.int64(52), np.int64(60), np.int64(9), np.int64(17), np.int64(47), np.int64(54), np.int64(25), np.int64(48), np.int64(1), np.int64(16), np.int64(11), np.int64(52), np.int64(33), np.int64(22), np.int64(31), np.int64(24)]","[np.int64(24), np.int64(58), np.int64(54), np.int64(11), np.int64(31), np.int64(51), np.int64(27), np.int64(2), np.int64(38), np.int64(54), np.int64(48), np.int64(46), np.int64(56), np.int64(61), np.int64(57), np.int64(52), np.int64(45), np.int64(10), np.int64(26), np.int64(47), np.int64(22), np.int64(38), np.int64(8), np.int64(53), np.int64(23), np.int64(41), np.int64(8), np.int64(29), np.int64(39), np.int64(28), np.int64(7), np.int64(12), np.int64(7), np.int64(19), np.int64(43), np.int64(9), np.int64(58), np.int64(21), np.int64(51), np.int64(46), np.int64(58), np.int64(44), np.int64(35), np.int64(54), np.int64(24), np.int64(31), np.int64(58), np.int64(9), np.int64(19), np.int64(48), np.int64(2), np.int64(28), np.int64(3), np.int64(31), np.int64(54), np.int64(16), np.int64(44), np.int64(6), np.int64(12), np.int64(10), np.int64(59), np.int64(0), np.int64(35), np.int64(13)]",False,False,0.0,0.0,"[63 29 39 15 34 42 47 54 28 62 19 33  6 28 55 27 54 31 37 27 61 63 16 44
 63 23 39  1 54 51 33  1  2 29 28 62  7 53 53 29 51 11 39 61 33 37 30 33
 20 63 42 51 53 29 33 29 58 42 42 23 50 33 33  2]","[63 29 39 15 23 42 53 19 19 46 19 33  6 28 55 27  2 42  9 27 61 46 16 50
 56 23 39  1 54 51 33 33  2 29 28 37  7 53 53 29 51 30 39 61 33 37 30  6
 41 63 60 51 53 29 33 50 58 42 59  6 26 33 33  2]",False,False,0.609375,0.921875,"[25 29 39 15 23 42 53 54 28 62 19 33  6 28 55 27 31 42 57 47 61 63 16 50
 56 23 27  1 54 51 33 33 12 29 28 58  7 53 53 29 52 30  1 61 33 37 30 33
 41 63 42 51 40 29 33 50 58 42 42  6 26 33 33 23]","[10 29 39 15 23 42 53 54 46 62 15 33  6 28 55 43 54 31 37 10 61 63 16 57
 63 23 39 26 17 51 33  1 12 29 28 62  7 53 47 29 52 48  1 61 31 37  9 33
 41 63 59 51 40 29 33 50 41 42 42  6 50 33 33  2]",False,False,0.203125,0.078125,0.04,0.0,0.0,1,0,0,0.04,0.0,0.0,1,0,0,1.0,0.0,0.0,25,0,0,1.0,0.0,0.0,25,0,0,1.0,0.28,0.28,25,7,7,1.0,0.56,0.56,25,14,14,1.0,0.2,0.2,25,5,5,1.0,0.04,0.04,25,1,1
[0.500999   0.         0.         ... 1.00049988 0.70781353 1.00049988],"[ 5 36  1  2 50 11 44 15 25  8 55  1 25 11  3  1 28 48  2 47 40 61  1 41
 40 44  1 41 44 36 26 23 15 28 40 45 36  0 22  2 29 29 25 47 36 44 50 44
 25 29 41 45 40 34 12  6 15 63 34 43 48 40 18  6]","[ 5 36  1  2 50 11 44 52 25  8 55  1 25 11  3  1 34 48  2 48 40 38  1 41
 40 29  1  2 44 36 26 23 15 57 40 45 36  0 22  2 29 29 25 56 36 44 50 44
  2 29 41 45 40 34  5 12 15  8 34 35 48 40 18 52]",True,True,0.90625,0.875,"[np.int64(17), np.int64(51), np.int64(46), np.int64(7), np.int64(24), np.int64(29), np.int64(5), np.int64(25), np.int64(29), np.int64(12), np.int64(46), np.int64(20), np.int64(5), np.int64(41), np.int64(56), np.int64(3), np.int64(5), np.int64(43), np.int64(0), np.int64(42), np.int64(21), np.int64(37), np.int64(34), np.int64(55), np.int64(49), np.int64(38), np.int64(44), np.int64(48), np.int64(63), np.int64(59), np.int64(3), np.int64(40), np.int64(36), np.int64(42), np.int64(14), np.int64(32), np.int64(27), np.int64(58), np.int64(18), np.int64(43), np.int64(15), np.int64(45), np.int64(56), np.int64(36), np.int64(13), np.int64(0), np.int64(34), np.int64(5), np.int64(52), np.int64(23), np.int64(46), np.int64(63), np.int64(32), np.int64(45), np.int64(61), np.int64(1), np.int64(14), np.int64(0), np.int64(59), np.int64(35), np.int64(48), np.int64(57), np.int64(49), np.int64(56)]","[np.int64(23), np.int64(16), np.int64(49), np.int64(44), np.int64(28), np.int64(33), np.int64(19), np.int64(17), np.int64(51), np.int64(25), np.int64(55), np.int64(63), np.int64(44), np.int64(34), np.int64(14), np.int64(3), np.int64(36), np.int64(35), np.int64(1), np.int64(7), np.int64(60), np.int64(61), np.int64(42), np.int64(44), np.int64(55), np.int64(59), np.int64(39), np.int64(19), np.int64(48), np.int64(60), np.int64(40), np.int64(3), np.int64(5), np.int64(43), np.int64(14), np.int64(61), np.int64(14), np.int64(14), np.int64(59), np.int64(30), np.int64(29), np.int64(25), np.int64(12), np.int64(36), np.int64(2), np.int64(18), np.int64(17), np.int64(62), np.int64(5), np.int64(11), np.int64(10), np.int64(62), np.int64(22), np.int64(7), np.int64(26), np.int64(11), np.int64(9), np.int64(26), np.int64(27), np.int64(7), np.int64(30), np.int64(19), np.int64(23), np.int64(21)]",False,False,0.0,0.0,"[39 36  1  2 50 11 44 15 34 56 55  1  6 48  3  1 28 57  2 47 40 32  1 28
 40 44  1 26 44 36 63 23 15 28 53 45 36  0 22 42 29 29 25 47 36 44 50 44
 25 29 31 45  7 33 56  6 15 63 34 43 63 40 18  6]","[ 5 36  1 50 50 54 12  8 25  8 55  1 25 11 17  1 28 48  2 48 40 61  1 31
 40 29  1 25 44 36 26  8 15 28  8 45 36  0 48  2 29 29 25 56 36 44 50 44
 25 29 45 45 40 34 12 12 15 17 34 35 58 40 18 52]",True,True,0.609375,0.921875,"[39 36  1  2 50 11 44 38 25  8 55  1  6 11 17  1 28 57 62 47 40 61  1 41
 40 29  1 25 44 36 26 23 15 28  8 45 36  0 22  2 29 29 25 56 36 44 50 44
 25 29 41 45 41 34 12  6 43 63 60 43 63 40 18 60]","[38 36  1 16 33 54 44 15 43  8 55  1 54 11  3  1 34 48  2 47 40 38  1 31
 56 29  1 25  6 36 26 23 15 57 40 59 36  0  7  0 24 29 25 47 36 44 50 19
  2 12  3 45 40 34 52 12 54  8 60 43 48 40 18  6]",False,False,0.203125,0.078125,0.04,1.0,1.0,1,1,25,0.04,1.0,1.0,1,1,25,1.0,0.0,0.0,25,0,0,1.0,0.0,0.0,25,0,0,1.0,0.84,0.84,25,21,21,1.0,1.0,1.0,25,25,25,1.0,0.56,0.56,25,14,14,1.0,0.04,0.04,25,1,1
[0.         0.         0.         ... 0.70781353 0.         0.500999  ],"[18 35 32 50 31 50 18 44  2 32  7 62 21  3 58 49  9 21 21 18 44 55 54 20
 39 36 31  5 32 33 50 33 21 55 50 61 41 48 13 21 39 40 18 48 21  3 49 44
 12 50 55 19 33 28 21 55  7 31 30 39 52  7 12 44]","[18 35 32 50 31 50 31 44  0 32  7 62 21  3 58 49  9 21 21 18 44 55 54 20
 30 36 31  5 32 33 50 33 21 55 50 61 41 51 41 21 39 47 30 42 21  3 49 44
 12 50 55 46 33 47 21 55  7 31 30 39 52  7 12 44]",True,True,0.90625,0.875,"[np.int64(21), np.int64(42), np.int64(16), np.int64(62), np.int64(29), np.int64(6), np.int64(17), np.int64(4), np.int64(45), np.int64(12), np.int64(49), np.int64(39), np.int64(52), np.int64(17), np.int64(55), np.int64(46), np.int64(29), np.int64(25), np.int64(29), np.int64(17), np.int64(5), np.int64(31), np.int64(20), np.int64(22), np.int64(12), np.int64(21), np.int64(51), np.int64(39), np.int64(24), np.int64(39), np.int64(48), np.int64(38), np.int64(4), np.int64(40), np.int64(44), np.int64(22), np.int64(38), np.int64(52), np.int64(28), np.int64(3), np.int64(21), np.int64(44), np.int64(48), np.int64(34), np.int64(41), np.int64(58), np.int64(63), np.int64(9), np.int64(48), np.int64(45), np.int64(62), np.int64(36), np.int64(4), np.int64(32), np.int64(63), np.int64(46), np.int64(24), np.int64(36), np.int64(14), np.int64(0), np.int64(62), np.int64(23), np.int64(37), np.int64(6)]","[np.int64(15), np.int64(19), np.int64(63), np.int64(43), np.int64(46), np.int64(45), np.int64(40), np.int64(16), np.int64(31), np.int64(6), np.int64(63), np.int64(18), np.int64(56), np.int64(16), np.int64(0), np.int64(19), np.int64(27), np.int64(25), np.int64(62), np.int64(26), np.int64(50), np.int64(54), np.int64(12), np.int64(50), np.int64(54), np.int64(48), np.int64(57), np.int64(4), np.int64(8), np.int64(41), np.int64(50), np.int64(35), np.int64(23), np.int64(59), np.int64(27), np.int64(29), np.int64(56), np.int64(48), np.int64(51), np.int64(61), np.int64(18), np.int64(15), np.int64(58), np.int64(45), np.int64(45), np.int64(21), np.int64(61), np.int64(25), np.int64(61), np.int64(0), np.int64(63), np.int64(44), np.int64(59), np.int64(4), np.int64(3), np.int64(2), np.int64(15), np.int64(53), np.int64(16), np.int64(50), np.int64(26), np.int64(19), np.int64(21), np.int64(1)]",False,False,0.0,0.0,"[18 35 32 50 44 50 49 54  0 32  7  4 21  3 58 49  9 21 21 18 44 55 54 47
 52 36 31  5 32 33 50 33 21 55 50 61 41 48 41 21 39 62 18 42 21  3 59 44
 12 50 55 37 33 28 31 55 47 31 30 39 52  7 30 44]","[ 8 35 57 50 31 50 18  5 11 32  6 62 21  3 58 49  9 21 21 18 62 55 54 47
 30 36 31  7 32 33 50 54 21 55 50 61 43 48 41 21 39 47 30 48 21  3  9 44
 12 50 55 19 33 47 21 55  7 18 30 39 41  7 49 44]",False,True,0.609375,0.921875,"[18 35 32 50 31 50 18 44  0 32  6 62 21 40 58 49  9 21 21 53 44 55 54 41
 26 36 31 48 32 33 50 49 21 55 50 61 41 48 13 40 41 60 20 48 21  3 42 44
 12 50 55 19 33 19 21 55  7 31 30 39  9  7 12 44]","[ 8 35  6 50 31  7 49  5  0 60  7 62 21  3 58 49  9 21 21 51 42 55 30 20
 39 36 31  7 32 33 50 33 21 55 47 61 43 51 41 21 41 62 30 42  7 60 59 53
 43 31 55 19 33 28 21 55  7 31  0 39 52  7 30 44]",False,False,0.203125,0.078125,0.04,1.0,1.0,1,1,25,0.04,1.0,1.0,1,1,25,1.0,0.0,0.0,25,0,0,1.0,0.0,0.0,25,0,0,1.0,0.6,0.6,25,15,15,1.0,1.0,1.0,25,25,25,1.0,0.28,0.28,25,7,7,1.0,0.12,0.12,25,3,3
[0. 0. 0. ... 0. 0. 0.],"[27 60 48 20 59 32  6 46 22 11 48  6 41 20 32 32 32  7 14 55 19  6 59  1
 10 11 19 22 50 11 48 30  6 32 55 47 34 35 48 38 11 59 51 21 51 38 43 48
  6 50 30 48 51  9 24  6 45 16 51  6 16 38 10 52]","[27 37 48 20 59 32  6 46 22 11 32  6  5 20 32 32 32  7 14 22 51  6 59  1
 10 11 19 22 36 11 48 30  6 32 55 47 53 35 48 10 11 59 51 21 47 38 43 48
  6 50 30 48 51 40 24  6 50 16 43  6 16 58  9 52]",True,True,0.90625,0.875,"[np.int64(19), np.int64(39), np.int64(22), np.int64(58), np.int64(57), np.int64(22), np.int64(3), np.int64(9), np.int64(40), np.int64(17), np.int64(42), np.int64(52), np.int64(8), np.int64(58), np.int64(56), np.int64(5), np.int64(42), np.int64(32), np.int64(63), np.int64(3), np.int64(16), np.int64(49), np.int64(9), np.int64(10), np.int64(29), np.int64(3), np.int64(46), np.int64(17), np.int64(46), np.int64(13), np.int64(43), np.int64(55), np.int64(6), np.int64(37), np.int64(10), np.int64(53), np.int64(24), np.int64(60), np.int64(1), np.int64(31), np.int64(1), np.int64(31), np.int64(60), np.int64(15), np.int64(60), np.int64(27), np.int64(37), np.int64(0), np.int64(24), np.int64(27), np.int64(36), np.int64(22), np.int64(15), np.int64(20), np.int64(25), np.int64(24), np.int64(4), np.int64(52), np.int64(15), np.int64(46), np.int64(58), np.int64(14), np.int64(52), np.int64(22)]","[np.int64(13), np.int64(10), np.int64(24), np.int64(44), np.int64(10), np.int64(30), np.int64(4), np.int64(58), np.int64(29), np.int64(20), np.int64(3), np.int64(58), np.int64(46), np.int64(46), np.int64(38), np.int64(48), np.int64(57), np.int64(30), np.int64(30), np.int64(3), np.int64(16), np.int64(32), np.int64(54), np.int64(21), np.int64(7), np.int64(58), np.int64(16), np.int64(42), np.int64(38), np.int64(57), np.int64(55), np.int64(54), np.int64(0), np.int64(6), np.int64(53), np.int64(35), np.int64(62), np.int64(53), np.int64(47), np.int64(25), np.int64(37), np.int64(0), np.int64(25), np.int64(25), np.int64(14), np.int64(20), np.int64(15), np.int64(28), np.int64(36), np.int64(61), np.int64(24), np.int64(19), np.int64(38), np.int64(56), np.int64(21), np.int64(38), np.int64(53), np.int64(1), np.int64(57), np.int64(60), np.int64(56), np.int64(52), np.int64(9), np.int64(33)]",False,False,0.0,0.0,"[27 60 48 20 59 32  6 46 22 11 32  6  5 20 32 32 32  7 14 55 51  6 11  1
 10  5 19 22 36 11 38 30  6 32 55 38 34 35 48 52 11 59 51 21 51 38 40 48
  6 50 30 48 19  9 24  6 60 24 43  6  7 14 50 52]","[27 60 48 20 47 10  6 46 22 11 48  6  5 20 32 25 32  7 14 55 51  6 11  1
 10 11 19 22 50 11 38 30  6 32 55 47 53 35 48 12 11 59 40 47 47 38 43 48
  6 50 62 48 39 40 53  6 45 39 51  6 16 35  9 52]",True,True,0.609375,0.921875,"[27 60 21 20 32 25  6 46 22 11 32  6  5 20 32  9 32  7 14 55 16  6 59  1
 20 11 19 22 50 11 48 30  6 32 55  5 34 35 48 12 11 59 40 21 51 38 43 48
  6 50 62 48 12  9 53  6 57 39 61  6 16 14 42 52]","[27 60 48 20 59 32  6 46 20 11 32  6 39 20 32 25 32  7 14 22 51  6 59  1
 20 11 19 18 36 11 50 30  6 32 55 37 34 35 51 10 11 51 51 21 51 56 43 43
  6 50 62 48 12 40 53  6 50 24 29  6 16 58 25 52]",True,False,0.203125,0.078125,0.04,1.0,1.0,1,1,25,0.04,1.0,1.0,1,1,25,1.0,0.0,0.0,25,0,0,1.0,0.0,0.0,25,0,0,1.0,0.76,0.76,25,19,19,1.0,1.0,1.0,25,25,25,1.0,0.48,0.48,25,12,12,1.0,0.12,0.12,25,3,3
[0.500999   1.00049988 0.         ... 1.00049988 0.70781353 1.00049988],"[42 10 25 33 27 42 13 26 25 42 53 43 27 36 16 15 51  0 50 25 37 40 36 30
 45 45 37 45 13  5 15 53 26 36 23 39 15 36 20 61 33 46 45 53 20 15 27 12
 43  5 42 36  3 30 13 18 48 51 51 33 16 50 59 31]","[42 10 25 33 27 42 13 26 25 58 53 43 27 36 16 15 51  0 57 25 37 40 36 30
 45 45 51 45 13  5 15 53 26 36 23 39 15 36 20 61 33 14 45 53  2 15 27 12
  7  5 42 36  3 30 13 14  1 51 51 26 16 32  9 31]",True,True,0.90625,0.875,"[np.int64(37), np.int64(3), np.int64(32), np.int64(46), np.int64(45), np.int64(59), np.int64(4), np.int64(32), np.int64(53), np.int64(11), np.int64(46), np.int64(20), np.int64(49), np.int64(48), np.int64(7), np.int64(29), np.int64(11), np.int64(63), np.int64(29), np.int64(25), np.int64(35), np.int64(33), np.int64(37), np.int64(63), np.int64(21), np.int64(12), np.int64(57), np.int64(22), np.int64(16), np.int64(16), np.int64(11), np.int64(37), np.int64(41), np.int64(33), np.int64(1), np.int64(42), np.int64(8), np.int64(7), np.int64(16), np.int64(36), np.int64(62), np.int64(48), np.int64(28), np.int64(36), np.int64(46), np.int64(21), np.int64(36), np.int64(58), np.int64(7), np.int64(45), np.int64(39), np.int64(1), np.int64(45), np.int64(0), np.int64(18), np.int64(21), np.int64(9), np.int64(7), np.int64(50), np.int64(55), np.int64(63), np.int64(18), np.int64(16), np.int64(20)]","[np.int64(57), np.int64(29), np.int64(21), np.int64(43), np.int64(18), np.int64(12), np.int64(3), np.int64(21), np.int64(38), np.int64(41), np.int64(47), np.int64(41), np.int64(50), np.int64(3), np.int64(62), np.int64(12), np.int64(5), np.int64(2), np.int64(35), np.int64(8), np.int64(0), np.int64(19), np.int64(16), np.int64(47), np.int64(61), np.int64(20), np.int64(5), np.int64(25), np.int64(29), np.int64(50), np.int64(53), np.int64(10), np.int64(59), np.int64(11), np.int64(16), np.int64(25), np.int64(50), np.int64(61), np.int64(38), np.int64(40), np.int64(54), np.int64(49), np.int64(63), np.int64(13), np.int64(6), np.int64(13), np.int64(0), np.int64(11), np.int64(50), np.int64(46), np.int64(24), np.int64(18), np.int64(51), np.int64(21), np.int64(26), np.int64(8), np.int64(57), np.int64(20), np.int64(53), np.int64(10), np.int64(54), np.int64(25), np.int64(20), np.int64(61)]",False,False,0.0,0.0,"[42 10  9 16 27 42 13 26 25 42 53 43 27 36 16 15 51  0 57 25 37  0 36 30
 45 45 51 45 13  5 15 53 26 36 23 39 15 36 63 61 33 46 45 53  2 15 27 12
 43  5 42 36  3 30 13 18  1 51 51 26 16 50  9 31]","[42 10  9 46 58 42 13 26 25 42 53 43 27 36 16 15 51 21 57 40  5 40 36 30
 45 45 51 45 13  5 15 53 26 36 12 39 15 36 20 61 59 14 45 53 20 15 41 12
 43  5 58 36 16 30 13 14 48 51 51 26 16 32  9 31]",True,True,0.609375,0.921875,"[21 56  9 46 27 42 31 18 25 40 53 43 27 36  4 15 51 21 57 40 37  0 36 34
 45 45 37 45 13  5 15 42 26 36 23 39 15 36 20 61 33 46 45 53 20 15 27 12
  7  5 42 36 16 30 13 18 48 51 51 33 16 50 59 38]","[42 10 25 33 27 20 31 18 25 42 53 38 28 36 16 15 51 21 57 25 37  0 36 30
 18 23 37 45 13  5 15 53 61 36  4 39 15 25 11 61  9 14 45 48  2 15 27 12
  7  5  2 36  3 30 13 14 48 51  9 26 16 32 59 31]",False,False,0.203125,0.078125,0.04,1.0,1.0,1,1,25,0.04,1.0,1.0,1,1,25,1.0,0.0,0.0,25,0,0,1.0,0.0,0.0,25,0,0,1.0,0.8,0.8,25,20,20,1.0,1.0,1.0,25,25,25,1.0,0.28,0.28,25,7,7,1.0,0.04,0.04,25,1,1
[0.         0.         0.         ... 0.70781353 0.         0.        ],"[55 26  8 45 57 43  4 47 57 25 13 55 13 27  1 60 13 44 39 58 20  4 51 47
 41 41 51 20 35 53 27 37 30 43 52 11 53 57 55 59 50 27 37 47  7 46 59 20
 54  0 24 27  8 62 32 51 39 27 51 27 46  7 59 26]","[55 26  1 18 13 43 26 47 57 33 13 55 13 27  1 60 23 44 39 12 20  4 51 47
 41 12 51 20 35 53 27 37 30 43 52 11  2 30 16 23 50 27 16 47 26 46 31 20
 54  0  6 27 56 31 61 51 25 27 51 27 46 12 59  9]",True,True,0.90625,0.875,"[np.int64(44), np.int64(11), np.int64(34), np.int64(62), np.int64(12), np.int64(19), np.int64(0), np.int64(40), np.int64(33), np.int64(13), np.int64(8), np.int64(12), np.int64(57), np.int64(30), np.int64(14), np.int64(57), np.int64(31), np.int64(0), np.int64(44), np.int64(58), np.int64(59), np.int64(60), np.int64(59), np.int64(52), np.int64(48), np.int64(4), np.int64(18), np.int64(6), np.int64(7), np.int64(11), np.int64(3), np.int64(34), np.int64(1), np.int64(59), np.int64(10), np.int64(59), np.int64(58), np.int64(22), np.int64(33), np.int64(20), np.int64(12), np.int64(13), np.int64(42), np.int64(14), np.int64(26), np.int64(35), np.int64(6), np.int64(46), np.int64(35), np.int64(38), np.int64(10), np.int64(54), np.int64(25), np.int64(31), np.int64(41), np.int64(58), np.int64(61), np.int64(8), np.int64(32), np.int64(15), np.int64(39), np.int64(40), np.int64(44), np.int64(2)]","[np.int64(16), np.int64(37), np.int64(50), np.int64(9), np.int64(53), np.int64(4), np.int64(52), np.int64(56), np.int64(26), np.int64(6), np.int64(51), np.int64(12), np.int64(59), np.int64(16), np.int64(37), np.int64(3), np.int64(54), np.int64(3), np.int64(36), np.int64(32), np.int64(26), np.int64(25), np.int64(5), np.int64(52), np.int64(31), np.int64(18), np.int64(1), np.int64(23), np.int64(59), np.int64(56), np.int64(42), np.int64(15), np.int64(56), np.int64(17), np.int64(24), np.int64(52), np.int64(7), np.int64(18), np.int64(9), np.int64(35), np.int64(34), np.int64(23), np.int64(58), np.int64(14), np.int64(39), np.int64(52), np.int64(28), np.int64(42), np.int64(5), np.int64(32), np.int64(0), np.int64(37), np.int64(11), np.int64(36), np.int64(49), np.int64(47), np.int64(48), np.int64(40), np.int64(63), np.int64(49), np.int64(6), np.int64(11), np.int64(5), np.int64(17)]",False,False,0.0,0.0,"[55 38  1 45 13 43  4 47 57 33 13 19 13 27  1 60 13 63 39 58 20  4 51 51
 41  9 51 20 35 53 27 46 30 16 52 11  2 57 16 12 50 27 37 47 26 46 59 20
 54  0 24 27  2 36 32 51 39 27 51 27 46 37 59 26]","[55 38 11 18 13 42  4 47 57 44 13 32 13 27  1 60 13 44 39 58 20  4 57 51
 41  7 23 20 35 36 27 46 30 12 52 11  2 30 55 23 50 27 16 47  7 56 59 20
 54  0 24 27  2 31 61 51 39 27 51 27 46  7 59 58]",True,True,0.609375,0.921875,"[55 26 11 18 57 43 26 47 57 33 13 32 25 51  1 60 13 44 39 12 20  4 57 47
 41 41 23 20 35 53 27 53 30 43 52 11  2 57 55 59 50 27 16 47  7 46 59 20
 54  0 40 27 56 62 32 51 39 27 51 27 46  7 10 58]","[55  2  1 18 41 43  4 47 57 44 13 55 13 27  1 60 13 29 39 12 20  4 51 39
 50  1 51 20 35 17 27 21 30 16 52 11  2 42 16 23 50 25 16 47  5 46 31 20
 54  0  6 27 56 62 61 30 25 27  5 39 46  7 59 26]",False,False,0.203125,0.078125,0.04,1.0,1.0,1,1,25,0.04,1.0,1.0,1,1,25,1.0,0.0,0.0,25,0,0,1.0,0.0,0.0,25,0,0,1.0,0.72,0.72,25,18,18,1.0,1.0,1.0,25,25,25,1.0,0.48,0.48,25,12,12,1.0,0.0,0.0,25,0,0
[0.500999 0.       0.       ... 0.       0.       0.      ],"[62 42 54 42 56 23 62 48 23 20 62 34 15 10 55 38 59 59 35 29 22 59 31 38
 54 62 56 52 62 29 45 29  4 19 55 15 22 41 29 12 59 38 43 51 25 51 45 38
 16 23 46 29 15 55 15 51 38 35 19 19 17 41 19 16]","[47 42 54 42 33 23 62 48 23 20 62 57 15 35 55 38 33 59 35 29 47 59 31 38
 35 20 56  5 16 29 45 29  6 19 16 15 59 41 29 12 59 38 33 51 25 51 45 19
 16 23  6 29 15 20 15 51 38  0 19 19 17 25 19 16]",True,True,0.90625,0.875,"[np.int64(9), np.int64(15), np.int64(16), np.int64(32), np.int64(16), np.int64(61), np.int64(12), np.int64(7), np.int64(3), np.int64(40), np.int64(15), np.int64(37), np.int64(41), np.int64(1), np.int64(16), np.int64(21), np.int64(46), np.int64(35), np.int64(15), np.int64(42), np.int64(30), np.int64(12), np.int64(51), np.int64(57), np.int64(23), np.int64(46), np.int64(50), np.int64(5), np.int64(19), np.int64(3), np.int64(14), np.int64(14), np.int64(18), np.int64(39), np.int64(41), np.int64(2), np.int64(54), np.int64(39), np.int64(36), np.int64(51), np.int64(54), np.int64(49), np.int64(38), np.int64(37), np.int64(63), np.int64(20), np.int64(40), np.int64(5), np.int64(39), np.int64(15), np.int64(56), np.int64(22), np.int64(0), np.int64(8), np.int64(53), np.int64(6), np.int64(20), np.int64(52), np.int64(37), np.int64(25), np.int64(27), np.int64(14), np.int64(8), np.int64(28)]","[np.int64(34), np.int64(3), np.int64(31), np.int64(54), np.int64(37), np.int64(49), np.int64(56), np.int64(35), np.int64(59), np.int64(48), np.int64(57), np.int64(36), np.int64(17), np.int64(26), np.int64(3), np.int64(30), np.int64(5), np.int64(38), np.int64(59), np.int64(6), np.int64(25), np.int64(5), np.int64(9), np.int64(17), np.int64(59), np.int64(40), np.int64(10), np.int64(62), np.int64(60), np.int64(30), np.int64(56), np.int64(46), np.int64(6), np.int64(31), np.int64(13), np.int64(8), np.int64(62), np.int64(33), np.int64(9), np.int64(24), np.int64(3), np.int64(26), np.int64(28), np.int64(53), np.int64(6), np.int64(23), np.int64(38), np.int64(18), np.int64(50), np.int64(45), np.int64(39), np.int64(25), np.int64(35), np.int64(56), np.int64(13), np.int64(23), np.int64(52), np.int64(16), np.int64(6), np.int64(48), np.int64(6), np.int64(0), np.int64(2), np.int64(18)]",False,False,0.0,0.0,"[47  8  8 42 33 23 62 48 23 11 56 57 15  5  4 38 59 59  5 29 22 59 31 38
 50 62 56  5 62 29 45 29  4 19 11 15 22 26 29 12 59 45 43 51 34 51 45 19
 16 23 46 29 43 55 62 51 38  0 19 19 17  4 19 49]","[62 42  8 42 56 23 62 48 23 20 16  9 15  5 55 38 33 59 17 29 47 59 31 38
 54 33 56  5 62 29 45 29  4 19 44 15 23 41 29 63 59 38 33 51 25 22 45 19
 16 23 24 29 58 55  8 62 38  0 19 19 17 41 19 16]",True,True,0.609375,0.921875,"[47 34  8 42 56  4 12 48 23 20 62  9 15  5 55 38 10 55 35 29 47 59 31 38
 35 62 56 30 62 29 45 29  6 19 35 54 23 41 29 12 59 38 33 51 34 51 45 38
 16 23 24 29 15 55 35 51 38  0 19 19 50  4 19 39]","[47  8  8 42 56 23 62 48  1 20 56 34 15 35  4 38 59 18 35 29 47 59 31 38
 35 20 56 52 62 29 49 29  6 42  1 15 62 41 29 63 59 38 33 52 25 51 35 19
 16 30  6 29 58 20 62 41  4 35 19 19 17 41 19 16]",False,False,0.203125,0.078125,0.04,1.0,1.0,1,1,25,0.04,1.0,1.0,1,1,25,1.0,0.0,0.0,25,0,0,1.0,0.0,0.0,25,0,0,1.0,0.76,0.76,25,19,19,1.0,1.0,1.0,25,25,25,1.0,0.36,0.36,25,9,9,1.0,0.16,0.16,25,4,4
[1.00049988 0.         0.         ... 0.500999   0.         0.500999  ],"[18 54 54 32 50 14  9 42 47 54 36 18  2 50 54 37 45 59 18 59 62 48 17 18
 40 61  0 61 17 41 54  0 18  9 43 51 11 23 50 55 18 14 32 42 17 23 60 61
  9 50 18 11 13 51 18 51  9 11 42 32 11 32 50 61]","[18 54 54 32 50 62  9 42 47 54 63 18  2  0 54 57 51 59 18 49 62 48 17 18
 40 61  0 61  7 41 54  0 18  9 43 51 11 23 50 55 18 14 32 48 17 23 60 61
 36 50 18 11 24 20 18  1  9 11 42  0 11 50 50 61]",True,True,0.90625,0.875,"[np.int64(5), np.int64(13), np.int64(51), np.int64(41), np.int64(2), np.int64(27), np.int64(55), np.int64(8), np.int64(33), np.int64(1), np.int64(43), np.int64(22), np.int64(53), np.int64(62), np.int64(40), np.int64(25), np.int64(41), np.int64(51), np.int64(55), np.int64(3), np.int64(24), np.int64(17), np.int64(18), np.int64(37), np.int64(44), np.int64(45), np.int64(42), np.int64(51), np.int64(39), np.int64(49), np.int64(46), np.int64(40), np.int64(42), np.int64(43), np.int64(3), np.int64(33), np.int64(59), np.int64(7), np.int64(19), np.int64(12), np.int64(39), np.int64(4), np.int64(44), np.int64(37), np.int64(42), np.int64(39), np.int64(35), np.int64(13), np.int64(36), np.int64(38), np.int64(63), np.int64(20), np.int64(52), np.int64(7), np.int64(5), np.int64(17), np.int64(61), np.int64(24), np.int64(46), np.int64(44), np.int64(24), np.int64(29), np.int64(4), np.int64(11)]","[np.int64(39), np.int64(12), np.int64(17), np.int64(34), np.int64(10), np.int64(2), np.int64(55), np.int64(38), np.int64(27), np.int64(54), np.int64(29), np.int64(62), np.int64(16), np.int64(24), np.int64(16), np.int64(28), np.int64(4), np.int64(30), np.int64(62), np.int64(12), np.int64(23), np.int64(9), np.int64(46), np.int64(30), np.int64(56), np.int64(12), np.int64(4), np.int64(25), np.int64(4), np.int64(61), np.int64(15), np.int64(23), np.int64(32), np.int64(53), np.int64(63), np.int64(10), np.int64(58), np.int64(27), np.int64(3), np.int64(62), np.int64(48), np.int64(20), np.int64(55), np.int64(37), np.int64(3), np.int64(49), np.int64(63), np.int64(39), np.int64(9), np.int64(17), np.int64(38), np.int64(43), np.int64(20), np.int64(10), np.int64(22), np.int64(25), np.int64(7), np.int64(12), np.int64(51), np.int64(23), np.int64(4), np.int64(47), np.int64(47), np.int64(13)]",False,False,0.0,0.0,"[18 54 54 32 50 62  9 42 47 54 36 18  2 50 37 57 51 59 18 49 53 48 17 18
 11 61  0 61 17 41 54  0 18 49 43 51 11 23  0 55 18 14 32 45 17 23  4 42
  9 50 18 11  1 51 18 51  9 13 42  0 11 32 50 24]","[18 57 54 32 50 14  9 47 47 33 63 18  2  0 54 57 45 59 18 25 62 48 17 18
 40 61  0 61  7 41 54  0 18 55 43 51 11 23  0 55 18 14 43  2 17 23  4 61
 36 50 18 11 24 51 18 51 14 11 42 32 11 50 50 24]",True,True,0.609375,0.921875,"[18 54 54 32 50 62  9 53 47 54 63 18  2 50 54 37 45 60 18 59 62 48 17 18
 40 61  0 61 17 41 54  0 18  9 43 51 51 23  0 55 18 14 32 52 17 23 60 42
 43 50 18 11 13  7 18 51  9 11 42  0 11 40 50 24]","[18 57 52 32 50 62  9 47 47 54 63 18  2 50 54 37 51 46 18 49 62 48 17 18
 40 60  0 61 17 41 57  0 18  9 43 51 11  1 61 55 18 14 32 48 17 16 17 42
  9 19 18 52  2  7 18 33  9 11 42  0 11 50 50 24]",False,False,0.203125,0.078125,0.04,1.0,1.0,1,1,25,0.04,1.0,1.0,1,1,25,1.0,0.0,0.0,25,0,0,1.0,0.0,0.0,25,0,0,1.0,0.8,0.8,25,20,20,1.0,1.0,1.0,25,25,25,1.0,0.48,0.48,25,12,12,1.0,0.16,0.16,25,4,4
[1.00049988 0.70781353 0.70781353 ... 0.         0.         0.        ],"[21 28 61 23 51 60  2 60 10 13 60  2 25 10  5 37 19 13 62 53 19 25 51 34
 12 39 55  2 10 47 55 13  0 10 12 43  7  7 10 39  7 49 33 60 33 28 40 19
 10 61 24 53  8 60  5 21  0 24 28 54 39 25 28 11]","[21 28 61 23 33 60 40 25 10 13 60  2 25 10  5 37 19 28 62 10 19 25 17 34
 12 39 55  2 49 47  9 13 37 10 12 43  7  7 10 39  7 49 13 60 33 36 40 19
 10 61 24 53 56 60  5 21  6 24 28  2 39 25 28 11]",True,True,0.90625,0.875,"[np.int64(48), np.int64(29), np.int64(11), np.int64(9), np.int64(20), np.int64(10), np.int64(14), np.int64(52), np.int64(4), np.int64(13), np.int64(16), np.int64(43), np.int64(49), np.int64(33), np.int64(58), np.int64(46), np.int64(63), np.int64(5), np.int64(4), np.int64(34), np.int64(29), np.int64(37), np.int64(32), np.int64(8), np.int64(8), np.int64(62), np.int64(46), np.int64(41), np.int64(32), np.int64(18), np.int64(11), np.int64(48), np.int64(9), np.int64(3), np.int64(13), np.int64(57), np.int64(48), np.int64(43), np.int64(23), np.int64(48), np.int64(52), np.int64(19), np.int64(53), np.int64(49), np.int64(35), np.int64(53), np.int64(33), np.int64(25), np.int64(1), np.int64(14), np.int64(0), np.int64(20), np.int64(34), np.int64(30), np.int64(33), np.int64(22), np.int64(0), np.int64(14), np.int64(29), np.int64(13), np.int64(55), np.int64(56), np.int64(44), np.int64(34)]","[np.int64(53), np.int64(2), np.int64(42), np.int64(41), np.int64(22), np.int64(14), np.int64(17), np.int64(47), np.int64(32), np.int64(49), np.int64(24), np.int64(60), np.int64(57), np.int64(15), np.int64(47), np.int64(58), np.int64(59), np.int64(14), np.int64(21), np.int64(50), np.int64(27), np.int64(48), np.int64(55), np.int64(27), np.int64(8), np.int64(27), np.int64(45), np.int64(18), np.int64(14), np.int64(57), np.int64(28), np.int64(53), np.int64(56), np.int64(43), np.int64(51), np.int64(59), np.int64(55), np.int64(18), np.int64(1), np.int64(15), np.int64(22), np.int64(62), np.int64(52), np.int64(32), np.int64(45), np.int64(6), np.int64(41), np.int64(52), np.int64(59), np.int64(18), np.int64(14), np.int64(4), np.int64(3), np.int64(3), np.int64(62), np.int64(22), np.int64(27), np.int64(60), np.int64(11), np.int64(38), np.int64(15), np.int64(0), np.int64(48), np.int64(10)]",False,False,0.0,0.0,"[21 28 61 23  6 60 56 60 10  6 60  2 25 10  5 37 60 28  1 10 19 25 51 34
 12 39 55  2 49 47 55 13 37 10 12 54  7  7 10 39  7 49 13 60 33 28 40 19
 10 61 44 53 56 60  5 21  0 24 28 54 39 25 28 11]","[21 28 61 23 51 60 40 60 10 40 13  2 25 12 28 37 19 13 62 13 19 25 17 34
 12 39 55 52 49 47 55 13 37 24 12 43  7  7 10 39  7 49 33 60 50 28 40 19
 36 21 24 53 56 60 37 21  6 24 28  2 39 25 28 11]",False,True,0.609375,0.921875,"[55 41 61 23 56 60  4 60 10  4 60  2 25 42  5 37 34 28 62 10 19 25 51 34
 33 39 55  2 10 47 55 58 34 10 12 43  7 54 44 39  7 49  2 60 58 28 40 19
 36 61 42 22 59 60 35 21 45 54 28 54 39 25 41 11]","[21 41 61 23 33 60 40 25 10  4 60  2 25 10 28 37 34 24 62 53 19 43 17 34
 12 39 55 52 45 47 55 13 37 10 12 43  7  7 10 39  7 49 33 60 33 36 40 18
 36 10 24 33 56 60  5 21  4 24 28 54 39 25 28 11]",False,True,0.203125,0.078125,0.04,1.0,1.0,1,1,25,0.04,1.0,1.0,1,1,25,1.0,0.0,0.0,25,0,0,1.0,0.0,0.0,25,0,0,1.0,0.68,0.68,25,17,17,1.0,1.0,1.0,25,25,25,1.0,0.32,0.32,25,8,8,1.0,0.2,0.2,25,5,5
[0.         0.         0.         ... 0.70781353 0.         0.500999  ],"[18 35 32 50 31 50 18 44  2 32  7 62 21  3 58 49  9 21 21 18 44 55 54 20
 39 36 31  5 32 33 50 33 21 55 50 61 41 48 13 21 39 40 18 48 21  3 49 44
 12 50 55 19 33 28 21 55  7 31 30 39 52  7 12 44]","[18 35 32 50 31 50 31 44  0 32  7 62 21  3 58 49  9 21 21 18 44 55 54 20
 30 36 31  5 32 33 50 33 21 55 50 61 41 51 41 21 39 47 30 42 21  3 49 44
 12 50 55 46 33 47 21 55  7 31 30 39 52  7 12 44]",True,True,0.90625,0.875,"[np.int64(36), np.int64(24), np.int64(30), np.int64(11), np.int64(49), np.int64(18), np.int64(43), np.int64(61), np.int64(23), np.int64(47), np.int64(34), np.int64(25), np.int64(0), np.int64(49), np.int64(28), np.int64(42), np.int64(61), np.int64(59), np.int64(9), np.int64(2), np.int64(41), np.int64(24), np.int64(3), np.int64(30), np.int64(60), np.int64(15), np.int64(12), np.int64(18), np.int64(52), np.int64(27), np.int64(4), np.int64(39), np.int64(4), np.int64(7), np.int64(12), np.int64(20), np.int64(20), np.int64(34), np.int64(35), np.int64(10), np.int64(58), np.int64(8), np.int64(34), np.int64(56), np.int64(21), np.int64(10), np.int64(57), np.int64(4), np.int64(14), np.int64(25), np.int64(33), np.int64(40), np.int64(1), np.int64(53), np.int64(15), np.int64(12), np.int64(31), np.int64(60), np.int64(22), np.int64(62), np.int64(34), np.int64(6), np.int64(3), np.int64(10)]","[np.int64(54), np.int64(15), np.int64(20), np.int64(16), np.int64(44), np.int64(62), np.int64(15), np.int64(28), np.int64(29), np.int64(3), np.int64(23), np.int64(31), np.int64(63), np.int64(15), np.int64(50), np.int64(60), np.int64(24), np.int64(10), np.int64(21), np.int64(52), np.int64(6), np.int64(56), np.int64(50), np.int64(30), np.int64(24), np.int64(9), np.int64(60), np.int64(15), np.int64(57), np.int64(60), np.int64(41), np.int64(18), np.int64(18), np.int64(8), np.int64(21), np.int64(59), np.int64(11), np.int64(22), np.int64(54), np.int64(49), np.int64(15), np.int64(35), np.int64(4), np.int64(1), np.int64(16), np.int64(49), np.int64(40), np.int64(12), np.int64(11), np.int64(40), np.int64(51), np.int64(2), np.int64(11), np.int64(15), np.int64(0), np.int64(57), np.int64(4), np.int64(16), np.int64(47), np.int64(23), np.int64(48), np.int64(26), np.int64(2), np.int64(58)]",False,False,0.0,0.0,"[18 35 57 50 11 50 18 44  0 32  6  8 21  3 58 49  9 21 21 51 42 55 54 47
 39 36 42  5 27 33 50 54 21 55 50 61 43 48 41 21 39 40 18 42 21  3 49 44
 12 31 55 37 33 28 21 55  7 31 30 39 52  7  7 44]","[18 35  6 50 31 50 10 44  2 32 51  8 21 40 58 49  9 21 21 18 42 55 54 47
 31 36 42  7 32 33 50 33 21 55 40 61 43 51 41 21 39 47 18 48 21  3 51 44
 12 50 55 19 33 47 21 55 47 18 45 39 45  7 12 44]",True,True,0.609375,0.921875,"[18 35  6 50 31 50 49 44  2 32  6 62 21  3 58 49  9 18 21 51 44 55 30 20
 52 36 31  7 32 33 50 33 21 55 50 61 43 48 13 21 39 47 26 36 21  3 42 34
 12  6 55 46 33 47 21 55  7 31  0 39 52  7 30 44]","[18 35  6 50 31 50 49 44  0 32  7 62 21 40 58 49  9 21 21 18 42 55 54 20
 39 36 31 28 27 33 50 26 21 55 50 61 41 48 41 21 39 62 20 42 21  3 42 34
 27 50 55 19 33 60 21 55  7 31 30 39 52  7 12 44]",False,False,0.203125,0.078125,0.04,1.0,1.0,1,1,25,0.04,1.0,1.0,1,1,25,1.0,0.0,0.0,25,0,0,1.0,0.0,0.0,25,0,0,1.0,0.72,0.72,25,18,18,1.0,1.0,1.0,25,25,25,1.0,0.28,0.28,25,7,7,1.0,0.0,0.0,25,0,0
[0.         0.70781353 1.00049988 ... 0.         0.70781353 1.00049988],"[52 22 39 22 39 61 58 49 13 33 36 11 23 47 60 32 35 34 21  6 62 61 58  5
 35  7 29 59 18  7  0  6 18 11 11 22 60 61  1 37 38 54 37 24  5 18 58 63
 58  6 31 11 13 21  7 37 49 21 11 22 17 58 17 33]","[10 22 39 22 39 61 58 49 18 33 36 11 23 47 60 32 35 34 21  6 62 61 58  5
 35  7 29 59 18  7  0  6 53 11 11 22 59 61  1 59  4 54 37 18  5 18 58 63
 58  6 31 11 13 21  7 37 49 21 11 22 17 58 17 33]",True,True,0.90625,0.875,"[np.int64(8), np.int64(50), np.int64(32), np.int64(25), np.int64(21), np.int64(30), np.int64(6), np.int64(32), np.int64(18), np.int64(19), np.int64(8), np.int64(62), np.int64(41), np.int64(55), np.int64(31), np.int64(29), np.int64(18), np.int64(48), np.int64(26), np.int64(20), np.int64(53), np.int64(62), np.int64(43), np.int64(16), np.int64(20), np.int64(20), np.int64(23), np.int64(39), np.int64(9), np.int64(9), np.int64(14), np.int64(45), np.int64(22), np.int64(61), np.int64(23), np.int64(47), np.int64(46), np.int64(1), np.int64(62), np.int64(34), np.int64(35), np.int64(10), np.int64(48), np.int64(2), np.int64(7), np.int64(2), np.int64(54), np.int64(30), np.int64(33), np.int64(52), np.int64(19), np.int64(17), np.int64(2), np.int64(33), np.int64(59), np.int64(21), np.int64(37), np.int64(59), np.int64(0), np.int64(26), np.int64(29), np.int64(9), np.int64(26), np.int64(43)]","[np.int64(34), np.int64(30), np.int64(4), np.int64(26), np.int64(42), np.int64(5), np.int64(28), np.int64(14), np.int64(35), np.int64(45), np.int64(47), np.int64(46), np.int64(56), np.int64(5), np.int64(22), np.int64(47), np.int64(18), np.int64(37), np.int64(38), np.int64(37), np.int64(48), np.int64(8), np.int64(24), np.int64(35), np.int64(47), np.int64(52), np.int64(1), np.int64(3), np.int64(11), np.int64(2), np.int64(54), np.int64(10), np.int64(60), np.int64(20), np.int64(38), np.int64(40), np.int64(24), np.int64(34), np.int64(11), np.int64(4), np.int64(31), np.int64(48), np.int64(51), np.int64(10), np.int64(8), np.int64(25), np.int64(58), np.int64(44), np.int64(22), np.int64(8), np.int64(17), np.int64(21), np.int64(4), np.int64(3), np.int64(52), np.int64(39), np.int64(25), np.int64(37), np.int64(56), np.int64(4), np.int64(33), np.int64(35), np.int64(16), np.int64(51)]",False,False,0.0,0.0,"[52 22 39 22 23 61 58 49 18 33 55 11 57 47 60 32 13 34 21  6 29 61 58  5
 56 44 40 59 18  7  0  6 18 11 11 22 37 61  1 47  8 54 37  4  5 12 58 63
 58  6 31 11  8 21 25 37 49 21 11 22 17 58 17 33]","[52 22 56 22 39 61 58 49 40 33 55 11 57 16 23 32 35 34 21  6 29 61 58  5
 35  7 29 59 18  7  0  6 18 11 11 22 59 61  1 47 25 54 16 24 25 12 63 63
 58  6 31 11 13 21 57 37 49 16 11 22 36 58 17 33]",True,True,0.609375,0.921875,"[10 22  4 22 39 61 58 49 13 33 36 11 23 47 60 32 35 34 21  6 62 61 58  5
 35 54 29 59 18  7  0  6 18 11 11 60 60 47  1 47 38 54 37 18  5 12 58 63
 58  6 31 11  8 32  7 37 49 21 11 22 17 58 17 33]","[52 22 39 22 23 61 58 49 18 35 55 11 57 39 60 32 35 34 21  6 62 61 58 14
 35  7 29 39  8  7  0  6 18 11 11 22 59 61  1 37  4 54 16  4 23 18 58 63
 58  6 31 11 13 32 57 37 49 21 11 36 17 58 17 17]",True,False,0.203125,0.078125,0.04,1.0,1.0,1,1,25,0.04,1.0,1.0,1,1,25,1.0,0.0,0.0,25,0,0,1.0,0.0,0.0,25,0,0,1.0,0.4,0.4,25,10,10,1.0,1.0,1.0,25,25,25,1.0,0.36,0.36,25,9,9,1.0,0.12,0.12,25,3,3
[0.         0.70781353 1.00049988 ... 0.         0.70781353 1.00049988],"[52 22 39 22 39 61 58 49 13 33 36 11 23 47 60 32 35 34 21  6 62 61 58  5
 35  7 29 59 18  7  0  6 18 11 11 22 60 61  1 37 38 54 37 24  5 18 58 63
 58  6 31 11 13 21  7 37 49 21 11 22 17 58 17 33]","[10 22 39 22 39 61 58 49 18 33 36 11 23 47 60 32 35 34 21  6 62 61 58  5
 35  7 29 59 18  7  0  6 53 11 11 22 59 61  1 59  4 54 37 18  5 18 58 63
 58  6 31 11 13 21  7 37 49 21 11 22 17 58 17 33]",True,True,0.90625,0.875,"[np.int64(29), np.int64(25), np.int64(40), np.int64(11), np.int64(43), np.int64(33), np.int64(30), np.int64(62), np.int64(27), np.int64(8), np.int64(14), np.int64(61), np.int64(37), np.int64(7), np.int64(0), np.int64(40), np.int64(14), np.int64(24), np.int64(62), np.int64(47), np.int64(8), np.int64(12), np.int64(25), np.int64(11), np.int64(5), np.int64(9), np.int64(9), np.int64(61), np.int64(4), np.int64(59), np.int64(37), np.int64(31), np.int64(45), np.int64(12), np.int64(61), np.int64(3), np.int64(45), np.int64(54), np.int64(10), np.int64(20), np.int64(38), np.int64(46), np.int64(13), np.int64(30), np.int64(14), np.int64(48), np.int64(10), np.int64(47), np.int64(50), np.int64(43), np.int64(36), np.int64(32), np.int64(40), np.int64(9), np.int64(36), np.int64(38), np.int64(20), np.int64(22), np.int64(14), np.int64(24), np.int64(51), np.int64(51), np.int64(19), np.int64(10)]","[np.int64(13), np.int64(13), np.int64(49), np.int64(27), np.int64(6), np.int64(24), np.int64(52), np.int64(61), np.int64(29), np.int64(35), np.int64(15), np.int64(11), np.int64(59), np.int64(37), np.int64(6), np.int64(19), np.int64(50), np.int64(29), np.int64(12), np.int64(63), np.int64(29), np.int64(29), np.int64(10), np.int64(51), np.int64(55), np.int64(25), np.int64(62), np.int64(54), np.int64(14), np.int64(44), np.int64(23), np.int64(34), np.int64(33), np.int64(6), np.int64(42), np.int64(49), np.int64(11), np.int64(14), np.int64(51), np.int64(40), np.int64(23), np.int64(29), np.int64(41), np.int64(8), np.int64(51), np.int64(36), np.int64(41), np.int64(26), np.int64(54), np.int64(39), np.int64(42), np.int64(8), np.int64(22), np.int64(22), np.int64(16), np.int64(51), np.int64(4), np.int64(29), np.int64(15), np.int64(40), np.int64(18), np.int64(49), np.int64(13), np.int64(13)]",False,False,0.0,0.0,"[52 22 56 37 14 61 58 49 13 33 36 11 23 47 60 32 35 34 21  6 11 61 58  5
 56 58 40 59 18 20  0  6 18 11 11 60 37 61 40 47  4 54 37 24  5 12 58 63
 58  6 31 11 13 20 25 37 49 39 11 22 17 58 17 33]","[52 22 39 62 39 61 58 49 13 33 36 11 57 47 60 32 13 34 43  6 62 61 58  5
 35 40 29 59  8 20  0  6 18 11 11 22 37 47  1 47  8 54 37 24 25 18 58 63
 58  6 31 11  8 20  7 37 49 16 11 22 17 58 17 33]",False,True,0.609375,0.921875,"[10 22 56 22 39 61 58 49 13 33 36 11 23 39 60 32 35 34 21  6 62 61 58  5
 43  7 40 59 18  7  0  6 18 11 11 60 60 61  1 37 38 54 37 24 23 18 58 39
 58  6 31 11 13 20  7 37  2 21 11 22 36 58 17 33]","[10 22  4 62 23 61 58 14 18 47 36 11 45 47  4 32 13 34  8  6 29 61 58  5
 56 40 29 59  8 20  0  6 18 11 11 22 59 61  1 59 38 54 37  4 23 18 58 63
 58  6 31 11  8 21  7 10 49 16 11 22 17 58 17 17]",False,False,0.203125,0.078125,0.04,1.0,1.0,1,1,25,0.04,1.0,1.0,1,1,25,1.0,0.0,0.0,25,0,0,1.0,0.0,0.0,25,0,0,1.0,0.16,0.16,25,4,4,1.0,1.0,1.0,25,25,25,1.0,0.2,0.2,25,5,5,1.0,0.04,0.04,25,1,1
[0.         0.         0.         ... 0.70781353 0.         0.        ],"[15 52 53 24 52 48 13 24 30 48  5  9 58 13  9 13 54 19  5 13 29 48 38  4
 48 30 15 26  1 24 19 54 21 38 52 47 37 27  5  8  8 48  9 34 20 48 52 17
 13  1 48 54 13  1 48  9 24 42 15 25 58 13 47 23]","[15 52 11 34 52 48 13 24 30 48  5  9  0 13  9 13 46 19  5 13 29 61 38  4
 48 30 15 26 32  1 19  1 21 55 52 47 37 55  5 42  8 48  9 34 37 48 52 42
 13  1 48 54 13 34 48  9 24 42 15  3 50 13 32 23]",True,True,0.90625,0.875,"[np.int64(26), np.int64(51), np.int64(4), np.int64(18), np.int64(5), np.int64(3), np.int64(19), np.int64(3), np.int64(2), np.int64(3), np.int64(62), np.int64(44), np.int64(63), np.int64(34), np.int64(23), np.int64(4), np.int64(37), np.int64(46), np.int64(30), np.int64(5), np.int64(57), np.int64(58), np.int64(57), np.int64(39), np.int64(58), np.int64(47), np.int64(32), np.int64(16), np.int64(58), np.int64(30), np.int64(54), np.int64(26), np.int64(17), np.int64(40), np.int64(35), np.int64(15), np.int64(41), np.int64(37), np.int64(3), np.int64(35), np.int64(25), np.int64(32), np.int64(52), np.int64(28), np.int64(34), np.int64(20), np.int64(11), np.int64(28), np.int64(56), np.int64(57), np.int64(61), np.int64(3), np.int64(58), np.int64(12), np.int64(50), np.int64(39), np.int64(55), np.int64(10), np.int64(50), np.int64(13), np.int64(44), np.int64(60), np.int64(14), np.int64(62)]","[np.int64(13), np.int64(19), np.int64(11), np.int64(38), np.int64(10), np.int64(17), np.int64(60), np.int64(34), np.int64(51), np.int64(53), np.int64(22), np.int64(0), np.int64(42), np.int64(22), np.int64(59), np.int64(46), np.int64(52), np.int64(3), np.int64(16), np.int64(22), np.int64(52), np.int64(40), np.int64(26), np.int64(50), np.int64(23), np.int64(26), np.int64(18), np.int64(24), np.int64(39), np.int64(45), np.int64(39), np.int64(25), np.int64(24), np.int64(2), np.int64(45), np.int64(7), np.int64(57), np.int64(29), np.int64(26), np.int64(25), np.int64(9), np.int64(19), np.int64(18), np.int64(58), np.int64(36), np.int64(42), np.int64(34), np.int64(29), np.int64(31), np.int64(18), np.int64(49), np.int64(10), np.int64(44), np.int64(60), np.int64(63), np.int64(22), np.int64(9), np.int64(15), np.int64(14), np.int64(7), np.int64(22), np.int64(22), np.int64(63), np.int64(2)]",False,False,0.0,0.0,"[15 52 11 24 52 15 13 24 30 48  5 32 58 13  9 13 54 19  5 13 29 61 38 12
 48  1 15 26  1  1 21  1 21 55 52 38 37 27  5  8  8 48  9 34  2 48 52 17
 13  1 48 43 13 43 48  9 46 25 15 25 58 13 32 23]","[32 18 11 24  5 48 13 24 18 48  5  9 23 13  9 13 46 19  5 13 29 61 38  4
 48  1 15 23  1 24 21  1 21 38 52 60 37 55  5  8  8 48  9 53  2 48 52 42
 13 22 17 43 13  2 48  9 24 25 15  3 43 13 32 23]",True,True,0.609375,0.921875,"[15 52 53 24 52 48 13 24 30 48  5  9 58 13  9 13 54 58  8 13 29 61 38 27
 48  1 15 26 62  1 19 47 21 55 52 47 37 27 35  8  8 48  9 60 37 48 52 17
 13 33 48 25 13  1 48  9 46 42 15  3 50 13 28 23]","[15 52 44 24 52 48 13 24 30 48 60 32  0 13 31 13 54 19  8 13 63 61 49 27
 48 57 42 23 32 24 19 47 21 55 45 47 37 55 33 42  8 48 39 60 37 48 52 31
 13  1 48 54 13 34 48 34  4 42 17 25 50 13 32 43]",False,False,0.203125,0.078125,0.04,1.0,1.0,1,1,25,0.04,1.0,1.0,1,1,25,1.0,0.0,0.0,25,0,0,1.0,0.0,0.0,25,0,0,1.0,0.84,0.84,25,21,21,1.0,1.0,1.0,25,25,25,1.0,0.28,0.28,25,7,7,1.0,0.12,0.12,25,3,3
