As,Source_Nodes,Categorical_Model_Trees,Categorical_True_Trees,Categorical_Model_Mask,Categorical_True_Mask,Categorical_Model_Accuracy,Categorical_True_Accuracy,Random_Model_Trees,Random_True_Trees,Random_Model_Mask,Random_True_Mask,Random_Model_Accuracy,Random_True_Accuracy,Prim_Model_Trees,Prim_True_Trees,Prim_Model_Mask,Prim_True_Mask,Prim_Model_Accuracy,Prim_True_Accuracy,Beam_Model_Trees,Beam_True_Trees,Beam_Model_Mask,Beam_True_Mask,Beam_Model_Accuracy,Beam_True_Accuracy,Categorical_Model_Uniques,Categorical_Model_Valids_Uniques,Categorical_Model_Valids,Categorical_Model_Unique_Counts,Categorical_Model_Valid_Unique_Counts,Categorical_Model_Valid_Counts,Categorical_True_Uniques,Categorical_True_Valids_Uniques,Categorical_True_Valids,Categorical_True_Unique_Counts,Categorical_True_Valid_Unique_Counts,Categorical_True_Valid_Counts,Random_Model_Uniques,Random_Model_Valids_Uniques,Random_Model_Valids,Random_Model_Unique_Counts,Random_Model_Valid_Unique_Counts,Random_Model_Valid_Counts,Random_True_Uniques,Random_True_Valids_Uniques,Random_True_Valids,Random_True_Unique_Counts,Random_True_Valid_Unique_Counts,Random_True_Valid_Counts,Prim_Model_Uniques,Prim_Model_Valids_Uniques,Prim_Model_Valids,Prim_Model_Unique_Counts,Prim_Model_Valid_Unique_Counts,Prim_Model_Valid_Counts,Prim_True_Uniques,Prim_True_Valids_Uniques,Prim_True_Valids,Prim_True_Unique_Counts,Prim_True_Valid_Unique_Counts,Prim_True_Valid_Counts,Beam_Model_Uniques,Beam_Model_Valids_Uniques,Beam_Model_Valids,Beam_Model_Unique_Counts,Beam_Model_Valid_Unique_Counts,Beam_Model_Valid_Counts,Beam_True_Uniques,Beam_True_Valids_Uniques,Beam_True_Valids,Beam_True_Unique_Counts,Beam_True_Valid_Unique_Counts,Beam_True_Valid_Counts
[0 0 1 ... 1 0 1],38,"[ 2 24 38 41 19 21 50 21  2 19 24 19 21 18 60 24  1 21 38 38 35 38 19 38
 38 55 21 18 18  2 53 18 18 18 41 38 35  2 38 19 35 38 23 23  2 41 53 24
 18  2 23 41 41 38 21 21 34 35 21  2 21 19 19 35]","[41 24 38 41 19 21 61 21 24 19 24 19 24 19 15 24 46 21 38 38 35 38 21 38
 38 52 21 18 18  2 53 53 35 24 41 38 35 23 38 23  2 38 41  2  2 41 53 24
  2 41 23 24 41 38 21  2 34 21 53  2 41 19 24 35]",False,False,0.0,0.0,"[np.int64(47), np.int64(12), np.int64(2), np.int64(14), np.int64(45), np.int64(22), np.int64(55), np.int64(30), np.int64(62), np.int64(62), np.int64(43), np.int64(1), np.int64(56), np.int64(57), np.int64(55), np.int64(52), np.int64(49), np.int64(24), np.int64(25), np.int64(49), np.int64(15), np.int64(47), np.int64(19), np.int64(32), np.int64(40), np.int64(47), np.int64(40), np.int64(59), np.int64(15), np.int64(7), np.int64(26), np.int64(3), np.int64(60), np.int64(13), np.int64(41), np.int64(29), np.int64(12), np.int64(61), np.int64(29), np.int64(7), np.int64(51), np.int64(24), np.int64(50), np.int64(16), np.int64(29), np.int64(41), np.int64(62), np.int64(35), np.int64(2), np.int64(7), np.int64(55), np.int64(36), np.int64(23), np.int64(5), np.int64(17), np.int64(20), np.int64(50), np.int64(37), np.int64(46), np.int64(11), np.int64(33), np.int64(30), np.int64(0), np.int64(63)]","[np.int64(62), np.int64(31), np.int64(0), np.int64(32), np.int64(18), np.int64(1), np.int64(54), np.int64(23), np.int64(59), np.int64(52), np.int64(10), np.int64(33), np.int64(36), np.int64(11), np.int64(5), np.int64(52), np.int64(35), np.int64(3), np.int64(39), np.int64(63), np.int64(7), np.int64(49), np.int64(32), np.int64(60), np.int64(6), np.int64(34), np.int64(62), np.int64(46), np.int64(55), np.int64(55), np.int64(31), np.int64(26), np.int64(58), np.int64(57), np.int64(54), np.int64(52), np.int64(2), np.int64(19), np.int64(26), np.int64(58), np.int64(44), np.int64(16), np.int64(57), np.int64(48), np.int64(19), np.int64(30), np.int64(38), np.int64(57), np.int64(49), np.int64(21), np.int64(43), np.int64(11), np.int64(15), np.int64(11), np.int64(36), np.int64(62), np.int64(58), np.int64(23), np.int64(14), np.int64(31), np.int64(2), np.int64(47), np.int64(17), np.int64(42)]",False,False,0.0,0.0,"[ 2 53 38 41 41 41 32 35 23 24 18 19 24 19  8 24 46 21 38 38 35 38 18 38
 38 10 18 18 18  2 53 18 18 41  2 38 35  2 38 19 23 38 41 23 18 21 53  2
  2 41 23 24 41 38 18 21  5 35 21  2 53 35 19 35]","[ 2 24 38 41 24 41 51 21  2 53 24 19 24  2 60 24 52 21 38 38 35 38 24 38
 38 31 18 18 18  2 53 18 18 35 35 38 35  2 38 23  2 38 23  2  2 21 53  2
  2 18 23 41 41 38 18 23 57 21 21  2 53 19 24 35]",False,False,0.0,0.0,"[41 53 38 41 41 41 61 35 24 53 35 19 24 53 60 24 62 21 38 38 35 38 41 38
 38 63 21 18 18  2 53 53 53 41 41 38 35 23 38 23 53 38 41 23 18 53 53 24
 53 41 23 41 41 38 18 35 57 35 53  2 53 53 53 35]","[41 24 38 41 24 41 26 21 24 24 24 19 24  2 55 24 43 21 38 38 35 38 24 38
 38 55 18 18 19  2 53 18 18 24 35 38 35 21 38 19 24 38 41 23  2 41 53  2
  2  2 23 41 41 38 18 21  5 35 21  2 41 35 24 35]",False,False,0.109375,0.0,1.0,0.0,0.0,25,0,0,1.0,0.0,0.0,25,0,0,1.0,0.0,0.0,25,0,0,1.0,0.0,0.0,25,0,0,1.0,0.0,0.0,25,0,0,1.0,0.0,0.0,25,0,0,0.04,0.0,0.0,1,0,0,0.04,0.0,0.0,1,0,0
[0 0 0 ... 0 0 1],53,"[22 53 52 63 26 48 16 49 49 26 34 53 53 61 62 53 53  1 23 12 12 46 53 53
 31 34 53  1 63 34 49 53 16 48 53 16 46 54 49 11 62 48 48 34 49 63 53 53
 53 53 49 63 63 53 53 46 12 63  1 15 54 46 53 53]","[23 53 19 31 26 22 23 22 16  1 34 53 53 14 62 53 53 15 23 26 15  1 53 53
 31 49 53 31 47 63 49 53 31 15 53 26 46 23 16 11 16 48 62  1 49 34 53 53
 53 53 49 63 26 53 53 48 15 23 31 31 31 46 53 53]",False,False,0.0,0.0,"[np.int64(20), np.int64(50), np.int64(39), np.int64(47), np.int64(58), np.int64(61), np.int64(14), np.int64(12), np.int64(2), np.int64(28), np.int64(55), np.int64(32), np.int64(7), np.int64(16), np.int64(37), np.int64(55), np.int64(0), np.int64(27), np.int64(47), np.int64(29), np.int64(60), np.int64(50), np.int64(30), np.int64(28), np.int64(13), np.int64(13), np.int64(55), np.int64(61), np.int64(0), np.int64(59), np.int64(58), np.int64(41), np.int64(15), np.int64(50), np.int64(20), np.int64(62), np.int64(22), np.int64(35), np.int64(47), np.int64(28), np.int64(13), np.int64(14), np.int64(42), np.int64(36), np.int64(9), np.int64(45), np.int64(57), np.int64(11), np.int64(54), np.int64(46), np.int64(2), np.int64(8), np.int64(10), np.int64(56), np.int64(11), np.int64(41), np.int64(54), np.int64(34), np.int64(60), np.int64(38), np.int64(11), np.int64(9), np.int64(35), np.int64(29)]","[np.int64(14), np.int64(20), np.int64(44), np.int64(57), np.int64(9), np.int64(58), np.int64(57), np.int64(22), np.int64(32), np.int64(63), np.int64(42), np.int64(34), np.int64(42), np.int64(23), np.int64(60), np.int64(52), np.int64(23), np.int64(21), np.int64(3), np.int64(29), np.int64(32), np.int64(39), np.int64(22), np.int64(61), np.int64(12), np.int64(46), np.int64(14), np.int64(34), np.int64(60), np.int64(62), np.int64(26), np.int64(23), np.int64(22), np.int64(21), np.int64(39), np.int64(50), np.int64(39), np.int64(18), np.int64(3), np.int64(13), np.int64(21), np.int64(56), np.int64(2), np.int64(21), np.int64(46), np.int64(61), np.int64(8), np.int64(20), np.int64(31), np.int64(58), np.int64(34), np.int64(22), np.int64(63), np.int64(34), np.int64(14), np.int64(49), np.int64(35), np.int64(51), np.int64(30), np.int64(52), np.int64(48), np.int64(20), np.int64(34), np.int64(12)]",False,False,0.0,0.0,"[23 53 51 63 23 49 16 11 54 22 63 53 53 14 12 53 53 15 23 26  1 46 53 53
 46 49 53 16 63 63 49 53 16 12 53 26 22 63 16 47 62 31 48 34 49 63 53 53
 53 53 49 63 11 53 53 48 12 26 48 62 23 12 53 53]","[26 53 36 31 12 49 22 49 47 62 54 53 53 14 62 53 53 15 22 12 16 46 53 53
 31 49 53 46 16 22 31 53 31 12 53  1 22 22 49 11 62 48  1 63 49 34 53 53
 53 53 49  1 11 53 53 48  1 34 46 31 23 26 53 53]",False,False,0.0,0.0,"[26 53 56 63 48 63 63 49 63 62 54 53 53 61 63 53 53 34 23 48 63 63 53 53
 46 62 53 49 63 63 49 53 34 63 53 34 49 54 49 62 63 48 48 63 49 63 53 53
 53 53 49 63 63 53 53 48 26 63 63 62 54 46 53 53]","[22 53 14 31 23 46 23 22 26 31 34 53 53 57 62 53 53  1 22 12 49 23 53 53
 31 49 53 31 47 22 31 53 31 15 53 26 22 23 49 34 26 15 48 34 23 22 53 53
 53 53 12  1 23 53 53 48 26 23 31 31 31 46 53 53]",False,False,0.109375,0.0,1.0,0.0,0.0,25,0,0,1.0,0.0,0.0,25,0,0,1.0,0.0,0.0,25,0,0,1.0,0.0,0.0,25,0,0,1.0,0.0,0.0,25,0,0,1.0,0.0,0.0,25,0,0,0.04,0.0,0.0,1,0,0,0.04,0.0,0.0,1,0,0
[1 0 0 ... 0 0 0],62,"[24 52 27 48 62 24 62 47 50 62 14 60 50 47 62 51  9  9 51 62  6 50 62 24
 62 51 14 62 48 51 51 24 14 52 54  6  9 24 48 47 60 54 60 52 52 54 19 62
 62 51 62 62 62 50 62  4 60 24 50 62 62 48 62 19]","[54 24 27 19 62  6 62 60 50 62 24 60  4 27 62 47 22 47 51 62 14 50 62 14
 62 51 60 62 48 50 51 19 52  9 54 47 51 14 27 47 60  6 48 52  6 54 27 62
 62 27 62 62 62 60 62 47  6 51 47 62 62 48 62 19]",False,False,0.0,0.0,"[np.int64(38), np.int64(5), np.int64(13), np.int64(41), np.int64(38), np.int64(15), np.int64(3), np.int64(20), np.int64(5), np.int64(11), np.int64(40), np.int64(12), np.int64(51), np.int64(22), np.int64(25), np.int64(59), np.int64(61), np.int64(58), np.int64(51), np.int64(14), np.int64(53), np.int64(35), np.int64(11), np.int64(40), np.int64(29), np.int64(9), np.int64(27), np.int64(59), np.int64(39), np.int64(60), np.int64(37), np.int64(17), np.int64(2), np.int64(25), np.int64(24), np.int64(14), np.int64(35), np.int64(6), np.int64(59), np.int64(26), np.int64(33), np.int64(17), np.int64(2), np.int64(62), np.int64(60), np.int64(29), np.int64(30), np.int64(40), np.int64(33), np.int64(25), np.int64(11), np.int64(2), np.int64(46), np.int64(61), np.int64(34), np.int64(39), np.int64(55), np.int64(21), np.int64(35), np.int64(23), np.int64(39), np.int64(14), np.int64(26), np.int64(55)]","[np.int64(63), np.int64(35), np.int64(21), np.int64(4), np.int64(52), np.int64(2), np.int64(4), np.int64(5), np.int64(16), np.int64(12), np.int64(55), np.int64(40), np.int64(47), np.int64(49), np.int64(10), np.int64(6), np.int64(40), np.int64(35), np.int64(19), np.int64(18), np.int64(7), np.int64(49), np.int64(28), np.int64(54), np.int64(56), np.int64(41), np.int64(6), np.int64(9), np.int64(34), np.int64(0), np.int64(9), np.int64(63), np.int64(46), np.int64(22), np.int64(22), np.int64(38), np.int64(32), np.int64(8), np.int64(38), np.int64(4), np.int64(47), np.int64(11), np.int64(3), np.int64(21), np.int64(1), np.int64(58), np.int64(19), np.int64(61), np.int64(36), np.int64(4), np.int64(21), np.int64(15), np.int64(2), np.int64(51), np.int64(52), np.int64(24), np.int64(44), np.int64(6), np.int64(51), np.int64(42), np.int64(12), np.int64(47), np.int64(33), np.int64(45)]",False,False,0.0,0.0,"[24 51 27 19 62  9 62 52 50 62 54 60 50 50 62 52 48 54 48 62  6 50 62 14
 62 14 14 62 22  4 52  6  4 47 54 51 52  4 48 50 60 24 48 52 14 19 48 62
 62 51 62 62 62 60 62 47 19 14  4 62 62 47 62 19]","[24 51 27 22 62  9 62 47 50 62 60 19 59 50 62 59 48 47 60 62 14 50 62 60
 62 14 60 62 48  4 24 52 19 47 47 47 27 59 48 60 14  6 52 52 52 47  4 62
 62 60 62 62 62 47 62 48 60 51  4 62 62 22 62 19]",False,False,0.0,0.0,"[54 52 27 48 62 24 62 60 50 62 60 60 59 50 62 59 48 54 60 62 14 50 62 60
 62 51 54 62 48 52 52 52 52 52 54 50 52 59 47 60 60 54 60 52 59 54 48 62
 62 60 62 62 62 60 62 48 60 51 51 62 62 48 62 19]","[ 4 52 27 22 62  9 62 47 50 62  4 60  4 27 62 47  9  9  9 62  6  9 62 60
 62 14 60 62 22 48 51  6 52 47 47 47  9  4 27 47 60 27 60 52  6 54  9 62
 62 27 62 62 62 47 62 47  6  6 47 62 62  9 62 19]",False,False,0.109375,0.0,1.0,0.0,0.0,25,0,0,1.0,0.0,0.0,25,0,0,1.0,0.0,0.0,25,0,0,1.0,0.0,0.0,25,0,0,1.0,0.0,0.0,25,0,0,1.0,0.0,0.0,25,0,0,0.04,0.0,0.0,1,0,0,0.04,0.0,0.0,1,0,0
[0 0 0 ... 0 1 0],61,"[27 37  6 37 61 59 61 22  6 37  6 59 43 37 37 20 41 58 38 22 61 62 61 61
 43 61 62 61 20 23 20 59 27 58  4 62 58 61 61 20 20 61 37 61 46 37 61 59
 43 59 38 37 41 41  4 46 58  4 61 61 38 61 61 20]","[ 4 23 25 38 61 25 61 25  6 20 27 38 38 59 37 20 62 37  4 23 61  4 61 61
 20 61  6 61 20 23 20 22 58 41 62  6 41 61 61 22 20 61 37 61  6 27 61 59
  6 41 43 27  4 41  4 41 58 59 61 61 25 61 61 20]",False,False,0.0,0.0,"[np.int64(52), np.int64(21), np.int64(26), np.int64(53), np.int64(2), np.int64(27), np.int64(14), np.int64(0), np.int64(51), np.int64(13), np.int64(5), np.int64(10), np.int64(60), np.int64(12), np.int64(27), np.int64(56), np.int64(11), np.int64(54), np.int64(6), np.int64(44), np.int64(9), np.int64(25), np.int64(45), np.int64(60), np.int64(51), np.int64(4), np.int64(44), np.int64(37), np.int64(30), np.int64(62), np.int64(35), np.int64(33), np.int64(28), np.int64(31), np.int64(27), np.int64(44), np.int64(48), np.int64(17), np.int64(12), np.int64(43), np.int64(34), np.int64(32), np.int64(62), np.int64(37), np.int64(11), np.int64(54), np.int64(0), np.int64(16), np.int64(9), np.int64(4), np.int64(58), np.int64(35), np.int64(51), np.int64(60), np.int64(61), np.int64(40), np.int64(42), np.int64(15), np.int64(57), np.int64(56), np.int64(7), np.int64(11), np.int64(28), np.int64(20)]","[np.int64(25), np.int64(32), np.int64(9), np.int64(38), np.int64(2), np.int64(47), np.int64(29), np.int64(49), np.int64(2), np.int64(63), np.int64(22), np.int64(55), np.int64(35), np.int64(33), np.int64(36), np.int64(29), np.int64(60), np.int64(3), np.int64(33), np.int64(18), np.int64(31), np.int64(34), np.int64(27), np.int64(53), np.int64(56), np.int64(7), np.int64(52), np.int64(22), np.int64(17), np.int64(17), np.int64(14), np.int64(25), np.int64(62), np.int64(29), np.int64(27), np.int64(10), np.int64(0), np.int64(57), np.int64(9), np.int64(23), np.int64(21), np.int64(51), np.int64(63), np.int64(8), np.int64(28), np.int64(2), np.int64(8), np.int64(44), np.int64(17), np.int64(56), np.int64(62), np.int64(46), np.int64(38), np.int64(3), np.int64(28), np.int64(28), np.int64(62), np.int64(61), np.int64(57), np.int64(3), np.int64(0), np.int64(23), np.int64(21), np.int64(16)]",False,False,0.0,0.0,"[27 37 41 37 61 59 61 20  6 20 27 25 62 37 22 20 20 58 20 23 61 27 61 61
 20 61 62 61 58 23 22  6 59 58  4 38 62 61 61 59 20 61 37 61 22  4 61 43
 43 25 38 62  4 62  6 38 58 20 61 61 25 61 61 23]","[22 46  6 20 61 59 61 20  6 20  6 38 43  6 37 20 20 58  4 23 61 27 61 61
 20 61 22 61 58 23 20 59 27 41  4 38 58 61 61 59 20 61 37 61 23 27 61 59
  6 59 43 37 38 41  6 20 58 37 61 61 23 61 61 23]",False,False,0.0,0.0,"[59 62 58 38 61 59 61 38  6 37 27 59 62 59 62 62 62 58 58 62 61 62 61 61
 43 61 62 61 62 23 41 59 58 58 62 62 58 61 61 59 20 61 46 61 58 43 61 59
 62 59 59 62 46 62  6 62 58 59 61 61 38 61 61 62]","[ 6 23 41 38 61 43 61 38  6 20  6 23 43 37 22 20 41 37 58 41 61 27 61 61
 20 61  6 61 23 23 41  6 58 58  4  6 58 61 61 20 20 61 37 61  6 27 61 20
 20 41 43 27 27  4  6 41 58 20 61 61 23 61 61 23]",False,False,0.109375,0.0,1.0,0.0,0.0,25,0,0,1.0,0.0,0.0,25,0,0,1.0,0.0,0.0,25,0,0,1.0,0.0,0.0,25,0,0,1.0,0.0,0.0,25,0,0,1.0,0.0,0.0,25,0,0,0.04,0.0,0.0,1,0,0,0.04,0.0,0.0,1,0,0
[1 0 1 ... 0 1 1],60,"[49 22 22  8 37 60 11 60 60 60 37 60 35 60 60  9 60 13 16 21 21 60 60 21
 27 22 27 60 13 14 14  5 27  5 37 60 27 60 60  5 21 63 13 63 27 37 35 37
  9 60 22  7 14 13 27 35  9  5  5 14 60  8 63 60]","[14 11 49 21 16 60 49 60 60 60 11 60 16 60 60 11 60  8 16 49 11 60 60  9
 27 16  5 60 63 27 14 37 11 49 37 60 38 60 60 38 16 13 49 35 27 63  7 63
 38 60 37 27 63  9 16  9 11 13 63 14 60 14 63 60]",False,False,0.0,0.0,"[np.int64(18), np.int64(42), np.int64(22), np.int64(24), np.int64(53), np.int64(29), np.int64(14), np.int64(30), np.int64(21), np.int64(51), np.int64(34), np.int64(24), np.int64(22), np.int64(12), np.int64(6), np.int64(59), np.int64(38), np.int64(30), np.int64(37), np.int64(5), np.int64(8), np.int64(4), np.int64(28), np.int64(17), np.int64(33), np.int64(2), np.int64(21), np.int64(50), np.int64(53), np.int64(28), np.int64(22), np.int64(21), np.int64(54), np.int64(59), np.int64(12), np.int64(62), np.int64(63), np.int64(25), np.int64(28), np.int64(9), np.int64(55), np.int64(27), np.int64(2), np.int64(9), np.int64(13), np.int64(59), np.int64(30), np.int64(58), np.int64(22), np.int64(44), np.int64(11), np.int64(13), np.int64(18), np.int64(23), np.int64(41), np.int64(3), np.int64(54), np.int64(19), np.int64(16), np.int64(22), np.int64(56), np.int64(18), np.int64(53), np.int64(57)]","[np.int64(22), np.int64(29), np.int64(46), np.int64(15), np.int64(61), np.int64(51), np.int64(54), np.int64(2), np.int64(47), np.int64(14), np.int64(55), np.int64(9), np.int64(39), np.int64(12), np.int64(53), np.int64(43), np.int64(20), np.int64(1), np.int64(34), np.int64(11), np.int64(48), np.int64(38), np.int64(35), np.int64(60), np.int64(52), np.int64(18), np.int64(19), np.int64(49), np.int64(4), np.int64(21), np.int64(63), np.int64(37), np.int64(6), np.int64(47), np.int64(45), np.int64(12), np.int64(2), np.int64(45), np.int64(1), np.int64(41), np.int64(56), np.int64(45), np.int64(48), np.int64(20), np.int64(61), np.int64(21), np.int64(3), np.int64(34), np.int64(10), np.int64(51), np.int64(32), np.int64(47), np.int64(50), np.int64(32), np.int64(5), np.int64(20), np.int64(57), np.int64(6), np.int64(21), np.int64(45), np.int64(25), np.int64(62), np.int64(27), np.int64(53)]",False,False,0.0,0.0,"[14 22  8  8 16 60 11 60 60 60 63 60 16 60 60  5 60 63 16 49 16 60 60 38
  5 22 27 60 63 27 38 37 37  8  9 60 27 60 60 38  8 63 16 22 63  9 38 63
  9 60 37 21 63 22 16 35 11  8 63 14 60  8 38 60]","[38 22 49  9 21 60 14 60 60 60 16 60 16 60 60  5 60 13 16 21 16 60 60 21
 27 16 11 60 63 37 38 37 27 49  9 60  5 60 60 38 49 63 49  9 27 63  7  8
 38 60 22  8 63 13 35 11 16 13  5 14 60 14 63 60]",False,False,0.0,0.0,"[49 37 49 21 37 60 49 60 60 60 63 60 35 60 60 27 60 63 16 49 21 60 60 38
 49 37 27 60 63 63 38 37 37 63 63 60 38 60 60 38 49 63 63 63 63 63 38 63
 38 60 37 37 63 37 35 35 16 63 63 14 60 22 63 60]","[49 11 49  9 21 60 49 60 60 60 11 60 11 60 60 27 60 13 16 49 11 60 60  9
 27 16 27 60 14 27  9  5 27 49 63 60 27 60 60  5 16 63 49 63 27 63 35 63
  9 60 22 27 63 13 27 27 11 13 63 14 60 11 63 60]",True,False,0.109375,0.0,1.0,0.0,0.0,25,0,0,1.0,0.0,0.0,25,0,0,1.0,0.0,0.0,25,0,0,1.0,0.0,0.0,25,0,0,1.0,0.0,0.0,25,0,0,1.0,0.0,0.0,25,0,0,0.04,1.0,1.0,1,1,25,0.04,0.0,0.0,1,0,0
[1 0 1 ... 0 0 0],37,"[37 38 36 14 17 37 17  0 37 37 15  0 38  8 37 37 15 37 37 43 23 18 36 37
 38 37 37  0 15 42 38 63  5 18 37  8 37 37 37 37  5  0 37 37 37  0 34 14
 44 14 26 42  9 39  0  5 25 43 25 42  9 42 36 37]","[37  9 14 23 17 37  5 17 37 37  8 17 36  8 37 37 15 37 37 18 25 36 23 37
 14 37 37 36 36 36 26  0 38  9 37 14 37 37 37 37 34 38 37 37 37  9 34  9
 17 14 26  9 43 26 42 14 25 26 23  8  9 42 42 37]",False,False,0.0,0.0,"[np.int64(11), np.int64(29), np.int64(27), np.int64(26), np.int64(28), np.int64(1), np.int64(0), np.int64(46), np.int64(32), np.int64(63), np.int64(47), np.int64(15), np.int64(31), np.int64(55), np.int64(61), np.int64(12), np.int64(62), np.int64(36), np.int64(3), np.int64(21), np.int64(62), np.int64(9), np.int64(40), np.int64(60), np.int64(53), np.int64(6), np.int64(17), np.int64(19), np.int64(16), np.int64(10), np.int64(25), np.int64(11), np.int64(33), np.int64(42), np.int64(15), np.int64(37), np.int64(26), np.int64(55), np.int64(14), np.int64(40), np.int64(24), np.int64(22), np.int64(10), np.int64(14), np.int64(29), np.int64(16), np.int64(59), np.int64(16), np.int64(44), np.int64(3), np.int64(2), np.int64(61), np.int64(36), np.int64(35), np.int64(33), np.int64(4), np.int64(46), np.int64(62), np.int64(44), np.int64(27), np.int64(51), np.int64(9), np.int64(46), np.int64(6)]","[np.int64(35), np.int64(62), np.int64(8), np.int64(57), np.int64(62), np.int64(44), np.int64(34), np.int64(0), np.int64(2), np.int64(55), np.int64(54), np.int64(50), np.int64(55), np.int64(33), np.int64(38), np.int64(0), np.int64(50), np.int64(30), np.int64(33), np.int64(34), np.int64(34), np.int64(60), np.int64(35), np.int64(41), np.int64(53), np.int64(3), np.int64(58), np.int64(21), np.int64(0), np.int64(9), np.int64(48), np.int64(22), np.int64(11), np.int64(14), np.int64(37), np.int64(7), np.int64(28), np.int64(10), np.int64(0), np.int64(57), np.int64(57), np.int64(62), np.int64(47), np.int64(10), np.int64(58), np.int64(38), np.int64(11), np.int64(35), np.int64(37), np.int64(48), np.int64(38), np.int64(35), np.int64(23), np.int64(53), np.int64(31), np.int64(52), np.int64(32), np.int64(17), np.int64(40), np.int64(29), np.int64(45), np.int64(26), np.int64(25), np.int64(0)]",False,False,0.0,0.0,"[37 36 15 14 17 37 17 17 37 37  8  0 63  8 37 37 15 37 37 43 25 36  5 37
 44 37 37  5 25 17 26  8  5 36 37 42 37 37 37 37  5 39 37 37 37 17 14  9
  5 14 26 25  9 26 43 14 44  5 25 17  9 42 34 37]","[37  9 15 18 14 37  0 34 37 37 15 17  5 63 37 37 15 37 37 14  8 18 23 37
 38 37 37 36 15 39 34 63  8 38 37 26 37 37 37 37 14 38 37 37 37 17 34 14
 25  8 38  9  9 26 42 23 18  5 63 44 17 42 14 37]",False,False,0.0,0.0,"[37 44 36 43 17 37 17 43 37 37 15 17 63 63 37 37 43 37 37 63 25 36 63 37
 44 37 37 42 36 42 38 63 63 63 37 42 37 37 37 37 34 38 37 37 37 42 34 25
 44 14 63 63 43 44 42 36 44 43 63 42 39 42 42 37]","[37  9 36 23 17 37 17 17 37 37  8 17 36  8 37 37 15 37 37 23  8  8 36 37
 38 37 37 36 43 36 26  8  8 26 37 26 37 37 37 37 34 38 37 37 37  9 34  9
 17  8 26  9  9 26 34 36 39 26 26  8 17 36 36 37]",False,False,0.109375,0.0,1.0,0.0,0.0,25,0,0,1.0,0.0,0.0,25,0,0,1.0,0.0,0.0,25,0,0,1.0,0.0,0.0,25,0,0,1.0,0.0,0.0,25,0,0,1.0,0.0,0.0,25,0,0,0.04,0.0,0.0,1,0,0,0.04,0.0,0.0,1,0,0
[1 0 0 ... 0 0 0],13,"[13 13 13  2  2 33 18 16 31  0 13 13 13 13 13 11 13 16 13 42  1  0 50 24
 13 24 24 34 13 24 11 13 45 13 13 11 10 13 12 37  1 12 13 13 13 13 10 48
 13 44 13 55 43 43 44 13  1 31 12 33 45 24 55 42]","[13 13 13 43  2 31 37 31 12 24 13 13 13 13 13 18 13 45 13 42  1  2 11 34
 13 37 31 31 13 44 16 13 45 13 13 11 10 13 45 12 48 37 13 13 13 13 10 28
 13 50 13 55  1 43 33 13 34 31 12 10 42 28 55 42]",False,False,0.0,0.0,"[np.int64(55), np.int64(40), np.int64(53), np.int64(43), np.int64(40), np.int64(15), np.int64(47), np.int64(36), np.int64(41), np.int64(4), np.int64(4), np.int64(59), np.int64(20), np.int64(40), np.int64(27), np.int64(19), np.int64(1), np.int64(56), np.int64(49), np.int64(62), np.int64(51), np.int64(44), np.int64(8), np.int64(53), np.int64(4), np.int64(26), np.int64(18), np.int64(22), np.int64(34), np.int64(7), np.int64(56), np.int64(7), np.int64(14), np.int64(28), np.int64(13), np.int64(40), np.int64(60), np.int64(36), np.int64(10), np.int64(46), np.int64(31), np.int64(34), np.int64(17), np.int64(31), np.int64(57), np.int64(33), np.int64(22), np.int64(30), np.int64(40), np.int64(36), np.int64(37), np.int64(28), np.int64(13), np.int64(49), np.int64(57), np.int64(50), np.int64(28), np.int64(17), np.int64(60), np.int64(62), np.int64(53), np.int64(63), np.int64(12), np.int64(9)]","[np.int64(22), np.int64(51), np.int64(22), np.int64(60), np.int64(21), np.int64(43), np.int64(49), np.int64(61), np.int64(44), np.int64(43), np.int64(28), np.int64(31), np.int64(44), np.int64(20), np.int64(20), np.int64(15), np.int64(14), np.int64(36), np.int64(27), np.int64(63), np.int64(47), np.int64(9), np.int64(23), np.int64(21), np.int64(38), np.int64(48), np.int64(31), np.int64(16), np.int64(22), np.int64(42), np.int64(45), np.int64(41), np.int64(22), np.int64(52), np.int64(52), np.int64(14), np.int64(45), np.int64(47), np.int64(36), np.int64(29), np.int64(33), np.int64(50), np.int64(23), np.int64(59), np.int64(38), np.int64(50), np.int64(53), np.int64(53), np.int64(12), np.int64(63), np.int64(58), np.int64(50), np.int64(5), np.int64(18), np.int64(32), np.int64(57), np.int64(29), np.int64(44), np.int64(13), np.int64(33), np.int64(40), np.int64(24), np.int64(43), np.int64(45)]",False,False,0.0,0.0,"[13 13 13  2 50 33 37 11 45 16 13 13 13 13 13 24 13 45 13 55 14 28 11 34
 13 34 14 12 13 44 43 13 45 13 13 31 44 13 37 14 16 14 13 13 13 13 44 50
 13 12 13 37  1 31 45 13 50  2 11 33 42 24 55 34]","[13 13 13  2  2 33 37  2 12 12 13 13 13 13 13 14 13 44 13 42  1 50 50 34
 13  0 44 42 13 44 43 13 37 13 13  0 34 13 37 12  2 12 13 13 13 13 44 50
 13  2 13  2 33 44 18 13  1 31 12 33 42 28 55 24]",False,False,0.0,0.0,"[13 13 13 50 50 42 37 34 50 33 13 13 13 13 13 42 13 43 13 55 24 55 50 34
 13 55 44 42 13 55 43 13 45 13 13 55 48 13 50 37 48 37 13 13 13 13 44 50
 13 50 13 55 43 43 55 13 50 50 55 55 45 42 55 55]","[13 13 13  2 50 28 37  2 12 33 13 13 13 13 13 12 13 44 13 42  1 50 50 28
 13 37 44 12 13 12 31 13 37 13 13 10 28 13 12 12  2 12 13 13 13 13 10 12
 13 12 13  2 33 31 33 13 50 50 12  2 45 28 55 34]",False,False,0.109375,0.0,1.0,0.0,0.0,25,0,0,1.0,0.0,0.0,25,0,0,1.0,0.0,0.0,25,0,0,1.0,0.0,0.0,25,0,0,1.0,0.0,0.0,25,0,0,1.0,0.0,0.0,25,0,0,0.04,0.0,0.0,1,0,0,0.04,0.0,0.0,1,0,0
[1 0 1 ... 0 0 0],29,"[ 4 29  1 29 29 29  1  1 29  1 11 29 59 27  1  8 55 31 53  4  1  1  3  5
 61 55  8 29 27 29 31 29 55 61  5 61  5 60 59  5  3  3 61 59 11 59  3  8
 27 60  1 55  1 29 59 29 27 31 61 29 29 29  3 11]","[27 29  8 29 29 29 60 60 29 27  1 29 59  5  5  8 55 11  3  4  1 31  3  5
 61 55 61 29 11 29 31 29 31 61  8 60 61 60  5 53  3  3  5 53  8 55  3 61
 60 60  1  8  1 29 59 29 11 31 61 29 29 29  4 59]",False,False,0.0,0.0,"[np.int64(61), np.int64(58), np.int64(25), np.int64(0), np.int64(3), np.int64(12), np.int64(46), np.int64(27), np.int64(8), np.int64(28), np.int64(44), np.int64(8), np.int64(49), np.int64(5), np.int64(4), np.int64(42), np.int64(8), np.int64(39), np.int64(58), np.int64(7), np.int64(11), np.int64(2), np.int64(23), np.int64(51), np.int64(22), np.int64(0), np.int64(48), np.int64(47), np.int64(21), np.int64(2), np.int64(39), np.int64(6), np.int64(44), np.int64(5), np.int64(26), np.int64(23), np.int64(41), np.int64(25), np.int64(62), np.int64(23), np.int64(26), np.int64(46), np.int64(8), np.int64(34), np.int64(6), np.int64(11), np.int64(49), np.int64(45), np.int64(7), np.int64(11), np.int64(39), np.int64(37), np.int64(57), np.int64(10), np.int64(12), np.int64(26), np.int64(61), np.int64(23), np.int64(31), np.int64(31), np.int64(12), np.int64(35), np.int64(56), np.int64(41)]","[np.int64(5), np.int64(30), np.int64(38), np.int64(54), np.int64(47), np.int64(20), np.int64(44), np.int64(5), np.int64(12), np.int64(19), np.int64(22), np.int64(25), np.int64(26), np.int64(2), np.int64(36), np.int64(48), np.int64(23), np.int64(63), np.int64(46), np.int64(21), np.int64(56), np.int64(20), np.int64(0), np.int64(7), np.int64(8), np.int64(50), np.int64(20), np.int64(51), np.int64(22), np.int64(6), np.int64(11), np.int64(1), np.int64(14), np.int64(38), np.int64(57), np.int64(50), np.int64(53), np.int64(53), np.int64(31), np.int64(21), np.int64(33), np.int64(16), np.int64(53), np.int64(12), np.int64(44), np.int64(49), np.int64(32), np.int64(60), np.int64(39), np.int64(5), np.int64(48), np.int64(4), np.int64(26), np.int64(45), np.int64(13), np.int64(0), np.int64(27), np.int64(3), np.int64(49), np.int64(57), np.int64(6), np.int64(31), np.int64(42), np.int64(30)]",False,False,0.0,0.0,"[ 4 29  1 29 29 29  1 60 29 31 11 29 53  5  5  4 59 11  3  8 27 31 55  5
  1 55 60 29 27 29 31 29 55  3  5  5 61 11  5  5 59  3  5 53 55 55  3  8
  3  3  1  1  1 29 27 29  1 31 31 29 29 29  8 11]","[61 29  1 29 29 29  1 55 29  1 11 29 59  5  5  3 60 31 53 61 27 31  3  5
 61 55 60 29 11 29 31 29 31 59 11 61  5 59  5  5  3  3 53 59  8 59  3  1
  3 60  1  4  1 29 59 29 61 31  1 29 29 29  8 59]",False,False,0.0,0.0,"[61 29 60 29 29 29 60 60 29 53 11 29 53 27 61 53 60 61 53 61 27 31 55  5
 61 55 61 29 55 29 31 29 55 61 61 61 61 60 59 53 59 60 61 53 61 55  3 61
 61 61  3 59  1 29 59 29 61 31 61 29 29 29  8 59]","[61 29 59 29 29 29  1 55 29 27  1 29  8 27  5  3 59  8  3  8  1  1  3  5
 61 55 60 29 11 29 31 29 31  3  8 60  5 11  5  8  3  3  5 59  8 59  3  8
  3  5  1 59  1 29 27 29 27 31  1 29 29 29  1 59]",False,False,0.109375,0.0,1.0,0.0,0.0,25,0,0,1.0,0.0,0.0,25,0,0,1.0,0.0,0.0,25,0,0,1.0,0.0,0.0,25,0,0,1.0,0.0,0.0,25,0,0,1.0,0.0,0.0,25,0,0,0.04,0.0,0.0,1,0,0,0.04,0.0,0.0,1,0,0
[0 0 0 ... 0 0 1],46,"[46 34 46 46 46 34 10 51 34 46 46 53  4  2 55 53 56 10  0 37 46  2 55 46
 34 46 51 46  9 34 46 30 27  2 46 46  9 46 55 46 56 30 20  9 55 10 46 39
  3 23  9 46 20 46 23 46 46 23 35 23 30 20 37 30]","[46 56 46 46 46 53 35  2 56 46 46  0 37 55 51 37 56  9 25 37 46 37  9 46
 34 46 51 46  9 10 46 30 27  2 46 46  9 46 39 46 56 23 20 27 53 10 46 39
 56 20  9 46 27 46 23 46 46 23 35 10  4 27 37  9]",False,False,0.0,0.0,"[np.int64(39), np.int64(0), np.int64(4), np.int64(40), np.int64(3), np.int64(13), np.int64(51), np.int64(24), np.int64(34), np.int64(31), np.int64(38), np.int64(12), np.int64(8), np.int64(53), np.int64(29), np.int64(45), np.int64(16), np.int64(60), np.int64(29), np.int64(45), np.int64(45), np.int64(9), np.int64(59), np.int64(4), np.int64(9), np.int64(15), np.int64(38), np.int64(32), np.int64(10), np.int64(12), np.int64(58), np.int64(37), np.int64(11), np.int64(60), np.int64(61), np.int64(23), np.int64(6), np.int64(59), np.int64(0), np.int64(36), np.int64(30), np.int64(58), np.int64(9), np.int64(1), np.int64(50), np.int64(40), np.int64(44), np.int64(52), np.int64(38), np.int64(10), np.int64(58), np.int64(26), np.int64(41), np.int64(60), np.int64(27), np.int64(1), np.int64(35), np.int64(6), np.int64(3), np.int64(17), np.int64(47), np.int64(59), np.int64(6), np.int64(61)]","[np.int64(56), np.int64(9), np.int64(29), np.int64(30), np.int64(60), np.int64(32), np.int64(3), np.int64(9), np.int64(8), np.int64(9), np.int64(16), np.int64(61), np.int64(44), np.int64(63), np.int64(37), np.int64(29), np.int64(39), np.int64(18), np.int64(33), np.int64(57), np.int64(31), np.int64(51), np.int64(23), np.int64(18), np.int64(19), np.int64(13), np.int64(43), np.int64(27), np.int64(47), np.int64(12), np.int64(2), np.int64(63), np.int64(24), np.int64(47), np.int64(53), np.int64(47), np.int64(38), np.int64(42), np.int64(6), np.int64(27), np.int64(3), np.int64(56), np.int64(21), np.int64(37), np.int64(61), np.int64(61), np.int64(37), np.int64(30), np.int64(45), np.int64(38), np.int64(17), np.int64(44), np.int64(56), np.int64(37), np.int64(22), np.int64(23), np.int64(1), np.int64(9), np.int64(2), np.int64(6), np.int64(21), np.int64(42), np.int64(44), np.int64(62)]",False,False,0.0,0.0,"[46 56 46 46 46 37 56 30 34 46 46 53 37  2 55 53 56 23  9 37 46 27 34 46
 34 46 30 46  9 34 46 56 27 10 46 46  9 46  3 46 10 55  4  9 53 34 46  9
  9 23 56 46  4 46 30 46 46 25 25 10 56 20 53 37]","[46  2 46 46 46 53 35 10  4 46 46 25 37  2 27 37 56  9  0 37 46  2  9 46
 56 46 39 46 35 10 46 56 20  2 46 46  9 46 39 46 35 56 37 20 55  4 46  9
 35 53  9 46 10 46  9 46 46 55 55 10  2 20 53  9]",False,False,0.0,0.0,"[46 56 46 46 46 53 56 51 56 46 46 53 37 55 55 53 56 23 25 39 46 34 55 46
 56 46 56 46 35 34 46 56 34 55 46 46 51 46 55 46 51 56 37 53 55 55 46 53
 56 53 56 46 27 46 55 46 46 55 55 56 56 27 53 56]","[46 34 46 46 46  9 35 20  4 46 46  2  4  2 27 35 27  9  9 39 46  0  9 46
  3 46  9 46  9 10 46 30  9  2 46 46  2 46  4 46 10 23 10 20 55 10 46  9
 35 23  9 46 10 46  9 46 46 20 10 10  4 27  9 35]",False,False,0.109375,0.0,1.0,0.0,0.0,25,0,0,1.0,0.0,0.0,25,0,0,1.0,0.0,0.0,25,0,0,1.0,0.0,0.0,25,0,0,1.0,0.0,0.0,25,0,0,1.0,0.0,0.0,25,0,0,0.04,0.0,0.0,1,0,0,0.04,0.0,0.0,1,0,0
[0 0 0 ... 0 1 0],59,"[63 35 25 59 14 53 22  8 59 35 14 22 47 28 59  3 59 59  8 59 17 35 59 35
  3 59 19 34 16 55 48 53 16 19 59 59 22 34 19  3 35  3  8 53 55 34 25 59
 59 47  8 35 17 59  3 59 47 47 53 59  3 17 55 55]","[11 35 17 59 14 17 22  8 59 14 55 22 47 57 59 34 59 59  8 59 14 14 59 47
 47 59 14 35 47 25 48 22 17 19 59 59 14 53 19 48 35  8 14 53 55 22 34 59
 59 47 53 47 53 59 14 59 19 25 53 59 17 17 22 35]",False,False,0.0,0.0,"[np.int64(35), np.int64(42), np.int64(57), np.int64(45), np.int64(34), np.int64(52), np.int64(41), np.int64(28), np.int64(55), np.int64(12), np.int64(13), np.int64(19), np.int64(4), np.int64(3), np.int64(20), np.int64(44), np.int64(56), np.int64(57), np.int64(49), np.int64(18), np.int64(1), np.int64(23), np.int64(1), np.int64(43), np.int64(26), np.int64(52), np.int64(14), np.int64(21), np.int64(25), np.int64(39), np.int64(22), np.int64(39), np.int64(1), np.int64(31), np.int64(17), np.int64(13), np.int64(29), np.int64(0), np.int64(52), np.int64(18), np.int64(21), np.int64(32), np.int64(62), np.int64(16), np.int64(35), np.int64(10), np.int64(33), np.int64(61), np.int64(43), np.int64(53), np.int64(3), np.int64(5), np.int64(44), np.int64(15), np.int64(25), np.int64(8), np.int64(11), np.int64(29), np.int64(33), np.int64(56), np.int64(48), np.int64(13), np.int64(54), np.int64(5)]","[np.int64(63), np.int64(20), np.int64(49), np.int64(61), np.int64(35), np.int64(18), np.int64(21), np.int64(18), np.int64(33), np.int64(25), np.int64(20), np.int64(37), np.int64(63), np.int64(1), np.int64(61), np.int64(26), np.int64(37), np.int64(26), np.int64(6), np.int64(42), np.int64(27), np.int64(53), np.int64(30), np.int64(49), np.int64(63), np.int64(27), np.int64(36), np.int64(56), np.int64(35), np.int64(10), np.int64(1), np.int64(3), np.int64(19), np.int64(1), np.int64(34), np.int64(48), np.int64(47), np.int64(58), np.int64(37), np.int64(4), np.int64(21), np.int64(10), np.int64(36), np.int64(60), np.int64(47), np.int64(52), np.int64(60), np.int64(52), np.int64(43), np.int64(37), np.int64(59), np.int64(41), np.int64(4), np.int64(34), np.int64(21), np.int64(1), np.int64(39), np.int64(49), np.int64(29), np.int64(9), np.int64(41), np.int64(31), np.int64(18), np.int64(3)]",False,False,0.0,0.0,"[40 35 16 59 17 53 47 55 59 35 16 19 47 42 59 14 59 59  8 59 14 14 59 47
 53 59 14 14 16 25 48 34 16 19 59 59 19 34 19 35 35  3 17 25 22 22 34 59
 59 53 53 25 53 59  3 59 47 19 53 59 17 25 22 35]","[40 35 17 59 17 53 35 55 59 35  8 55 47  9 59 17 59 59  8 59 16 14 59 47
 47 59 14 14 47 25 48  8  3 16 59 59 19 22 19 35 35  8 14 25 14 48 34 59
 59 47 22 17 17 59  3 59 19 25 53 59  3 17 22 55]",False,False,0.0,0.0,"[63 35 55 59 53 53 47 55 59 35 55 55 47 57 59 55 59 59  8 59 17 35 59 48
 47 59 25 47 47 55 55 53 17 22 59 59 22 53 19 48 35  8 25 53 48 48 34 59
 59 47 53 47 53 59 14 59 48 53 53 59 17 25 55 55]","[40 35 17 59 17 53 22  8 59 34 17 19 47 21 59 17 59 59  8 59 17 14 59 47
 47 59 14 47 47 55 25  8 17  8 59 59 14 22 19 35 35  8 17 14 55 22 14 59
 59 47  8 17 17 59 14 59 47 47 22 59 17 17 22 14]",False,False,0.109375,0.0,1.0,0.0,0.0,25,0,0,1.0,0.0,0.0,25,0,0,1.0,0.0,0.0,25,0,0,1.0,0.0,0.0,25,0,0,1.0,0.0,0.0,25,0,0,1.0,0.0,0.0,25,0,0,0.04,0.0,0.0,1,0,0,0.04,0.0,0.0,1,0,0
[0 0 1 ... 0 0 0],54,"[ 6 26 26 54 32 54 54 57 54 15 18 54 53 45 54 54 37  8 54 45 42 14 53 11
 54  5 54 29 53 54 48  8 54 45 48  8 48 54 48 14 45 48 54 59 26 54  6 48
 54 45 45 53  6 54 54  5 48 54  6 54  8 48  3 14]","[ 3 11 32 54 32 54 54 14 54 29 18 54  5 18 54 54 18 14 54 24  6 14 59 11
 54 18 54 37 53 54  6  6 54 18 37  8 48 54 32 37 24 37 54 32 18 54  6 48
 54 59  3 32 59 54 54 45 37 54  6 54 32 32 29 37]",False,False,0.0,0.0,"[np.int64(22), np.int64(47), np.int64(42), np.int64(44), np.int64(34), np.int64(56), np.int64(15), np.int64(39), np.int64(17), np.int64(27), np.int64(61), np.int64(30), np.int64(59), np.int64(37), np.int64(63), np.int64(56), np.int64(7), np.int64(17), np.int64(54), np.int64(63), np.int64(4), np.int64(20), np.int64(33), np.int64(25), np.int64(59), np.int64(63), np.int64(2), np.int64(43), np.int64(59), np.int64(1), np.int64(43), np.int64(28), np.int64(47), np.int64(7), np.int64(4), np.int64(40), np.int64(62), np.int64(56), np.int64(53), np.int64(16), np.int64(62), np.int64(60), np.int64(6), np.int64(46), np.int64(27), np.int64(8), np.int64(35), np.int64(38), np.int64(21), np.int64(49), np.int64(59), np.int64(62), np.int64(26), np.int64(24), np.int64(18), np.int64(39), np.int64(48), np.int64(47), np.int64(13), np.int64(8), np.int64(49), np.int64(10), np.int64(44), np.int64(1)]","[np.int64(23), np.int64(1), np.int64(11), np.int64(58), np.int64(43), np.int64(54), np.int64(60), np.int64(14), np.int64(40), np.int64(0), np.int64(60), np.int64(36), np.int64(62), np.int64(14), np.int64(61), np.int64(60), np.int64(61), np.int64(55), np.int64(35), np.int64(32), np.int64(57), np.int64(30), np.int64(60), np.int64(1), np.int64(63), np.int64(29), np.int64(39), np.int64(43), np.int64(11), np.int64(54), np.int64(34), np.int64(60), np.int64(48), np.int64(58), np.int64(39), np.int64(48), np.int64(18), np.int64(58), np.int64(27), np.int64(26), np.int64(47), np.int64(20), np.int64(18), np.int64(9), np.int64(59), np.int64(37), np.int64(19), np.int64(16), np.int64(49), np.int64(41), np.int64(2), np.int64(40), np.int64(42), np.int64(28), np.int64(30), np.int64(27), np.int64(50), np.int64(20), np.int64(26), np.int64(28), np.int64(3), np.int64(50), np.int64(3), np.int64(49)]",False,False,0.0,0.0,"[ 3  8 53 54 48 54 54 14 54 15 59 54 24 37 54 54 37 26 54 24 42 37 59  5
 54  6 54 11 53 54 53  6 54 32 37  8 42 54 45 14 24 48 54 59 18 54 37 48
 54 59  3 11  5 54 54 45 48 54  6 54 45  5 59 37]","[14  5 53 54  8 54 54  5 54 15 18 54 24  8 54 54 37 59 54 59 42 37 59 11
 54 18 54 37 26 54 53  8 54 15 37  8 48 54  5 15 24 24 54  6 18 54 42 48
 54 59 48 32 53 54 54 14 48 54 57 54 24 11  5 14]",False,False,0.0,0.0,"[14 53 53 54 48 54 54 57 54 29 59 54 53 45 54 54 42 59 54 59 53 53 59 11
 54 57 54 57 53 54 53  8 54 45 48  8 48 54 57 48 45 48 54 59 29 54 42 48
 54 59 48 53 59 54 54 45 48 54 57 54 59 48 59 37]","[14 11 32 54 29 54 54 37 54 29 42 54 24 18 54 54 37 59 54 24 53 37 59  5
 54 18 54 11 53 54 53  8 54 32  8  8 42 54 32 37 18 18 54 32 18 54 37 24
 54 59 48 32 59 54 54 14 37 54 32 54 32  5 32 37]",False,False,0.109375,0.0,1.0,0.0,0.0,25,0,0,1.0,0.0,0.0,25,0,0,1.0,0.0,0.0,25,0,0,1.0,0.0,0.0,25,0,0,1.0,0.0,0.0,25,0,0,1.0,0.0,0.0,25,0,0,0.04,0.0,0.0,1,0,0,0.04,0.0,0.0,1,0,0
[1 0 0 ... 0 0 1],52,"[27 52 27 11 28 54 29 52 54 36 28 52 15 24 29 52 52 28 29 52 29 36  7 24
 52 39 27 52 52 52 19  1 28 39 39 39 52 28 29 52 27 29 28 36 36  7  1 15
 15 11 16 19 52 39 52 54  7 24 36 16 11 19 54 27]","[27 52 27 11 28 54 24 52 16 54 15 52 19 24 54 52 52 15 29 52  7 11 54 24
 52 16  1 52 52 52  1 36 29 54 39 39 52 28 16 52 27 29 16 29 24 29 39 24
 15  1 16 36 52 54 52 11  7 24 54  7 27 19 54 28]",False,False,0.0,0.0,"[np.int64(4), np.int64(58), np.int64(61), np.int64(1), np.int64(0), np.int64(24), np.int64(21), np.int64(46), np.int64(49), np.int64(8), np.int64(45), np.int64(46), np.int64(54), np.int64(18), np.int64(7), np.int64(38), np.int64(21), np.int64(46), np.int64(30), np.int64(41), np.int64(41), np.int64(23), np.int64(8), np.int64(13), np.int64(44), np.int64(24), np.int64(7), np.int64(29), np.int64(26), np.int64(15), np.int64(34), np.int64(56), np.int64(23), np.int64(22), np.int64(61), np.int64(38), np.int64(51), np.int64(32), np.int64(32), np.int64(16), np.int64(21), np.int64(61), np.int64(3), np.int64(33), np.int64(9), np.int64(13), np.int64(27), np.int64(53), np.int64(0), np.int64(26), np.int64(9), np.int64(36), np.int64(25), np.int64(51), np.int64(7), np.int64(19), np.int64(34), np.int64(30), np.int64(21), np.int64(57), np.int64(21), np.int64(55), np.int64(13), np.int64(34)]","[np.int64(33), np.int64(16), np.int64(5), np.int64(25), np.int64(49), np.int64(25), np.int64(57), np.int64(40), np.int64(61), np.int64(7), np.int64(61), np.int64(1), np.int64(12), np.int64(29), np.int64(47), np.int64(3), np.int64(54), np.int64(53), np.int64(23), np.int64(27), np.int64(11), np.int64(31), np.int64(20), np.int64(1), np.int64(6), np.int64(59), np.int64(2), np.int64(18), np.int64(3), np.int64(22), np.int64(9), np.int64(17), np.int64(57), np.int64(43), np.int64(43), np.int64(21), np.int64(4), np.int64(4), np.int64(32), np.int64(10), np.int64(7), np.int64(20), np.int64(27), np.int64(25), np.int64(32), np.int64(45), np.int64(7), np.int64(28), np.int64(24), np.int64(7), np.int64(1), np.int64(32), np.int64(27), np.int64(44), np.int64(9), np.int64(28), np.int64(10), np.int64(57), np.int64(59), np.int64(13), np.int64(5), np.int64(50), np.int64(11), np.int64(50)]",False,False,0.0,0.0,"[36 52 27 11 29 11 39 52 16 54 27 52 36 16 29 52 52 28 29 52 15 36  1 24
 52 24 27 52 52 52 28 36 29 54  1 15 52 28 16 52 28  7 28 39 24  7 11 24
 15  7 16 19 52 39 52 29 16 24 54  7 27 19 54 27]","[27 52 39 24 28 11 24 52 15 54 15 52 19 27 24 52 52 36 29 52 15 36  1 24
 52  1 29 52 52 52 28 11 28  1  1 15 52 28 29 52 28 29 28 54 24 29 39 11
 15 11 16 19 52 39 52 11  7 24 54  7 11  1 36 28]",False,False,0.0,0.0,"[36 52 39 24 29 54 39 52 54 54 27 52 36 39 54 52 52 36 29 52 29 36 54 24
 52 39 29 52 52 52 28 36 29 54 39 39 52 28 29 52 28 29 28 54 39 29 39 28
 15 39 36 36 52 54 52 54 54 24 54 16 27 19 54 28]","[36 52 27 11 29 11 39 52 28 39 15 52 15 27 24 52 52 15 29 52 15 28  1 24
 52 27  1 52 52 52  1  1 29  1  1 11 52 28 16 52 27 28 16 39  1 29 11  7
 15 11 16 19 52 39 52 11 11 24 54 16 11  1 54  1]",False,False,0.109375,0.0,1.0,0.0,0.0,25,0,0,1.0,0.0,0.0,25,0,0,1.0,0.0,0.0,25,0,0,1.0,0.0,0.0,25,0,0,1.0,0.0,0.0,25,0,0,1.0,0.0,0.0,25,0,0,0.04,0.0,0.0,1,0,0,0.04,0.0,0.0,1,0,0
[1 0 0 ... 0 0 1],52,"[36 52 36 24 29 11 29 52 19 39 28 52 15 28  1 52 52 15 29 52 15 11 54 24
 52  1 29 52 52 52 16  1 28 39  1 36 52 28 29 52 27 28 16 36 29 29 16 11
 15 39 36 36 52 39 52 11 11 24 54  7 11 19 36 29]","[27 52 27 11 29 28 39 52 16 39 28 52 15 39 54 52 52 15 28 52 29 36 54 24
 52 16 27 52 52 52 16  1 29  1 39 39 52 28 16 52 28 29 28  1 29 29  1 11
 15  1 19 19 52 39 52 16  7 24 54 16 24  1 36 27]",False,False,0.0,0.0,"[np.int64(13), np.int64(15), np.int64(26), np.int64(57), np.int64(14), np.int64(8), np.int64(18), np.int64(24), np.int64(29), np.int64(30), np.int64(39), np.int64(5), np.int64(22), np.int64(4), np.int64(31), np.int64(27), np.int64(31), np.int64(56), np.int64(57), np.int64(39), np.int64(0), np.int64(48), np.int64(49), np.int64(40), np.int64(1), np.int64(15), np.int64(4), np.int64(38), np.int64(14), np.int64(63), np.int64(0), np.int64(44), np.int64(43), np.int64(44), np.int64(23), np.int64(59), np.int64(5), np.int64(33), np.int64(31), np.int64(37), np.int64(42), np.int64(19), np.int64(12), np.int64(19), np.int64(55), np.int64(51), np.int64(19), np.int64(46), np.int64(32), np.int64(59), np.int64(20), np.int64(8), np.int64(38), np.int64(54), np.int64(56), np.int64(18), np.int64(32), np.int64(2), np.int64(49), np.int64(10), np.int64(8), np.int64(45), np.int64(37), np.int64(7)]","[np.int64(36), np.int64(45), np.int64(20), np.int64(16), np.int64(26), np.int64(3), np.int64(1), np.int64(43), np.int64(56), np.int64(48), np.int64(58), np.int64(55), np.int64(38), np.int64(20), np.int64(24), np.int64(4), np.int64(52), np.int64(9), np.int64(40), np.int64(39), np.int64(43), np.int64(4), np.int64(58), np.int64(17), np.int64(43), np.int64(61), np.int64(16), np.int64(46), np.int64(18), np.int64(43), np.int64(41), np.int64(50), np.int64(1), np.int64(35), np.int64(6), np.int64(18), np.int64(10), np.int64(9), np.int64(57), np.int64(33), np.int64(52), np.int64(36), np.int64(37), np.int64(9), np.int64(26), np.int64(13), np.int64(31), np.int64(3), np.int64(59), np.int64(58), np.int64(29), np.int64(54), np.int64(60), np.int64(62), np.int64(3), np.int64(42), np.int64(44), np.int64(44), np.int64(8), np.int64(52), np.int64(21), np.int64(17), np.int64(29), np.int64(30)]",False,False,0.0,0.0,"[27 52 27 11 29 54 39 52 19 54 28 52 36 27 36 52 52 36 29 52 29 11 54 24
 52 24 27 52 52 52 19  1 29  1  1 39 52 28 29 52 28 16 28 39 29  7  1 24
 15  1 19 19 52 39 52 11  7 24 54 16 11 16 54 29]","[36 52 36 11 28 28 24 52 54 39 27 52 19 28 29 52 52 36 29 52 29 11 16 24
 52  1 27 52 52 52  1 36 29 54  1 27 52 28 16 52 28  7 28 54 29 29 39 11
 15 36 16 19 52 39 52 16  7 24 54  7 11  1 36  1]",False,False,0.0,0.0,"[36 52 39 24 29 54 39 52 54 54 27 52 36 39 54 52 52 36 29 52 29 36 54 24
 52 39 29 52 52 52 28 36 29 54 39 39 52 28 29 52 28 29 28 54 39 29 39 28
 15 39 36 36 52 54 52 54 54 24 54 16 27 19 54 28]","[36 52 27 11 29 11 39 52 28 39 15 52 15 27 24 52 52 15 29 52 15 28  1 24
 52 27  1 52 52 52  1  1 29  1  1 11 52 28 16 52 27 28 16 39  1 29 11  7
 15 11 16 19 52 39 52 11 11 24 54 16 11  1 54  1]",False,False,0.109375,0.0,1.0,0.0,0.0,25,0,0,1.0,0.0,0.0,25,0,0,1.0,0.0,0.0,25,0,0,1.0,0.0,0.0,25,0,0,1.0,0.0,0.0,25,0,0,1.0,0.0,0.0,25,0,0,0.04,0.0,0.0,1,0,0,0.04,0.0,0.0,1,0,0
[1 0 0 ... 0 0 0],13,"[13 13 13 50 43 28 18 34 45 18 13 13 13 13 13 31 13 44 13 42  1 50 11 28
 13  0 44 34 13 14 43 13 37 13 13 34 16 13  0 37 12 37 13 13 13 13 34 44
 13 50 13 55 55 45 33 13 50 12 48 55 45 42 55 42]","[13 13 13 50 31 34 37 16 50 33 13 13 13 13 13 12 13 43 13 42 14  2 11 34
 13 34 31 12 13 44 43 13 45 13 13 55 28 13  1 37 16 37 13 13 13 13 24 28
 13  2 13 11 55 31 14 13  1 12 48 10 42 24 55 24]",False,False,0.0,0.0,"[np.int64(49), np.int64(0), np.int64(44), np.int64(57), np.int64(62), np.int64(48), np.int64(44), np.int64(42), np.int64(21), np.int64(49), np.int64(37), np.int64(17), np.int64(34), np.int64(15), np.int64(26), np.int64(51), np.int64(7), np.int64(48), np.int64(23), np.int64(57), np.int64(0), np.int64(19), np.int64(40), np.int64(17), np.int64(17), np.int64(25), np.int64(28), np.int64(1), np.int64(19), np.int64(50), np.int64(36), np.int64(23), np.int64(56), np.int64(61), np.int64(10), np.int64(3), np.int64(24), np.int64(49), np.int64(51), np.int64(0), np.int64(11), np.int64(55), np.int64(37), np.int64(19), np.int64(11), np.int64(32), np.int64(56), np.int64(1), np.int64(29), np.int64(21), np.int64(58), np.int64(21), np.int64(11), np.int64(48), np.int64(21), np.int64(47), np.int64(38), np.int64(12), np.int64(11), np.int64(56), np.int64(61), np.int64(61), np.int64(33), np.int64(6)]","[np.int64(24), np.int64(25), np.int64(59), np.int64(29), np.int64(58), np.int64(23), np.int64(21), np.int64(61), np.int64(0), np.int64(0), np.int64(50), np.int64(55), np.int64(31), np.int64(43), np.int64(51), np.int64(6), np.int64(56), np.int64(46), np.int64(7), np.int64(41), np.int64(6), np.int64(10), np.int64(25), np.int64(60), np.int64(57), np.int64(14), np.int64(15), np.int64(10), np.int64(5), np.int64(17), np.int64(12), np.int64(7), np.int64(6), np.int64(0), np.int64(35), np.int64(14), np.int64(52), np.int64(58), np.int64(62), np.int64(63), np.int64(26), np.int64(42), np.int64(37), np.int64(12), np.int64(23), np.int64(47), np.int64(44), np.int64(51), np.int64(43), np.int64(29), np.int64(3), np.int64(32), np.int64(48), np.int64(31), np.int64(39), np.int64(57), np.int64(32), np.int64(55), np.int64(61), np.int64(61), np.int64(21), np.int64(33), np.int64(53), np.int64(16)]",False,False,0.0,0.0,"[13 13 13 45  2 42 37 16 50 12 13 13 13 13 13  1 13 43 13 42  1  0  1 14
 13 55 44 34 13 12 28 13 45 13 13 34  1 13 37 18 16 14 13 13 13 13 44 14
 13  2 13 55 33 31 18 13 50 31 12 55 42 28 55 55]","[13 13 13 18 31 28 37 11 12 33 13 13 13 13 13 12 13 44 13 42 24  2 10 34
 13 55 14 34 13 14 28 13 37 13 13 10 48 13 12 12 43 12 13 13 13 13 10 33
 13 44 13  2 55 43 18 13 34 50 11 10 45 42 55 55]",False,False,0.0,0.0,"[13 13 13 50 50 42 37 34 50 33 13 13 13 13 13 42 13 43 13 55 24 55 50 34
 13 55 44 42 13 55 43 13 45 13 13 55 48 13 50 37 48 37 13 13 13 13 44 50
 13 50 13 55 43 43 55 13 50 50 55 55 45 42 55 55]","[13 13 13  2 50 28 37  2 12 33 13 13 13 13 13 12 13 44 13 42  1 50 50 28
 13 37 44 12 13 12 31 13 37 13 13 10 28 13 12 12  2 12 13 13 13 13 10 12
 13 12 13  2 33 31 33 13 50 50 12  2 45 28 55 34]",False,False,0.109375,0.0,1.0,0.0,0.0,25,0,0,1.0,0.0,0.0,25,0,0,1.0,0.0,0.0,25,0,0,1.0,0.0,0.0,25,0,0,1.0,0.0,0.0,25,0,0,1.0,0.0,0.0,25,0,0,0.04,0.0,0.0,1,0,0,0.04,0.0,0.0,1,0,0
[0 0 1 ... 1 0 1],38,"[ 2 24 38 41 41 21 34 35  2 53 24 19 23 19 60 24 20 21 38 38 35 38 41 38
 38  4 21 18 18  2 53 53 18 41 35 38 35 21 38 23 19 38 23 23 18 21 53 19
  2 18 23 24 41 38 18 21 46 21 21  2 21 53 19 35]","[41 24 38 41 41 21 50 21 23  2 35 19 24 18 60 24  1 21 38 38 35 38 24 38
 38 52 18 18 19  2 53 53 35 24 35 38 35 23 38 19 24 38 41  2 24 21 53  2
  2 41 23 41 41 38 21 21 32 35 21  2 53 19 24 35]",False,False,0.0,0.0,"[np.int64(54), np.int64(55), np.int64(43), np.int64(39), np.int64(12), np.int64(40), np.int64(31), np.int64(8), np.int64(8), np.int64(31), np.int64(1), np.int64(5), np.int64(43), np.int64(18), np.int64(56), np.int64(51), np.int64(35), np.int64(52), np.int64(18), np.int64(41), np.int64(19), np.int64(10), np.int64(6), np.int64(9), np.int64(8), np.int64(21), np.int64(52), np.int64(39), np.int64(47), np.int64(37), np.int64(60), np.int64(38), np.int64(17), np.int64(63), np.int64(51), np.int64(16), np.int64(4), np.int64(39), np.int64(25), np.int64(55), np.int64(30), np.int64(56), np.int64(42), np.int64(4), np.int64(40), np.int64(19), np.int64(58), np.int64(9), np.int64(22), np.int64(29), np.int64(45), np.int64(32), np.int64(19), np.int64(1), np.int64(29), np.int64(20), np.int64(29), np.int64(4), np.int64(7), np.int64(18), np.int64(34), np.int64(20), np.int64(41), np.int64(44)]","[np.int64(47), np.int64(56), np.int64(9), np.int64(24), np.int64(28), np.int64(49), np.int64(25), np.int64(48), np.int64(32), np.int64(32), np.int64(54), np.int64(52), np.int64(62), np.int64(47), np.int64(50), np.int64(61), np.int64(56), np.int64(57), np.int64(44), np.int64(41), np.int64(52), np.int64(24), np.int64(0), np.int64(41), np.int64(49), np.int64(42), np.int64(39), np.int64(59), np.int64(43), np.int64(54), np.int64(44), np.int64(18), np.int64(63), np.int64(51), np.int64(30), np.int64(23), np.int64(52), np.int64(44), np.int64(62), np.int64(20), np.int64(5), np.int64(24), np.int64(48), np.int64(29), np.int64(46), np.int64(26), np.int64(31), np.int64(23), np.int64(57), np.int64(37), np.int64(58), np.int64(27), np.int64(44), np.int64(25), np.int64(55), np.int64(7), np.int64(4), np.int64(46), np.int64(40), np.int64(62), np.int64(35), np.int64(32), np.int64(20), np.int64(22)]",False,False,0.0,0.0,"[41 53 38 41 41 21 51 35  2 19 23 19 19 19 63 24 20 21 38 38 35 38 18 38
 38 63 21 18 19  2 53 53 18 24 35 38 35 23 38 23 23 38 23 23  2 41 53  2
 53 41 23 41 41 38 21 23 20 35 53  2 21 35 24 35]","[41 24 38 41 41 21  7 21  2 53 24 19 24 18 43 24  4 21 38 38 35 38 41 38
 38 55 21 18 18  2 53 18 35 24  2 38 35 21 38 23 35 38 41 23  2 53 53 24
 53  2 23 41 41 38 21 21 42 35 53  2 41 35 53 35]",False,False,0.0,0.0,"[41 53 38 41 41 41 61 35 24 53 35 19 24 53 60 24 62 21 38 38 35 38 41 38
 38 63 21 18 18  2 53 53 53 41 41 38 35 23 38 23 53 38 41 23 18 53 53 24
 53 41 23 41 41 38 18 35 57 35 53  2 53 53 53 35]","[41 24 38 41 24 41 26 21 24 24 24 19 24  2 55 24 43 21 38 38 35 38 24 38
 38 55 18 18 19  2 53 18 18 24 35 38 35 21 38 19 24 38 41 23  2 41 53  2
  2  2 23 41 41 38 18 21  5 35 21  2 41 35 24 35]",False,False,0.109375,0.0,1.0,0.0,0.0,25,0,0,1.0,0.0,0.0,25,0,0,1.0,0.0,0.0,25,0,0,1.0,0.0,0.0,25,0,0,1.0,0.0,0.0,25,0,0,1.0,0.0,0.0,25,0,0,0.04,0.0,0.0,1,0,0,0.04,0.0,0.0,1,0,0
[1 0 0 ... 0 0 1],27,"[37 27 32 30  1  1 32 27 38 38 38 38  1  1 47 47 53 62 42 32 27 37 20 42
 28 53 48 27 27 42 27 62 27 38 28 38 28 27 27 32 41 27 27  7 28 38 47 27
 27 53 48 48 62 27 62 28 47 28  1 38 30 62 27 27]","[63 27 41 62 47 48 20 27 48 48  7 20 30  1 47 47 42 32 42 62 27 37 37 62
 28 30 48 27 27 42 27 47 27 38 20 38 28 27 27 38 37 27 27 62 47 20 47 27
 27 32 28 47 38 27 20 20 20 42 62 30 20 37 27 27]",False,False,0.0,0.0,"[np.int64(47), np.int64(30), np.int64(44), np.int64(45), np.int64(9), np.int64(20), np.int64(33), np.int64(43), np.int64(21), np.int64(38), np.int64(20), np.int64(55), np.int64(32), np.int64(27), np.int64(36), np.int64(12), np.int64(18), np.int64(18), np.int64(40), np.int64(12), np.int64(63), np.int64(15), np.int64(21), np.int64(12), np.int64(43), np.int64(31), np.int64(31), np.int64(56), np.int64(6), np.int64(2), np.int64(16), np.int64(62), np.int64(46), np.int64(27), np.int64(14), np.int64(23), np.int64(30), np.int64(33), np.int64(40), np.int64(60), np.int64(24), np.int64(25), np.int64(36), np.int64(38), np.int64(29), np.int64(46), np.int64(6), np.int64(53), np.int64(31), np.int64(18), np.int64(16), np.int64(22), np.int64(6), np.int64(18), np.int64(45), np.int64(50), np.int64(31), np.int64(9), np.int64(48), np.int64(30), np.int64(62), np.int64(4), np.int64(33), np.int64(6)]","[np.int64(24), np.int64(25), np.int64(57), np.int64(37), np.int64(50), np.int64(49), np.int64(63), np.int64(60), np.int64(14), np.int64(49), np.int64(49), np.int64(51), np.int64(32), np.int64(29), np.int64(9), np.int64(45), np.int64(38), np.int64(53), np.int64(39), np.int64(32), np.int64(40), np.int64(57), np.int64(9), np.int64(23), np.int64(11), np.int64(24), np.int64(25), np.int64(9), np.int64(34), np.int64(24), np.int64(58), np.int64(13), np.int64(3), np.int64(27), np.int64(36), np.int64(44), np.int64(35), np.int64(37), np.int64(30), np.int64(45), np.int64(36), np.int64(63), np.int64(11), np.int64(22), np.int64(1), np.int64(45), np.int64(54), np.int64(18), np.int64(54), np.int64(45), np.int64(1), np.int64(41), np.int64(4), np.int64(12), np.int64(30), np.int64(45), np.int64(57), np.int64(12), np.int64(32), np.int64(8), np.int64(1), np.int64(15), np.int64(53), np.int64(33)]",False,False,0.0,0.0,"[28 27 41 62  1 48 20 27 38 38  7 38 38  1 47 63 42 62 47 20 27 42  7 42
 63 53 53 27 27 63 27 62 27 30 48 53 42 27 27 38 41 27 27  7 62 20 48 27
 27 53 28 37 62 27 62 28 38  1 20 38 20 41 27 27]","[63 27 41 62  1 62 20 27 48 48  7 20 30  1 47 63 42 41 42 62 27 42 37 38
 63 30 48 27 27  1 27 62 27 30 28 47 42 27 27 38 37 27 27 37 30  1 47 27
 27 47 28  1 38 27  7 28 38 62 62 62 30 41 27 27]",False,False,0.0,0.0,"[63 27 63 62 62 62 37 27 48 48 38 38 38  1 47 63 53 62 47 62 27 62 48 62
 63 53 53 27 27 63 27 62 27 48 48 53 42 27 27 37 63 27 27 62 63 63 47 27
 27 63 62 53 62 27 62 63 47 62 62 62 38 62 27 27]","[37 27 32 37 47 62 37 27 42 48  7 20 30  1 38  7 42 62 42 62 27 62 37 62
  7 30 48 27 27 42 27 47 27 30 20 47 42 27 27 37 37 27 27 37 47  1 20 27
 27  7 62 37 30 27  7 20 20 62 62  7 20 37 27 27]",False,False,0.109375,0.0,1.0,0.0,0.0,25,0,0,1.0,0.0,0.0,25,0,0,1.0,0.0,0.0,25,0,0,1.0,0.0,0.0,25,0,0,1.0,0.0,0.0,25,0,0,1.0,0.0,0.0,25,0,0,0.04,0.0,0.0,1,0,0,0.04,0.0,0.0,1,0,0
[1 0 0 ... 0 0 1],25,"[51 51 18 45 45 61 13 52 61 61 25 61 61 25 23 25 52 41 25 26 23 15 41 25
 53 25 25 44 61 51 25 13 45 23 18 23 45 18 61 10 53 25 51 52 25 25 10 15
 41 53 51 25 25 25 51 61 26 15 44 52 52 25 18 10]","[52 52 18 45 44 61 13 52 44 30 25 41 61 25 23 25 44 41 25 26 51 15 41 25
 44 25 25 41 61 30 25 61 45 23 61 13 30 26 41 52 30 25 15 52 25 25 10 41
 41 15 45 25 25 25 51 13 18 51 44 41 52 25 51 26]",False,False,0.0,0.0,"[np.int64(26), np.int64(40), np.int64(45), np.int64(22), np.int64(3), np.int64(13), np.int64(13), np.int64(16), np.int64(20), np.int64(6), np.int64(7), np.int64(29), np.int64(63), np.int64(34), np.int64(62), np.int64(28), np.int64(1), np.int64(6), np.int64(38), np.int64(1), np.int64(43), np.int64(19), np.int64(30), np.int64(29), np.int64(1), np.int64(37), np.int64(61), np.int64(16), np.int64(2), np.int64(38), np.int64(32), np.int64(4), np.int64(32), np.int64(36), np.int64(3), np.int64(26), np.int64(49), np.int64(55), np.int64(40), np.int64(59), np.int64(43), np.int64(10), np.int64(9), np.int64(37), np.int64(11), np.int64(40), np.int64(16), np.int64(14), np.int64(24), np.int64(33), np.int64(10), np.int64(25), np.int64(37), np.int64(39), np.int64(61), np.int64(6), np.int64(25), np.int64(17), np.int64(33), np.int64(24), np.int64(54), np.int64(20), np.int64(58), np.int64(2)]","[np.int64(49), np.int64(25), np.int64(35), np.int64(46), np.int64(29), np.int64(62), np.int64(63), np.int64(14), np.int64(13), np.int64(8), np.int64(40), np.int64(60), np.int64(36), np.int64(12), np.int64(55), np.int64(56), np.int64(36), np.int64(49), np.int64(57), np.int64(62), np.int64(14), np.int64(3), np.int64(39), np.int64(10), np.int64(8), np.int64(0), np.int64(14), np.int64(4), np.int64(58), np.int64(20), np.int64(52), np.int64(33), np.int64(20), np.int64(57), np.int64(63), np.int64(34), np.int64(1), np.int64(57), np.int64(53), np.int64(61), np.int64(35), np.int64(55), np.int64(7), np.int64(55), np.int64(21), np.int64(44), np.int64(7), np.int64(53), np.int64(15), np.int64(28), np.int64(24), np.int64(43), np.int64(2), np.int64(9), np.int64(47), np.int64(47), np.int64(14), np.int64(22), np.int64(48), np.int64(56), np.int64(9), np.int64(62), np.int64(23), np.int64(44)]",False,False,0.0,0.0,"[61 61 18 53 44 23 15 30 44 52 25 53 61 25 10 25 44 13 25 26 51 15 41 25
 44 25 25 41 15 18 25 61 18 44 18 23 15 41 53 10 41 25 13 52 25 25 10 13
 41 15 51 25 25 25 51 23 13 15 44 41 51 25 18 15]","[61 52 18 53 44 52 13 30 51 44 25 44 61 25 23 25 52 13 25 26 23 15 45 25
 30 25 25 23 30 18 25 13 45 23 61 13 15 41 53 52 41 25 51 41 25 25 10 13
 10 15 51 25 25 25 51 61 26 10 44 52 52 25 18 15]",False,False,0.0,0.0,"[61 61 18 53 61 61 52 52 61 61 25 61 61 25 53 25 51 41 25 26 61 51 41 25
 53 25 25 51 61 51 25 61 45 61 61 61 52 45 53 52 53 25 51 53 25 25 10 51
 53 53 51 25 25 25 51 61 45 61 44 52 51 25 51 44]","[52 52 18 52 61 52 52 52 18 52 25 41 61 25 23 25 18 13 25 26 10 15 41 25
 18 25 25 23 15 23 25 13 45 23 18 13 52 26 41 52 41 25 13 41 25 25 10 13
 41 53 45 25 25 25 51 13 13 52 44 41 52 25 18 13]",False,False,0.109375,0.0,1.0,0.0,0.0,25,0,0,1.0,0.0,0.0,25,0,0,1.0,0.0,0.0,25,0,0,1.0,0.0,0.0,25,0,0,1.0,0.0,0.0,25,0,0,1.0,0.0,0.0,25,0,0,0.04,0.0,0.0,1,0,0,0.04,0.0,0.0,1,0,0
[1 1 0 ... 0 0 1],50,"[50  0  9 19 48 50 58 11 19 50 58 50 22  0 41 39  5 62 11 50 50 39 50 22
 53 19 41 62 32 19 19  9 50 41  0 53 62  5  9 50 48 50 48  5 20 54 39 53
 50 39 50 11  9 50 50  0  5  0 50  5 32 58 50 22]","[50  0  9 19 48 50  5 53 20 50 58 50 22 39 41 22  5 62 20 50 50 32 50 58
 53 11 19 62 54  5 11 48 50 41 58 39 54  5 41 50 48 50 22 11 20  9 39 41
 50 32 50  5 58 50 50 48  5 20 50 53  0 58 50  9]",False,False,0.0,0.0,"[np.int64(24), np.int64(37), np.int64(20), np.int64(51), np.int64(63), np.int64(22), np.int64(25), np.int64(41), np.int64(58), np.int64(17), np.int64(55), np.int64(58), np.int64(29), np.int64(46), np.int64(10), np.int64(51), np.int64(23), np.int64(38), np.int64(46), np.int64(33), np.int64(52), np.int64(52), np.int64(58), np.int64(5), np.int64(38), np.int64(41), np.int64(51), np.int64(54), np.int64(27), np.int64(37), np.int64(38), np.int64(15), np.int64(5), np.int64(32), np.int64(60), np.int64(45), np.int64(27), np.int64(19), np.int64(26), np.int64(31), np.int64(54), np.int64(23), np.int64(12), np.int64(43), np.int64(49), np.int64(35), np.int64(41), np.int64(8), np.int64(34), np.int64(45), np.int64(57), np.int64(60), np.int64(63), np.int64(44), np.int64(41), np.int64(27), np.int64(0), np.int64(32), np.int64(38), np.int64(59), np.int64(36), np.int64(37), np.int64(49), np.int64(41)]","[np.int64(36), np.int64(13), np.int64(58), np.int64(43), np.int64(20), np.int64(29), np.int64(9), np.int64(44), np.int64(49), np.int64(20), np.int64(22), np.int64(32), np.int64(52), np.int64(7), np.int64(48), np.int64(61), np.int64(13), np.int64(37), np.int64(0), np.int64(11), np.int64(10), np.int64(10), np.int64(36), np.int64(63), np.int64(41), np.int64(59), np.int64(35), np.int64(45), np.int64(37), np.int64(34), np.int64(26), np.int64(13), np.int64(23), np.int64(56), np.int64(34), np.int64(55), np.int64(53), np.int64(29), np.int64(60), np.int64(3), np.int64(41), np.int64(4), np.int64(44), np.int64(22), np.int64(28), np.int64(32), np.int64(48), np.int64(26), np.int64(50), np.int64(45), np.int64(29), np.int64(45), np.int64(19), np.int64(37), np.int64(30), np.int64(23), np.int64(31), np.int64(1), np.int64(13), np.int64(15), np.int64(41), np.int64(60), np.int64(50), np.int64(35)]",False,False,0.0,0.0,"[50  0  9  0 48 50  5 22 19 50 20 50 41 39 19 54 53 62 48 50 50 39 50 53
 53 19 41 62 54 20 19 48 50 41 53 53 54 11 41 50 48 50 58 58 53 62 39 41
 50 39 50 11 58 50 50 39 54 11 50 53  0 58 50  0]","[50  0  9 58 48 50  5 11 19 50 54 50 39  0 19 54 22 62 11 50 50 32 50 11
 53 19  5 62 32 11 20  9 50 41 53 53 54  5 41 50 48 50 20 11 53 54 39 41
 50  0 50  5  9 50 50 19 54  0 50  0 32 58 50 22]",False,False,0.0,0.0,"[50 62  9 58 48 50 62 53 53 50 54 50 41 39 41 54 53 62 58 50 50 62 50 58
 53 39 62 62 54 53 41 48 50 53 58 62 62 53 41 50 48 50 58 62 53 54 39 53
 50 62 50 58 58 50 50 58 62 20 50 53 32 58 50 22]","[50 11  9 19 48 50 32 11 20 50 54 50 41 19 41 54  5 62 48 50 50 32 50 11
 53 22 41 62 32  5 41 48 50 41 19 53 54  5 41 50 48 50 20  5 53 54 19 41
 50 32 50 32 11 50 50 32  5 11 50 48 32 58 50  0]",False,False,0.109375,0.0,1.0,0.0,0.0,25,0,0,1.0,0.0,0.0,25,0,0,1.0,0.0,0.0,25,0,0,1.0,0.0,0.0,25,0,0,1.0,0.0,0.0,25,0,0,1.0,0.0,0.0,25,0,0,0.04,0.0,0.0,1,0,0,0.04,0.0,0.0,1,0,0
[1 0 0 ... 0 0 0],11,"[46 50 21 15 57 42 54 11 34 27 11 11 46 29  7 11 59 11 27 23  7 59 17 11
 42 54  7 11 54 11 34 15 54 23 11 15  7 57 50 10 42 54 11 57 54 29 11 57
 10 46 11 23 57 29 11 57 17 11 50 11 10 42 34 57]","[46 50 62 15  7 10 54 11 34 27 11 11 46 29  7 11 15 11 27 15 23 59 17 11
 50 23 57 11 23 11 23 23 54 23 11 34  7 57 42 15 42 59 11 57 42 23 11 57
 15 17 11  7  7 23 11 57 17 11  7 11 42 46 34 27]",False,False,0.0,0.0,"[np.int64(35), np.int64(19), np.int64(6), np.int64(25), np.int64(52), np.int64(55), np.int64(42), np.int64(15), np.int64(35), np.int64(9), np.int64(38), np.int64(8), np.int64(46), np.int64(14), np.int64(5), np.int64(27), np.int64(42), np.int64(34), np.int64(35), np.int64(18), np.int64(4), np.int64(22), np.int64(28), np.int64(39), np.int64(11), np.int64(11), np.int64(34), np.int64(15), np.int64(31), np.int64(10), np.int64(1), np.int64(14), np.int64(19), np.int64(24), np.int64(37), np.int64(11), np.int64(17), np.int64(16), np.int64(18), np.int64(42), np.int64(18), np.int64(38), np.int64(62), np.int64(61), np.int64(49), np.int64(9), np.int64(23), np.int64(60), np.int64(8), np.int64(59), np.int64(58), np.int64(53), np.int64(8), np.int64(25), np.int64(24), np.int64(61), np.int64(31), np.int64(11), np.int64(36), np.int64(50), np.int64(22), np.int64(25), np.int64(32), np.int64(12)]","[np.int64(12), np.int64(60), np.int64(6), np.int64(5), np.int64(32), np.int64(53), np.int64(41), np.int64(28), np.int64(35), np.int64(61), np.int64(10), np.int64(22), np.int64(16), np.int64(4), np.int64(63), np.int64(26), np.int64(25), np.int64(23), np.int64(23), np.int64(54), np.int64(59), np.int64(0), np.int64(52), np.int64(28), np.int64(27), np.int64(20), np.int64(41), np.int64(43), np.int64(10), np.int64(3), np.int64(37), np.int64(4), np.int64(32), np.int64(20), np.int64(19), np.int64(7), np.int64(58), np.int64(22), np.int64(45), np.int64(33), np.int64(26), np.int64(39), np.int64(51), np.int64(54), np.int64(20), np.int64(16), np.int64(41), np.int64(40), np.int64(6), np.int64(47), np.int64(27), np.int64(52), np.int64(8), np.int64(61), np.int64(39), np.int64(45), np.int64(37), np.int64(45), np.int64(53), np.int64(50), np.int64(31), np.int64(3), np.int64(63), np.int64(31)]",False,False,0.0,0.0,"[34 23  9 23 17 10 23 11 50 42 11 11 46 29  7 11 15 11 27  7 23 59 46 11
 29 54 34 11 42 11 34 15 54 23 11 34 59 50 27 57 42 34 11 27 42 10 11 57
 15 29 11 23 34 23 11 57 57 11  7 11 42 27 10  7]","[46 23 45 23 57 10 15 11 50 42 11 11 46 46  7 11 15 11 27 23 23 59 46 11
 29 23 57 11 23 11 23 15 54 27 11 15  7 46 27 57 42 34 11 27 27 29 11 57
 23 15 11 23 46 29 11 15 17 11 50 11 27 42 10 27]",False,False,0.0,0.0,"[46 54 63 59 57 42 54 11 50 57 11 11 46 46  7 11 59 11 27 50 46 59 46 11
 50 54 57 11 54 11 54 42 54 27 11 59 59 46 50 57 42 59 11 57 54 50 11 57
 34 54 11 23 57 54 11 57 57 11 50 11 59 54 34 57]","[46 50 63 15 57 10 15 11 34 57 11 11 46 46  7 11 15 11 27 15 46 54 46 11
 42 54 57 11 42 11 23 15 50 27 11 15 59 46 46 15 42 34 11 57 27 15 11 57
 15 15 11 23 34 54 11 15 57 11 50 11 27 15 10 57]",False,False,0.109375,0.0,1.0,0.0,0.0,25,0,0,1.0,0.0,0.0,25,0,0,1.0,0.0,0.0,25,0,0,1.0,0.0,0.0,25,0,0,1.0,0.0,0.0,25,0,0,1.0,0.0,0.0,25,0,0,0.04,0.0,0.0,1,0,0,0.04,0.0,0.0,1,0,0
[0 0 0 ... 1 0 1],25,"[29  7 62 29 25 25 25 25 62 15 42 50 15  7 29 25 62 46 28 46 25 28  4  6
 50 25 50 30 25 25 25 42 46  4  6 29  6  5 50 30 30 62 25 29 20 62 25  6
  4 42 25 46 15  6  7 46 62 29 50 50 15 46 25 46]","[28 46 62 62 25 25 25 25 62 20 15 30  7 46 46 25 62 62 28 20 25 28  5  6
 50 25 50 30 25 25 25 15 42  4  4 62  6  5 50 30  4 29 25 29 50 62 25  4
  5  4 25 28 15  5  5 46 62 29 42 50 15 46 25 29]",False,False,0.0,0.0,"[np.int64(38), np.int64(53), np.int64(13), np.int64(55), np.int64(48), np.int64(62), np.int64(17), np.int64(34), np.int64(8), np.int64(54), np.int64(14), np.int64(62), np.int64(24), np.int64(43), np.int64(59), np.int64(12), np.int64(62), np.int64(1), np.int64(36), np.int64(49), np.int64(11), np.int64(24), np.int64(11), np.int64(41), np.int64(1), np.int64(56), np.int64(15), np.int64(44), np.int64(63), np.int64(33), np.int64(19), np.int64(21), np.int64(60), np.int64(17), np.int64(1), np.int64(27), np.int64(29), np.int64(4), np.int64(6), np.int64(30), np.int64(9), np.int64(19), np.int64(8), np.int64(31), np.int64(29), np.int64(47), np.int64(43), np.int64(60), np.int64(24), np.int64(20), np.int64(1), np.int64(7), np.int64(37), np.int64(23), np.int64(37), np.int64(17), np.int64(44), np.int64(1), np.int64(39), np.int64(30), np.int64(52), np.int64(16), np.int64(52), np.int64(47)]","[np.int64(1), np.int64(60), np.int64(60), np.int64(33), np.int64(18), np.int64(23), np.int64(32), np.int64(22), np.int64(0), np.int64(37), np.int64(51), np.int64(52), np.int64(10), np.int64(16), np.int64(4), np.int64(11), np.int64(50), np.int64(60), np.int64(18), np.int64(33), np.int64(12), np.int64(11), np.int64(54), np.int64(18), np.int64(50), np.int64(3), np.int64(36), np.int64(32), np.int64(11), np.int64(33), np.int64(9), np.int64(53), np.int64(21), np.int64(19), np.int64(53), np.int64(53), np.int64(37), np.int64(10), np.int64(27), np.int64(55), np.int64(5), np.int64(35), np.int64(21), np.int64(10), np.int64(26), np.int64(33), np.int64(44), np.int64(18), np.int64(51), np.int64(27), np.int64(60), np.int64(11), np.int64(42), np.int64(2), np.int64(42), np.int64(43), np.int64(19), np.int64(62), np.int64(56), np.int64(53), np.int64(7), np.int64(12), np.int64(14), np.int64(16)]",False,False,0.0,0.0,"[29 46 30 62 25 25 25 25 62 20  6  6  7  7 20 25  4  4  5 46 25 28  4  6
 50 25 50 30 25 25 25 20 46  4  4 62 28  5 50  5  4 29 25 29  4  5 25  6
  7  5 25 28 15 20 42 46 62 29 50 50 15  5 25 46]","[28 46 62 62 25 25 25 25  6 20 62 30 15 46 46 25  4 46 28 46 25 28  5 62
 50 25 50 15 25 25 25 15 30  4  6 62 28 29 50  4 30 62 25 62 50  5 25 30
  7 42 25 46 15  5 42 46 62 29 46  4 15 46 25 20]",False,False,0.0,0.0,"[28 46 62 62 25 25 25 25 62 20 62 50 15 46 46 25 62 62 28 62 25 28  5 62
 50 25 50 62 25 25 25 42 50  4  4 62 28 50 50 30 30 62 25 62 50 62 25 46
 62 42 25 46 20 20 42 46 62 28 50 50 15 46 25 42]","[28 46 62 62 25 25 25 25 62 15 15 30 15 46 29 25  4 62 28 62 25 28  4  4
 50 25 50 15 25 25 25 15 29  4  4 62 28 29 50  4 30 62 25 29  4 62 25 46
 62 30 25 46 15  6 42 46 62 28 29  4 15  4 25 15]",False,False,0.109375,0.0,1.0,0.0,0.0,25,0,0,1.0,0.0,0.0,25,0,0,1.0,0.0,0.0,25,0,0,1.0,0.0,0.0,25,0,0,1.0,0.0,0.0,25,0,0,1.0,0.0,0.0,25,0,0,0.04,0.0,0.0,1,0,0,0.04,0.0,0.0,1,0,0
[1 0 0 ... 0 0 1],14,"[38 23 14 59 20 55 54 36 59 36 36 59 38 20 14 58 14 20 54 54 14 30  2 58
 22 54 62 16 16 20 14 59 30 59 46 54 14 58 14 58 55 55 55 36 38  2 14 38
 58 54 54 59 46 59 14 14 36  2 14 14 55 46 58 46]","[46 35 14 59 20 54 54 46 59 36 55 59 46 59 14 30 14 20 46 54 14 54 58 30
 42 54 62 16 38 20 14 59 59 38 46 16 14 54 14 36 54 59 46 46 38 30 14 55
 58 38 54 59 46 59 14 14 55 46 14 14 55 46 38 46]",False,False,0.0,0.0,"[np.int64(57), np.int64(53), np.int64(58), np.int64(50), np.int64(32), np.int64(22), np.int64(11), np.int64(63), np.int64(48), np.int64(18), np.int64(28), np.int64(15), np.int64(20), np.int64(46), np.int64(60), np.int64(29), np.int64(60), np.int64(18), np.int64(35), np.int64(6), np.int64(62), np.int64(33), np.int64(21), np.int64(16), np.int64(18), np.int64(11), np.int64(35), np.int64(31), np.int64(15), np.int64(2), np.int64(46), np.int64(48), np.int64(13), np.int64(55), np.int64(4), np.int64(57), np.int64(0), np.int64(1), np.int64(57), np.int64(17), np.int64(13), np.int64(14), np.int64(23), np.int64(40), np.int64(8), np.int64(33), np.int64(23), np.int64(16), np.int64(55), np.int64(56), np.int64(52), np.int64(30), np.int64(52), np.int64(42), np.int64(57), np.int64(51), np.int64(41), np.int64(57), np.int64(54), np.int64(37), np.int64(6), np.int64(54), np.int64(41), np.int64(51)]","[np.int64(53), np.int64(28), np.int64(20), np.int64(3), np.int64(36), np.int64(42), np.int64(46), np.int64(55), np.int64(48), np.int64(20), np.int64(27), np.int64(48), np.int64(8), np.int64(39), np.int64(47), np.int64(23), np.int64(50), np.int64(46), np.int64(21), np.int64(14), np.int64(35), np.int64(13), np.int64(16), np.int64(1), np.int64(54), np.int64(63), np.int64(54), np.int64(31), np.int64(57), np.int64(45), np.int64(53), np.int64(5), np.int64(61), np.int64(44), np.int64(53), np.int64(4), np.int64(23), np.int64(51), np.int64(3), np.int64(54), np.int64(24), np.int64(16), np.int64(43), np.int64(50), np.int64(38), np.int64(13), np.int64(54), np.int64(30), np.int64(16), np.int64(36), np.int64(54), np.int64(34), np.int64(54), np.int64(1), np.int64(4), np.int64(16), np.int64(54), np.int64(34), np.int64(43), np.int64(33), np.int64(45), np.int64(36), np.int64(33), np.int64(12)]",False,False,0.0,0.0,"[46 23 14 59 20 54  2 16 30 36 55  2 38 36 14 30 14 58 30 55 14 30 58 36
 57 55  4 16 38 20 14 59  2 36 46 54 14 54 14 30 54 55 55 46 38 58 14 36
 58 38 59  2 54 59 14 14 55 20 14 14 55 46 38 55]","[46 31 14 59 54 54 54 54 59 38  2 55 46 59 14 58 14 58 59 54 14 20  2 36
  5 58 44 16 16 46 14 36 59 59 20 54 14 58 14 59 36 58 55 36 38  2 14 38
 58 54 54 59 54 58 14 14 55  2 14 14 55 46 58 46]",False,False,0.0,0.0,"[58 56 14 59 55 55 54 54 59 58 55 59 59 59 14 58 14 58 59 55 14 54 58 58
 63 58 61 16 38 46 14 59 59 59 46 54 14 58 14 58 54 58 55 36 38 58 14 55
 58 54 54 58 54 59 14 14 55 46 14 14 55 46 58 55]","[46  9 14 59 20 54 54 46 59 38  2 59 46 36 14 54 14 20 54 54 14 54  2 36
 18 36  9 16 38 46 14 36 54 38 46 16 14 54 14 54 36 59 46 46  2 58 14 38
 58 54 54 59 46 59 14 14 36 46 14 14 55 46 38 46]",False,False,0.109375,0.0,1.0,0.0,0.0,25,0,0,1.0,0.0,0.0,25,0,0,1.0,0.0,0.0,25,0,0,1.0,0.0,0.0,25,0,0,1.0,0.0,0.0,25,0,0,1.0,0.0,0.0,25,0,0,0.04,0.0,0.0,1,0,0,0.04,0.0,0.0,1,0,0
[0 0 0 ... 0 1 0],61,"[ 6 41  6 20 61 59 61 20  6 37  6 38 38 59 62 20 46 25 38 41 61  4 61 61
 20 61 22 61 27 23 22  6 59 62 38  6 58 61 61 20 20 61 37 61 58 46 61 43
 43 59 38 27  4 59  4 62 58 59 61 61 38 61 61  4]","[27 41 58 20 61 25 61 22  6 25 27 25  6 37 46 20 41 37 20 41 61 27 61 61
 25 61 62 61 27 23 41 22 27 58 62 62 41 61 61 25 20 61 37 61 22 46 61 43
 37 41 38 27 38 41  6 43  6 20 61 61 38 61 61 20]",False,False,0.0,0.0,"[np.int64(9), np.int64(38), np.int64(16), np.int64(14), np.int64(14), np.int64(27), np.int64(20), np.int64(10), np.int64(13), np.int64(51), np.int64(55), np.int64(39), np.int64(58), np.int64(59), np.int64(13), np.int64(49), np.int64(1), np.int64(4), np.int64(0), np.int64(57), np.int64(32), np.int64(53), np.int64(44), np.int64(16), np.int64(5), np.int64(49), np.int64(32), np.int64(39), np.int64(44), np.int64(7), np.int64(63), np.int64(24), np.int64(21), np.int64(0), np.int64(40), np.int64(31), np.int64(36), np.int64(62), np.int64(38), np.int64(54), np.int64(14), np.int64(53), np.int64(37), np.int64(45), np.int64(1), np.int64(61), np.int64(62), np.int64(20), np.int64(18), np.int64(36), np.int64(52), np.int64(30), np.int64(4), np.int64(55), np.int64(55), np.int64(9), np.int64(30), np.int64(59), np.int64(23), np.int64(34), np.int64(20), np.int64(21), np.int64(42), np.int64(34)]","[np.int64(24), np.int64(6), np.int64(11), np.int64(48), np.int64(3), np.int64(60), np.int64(3), np.int64(20), np.int64(39), np.int64(43), np.int64(35), np.int64(43), np.int64(15), np.int64(8), np.int64(58), np.int64(8), np.int64(62), np.int64(16), np.int64(26), np.int64(63), np.int64(48), np.int64(32), np.int64(39), np.int64(43), np.int64(3), np.int64(28), np.int64(2), np.int64(30), np.int64(23), np.int64(11), np.int64(59), np.int64(44), np.int64(31), np.int64(37), np.int64(28), np.int64(12), np.int64(55), np.int64(43), np.int64(53), np.int64(58), np.int64(46), np.int64(60), np.int64(29), np.int64(36), np.int64(59), np.int64(25), np.int64(5), np.int64(22), np.int64(32), np.int64(12), np.int64(2), np.int64(15), np.int64(15), np.int64(27), np.int64(9), np.int64(63), np.int64(10), np.int64(57), np.int64(53), np.int64(58), np.int64(25), np.int64(26), np.int64(53), np.int64(10)]",False,False,0.0,0.0,"[27  4 20 38 61 25 61 20  6 25 27 59 62  6 22 62 20 58 58 41 61 62 61 61
 43 61 62 61 25 23 22 22 58 22 62 62 62 61 61 25 20 61 46 61  6 46 61 46
 22 41 43 62 46 59  6 41  6 37 61 61 23 61 61 62]","[27 23 58 20 61 43 61 38  6 25  6 25  4 37 22 20 20 58 58 23 61 27 61 61
 20 61  6 61 58 23 41 22 58 62 38  6  6 61 61 22 20 61 37 61 58 43 61 20
 20 41 38 27 22  4  6 41  6 20 61 61 23 61 61  4]",False,False,0.0,0.0,"[59 62 58 38 61 59 61 38  6 37 27 59 62 59 62 62 62 58 58 62 61 62 61 61
 43 61 62 61 62 23 41 59 58 58 62 62 58 61 61 59 20 61 46 61 58 43 61 59
 62 59 59 62 46 62  6 62 58 59 61 61 38 61 61 62]","[ 6 23 41 38 61 43 61 38  6 20  6 23 43 37 22 20 41 37 58 41 61 27 61 61
 20 61  6 61 23 23 41  6 58 58  4  6 58 61 61 20 20 61 37 61  6 27 61 20
 20 41 43 27 27  4  6 41 58 20 61 61 23 61 61 23]",False,False,0.109375,0.0,1.0,0.0,0.0,25,0,0,1.0,0.0,0.0,25,0,0,1.0,0.0,0.0,25,0,0,1.0,0.0,0.0,25,0,0,1.0,0.0,0.0,25,0,0,1.0,0.0,0.0,25,0,0,0.04,0.0,0.0,1,0,0,0.04,0.0,0.0,1,0,0
[0 1 0 ... 0 0 1],47,"[26 55 48 26 30 47 26 47 27 24 43 43 47 43 48 30 47 26 47 26 27 16 27 24
 47 24 47 47 30 26 47  5  7 48 48 30 18 26 26  7 12 60 60 47 49 55 24 47
 47 47 24 27 12 26 43 47 57 47 55 57 47 18 18 26]","[16 27 48 49 27 47 26 47  7  7 27  7 47 43 43 27 47 16 47 26 48 18 30  7
 47  5 47 47 48 12 47 26 26 30 43 48 18 48 48  7 12 60 60 47 43 18 27 47
 47 47 57 43 12 24 24 47 57 47 55 48 47 12  5 60]",False,False,0.0,0.0,"[np.int64(58), np.int64(47), np.int64(24), np.int64(51), np.int64(54), np.int64(6), np.int64(17), np.int64(35), np.int64(34), np.int64(24), np.int64(23), np.int64(61), np.int64(24), np.int64(21), np.int64(58), np.int64(61), np.int64(38), np.int64(51), np.int64(60), np.int64(61), np.int64(35), np.int64(43), np.int64(45), np.int64(45), np.int64(0), np.int64(30), np.int64(42), np.int64(27), np.int64(54), np.int64(57), np.int64(58), np.int64(24), np.int64(36), np.int64(41), np.int64(31), np.int64(51), np.int64(24), np.int64(49), np.int64(46), np.int64(41), np.int64(7), np.int64(0), np.int64(7), np.int64(20), np.int64(44), np.int64(6), np.int64(14), np.int64(45), np.int64(54), np.int64(21), np.int64(14), np.int64(15), np.int64(22), np.int64(27), np.int64(7), np.int64(55), np.int64(18), np.int64(49), np.int64(0), np.int64(8), np.int64(32), np.int64(6), np.int64(28), np.int64(50)]","[np.int64(26), np.int64(41), np.int64(2), np.int64(35), np.int64(38), np.int64(60), np.int64(46), np.int64(54), np.int64(24), np.int64(7), np.int64(41), np.int64(40), np.int64(48), np.int64(50), np.int64(2), np.int64(37), np.int64(63), np.int64(25), np.int64(48), np.int64(38), np.int64(8), np.int64(24), np.int64(24), np.int64(0), np.int64(22), np.int64(44), np.int64(23), np.int64(12), np.int64(43), np.int64(31), np.int64(17), np.int64(7), np.int64(59), np.int64(45), np.int64(17), np.int64(40), np.int64(20), np.int64(35), np.int64(5), np.int64(60), np.int64(1), np.int64(42), np.int64(11), np.int64(63), np.int64(45), np.int64(10), np.int64(8), np.int64(15), np.int64(26), np.int64(35), np.int64(62), np.int64(45), np.int64(30), np.int64(48), np.int64(26), np.int64(61), np.int64(37), np.int64(13), np.int64(34), np.int64(44), np.int64(32), np.int64(1), np.int64(16), np.int64(23)]",False,False,0.0,0.0,"[16 27 57 55 16 47  7 47 27 24 43 24 47 43 16 30 47 43 47 26 48 48 30 16
 47 26 47 47 30 49 47 26  7 27 60 24 18 26 26 49 12 60 30 47 30 27 49 47
 47 47 24 49 12 55 43 47  5 47  7 48 47 60 26 26]","[26 26 48  7 30 47 26 47 12 24 43 24 47 43 43 30 47 26 47 26  7 49 27 24
 47 43 47 47 48 16 47 24 26 30 16 48 18 27 27 12 12 60 49 47 43 27 18 47
 47 47 24 27 57 30 43 47 48 47 43 48 47 60  5 60]",False,False,0.0,0.0,"[26 55 57 55 30 47 57 47 57 24 49 43 47 43 48 48 47 49 47 26 55 49 55 55
 47 43 47 47 55 55 47 60 57 60 48 60 49 60 48 55 24 60 55 47 49 55 49 47
 47 47 60 49 57 55 60 47 57 47 60 57 47 60 26 60]","[26 26 48 26 27 47 26 47  7 24 27 43 47 43 48 48 47 16 47 26 48 48 26 16
 47 12 47 47 30 12 47 24 26 30 12 48 18 48 48 12 12 60 30 47 30 27 18 47
 47 47 57 27 12 26 27 47 48 47 60 48 47 12  5 26]",False,False,0.109375,0.0,1.0,0.0,0.0,25,0,0,1.0,0.0,0.0,25,0,0,1.0,0.0,0.0,25,0,0,1.0,0.0,0.0,25,0,0,1.0,0.0,0.0,25,0,0,1.0,0.0,0.0,25,0,0,0.04,0.0,0.0,1,0,0,0.04,0.0,0.0,1,0,0
[0 0 0 ... 0 0 1],46,"[46  2 46 46 46 37 10 10 56 46 46 25  4  2 55 53 56 23  9 37 46  2 39 46
  3 46 56 46  9 34 46 56  3 55 46 46 39 46 55 46 30 56 37 30 53  4 46 39
 35  4 51 46 10 46 10 46 46 53 55 56 51 27  9 37]","[46  2 46 46 46 53 35  2 35 46 46  2  4  4 55 37 34 10  9 37 46 27  9 46
  3 46 39 46  9 34 46 30 27 30 46 46  2 46 37 46 56 55 20 30 55 10 46 39
 35  4 35 46 20 46 25 46 46 20 35 56  2 27  9 35]",False,False,0.0,0.0,"[np.int64(59), np.int64(15), np.int64(45), np.int64(5), np.int64(12), np.int64(14), np.int64(56), np.int64(29), np.int64(8), np.int64(52), np.int64(33), np.int64(61), np.int64(24), np.int64(61), np.int64(51), np.int64(44), np.int64(3), np.int64(24), np.int64(26), np.int64(25), np.int64(25), np.int64(26), np.int64(29), np.int64(1), np.int64(8), np.int64(31), np.int64(56), np.int64(15), np.int64(28), np.int64(55), np.int64(30), np.int64(4), np.int64(16), np.int64(43), np.int64(11), np.int64(11), np.int64(23), np.int64(54), np.int64(33), np.int64(7), np.int64(32), np.int64(21), np.int64(27), np.int64(17), np.int64(13), np.int64(23), np.int64(8), np.int64(44), np.int64(56), np.int64(56), np.int64(26), np.int64(24), np.int64(49), np.int64(45), np.int64(20), np.int64(48), np.int64(40), np.int64(48), np.int64(23), np.int64(14), np.int64(43), np.int64(54), np.int64(53), np.int64(45)]","[np.int64(51), np.int64(36), np.int64(42), np.int64(31), np.int64(32), np.int64(42), np.int64(63), np.int64(27), np.int64(56), np.int64(1), np.int64(39), np.int64(45), np.int64(19), np.int64(10), np.int64(11), np.int64(4), np.int64(43), np.int64(52), np.int64(6), np.int64(3), np.int64(30), np.int64(38), np.int64(20), np.int64(30), np.int64(10), np.int64(35), np.int64(42), np.int64(25), np.int64(48), np.int64(7), np.int64(0), np.int64(31), np.int64(14), np.int64(26), np.int64(30), np.int64(45), np.int64(26), np.int64(33), np.int64(61), np.int64(20), np.int64(30), np.int64(3), np.int64(26), np.int64(8), np.int64(26), np.int64(1), np.int64(29), np.int64(54), np.int64(27), np.int64(50), np.int64(51), np.int64(19), np.int64(28), np.int64(30), np.int64(8), np.int64(29), np.int64(15), np.int64(30), np.int64(13), np.int64(16), np.int64(15), np.int64(33), np.int64(32), np.int64(11)]",False,False,0.0,0.0,"[46  2 46 46 46 37 10 51 56 46 46 53 37  4 55 35 55 10  0 39 46 20 23 46
 34 46 51 46  9 34 46 56  3 53 46 46 30 46 51 46 30 55  4 27 55 55 46  9
 56 53 51 46 20 46  9 46 46 20 25 56 23 20 37 37]","[46 56 46 46 46 53 56 10  9 46 46  3 37  2 27 25 34  4  9 37 46 27 30 46
 56 46 51 46 35 10 46 55  9 10 46 46 51 46 55 46 10 55 10  9 55  4 46 39
  9 23  9 46  4 46  9 46 46 25 55 25  4 20 53 35]",False,False,0.0,0.0,"[46 56 46 46 46 53 56 51 56 46 46 53 37 55 55 53 56 23 25 39 46 34 55 46
 56 46 56 46 35 34 46 56 34 55 46 46 51 46 55 46 51 56 37 53 55 55 46 53
 56 53 56 46 27 46 55 46 46 55 55 56 56 27 53 56]","[46 34 46 46 46  9 35 20  4 46 46  2  4  2 27 35 27  9  9 39 46  0  9 46
  3 46  9 46  9 10 46 30  9  2 46 46  2 46  4 46 10 23 10 20 55 10 46  9
 35 23  9 46 10 46  9 46 46 20 10 10  4 27  9 35]",False,False,0.109375,0.0,1.0,0.0,0.0,25,0,0,1.0,0.0,0.0,25,0,0,1.0,0.0,0.0,25,0,0,1.0,0.0,0.0,25,0,0,1.0,0.0,0.0,25,0,0,1.0,0.0,0.0,25,0,0,0.04,0.0,0.0,1,0,0,0.04,0.0,0.0,1,0,0
[0 0 0 ... 0 0 1],46,"[46 56 46 46 46 34 10 10  3 46 46 25 37 35 27 53 34  4 25 39 46 37 34 46
  3 46 30 46 35 10 46 56 20 55 46 46  2 46 55 46 56 55  4 27 53 23 46 39
 35 39 35 46 27 46 25 46 46 35 55 10 51 20 53 37]","[46 56 46 46 46 53 56 10  4 46 46 25 37 35 51 37 27 10  9 39 46  0 23 46
 56 46  9 46 35 34 46 55 20 53 46 46  2 46  4 46 10 23 10  9 55 34 46  9
 35 20 56 46 20 46 23 46 46 35 35 56 56 27 37 37]",False,False,0.0,0.0,"[np.int64(15), np.int64(8), np.int64(46), np.int64(8), np.int64(38), np.int64(44), np.int64(41), np.int64(6), np.int64(59), np.int64(16), np.int64(62), np.int64(59), np.int64(60), np.int64(1), np.int64(3), np.int64(44), np.int64(7), np.int64(24), np.int64(60), np.int64(48), np.int64(15), np.int64(50), np.int64(17), np.int64(8), np.int64(62), np.int64(25), np.int64(33), np.int64(25), np.int64(6), np.int64(26), np.int64(46), np.int64(16), np.int64(24), np.int64(1), np.int64(58), np.int64(33), np.int64(41), np.int64(62), np.int64(56), np.int64(30), np.int64(56), np.int64(3), np.int64(61), np.int64(20), np.int64(34), np.int64(32), np.int64(25), np.int64(50), np.int64(53), np.int64(32), np.int64(3), np.int64(15), np.int64(31), np.int64(29), np.int64(32), np.int64(24), np.int64(5), np.int64(23), np.int64(23), np.int64(53), np.int64(12), np.int64(51), np.int64(31), np.int64(61)]","[np.int64(63), np.int64(25), np.int64(61), np.int64(48), np.int64(32), np.int64(17), np.int64(20), np.int64(39), np.int64(25), np.int64(17), np.int64(46), np.int64(56), np.int64(13), np.int64(42), np.int64(52), np.int64(29), np.int64(33), np.int64(35), np.int64(6), np.int64(17), np.int64(53), np.int64(59), np.int64(38), np.int64(37), np.int64(38), np.int64(16), np.int64(28), np.int64(44), np.int64(3), np.int64(54), np.int64(5), np.int64(44), np.int64(18), np.int64(6), np.int64(0), np.int64(6), np.int64(37), np.int64(60), np.int64(21), np.int64(57), np.int64(40), np.int64(45), np.int64(11), np.int64(21), np.int64(60), np.int64(23), np.int64(60), np.int64(37), np.int64(46), np.int64(61), np.int64(59), np.int64(30), np.int64(44), np.int64(3), np.int64(60), np.int64(10), np.int64(21), np.int64(7), np.int64(38), np.int64(52), np.int64(6), np.int64(37), np.int64(51), np.int64(9)]",False,False,0.0,0.0,"[46  2 46 46 46 37 56 30  4 46 46 51 37  3 51 53 27 25 25 39 46 34 34 46
  2 46 56 46  9 34 46 30 34 55 46 46 25 46  4 46 51 37  4 30 55 55 46 53
 56 23  9 46 20 46  4 46 46 20 35 25 30 27  9  9]","[46 20 46 46 46 53 56 10  9 46 46 25  4  3 55 25 27  9  0 39 46  0 23 46
 34 46  9 46  9 10 46 56 20 35 46 46 35 46 55 46 51 37  4 10 55  4 46 53
 20  4 56 46 20 46  4 46 46 35 55 23 51 20  9 37]",False,False,0.0,0.0,"[46 56 46 46 46 53 56 51 56 46 46 53 37 55 55 53 56 23 25 39 46 34 55 46
 56 46 56 46 35 34 46 56 34 55 46 46 51 46 55 46 51 56 37 53 55 55 46 53
 56 53 56 46 27 46 55 46 46 55 55 56 56 27 53 56]","[46 34 46 46 46  9 35 20  4 46 46  2  4  2 27 35 27  9  9 39 46  0  9 46
  3 46  9 46  9 10 46 30  9  2 46 46  2 46  4 46 10 23 10 20 55 10 46  9
 35 23  9 46 10 46  9 46 46 20 10 10  4 27  9 35]",False,False,0.109375,0.0,1.0,0.0,0.0,25,0,0,1.0,0.0,0.0,25,0,0,1.0,0.0,0.0,25,0,0,1.0,0.0,0.0,25,0,0,1.0,0.0,0.0,25,0,0,1.0,0.0,0.0,25,0,0,0.04,0.0,0.0,1,0,0,0.04,0.0,0.0,1,0,0
[0 1 0 ... 0 0 0],23,"[39 10  3 23 23 34 23 23 36 48 23 23 36 11 39 47 23 48  4 35 23 16 36 23
 60 39 60 34 35  7 42 34  7  3 23 23 23  4 43 23 16 43 23 23  6 39 39 23
 23 47 11 35 43  6 34 16 47 16 42 47 23 11 36  7]","[39 39 48 23 23 10 23 23 35 48 23 23 47 11 35 42 23 20 48 34 23 16 43 23
 60 39 36 42 35 47 34 11  7 16 23 23 23 11  7 23 47 43 23 23 48 11 48 23
 23 48 36  3 10 20 47 10  4  6 10  6 23 11  4 39]",False,False,0.0,0.0,"[np.int64(50), np.int64(50), np.int64(13), np.int64(10), np.int64(11), np.int64(56), np.int64(39), np.int64(63), np.int64(41), np.int64(29), np.int64(58), np.int64(3), np.int64(59), np.int64(0), np.int64(27), np.int64(40), np.int64(23), np.int64(33), np.int64(51), np.int64(13), np.int64(46), np.int64(22), np.int64(57), np.int64(59), np.int64(49), np.int64(60), np.int64(59), np.int64(59), np.int64(1), np.int64(3), np.int64(45), np.int64(27), np.int64(45), np.int64(51), np.int64(13), np.int64(15), np.int64(19), np.int64(50), np.int64(41), np.int64(1), np.int64(41), np.int64(46), np.int64(35), np.int64(21), np.int64(50), np.int64(45), np.int64(43), np.int64(44), np.int64(8), np.int64(33), np.int64(55), np.int64(10), np.int64(31), np.int64(44), np.int64(39), np.int64(27), np.int64(33), np.int64(38), np.int64(58), np.int64(3), np.int64(61), np.int64(53), np.int64(60), np.int64(50)]","[np.int64(61), np.int64(12), np.int64(41), np.int64(18), np.int64(19), np.int64(45), np.int64(54), np.int64(62), np.int64(42), np.int64(61), np.int64(29), np.int64(34), np.int64(12), np.int64(46), np.int64(50), np.int64(35), np.int64(2), np.int64(6), np.int64(26), np.int64(1), np.int64(60), np.int64(54), np.int64(23), np.int64(36), np.int64(62), np.int64(37), np.int64(61), np.int64(58), np.int64(50), np.int64(12), np.int64(23), np.int64(24), np.int64(41), np.int64(33), np.int64(60), np.int64(56), np.int64(53), np.int64(4), np.int64(4), np.int64(42), np.int64(55), np.int64(43), np.int64(1), np.int64(35), np.int64(36), np.int64(31), np.int64(40), np.int64(55), np.int64(19), np.int64(61), np.int64(51), np.int64(21), np.int64(12), np.int64(59), np.int64(55), np.int64(35), np.int64(46), np.int64(31), np.int64(53), np.int64(2), np.int64(34), np.int64(50), np.int64(3), np.int64(57)]",False,False,0.0,0.0,"[39 10  3 23 23 47 23 23  4  3 23 23 47 11 42 42 23 20 35 34 23 60 10 23
 42 35 35 16  6 47 36 42  4 20 23 23 23 11  4 23 16 34 23 23  7 36 48 23
 23 48 43 35 43 20 47 20 47 60 42 10 23 36 35  7]","[ 7 10  3 23 23 39 23 23 43 48 23 23 60 11 39 11 23 48 43 34 23 60 10 23
 42 43 10 42  6  3 42 11  7  7 23 23 23 11  7 23 16 16 23 23 39 11 35 23
 23 48  6  3 10  6 42 20  3 60 42 35 23 11 16 42]",False,False,0.0,0.0,"[42 39 48 23 23 47 23 23 39 48 23 23 60 11 42 47 23 48 48 35 23 60 43 23
 60 43 60 42 48 47 42 42  7 42 23 23 23 11 43 23 47 43 23 23 48 43 48 23
 23 48 48 39 43 48 47 43 47 60 42 47 23 47 36 47]","[ 7 10 48 23 23 10 23 23 43 48 23 23 35 11 42 42 23 48  7  4 23 60 43 23
 42 35 11 43 35  7 42 11  7 35 23 23 23 11  7 23 16 43 23 23  7 11 16 23
 23 48 35  7 43 10 42 10 42 10 10 35 23 11 16  7]",False,False,0.109375,0.0,1.0,0.0,0.0,25,0,0,1.0,0.0,0.0,25,0,0,1.0,0.0,0.0,25,0,0,1.0,0.0,0.0,25,0,0,1.0,0.0,0.0,25,0,0,1.0,0.0,0.0,25,0,0,0.04,0.0,0.0,1,0,0,0.04,0.0,0.0,1,0,0
[0 0 0 ... 1 0 1],10,"[10 38 44 16 14 47 20 10 20 16 10 57 20 47 10  0 10 10 25 47 10 57 10 16
 22 10 10 47 59 10 16 17 38 57 43 54 10 47 10  7 16 54 57 10 10 14 17 10
 10 57 43 26 44 54 10 17 26 10 47 10 20  0 26  7]","[10 16 22 29 48 20 48 10 54 22 10 57 16 43 10 59 10 10 57 59 10 44 10 36
 14 10 10 25 59 10 25 17 36 29 20 59 10 38 10 26 16 54 44 10 10 44 29 10
 10 57 20 22 36 26 10 17 54 10 25 10 59 16 14 29]",False,False,0.0,0.0,"[np.int64(31), np.int64(25), np.int64(5), np.int64(11), np.int64(60), np.int64(38), np.int64(11), np.int64(7), np.int64(54), np.int64(38), np.int64(36), np.int64(32), np.int64(36), np.int64(26), np.int64(63), np.int64(21), np.int64(40), np.int64(25), np.int64(24), np.int64(20), np.int64(29), np.int64(33), np.int64(48), np.int64(31), np.int64(48), np.int64(30), np.int64(63), np.int64(10), np.int64(26), np.int64(15), np.int64(26), np.int64(0), np.int64(29), np.int64(23), np.int64(20), np.int64(48), np.int64(12), np.int64(32), np.int64(12), np.int64(17), np.int64(18), np.int64(47), np.int64(25), np.int64(20), np.int64(37), np.int64(51), np.int64(10), np.int64(3), np.int64(21), np.int64(62), np.int64(15), np.int64(0), np.int64(36), np.int64(8), np.int64(17), np.int64(7), np.int64(16), np.int64(50), np.int64(1), np.int64(2), np.int64(9), np.int64(33), np.int64(9), np.int64(5)]","[np.int64(19), np.int64(5), np.int64(35), np.int64(22), np.int64(38), np.int64(18), np.int64(48), np.int64(53), np.int64(48), np.int64(52), np.int64(40), np.int64(63), np.int64(35), np.int64(31), np.int64(59), np.int64(14), np.int64(53), np.int64(2), np.int64(23), np.int64(47), np.int64(54), np.int64(20), np.int64(16), np.int64(61), np.int64(45), np.int64(51), np.int64(2), np.int64(24), np.int64(44), np.int64(48), np.int64(52), np.int64(18), np.int64(5), np.int64(18), np.int64(20), np.int64(47), np.int64(0), np.int64(43), np.int64(15), np.int64(8), np.int64(15), np.int64(58), np.int64(62), np.int64(12), np.int64(51), np.int64(9), np.int64(19), np.int64(8), np.int64(54), np.int64(8), np.int64(33), np.int64(51), np.int64(55), np.int64(19), np.int64(17), np.int64(63), np.int64(31), np.int64(57), np.int64(3), np.int64(27), np.int64(60), np.int64(17), np.int64(14), np.int64(25)]",False,False,0.0,0.0,"[10 57 22 43 17 48 20 10 54 16 10 14 57 43 10 25 10 10 16 59 10 54 10 14
 25 10 10 25 57 10 44 25 36 29 43 54 10 47 10  7 26 29 20 10 10 26 17 10
 10 17 48 16 47 17 10 57 26 10 25 10 29  0 26 20]","[10 57 22 43 48 48 48 10 54  7 10 26 16 44 10 59 10 10 48 29 10 57 10  7
 22 10 10 25  0 10 16 25 38 29 20 59 10 29 10 26 54 43 22 10 10 14 29 10
 10 57 16 22 22 29 10 57 43 10 47 10 57 57 17  7]",False,False,0.0,0.0,"[10 54 44 57 59 48 57 10 54 48 10 57 57 47 10 59 10 10 57 59 10 54 10 36
 25 10 10 54 57 10 54 47 47 57 43 54 10 47 10 54 54 54 57 10 10 44 57 10
 10 57 54 47 47 54 10 57 54 10 59 10 59 59 43 29]","[10 54 44 29 59 48 48 10 54 22 10 57 57 44 10 59 10 10 44 59 10 57 10  7
 25 10 10 54 59 10 48 25 38 29  7 59 10 29 10  7 29 22 57 10 10 26 29 10
 10 57 48 22 22 26 10 57 26 10 59 10 59 59 22 29]",False,False,0.109375,0.0,1.0,0.0,0.0,25,0,0,1.0,0.0,0.0,25,0,0,1.0,0.0,0.0,25,0,0,1.0,0.0,0.0,25,0,0,1.0,0.0,0.0,25,0,0,1.0,0.0,0.0,25,0,0,0.04,0.0,0.0,1,0,0,0.04,0.0,0.0,1,0,0
[1 1 1 ... 0 0 0],41,"[31  3 35 41 60 35 41 59 60 41 13 59 41 41 35  6 60 13 35  6 59 61 47 12
 13 35 41  3  3 35 61 12 61  9 61 41 26 13  6 59 41 41 47 59 41  3 40 41
 60 13  9 59 63 47 44 12 63 47 59 41 41 41 40 41]","[16 47 12 41 35  6 41 26  6 41 13 13 41 41 13  3 12 12 12  9 40 59 40 12
 63 35 41 26  3 35 35 61 61 60 61 41  3 13  3  9 41 41 35 59 41  3 40 41
  6 13  9  6 35 12  9 26  9 60 12 41 41 41 35 41]",False,False,0.0,0.0,"[np.int64(8), np.int64(14), np.int64(51), np.int64(62), np.int64(30), np.int64(39), np.int64(59), np.int64(32), np.int64(19), np.int64(32), np.int64(44), np.int64(34), np.int64(31), np.int64(2), np.int64(41), np.int64(3), np.int64(49), np.int64(43), np.int64(27), np.int64(49), np.int64(34), np.int64(5), np.int64(48), np.int64(48), np.int64(2), np.int64(45), np.int64(61), np.int64(54), np.int64(0), np.int64(38), np.int64(33), np.int64(0), np.int64(4), np.int64(9), np.int64(53), np.int64(60), np.int64(62), np.int64(3), np.int64(7), np.int64(1), np.int64(22), np.int64(34), np.int64(1), np.int64(19), np.int64(17), np.int64(60), np.int64(63), np.int64(24), np.int64(40), np.int64(48), np.int64(42), np.int64(11), np.int64(26), np.int64(22), np.int64(24), np.int64(49), np.int64(11), np.int64(34), np.int64(35), np.int64(39), np.int64(27), np.int64(40), np.int64(13), np.int64(51)]","[np.int64(37), np.int64(29), np.int64(46), np.int64(63), np.int64(42), np.int64(7), np.int64(55), np.int64(60), np.int64(32), np.int64(17), np.int64(11), np.int64(18), np.int64(46), np.int64(8), np.int64(21), np.int64(40), np.int64(16), np.int64(15), np.int64(9), np.int64(43), np.int64(52), np.int64(54), np.int64(19), np.int64(47), np.int64(9), np.int64(28), np.int64(57), np.int64(18), np.int64(3), np.int64(8), np.int64(51), np.int64(10), np.int64(2), np.int64(31), np.int64(63), np.int64(45), np.int64(60), np.int64(8), np.int64(30), np.int64(9), np.int64(26), np.int64(48), np.int64(52), np.int64(37), np.int64(59), np.int64(63), np.int64(30), np.int64(45), np.int64(56), np.int64(54), np.int64(5), np.int64(30), np.int64(27), np.int64(33), np.int64(25), np.int64(1), np.int64(28), np.int64(37), np.int64(2), np.int64(63), np.int64(9), np.int64(21), np.int64(32), np.int64(0)]",False,False,0.0,0.0,"[ 5  3 40 41  3 35 41 59 60 41 63 44 41 41  3  6  3 13 12 26 59 61 47 12
 63 40 41  6  6 12 47 61 61 60 61 41  3 26 13 47 41 41 35 40 41  3 40 41
 35 13 44 63 63 47 60  3 35 47 59 41 41 41 60 41]","[34 47 12 41 60 13 41  3  6 41  9 13 41 41 60 47 35 26 35  3 59 44 40 12
 13 60 41  3  6 12 47 61 61 61 61 41 26 13 12  9 41 41 47 35 41  3 40 41
 35 13  9  6 35  3 44 40 40 47 12 41 41 41 26 41]",False,False,0.0,0.0,"[53 47 47 41 63 35 41 59 60 41 63 59 41 41 60 47 63 26 35 44 59 61 47 12
 63 63 41 40  6 35 61 61 61 61 61 41 26 44 47 59 41 41 60 59 41  3 40 41
 60 63 59 59 63 47 60 40 63 60 59 41 41 41 60 41]","[ 1  9 40 41 60  6 41  6  6 41 63 13 41 41 13  6 12 26 12  3 59 61 40 12
 63 60 41  3  6 12 61 61 61 61 61 41 26 26  6 47 41 41 60 35 41  3 40 41
  6 13 44  6 63 12 60 26  9 60 12 41 41 41 60 41]",False,False,0.109375,0.0,1.0,0.0,0.0,25,0,0,1.0,0.0,0.0,25,0,0,1.0,0.0,0.0,25,0,0,1.0,0.0,0.0,25,0,0,1.0,0.0,0.0,25,0,0,1.0,0.0,0.0,25,0,0,0.04,0.0,0.0,1,0,0,0.04,0.0,0.0,1,0,0
[1 0 0 ... 0 0 1],14,"[58 23 14 59 55 54 54 46 30 38 36 59 59 59 14 36 14 20 46 54 14 20 58 58
 57 54 47 16 16 20 14 59 59 59 20 54 14 54 14 58 54 59 46 46  2  2 14 55
 58 38 36 58 36 58 14 14 36 30 14 14 55 46  2 30]","[38 60 14 59 54 54 16 36 30 58 36 59 59 20 14 36 14 58 46 54 14 54 58 36
 22 36  9 16 38 46 14 36 38 36 20 54 14 54 14 54 54 59 46 36 38 30 14 38
 58 36 59 58 36 30 14 14 36 20 14 14 55 46 58 46]",False,False,0.0,0.0,"[np.int64(54), np.int64(1), np.int64(35), np.int64(60), np.int64(52), np.int64(42), np.int64(27), np.int64(61), np.int64(49), np.int64(34), np.int64(13), np.int64(33), np.int64(26), np.int64(37), np.int64(24), np.int64(49), np.int64(24), np.int64(40), np.int64(8), np.int64(51), np.int64(9), np.int64(3), np.int64(55), np.int64(39), np.int64(13), np.int64(36), np.int64(13), np.int64(25), np.int64(50), np.int64(28), np.int64(60), np.int64(15), np.int64(61), np.int64(35), np.int64(53), np.int64(45), np.int64(10), np.int64(52), np.int64(12), np.int64(0), np.int64(35), np.int64(53), np.int64(56), np.int64(20), np.int64(2), np.int64(5), np.int64(40), np.int64(8), np.int64(43), np.int64(57), np.int64(22), np.int64(0), np.int64(28), np.int64(20), np.int64(55), np.int64(3), np.int64(43), np.int64(33), np.int64(50), np.int64(29), np.int64(2), np.int64(22), np.int64(5), np.int64(37)]","[np.int64(5), np.int64(34), np.int64(54), np.int64(62), np.int64(47), np.int64(17), np.int64(27), np.int64(56), np.int64(51), np.int64(20), np.int64(22), np.int64(14), np.int64(6), np.int64(26), np.int64(50), np.int64(42), np.int64(0), np.int64(22), np.int64(9), np.int64(22), np.int64(46), np.int64(7), np.int64(49), np.int64(63), np.int64(44), np.int64(55), np.int64(56), np.int64(3), np.int64(37), np.int64(8), np.int64(54), np.int64(7), np.int64(39), np.int64(48), np.int64(21), np.int64(33), np.int64(61), np.int64(38), np.int64(40), np.int64(24), np.int64(54), np.int64(32), np.int64(56), np.int64(9), np.int64(60), np.int64(4), np.int64(24), np.int64(47), np.int64(61), np.int64(2), np.int64(25), np.int64(57), np.int64(53), np.int64(58), np.int64(60), np.int64(35), np.int64(9), np.int64(41), np.int64(59), np.int64(4), np.int64(0), np.int64(28), np.int64(9), np.int64(31)]",False,False,0.0,0.0,"[46 12 14 59 55 55 16 16 59 16 36  2 59 59 14 54 14 58 46 54 14 30 58 30
 13 36  9 16 38 20 14 59 30 38 46 16 14 58 14 16 55 30 55 46  2  2 14 38
 58 16 36 59 36 59 14 14 16 46 14 14 55 46 38 30]","[46 35 14 59 54 54  2 36 30 38  2 59 38 36 14 54 14 20 38 54 14 16 58 58
 18 58  9 16 38 20 14 36  2 38 20 54 14 54 14 54 20  2 46 36 38  2 14 38
 58 54 59 58 54 59 14 14 36 20 14 14 55 46 38 55]",False,False,0.0,0.0,"[58 56 14 59 55 55 54 54 59 58 55 59 59 59 14 58 14 58 59 55 14 54 58 58
 63 58 61 16 38 46 14 59 59 59 46 54 14 58 14 58 54 58 55 36 38 58 14 55
 58 54 54 58 54 59 14 14 55 46 14 14 55 46 58 55]","[46  9 14 59 20 54 54 46 59 38  2 59 46 36 14 54 14 20 54 54 14 54  2 36
 18 36  9 16 38 46 14 36 54 38 46 16 14 54 14 54 36 59 46 46  2 58 14 38
 58 54 54 59 46 59 14 14 36 46 14 14 55 46 38 46]",False,False,0.109375,0.0,1.0,0.0,0.0,25,0,0,1.0,0.0,0.0,25,0,0,1.0,0.0,0.0,25,0,0,1.0,0.0,0.0,25,0,0,1.0,0.0,0.0,25,0,0,1.0,0.0,0.0,25,0,0,0.04,0.0,0.0,1,0,0,0.04,0.0,0.0,1,0,0
[1 0 0 ... 1 1 1],46,"[43 24 46 49 46 46 13 17  5 13 48 54 24 46 46 14 18 46 46 26  4 31 48 14
 46 48 46 46 49 18 50 46 54 48 13  2 27  5  5 54 14  4  2 46  5 49 46 54
 46 46 48 49 14  5 46 14 31 18 54 43 49  4 14 31]","[ 5  5 46 43 46 46 13 17  5 17 24 26 26 46 46 24  5 46 46 43 13  2 49 13
 46  2 46 46 13 54 57 46 26 26 49 14 54 18 54 54 27 14  2 46  5 49 46  4
 46 46 18 13 14 27 46  4  5 24  2 43 43 14 14 13]",False,False,0.0,0.0,"[np.int64(14), np.int64(21), np.int64(22), np.int64(26), np.int64(46), np.int64(55), np.int64(34), np.int64(63), np.int64(51), np.int64(39), np.int64(35), np.int64(39), np.int64(35), np.int64(18), np.int64(29), np.int64(43), np.int64(4), np.int64(17), np.int64(11), np.int64(51), np.int64(34), np.int64(44), np.int64(39), np.int64(22), np.int64(50), np.int64(9), np.int64(50), np.int64(2), np.int64(43), np.int64(21), np.int64(56), np.int64(36), np.int64(12), np.int64(38), np.int64(34), np.int64(47), np.int64(45), np.int64(51), np.int64(18), np.int64(29), np.int64(25), np.int64(11), np.int64(47), np.int64(59), np.int64(2), np.int64(15), np.int64(30), np.int64(24), np.int64(41), np.int64(39), np.int64(59), np.int64(27), np.int64(15), np.int64(47), np.int64(58), np.int64(45), np.int64(27), np.int64(48), np.int64(40), np.int64(30), np.int64(42), np.int64(12), np.int64(35), np.int64(53)]","[np.int64(35), np.int64(25), np.int64(54), np.int64(46), np.int64(1), np.int64(52), np.int64(10), np.int64(14), np.int64(38), np.int64(1), np.int64(57), np.int64(49), np.int64(44), np.int64(21), np.int64(30), np.int64(32), np.int64(33), np.int64(56), np.int64(36), np.int64(61), np.int64(62), np.int64(17), np.int64(49), np.int64(49), np.int64(43), np.int64(43), np.int64(56), np.int64(11), np.int64(46), np.int64(58), np.int64(26), np.int64(41), np.int64(34), np.int64(18), np.int64(27), np.int64(31), np.int64(32), np.int64(19), np.int64(19), np.int64(26), np.int64(30), np.int64(59), np.int64(11), np.int64(35), np.int64(21), np.int64(31), np.int64(23), np.int64(38), np.int64(19), np.int64(2), np.int64(45), np.int64(33), np.int64(9), np.int64(37), np.int64(33), np.int64(59), np.int64(50), np.int64(2), np.int64(19), np.int64(39), np.int64(41), np.int64(60), np.int64(47), np.int64(55)]",False,False,0.0,0.0,"[27  5 46 17 46 46 13 17 31 17 26 24 49 46 46 24 18 46 46 26 13 43 31 14
 46 48 46 46 54 49 41 46 14 26 17  5  4 24 31 54 14  4 24 46  5  2 46 54
 46 46 18 26 14 27 46 13 31  4  2 43 49 17 43 24]","[ 5  4 46 43 46 46 17 17  5 17 26 54 49 46 46 14  5 46 46 43 14  2 49 13
 46  2 46 46 49 18 57 46 26 24 43 13  2 18 54 54 27  4 24 46  5 49 46  4
 46 46 18 49 14  5 46 14 31 14 54 13 43  2 24 13]",False,False,0.0,0.0,"[43 24 46 49 46 46 48 31 48 17 48 54 49 46 46 24 18 46 46 48 14 43 48 18
 46 48 46 46 54 54 61 46 54 48 49 48 54 27 54 54 27 31 24 46  5 49 46 54
 46 46 48 48 43 27 46 14 31 48 54 43 49 49 49 31]","[ 5  5 46 43 46 46 13 13 31 17 24 24 49 46 46 14  5 46 46 43 14  2 49 14
 46  5 46 46 49 43  3 46 14 26 49 13  2 13 13 54 14 14 14 46  5 49 46 54
 46 46  2 49 14 18 46 14  5 14  2 13 43 14 49 13]",True,False,0.109375,0.0,1.0,0.0,0.0,25,0,0,1.0,0.0,0.0,25,0,0,1.0,0.0,0.0,25,0,0,1.0,0.0,0.0,25,0,0,1.0,0.0,0.0,25,0,0,1.0,0.0,0.0,25,0,0,0.04,1.0,1.0,1,1,25,0.04,0.0,0.0,1,0,0
[1 0 0 ... 0 0 0],59,"[ 5 15  8  5  5 59 41 59 59 51 11 59 49 59 13 59 23 53 49 51 13 11 58 59
 53 59 53 53 51 11  8 32 59  7 41 32 25 51 59 53 11 59 51 11 59 11  8 23
  5 59  5 59  8 59 32 51  7 23 41 59 38 32  7 32]","[15 23 49 38 38 59 41 59 59  5 11 59 11 59 13 59 23 44 49 51 51  8  9 59
 53 59 25  8 51 11 49 32 59 25 53 51 25 23 59 11 25 59 51  7 59 25  8 15
  5 59 23 59 15 59 13 23 23  5 41 59 44 25  7 32]",False,False,0.0,0.0,"[np.int64(41), np.int64(55), np.int64(43), np.int64(4), np.int64(4), np.int64(52), np.int64(9), np.int64(10), np.int64(5), np.int64(52), np.int64(0), np.int64(3), np.int64(25), np.int64(36), np.int64(12), np.int64(5), np.int64(1), np.int64(13), np.int64(42), np.int64(29), np.int64(27), np.int64(60), np.int64(58), np.int64(23), np.int64(46), np.int64(24), np.int64(1), np.int64(3), np.int64(51), np.int64(8), np.int64(47), np.int64(43), np.int64(58), np.int64(29), np.int64(60), np.int64(28), np.int64(51), np.int64(60), np.int64(29), np.int64(26), np.int64(29), np.int64(27), np.int64(54), np.int64(15), np.int64(20), np.int64(58), np.int64(3), np.int64(28), np.int64(23), np.int64(16), np.int64(51), np.int64(20), np.int64(20), np.int64(22), np.int64(12), np.int64(8), np.int64(12), np.int64(5), np.int64(0), np.int64(16), np.int64(56), np.int64(21), np.int64(16), np.int64(12)]","[np.int64(57), np.int64(3), np.int64(29), np.int64(37), np.int64(10), np.int64(34), np.int64(39), np.int64(27), np.int64(25), np.int64(47), np.int64(13), np.int64(55), np.int64(59), np.int64(61), np.int64(62), np.int64(34), np.int64(19), np.int64(55), np.int64(49), np.int64(13), np.int64(34), np.int64(12), np.int64(25), np.int64(45), np.int64(62), np.int64(28), np.int64(15), np.int64(33), np.int64(62), np.int64(17), np.int64(42), np.int64(55), np.int64(42), np.int64(7), np.int64(63), np.int64(19), np.int64(30), np.int64(52), np.int64(0), np.int64(18), np.int64(35), np.int64(31), np.int64(58), np.int64(54), np.int64(37), np.int64(17), np.int64(10), np.int64(48), np.int64(16), np.int64(9), np.int64(3), np.int64(22), np.int64(46), np.int64(15), np.int64(17), np.int64(50), np.int64(11), np.int64(49), np.int64(10), np.int64(27), np.int64(11), np.int64(61), np.int64(35), np.int64(37)]",False,False,0.0,0.0,"[32  7 23 53 32 59 41 59 59  5  7 59 51 59 49 59 25 44 49 51 53 11 58 59
 44 59 53  8  7 11  8 32 59 25 41 38 32 49 59  7 41 59 51 11 59 13  8 32
  5 59 49 59  8 59 41 51  7  5 41 59 44 25 32 32]","[32 15  8 15 49 59  7 59 59 51 11 59 44 59 13 59 25 25 49 51  5  8 50 59
  5 59 53 41 51 11 11 32 59 38 53 32  7 13 59 32 11 59 51  7 59 25 41 15
  5 59 13 59  8 59 13 51 23 53 41 59 38 32 49 25]",False,False,0.0,0.0,"[32 23 49 53 49 59 41 59 59 51 51 59 53 59 49 59 23 53 49 51 53 11 50 59
 53 59 53 51 51 11 49 38 59 49 53 51 41 51 59 51 51 59 51 53 59 51 41 49
  5 59 49 59 41 59 41 51 23 53 41 59 44 49 49 25]","[ 5 15  8  5  5 59 32 59 59  5 51 59 11 59 13 59 15 25 49 38  5  8 57 59
  5 59 25 13 51 11 11 32 59 38 25 15 25 13 59 32 25 59 51 11 59 25  8 15
  5 59 49 59 15 59 13 51  7  5 41 59 38 25 32 25]",False,False,0.109375,0.0,1.0,0.0,0.0,25,0,0,1.0,0.0,0.0,25,0,0,1.0,0.0,0.0,25,0,0,1.0,0.0,0.0,25,0,0,1.0,0.0,0.0,25,0,0,1.0,0.0,0.0,25,0,0,0.04,0.0,0.0,1,0,0,0.04,0.0,0.0,1,0,0
[0 0 0 ... 1 1 0],33,"[51 30 17 26 17 48 33 51 43 10 33 32 33 43 33 14 32 33 25 30 54 25 43 30
 43 33 33 33  6 14 33 33 33 33 14 48 10 48 33 17 25 31  6 33 33 54 25 31
 33 54 48 33 27 48 33 32 33 56 30 30 25 48 48 51]","[27 25 14 17 54 32 33 43 43 48 33 32 33 43 33 32 32 33 43 44 14 26 26 31
 43 33 33 33 48 14 33 33 33 33 27 31 54 48 33 17 14 31  6 33 33 54 32 26
 33 56 48 33 12 54 33 32 33 27 30 51 25 30 48 51]",False,False,0.0,0.0,"[np.int64(6), np.int64(27), np.int64(43), np.int64(0), np.int64(53), np.int64(20), np.int64(19), np.int64(17), np.int64(57), np.int64(41), np.int64(23), np.int64(11), np.int64(35), np.int64(11), np.int64(57), np.int64(49), np.int64(58), np.int64(16), np.int64(61), np.int64(35), np.int64(48), np.int64(14), np.int64(33), np.int64(42), np.int64(36), np.int64(52), np.int64(54), np.int64(33), np.int64(7), np.int64(38), np.int64(32), np.int64(52), np.int64(3), np.int64(45), np.int64(63), np.int64(14), np.int64(12), np.int64(30), np.int64(57), np.int64(48), np.int64(6), np.int64(57), np.int64(41), np.int64(53), np.int64(22), np.int64(1), np.int64(55), np.int64(58), np.int64(60), np.int64(50), np.int64(52), np.int64(12), np.int64(33), np.int64(41), np.int64(53), np.int64(48), np.int64(51), np.int64(57), np.int64(58), np.int64(36), np.int64(6), np.int64(14), np.int64(5), np.int64(5)]","[np.int64(30), np.int64(39), np.int64(5), np.int64(32), np.int64(1), np.int64(14), np.int64(6), np.int64(63), np.int64(17), np.int64(8), np.int64(47), np.int64(31), np.int64(60), np.int64(19), np.int64(54), np.int64(44), np.int64(14), np.int64(9), np.int64(42), np.int64(7), np.int64(60), np.int64(40), np.int64(9), np.int64(46), np.int64(29), np.int64(61), np.int64(54), np.int64(56), np.int64(10), np.int64(31), np.int64(6), np.int64(39), np.int64(43), np.int64(36), np.int64(9), np.int64(30), np.int64(16), np.int64(33), np.int64(60), np.int64(10), np.int64(19), np.int64(22), np.int64(40), np.int64(5), np.int64(55), np.int64(44), np.int64(50), np.int64(27), np.int64(26), np.int64(5), np.int64(51), np.int64(44), np.int64(44), np.int64(51), np.int64(49), np.int64(61), np.int64(1), np.int64(43), np.int64(9), np.int64(61), np.int64(23), np.int64(22), np.int64(5), np.int64(37)]",False,False,0.0,0.0,"[51 48 17 32 51 48 33 56 10 48 33 14 33 10 33 30 56 33 25 44 25 25 48 31
 43 33 33 33 32 10 33 33 33 33 38 48 10 32 33 38 14 44  6 33 33  6 27 44
 33 12 44 33 54 48 33 38 33 48 30 30 56 30 31 12]","[26 30 14 26 54 17 33 56 10 10 33 14 33  6 33 30 43 33 38 30 12 10 48 31
 32 33 33 33 48 14 33 33 33 33 56 31 38 32 33 38 43 31 17 33 33 31 32 31
 33 54 44 33 27 48 33 32 33 56 30 30 56 48 48 51]",False,False,0.0,0.0,"[51 48 32 54 54 48 33 54 43 48 33 51 33 43 33 32 51 33 43 44 54 54 48 56
 43 33 33 33 44 14 33 33 33 33 56 51 54 48 33 38 43 44 54 33 33 54 51 51
 33 54 54 33 54 54 33 38 33 56 30 51 56 48 48 51]","[14 48 32 32 54 32 33 43 43 32 33 32 33 43 33 32 43 33 43 44 54 54 43 56
 43 33 33 33  6  6 33 33 33 33 56 31 10 32 33 38 43 31  6 33 33 56 10 10
 33 43 31 33 54 54 33 32 33 56 30 30 56 30 31 51]",False,False,0.109375,0.0,1.0,0.0,0.0,25,0,0,1.0,0.0,0.0,25,0,0,1.0,0.0,0.0,25,0,0,1.0,0.0,0.0,25,0,0,1.0,0.0,0.0,25,0,0,1.0,0.0,0.0,25,0,0,0.04,0.0,0.0,1,0,0,0.04,0.0,0.0,1,0,0
[1 0 0 ... 1 1 0],23,"[50  4 56 11 23 23  4  5 49 29  2 23 29 47 23 23 37 50 24 42 14 15 42 23
 29 55 50 50 49 23 37 49 48 47 50 11 15 23 49 37 15  5 23 55 42  4 11 23
 23 23 23  5 49 56  4 23 23 11 29 29 15 55 15 56]","[15 56  4 37 23 23 42 48 49 11 34 23 49 47 23 23 42 37 52  5  4  5 55 23
 37 55 37 56 49 23 37 49 47 47  4 15 15 23 47 37 11  5 23 55 42  4 42 23
 23 23 23 47  4 14 49 23 23 55  5 29 15  4 15 11]",False,False,0.0,0.0,"[np.int64(27), np.int64(42), np.int64(20), np.int64(34), np.int64(60), np.int64(3), np.int64(8), np.int64(35), np.int64(50), np.int64(7), np.int64(23), np.int64(14), np.int64(41), np.int64(4), np.int64(7), np.int64(40), np.int64(51), np.int64(45), np.int64(47), np.int64(51), np.int64(17), np.int64(53), np.int64(14), np.int64(38), np.int64(47), np.int64(38), np.int64(24), np.int64(13), np.int64(0), np.int64(28), np.int64(15), np.int64(25), np.int64(39), np.int64(21), np.int64(41), np.int64(11), np.int64(28), np.int64(10), np.int64(5), np.int64(2), np.int64(41), np.int64(38), np.int64(10), np.int64(19), np.int64(37), np.int64(62), np.int64(10), np.int64(18), np.int64(40), np.int64(0), np.int64(3), np.int64(5), np.int64(57), np.int64(50), np.int64(37), np.int64(50), np.int64(41), np.int64(29), np.int64(23), np.int64(61), np.int64(42), np.int64(34), np.int64(23), np.int64(43)]","[np.int64(2), np.int64(17), np.int64(53), np.int64(25), np.int64(21), np.int64(24), np.int64(7), np.int64(0), np.int64(16), np.int64(49), np.int64(58), np.int64(62), np.int64(52), np.int64(13), np.int64(6), np.int64(63), np.int64(44), np.int64(7), np.int64(43), np.int64(47), np.int64(55), np.int64(15), np.int64(12), np.int64(9), np.int64(24), np.int64(54), np.int64(21), np.int64(58), np.int64(29), np.int64(50), np.int64(41), np.int64(61), np.int64(54), np.int64(62), np.int64(57), np.int64(44), np.int64(10), np.int64(33), np.int64(20), np.int64(46), np.int64(6), np.int64(29), np.int64(2), np.int64(33), np.int64(7), np.int64(14), np.int64(24), np.int64(53), np.int64(38), np.int64(37), np.int64(4), np.int64(19), np.int64(15), np.int64(0), np.int64(11), np.int64(11), np.int64(32), np.int64(18), np.int64(1), np.int64(44), np.int64(12), np.int64(25), np.int64(26), np.int64(40)]",False,False,0.0,0.0,"[55 37 14 55 23 23 42 29 49 11 24 23 50 42 23 23 37 50 38 42 37  5 15 23
 50 55 37  4 49 23 37 15 47 48 50 56 15 23 49 37 15 49 23 55 14 56 50 23
 23 23 23 29 29 14 56 23 23 56  5 29 50 55 48 11]","[15 37 56 11 23 23 42  5 49 29  2 23 14 42 23 23 42 47 13  5 14 49 55 23
 37 55 11 15 49 23 37 49 48 47  4  4 15 23 37 49 11  5 23 55 49 56 11 23
 23 23 23 15  4 14 49 23 23 48 37 29 15 55 55 11]",False,False,0.0,0.0,"[55 56 56 55 23 23 42 48 49 29 57 23 56 47 23 23 42 50 60 42 37 56 55 23
 50 55 50 50 49 23 37 55 55 48 50 56 50 23 49 49 15 49 23 55 55 56 50 23
 23 23 23 47 49 56 56 23 23 56 37 50 50 55 55 56]","[15 37  4  4 23 23  4  5  4 11  0 23  5 47 23 23 37 37 38  5  4 15 15 23
 37 55 37  4 37 23 37 49 55 47  4  4 15 23 37 47 11  5 23 55 14  4 42 23
 23 23 23 15  4 14  4 23 23  5 37 37 15  4 15 37]",False,False,0.109375,0.0,1.0,0.0,0.0,25,0,0,1.0,0.0,0.0,25,0,0,1.0,0.0,0.0,25,0,0,1.0,0.0,0.0,25,0,0,1.0,0.0,0.0,25,0,0,1.0,0.0,0.0,25,0,0,0.04,0.0,0.0,1,0,0,0.04,0.0,0.0,1,0,0
[0 0 0 ... 0 1 0],59,"[10 35 16 59 48 17 22  8 59 35  8 19 47  4 59 53 59 59  8 59 17 35 59 47
  3 59 25 47 47 25 25 25  3 19 59 59 22 25 19  3 35  3  8 25 48 35 25 59
 59 48 22 47 35 59 14 59 48 19 22 59  3 17 22 14]","[54 35 17 59 17 17 47 55 59 14 55 19 47 41 59 17 59 59  8 59 17 35 59 48
  8 59 14 35 47 55 55 25 17 16 59 59 19 22 19 35 35  8 17 25 22 48  3 59
 59 53 53 47 17 59  3 59 47 47 22 59 17 25 22 35]",False,False,0.0,0.0,"[np.int64(45), np.int64(32), np.int64(24), np.int64(1), np.int64(2), np.int64(37), np.int64(59), np.int64(48), np.int64(62), np.int64(4), np.int64(60), np.int64(8), np.int64(35), np.int64(24), np.int64(63), np.int64(31), np.int64(30), np.int64(24), np.int64(58), np.int64(52), np.int64(50), np.int64(22), np.int64(11), np.int64(36), np.int64(23), np.int64(54), np.int64(59), np.int64(0), np.int64(27), np.int64(46), np.int64(62), np.int64(20), np.int64(22), np.int64(0), np.int64(4), np.int64(31), np.int64(33), np.int64(40), np.int64(7), np.int64(35), np.int64(11), np.int64(9), np.int64(44), np.int64(16), np.int64(48), np.int64(4), np.int64(49), np.int64(39), np.int64(21), np.int64(0), np.int64(36), np.int64(4), np.int64(25), np.int64(53), np.int64(40), np.int64(0), np.int64(50), np.int64(12), np.int64(35), np.int64(44), np.int64(19), np.int64(35), np.int64(1), np.int64(23)]","[np.int64(23), np.int64(54), np.int64(16), np.int64(43), np.int64(57), np.int64(38), np.int64(59), np.int64(60), np.int64(30), np.int64(14), np.int64(53), np.int64(6), np.int64(50), np.int64(19), np.int64(5), np.int64(61), np.int64(55), np.int64(39), np.int64(37), np.int64(15), np.int64(9), np.int64(49), np.int64(10), np.int64(18), np.int64(15), np.int64(24), np.int64(33), np.int64(52), np.int64(62), np.int64(53), np.int64(31), np.int64(29), np.int64(52), np.int64(44), np.int64(12), np.int64(48), np.int64(4), np.int64(45), np.int64(35), np.int64(44), np.int64(37), np.int64(32), np.int64(34), np.int64(13), np.int64(2), np.int64(59), np.int64(17), np.int64(56), np.int64(35), np.int64(48), np.int64(62), np.int64(28), np.int64(4), np.int64(28), np.int64(18), np.int64(22), np.int64(1), np.int64(61), np.int64(29), np.int64(26), np.int64(4), np.int64(11), np.int64(58), np.int64(63)]",False,False,0.0,0.0,"[11 35 17 59 53 17 35 55 59 14  8 19 47 10 59 14 59 59  8 59  3 35 59  3
 47 59 14 14 16 25 48 34 16 19 59 59 14 25 19 35 35  3 14 25 55 22 14 59
 59 48 22 35 35 59  3 59 48 19 53 59  3 25 55 55]","[40 35 17 59 53 53 47  8 59 34 14 19 47  9 59 16 59 59  8 59 17 35 59 47
 53 59 16 47 16 25 25 25 16 16 59 59 19 22 19 35 35  8 17 25 19 22 14 59
 59 53 22 55 53 59 14 59 48 25 53 59 17 17 22 55]",False,False,0.0,0.0,"[63 35 55 59 53 53 47 55 59 35 55 55 47 57 59 55 59 59  8 59 17 35 59 48
 47 59 25 47 47 55 55 53 17 22 59 59 22 53 19 48 35  8 25 53 48 48 34 59
 59 47 53 47 53 59 14 59 48 53 53 59 17 25 55 55]","[40 35 17 59 17 53 22  8 59 34 17 19 47 21 59 17 59 59  8 59 17 14 59 47
 47 59 14 47 47 55 25  8 17  8 59 59 14 22 19 35 35  8 17 14 55 22 14 59
 59 47  8 17 17 59 14 59 47 47 22 59 17 17 22 14]",False,False,0.109375,0.0,1.0,0.0,0.0,25,0,0,1.0,0.0,0.0,25,0,0,1.0,0.0,0.0,25,0,0,1.0,0.0,0.0,25,0,0,1.0,0.0,0.0,25,0,0,1.0,0.0,0.0,25,0,0,0.04,0.0,0.0,1,0,0,0.04,0.0,0.0,1,0,0
[0 1 0 ... 0 0 1],47,"[16  7 48 55 16 47 57 47 12  7 49  7 47 43 43 30 47 26 47 26 55 43 55 16
 47 24 47 47 26 26 47 49 26 48 49 60 49 48 26 55 12 60 30 47 18 55 24 47
 47 47 24 27 48 30 60 47 57 47 55 57 47 16 26 26]","[18 26 48 49 27 47  5 47  7  7 49 24 47 43 48 27 47 18 47 26 24 43 26 24
 47 43 47 47 48 26 47 27 57 27 43 30 18  5 18 26 12 60 49 47  5 27 27 47
 47 47 60 24 12 27 27 47 48 47 60 12 47 60  5 26]",False,False,0.0,0.0,"[np.int64(33), np.int64(25), np.int64(54), np.int64(2), np.int64(27), np.int64(63), np.int64(3), np.int64(53), np.int64(42), np.int64(59), np.int64(16), np.int64(26), np.int64(24), np.int64(63), np.int64(46), np.int64(38), np.int64(21), np.int64(41), np.int64(51), np.int64(46), np.int64(62), np.int64(57), np.int64(14), np.int64(1), np.int64(13), np.int64(17), np.int64(36), np.int64(41), np.int64(5), np.int64(58), np.int64(25), np.int64(30), np.int64(52), np.int64(22), np.int64(45), np.int64(46), np.int64(62), np.int64(14), np.int64(43), np.int64(6), np.int64(49), np.int64(2), np.int64(59), np.int64(7), np.int64(40), np.int64(4), np.int64(47), np.int64(22), np.int64(28), np.int64(11), np.int64(47), np.int64(48), np.int64(21), np.int64(46), np.int64(53), np.int64(62), np.int64(46), np.int64(22), np.int64(56), np.int64(29), np.int64(28), np.int64(13), np.int64(31), np.int64(10)]","[np.int64(4), np.int64(52), np.int64(48), np.int64(8), np.int64(56), np.int64(36), np.int64(20), np.int64(44), np.int64(17), np.int64(27), np.int64(42), np.int64(53), np.int64(15), np.int64(21), np.int64(43), np.int64(49), np.int64(3), np.int64(23), np.int64(53), np.int64(1), np.int64(47), np.int64(36), np.int64(6), np.int64(24), np.int64(25), np.int64(56), np.int64(54), np.int64(19), np.int64(61), np.int64(32), np.int64(48), np.int64(26), np.int64(35), np.int64(49), np.int64(36), np.int64(3), np.int64(23), np.int64(7), np.int64(50), np.int64(1), np.int64(25), np.int64(5), np.int64(59), np.int64(17), np.int64(27), np.int64(42), np.int64(58), np.int64(38), np.int64(48), np.int64(36), np.int64(0), np.int64(40), np.int64(53), np.int64(42), np.int64(18), np.int64(59), np.int64(39), np.int64(5), np.int64(62), np.int64(18), np.int64(55), np.int64(29), np.int64(25), np.int64(49)]",False,False,0.0,0.0,"[16  7 48 26 27 47 26 47  7 24 49 18 47 43 43 18 47 16 47 26 27 16 55 16
 47 26 47 47 55 12 47 60  7 48 18 60 49 48 26 49 12 60 60 47 30 55 27 47
 47 47 24 43 24 30 43 47 48 47  7 12 47 60 26 26]","[16 27 60  7 27 47 57 47  7 24 27 43 47 43 48 16 47 26 47 26 27 16 30 16
 47 26 47 47 48 12 47 24 26 48 18 60 18 26 26 60 12 60 30 47 30 18 18 47
 47 47 60 43 43 26 24 47 57 47 60  7 47 12  5 26]",False,False,0.0,0.0,"[26 55 57 55 30 47 57 47 57 24 49 43 47 43 48 48 47 49 47 26 55 49 55 55
 47 43 47 47 55 55 47 60 57 60 48 60 49 60 48 55 24 60 55 47 49 55 49 47
 47 47 60 49 57 55 60 47 57 47 60 57 47 60 26 60]","[26 26 48 26 27 47 26 47  7 24 27 43 47 43 48 48 47 16 47 26 48 48 26 16
 47 12 47 47 30 12 47 24 26 30 12 48 18 48 48 12 12 60 30 47 30 27 18 47
 47 47 57 27 12 26 27 47 48 47 60 48 47 12  5 26]",False,False,0.109375,0.0,1.0,0.0,0.0,25,0,0,1.0,0.0,0.0,25,0,0,1.0,0.0,0.0,25,0,0,1.0,0.0,0.0,25,0,0,1.0,0.0,0.0,25,0,0,1.0,0.0,0.0,25,0,0,0.04,0.0,0.0,1,0,0,0.04,0.0,0.0,1,0,0
[1 0 0 ... 0 0 1],25,"[53 30 18 53 61 52 52 30 61 61 25 53 61 25 10 25 18 13 25 26 61 51 45 25
 53 25 25 41 30 51 25 45 45 15 44 41 52 10 61 45 51 25 13 23 25 25 10 15
 10 15 45 25 25 25 51 13 13 51 44 26 51 25 18 26]","[53 52 18 53 61 23 52 52 44 52 25 53 61 25 23 25 52 41 25 26 51 51 41 25
 30 25 25 13 26 18 25 26 18 61 61 13 30 18 53 52 53 25 51 41 25 25 10 51
 41 53 51 25 25 25 51 45 18 51 44 26 10 25 51 26]",False,False,0.0,0.0,"[np.int64(34), np.int64(14), np.int64(41), np.int64(28), np.int64(51), np.int64(5), np.int64(53), np.int64(47), np.int64(50), np.int64(4), np.int64(37), np.int64(57), np.int64(42), np.int64(3), np.int64(61), np.int64(48), np.int64(54), np.int64(16), np.int64(40), np.int64(44), np.int64(21), np.int64(12), np.int64(24), np.int64(43), np.int64(16), np.int64(5), np.int64(62), np.int64(25), np.int64(24), np.int64(53), np.int64(34), np.int64(9), np.int64(25), np.int64(20), np.int64(8), np.int64(62), np.int64(13), np.int64(10), np.int64(22), np.int64(37), np.int64(46), np.int64(2), np.int64(12), np.int64(7), np.int64(25), np.int64(27), np.int64(6), np.int64(59), np.int64(49), np.int64(52), np.int64(16), np.int64(57), np.int64(6), np.int64(48), np.int64(9), np.int64(40), np.int64(16), np.int64(7), np.int64(61), np.int64(0), np.int64(4), np.int64(58), np.int64(34), np.int64(62)]","[np.int64(23), np.int64(57), np.int64(47), np.int64(62), np.int64(35), np.int64(48), np.int64(40), np.int64(60), np.int64(57), np.int64(8), np.int64(42), np.int64(20), np.int64(63), np.int64(23), np.int64(14), np.int64(1), np.int64(26), np.int64(21), np.int64(33), np.int64(41), np.int64(13), np.int64(47), np.int64(13), np.int64(5), np.int64(47), np.int64(55), np.int64(2), np.int64(29), np.int64(37), np.int64(24), np.int64(16), np.int64(42), np.int64(58), np.int64(57), np.int64(0), np.int64(53), np.int64(33), np.int64(36), np.int64(29), np.int64(16), np.int64(40), np.int64(48), np.int64(45), np.int64(41), np.int64(56), np.int64(23), np.int64(35), np.int64(17), np.int64(37), np.int64(20), np.int64(11), np.int64(55), np.int64(31), np.int64(30), np.int64(4), np.int64(58), np.int64(43), np.int64(54), np.int64(29), np.int64(58), np.int64(42), np.int64(56), np.int64(59), np.int64(23)]",False,False,0.0,0.0,"[52 52 18 45 61 23 15 30 51 30 25 44 61 25 23 25 52 13 25 26 23 15 41 25
 30 25 25 41 30 23 25 26 18 61 13 23 26 45 61 52 51 25 51 51 25 25 10 51
 10 15 45 25 25 25 51 26 45 52 44 30 52 25 18 15]","[52 52 18 53 61 61 15 52 44 61 25 41 61 25 23 25 52 13 25 26 10 10 41 25
 30 25 25 44 10 18 25 13 45 23 13 41 15 26 41 45 18 25 15 23 25 25 10 51
 53 53 45 25 25 25 51 23 26 10 44 26 52 25 18 13]",False,False,0.0,0.0,"[61 61 18 53 61 61 52 52 61 61 25 61 61 25 53 25 51 41 25 26 61 51 41 25
 53 25 25 51 61 51 25 61 45 61 61 61 52 45 53 52 53 25 51 53 25 25 10 51
 53 53 51 25 25 25 51 61 45 61 44 52 51 25 51 44]","[52 52 18 52 61 52 52 52 18 52 25 41 61 25 23 25 18 13 25 26 10 15 41 25
 18 25 25 23 15 23 25 13 45 23 18 13 52 26 41 52 41 25 13 41 25 25 10 13
 41 53 45 25 25 25 51 13 13 52 44 41 52 25 18 13]",False,False,0.109375,0.0,1.0,0.0,0.0,25,0,0,1.0,0.0,0.0,25,0,0,1.0,0.0,0.0,25,0,0,1.0,0.0,0.0,25,0,0,1.0,0.0,0.0,25,0,0,1.0,0.0,0.0,25,0,0,0.04,0.0,0.0,1,0,0,0.04,0.0,0.0,1,0,0
[0 0 0 ... 0 0 1],53,"[22 53 19 47 12 22 22 22 26  1  1 53 53 43 11 53 53  1 23 26 47 62 53 53
 31 54 53 15 63 22  1 53 34 63 53 26 22 23 49 11 63 48 48 34 23 63 53 53
 53 53 12 63 49 53 53 46 26 63  1 31 23 46 53 53]","[22 53  6 31 48 49 23 22  1 46 34 53 53 56 63 53 53 34 22 26 12 23 53 53
 46 49 53 49 47 63  1 53 16 15 53 34 46 23 16 34 26 22  1 63 49 12 53 53
 53 53 11  1 23 53 53 48  1 23 46 47 31 15 53 53]",False,False,0.0,0.0,"[np.int64(4), np.int64(43), np.int64(46), np.int64(60), np.int64(52), np.int64(41), np.int64(40), np.int64(5), np.int64(48), np.int64(27), np.int64(13), np.int64(61), np.int64(8), np.int64(33), np.int64(27), np.int64(14), np.int64(11), np.int64(49), np.int64(13), np.int64(3), np.int64(32), np.int64(3), np.int64(24), np.int64(11), np.int64(28), np.int64(3), np.int64(53), np.int64(9), np.int64(61), np.int64(53), np.int64(49), np.int64(11), np.int64(28), np.int64(15), np.int64(41), np.int64(51), np.int64(56), np.int64(49), np.int64(60), np.int64(15), np.int64(35), np.int64(45), np.int64(44), np.int64(50), np.int64(13), np.int64(29), np.int64(30), np.int64(43), np.int64(4), np.int64(43), np.int64(11), np.int64(56), np.int64(35), np.int64(15), np.int64(61), np.int64(12), np.int64(4), np.int64(2), np.int64(22), np.int64(0), np.int64(55), np.int64(34), np.int64(59), np.int64(45)]","[np.int64(0), np.int64(25), np.int64(49), np.int64(59), np.int64(24), np.int64(35), np.int64(19), np.int64(63), np.int64(35), np.int64(35), np.int64(19), np.int64(24), np.int64(13), np.int64(60), np.int64(6), np.int64(59), np.int64(60), np.int64(8), np.int64(28), np.int64(9), np.int64(12), np.int64(25), np.int64(53), np.int64(48), np.int64(42), np.int64(5), np.int64(28), np.int64(16), np.int64(53), np.int64(38), np.int64(63), np.int64(25), np.int64(15), np.int64(0), np.int64(19), np.int64(26), np.int64(38), np.int64(59), np.int64(23), np.int64(16), np.int64(37), np.int64(61), np.int64(36), np.int64(62), np.int64(48), np.int64(0), np.int64(61), np.int64(28), np.int64(46), np.int64(14), np.int64(30), np.int64(8), np.int64(52), np.int64(51), np.int64(15), np.int64(28), np.int64(28), np.int64(32), np.int64(14), np.int64(48), np.int64(2), np.int64(0), np.int64(38), np.int64(63)]",False,False,0.0,0.0,"[11 53 56 63 23 46 23 22 62 31  1 53 53 24 12 53 53 34 23 26 63 62 53 53
 31 34 53 15 11 22  1 53 31 63 53 26 46 47 49 11  1 12 62 26 49 34 53 53
 53 53 49  1 26 53 53 48 26 15 63 15 54 12 53 53]","[11 53  6 47 23 49 23 22 26 22 54 53 53 14 12 53 53 34 22 12 22 23 53 53
 31 49 53 31 11 63 31 53 31  1 53 34 22 22 16 47 11 31  1 26 23 63 53 53
 53 53 12  1 26 53 53 48 12 23 11 31 23 12 53 53]",False,False,0.0,0.0,"[26 53 56 63 48 63 63 49 63 62 54 53 53 61 63 53 53 34 23 48 63 63 53 53
 46 62 53 49 63 63 49 53 34 63 53 34 49 54 49 62 63 48 48 63 49 63 53 53
 53 53 49 63 63 53 53 48 26 63 63 62 54 46 53 53]","[22 53 14 31 23 46 23 22 26 31 34 53 53 57 62 53 53  1 22 12 49 23 53 53
 31 49 53 31 47 22 31 53 31 15 53 26 22 23 49 34 26 15 48 34 23 22 53 53
 53 53 12  1 23 53 53 48 26 23 31 31 31 46 53 53]",False,False,0.109375,0.0,1.0,0.0,0.0,25,0,0,1.0,0.0,0.0,25,0,0,1.0,0.0,0.0,25,0,0,1.0,0.0,0.0,25,0,0,1.0,0.0,0.0,25,0,0,1.0,0.0,0.0,25,0,0,0.04,0.0,0.0,1,0,0,0.04,0.0,0.0,1,0,0
[0 0 1 ... 0 1 1],8,"[60 62 31 62 14  8 30 62  8 10  8  5  8 31  8  8 31 44 12 45 62 62 60 45
 60 40 10 31 57 12  8  8 41 40 60 14 15 57 10 40  8  8 44 40  8  8  5 14
 57 41 60 40 10 60 10 31 45  8 60 10  8 10  8  5]","[41 62  5 62 14  8 62 62  8 40  8 30  8 62  8  8 31 15 12 10 62 15 14 41
 62 62 10 44  5 12  8  8 44 14 60 57 15 57 12 41  8  8 44 40  8  8 57 12
 10 57 10 12 10 44 10 44 15  8 45 41  8 44  8 62]",False,False,0.0,0.0,"[np.int64(36), np.int64(6), np.int64(26), np.int64(5), np.int64(16), np.int64(3), np.int64(33), np.int64(49), np.int64(49), np.int64(32), np.int64(27), np.int64(17), np.int64(26), np.int64(56), np.int64(28), np.int64(28), np.int64(48), np.int64(40), np.int64(56), np.int64(21), np.int64(58), np.int64(33), np.int64(51), np.int64(41), np.int64(38), np.int64(8), np.int64(14), np.int64(7), np.int64(26), np.int64(44), np.int64(27), np.int64(11), np.int64(31), np.int64(53), np.int64(0), np.int64(42), np.int64(9), np.int64(40), np.int64(20), np.int64(45), np.int64(14), np.int64(44), np.int64(13), np.int64(26), np.int64(3), np.int64(50), np.int64(45), np.int64(29), np.int64(21), np.int64(30), np.int64(62), np.int64(51), np.int64(62), np.int64(31), np.int64(6), np.int64(8), np.int64(59), np.int64(3), np.int64(8), np.int64(35), np.int64(19), np.int64(19), np.int64(33), np.int64(4)]","[np.int64(5), np.int64(56), np.int64(57), np.int64(44), np.int64(41), np.int64(41), np.int64(26), np.int64(45), np.int64(57), np.int64(33), np.int64(6), np.int64(45), np.int64(7), np.int64(2), np.int64(8), np.int64(46), np.int64(8), np.int64(45), np.int64(37), np.int64(52), np.int64(30), np.int64(62), np.int64(7), np.int64(55), np.int64(5), np.int64(30), np.int64(4), np.int64(61), np.int64(56), np.int64(51), np.int64(31), np.int64(8), np.int64(15), np.int64(44), np.int64(21), np.int64(46), np.int64(19), np.int64(13), np.int64(1), np.int64(9), np.int64(32), np.int64(19), np.int64(19), np.int64(29), np.int64(50), np.int64(62), np.int64(7), np.int64(41), np.int64(31), np.int64(1), np.int64(27), np.int64(35), np.int64(19), np.int64(28), np.int64(44), np.int64(1), np.int64(37), np.int64(34), np.int64(6), np.int64(45), np.int64(58), np.int64(24), np.int64(58), np.int64(47)]",False,False,0.0,0.0,"[45 62  5 62 14  8 62 62  8 40  8  5  8 62  8  8 31 15 57 31 62 15 60 45
 62 40 10 31  5 12  8  8 14 57 60 30 31 10 10 41  8  8 31 40  8  8 57 15
 14 45 60 12 40 31 10 62 45  8 12 62  8 31  8 31]","[12 44  5 62 14  8 57 15  8 10  8  5  8 62  8  8 31 44 12 31 62  5 14 31
 62 12 30 44 57 12  8  8 10 41 60 60 15 57 60 60  8  8 31 40  8  8  5 15
 57 57 12 41 10  5 60 15 14  8 12 10  8 44  8 12]",False,False,0.0,0.0,"[60 62 31 62 41  8 62 62  8 40  8 30  8 62  8  8 31 44 57 60 62 62 60 62
 62 62 57 57 62 12  8  8 57 57 60 57 44 57 60 60  8  8 44 40  8  8 62 40
 57 57 60 41 44 60 60 62 60  8 60 62  8 60  8 62]","[44  5  5 62 14  8 57 15  8 10  8  5  8 62  8  8 31 15 57 10 62  5 14 62
 45 12 57 57  5 12  8  8 10 57 60 57 15 57 10 12  8  8 44 40  8  8  5 15
 57 57 10 12 10  5 10 15 15  8 41 10  8 10  8  5]",False,False,0.109375,0.0,1.0,0.0,0.0,25,0,0,1.0,0.0,0.0,25,0,0,1.0,0.0,0.0,25,0,0,1.0,0.0,0.0,25,0,0,1.0,0.0,0.0,25,0,0,1.0,0.0,0.0,25,0,0,0.04,0.0,0.0,1,0,0,0.04,0.0,0.0,1,0,0
[1 0 0 ... 1 1 1],46,"[24  5 46 17 46 46 13 13 48 13 31  5 13 46 46 24 18 46 46 43  4 31 31 18
 46  5 46 46 49 48 40 46 17 48 18 48  4 24  4 54 27  4  2 46  5  2 46  4
 46 46  2 26 14  5 46 13 31 48 18 43 43  2 14 13]","[27 24 46 17 46 46 13 13 31 17 26 24 26 46 46 24  5 46 46 26 14  2 48 14
 46 48 46 46 13 49 40 46 14 48 13 14  2 18  4 54 27 31 14 46  5 17 46  4
 46 46 18 49 14 17 46 13 31 18 18 43 43 27 43  5]",False,False,0.0,0.0,"[np.int64(27), np.int64(18), np.int64(30), np.int64(52), np.int64(48), np.int64(58), np.int64(30), np.int64(13), np.int64(21), np.int64(29), np.int64(11), np.int64(14), np.int64(43), np.int64(51), np.int64(12), np.int64(55), np.int64(0), np.int64(54), np.int64(4), np.int64(48), np.int64(26), np.int64(47), np.int64(26), np.int64(7), np.int64(50), np.int64(21), np.int64(46), np.int64(10), np.int64(16), np.int64(3), np.int64(26), np.int64(48), np.int64(30), np.int64(35), np.int64(35), np.int64(32), np.int64(58), np.int64(9), np.int64(39), np.int64(21), np.int64(59), np.int64(62), np.int64(61), np.int64(42), np.int64(32), np.int64(61), np.int64(21), np.int64(5), np.int64(35), np.int64(30), np.int64(11), np.int64(8), np.int64(49), np.int64(40), np.int64(39), np.int64(4), np.int64(59), np.int64(12), np.int64(45), np.int64(57), np.int64(23), np.int64(13), np.int64(33), np.int64(8)]","[np.int64(27), np.int64(51), np.int64(62), np.int64(36), np.int64(16), np.int64(41), np.int64(47), np.int64(16), np.int64(0), np.int64(27), np.int64(19), np.int64(12), np.int64(40), np.int64(45), np.int64(42), np.int64(21), np.int64(59), np.int64(0), np.int64(44), np.int64(19), np.int64(9), np.int64(38), np.int64(60), np.int64(20), np.int64(44), np.int64(29), np.int64(55), np.int64(1), np.int64(59), np.int64(35), np.int64(43), np.int64(13), np.int64(31), np.int64(28), np.int64(18), np.int64(27), np.int64(46), np.int64(24), np.int64(29), np.int64(28), np.int64(60), np.int64(24), np.int64(58), np.int64(31), np.int64(57), np.int64(38), np.int64(22), np.int64(18), np.int64(22), np.int64(26), np.int64(55), np.int64(36), np.int64(21), np.int64(57), np.int64(24), np.int64(21), np.int64(14), np.int64(19), np.int64(0), np.int64(6), np.int64(43), np.int64(24), np.int64(1), np.int64(2)]",False,False,0.0,0.0,"[18  5 46 49 46 46 13 31 48 13 31 24 26 46 46 14 18 46 46 26 14  2 31 18
 46  2 46 46 13 48 41 46 54 48 17  5 54 13  5 54 27  4 14 46  5 49 46 54
 46 46 18 31  2 17 46 13 31  4 17 14 43 17 43  5]","[24 24 46 43 46 46 17 17 17 13 26  5 49 46 46 14  5 46 46 43 13 43 48  4
 46  2 46 46 49 48 41 46 54 48 49  2  4 24 54 54 27 14 14 46  5 49 46 54
 46 46  2  5  2 27 46 14 31 18 18 43 43 27 43 24]",False,False,0.0,0.0,"[43 24 46 49 46 46 48 31 48 17 48 54 49 46 46 24 18 46 46 48 14 43 48 18
 46 48 46 46 54 54 61 46 54 48 49 48 54 27 54 54 27 31 24 46  5 49 46 54
 46 46 48 48 43 27 46 14 31 48 54 43 49 49 49 31]","[ 5  5 46 43 46 46 13 13 31 17 24 24 49 46 46 14  5 46 46 43 14  2 49 14
 46  5 46 46 49 43  3 46 14 26 49 13  2 13 13 54 14 14 14 46  5 49 46 54
 46 46  2 49 14 18 46 14  5 14  2 13 43 14 49 13]",True,False,0.109375,0.0,1.0,0.0,0.0,25,0,0,1.0,0.0,0.0,25,0,0,1.0,0.0,0.0,25,0,0,1.0,0.0,0.0,25,0,0,1.0,0.0,0.0,25,0,0,1.0,0.0,0.0,25,0,0,0.04,1.0,1.0,1,1,25,0.04,0.0,0.0,1,0,0
[0 0 1 ... 1 0 1],38,"[41 53 38 41 24 21 42 21 23 53 18 19 21 53 63 24 31 21 38 38 35 38 18 38
 38 58 18 18 19  2 53 53 35 35  2 38 35  2 38 23 19 38 23 23 18 21 53 24
  2 41 23 41 41 38 18 18 48 21 53  2 53 35 19 35]","[21 24 38 41 41 23 26 35 24 41 23 19 24 53 55 24 52 21 38 38 35 38 21 38
 38 55 18 18 18  2 53 18 35 21 35 38 35  2 38 23 24 38 41  2  2 21 53  2
  2 18 23 24 41 38 18 35 34 21 53  2 41 19 19 35]",False,False,0.0,0.0,"[np.int64(43), np.int64(14), np.int64(42), np.int64(29), np.int64(41), np.int64(19), np.int64(26), np.int64(23), np.int64(32), np.int64(11), np.int64(54), np.int64(57), np.int64(28), np.int64(36), np.int64(52), np.int64(49), np.int64(51), np.int64(47), np.int64(52), np.int64(38), np.int64(54), np.int64(38), np.int64(4), np.int64(20), np.int64(48), np.int64(2), np.int64(35), np.int64(40), np.int64(1), np.int64(50), np.int64(2), np.int64(57), np.int64(9), np.int64(44), np.int64(30), np.int64(0), np.int64(40), np.int64(53), np.int64(3), np.int64(8), np.int64(57), np.int64(9), np.int64(43), np.int64(62), np.int64(54), np.int64(62), np.int64(54), np.int64(36), np.int64(5), np.int64(30), np.int64(14), np.int64(48), np.int64(26), np.int64(50), np.int64(23), np.int64(46), np.int64(39), np.int64(8), np.int64(43), np.int64(28), np.int64(14), np.int64(34), np.int64(20), np.int64(20)]","[np.int64(18), np.int64(39), np.int64(12), np.int64(8), np.int64(7), np.int64(44), np.int64(25), np.int64(46), np.int64(38), np.int64(35), np.int64(46), np.int64(6), np.int64(55), np.int64(9), np.int64(14), np.int64(22), np.int64(0), np.int64(7), np.int64(59), np.int64(4), np.int64(17), np.int64(40), np.int64(1), np.int64(7), np.int64(0), np.int64(3), np.int64(38), np.int64(14), np.int64(4), np.int64(41), np.int64(4), np.int64(27), np.int64(43), np.int64(36), np.int64(47), np.int64(4), np.int64(3), np.int64(22), np.int64(23), np.int64(31), np.int64(12), np.int64(19), np.int64(11), np.int64(38), np.int64(2), np.int64(9), np.int64(34), np.int64(12), np.int64(23), np.int64(50), np.int64(19), np.int64(15), np.int64(52), np.int64(45), np.int64(9), np.int64(5), np.int64(39), np.int64(45), np.int64(15), np.int64(9), np.int64(17), np.int64(20), np.int64(50), np.int64(0)]",False,False,0.0,0.0,"[21 53 38 41 24 41 50 35 23  2 35 19 23 53 50 24 57 21 38 38 35 38 18 38
 38 31 18 18 18  2 53 53 35 18 41 38 35 23 38 23  2 38 41  2 18 53 53  2
 53 41 23 41 41 38 21 23 34 21 53  2 21 19 24 35]","[ 2 24 38 41 41 41 26 35  2 24 24 19 23 19  8 24 20 21 38 38 35 38 18 38
 38 55 21 18 18  2 53 18 53 41 41 38 35 21 38 19 21 38 23  2 24 21 53 24
  2  2 23 41 41 38 21  2 32 35 21  2 53 19 24 35]",False,False,0.0,0.0,"[41 53 38 41 41 41 61 35 24 53 35 19 24 53 60 24 62 21 38 38 35 38 41 38
 38 63 21 18 18  2 53 53 53 41 41 38 35 23 38 23 53 38 41 23 18 53 53 24
 53 41 23 41 41 38 18 35 57 35 53  2 53 53 53 35]","[41 24 38 41 24 41 26 21 24 24 24 19 24  2 55 24 43 21 38 38 35 38 24 38
 38 55 18 18 19  2 53 18 18 24 35 38 35 21 38 19 24 38 41 23  2 41 53  2
  2  2 23 41 41 38 18 21  5 35 21  2 41 35 24 35]",False,False,0.109375,0.0,1.0,0.0,0.0,25,0,0,1.0,0.0,0.0,25,0,0,1.0,0.0,0.0,25,0,0,1.0,0.0,0.0,25,0,0,1.0,0.0,0.0,25,0,0,1.0,0.0,0.0,25,0,0,0.04,0.0,0.0,1,0,0,0.04,0.0,0.0,1,0,0
[1 0 1 ... 0 1 0],17,"[31 17 40 20 21 21 26 27 39 17 19 16 38 46 17 46 17 17 43 17 17 17 40 31
 21  9 17 17  1 14 16 17 20 14 40 16 27 43 17 17 17 58 43 17 21 46 17 57
 27 63  9 39 57 14 43 46 31 17 17  1 43 26 58 17]","[21 17 63 26 19 40 38  9 39 17 31 16 38 46 17  1 17 17 43 17 17 17 31 39
 27  9 17 17 27 21  9 17 20 38 14 31 31 46 17 17 17 20 58 17 40 46 17 19
 26 16  9 16 46 39 14 40 40 17 17 57 14 26 58 17]",False,False,0.0,0.0,"[np.int64(44), np.int64(51), np.int64(32), np.int64(57), np.int64(45), np.int64(25), np.int64(51), np.int64(54), np.int64(16), np.int64(44), np.int64(36), np.int64(34), np.int64(58), np.int64(28), np.int64(32), np.int64(41), np.int64(4), np.int64(29), np.int64(32), np.int64(35), np.int64(20), np.int64(60), np.int64(43), np.int64(3), np.int64(50), np.int64(13), np.int64(63), np.int64(62), np.int64(16), np.int64(55), np.int64(13), np.int64(59), np.int64(47), np.int64(53), np.int64(60), np.int64(36), np.int64(36), np.int64(20), np.int64(13), np.int64(54), np.int64(41), np.int64(53), np.int64(8), np.int64(13), np.int64(23), np.int64(10), np.int64(63), np.int64(49), np.int64(36), np.int64(19), np.int64(6), np.int64(57), np.int64(10), np.int64(10), np.int64(5), np.int64(46), np.int64(60), np.int64(2), np.int64(5), np.int64(37), np.int64(20), np.int64(10), np.int64(58), np.int64(54)]","[np.int64(54), np.int64(26), np.int64(12), np.int64(49), np.int64(5), np.int64(10), np.int64(52), np.int64(47), np.int64(8), np.int64(53), np.int64(25), np.int64(0), np.int64(51), np.int64(13), np.int64(46), np.int64(50), np.int64(23), np.int64(29), np.int64(0), np.int64(49), np.int64(1), np.int64(59), np.int64(60), np.int64(42), np.int64(49), np.int64(56), np.int64(55), np.int64(6), np.int64(20), np.int64(5), np.int64(44), np.int64(1), np.int64(36), np.int64(39), np.int64(57), np.int64(43), np.int64(63), np.int64(59), np.int64(4), np.int64(37), np.int64(16), np.int64(50), np.int64(52), np.int64(59), np.int64(61), np.int64(42), np.int64(14), np.int64(40), np.int64(53), np.int64(60), np.int64(59), np.int64(56), np.int64(4), np.int64(36), np.int64(39), np.int64(30), np.int64(36), np.int64(42), np.int64(23), np.int64(36), np.int64(5), np.int64(4), np.int64(60), np.int64(16)]",False,False,0.0,0.0,"[27 17 63 26 58 21 63 27 39 17 58 16 38 40 17 46 17 17  1 17 17 17 43 20
 21  9 17 17 40 21 14 17  1 14 14 31 58 19 17 17 17 20 14 17 21 26 17  9
 26 63 57 16 57 21 43 40 20 17 17  9  1 26 58 17]","[14 17 14 20 19 40  9 27 43 17 38 16 38 40 17 57 17 17  1 17 17 17 40 16
 27 20 17 17 20 14 14 17 20 38 58 31 31 16 17 17 17 21 58 17 40 46 17  9
 26 16 26 16 57 21 14 63 21 17 17  1 21 26 39 17]",False,False,0.0,0.0,"[57 17 63 63 58 57 63 39 58 17 58 16 38 58 17 63 17 17 43 17 17 17 43 58
 27 38 17 17 57 46 16 17 57 38 58 40 58 40 17 17 17 58 58 17 40 46 17 57
 27 63 57 39 57 58 58 63 58 17 17 57 43 26 63 17]","[14 17 26 20 19 57  9  9 38 17  9 16 38 21 17 57 17 17 43 17 17 17 38 31
 26 38 17 17 20 14  9 17 20  1 20 16 14 16 17 17 17 20 14 17 21 26 17  9
 16 16  9 16 57 14 14 31 31 17 17  9 14 26 57 17]",False,False,0.109375,0.0,1.0,0.0,0.0,25,0,0,1.0,0.0,0.0,25,0,0,1.0,0.0,0.0,25,0,0,1.0,0.0,0.0,25,0,0,1.0,0.0,0.0,25,0,0,1.0,0.0,0.0,25,0,0,0.04,0.0,0.0,1,0,0,0.04,0.0,0.0,1,0,0
[0 0 1 ... 0 0 1],12,"[ 8 38 12 41 12 12  2 13 12 18 12 13 12 12 13 13  5 22 12 28 13  4 12 55
 28 42 12 12 12  4 55 12 52  4 55 52 26 42 12 12 41 12 12  4 10 51 10  5
  8 52 13 12 12 42  5 12 10 55 31 13 13 55  2 52]","[26 28 12 41 12 12  2 13 12 42 12 13 12 12  4 13  5 22 12 28 13 39 12  5
 28 13 12 12 12  4 28 12 52 28 26  8 51  5 12 12 39 12 12  2 51 26 55 42
 22 28  4 12 12 42 18 12 13 13 42 52  8 42 52 51]",False,False,0.0,0.0,"[np.int64(63), np.int64(6), np.int64(35), np.int64(47), np.int64(59), np.int64(8), np.int64(22), np.int64(13), np.int64(17), np.int64(55), np.int64(46), np.int64(48), np.int64(5), np.int64(27), np.int64(26), np.int64(54), np.int64(20), np.int64(31), np.int64(13), np.int64(8), np.int64(24), np.int64(43), np.int64(57), np.int64(42), np.int64(37), np.int64(0), np.int64(42), np.int64(14), np.int64(3), np.int64(36), np.int64(35), np.int64(39), np.int64(28), np.int64(52), np.int64(14), np.int64(25), np.int64(10), np.int64(41), np.int64(44), np.int64(22), np.int64(30), np.int64(9), np.int64(43), np.int64(33), np.int64(6), np.int64(29), np.int64(50), np.int64(28), np.int64(50), np.int64(10), np.int64(47), np.int64(25), np.int64(32), np.int64(39), np.int64(26), np.int64(59), np.int64(33), np.int64(36), np.int64(15), np.int64(37), np.int64(43), np.int64(1), np.int64(3), np.int64(47)]","[np.int64(27), np.int64(30), np.int64(25), np.int64(32), np.int64(35), np.int64(2), np.int64(35), np.int64(9), np.int64(16), np.int64(13), np.int64(2), np.int64(31), np.int64(42), np.int64(61), np.int64(54), np.int64(31), np.int64(44), np.int64(3), np.int64(32), np.int64(0), np.int64(55), np.int64(50), np.int64(21), np.int64(18), np.int64(1), np.int64(14), np.int64(13), np.int64(19), np.int64(50), np.int64(35), np.int64(27), np.int64(5), np.int64(40), np.int64(17), np.int64(7), np.int64(43), np.int64(52), np.int64(6), np.int64(11), np.int64(62), np.int64(13), np.int64(43), np.int64(58), np.int64(34), np.int64(15), np.int64(17), np.int64(36), np.int64(53), np.int64(58), np.int64(55), np.int64(7), np.int64(24), np.int64(20), np.int64(12), np.int64(46), np.int64(40), np.int64(15), np.int64(38), np.int64(46), np.int64(16), np.int64(31), np.int64(22), np.int64(3), np.int64(43)]",False,False,0.0,0.0,"[ 2 28 12 41 12 12  2 13 12 42 12 38 12 12 10 13 38 10 12 28 28 42 12 13
  4 13 12 12 12 22 55 12 28  4 55 52 28 42 12 12 39 12 12 27 18  8 41  5
 39 52  5 12 12 55 18 12 42 13 42 52 13 52 42 42]","[ 8 28 12 41 12 12  2 13 12 28 12  8 12 12 51 13  5 27 12  2 18  4 12  5
 28 13 12 12 12 42 55 12 52 28 42 52 28 42 12 12 55 12 12  4  8 26 22  2
 39 31  5 12 12 42  5 12 42 13 22 52 13 42 52 51]",False,False,0.0,0.0,"[52 41 12 41 12 12  2 31 12 42 12 55 12 12 51 13 38 31 12 28 41 39 12 55
 39 52 12 12 12 42 55 12 52 51 55 52 51 42 12 12 55 12 12 55 51 51 55 52
 39 52 27 12 12 55 27 12 42 55 51 55 39 55 52 52]","[ 8 28 12 41 12 12  2 13 12 28 12  4 12 12 13 13 13 27 12 28 28  4 12 13
 13  4 12 12 12  4 28 12 28 28 26  8 28 39 12 12 39 12 12  5  8  8 55  5
 39 28 13 12 12 55  5 12 13 13  4 39 13 13 13  2]",False,False,0.109375,0.0,1.0,0.0,0.0,25,0,0,1.0,0.0,0.0,25,0,0,1.0,0.0,0.0,25,0,0,1.0,0.0,0.0,25,0,0,1.0,0.0,0.0,25,0,0,1.0,0.0,0.0,25,0,0,0.04,0.0,0.0,1,0,0,0.04,0.0,0.0,1,0,0
[0 0 1 ... 1 0 1],38,"[21 24 38 41 24 41 59 35  2 53 23 19 19 18 43 24  1 21 38 38 35 38 19 38
 38 32 21 18 18  2 53 18 18 21  2 38 35 21 38 23 21 38 41  2  2 18 53  2
 18 41 23 41 41 38 18 18 34 35 53  2 41 53 53 35]","[ 2 24 38 41 41 23 61 21 23 19 23 19 23 18 62 24 43 21 38 38 35 38 21 38
 38 55 21 18 19  2 53 53 53 24 35 38 35  2 38 23 35 38 41  2 18 21 53  2
 18  2 23 24 41 38 18  2 48 35 21  2 53 19 24 35]",False,False,0.0,0.0,"[np.int64(43), np.int64(22), np.int64(17), np.int64(57), np.int64(15), np.int64(25), np.int64(4), np.int64(22), np.int64(21), np.int64(5), np.int64(60), np.int64(58), np.int64(51), np.int64(60), np.int64(13), np.int64(6), np.int64(53), np.int64(61), np.int64(15), np.int64(31), np.int64(49), np.int64(46), np.int64(46), np.int64(12), np.int64(13), np.int64(61), np.int64(9), np.int64(60), np.int64(44), np.int64(18), np.int64(15), np.int64(52), np.int64(14), np.int64(15), np.int64(43), np.int64(25), np.int64(8), np.int64(0), np.int64(54), np.int64(48), np.int64(10), np.int64(1), np.int64(55), np.int64(16), np.int64(9), np.int64(24), np.int64(51), np.int64(26), np.int64(16), np.int64(34), np.int64(4), np.int64(46), np.int64(44), np.int64(12), np.int64(51), np.int64(12), np.int64(18), np.int64(60), np.int64(52), np.int64(63), np.int64(50), np.int64(39), np.int64(55), np.int64(2)]","[np.int64(32), np.int64(16), np.int64(6), np.int64(17), np.int64(38), np.int64(4), np.int64(50), np.int64(30), np.int64(39), np.int64(42), np.int64(41), np.int64(24), np.int64(13), np.int64(54), np.int64(11), np.int64(45), np.int64(57), np.int64(5), np.int64(1), np.int64(6), np.int64(36), np.int64(11), np.int64(45), np.int64(62), np.int64(43), np.int64(32), np.int64(33), np.int64(48), np.int64(41), np.int64(48), np.int64(18), np.int64(40), np.int64(0), np.int64(23), np.int64(32), np.int64(12), np.int64(44), np.int64(4), np.int64(45), np.int64(7), np.int64(29), np.int64(38), np.int64(34), np.int64(40), np.int64(53), np.int64(10), np.int64(28), np.int64(43), np.int64(45), np.int64(56), np.int64(37), np.int64(43), np.int64(38), np.int64(25), np.int64(28), np.int64(55), np.int64(8), np.int64(36), np.int64(12), np.int64(2), np.int64(7), np.int64(25), np.int64(58), np.int64(5)]",False,False,0.0,0.0,"[ 2 24 38 41 24 23 58  2  2 41 18 19 19 19 61 24 31 21 38 38 35 38 19 38
 38 63 21 18 19  2 53 53 35 18 41 38 35 23 38 19 53 38 41  2  2 21 53  2
 18  2 23 24 41 38 18 18 42 21 53  2 21 53 19 35]","[ 2 24 38 41 24 41 42 21 23 53 24 19 21  2 15 24 46 21 38 38 35 38 41 38
 38 31 18 18 19  2 53 53 35 24  2 38 35 21 38 19  2 38 23 23  2 53 53 19
 18 41 23 24 41 38 18 35 42 35 53  2 21 23 19 35]",False,False,0.0,0.0,"[41 53 38 41 41 41 61 35 24 53 35 19 24 53 60 24 62 21 38 38 35 38 41 38
 38 63 21 18 18  2 53 53 53 41 41 38 35 23 38 23 53 38 41 23 18 53 53 24
 53 41 23 41 41 38 18 35 57 35 53  2 53 53 53 35]","[41 24 38 41 24 41 26 21 24 24 24 19 24  2 55 24 43 21 38 38 35 38 24 38
 38 55 18 18 19  2 53 18 18 24 35 38 35 21 38 19 24 38 41 23  2 41 53  2
  2  2 23 41 41 38 18 21  5 35 21  2 41 35 24 35]",False,False,0.109375,0.0,1.0,0.0,0.0,25,0,0,1.0,0.0,0.0,25,0,0,1.0,0.0,0.0,25,0,0,1.0,0.0,0.0,25,0,0,1.0,0.0,0.0,25,0,0,1.0,0.0,0.0,25,0,0,0.04,0.0,0.0,1,0,0,0.04,0.0,0.0,1,0,0
[1 0 0 ... 0 0 0],62,"[12 58  9 62 57 57 25 25 52 62 48 52 62 62 34 58 12 23 34 48  9 52 48 62
 49 62 35 13 57 34 62 61 12 35 62 62 49 13 25 58 35 49 12 25 23 25 61 13
 62 62 52 12 62 30 25 23 62 62 62 48 34 62 62  3]","[ 3 30 52 62 13 57 25 34 52 62 58 13 62 62 30 52 56 49 58 34  9  9 57 62
 57 62 35 13 57 52 62 52 12 49 62 62 58 23 49 58  3 49 30 49 34 25 13 61
 62 62 34 49 62 30 23 25 62 62 62 48 34 62 62 34]",False,False,0.0,0.0,"[np.int64(61), np.int64(22), np.int64(63), np.int64(1), np.int64(7), np.int64(63), np.int64(12), np.int64(41), np.int64(21), np.int64(59), np.int64(38), np.int64(58), np.int64(8), np.int64(11), np.int64(37), np.int64(53), np.int64(39), np.int64(40), np.int64(55), np.int64(24), np.int64(61), np.int64(41), np.int64(32), np.int64(22), np.int64(21), np.int64(46), np.int64(43), np.int64(40), np.int64(57), np.int64(7), np.int64(18), np.int64(52), np.int64(31), np.int64(32), np.int64(26), np.int64(20), np.int64(37), np.int64(16), np.int64(46), np.int64(50), np.int64(39), np.int64(51), np.int64(17), np.int64(55), np.int64(46), np.int64(59), np.int64(51), np.int64(2), np.int64(9), np.int64(29), np.int64(29), np.int64(1), np.int64(37), np.int64(30), np.int64(44), np.int64(8), np.int64(1), np.int64(35), np.int64(60), np.int64(35), np.int64(59), np.int64(3), np.int64(8), np.int64(39)]","[np.int64(10), np.int64(11), np.int64(22), np.int64(18), np.int64(5), np.int64(36), np.int64(50), np.int64(46), np.int64(48), np.int64(6), np.int64(59), np.int64(6), np.int64(7), np.int64(34), np.int64(40), np.int64(9), np.int64(51), np.int64(33), np.int64(17), np.int64(23), np.int64(35), np.int64(30), np.int64(27), np.int64(48), np.int64(29), np.int64(4), np.int64(59), np.int64(58), np.int64(43), np.int64(48), np.int64(57), np.int64(44), np.int64(35), np.int64(9), np.int64(51), np.int64(23), np.int64(13), np.int64(55), np.int64(21), np.int64(44), np.int64(37), np.int64(52), np.int64(55), np.int64(60), np.int64(16), np.int64(17), np.int64(15), np.int64(43), np.int64(4), np.int64(61), np.int64(12), np.int64(2), np.int64(25), np.int64(1), np.int64(18), np.int64(31), np.int64(16), np.int64(0), np.int64(23), np.int64(46), np.int64(47), np.int64(16), np.int64(21), np.int64(30)]",False,False,0.0,0.0,"[12 58 52 62 13 56 25  3 56 62 58 52 62 62 34 56 12 23  3 48 13 52 13 62
 57 62 35 12 30 34 62 52 12 49 62 62 49 13 25 56 35 49 34 48 34 25 49 61
 62 62 35 13 62 58 25 23 62 62 62 48  9 62 62  3]","[12 58 57 62 13 48 25 34 49 62 58 13 62 62 61 58 23 61 58 34 25 52 48 62
 49 62 35 13 30 52 62 52 12 25 62 62 61 48 25 58  3 49 12 25 34 25 61 61
 62 62 52 57 62 13 25 25 62 62 62 48  9 62 62 34]",False,False,0.0,0.0,"[12 58 58 62 58 57 35 57 56 62 58 52 62 62 61 56 56 61 58 49 52 52 57 62
 57 62 35 48 57 57 62 61 12 49 62 62 61 58 58 58 35 49 61 49 61 56 61 61
 62 62 52 57 62 56 35 61 62 62 62 48 34 62 62 57]","[12 25 58 62 13 48 25 34 56 62 58 13 62 62 34 52 52 34 25 34 25  9 48 62
 49 62 35 13 30 34 62 61 12 25 62 62 58 25 25 58 35 49 61 25 34 25 49 13
 62 62 34 25 62 58 25 61 62 62 62 48 34 62 62 34]",False,False,0.109375,0.0,1.0,0.0,0.0,25,0,0,1.0,0.0,0.0,25,0,0,1.0,0.0,0.0,25,0,0,1.0,0.0,0.0,25,0,0,1.0,0.0,0.0,25,0,0,1.0,0.0,0.0,25,0,0,0.04,0.0,0.0,1,0,0,0.04,0.0,0.0,1,0,0
[0 1 0 ... 0 0 1],19,"[28 11 24 39 12 19 34  9 34 19 39 19 19 34  9 24 19 50 26 19 24  5 19 28
 19 50 19 50 19 39 19 53 26 34 19 45  9 50  5 19 50 24 28 39 34 28 47 19
 50 47 19 16 26  9  5 11  5 28 34 30 22 47 37 26]","[30 11 24 50 12 19 39 28 11 19 39 19 19 34  9 28 19 24 26 19 26 11 19 28
 19 39 19 26 19 26 19 20 26 47 19 45 26 11 24 19 39 47 16 11  5 34 47 19
 28 16 19 16 11  9  5 50 34 39 26 47 34 11  7 26]",False,False,0.0,0.0,"[np.int64(10), np.int64(48), np.int64(38), np.int64(26), np.int64(43), np.int64(12), np.int64(4), np.int64(22), np.int64(6), np.int64(63), np.int64(32), np.int64(3), np.int64(46), np.int64(10), np.int64(58), np.int64(16), np.int64(51), np.int64(48), np.int64(56), np.int64(57), np.int64(25), np.int64(8), np.int64(59), np.int64(21), np.int64(13), np.int64(63), np.int64(62), np.int64(14), np.int64(55), np.int64(17), np.int64(48), np.int64(31), np.int64(40), np.int64(57), np.int64(12), np.int64(45), np.int64(56), np.int64(2), np.int64(54), np.int64(60), np.int64(11), np.int64(44), np.int64(35), np.int64(60), np.int64(9), np.int64(57), np.int64(50), np.int64(48), np.int64(24), np.int64(37), np.int64(25), np.int64(11), np.int64(32), np.int64(59), np.int64(50), np.int64(24), np.int64(58), np.int64(11), np.int64(45), np.int64(44), np.int64(62), np.int64(15), np.int64(39), np.int64(28)]","[np.int64(62), np.int64(33), np.int64(23), np.int64(5), np.int64(6), np.int64(47), np.int64(49), np.int64(16), np.int64(10), np.int64(40), np.int64(15), np.int64(49), np.int64(31), np.int64(50), np.int64(24), np.int64(30), np.int64(45), np.int64(28), np.int64(31), np.int64(50), np.int64(25), np.int64(11), np.int64(2), np.int64(1), np.int64(32), np.int64(56), np.int64(60), np.int64(28), np.int64(13), np.int64(44), np.int64(48), np.int64(28), np.int64(11), np.int64(39), np.int64(30), np.int64(27), np.int64(24), np.int64(28), np.int64(58), np.int64(62), np.int64(60), np.int64(44), np.int64(58), np.int64(55), np.int64(51), np.int64(8), np.int64(8), np.int64(48), np.int64(28), np.int64(50), np.int64(30), np.int64(0), np.int64(4), np.int64(45), np.int64(53), np.int64(54), np.int64(2), np.int64(45), np.int64(63), np.int64(32), np.int64(40), np.int64(7), np.int64(47), np.int64(10)]",False,False,0.0,0.0,"[26 28 24 22 22 19 34 22 26 19 34 19 19 26  9 11 19 16 39 19 24 11 19 22
 19  9 19 16 19 50 19 45 26 34 19 21 16 11 11 19 39  5 16 11 11 28 26 19
 50 12 19 16 26  9  5 24  5 28 34 30 11 11 58  9]","[28 11 24 30 22 19 50 34 11 19 34 19 19 34  9 28 19 24 22 19 24 50 19 28
 19 28 19 50 19 26 19 20 26 34 19 23 26 16 11 19 26 11 28 16 11 34 26 19
 50 22 19 26 11 11  5 26 34 12 34 47 47 24 40 26]",False,False,0.0,0.0,"[30 28 24 50 34 19 50 34 47 19 39 19 19 34  9 34 19 50 47 19 24 50 19 22
 19 50 19 50 19 50 19 63 26 47 19 63 39 50 24 19 50 47 28 39 34 50 47 19
 50 47 19 16 39  9  5 50 50 39 34 47 47 47 59 26]","[26 28 24 39 34 19 34 34 11 19 34 19 19 26  9 11 19 26 26 19 26 11 19 28
 19 28 19 26 19 26 19 20 26 34 19 58 26 11 11 19 26 11 28 16 11 28 26 19
 28 11 19 26 26 11  5 26 34 28 26 30 11 11  7 26]",False,False,0.109375,0.0,1.0,0.0,0.0,25,0,0,1.0,0.0,0.0,25,0,0,1.0,0.0,0.0,25,0,0,1.0,0.0,0.0,25,0,0,1.0,0.0,0.0,25,0,0,1.0,0.0,0.0,25,0,0,0.04,0.0,0.0,1,0,0,0.04,0.0,0.0,1,0,0
[1 0 0 ... 0 0 0],62,"[ 3 25  9 62 57 57 35  3 52 62 58  9 62 62 61 34 52 30 34 30  9  9 48 62
 57 62 35 48 30 57 62 52 12 35 62 62 58 13 58 61 35  3 61 25 34 25 49 61
 62 62 35 13 62 58 13  9 62 62 62 48  9 62 62 49]","[12 25 52 62 13 48 25 34 56 62 58 49 62 62 61 61  3 34 58 34 52 52 30 62
 49 62 35 48 57 52 62 52 12 35 62 62 49 30 58 58  3  3 34 25 34 25 25 61
 62 62 52 57 62 58 25 30 62 62 62 48 34 62 62 34]",False,False,0.0,0.0,"[np.int64(56), np.int64(4), np.int64(13), np.int64(58), np.int64(6), np.int64(9), np.int64(47), np.int64(10), np.int64(1), np.int64(36), np.int64(42), np.int64(58), np.int64(1), np.int64(11), np.int64(11), np.int64(7), np.int64(51), np.int64(10), np.int64(62), np.int64(53), np.int64(47), np.int64(16), np.int64(6), np.int64(42), np.int64(35), np.int64(20), np.int64(21), np.int64(22), np.int64(2), np.int64(46), np.int64(0), np.int64(45), np.int64(16), np.int64(16), np.int64(13), np.int64(58), np.int64(54), np.int64(3), np.int64(55), np.int64(63), np.int64(23), np.int64(23), np.int64(0), np.int64(48), np.int64(3), np.int64(15), np.int64(34), np.int64(1), np.int64(55), np.int64(5), np.int64(22), np.int64(0), np.int64(47), np.int64(1), np.int64(45), np.int64(51), np.int64(29), np.int64(17), np.int64(7), np.int64(27), np.int64(57), np.int64(60), np.int64(15), np.int64(59)]","[np.int64(8), np.int64(30), np.int64(48), np.int64(42), np.int64(14), np.int64(63), np.int64(30), np.int64(12), np.int64(6), np.int64(22), np.int64(45), np.int64(46), np.int64(37), np.int64(45), np.int64(54), np.int64(12), np.int64(53), np.int64(48), np.int64(8), np.int64(28), np.int64(39), np.int64(42), np.int64(20), np.int64(22), np.int64(37), np.int64(22), np.int64(3), np.int64(30), np.int64(52), np.int64(0), np.int64(61), np.int64(55), np.int64(54), np.int64(2), np.int64(30), np.int64(59), np.int64(60), np.int64(48), np.int64(3), np.int64(6), np.int64(36), np.int64(31), np.int64(10), np.int64(16), np.int64(26), np.int64(43), np.int64(22), np.int64(58), np.int64(0), np.int64(55), np.int64(15), np.int64(55), np.int64(30), np.int64(53), np.int64(9), np.int64(4), np.int64(1), np.int64(56), np.int64(38), np.int64(54), np.int64(60), np.int64(37), np.int64(33), np.int64(62)]",False,False,0.0,0.0,"[12 25 52 62 58 49 35 25 52 62 58 52 62 62 30 56 52 30 58 30 56  9 48 62
 49 62 35  3 30 52 62 61 12 49 62 62 52 58 49 58 35 49 12 35 61 25 13 13
 62 62 52 30 62 30  3 48 62 62 62 48  9 62 62 57]","[12 30 58 62 49 49 25 34 52 62 58  9 62 62 52 61 23 61 25 30 25  9 30 62
 57 62 35 48 30 52 62 61 12 25 62 62 58 58 25 56 35 49 34 49 34 56 58 13
 62 62 34 57 62 30 25 13 62 62 62 48  9 62 62 34]",False,False,0.0,0.0,"[12 58 58 62 58 57 35 57 56 62 58 52 62 62 61 56 56 61 58 49 52 52 57 62
 57 62 35 48 57 57 62 61 12 49 62 62 61 58 58 58 35 49 61 49 61 56 61 61
 62 62 52 57 62 56 35 61 62 62 62 48 34 62 62 57]","[12 25 58 62 13 48 25 34 56 62 58 13 62 62 34 52 52 34 25 34 25  9 48 62
 49 62 35 13 30 34 62 61 12 25 62 62 58 25 25 58 35 49 61 25 34 25 49 13
 62 62 34 25 62 58 25 61 62 62 62 48 34 62 62 34]",False,False,0.109375,0.0,1.0,0.0,0.0,25,0,0,1.0,0.0,0.0,25,0,0,1.0,0.0,0.0,25,0,0,1.0,0.0,0.0,25,0,0,1.0,0.0,0.0,25,0,0,1.0,0.0,0.0,25,0,0,0.04,0.0,0.0,1,0,0,0.04,0.0,0.0,1,0,0
[0 1 0 ... 0 0 1],19,"[30 11 24 39 34 19 39  9 26 19 34 19 19 34  9 24 19 16  9 19 22 50 19 28
 19 39 19 16 19 39 19 21 26 34 19 58 39 50  5 19 50 47 28 11 34 39 16 19
 28 47 19 26 39  9  5 24  5 39 30 16 47 39 10 26]","[24 11 24 30 34 19 50 34 47 19 39 19 19 26  9 28 19 24 30 19 24 28 19 28
 19 50 19 16 19 39 19 53 26 34 19 44 39 11 24 19 50 11 16 16  5 50 26 19
 28 47 19 16 39  9  5 26 50 39 34 30 11 39 58 26]",False,False,0.0,0.0,"[np.int64(59), np.int64(53), np.int64(34), np.int64(57), np.int64(39), np.int64(12), np.int64(43), np.int64(3), np.int64(37), np.int64(34), np.int64(38), np.int64(29), np.int64(46), np.int64(62), np.int64(33), np.int64(2), np.int64(47), np.int64(61), np.int64(43), np.int64(8), np.int64(53), np.int64(1), np.int64(30), np.int64(56), np.int64(49), np.int64(63), np.int64(54), np.int64(27), np.int64(51), np.int64(30), np.int64(49), np.int64(40), np.int64(48), np.int64(2), np.int64(30), np.int64(36), np.int64(1), np.int64(49), np.int64(61), np.int64(16), np.int64(33), np.int64(50), np.int64(4), np.int64(14), np.int64(1), np.int64(41), np.int64(15), np.int64(43), np.int64(62), np.int64(19), np.int64(33), np.int64(59), np.int64(4), np.int64(23), np.int64(42), np.int64(35), np.int64(38), np.int64(9), np.int64(56), np.int64(49), np.int64(50), np.int64(59), np.int64(40), np.int64(6)]","[np.int64(3), np.int64(54), np.int64(26), np.int64(5), np.int64(10), np.int64(1), np.int64(50), np.int64(38), np.int64(22), np.int64(54), np.int64(24), np.int64(58), np.int64(5), np.int64(45), np.int64(49), np.int64(31), np.int64(31), np.int64(45), np.int64(26), np.int64(37), np.int64(9), np.int64(62), np.int64(20), np.int64(12), np.int64(29), np.int64(21), np.int64(52), np.int64(9), np.int64(23), np.int64(12), np.int64(47), np.int64(33), np.int64(18), np.int64(31), np.int64(63), np.int64(0), np.int64(62), np.int64(4), np.int64(9), np.int64(51), np.int64(62), np.int64(51), np.int64(47), np.int64(30), np.int64(21), np.int64(26), np.int64(22), np.int64(24), np.int64(58), np.int64(48), np.int64(20), np.int64(3), np.int64(38), np.int64(54), np.int64(46), np.int64(20), np.int64(59), np.int64(41), np.int64(7), np.int64(32), np.int64(30), np.int64(45), np.int64(58), np.int64(21)]",False,False,0.0,0.0,"[28 11 24 39 22 19 39 24 16 19 39 19 19 26  9 28 19 50 26 19 26 11 19 22
 19 39 19 28 19 26 19 45 26 47 19 32  9  5 24 19 26 47 28  9 34 39 47 19
 28 16 19 16 39  9  5 24 34 12 30 47 34 24 42  9]","[26 28 24 30 28 19 50 16 16 19 34 19 19 26  9 24 19 24 30 19 24 28 19 22
 19 39 19 26 19 24 19 46 26 34 19 32 11 50 24 19 39 11 28 22 11 50 26 19
 28 11 19 26 11 11  5 11 34 12 30 16 34 28 58 26]",False,False,0.0,0.0,"[30 28 24 50 34 19 50 34 47 19 39 19 19 34  9 34 19 50 47 19 24 50 19 22
 19 50 19 50 19 50 19 63 26 47 19 63 39 50 24 19 50 47 28 39 34 50 47 19
 50 47 19 16 39  9  5 50 50 39 34 47 47 47 59 26]","[26 28 24 39 34 19 34 34 11 19 34 19 19 26  9 11 19 26 26 19 26 11 19 28
 19 28 19 26 19 26 19 20 26 34 19 58 26 11 11 19 26 11 28 16 11 28 26 19
 28 11 19 26 26 11  5 26 34 28 26 30 11 11  7 26]",False,False,0.109375,0.0,1.0,0.0,0.0,25,0,0,1.0,0.0,0.0,25,0,0,1.0,0.0,0.0,25,0,0,1.0,0.0,0.0,25,0,0,1.0,0.0,0.0,25,0,0,1.0,0.0,0.0,25,0,0,0.04,0.0,0.0,1,0,0,0.04,0.0,0.0,1,0,0
[0 0 0 ... 0 1 0],59,"[40 35 55 59 19 53 47 55 59 34  8 19 47 18 59 53 59 59  8 59 14 35 59 48
  8 59 25 35  8 55 55 25 16 19 59 59 14 34 19 35 35  3 17 25 53 35 25 59
 59 53 53 55 53 59  3 59 19 25  3 59  3 17 55 14]","[11 35 17 59 14 17 22  8 59 14 17 55 47 10 59 17 59 59  8 59 17 14 59  8
  8 59 14 34 47 55 55 53 17  8 59 59 14 34 19 35 35  8 25 14 48 34 25 59
 59 53 53 47 53 59 14 59 47 19 22 59 17 17 22 35]",False,False,0.0,0.0,"[np.int64(27), np.int64(41), np.int64(21), np.int64(48), np.int64(46), np.int64(32), np.int64(36), np.int64(59), np.int64(1), np.int64(22), np.int64(22), np.int64(36), np.int64(51), np.int64(41), np.int64(59), np.int64(18), np.int64(9), np.int64(28), np.int64(31), np.int64(28), np.int64(54), np.int64(46), np.int64(0), np.int64(22), np.int64(26), np.int64(14), np.int64(43), np.int64(44), np.int64(25), np.int64(3), np.int64(42), np.int64(44), np.int64(37), np.int64(23), np.int64(37), np.int64(25), np.int64(3), np.int64(54), np.int64(4), np.int64(61), np.int64(6), np.int64(40), np.int64(53), np.int64(27), np.int64(52), np.int64(44), np.int64(37), np.int64(3), np.int64(23), np.int64(1), np.int64(55), np.int64(57), np.int64(61), np.int64(19), np.int64(5), np.int64(12), np.int64(58), np.int64(51), np.int64(39), np.int64(55), np.int64(43), np.int64(50), np.int64(55), np.int64(10)]","[np.int64(13), np.int64(29), np.int64(46), np.int64(29), np.int64(53), np.int64(44), np.int64(4), np.int64(47), np.int64(25), np.int64(7), np.int64(48), np.int64(1), np.int64(33), np.int64(39), np.int64(8), np.int64(30), np.int64(39), np.int64(45), np.int64(13), np.int64(25), np.int64(61), np.int64(59), np.int64(5), np.int64(36), np.int64(43), np.int64(47), np.int64(37), np.int64(45), np.int64(7), np.int64(54), np.int64(23), np.int64(34), np.int64(2), np.int64(31), np.int64(0), np.int64(9), np.int64(9), np.int64(14), np.int64(3), np.int64(11), np.int64(11), np.int64(63), np.int64(35), np.int64(22), np.int64(55), np.int64(43), np.int64(8), np.int64(45), np.int64(8), np.int64(30), np.int64(20), np.int64(18), np.int64(32), np.int64(62), np.int64(7), np.int64(23), np.int64(8), np.int64(39), np.int64(9), np.int64(45), np.int64(29), np.int64(13), np.int64(25), np.int64(21)]",False,False,0.0,0.0,"[11 35 16 59 14 17 47 55 59 35 16 55 47 18 59 14 59 59  8 59 14 35 59 35
 53 59 19 34 47 25 48 22  3 19 59 59 14 22 19 48 35  8 14 25 14 22  3 59
 59 53 22 35 53 59  3 59 48 25 22 59  3 17 22 35]","[54 35 17 59 53 17 47 55 59 34 16 22 47 12 59 14 59 59  8 59 14 14 59 47
 47 59 25 47  8 25 25 53 17 22 59 59 19 53 19 35 35  8 14 53 48 22 14 59
 59 48 22 17 53 59 14 59 47 19 53 59 17 17 22 14]",False,False,0.0,0.0,"[63 35 55 59 53 53 47 55 59 35 55 55 47 57 59 55 59 59  8 59 17 35 59 48
 47 59 25 47 47 55 55 53 17 22 59 59 22 53 19 48 35  8 25 53 48 48 34 59
 59 47 53 47 53 59 14 59 48 53 53 59 17 25 55 55]","[40 35 17 59 17 53 22  8 59 34 17 19 47 21 59 17 59 59  8 59 17 14 59 47
 47 59 14 47 47 55 25  8 17  8 59 59 14 22 19 35 35  8 17 14 55 22 14 59
 59 47  8 17 17 59 14 59 47 47 22 59 17 17 22 14]",False,False,0.109375,0.0,1.0,0.0,0.0,25,0,0,1.0,0.0,0.0,25,0,0,1.0,0.0,0.0,25,0,0,1.0,0.0,0.0,25,0,0,1.0,0.0,0.0,25,0,0,1.0,0.0,0.0,25,0,0,0.04,0.0,0.0,1,0,0,0.04,0.0,0.0,1,0,0
[1 0 0 ... 0 0 1],14,"[38 31 14 59 20 54 16 54 59 16 55  2 38 36 14 16 14 58 46 55 14 54 58 58
 42 55 34 16 16 46 14 36 54 36 20 16 14 54 14 36 36 55 46 36 38 58 14  2
 58 38 38 58 46 58 14 14 55  2 14 14 55 46 58 30]","[46 35 14 59 20 54 54 36 59 16  2 59 38 36 14 58 14 58 59 54 14 20 58 58
 18 58  9 16 16 20 14 36 59 38 20 16 14 54 14 54 20 59 46 46 38  2 14 55
 58 54 59 58 54 59 14 14 16 46 14 14 55 46 58 46]",False,False,0.0,0.0,"[np.int64(57), np.int64(27), np.int64(53), np.int64(57), np.int64(26), np.int64(6), np.int64(34), np.int64(52), np.int64(53), np.int64(43), np.int64(18), np.int64(39), np.int64(36), np.int64(48), np.int64(13), np.int64(50), np.int64(59), np.int64(2), np.int64(3), np.int64(53), np.int64(39), np.int64(20), np.int64(19), np.int64(43), np.int64(34), np.int64(16), np.int64(43), np.int64(9), np.int64(11), np.int64(58), np.int64(52), np.int64(50), np.int64(21), np.int64(63), np.int64(31), np.int64(34), np.int64(26), np.int64(63), np.int64(28), np.int64(5), np.int64(51), np.int64(4), np.int64(17), np.int64(6), np.int64(50), np.int64(37), np.int64(58), np.int64(35), np.int64(35), np.int64(24), np.int64(1), np.int64(60), np.int64(46), np.int64(58), np.int64(58), np.int64(34), np.int64(37), np.int64(34), np.int64(2), np.int64(30), np.int64(1), np.int64(23), np.int64(26), np.int64(57)]","[np.int64(37), np.int64(34), np.int64(38), np.int64(15), np.int64(33), np.int64(0), np.int64(26), np.int64(55), np.int64(39), np.int64(16), np.int64(51), np.int64(59), np.int64(3), np.int64(28), np.int64(31), np.int64(11), np.int64(46), np.int64(45), np.int64(60), np.int64(24), np.int64(36), np.int64(48), np.int64(28), np.int64(52), np.int64(38), np.int64(17), np.int64(2), np.int64(35), np.int64(46), np.int64(38), np.int64(41), np.int64(19), np.int64(2), np.int64(53), np.int64(57), np.int64(44), np.int64(44), np.int64(0), np.int64(3), np.int64(37), np.int64(48), np.int64(18), np.int64(51), np.int64(40), np.int64(50), np.int64(61), np.int64(17), np.int64(28), np.int64(48), np.int64(48), np.int64(13), np.int64(41), np.int64(15), np.int64(22), np.int64(11), np.int64(32), np.int64(30), np.int64(6), np.int64(47), np.int64(23), np.int64(7), np.int64(9), np.int64(21), np.int64(42)]",False,False,0.0,0.0,"[38 31 14 59 55 55  2 54 59 36  2  2 59 36 14 54 14 20 46 55 14 20 58 30
 42 30 11 16 38 20 14 36 30 59 46 54 14 54 14 54 54 59 55 46  2 30 14 38
 58 38 30 59 54 58 14 14 36 46 14 14 55 46 58 46]","[46 31 14 59 20 54 16 54 59 58 36 55 46 30 14 58 14 20 46 54 14 16  2 58
 42 54 15 16 16 46 14 36 59 59 20 16 14 58 14 54 36 58 46 46 38  2 14 38
 58 36 20 59 46 59 14 14 36 46 14 14 55 46 58 46]",False,False,0.0,0.0,"[58 56 14 59 55 55 54 54 59 58 55 59 59 59 14 58 14 58 59 55 14 54 58 58
 63 58 61 16 38 46 14 59 59 59 46 54 14 58 14 58 54 58 55 36 38 58 14 55
 58 54 54 58 54 59 14 14 55 46 14 14 55 46 58 55]","[46  9 14 59 20 54 54 46 59 38  2 59 46 36 14 54 14 20 54 54 14 54  2 36
 18 36  9 16 38 46 14 36 54 38 46 16 14 54 14 54 36 59 46 46  2 58 14 38
 58 54 54 59 46 59 14 14 36 46 14 14 55 46 38 46]",False,False,0.109375,0.0,1.0,0.0,0.0,25,0,0,1.0,0.0,0.0,25,0,0,1.0,0.0,0.0,25,0,0,1.0,0.0,0.0,25,0,0,1.0,0.0,0.0,25,0,0,1.0,0.0,0.0,25,0,0,0.04,0.0,0.0,1,0,0,0.04,0.0,0.0,1,0,0
[0 1 1 ... 0 0 1],63,"[58 58 63 21 58 38 59 58 63 21 16 31 38 63 27 21 63 63 58 31 46 63 16 27
 31  8 58 63 21 49 49 63 58 17 27 46 31 63 63 17 17 49 59 16 21 13 63 59
 16 63 59 37 17 27 17 17 38 46 63 63 16 46 49 63]","[58 27 63 21 58 46 59 31 63 31 46 21 21 63 46 17 63 63 37  8 46 63 16 27
 46  8 16 63 21 49 49 63 37  2 27 31 37 63 63 17 37 13  8 46 37 13 63 46
 16 63 59  2 17 27 46 16  2 37 63 63 27 49 37 63]",False,False,0.0,0.0,"[np.int64(48), np.int64(40), np.int64(21), np.int64(11), np.int64(45), np.int64(55), np.int64(27), np.int64(44), np.int64(19), np.int64(58), np.int64(28), np.int64(38), np.int64(45), np.int64(7), np.int64(47), np.int64(41), np.int64(28), np.int64(40), np.int64(42), np.int64(45), np.int64(50), np.int64(56), np.int64(43), np.int64(40), np.int64(57), np.int64(40), np.int64(59), np.int64(13), np.int64(10), np.int64(6), np.int64(47), np.int64(26), np.int64(55), np.int64(41), np.int64(47), np.int64(54), np.int64(11), np.int64(25), np.int64(37), np.int64(19), np.int64(11), np.int64(22), np.int64(27), np.int64(37), np.int64(4), np.int64(63), np.int64(55), np.int64(56), np.int64(38), np.int64(60), np.int64(49), np.int64(54), np.int64(21), np.int64(59), np.int64(41), np.int64(1), np.int64(11), np.int64(62), np.int64(30), np.int64(7), np.int64(38), np.int64(19), np.int64(63), np.int64(57)]","[np.int64(29), np.int64(18), np.int64(17), np.int64(9), np.int64(24), np.int64(10), np.int64(25), np.int64(8), np.int64(53), np.int64(26), np.int64(0), np.int64(18), np.int64(25), np.int64(3), np.int64(9), np.int64(35), np.int64(19), np.int64(3), np.int64(50), np.int64(2), np.int64(3), np.int64(47), np.int64(51), np.int64(50), np.int64(1), np.int64(27), np.int64(39), np.int64(35), np.int64(47), np.int64(46), np.int64(54), np.int64(1), np.int64(8), np.int64(22), np.int64(38), np.int64(23), np.int64(4), np.int64(30), np.int64(48), np.int64(11), np.int64(58), np.int64(19), np.int64(47), np.int64(57), np.int64(47), np.int64(52), np.int64(10), np.int64(47), np.int64(19), np.int64(3), np.int64(51), np.int64(50), np.int64(63), np.int64(5), np.int64(16), np.int64(19), np.int64(1), np.int64(27), np.int64(22), np.int64(60), np.int64(28), np.int64(59), np.int64(35), np.int64(59)]",False,False,0.0,0.0,"[ 2  8 63 21 58 38 17 21 63 21  8 31 38 63 21 21 63 63 59 21 46 63 16 49
 37  8 16 63 21  2 49 63 59 27 27 46 37 63 63 58  2 27 59 16 21 49 63 46
 16 63 59  2 58 27 17 16 37 59 63 63 16  8 38 63]","[58 58 63 21 58 21 59 16 63 31  8 31 21 63 46 27 63 63  8 21 46 63 16 27
  2 46 27 63 21  2 59 63 37  2 27 31 37 63 63 58 17 27 31 31 37 49 63 46
 13 63 59 16 17 13 17  8  2 37 63 63 49 46  2 63]",False,False,0.0,0.0,"[59 58 63 21 58 46 59 58 63 31 46 58 58 63 58 27 63 63 59 58 46 63 21 49
 46 49 58 63 21 49 59 63 59 27 46 46 37 63 63 58 37 59 59 59 37 59 63 59
 31 63 59 37 58 46 46 17 37 59 63 63 58 49 49 63]","[59  8 63 21 58 46 59 37 63 31 46 31 38 63 46 27 63 63 37 31 46 63 13 27
 37 46 27 63 21 49 59 63 37  8 46 46 37 63 63 17 37 59 31 31 37 13 63 46
 31 63 59 37 17 46 46  8 31 37 63 63 49 46 37 63]",False,False,0.109375,0.0,1.0,0.0,0.0,25,0,0,1.0,0.0,0.0,25,0,0,1.0,0.0,0.0,25,0,0,1.0,0.0,0.0,25,0,0,1.0,0.0,0.0,25,0,0,1.0,0.0,0.0,25,0,0,0.04,0.0,0.0,1,0,0,0.04,0.0,0.0,1,0,0
[0 0 0 ... 0 1 1],2,"[54  2  2 25  2 59 51  2  2 54 59 59  2 49 44 54 63  2 50  2 57  8  2 57
 51  2 32  2 63 59 46 59  2 12 63 44  7 32 57 27 50  1 59 63  2 32  2  4
 19  1  2  2 12 25  2 44 63  2 12  2 25 57 63  2]","[ 7  2  2 59  2 27 57  2  2 54 59 54  2 31  8 46 22  2 25  2 51 57  2 57
 51  2 51  2 19  4 57 57  2 12  1 22  7 22 57 59 51 59 17 27  2 59  2  8
  8  1  2  2 27 25  2 57 63  2 12  2 25 57 44  2]",False,False,0.0,0.0,"[np.int64(39), np.int64(10), np.int64(59), np.int64(37), np.int64(38), np.int64(14), np.int64(18), np.int64(35), np.int64(54), np.int64(60), np.int64(9), np.int64(12), np.int64(43), np.int64(1), np.int64(18), np.int64(32), np.int64(50), np.int64(21), np.int64(53), np.int64(46), np.int64(53), np.int64(18), np.int64(15), np.int64(47), np.int64(62), np.int64(22), np.int64(59), np.int64(12), np.int64(2), np.int64(7), np.int64(25), np.int64(60), np.int64(52), np.int64(46), np.int64(0), np.int64(2), np.int64(10), np.int64(59), np.int64(17), np.int64(35), np.int64(51), np.int64(46), np.int64(2), np.int64(50), np.int64(16), np.int64(28), np.int64(38), np.int64(58), np.int64(44), np.int64(44), np.int64(42), np.int64(24), np.int64(24), np.int64(27), np.int64(32), np.int64(41), np.int64(22), np.int64(25), np.int64(12), np.int64(59), np.int64(58), np.int64(58), np.int64(17), np.int64(10)]","[np.int64(5), np.int64(8), np.int64(41), np.int64(10), np.int64(5), np.int64(28), np.int64(12), np.int64(47), np.int64(28), np.int64(20), np.int64(31), np.int64(36), np.int64(36), np.int64(16), np.int64(10), np.int64(12), np.int64(17), np.int64(23), np.int64(33), np.int64(14), np.int64(63), np.int64(35), np.int64(10), np.int64(31), np.int64(32), np.int64(16), np.int64(17), np.int64(29), np.int64(29), np.int64(16), np.int64(58), np.int64(34), np.int64(41), np.int64(34), np.int64(28), np.int64(0), np.int64(41), np.int64(49), np.int64(24), np.int64(51), np.int64(50), np.int64(50), np.int64(53), np.int64(32), np.int64(3), np.int64(21), np.int64(13), np.int64(16), np.int64(30), np.int64(23), np.int64(61), np.int64(20), np.int64(44), np.int64(29), np.int64(34), np.int64(28), np.int64(5), np.int64(34), np.int64(6), np.int64(44), np.int64(45), np.int64(18), np.int64(6), np.int64(58)]",False,False,0.0,0.0,"[17  2  2 50  2 27 44  2  2 54  7  4  2 29 51 50 63  2 25  2 27 46  2 57
  1  2 27  2 63  4 46 25  2 44 63 22  7 17 57 59 50  1 59 63  2  8  2 46
 19 27  2  2 51 54  2 22  4  2 12  2  8 57 54  2]","[54  2  2 50  2 32 51  2  2  7  7 59  2 40 44 59 17  2 63  2 51 57  2 57
 22  2 27  2 19 27  4 57  2 12  1 57  4 59 12 59 51 32 59  4  2 32  2  8
 12 22  2  2 27 50  2 22 19  2 12  2 25 32  8  2]",False,False,0.0,0.0,"[54  2  2 59  2 59 57  2  2 54 59 59  2 58 51 59 63  2 63  2 57 57  2 57
 51  2 59  2 63 57 57 59  2 44 63 57 51 59 57 57 51 59 59 63  2 59  2 51
 54 57  2  2 51 54  2 57 63  2 12  2 54 57 63  2]","[ 7  2  2 59  2 32 57  2  2  1 59 59  2 40 44 59 63  2 63  2 57 57  2 57
  8  2  7  2 59 57 57 57  2 19 63 57  4 22 57 57  1 19 59 51  2 32  2 19
 19 57  2  2  7 19  2 57 19  2 12  2  8 32 63  2]",False,False,0.109375,0.0,1.0,0.0,0.0,25,0,0,1.0,0.0,0.0,25,0,0,1.0,0.0,0.0,25,0,0,1.0,0.0,0.0,25,0,0,1.0,0.0,0.0,25,0,0,1.0,0.0,0.0,25,0,0,0.04,0.0,0.0,1,0,0,0.04,0.0,0.0,1,0,0
[1 0 0 ... 0 0 0],62,"[ 6 24 27 48 62 24 62 51 50 62 52 60 50 27 62 14 48 47 54 62  6 50 62 24
 62 51 14 62 24 52 52 24  4 47 54  6 24 27 14 47 24 48 52 52 27 19  9 62
 62 51 62 62 62 60 62 48 19 24 50 62 62  9 62 19]","[ 4 24 27 22 62 24 62 47 50 62 24 60 59 14 62 52  9 24 27 62 14 50 62 60
 62 14 54 62 48  4 19 22 52  9 54 47 27 24 14 50 24  6 60 52 59 50  4 62
 62 19 62 62 62 54 62 52 60  6 47 62 62  9 62 19]",False,False,0.0,0.0,"[np.int64(38), np.int64(59), np.int64(62), np.int64(17), np.int64(55), np.int64(22), np.int64(50), np.int64(58), np.int64(22), np.int64(2), np.int64(26), np.int64(53), np.int64(5), np.int64(36), np.int64(25), np.int64(3), np.int64(59), np.int64(1), np.int64(63), np.int64(56), np.int64(51), np.int64(58), np.int64(57), np.int64(51), np.int64(47), np.int64(27), np.int64(57), np.int64(38), np.int64(3), np.int64(55), np.int64(16), np.int64(45), np.int64(17), np.int64(51), np.int64(15), np.int64(16), np.int64(44), np.int64(35), np.int64(10), np.int64(3), np.int64(17), np.int64(12), np.int64(8), np.int64(10), np.int64(17), np.int64(6), np.int64(20), np.int64(42), np.int64(21), np.int64(48), np.int64(22), np.int64(36), np.int64(36), np.int64(9), np.int64(21), np.int64(24), np.int64(43), np.int64(19), np.int64(25), np.int64(40), np.int64(4), np.int64(33), np.int64(37), np.int64(28)]","[np.int64(19), np.int64(37), np.int64(60), np.int64(25), np.int64(54), np.int64(42), np.int64(53), np.int64(46), np.int64(13), np.int64(63), np.int64(23), np.int64(57), np.int64(49), np.int64(4), np.int64(16), np.int64(1), np.int64(12), np.int64(7), np.int64(19), np.int64(21), np.int64(8), np.int64(59), np.int64(5), np.int64(23), np.int64(43), np.int64(7), np.int64(30), np.int64(23), np.int64(35), np.int64(5), np.int64(40), np.int64(48), np.int64(34), np.int64(36), np.int64(56), np.int64(16), np.int64(37), np.int64(56), np.int64(16), np.int64(51), np.int64(59), np.int64(39), np.int64(19), np.int64(4), np.int64(2), np.int64(56), np.int64(54), np.int64(52), np.int64(34), np.int64(31), np.int64(57), np.int64(60), np.int64(21), np.int64(44), np.int64(15), np.int64(56), np.int64(35), np.int64(54), np.int64(6), np.int64(55), np.int64(43), np.int64(2), np.int64(27), np.int64(18)]",False,False,0.0,0.0,"[24 51 27 22 62  9 62 51 50 62 52 24 59 14 62 14 52  9 54 62  6 50 62 14
 62 14 14 62 22 24 51 52 48 52 47 50 24 14 27 47 24 48 48 52 52 19 48 62
 62 27 62 62 62 54 62 47 19 51 51 62 62 48 62 19]","[54 52 27 19 62  9 62 52 50 62 54 60 59 27 62 14 48  9 51 62  6 50 62 14
 62 14 54 62 48 51 51  6 14 22 22 47 52 27 48 50 60  6 60 52 59 47  9 62
 62 27 62 62 62 60 62 47 19 24 47 62 62 48 62 19]",False,False,0.0,0.0,"[54 52 27 48 62 24 62 60 50 62 60 60 59 50 62 59 48 54 60 62 14 50 62 60
 62 51 54 62 48 52 52 52 52 52 54 50 52 59 47 60 60 54 60 52 59 54 48 62
 62 60 62 62 62 60 62 48 60 51 51 62 62 48 62 19]","[ 4 52 27 22 62  9 62 47 50 62  4 60  4 27 62 47  9  9  9 62  6  9 62 60
 62 14 60 62 22 48 51  6 52 47 47 47  9  4 27 47 60 27 60 52  6 54  9 62
 62 27 62 62 62 47 62 47  6  6 47 62 62  9 62 19]",False,False,0.109375,0.0,1.0,0.0,0.0,25,0,0,1.0,0.0,0.0,25,0,0,1.0,0.0,0.0,25,0,0,1.0,0.0,0.0,25,0,0,1.0,0.0,0.0,25,0,0,1.0,0.0,0.0,25,0,0,0.04,0.0,0.0,1,0,0,0.04,0.0,0.0,1,0,0
[0 1 1 ... 0 0 1],0,"[ 0  0  0  0  2  0 27 31 58 42  0  2 27  1  0 14  1 54  0 46 10  5  0  0
  5  3 61  0 61 36  2  0 23 27 22 18  0 31 58 22 55 58  0  3 14  0  0 63
 58 27 27 36 36 31  0  0 58  3  0 55 14  0 46  0]","[ 0  0  0  0 23  0 18 31 61 63  0  5 54 10  0 42 23 63  0 46 23 36  0  0
  5  3 18  0 61  5  2  0 23 36 45 18  0 42  3 22 58 14  0 10 14  0  0 61
  2  5 42 45 18  5  0  0 55 36  0 61  3  0 46  0]",False,False,0.0,0.0,"[np.int64(59), np.int64(59), np.int64(20), np.int64(34), np.int64(5), np.int64(62), np.int64(54), np.int64(45), np.int64(9), np.int64(22), np.int64(13), np.int64(37), np.int64(17), np.int64(55), np.int64(2), np.int64(13), np.int64(25), np.int64(16), np.int64(36), np.int64(11), np.int64(15), np.int64(7), np.int64(60), np.int64(6), np.int64(31), np.int64(19), np.int64(52), np.int64(39), np.int64(55), np.int64(23), np.int64(16), np.int64(50), np.int64(36), np.int64(0), np.int64(14), np.int64(54), np.int64(18), np.int64(42), np.int64(15), np.int64(23), np.int64(19), np.int64(32), np.int64(1), np.int64(60), np.int64(3), np.int64(24), np.int64(17), np.int64(24), np.int64(47), np.int64(22), np.int64(41), np.int64(27), np.int64(14), np.int64(30), np.int64(33), np.int64(12), np.int64(19), np.int64(38), np.int64(1), np.int64(55), np.int64(26), np.int64(34), np.int64(34), np.int64(27)]","[np.int64(2), np.int64(57), np.int64(21), np.int64(58), np.int64(8), np.int64(21), np.int64(14), np.int64(31), np.int64(12), np.int64(37), np.int64(62), np.int64(0), np.int64(10), np.int64(0), np.int64(31), np.int64(47), np.int64(16), np.int64(34), np.int64(1), np.int64(57), np.int64(6), np.int64(4), np.int64(1), np.int64(36), np.int64(55), np.int64(33), np.int64(23), np.int64(12), np.int64(15), np.int64(16), np.int64(26), np.int64(7), np.int64(24), np.int64(26), np.int64(24), np.int64(10), np.int64(6), np.int64(34), np.int64(1), np.int64(49), np.int64(49), np.int64(24), np.int64(44), np.int64(46), np.int64(28), np.int64(56), np.int64(58), np.int64(21), np.int64(57), np.int64(27), np.int64(59), np.int64(27), np.int64(43), np.int64(51), np.int64(41), np.int64(53), np.int64(42), np.int64(50), np.int64(25), np.int64(37), np.int64(51), np.int64(10), np.int64(6), np.int64(4)]",False,False,0.0,0.0,"[ 0  0  0  0 54  0 42 31 54 63  0  2 54  1  0 63  5 54  0 46  2 54  0  0
  1  3 58  0  2 61 31  0 31 27 42 10  0 61 10 22  1 58  0 10 14  0  0 58
  2  1 27 36 27 46  0  0 45  3  0 63  3  0 22  0]","[ 0  0  0  0 58  0 61 31  5 23  0 36 54  1  0 14 10 45  0 46 23 36  0  0
 23 55 31  0  2 61 61  0 36  5 42 58  0 31 55 22  1 58  0  3 14  0  0 22
 42  5 42 36 10 55  0  0 10  3  0 22 31  0  1  0]",False,False,0.0,0.0,"[ 0  0  0  0 58  0 61 63 61 63  0 58 54 63  0 63 23 63  0 46 23 54  0  0
 61 55 61  0 61 61 61  0 58 58 45 58  0 61 58 42 58 58  0 10 14  0  0 63
 63 61 42 61 55 55  0  0 63 36  0 61 31  0 58  0]","[ 0  0  0  0 46  0 14 31 31 23  0 45  3 22  0  5 10 45  0 46 10  5  0  0
 61 55 63  0 61  5 31  0  1 45 42 54  0 61 45 22  3 14  0 10 14  0  0 61
 22 61 42 45 10 55  0  0 45 36  0 61 31  0  1  0]",False,False,0.109375,0.0,1.0,0.0,0.0,25,0,0,1.0,0.0,0.0,25,0,0,1.0,0.0,0.0,25,0,0,1.0,0.0,0.0,25,0,0,1.0,0.0,0.0,25,0,0,1.0,0.0,0.0,25,0,0,0.04,0.0,0.0,1,0,0,0.04,0.0,0.0,1,0,0
[0 0 0 ... 0 1 0],59,"[63 35 16 59 53 53 47  8 59 34 55 55 47 58 59 14 59 59  8 59 16 35 59  3
 47 59 25 47  8 25 48 22  3  8 59 59 19 34 19 35 35  8 17 14 22 22 25 59
 59 47 22 47 35 59 14 59 19 25 53 59 16 25 55 35]","[11 35 17 59 17 53 22  8 59 34 16 55 47 12 59 16 59 59  8 59 17 14 59 48
 47 59 14 14 16 55 25  8 17  8 59 59 19 25 19 48 35  8 17 25 14 34 34 59
 59 53  8 55 53 59 14 59 48 53 22 59 16 17 22 35]",False,False,0.0,0.0,"[np.int64(17), np.int64(51), np.int64(36), np.int64(4), np.int64(60), np.int64(9), np.int64(46), np.int64(0), np.int64(43), np.int64(10), np.int64(63), np.int64(7), np.int64(41), np.int64(21), np.int64(6), np.int64(13), np.int64(5), np.int64(58), np.int64(37), np.int64(60), np.int64(16), np.int64(56), np.int64(11), np.int64(13), np.int64(25), np.int64(44), np.int64(22), np.int64(42), np.int64(5), np.int64(28), np.int64(22), np.int64(21), np.int64(3), np.int64(56), np.int64(4), np.int64(19), np.int64(14), np.int64(53), np.int64(20), np.int64(48), np.int64(24), np.int64(33), np.int64(52), np.int64(39), np.int64(6), np.int64(7), np.int64(16), np.int64(52), np.int64(48), np.int64(3), np.int64(16), np.int64(18), np.int64(36), np.int64(61), np.int64(44), np.int64(57), np.int64(33), np.int64(8), np.int64(31), np.int64(32), np.int64(47), np.int64(63), np.int64(10), np.int64(23)]","[np.int64(44), np.int64(61), np.int64(25), np.int64(24), np.int64(15), np.int64(3), np.int64(32), np.int64(6), np.int64(19), np.int64(31), np.int64(39), np.int64(2), np.int64(46), np.int64(9), np.int64(15), np.int64(62), np.int64(61), np.int64(47), np.int64(11), np.int64(29), np.int64(32), np.int64(54), np.int64(61), np.int64(41), np.int64(37), np.int64(44), np.int64(49), np.int64(10), np.int64(40), np.int64(25), np.int64(30), np.int64(9), np.int64(8), np.int64(56), np.int64(28), np.int64(15), np.int64(43), np.int64(10), np.int64(58), np.int64(13), np.int64(48), np.int64(46), np.int64(39), np.int64(32), np.int64(8), np.int64(13), np.int64(0), np.int64(32), np.int64(47), np.int64(8), np.int64(53), np.int64(37), np.int64(18), np.int64(26), np.int64(38), np.int64(47), np.int64(4), np.int64(62), np.int64(21), np.int64(10), np.int64(31), np.int64(27), np.int64(28), np.int64(2)]",False,False,0.0,0.0,"[10 35 25 59 19 53 22 55 59 34 55 19 47 42 59 16 59 59  8 59 17 35 59  3
 53 59 19 35 16 55 48 34 17 22 59 59 22 25 19 35 35  8 25 25 14 48 34 59
 59 48 53 17 53 59  3 59 48 47 53 59 17 25 55 14]","[54 35 17 59 14 17 35  8 59 14 17 22 47  6 59 17 59 59  8 59 17 14 59 47
 47 59 14 14 47 55 25  8 16 16 59 59 19 22 19 35 35  3 25 53 48 22  3 59
 59 47  8 47 17 59  3 59 47 47  3 59 17 25 55 35]",False,False,0.0,0.0,"[63 35 55 59 53 53 47 55 59 35 55 55 47 57 59 55 59 59  8 59 17 35 59 48
 47 59 25 47 47 55 55 53 17 22 59 59 22 53 19 48 35  8 25 53 48 48 34 59
 59 47 53 47 53 59 14 59 48 53 53 59 17 25 55 55]","[40 35 17 59 17 53 22  8 59 34 17 19 47 21 59 17 59 59  8 59 17 14 59 47
 47 59 14 47 47 55 25  8 17  8 59 59 14 22 19 35 35  8 17 14 55 22 14 59
 59 47  8 17 17 59 14 59 47 47 22 59 17 17 22 14]",False,False,0.109375,0.0,1.0,0.0,0.0,25,0,0,1.0,0.0,0.0,25,0,0,1.0,0.0,0.0,25,0,0,1.0,0.0,0.0,25,0,0,1.0,0.0,0.0,25,0,0,1.0,0.0,0.0,25,0,0,0.04,0.0,0.0,1,0,0,0.04,0.0,0.0,1,0,0
[0 0 1 ... 0 0 0],42,"[21 52 32 17 42 32 48 42 52 48 17 48 42  7 40  7 21 42 17 52 17 42 44 39
 44 32  7 21 12  7 52 44 42 21 40 21 32 21 44 42 42 12 42 21 42 17 17 39
 42  4 48 32 42 48 39 39 17  4  4 48  7  7 48 52]","[39 48 21 32 42 32 17 42 52 52 39 32 42 32 40  7 32 42 12  7 17 42 52 39
 39 32  7 52 12 44 52 17 42 21 39 17 17 52 44 42 42 32 42 52 42 52 17  4
 42  4 52 44 42  4 17 12 17 21  7 39 32 48  4 52]",False,False,0.0,0.0,"[np.int64(41), np.int64(10), np.int64(34), np.int64(26), np.int64(33), np.int64(41), np.int64(58), np.int64(21), np.int64(41), np.int64(5), np.int64(54), np.int64(5), np.int64(63), np.int64(23), np.int64(28), np.int64(50), np.int64(46), np.int64(40), np.int64(38), np.int64(41), np.int64(46), np.int64(34), np.int64(36), np.int64(43), np.int64(9), np.int64(60), np.int64(58), np.int64(23), np.int64(14), np.int64(53), np.int64(21), np.int64(46), np.int64(1), np.int64(13), np.int64(1), np.int64(45), np.int64(10), np.int64(4), np.int64(53), np.int64(49), np.int64(13), np.int64(6), np.int64(31), np.int64(17), np.int64(53), np.int64(33), np.int64(34), np.int64(11), np.int64(43), np.int64(51), np.int64(6), np.int64(41), np.int64(12), np.int64(58), np.int64(50), np.int64(7), np.int64(22), np.int64(12), np.int64(49), np.int64(37), np.int64(3), np.int64(47), np.int64(46), np.int64(26)]","[np.int64(43), np.int64(18), np.int64(63), np.int64(36), np.int64(8), np.int64(61), np.int64(28), np.int64(17), np.int64(27), np.int64(53), np.int64(51), np.int64(37), np.int64(42), np.int64(29), np.int64(1), np.int64(22), np.int64(59), np.int64(23), np.int64(52), np.int64(48), np.int64(25), np.int64(48), np.int64(6), np.int64(17), np.int64(36), np.int64(57), np.int64(60), np.int64(42), np.int64(63), np.int64(31), np.int64(58), np.int64(40), np.int64(27), np.int64(42), np.int64(17), np.int64(47), np.int64(51), np.int64(7), np.int64(30), np.int64(3), np.int64(4), np.int64(8), np.int64(38), np.int64(51), np.int64(40), np.int64(22), np.int64(39), np.int64(44), np.int64(15), np.int64(52), np.int64(0), np.int64(46), np.int64(18), np.int64(39), np.int64(15), np.int64(61), np.int64(53), np.int64(34), np.int64(57), np.int64(52), np.int64(62), np.int64(31), np.int64(18), np.int64(54)]",False,False,0.0,0.0,"[39 52 32 32 42 32 48 42 52 44 17 17 42 39 12  7 32 42 17 52 17 42 32 39
 32 32  7 52 12  4 52 48 42 21 17  4 40 52 44 42 42 32 42 52 42 32 17 39
 42  4 12  4 42 48  4 52 21 21  4 48 32 48  4 52]","[40 52 32 12 42 21 17 42 52 48 17 48 42 39 21  7 32 42 17 48 17 42 52 44
 44 32  7 21 44  4 52 44 42 21 39 40 21 21 44 42 42 32 42 21 42 12 17 39
 42  4 17 32 42 48 17 52 48  7 40 39 32 52  4 52]",False,False,0.0,0.0,"[48 52 40 32 42 52 48 42 52 52 39 48 42 39 40 40 32 42 40 52 17 42 52 44
 52 32 32 52 44 52 52 48 42 52 40 40 52 52 44 42 42 32 42 52 42 52 17 39
 42  4 52 44 42 48 48 52 48 21 40 48 32 52 48 52]","[39 21 40 32 42 52 17 42 52 52 39 32 42 39 21  7 21 42 17 52 17 42 52 39
 52 32 32 52 44 52 52 17 42 52 39 17 17 52 44 42 42 12 42 52 42 52 17 39
 42  4 17 32 42  4 17 39 17  7  7 48 32 52  4 52]",True,False,0.109375,0.0,1.0,0.0,0.0,25,0,0,1.0,0.0,0.0,25,0,0,1.0,0.0,0.0,25,0,0,1.0,0.0,0.0,25,0,0,1.0,0.0,0.0,25,0,0,1.0,0.0,0.0,25,0,0,0.04,1.0,1.0,1,1,25,0.04,0.0,0.0,1,0,0
[1 0 0 ... 0 0 0],62,"[ 4 51 27 22 62  9 62  6 50 62  4 19  4 47 62 47  9 47 54 62  6 50 62 14
 62 51 14 62 22 50 24 24  4 22 22  6  9  4 14 60 60 24 52 52 14 50 27 62
 62 51 62 62 62 54 62 48 19 24 51 62 62 47 62 19]","[24 52 27 19 62 24 62 52 50 62 54 19  4 50 62 52 48  9 54 62 14 50 62 14
 62 51 60 62 24 50 24  6 52 47 47 51 27  4 47 50 14  6 60 52 27 50 27 62
 62 27 62 62 62 47 62 47 19 24 22 62 62 48 62 19]",False,False,0.0,0.0,"[np.int64(37), np.int64(15), np.int64(35), np.int64(26), np.int64(45), np.int64(18), np.int64(33), np.int64(42), np.int64(11), np.int64(18), np.int64(33), np.int64(41), np.int64(0), np.int64(18), np.int64(48), np.int64(61), np.int64(43), np.int64(15), np.int64(27), np.int64(9), np.int64(0), np.int64(30), np.int64(58), np.int64(43), np.int64(61), np.int64(47), np.int64(46), np.int64(25), np.int64(11), np.int64(29), np.int64(35), np.int64(46), np.int64(40), np.int64(55), np.int64(15), np.int64(16), np.int64(33), np.int64(46), np.int64(25), np.int64(12), np.int64(50), np.int64(36), np.int64(58), np.int64(11), np.int64(47), np.int64(27), np.int64(61), np.int64(30), np.int64(13), np.int64(2), np.int64(18), np.int64(38), np.int64(34), np.int64(39), np.int64(4), np.int64(19), np.int64(41), np.int64(20), np.int64(24), np.int64(43), np.int64(55), np.int64(60), np.int64(60), np.int64(62)]","[np.int64(44), np.int64(14), np.int64(21), np.int64(23), np.int64(57), np.int64(30), np.int64(47), np.int64(40), np.int64(23), np.int64(30), np.int64(3), np.int64(29), np.int64(26), np.int64(20), np.int64(29), np.int64(4), np.int64(3), np.int64(62), np.int64(26), np.int64(7), np.int64(16), np.int64(31), np.int64(39), np.int64(20), np.int64(29), np.int64(32), np.int64(63), np.int64(37), np.int64(14), np.int64(15), np.int64(1), np.int64(62), np.int64(36), np.int64(4), np.int64(36), np.int64(1), np.int64(14), np.int64(32), np.int64(2), np.int64(7), np.int64(12), np.int64(21), np.int64(30), np.int64(31), np.int64(11), np.int64(52), np.int64(32), np.int64(59), np.int64(36), np.int64(24), np.int64(55), np.int64(35), np.int64(47), np.int64(11), np.int64(47), np.int64(34), np.int64(55), np.int64(51), np.int64(14), np.int64(45), np.int64(41), np.int64(23), np.int64(41), np.int64(3)]",False,False,0.0,0.0,"[ 4 51 27 48 62  6 62 52 50 62 14 24 59  6 62  9 22  9 48 62 14 50 62 14
 62 51 24 62 22 48 51 19  4 47 54 14 51 14 48 60 14 27 60 52 59 54 19 62
 62 51 62 62 62 54 62  4  6 14  4 62 62 48 62 19]","[24 52 27 19 62  9 62 51 50 62 52 60  4 27 62 47  9  9  9 62 14 50 62 24
 62 14 54 62 24  4 52 22  4 47 47 50  9 14 14 60 14 48 60 52  6 54 48 62
 62 27 62 62 62 60 62 47 60 24 50 62 62  9 62 19]",False,False,0.0,0.0,"[54 52 27 48 62 24 62 60 50 62 60 60 59 50 62 59 48 54 60 62 14 50 62 60
 62 51 54 62 48 52 52 52 52 52 54 50 52 59 47 60 60 54 60 52 59 54 48 62
 62 60 62 62 62 60 62 48 60 51 51 62 62 48 62 19]","[ 4 52 27 22 62  9 62 47 50 62  4 60  4 27 62 47  9  9  9 62  6  9 62 60
 62 14 60 62 22 48 51  6 52 47 47 47  9  4 27 47 60 27 60 52  6 54  9 62
 62 27 62 62 62 47 62 47  6  6 47 62 62  9 62 19]",False,False,0.109375,0.0,1.0,0.0,0.0,25,0,0,1.0,0.0,0.0,25,0,0,1.0,0.0,0.0,25,0,0,1.0,0.0,0.0,25,0,0,1.0,0.0,0.0,25,0,0,1.0,0.0,0.0,25,0,0,0.04,0.0,0.0,1,0,0,0.04,0.0,0.0,1,0,0
[1 0 1 ... 0 1 0],7,"[29  7 22 45 37  1 18  7 59 59 29 44  1 37  1 37 39 44 22  7 61 61  7 37
 61 44  7 61 59  7 39 47 45 22 19 59 54  7 19  7 54 45 37 59  7  7 61  7
 37  1 22 19 54 19  7  7 19 19 29  7 29  7 44 39]","[61  7 55 22 37 39 18  7 59 55 22 47 59 44 61 37 39 22 22  7 61 54  7 26
 61 44  7 61  1  7 44 47 54 55 61 47 19  7 19  7 54 45 37 61  7  7 59  7
 37  1 44 19 54 55  7  7  1 19 61  7 37  7 44 26]",False,False,0.0,0.0,"[np.int64(48), np.int64(53), np.int64(13), np.int64(47), np.int64(59), np.int64(26), np.int64(51), np.int64(52), np.int64(25), np.int64(12), np.int64(33), np.int64(16), np.int64(5), np.int64(25), np.int64(51), np.int64(11), np.int64(29), np.int64(24), np.int64(5), np.int64(27), np.int64(43), np.int64(21), np.int64(19), np.int64(44), np.int64(30), np.int64(50), np.int64(48), np.int64(55), np.int64(25), np.int64(14), np.int64(42), np.int64(42), np.int64(37), np.int64(58), np.int64(62), np.int64(38), np.int64(9), np.int64(62), np.int64(41), np.int64(59), np.int64(15), np.int64(37), np.int64(27), np.int64(16), np.int64(22), np.int64(49), np.int64(44), np.int64(33), np.int64(15), np.int64(51), np.int64(45), np.int64(26), np.int64(34), np.int64(55), np.int64(35), np.int64(39), np.int64(17), np.int64(1), np.int64(37), np.int64(26), np.int64(19), np.int64(35), np.int64(24), np.int64(33)]","[np.int64(2), np.int64(9), np.int64(32), np.int64(13), np.int64(52), np.int64(23), np.int64(35), np.int64(61), np.int64(7), np.int64(24), np.int64(38), np.int64(12), np.int64(7), np.int64(47), np.int64(28), np.int64(42), np.int64(7), np.int64(51), np.int64(28), np.int64(13), np.int64(1), np.int64(34), np.int64(43), np.int64(4), np.int64(22), np.int64(48), np.int64(11), np.int64(54), np.int64(54), np.int64(18), np.int64(8), np.int64(39), np.int64(24), np.int64(21), np.int64(4), np.int64(11), np.int64(3), np.int64(15), np.int64(16), np.int64(27), np.int64(61), np.int64(44), np.int64(57), np.int64(23), np.int64(32), np.int64(50), np.int64(25), np.int64(8), np.int64(32), np.int64(59), np.int64(38), np.int64(23), np.int64(50), np.int64(21), np.int64(34), np.int64(28), np.int64(40), np.int64(59), np.int64(48), np.int64(46), np.int64(38), np.int64(13), np.int64(26), np.int64(56)]",False,False,0.0,0.0,"[55  7 22 22 37 29 57  7 59 45 37 44  1 37 61 37 39 22 22  7 59 61  7 26
 61 55  7 44 59  7 54 59 19 44 54 59 54  7 54  7 54 45 39 26  7  7 61  7
 37 59 22 22 19  1  7  7  1 19 29  7 59  7 37 39]","[61  7 55 22 37  1 10  7 54 22 55 47 59 44 54  1 39 22 22  7 59 59  7 37
 47 55  7 61 47  7 54 59 47 55 54 44 39  7 54  7 54 45  1 61  7  7 54  7
 55 59 45 22 54 59  7  7 19 39 61  7 29  7 44 44]",False,False,0.0,0.0,"[61  7 61 45 37 39 57  7 59 59 55 59 59 44 61 37 39 44 22  7 61 59  7 37
 61 55  7 61 59  7 54 59 59 55 61 61 54  7 54  7 54 59 39 61  7  7 61  7
 55 59 61 47 54 59  7  7 29 45 61  7 59  7 45 44]","[61  7 61 45 37 29  9  7 54 22 22 47  1 37 54  1 39 44 22  7 61 54  7 26
 55 44  7 61 47  7 54 54 47 44 54 47 54  7 19  7 54 45  1 61  7  7 54  7
 55  1 54 19 54 55  7  7  1 19 61  7 29  7 44 26]",False,False,0.109375,0.0,1.0,0.0,0.0,25,0,0,1.0,0.0,0.0,25,0,0,1.0,0.0,0.0,25,0,0,1.0,0.0,0.0,25,0,0,1.0,0.0,0.0,25,0,0,1.0,0.0,0.0,25,0,0,0.04,0.0,0.0,1,0,0,0.04,0.0,0.0,1,0,0
[1 0 1 ... 0 1 1],60,"[38 22 22  9 16 60 49 60 60 60 37 60 13 60 60  9 60  9 16 49  7 60 60  9
  5 37 27 60  9 63 38 37 27 49 38 60 27 60 60 38 49 35 49 63 63 63 38 63
  9 60 22 27 16 22 16  9 16  5  5 14 60 22 21 60]","[14 11 27  5 37 60 49 60 60 60 11 60  5 60 60  5 60 13 16 49 16 60 60 21
 27 22 27 60 22 27 14 37 14 16 63 60 27 60 60 38 21 21 49 63 27 63 35 63
  9 60 22 37 38 22  5 11  9  5  7 14 60 22  5 60]",False,False,0.0,0.0,"[np.int64(4), np.int64(23), np.int64(62), np.int64(13), np.int64(43), np.int64(3), np.int64(36), np.int64(15), np.int64(63), np.int64(23), np.int64(38), np.int64(21), np.int64(62), np.int64(56), np.int64(0), np.int64(2), np.int64(26), np.int64(39), np.int64(2), np.int64(15), np.int64(20), np.int64(10), np.int64(26), np.int64(7), np.int64(55), np.int64(39), np.int64(35), np.int64(60), np.int64(14), np.int64(29), np.int64(56), np.int64(31), np.int64(57), np.int64(47), np.int64(59), np.int64(24), np.int64(62), np.int64(29), np.int64(21), np.int64(4), np.int64(2), np.int64(11), np.int64(2), np.int64(29), np.int64(2), np.int64(34), np.int64(18), np.int64(38), np.int64(25), np.int64(50), np.int64(29), np.int64(1), np.int64(14), np.int64(47), np.int64(51), np.int64(61), np.int64(57), np.int64(10), np.int64(32), np.int64(15), np.int64(37), np.int64(56), np.int64(10), np.int64(60)]","[np.int64(13), np.int64(2), np.int64(39), np.int64(9), np.int64(15), np.int64(7), np.int64(12), np.int64(51), np.int64(50), np.int64(16), np.int64(51), np.int64(8), np.int64(63), np.int64(58), np.int64(27), np.int64(21), np.int64(60), np.int64(41), np.int64(35), np.int64(26), np.int64(27), np.int64(50), np.int64(23), np.int64(5), np.int64(50), np.int64(59), np.int64(63), np.int64(44), np.int64(42), np.int64(19), np.int64(11), np.int64(46), np.int64(47), np.int64(63), np.int64(18), np.int64(3), np.int64(14), np.int64(15), np.int64(28), np.int64(29), np.int64(25), np.int64(45), np.int64(10), np.int64(32), np.int64(19), np.int64(42), np.int64(49), np.int64(31), np.int64(53), np.int64(2), np.int64(40), np.int64(41), np.int64(52), np.int64(25), np.int64(37), np.int64(4), np.int64(27), np.int64(43), np.int64(30), np.int64(30), np.int64(24), np.int64(14), np.int64(4), np.int64(16)]",False,False,0.0,0.0,"[14 11 49  8 16 60 11 60 60 60 63 60  9 60 60  9 60  8 16 21  8 60 60  9
 37  7  5 60  7 63  9 37 37  5  9 60  5 60 60 38 35 13  8 22 63 63  7  8
 38 60 37  5 16 22 13 27 13 13  5 14 60 14  5 60]","[49 11 27 21 21 60 49 60 60 60 16 60 13 60 60 27 60  8 16 21 16 60 60  9
  5 21  5 60 14 63  9  5 14 49 38 60 35 60 60 38 16 21 13  9 27  8 38  8
 38 60 37 21 63 13 35 35 11 35 63 14 60 11  5 60]",False,False,0.0,0.0,"[49 37 49 21 37 60 49 60 60 60 63 60 35 60 60 27 60 63 16 49 21 60 60 38
 49 37 27 60 63 63 38 37 37 63 63 60 38 60 60 38 49 63 63 63 63 63 38 63
 38 60 37 37 63 37 35 35 16 63 63 14 60 22 63 60]","[49 11 49  9 21 60 49 60 60 60 11 60 11 60 60 27 60 13 16 49 11 60 60  9
 27 16 27 60 14 27  9  5 27 49 63 60 27 60 60  5 16 63 49 63 27 63 35 63
  9 60 22 27 63 13 27 27 11 13 63 14 60 11 63 60]",True,False,0.109375,0.0,1.0,0.0,0.0,25,0,0,1.0,0.0,0.0,25,0,0,1.0,0.0,0.0,25,0,0,1.0,0.0,0.0,25,0,0,1.0,0.0,0.0,25,0,0,1.0,0.0,0.0,25,0,0,0.04,1.0,1.0,1,1,25,0.04,0.0,0.0,1,0,0
[1 0 1 ... 0 1 0],20,"[20 15  0 53 53 15 48 24 54 24 61 24 15 16 60 20 20 48 60 15 20 54 54 53
 20 57 53 45 60 16 52 48 57  0 54 49 15 15 54 60 61 48 61 53 48  0 61 15
 20 61 53 54 57 20 20 60 48 20 54 61 20 20 44 16]","[20 16 57 53 53 15 48 24 54 24 61 15  0 60 61 20 20 48 61 60 20 54 48 53
 20 16 53  3 48 61 28 16 15 15 16 63  0 15 54 60 53 54 61 53 48  0 61 15
 20 60 53 15 57 20 20 60 48 20 57 61 20 20 25 16]",False,False,0.0,0.0,"[np.int64(44), np.int64(56), np.int64(52), np.int64(42), np.int64(35), np.int64(8), np.int64(2), np.int64(54), np.int64(44), np.int64(32), np.int64(1), np.int64(48), np.int64(0), np.int64(60), np.int64(35), np.int64(44), np.int64(44), np.int64(40), np.int64(51), np.int64(18), np.int64(28), np.int64(27), np.int64(9), np.int64(18), np.int64(22), np.int64(19), np.int64(29), np.int64(12), np.int64(57), np.int64(29), np.int64(12), np.int64(13), np.int64(28), np.int64(50), np.int64(9), np.int64(48), np.int64(6), np.int64(41), np.int64(43), np.int64(55), np.int64(1), np.int64(35), np.int64(59), np.int64(6), np.int64(5), np.int64(57), np.int64(26), np.int64(9), np.int64(15), np.int64(0), np.int64(12), np.int64(11), np.int64(29), np.int64(26), np.int64(33), np.int64(61), np.int64(49), np.int64(30), np.int64(52), np.int64(50), np.int64(44), np.int64(19), np.int64(23), np.int64(6)]","[np.int64(17), np.int64(26), np.int64(9), np.int64(57), np.int64(29), np.int64(56), np.int64(34), np.int64(5), np.int64(47), np.int64(1), np.int64(16), np.int64(45), np.int64(44), np.int64(34), np.int64(23), np.int64(28), np.int64(58), np.int64(15), np.int64(39), np.int64(57), np.int64(28), np.int64(11), np.int64(59), np.int64(0), np.int64(30), np.int64(39), np.int64(44), np.int64(63), np.int64(59), np.int64(40), np.int64(41), np.int64(45), np.int64(51), np.int64(50), np.int64(31), np.int64(56), np.int64(35), np.int64(2), np.int64(13), np.int64(59), np.int64(8), np.int64(56), np.int64(63), np.int64(6), np.int64(17), np.int64(52), np.int64(39), np.int64(40), np.int64(34), np.int64(17), np.int64(0), np.int64(0), np.int64(46), np.int64(6), np.int64(44), np.int64(48), np.int64(20), np.int64(43), np.int64(63), np.int64(44), np.int64(38), np.int64(8), np.int64(54), np.int64(46)]",False,False,0.0,0.0,"[20 16  0 53 61 53 48 61 54 61 61 24 15 24 61 20 20 24 60 61 20 15 54 24
 20 16 53 45 48 61 33 16 15 16 16 36 15 15 54 60 53 48 61 54 48 53 61 54
 20 57  0 15 57 20 20 60 60 20 57 24 20 20 14 60]","[20 61 57 53 61 53 48 61 54 61 61 15  0 60 61 20 20 48 16 61 20 54 48 24
 20 60 53 11 54 16 52 16 57 15 16 50 15 15 54 54 61 48 61 54 48  0 61 15
 20 57 53 48 57 20 20 61 60 20 61 24 20 20 44 60]",False,False,0.0,0.0,"[20 61 57 53 61 53 48 61 54 61 57 24 15 60 60 20 20 60 60 61 20 54 54 53
 20 57 60 45 60 61 51 48 57 60 54 63 15 24 54 60 57 54 61 54 48 53 61 54
 20 61 53 54 57 20 20 60 60 20 57 60 20 20 63 60]","[20 16 57 48 53 53 48 61 54 61 57 15  0 16 60 20 20 48 16 15 20 54 48 53
 20 16 53  3 48 16 22 16 57  0 54  4  0 15 54 15 53 48 61 53 48  0 57 54
 20 16  0 48 57 20 20 48  0 20 57 60 20 20 40 16]",False,False,0.109375,0.0,1.0,0.0,0.0,25,0,0,1.0,0.0,0.0,25,0,0,1.0,0.0,0.0,25,0,0,1.0,0.0,0.0,25,0,0,1.0,0.0,0.0,25,0,0,1.0,0.0,0.0,25,0,0,0.04,0.0,0.0,1,0,0,0.04,0.0,0.0,1,0,0
[1 0 0 ... 0 0 1],13,"[46 27 44 13 30 17 13 13 24 63 50 30 46 13 46 57 50 13  6 61 13 47  7 46
 13 20 27 13  6 63 13 56 47 17 47 44 47 44 63 44 57 44 20 24 13  6 13 13
 47 44 13 61 56 57 27 27 13 13  7 44 50 13 27 13]","[24  7  3 13 50 47 13 13 50 24 57 17 56 13 46 57 50 13  6 61 13  3  7  6
 13 63 27 13 61 17 13 24 24 44 50 44 17 27 63 44 27 44 27 57 13 27 13 13
 50 46 13 44 17  6 24 46 13 13  7 44  3 13 27 13]",False,False,0.0,0.0,"[np.int64(38), np.int64(12), np.int64(11), np.int64(7), np.int64(8), np.int64(42), np.int64(18), np.int64(44), np.int64(54), np.int64(6), np.int64(35), np.int64(36), np.int64(2), np.int64(57), np.int64(40), np.int64(32), np.int64(34), np.int64(37), np.int64(48), np.int64(20), np.int64(21), np.int64(16), np.int64(23), np.int64(21), np.int64(16), np.int64(41), np.int64(44), np.int64(18), np.int64(31), np.int64(34), np.int64(48), np.int64(43), np.int64(60), np.int64(37), np.int64(21), np.int64(36), np.int64(27), np.int64(28), np.int64(23), np.int64(38), np.int64(17), np.int64(21), np.int64(52), np.int64(33), np.int64(38), np.int64(57), np.int64(29), np.int64(1), np.int64(29), np.int64(36), np.int64(38), np.int64(22), np.int64(41), np.int64(13), np.int64(36), np.int64(61), np.int64(53), np.int64(38), np.int64(27), np.int64(17), np.int64(3), np.int64(49), np.int64(38), np.int64(55)]","[np.int64(27), np.int64(27), np.int64(29), np.int64(11), np.int64(24), np.int64(43), np.int64(20), np.int64(42), np.int64(30), np.int64(20), np.int64(25), np.int64(23), np.int64(0), np.int64(13), np.int64(9), np.int64(7), np.int64(57), np.int64(16), np.int64(52), np.int64(41), np.int64(44), np.int64(20), np.int64(6), np.int64(45), np.int64(8), np.int64(53), np.int64(6), np.int64(8), np.int64(35), np.int64(47), np.int64(45), np.int64(7), np.int64(7), np.int64(5), np.int64(63), np.int64(49), np.int64(0), np.int64(63), np.int64(6), np.int64(51), np.int64(33), np.int64(28), np.int64(27), np.int64(59), np.int64(45), np.int64(61), np.int64(27), np.int64(34), np.int64(26), np.int64(38), np.int64(53), np.int64(38), np.int64(54), np.int64(34), np.int64(13), np.int64(62), np.int64(61), np.int64(6), np.int64(34), np.int64(40), np.int64(57), np.int64(53), np.int64(61), np.int64(18)]",False,False,0.0,0.0,"[44 56  3 13 57 17 13 13 24  6 50 17 46 13 20 44  3 13  6 24 13 47  7  6
 13 44 63 13  7 17 13 56 47 44 47 47 57 44 63 30 50 27 24 27 13 46 13 13
 50 20 13  6 56 46 24 20 13 13  6 44 44 13 27 13]","[46 61  3 13 50  7 13 13 24 24 50 47 47 13 20 57 57 13  7 61 13 46 24 50
 13 50 30 13  7 63 13 24 44 44 50 47 17 20 56 27 57 44 27  6 13  3 13 13
 57 46 13 61 20 17 17 17 13 13  7 44  3 13 27 13]",False,False,0.0,0.0,"[44 63 44 13 63 56 13 13 50 63 63 47 56 13 46 57 57 13  6 61 13 47 30 63
 13 63 63 13 61 63 13 57 56 44 50 57 57 44 63 44 57 50 24 63 13 56 13 13
 57 61 13 61 56 57 56 46 13 13 61 46 50 13 27 13]","[24  7  3 13 57  7 13 13 24 24 57 17 46 13 46 57 50 13  7 24 13 46  7 46
 13 47 47 13  7 17 13 24 24 17 47 57 57 44 56 44 50 44 24 24 13  3 13 13
 50 24 13 57 17 17 17  7 13 13  7 17 17 13 27 13]",False,False,0.109375,0.0,1.0,0.0,0.0,25,0,0,1.0,0.0,0.0,25,0,0,1.0,0.0,0.0,25,0,0,1.0,0.0,0.0,25,0,0,1.0,0.0,0.0,25,0,0,1.0,0.0,0.0,25,0,0,0.04,0.0,0.0,1,0,0,0.04,0.0,0.0,1,0,0
[1 0 0 ... 0 0 1],52,"[27 52 39 24 29 11 29 52 19 29 28 52 19 36 39 52 52 15 29 52  7 11 28 24
 52 27 29 52 52 52 16 11 28 39  1 15 52 28 16 52 27 29 28 29 36  7  1 16
 15 39 36 19 52 54 52 54 28 24 36 16 27  1 54  1]","[27 52 36 24 29 11 29 52 28 29 28 52 15 24 24 52 52 15 29 52 15 28  1 24
 52 36 27 52 52 52 28 36 28 29  1 27 52 28 29 52 27 29 28 54 39 29 39  7
 15 24 36 36 52 54 52 29 11 24 36  7 27  1 54 29]",False,False,0.0,0.0,"[np.int64(31), np.int64(7), np.int64(16), np.int64(49), np.int64(56), np.int64(16), np.int64(0), np.int64(60), np.int64(56), np.int64(33), np.int64(2), np.int64(53), np.int64(59), np.int64(57), np.int64(17), np.int64(51), np.int64(42), np.int64(34), np.int64(15), np.int64(62), np.int64(18), np.int64(31), np.int64(57), np.int64(55), np.int64(40), np.int64(51), np.int64(9), np.int64(49), np.int64(30), np.int64(62), np.int64(45), np.int64(12), np.int64(45), np.int64(6), np.int64(50), np.int64(42), np.int64(4), np.int64(40), np.int64(3), np.int64(1), np.int64(24), np.int64(61), np.int64(25), np.int64(12), np.int64(49), np.int64(60), np.int64(59), np.int64(39), np.int64(39), np.int64(5), np.int64(20), np.int64(7), np.int64(63), np.int64(2), np.int64(58), np.int64(45), np.int64(24), np.int64(28), np.int64(2), np.int64(51), np.int64(42), np.int64(13), np.int64(16), np.int64(18)]","[np.int64(5), np.int64(3), np.int64(45), np.int64(19), np.int64(26), np.int64(54), np.int64(43), np.int64(33), np.int64(26), np.int64(14), np.int64(43), np.int64(32), np.int64(52), np.int64(22), np.int64(48), np.int64(33), np.int64(62), np.int64(48), np.int64(45), np.int64(50), np.int64(5), np.int64(27), np.int64(37), np.int64(56), np.int64(31), np.int64(24), np.int64(19), np.int64(43), np.int64(32), np.int64(9), np.int64(31), np.int64(19), np.int64(44), np.int64(19), np.int64(5), np.int64(27), np.int64(24), np.int64(13), np.int64(55), np.int64(44), np.int64(38), np.int64(22), np.int64(35), np.int64(20), np.int64(58), np.int64(33), np.int64(48), np.int64(56), np.int64(40), np.int64(14), np.int64(8), np.int64(20), np.int64(1), np.int64(31), np.int64(23), np.int64(58), np.int64(58), np.int64(59), np.int64(41), np.int64(43), np.int64(58), np.int64(45), np.int64(32), np.int64(58)]",False,False,0.0,0.0,"[36 52 39 11 28 54 24 52 54 54 15 52 19 16 24 52 52 15 29 52 15 28 28 24
 52 24 29 52 52 52  1 36 29 29 39 27 52 28 29 52 27 16 28 29 24  7 11 11
 15 39 19 19 52 39 52 54 54 24 54  7 27 19 36  1]","[36 52 39 24 28 11 24 52 11 54 15 52 15 27 36 52 52 15 28 52 29 11  1 24
 52  1  1 52 52 52 28  1 28 29  1 15 52 28 16 52 28 16 16 39 24 29 16 11
 15 11 36 36 52 39 52 54  7 24 36  7 24 19 54  1]",False,False,0.0,0.0,"[36 52 39 24 29 54 39 52 54 54 27 52 36 39 54 52 52 36 29 52 29 36 54 24
 52 39 29 52 52 52 28 36 29 54 39 39 52 28 29 52 28 29 28 54 39 29 39 28
 15 39 36 36 52 54 52 54 54 24 54 16 27 19 54 28]","[36 52 27 11 29 11 39 52 28 39 15 52 15 27 24 52 52 15 29 52 15 28  1 24
 52 27  1 52 52 52  1  1 29  1  1 11 52 28 16 52 27 28 16 39  1 29 11  7
 15 11 16 19 52 39 52 11 11 24 54 16 11  1 54  1]",False,False,0.109375,0.0,1.0,0.0,0.0,25,0,0,1.0,0.0,0.0,25,0,0,1.0,0.0,0.0,25,0,0,1.0,0.0,0.0,25,0,0,1.0,0.0,0.0,25,0,0,1.0,0.0,0.0,25,0,0,0.04,0.0,0.0,1,0,0,0.04,0.0,0.0,1,0,0
[0 0 1 ... 0 0 0],20,"[20 20 22 10 36 35 43 24 20 21 20 59 20 35 43 21 36 10 20 32 20 20 20 32
 20  1 43  1 21 35  8 54 20 32 56 20 20  0 12 20 39 36  8 20 24 21 59 24
 56 12 32 21 54 39 20 22 20 35 18 20 10 56 56 54]","[20 20 12 18 54 10 56 54 20 10 20  0 20 32 39 56 59 36 20 12 20 20 20 10
 20 54 43  1 21  1 32 18 20 32 22 20 20  1 59 20 36 22  0 20  1 24 59 10
 10 18  0 21 54 39 20 35 20 35 32 20 10 24 10 18]",False,False,0.0,0.0,"[np.int64(16), np.int64(44), np.int64(28), np.int64(13), np.int64(37), np.int64(5), np.int64(3), np.int64(31), np.int64(7), np.int64(48), np.int64(11), np.int64(45), np.int64(42), np.int64(2), np.int64(8), np.int64(3), np.int64(13), np.int64(61), np.int64(4), np.int64(4), np.int64(17), np.int64(43), np.int64(38), np.int64(8), np.int64(32), np.int64(47), np.int64(35), np.int64(5), np.int64(45), np.int64(31), np.int64(47), np.int64(28), np.int64(14), np.int64(34), np.int64(41), np.int64(12), np.int64(21), np.int64(37), np.int64(47), np.int64(38), np.int64(40), np.int64(19), np.int64(48), np.int64(52), np.int64(18), np.int64(23), np.int64(6), np.int64(60), np.int64(11), np.int64(46), np.int64(40), np.int64(26), np.int64(45), np.int64(55), np.int64(48), np.int64(48), np.int64(0), np.int64(27), np.int64(46), np.int64(3), np.int64(26), np.int64(3), np.int64(14), np.int64(47)]","[np.int64(21), np.int64(58), np.int64(13), np.int64(35), np.int64(29), np.int64(46), np.int64(39), np.int64(61), np.int64(3), np.int64(54), np.int64(4), np.int64(61), np.int64(43), np.int64(11), np.int64(14), np.int64(30), np.int64(48), np.int64(18), np.int64(56), np.int64(38), np.int64(25), np.int64(33), np.int64(35), np.int64(53), np.int64(63), np.int64(54), np.int64(15), np.int64(17), np.int64(21), np.int64(1), np.int64(55), np.int64(54), np.int64(28), np.int64(21), np.int64(47), np.int64(2), np.int64(43), np.int64(7), np.int64(27), np.int64(36), np.int64(48), np.int64(5), np.int64(61), np.int64(40), np.int64(50), np.int64(51), np.int64(63), np.int64(42), np.int64(2), np.int64(18), np.int64(28), np.int64(13), np.int64(5), np.int64(20), np.int64(14), np.int64(40), np.int64(52), np.int64(41), np.int64(8), np.int64(49), np.int64(38), np.int64(40), np.int64(52), np.int64(57)]",False,False,0.0,0.0,"[20 20 12 36  8 12 22 54 20 35 20 18 20 32 43 12 36 39 20 24 20 20 20 35
 20  1 43 59 22  1 12 59 20 54 12 20 20 18 39 20 10 36 36 20 35 56 59 21
 56 22  0 21 24 36 20 35 20 22 35 20 21  0 24 10]","[20 20 22 18 54 12 43 24 20 54 20 10 20 35 12 56 36 36 20 12 20 20 20 35
 20 54 43  1 21 10 59 10 20  8 18 20 20 54 10 20 36 36  8 20  1 39 59 36
 10 18 32 21 54 24 20 35 20 35 32 20 10 21 10 54]",False,False,0.0,0.0,"[20 20 22 59 54 35 56 54 20 54 20 59 20 59 54 59 59 39 20 32 20 20 20 35
 20 54 43 59 21 39 59 59 20 56 56 20 20 54 59 20 39 36 36 20 54 56 59 43
 56 22 36 21 54 39 20 35 20 35 54 20 21 56 56 56]","[20 20 12 10 36 12 43 54 20 32 20 10 20 59 39 12 36 39 20 32 20 20 20 32
 20  1 43 59 21  1 59 43 20 32 12 20 20  1 39 20 32 36 36 20  1 12 59 43
 10 12 32 21 22 36 20 22 20 12 36 20 10 10 56 10]",True,False,0.109375,0.0,1.0,0.0,0.0,25,0,0,1.0,0.0,0.0,25,0,0,1.0,0.0,0.0,25,0,0,1.0,0.0,0.0,25,0,0,1.0,0.0,0.0,25,0,0,1.0,0.0,0.0,25,0,0,0.04,1.0,1.0,1,1,25,0.04,0.0,0.0,1,0,0
[0 0 0 ... 0 1 1],38,"[19 10 29 38 29 17  3 16 57 55 38 19 55 23 57 38 38 38 55 38 61 19 38 38
 29 15 15 57 29 38 23 15 61 16 55 16 17 61 38 15 29 57 10 57 29 15 16 15
 10 17 61 17 23 22 55 38 17 38 55 17 61 38 19 15]","[22 10 55 38 29 10  3 15 10  3 38 19 29 15 57 38 38 38 61 38  3 55 38 38
 15  3 15 57  3 38 23 15 57 16  3 61 17 23 38 57 29 57 10 57 29 15 23 61
 10 19 57 57 23 22 57 38 10 38 16 15 29 38 57 15]",False,False,0.0,0.0,"[np.int64(52), np.int64(54), np.int64(8), np.int64(44), np.int64(33), np.int64(2), np.int64(38), np.int64(18), np.int64(32), np.int64(7), np.int64(25), np.int64(6), np.int64(27), np.int64(61), np.int64(54), np.int64(41), np.int64(49), np.int64(0), np.int64(53), np.int64(26), np.int64(63), np.int64(19), np.int64(43), np.int64(25), np.int64(6), np.int64(3), np.int64(41), np.int64(32), np.int64(29), np.int64(63), np.int64(7), np.int64(53), np.int64(0), np.int64(7), np.int64(18), np.int64(57), np.int64(58), np.int64(55), np.int64(2), np.int64(42), np.int64(39), np.int64(26), np.int64(9), np.int64(53), np.int64(44), np.int64(43), np.int64(4), np.int64(20), np.int64(25), np.int64(43), np.int64(22), np.int64(54), np.int64(37), np.int64(0), np.int64(30), np.int64(12), np.int64(47), np.int64(20), np.int64(46), np.int64(20), np.int64(25), np.int64(51), np.int64(51), np.int64(35)]","[np.int64(58), np.int64(53), np.int64(50), np.int64(56), np.int64(38), np.int64(30), np.int64(0), np.int64(22), np.int64(2), np.int64(12), np.int64(17), np.int64(1), np.int64(58), np.int64(32), np.int64(41), np.int64(13), np.int64(41), np.int64(48), np.int64(62), np.int64(23), np.int64(46), np.int64(56), np.int64(59), np.int64(61), np.int64(25), np.int64(12), np.int64(48), np.int64(40), np.int64(61), np.int64(7), np.int64(24), np.int64(33), np.int64(1), np.int64(24), np.int64(39), np.int64(36), np.int64(38), np.int64(29), np.int64(14), np.int64(39), np.int64(6), np.int64(46), np.int64(1), np.int64(42), np.int64(8), np.int64(61), np.int64(63), np.int64(23), np.int64(38), np.int64(54), np.int64(42), np.int64(26), np.int64(55), np.int64(49), np.int64(50), np.int64(45), np.int64(26), np.int64(28), np.int64(55), np.int64(27), np.int64(60), np.int64(1), np.int64(29), np.int64(13)]",False,False,0.0,0.0,"[22 10 55 38 29 10  3 15 57 17 38 16 17 17 16 38 38 38 15 38 17  3 38 38
 15 23 61 57 55 38 23 15 57  3  3 16 17 23 38 61 10 57 10 57 23 15 23 61
 55 19 57 57 23 15 55 38 17 38 15 17 61 38 55 15]","[55 61 55 38 29 55  3 10 10 55 38 19 29 23 16 38 38 38 61 38  3 19 38 38
 29 19 29 57 23 38 23 15 61 16 55 61 17 61 38 22 16 22 10 57 23 55 16 61
 61 19 19 57 23 15 57 38 10 38 55 17  3 38 57 15]",False,False,0.0,0.0,"[55 61 55 38 29 55  3 19 57 55 38 19 57 57 57 38 38 38 61 38 61 55 38 38
 29 23 61 57 61 38 23 17 57 16 55 61 17 61 38 57 57 57 10 57 29 57 23 61
 61 17 61 57 23 22 57 38 17 38 55 22 61 38 57 15]","[22 10 29 38 29 10  3 10 57 19 38 19 57 15 57 38 38 38 55 38  3 22 38 38
 15 19 29 57 22 38 23 10 57 16 55 10 17 10 38 57 57 22 10 22 29 10 16 61
 10 19 57 57 23 15 57 38 10 38 55 15 29 38 57 15]",False,False,0.109375,0.0,1.0,0.0,0.0,25,0,0,1.0,0.0,0.0,25,0,0,1.0,0.0,0.0,25,0,0,1.0,0.0,0.0,25,0,0,1.0,0.0,0.0,25,0,0,1.0,0.0,0.0,25,0,0,0.04,0.0,0.0,1,0,0,0.04,0.0,0.0,1,0,0
[0 0 0 ... 0 0 0],57,"[28 28 63 50 15 18  8 57 57 28 15 59 38 59 39 57 50 38 57 63 18 50 53  8
 39 39 38 63 57 30  7 59 28  8  7 63 15 42 57 57 42  7 57 15 59 59 59 15
  7 42 57 42 50 50 28 39  8 57 28 57 42 59 50 57]","[28 18  8 15 15  8  8 57 57 28 50 63 50  8 50 57 50 38 57  8 18 50 60  8
 50 39 38  8 57 13 15 59 42  8  7 63  8 42 57 57 42 18 57 15  8 18 59 39
 38 42 57 59 39 39 28 50  8 57 50 57 42 59 50 57]",False,False,0.0,0.0,"[np.int64(27), np.int64(2), np.int64(56), np.int64(47), np.int64(32), np.int64(30), np.int64(42), np.int64(34), np.int64(14), np.int64(41), np.int64(59), np.int64(22), np.int64(53), np.int64(12), np.int64(42), np.int64(51), np.int64(5), np.int64(34), np.int64(54), np.int64(28), np.int64(27), np.int64(28), np.int64(46), np.int64(25), np.int64(29), np.int64(55), np.int64(22), np.int64(5), np.int64(3), np.int64(37), np.int64(19), np.int64(35), np.int64(13), np.int64(10), np.int64(51), np.int64(3), np.int64(8), np.int64(20), np.int64(34), np.int64(15), np.int64(20), np.int64(60), np.int64(8), np.int64(1), np.int64(18), np.int64(45), np.int64(13), np.int64(56), np.int64(35), np.int64(50), np.int64(11), np.int64(53), np.int64(21), np.int64(5), np.int64(1), np.int64(40), np.int64(21), np.int64(4), np.int64(56), np.int64(46), np.int64(25), np.int64(21), np.int64(35), np.int64(9)]","[np.int64(41), np.int64(50), np.int64(30), np.int64(16), np.int64(61), np.int64(31), np.int64(37), np.int64(29), np.int64(39), np.int64(43), np.int64(28), np.int64(40), np.int64(32), np.int64(35), np.int64(8), np.int64(20), np.int64(7), np.int64(15), np.int64(12), np.int64(38), np.int64(49), np.int64(5), np.int64(39), np.int64(19), np.int64(36), np.int64(50), np.int64(61), np.int64(38), np.int64(44), np.int64(20), np.int64(41), np.int64(44), np.int64(22), np.int64(23), np.int64(7), np.int64(20), np.int64(36), np.int64(57), np.int64(12), np.int64(55), np.int64(47), np.int64(39), np.int64(62), np.int64(25), np.int64(6), np.int64(55), np.int64(59), np.int64(13), np.int64(33), np.int64(23), np.int64(15), np.int64(2), np.int64(26), np.int64(49), np.int64(31), np.int64(29), np.int64(16), np.int64(30), np.int64(53), np.int64(43), np.int64(51), np.int64(38), np.int64(14), np.int64(6)]",False,False,0.0,0.0,"[28 28 63 38 15 18  8 57 57 28 50 28 38 38 39 57 39 38 57 63 38 50 26  8
 50 42 39 15 57 20  7 59 42 28 42 63  8 42 57 57 42  7 57 15 42  8 59 18
  7 63 57 18  8 39 28 39  8 57 50 57 42 59 59 57]","[28 28  8 50 15  8  8 57 57 28 15 63 38 59  7 57  7 18 57  8 39 50 51  8
 50 39 39 15 57 44 15 59 42 28 42 63 15 42 57 57 42 18 57 15 59 18 59 59
  7 42 57 42 50 39 28 50  8 57 50 57 42 39 59 57]",False,False,0.0,0.0,"[28 63 63 50 15 18  8 57 57 28 50 59 50 59 50 57 50 38 57 59 39 50 60  8
 50 42 39 63 57 56 63 59 42 28 42 63 15 42 57 57 42 18 57 15 59 59 59 59
 38 63 57 59 50 50 28 50  8 57 50 57 42 59 59 57]","[28 28  8 50 15  8  8 57 57 28 15 39 18  8 18 57 18 38 57 63 18 50 54  8
 50 42 38  8 57 20 63 59 42  8 42 63  8 42 57 57 42  7 57 15  8  8 59 42
  7 42 57 42  8 50 28 18  8 57  8 57 42 39  8 57]",True,False,0.109375,0.0,1.0,0.0,0.0,25,0,0,1.0,0.0,0.0,25,0,0,1.0,0.0,0.0,25,0,0,1.0,0.0,0.0,25,0,0,1.0,0.0,0.0,25,0,0,1.0,0.0,0.0,25,0,0,0.04,1.0,1.0,1,1,25,0.04,0.0,0.0,1,0,0
