As,Source_Nodes,Categorical_Model_Trees,Categorical_True_Trees,Categorical_Model_Mask,Categorical_True_Mask,Categorical_Model_Accuracy,Categorical_True_Accuracy,Random_Model_Trees,Random_True_Trees,Random_Model_Mask,Random_True_Mask,Random_Model_Accuracy,Random_True_Accuracy,Prim_Model_Trees,Prim_True_Trees,Prim_Model_Mask,Prim_True_Mask,Prim_Model_Accuracy,Prim_True_Accuracy,Beam_Model_Trees,Beam_True_Trees,Beam_Model_Mask,Beam_True_Mask,Beam_Model_Accuracy,Beam_True_Accuracy
[0 0 0 ... 0 0 1],63,"[63 23 63 43 23 32 50 27 10 55 63 27 23  0 27 44 58 50 44 55 58 55 37 63
 63 37 58 63 58 50 10 27 63 46 32 43 46 63 50 37 27 10 27 63 63 63 63 58
 50 44 63 45  2  0 45 63 46 46 63 44 44 23 58 63]","[63 23 63 32 24 55 43 43 10 50 63 27 24 58 55 44 58 32 44 44 55  0 37 63
 63 37 10 63 43 50 23 46 63 46 32  0 46 63 55 37 27  2 27 63 63 63 63 37
 24 32 63 50 46  0 46 63 46 46 63 44 43 58 58 63]",True,True,1.0,1.0,"[np.int64(7), np.int64(37), np.int64(54), np.int64(13), np.int64(62), np.int64(27), np.int64(6), np.int64(60), np.int64(10), np.int64(30), np.int64(50), np.int64(62), np.int64(38), np.int64(0), np.int64(2), np.int64(29), np.int64(53), np.int64(27), np.int64(48), np.int64(2), np.int64(36), np.int64(7), np.int64(24), np.int64(36), np.int64(39), np.int64(2), np.int64(44), np.int64(4), np.int64(2), np.int64(33), np.int64(38), np.int64(21), np.int64(53), np.int64(27), np.int64(5), np.int64(48), np.int64(51), np.int64(24), np.int64(16), np.int64(29), np.int64(63), np.int64(6), np.int64(21), np.int64(40), np.int64(29), np.int64(3), np.int64(24), np.int64(20), np.int64(50), np.int64(33), np.int64(2), np.int64(6), np.int64(1), np.int64(31), np.int64(2), np.int64(57), np.int64(50), np.int64(42), np.int64(14), np.int64(22), np.int64(14), np.int64(11), np.int64(3), np.int64(23)]","[np.int64(48), np.int64(7), np.int64(15), np.int64(18), np.int64(60), np.int64(1), np.int64(33), np.int64(20), np.int64(52), np.int64(9), np.int64(59), np.int64(1), np.int64(16), np.int64(62), np.int64(7), np.int64(18), np.int64(40), np.int64(48), np.int64(16), np.int64(17), np.int64(17), np.int64(44), np.int64(47), np.int64(19), np.int64(4), np.int64(53), np.int64(55), np.int64(14), np.int64(53), np.int64(7), np.int64(40), np.int64(58), np.int64(35), np.int64(39), np.int64(52), np.int64(20), np.int64(1), np.int64(16), np.int64(52), np.int64(0), np.int64(3), np.int64(36), np.int64(18), np.int64(45), np.int64(43), np.int64(1), np.int64(57), np.int64(0), np.int64(19), np.int64(22), np.int64(15), np.int64(20), np.int64(52), np.int64(11), np.int64(53), np.int64(2), np.int64(27), np.int64(7), np.int64(30), np.int64(24), np.int64(51), np.int64(62), np.int64(45), np.int64(38)]",False,False,0.0,0.0,"[63 50 63 43 32 58 43 44 58 55 63 44 44 24 46 24 43 32 44 55 55 55 44 63
 63 24 58 63 43 50 23 27 63 46 58 43 46 63  2 43 27 50 27 63 63 63 63 46
 46 32 63 50  2 27  2 63 46 10 63 43 44 32 58 63]","[63 55 63 43 24 45 50 50 10 55 63 27 24 58 46 24 58 32 44 24 58 55 37 63
 63 24 58 63 58 50 10 55 63 46 32  0 46 63 50 37 27 10 27 63 63 63 63 58
 24 24 63 43 50  0  2 63 46 10 63 44 44 58 58 63]",True,True,1.0,1.0,"[63 23 63 32 24 27 10 27 10 10 63 27 24  0 24 24 43 24 44 24 58  0 37 63
 63 24 10 63 10 50 10 27 63 46  0  0 46 63  2 37 27  2 27 63 63 63 63 37
 24 24 63 10  2  0  2 63 46 10 63 23  0 23 58 63]","[63 44 63 44 23 55 24 44 10 10 63 44 44 58 24 44 58 24 44 44 58 55 37 63
 63 24 58 63 58 50 10 55 63 46 58  0 46 63 46 37 27 27 58 63 63 63 63 37
 24 44 63 10 58 58 23 63 46 58 63 44 44 58 58 63]",True,True,1.0,1.0
[0 0 1 ... 0 0 0],8,"[55 61 63  8  8  8 37  8  8 61 55  4 41 55 50 16  8  8  4 25  4  8 17 50
  5  8 28 28  8 37  2 62  8  7 62 45 55  8 62  5 41  8 61  4 50  8 16  5
  5 56  8 55 45 25 28  8  8  3 17  7 45  8  8  8]","[56 55 61  8  8  8 21  8  8 37 32  3 61  5 50 37  8  8 21 17 25  8  3 50
  5  8 28 61  8 37 47 62  8  5 62 45 32  8  4 61 41  8 62 32 50  8 25 56
  5 63  8 37 45 25 45  8  8  3 28 28 32  8  8  8]",True,True,1.0,1.0,"[np.int64(4), np.int64(2), np.int64(6), np.int64(45), np.int64(46), np.int64(10), np.int64(14), np.int64(31), np.int64(19), np.int64(17), np.int64(0), np.int64(14), np.int64(42), np.int64(17), np.int64(0), np.int64(58), np.int64(0), np.int64(37), np.int64(53), np.int64(4), np.int64(16), np.int64(15), np.int64(34), np.int64(30), np.int64(46), np.int64(20), np.int64(7), np.int64(60), np.int64(42), np.int64(35), np.int64(40), np.int64(4), np.int64(28), np.int64(41), np.int64(40), np.int64(1), np.int64(6), np.int64(54), np.int64(36), np.int64(60), np.int64(37), np.int64(4), np.int64(15), np.int64(42), np.int64(54), np.int64(11), np.int64(29), np.int64(33), np.int64(20), np.int64(14), np.int64(15), np.int64(37), np.int64(17), np.int64(2), np.int64(14), np.int64(54), np.int64(8), np.int64(22), np.int64(8), np.int64(5), np.int64(27), np.int64(62), np.int64(62), np.int64(3)]","[np.int64(62), np.int64(54), np.int64(26), np.int64(27), np.int64(50), np.int64(61), np.int64(33), np.int64(8), np.int64(49), np.int64(20), np.int64(21), np.int64(5), np.int64(40), np.int64(5), np.int64(7), np.int64(15), np.int64(56), np.int64(56), np.int64(59), np.int64(53), np.int64(26), np.int64(7), np.int64(48), np.int64(40), np.int64(34), np.int64(2), np.int64(17), np.int64(25), np.int64(47), np.int64(56), np.int64(44), np.int64(49), np.int64(46), np.int64(52), np.int64(50), np.int64(42), np.int64(26), np.int64(49), np.int64(22), np.int64(51), np.int64(6), np.int64(45), np.int64(56), np.int64(1), np.int64(29), np.int64(44), np.int64(35), np.int64(56), np.int64(33), np.int64(44), np.int64(59), np.int64(9), np.int64(17), np.int64(42), np.int64(49), np.int64(4), np.int64(23), np.int64(33), np.int64(53), np.int64(38), np.int64(13), np.int64(5), np.int64(1), np.int64(56)]",False,False,0.0,0.0,"[21 55 16  8  8  8 21  8  8  5 32  4 41 21 50 16  8  8 16 50 17  8 17 50
 21  8  4 45  8 37 19 32  8 56 41 25 55  8 16 61  7  8 61 63 50  8  5 37
  4 41  8 28  4 50 28  8  8  4  7 55 63  8  8  8]","[ 5 55 21  8  8  8 37  8  8 45 32  3 61 21  4 41  8  8 61 32 63  8  3 50
 21  8 56 45  8 37 27 21  8 45 21 62 41  8  4 62 41  8 37 32 50  8 50  5
  5 56  8 37 28 55 32  8  8 32 28 55 32  8  8  8]",True,True,1.0,1.0,"[ 3  5  5  8  8  8  5  8  8  3 32  4 41  5  4 16  8  8  4  4  4  8  3  7
  5  8  4 28  8 37  2  4  8  7 16 25  7  8  7  4  7  8  5  4 50  8  3  3
  4  4  8  7  4 25  5  8  8  4  7  7  5  8  8  8]","[ 5 61 61  8  8  8  5  8  8 61 21  3 61  5  4 25  8  8  5 61 25  8  3 50
  5  8  4 61  8 37 47 21  8  5 21 25 32  8 62 61 41  8 32  4 50  8  5  5
 61 41  8 61 61 25 32  8  8  4 61 28 32  8  8  8]",True,True,1.0,1.0
[0 0 1 ... 0 0 1],29,"[ 4 46 43 30 29 11 15 15 29 46 36 29 29 33 33 29 22 29 29 30 46 11 29 30
 40 40  4 46 38 29 29 47 15 29 36 12 29 43 29 33 29 22  4 29 36 43 29 29
 12 43 30 18 59 59 47 30 40 12 18 29 33 29  8 40]","[ 4 46 38  4 29 11 15 38 29 11 15 29 29 22 22 29 11 29 29 30 11 59 29 46
 33 15 11 46 40 29 29 43 15 29 15 12 29 18 29 38 29 38  8 29 36 36 29 29
 11 40 17 17 36  4 47 30 11  4 11 29 30 29  8  4]",True,True,1.0,1.0,"[np.int64(59), np.int64(51), np.int64(23), np.int64(37), np.int64(19), np.int64(55), np.int64(9), np.int64(34), np.int64(61), np.int64(2), np.int64(23), np.int64(53), np.int64(33), np.int64(17), np.int64(9), np.int64(33), np.int64(14), np.int64(24), np.int64(36), np.int64(52), np.int64(25), np.int64(16), np.int64(15), np.int64(15), np.int64(46), np.int64(34), np.int64(13), np.int64(18), np.int64(59), np.int64(10), np.int64(14), np.int64(40), np.int64(20), np.int64(10), np.int64(15), np.int64(3), np.int64(57), np.int64(62), np.int64(60), np.int64(27), np.int64(52), np.int64(16), np.int64(46), np.int64(32), np.int64(35), np.int64(0), np.int64(37), np.int64(54), np.int64(9), np.int64(56), np.int64(25), np.int64(43), np.int64(8), np.int64(34), np.int64(23), np.int64(8), np.int64(4), np.int64(42), np.int64(11), np.int64(50), np.int64(4), np.int64(37), np.int64(10), np.int64(9)]","[np.int64(25), np.int64(3), np.int64(4), np.int64(48), np.int64(17), np.int64(0), np.int64(34), np.int64(51), np.int64(56), np.int64(19), np.int64(25), np.int64(27), np.int64(0), np.int64(33), np.int64(30), np.int64(57), np.int64(16), np.int64(11), np.int64(40), np.int64(27), np.int64(60), np.int64(54), np.int64(4), np.int64(16), np.int64(48), np.int64(34), np.int64(23), np.int64(39), np.int64(27), np.int64(33), np.int64(53), np.int64(57), np.int64(41), np.int64(25), np.int64(42), np.int64(18), np.int64(53), np.int64(63), np.int64(51), np.int64(53), np.int64(34), np.int64(58), np.int64(54), np.int64(14), np.int64(15), np.int64(12), np.int64(37), np.int64(31), np.int64(8), np.int64(13), np.int64(61), np.int64(1), np.int64(39), np.int64(42), np.int64(50), np.int64(1), np.int64(32), np.int64(22), np.int64(11), np.int64(46), np.int64(57), np.int64(20), np.int64(45), np.int64(30)]",False,False,0.0,0.0,"[18 46 33 59 29 15 38 15 29 11 18 29 29 36 47 29 11 29 29 12 15 17 29 30
 30 40  4 18 11 29 29 36 15 29 36  8 29  4 29 33 29 40 30 29 36 11 29 29
 40  4 61 40 15 15 46 30 40 61 11 29 30 29 18  4]","[ 4 46 30 15 29 15 38 38 29 11 15 29 29 22 33 29 12 29 29 61 59 17 29 30
 33 15 11 18 38 29 29 17 18 29 15  8 29 43 29 22 29 11  8 29 36  4 29 29
 40 43 40 40  8 43 36 30 40  4 11 29 33 29 38 18]",True,True,1.0,1.0,"[ 4 12 30  4 29 11 15 15 29 11 15 29 29 22 22 29 11 29 29 12 11 11 29 22
  4 15  4 18 11 29 29 15 15 29  8  8 29  4 29 22 29  8  4 29 36  4 29 29
 11  4  4 17  8  4 36 30 11  4 11 29 30 29 12  4]","[ 4 38 43  8 29 11 15 15 29 11 15 29 29 30 47 29 11 29 29 15 11 11 29 22
  4 15 11 38 11 29 29 40 15 29  8  8 29  4 29 22 29 11 46 29 36 11 29 29
 11 40 17 17  8  4 46 30 11 43 11 29 46 29 15  4]",True,True,1.0,1.0
[1 0 0 ... 0 1 0],51,"[51 61 52 51  0 27 61 26 14  0 43 51 51 39 51 14 26  0  0 26 51 51 44  0
  0 47 51 51 27 34 44 44 48  3 51 43 21 43 61 51  0 61 26 51 51 52 27 51
 51  3 27 51 51  0 52 26 20 12 12 44 47 51 43 26]","[51 48 52 51 34 27 43 34 14 12 44 51 51 47 51 47 48 34 39 48 51 51 48  0
  3  3 51 51 61 34 27 14 48  3 51 44  3 12 61 51 26 27 34 51 51 26 52 51
 51  3 11 51 51 44 11 11 20 14 48 52 12 51 43 48]",True,True,1.0,1.0,"[np.int64(11), np.int64(7), np.int64(51), np.int64(5), np.int64(2), np.int64(10), np.int64(44), np.int64(49), np.int64(13), np.int64(7), np.int64(3), np.int64(19), np.int64(46), np.int64(38), np.int64(57), np.int64(12), np.int64(5), np.int64(37), np.int64(2), np.int64(58), np.int64(26), np.int64(32), np.int64(44), np.int64(37), np.int64(1), np.int64(23), np.int64(54), np.int64(28), np.int64(46), np.int64(57), np.int64(32), np.int64(51), np.int64(13), np.int64(53), np.int64(38), np.int64(4), np.int64(8), np.int64(18), np.int64(48), np.int64(24), np.int64(41), np.int64(54), np.int64(47), np.int64(61), np.int64(14), np.int64(47), np.int64(4), np.int64(28), np.int64(34), np.int64(9), np.int64(18), np.int64(62), np.int64(40), np.int64(24), np.int64(56), np.int64(42), np.int64(50), np.int64(44), np.int64(52), np.int64(58), np.int64(31), np.int64(46), np.int64(26), np.int64(37)]","[np.int64(16), np.int64(22), np.int64(3), np.int64(8), np.int64(1), np.int64(50), np.int64(8), np.int64(33), np.int64(22), np.int64(53), np.int64(46), np.int64(39), np.int64(30), np.int64(44), np.int64(50), np.int64(16), np.int64(33), np.int64(44), np.int64(46), np.int64(8), np.int64(37), np.int64(63), np.int64(35), np.int64(10), np.int64(36), np.int64(54), np.int64(31), np.int64(6), np.int64(5), np.int64(52), np.int64(22), np.int64(44), np.int64(50), np.int64(56), np.int64(36), np.int64(6), np.int64(51), np.int64(40), np.int64(49), np.int64(37), np.int64(8), np.int64(6), np.int64(49), np.int64(55), np.int64(11), np.int64(35), np.int64(19), np.int64(34), np.int64(15), np.int64(33), np.int64(49), np.int64(56), np.int64(11), np.int64(24), np.int64(24), np.int64(53), np.int64(10), np.int64(33), np.int64(18), np.int64(47), np.int64(12), np.int64(42), np.int64(55), np.int64(28)]",False,False,0.0,0.0,"[51 48 52 51 21  0 47  0 20 27 44 51 51 39 51 47 48 34 12 11 51 51 44  0
 43 21 51 51 43 61 61 52 48 39 51 44 12  0 61 51 26 48 26 51 51 52 52 51
 51 34 27 51 51 44 11 26 47 12  0 39 47 51 20 26]","[51 34 52 51 14  0 43 27 20 12 44 51 51 11 51 47 48 34 39 48 51 51 27  0
  3 12 51 51 61 34 52 14 48 43 51 43 52 43 61 51  0 27 34 51 51 52 52 51
 51  0 27 51 51 21 39 21 47 12 48 39 44 51 43 26]",True,True,1.0,1.0,"[51 14 52 51  0  0 12  0 14  0 43 51 51  0 51  3 21  0  0  3 51 51 11  0
  0  3 51 51  3 34 12 14 21  3 51 21  3  0 61 51  0 14 26 51 51 12 11 51
 51  0 11 51 51  0 11 11 20  3  0 14  0 51 12 26]","[51 61 52 51  0 27 43 27 14  0 43 51 51 12 51 48 26 34  0 21 51 51 27  0
 43 39 51 51 27 34 27 14 48  3 51 43 21 43 61 51 26 27 34 51 51 44 27 51
 51 21 27 51 51 61 39 26 20 39 48 14  3 51 43 48]",True,True,1.0,1.0
[0 0 1 ... 0 0 1],29,"[ 4 22 43 15 29 15 38 15 29 33 40 29 29 22 33 29 40 29 29 18 11 11 29 47
  4 40 11 38 40 29 29 47 15 29 15  8 29 38 29 33 29 22  8 29 36 43 29 29
 12 33  4 17 36 36 47 30 40 61 11 29 38 29 38 18]","[47 38 38 15 29 11 38 15 29 46 15 29 29 30 33 29 40 29 29 15 11 22 29 30
  4 15 11 38 11 29 29 40 38 29 12  8 29 18 29 33 29 40 46 29 36 43 29 29
 11  4 30 40  8  4 47 30 33  4 18 29 46 29  8 40]",True,True,1.0,1.0,"[np.int64(11), np.int64(27), np.int64(39), np.int64(61), np.int64(34), np.int64(38), np.int64(33), np.int64(27), np.int64(3), np.int64(3), np.int64(14), np.int64(23), np.int64(33), np.int64(33), np.int64(38), np.int64(6), np.int64(56), np.int64(14), np.int64(4), np.int64(37), np.int64(46), np.int64(5), np.int64(56), np.int64(7), np.int64(19), np.int64(11), np.int64(6), np.int64(52), np.int64(51), np.int64(38), np.int64(37), np.int64(14), np.int64(42), np.int64(17), np.int64(33), np.int64(32), np.int64(53), np.int64(48), np.int64(32), np.int64(47), np.int64(26), np.int64(61), np.int64(32), np.int64(30), np.int64(12), np.int64(42), np.int64(1), np.int64(25), np.int64(22), np.int64(48), np.int64(8), np.int64(29), np.int64(1), np.int64(44), np.int64(40), np.int64(13), np.int64(63), np.int64(11), np.int64(56), np.int64(52), np.int64(62), np.int64(39), np.int64(8), np.int64(7)]","[np.int64(23), np.int64(3), np.int64(61), np.int64(53), np.int64(43), np.int64(54), np.int64(11), np.int64(32), np.int64(16), np.int64(32), np.int64(20), np.int64(24), np.int64(9), np.int64(45), np.int64(2), np.int64(2), np.int64(43), np.int64(17), np.int64(37), np.int64(39), np.int64(20), np.int64(8), np.int64(32), np.int64(1), np.int64(23), np.int64(29), np.int64(44), np.int64(46), np.int64(13), np.int64(49), np.int64(8), np.int64(2), np.int64(30), np.int64(53), np.int64(25), np.int64(0), np.int64(17), np.int64(2), np.int64(59), np.int64(26), np.int64(29), np.int64(32), np.int64(60), np.int64(60), np.int64(38), np.int64(63), np.int64(39), np.int64(38), np.int64(43), np.int64(38), np.int64(60), np.int64(31), np.int64(12), np.int64(53), np.int64(15), np.int64(54), np.int64(21), np.int64(41), np.int64(54), np.int64(37), np.int64(19), np.int64(59), np.int64(24), np.int64(51)]",False,False,0.0,0.0,"[ 4 12 40  8 29 15 43 59 29 46 40 29 29 33 33 29 12 29 29 15 15 22 29 30
 33 40 11 46 12 29 29 38 30 29 36 12 29 47 29 38 29 38 47 29 36 11 29 29
 11  4 40 17  8 59 36 30 33 61 11 29 47 29 18 18]","[47 46 40 15 29 11 47 15 29 11 40 29 29 33 47 29 12 29 29 61 11 59 29 22
 33 40 22 46 30 29 29 43 38 29 15 12 29  4 29 22 29 17 47 29 36 38 29 29
 11 40 43 18 15 43 46 30 11 38 18 29 38 29 15 18]",True,True,1.0,1.0,"[ 4 12 30  4 29 11 15 15 29 11 15 29 29 22 22 29 11 29 29 12 11 11 29 22
  4 15  4 18 11 29 29 15 15 29  8  8 29  4 29 22 29  8  4 29 36  4 29 29
 11  4  4 17  8  4 36 30 11  4 11 29 30 29 12  4]","[ 4 38 43  8 29 11 15 15 29 11 15 29 29 30 47 29 11 29 29 15 11 11 29 22
  4 15 11 38 11 29 29 40 15 29  8  8 29  4 29 22 29 11 46 29 36 11 29 29
 11 40 17 17  8  4 46 30 11 43 11 29 46 29 15  4]",True,True,1.0,1.0
[0 0 0 ... 0 0 0],23,"[23 23 62 23 49  1 28 22 29  0  1 28  3 40  1 28 29 23 23 62 22 17 23 23
 42 62 17 18 23 23  0 40 49 49 22 29 40 42 28 18 23  3 23  3 29  2 17 49
 42 23 40 22 23 62 40 23 29  3 17 18 17  0 23 29]","[23 23 28 23  1 62 28 29 18 40  1 28  3 40 62 28 29 23 23 62  0  1 23 23
 42 62 17 18 23 23  3 42 49 49 55 29 40 22 40 62 23  3 23 28 22 60 49 55
 42 23 40  1 23 62 49 23 22 42 28 18 40  0 23 29]",True,True,1.0,1.0,"[np.int64(22), np.int64(39), np.int64(26), np.int64(7), np.int64(5), np.int64(15), np.int64(23), np.int64(43), np.int64(61), np.int64(21), np.int64(63), np.int64(57), np.int64(49), np.int64(48), np.int64(49), np.int64(29), np.int64(58), np.int64(60), np.int64(58), np.int64(45), np.int64(45), np.int64(55), np.int64(2), np.int64(47), np.int64(8), np.int64(28), np.int64(37), np.int64(2), np.int64(21), np.int64(63), np.int64(11), np.int64(15), np.int64(5), np.int64(42), np.int64(49), np.int64(37), np.int64(38), np.int64(8), np.int64(14), np.int64(46), np.int64(22), np.int64(35), np.int64(4), np.int64(36), np.int64(13), np.int64(20), np.int64(17), np.int64(14), np.int64(58), np.int64(27), np.int64(60), np.int64(60), np.int64(61), np.int64(26), np.int64(40), np.int64(45), np.int64(34), np.int64(27), np.int64(58), np.int64(28), np.int64(63), np.int64(15), np.int64(63), np.int64(37)]","[np.int64(39), np.int64(53), np.int64(5), np.int64(43), np.int64(51), np.int64(5), np.int64(32), np.int64(50), np.int64(22), np.int64(36), np.int64(34), np.int64(33), np.int64(31), np.int64(13), np.int64(10), np.int64(36), np.int64(60), np.int64(32), np.int64(19), np.int64(31), np.int64(26), np.int64(49), np.int64(26), np.int64(35), np.int64(6), np.int64(45), np.int64(21), np.int64(22), np.int64(6), np.int64(34), np.int64(62), np.int64(21), np.int64(48), np.int64(36), np.int64(26), np.int64(37), np.int64(3), np.int64(51), np.int64(29), np.int64(33), np.int64(12), np.int64(54), np.int64(2), np.int64(7), np.int64(13), np.int64(21), np.int64(44), np.int64(29), np.int64(60), np.int64(13), np.int64(45), np.int64(32), np.int64(54), np.int64(40), np.int64(20), np.int64(20), np.int64(7), np.int64(30), np.int64(20), np.int64(8), np.int64(13), np.int64(35), np.int64(15), np.int64(23)]",False,False,0.0,0.0,"[23 23  3 23 28 62  1 29 18  0 40 17 18 40  1 29  3 23 23  3  0 17 23 23
 52 28 17 17 23 23 42 42  1 49 22 22 17 22 40 18 23  1 23 62  1  2 42 40
  0 23  0 28 23 52 40 23 17 55 28 55 18  0 23 49]","[23 23  3 23  0 18  1 22 29 40 40 28  3 40  1 29  0 23 23 62 22 40 23 23
 22 28 28 17 23 23 28 42 28 49 42 22 40 22  1 18 23  1 23 62 22 60 42 40
 42 23 40 22 23 62 40 23 29  3 28 22 40  0 23 29]",True,True,1.0,1.0,"[23 23  3 23  0  1  0 22  3  0  1  0  3 40  1 17  0 23 23  3  0  1 23 23
 22 28 17 17 23 23  0 42  1 49 22  3 17 22  1  1 23  1 23  0  1  2 17 40
  0 23  0  0 23 22 40 23 17  3 17 22 17  0 23  0]","[23 23 28 23 28 18 28 29 29 40  1 28  3 40 49 28  0 23 23 29  3 40 23 23
 22 28 28 18 23 23 28 42 28 49 22 22 18 22 28 28 23  1 23 28 29 60 42 40
 42 23 40 28 23 22 40 23 28 42 28 22 28  0 23 29]",True,True,1.0,1.0
[1 0 1 ... 0 0 0],1,"[ 7  1  1 39 42  1 39  1  1  5 38 33 39 52  1  1  5  1  7 14  8 14 39 31
 29  7 42  5 15  1 14  1 33  1 51 51 31 17  1  1 52 14  1 14  8  5  2  7
 38 15 31  1  1 52 38 39  5 14  2  7  2 38 52 51]","[ 7  1  1 15 14  1  5  1  1 42  8 33 14 39  1  1 52  1 51 14  7 33 38 15
 39 14 29 38 29  1 39  1 15  1 51 38  2 52  1  1 39 17  1 14 29 39  7 29
 51 17  7  1  1 14 38 29 42 15 29 14 42  8 15  7]",True,True,1.0,1.0,"[np.int64(32), np.int64(31), np.int64(8), np.int64(36), np.int64(10), np.int64(9), np.int64(36), np.int64(28), np.int64(50), np.int64(12), np.int64(9), np.int64(52), np.int64(2), np.int64(38), np.int64(56), np.int64(19), np.int64(26), np.int64(40), np.int64(41), np.int64(25), np.int64(45), np.int64(39), np.int64(47), np.int64(54), np.int64(18), np.int64(21), np.int64(23), np.int64(3), np.int64(17), np.int64(21), np.int64(43), np.int64(51), np.int64(40), np.int64(5), np.int64(47), np.int64(32), np.int64(6), np.int64(53), np.int64(11), np.int64(53), np.int64(36), np.int64(37), np.int64(55), np.int64(41), np.int64(32), np.int64(58), np.int64(36), np.int64(26), np.int64(13), np.int64(36), np.int64(38), np.int64(44), np.int64(7), np.int64(15), np.int64(32), np.int64(32), np.int64(35), np.int64(45), np.int64(62), np.int64(1), np.int64(31), np.int64(25), np.int64(59), np.int64(44)]","[np.int64(2), np.int64(38), np.int64(25), np.int64(42), np.int64(46), np.int64(0), np.int64(46), np.int64(20), np.int64(29), np.int64(58), np.int64(36), np.int64(36), np.int64(20), np.int64(63), np.int64(16), np.int64(53), np.int64(35), np.int64(4), np.int64(36), np.int64(32), np.int64(63), np.int64(16), np.int64(16), np.int64(5), np.int64(18), np.int64(21), np.int64(43), np.int64(9), np.int64(18), np.int64(4), np.int64(52), np.int64(8), np.int64(45), np.int64(4), np.int64(44), np.int64(12), np.int64(25), np.int64(27), np.int64(47), np.int64(49), np.int64(23), np.int64(3), np.int64(23), np.int64(26), np.int64(18), np.int64(41), np.int64(44), np.int64(16), np.int64(17), np.int64(20), np.int64(44), np.int64(42), np.int64(45), np.int64(53), np.int64(23), np.int64(1), np.int64(24), np.int64(51), np.int64(12), np.int64(39), np.int64(32), np.int64(16), np.int64(19), np.int64(16)]",False,False,0.0,0.0,"[17  1  1 15  8  1  5  1  1 42 38 51 52 52  1  1 52  1 51 15 38 14 38 52
 39  7 29 17 51  1 14  1 15  1 51 38  7 17  1  1 52  5  1 39  5 39  7 42
 51 51 39  1  1 52 31 39 42 15 17  8  2 14 29 51]","[38  1  1 29 52  1  5  1  1 42  7 51 39 52  1  1  2  1  7 38 38 29 42 31
 29 14 42 38 38  1 14  1 15  1 51 17 29 17  1  1 39 14  1 39  5 14 29 42
 51 15 17  1  1 29 38 33  5 14 17 33 14 14 29 51]",True,True,1.0,1.0,"[ 2  1  1 15  8  1  5  1  1  5  2 33 14 39  1  1  2  1  7 14  5 14  7  5
 14  5 29  5 14  1  7  1 15  1 51  2  2 17  1  1 39  2  1 14  5  5  2  2
  5  2  2  1  1  5 31 33  5 14  2  2  5  7  2  7]","[ 7  1  1 29 14  1 39  1  1 42  7 51 14 52  1  1 52  1 14 29  7 29  7 31
 29 14 42 14 29  1 14  1 33  1 51 14  7 52  1  1 52 14  1 14 29 14 14 29
 38 51 14  1  1 14 38 29 39 14 29 14 14 14 29 51]",True,True,1.0,1.0
[0 1 0 ... 0 1 0],62,"[41 41 19 62 62  3 62 63 62 41  6 48 41  8  4  4  6  8  4 62 23 23  6 62
 47 63 62  4  3 48 39  3 47 41 63 48 39 47  8 62 63 62 26 23  6 48 19 62
 62 23 39  8 26  3 23 39  6 23 19 47  4 62 62 62]","[ 6 41 23 62 62  3 62 63 62 41 26 48  3  8  8  4  6 41 61 62  3 61 23 62
 41 26 62 61 61 26 39  3 47 19  3 48  3 41 26 62  3 62 41 47 26 48 19 62
 62 48 48 39 26 39 23 39  4 39 19 41  8 62 62 62]",True,True,1.0,1.0,"[np.int64(6), np.int64(38), np.int64(28), np.int64(37), np.int64(1), np.int64(42), np.int64(49), np.int64(44), np.int64(29), np.int64(63), np.int64(60), np.int64(26), np.int64(3), np.int64(29), np.int64(25), np.int64(62), np.int64(52), np.int64(57), np.int64(44), np.int64(41), np.int64(36), np.int64(1), np.int64(30), np.int64(17), np.int64(53), np.int64(10), np.int64(26), np.int64(21), np.int64(21), np.int64(42), np.int64(7), np.int64(28), np.int64(41), np.int64(11), np.int64(51), np.int64(11), np.int64(52), np.int64(20), np.int64(44), np.int64(31), np.int64(28), np.int64(13), np.int64(60), np.int64(48), np.int64(29), np.int64(33), np.int64(43), np.int64(54), np.int64(38), np.int64(1), np.int64(44), np.int64(35), np.int64(26), np.int64(4), np.int64(18), np.int64(51), np.int64(23), np.int64(8), np.int64(13), np.int64(53), np.int64(12), np.int64(45), np.int64(39), np.int64(45)]","[np.int64(40), np.int64(37), np.int64(3), np.int64(47), np.int64(24), np.int64(49), np.int64(35), np.int64(39), np.int64(36), np.int64(57), np.int64(44), np.int64(46), np.int64(29), np.int64(59), np.int64(4), np.int64(29), np.int64(37), np.int64(42), np.int64(2), np.int64(56), np.int64(21), np.int64(26), np.int64(41), np.int64(58), np.int64(26), np.int64(46), np.int64(57), np.int64(20), np.int64(51), np.int64(60), np.int64(49), np.int64(59), np.int64(11), np.int64(39), np.int64(52), np.int64(58), np.int64(57), np.int64(56), np.int64(33), np.int64(33), np.int64(24), np.int64(5), np.int64(0), np.int64(7), np.int64(54), np.int64(7), np.int64(14), np.int64(10), np.int64(12), np.int64(18), np.int64(24), np.int64(9), np.int64(17), np.int64(41), np.int64(22), np.int64(42), np.int64(51), np.int64(37), np.int64(8), np.int64(4), np.int64(40), np.int64(4), np.int64(43), np.int64(17)]",False,False,0.0,0.0,"[ 4 41 19 62 62  3 62  6 62 39 26 48 39  8  8 63  6  3 47 62 39 23 23 62
 41  6 62  4 23 48 39 63 47 41 19 39 39 41 19 62  3 62 48 23  6 48 39 62
 62 39  6  8 26 41  6 39  4 23 63 47 41 62 62 62]","[ 6 41  3 62 62  3 62  6 62 41  4 23  3  8  8 19 19 41 47 62  3 23 23 62
 47 63 62 61 48 48 39 63 19 41  3 48  3 47  8 62  3 62 26 47  6 48  6 62
 62 48  6  8 26 39 23 39 63 23 19 39  8 62 62 62]",True,True,1.0,1.0,"[ 4 41  3 62 62  3 62  6 62  6  4  6  3  8  4  4  6  3  4 62  3  3  3 62
 23  6 62  4  3 26 39  3 19 19  3  3  3  8  8 62  3 62 26 23  6 48  6 62
 62 23  6  8 26  3  6 39  4  8  4 39  4 62 62 62]","[ 6 41  3 62 62  3 62 63 62  6  6 23 39  8 47  4  6 41 47 62  3 61  3 62
 26  6 62 61  3 26 39  3 47 41  3 48 39 41 26 62  3 62 26 23 26 48  6 62
 62 48 48  8 26 41  6 39  6 41 26 41 23 62 62 62]",True,True,1.0,1.0
[0 1 0 ... 0 1 0],15,"[63 18 63 18 15  4 15 27 27 16 31 46 16 44 15 15 15 42 15 44 14 27 44 15
 16  6 46 15  4 63 23 15  4 27 46 57 59 16  6 16 27  6 15 31 15 18 15 57
 57 55 46 42 42 55  6 15  6 15 57 15 23 27 46 15]","[ 4 42 63 31 15 42 15 27 27  4 46 31  4 63 15 15 15 14 15 14 14 27 57 15
 59  6 46 15  6  6  6 15  4 14 59 63 59 63 31 44 27 14 15 18 15 18 15 57
 57 14 18 42 42 55 31 15 55 15 42 15 16  4 63 15]",True,True,1.0,1.0,"[np.int64(37), np.int64(18), np.int64(55), np.int64(54), np.int64(27), np.int64(54), np.int64(55), np.int64(5), np.int64(27), np.int64(57), np.int64(44), np.int64(63), np.int64(26), np.int64(4), np.int64(24), np.int64(50), np.int64(22), np.int64(36), np.int64(60), np.int64(17), np.int64(3), np.int64(44), np.int64(39), np.int64(34), np.int64(2), np.int64(61), np.int64(39), np.int64(28), np.int64(28), np.int64(47), np.int64(9), np.int64(21), np.int64(40), np.int64(6), np.int64(37), np.int64(63), np.int64(19), np.int64(34), np.int64(47), np.int64(38), np.int64(30), np.int64(50), np.int64(23), np.int64(37), np.int64(24), np.int64(15), np.int64(51), np.int64(23), np.int64(16), np.int64(33), np.int64(58), np.int64(37), np.int64(27), np.int64(42), np.int64(12), np.int64(3), np.int64(29), np.int64(20), np.int64(41), np.int64(44), np.int64(1), np.int64(50), np.int64(62), np.int64(53)]","[np.int64(1), np.int64(44), np.int64(54), np.int64(34), np.int64(44), np.int64(19), np.int64(39), np.int64(43), np.int64(36), np.int64(11), np.int64(27), np.int64(40), np.int64(2), np.int64(44), np.int64(0), np.int64(32), np.int64(50), np.int64(37), np.int64(50), np.int64(4), np.int64(55), np.int64(14), np.int64(53), np.int64(26), np.int64(30), np.int64(32), np.int64(51), np.int64(35), np.int64(10), np.int64(43), np.int64(9), np.int64(40), np.int64(61), np.int64(27), np.int64(19), np.int64(58), np.int64(36), np.int64(2), np.int64(47), np.int64(5), np.int64(45), np.int64(62), np.int64(27), np.int64(16), np.int64(53), np.int64(21), np.int64(44), np.int64(24), np.int64(27), np.int64(37), np.int64(9), np.int64(15), np.int64(12), np.int64(56), np.int64(28), np.int64(18), np.int64(61), np.int64(9), np.int64(61), np.int64(4), np.int64(54), np.int64(28), np.int64(0), np.int64(19)]",False,False,0.0,0.0,"[55 18 14 31 15 57 15  4 27 16 31 59 42 44 15 15 15 42 15 27  6 27 44 15
 63  6 16 15  6 46  6 15  4 27 59 57 59 57 44 27 27  6 15 55 15 18 15  6
 57 23 42 42 44 55 63 15 55 15 23 15 23  4 46 15]","[63 42 46 18 15 42 15 44 14 16 46 59 55 44 15 15 15 14 15 44  6 27 44 15
 63  6 27 15  4  6 23 15  4 14 46  4 59 57  6  6 16  6 15 59 15 18 15 57
 57 23 23 42 44 55 31 15 55 15 23 15 23  4 16 15]",True,True,1.0,1.0,"[ 4 18 14 14 15  4 15  4 14  4 31 18  4 27 15 15 15  4 15 14  6 27 23 15
 16  6 16 15  4  6  6 15  4 14 46  4 59 16  6  6 16  4 15  4 15 18 15  4
  6  6 16 42 27 42  6 15  6 15 23 15  6  4 16 15]","[ 4 42 44 14 15 42 15  4 14 23 46 59  4 44 15 15 15 14 15 14 14 27 57 15
 16  6 27 15  4  6  6 15  4 14 59 57 59 57 44 57 16 14 15  4 15 18 15 14
  6  6 23 42 42 42 63 15 42 15 42 15  6  4 16 15]",True,True,1.0,1.0
[0 1 0 ... 0 0 0],49,"[43 25 25 21 21 27 36 43 21 36 24 50 49 51 27 39 43 44 43 36 36 49 44 21
 49 49 12 49 46 12 43 44 21 25 36 24 49 46 46 49 12 36 46 49 49 46 49 39
 21 49 49 43 12 36 39 27 39 43 50 44 43 25 27 12]","[43 39 44 21 21 27 36 24 24 12 27 50 49 33 27 50 43 21 24 36 21 49 44 44
 49 49 12 49 24 12 43 12 21 25 21 36 49 46 44 49 21 36 46 49 49 46 49 39
 21 49 49 24 36 39 25 27 46 36 27 25 43 25 46 50]",True,True,1.0,1.0,"[np.int64(29), np.int64(48), np.int64(57), np.int64(2), np.int64(41), np.int64(10), np.int64(49), np.int64(11), np.int64(39), np.int64(42), np.int64(5), np.int64(13), np.int64(9), np.int64(24), np.int64(38), np.int64(41), np.int64(34), np.int64(57), np.int64(49), np.int64(21), np.int64(34), np.int64(35), np.int64(62), np.int64(21), np.int64(58), np.int64(20), np.int64(27), np.int64(20), np.int64(35), np.int64(25), np.int64(56), np.int64(37), np.int64(62), np.int64(30), np.int64(37), np.int64(12), np.int64(11), np.int64(55), np.int64(27), np.int64(37), np.int64(38), np.int64(61), np.int64(47), np.int64(42), np.int64(55), np.int64(47), np.int64(4), np.int64(60), np.int64(62), np.int64(56), np.int64(15), np.int64(13), np.int64(29), np.int64(59), np.int64(33), np.int64(34), np.int64(59), np.int64(5), np.int64(35), np.int64(25), np.int64(10), np.int64(25), np.int64(12), np.int64(38)]","[np.int64(63), np.int64(28), np.int64(14), np.int64(11), np.int64(30), np.int64(50), np.int64(29), np.int64(37), np.int64(61), np.int64(46), np.int64(6), np.int64(40), np.int64(42), np.int64(49), np.int64(29), np.int64(16), np.int64(13), np.int64(50), np.int64(43), np.int64(3), np.int64(25), np.int64(59), np.int64(39), np.int64(27), np.int64(26), np.int64(26), np.int64(60), np.int64(20), np.int64(23), np.int64(32), np.int64(16), np.int64(25), np.int64(48), np.int64(29), np.int64(3), np.int64(58), np.int64(59), np.int64(36), np.int64(6), np.int64(7), np.int64(8), np.int64(50), np.int64(36), np.int64(14), np.int64(20), np.int64(0), np.int64(50), np.int64(47), np.int64(57), np.int64(24), np.int64(35), np.int64(51), np.int64(2), np.int64(33), np.int64(7), np.int64(4), np.int64(46), np.int64(8), np.int64(16), np.int64(8), np.int64(28), np.int64(62), np.int64(45), np.int64(58)]",False,False,0.0,0.0,"[39 25 36 25 24 27 44 21 27 36 21 50 49 23 24 50 43 44 24 27 21 49 44 21
 49 49 12 49 12 24 43 44 21 25 21 24 49 43 46 49 12 36 12 49 49 21 49 21
 12 49 49 24 44 43 39 27 27 44 44 44 39 25 46 44]","[39 25 36 50 21 27 36 21 27 36 21 36 49 61 27 50 43 21 43 27 46 49 44 27
 49 49 12 49 24 27 43 44 27 25 46 36 49 25 46 49 21 36 46 49 49 21 49 39
 21 49 49 24 36 12 25 27 27 44 50 44 39 25 46 44]",True,True,1.0,1.0,"[43 25 25 25 21 24 36 12 24 12 21 36 49  2 27 21 21 21 24 24 46 49 44 25
 49 49 12 49 12 12 43 12 21 25 12 24 49 25 46 49 12 12 12 49 49 21 49 21
 12 49 49 24 12 12 25 27 25 36 27 25 39 25 27 12]","[39 25 36 25 27 27 36 21 24 36 27 36 49 23 27 25 21 21 24 36 36 49 44 25
 49 49 12 49 21 27 43 46 27 25 27 36 49 46 44 49 21 36 46 49 49 27 49 39
 21 49 49 24 36 36 25 27 27 46 27 25 39 25 27 50]",True,True,1.0,1.0
[0 0 0 ... 0 0 1],48,"[34 42 24 48  8  3 34 30 48 11 18 48 34 34 24 34 11 59 48 57 58 49 41 18
 48  3 11  3 31 31 48 48 30 59 48 57 31 31 42  3 24 48 48 34 31  8 24 24
 48 48 49 11 42 31 57  3  8 48 48 48 57  1  3 11]","[30 42 59 48 18 11 34 30 48 49  3 48 34 30 31 18 11 30 48 57 57 42 18 41
 48  3 24 57 31 31 48 48 24 42 48  3 42 18 42  3 49 48 48 34 31 24 11 49
 48 48 34 11 24 59 30  3 57 48 48 48  8  2  3 30]",True,True,1.0,1.0,"[np.int64(41), np.int64(11), np.int64(45), np.int64(0), np.int64(63), np.int64(41), np.int64(40), np.int64(62), np.int64(7), np.int64(35), np.int64(62), np.int64(20), np.int64(17), np.int64(38), np.int64(15), np.int64(41), np.int64(54), np.int64(32), np.int64(47), np.int64(42), np.int64(30), np.int64(11), np.int64(23), np.int64(18), np.int64(44), np.int64(27), np.int64(39), np.int64(22), np.int64(51), np.int64(61), np.int64(59), np.int64(17), np.int64(44), np.int64(12), np.int64(45), np.int64(20), np.int64(13), np.int64(27), np.int64(38), np.int64(62), np.int64(10), np.int64(2), np.int64(29), np.int64(61), np.int64(57), np.int64(31), np.int64(42), np.int64(44), np.int64(57), np.int64(30), np.int64(20), np.int64(41), np.int64(59), np.int64(10), np.int64(23), np.int64(57), np.int64(35), np.int64(2), np.int64(25), np.int64(49), np.int64(16), np.int64(34), np.int64(62), np.int64(18)]","[np.int64(29), np.int64(31), np.int64(29), np.int64(35), np.int64(46), np.int64(28), np.int64(36), np.int64(52), np.int64(15), np.int64(35), np.int64(12), np.int64(0), np.int64(5), np.int64(29), np.int64(22), np.int64(60), np.int64(38), np.int64(31), np.int64(37), np.int64(51), np.int64(37), np.int64(55), np.int64(33), np.int64(10), np.int64(16), np.int64(23), np.int64(4), np.int64(19), np.int64(12), np.int64(59), np.int64(56), np.int64(63), np.int64(61), np.int64(1), np.int64(36), np.int64(6), np.int64(39), np.int64(49), np.int64(51), np.int64(47), np.int64(54), np.int64(38), np.int64(62), np.int64(17), np.int64(39), np.int64(52), np.int64(28), np.int64(59), np.int64(1), np.int64(54), np.int64(61), np.int64(28), np.int64(22), np.int64(60), np.int64(12), np.int64(21), np.int64(8), np.int64(22), np.int64(54), np.int64(20), np.int64(21), np.int64(10), np.int64(23), np.int64(19)]",False,False,0.0,0.0,"[59 42 31 48 34 24 34 41 48  3 41 48 59 34 30 30 11 30 48 49 57 49 18 18
 48  3 24  8 31 31 48 48 30 42 48 57 42 57 58 49 24 48 48 34 31  8 11 49
 48 48 57 11 24 59 30  3 31 48 48 48 41 29  3 30]","[57 42 31 48 34 49 57 41 48 24 34 48 11 34 18 18 11 30 48 57 57 42 30 18
 48 11 58  3 31 31 48 48 30 42 48 34 42 57 42 49 49 48 48 34  8 24 57 49
 48 48 49  3 42 24 30 58 57 48 48 48 31 38 49 30]",True,True,1.0,1.0,"[30 42 31 48  8  3 34 41 48  3  3 48 11 31  3 31 11 11 48 24 58 30 18  8
 48  3 11  3 31 31 48 48 24 42 48  3 11 11 34  3 24 48 48 31  8  3 11 11
 48 48  3  3 24 31  3  3  8 48 48 48  8  1  3 11]","[30 42 59 48 34 49 34 30 48 49 34 48 34 30 18 34 11 34 48 57 57 30 18 18
 48 11 24 57 31 31 48 48 24 59 48 34 42 30 34 57 57 48 48 49 31  8 57 49
 48 48 49 24 42 59 57 58 57 48 48 48 57  2 49 30]",True,True,1.0,1.0
[1 0 1 ... 0 0 0],7,"[10  9  7  5  5  7  2  7 21  7  7 10 35 35 62 53 10  7 17 58 53  7 21 31
  9  5 57 10 10 34 10  7 53 58  7  7 31  7 53 53 62 34 21 34 31  2 31  2
 62  5  7 21 50  7 33 35 37 58  7 62 10 50  7 10]","[ 2 53  7  2  5  7 50  7 21  7  7 37  9 37 62 53 10  7  2 58 31  7 21 31
 17  5 11 17 58 34  9  7 53 53  7  7 37  7  9 17 10 58 21  2 10  2 10 58
 10 50  7 62 58  7 25  5 37 58  7  5 10 50  7 50]",True,True,1.0,1.0,"[np.int64(61), np.int64(30), np.int64(4), np.int64(10), np.int64(30), np.int64(40), np.int64(14), np.int64(12), np.int64(43), np.int64(7), np.int64(34), np.int64(41), np.int64(24), np.int64(45), np.int64(11), np.int64(37), np.int64(11), np.int64(38), np.int64(53), np.int64(44), np.int64(19), np.int64(36), np.int64(36), np.int64(9), np.int64(0), np.int64(55), np.int64(9), np.int64(63), np.int64(31), np.int64(47), np.int64(54), np.int64(41), np.int64(46), np.int64(62), np.int64(41), np.int64(34), np.int64(47), np.int64(43), np.int64(43), np.int64(33), np.int64(62), np.int64(36), np.int64(10), np.int64(19), np.int64(22), np.int64(36), np.int64(19), np.int64(34), np.int64(58), np.int64(47), np.int64(56), np.int64(61), np.int64(41), np.int64(30), np.int64(12), np.int64(12), np.int64(31), np.int64(50), np.int64(37), np.int64(55), np.int64(30), np.int64(38), np.int64(27), np.int64(6)]","[np.int64(48), np.int64(26), np.int64(61), np.int64(23), np.int64(49), np.int64(61), np.int64(63), np.int64(0), np.int64(1), np.int64(6), np.int64(0), np.int64(11), np.int64(56), np.int64(31), np.int64(15), np.int64(11), np.int64(3), np.int64(14), np.int64(30), np.int64(41), np.int64(16), np.int64(45), np.int64(34), np.int64(54), np.int64(58), np.int64(31), np.int64(59), np.int64(46), np.int64(7), np.int64(22), np.int64(40), np.int64(45), np.int64(56), np.int64(3), np.int64(15), np.int64(17), np.int64(57), np.int64(19), np.int64(56), np.int64(5), np.int64(52), np.int64(0), np.int64(8), np.int64(60), np.int64(58), np.int64(38), np.int64(4), np.int64(27), np.int64(9), np.int64(8), np.int64(25), np.int64(34), np.int64(44), np.int64(19), np.int64(26), np.int64(31), np.int64(63), np.int64(57), np.int64(22), np.int64(29), np.int64(35), np.int64(18), np.int64(8), np.int64(52)]",False,False,0.0,0.0,"[10  2  7  5  5  7  2  7 21  7  7 10 35 37  2 53 10  7  2 58 53  7 21  5
 62  9 52 62 58 34 35  7 21 53  7  7 31  7  2 21  2 31 21 34 10  2 50  2
 31 31  7 10 58  7 45  5 37 58  7 62 10 50  7 50]","[10 53  7 37  5  7 50  7 53  7  7 10 35 53 53 53 10  7  2 34 53  7 50  5
 50  5 19 31 58 34 10  7  5 53  7  7 34  7 53 17 62 58 21  2 31  2 62 58
 10  5  7 10 58  7 48  5 62 58  7 62 21 50  7 10]",True,True,1.0,1.0,"[ 2  2  7  5  5  7  2  7  5  7  7  2  9 37  2 53  2  7  2 34 31  7 17  5
  2  5  1 10  5 34  9  7  5 53  7  7 31  7  2  2  2 31 21  2 10  2  2  2
 10  5  7 10  5  7  1  2  5 58  7  5  5 50  7 10]","[10 53  7  5  5  7 35  7 10  7  7 10 35 53 62 53 10  7 17 58 31  7 17  5
 17  5 19 10 10 34 10  7  5 53  7  7 37  7 53 10 17 34 21 10 10  2 10 37
 10 10  7 10 58  7 20 35  5 58  7  5 10 50  7 10]",True,True,1.0,1.0
[0 1 0 ... 0 0 0],49,"[39 44 25 44 27 27 36 24 50 12 24 50 49 33 27 50 36 44 43 24 46 49 44 50
 49 49 12 49 24 24 43 12 21 25 46 36 49 46 44 49 21 36 24 49 49 21 49 21
 24 49 49 24 39 43 39 39 25 36 44 44 39 25 46 12]","[43 44 36 21 24 27 36 24 24 36 21 36 49 28 27 25 36 44 43 27 36 49 44 25
 49 49 12 49 27 12 43 46 21 25 36 36 49 25 44 49 21 12 36 49 49 27 49 44
 21 49 49 24 36 12 27 39 25 46 27 44 43 25 46 50]",True,True,1.0,1.0,"[np.int64(1), np.int64(53), np.int64(38), np.int64(56), np.int64(59), np.int64(38), np.int64(31), np.int64(28), np.int64(33), np.int64(30), np.int64(61), np.int64(56), np.int64(26), np.int64(16), np.int64(26), np.int64(2), np.int64(34), np.int64(30), np.int64(21), np.int64(13), np.int64(56), np.int64(46), np.int64(42), np.int64(18), np.int64(45), np.int64(34), np.int64(41), np.int64(26), np.int64(53), np.int64(44), np.int64(12), np.int64(19), np.int64(22), np.int64(8), np.int64(50), np.int64(22), np.int64(24), np.int64(59), np.int64(23), np.int64(50), np.int64(31), np.int64(4), np.int64(13), np.int64(53), np.int64(44), np.int64(3), np.int64(4), np.int64(35), np.int64(11), np.int64(3), np.int64(6), np.int64(37), np.int64(46), np.int64(44), np.int64(38), np.int64(38), np.int64(51), np.int64(55), np.int64(5), np.int64(58), np.int64(16), np.int64(46), np.int64(63), np.int64(62)]","[np.int64(9), np.int64(37), np.int64(21), np.int64(14), np.int64(3), np.int64(11), np.int64(30), np.int64(22), np.int64(19), np.int64(33), np.int64(26), np.int64(58), np.int64(45), np.int64(16), np.int64(9), np.int64(30), np.int64(43), np.int64(57), np.int64(58), np.int64(16), np.int64(14), np.int64(41), np.int64(3), np.int64(37), np.int64(35), np.int64(48), np.int64(16), np.int64(31), np.int64(38), np.int64(58), np.int64(32), np.int64(28), np.int64(3), np.int64(61), np.int64(62), np.int64(23), np.int64(19), np.int64(10), np.int64(27), np.int64(39), np.int64(7), np.int64(43), np.int64(32), np.int64(2), np.int64(54), np.int64(50), np.int64(60), np.int64(63), np.int64(27), np.int64(52), np.int64(45), np.int64(57), np.int64(48), np.int64(10), np.int64(5), np.int64(3), np.int64(0), np.int64(26), np.int64(46), np.int64(24), np.int64(61), np.int64(18), np.int64(17), np.int64(37)]",False,False,0.0,0.0,"[43 39 44 25 24 24 36 24 21 12 27 44 49  2 24 21 21 44 24 36 46 49 44 21
 49 49 12 49 46 27 43 46 27 25 12 36 49 25 44 49 12 36 46 49 49 46 49 46
 24 49 49 43 12 43 43 39 25 46 27 44 43 25 27 44]","[39 25 36 50 24 27 36 21 27 36 21 50 49 28 24 39 36 44 43 36 44 49 44 25
 49 49 12 49 46 27 43 12 21 25 46 36 49 46 44 49 24 12 25 49 49 44 49 46
 21 49 49 24 44 12 25 39 46 46 44 44 39 25 27 44]",True,True,1.0,1.0,"[43 25 25 25 21 24 36 12 24 12 21 36 49  2 27 21 21 21 24 24 46 49 44 25
 49 49 12 49 12 12 43 12 21 25 12 24 49 25 46 49 12 12 12 49 49 21 49 21
 12 49 49 24 12 12 25 27 25 36 27 25 39 25 27 12]","[39 25 36 25 27 27 36 21 24 36 27 36 49 23 27 25 21 21 24 36 36 49 44 25
 49 49 12 49 21 27 43 46 27 25 27 36 49 46 44 49 21 36 46 49 49 27 49 39
 21 49 49 24 36 36 25 27 27 46 27 25 39 25 27 50]",True,True,1.0,1.0
[0 1 0 ... 0 1 0],62,"[ 6 41 41 62 62  3 62  6 62  6  4  6 61  8  8 19  6  8 47 62 23  3  3 62
 23 26 62 61 47 41 39  3 19 41  6 48  3 19 26 62 26 62 39 23  6 48 19 62
 62 39 39  8 26 41  6 39  6  8 19 41 48 62 62 62]","[ 6 41 48 62 62  3 62 39 62  6 47 41 61  8 47 19  6  3 47 62  3 61  3 62
 26 63 62 61 61 48 39 63 47 19 19 48 47 41 26 62 26 62 26 47  6 48 39 62
 62 48 48  8 26  3  6 39  4 39 19 41  6 62 62 62]",True,True,1.0,1.0,"[np.int64(54), np.int64(3), np.int64(26), np.int64(21), np.int64(8), np.int64(10), np.int64(17), np.int64(60), np.int64(57), np.int64(50), np.int64(19), np.int64(15), np.int64(15), np.int64(36), np.int64(52), np.int64(56), np.int64(36), np.int64(8), np.int64(5), np.int64(30), np.int64(61), np.int64(10), np.int64(14), np.int64(28), np.int64(31), np.int64(34), np.int64(25), np.int64(45), np.int64(58), np.int64(27), np.int64(12), np.int64(50), np.int64(10), np.int64(16), np.int64(41), np.int64(11), np.int64(38), np.int64(44), np.int64(1), np.int64(52), np.int64(33), np.int64(34), np.int64(18), np.int64(38), np.int64(44), np.int64(43), np.int64(61), np.int64(51), np.int64(33), np.int64(25), np.int64(50), np.int64(9), np.int64(36), np.int64(4), np.int64(13), np.int64(37), np.int64(61), np.int64(55), np.int64(27), np.int64(18), np.int64(28), np.int64(39), np.int64(57), np.int64(47)]","[np.int64(13), np.int64(4), np.int64(61), np.int64(16), np.int64(25), np.int64(39), np.int64(15), np.int64(40), np.int64(44), np.int64(29), np.int64(8), np.int64(30), np.int64(0), np.int64(5), np.int64(38), np.int64(62), np.int64(52), np.int64(12), np.int64(17), np.int64(33), np.int64(23), np.int64(3), np.int64(59), np.int64(55), np.int64(49), np.int64(30), np.int64(18), np.int64(57), np.int64(37), np.int64(26), np.int64(37), np.int64(0), np.int64(19), np.int64(53), np.int64(52), np.int64(29), np.int64(27), np.int64(15), np.int64(26), np.int64(50), np.int64(31), np.int64(30), np.int64(49), np.int64(9), np.int64(49), np.int64(8), np.int64(14), np.int64(17), np.int64(33), np.int64(9), np.int64(25), np.int64(30), np.int64(18), np.int64(6), np.int64(17), np.int64(16), np.int64(63), np.int64(21), np.int64(4), np.int64(38), np.int64(54), np.int64(24), np.int64(38), np.int64(8)]",False,False,0.0,0.0,"[ 6 41 23 62 62  3 62 41 62  6  4 41 39  8  4  4  6  3 61 62 23 26 23 62
 47  6 62  4 48 26 39  3 19 19  6 39 47  8 19 62 63 62 26 47  6 48 39 62
 62 39  6  8 26  3  6 39  6 41 63 41  8 62 62 62]","[ 6 41 63 62 62  3 62 39 62 41 47 48 61  8 47 63 26 41 47 62 23 23 26 62
 47 63 62 61  3 26 39 63 47 19  3  3 39 47 19 62  3 62 48 23 26 48  6 62
 62 23  6  8 26  3  6 39  6 23  4 41  6 62 62 62]",True,True,1.0,1.0,"[ 4 41  3 62 62  3 62  6 62  6  4  6  3  8  4  4  6  3  4 62  3  3  3 62
 23  6 62  4  3 26 39  3 19 19  3  3  3  8  8 62  3 62 26 23  6 48  6 62
 62 23  6  8 26  3  6 39  4  8  4 39  4 62 62 62]","[ 6 41  3 62 62  3 62 63 62  6  6 23 39  8 47  4  6 41 47 62  3 61  3 62
 26  6 62 61  3 26 39  3 47 41  3 48 39 41 26 62  3 62 26 23 26 48  6 62
 62 48 48  8 26 41  6 39  6 41 26 41 23 62 62 62]",True,True,1.0,1.0
[1 0 0 ... 0 1 1],17,"[56 42 63 19 51 17 17 25 25 51 19 56 43 19 56 39 17 17 16 17 16 17 21 39
  5 17 21 25  6 16 42 16 21 63 17 19 16 25 51 17 42  6 17 17  5 42 21 51
  6 34  6 17 63 43 51 51 17 39 51 25 51 16 63 17]","[56 16 63  6 19 17 17 39 25 51 51 56  6 19 56 25 17 17 16 17 16 17 43 39
 16 17 39 25  6 51 21 19 43 43 17 19 43 43 43 17 42 34 17 17  5 34 21 51
  6 42 42 17 63 19 42 51 17 39 51  6  6 51 63 17]",True,True,1.0,1.0,"[np.int64(45), np.int64(39), np.int64(32), np.int64(45), np.int64(13), np.int64(6), np.int64(25), np.int64(23), np.int64(37), np.int64(17), np.int64(47), np.int64(34), np.int64(38), np.int64(4), np.int64(28), np.int64(30), np.int64(11), np.int64(16), np.int64(28), np.int64(22), np.int64(9), np.int64(29), np.int64(30), np.int64(14), np.int64(29), np.int64(19), np.int64(32), np.int64(3), np.int64(36), np.int64(18), np.int64(54), np.int64(47), np.int64(46), np.int64(31), np.int64(38), np.int64(21), np.int64(58), np.int64(25), np.int64(32), np.int64(19), np.int64(50), np.int64(47), np.int64(51), np.int64(46), np.int64(55), np.int64(13), np.int64(16), np.int64(33), np.int64(0), np.int64(20), np.int64(5), np.int64(27), np.int64(0), np.int64(51), np.int64(34), np.int64(12), np.int64(13), np.int64(55), np.int64(57), np.int64(31), np.int64(23), np.int64(18), np.int64(5), np.int64(14)]","[np.int64(58), np.int64(29), np.int64(32), np.int64(2), np.int64(57), np.int64(33), np.int64(25), np.int64(47), np.int64(33), np.int64(45), np.int64(11), np.int64(38), np.int64(60), np.int64(36), np.int64(33), np.int64(29), np.int64(45), np.int64(45), np.int64(1), np.int64(62), np.int64(7), np.int64(43), np.int64(54), np.int64(51), np.int64(50), np.int64(7), np.int64(3), np.int64(54), np.int64(56), np.int64(30), np.int64(31), np.int64(46), np.int64(28), np.int64(55), np.int64(31), np.int64(4), np.int64(32), np.int64(0), np.int64(20), np.int64(45), np.int64(13), np.int64(34), np.int64(23), np.int64(53), np.int64(60), np.int64(17), np.int64(54), np.int64(20), np.int64(25), np.int64(26), np.int64(44), np.int64(50), np.int64(37), np.int64(11), np.int64(14), np.int64(29), np.int64(9), np.int64(25), np.int64(0), np.int64(46), np.int64(9), np.int64(28), np.int64(26), np.int64(13)]",False,False,0.0,0.0,"[56 39 43 21 19 17 17 56 43 51  5 56 43 19 51 42 17 17 16 17 63 17  5 39
  5 17 39 25 25 16 21 19 34 63 17 19 43 56 43 17 42 19 17 17 51 34 21 51
 21 39  6 17 63 19 56  5 17  5  5 21  6 19 19 17]","[56 51 43 21 16 17 17 39 25 39 16 56 34 19 56 25 17 17 16 17 42 17  5 39
 16 17  6 25 25 16 56 16 43 43 17  5 16  6 21 17 42  6 17 17 51 42 21 51
 42  5 56 17 56 34 42 42 17  6 43 21  6  6 19 17]",True,True,1.0,1.0,"[19 16  5  6  5 17 17 25 25  6  5 56  6 19 51 21 17 17 16 17 16 17  5 39
  5 17  6 25  6 16 21 16 21 43 17  5  5  6 16 17 42  6 17 17  5 34 21 51
  6  5  6 17 39 19  6  5 17  5  5  6  6  6 19 17]","[56 51 43  6  5 17 17 25 43  6 16 56  6 19 51 25 17 17 16 17 16 17 34 39
 16 17  6 25  6 16 42 16 43 43 17 25 16 43 16 17 42  6 17 17 51 42 21 51
 43 39  6 17 63 34  6 51 17 39 16  6  6 51 43 17]",True,True,1.0,1.0
[1 0 0 ... 0 0 1],57,"[33 57  5 27 36 57 44 25 40  5 52  1 57 19 17 33 27 57 36 57 17  1 17 19
 57 57 43 57 49 46 27 43 17 57 25 36 57 46 44  1 57  5 44 57 57 33 57  5
 25 36  1 24 57 24 46 52 17 57 12 12 52 46 12 24]","[33 57  5 27 24 57 44 46  1  5 19 17 57  5 19 36 27 57 40 57 12 12 46 12
 57 57  1 57 26 12 43 40 36 57 43 40 57 17 24  1 57  5 24 57 57 24 57 40
 36 27 43 24 57 27 46 52 40 57 19  5 52 46 17 36]",True,True,1.0,1.0,"[np.int64(48), np.int64(53), np.int64(42), np.int64(37), np.int64(17), np.int64(52), np.int64(27), np.int64(36), np.int64(46), np.int64(21), np.int64(1), np.int64(40), np.int64(58), np.int64(47), np.int64(8), np.int64(35), np.int64(26), np.int64(18), np.int64(59), np.int64(8), np.int64(19), np.int64(9), np.int64(59), np.int64(58), np.int64(41), np.int64(36), np.int64(48), np.int64(42), np.int64(61), np.int64(22), np.int64(16), np.int64(45), np.int64(60), np.int64(15), np.int64(1), np.int64(60), np.int64(23), np.int64(10), np.int64(21), np.int64(47), np.int64(61), np.int64(52), np.int64(28), np.int64(23), np.int64(25), np.int64(52), np.int64(34), np.int64(21), np.int64(45), np.int64(61), np.int64(27), np.int64(52), np.int64(41), np.int64(31), np.int64(35), np.int64(22), np.int64(7), np.int64(58), np.int64(53), np.int64(36), np.int64(42), np.int64(15), np.int64(57), np.int64(57)]","[np.int64(63), np.int64(46), np.int64(22), np.int64(4), np.int64(46), np.int64(39), np.int64(62), np.int64(58), np.int64(62), np.int64(61), np.int64(8), np.int64(39), np.int64(2), np.int64(49), np.int64(37), np.int64(36), np.int64(52), np.int64(40), np.int64(47), np.int64(18), np.int64(58), np.int64(45), np.int64(61), np.int64(59), np.int64(41), np.int64(33), np.int64(42), np.int64(31), np.int64(28), np.int64(12), np.int64(0), np.int64(37), np.int64(22), np.int64(34), np.int64(20), np.int64(59), np.int64(57), np.int64(53), np.int64(14), np.int64(1), np.int64(52), np.int64(25), np.int64(15), np.int64(52), np.int64(62), np.int64(31), np.int64(30), np.int64(25), np.int64(42), np.int64(52), np.int64(10), np.int64(9), np.int64(49), np.int64(60), np.int64(35), np.int64(52), np.int64(26), np.int64(33), np.int64(63), np.int64(33), np.int64(10), np.int64(12), np.int64(7), np.int64(25)]",False,False,0.0,0.0,"[33 57 17 27 24 57 40 17  1 40 52  1 57 46 17 33 27 57 40 57 12 12 17 12
 57 57  1 57 16 12 43 25 12 57  1 44 57 12 44 33 57  1 52 57 57 24 57 44
 36 17  1  5 57 24 25 19 19 57 12 12 46 46 44 25]","[33 57  5 27 19 57 44 17 24 40  1 24 57 19 17  1 27 57 36 57 44 19 46 12
 57 57 43 57 48 46 36 40 17 57 36 36 57 17 46 33 57 27 33 57 57 52 57 44
 36  1  1  5 57 46 46 52 12 57 12 12 52  1 44 40]",True,True,1.0,1.0,"[33 57 17 27 19 57 40 17  1 17  1  1 57  5 17 12 27 57 17 57 12 12 17 12
 57 57  1 57 16 12 27 25 12 57  1 17 57  5 19  1 57  1 24 57 57 24 57  5
 25  1  1  5 57 17 25  5 12 57 12  5 46  1 12 24]","[33 57  5 36 19 57 44 46 40  5  5  1 57 46 19  1 27 57 40 57 44 19 46 52
 57 57  1 57 16 46 36 40 44 57 43 46 57  5 46  1 57 40 33 57 57 33 57  5
 36 44  1  5 57 46 46  5 40 57 19  5 52  1 40 40]",True,True,1.0,1.0
[1 0 1 ... 0 0 1],17,"[17 38 40 40 63 48 42  0 42 17 38 21 48 21 17 14 53 17 17  0 17 17 54 18
 53 54 40 40 18 17 54 48 29 18 40  9  0 63 17 20 17 38 17 53 60 60 21 29
 17 55 58 29  0 17 17 17 55 21 17 53 17  0 21 17]","[17 63  0 54 63 53 54 55 54 17 14 18 40 60 17 60 20 17 17 29 17 17 63 21
 38 63 58 29 18 17 20 48 29 29 55 14  9 18 17 20 17 60 17 18 63 21 14 55
 17 20 14 29 18 17 17 17  9  0 17 29 17  0 55 17]",True,True,1.0,1.0,"[np.int64(60), np.int64(19), np.int64(49), np.int64(32), np.int64(62), np.int64(53), np.int64(0), np.int64(24), np.int64(60), np.int64(33), np.int64(14), np.int64(7), np.int64(27), np.int64(60), np.int64(22), np.int64(12), np.int64(57), np.int64(30), np.int64(46), np.int64(0), np.int64(48), np.int64(8), np.int64(11), np.int64(18), np.int64(28), np.int64(4), np.int64(24), np.int64(41), np.int64(32), np.int64(16), np.int64(27), np.int64(47), np.int64(39), np.int64(56), np.int64(44), np.int64(50), np.int64(50), np.int64(41), np.int64(37), np.int64(36), np.int64(54), np.int64(16), np.int64(56), np.int64(4), np.int64(25), np.int64(38), np.int64(49), np.int64(2), np.int64(60), np.int64(7), np.int64(36), np.int64(52), np.int64(9), np.int64(3), np.int64(43), np.int64(31), np.int64(45), np.int64(22), np.int64(35), np.int64(52), np.int64(55), np.int64(30), np.int64(48), np.int64(27)]","[np.int64(63), np.int64(30), np.int64(9), np.int64(3), np.int64(42), np.int64(0), np.int64(1), np.int64(50), np.int64(36), np.int64(50), np.int64(15), np.int64(41), np.int64(22), np.int64(55), np.int64(10), np.int64(54), np.int64(11), np.int64(19), np.int64(19), np.int64(3), np.int64(47), np.int64(52), np.int64(35), np.int64(13), np.int64(57), np.int64(6), np.int64(15), np.int64(29), np.int64(13), np.int64(38), np.int64(23), np.int64(15), np.int64(15), np.int64(8), np.int64(0), np.int64(26), np.int64(18), np.int64(47), np.int64(49), np.int64(63), np.int64(1), np.int64(4), np.int64(35), np.int64(54), np.int64(31), np.int64(23), np.int64(53), np.int64(48), np.int64(62), np.int64(56), np.int64(36), np.int64(25), np.int64(18), np.int64(47), np.int64(23), np.int64(53), np.int64(27), np.int64(18), np.int64(30), np.int64(41), np.int64(27), np.int64(16), np.int64(54), np.int64(30)]",False,False,0.0,0.0,"[17 40  0 54 63 29  9 40  0 17 14 55 48 21 17 40 20 17 17 40 17 17 20 54
 53 21 20 53 18 17 20 48 20 40 40  9  0 63 17 53 17 55 17 54 58 42 14 42
 17 55 21 60  0 17 17 17 42 20 17 29 17  9 55 17]","[17 40  0 54 63 20 42 21 54 17 14 14 18 21 17 60 54 17 17 14 17 17 54 21
 53 54 20 29 18 17 20 48 60 29 40  9  0 63 17 53 17 60 17 53 58 14 48 18
 17 55 14 60  0 17 17 17 40  0 17 29 17  0 60 17]",True,True,1.0,1.0,"[17 38  0 54 63 20  9  0  0 17 14 14 18  0 17 14 20 17 17  0 17 17  0 18
 38 21 20 14 18 17 20 48 20 18 40  9  0 18 17 20 17 38 17 18 60 14 14 18
 17 20  9 29  0 17 17 17  9  0 17 29 17  0 14 17]","[17 29  0 54 63 63 54 60 54 17 14 14 48 60 17 14 54 17 17 14 17 17 54 54
 53 54 20 14 48 17 54 48 63 18 40 14  0 18 17 53 17 60 17 55 60 14 14 18
 17 29 14 29 38 17 17 17 20 21 17 29 17  0 60 17]",True,True,1.0,1.0
[0 1 0 ... 1 1 0],52,"[14  2 52 34 36 19 52 27 52 44 55 55 22  2 52 22 22  8 14 52 27 22 52  8
 19  8 52 52 44 27 48 36 55 62 48 36 52 55 52 38  8  6  6 36 52 19 48 27
 52 57 55  2 52 38  2 52 44 52  2 22 38 62 52 62]","[48  2 52 17 36  8 52 27 52 48  8  8 36 62 52 55 48 38  8 52 27  6 52  2
  2  8 52 52 44  8 38 36  6  8 27 36 52 55 52 27  8 48 14 36 52  6 55 36
 52 57  8  2 52 38 26 52 55 52  2 22 38 62 52 19]",True,True,1.0,1.0,"[np.int64(34), np.int64(7), np.int64(9), np.int64(48), np.int64(20), np.int64(27), np.int64(13), np.int64(15), np.int64(28), np.int64(36), np.int64(62), np.int64(52), np.int64(27), np.int64(33), np.int64(31), np.int64(24), np.int64(31), np.int64(13), np.int64(55), np.int64(6), np.int64(45), np.int64(9), np.int64(36), np.int64(43), np.int64(20), np.int64(48), np.int64(34), np.int64(23), np.int64(38), np.int64(62), np.int64(54), np.int64(38), np.int64(9), np.int64(23), np.int64(6), np.int64(49), np.int64(51), np.int64(29), np.int64(2), np.int64(5), np.int64(44), np.int64(63), np.int64(2), np.int64(29), np.int64(31), np.int64(2), np.int64(45), np.int64(7), np.int64(31), np.int64(33), np.int64(49), np.int64(63), np.int64(39), np.int64(5), np.int64(3), np.int64(50), np.int64(20), np.int64(51), np.int64(51), np.int64(19), np.int64(38), np.int64(50), np.int64(31), np.int64(39)]","[np.int64(42), np.int64(37), np.int64(7), np.int64(54), np.int64(58), np.int64(5), np.int64(55), np.int64(16), np.int64(26), np.int64(15), np.int64(6), np.int64(24), np.int64(36), np.int64(14), np.int64(24), np.int64(34), np.int64(60), np.int64(50), np.int64(3), np.int64(20), np.int64(3), np.int64(6), np.int64(49), np.int64(50), np.int64(63), np.int64(61), np.int64(1), np.int64(1), np.int64(48), np.int64(10), np.int64(50), np.int64(49), np.int64(35), np.int64(21), np.int64(9), np.int64(58), np.int64(32), np.int64(5), np.int64(54), np.int64(17), np.int64(51), np.int64(52), np.int64(11), np.int64(52), np.int64(42), np.int64(15), np.int64(58), np.int64(9), np.int64(45), np.int64(11), np.int64(35), np.int64(9), np.int64(18), np.int64(2), np.int64(22), np.int64(19), np.int64(59), np.int64(3), np.int64(38), np.int64(41), np.int64(30), np.int64(45), np.int64(61), np.int64(38)]",False,False,0.0,0.0,"[14 48 52 59 38 19 52 27 52 44  8  2 36  2 52 22 22 36 14 52 27 48 52  2
 26  8 52 52 44 44 48 36 55  8 27 36 52 55 52 38 62  6  6 44 52 19 44 14
 52 57  2 14 52 14 57 52 44 52 57 27 19  8 52 19]","[44  2 52 33 38 38 52  6 52 62 55 38 36  6 52 27 19  8  8 52 55 22 52 22
 26  8 52 52 48  2 48 36  6 62 48  8 52  2 52 38 62  6 14 36 52 19 48 38
 52 57 22  2 52 44  2 52 55 52  2 22 38 36 52 19]",True,True,1.0,1.0,"[14  2 52 16 36  8 52 27 52  6  6  2 22  2 52 27 22  6 14 52  2  6 52  2
  2  2 52 52 44  2 38 36  6  8 27  8 52  2 52 27  8  6  6  2 52  6 19  8
 52 57  2  2 52 14  2 52 44 52  2 22 19  2 52 26]","[48  2 52 23 36 38 52 27 52 48  6 38 36  8 52 27 48 36  8 52  2 48 52 38
  2  8 52 52 48 27 38 36  6 38 27 36 52  2 52 38  8 48  6 36 52 19 36 36
 52 57  2  2 52 38  2 52 55 52  2 27 38 36 52 19]",True,True,1.0,1.0
[0 1 0 ... 0 0 0],49,"[43 39 44 25 21 24 44 12 27 12 27 50 49 16 27 21 36 44 24 24 21 49 44 21
 49 49 12 49 12 24 43 44 27 25 36 24 49 43 44 49 24 36 24 49 49 27 49 21
 21 49 49 24 12 39 27 27 46 46 44 44 39 25 46 50]","[43 25 44 27 27 27 44 43 24 36 27 36 49 28 27 25 36 44 43 36 36 49 44 27
 49 49 12 49 46 27 43 46 27 25 36 24 49 46 44 49 21 36 24 49 49 44 49 21
 21 49 49 43 44 43 50 27 39 36 27 44 43 25 27 50]",True,True,1.0,1.0,"[np.int64(22), np.int64(33), np.int64(53), np.int64(3), np.int64(34), np.int64(18), np.int64(14), np.int64(41), np.int64(37), np.int64(27), np.int64(15), np.int64(46), np.int64(12), np.int64(36), np.int64(11), np.int64(42), np.int64(53), np.int64(31), np.int64(58), np.int64(11), np.int64(18), np.int64(40), np.int64(19), np.int64(44), np.int64(61), np.int64(3), np.int64(25), np.int64(7), np.int64(35), np.int64(49), np.int64(2), np.int64(35), np.int64(54), np.int64(60), np.int64(3), np.int64(61), np.int64(2), np.int64(41), np.int64(23), np.int64(53), np.int64(50), np.int64(19), np.int64(28), np.int64(23), np.int64(9), np.int64(35), np.int64(4), np.int64(3), np.int64(41), np.int64(18), np.int64(11), np.int64(1), np.int64(27), np.int64(15), np.int64(13), np.int64(55), np.int64(21), np.int64(47), np.int64(63), np.int64(9), np.int64(62), np.int64(34), np.int64(40), np.int64(49)]","[np.int64(46), np.int64(36), np.int64(15), np.int64(0), np.int64(7), np.int64(62), np.int64(53), np.int64(5), np.int64(26), np.int64(41), np.int64(32), np.int64(20), np.int64(13), np.int64(44), np.int64(40), np.int64(8), np.int64(21), np.int64(27), np.int64(46), np.int64(18), np.int64(54), np.int64(59), np.int64(35), np.int64(38), np.int64(38), np.int64(54), np.int64(61), np.int64(62), np.int64(31), np.int64(40), np.int64(58), np.int64(1), np.int64(52), np.int64(10), np.int64(31), np.int64(63), np.int64(42), np.int64(40), np.int64(22), np.int64(8), np.int64(39), np.int64(58), np.int64(10), np.int64(14), np.int64(51), np.int64(16), np.int64(14), np.int64(61), np.int64(22), np.int64(59), np.int64(43), np.int64(10), np.int64(9), np.int64(47), np.int64(14), np.int64(55), np.int64(8), np.int64(16), np.int64(53), np.int64(60), np.int64(58), np.int64(52), np.int64(54), np.int64(52)]",False,False,0.0,0.0,"[39 44 25 27 21 27 36 24 50 12 21 50 49 28 27 39 43 21 24 24 36 49 44 50
 49 49 12 49 27 24 43 44 21 25 27 24 49 46 46 49 24 12 46 49 49 44 49 44
 12 49 49 24 12 39 27 27 39 44 50 44 39 25 46 44]","[39 25 36 44 24 27 36 43 44 36 27 44 49 11 27 24 43 21 43 27 36 49 44 44
 49 49 12 49 24 12 43 44 21 25 27 36 49 25 44 49 21 12 12 49 49 21 49 21
 21 49 49 43 39 39 27 27 27 43 27 25 39 25 27 44]",True,True,1.0,1.0,"[43 25 25 25 21 24 36 12 24 12 21 36 49  2 27 21 21 21 24 24 46 49 44 25
 49 49 12 49 12 12 43 12 21 25 12 24 49 25 46 49 12 12 12 49 49 21 49 21
 12 49 49 24 12 12 25 27 25 36 27 25 39 25 27 12]","[39 25 36 25 27 27 36 21 24 36 27 36 49 23 27 25 21 21 24 36 36 49 44 25
 49 49 12 49 21 27 43 46 27 25 27 36 49 46 44 49 21 36 46 49 49 27 49 39
 21 49 49 24 36 36 25 27 27 46 27 25 39 25 27 50]",True,True,1.0,1.0
[1 0 0 ... 0 1 0],63,"[63 63 51 26 27 55 27 63 60 62 16 51 60  7 29 50 63 60  7  1  1  0 23 63
 63 27 63 63 23 63 16 55 23  1 63  0 51 23 24 27 51 34  1  0 27  1 23  1
 62 34 63 63 34 34 62 63  1 16 55 51 63 23 63 63]","[63 63 51 51  1 55 62 63 60 23 29 23 60  7 60  1 63  1  7 27 50 62  1 63
 63  7 63 63 60 63  7 55 23  1 63  0 62 50 27 29 50 51 27 24 27 23 23 29
 62 62 63 63 34 24 27 63 50 51 26 27 63 27 63 63]",True,True,1.0,1.0,"[np.int64(43), np.int64(55), np.int64(36), np.int64(16), np.int64(36), np.int64(9), np.int64(29), np.int64(58), np.int64(34), np.int64(3), np.int64(47), np.int64(62), np.int64(3), np.int64(40), np.int64(27), np.int64(25), np.int64(5), np.int64(20), np.int64(3), np.int64(63), np.int64(45), np.int64(23), np.int64(31), np.int64(52), np.int64(38), np.int64(29), np.int64(56), np.int64(26), np.int64(53), np.int64(17), np.int64(21), np.int64(61), np.int64(52), np.int64(21), np.int64(17), np.int64(17), np.int64(63), np.int64(11), np.int64(5), np.int64(58), np.int64(8), np.int64(39), np.int64(26), np.int64(48), np.int64(16), np.int64(48), np.int64(45), np.int64(23), np.int64(42), np.int64(27), np.int64(21), np.int64(30), np.int64(60), np.int64(7), np.int64(22), np.int64(27), np.int64(23), np.int64(18), np.int64(38), np.int64(51), np.int64(56), np.int64(21), np.int64(41), np.int64(28)]","[np.int64(62), np.int64(28), np.int64(27), np.int64(46), np.int64(57), np.int64(20), np.int64(58), np.int64(37), np.int64(29), np.int64(42), np.int64(1), np.int64(12), np.int64(5), np.int64(49), np.int64(21), np.int64(44), np.int64(18), np.int64(57), np.int64(39), np.int64(2), np.int64(18), np.int64(61), np.int64(39), np.int64(15), np.int64(11), np.int64(27), np.int64(60), np.int64(54), np.int64(54), np.int64(21), np.int64(12), np.int64(43), np.int64(31), np.int64(57), np.int64(13), np.int64(13), np.int64(26), np.int64(61), np.int64(33), np.int64(63), np.int64(0), np.int64(18), np.int64(25), np.int64(14), np.int64(14), np.int64(44), np.int64(48), np.int64(50), np.int64(32), np.int64(9), np.int64(6), np.int64(30), np.int64(4), np.int64(58), np.int64(30), np.int64(54), np.int64(26), np.int64(52), np.int64(52), np.int64(22), np.int64(3), np.int64(22), np.int64(7), np.int64(3)]",False,False,0.0,0.0,"[63 63 27 51 27 23 62 63 60 55 27  1 34 34 24 23 63  1  7  1 26 24 26 63
 63  7 63 63 23 63 16 55 51 24 63 34  7 29 24 26 26 34  1  0 16  1 23 55
 29  0 63 63 34  0 27 63 50 55 29  1 63 23 63 63]","[63 63 51 51  1 62 50 63 60 62 23 23 60 62 24 51 63 60  7 51 50 24 26 63
 63 27 63 63 60 63  7 29 23 24 63  0  7 23 60 26  7 51  1 62 27  1 23  0
 62 23 63 63 34  0 27 63 50 27 29 34 63 23 63 63]",True,True,1.0,1.0,"[63 63 27 27  0  0 24 63 60  7 16  1  0  7 24  0 63  1  7  1  1  0  1 63
 63  1 63 63 23 63  7 23 16  1 63  0  7  0  0  7  0 34  1  0 16  1 23  1
 29  0 63 63  1  0 27 63  1 16 26  1 63 23 63 63]","[63 63 51 51  1  0 50 63 60 51 23  1  0  7 29 51 63  1  7 51  1 62  1 63
 63  7 63 63 60 63  7 23 51  1 63 62 51  0  0  7 51 51  1  7 27  1 23 50
 62  0 63 63  1  0 27 63  1 51 62  1 63 23 63 63]",True,True,1.0,1.0
[0 1 0 ... 0 1 0],15,"[46 42 46 18 15 31 15 55 14 16 31 63  4 63 15 15 15 57 15 55  6 27 23 15
 16  6 16 15 59 46  6 15 59 31 59  6 59 46 59  6 27  6 15 18 15 18 15 14
  6  6 16 63 42 42  6 15 55 15 23 15 23 27 63 15]","[55 42 14 31 15 42 15 59 14 23 46 59 27 44 15 15 15 57 15 44 14 27 23 15
 31  6 27 15  4 46  6 15 59 14 46 57 59 18 44 27 27 14 15 59 15 18 15 57
  6  6 42 63 44 55 63 15  6 15 42 15 23  4 16 15]",True,True,1.0,1.0,"[np.int64(14), np.int64(21), np.int64(17), np.int64(45), np.int64(26), np.int64(23), np.int64(57), np.int64(48), np.int64(6), np.int64(39), np.int64(6), np.int64(29), np.int64(31), np.int64(13), np.int64(14), np.int64(4), np.int64(14), np.int64(7), np.int64(28), np.int64(19), np.int64(59), np.int64(29), np.int64(48), np.int64(57), np.int64(25), np.int64(32), np.int64(10), np.int64(46), np.int64(53), np.int64(47), np.int64(24), np.int64(58), np.int64(25), np.int64(47), np.int64(54), np.int64(56), np.int64(0), np.int64(58), np.int64(24), np.int64(28), np.int64(26), np.int64(54), np.int64(14), np.int64(35), np.int64(1), np.int64(21), np.int64(49), np.int64(34), np.int64(60), np.int64(15), np.int64(20), np.int64(39), np.int64(3), np.int64(5), np.int64(44), np.int64(27), np.int64(49), np.int64(39), np.int64(60), np.int64(43), np.int64(28), np.int64(19), np.int64(18), np.int64(27)]","[np.int64(42), np.int64(42), np.int64(44), np.int64(50), np.int64(9), np.int64(54), np.int64(34), np.int64(10), np.int64(16), np.int64(60), np.int64(44), np.int64(40), np.int64(60), np.int64(50), np.int64(12), np.int64(40), np.int64(21), np.int64(22), np.int64(20), np.int64(43), np.int64(57), np.int64(1), np.int64(37), np.int64(38), np.int64(12), np.int64(52), np.int64(14), np.int64(16), np.int64(5), np.int64(2), np.int64(22), np.int64(21), np.int64(7), np.int64(20), np.int64(21), np.int64(3), np.int64(22), np.int64(30), np.int64(53), np.int64(11), np.int64(63), np.int64(12), np.int64(50), np.int64(39), np.int64(60), np.int64(19), np.int64(50), np.int64(38), np.int64(55), np.int64(1), np.int64(16), np.int64(38), np.int64(25), np.int64(27), np.int64(28), np.int64(14), np.int64(2), np.int64(24), np.int64(2), np.int64(55), np.int64(11), np.int64(39), np.int64(8), np.int64(26)]",False,False,0.0,0.0,"[ 4 42 63 18 15 57 15  4 27 23 31 63 16 63 15 15 15 59 15 55  6 27 23 15
 63  6 16 15 59  6 18 15  4 14 59 63 59 57 27 27 27 23 15 55 15 18 15 46
 55 14 16 63 44 44 31 15  6 15 42 15 16  4 16 15]","[55 42 44 14 15 57 15 44 14 23 31 46 46 44 15 15 15 59 15 27 14 27 23 15
 59  6 27 15 16  6 18 15 59 31 46 57 59 57 44 31 16 23 15 59 15 18 15  4
  6  6 18 63 27 44 63 15 59 15 42 15  6 27 46 15]",True,True,1.0,1.0,"[ 4 18 14 14 15  4 15  4 14  4 31 18  4 27 15 15 15  4 15 14  6 27 23 15
 16  6 16 15  4  6  6 15  4 14 46  4 59 16  6  6 16  4 15  4 15 18 15  4
  6  6 16 42 27 42  6 15  6 15 23 15  6  4 16 15]","[ 4 42 44 14 15 42 15  4 14 23 46 59  4 44 15 15 15 14 15 14 14 27 57 15
 16  6 27 15  4  6  6 15  4 14 59 57 59 57 44 57 16 14 15  4 15 18 15 14
  6  6 23 42 42 42 63 15 42 15 42 15  6  4 16 15]",True,True,1.0,1.0
[1 0 0 ... 1 0 0],6,"[63  6 24 48 48 14  6 14  1 12 24 48  6 12  6 14 12 63 51 63 24 63 14  1
  6  1 43 63 12 63 14 14 12 51  8 63 51 51 12 63 24 14 32  6 14 12 43 43
  6 33 51  6 14 41 51 41 51 12  5  1  1 48 12  6]","[63  6 43 48 48 14  6 14 43 12 24 48  6 48  6  1 12 63 63 63 51 63 43  1
  6 12 12 12 63 43 14 63 12 51 18 63 51 51 12 43 24 14 32  6 43 12 43 43
  6 33 51  6 14 33 51  4 51 43  5  1  1  1 12  6]",True,True,1.0,1.0,"[np.int64(45), np.int64(48), np.int64(59), np.int64(6), np.int64(53), np.int64(37), np.int64(8), np.int64(18), np.int64(17), np.int64(20), np.int64(47), np.int64(14), np.int64(14), np.int64(52), np.int64(22), np.int64(35), np.int64(36), np.int64(11), np.int64(26), np.int64(59), np.int64(36), np.int64(46), np.int64(57), np.int64(6), np.int64(39), np.int64(17), np.int64(45), np.int64(38), np.int64(18), np.int64(12), np.int64(48), np.int64(31), np.int64(24), np.int64(44), np.int64(23), np.int64(58), np.int64(61), np.int64(55), np.int64(52), np.int64(16), np.int64(53), np.int64(8), np.int64(25), np.int64(38), np.int64(17), np.int64(27), np.int64(56), np.int64(55), np.int64(33), np.int64(22), np.int64(62), np.int64(8), np.int64(59), np.int64(5), np.int64(29), np.int64(41), np.int64(33), np.int64(11), np.int64(15), np.int64(53), np.int64(25), np.int64(2), np.int64(21), np.int64(39)]","[np.int64(53), np.int64(47), np.int64(38), np.int64(55), np.int64(29), np.int64(41), np.int64(47), np.int64(31), np.int64(54), np.int64(37), np.int64(54), np.int64(38), np.int64(12), np.int64(38), np.int64(16), np.int64(13), np.int64(10), np.int64(49), np.int64(4), np.int64(27), np.int64(9), np.int64(52), np.int64(17), np.int64(52), np.int64(8), np.int64(42), np.int64(8), np.int64(29), np.int64(3), np.int64(2), np.int64(27), np.int64(16), np.int64(35), np.int64(26), np.int64(42), np.int64(44), np.int64(17), np.int64(24), np.int64(25), np.int64(1), np.int64(52), np.int64(26), np.int64(46), np.int64(45), np.int64(41), np.int64(57), np.int64(0), np.int64(7), np.int64(29), np.int64(46), np.int64(61), np.int64(30), np.int64(30), np.int64(20), np.int64(61), np.int64(12), np.int64(61), np.int64(20), np.int64(1), np.int64(40), np.int64(8), np.int64(55), np.int64(2), np.int64(51)]",False,False,0.0,0.0,"[63  6 43 48 48 14  6 48  1 12 24 48  6 48  6 43 12 48 12 63 43 51 43 14
  6  1 43 12 12 43 12 63 12 51 41 63 51 51 12 63  1 14 32  6 14 12 12 43
  6 30 51  6 51 33 51 11 51 43  9 43  1 48 12  6]","[63  6 24 48 48 14  6  1 43 12 63 48  6 12  6  1 12 63 12 63 24 51 63  1
  6 12  1 63 63 63 14 63 12 51 20 63 51 51 51 63  1 14  2  6 14 12 43 43
  6 30 51  6 14 59 51 41 51 12 19 43  1 12 12  6]",True,True,1.0,1.0,"[63  6 14 48 48 12  6  1  1 12 24 48  6 12  6  1 12 48 12 63 24 51 14  1
  6  1  1 12 12 43 12 14 12 51  8 63 51  1 12 43  1 14  2  6 14 12 12 43
  6  3 51  6 14  0 51  2 51 12  5  1  1  1 12  6]","[63  6 24 48 48 14  6  1  1 12 63 48  6 12  6  1 12 63 63 63 24 63 63  1
  6 12  1 63 63 63 12 63 12 51  8 63 51 51 12 63  1 14 32  6 14 12 12 43
  6 44 51  6 51 19 51  4 63 12 19  1  1 63 12  6]",True,True,1.0,1.0
[0 0 1 ... 0 0 0],8,"[37 62 41  8  8  8  5  8  8 37 21 45 61 21  4 37  8  8  4 25  4  8  3 50
  5  8 28 61  8 45 27 16  8 45 41 45 55  8 16  3 41  8 56 37 50  8 25  5
  4 41  8 45 17 55 50  8  8  4 37 28 32  8  8  8]","[56 61 61  8  8  8 41  8  8 62 55  4 61 21 50 25  8  8 61  5 55  8 21  7
 45  8 56 32  8 37 19 21  8  5 41 62 32  8 62  5 41  8 61 32 50  8 50 21
  4 16  8 61 61 50 41  8  8  3 63 55 63  8  8  8]",True,True,1.0,1.0,"[np.int64(17), np.int64(44), np.int64(42), np.int64(58), np.int64(26), np.int64(13), np.int64(33), np.int64(24), np.int64(25), np.int64(6), np.int64(3), np.int64(34), np.int64(4), np.int64(13), np.int64(50), np.int64(5), np.int64(26), np.int64(15), np.int64(21), np.int64(43), np.int64(6), np.int64(32), np.int64(43), np.int64(13), np.int64(63), np.int64(20), np.int64(37), np.int64(20), np.int64(8), np.int64(40), np.int64(13), np.int64(24), np.int64(61), np.int64(8), np.int64(17), np.int64(54), np.int64(53), np.int64(20), np.int64(20), np.int64(29), np.int64(28), np.int64(50), np.int64(58), np.int64(5), np.int64(21), np.int64(59), np.int64(20), np.int64(19), np.int64(37), np.int64(52), np.int64(4), np.int64(35), np.int64(4), np.int64(11), np.int64(60), np.int64(15), np.int64(29), np.int64(2), np.int64(52), np.int64(15), np.int64(25), np.int64(49), np.int64(13), np.int64(8)]","[np.int64(26), np.int64(1), np.int64(31), np.int64(63), np.int64(62), np.int64(12), np.int64(23), np.int64(52), np.int64(48), np.int64(49), np.int64(44), np.int64(30), np.int64(39), np.int64(7), np.int64(60), np.int64(63), np.int64(51), np.int64(52), np.int64(46), np.int64(61), np.int64(21), np.int64(13), np.int64(47), np.int64(41), np.int64(33), np.int64(35), np.int64(38), np.int64(13), np.int64(13), np.int64(8), np.int64(18), np.int64(16), np.int64(1), np.int64(1), np.int64(43), np.int64(27), np.int64(40), np.int64(8), np.int64(18), np.int64(44), np.int64(9), np.int64(53), np.int64(38), np.int64(0), np.int64(58), np.int64(13), np.int64(30), np.int64(53), np.int64(51), np.int64(45), np.int64(21), np.int64(50), np.int64(29), np.int64(39), np.int64(53), np.int64(12), np.int64(18), np.int64(26), np.int64(63), np.int64(32), np.int64(12), np.int64(44), np.int64(13), np.int64(1)]",False,False,0.0,0.0,"[56 61 17  8  8  8 56  8  8 25 21  3 50  5 50 16  8  8 16  5  4  8 17  7
 17  8 28 28  8 37 27 41  8 28 45 62  7  8  4  3 41  8  5  7 50  8 37 56
 61 16  8 37 17 55 50  8  8 50 55  7 32  8  8  8]","[ 5 61 21  8  8  8  5  8  8 37 32  3 41  5 50 41  8  8 61 32  4  8 56 50
 21  8 28 61  8 37 19 32  8 28 21 45 61  8  4 32 41  8 32  4 50  8 16 32
 61 41  8 37 61 25  5  8  8  3 61 55 32  8  8  8]",True,True,1.0,1.0,"[ 3  5  5  8  8  8  5  8  8  3 32  4 41  5  4 16  8  8  4  4  4  8  3  7
  5  8  4 28  8 37  2  4  8  7 16 25  7  8  7  4  7  8  5  4 50  8  3  3
  4  4  8  7  4 25  5  8  8  4  7  7  5  8  8  8]","[ 5 61 61  8  8  8  5  8  8 61 21  3 61  5  4 25  8  8  5 61 25  8  3 50
  5  8  4 61  8 37 47 21  8  5 21 25 32  8 62 61 41  8 32  4 50  8  5  5
 61 41  8 61 61 25 32  8  8  4 61 28 32  8  8  8]",True,True,1.0,1.0
[0 0 0 ... 1 0 1],37,"[37  9 50  9 22 17 37 55 50 37 14  6 23 37 37 13 14 37  0 55 55 27 37 37
  6 43 50 37 33  6 35 55  9 37 14 37 43 37 55 40 37 58  6 37 33 17 23 22
 55 55 37 27 35 58 27 37 50 23 37 55  6 13 13 27]","[37 58 40 43 55 33 37 33 33 37 14 23 35 37 37 13 14 37  0  6 55 27 37 37
 50 22 33 37 33  6 40 43 55 37 14 37 55 37 40 40 37 58 58 37 50  6 23 40
 55 55 37  0 35 58  9 37 13 23 37 55  9 13 13 27]",True,True,1.0,1.0,"[np.int64(4), np.int64(27), np.int64(1), np.int64(37), np.int64(54), np.int64(61), np.int64(3), np.int64(58), np.int64(36), np.int64(3), np.int64(40), np.int64(46), np.int64(30), np.int64(36), np.int64(8), np.int64(50), np.int64(21), np.int64(22), np.int64(10), np.int64(26), np.int64(39), np.int64(23), np.int64(27), np.int64(61), np.int64(28), np.int64(14), np.int64(20), np.int64(48), np.int64(22), np.int64(27), np.int64(22), np.int64(12), np.int64(53), np.int64(28), np.int64(39), np.int64(31), np.int64(25), np.int64(0), np.int64(46), np.int64(18), np.int64(37), np.int64(47), np.int64(13), np.int64(25), np.int64(1), np.int64(62), np.int64(57), np.int64(42), np.int64(33), np.int64(15), np.int64(25), np.int64(12), np.int64(28), np.int64(10), np.int64(15), np.int64(16), np.int64(47), np.int64(44), np.int64(19), np.int64(13), np.int64(35), np.int64(9), np.int64(48), np.int64(48)]","[np.int64(45), np.int64(3), np.int64(4), np.int64(33), np.int64(61), np.int64(60), np.int64(2), np.int64(42), np.int64(63), np.int64(59), np.int64(7), np.int64(56), np.int64(8), np.int64(49), np.int64(12), np.int64(26), np.int64(56), np.int64(2), np.int64(40), np.int64(37), np.int64(8), np.int64(33), np.int64(55), np.int64(47), np.int64(57), np.int64(20), np.int64(47), np.int64(63), np.int64(24), np.int64(20), np.int64(2), np.int64(10), np.int64(42), np.int64(19), np.int64(11), np.int64(38), np.int64(18), np.int64(29), np.int64(34), np.int64(9), np.int64(12), np.int64(2), np.int64(15), np.int64(52), np.int64(43), np.int64(18), np.int64(59), np.int64(2), np.int64(42), np.int64(54), np.int64(42), np.int64(41), np.int64(26), np.int64(8), np.int64(63), np.int64(14), np.int64(28), np.int64(49), np.int64(62), np.int64(11), np.int64(48), np.int64(18), np.int64(63), np.int64(33)]",False,False,0.0,0.0,"[37  9 40 22 22 27 37 33 33 37 14 35 43 37 37 23  9 37 17  6 55 55 37 37
  6 55 33 37 17 17 40 55 22 37 14 37 55 37 55  0 37 50 27 37 33  6 23 22
 55 55 37 27 35 58 27 37  0 27 37 55 35  0 50  0]","[37  6 50  9 22 27 37 55 27 37 14 23 23 37 37 27 55 37 17 55 55 27 37 37
 50 27 58 37 17 40 40  6 58 37 14 37 43 37 40 35 37 58 27 37 50 43 35  0
 55 23 37 27 35 58 27 37  0 58 37 55 14 43 13  0]",True,True,1.0,1.0,"[37  6 50  9 22 17 37 33  6 37 14  0 23 37 37  6  9 37  0  6 55 27 37 37
  6 22 13 37  0  6  0  6  0 37 14 37 43 37 40  0 37  9  6 37 17  6 23  0
 55 23 37  0 35 58  9 37  0  9 37 55  6  0  9  0]","[37 50 40 22 22 27 37 55 50 37 14 35 35 37 37  6 40 37  0 55 55 27 37 37
 50 27 58 37 40 40 40 55 58 37 14 37 55 37 40 40 37 50 27 37 50 50 35 40
 55 23 37  0 35 58 27 37 13 58 37 55 14  0 50 23]",True,True,1.0,1.0
[1 0 0 ... 1 0 0],17,"[55 17  1 17 37 62 49 55 17 49  1  8  1 43  8 36 62 17  3 40 43 27 17 43
 55 49 59 17  8 55 49 22 59 54 55  8 17 17 36 62 17 17  3 17 43 40 27 36
  8 17  8 62  3 40  3 17 49 22 40 17  3 27 17 37]","[43 17  1 17 49 49 49 55 17 43  1 22  1 41  8 22 59 17  1 40 22 49 17 43
 55 27 59 17 40 55 43 22 41 24  3  8 17 17 37 41 17 17  3 17 43 40 27 36
  8 17 59 40  3 55  3 17 22 22 22 17 43  1 17 55]",True,True,1.0,1.0,"[np.int64(48), np.int64(57), np.int64(16), np.int64(2), np.int64(41), np.int64(20), np.int64(38), np.int64(19), np.int64(26), np.int64(5), np.int64(36), np.int64(30), np.int64(51), np.int64(38), np.int64(11), np.int64(56), np.int64(60), np.int64(45), np.int64(51), np.int64(13), np.int64(63), np.int64(57), np.int64(3), np.int64(18), np.int64(37), np.int64(22), np.int64(25), np.int64(50), np.int64(39), np.int64(31), np.int64(52), np.int64(35), np.int64(40), np.int64(30), np.int64(47), np.int64(5), np.int64(61), np.int64(51), np.int64(25), np.int64(26), np.int64(46), np.int64(1), np.int64(9), np.int64(29), np.int64(2), np.int64(50), np.int64(52), np.int64(31), np.int64(46), np.int64(15), np.int64(40), np.int64(46), np.int64(51), np.int64(33), np.int64(44), np.int64(63), np.int64(62), np.int64(6), np.int64(47), np.int64(26), np.int64(40), np.int64(60), np.int64(55), np.int64(12)]","[np.int64(7), np.int64(48), np.int64(13), np.int64(5), np.int64(21), np.int64(50), np.int64(9), np.int64(46), np.int64(23), np.int64(38), np.int64(53), np.int64(13), np.int64(56), np.int64(38), np.int64(14), np.int64(34), np.int64(3), np.int64(4), np.int64(0), np.int64(9), np.int64(27), np.int64(52), np.int64(51), np.int64(28), np.int64(25), np.int64(11), np.int64(40), np.int64(3), np.int64(52), np.int64(24), np.int64(61), np.int64(0), np.int64(3), np.int64(9), np.int64(25), np.int64(41), np.int64(25), np.int64(19), np.int64(52), np.int64(21), np.int64(60), np.int64(61), np.int64(26), np.int64(5), np.int64(29), np.int64(12), np.int64(36), np.int64(40), np.int64(8), np.int64(12), np.int64(23), np.int64(23), np.int64(19), np.int64(14), np.int64(8), np.int64(54), np.int64(20), np.int64(50), np.int64(14), np.int64(5), np.int64(15), np.int64(34), np.int64(43), np.int64(1)]",False,False,0.0,0.0,"[37 17 62 17 49 27 49 40 17 49 55 22  1 43 59 22 62 17  3 40 43 49 17 37
 55 59 62 17 40 55 22 22 59 53 55  8 17 17  8 49 17 17 40 17 43 40 27 41
 22 17  8 62 59 40 55 17 59 36 40 17 43 62 17 37]","[ 8 17  1 17 49 27 49 40 17 49  1  8  1 41 59 36 59 17 40 40 41 59 17 37
 55 55 41 17 40 43 49 22 41 24  3  8 17 17 36 49 17 17  3 17 37 40 27  8
 22 17 37 40  3  1 55 17  8 49 22 17  3 27 17 55]",True,True,1.0,1.0,"[ 8 17  1 17 37  1 49 40 17  1  1  3  1 41  8 22 59 17  1 40  1 27 17 37
 55  1 36 17  8 43 22 22  8  2  3  8 17 17  8 40 17 17  3 17 37 40  1  8
  1 17  8 40  3  1  1 17  8 22  1 17  3  1 17 36]","[43 17  1 17 49 49 49 40 17  3  1 22  1 43 59 43 59 17  3 40 43 49 17 49
 55  1 59 17 40 43 22 22 40 24 22  8 17 17  8 40 17 17  3 17 43 40 36  8
  1 17 43 40  3  1  1 17 22 22 36 17  3 27 17 36]",True,True,1.0,1.0
[0 0 1 ... 0 0 0],8,"[ 3 62 61  8  8  8  5  8  8  3 50 45 50  5  4 41  8  8 61 25 63  8 56 50
  5  8 56 45  8 45  2  4  8 63 45 25 41  8  4 28  7  8  5  7 50  8 50 56
 61 16  8 55  3 55 50  8  8  3  7  7  5  8  8  8]","[ 5 61  5  8  8  8 41  8  8 25 55 45 41 55 50 56  8  8  5  4 25  8  3 50
  5  8  4 28  8 45 19 32  8 21 32 25 63  8 62  3 41  8  5 32 50  8  5 32
  5 28  8 56 61 25 32  8  8 55 25 55 32  8  8  8]",True,True,1.0,1.0,"[np.int64(44), np.int64(58), np.int64(52), np.int64(62), np.int64(55), np.int64(44), np.int64(63), np.int64(9), np.int64(52), np.int64(52), np.int64(52), np.int64(7), np.int64(10), np.int64(47), np.int64(34), np.int64(61), np.int64(3), np.int64(24), np.int64(25), np.int64(56), np.int64(45), np.int64(24), np.int64(54), np.int64(28), np.int64(1), np.int64(11), np.int64(14), np.int64(10), np.int64(27), np.int64(53), np.int64(24), np.int64(9), np.int64(9), np.int64(31), np.int64(14), np.int64(23), np.int64(24), np.int64(0), np.int64(45), np.int64(25), np.int64(53), np.int64(18), np.int64(7), np.int64(43), np.int64(56), np.int64(13), np.int64(55), np.int64(63), np.int64(22), np.int64(2), np.int64(3), np.int64(36), np.int64(52), np.int64(3), np.int64(5), np.int64(16), np.int64(47), np.int64(55), np.int64(60), np.int64(16), np.int64(17), np.int64(31), np.int64(33), np.int64(52)]","[np.int64(47), np.int64(27), np.int64(62), np.int64(3), np.int64(50), np.int64(41), np.int64(52), np.int64(8), np.int64(23), np.int64(30), np.int64(45), np.int64(28), np.int64(52), np.int64(52), np.int64(56), np.int64(8), np.int64(28), np.int64(45), np.int64(54), np.int64(42), np.int64(5), np.int64(11), np.int64(0), np.int64(12), np.int64(45), np.int64(56), np.int64(27), np.int64(24), np.int64(8), np.int64(30), np.int64(27), np.int64(60), np.int64(22), np.int64(13), np.int64(25), np.int64(14), np.int64(46), np.int64(3), np.int64(43), np.int64(46), np.int64(21), np.int64(43), np.int64(48), np.int64(50), np.int64(8), np.int64(27), np.int64(50), np.int64(21), np.int64(56), np.int64(8), np.int64(18), np.int64(11), np.int64(9), np.int64(48), np.int64(3), np.int64(36), np.int64(18), np.int64(18), np.int64(5), np.int64(0), np.int64(32), np.int64(14), np.int64(30), np.int64(62)]",False,False,0.0,0.0,"[62 61 21  8  8  8 37  8  8  5 50  7 61 21 50 16  8  8 61  4 28  8 56 50
  5  8 56 61  8 45 27 32  8 21 32 45 61  8  7  4 41  8 37  4 50  8  3 56
  4 41  8 37 55 25 50  8  8  4  4 28  5  8  8  8]","[ 5  5 61  8  8  8  5  8  8 25 32  4 61  5 50 37  8  8  5  5 63  8  3 50
 21  8 56 61  8 37 19 62  8 45 16 62 32  8 16  3 41  8 56 32 50  8  5 32
 61  4  8 37 61 25 32  8  8 32 37 28  5  8  8  8]",True,True,1.0,1.0,"[ 3  5  5  8  8  8  5  8  8  3 32  4 41  5  4 16  8  8  4  4  4  8  3  7
  5  8  4 28  8 37  2  4  8  7 16 25  7  8  7  4  7  8  5  4 50  8  3  3
  4  4  8  7  4 25  5  8  8  4  7  7  5  8  8  8]","[ 5 61 61  8  8  8  5  8  8 61 21  3 61  5  4 25  8  8  5 61 25  8  3 50
  5  8  4 61  8 37 47 21  8  5 21 25 32  8 62 61 41  8 32  4 50  8  5  5
 61 41  8 61 61 25 32  8  8  4 61 28 32  8  8  8]",True,True,1.0,1.0
[1 0 1 ... 0 0 1],17,"[17 38  0 54 63 20  9  0  0 17 42 14 18 60 17 14 53 17 17 14 17 17 63 18
 53 63 40 14 48 17 20 48 29 40 55 20  0 18 17 20 17 55 17 54 63 53 63 18
 17 20  9 29  0 17 17 17  9 20 17 53 17 21 60 17]","[17 63  0 54 63 63 60  0 21 17 38 18 48 63 17 60 54 17 17 54 17 17 18 21
 58 29 58 14 18 17 54 48 63 38 55 63 53 18 17 40 17 38 17 54 63 53 53 18
 17 29 14 60 38 17 17 17 40  0 17 29 17  0 60 17]",True,True,1.0,1.0,"[np.int64(46), np.int64(58), np.int64(26), np.int64(60), np.int64(12), np.int64(20), np.int64(62), np.int64(62), np.int64(46), np.int64(44), np.int64(25), np.int64(59), np.int64(14), np.int64(33), np.int64(21), np.int64(35), np.int64(34), np.int64(7), np.int64(22), np.int64(36), np.int64(51), np.int64(5), np.int64(16), np.int64(57), np.int64(61), np.int64(12), np.int64(5), np.int64(29), np.int64(60), np.int64(38), np.int64(5), np.int64(14), np.int64(57), np.int64(34), np.int64(33), np.int64(63), np.int64(27), np.int64(3), np.int64(10), np.int64(43), np.int64(10), np.int64(42), np.int64(63), np.int64(56), np.int64(54), np.int64(9), np.int64(16), np.int64(44), np.int64(39), np.int64(3), np.int64(48), np.int64(43), np.int64(59), np.int64(18), np.int64(17), np.int64(41), np.int64(5), np.int64(3), np.int64(3), np.int64(61), np.int64(43), np.int64(54), np.int64(52), np.int64(60)]","[np.int64(61), np.int64(24), np.int64(62), np.int64(25), np.int64(32), np.int64(35), np.int64(31), np.int64(46), np.int64(21), np.int64(13), np.int64(34), np.int64(2), np.int64(5), np.int64(62), np.int64(2), np.int64(50), np.int64(46), np.int64(38), np.int64(33), np.int64(3), np.int64(60), np.int64(19), np.int64(63), np.int64(26), np.int64(45), np.int64(25), np.int64(62), np.int64(42), np.int64(25), np.int64(0), np.int64(45), np.int64(12), np.int64(23), np.int64(4), np.int64(6), np.int64(5), np.int64(13), np.int64(16), np.int64(61), np.int64(41), np.int64(7), np.int64(15), np.int64(39), np.int64(29), np.int64(63), np.int64(18), np.int64(53), np.int64(32), np.int64(9), np.int64(41), np.int64(11), np.int64(55), np.int64(5), np.int64(29), np.int64(22), np.int64(26), np.int64(56), np.int64(26), np.int64(18), np.int64(7), np.int64(45), np.int64(45), np.int64(43), np.int64(47)]",False,False,0.0,0.0,"[17 40 40 54 63 53  9 21 21 17 42 18 48  0 17 60 53 17 17 14 17 17  0 21
 53 38 20 29 18 17 20 48 63 18 40 63  9 18 17 40 17 38 17 60 60 20 53 55
 17 29 14 29 38 17 17 17 48 21 17 53 17  0 55 17]","[17 63  0 40 63 20 54 60 54 17 14 18 18 63 17 14 53 17 17 40 17 17 54 18
 53 53 20 14 48 17 54 48 63 38 55 14  0 63 17 40 17 60 17 18 63 14 14 29
 17 29 14 29 38 17 17 17 55  0 17 29 17 53 14 17]",True,True,1.0,1.0,"[17 38  0 54 63 20  9  0  0 17 14 14 18  0 17 14 20 17 17  0 17 17  0 18
 38 21 20 14 18 17 20 48 20 18 40  9  0 18 17 20 17 38 17 18 60 14 14 18
 17 20  9 29  0 17 17 17  9  0 17 29 17  0 14 17]","[17 29  0 54 63 63 54 60 54 17 14 14 48 60 17 14 54 17 17 14 17 17 54 54
 53 54 20 14 48 17 54 48 63 18 40 14  0 18 17 53 17 60 17 55 60 14 14 18
 17 29 14 29 38 17 17 17 20 21 17 29 17  0 60 17]",True,True,1.0,1.0
[1 0 1 ... 0 0 0],7,"[ 2 50  7  5  5  7 50  7 10  7  7 21 35 53 53 53 50  7  2 34 53  7 50 50
 17  5 27 10 58 34  9  7 35 53  7  7 34  7  2 53  9 34 21 35 10  2  2  2
 50  5  7 35 58  7 20  5 62 58  7  5 21 50  7 31]","[10 53  7 37  5  7 34  7 21  7  7 10 35 37 53 53 10  7  2 58 31  7 17 17
 17  5 60 10 10 34  9  7 35 58  7  7 37  7 53 21 37 58 21 10 10  2 10 34
 50 50  7 21 21  7 61 35  5 58  7  5  5 50  7 31]",True,True,1.0,1.0,"[np.int64(2), np.int64(27), np.int64(18), np.int64(60), np.int64(62), np.int64(58), np.int64(17), np.int64(34), np.int64(0), np.int64(53), np.int64(43), np.int64(2), np.int64(11), np.int64(38), np.int64(6), np.int64(1), np.int64(51), np.int64(35), np.int64(58), np.int64(9), np.int64(56), np.int64(4), np.int64(11), np.int64(7), np.int64(49), np.int64(54), np.int64(52), np.int64(40), np.int64(31), np.int64(55), np.int64(18), np.int64(27), np.int64(50), np.int64(40), np.int64(55), np.int64(54), np.int64(42), np.int64(25), np.int64(16), np.int64(18), np.int64(39), np.int64(24), np.int64(56), np.int64(57), np.int64(61), np.int64(40), np.int64(52), np.int64(21), np.int64(35), np.int64(24), np.int64(11), np.int64(53), np.int64(22), np.int64(18), np.int64(47), np.int64(11), np.int64(5), np.int64(11), np.int64(42), np.int64(39), np.int64(30), np.int64(56), np.int64(11), np.int64(38)]","[np.int64(0), np.int64(21), np.int64(28), np.int64(60), np.int64(37), np.int64(14), np.int64(40), np.int64(50), np.int64(51), np.int64(22), np.int64(55), np.int64(29), np.int64(0), np.int64(21), np.int64(13), np.int64(22), np.int64(43), np.int64(12), np.int64(57), np.int64(56), np.int64(15), np.int64(50), np.int64(4), np.int64(23), np.int64(5), np.int64(34), np.int64(46), np.int64(40), np.int64(28), np.int64(18), np.int64(18), np.int64(22), np.int64(8), np.int64(12), np.int64(18), np.int64(5), np.int64(29), np.int64(51), np.int64(22), np.int64(6), np.int64(57), np.int64(25), np.int64(47), np.int64(1), np.int64(39), np.int64(40), np.int64(38), np.int64(25), np.int64(22), np.int64(2), np.int64(10), np.int64(20), np.int64(11), np.int64(49), np.int64(31), np.int64(56), np.int64(21), np.int64(49), np.int64(61), np.int64(31), np.int64(2), np.int64(63), np.int64(57), np.int64(32)]",False,False,0.0,0.0,"[10  9  7  2  5  7 50  7 21  7  7 37  9 35  2 53  2  7 17 58 53  7 17  5
  2  5 57 10 10 34 35  7 35 53  7  7 37  7  9 17 37 34 21 35 37  2 50  2
 31  5  7 21 21  7 27  5 37 58  7  5  2 50  7 31]","[10 50  7 37  5  7 34  7  5  7  7 21 35 35 62 53 50  7  2 58 53  7  9 17
 17  5 60 62 50 34 21  7 35 58  7  7 37  7 53 53 62 34 21 35 10  2 31  2
 50 10  7 10  5  7 24  5 62 58  7  5 10 50  7 10]",True,True,1.0,1.0,"[ 2  2  7  5  5  7  2  7  5  7  7  2  9 37  2 53  2  7  2 34 31  7 17  5
  2  5  1 10  5 34  9  7  5 53  7  7 31  7  2  2  2 31 21  2 10  2  2  2
 10  5  7 10  5  7  1  2  5 58  7  5  5 50  7 10]","[10 53  7  5  5  7 35  7 10  7  7 10 35 53 62 53 10  7 17 58 31  7 17  5
 17  5 19 10 10 34 10  7  5 53  7  7 37  7 53 10 17 34 21 10 10  2 10 37
 10 10  7 10 58  7 20 35  5 58  7  5 10 50  7 10]",True,True,1.0,1.0
[0 1 0 ... 0 0 1],14,"[10  5 40 14 13 14 14 13 10 14 14  3 36 14 14  3 24 29 14 40 13 63  6  9
 14 63 13 54 54 14  9 40 63 29 14 36 14  6 34 13 14 10 29 18 36 34  3 10
  6  3 34 63  3 36 14 24 18 29  3 10 13 13 29 14]","[13 24 63 14 63 14 14 13 18 14 14  3 63 14 14 40  5 13 14 34 36 54 18  9
 14  6 54 10 34 14  5  6  5  5 14 63 14 36 24 54 14 10 24 40 36 18 63 63
  6 63 40 40  9 36 14 24 24 29 13 18  9 18 10 14]",True,True,1.0,1.0,"[np.int64(16), np.int64(11), np.int64(13), np.int64(9), np.int64(26), np.int64(56), np.int64(55), np.int64(5), np.int64(41), np.int64(33), np.int64(13), np.int64(47), np.int64(21), np.int64(33), np.int64(28), np.int64(61), np.int64(18), np.int64(60), np.int64(39), np.int64(61), np.int64(19), np.int64(40), np.int64(35), np.int64(49), np.int64(23), np.int64(21), np.int64(22), np.int64(29), np.int64(28), np.int64(18), np.int64(54), np.int64(44), np.int64(40), np.int64(61), np.int64(43), np.int64(40), np.int64(27), np.int64(60), np.int64(25), np.int64(30), np.int64(11), np.int64(12), np.int64(20), np.int64(52), np.int64(62), np.int64(17), np.int64(8), np.int64(42), np.int64(59), np.int64(6), np.int64(28), np.int64(62), np.int64(40), np.int64(2), np.int64(29), np.int64(16), np.int64(22), np.int64(17), np.int64(58), np.int64(44), np.int64(46), np.int64(27), np.int64(31), np.int64(60)]","[np.int64(7), np.int64(31), np.int64(49), np.int64(53), np.int64(44), np.int64(61), np.int64(62), np.int64(25), np.int64(16), np.int64(12), np.int64(19), np.int64(43), np.int64(19), np.int64(13), np.int64(5), np.int64(50), np.int64(17), np.int64(63), np.int64(34), np.int64(32), np.int64(54), np.int64(57), np.int64(47), np.int64(2), np.int64(10), np.int64(51), np.int64(40), np.int64(52), np.int64(32), np.int64(38), np.int64(17), np.int64(36), np.int64(25), np.int64(13), np.int64(30), np.int64(52), np.int64(18), np.int64(24), np.int64(28), np.int64(5), np.int64(32), np.int64(18), np.int64(27), np.int64(63), np.int64(49), np.int64(21), np.int64(37), np.int64(37), np.int64(46), np.int64(32), np.int64(59), np.int64(4), np.int64(43), np.int64(56), np.int64(7), np.int64(20), np.int64(9), np.int64(60), np.int64(6), np.int64(54), np.int64(46), np.int64(15), np.int64(25), np.int64(19)]",False,False,0.0,0.0,"[ 6  5 40 14 13 14 14 13 10 14 14 29 36 14 14  6 36  6 14  6 24 63 63 34
 14  6 54 54 54 14 18 40  5 18 14 63 14 36 34 13 14  3 24 18 29 54 63  5
  6  3  6 63  3 13 14 24 24 34  9 10 24 36  9 14]","[13 29 36 14 63 14 14 13 18 14 14 34 36 14 14  6  5 13 14 40 24 29 54 34
 14  6 54 10 24 14  9 40 63  6 14 36 14  6 24 24 14 13 24 18 34 36 63 63
  6 10 10 40  9 34 14 34 24 34  3 10  5 13  9 14]",True,True,1.0,1.0,"[ 6  5 24 14  5 14 14 13 10 14 14  3  5 14 14  3  5  6 14  6  3  6  6  9
 14  6 13 10 24 14  5  6  5  5 14 10 14  6 24 13 14  3 13 18  6  9  3  5
  3  3  6 40  3 10 14 18 18  5  3 10  5  9  9 14]","[10 24 63 14 63 14 14 13 10 14 14 34 36 14 14 36 36 34 14 34 36 63 18 34
 14 63 13 36 24 14 63  6 63 18 14 36 14  6 24 24 14 10 24 18 36 24 24 63
  6 10  6 63  9 34 14 18 18 34 34 10 24 13 10 14]",True,True,1.0,1.0
[1 0 0 ... 0 0 1],63,"[40  4  8 12 63  9 40 63 63 63 28 63 63 37 48 17 12  8 63  8 12 12 63 63
 37 63  4 55 63  9 12 11 57 40  7 48 11 63 63 57 63 57 40 25 28 25 22 23
 63 23 37 11  9  4 38 63 63 63 56 55 63  8 22 63]","[57 23 48  9 63 12 38 63 63 63 23 63 63 28 60 27 12  7 63 57 48  4 63 63
 37 63 11 55 63 56 23  4 60  7  4 48 38 63 63 38 63 25 25 60  7 60 18 28
 63 23  8 11 12 23 38 63 63 63 56 55 63 38 22 63]",True,True,1.0,1.0,"[np.int64(27), np.int64(51), np.int64(57), np.int64(6), np.int64(47), np.int64(37), np.int64(39), np.int64(13), np.int64(40), np.int64(34), np.int64(15), np.int64(24), np.int64(12), np.int64(24), np.int64(16), np.int64(53), np.int64(52), np.int64(26), np.int64(53), np.int64(42), np.int64(5), np.int64(60), np.int64(33), np.int64(47), np.int64(21), np.int64(56), np.int64(55), np.int64(31), np.int64(10), np.int64(29), np.int64(62), np.int64(3), np.int64(37), np.int64(60), np.int64(54), np.int64(50), np.int64(8), np.int64(12), np.int64(52), np.int64(46), np.int64(24), np.int64(42), np.int64(46), np.int64(21), np.int64(9), np.int64(11), np.int64(16), np.int64(4), np.int64(51), np.int64(30), np.int64(41), np.int64(32), np.int64(35), np.int64(44), np.int64(26), np.int64(9), np.int64(62), np.int64(55), np.int64(48), np.int64(2), np.int64(45), np.int64(49), np.int64(2), np.int64(34)]","[np.int64(32), np.int64(57), np.int64(48), np.int64(23), np.int64(29), np.int64(53), np.int64(29), np.int64(16), np.int64(6), np.int64(47), np.int64(56), np.int64(61), np.int64(28), np.int64(20), np.int64(57), np.int64(58), np.int64(45), np.int64(17), np.int64(37), np.int64(29), np.int64(0), np.int64(12), np.int64(23), np.int64(58), np.int64(43), np.int64(27), np.int64(10), np.int64(30), np.int64(19), np.int64(49), np.int64(27), np.int64(14), np.int64(39), np.int64(10), np.int64(56), np.int64(47), np.int64(55), np.int64(47), np.int64(32), np.int64(45), np.int64(46), np.int64(39), np.int64(50), np.int64(0), np.int64(51), np.int64(7), np.int64(18), np.int64(29), np.int64(44), np.int64(4), np.int64(60), np.int64(33), np.int64(11), np.int64(29), np.int64(44), np.int64(60), np.int64(7), np.int64(5), np.int64(13), np.int64(42), np.int64(7), np.int64(4), np.int64(61), np.int64(22)]",False,False,0.0,0.0,"[40  7  8 12 63 37  7 63 63 63 23 63 63 28 60 29 40  8 63  8 11 12 63 63
 37 63 11 55 63 22 12 12 11 56  7 18 11 63 63  4 63 38  8 25 28 60 22 55
 63 23 38 37  4 57 38 63 63 63 37 23 63 12 40 63]","[57 22 48  9 63 12  7 63 63 63 28 63 63 28 60 29 22  7 63 38 25  9 63 63
 22 63 18 48 63 37 23  4 60 48  4 48 11 63 63 38 63 25 60  7  7 25 18 55
 63 23 38 37  4  4 38 63 63 63 37  7 63  7 40 63]",True,True,1.0,1.0,"[ 8  7  8  9 63  9  7 63 63 63 28 63 63  7 18  0 12  9 63  9  8  9 63 63
  7 63  7  9 63  9 12  4 11  7  7 18 11 63 63  4 63 25  8  7 11  8 18  9
 63 23  8  9  7  4  8 63 63 63 37  7 63  7 22 63]","[57  7 48 60 63  9 11 63 63 63 23 63 63 25 48 33 12  7 63 38 48 56 63 63
  7 63 48 48 63 22 48 48 57 48 25 48 11 63 63 38 63 38 60 57  7  4 38 55
 63 23 22 11  7  4 38 63 63 63 48  7 63  7 22 63]",True,True,1.0,1.0
[1 0 1 ... 0 0 0],39,"[39 35 58 30 39 15 59 25  4 37 54 61  4 33 59 39 15 33 45 43 15 43 30 25
 35 39 45 39  0 27 39  0 45 39 35 39  0 39  4 39 25 15 45 39 25 39 45 43
 33 43 43 43 37 61 15 61 25 61 39 39  0 39 37 45]","[39 59 58 33 39 59 15 27 58 30 17  0 33 33 59 39  0 43 45 35 27 30 15 25
  4 39  4 39  0 33 39 30 45 39 37 39 35 39  4 39 15 27 45 39 37 39 45 43
 15 25  4  0  4 37 27 61 25  4 39 39 15 39 30 45]",True,True,1.0,1.0,"[np.int64(42), np.int64(63), np.int64(50), np.int64(29), np.int64(56), np.int64(27), np.int64(8), np.int64(44), np.int64(49), np.int64(5), np.int64(56), np.int64(14), np.int64(26), np.int64(23), np.int64(30), np.int64(13), np.int64(13), np.int64(25), np.int64(27), np.int64(19), np.int64(10), np.int64(61), np.int64(16), np.int64(37), np.int64(14), np.int64(31), np.int64(9), np.int64(21), np.int64(35), np.int64(6), np.int64(12), np.int64(49), np.int64(31), np.int64(61), np.int64(36), np.int64(35), np.int64(53), np.int64(58), np.int64(56), np.int64(18), np.int64(33), np.int64(3), np.int64(51), np.int64(5), np.int64(35), np.int64(48), np.int64(23), np.int64(3), np.int64(21), np.int64(24), np.int64(4), np.int64(42), np.int64(38), np.int64(37), np.int64(41), np.int64(29), np.int64(15), np.int64(6), np.int64(53), np.int64(36), np.int64(35), np.int64(29), np.int64(51), np.int64(15)]","[np.int64(1), np.int64(47), np.int64(63), np.int64(29), np.int64(50), np.int64(50), np.int64(24), np.int64(26), np.int64(56), np.int64(61), np.int64(11), np.int64(9), np.int64(5), np.int64(8), np.int64(6), np.int64(38), np.int64(28), np.int64(38), np.int64(33), np.int64(61), np.int64(48), np.int64(0), np.int64(31), np.int64(62), np.int64(15), np.int64(58), np.int64(32), np.int64(62), np.int64(12), np.int64(22), np.int64(13), np.int64(51), np.int64(26), np.int64(44), np.int64(18), np.int64(53), np.int64(30), np.int64(28), np.int64(62), np.int64(14), np.int64(53), np.int64(10), np.int64(39), np.int64(33), np.int64(48), np.int64(16), np.int64(29), np.int64(63), np.int64(11), np.int64(21), np.int64(19), np.int64(45), np.int64(33), np.int64(7), np.int64(60), np.int64(19), np.int64(43), np.int64(58), np.int64(51), np.int64(58), np.int64(54), np.int64(32), np.int64(3), np.int64(7)]",False,False,0.0,0.0,"[39 35  0 33 39  0 59  0 58 59 18 61  4 33 30 39 15 33 45 30 27 30 30 61
  4 39  4 39  0 33 39 30 45 39 58 39  0 39 27 39  4 27 25 39 45 39 25 59
 33 43 43 37 37 25 15 30 25 58 39 39  0 39 30 45]","[39 35  0 37 39 15 15 27 15 37 28  0 58 33  0 39 27 33 61 43 30 61 35 25
 35 39  4 39 61 27 39 30 45 39 58 39 35 39  4 39  4 27 45 39 25 39 35 25
 15 25  4 43 61 37 27 25 25 58 39 39 25 39  4 45]",True,True,1.0,1.0,"[39 35 27 33 39  0 15  0  0  0  8  0  4 33  0 39  0 33 45 35 15 27 15 25
  4 39  4 39  0 27 39  0 45 39 30 39  0 39  4 39  4  4 15 39 25 39  0 25
 15 25  4  0  4  4 15 25 25  4 39 39  0 39  4 45]","[39 35 58 37 39 45 59 27  4 37 52  0  4 33 59 39 43 33 45 35 15 27 35 35
  4 39  4 39  0 33 39 30 45 39 37 39 35 39  4 39  4  4 45 39 45 39 25 25
 15 25  4 37  4  4 15 30 25 61 39 39  0 39  4 45]",True,True,1.0,1.0
[0 0 1 ... 0 1 0],38,"[17  6 27  6  6 38 38  6  9 38 44 25 56 33 38 27  5 38 23 27 23 14 41 38
 45 38 38 38 52  5 17 52 27 38 14 56 52 45 38  6  9 38 25 56 38 38 33 44
 33 33 57 45 38 33  6 23 38 38 41 41 38 14 60 18]","[57  6 14 60  6 38 38  6  6 38 60 52 33 33 38 27 26 38 27 14 52 26 52 38
 52 38 38 38 52  5 17 52 17 38  5 41  5 60 38 57  9 38  6 41 38 38 60 44
 33 33  6 45 38 57 41 41 38 38 41 14 38 14 45 40]",True,True,1.0,1.0,"[np.int64(62), np.int64(21), np.int64(48), np.int64(15), np.int64(49), np.int64(59), np.int64(5), np.int64(20), np.int64(43), np.int64(59), np.int64(40), np.int64(27), np.int64(41), np.int64(24), np.int64(4), np.int64(63), np.int64(27), np.int64(58), np.int64(61), np.int64(54), np.int64(47), np.int64(4), np.int64(12), np.int64(36), np.int64(22), np.int64(18), np.int64(19), np.int64(20), np.int64(33), np.int64(58), np.int64(40), np.int64(56), np.int64(19), np.int64(14), np.int64(13), np.int64(20), np.int64(17), np.int64(33), np.int64(26), np.int64(3), np.int64(33), np.int64(14), np.int64(26), np.int64(15), np.int64(46), np.int64(43), np.int64(23), np.int64(8), np.int64(29), np.int64(35), np.int64(22), np.int64(59), np.int64(40), np.int64(18), np.int64(32), np.int64(25), np.int64(63), np.int64(11), np.int64(35), np.int64(45), np.int64(6), np.int64(5), np.int64(49), np.int64(52)]","[np.int64(31), np.int64(2), np.int64(5), np.int64(37), np.int64(8), np.int64(6), np.int64(25), np.int64(4), np.int64(33), np.int64(58), np.int64(9), np.int64(31), np.int64(63), np.int64(56), np.int64(15), np.int64(47), np.int64(13), np.int64(27), np.int64(47), np.int64(42), np.int64(16), np.int64(51), np.int64(36), np.int64(56), np.int64(31), np.int64(21), np.int64(55), np.int64(26), np.int64(4), np.int64(59), np.int64(38), np.int64(23), np.int64(10), np.int64(63), np.int64(32), np.int64(60), np.int64(7), np.int64(37), np.int64(62), np.int64(15), np.int64(26), np.int64(31), np.int64(58), np.int64(40), np.int64(0), np.int64(38), np.int64(25), np.int64(56), np.int64(53), np.int64(23), np.int64(55), np.int64(8), np.int64(60), np.int64(38), np.int64(28), np.int64(58), np.int64(37), np.int64(42), np.int64(18), np.int64(22), np.int64(2), np.int64(55), np.int64(43), np.int64(13)]",False,False,0.0,0.0,"[17  6 45 44  5 38 38  6  6 38 44 25 33  9 38 17 23 38 27 17  6  9 57 38
 45 38 38 38 56  5 33 52 27 38 52  9  5 33 38  9 26 38  6 23 38 38 60  9
  9 33 57 14 38 57 41 14 38 38 41 14 38 14 26 15]","[56 33 27  6  6 38 38  6 45 38 41 44 56  9 38 23 33 38  6 14  6 57 52 38
 45 38 38 38 27  5 17 60 27 38 14 41  5 60 38 57 45 38 57 41 38 38 60 44
 57 33  6 56 38 57 41 60 38 38 44 14 38 33 45 62]",True,True,1.0,1.0,"[17  6 14  5  5 38 38  6  9 38 44 25 33  9 38 25  5 38  6 17  6 14 41 38
 52 38 38 38 27  5  9 17 17 38  5  9  5 17 38  6  9 38  6 17 38 38  6  6
  9 33  6  5 38 25  6 14 38 38 41 14 38 14 26 11]","[17  6 14  6  6 38 38  6  6 38 41 44 56 14 38 25 17 38  6 14  6 57 57 38
 45 38 38 38 27  5 17 52 27 38 14 41 41 57 38 57 41 38  6 41 38 38 60  6
 57 33  6 14 38 57  6 41 38 38 41 25 38 14 45 62]",True,True,1.0,1.0
[1 0 1 ... 0 0 0],7,"[ 2 53  7  2  5  7  2  7 35  7  7  2  9 37 62 53 10  7  2 34 31  7 31 31
 62  9 11 31 58 34 21  7  5 53  7  7 31  7  2 58 62 58 21 10 37  2 31 58
 50  5  7 21 58  7 45  2 62 58  7 62 21 50  7 10]","[10 53  7  5  5  7 35  7 10  7  7 10 35 37 62 53 50  7 17 34 53  7 50 31
 62  9  6 62 50 34  9  7 53 53  7  7 34  7 53 21 10 58 21 35 37  2 31 37
 50 31  7 62 58  7 25  5 62 58  7  5  5 50  7 10]",True,True,1.0,1.0,"[np.int64(12), np.int64(51), np.int64(30), np.int64(47), np.int64(19), np.int64(2), np.int64(28), np.int64(13), np.int64(4), np.int64(55), np.int64(60), np.int64(40), np.int64(43), np.int64(54), np.int64(32), np.int64(19), np.int64(17), np.int64(6), np.int64(37), np.int64(40), np.int64(56), np.int64(55), np.int64(34), np.int64(38), np.int64(50), np.int64(29), np.int64(63), np.int64(60), np.int64(6), np.int64(42), np.int64(5), np.int64(29), np.int64(36), np.int64(52), np.int64(46), np.int64(54), np.int64(41), np.int64(48), np.int64(54), np.int64(2), np.int64(38), np.int64(33), np.int64(38), np.int64(6), np.int64(59), np.int64(18), np.int64(18), np.int64(42), np.int64(63), np.int64(1), np.int64(5), np.int64(42), np.int64(41), np.int64(7), np.int64(14), np.int64(1), np.int64(9), np.int64(17), np.int64(44), np.int64(56), np.int64(19), np.int64(28), np.int64(33), np.int64(45)]","[np.int64(37), np.int64(2), np.int64(29), np.int64(54), np.int64(51), np.int64(57), np.int64(61), np.int64(58), np.int64(7), np.int64(44), np.int64(8), np.int64(43), np.int64(23), np.int64(56), np.int64(30), np.int64(27), np.int64(56), np.int64(38), np.int64(23), np.int64(28), np.int64(33), np.int64(12), np.int64(54), np.int64(32), np.int64(40), np.int64(54), np.int64(62), np.int64(55), np.int64(60), np.int64(35), np.int64(24), np.int64(47), np.int64(41), np.int64(37), np.int64(54), np.int64(39), np.int64(19), np.int64(52), np.int64(35), np.int64(28), np.int64(28), np.int64(47), np.int64(0), np.int64(54), np.int64(18), np.int64(18), np.int64(1), np.int64(16), np.int64(24), np.int64(28), np.int64(29), np.int64(1), np.int64(29), np.int64(55), np.int64(20), np.int64(63), np.int64(47), np.int64(40), np.int64(28), np.int64(10), np.int64(1), np.int64(46), np.int64(57), np.int64(62)]",False,False,0.0,0.0,"[ 2  9  7  2  5  7 34  7 53  7  7  2 35 37 53 53 50  7  2 58 31  7  9 50
 62  9 60 17 31 34 21  7 53 58  7  7 31  7  2 10  9 58 21 62 37  2 35 31
 62  5  7 62  2  7 24  5  5 58  7  5 21 50  7 10]","[10 53  7  5  5  7 34  7 50  7  7 58 35 53 62 53  2  7 17 34 31  7 31 50
  2  5 46 10 10 34 35  7 35 53  7  7 31  7 53 17 37 34 21 10 31  2 10 31
 31 50  7 35 50  7 49 35  5 58  7  5 10 50  7 31]",True,True,1.0,1.0,"[ 2  2  7  5  5  7  2  7  5  7  7  2  9 37  2 53  2  7  2 34 31  7 17  5
  2  5  1 10  5 34  9  7  5 53  7  7 31  7  2  2  2 31 21  2 10  2  2  2
 10  5  7 10  5  7  1  2  5 58  7  5  5 50  7 10]","[10 53  7  5  5  7 35  7 10  7  7 10 35 53 62 53 10  7 17 58 31  7 17  5
 17  5 19 10 10 34 10  7  5 53  7  7 37  7 53 10 17 34 21 10 10  2 10 37
 10 10  7 10 58  7 20 35  5 58  7  5 10 50  7 10]",True,True,1.0,1.0
[0 1 0 ... 0 0 1],59,"[35 20 35 59 57  7 59 59 35 63  7 33 59 56 51 59 54 12 53 33 59 59 59 63
 21  3 51  3 35  3  3 33 15 59 57 59  3 35  6 56 22 21  3 21 53 63 15 57
 57  7  7 59 21 59 59 54 59 59 22 59  3 51 12 59]","[35  6 15 59 54 53 59 59 54 35 51 22 59 56 51 59 33 35 21 53 59 59 59 21
 51 33 15 12 56  3 51 33 15 59 53 59 51 54 57 63 56 15  3 21 51 63 20 57
  3 54  3 59 51 59 59 54 59 59 22 59  3 35 12 59]",True,True,1.0,1.0,"[np.int64(18), np.int64(32), np.int64(59), np.int64(25), np.int64(18), np.int64(8), np.int64(50), np.int64(0), np.int64(57), np.int64(27), np.int64(46), np.int64(56), np.int64(34), np.int64(42), np.int64(31), np.int64(52), np.int64(37), np.int64(41), np.int64(61), np.int64(23), np.int64(34), np.int64(27), np.int64(9), np.int64(21), np.int64(41), np.int64(27), np.int64(0), np.int64(31), np.int64(58), np.int64(28), np.int64(13), np.int64(26), np.int64(59), np.int64(17), np.int64(61), np.int64(35), np.int64(42), np.int64(26), np.int64(58), np.int64(62), np.int64(8), np.int64(26), np.int64(31), np.int64(7), np.int64(50), np.int64(4), np.int64(33), np.int64(35), np.int64(37), np.int64(53), np.int64(16), np.int64(50), np.int64(24), np.int64(17), np.int64(36), np.int64(33), np.int64(43), np.int64(39), np.int64(0), np.int64(1), np.int64(53), np.int64(32), np.int64(12), np.int64(48)]","[np.int64(1), np.int64(35), np.int64(63), np.int64(60), np.int64(27), np.int64(17), np.int64(15), np.int64(61), np.int64(38), np.int64(45), np.int64(15), np.int64(10), np.int64(46), np.int64(50), np.int64(4), np.int64(9), np.int64(63), np.int64(9), np.int64(46), np.int64(9), np.int64(44), np.int64(43), np.int64(8), np.int64(44), np.int64(24), np.int64(52), np.int64(4), np.int64(27), np.int64(16), np.int64(33), np.int64(20), np.int64(22), np.int64(11), np.int64(54), np.int64(44), np.int64(63), np.int64(2), np.int64(11), np.int64(45), np.int64(23), np.int64(18), np.int64(6), np.int64(9), np.int64(9), np.int64(42), np.int64(59), np.int64(8), np.int64(54), np.int64(55), np.int64(34), np.int64(40), np.int64(13), np.int64(36), np.int64(57), np.int64(37), np.int64(23), np.int64(21), np.int64(4), np.int64(58), np.int64(59), np.int64(15), np.int64(31), np.int64(30), np.int64(19)]",False,False,0.0,0.0,"[20  6 22 59 53  7 59 59  6 57  7 22 59 35 15 59 21 12 21 33 59 59 59 63
 12  3 22 15 35  6  3  3 53 59 57 59 12 51  6 63 12 15  3  6 53 63 20  7
 53  7  7 59  3 59 59 54 59 59 33 59  6 21 12 59]","[35  6 54 59 63  7 59 59 54 57  7 22 59 51 51 59  3  7 53 12 59 59 59  3
 22 33 15 56 56 15 33 33 15 59 20 59 12 51  6 53 22 51  3  6 51 63 63 63
  3 54 21 59  7 59 59 22 59 59 54 59  3 15 53 59]",True,True,1.0,1.0,"[ 7  6 15 59  6  7 59 59  6 20  7 22 59 20 15 59  3  6 21 12 59 59 59  3
 12  3 15  3 35  3  3  3 15 59 20 59  3 15  6 53 12 15  3  6 33 56 15  3
  3  7  6 59  3 59 59  3 59 59 22 59  6 15 12 59]","[33 20 15 59 53 53 59 59 15 33 51 22 59 20 15 59 15 12 53 33 59 59 59  3
 51  3 22 15 35 15  3 33 53 59 53 59 12 15 53 63 12 15  3  6 53 63 15 12
 15 53  3 59  3 59 59  3 59 59 33 59 15 15 53 59]",True,True,1.0,1.0
[0 1 0 ... 0 1 0],62,"[41 41 48 62 62  3 62 39 62  6  4 48 39  8  4 19  6 41 47 62  3 26 26 62
 23  6 62 61 61 26 39 63 19 41  3  8  3 47 26 62 26 62 41 23 26 48 39 62
 62 39  6  8 26 19 23 39  6 39  4 41  6 62 62 62]","[ 6 41 23 62 62  3 62 39 62  6  6 23 39  8  8 63  6 41 47 62  3 61 48 62
 26 63 62 61  3 26 39  3 19 41  3  3  3  8  8 62 63 62 48 47 26 48 19 62
 62 39 48 39 26 19 23 39 19 19 19 47 41 62 62 62]",True,True,1.0,1.0,"[np.int64(57), np.int64(20), np.int64(16), np.int64(16), np.int64(51), np.int64(25), np.int64(11), np.int64(13), np.int64(52), np.int64(49), np.int64(34), np.int64(3), np.int64(6), np.int64(45), np.int64(27), np.int64(2), np.int64(54), np.int64(45), np.int64(43), np.int64(59), np.int64(51), np.int64(56), np.int64(52), np.int64(63), np.int64(20), np.int64(62), np.int64(38), np.int64(20), np.int64(16), np.int64(4), np.int64(7), np.int64(55), np.int64(61), np.int64(44), np.int64(8), np.int64(53), np.int64(37), np.int64(43), np.int64(8), np.int64(30), np.int64(31), np.int64(24), np.int64(57), np.int64(0), np.int64(26), np.int64(50), np.int64(56), np.int64(9), np.int64(11), np.int64(9), np.int64(38), np.int64(63), np.int64(52), np.int64(15), np.int64(20), np.int64(10), np.int64(44), np.int64(41), np.int64(9), np.int64(47), np.int64(61), np.int64(42), np.int64(62), np.int64(48)]","[np.int64(25), np.int64(27), np.int64(63), np.int64(34), np.int64(33), np.int64(21), np.int64(4), np.int64(3), np.int64(44), np.int64(13), np.int64(57), np.int64(11), np.int64(50), np.int64(60), np.int64(51), np.int64(31), np.int64(31), np.int64(32), np.int64(58), np.int64(6), np.int64(21), np.int64(2), np.int64(1), np.int64(15), np.int64(52), np.int64(13), np.int64(53), np.int64(12), np.int64(48), np.int64(19), np.int64(58), np.int64(31), np.int64(20), np.int64(55), np.int64(59), np.int64(56), np.int64(11), np.int64(48), np.int64(40), np.int64(42), np.int64(41), np.int64(2), np.int64(15), np.int64(28), np.int64(53), np.int64(52), np.int64(12), np.int64(45), np.int64(48), np.int64(48), np.int64(53), np.int64(51), np.int64(11), np.int64(23), np.int64(52), np.int64(17), np.int64(29), np.int64(42), np.int64(30), np.int64(59), np.int64(24), np.int64(25), np.int64(52), np.int64(0)]",False,False,0.0,0.0,"[41 41 23 62 62  3 62  6 62 41 26 41  3  8 47 19 19  8 47 62  3 23  3 62
 47  8 62 19  3 41 39 63 47 19 47 48 39 47  8 62 26 62 26 23  6 48  6 62
 62 39 39  8 26 41  6 39  4 19 19 47 63 62 62 62]","[41 41 19 62 62  3 62 63 62  6 26 48 39  8 47  4  6  8 47 62  3  3  3 62
 41  6 62  4  3 41 39  3 47 41  3  3  3  8 39 62 63 62 26 23 26 48 39 62
 62 48 39 39 26 19  6 39 63 41 26 41 41 62 62 62]",True,True,1.0,1.0,"[ 4 41  3 62 62  3 62  6 62  6  4  6  3  8  4  4  6  3  4 62  3  3  3 62
 23  6 62  4  3 26 39  3 19 19  3  3  3  8  8 62  3 62 26 23  6 48  6 62
 62 23  6  8 26  3  6 39  4  8  4 39  4 62 62 62]","[ 6 41  3 62 62  3 62 63 62  6  6 23 39  8 47  4  6 41 47 62  3 61  3 62
 26  6 62 61  3 26 39  3 47 41  3 48 39 41 26 62  3 62 26 23 26 48  6 62
 62 48 48  8 26 41  6 39  6 41 26 41 23 62 62 62]",True,True,1.0,1.0
[1 0 1 ... 0 0 0],1,"[17  1  1 15 52  1 39  1  1 33 51 33 52 39  1  1  5  1 51 38 38 52 38 52
 14  5 42  5 51  1 14  1 33  1 51 51  7 17  1  1 39 14  1 14 29  5 51  2
  5  2 14  1  1  5 31 42 42 15  2 33 39 39  2  7]","[51  1  1 39 52  1  5  1  1 33 38 51 38 39  1  1 52  1 14 29  7 29 38  5
 42 14 29 14 29  1  7  1 33  1 51 14 29 52  1  1 52 14  1 14 29  5 14  2
 51 15 31  1  1 17 38 39 42 14 17  7 52 14 29 51]",True,True,1.0,1.0,"[np.int64(3), np.int64(10), np.int64(11), np.int64(3), np.int64(57), np.int64(35), np.int64(51), np.int64(51), np.int64(42), np.int64(24), np.int64(39), np.int64(23), np.int64(20), np.int64(52), np.int64(5), np.int64(57), np.int64(42), np.int64(6), np.int64(37), np.int64(8), np.int64(19), np.int64(41), np.int64(17), np.int64(7), np.int64(0), np.int64(12), np.int64(11), np.int64(9), np.int64(63), np.int64(59), np.int64(17), np.int64(12), np.int64(7), np.int64(3), np.int64(36), np.int64(28), np.int64(3), np.int64(62), np.int64(11), np.int64(53), np.int64(56), np.int64(51), np.int64(23), np.int64(21), np.int64(35), np.int64(0), np.int64(24), np.int64(14), np.int64(2), np.int64(39), np.int64(17), np.int64(16), np.int64(32), np.int64(49), np.int64(50), np.int64(15), np.int64(47), np.int64(7), np.int64(61), np.int64(7), np.int64(31), np.int64(55), np.int64(22), np.int64(61)]","[np.int64(28), np.int64(40), np.int64(18), np.int64(43), np.int64(1), np.int64(31), np.int64(16), np.int64(21), np.int64(52), np.int64(30), np.int64(19), np.int64(52), np.int64(52), np.int64(42), np.int64(33), np.int64(14), np.int64(43), np.int64(58), np.int64(30), np.int64(52), np.int64(40), np.int64(12), np.int64(49), np.int64(0), np.int64(24), np.int64(0), np.int64(24), np.int64(2), np.int64(53), np.int64(55), np.int64(23), np.int64(18), np.int64(24), np.int64(0), np.int64(29), np.int64(20), np.int64(22), np.int64(23), np.int64(7), np.int64(11), np.int64(7), np.int64(27), np.int64(55), np.int64(58), np.int64(48), np.int64(34), np.int64(23), np.int64(8), np.int64(49), np.int64(44), np.int64(34), np.int64(6), np.int64(46), np.int64(39), np.int64(46), np.int64(58), np.int64(29), np.int64(27), np.int64(16), np.int64(2), np.int64(39), np.int64(32), np.int64(21), np.int64(55)]",False,False,0.0,0.0,"[33  1  1 39 14  1  5  1  1  5  7 33 38 39  1  1  2  1 52 29 31 33 42 52
 14 15 42  5 29  1 14  1 33  1 51 17  7 17  1  1 52  2  1 14  5 14  7 42
  5 15 15  1  1 52 38 33  5 14  2  2  2 39 15 52]","[ 7  1  1 15 42  1 39  1  1  5 38 51 33 52  1  1 52  1 38 29 38 29 39 52
 29 14 29 17 38  1 14  1 33  1 51 14 29 52  1  1 52 14  1 39 29 14 14 39
  5 15 17  1  1 29 38 52  5 15  2 14 52 39  2 52]",True,True,1.0,1.0,"[ 2  1  1 15  8  1  5  1  1  5  2 33 14 39  1  1  2  1  7 14  5 14  7  5
 14  5 29  5 14  1  7  1 15  1 51  2  2 17  1  1 39  2  1 14  5  5  2  2
  5  2  2  1  1  5 31 33  5 14  2  2  5  7  2  7]","[ 7  1  1 29 14  1 39  1  1 42  7 51 14 52  1  1 52  1 14 29  7 29  7 31
 29 14 42 14 29  1 14  1 33  1 51 14  7 52  1  1 52 14  1 14 29 14 14 29
 38 51 14  1  1 14 38 29 39 14 29 14 14 14 29 51]",True,True,1.0,1.0
[1 0 1 ... 1 0 1],25,"[20 63 14 14 36 23 23 50 48 21 11 25 25 63 25 25 36 36 20 42 25 25 12 25
 63 25 42 57 48 48 11 14 15 21 25 36 25 57 15 21 15 48 25 21 42 23 21 15
 25 15 25 11 23 12 57 48 12 25 50 15 50 34 23 25]","[20 42 12 63 42 42 50 50 15 63 12 25 25 20 25 25 36 15 48 42 25 25 12 25
 42 25 14 21 50 14 23 14 12 21 25 36 25 57 50 21 11 36 25 63 36 48 21 48
 25 15 25 20 11 57 34 14 12 25 15 34 57 34 23 25]",True,True,1.0,1.0,"[np.int64(29), np.int64(1), np.int64(49), np.int64(46), np.int64(20), np.int64(15), np.int64(53), np.int64(55), np.int64(8), np.int64(15), np.int64(33), np.int64(61), np.int64(13), np.int64(44), np.int64(41), np.int64(27), np.int64(54), np.int64(53), np.int64(28), np.int64(0), np.int64(39), np.int64(54), np.int64(49), np.int64(16), np.int64(0), np.int64(12), np.int64(16), np.int64(3), np.int64(10), np.int64(46), np.int64(11), np.int64(35), np.int64(6), np.int64(9), np.int64(42), np.int64(51), np.int64(1), np.int64(30), np.int64(23), np.int64(25), np.int64(57), np.int64(24), np.int64(34), np.int64(22), np.int64(44), np.int64(28), np.int64(52), np.int64(0), np.int64(29), np.int64(52), np.int64(25), np.int64(62), np.int64(46), np.int64(25), np.int64(17), np.int64(18), np.int64(14), np.int64(48), np.int64(58), np.int64(33), np.int64(45), np.int64(45), np.int64(7), np.int64(10)]","[np.int64(8), np.int64(12), np.int64(13), np.int64(57), np.int64(9), np.int64(12), np.int64(2), np.int64(4), np.int64(32), np.int64(22), np.int64(32), np.int64(11), np.int64(15), np.int64(13), np.int64(4), np.int64(4), np.int64(15), np.int64(47), np.int64(40), np.int64(63), np.int64(39), np.int64(29), np.int64(41), np.int64(34), np.int64(14), np.int64(6), np.int64(6), np.int64(57), np.int64(39), np.int64(34), np.int64(4), np.int64(30), np.int64(22), np.int64(57), np.int64(38), np.int64(8), np.int64(50), np.int64(15), np.int64(30), np.int64(29), np.int64(37), np.int64(20), np.int64(38), np.int64(13), np.int64(55), np.int64(22), np.int64(22), np.int64(56), np.int64(25), np.int64(37), np.int64(27), np.int64(22), np.int64(5), np.int64(48), np.int64(14), np.int64(57), np.int64(18), np.int64(7), np.int64(59), np.int64(55), np.int64(50), np.int64(4), np.int64(53), np.int64(0)]",False,False,0.0,0.0,"[20 42 12 14 36 48 50 50 15 21 11 25 25 63 25 25 36 36 12 42 25 25 12 25
 42 25 14 14 48 15 23 11 15 36 25 63 25 21 14 12 23 15 25 21 48 48 42 48
 25 15 25 11 50 57 34 14 20 25 34 34 23 11 21 25]","[14 12 48 63 48 34 50 50 15 63 36 25 25 34 25 25 21 15 23 42 25 25 12 25
 20 25 63 20 50 14 23 34 15 36 25 21 25 57 14 57 11 36 25 21 36 23 14 34
 25 15 25 11 50 14 57 14 20 25 36 34 63 11 34 25]",True,True,1.0,1.0,"[11 12 12 14 23 20 23 50 15 12 12 25 25 20 25 25 21 12 12 42 25 25 12 25
 14 25 14 14 48 14 11 11 12 14 25 21 25 15 11 12 11 15 25 21 11 15 14 15
 25 15 25 11 11 14 11 14 12 25 15 15 20 11 14 25]","[20 12 12 14 34 34 50 50 57 12 11 25 25 34 25 25 21 11 20 42 25 25 12 25
 20 25 20 36 50 42 23 34 50 20 25 21 25 21 11 12 11 36 25 63 11 20 14 34
 25 15 25 11 57 14 11 14 20 25 15 20 20 11 23 25]",True,True,1.0,1.0
[1 0 1 ... 0 0 0],57,"[17 38 38 29 24 15 28 24 19 57  9 17 57 63 50 57  9 57 22 57 29 29 57 17
 57 57 38 22 38 57 25 19 15 63 25 15 57 17 57 29 25 36  9 15 25 36 36 15
 12 29 38 19 38 19 29 25  9 57  9 12 25 24 22 57]","[12 38 19 17  9 17 41 24 24 57  9 17 57 29 28 57 38 57 22 57 29 29 57  9
 57 57 17 22 36 57 24 24 38 38 19 24 57 17 57 22 36 36 29 15 25 63 38 15
 12 17 38 15 29 29 12 22 19 57 22 24  9 24 25 57]",True,True,1.0,1.0,"[np.int64(57), np.int64(36), np.int64(56), np.int64(15), np.int64(5), np.int64(25), np.int64(33), np.int64(21), np.int64(59), np.int64(19), np.int64(47), np.int64(39), np.int64(60), np.int64(18), np.int64(23), np.int64(55), np.int64(9), np.int64(50), np.int64(10), np.int64(38), np.int64(61), np.int64(32), np.int64(35), np.int64(1), np.int64(28), np.int64(31), np.int64(13), np.int64(50), np.int64(63), np.int64(20), np.int64(35), np.int64(0), np.int64(9), np.int64(15), np.int64(49), np.int64(4), np.int64(48), np.int64(44), np.int64(48), np.int64(36), np.int64(28), np.int64(52), np.int64(49), np.int64(14), np.int64(48), np.int64(16), np.int64(61), np.int64(49), np.int64(21), np.int64(36), np.int64(59), np.int64(12), np.int64(59), np.int64(60), np.int64(20), np.int64(0), np.int64(55), np.int64(27), np.int64(2), np.int64(28), np.int64(58), np.int64(43), np.int64(10), np.int64(5)]","[np.int64(25), np.int64(16), np.int64(51), np.int64(32), np.int64(28), np.int64(5), np.int64(9), np.int64(47), np.int64(17), np.int64(19), np.int64(15), np.int64(35), np.int64(38), np.int64(28), np.int64(60), np.int64(38), np.int64(53), np.int64(16), np.int64(16), np.int64(49), np.int64(22), np.int64(4), np.int64(27), np.int64(11), np.int64(60), np.int64(33), np.int64(21), np.int64(30), np.int64(32), np.int64(19), np.int64(39), np.int64(32), np.int64(11), np.int64(3), np.int64(19), np.int64(38), np.int64(48), np.int64(60), np.int64(33), np.int64(14), np.int64(26), np.int64(7), np.int64(61), np.int64(41), np.int64(48), np.int64(18), np.int64(63), np.int64(46), np.int64(5), np.int64(5), np.int64(1), np.int64(4), np.int64(47), np.int64(63), np.int64(10), np.int64(17), np.int64(53), np.int64(49), np.int64(38), np.int64(36), np.int64(27), np.int64(45), np.int64(56), np.int64(17)]",False,False,0.0,0.0,"[17 29 36 29  9 29 58 24 24 57  9 29 57 63 32 57 38 57 36 57 38 29 57  9
 57 57 17 22 29 57 25 24 63 25 24 15 57 38 57 22 25 29  9  9 25 63  9 15
 24 29 38 15 29 22 63 38 19 57 29 25 38 24 25 57]","[12 17 15 29 24 17 28 24 19 57  9 29 57 17 34 57 38 57 22 57 29 12 57 38
 57 57 17 22 36 57 29 19 25 25 29 19 57 38 57 29 25 29 29  9 24 22 36 15
 24 29 38 63 38 29 29 38 19 57 63 12 38 24 36 57]",True,True,1.0,1.0,"[15 38 19 15  9 15  2 24 19 57  9 17 57 17  0 57  9 57 22 57 12 25 57  9
 57 57  9 22 15 57  9 19 15 25 15 15 57 17 57 22 25 12  9  9 25 22  9 15
 12 17 38 15 12 22  9 22  9 57  9 15  9 24 25 57]","[12 29 36 12 29 29 11 24 24 57  9 29 57 29 60 57 38 57 22 57 29 12 57 17
 57 57 17 22 29 57 29 24 17 38 29 19 57 38 57 22 24 12  9  9 17 19 36 15
 12 29 38 19 12 29 29 22 19 57 29 29 38 24 22 57]",True,True,1.0,1.0
[1 0 1 ... 0 0 0],39,"[39 35 27 33 39 37 59  0 58 30 22  0  4 33  0 39  0 43 45 43 15 43 37 35
 30 39 37 39 61 58 39  0 45 39 58 39 61 39  4 39 15  4 15 39 37 39 27 25
 33 43 35 43  4 25 33 25 25  4 39 39 15 39  4 45]","[39 35 58 33 39 59 15  0 15 37 17 61 33 33 15 39 27 33 45 30 15 27 30 25
 35 39 25 39  0 33 39  0 45 39 59 39 61 39  4 39 15 59 15 39 45 39 35 25
 15 43 35 43  4 25 33 30 25  4 39 39 25 39 37 45]",True,True,1.0,1.0,"[np.int64(58), np.int64(60), np.int64(7), np.int64(40), np.int64(18), np.int64(27), np.int64(23), np.int64(23), np.int64(37), np.int64(33), np.int64(26), np.int64(47), np.int64(28), np.int64(30), np.int64(32), np.int64(22), np.int64(43), np.int64(31), np.int64(54), np.int64(60), np.int64(19), np.int64(46), np.int64(5), np.int64(39), np.int64(43), np.int64(44), np.int64(31), np.int64(38), np.int64(31), np.int64(42), np.int64(35), np.int64(25), np.int64(29), np.int64(21), np.int64(34), np.int64(40), np.int64(22), np.int64(15), np.int64(57), np.int64(55), np.int64(54), np.int64(61), np.int64(13), np.int64(25), np.int64(60), np.int64(35), np.int64(36), np.int64(5), np.int64(15), np.int64(10), np.int64(7), np.int64(49), np.int64(35), np.int64(51), np.int64(20), np.int64(25), np.int64(25), np.int64(25), np.int64(18), np.int64(16), np.int64(33), np.int64(4), np.int64(43), np.int64(40)]","[np.int64(10), np.int64(18), np.int64(56), np.int64(23), np.int64(13), np.int64(28), np.int64(57), np.int64(16), np.int64(2), np.int64(5), np.int64(27), np.int64(37), np.int64(42), np.int64(4), np.int64(32), np.int64(9), np.int64(54), np.int64(54), np.int64(51), np.int64(60), np.int64(51), np.int64(45), np.int64(14), np.int64(9), np.int64(20), np.int64(2), np.int64(36), np.int64(33), np.int64(6), np.int64(22), np.int64(29), np.int64(18), np.int64(48), np.int64(43), np.int64(44), np.int64(18), np.int64(24), np.int64(22), np.int64(52), np.int64(54), np.int64(1), np.int64(1), np.int64(56), np.int64(20), np.int64(31), np.int64(33), np.int64(7), np.int64(30), np.int64(3), np.int64(37), np.int64(49), np.int64(45), np.int64(48), np.int64(23), np.int64(58), np.int64(32), np.int64(16), np.int64(20), np.int64(21), np.int64(32), np.int64(56), np.int64(40), np.int64(54), np.int64(8)]",False,False,0.0,0.0,"[39 35 58 33 39  0 61  0  0 37 18 25  4 33 30 39 43 33 45 58 15 27 15 35
  4 39 45 39  0 58 39 30 45 39 59 39 35 39 33 39  4  4 25 39 25 39 59 43
 33 43  4 43 58 59 15 25 25 30 39 39 25 39 37 45]","[39 35 58 33 39 59 15 25  0 30 17 61 58 33 15 39 15 43 45 43 30 27 37 61
 35 39  4 39 61 27 39 30 45 39 37 39 35 39 37 39 15 30 45 39 25 39 35 25
 33 25  4 37 61 37 15 61 25 61 39 39  0 39  4 45]",True,True,1.0,1.0,"[39 35 27 33 39  0 15  0  0  0  8  0  4 33  0 39  0 33 45 35 15 27 15 25
  4 39  4 39  0 27 39  0 45 39 30 39  0 39  4 39  4  4 15 39 25 39  0 25
 15 25  4  0  4  4 15 25 25  4 39 39  0 39  4 45]","[39 35 58 37 39 45 59 27  4 37 52  0  4 33 59 39 43 33 45 35 15 27 35 35
  4 39  4 39  0 33 39 30 45 39 37 39 35 39  4 39  4  4 45 39 45 39 25 25
 15 25  4 37  4  4 15 30 25 61 39 39  0 39  4 45]",True,True,1.0,1.0
[1 0 1 ... 1 0 1],25,"[14 12 12 14 36 34 23 50 23 15 21 25 25 20 25 25 21 36 12 42 25 25 12 25
 42 25 63 20 50 14 48 34 12 36 25 42 25 21 11 12 23 36 25 63 42 15 15 15
 25 15 25 20 15 14 11 48 20 25 15 20 63 34 14 25]","[20 42 12 63 42 23 50 50 42 15 11 25 25 34 25 25 36 15 48 42 25 25 12 25
 20 25 14 36 50 48 23 34 12 21 25 36 25 15 50 12 63 36 25 21 36 15 15 15
 25 15 25 20 57 14 34 48 12 25 42 34 50 11 34 25]",True,True,1.0,1.0,"[np.int64(25), np.int64(45), np.int64(32), np.int64(1), np.int64(7), np.int64(0), np.int64(44), np.int64(3), np.int64(19), np.int64(34), np.int64(40), np.int64(12), np.int64(60), np.int64(53), np.int64(0), np.int64(44), np.int64(23), np.int64(27), np.int64(45), np.int64(43), np.int64(50), np.int64(42), np.int64(46), np.int64(31), np.int64(41), np.int64(35), np.int64(7), np.int64(2), np.int64(30), np.int64(50), np.int64(44), np.int64(3), np.int64(20), np.int64(39), np.int64(53), np.int64(53), np.int64(3), np.int64(37), np.int64(23), np.int64(56), np.int64(21), np.int64(18), np.int64(4), np.int64(49), np.int64(21), np.int64(14), np.int64(1), np.int64(43), np.int64(14), np.int64(42), np.int64(44), np.int64(62), np.int64(7), np.int64(32), np.int64(53), np.int64(27), np.int64(59), np.int64(7), np.int64(25), np.int64(25), np.int64(0), np.int64(24), np.int64(35), np.int64(32)]","[np.int64(30), np.int64(8), np.int64(26), np.int64(45), np.int64(47), np.int64(33), np.int64(31), np.int64(23), np.int64(56), np.int64(40), np.int64(3), np.int64(57), np.int64(2), np.int64(31), np.int64(1), np.int64(49), np.int64(40), np.int64(18), np.int64(3), np.int64(0), np.int64(18), np.int64(12), np.int64(15), np.int64(27), np.int64(39), np.int64(43), np.int64(56), np.int64(17), np.int64(36), np.int64(1), np.int64(20), np.int64(30), np.int64(28), np.int64(24), np.int64(19), np.int64(23), np.int64(26), np.int64(57), np.int64(2), np.int64(0), np.int64(13), np.int64(35), np.int64(19), np.int64(49), np.int64(36), np.int64(55), np.int64(23), np.int64(41), np.int64(18), np.int64(50), np.int64(28), np.int64(49), np.int64(25), np.int64(10), np.int64(5), np.int64(25), np.int64(20), np.int64(36), np.int64(40), np.int64(25), np.int64(53), np.int64(3), np.int64(38), np.int64(56)]",False,False,0.0,0.0,"[14 63 48 63 48 23 50 50 48 63 21 25 25 20 25 25 48 36 20 42 25 25 12 25
 20 25 42 20 50 63 48 14 15 14 25 36 25 57 14 21 11 15 25 21 42 23 14 34
 25 15 25 20 15 12 11 14 12 25 36 63 48 63 21 25]","[20 12 14 14 36 34 23 50 15 21 11 25 25 20 25 25 36 11 12 42 25 25 12 25
 42 25 14 21 50 42 23 11 15 14 25 63 25 57 15 57 15 48 25 21 48 48 42 34
 25 15 25 20 11 14 34 48 20 25 15 34 63 11 34 25]",True,True,1.0,1.0,"[11 12 12 14 23 20 23 50 15 12 12 25 25 20 25 25 21 12 12 42 25 25 12 25
 14 25 14 14 48 14 11 11 12 14 25 21 25 15 11 12 11 15 25 21 11 15 14 15
 25 15 25 11 11 14 11 14 12 25 15 15 20 11 14 25]","[20 12 12 14 34 34 50 50 57 12 11 25 25 34 25 25 21 11 20 42 25 25 12 25
 20 25 20 36 50 42 23 34 50 20 25 21 25 21 11 12 11 36 25 63 11 20 14 34
 25 15 25 11 57 14 11 14 20 25 15 20 20 11 23 25]",True,True,1.0,1.0
[0 0 0 ... 0 1 1],29,"[36 36 17 29 31 29  5 51 29  5  3  3  8 29 36 23  5 52  3 58  5 31 36 29
 58 51 31 30 13 29 29 29 31 13 13  8 29 31  8 29 58  5 36  3 20 32  8 31
 56 36 52 29 29 23 13 39 29 13 29 31 39 51 31 52]","[51 36  6 29 23 29 30  3 29  5  8 23  5 29 31 36 30 52 31 39 56 23 36 29
 51 23 31 30 13 29 29 29 13 39 39 13 29 31  8 29 31  5 58 13 20 22  8 56
 56 36 52 29 29 51 13 23 29 52 29  5 39 23 30 52]",True,True,1.0,1.0,"[np.int64(20), np.int64(52), np.int64(38), np.int64(6), np.int64(50), np.int64(33), np.int64(63), np.int64(13), np.int64(52), np.int64(24), np.int64(21), np.int64(5), np.int64(2), np.int64(12), np.int64(49), np.int64(0), np.int64(1), np.int64(2), np.int64(62), np.int64(31), np.int64(55), np.int64(27), np.int64(44), np.int64(47), np.int64(2), np.int64(39), np.int64(7), np.int64(60), np.int64(55), np.int64(7), np.int64(43), np.int64(42), np.int64(28), np.int64(10), np.int64(54), np.int64(51), np.int64(54), np.int64(52), np.int64(14), np.int64(44), np.int64(36), np.int64(9), np.int64(48), np.int64(3), np.int64(47), np.int64(3), np.int64(61), np.int64(7), np.int64(20), np.int64(52), np.int64(43), np.int64(49), np.int64(59), np.int64(37), np.int64(7), np.int64(30), np.int64(39), np.int64(34), np.int64(61), np.int64(24), np.int64(25), np.int64(55), np.int64(25), np.int64(15)]","[np.int64(22), np.int64(61), np.int64(26), np.int64(15), np.int64(62), np.int64(16), np.int64(14), np.int64(7), np.int64(22), np.int64(29), np.int64(33), np.int64(14), np.int64(44), np.int64(29), np.int64(56), np.int64(6), np.int64(31), np.int64(40), np.int64(27), np.int64(26), np.int64(3), np.int64(12), np.int64(49), np.int64(53), np.int64(50), np.int64(27), np.int64(31), np.int64(0), np.int64(46), np.int64(30), np.int64(54), np.int64(22), np.int64(36), np.int64(45), np.int64(52), np.int64(47), np.int64(55), np.int64(28), np.int64(36), np.int64(8), np.int64(17), np.int64(30), np.int64(19), np.int64(19), np.int64(20), np.int64(12), np.int64(19), np.int64(0), np.int64(39), np.int64(11), np.int64(53), np.int64(39), np.int64(39), np.int64(9), np.int64(19), np.int64(31), np.int64(41), np.int64(5), np.int64(35), np.int64(49), np.int64(44), np.int64(58), np.int64(18), np.int64(37)]",False,False,0.0,0.0,"[51 56  6 29 31 29 31 51 29  5  3  3  8 29 31 31  5 23 31 36  5 31 36 29
 58 51 31  8  5 29 29 29 58 13 23 13 29 13 31 29 31 52 36 52 18 62  8  5
  3 36  8 29 29 23  3 23 29 23 29  5 39 39 30 31]","[36 39  6 29 51 29  5 51 29 39  8  3  8 29  3 36 30 36  3 39 56 23  3 29
 39 23 31 30 13 29 29 29 30 13 13  8 29 13  8 29 58 23 58 52  1 32 13  8
 58 52 52 29 29 51  3 23 29 52 29  5 39 23 30 52]",True,True,1.0,1.0,"[ 8 36  6 29  8 29  5  3 29  5  3  3  5 29  3 23  5 13  3 39  5  3  3 29
 51 23 31  5  5 29 29 29  8 13 13  8 29 13  8 29 31  5 23  3  0  7  8  5
  3 36  8 29 29 23  3 23 29 13 29  5 30 23 30 31]","[ 8 36  6 29 51 29  3  3 29  5  8 23 36 29 36 36 30 36  3 36  5 23 36 29
 58 23 31  5  5 29 29 29 39 39 23  8 29 36 36 29 31  5 36 52  1 10  8  5
  8 36 52 29 29 51  3 23 29 23 29  5 39 23 30 52]",True,True,1.0,1.0
[0 0 1 ... 0 0 0],8,"[56 61 21  8  8  8 21  8  8 45 55 45 41  5  4 16  8  8 21 50 28  8  3 50
 21  8 28 28  8 37 23 32  8 45 62 45 41  8  4  5  7  8 56 28 50  8 25 37
  4 16  8 55 17 50  5  8  8  3 25 28  5  8  8  8]","[ 5  5 21  8  8  8 45  8  8  5 50  3 61 21  4 25  8  8  3  5  3  8 17  7
 45  8 28 61  8 45 19 41  8 45 62 45 32  8 62 28 41  8 62 32 50  8 50 32
 61 41  8 56  4 55  5  8  8 55 61 28 32  8  8  8]",True,True,1.0,1.0,"[np.int64(4), np.int64(22), np.int64(36), np.int64(34), np.int64(38), np.int64(28), np.int64(57), np.int64(31), np.int64(16), np.int64(28), np.int64(31), np.int64(22), np.int64(5), np.int64(7), np.int64(3), np.int64(39), np.int64(46), np.int64(23), np.int64(61), np.int64(38), np.int64(47), np.int64(28), np.int64(29), np.int64(54), np.int64(4), np.int64(26), np.int64(55), np.int64(43), np.int64(48), np.int64(21), np.int64(19), np.int64(12), np.int64(51), np.int64(20), np.int64(44), np.int64(44), np.int64(10), np.int64(28), np.int64(54), np.int64(13), np.int64(8), np.int64(60), np.int64(24), np.int64(10), np.int64(27), np.int64(8), np.int64(19), np.int64(62), np.int64(34), np.int64(7), np.int64(23), np.int64(43), np.int64(53), np.int64(49), np.int64(30), np.int64(45), np.int64(2), np.int64(8), np.int64(51), np.int64(23), np.int64(44), np.int64(0), np.int64(46), np.int64(14)]","[np.int64(27), np.int64(45), np.int64(63), np.int64(50), np.int64(21), np.int64(61), np.int64(49), np.int64(56), np.int64(20), np.int64(47), np.int64(39), np.int64(38), np.int64(50), np.int64(9), np.int64(57), np.int64(42), np.int64(21), np.int64(13), np.int64(36), np.int64(45), np.int64(12), np.int64(60), np.int64(53), np.int64(12), np.int64(63), np.int64(8), np.int64(1), np.int64(52), np.int64(52), np.int64(62), np.int64(44), np.int64(58), np.int64(53), np.int64(56), np.int64(47), np.int64(21), np.int64(15), np.int64(18), np.int64(33), np.int64(60), np.int64(61), np.int64(31), np.int64(29), np.int64(20), np.int64(48), np.int64(56), np.int64(49), np.int64(42), np.int64(22), np.int64(28), np.int64(28), np.int64(35), np.int64(18), np.int64(27), np.int64(58), np.int64(12), np.int64(42), np.int64(61), np.int64(45), np.int64(4), np.int64(10), np.int64(33), np.int64(60), np.int64(56)]",False,False,0.0,0.0,"[ 3 55  5  8  8  8 63  8  8  3 62  4 50  5  4 56  8  8  4 50 25  8 21  7
 45  8  4 32  8 37 27 41  8  5 21 62  7  8 16 61 41  8 37 28 50  8 37 21
 61 28  8 61 61 25 25  8  8 50 25  7 63  8  8  8]","[ 5 55 61  8  8  8 21  8  8 25 62  4 41 55  4 25  8  8 61  5 25  8 56 50
  5  8 28 32  8 45 23 32  8 21 45 62 61  8 62  5 41  8 37  4 50  8 25 37
 61  4  8 61 61 50 41  8  8 55 28 28 32  8  8  8]",True,True,1.0,1.0,"[ 3  5  5  8  8  8  5  8  8  3 32  4 41  5  4 16  8  8  4  4  4  8  3  7
  5  8  4 28  8 37  2  4  8  7 16 25  7  8  7  4  7  8  5  4 50  8  3  3
  4  4  8  7  4 25  5  8  8  4  7  7  5  8  8  8]","[ 5 61 61  8  8  8  5  8  8 61 21  3 61  5  4 25  8  8  5 61 25  8  3 50
  5  8  4 61  8 37 47 21  8  5 21 25 32  8 62 61 41  8 32  4 50  8  5  5
 61 41  8 61 61 25 32  8  8  4 61 28 32  8  8  8]",True,True,1.0,1.0
[1 1 0 ... 0 1 0],41,"[20 39 52 39 53 58 26 24 52 53 37 26 39 53 37 58 52 48 24 38 41 26 52 37
 41 24 41 37 22 26 26 37 24 51 26 53 53 41 41 41 26 41 37 37 39 52 55 37
 41 47 58 20 41 41 39 41 53 38 41 24 55 55 37 39]","[20 24 52 39 26 52 20 38 39 39 58 20 53 20 55 58 52 58 39 38 41 39 48 24
 41 48 41 37 36 39 53 53 48  7 26 39 38 41 41 41 38 41 39 37 39 52 38 39
 41 30 55 58 41 41 53 41 24 38 41 24 37 55 37 52]",True,True,1.0,1.0,"[np.int64(1), np.int64(59), np.int64(33), np.int64(14), np.int64(0), np.int64(17), np.int64(60), np.int64(38), np.int64(44), np.int64(39), np.int64(17), np.int64(24), np.int64(61), np.int64(35), np.int64(18), np.int64(31), np.int64(54), np.int64(30), np.int64(20), np.int64(38), np.int64(49), np.int64(13), np.int64(5), np.int64(31), np.int64(44), np.int64(42), np.int64(55), np.int64(12), np.int64(17), np.int64(29), np.int64(31), np.int64(29), np.int64(52), np.int64(53), np.int64(57), np.int64(54), np.int64(32), np.int64(50), np.int64(43), np.int64(7), np.int64(10), np.int64(29), np.int64(36), np.int64(8), np.int64(0), np.int64(43), np.int64(0), np.int64(27), np.int64(32), np.int64(14), np.int64(52), np.int64(53), np.int64(11), np.int64(51), np.int64(63), np.int64(55), np.int64(2), np.int64(24), np.int64(60), np.int64(59), np.int64(39), np.int64(26), np.int64(24), np.int64(27)]","[np.int64(10), np.int64(42), np.int64(33), np.int64(31), np.int64(63), np.int64(10), np.int64(59), np.int64(14), np.int64(62), np.int64(37), np.int64(17), np.int64(17), np.int64(4), np.int64(58), np.int64(51), np.int64(20), np.int64(46), np.int64(3), np.int64(17), np.int64(40), np.int64(7), np.int64(14), np.int64(5), np.int64(18), np.int64(36), np.int64(35), np.int64(24), np.int64(54), np.int64(24), np.int64(49), np.int64(1), np.int64(43), np.int64(62), np.int64(62), np.int64(39), np.int64(34), np.int64(51), np.int64(48), np.int64(33), np.int64(1), np.int64(2), np.int64(19), np.int64(44), np.int64(32), np.int64(32), np.int64(59), np.int64(56), np.int64(56), np.int64(23), np.int64(24), np.int64(33), np.int64(54), np.int64(22), np.int64(30), np.int64(54), np.int64(46), np.int64(9), np.int64(50), np.int64(32), np.int64(4), np.int64(15), np.int64(57), np.int64(11), np.int64(10)]",False,False,0.0,0.0,"[53 24 55 39 48 52 26 24 39 53 37 26 20 58 55 58 53 48 38 39 41 39 52 24
 41 24 41 52 22 24 26 20 48  3 24 24 26 41 41 41 38 41 39 37 38 52 52 39
 41 61 58 58 41 41 38 41 53 20 41 24 37 55 24 39]","[53 39 55 39 26 58 20 38 39 53 37 26 58 58 39 58 24 48 38 24 41 39 52 24
 41 24 41 52 10 39 48 52 52 54 26 53 53 41 41 41 39 41 37 37 39 52 53 37
 41 47 26 58 41 41 39 41 24 20 41 24 37 55 24 58]",True,True,1.0,1.0,"[20 24 20 39 26 20 20 24 24 39 20 26 20 20 37 58 24 20 24 38 41 26 20 37
 41 24 41 37  3 26 26 20 24  5 26 24 26 41 41 41 26 41 37 37 38 52 37 37
 41  1 26 20 41 41 38 41 24 20 41 24 37 55 24 26]","[53 39 39 39 26 20 26 38 39 39 37 20 39 20 39 58 52 48 39 39 41 39 48 37
 41 24 41 52  3 39 26 52 52 42 26 39 26 41 41 41 39 41 39 37 39 52 52 39
 41  1 37 58 41 41 39 41 24 20 41 24 37 55 37 52]",True,True,1.0,1.0
[0 0 0 ... 0 0 1],37,"[37 30 46 34 32 41 46 37 46 37 14  0  7  7 37 27 45 30 26 27 45 58  0 58
 41 27 37 37 14  0 37  0 37 27 26 30 41 37 61 41 27 37 30 41 46 37 37 61
  0 46 27 26 45  9 46 46 45 32 37 14 46 37 32  9]","[37 32 46 60 32 41 46 37  9 37  7  9  0 41 37 26 45 30 26  0 46 58 30  9
 41 27 37 37 14 58 37 14 37 30 61 27 61 37  9  9 45 37 30  7 30 37 37  9
  7 30 30 26  9 26  0 46 30  9 37 14 46 37 27  9]",True,True,1.0,1.0,"[np.int64(18), np.int64(42), np.int64(38), np.int64(32), np.int64(50), np.int64(58), np.int64(12), np.int64(25), np.int64(37), np.int64(13), np.int64(9), np.int64(25), np.int64(31), np.int64(26), np.int64(18), np.int64(53), np.int64(55), np.int64(24), np.int64(44), np.int64(25), np.int64(40), np.int64(39), np.int64(54), np.int64(35), np.int64(45), np.int64(38), np.int64(22), np.int64(36), np.int64(35), np.int64(22), np.int64(6), np.int64(46), np.int64(0), np.int64(20), np.int64(13), np.int64(40), np.int64(41), np.int64(4), np.int64(27), np.int64(43), np.int64(54), np.int64(53), np.int64(33), np.int64(44), np.int64(11), np.int64(3), np.int64(45), np.int64(6), np.int64(54), np.int64(5), np.int64(28), np.int64(4), np.int64(26), np.int64(20), np.int64(28), np.int64(58), np.int64(7), np.int64(24), np.int64(8), np.int64(37), np.int64(52), np.int64(27), np.int64(50), np.int64(16)]","[np.int64(55), np.int64(50), np.int64(26), np.int64(24), np.int64(58), np.int64(50), np.int64(2), np.int64(51), np.int64(24), np.int64(40), np.int64(29), np.int64(58), np.int64(62), np.int64(1), np.int64(43), np.int64(42), np.int64(38), np.int64(30), np.int64(30), np.int64(48), np.int64(46), np.int64(33), np.int64(8), np.int64(40), np.int64(37), np.int64(9), np.int64(8), np.int64(41), np.int64(43), np.int64(8), np.int64(38), np.int64(42), np.int64(63), np.int64(52), np.int64(20), np.int64(38), np.int64(4), np.int64(55), np.int64(35), np.int64(0), np.int64(11), np.int64(12), np.int64(52), np.int64(46), np.int64(14), np.int64(0), np.int64(45), np.int64(26), np.int64(37), np.int64(51), np.int64(53), np.int64(29), np.int64(39), np.int64(14), np.int64(10), np.int64(61), np.int64(49), np.int64(42), np.int64(7), np.int64(45), np.int64(41), np.int64(21), np.int64(9), np.int64(34)]",False,False,0.0,0.0,"[37 30 61  2 32 46 41 37 46 37 14  9  0 41 37 14 45 61 32 32 46 58 30 58
 41 27 37 37 14 41 37 61 37 45 26 27 58 37 58  9 27 37 27  7 32 37 37  9
 61 30 27 26  9 46  0  9  9 32 37 14 26 37  9  9]","[37 30  9 34 45 41 41 37  9 37 61 46  0  7 37 14 45 30 26 27 46 58 30 58
 41 27 37 37 14  9 37  0 37 30 32 27  7 37 45  9 45 37 30  7 61 37 37  9
 32 46 46 26  9 32  0  9 30  9 37 14 46 37 27  9]",True,True,1.0,1.0,"[37 30  9  2 32 41 41 37 26 37  7  0  0  7 37 14  7 41 26  0 45 58  0  9
 41 27 37 37 14  0 37  0 37 27 14 27  7 37  9  9 27 37  0  7  9 37 37  9
  0 30 27 26  9  9  0  7  9  9 37 14 26 37  9  9]","[37 30  9 35 45 41 41 37  9 37  7  9  7  7 37 14 45 30 26 27 45 58 30  9
 41 27 37 37 14  9 37 14 37 30 14 30  7 37  9  9 45 37 30  7  9 37 37  9
  7 30 30 26 45  9  0  9 30  9 37 14 46 37  9  9]",True,True,1.0,1.0
[1 0 0 ... 0 1 0],63,"[63 63 27 62  0 62 24 63 60  7 27  1 34 62 27 51 63 60  7  1 29 62 23 63
 63  7 63 63 23 63 24 23 26 24 63  0 27 50 23 26  7 34  1 24 27  1 27 29
 62 29 63 63 23 34 27 63 27 27 29 34 63 27 63 63]","[63 63 51 62  0 62 50 63 60 23 16 51 34 62 60 50 63 60  7 27 27 24  1 63
 63  7 63 63 23 63 24 29 60  1 63 24 51 23 23  7 51 51 55  0 27  1 27 50
 62 23 63 63 23  0 27 63 60 16 29 51 63 24 63 63]",True,True,1.0,1.0,"[np.int64(6), np.int64(41), np.int64(24), np.int64(14), np.int64(31), np.int64(34), np.int64(12), np.int64(20), np.int64(62), np.int64(0), np.int64(2), np.int64(5), np.int64(57), np.int64(32), np.int64(47), np.int64(14), np.int64(0), np.int64(33), np.int64(8), np.int64(14), np.int64(31), np.int64(28), np.int64(50), np.int64(31), np.int64(60), np.int64(24), np.int64(24), np.int64(29), np.int64(61), np.int64(0), np.int64(2), np.int64(8), np.int64(19), np.int64(62), np.int64(0), np.int64(33), np.int64(36), np.int64(16), np.int64(20), np.int64(35), np.int64(3), np.int64(28), np.int64(41), np.int64(28), np.int64(27), np.int64(46), np.int64(60), np.int64(27), np.int64(23), np.int64(46), np.int64(16), np.int64(21), np.int64(31), np.int64(9), np.int64(59), np.int64(53), np.int64(24), np.int64(35), np.int64(39), np.int64(36), np.int64(47), np.int64(54), np.int64(25), np.int64(60)]","[np.int64(2), np.int64(2), np.int64(2), np.int64(31), np.int64(15), np.int64(6), np.int64(43), np.int64(41), np.int64(38), np.int64(33), np.int64(19), np.int64(27), np.int64(55), np.int64(63), np.int64(19), np.int64(29), np.int64(43), np.int64(25), np.int64(44), np.int64(46), np.int64(61), np.int64(19), np.int64(22), np.int64(60), np.int64(33), np.int64(58), np.int64(4), np.int64(3), np.int64(17), np.int64(48), np.int64(2), np.int64(59), np.int64(49), np.int64(61), np.int64(32), np.int64(50), np.int64(46), np.int64(14), np.int64(55), np.int64(47), np.int64(22), np.int64(62), np.int64(44), np.int64(21), np.int64(40), np.int64(51), np.int64(22), np.int64(6), np.int64(38), np.int64(38), np.int64(46), np.int64(50), np.int64(35), np.int64(59), np.int64(56), np.int64(22), np.int64(49), np.int64(61), np.int64(58), np.int64(39), np.int64(19), np.int64(43), np.int64(53), np.int64(5)]",False,False,0.0,0.0,"[63 63 27 62  1  1 27 63 60 55 16 16 34 34 24 50 63 24  7  1  1 24  1 63
 63  1 63 63 60 63  7 29 16  1 63  0 29 50 60  7 60 34 55 62 16  1 23  0
 29 23 63 63 34 55 62 63 27 55 55 27 63 23 63 63]","[63 63 51 51 50 62 62 63 60 62 27 51  0 34 29 50 63 24 24 27  1 24 62 63
 63 27 63 63 60 63 24 29 60 24 63  0 51  0  0 26 60 51  1  7 27 34 23 50
 62 62 63 63 23 24 27 63  1 27 55 62 63 23 63 63]",True,True,1.0,1.0,"[63 63 27 27  0  0 24 63 60  7 16  1  0  7 24  0 63  1  7  1  1  0  1 63
 63  1 63 63 23 63  7 23 16  1 63  0  7  0  0  7  0 34  1  0 16  1 23  1
 29  0 63 63  1  0 27 63  1 16 26  1 63 23 63 63]","[63 63 51 51  1  0 50 63 60 51 23  1  0  7 29 51 63  1  7 51  1 62  1 63
 63  7 63 63 60 63  7 23 51  1 63 62 51  0  0  7 51 51  1  7 27  1 23 50
 62  0 63 63  1  0 27 63  1 51 62  1 63 23 63 63]",True,True,1.0,1.0
[0 0 0 ... 0 1 1],29,"[36 39  6 29 31 29 31 56 29  5  8  5 39 29  8 31 30 30 31 39  5 31 36 29
 51 23 31 30 13 29 29 29  8 13 13  8 29 36 31 29 31  5 36 13 48 62 36 31
 30 51  8 29 29 23  3 23 29 52 29  8 39 39 31 51]","[51 56  6 29 51 29  5  3 29 56  8  3 36 29 36 23 30 30 31 36  5  3 36 29
 39 51 31  5  5 29 29 29 58 39 13  8 29 31 36 29 58  5 23 13 60 10 30 56
 30 36 30 29 29 51 13 39 29 23 29 31 52 23 30 31]",True,True,1.0,1.0,"[np.int64(24), np.int64(16), np.int64(27), np.int64(50), np.int64(60), np.int64(45), np.int64(36), np.int64(44), np.int64(61), np.int64(57), np.int64(43), np.int64(57), np.int64(59), np.int64(26), np.int64(26), np.int64(0), np.int64(21), np.int64(22), np.int64(33), np.int64(18), np.int64(28), np.int64(7), np.int64(38), np.int64(57), np.int64(34), np.int64(63), np.int64(57), np.int64(50), np.int64(57), np.int64(46), np.int64(3), np.int64(52), np.int64(63), np.int64(15), np.int64(0), np.int64(61), np.int64(43), np.int64(15), np.int64(8), np.int64(0), np.int64(22), np.int64(46), np.int64(7), np.int64(31), np.int64(34), np.int64(47), np.int64(4), np.int64(26), np.int64(3), np.int64(43), np.int64(43), np.int64(36), np.int64(38), np.int64(40), np.int64(33), np.int64(9), np.int64(25), np.int64(56), np.int64(4), np.int64(15), np.int64(3), np.int64(49), np.int64(42), np.int64(20)]","[np.int64(21), np.int64(25), np.int64(21), np.int64(30), np.int64(3), np.int64(50), np.int64(22), np.int64(62), np.int64(24), np.int64(28), np.int64(17), np.int64(19), np.int64(52), np.int64(56), np.int64(3), np.int64(24), np.int64(19), np.int64(33), np.int64(25), np.int64(11), np.int64(54), np.int64(38), np.int64(46), np.int64(62), np.int64(3), np.int64(1), np.int64(12), np.int64(48), np.int64(36), np.int64(61), np.int64(7), np.int64(14), np.int64(10), np.int64(55), np.int64(24), np.int64(46), np.int64(4), np.int64(42), np.int64(63), np.int64(47), np.int64(10), np.int64(23), np.int64(42), np.int64(53), np.int64(44), np.int64(8), np.int64(48), np.int64(26), np.int64(58), np.int64(60), np.int64(61), np.int64(1), np.int64(32), np.int64(28), np.int64(23), np.int64(57), np.int64(51), np.int64(24), np.int64(42), np.int64(28), np.int64(25), np.int64(18), np.int64(42), np.int64(9)]",False,False,0.0,0.0,"[ 8 56  6 29 51 29  3 56 29 39  3  5 36 29 31 36  5 30  3 39  5  3  3 29
 39 51 31  8 13 29 29 29  8 39 13 13 29 31  8 29 58 58 58 56 34 62 36 31
 56 36 56 29 29 51 13 23 29 23 29  5 39 23 31 31]","[ 8 56 61 29 51 29  3 56 29 31  8 23 13 29 31 36  5 36 31 58  5  3  3 29
 51 51 31  8 13 29 29 29 13 39 23  8 29 13 36 29 58 52 58 52 60 60  8  5
 58 52 56 29 29 23 13 36 29 23 29  8 52 30 31 31]",True,True,1.0,1.0,"[ 8 36  6 29  8 29  5  3 29  5  3  3  5 29  3 23  5 13  3 39  5  3  3 29
 51 23 31  5  5 29 29 29  8 13 13  8 29 13  8 29 31  5 23  3  0  7  8  5
  3 36  8 29 29 23  3 23 29 13 29  5 30 23 30 31]","[ 8 36  6 29 51 29  3  3 29  5  8 23 36 29 36 36 30 36  3 36  5 23 36 29
 58 23 31  5  5 29 29 29 39 39 23  8 29 36 36 29 31  5 36 52  1 10  8  5
  8 36 52 29 29 51  3 23 29 23 29  5 39 23 30 52]",True,True,1.0,1.0
[0 0 1 ... 0 0 1],4,"[57 57  6 57  4 48  4 16 52 16  4 57  4  6  4 48  4  4 10 52 14  6  4 59
 59 22 16 59 12 57 12 57  6 48 12 17 48  6 17 24 10 59 12 17 14  6 17 12
  4 17 12 10  4 22 12 10 14  4 17  4 22 57  6 17]","[59 14  6 57  4 16  4 14 16 16  4 22  4  6  4 48  4  4 10 57 14 10  4 59
 48 22 22 14 48 16 12 16 22 48 14 48 22  6 14 11 59 59 22 59 16 59 17 59
  4 16 48 52  4 22 12 52 14  4 59  4 22 57  6 16]",True,True,1.0,1.0,"[np.int64(13), np.int64(55), np.int64(31), np.int64(59), np.int64(37), np.int64(9), np.int64(11), np.int64(25), np.int64(51), np.int64(35), np.int64(0), np.int64(30), np.int64(54), np.int64(55), np.int64(7), np.int64(30), np.int64(50), np.int64(11), np.int64(25), np.int64(39), np.int64(34), np.int64(45), np.int64(4), np.int64(11), np.int64(13), np.int64(8), np.int64(27), np.int64(56), np.int64(60), np.int64(13), np.int64(42), np.int64(53), np.int64(55), np.int64(45), np.int64(53), np.int64(23), np.int64(7), np.int64(29), np.int64(23), np.int64(62), np.int64(37), np.int64(52), np.int64(33), np.int64(61), np.int64(21), np.int64(22), np.int64(27), np.int64(23), np.int64(9), np.int64(34), np.int64(11), np.int64(50), np.int64(5), np.int64(30), np.int64(55), np.int64(21), np.int64(54), np.int64(6), np.int64(39), np.int64(2), np.int64(22), np.int64(16), np.int64(26), np.int64(54)]","[np.int64(2), np.int64(33), np.int64(47), np.int64(2), np.int64(6), np.int64(4), np.int64(33), np.int64(60), np.int64(48), np.int64(40), np.int64(24), np.int64(37), np.int64(16), np.int64(36), np.int64(45), np.int64(24), np.int64(32), np.int64(55), np.int64(58), np.int64(27), np.int64(15), np.int64(16), np.int64(47), np.int64(56), np.int64(54), np.int64(28), np.int64(54), np.int64(14), np.int64(9), np.int64(46), np.int64(32), np.int64(19), np.int64(19), np.int64(3), np.int64(16), np.int64(31), np.int64(4), np.int64(13), np.int64(63), np.int64(59), np.int64(45), np.int64(22), np.int64(53), np.int64(52), np.int64(48), np.int64(39), np.int64(46), np.int64(45), np.int64(38), np.int64(38), np.int64(63), np.int64(63), np.int64(32), np.int64(40), np.int64(38), np.int64(18), np.int64(3), np.int64(51), np.int64(34), np.int64(47), np.int64(54), np.int64(33), np.int64(36), np.int64(27)]",False,False,0.0,0.0,"[57 52  6 22  4 17  4 17 16 16  4 59  4  6  4 48  4  4  6  6 14  6  4 14
 10 22  6 14 59 16 59 16 22 48 14 48 59  6 22  9 59 59 16 59 14  6 17 59
  4 17 52  6  4 22 57 16 12  4 12  4 22 57  6 17]","[57 14  6 22  4 10  4 17 52 16  4 22  4  6  4 12  4  4  6  6 17  6  4 59
 59 48 57 14 16 57 16 16 22 48 12 48 22  6 48 18 59 59 22 59 16  6 52 48
  4 57 52  6  4 22 14 59 14  4 59  4 22 57  6 17]",True,True,1.0,1.0,"[57 12  6 22  4 10  4 16 16 16  4 22  4  6  4 12  4  4  6  6  6 10  4 14
 10 12  6 14 12 16 12  6  6 48 12 12 16  6 12  7 10 10 12 17 14  6 12 12
  4 16 12  6  4 22 12 10 10  4 10  4 22 57  6 17]","[59 14  6 57  4  6  4 14 48 16  4 59  4 17  4 48  4  4 10 52 14 10  4 14
 59 14 16 14 48 52 12 16  6 48 14 12 16  6 14 18 59 59 16 59 14 14 52 48
  4 16 48 52  4 22 14 10 14  4 59  4 22 57  6 17]",True,True,1.0,1.0
[0 0 0 ... 0 1 1],41,"[12 48 41  9 41 18 22 22 56 41  4 49 41 48 35 18  4 59 41 21  2 41 41 49
 48 49  2 45 56  4  4 39  9 59 59 41 12 48 21 41  4 41 21 41 21 41 41 46
 41 41 43 12 22  9  4 35 41 56 48 41 56 12 43 12]","[21 48 41 22 41 49 45 22 48 41  4 21 41 22 35 21 22 59 41  4  2 41 41 18
 45 45 35 45 21  4 56 35 46 46 18 41 59 59 21 41  9 41 21 41 48 41 41 59
 41 41 43 59  4 39  4 21 41 35 48 41 39 21 59 21]",True,True,1.0,1.0,"[np.int64(51), np.int64(33), np.int64(58), np.int64(3), np.int64(62), np.int64(46), np.int64(9), np.int64(42), np.int64(53), np.int64(3), np.int64(14), np.int64(10), np.int64(16), np.int64(54), np.int64(39), np.int64(55), np.int64(33), np.int64(33), np.int64(22), np.int64(37), np.int64(14), np.int64(47), np.int64(57), np.int64(23), np.int64(35), np.int64(52), np.int64(53), np.int64(12), np.int64(5), np.int64(23), np.int64(59), np.int64(40), np.int64(10), np.int64(20), np.int64(60), np.int64(11), np.int64(32), np.int64(33), np.int64(50), np.int64(43), np.int64(4), np.int64(7), np.int64(37), np.int64(63), np.int64(5), np.int64(63), np.int64(61), np.int64(18), np.int64(0), np.int64(45), np.int64(15), np.int64(41), np.int64(52), np.int64(1), np.int64(19), np.int64(3), np.int64(36), np.int64(17), np.int64(33), np.int64(12), np.int64(38), np.int64(37), np.int64(37), np.int64(28)]","[np.int64(3), np.int64(52), np.int64(58), np.int64(4), np.int64(6), np.int64(23), np.int64(53), np.int64(62), np.int64(27), np.int64(30), np.int64(41), np.int64(37), np.int64(14), np.int64(63), np.int64(14), np.int64(9), np.int64(35), np.int64(6), np.int64(14), np.int64(12), np.int64(14), np.int64(63), np.int64(16), np.int64(14), np.int64(10), np.int64(51), np.int64(56), np.int64(35), np.int64(40), np.int64(40), np.int64(56), np.int64(22), np.int64(40), np.int64(57), np.int64(29), np.int64(40), np.int64(51), np.int64(21), np.int64(28), np.int64(38), np.int64(60), np.int64(6), np.int64(45), np.int64(42), np.int64(42), np.int64(50), np.int64(57), np.int64(46), np.int64(46), np.int64(48), np.int64(10), np.int64(6), np.int64(61), np.int64(0), np.int64(44), np.int64(31), np.int64(19), np.int64(61), np.int64(29), np.int64(57), np.int64(41), np.int64(21), np.int64(13), np.int64(33)]",False,False,0.0,0.0,"[12 45 41 22 41 49 22 35 22 41  2 21 41  9  9 18  4 39 41 49 18 41 41 18
  4  9 35 48 43  4 39 35 46 59 46 41 21 48 45 41  9 41 21 41 22 41 41 59
 41 41 43 59 18 22  4 46 41 56 48 41 46 21 45 21]","[22 22 41 22 41 22 45 18 22 41  4 21 41  9 35 18 22 48 41 49  2 41 41 18
 18 45 48 48 43  4 39 35 45 59 46 41 21 21  9 41  9 41 21 41 21 41 41 59
 41 41 48 46 22  9 49 45 41  9 48 41 22 46 59 21]",True,True,1.0,1.0,"[12  2 41  9 41 12 12  2 22 41  2 12 41  9  9 18  4  9 41  4  2 41 41 18
  4  9  2 21  2  4  4 12  4 46  2 41 12  2  9 41  4 41 21 41  2 41 41 46
 41 41 43  4  4  9  4  4 41  9 48 41 22 12 18 12]","[21 22 41  9 41 22 59  9 22 41  4 22 41 22  9 18  4  9 41  4  9 41 41 18
  4  9 48 21 21  4 39 39  4 59  4 41 59 59  9 41  4 41 21 41 21 41 41 59
 41 41 48  4  4  9  4  4 41  9 48 41 22 21 59 21]",True,True,1.0,1.0
[1 0 1 ... 0 0 0],7,"[10 53  7 37  5  7 50  7  5  7  7 21  9 37 62 53 50  7 17 58 53  7 50 17
  2  5  1 62 58 34 10  7 21 53  7  7 34  7 53 21  2 34 21 35 10  2 31  2
 31  5  7 62 50  7 24  5  5 58  7 62  2 50  7 31]","[10 53  7 37  5  7 35  7 53  7  7 58  9 35 62 53 10  7 17 58 31  7 50  5
  9  5 19 62 10 34 10  7 21 53  7  7 34  7 53 53 10 31 21  9 31  2 35 58
 62 10  7 10  5  7 20  2 37 58  7  5 10 50  7 50]",True,True,1.0,1.0,"[np.int64(20), np.int64(60), np.int64(32), np.int64(19), np.int64(14), np.int64(57), np.int64(50), np.int64(4), np.int64(26), np.int64(2), np.int64(6), np.int64(22), np.int64(30), np.int64(14), np.int64(58), np.int64(9), np.int64(27), np.int64(45), np.int64(32), np.int64(54), np.int64(25), np.int64(53), np.int64(9), np.int64(11), np.int64(16), np.int64(32), np.int64(17), np.int64(54), np.int64(60), np.int64(28), np.int64(8), np.int64(16), np.int64(49), np.int64(27), np.int64(21), np.int64(30), np.int64(12), np.int64(16), np.int64(61), np.int64(8), np.int64(7), np.int64(51), np.int64(26), np.int64(22), np.int64(15), np.int64(18), np.int64(21), np.int64(44), np.int64(58), np.int64(43), np.int64(27), np.int64(17), np.int64(3), np.int64(29), np.int64(30), np.int64(10), np.int64(28), np.int64(18), np.int64(20), np.int64(49), np.int64(15), np.int64(41), np.int64(10), np.int64(13)]","[np.int64(8), np.int64(12), np.int64(41), np.int64(58), np.int64(28), np.int64(28), np.int64(6), np.int64(39), np.int64(8), np.int64(8), np.int64(36), np.int64(22), np.int64(62), np.int64(49), np.int64(4), np.int64(43), np.int64(15), np.int64(36), np.int64(13), np.int64(23), np.int64(30), np.int64(44), np.int64(58), np.int64(57), np.int64(23), np.int64(63), np.int64(38), np.int64(53), np.int64(56), np.int64(42), np.int64(4), np.int64(33), np.int64(34), np.int64(7), np.int64(14), np.int64(56), np.int64(4), np.int64(47), np.int64(2), np.int64(2), np.int64(46), np.int64(39), np.int64(28), np.int64(37), np.int64(43), np.int64(48), np.int64(18), np.int64(27), np.int64(61), np.int64(40), np.int64(57), np.int64(40), np.int64(25), np.int64(29), np.int64(0), np.int64(32), np.int64(18), np.int64(9), np.int64(52), np.int64(33), np.int64(46), np.int64(43), np.int64(3), np.int64(11)]",False,False,0.0,0.0,"[10 53  7 37  5  7 34  7 10  7  7 21  9 53 62 53 50  7  2 34 53  7 31 17
  9  9 27 17 10 34 21  7 53 53  7  7 34  7 53  2 10 31 21 10 37  2 10  9
 31  5  7 10 21  7 48  2  5 58  7  5 21 50  7 10]","[10 53  7  5  5  7 35  7 10  7  7 10  9 53 62 53 10  7 17 58 53  7 50  5
 62  9 36 62 10 34  9  7 53 58  7  7 31  7  2 10 17 34 21 37 37  2 31  9
 50 10  7 10 58  7 11 35 62 58  7 62 10 50  7 50]",True,True,1.0,1.0,"[ 2  2  7  5  5  7  2  7  5  7  7  2  9 37  2 53  2  7  2 34 31  7 17  5
  2  5  1 10  5 34  9  7  5 53  7  7 31  7  2  2  2 31 21  2 10  2  2  2
 10  5  7 10  5  7  1  2  5 58  7  5  5 50  7 10]","[10 53  7  5  5  7 35  7 10  7  7 10 35 53 62 53 10  7 17 58 31  7 17  5
 17  5 19 10 10 34 10  7  5 53  7  7 37  7 53 10 17 34 21 10 10  2 10 37
 10 10  7 10 58  7 20 35  5 58  7  5 10 50  7 10]",True,True,1.0,1.0
[0 0 0 ... 1 1 1],59,"[ 4 52 32 54 59 59  5 48 21 14  5 59 11 59 59 53 37  5 53 11 21 59 21 54
 14 37 48 13 53 54 53 11 59 32 63 36 59 59 47  5 11  4 37 54 13 36 47 59
 59 47 36 54 59 59 59 14 54 54 13 59  5 63 63 59]","[ 4  5 32 53 59 59 32 47  4 14 53 59  5 59 59 53 53 54 53 11 21 59 52 54
 14 36 48  4 37  4 13 32 59 63 13 36 59 59 47 52 14 21 37 54 32 32 63 59
 59 53 32 52 59 59 59 14 32 52 52 59 37 13 47 59]",True,True,1.0,1.0,"[np.int64(33), np.int64(54), np.int64(38), np.int64(16), np.int64(41), np.int64(59), np.int64(33), np.int64(15), np.int64(63), np.int64(33), np.int64(38), np.int64(35), np.int64(13), np.int64(11), np.int64(25), np.int64(15), np.int64(3), np.int64(24), np.int64(24), np.int64(31), np.int64(32), np.int64(50), np.int64(26), np.int64(39), np.int64(47), np.int64(39), np.int64(60), np.int64(35), np.int64(10), np.int64(56), np.int64(14), np.int64(3), np.int64(21), np.int64(46), np.int64(59), np.int64(20), np.int64(58), np.int64(35), np.int64(44), np.int64(42), np.int64(59), np.int64(31), np.int64(0), np.int64(6), np.int64(59), np.int64(62), np.int64(15), np.int64(46), np.int64(57), np.int64(26), np.int64(25), np.int64(13), np.int64(5), np.int64(17), np.int64(25), np.int64(12), np.int64(54), np.int64(10), np.int64(40), np.int64(5), np.int64(55), np.int64(49), np.int64(60), np.int64(45)]","[np.int64(22), np.int64(42), np.int64(35), np.int64(35), np.int64(30), np.int64(41), np.int64(62), np.int64(30), np.int64(6), np.int64(43), np.int64(30), np.int64(31), np.int64(30), np.int64(1), np.int64(10), np.int64(39), np.int64(23), np.int64(31), np.int64(8), np.int64(20), np.int64(44), np.int64(37), np.int64(29), np.int64(24), np.int64(19), np.int64(63), np.int64(49), np.int64(8), np.int64(26), np.int64(2), np.int64(49), np.int64(60), np.int64(12), np.int64(59), np.int64(59), np.int64(39), np.int64(11), np.int64(45), np.int64(41), np.int64(38), np.int64(23), np.int64(50), np.int64(50), np.int64(37), np.int64(13), np.int64(46), np.int64(14), np.int64(28), np.int64(16), np.int64(17), np.int64(38), np.int64(51), np.int64(13), np.int64(23), np.int64(49), np.int64(48), np.int64(54), np.int64(33), np.int64(31), np.int64(58), np.int64(30), np.int64(6), np.int64(58), np.int64(48)]",False,False,0.0,0.0,"[37 14 21 63 59 59  5 11 63 14 32 59  5 59 59 11  5 54 53 52 14 59 52 54
 36 37 37 21 37 54 13 36 59 32 32 36 59 59 63  5  5  4 63 53 63 11 36 59
 59 47 32 54 59 59 59 14 36 54 52 59  5 63  4 59]","[37 63 32 11 59 59 53 47  4  4 53 59 11 59 59 11 37 11 53 52 21 59 21 54
 14 36 48  4 63 37 13 14 59 63  5 32 59 59 47  4 14  4 53 54 63 36 36 59
 59 53 32 52 59 59 59 11 37 54 47 59 11 52  4 59]",True,True,1.0,1.0,"[ 4  5 21  4 59 59  4  5  4  4  5 59  5 59 59  5  5  5 53 11 14 59 21  5
 14  4 37  4  5  4 13 11 59 32  5 32 59 59 47  5  5  4 37 13 13 11 11 59
 59 47 21 52 59 59 59 11 11 52 13 59  5  4  4 59]","[ 4 47 32 53 59 59 53 53 53 37 53 59 11 59 59 53 37 54 53 11 21 59 21 54
 36  4 37  4 37 37 13 32 59 32 32 36 59 59 47  4 37 36 37 13 32 32 36 59
 59 53 32 54 59 59 59 32 13 54 13 59 37  4  4 59]",True,True,1.0,1.0
[1 1 0 ... 0 0 1],20,"[23  6 31  7  6 53 20 20 50 23 31 47  6 23 47 47 28 33 20 23 20 25 30 20
 30 20 20 35 20 23 20 20 51 20 31 20 51 20 51  7 30 20 41 47 23 51 20 20
 31 20 20 20 23 20 28 30 49 53 46 23 47 25 35 23]","[50  6 31 35 50 53 20 20 50 26 31 28  6 23  7 28 28 53 20 28 20 51 51 20
 35 20 20 35 20 51 20 20 41 20 31 20  6 20 37  7 28 20 41 25 53 37 20 20
 31 20 20 20 37 20 50 30 33  6 26 23 53 25 33 49]",True,True,1.0,1.0,"[np.int64(3), np.int64(47), np.int64(9), np.int64(31), np.int64(11), np.int64(62), np.int64(33), np.int64(58), np.int64(62), np.int64(7), np.int64(29), np.int64(28), np.int64(60), np.int64(14), np.int64(51), np.int64(31), np.int64(19), np.int64(46), np.int64(38), np.int64(35), np.int64(30), np.int64(59), np.int64(59), np.int64(48), np.int64(42), np.int64(57), np.int64(23), np.int64(57), np.int64(3), np.int64(54), np.int64(12), np.int64(1), np.int64(57), np.int64(11), np.int64(5), np.int64(49), np.int64(59), np.int64(6), np.int64(7), np.int64(50), np.int64(23), np.int64(48), np.int64(42), np.int64(54), np.int64(49), np.int64(58), np.int64(33), np.int64(10), np.int64(38), np.int64(55), np.int64(52), np.int64(3), np.int64(55), np.int64(48), np.int64(53), np.int64(15), np.int64(36), np.int64(49), np.int64(61), np.int64(49), np.int64(8), np.int64(37), np.int64(47), np.int64(55)]","[np.int64(15), np.int64(20), np.int64(31), np.int64(27), np.int64(39), np.int64(43), np.int64(5), np.int64(56), np.int64(1), np.int64(27), np.int64(7), np.int64(7), np.int64(6), np.int64(59), np.int64(23), np.int64(21), np.int64(54), np.int64(1), np.int64(59), np.int64(27), np.int64(2), np.int64(63), np.int64(27), np.int64(39), np.int64(34), np.int64(24), np.int64(61), np.int64(55), np.int64(40), np.int64(14), np.int64(59), np.int64(38), np.int64(63), np.int64(54), np.int64(48), np.int64(14), np.int64(44), np.int64(49), np.int64(60), np.int64(34), np.int64(59), np.int64(58), np.int64(35), np.int64(38), np.int64(41), np.int64(29), np.int64(53), np.int64(45), np.int64(47), np.int64(30), np.int64(23), np.int64(17), np.int64(33), np.int64(6), np.int64(3), np.int64(12), np.int64(6), np.int64(33), np.int64(2), np.int64(18), np.int64(3), np.int64(6), np.int64(21), np.int64(22)]",False,False,0.0,0.0,"[23  6 31  7 18 23 20 20 18 49 28 26  6  7 30 41 28 28 20  7 20  6 28 20
 26 20 20 35 20 33 20 20 51 20 31 20 51 20 51 50 30 20 28 25 35 37 20 20
 31 20 20 20 49 20 18 30 33 23 46  7 47 30 35 30]","[47  6 31 35  6 23 20 20 50 23 35 50 53  7  7 53 28 28 20 28 20  7 51 20
 35 20 20 35 20 50 20 20 41 20 33 20 26 20 37 53 31 20 53 25 35 37 20 20
 53 20 20 20 26 20 37 30 31 23 26 53 26 25 37 23]",True,True,1.0,1.0,"[23  6 31  7  6 23 20 20 18 18 28 18  6  6  7 23 28  6 20  6 20  6 18 20
 26 20 20 35 20  7 20 20 33 20 31 20  6 20  6  7 31 20 28 18 23 31 20 20
 31 20 20 20  6 20 18  7 18  6 23  7 26 18 33 23]","[28  6 31  7 33 23 20 20 50 23 35 37  6  7  7 23 28 23 20 28 20  7 51 20
 26 20 20 35 20  7 20 20 41 20 33 20 51 20 37 50 37 20 41 37 23 31 20 20
 53 20 20 20 37 20 37  7 37 37 35 23 53 30 37 35]",True,True,1.0,1.0
[1 0 0 ... 0 1 1],17,"[19 51 63  6 51 17 17 56 25 51 16 56 34 19 56 21 17 17 16 17 19 17 21 39
 43 17  6 25 25 51 56 19 51 51 17  5 56  6 43 17 42 25 17 17  5 56 21 51
 51 34  6 17 39 19 34  5 17 16 51 25 51 51 19 17]","[19 51 43 21 51 17 17 56 43 51 16 56 39 19 51 25 17 17 16 17 19 17 34 39
 16 17  6 25  6 16 42 16 42 63 17 34 43 56 16 17 42  6 17 17  5 43 21 51
 21 42 39 17 63 19 42 51 17  5 43 25  6 19 19 17]",True,True,1.0,1.0,"[np.int64(38), np.int64(24), np.int64(14), np.int64(56), np.int64(23), np.int64(38), np.int64(33), np.int64(26), np.int64(35), np.int64(24), np.int64(5), np.int64(18), np.int64(20), np.int64(30), np.int64(15), np.int64(3), np.int64(18), np.int64(62), np.int64(25), np.int64(10), np.int64(2), np.int64(10), np.int64(15), np.int64(5), np.int64(28), np.int64(35), np.int64(0), np.int64(15), np.int64(49), np.int64(3), np.int64(10), np.int64(32), np.int64(45), np.int64(0), np.int64(47), np.int64(38), np.int64(2), np.int64(12), np.int64(37), np.int64(44), np.int64(55), np.int64(62), np.int64(13), np.int64(36), np.int64(14), np.int64(44), np.int64(39), np.int64(2), np.int64(50), np.int64(29), np.int64(8), np.int64(43), np.int64(31), np.int64(43), np.int64(15), np.int64(33), np.int64(61), np.int64(25), np.int64(63), np.int64(17), np.int64(57), np.int64(24), np.int64(62), np.int64(48)]","[np.int64(25), np.int64(40), np.int64(1), np.int64(63), np.int64(20), np.int64(47), np.int64(37), np.int64(62), np.int64(2), np.int64(9), np.int64(36), np.int64(5), np.int64(34), np.int64(49), np.int64(13), np.int64(42), np.int64(34), np.int64(24), np.int64(25), np.int64(21), np.int64(9), np.int64(60), np.int64(7), np.int64(57), np.int64(20), np.int64(39), np.int64(8), np.int64(41), np.int64(27), np.int64(20), np.int64(22), np.int64(26), np.int64(37), np.int64(2), np.int64(9), np.int64(11), np.int64(55), np.int64(4), np.int64(45), np.int64(19), np.int64(43), np.int64(56), np.int64(19), np.int64(46), np.int64(33), np.int64(6), np.int64(50), np.int64(58), np.int64(18), np.int64(62), np.int64(8), np.int64(21), np.int64(4), np.int64(28), np.int64(16), np.int64(14), np.int64(31), np.int64(3), np.int64(5), np.int64(12), np.int64(41), np.int64(7), np.int64(36), np.int64(5)]",False,False,0.0,0.0,"[56 16 43 21 42 17 17 56 43 51  5 56  6 19 56 25 17 17 16 17 19 17 43 39
 43 17 21 25 25 43 21 19 21 43 17  5 51  6 43 17 42  6 17 17  5 42 21 51
 43 19  6 17 39 19 34 42 17  6 51 25 56  6 19 17]","[19 51  5  6 16 17 17 25 25 39 19 56  6 19 51 25 17 17 16 17 16 17  5 39
 16 17  5 25 25 16 42 19 42 63 17  5 16  6 16 17 42  6 17 17  5 34 21 51
  6 63 42 17 63 34 51 42 17 39 51 21 56 16 43 17]",True,True,1.0,1.0,"[19 16  5  6  5 17 17 25 25  6  5 56  6 19 51 21 17 17 16 17 16 17  5 39
  5 17  6 25  6 16 21 16 21 43 17  5  5  6 16 17 42  6 17 17  5 34 21 51
  6  5  6 17 39 19  6  5 17  5  5  6  6  6 19 17]","[56 51 43  6  5 17 17 25 43  6 16 56  6 19 51 25 17 17 16 17 16 17 34 39
 16 17  6 25  6 16 42 16 43 43 17 25 16 43 16 17 42  6 17 17 51 42 21 51
 43 39  6 17 63 34  6 51 17 39 16  6  6 51 43 17]",True,True,1.0,1.0
[1 0 1 ... 1 0 1],25,"[14 63 14 63 34 34 23 50 48 14 12 25 25 34 25 25 21 15 48 42 25 25 12 25
 14 25 14 20 50 15 11 11 12 21 25 21 25 15 11 12 23 36 25 63 48 20 42 48
 25 15 25 11 57 57 11 14 12 25 42 20 23 34 14 25]","[11 63 14 14 48 34 50 50 57 21 11 25 25 48 25 25 21 15 23 42 25 25 12 25
 14 25 42 23 50 48 11 11 50 14 25 42 25 21 15 57 63 15 25 21 36 23 14 15
 25 15 25 11 57 12 11 48 20 25 36 34 20 11 34 25]",True,True,1.0,1.0,"[np.int64(46), np.int64(42), np.int64(52), np.int64(14), np.int64(33), np.int64(47), np.int64(30), np.int64(10), np.int64(17), np.int64(7), np.int64(18), np.int64(28), np.int64(37), np.int64(44), np.int64(63), np.int64(36), np.int64(32), np.int64(20), np.int64(5), np.int64(0), np.int64(33), np.int64(34), np.int64(15), np.int64(35), np.int64(36), np.int64(13), np.int64(42), np.int64(49), np.int64(56), np.int64(25), np.int64(37), np.int64(20), np.int64(25), np.int64(14), np.int64(41), np.int64(24), np.int64(46), np.int64(61), np.int64(9), np.int64(19), np.int64(34), np.int64(46), np.int64(42), np.int64(26), np.int64(50), np.int64(40), np.int64(53), np.int64(32), np.int64(17), np.int64(46), np.int64(49), np.int64(52), np.int64(46), np.int64(28), np.int64(32), np.int64(33), np.int64(24), np.int64(35), np.int64(31), np.int64(10), np.int64(15), np.int64(35), np.int64(52), np.int64(6)]","[np.int64(3), np.int64(35), np.int64(60), np.int64(22), np.int64(30), np.int64(52), np.int64(4), np.int64(2), np.int64(54), np.int64(26), np.int64(33), np.int64(38), np.int64(32), np.int64(28), np.int64(24), np.int64(26), np.int64(29), np.int64(57), np.int64(14), np.int64(58), np.int64(51), np.int64(48), np.int64(34), np.int64(23), np.int64(44), np.int64(54), np.int64(25), np.int64(12), np.int64(25), np.int64(17), np.int64(30), np.int64(16), np.int64(27), np.int64(5), np.int64(63), np.int64(29), np.int64(20), np.int64(18), np.int64(22), np.int64(59), np.int64(46), np.int64(34), np.int64(0), np.int64(14), np.int64(0), np.int64(16), np.int64(31), np.int64(34), np.int64(19), np.int64(59), np.int64(4), np.int64(19), np.int64(12), np.int64(5), np.int64(8), np.int64(9), np.int64(53), np.int64(1), np.int64(28), np.int64(21), np.int64(39), np.int64(23), np.int64(27), np.int64(21)]",False,False,0.0,0.0,"[14 15 14 14 34 42 50 50 42 15 36 25 25 63 25 25 36 15 12 42 25 25 12 25
 14 25 20 57 48 15 11 11 12 20 25 42 25 57 50 57 63 36 25 63 42 48 15 48
 25 15 25 20 57 14 11 14 20 25 34 15 50 11 23 25]","[20 63 48 63 34 20 50 50 48 12 11 25 25 50 25 25 36 11 20 42 25 25 12 25
 42 25 20 57 50 15 23 34 15 21 25 42 25 15 14 12 63 36 25 63 36 20 14 48
 25 15 25 20 23 14 11 14 20 25 42 20 20 34 34 25]",True,True,1.0,1.0,"[11 12 12 14 23 20 23 50 15 12 12 25 25 20 25 25 21 12 12 42 25 25 12 25
 14 25 14 14 48 14 11 11 12 14 25 21 25 15 11 12 11 15 25 21 11 15 14 15
 25 15 25 11 11 14 11 14 12 25 15 15 20 11 14 25]","[20 12 12 14 34 34 50 50 57 12 11 25 25 34 25 25 21 11 20 42 25 25 12 25
 20 25 20 36 50 42 23 34 50 20 25 21 25 21 11 12 11 36 25 63 11 20 14 34
 25 15 25 11 57 14 11 14 20 25 15 20 20 11 23 25]",True,True,1.0,1.0
[0 0 0 ... 0 0 1],2,"[25  2  2 46  2 14 41  2  2 56 46  7  7  7  2  2 46 14 42 56 56 14 46 56
 56  2 15 25  2 42 49 25 37 41  8  1  8  2  2 41 37  2  2  4  1 51  2  8
  7 28  5  2  1  8  4 15  2 14 14 37 35 46  4  8]","[38  2  2 25  2 14 42  2  2 25 46  7 51  7  2  2 46  7 42 56 42 14 46 15
 56  2 14 14  2 56 49 25  1 14  8 14  8  2  2 41 38  2  2 14  1 38  2  4
 28  1 39  2  1 15  1 14  2 41 14 37 19 46  4 37]",True,True,1.0,1.0,"[np.int64(28), np.int64(33), np.int64(57), np.int64(43), np.int64(63), np.int64(6), np.int64(57), np.int64(18), np.int64(25), np.int64(10), np.int64(57), np.int64(11), np.int64(57), np.int64(25), np.int64(20), np.int64(37), np.int64(31), np.int64(53), np.int64(51), np.int64(12), np.int64(44), np.int64(4), np.int64(46), np.int64(15), np.int64(26), np.int64(31), np.int64(40), np.int64(61), np.int64(6), np.int64(34), np.int64(51), np.int64(16), np.int64(49), np.int64(8), np.int64(62), np.int64(16), np.int64(44), np.int64(6), np.int64(56), np.int64(5), np.int64(44), np.int64(18), np.int64(17), np.int64(52), np.int64(50), np.int64(50), np.int64(50), np.int64(62), np.int64(58), np.int64(10), np.int64(45), np.int64(44), np.int64(26), np.int64(62), np.int64(5), np.int64(4), np.int64(16), np.int64(21), np.int64(25), np.int64(13), np.int64(12), np.int64(15), np.int64(27), np.int64(23)]","[np.int64(30), np.int64(48), np.int64(3), np.int64(33), np.int64(38), np.int64(43), np.int64(35), np.int64(43), np.int64(16), np.int64(17), np.int64(54), np.int64(46), np.int64(50), np.int64(19), np.int64(32), np.int64(25), np.int64(52), np.int64(8), np.int64(45), np.int64(16), np.int64(25), np.int64(55), np.int64(51), np.int64(37), np.int64(51), np.int64(21), np.int64(48), np.int64(32), np.int64(59), np.int64(25), np.int64(52), np.int64(62), np.int64(42), np.int64(25), np.int64(58), np.int64(39), np.int64(46), np.int64(61), np.int64(38), np.int64(21), np.int64(9), np.int64(62), np.int64(29), np.int64(23), np.int64(50), np.int64(9), np.int64(15), np.int64(39), np.int64(49), np.int64(44), np.int64(32), np.int64(22), np.int64(2), np.int64(52), np.int64(24), np.int64(52), np.int64(0), np.int64(18), np.int64(30), np.int64(20), np.int64(41), np.int64(59), np.int64(57), np.int64(59)]",False,False,0.0,0.0,"[25  2  2 46  2 14 41  2  2 56 46  7 46  7  2  2 15 14 51 46 42 14 46 56
 56  2 15  8  2 56 49  1  7 14 46  8  8  2  2 41 14  2  2 38 37 28  2  4
 28  4 44  2  1 25  1 14  2 14 14 56 19 51 28 28]","[38  2  2  4  2 14 41  2  2 25 46  7 46  7  2  2 38 51 42 41 42 56 46 15
 41  2 14  4  2 14 54 25  1 14  8 14 14  2  2 41 14  2  2 38 14 41  2  8
 51  7  9  2  1 28 28 15  2 41 14 37 23 46  4 42]",True,True,1.0,1.0,"[38  2  2  4  2 14 37  2  2 25 46  8  7  7  2  2  1  7 51 28 42 14 46 15
 41  2 15  8  2  1  5  1  1 14  8  1  8  2  2 41 14  2  2  1  1  8  2  1
  1  1  5  2  1  8  1 15  2  7 14  8 19 28  1  1]","[38  2  2  4  2 14 42  2  2 25 46  7  7  4  2  2 38  7 42 41 42 56 46 15
 41  2 14 14  2  1 54  1 42 25  7 14 14  2  2 41 38  2  2 14 25 38  2  1
  1  1 35  2  1 25  1 38  2 25 14 37 35 38 25  1]",True,True,1.0,1.0
[0 0 0 ... 0 0 0],11,"[11 11 45 16 45  6 11 11  1 24  7 11 11 32  0 63 11 45 11 47  7 11  0 63
 11 46 18 63 21 47 55 45 11  6  6 21 46 24 32 24 24 24 57 18  7 11 11 11
  7 18 55 16  7 21  0 11 45 11 63 55 12  6 16 11]","[11 11  1 45  1 12 11 11 16 12 18 11 11 32 63 63 11 32 11 12  6 11 16 16
 11 46 47 55 12 47 24 46 11 57 47  1 45 47 46 45 32 24 46 47 47 11 11 11
  7 45 55 55 57 55  0 11 45 11  7 12 16  6  6 11]",True,True,1.0,1.0,"[np.int64(21), np.int64(29), np.int64(25), np.int64(30), np.int64(17), np.int64(13), np.int64(17), np.int64(48), np.int64(44), np.int64(26), np.int64(15), np.int64(53), np.int64(4), np.int64(54), np.int64(8), np.int64(15), np.int64(24), np.int64(4), np.int64(21), np.int64(1), np.int64(53), np.int64(8), np.int64(7), np.int64(21), np.int64(3), np.int64(28), np.int64(3), np.int64(15), np.int64(44), np.int64(43), np.int64(48), np.int64(9), np.int64(55), np.int64(23), np.int64(29), np.int64(36), np.int64(8), np.int64(11), np.int64(10), np.int64(4), np.int64(44), np.int64(18), np.int64(35), np.int64(57), np.int64(59), np.int64(39), np.int64(57), np.int64(24), np.int64(50), np.int64(45), np.int64(10), np.int64(39), np.int64(4), np.int64(39), np.int64(2), np.int64(10), np.int64(2), np.int64(24), np.int64(21), np.int64(31), np.int64(60), np.int64(23), np.int64(6), np.int64(32)]","[np.int64(36), np.int64(21), np.int64(16), np.int64(9), np.int64(46), np.int64(63), np.int64(35), np.int64(39), np.int64(59), np.int64(59), np.int64(47), np.int64(60), np.int64(28), np.int64(52), np.int64(41), np.int64(32), np.int64(52), np.int64(56), np.int64(26), np.int64(5), np.int64(1), np.int64(3), np.int64(6), np.int64(7), np.int64(46), np.int64(43), np.int64(62), np.int64(30), np.int64(7), np.int64(37), np.int64(50), np.int64(30), np.int64(14), np.int64(2), np.int64(36), np.int64(25), np.int64(29), np.int64(8), np.int64(23), np.int64(18), np.int64(52), np.int64(46), np.int64(37), np.int64(22), np.int64(39), np.int64(38), np.int64(22), np.int64(16), np.int64(3), np.int64(62), np.int64(43), np.int64(33), np.int64(48), np.int64(26), np.int64(55), np.int64(15), np.int64(4), np.int64(21), np.int64(55), np.int64(4), np.int64(46), np.int64(16), np.int64(41), np.int64(26)]",False,False,0.0,0.0,"[11 11 45 21 45 47 11 11 57 47  7 11 11 32  0 63 11 16 11 47 18 11 32 16
 11 46 18 63 21  7 47 32 11  1  6 57 45 24 12 24 24 24 32 18  7 11 11 11
 57 32 55 55  7 21  0 11 45 11  7 55 16 55 16 11]","[11 11 32 45 45 16 11 11 16 46 12 11 11 16 47 63 11 45 11 12 18 11  1 16
 11 24 47 57  7  7 55 32 11 57 47 21 46 55 63 63 32 46 46 18 47 11 11 11
  6 32 55 16 57 21  0 11 45 11  7 63 16 32 16 11]",True,True,1.0,1.0,"[11 11  1 16  1  6 11 11  1 12  7 11 11  6  0 46 11 16 11 12  1 11  1  0
 11 24  7  6  6  7 24 21 11  1  0  0 45 24 12 12 24 24 16  1  7 11 11 11
  7  0 46 16  6  1  0 11 45 11  7  7  7  6  6 11]","[11 11  1 16  1 16 11 11 16 12 18 11 11 16 47 46 11 16 11 16  1 11 12 16
 11 46 55 16  6 16 55 21 11 16 16 21 46 55 12 12 24 46 16 47 47 11 11 11
  7  0 46 16  7 21  0 11 45 11  7 55 16 55 16 11]",True,True,1.0,1.0
[0 0 0 ... 0 0 0],23,"[23 23 62 23 28 52 28 18 29  3  1 55  3 40  1 18  3 23 23  3 22 17 23 23
 52 28 62 17 23 23 49 40 17 49 42 22 40 22 40  1 23 55 23 62 29 60 49 55
 42 23 40 22 23 22 40 23 22 55 49 55 17 17 23 40]","[23 23 62 23  1 40 49 29  3 40  1 28  3 40  1 17 49 23 23  3  3 40 23 23
 22 49 28 18 23 23 28 42 49 49 22 22 18 42 40 22 23  3 23 28 22 60 49 40
  0 23  0  0 23 62 49 23 29  3 49 55 22  0 23  0]",True,True,1.0,1.0,"[np.int64(2), np.int64(61), np.int64(54), np.int64(53), np.int64(54), np.int64(29), np.int64(14), np.int64(29), np.int64(59), np.int64(20), np.int64(24), np.int64(26), np.int64(12), np.int64(52), np.int64(12), np.int64(50), np.int64(26), np.int64(37), np.int64(10), np.int64(4), np.int64(10), np.int64(52), np.int64(26), np.int64(16), np.int64(53), np.int64(11), np.int64(45), np.int64(21), np.int64(12), np.int64(63), np.int64(53), np.int64(12), np.int64(26), np.int64(26), np.int64(42), np.int64(4), np.int64(4), np.int64(54), np.int64(6), np.int64(30), np.int64(25), np.int64(24), np.int64(58), np.int64(35), np.int64(27), np.int64(22), np.int64(28), np.int64(10), np.int64(38), np.int64(43), np.int64(32), np.int64(44), np.int64(15), np.int64(45), np.int64(57), np.int64(55), np.int64(53), np.int64(56), np.int64(45), np.int64(39), np.int64(45), np.int64(54), np.int64(55), np.int64(61)]","[np.int64(29), np.int64(4), np.int64(9), np.int64(4), np.int64(48), np.int64(3), np.int64(12), np.int64(26), np.int64(63), np.int64(60), np.int64(4), np.int64(63), np.int64(11), np.int64(47), np.int64(5), np.int64(39), np.int64(57), np.int64(28), np.int64(18), np.int64(51), np.int64(48), np.int64(8), np.int64(17), np.int64(57), np.int64(49), np.int64(31), np.int64(45), np.int64(56), np.int64(39), np.int64(3), np.int64(17), np.int64(40), np.int64(51), np.int64(53), np.int64(34), np.int64(25), np.int64(56), np.int64(16), np.int64(12), np.int64(3), np.int64(47), np.int64(49), np.int64(16), np.int64(26), np.int64(25), np.int64(8), np.int64(34), np.int64(63), np.int64(50), np.int64(44), np.int64(22), np.int64(44), np.int64(39), np.int64(48), np.int64(52), np.int64(40), np.int64(42), np.int64(7), np.int64(33), np.int64(12), np.int64(21), np.int64(5), np.int64(12), np.int64(53)]",False,False,0.0,0.0,"[23 23 28 23 17 52  1 22  3  0 40  0 18 40  1 40  0 23 23 62  0 49 23 23
 42 49 17 17 23 23  0 42 28 49 42  3 18 22  1 28 23  1 23  3  1  2 49 55
  0 23 40 49 23 22 40 23 49  3 28 22 28 17 23 40]","[23 23  3 23  1  1  1 29 29  0 55 55  3 40  1 40  3 23 23  3 22 17 23 23
 22 49 28 18 23 23  1 42 17 49 22  3 18 42  1  1 23  3 23 28  1 43 42 55
  0 23 18 28 23 22 49 23 22 42 17 55 28  0 23 29]",True,True,1.0,1.0,"[23 23  3 23  0  1  0 22  3  0  1  0  3 40  1 17  0 23 23  3  0  1 23 23
 22 28 17 17 23 23  0 42  1 49 22  3 17 22  1  1 23  1 23  0  1  2 17 40
  0 23  0  0 23 22 40 23 17  3 17 22 17  0 23  0]","[23 23 28 23 28 18 28 29 29 40  1 28  3 40 49 28  0 23 23 29  3 40 23 23
 22 28 28 18 23 23 28 42 28 49 22 22 18 22 28 28 23  1 23 28 29 60 42 40
 42 23 40 28 23 22 40 23 28 42 28 22 28  0 23 29]",True,True,1.0,1.0
[0 0 1 ... 0 0 1],25,"[16 54 20 50 13 13 25 31 25 26 36 20 21 25 25 54 25 20 14 20 25 25 25  8
 53 25 25  8 36 16 14 25 31 36 26 57 25 57 47 59  8 47 31 50 57 57  8 25
 26 13 25 25 14 25 25 13 26 25 57 14 50 20 50 22]","[16 13 51 50 51 13 25 31 25  6 20 53 21 25 25 21 25 36 51 20 25 25 25 51
 53 25 25 26 36 16 51 25 50 57 20 51 25 13 20 19 20  6 53  6 47 31 13 25
 53 21 25 25 16 25 25 51 53 25 13 14 36 20 20  6]",True,True,1.0,1.0,"[np.int64(10), np.int64(1), np.int64(53), np.int64(36), np.int64(5), np.int64(62), np.int64(7), np.int64(13), np.int64(20), np.int64(32), np.int64(27), np.int64(35), np.int64(38), np.int64(26), np.int64(7), np.int64(33), np.int64(49), np.int64(29), np.int64(50), np.int64(31), np.int64(22), np.int64(24), np.int64(12), np.int64(11), np.int64(7), np.int64(6), np.int64(63), np.int64(50), np.int64(3), np.int64(1), np.int64(8), np.int64(38), np.int64(41), np.int64(9), np.int64(32), np.int64(15), np.int64(15), np.int64(61), np.int64(45), np.int64(61), np.int64(22), np.int64(23), np.int64(13), np.int64(59), np.int64(27), np.int64(45), np.int64(63), np.int64(53), np.int64(54), np.int64(19), np.int64(3), np.int64(16), np.int64(6), np.int64(31), np.int64(27), np.int64(28), np.int64(61), np.int64(17), np.int64(44), np.int64(38), np.int64(37), np.int64(7), np.int64(42), np.int64(27)]","[np.int64(37), np.int64(25), np.int64(43), np.int64(13), np.int64(17), np.int64(11), np.int64(55), np.int64(50), np.int64(57), np.int64(24), np.int64(6), np.int64(61), np.int64(54), np.int64(43), np.int64(48), np.int64(50), np.int64(5), np.int64(5), np.int64(0), np.int64(54), np.int64(22), np.int64(4), np.int64(13), np.int64(61), np.int64(1), np.int64(6), np.int64(44), np.int64(18), np.int64(44), np.int64(38), np.int64(47), np.int64(59), np.int64(16), np.int64(31), np.int64(23), np.int64(56), np.int64(10), np.int64(11), np.int64(55), np.int64(12), np.int64(38), np.int64(33), np.int64(47), np.int64(26), np.int64(51), np.int64(21), np.int64(9), np.int64(22), np.int64(12), np.int64(14), np.int64(58), np.int64(55), np.int64(62), np.int64(0), np.int64(57), np.int64(19), np.int64(40), np.int64(61), np.int64(28), np.int64(0), np.int64(12), np.int64(55), np.int64(20), np.int64(43)]",False,False,0.0,0.0,"[16 36 26 14 50 36 25 31 25  6 36 31 21 25 25 22 25 36 21 31 25 25 25 47
 53 25 25 26 47 13 57 25 31 22 20 16 25 21 20 19  8  6  8 50 16 21 13 25
 20 54 25 25 36 25 25 14 36 25 13 14 50 54 16 31]","[16 13  6 50 13 13 25 54 25 57 20 53 21 25 25 54 25 20 51 20 25 25 25 50
 53 25 25 26 36 31 51 25 36 36 20 57 25 14 47 33 36  6  8 50 57 57  6 25
 53 54 25 25 14 25 25 51 53 25 47 14 47 20 50 53]",True,True,1.0,1.0,"[16 13  6  6  8 13 25 31 25 16 13 21 21 25 25 21 25 20  6 20 25 25 25  8
 53 25 25  8 36  8  6 25 31  8 21  6 25  8 20  2  8  6  8  6  6 21  6 25
 21 13 25 25  8 25 25 13 26 25 13 14  6 20 16  6]","[16 13 51 50 51 13 25 57 25 57 20 50 21 25 25 57 25 36 51 50 25 25 25 51
 53 25 25  8 57 50 51 25 50 36 20 51 25 57 20 33 14 13 31 50 57 57 50 25
 53 13 25 25 51 25 25 53 51 25 13 14 50 20 20 51]",True,True,1.0,1.0
[0 0 1 ... 0 0 0],8,"[ 3  8  1  8  8 14 50  3  8  8 16  1 42  3  8 39  8 42  9 14 55  8 50  1
  3  4  8 50 14 26 55 16 42 36 55 21  8  3 14  8 39 55  8 42 42 50 16 39
 36 14  8 36 39  4 26  8 63 14  3 36 26  6 39  8]","[55  8 21  8  8 42 50 36  8  8 16 39  1  9  8 14  8 14  3 55 55  8 50  1
  3  4  8 50 36 26  1 36  1  1 21 50  8  4  1  8 14 55  8 36 14 50 39  1
 36 21  8 63 50 36 39  8 50 55  3 36  9 58 42  8]",True,True,1.0,1.0,"[np.int64(28), np.int64(30), np.int64(29), np.int64(61), np.int64(40), np.int64(23), np.int64(28), np.int64(14), np.int64(61), np.int64(26), np.int64(44), np.int64(3), np.int64(61), np.int64(53), np.int64(50), np.int64(50), np.int64(36), np.int64(0), np.int64(10), np.int64(33), np.int64(0), np.int64(26), np.int64(11), np.int64(57), np.int64(34), np.int64(5), np.int64(32), np.int64(28), np.int64(55), np.int64(47), np.int64(12), np.int64(28), np.int64(5), np.int64(16), np.int64(9), np.int64(18), np.int64(9), np.int64(39), np.int64(0), np.int64(1), np.int64(24), np.int64(11), np.int64(18), np.int64(5), np.int64(29), np.int64(17), np.int64(3), np.int64(20), np.int64(1), np.int64(41), np.int64(35), np.int64(53), np.int64(9), np.int64(0), np.int64(1), np.int64(48), np.int64(36), np.int64(34), np.int64(24), np.int64(49), np.int64(7), np.int64(53), np.int64(29), np.int64(21)]","[np.int64(49), np.int64(49), np.int64(58), np.int64(16), np.int64(38), np.int64(13), np.int64(1), np.int64(61), np.int64(8), np.int64(16), np.int64(53), np.int64(15), np.int64(48), np.int64(20), np.int64(42), np.int64(23), np.int64(49), np.int64(61), np.int64(39), np.int64(9), np.int64(9), np.int64(40), np.int64(40), np.int64(22), np.int64(26), np.int64(31), np.int64(26), np.int64(7), np.int64(48), np.int64(38), np.int64(51), np.int64(19), np.int64(22), np.int64(41), np.int64(22), np.int64(29), np.int64(19), np.int64(62), np.int64(59), np.int64(36), np.int64(12), np.int64(13), np.int64(28), np.int64(13), np.int64(53), np.int64(51), np.int64(2), np.int64(50), np.int64(11), np.int64(42), np.int64(55), np.int64(7), np.int64(25), np.int64(2), np.int64(45), np.int64(2), np.int64(56), np.int64(8), np.int64(28), np.int64(17), np.int64(39), np.int64(51), np.int64(52), np.int64(33)]",False,False,0.0,0.0,"[55  8 21  8  8 21 50  3  8  8  3 39  1 42  8 14  8 14  3 14 55  8 14  1
 14  4  8 16 36 50  1 14 42 36 21  4  8  4 42  8 14 50  8 21  3  9 16  1
  1 63  8 63 50  4 42  8 50 39 16 36  9  6 39  8]","[14  8 21  8  8 14 50 50  8  8 21  1 42 50  8 14  8 63 36  3 14  8 14 63
 42  4  8 50 14 50  1 14  1  1 26 63  8  3 14  8 39  1  8 21  3 42 39 39
 42 63  8  9 63  4 42  8 50 39  3 36  9 38 42  8]",True,True,1.0,1.0,"[ 3  8  1  8  8 14 50  4  8  8  3  1  1  1  8 14  8 14  1  3 14  8 14  1
  3  4  8 16 14 26  1 16  1  1 21  4  8  4  1  8  3  1  8  9  3  9 16  1
  1 14  8  9 39  4 26  8  3  4  3  4  3  6  1  8]","[14  8 21  8  8 39 50 50  8  8  3 36  1 50  8 39  8 63 36 14 14  8 50  1
 39  4  8 50 36 50 14 36 42 36 21 50  8 14 50  8 50 50  8  9  4 50 39 39
 36 63  8 63 39  4 39  8 50 55  4 21  9 52  1  8]",True,True,1.0,1.0
[0 1 0 ... 0 1 0],15,"[55 18 59 14 15 42 15 46 27 16 46 46 46 63 15 15 15  4 15 44 14 27 23 15
 63  6 63 15 59  6  6 15 59 14 59  6 59 63 55 27 27 14 15 55 15 18 15 14
  6 55 42 42 44 55  6 15 55 15 57 15 63 27 16 15]","[ 4 18 44 31 15 42 15  4 14 23 46 18  4 27 15 15 15 57 15 44  6 27 57 15
 16  6 27 15 59  6 18 15 59 14 46 44 59 57  6  6 16  4 15 55 15 18 15  6
  6 23 18 42 42 55 63 15 59 15 63 15 23  4 16 15]",True,True,1.0,1.0,"[np.int64(0), np.int64(11), np.int64(38), np.int64(55), np.int64(25), np.int64(57), np.int64(34), np.int64(29), np.int64(61), np.int64(61), np.int64(20), np.int64(3), np.int64(55), np.int64(37), np.int64(17), np.int64(6), np.int64(39), np.int64(51), np.int64(8), np.int64(42), np.int64(21), np.int64(50), np.int64(9), np.int64(57), np.int64(10), np.int64(12), np.int64(29), np.int64(2), np.int64(29), np.int64(46), np.int64(18), np.int64(34), np.int64(56), np.int64(50), np.int64(57), np.int64(11), np.int64(62), np.int64(50), np.int64(31), np.int64(7), np.int64(1), np.int64(36), np.int64(24), np.int64(15), np.int64(3), np.int64(55), np.int64(2), np.int64(19), np.int64(56), np.int64(29), np.int64(20), np.int64(63), np.int64(35), np.int64(29), np.int64(25), np.int64(19), np.int64(60), np.int64(44), np.int64(54), np.int64(18), np.int64(55), np.int64(5), np.int64(20), np.int64(59)]","[np.int64(53), np.int64(44), np.int64(6), np.int64(62), np.int64(21), np.int64(11), np.int64(28), np.int64(31), np.int64(25), np.int64(50), np.int64(12), np.int64(60), np.int64(3), np.int64(22), np.int64(47), np.int64(43), np.int64(6), np.int64(41), np.int64(10), np.int64(10), np.int64(49), np.int64(32), np.int64(43), np.int64(26), np.int64(31), np.int64(2), np.int64(62), np.int64(39), np.int64(40), np.int64(0), np.int64(1), np.int64(12), np.int64(23), np.int64(14), np.int64(34), np.int64(30), np.int64(5), np.int64(15), np.int64(60), np.int64(7), np.int64(9), np.int64(14), np.int64(53), np.int64(57), np.int64(10), np.int64(22), np.int64(56), np.int64(8), np.int64(14), np.int64(21), np.int64(1), np.int64(18), np.int64(11), np.int64(22), np.int64(63), np.int64(10), np.int64(15), np.int64(50), np.int64(43), np.int64(21), np.int64(1), np.int64(23), np.int64(15), np.int64(13)]",False,False,0.0,0.0,"[ 4 18 44 31 15 57 15 16 27 23 46 31  4 27 15 15 15 14 15 14 14 27 57 15
 59  6 27 15  4  6 23 15  4 27 46  4 59 57 44 57 16 23 15 18 15 18 15 46
 55 55 16 63 44 42 31 15  6 15 23 15 23  4 46 15]","[63 42 46 14 15 57 15 27 27 23 31 31 42 44 15 15 15 57 15 42 14 27 23 15
 16  6 59 15 16 63  6 15  4 14 46 44 59 57 59 44 27  4 15 59 15 18 15 57
 57 14 42 63 27 55  6 15 42 15 57 15 23  4 46 15]",True,True,1.0,1.0,"[ 4 18 14 14 15  4 15  4 14  4 31 18  4 27 15 15 15  4 15 14  6 27 23 15
 16  6 16 15  4  6  6 15  4 14 46  4 59 16  6  6 16  4 15  4 15 18 15  4
  6  6 16 42 27 42  6 15  6 15 23 15  6  4 16 15]","[ 4 42 44 14 15 42 15  4 14 23 46 59  4 44 15 15 15 14 15 14 14 27 57 15
 16  6 27 15  4  6  6 15  4 14 59 57 59 57 44 57 16 14 15  4 15 18 15 14
  6  6 23 42 42 42 63 15 42 15 42 15  6  4 16 15]",True,True,1.0,1.0
[1 0 0 ... 0 0 1],63,"[40 23 18 37 63 37 11 63 63 63 23 63 63 48 56 17 40  9 63 55 11  7 63 63
 38 63 25  9 63 56 12 11 11 11  7 48 23 63 63  4 63 57 37 60 60  8 38 28
 63 23  8 37  4 57  9 63 63 63 48 23 63 38 40 63]","[57  4 48 25 63  9 38 63 63 63 28 63 63  7 60 34 40 57 63 57 11 56 63 63
 22 63 48 48 63 22 12 48 11  7 25 40 56 63 63 38 63 38 25 25 55 25 38 28
 63 37 40 55 23 57 37 63 63 63 56 55 63  7 22 63]",True,True,1.0,1.0,"[np.int64(22), np.int64(24), np.int64(6), np.int64(45), np.int64(32), np.int64(63), np.int64(42), np.int64(48), np.int64(15), np.int64(45), np.int64(61), np.int64(59), np.int64(38), np.int64(40), np.int64(13), np.int64(13), np.int64(36), np.int64(0), np.int64(22), np.int64(62), np.int64(27), np.int64(30), np.int64(23), np.int64(53), np.int64(16), np.int64(24), np.int64(13), np.int64(34), np.int64(45), np.int64(27), np.int64(25), np.int64(23), np.int64(18), np.int64(45), np.int64(5), np.int64(20), np.int64(6), np.int64(58), np.int64(51), np.int64(47), np.int64(53), np.int64(37), np.int64(29), np.int64(39), np.int64(41), np.int64(40), np.int64(43), np.int64(62), np.int64(29), np.int64(42), np.int64(21), np.int64(6), np.int64(47), np.int64(3), np.int64(22), np.int64(15), np.int64(0), np.int64(41), np.int64(33), np.int64(32), np.int64(59), np.int64(22), np.int64(9), np.int64(36)]","[np.int64(48), np.int64(30), np.int64(14), np.int64(30), np.int64(39), np.int64(13), np.int64(31), np.int64(53), np.int64(39), np.int64(61), np.int64(16), np.int64(54), np.int64(35), np.int64(8), np.int64(7), np.int64(61), np.int64(16), np.int64(0), np.int64(41), np.int64(44), np.int64(3), np.int64(48), np.int64(7), np.int64(42), np.int64(4), np.int64(58), np.int64(4), np.int64(42), np.int64(23), np.int64(43), np.int64(63), np.int64(47), np.int64(22), np.int64(35), np.int64(27), np.int64(45), np.int64(56), np.int64(54), np.int64(42), np.int64(1), np.int64(11), np.int64(52), np.int64(16), np.int64(26), np.int64(27), np.int64(14), np.int64(27), np.int64(59), np.int64(52), np.int64(58), np.int64(43), np.int64(38), np.int64(3), np.int64(26), np.int64(52), np.int64(7), np.int64(43), np.int64(47), np.int64(55), np.int64(31), np.int64(61), np.int64(38), np.int64(52), np.int64(45)]",False,False,0.0,0.0,"[57  4 60 60 63  9 18 63 63 63 28 63 63 37 48 45 22  7 63  9  8  7 63 63
 38 63 18 55 63 37 23 12 60 40 25 23 37 63 63 57 63 57 60 60  7 25 22 55
 63 37 22 11  9 57  8 63 63 63 48 55 63  8 40 63]","[57  7 60 25 63  9  4 63 63 63 28 63 63 48 48 45 12  9 63 12 48 28 63 63
 25 63  4  9 63 18 12 48 11 48  7 40 11 63 63 38 63 57 37  8 28  4 38  9
 63 23  8 38  7  4  8 63 63 63 48  7 63 38 22 63]",True,True,1.0,1.0,"[ 8  7  8  9 63  9  7 63 63 63 28 63 63  7 18  0 12  9 63  9  8  9 63 63
  7 63  7  9 63  9 12  4 11  7  7 18 11 63 63  4 63 25  8  7 11  8 18  9
 63 23  8  9  7  4  8 63 63 63 37  7 63  7 22 63]","[57  7 48 60 63  9 11 63 63 63 23 63 63 25 48 33 12  7 63 38 48 56 63 63
  7 63 48 48 63 22 48 48 57 48 25 48 11 63 63 38 63 38 60 57  7  4 38 55
 63 23 22 11  7  4 38 63 63 63 48  7 63  7 22 63]",True,True,1.0,1.0
[0 1 0 ... 0 1 0],58,"[29 58 29 31 33 29 31 58 33 44 29 12 58 29 58 58 14 58  7 44 44 58 51 17
 33 58 31 17 44 58 15 58  1 58 33 51 29 33 15 17  7 25 51 29 58 15 31 58
 47 55 29 58 33  7 14 58 44 44 58 12 47 44 47 17]","[15 58 29 31  1  1  7 58 17 17 55 12 58 21 58 58 12 58 25 44 44 58 51 29
 21 58 31  1  7 58 15 58 51 58 14 47 14  7 14 51 25 47 14 47 58 33 14 58
  1 51 14 58 47  1 14 58 44 15 58 12 15 44 29 44]",True,True,1.0,1.0,"[np.int64(9), np.int64(37), np.int64(51), np.int64(31), np.int64(6), np.int64(62), np.int64(51), np.int64(17), np.int64(17), np.int64(56), np.int64(42), np.int64(19), np.int64(12), np.int64(16), np.int64(6), np.int64(49), np.int64(23), np.int64(33), np.int64(52), np.int64(30), np.int64(13), np.int64(12), np.int64(7), np.int64(5), np.int64(16), np.int64(2), np.int64(24), np.int64(61), np.int64(20), np.int64(49), np.int64(32), np.int64(57), np.int64(24), np.int64(34), np.int64(51), np.int64(31), np.int64(58), np.int64(34), np.int64(34), np.int64(56), np.int64(8), np.int64(40), np.int64(25), np.int64(53), np.int64(26), np.int64(17), np.int64(49), np.int64(41), np.int64(23), np.int64(3), np.int64(20), np.int64(15), np.int64(32), np.int64(47), np.int64(46), np.int64(5), np.int64(22), np.int64(38), np.int64(40), np.int64(34), np.int64(1), np.int64(27), np.int64(58), np.int64(48)]","[np.int64(21), np.int64(13), np.int64(61), np.int64(25), np.int64(29), np.int64(6), np.int64(41), np.int64(2), np.int64(36), np.int64(55), np.int64(22), np.int64(53), np.int64(28), np.int64(49), np.int64(58), np.int64(19), np.int64(15), np.int64(46), np.int64(3), np.int64(40), np.int64(3), np.int64(10), np.int64(57), np.int64(31), np.int64(61), np.int64(21), np.int64(20), np.int64(59), np.int64(35), np.int64(56), np.int64(31), np.int64(49), np.int64(27), np.int64(32), np.int64(45), np.int64(33), np.int64(51), np.int64(10), np.int64(57), np.int64(52), np.int64(15), np.int64(32), np.int64(23), np.int64(40), np.int64(60), np.int64(18), np.int64(37), np.int64(23), np.int64(59), np.int64(29), np.int64(4), np.int64(60), np.int64(57), np.int64(16), np.int64(52), np.int64(27), np.int64(7), np.int64(62), np.int64(18), np.int64(12), np.int64(38), np.int64(45), np.int64(60), np.int64(48)]",False,False,0.0,0.0,"[47 58 31 14  1 21 29 58 21 44 29 51 58 17 58 58 17 58 25  7 47 58 51 29
 33 58 31 14  7 58 15 58  1 58 51 31 44  7 14 47  7 44 51 29 58 33 31 58
 33  1  1 58 55 14 15 58 44 21 58 12  7 51 14 21]","[29 58 29 15 33  1 31 58 21 17 47 12 58 14 58 58 12 58 21  7 47 58 25 12
 44 58 31 25 55 58 25 58  1 58 31 51 31  7  7 31  7 47 47 21 58 47 47 58
 55 51 51 58 47  1 14 58 14 21 58 12 51 44 47 17]",True,True,1.0,1.0,"[ 1 58  1  7  1  1  7 58 15 17 29 12 58  7 58 58 12 58  7  1 44 58 15 12
 21 58  7  1  7 58 15 58  1 58 14 31  7  7  7 12  7 25  1 14 58 15 14 58
  1  1  1 58 33  1 14 58  7 15 58 12  1 44 14  7]","[47 58 29  7 33 29  7 58 21 44 47 12 58 21 58 58 47 58 21  7 44 58 25 29
 21 58 31 55  7 58 15 58  1 58 31 47 31  7  7 47 21 47 47 21 58 47 47 58
 47 21 55 58 47  1 15 58  7 21 58 12  1 47 47 21]",True,True,1.0,1.0
[0 0 0 ... 0 1 0],40,"[40 50 12 43 50 28 53 43 12 45 62 50 40 53 43 23 57 23 28 63 50 40 24 40
 40 53 58 62 40 23 58 51 24 51 39 39 43 58 53 40 40 21 57 40 50 40 21 57
 21 12 40 40 62 40 45 23 51 40 40 50 40 24 40 40]","[40 53 60 12 43 60 57 43 12 28 12 50 40 43 12 53 57 62  0 63 60 40 62 40
 40 53 58 51 40 63 58 53 21 12 43 57 51 51 39 40 40 58 50 40 50 40 50 57
 45 60 40 40 58 40 43 12 12 40 40 50 40 24 40 40]",True,True,1.0,1.0,"[np.int64(34), np.int64(21), np.int64(5), np.int64(58), np.int64(25), np.int64(18), np.int64(6), np.int64(45), np.int64(34), np.int64(12), np.int64(44), np.int64(20), np.int64(36), np.int64(7), np.int64(9), np.int64(49), np.int64(8), np.int64(36), np.int64(6), np.int64(56), np.int64(17), np.int64(55), np.int64(5), np.int64(36), np.int64(18), np.int64(2), np.int64(51), np.int64(6), np.int64(24), np.int64(58), np.int64(29), np.int64(60), np.int64(18), np.int64(8), np.int64(51), np.int64(24), np.int64(30), np.int64(39), np.int64(37), np.int64(39), np.int64(2), np.int64(23), np.int64(41), np.int64(51), np.int64(14), np.int64(5), np.int64(20), np.int64(15), np.int64(10), np.int64(54), np.int64(20), np.int64(16), np.int64(46), np.int64(6), np.int64(29), np.int64(0), np.int64(9), np.int64(15), np.int64(59), np.int64(43), np.int64(13), np.int64(62), np.int64(62), np.int64(7)]","[np.int64(4), np.int64(16), np.int64(28), np.int64(50), np.int64(8), np.int64(39), np.int64(2), np.int64(56), np.int64(35), np.int64(51), np.int64(39), np.int64(60), np.int64(13), np.int64(21), np.int64(18), np.int64(0), np.int64(1), np.int64(55), np.int64(13), np.int64(40), np.int64(53), np.int64(1), np.int64(50), np.int64(25), np.int64(6), np.int64(58), np.int64(14), np.int64(8), np.int64(14), np.int64(3), np.int64(54), np.int64(36), np.int64(47), np.int64(36), np.int64(8), np.int64(17), np.int64(30), np.int64(57), np.int64(51), np.int64(36), np.int64(30), np.int64(40), np.int64(25), np.int64(7), np.int64(41), np.int64(30), np.int64(6), np.int64(59), np.int64(56), np.int64(15), np.int64(30), np.int64(10), np.int64(42), np.int64(60), np.int64(8), np.int64(3), np.int64(59), np.int64(28), np.int64(48), np.int64(55), np.int64(0), np.int64(50), np.int64(26), np.int64(58)]",False,False,0.0,0.0,"[40 50 12 50 60 45 51 45 53 43 45 62 40 53 12 53 45 23  0 63 50 40 57 40
 40 45 50 51 40 62 28 24  0 12 39 39 62 58 39 40 40 21 51 40 50 40 50 57
 21 60 40 40 58 40 43 23 51 40 40 50 40 24 40 40]","[40 24 60 63 45 60 50 43 53 45 12 39 40 58 12 23 45 21 23 63 50 40 57 40
 40 45 50 21 40 23  0 57 62 12 43 50 60 51 53 40 40 58 51 40 50 40 50 57
 21 28 40 40 58 40 23 12 28 40 40 50 40 28 40 40]",True,True,1.0,1.0,"[40 24 12 12 24 28 24 51  0 28 12 23 40 12 12  0 21 21  0 63 50 40 24 40
 40 28 50 21 40 12  0 24  0 12 39 24 23 51 39 40 40  0 28 40 45 40  0 43
 21 12 40 40 58 40  0  0 12 40 40 21 40 23 40 40]","[40 50 60 12 50 28 50 45 12 45 12 39 40 12 39 53 21 21 60 63 50 40 57 40
 40 45 50 21 40 12 58 45 51 12 39 39 50 51 50 40 40  0 50 40 45 40 50 57
 21 60 40 40 58 40 50  0 63 40 40 50 40 39 40 40]",True,True,1.0,1.0
[0 0 0 ... 0 0 0],23,"[23 23 62 23  1 52 18 29 29 55  1 17 18 40 62 18 49 23 23 62  0 49 23 23
 42 28 49 18 23 23  0 42 17 49 42  3 40 42  1 22 23 55 23 62  1 34 17 40
  0 23  0  1 23 62 40 23 17 42 28 22 22  0 23 40]","[23 23 62 23  1  1  1 29  3 55  1 17 18 40 62 29 29 23 23 62 22  1 23 23
 22 28 40 17 23 23 42 42 17 49 42  3 17 22 28 22 23  1 23 28  1 60 49 49
  0 23  0 22 23 22 40 23 17 49 17 22 40  0 23  3]",True,True,1.0,1.0,"[np.int64(58), np.int64(6), np.int64(26), np.int64(41), np.int64(35), np.int64(10), np.int64(9), np.int64(50), np.int64(62), np.int64(9), np.int64(27), np.int64(32), np.int64(19), np.int64(26), np.int64(50), np.int64(20), np.int64(18), np.int64(14), np.int64(45), np.int64(33), np.int64(54), np.int64(6), np.int64(7), np.int64(29), np.int64(50), np.int64(2), np.int64(43), np.int64(32), np.int64(33), np.int64(11), np.int64(3), np.int64(37), np.int64(41), np.int64(18), np.int64(53), np.int64(8), np.int64(23), np.int64(52), np.int64(45), np.int64(43), np.int64(58), np.int64(56), np.int64(47), np.int64(46), np.int64(49), np.int64(21), np.int64(59), np.int64(29), np.int64(30), np.int64(38), np.int64(28), np.int64(12), np.int64(60), np.int64(52), np.int64(17), np.int64(54), np.int64(14), np.int64(15), np.int64(36), np.int64(41), np.int64(37), np.int64(55), np.int64(54), np.int64(34)]","[np.int64(24), np.int64(55), np.int64(9), np.int64(34), np.int64(62), np.int64(45), np.int64(50), np.int64(16), np.int64(14), np.int64(19), np.int64(58), np.int64(16), np.int64(29), np.int64(37), np.int64(28), np.int64(39), np.int64(2), np.int64(34), np.int64(23), np.int64(3), np.int64(24), np.int64(13), np.int64(49), np.int64(7), np.int64(39), np.int64(7), np.int64(35), np.int64(9), np.int64(12), np.int64(46), np.int64(56), np.int64(28), np.int64(38), np.int64(27), np.int64(16), np.int64(7), np.int64(14), np.int64(26), np.int64(21), np.int64(49), np.int64(62), np.int64(36), np.int64(14), np.int64(34), np.int64(40), np.int64(0), np.int64(11), np.int64(2), np.int64(4), np.int64(20), np.int64(12), np.int64(42), np.int64(49), np.int64(52), np.int64(62), np.int64(26), np.int64(8), np.int64(35), np.int64(55), np.int64(15), np.int64(39), np.int64(27), np.int64(38), np.int64(7)]",False,False,0.0,0.0,"[23 23 28 23 17 62  1 22 29 40 55  0 18 40 62 17  0 23 23  3 22  1 23 23
 22 28 40 17 23 23 28 42 28 49 42 22 17 42 62  1 23  1 23  3 52  2 42 49
  0 23 40 28 23 22 49 23 29 49 17 18 17  0 23 29]","[23 23  3 23 28 18 49 29 29 55 40 17  3 40 62 29 29 23 23 29  0 40 23 23
 22 28 28 17 23 23  0 42 28 49 42  3 18 22 40 28 23  3 23 17 29 21 42 55
  0 23  0 28 23 22 40 23 28 55 17 22 22  0 23  0]",True,True,1.0,1.0,"[23 23  3 23  0  1  0 22  3  0  1  0  3 40  1 17  0 23 23  3  0  1 23 23
 22 28 17 17 23 23  0 42  1 49 22  3 17 22  1  1 23  1 23  0  1  2 17 40
  0 23  0  0 23 22 40 23 17  3 17 22 17  0 23  0]","[23 23 28 23 28 18 28 29 29 40  1 28  3 40 49 28  0 23 23 29  3 40 23 23
 22 28 28 18 23 23 28 42 28 49 22 22 18 22 28 28 23  1 23 28 29 60 42 40
 42 23 40 28 23 22 40 23 28 42 28 22 28  0 23 29]",True,True,1.0,1.0
[1 0 0 ... 1 0 0],32,"[32 32 12 49 61 25 32 12 51 19 62 32 32  0 32 29 19 35 56 32 25 11 53 32
 42 32 53 42 14 32 35 32 32 32 47 32 32 36 49 32 56 29 32  6 61 11 39 32
 54 32 56 32 25 32 32 19 32 51 35 53 54 32 32 14]","[32 32  6 23 12 33 32  6 51 35  1 32 32 49 32 54 19 25 36 32 62 35 53 32
 25 32 23 53 54 32 33 32 32 32 39 32 32 29 54 32  1 47 32  6 47 35 53 32
 33 32 56 32 47 32 32 23 32 47 39 19 47 32 32 14]",True,True,1.0,1.0,"[np.int64(41), np.int64(5), np.int64(5), np.int64(23), np.int64(52), np.int64(57), np.int64(29), np.int64(58), np.int64(49), np.int64(48), np.int64(48), np.int64(22), np.int64(8), np.int64(19), np.int64(19), np.int64(47), np.int64(18), np.int64(51), np.int64(31), np.int64(6), np.int64(59), np.int64(59), np.int64(12), np.int64(9), np.int64(30), np.int64(38), np.int64(51), np.int64(19), np.int64(63), np.int64(1), np.int64(10), np.int64(55), np.int64(29), np.int64(30), np.int64(16), np.int64(33), np.int64(48), np.int64(30), np.int64(34), np.int64(56), np.int64(16), np.int64(52), np.int64(53), np.int64(8), np.int64(2), np.int64(55), np.int64(22), np.int64(37), np.int64(50), np.int64(3), np.int64(34), np.int64(54), np.int64(59), np.int64(48), np.int64(43), np.int64(48), np.int64(48), np.int64(14), np.int64(32), np.int64(32), np.int64(32), np.int64(22), np.int64(35), np.int64(24)]","[np.int64(53), np.int64(44), np.int64(27), np.int64(29), np.int64(48), np.int64(14), np.int64(49), np.int64(10), np.int64(28), np.int64(28), np.int64(25), np.int64(37), np.int64(6), np.int64(56), np.int64(36), np.int64(28), np.int64(13), np.int64(3), np.int64(38), np.int64(21), np.int64(22), np.int64(26), np.int64(41), np.int64(35), np.int64(26), np.int64(2), np.int64(39), np.int64(16), np.int64(61), np.int64(7), np.int64(62), np.int64(21), np.int64(4), np.int64(31), np.int64(48), np.int64(13), np.int64(3), np.int64(57), np.int64(2), np.int64(39), np.int64(53), np.int64(57), np.int64(53), np.int64(0), np.int64(19), np.int64(60), np.int64(62), np.int64(6), np.int64(38), np.int64(52), np.int64(55), np.int64(40), np.int64(9), np.int64(11), np.int64(51), np.int64(26), np.int64(11), np.int64(60), np.int64(35), np.int64(39), np.int64(58), np.int64(4), np.int64(0), np.int64(10)]",False,False,0.0,0.0,"[32 32 42 31 36 61 32 29 49 19 62 32 32  0 32 42 19 56 12 32 39 61 51 32
 29 32 53 53 39 32 35 32 32 32 31 32 32 56  0 32  1 14 32 33 54 35 35 32
 36 32 49 32 61 32 32 19 32 31 35 11 54 32 32 49]","[32 32 12 54 61 25 32 12 33 35 36 32 32 47 32 11 31  6 29 32 39 61 49 32
 14 32 53 53 14 32 33 32 32 32 61 32 32 33 25 32 47 47 32 51 47 11 35 32
 36 32 33 32 47 32 32 19 32 62 36 11 47 32 32 36]",True,True,1.0,1.0,"[32 32  6 23  1 11 32  6 33  6  1 32 32  0 32  1 19  0  1 32 14  0  6 32
 14 32 23 42  1 32  1 32 32 32 12 32 32  6  0 32  1  0 32  6  1 11  0 32
 19 32 33 32 14 32 32  6 32 14 35 11 14 32 32 14]","[32 32 12 29 36 47 32 12 36  6 36 32 32 47 32 54 23  6 36 32 62 23 12 32
 25 32 53 53 47 32 33 32 32 32 47 32 32 33  0 32  1 47 32 12 47 35 53 32
 33 32 33 32 47 32 32 47 32 47 36 53 47 32 32 36]",True,True,1.0,1.0
