As,Argmax_Model_Trees,Argmax_True_Trees,Argmax_Model_Mask,Argmax_True_Mask,Argmax_Model_Accuracy,Argmax_True_Accuracy,Random_Model_Trees,Random_True_Trees,Random_Model_Mask,Random_True_Mask,Random_Model_Accuracy,Random_True_Accuracy,Tree_Model_Trees,Tree_True_Trees,Tree_Model_Mask,Tree_True_Mask,Tree_Model_Accuracy,Tree_True_Accuracy,Greedy_Model_Trees,Greedy_True_Trees,Greedy_Model_Mask,Greedy_True_Mask,Greedy_Model_Accuracy,Greedy_True_Accuracy,Argmax_Model_Uniques,Argmax_Model_Valids_Uniques,Argmax_Model_Valids,Argmax_Model_Unique_Counts,Argmax_Model_Valid_Unique_Counts,Argmax_Model_Valid_Counts,Argmax_True_Uniques,Argmax_True_Valids_Uniques,Argmax_True_Valids,Argmax_True_Unique_Counts,Argmax_True_Valid_Unique_Counts,Argmax_True_Valid_Counts,Random_Model_Uniques,Random_Model_Valids_Uniques,Random_Model_Valids,Random_Model_Unique_Counts,Random_Model_Valid_Unique_Counts,Random_Model_Valid_Counts,Random_True_Uniques,Random_True_Valids_Uniques,Random_True_Valids,Random_True_Unique_Counts,Random_True_Valid_Unique_Counts,Random_True_Valid_Counts,Tree_Model_Uniques,Tree_Model_Valids_Uniques,Tree_Model_Valids,Tree_Model_Unique_Counts,Tree_Model_Valid_Unique_Counts,Tree_Model_Valid_Counts,Tree_True_Uniques,Tree_True_Valids_Uniques,Tree_True_Valids,Tree_True_Unique_Counts,Tree_True_Valid_Unique_Counts,Tree_True_Valid_Counts,Greedy_Model_Uniques,Greedy_Model_Valids_Uniques,Greedy_Model_Valids,Greedy_Model_Unique_Counts,Greedy_Model_Valid_Unique_Counts,Greedy_Model_Valid_Counts,Greedy_True_Uniques,Greedy_True_Valids_Uniques,Greedy_True_Valids,Greedy_True_Unique_Counts,Greedy_True_Valid_Unique_Counts,Greedy_True_Valid_Counts
[0.500999   0.         0.         ... 0.         0.         1.00049988],"[16  8 46 63 63 49 62 27 43 20 20  0 36 34  3 59 37 58 52 62 39 38 61 15
  8 62 27 39 21 58 51  1 59 33 51 52 62 43 44 33 43  0 45 33 33 29 17 38
 61 44 16 33 51 18  8  1 29  1 51 43 26  6 39 51]","[16  8 46 27 49 49 62 19 43 20 20  0 36 34  3 59 37 58 52 62 39 38 12 15
  8 62 27 39 21 58 51  1 59 33 43 38 62 43 44 33 43  0 45 33 33 29 17 38
 61 44 16 33 51  7  8  1  7  1 51 43 26  6 39 51]",True,True,0.859375,0.859375,"[np.int64(48), np.int64(48), np.int64(1), np.int64(11), np.int64(45), np.int64(33), np.int64(37), np.int64(51), np.int64(23), np.int64(44), np.int64(5), np.int64(27), np.int64(40), np.int64(47), np.int64(12), np.int64(3), np.int64(58), np.int64(23), np.int64(42), np.int64(15), np.int64(51), np.int64(7), np.int64(32), np.int64(9), np.int64(1), np.int64(32), np.int64(10), np.int64(28), np.int64(27), np.int64(59), np.int64(2), np.int64(2), np.int64(13), np.int64(5), np.int64(24), np.int64(51), np.int64(40), np.int64(55), np.int64(13), np.int64(22), np.int64(37), np.int64(47), np.int64(25), np.int64(8), np.int64(8), np.int64(45), np.int64(40), np.int64(46), np.int64(50), np.int64(47), np.int64(26), np.int64(14), np.int64(19), np.int64(25), np.int64(39), np.int64(20), np.int64(27), np.int64(7), np.int64(10), np.int64(10), np.int64(48), np.int64(46), np.int64(4), np.int64(25)]","[np.int64(33), np.int64(14), np.int64(3), np.int64(34), np.int64(9), np.int64(43), np.int64(19), np.int64(19), np.int64(38), np.int64(38), np.int64(37), np.int64(49), np.int64(6), np.int64(3), np.int64(41), np.int64(36), np.int64(56), np.int64(57), np.int64(32), np.int64(12), np.int64(5), np.int64(29), np.int64(62), np.int64(27), np.int64(59), np.int64(18), np.int64(6), np.int64(60), np.int64(0), np.int64(51), np.int64(53), np.int64(32), np.int64(5), np.int64(45), np.int64(30), np.int64(1), np.int64(41), np.int64(16), np.int64(10), np.int64(36), np.int64(29), np.int64(61), np.int64(1), np.int64(0), np.int64(1), np.int64(59), np.int64(57), np.int64(0), np.int64(32), np.int64(5), np.int64(15), np.int64(20), np.int64(17), np.int64(37), np.int64(51), np.int64(37), np.int64(62), np.int64(2), np.int64(55), np.int64(59), np.int64(24), np.int64(20), np.int64(18), np.int64(59)]",False,False,0.0,0.0,"[61  8 46 30 63 49 16  5 30 16 20  0 18 34 16  8 37 58 49 49 39 38 12 15
 30 62 27 39 21 30 51  1 16 33 51 52 62 43 44 33 52  0 45 33 33 32 17 38
 61 44 16 33 51  7  8 10 29  1 51 43 26  6 39 51]","[61  8 46 27 49 49 17 27 43  8 20  0 22 34  3 56 37 58 49 49 39 38 61 15
  8 62 27 39 21 58 27 60  3 33 43 52 62 43 44 33 43  0 60 33 33 32 17 38
 61 44 16 33 51 46  8  1 29  1 43 43 26 54 39 20]",True,True,0.8125,0.9375,"[61  8 46 63 63 49 15 26 43 20 20 14 36 34 16 19  9 56 54  7 39 38 61 15
  8  8 27 39 21 58 51  1 45 33 51 38 62 43 44 33 52  0 60 33 33 29 53 38
 61 19 16 33 51  7  8  1 15  1 43 43 26 54 19 51]","[16  8 46 27 63 49 61 27 43  8 20  0 50 35 15  8 37 58 12 15 63 38 61 15
  8  8  7 30 21 30 51  1 59 33 51 38 62 34 35 33 43  0 60 33 33 32 17 38
 61 44 12 33 51 46  8 10 32  2 51 43 26  6 39 51]",True,False,0.140625,0.09375,0.04,1.0,1.0,1,1,25,0.04,1.0,1.0,1,1,25,1.0,0.0,0.0,25,0,0,1.0,0.0,0.0,25,0,0,1.0,0.96,0.96,25,24,24,1.0,1.0,1.0,25,25,25,1.0,0.2,0.2,25,5,5,1.0,0.12,0.12,25,3,3
[0.500999 0.       0.       ... 0.       0.       0.500999],"[22 50 11 19 41 49 11 31 63 46 56 11 49 59 23 36 52 60 24 20 44 52  6 45
 52 52 63 25 15 52 58 13 45 58 58 56 59 11 61 63 52 42 59 24  6  2 22 63
 22  2 52 45  2 11 36 52 45 36 13 11 50 22 41 42]","[22 26 11 19 58 49 11 31 24 47  0 11 16 59 23 36 52 60 24 20 45 52  6 45
 52 52 63 26 20 52 58 13 45 58 58 56 59 11 61 63 52 42 59 24  6  2 22 32
 22  2 52 45  2 11 36 52 45 36 13 11 23 22  0 42]",True,True,0.859375,0.859375,"[np.int64(35), np.int64(50), np.int64(57), np.int64(58), np.int64(62), np.int64(45), np.int64(21), np.int64(38), np.int64(42), np.int64(13), np.int64(24), np.int64(63), np.int64(41), np.int64(63), np.int64(23), np.int64(54), np.int64(5), np.int64(58), np.int64(63), np.int64(15), np.int64(34), np.int64(63), np.int64(57), np.int64(15), np.int64(48), np.int64(39), np.int64(17), np.int64(44), np.int64(49), np.int64(2), np.int64(55), np.int64(5), np.int64(20), np.int64(33), np.int64(53), np.int64(17), np.int64(42), np.int64(7), np.int64(40), np.int64(44), np.int64(13), np.int64(63), np.int64(47), np.int64(9), np.int64(11), np.int64(7), np.int64(38), np.int64(13), np.int64(53), np.int64(3), np.int64(25), np.int64(21), np.int64(57), np.int64(56), np.int64(33), np.int64(51), np.int64(44), np.int64(31), np.int64(49), np.int64(41), np.int64(22), np.int64(20), np.int64(40), np.int64(44)]","[np.int64(19), np.int64(30), np.int64(37), np.int64(1), np.int64(25), np.int64(37), np.int64(44), np.int64(24), np.int64(15), np.int64(14), np.int64(10), np.int64(19), np.int64(7), np.int64(42), np.int64(29), np.int64(29), np.int64(48), np.int64(18), np.int64(58), np.int64(22), np.int64(4), np.int64(0), np.int64(43), np.int64(38), np.int64(31), np.int64(22), np.int64(26), np.int64(17), np.int64(34), np.int64(21), np.int64(36), np.int64(12), np.int64(16), np.int64(37), np.int64(26), np.int64(3), np.int64(1), np.int64(27), np.int64(32), np.int64(44), np.int64(18), np.int64(22), np.int64(42), np.int64(41), np.int64(14), np.int64(23), np.int64(55), np.int64(40), np.int64(33), np.int64(5), np.int64(41), np.int64(5), np.int64(31), np.int64(42), np.int64(47), np.int64(3), np.int64(25), np.int64(39), np.int64(41), np.int64(14), np.int64(42), np.int64(58), np.int64(2), np.int64(14)]",False,False,0.0,0.0,"[40 47 11 19 63 49 11 20 24  4 56 11 49 59 23 28 52 60 47 20 41 41  6 45
 52 52  1 25 30 61  1 45 45 58 26 56 59 11 61 63 57 42 59 62  6  2 22 63
 22  2 52 45  2 11 36 40 45 36 13 11 21 22 39 42]","[22 28 11 19 63 49 11 20 29 46 56 11 49 59 33 36 12 60 62 20 41 52  6 54
 52 52 34 26 30 52 58 45 45 58 58 56 59 11 61 63  0 42 45 62  6  2 22 63
 22  2 52 45  2 11 36 52 45 36 13 11 47 29 41 42]",True,True,0.8125,0.9375,"[40 26 11 19 63 49 11 31 29 46  0 11 49 59 23 36 52 60 62 20 41 52  6 14
 52 52 54 25  1 52 58 45 45 14 58 56 59 11 61 62 57 42 59 24  6  2 22 60
 22  2  1 45 21 11 23 63 45 36 34 11 50 38 41 42]","[40 50 11 19 58 49 11 31 24 46 56 11 49 59 33 36 12 60 47 20 45 24 45 54
 40 52 54 26 20 52 28 45 45 58 26 60 57 11 61 60 52 42 59 24  6 31 22  9
 22  2 60 45 55 11 23 52 45 36 52 11 50 29  0 55]",False,False,0.140625,0.09375,0.04,1.0,1.0,1,1,25,0.04,1.0,1.0,1,1,25,1.0,0.0,0.0,25,0,0,1.0,0.0,0.0,25,0,0,1.0,0.96,0.96,25,24,24,1.0,1.0,1.0,25,25,25,1.0,0.08,0.08,25,2,2,1.0,0.08,0.08,25,2,2
[0.         0.         0.70781353 ... 0.70781353 0.         1.00049988],"[15 38 47 40 14 59 29 37 21 27 37 36 22 27 36 20 51 46 22 35 35 30 12 30
 35 25 31 12 27 12 46 32 36 51 43 22 32 38 37 37 12 43 21 12 22 62 62 61
 45 46 62 12 51  9 35 37  6 27 50 33 37 12 12 50]","[63 38 47 55  7 59 29 17 21 27 37 37 22 27 36 20 51 46 22 17 35 16 12 30
 35 25 31 12 27 12 46 16 31 51 43 22 32 22 37 37 12 17 21 12 22 62 22 17
 54 46 62 12 51  9 35 37 28 27 50 33 37 12 12 28]",False,False,0.859375,0.859375,"[np.int64(60), np.int64(19), np.int64(22), np.int64(0), np.int64(3), np.int64(9), np.int64(50), np.int64(46), np.int64(23), np.int64(10), np.int64(10), np.int64(39), np.int64(12), np.int64(27), np.int64(7), np.int64(0), np.int64(23), np.int64(25), np.int64(52), np.int64(19), np.int64(27), np.int64(20), np.int64(63), np.int64(26), np.int64(0), np.int64(62), np.int64(10), np.int64(50), np.int64(47), np.int64(58), np.int64(30), np.int64(30), np.int64(31), np.int64(33), np.int64(42), np.int64(3), np.int64(24), np.int64(28), np.int64(42), np.int64(5), np.int64(7), np.int64(23), np.int64(4), np.int64(26), np.int64(59), np.int64(1), np.int64(42), np.int64(0), np.int64(41), np.int64(36), np.int64(60), np.int64(36), np.int64(14), np.int64(45), np.int64(14), np.int64(25), np.int64(55), np.int64(53), np.int64(49), np.int64(11), np.int64(52), np.int64(63), np.int64(39), np.int64(1)]","[np.int64(29), np.int64(43), np.int64(20), np.int64(27), np.int64(53), np.int64(49), np.int64(56), np.int64(13), np.int64(5), np.int64(32), np.int64(50), np.int64(53), np.int64(30), np.int64(21), np.int64(7), np.int64(7), np.int64(8), np.int64(2), np.int64(19), np.int64(17), np.int64(15), np.int64(21), np.int64(17), np.int64(30), np.int64(2), np.int64(2), np.int64(19), np.int64(44), np.int64(33), np.int64(48), np.int64(38), np.int64(45), np.int64(40), np.int64(31), np.int64(3), np.int64(50), np.int64(7), np.int64(4), np.int64(9), np.int64(13), np.int64(6), np.int64(47), np.int64(63), np.int64(63), np.int64(54), np.int64(54), np.int64(31), np.int64(1), np.int64(3), np.int64(37), np.int64(61), np.int64(0), np.int64(55), np.int64(27), np.int64(30), np.int64(22), np.int64(54), np.int64(2), np.int64(17), np.int64(30), np.int64(49), np.int64(2), np.int64(23), np.int64(53)]",False,False,0.0,0.0,"[15 38 47 40 14 35 30 37 21 27 45 36 22 27 36 37 21 45 25 35 35 30 18 30
 16 25  9 12 21 11 25 32 11 51 43 22 25 39 25 11 12 45 21 12 22 40 62 17
 54  1 54 12 51 42 35 37  6 27 50 33 37 12 12 50]","[63 38 47 40 14 59 56  8 21 27 45 37 22 27 19  0 24 46 22 35 35 43 35 30
 35 25 31 12 27 12 46 44 11 51 43 25 11 22 37 14 12 17 21 12 22 62 22 61
 10 46 54 12 58  9 35 32 28 27 50 33 37 12 12 50]",False,True,0.8125,0.9375,"[63 38 47 40 14 59 29 10 21  6 45 36 29 27 36 20 24 45 22 35 43 45 44 30
 16 25 31 12 21 11 46 44 61 51 43 22 11 38 37 37 12 40 21 12 16 54 30 17
 45 46 54 12 51 26 35 37 60 27 50 33 28 12 46 50]","[63 49 47 45  7 59 29 37 21 27 40 29 62 27 36 57 51  7 22 14 35 16 35 30
 16 25 56 12 56 12 46 32 55 51 43 22 32 60  1 37 10 40 21 12 31 21 30 61
 54 46 63 12 39 42 44 32 28 27 50 33 28 12 12 50]",False,False,0.140625,0.09375,0.04,0.0,0.0,1,0,0,0.04,0.0,0.0,1,0,0,1.0,0.0,0.0,25,0,0,1.0,0.0,0.0,25,0,0,1.0,0.0,0.0,25,0,0,1.0,0.12,0.12,25,3,3,1.0,0.0,0.0,25,0,0,1.0,0.0,0.0,25,0,0
[0.500999 0.       0.       ... 0.       0.       0.      ],"[23 34 46 23  1 49 37 59  3 55 17 13 61 31 39 25 25 55  3 55  3 19  9 61
 61 34 15  1 55  1 10 61  9 23 34 22 41 25 23  1 36 61 48 23 48 27 25 23
 55 25  3 55 49 49 53 34 51 23 51 51 38 34 51 31]","[23 34 46 10  1 36 37 59  0 55 17 13 55 31 39 25 25 25 43 55 59 32  9  1
 61 34 15  1 55  1 10 61  9 29 34 22  9 25 23  1 36 25 15 23 31 27 25 29
 55 25 43 55 49 39 53 34 51 33 32  9 62 34 15  9]",True,True,0.859375,0.859375,"[np.int64(35), np.int64(29), np.int64(11), np.int64(45), np.int64(7), np.int64(1), np.int64(29), np.int64(16), np.int64(59), np.int64(34), np.int64(3), np.int64(11), np.int64(3), np.int64(40), np.int64(58), np.int64(36), np.int64(60), np.int64(2), np.int64(9), np.int64(31), np.int64(52), np.int64(52), np.int64(25), np.int64(36), np.int64(20), np.int64(21), np.int64(43), np.int64(24), np.int64(59), np.int64(34), np.int64(9), np.int64(13), np.int64(6), np.int64(50), np.int64(38), np.int64(63), np.int64(43), np.int64(0), np.int64(8), np.int64(2), np.int64(18), np.int64(35), np.int64(2), np.int64(38), np.int64(52), np.int64(36), np.int64(17), np.int64(62), np.int64(61), np.int64(54), np.int64(55), np.int64(43), np.int64(53), np.int64(26), np.int64(55), np.int64(26), np.int64(39), np.int64(40), np.int64(25), np.int64(33), np.int64(45), np.int64(44), np.int64(43), np.int64(21)]","[np.int64(35), np.int64(11), np.int64(60), np.int64(27), np.int64(58), np.int64(33), np.int64(53), np.int64(46), np.int64(19), np.int64(41), np.int64(14), np.int64(21), np.int64(30), np.int64(51), np.int64(52), np.int64(42), np.int64(38), np.int64(39), np.int64(1), np.int64(26), np.int64(40), np.int64(5), np.int64(45), np.int64(6), np.int64(55), np.int64(23), np.int64(40), np.int64(30), np.int64(53), np.int64(56), np.int64(62), np.int64(26), np.int64(48), np.int64(0), np.int64(17), np.int64(0), np.int64(7), np.int64(46), np.int64(5), np.int64(2), np.int64(4), np.int64(52), np.int64(62), np.int64(50), np.int64(30), np.int64(0), np.int64(34), np.int64(12), np.int64(51), np.int64(33), np.int64(19), np.int64(47), np.int64(57), np.int64(7), np.int64(13), np.int64(55), np.int64(47), np.int64(48), np.int64(1), np.int64(34), np.int64(41), np.int64(22), np.int64(4), np.int64(45)]",False,False,0.0,0.0,"[23 34 46 46 61 36 37 45 52 63  3 13 61 31 39 25 25 41 58 55  3 19 40  1
 41 34 15  1 55  1 32 61 36 23 34 22 41 25 31  1 36 25 48 15 31 27 25 46
 55 25 43 58 49 42  2 34 51 28 49 29 62 34 37 24]","[23 34 46 23  1 49 37 59  3 55 17 13 55 31 39 19 25 55  3 55 14 32  9 61
 61 34 50  1 55  1 32 46 15 15 34 22 29  9 23  1 22 25 15 23 48 27 25 23
 55 25  3 23 49 49  2 34 51 33 49  9 62 34 15 24]",True,True,0.8125,0.9375,"[23 34 16 23  1 49 56 59  3 55 17 13 55 31 39 19 25 55  3 15  3 32  9 61
 38 34 15  1 55  1 32 61 15 23 34 22 41 25 31 17 22 61 22 15 31 27 25 23
 55 25  3 55 49 49 53 34 22 28 51  7 62 34 51 24]","[18 34 46 46 61 58 37 45  3 63 17 13 55 57 39 32 25  1  3 55 59 59  9 61
 61 34 44  1 55  1 10 44 15 23 34 22  5 25 23  1 36 17 15 15 31 27 47 29
 55 33 43 55 45 42  2 34 51 23 51 29 38 34 37  9]",False,False,0.140625,0.09375,0.04,1.0,1.0,1,1,25,0.04,1.0,1.0,1,1,25,1.0,0.0,0.0,25,0,0,1.0,0.0,0.0,25,0,0,1.0,1.0,1.0,25,25,25,1.0,1.0,1.0,25,25,25,1.0,0.04,0.04,25,1,1,1.0,0.08,0.08,25,2,2
[0.         0.70781353 0.         ... 0.         0.         0.500999  ],"[52 38 57 57 10 37 37 12 37 37 57 57 62 61 59 54 28 26 24 61 33 38 26 34
 10 62 61 60 58 11  2  3 53 61 37 37 11 57 57 59 60 52 21  0 37 38 61 37
 53 42 11 37 57 52 11 54 59 57 61 61 63 57 10  3]","[52 38 57 57 10 37 37 12 37 37 57 57 55 61 59 54 28 39 24 61 33 38 32  6
 10 62 61 60 53 11  2 52 51 61 37 37 11 57 57  0 60 52 15  0 37  0 61 37
 53 23 11 37 57 52 11  0 59 57 61 61  0 57 10  3]",True,True,0.859375,0.859375,"[np.int64(4), np.int64(33), np.int64(8), np.int64(12), np.int64(33), np.int64(56), np.int64(7), np.int64(7), np.int64(46), np.int64(20), np.int64(62), np.int64(41), np.int64(31), np.int64(50), np.int64(38), np.int64(20), np.int64(57), np.int64(63), np.int64(55), np.int64(15), np.int64(11), np.int64(12), np.int64(22), np.int64(39), np.int64(37), np.int64(41), np.int64(56), np.int64(42), np.int64(11), np.int64(34), np.int64(54), np.int64(5), np.int64(62), np.int64(52), np.int64(24), np.int64(5), np.int64(48), np.int64(20), np.int64(28), np.int64(38), np.int64(31), np.int64(59), np.int64(56), np.int64(47), np.int64(4), np.int64(44), np.int64(16), np.int64(61), np.int64(49), np.int64(17), np.int64(17), np.int64(28), np.int64(18), np.int64(17), np.int64(41), np.int64(4), np.int64(33), np.int64(48), np.int64(55), np.int64(7), np.int64(8), np.int64(40), np.int64(47), np.int64(25)]","[np.int64(41), np.int64(1), np.int64(2), np.int64(13), np.int64(63), np.int64(59), np.int64(11), np.int64(37), np.int64(53), np.int64(42), np.int64(55), np.int64(2), np.int64(18), np.int64(46), np.int64(54), np.int64(54), np.int64(21), np.int64(44), np.int64(12), np.int64(46), np.int64(40), np.int64(25), np.int64(53), np.int64(26), np.int64(49), np.int64(40), np.int64(1), np.int64(48), np.int64(27), np.int64(42), np.int64(53), np.int64(52), np.int64(14), np.int64(45), np.int64(32), np.int64(42), np.int64(34), np.int64(8), np.int64(6), np.int64(21), np.int64(57), np.int64(50), np.int64(18), np.int64(22), np.int64(59), np.int64(56), np.int64(10), np.int64(40), np.int64(25), np.int64(3), np.int64(11), np.int64(42), np.int64(26), np.int64(8), np.int64(14), np.int64(44), np.int64(27), np.int64(24), np.int64(39), np.int64(21), np.int64(37), np.int64(27), np.int64(19), np.int64(21)]",False,False,0.0,0.0,"[35 38 57 57 10  2 59 12 37 37 57 57 62 33 12 43 28  7 24 59 33 38 26 34
 10 62 61 12 56 11  2  3 51 61 37 37 11 57 57 59  7 52 21  9 37 38  3 37
 53 42 11 37 57  2 11 13 59 57 61 61 44 57 10  3]","[52  9 57 57 10  2 37 40 37 37 57 57 56 61 59 54 28 26 24 59 28 10 32  6
 10 62 61 60 56 11  2 52 51 61 37 37  8 57 57 59 60 52 15  0 37  0 61 37
 43 23 11 37 57  2 11 12 59 57 61 61 63 57 10  9]",True,True,0.8125,0.9375,"[45 38 57 57 10 37 59 12 37 37 57 57 56 36 36 54 28 26 24 38 33 38 32  6
 46  1 61 12 47 11  2 46 53 58 37 37 13 57 57  0 60 52 21 62  1 38 61 37
 41 42 11 33 57  2 11 35 59 57 61 61 63 57 10  9]","[35 38 57 57 10 37 37 17 37 37 57 57 55 61 36 43 28  7 24 61 33 38 32  6
 46 62 61 60 20 11 13  3 51 61 37  0 11 57 57  0  7 52 15  0  5 38 19 37
 43 23 11 33 57  2 11 35 28 57 61 61  0 57 10 32]",False,False,0.140625,0.09375,0.04,1.0,1.0,1,1,25,0.04,1.0,1.0,1,1,25,1.0,0.0,0.0,25,0,0,1.0,0.0,0.0,25,0,0,1.0,0.8,0.8,25,20,20,1.0,1.0,1.0,25,25,25,1.0,0.2,0.2,25,5,5,1.0,0.24,0.24,25,6,6
[0.       0.       0.       ... 0.       0.       0.500999],"[36 52  7 36 12 57 57 43 43 21  8 14 23  8 36 24 13 55 20  4 43 12 57 23
 52 48 49 63 21 52 38  8 54  4 42 19 43 22  4 43 33  8 52 23 20  7  4 13
  7  8 31 48 57 13 36 13 52 43 36 47 27  7 16 20]","[36 47  7 36 12 20 20 43 43 20 20 14 23  8 36 24 46 55 20  4 43 12  7 23
 11 48 49 63 21  5 38  8 54  4 42  2 43 22  4 43 56  8  6 23 20  7  4 37
 36  8 31 48 57 13 36 47  6 43 36 47 27  7 16 20]",True,True,0.859375,0.859375,"[np.int64(19), np.int64(62), np.int64(54), np.int64(51), np.int64(16), np.int64(58), np.int64(12), np.int64(47), np.int64(3), np.int64(54), np.int64(19), np.int64(12), np.int64(52), np.int64(5), np.int64(61), np.int64(42), np.int64(48), np.int64(3), np.int64(27), np.int64(51), np.int64(62), np.int64(18), np.int64(29), np.int64(39), np.int64(43), np.int64(9), np.int64(63), np.int64(23), np.int64(46), np.int64(42), np.int64(35), np.int64(22), np.int64(49), np.int64(57), np.int64(43), np.int64(20), np.int64(5), np.int64(21), np.int64(22), np.int64(15), np.int64(12), np.int64(56), np.int64(39), np.int64(25), np.int64(3), np.int64(31), np.int64(27), np.int64(42), np.int64(31), np.int64(21), np.int64(63), np.int64(27), np.int64(12), np.int64(42), np.int64(39), np.int64(8), np.int64(28), np.int64(53), np.int64(0), np.int64(37), np.int64(15), np.int64(44), np.int64(0), np.int64(1)]","[np.int64(53), np.int64(63), np.int64(62), np.int64(29), np.int64(27), np.int64(10), np.int64(17), np.int64(22), np.int64(57), np.int64(12), np.int64(4), np.int64(42), np.int64(32), np.int64(32), np.int64(47), np.int64(3), np.int64(22), np.int64(8), np.int64(63), np.int64(4), np.int64(28), np.int64(23), np.int64(14), np.int64(56), np.int64(11), np.int64(9), np.int64(60), np.int64(63), np.int64(36), np.int64(40), np.int64(36), np.int64(34), np.int64(38), np.int64(46), np.int64(46), np.int64(35), np.int64(26), np.int64(31), np.int64(27), np.int64(63), np.int64(8), np.int64(57), np.int64(54), np.int64(60), np.int64(41), np.int64(9), np.int64(42), np.int64(41), np.int64(48), np.int64(56), np.int64(45), np.int64(1), np.int64(32), np.int64(18), np.int64(17), np.int64(31), np.int64(29), np.int64(41), np.int64(2), np.int64(30), np.int64(20), np.int64(35), np.int64(5), np.int64(8)]",False,False,0.0,0.0,"[36 47  7 36 12 57 57 43 43 21 20 14 23 48 36 32 13 42 20  4 43 12 57 23
 52 48 28 11 21  5  0  8  0  4 42  2 43 54  4 43 33  8  6 23 33  7  4 13
  7  8 16 48  8 13 36 13 61 43 36 47 27 16 35 20]","[36 52  7 36 12 20 20 43 43 20 20 27 23  8 36 24 13 55 20  4 43 12  7 23
 61 48 49 63 26  5 53  8 54  4 42 19 43 54  4 43 16  8 52 23 20  7  4 13
 36  8 16 48  8 13 36 47  6 43 36 47 27  7 16 20]",True,True,0.8125,0.9375,"[36 52  7 36 12 20 57 43 43 44  8 14 23 33 61  1 40 55 20 35 43 12  7 23
 52 38 49 63 21 52 53  8 54 40 42 33 43 54  4 43 56 54 52 23 20  7  4 63
  7  8 31 48 57 13 36 13  6 43 36 47 27 16 59 44]","[14 47  7 36 33  6 20 43 43 20  8 14 23 36 61  1 40 55 20 40 43  9  7 23
 11 38 28 11 26 52 38 48 15 35 42 62 43 54  4 43 56  8 52 23  9  7  4 37
  7  8 16 19 56 30 36 13 40 43 36 62 27  6 16 20]",True,False,0.140625,0.09375,0.04,1.0,1.0,1,1,25,0.04,1.0,1.0,1,1,25,1.0,0.0,0.0,25,0,0,1.0,0.0,0.0,25,0,0,1.0,1.0,1.0,25,25,25,1.0,1.0,1.0,25,25,25,1.0,0.08,0.08,25,2,2,1.0,0.0,0.0,25,0,0
[0.         0.500999   0.         ... 0.         0.         1.00049988],"[ 1 60  2 25 43  1  7 39 41 18 60 51 20 60 19 27 18 47 27 60 12 16  2  2
 39 22 23  2  9 38 23 36 43 56 47 62 42 57  1  2 47  2 27 27 57 18  9 41
  1 26 16  7  6 47 55  7 13 18  1 30 27  3 42 13]","[ 1  7  2 25 43  1 15 39 41 18 26 28 20 26 19 27 42 47 27 60 12 16  2  2
 22 22 23  2 52 38 23 59 43 56 26 62 42 59  1  2 47  2 27 27 50 13  4 41
  1 26 16  7  6 47 52  7 13 18  1 30 27 48 42 13]",False,False,0.859375,0.859375,"[np.int64(9), np.int64(25), np.int64(41), np.int64(59), np.int64(20), np.int64(45), np.int64(21), np.int64(21), np.int64(45), np.int64(13), np.int64(51), np.int64(27), np.int64(40), np.int64(28), np.int64(54), np.int64(13), np.int64(7), np.int64(44), np.int64(37), np.int64(29), np.int64(58), np.int64(53), np.int64(13), np.int64(19), np.int64(3), np.int64(38), np.int64(46), np.int64(46), np.int64(41), np.int64(53), np.int64(27), np.int64(4), np.int64(34), np.int64(29), np.int64(19), np.int64(52), np.int64(43), np.int64(52), np.int64(54), np.int64(8), np.int64(48), np.int64(48), np.int64(13), np.int64(17), np.int64(36), np.int64(27), np.int64(55), np.int64(23), np.int64(15), np.int64(61), np.int64(43), np.int64(38), np.int64(57), np.int64(8), np.int64(25), np.int64(36), np.int64(43), np.int64(38), np.int64(39), np.int64(19), np.int64(18), np.int64(9), np.int64(4), np.int64(13)]","[np.int64(42), np.int64(41), np.int64(45), np.int64(8), np.int64(26), np.int64(49), np.int64(63), np.int64(24), np.int64(54), np.int64(31), np.int64(47), np.int64(50), np.int64(28), np.int64(21), np.int64(21), np.int64(59), np.int64(50), np.int64(7), np.int64(61), np.int64(58), np.int64(12), np.int64(48), np.int64(25), np.int64(3), np.int64(20), np.int64(37), np.int64(55), np.int64(45), np.int64(12), np.int64(4), np.int64(0), np.int64(45), np.int64(24), np.int64(27), np.int64(59), np.int64(0), np.int64(13), np.int64(48), np.int64(29), np.int64(36), np.int64(8), np.int64(13), np.int64(34), np.int64(32), np.int64(26), np.int64(3), np.int64(7), np.int64(63), np.int64(3), np.int64(63), np.int64(35), np.int64(23), np.int64(57), np.int64(62), np.int64(25), np.int64(4), np.int64(0), np.int64(43), np.int64(60), np.int64(54), np.int64(34), np.int64(30), np.int64(44), np.int64(59)]",False,False,0.0,0.0,"[ 1 60  2 25 43 50  7 39 15 18 60 51 25 47 50 47  7 48 41 47  8 16  2  2
 22 22 23  2  9 38 23 59 43  2 47 62 42 32  1  2 47  2 41  6 50 16 53 41
 61 26 16  7 51 47 52  7 40 18 48 25 27  3 15 52]","[54  7  2 25  8  1  7 39 41 18 26 51 41 26 50 47  7 47 27 47 26 16  2  2
 22 22 23  2 32 38 23 36 43 54 47 62 42 32  1  2 47  2 41 27 50 18 53 41
  1  7 16  7 53 34 55  7 13 18  1 30 27  3 42 13]",False,False,0.8125,0.9375,"[ 1 60  2 25  8  9 15 62 41 18 60 51 20 60 36 27  7 47 27 60 12 14  2  2
 22 22 49  2  9 38 23  9 43 54 47 62 42 21  1  2 47  2 41  4 57 19 53 41
  9  7 53  7 53 47 52  7 13 18  1 31 27  3 42 45]","[ 1 60  2 61  8  1 43  1 41 18 60 28 20 60 19 27 18 47 41 60 12 14  2  2
 39 22 23  2 52 38 23 36 37 56 47 62 14 59  1  2 56  2 27 27 57 13 53 41
  1 26  5  7  6 52 55  7 51 18  1 25 13 48 15 13]",False,False,0.140625,0.09375,0.04,0.0,0.0,1,0,0,0.04,0.0,0.0,1,0,0,1.0,0.0,0.0,25,0,0,1.0,0.0,0.0,25,0,0,1.0,0.44,0.44,25,11,11,1.0,0.4,0.4,25,10,10,1.0,0.0,0.0,25,0,0,1.0,0.0,0.0,25,0,0
[0.500999 0.       0.       ... 0.       0.       0.      ],"[10 41 44 41 39 24  8 58 56 49 56 42  4 24 10 27 58 33  7  7 63 29 22 49
 63 24 10 10 56 20 20 51 58 32  7 50 42 41 43 22 50 56 20 50 49 14  4 43
 39 63 53 10 36 22 35 51 53 35 53 28 35 62 10 39]","[41 41 44 32 39 37  8 58 56 49 12  3  4 32  9 27 58 33  7  7 63 15 22 49
 63 32 10 41 56 20 20  6 58 32 38 49 13 41 37 22 27 56 20 50 49 13  4 46
 39 63 53 10 36 22 35 21 53 35 53 13 35 60  1 39]",True,True,0.859375,0.859375,"[np.int64(51), np.int64(51), np.int64(26), np.int64(52), np.int64(40), np.int64(5), np.int64(56), np.int64(30), np.int64(27), np.int64(1), np.int64(57), np.int64(32), np.int64(53), np.int64(47), np.int64(14), np.int64(44), np.int64(38), np.int64(57), np.int64(41), np.int64(1), np.int64(31), np.int64(15), np.int64(14), np.int64(44), np.int64(16), np.int64(46), np.int64(27), np.int64(59), np.int64(8), np.int64(40), np.int64(15), np.int64(54), np.int64(19), np.int64(8), np.int64(46), np.int64(8), np.int64(38), np.int64(14), np.int64(49), np.int64(7), np.int64(36), np.int64(57), np.int64(33), np.int64(29), np.int64(16), np.int64(33), np.int64(11), np.int64(0), np.int64(27), np.int64(3), np.int64(42), np.int64(6), np.int64(63), np.int64(21), np.int64(46), np.int64(9), np.int64(17), np.int64(0), np.int64(59), np.int64(4), np.int64(58), np.int64(29), np.int64(26), np.int64(48)]","[np.int64(12), np.int64(61), np.int64(45), np.int64(23), np.int64(27), np.int64(19), np.int64(7), np.int64(8), np.int64(51), np.int64(60), np.int64(16), np.int64(52), np.int64(58), np.int64(35), np.int64(9), np.int64(43), np.int64(6), np.int64(31), np.int64(24), np.int64(32), np.int64(52), np.int64(33), np.int64(48), np.int64(22), np.int64(56), np.int64(51), np.int64(32), np.int64(47), np.int64(5), np.int64(25), np.int64(63), np.int64(58), np.int64(20), np.int64(13), np.int64(27), np.int64(33), np.int64(1), np.int64(27), np.int64(36), np.int64(20), np.int64(10), np.int64(5), np.int64(61), np.int64(13), np.int64(51), np.int64(11), np.int64(54), np.int64(58), np.int64(48), np.int64(20), np.int64(53), np.int64(23), np.int64(38), np.int64(61), np.int64(25), np.int64(61), np.int64(19), np.int64(62), np.int64(3), np.int64(19), np.int64(30), np.int64(16), np.int64(24), np.int64(34)]",False,False,0.0,0.0,"[10 62 44 41 39 14 40 58 48 49 56  3 10 32 10 42 58 33 26  7 49 29 22 49
 63 32 10  9 56 46 20 51 58 42 38 49 13 41  3 22 50 56 20 50 62 13  4 43
 39 50 53 10 36 22 35 51 53 35 53 13  7 39 10 39]","[10 41 44 38 39 24 40  9  6 49 12 42  4 44 51 27 58 33 26  7 63 15 22  6
 63 24 40 10 59 20 20  6 58 15  7 49 13 20 43 22 50 56 20 50 49 47  4 43
 39 50 53 20 36 22 42 51 53 35 53 62  7 62 44 39]",False,True,0.8125,0.9375,"[10 42 44 11 39 37 44 58 48 49 12 42  4 30 40 42 58 33  7  7 63 15 22  6
 63 24 28 44 56 46 20 51 58 15  7 60 13 20 43 22 50  3 20 44 62 14  8 43
 39 35 53 34 36 22 61 51 53 35 56 28 34 62 10 39]","[41 37 44 32 39 14 26 58 46 32 51  3 10 30 10 21 58 33 26  7 63 15 22 49
 63 32 10 10 56 20 24  6 58 15  7 49 42 20 37 22  6 20  1 50 27 13 29 46
  8 63 49 10 36 22 35 51 53 35 53 13 35 62  1 20]",True,False,0.140625,0.09375,0.04,1.0,1.0,1,1,25,0.04,1.0,1.0,1,1,25,1.0,0.0,0.0,25,0,0,1.0,0.0,0.0,25,0,0,1.0,0.68,0.68,25,17,17,1.0,1.0,1.0,25,25,25,1.0,0.04,0.04,25,1,1,1.0,0.04,0.04,25,1,1
[0.500999 0.       0.       ... 0.       0.       0.      ],"[23 34 46 23  1 49 37 59  3 55 17 13 61 31 39 25 25 55  3 55  3 19  9 61
 61 34 15  1 55  1 10 61  9 23 34 22 41 25 23  1 36 61 48 23 48 27 25 23
 55 25  3 55 49 49 53 34 51 23 51 51 38 34 51 31]","[23 34 46 10  1 36 37 59  0 55 17 13 55 31 39 25 25 25 43 55 59 32  9  1
 61 34 15  1 55  1 10 61  9 29 34 22  9 25 23  1 36 25 15 23 31 27 25 29
 55 25 43 55 49 39 53 34 51 33 32  9 62 34 15  9]",True,True,0.859375,0.859375,"[np.int64(1), np.int64(7), np.int64(35), np.int64(50), np.int64(23), np.int64(16), np.int64(41), np.int64(32), np.int64(50), np.int64(41), np.int64(32), np.int64(14), np.int64(47), np.int64(15), np.int64(36), np.int64(40), np.int64(1), np.int64(42), np.int64(44), np.int64(35), np.int64(37), np.int64(17), np.int64(8), np.int64(16), np.int64(26), np.int64(30), np.int64(53), np.int64(6), np.int64(28), np.int64(57), np.int64(62), np.int64(57), np.int64(7), np.int64(12), np.int64(63), np.int64(56), np.int64(2), np.int64(14), np.int64(56), np.int64(1), np.int64(14), np.int64(39), np.int64(18), np.int64(60), np.int64(17), np.int64(18), np.int64(63), np.int64(39), np.int64(49), np.int64(24), np.int64(40), np.int64(54), np.int64(32), np.int64(6), np.int64(39), np.int64(0), np.int64(46), np.int64(20), np.int64(54), np.int64(51), np.int64(22), np.int64(61), np.int64(22), np.int64(4)]","[np.int64(24), np.int64(46), np.int64(8), np.int64(58), np.int64(15), np.int64(27), np.int64(33), np.int64(19), np.int64(42), np.int64(3), np.int64(62), np.int64(4), np.int64(52), np.int64(32), np.int64(11), np.int64(56), np.int64(4), np.int64(62), np.int64(28), np.int64(3), np.int64(50), np.int64(43), np.int64(6), np.int64(11), np.int64(23), np.int64(51), np.int64(25), np.int64(32), np.int64(53), np.int64(30), np.int64(32), np.int64(21), np.int64(8), np.int64(14), np.int64(28), np.int64(26), np.int64(55), np.int64(6), np.int64(40), np.int64(20), np.int64(36), np.int64(10), np.int64(22), np.int64(59), np.int64(8), np.int64(7), np.int64(49), np.int64(36), np.int64(38), np.int64(45), np.int64(29), np.int64(36), np.int64(43), np.int64(13), np.int64(15), np.int64(34), np.int64(28), np.int64(26), np.int64(18), np.int64(48), np.int64(27), np.int64(56), np.int64(62), np.int64(25)]",False,False,0.0,0.0,"[23 34 16 46 61 36 37 59 52 55 17 13 61 31 39 25 31  1  0 55 14 59 56  1
 61 34 15  1 55  1 32 61 57 36 34 22 29 25 23  1 36 61 15 23 31 27 25 29
 55 25 43 23 49 49  2 34 51 23  5 51 21 34 15 31]","[18 34 44 10  1 58 37 59  0 55 17 13 55 31 20 25 25  1  3 55  3 32  9 57
 61 34 50  1 55  1 32 61  9 29 34 22  9 25 31  1 36 17 32 23 48 27  3 29
 55 25  3 55 54 39 53 34 51 33 32  9 21 34 60  9]",True,True,0.8125,0.9375,"[23 34 44 23 50 49 47 59  3 37 17 13 55 57 39 25 31  1 43 55  3 19  9 61
 41 34 50  1 55 33 32 61  9 23 34 22 41 25 24 47 20 61 15 23  2 27 47 46
 55 25 43 59 49 42 52 34 51 23 49  9 38 34 51 24]","[59 34 44 21 44 58 37 59  0 63 17 13 61 31 20 25 25  1 43 55  3 32 56 57
 41 34 15  1 55 59 32 61  9 23 34 22  9 25 31  1 36 17 48 23 48 52 47 39
 55 33 43 55 54 39 52 34 22 28 32  9 62 34 37 36]",False,False,0.140625,0.09375,0.04,1.0,1.0,1,1,25,0.04,1.0,1.0,1,1,25,1.0,0.0,0.0,25,0,0,1.0,0.0,0.0,25,0,0,1.0,0.96,0.96,25,24,24,1.0,1.0,1.0,25,25,25,1.0,0.0,0.0,25,0,0,1.0,0.12,0.12,25,3,3
[0.         0.         0.         ... 0.70781353 0.         0.        ],"[24 24 27  5 39  9 53 10 59 60 60 62  7 31 48 48 55 60 45 59  5 26 48 26
 26 19 60 60 45 10 27 55 49 27 21 26 60 17 23 59 59 35 60 49 19 59 62 11
 55 26 16 27 46 62 40 60  2 26 10 27 60 40 55 35]","[24 24 10  5 39  9  4 10  7 60 60 62  7 51 63 19 55 60 45 59  5 26 44 26
 26 19 60 60 45 10 27 55 49 27 21 26 60 10 16 59 59 35 60 49 19 59 50 11
 55 10  7 26 46 21  3 60  2 26 10 10 60 40 55 35]",True,True,0.859375,0.859375,"[np.int64(24), np.int64(12), np.int64(38), np.int64(8), np.int64(50), np.int64(60), np.int64(48), np.int64(56), np.int64(62), np.int64(2), np.int64(19), np.int64(34), np.int64(58), np.int64(28), np.int64(56), np.int64(41), np.int64(56), np.int64(10), np.int64(63), np.int64(47), np.int64(6), np.int64(51), np.int64(10), np.int64(51), np.int64(15), np.int64(55), np.int64(45), np.int64(59), np.int64(49), np.int64(39), np.int64(7), np.int64(59), np.int64(44), np.int64(59), np.int64(15), np.int64(22), np.int64(48), np.int64(41), np.int64(29), np.int64(51), np.int64(53), np.int64(15), np.int64(54), np.int64(15), np.int64(22), np.int64(18), np.int64(28), np.int64(18), np.int64(43), np.int64(2), np.int64(4), np.int64(21), np.int64(58), np.int64(41), np.int64(30), np.int64(50), np.int64(63), np.int64(52), np.int64(39), np.int64(21), np.int64(60), np.int64(52), np.int64(33), np.int64(3)]","[np.int64(6), np.int64(63), np.int64(43), np.int64(13), np.int64(48), np.int64(22), np.int64(34), np.int64(16), np.int64(36), np.int64(44), np.int64(36), np.int64(14), np.int64(1), np.int64(32), np.int64(60), np.int64(48), np.int64(11), np.int64(62), np.int64(51), np.int64(17), np.int64(26), np.int64(47), np.int64(13), np.int64(35), np.int64(25), np.int64(53), np.int64(6), np.int64(53), np.int64(28), np.int64(62), np.int64(50), np.int64(2), np.int64(63), np.int64(24), np.int64(43), np.int64(41), np.int64(13), np.int64(19), np.int64(3), np.int64(36), np.int64(39), np.int64(58), np.int64(3), np.int64(13), np.int64(21), np.int64(22), np.int64(39), np.int64(34), np.int64(23), np.int64(62), np.int64(28), np.int64(37), np.int64(7), np.int64(10), np.int64(34), np.int64(51), np.int64(1), np.int64(12), np.int64(36), np.int64(5), np.int64(27), np.int64(37), np.int64(38), np.int64(3)]",False,False,0.0,0.0,"[25 11 10  5 46  9  4 10  7 60 60 62  7 16 32 48 55 60  1 30 33 26 48 26
  0 19 60 60 45 10 27  5 15 27 58 29 60 17 23 29 59  7 60 19 15 59 62 11
 55 16  7 27 46 21 40 60  2 26 10 10 60 40 55 59]","[24 24 10  5 46  7 53 10  7 60 60  1  7 16 63 63 55 60 43 43  5 26 48 45
 26  0 60 60  3 16 27 55 49 27 21 41 60 10 16 29  4  7 60 41 19 21 62 11
 51 10  7 26 46 21 40 60  2 26 10 27 60  6 24 59]",True,True,0.8125,0.9375,"[24 33 27  5 44  7 53 23  7 60 60  1  7 16 63 48 49 60 43 15 33 26 48 26
  1 19 60 60  3 10 27 55 57 27 21 26 60 55 23  2 59 43 60 49 19 59 50 11
 24 26 16 48 46 62 40 60  2 26 10 27 60 40 55 59]","[25 24 27 28 39  9  4 23  7 60 60 62  7 51 32 48 49 60 45 59  5 45 44  7
 17 19 60 60 45 35 31 55 49 27 21 29 60 55 23  7 59 43 60 49 22 59 62 11
 55 26 16 27 46 45  3 60  2  7 10 27 60 40 55 35]",True,False,0.140625,0.09375,0.04,1.0,1.0,1,1,25,0.04,1.0,1.0,1,1,25,1.0,0.0,0.0,25,0,0,1.0,0.0,0.0,25,0,0,1.0,0.96,0.96,25,24,24,1.0,1.0,1.0,25,25,25,1.0,0.08,0.08,25,2,2,1.0,0.16,0.16,25,4,4
[0.         0.500999   0.         ... 0.         0.         1.00049988],"[ 1 60  2 25 43  1  7 39 41 18 60 51 20 60 19 27 18 47 27 60 12 16  2  2
 39 22 23  2  9 38 23 36 43 56 47 62 42 57  1  2 47  2 27 27 57 18  9 41
  1 26 16  7  6 47 55  7 13 18  1 30 27  3 42 13]","[ 1  7  2 25 43  1 15 39 41 18 26 28 20 26 19 27 42 47 27 60 12 16  2  2
 22 22 23  2 52 38 23 59 43 56 26 62 42 59  1  2 47  2 27 27 50 13  4 41
  1 26 16  7  6 47 52  7 13 18  1 30 27 48 42 13]",False,False,0.859375,0.859375,"[np.int64(4), np.int64(63), np.int64(34), np.int64(50), np.int64(51), np.int64(21), np.int64(23), np.int64(8), np.int64(50), np.int64(18), np.int64(58), np.int64(11), np.int64(50), np.int64(38), np.int64(30), np.int64(35), np.int64(59), np.int64(44), np.int64(8), np.int64(1), np.int64(32), np.int64(37), np.int64(47), np.int64(37), np.int64(24), np.int64(58), np.int64(49), np.int64(22), np.int64(16), np.int64(3), np.int64(62), np.int64(4), np.int64(20), np.int64(12), np.int64(10), np.int64(13), np.int64(44), np.int64(19), np.int64(16), np.int64(1), np.int64(57), np.int64(38), np.int64(6), np.int64(27), np.int64(17), np.int64(7), np.int64(20), np.int64(11), np.int64(24), np.int64(1), np.int64(59), np.int64(16), np.int64(29), np.int64(42), np.int64(35), np.int64(21), np.int64(57), np.int64(4), np.int64(41), np.int64(50), np.int64(4), np.int64(36), np.int64(21), np.int64(14)]","[np.int64(44), np.int64(11), np.int64(20), np.int64(3), np.int64(54), np.int64(55), np.int64(15), np.int64(45), np.int64(43), np.int64(54), np.int64(46), np.int64(31), np.int64(51), np.int64(13), np.int64(25), np.int64(29), np.int64(8), np.int64(35), np.int64(33), np.int64(1), np.int64(55), np.int64(17), np.int64(5), np.int64(24), np.int64(34), np.int64(24), np.int64(60), np.int64(20), np.int64(38), np.int64(43), np.int64(9), np.int64(55), np.int64(61), np.int64(16), np.int64(34), np.int64(59), np.int64(13), np.int64(63), np.int64(48), np.int64(11), np.int64(6), np.int64(42), np.int64(2), np.int64(37), np.int64(21), np.int64(43), np.int64(22), np.int64(20), np.int64(9), np.int64(10), np.int64(52), np.int64(5), np.int64(6), np.int64(35), np.int64(41), np.int64(46), np.int64(56), np.int64(41), np.int64(49), np.int64(54), np.int64(51), np.int64(16), np.int64(16), np.int64(34)]",False,False,0.0,0.0,"[ 1 60  2 25 43  9  7 39 41 18 60 51 41 47 19 27 18 47 41 60  1 16  2  2
 39 22 23  2  9 38 23  9 43 56 47 62 42 34  1  2 47  2 41 27 57 18  9 41
  9  7 53  7 53 47 55  7 13 18 48 25 27 48 42 45]","[ 1 60  2 25  8  9 43 39 41 18 13 28 15 60 36  8 42 47 41 60 53 16  2  2
 22 22 23  2 32 38 23  9 43 56 26 62 42 57  1  2 19  2 27 27 57 13 53 41
  1 26  5 56  4 34 52  7 13 18  1 31 18  3 15 45]",False,False,0.8125,0.9375,"[ 1  7  2 61  8 48  7 62 41 18 26 51 20 60 36 27 18 47 60 60 12 16  2  2
 39 22 23  2 32 38 23 59 43 56 37 62 31 59  1  2 56  2 41 27 57 13  9 41
  1 26 44  7 53 47 55  7 13 18  1 31  1 48 42 45]","[ 1  5  2 61  8 50 52 39 41 18 26 51 20 26 36  8 45 47 41 47 12 16  2  2
 22 22 13  2 32 38 23  9 43 56 26 62 42 59  1  2 47  2 62 27 50 16  4 15
  1 26 57 56  4 47 52  7 13 18  1 30 19 48 42 45]",False,False,0.140625,0.09375,0.04,0.0,0.0,1,0,0,0.04,0.0,0.0,1,0,0,1.0,0.0,0.0,25,0,0,1.0,0.0,0.0,25,0,0,1.0,0.44,0.44,25,11,11,1.0,0.48,0.48,25,12,12,1.0,0.08,0.08,25,2,2,1.0,0.04,0.04,25,1,1
[0. 0. 0. ... 0. 0. 0.],"[ 5 15 53 45 11 37 63  6  4 11 40 48  9 59 52 55  0 49  5 11 50 57 50 24
 37  6 22 53 50  9 35  9 45  9 59  5 57 48 47 56 47 13 45 58 34 40 25 48
 48  5 37  9 34  5 60 35 20  6 11 48 40 37 19 48]","[ 5 15 53 10 11 37 63  6  3 11 40 48  9 59 52 55  2 49  5 11 50 57 19 24
 37  6 22 53  3  9 35  9 31  9 59  5 57 48 47 15 47 13  2 58 34 40 30 48
 48  5 37  9 34  5 60  8 20  6 11 48 40 59 19 48]",True,True,0.859375,0.859375,"[np.int64(38), np.int64(22), np.int64(20), np.int64(61), np.int64(5), np.int64(25), np.int64(6), np.int64(35), np.int64(55), np.int64(1), np.int64(4), np.int64(61), np.int64(55), np.int64(26), np.int64(50), np.int64(43), np.int64(60), np.int64(50), np.int64(43), np.int64(60), np.int64(62), np.int64(11), np.int64(45), np.int64(53), np.int64(48), np.int64(1), np.int64(62), np.int64(49), np.int64(30), np.int64(1), np.int64(44), np.int64(22), np.int64(50), np.int64(3), np.int64(56), np.int64(34), np.int64(19), np.int64(42), np.int64(54), np.int64(3), np.int64(35), np.int64(8), np.int64(37), np.int64(31), np.int64(15), np.int64(24), np.int64(47), np.int64(8), np.int64(15), np.int64(53), np.int64(23), np.int64(25), np.int64(32), np.int64(52), np.int64(16), np.int64(4), np.int64(9), np.int64(56), np.int64(18), np.int64(32), np.int64(12), np.int64(15), np.int64(19), np.int64(36)]","[np.int64(58), np.int64(63), np.int64(20), np.int64(2), np.int64(25), np.int64(37), np.int64(10), np.int64(51), np.int64(12), np.int64(7), np.int64(51), np.int64(62), np.int64(53), np.int64(23), np.int64(27), np.int64(21), np.int64(22), np.int64(29), np.int64(17), np.int64(11), np.int64(31), np.int64(17), np.int64(19), np.int64(29), np.int64(4), np.int64(46), np.int64(42), np.int64(17), np.int64(14), np.int64(29), np.int64(39), np.int64(30), np.int64(16), np.int64(62), np.int64(9), np.int64(36), np.int64(47), np.int64(7), np.int64(23), np.int64(53), np.int64(7), np.int64(57), np.int64(34), np.int64(7), np.int64(60), np.int64(38), np.int64(27), np.int64(41), np.int64(59), np.int64(25), np.int64(23), np.int64(20), np.int64(23), np.int64(3), np.int64(35), np.int64(9), np.int64(50), np.int64(33), np.int64(56), np.int64(62), np.int64(60), np.int64(33), np.int64(13), np.int64(50)]",False,False,0.0,0.0,"[16 15 53 60 11 37 63  6 41 11  3 48  9 59 52 55 51 49  5 11 51 57 50 24
 37 28 22 12 50  9 35  9 43  9 59 55 57 48 47 15 47 13 45 58 57 40 33 48
 48 60 37  9 34  6 60  8 20  6 11 48 40 37 22 48]","[41 15 53 45 11 37 63  6  4 11  3 48  9 59 52 55  0 49  5 11 50 62 50 24
 37  6 22 53 50  9 46  9  2  9 59  5 57 48 47 56 47 13 45 58 34 40 33 48
 48  5 37  9 45  9 60  8 20 44 11 48 49 59 19 48]",True,True,0.8125,0.9375,"[16 15 53  8  8 37 63  6  4 11 40 48  9 59 52 55 51 49  5 11 50 62 19 24
  0 16 22 53 50  9 46  9 45  9 59 52 57 48 47 15 47 13  2 58 40 40 33 48
 48  5 37 29  6  5 60 15 20 49 11 48 49 37 22 48]","[24 15 53 44 11 37 63  6  3 11  3 48 27 59 52 55 51 49  5 57 57 32 50 24
  0 31 22 53  3  9 46  9 31  9 59  5 57 48 47 56 47 13 45 12 57 35 33 48
 48  5 37 20 34  5 60  8 20 49 53 48  3 59 22 48]",False,False,0.140625,0.09375,0.04,1.0,1.0,1,1,25,0.04,1.0,1.0,1,1,25,1.0,0.0,0.0,25,0,0,1.0,0.0,0.0,25,0,0,1.0,0.88,0.88,25,22,22,1.0,1.0,1.0,25,25,25,1.0,0.04,0.04,25,1,1,1.0,0.08,0.08,25,2,2
[0.         0.500999   1.00049988 ... 0.         0.70781353 0.        ],"[ 0  0 50 37 16  6 59  8 20 16 51 52 37 48 53 29 10  0 59 46 21 56 34 46
 40 62 36 29 46 37  3 53  2 20 49 21 58  1 12 48 37 49 59 16  3 34 51 10
 21 37 34 17 29 51 10 32  0 51 40 46 34 29 46 29]","[ 0  0 50 37 16 11 59  8 20 16  3 13 37 48 49 29 20  0 14 46 21 56 34 46
  3 30 36 29  3 37  3 53  2 12 20 21 58  1 12 48 37 49 27 16  3 34 51 10
 21 37 54 17 29 51 10 32  0 51 27 16 34 29 46 29]",True,True,0.859375,0.859375,"[np.int64(1), np.int64(12), np.int64(19), np.int64(15), np.int64(30), np.int64(63), np.int64(40), np.int64(42), np.int64(28), np.int64(24), np.int64(11), np.int64(62), np.int64(50), np.int64(26), np.int64(47), np.int64(39), np.int64(32), np.int64(9), np.int64(59), np.int64(7), np.int64(18), np.int64(32), np.int64(20), np.int64(60), np.int64(5), np.int64(14), np.int64(1), np.int64(30), np.int64(45), np.int64(14), np.int64(31), np.int64(35), np.int64(47), np.int64(29), np.int64(20), np.int64(35), np.int64(42), np.int64(63), np.int64(21), np.int64(55), np.int64(58), np.int64(52), np.int64(24), np.int64(25), np.int64(41), np.int64(50), np.int64(49), np.int64(17), np.int64(49), np.int64(8), np.int64(36), np.int64(15), np.int64(21), np.int64(32), np.int64(55), np.int64(4), np.int64(1), np.int64(6), np.int64(45), np.int64(11), np.int64(39), np.int64(9), np.int64(57), np.int64(6)]","[np.int64(43), np.int64(23), np.int64(52), np.int64(35), np.int64(26), np.int64(26), np.int64(40), np.int64(59), np.int64(17), np.int64(33), np.int64(62), np.int64(58), np.int64(54), np.int64(26), np.int64(59), np.int64(33), np.int64(2), np.int64(10), np.int64(13), np.int64(55), np.int64(8), np.int64(16), np.int64(41), np.int64(52), np.int64(18), np.int64(36), np.int64(2), np.int64(7), np.int64(40), np.int64(60), np.int64(14), np.int64(12), np.int64(57), np.int64(3), np.int64(9), np.int64(55), np.int64(3), np.int64(60), np.int64(14), np.int64(41), np.int64(24), np.int64(38), np.int64(2), np.int64(46), np.int64(3), np.int64(30), np.int64(5), np.int64(50), np.int64(14), np.int64(51), np.int64(15), np.int64(45), np.int64(17), np.int64(8), np.int64(28), np.int64(41), np.int64(29), np.int64(10), np.int64(39), np.int64(5), np.int64(15), np.int64(42), np.int64(38), np.int64(18)]",False,False,0.0,0.0,"[ 0  0 50 37 16  6 59  8 20 13 51 13 37 48 53 29 33  0 59 46 46 56 34 48
 40 62 36 30 57 37 54 53  2 54 20 21  1  1 15 48 37 15 59 63  3 38 51 10
 21 14 34 17 29 51 10 32  0 51 40 46 61 29 46 18]","[ 0  0 50 37 27 11 59  8 49 16  3 52 37 48 49 29 20  0 63 46 21 56 34 46
 40 30 36 30 46 37  3 53  2 54 38 21 58  1 12 48 37 49 39 63  3 61 51 25
 21 37 34 17 29 51 30 32  0 51 40 46 61 29 34 29]",False,True,0.8125,0.9375,"[ 0  0 50 37 27 11 59  8 20 45 51 13 33 48 28 38 10  0 30 34 46 20 34 46
 40 62 36  4 14 37 27 53 55 20 20 21 58  1 12 38 29 49 27 63 13 61 20 10
 21 34  2 17 29 51 10 32  0 51 40 46 34 45 46 29]","[ 0  0 50 37 16  6 59  8 20 16 51 13 37 48 49 41 14  0 30 46 34 56 34 27
  3 33 36 58 14 37 27 53  2 16 49 21 58  1 34 48 29 15 27 63  3  9 51 10
 23 14 34 17 11 14 30 32  0 28 27 46 34 29 34 29]",False,False,0.140625,0.09375,0.04,1.0,1.0,1,1,25,0.04,1.0,1.0,1,1,25,1.0,0.0,0.0,25,0,0,1.0,0.0,0.0,25,0,0,1.0,0.6,0.6,25,15,15,1.0,1.0,1.0,25,25,25,1.0,0.0,0.0,25,0,0,1.0,0.08,0.08,25,2,2
[0.         0.500999   0.         ... 0.         0.         1.00049988],"[55  0 62 43 38 24 11 61 48 41 27 38 24 24 20 26  5  0 32 33 53 42  2 49
 53 57 44 49  5 25 50 55 44 41 20 36 26 61 57  8 45 49 47  0  0 62 39 53
 20 53 13 13 20 55  0 55 44 53 54 26 19 43  0  1]","[55  0 62 43 38 24 40 61 48 41 27 38 24 24 20 32  5  0 32 33 53 61 40 49
 53 57 43 49  5 25 11 55 44 61 20 36 26  5 57  8 45 49 47  0  0 62 29 53
 20 53 13  5 20 55  0 55 44 53 54 26 19  1  0  5]",True,True,0.859375,0.859375,"[np.int64(56), np.int64(27), np.int64(18), np.int64(0), np.int64(30), np.int64(2), np.int64(7), np.int64(44), np.int64(2), np.int64(22), np.int64(23), np.int64(34), np.int64(45), np.int64(14), np.int64(61), np.int64(8), np.int64(20), np.int64(43), np.int64(13), np.int64(23), np.int64(55), np.int64(18), np.int64(53), np.int64(9), np.int64(17), np.int64(52), np.int64(10), np.int64(51), np.int64(42), np.int64(37), np.int64(39), np.int64(27), np.int64(51), np.int64(7), np.int64(39), np.int64(36), np.int64(11), np.int64(49), np.int64(35), np.int64(55), np.int64(54), np.int64(48), np.int64(55), np.int64(59), np.int64(34), np.int64(35), np.int64(25), np.int64(48), np.int64(60), np.int64(12), np.int64(17), np.int64(52), np.int64(39), np.int64(6), np.int64(44), np.int64(18), np.int64(16), np.int64(11), np.int64(39), np.int64(4), np.int64(56), np.int64(9), np.int64(14), np.int64(36)]","[np.int64(63), np.int64(33), np.int64(4), np.int64(59), np.int64(43), np.int64(19), np.int64(43), np.int64(48), np.int64(2), np.int64(12), np.int64(39), np.int64(19), np.int64(16), np.int64(18), np.int64(34), np.int64(37), np.int64(37), np.int64(33), np.int64(5), np.int64(20), np.int64(5), np.int64(46), np.int64(19), np.int64(46), np.int64(15), np.int64(32), np.int64(59), np.int64(47), np.int64(13), np.int64(19), np.int64(23), np.int64(20), np.int64(8), np.int64(5), np.int64(11), np.int64(42), np.int64(13), np.int64(4), np.int64(18), np.int64(15), np.int64(20), np.int64(8), np.int64(26), np.int64(62), np.int64(58), np.int64(30), np.int64(53), np.int64(37), np.int64(45), np.int64(32), np.int64(16), np.int64(30), np.int64(3), np.int64(7), np.int64(54), np.int64(52), np.int64(17), np.int64(48), np.int64(27), np.int64(35), np.int64(34), np.int64(0), np.int64(32), np.int64(49)]",False,False,0.0,0.0,"[55  0 62 47 38 24 22 28 48 41 27 38 24 24 24 42  5  0 32 58 53 42  2 48
 53 57 44 49  5 25 50 55 44 23 20 36 32  5 57  8 45 49 47  0  0 62 39 53
 20 53 13  5 48 55  0 55 44 53 54 26 19  1  0  1]","[55  0 62 62 38 24 11 61 48 11 27 38 24 24 20 51  5  0 32 33 53 50 40 49
 53 57 44 49  2 25 11 55 44  4 36 36 26  5 57  8 45 38 47  0  0 62 29 53
 20 53 13 13 13 55  0 55 34 44 54 26 19 43  0  1]",True,True,0.8125,0.9375,"[55  0 62 47 56 52 40 61 48 41 27  9 43 43 24  7  8  0 32 58 47 50  2 48
 53 57 36 49  5 25 11 55 44 61 20 36 34  5 57 46 15 48 21  0 57 62 39 53
 52 27  8  5 13 55  0 55 44 53 54 26 19 43  0  1]","[55  0 37 47 38 45 40 15 16 11 27  6 24 24 24 32  5  0 32 33 53 42  6 49
 53 57 43 49  2 25 50 55 44 41 56 36 26  5  1  8 15 38 38  0 57 62 29 53
 26 53  8  5 20 55  0 55 34 53 19 26 19  1 43  1]",False,False,0.140625,0.09375,0.04,1.0,1.0,1,1,25,0.04,1.0,1.0,1,1,25,1.0,0.0,0.0,25,0,0,1.0,0.0,0.0,25,0,0,1.0,0.88,0.88,25,22,22,1.0,1.0,1.0,25,25,25,1.0,0.08,0.08,25,2,2,1.0,0.04,0.04,25,1,1
[0.         0.         0.         ... 0.500999   0.70781353 0.        ],"[38  9 42 13 24 51 16 13 48 39 54 62 30 35 11 61 45 17  9 62  4 62 60 61
 17 27 19  4 60 45 62 22  9 62 19 60 49 44 23 40 17 50 18 28 28 62 13 58
 22 39  4 62 11  0 30 16 25 19 61 28 17  4 40 61]","[38  9 42 43 24 51 58  1 48  4  7 62 30 35 11 61 45 17 51 62  4 62 60 61
 17 27 19  4 60 45  4 22  9 62 19 60 49 44 23 40 17 50 18 28 28 28 13 58
 22  1  4 62 11  0 30 16 25 19 59 28 17  4 40 61]",True,True,0.859375,0.859375,"[np.int64(53), np.int64(6), np.int64(53), np.int64(20), np.int64(7), np.int64(49), np.int64(47), np.int64(26), np.int64(51), np.int64(31), np.int64(30), np.int64(8), np.int64(54), np.int64(26), np.int64(55), np.int64(12), np.int64(41), np.int64(56), np.int64(4), np.int64(58), np.int64(20), np.int64(16), np.int64(36), np.int64(1), np.int64(34), np.int64(26), np.int64(25), np.int64(27), np.int64(63), np.int64(17), np.int64(23), np.int64(55), np.int64(63), np.int64(30), np.int64(51), np.int64(17), np.int64(4), np.int64(62), np.int64(6), np.int64(1), np.int64(34), np.int64(9), np.int64(58), np.int64(58), np.int64(58), np.int64(27), np.int64(59), np.int64(29), np.int64(10), np.int64(60), np.int64(42), np.int64(46), np.int64(60), np.int64(52), np.int64(6), np.int64(45), np.int64(7), np.int64(17), np.int64(6), np.int64(59), np.int64(20), np.int64(22), np.int64(10), np.int64(37)]","[np.int64(15), np.int64(61), np.int64(46), np.int64(36), np.int64(30), np.int64(35), np.int64(14), np.int64(60), np.int64(22), np.int64(49), np.int64(11), np.int64(20), np.int64(28), np.int64(8), np.int64(16), np.int64(63), np.int64(35), np.int64(14), np.int64(6), np.int64(55), np.int64(52), np.int64(46), np.int64(12), np.int64(61), np.int64(23), np.int64(19), np.int64(57), np.int64(49), np.int64(61), np.int64(4), np.int64(18), np.int64(37), np.int64(34), np.int64(63), np.int64(42), np.int64(23), np.int64(24), np.int64(56), np.int64(42), np.int64(20), np.int64(37), np.int64(44), np.int64(29), np.int64(35), np.int64(60), np.int64(52), np.int64(61), np.int64(34), np.int64(7), np.int64(37), np.int64(52), np.int64(43), np.int64(45), np.int64(18), np.int64(50), np.int64(59), np.int64(44), np.int64(21), np.int64(48), np.int64(58), np.int64(51), np.int64(15), np.int64(60), np.int64(16)]",False,False,0.0,0.0,"[38 58 42 26 24 16 63 13 48 39  7 62 30 35 11 61 58 17  9 28 31 62 62 61
 17 52 43 44 60 45 62  4 11 62 59 60 49 44 23 40 17 50 18 28 28 62 13 58
 22 39 45 62 11  0 30 16 25 19 59 28 17 19 40 61]","[38  9 42 26 24 51 16  1 48  4  7 62 30 35 11 61 58 17  9 28  4 62 62 61
 17 27 19  4 60 45 27  4  9 62 19 60 49 44 23  9 17 20 18 28 27 28 13 25
 22  1  4 62 25  0 30 16 25 19 61 28 17  4 40 61]",True,True,0.8125,0.9375,"[38 57 42 13 24 16 16 13 48 27  7 62 63 35 47 61 33 17 51 57 31 62 31 61
 17 27 19 30 60 45 62 22  9 62 59 60 49 44 23 40 17 50 18 21 28 28 13  3
 22  1  9 62 11  0 30 16 25 19 47 28 17 19 40 61]","[38  9 42 43 24 20 58 10 48  4  7 52 63 48 11 61 45 17  5 22  4 62 31 63
 17 27 13  4 60 45 62 22 11 32 19 60 49 44 23  9 17 20 18 28  1 28 13 14
 22 39  4 18 11  0 13 16 25 19  5 28 17 19 22 61]",False,False,0.140625,0.09375,0.04,1.0,1.0,1,1,25,0.04,1.0,1.0,1,1,25,1.0,0.0,0.0,25,0,0,1.0,0.0,0.0,25,0,0,1.0,0.68,0.68,25,17,17,1.0,1.0,1.0,25,25,25,1.0,0.08,0.08,25,2,2,1.0,0.04,0.04,25,1,1
[1.00049988 0.500999   0.         ... 0.70781353 1.00049988 0.500999  ],"[23 47 47 13 21 56 63 63  2 54 58 59 58 54  2 35 44  1 21 23  0 19  0 23
  0 23 54 21 10 62 56 36 13  2 61  6 62 10  0 19  2 10 10 25 54 61 58 23
 57 47 58 58 23 44 23 54 54 19 23 47 39 19 25 47]","[23  0 47 13 30 56 63 63  2 54 58 59 58 54  2 35 38  1  4 23  0 19  0 23
  0 23 54 21 10 37 56 36 13  2 61  6 62 10  0 19  2 10 10 25 54  4 58 23
 17  0 58 58 23 44 23 58 52 14 23 47 50  2 25 47]",True,True,0.859375,0.859375,"[np.int64(11), np.int64(17), np.int64(27), np.int64(1), np.int64(8), np.int64(60), np.int64(6), np.int64(23), np.int64(14), np.int64(25), np.int64(35), np.int64(21), np.int64(13), np.int64(22), np.int64(5), np.int64(60), np.int64(58), np.int64(14), np.int64(1), np.int64(58), np.int64(51), np.int64(38), np.int64(5), np.int64(46), np.int64(48), np.int64(56), np.int64(22), np.int64(11), np.int64(20), np.int64(35), np.int64(25), np.int64(8), np.int64(40), np.int64(49), np.int64(62), np.int64(28), np.int64(3), np.int64(10), np.int64(48), np.int64(32), np.int64(55), np.int64(30), np.int64(31), np.int64(23), np.int64(6), np.int64(25), np.int64(32), np.int64(12), np.int64(17), np.int64(1), np.int64(33), np.int64(26), np.int64(30), np.int64(2), np.int64(25), np.int64(41), np.int64(60), np.int64(37), np.int64(57), np.int64(55), np.int64(29), np.int64(2), np.int64(28), np.int64(37)]","[np.int64(53), np.int64(50), np.int64(51), np.int64(33), np.int64(43), np.int64(11), np.int64(53), np.int64(31), np.int64(53), np.int64(30), np.int64(31), np.int64(30), np.int64(20), np.int64(32), np.int64(8), np.int64(63), np.int64(3), np.int64(62), np.int64(7), np.int64(18), np.int64(40), np.int64(4), np.int64(35), np.int64(19), np.int64(19), np.int64(11), np.int64(0), np.int64(18), np.int64(33), np.int64(30), np.int64(46), np.int64(10), np.int64(11), np.int64(46), np.int64(10), np.int64(54), np.int64(33), np.int64(49), np.int64(48), np.int64(35), np.int64(24), np.int64(46), np.int64(14), np.int64(6), np.int64(43), np.int64(17), np.int64(10), np.int64(2), np.int64(24), np.int64(40), np.int64(56), np.int64(10), np.int64(7), np.int64(8), np.int64(2), np.int64(34), np.int64(62), np.int64(31), np.int64(52), np.int64(7), np.int64(26), np.int64(38), np.int64(2), np.int64(27)]",False,False,0.0,0.0,"[23  0 47 53 21 61 63 63 16 49 58 59 58 54  2 35 42 20 21 23  0 19  0 23
  0 23 54 21 16 62 49 36 13  9 61  6 51 46 16 19  2 49 10 25 54 61 58 23
 17  0 60 58 23 42 23 58 52 19 23 47 39 19 25 47]","[23 47 44 13 30 26 41 37  2 56 58 59 58 54 43 35  8 20  4 23  0 19  0 23
  0 23 54 45 10 32 51 36 13  9 61 36 51 29  0 60  2 49 60 25 54 28 58 23
 17 47 58 58 23 44 23 58 54 19 23 47 50  5 56 47]",True,True,0.8125,0.9375,"[23  0 47 13 32 26 63 37  2 54  0 59 58 54 57 35 38  1 21 23 57 19  0 23
  0 23  9 21 26 32 33 36 13  4 61 36 51  2 16 19  2 10 60 25 54 61 59 23
 57 47 49 58 23 44 23 58 52 48 23 46 39 19 36 47]","[23  0 47 53 33 56 41 63 16 49 58 59 58 44  2 35 42 20  4 23  0 19  0 23
  0 23 54 45 16 37 56 36 29 30 61  6 62  7  0 60  2 10 10 25 43 27 58 23
 57  0 58 30 23  3 23 54 54 19 23  1 39  5 25 47]",False,False,0.140625,0.09375,0.04,1.0,1.0,1,1,25,0.04,1.0,1.0,1,1,25,1.0,0.0,0.0,25,0,0,1.0,0.0,0.0,25,0,0,1.0,1.0,1.0,25,25,25,1.0,1.0,1.0,25,25,25,1.0,0.32,0.32,25,8,8,1.0,0.08,0.08,25,2,2
[0.         0.         1.00049988 ... 0.70781353 0.         0.500999  ],"[43 11 50 11 56 11 11  2 47  5 11 54 42 45 38 32 11 42 16 61 29 11 37 29
 37 50 20 36 25 54 25 50 61 27 25 54 54 29  3 42 29 29 50 61 11 40 40 50
 55 46 54  8 10 18 54 21 10 46 18  2 37 35 37 25]","[24 11 50 11 56 11 11  2  2  5 11 54 42 45 38 32 11 42 44 21 29 11  6 29
  3 50 19 36 25 54 25 50 61 24 21 54 54 29  3 42 29 29 50 61 11  2 40 50
 55 30 54  8 45 18 54 21  8 52 18  2 27 35  6 24]",True,True,0.859375,0.859375,"[np.int64(24), np.int64(35), np.int64(20), np.int64(2), np.int64(56), np.int64(56), np.int64(36), np.int64(17), np.int64(11), np.int64(59), np.int64(29), np.int64(60), np.int64(2), np.int64(27), np.int64(34), np.int64(36), np.int64(38), np.int64(55), np.int64(54), np.int64(61), np.int64(43), np.int64(35), np.int64(21), np.int64(12), np.int64(4), np.int64(1), np.int64(48), np.int64(35), np.int64(23), np.int64(53), np.int64(0), np.int64(35), np.int64(61), np.int64(63), np.int64(11), np.int64(43), np.int64(51), np.int64(20), np.int64(59), np.int64(7), np.int64(30), np.int64(60), np.int64(29), np.int64(38), np.int64(19), np.int64(18), np.int64(1), np.int64(5), np.int64(47), np.int64(18), np.int64(62), np.int64(62), np.int64(1), np.int64(50), np.int64(13), np.int64(49), np.int64(7), np.int64(38), np.int64(20), np.int64(48), np.int64(20), np.int64(11), np.int64(7), np.int64(9)]","[np.int64(55), np.int64(63), np.int64(8), np.int64(5), np.int64(0), np.int64(19), np.int64(19), np.int64(53), np.int64(33), np.int64(13), np.int64(61), np.int64(3), np.int64(56), np.int64(31), np.int64(28), np.int64(58), np.int64(30), np.int64(42), np.int64(0), np.int64(51), np.int64(57), np.int64(42), np.int64(57), np.int64(4), np.int64(45), np.int64(58), np.int64(61), np.int64(37), np.int64(56), np.int64(61), np.int64(1), np.int64(46), np.int64(54), np.int64(36), np.int64(48), np.int64(14), np.int64(7), np.int64(19), np.int64(3), np.int64(8), np.int64(9), np.int64(24), np.int64(28), np.int64(4), np.int64(11), np.int64(60), np.int64(23), np.int64(46), np.int64(47), np.int64(45), np.int64(22), np.int64(19), np.int64(49), np.int64(57), np.int64(12), np.int64(45), np.int64(3), np.int64(32), np.int64(27), np.int64(57), np.int64(25), np.int64(51), np.int64(31), np.int64(41)]",False,False,0.0,0.0,"[24 11 50 11 56 11 11  2 56  5 11 54 23 45  4 32 11  2 16 21 29 11 24 29
  3 50 20 36 24 54 27 50 61 27 21 54 54 29 28 42 29  5 17 23 20 38  9 50
 55 53 54  8 10 18 54 21 10 46 53  2 37 35  6 25]","[43 11 50 11 56 11 11  2 47  5 11 54 23 45 38 32 11 45 16 61 47 11 30 29
  3 50 19 36 24 54 25 50 55 24 25 54 54 29  3 13 45  3 50 61 11 44  9 50
 57 30 54  8 10 18 54 21  8 46 18 38  1 35  6 24]",True,True,0.8125,0.9375,"[43 11 45 11 56 11 19 24  2  5 11 54 42 45  4 32 11  2 58  6 47 11  6 29
 33 50 20 36 25 54 49 50 61 24 18 54 54 60 28 13 29  3 50 23 11 44 49  3
 57 46 54  8 10 18 54 21  8 52  7 38 27 35 37 25]","[22 11 50 11 56 11 11 58 47 12 21 54  9 45 38 32 25 42 44 21 29 19 24 29
  3 50 20 36 38 54 25 50 61 24 18 54 54 29  3 42 29 29  3 61 11  2 40 50
 55 46 54  8 45 58 54 21 17 48  7  2  1 35 37 25]",False,False,0.140625,0.09375,0.04,1.0,1.0,1,1,25,0.04,1.0,1.0,1,1,25,1.0,0.0,0.0,25,0,0,1.0,0.0,0.0,25,0,0,1.0,0.84,0.84,25,21,21,1.0,1.0,1.0,25,25,25,1.0,0.08,0.08,25,2,2,1.0,0.0,0.0,25,0,0
[0.         1.00049988 0.         ... 0.         0.         0.500999  ],"[33 14 48 40 30 50 21 35 25 41  1 33 59 43 52 14 34 36  1 41 14 27 30 52
 23 25 40 36 22  2 40 50 44 44 41 31  8 40 15 32  8 52 37 14 48 57  4 41
 25 35  8 33  8 43 37 54 32 14 40 51 19 25 37 34]","[33 29 48 40 17 50 21 18 25 41  1 33 59 43 52 56 34 36  1 37 14 27 30 40
 23 25 40 36 22  2 40 50 44 44 41 31  8 40 15 32  8 32 37 29 48 57  4 41
 25 22  8 33  8 43 37 54 32 14 40 51 19 25  4 34]",True,True,0.859375,0.859375,"[np.int64(61), np.int64(37), np.int64(46), np.int64(40), np.int64(38), np.int64(18), np.int64(20), np.int64(16), np.int64(18), np.int64(59), np.int64(59), np.int64(34), np.int64(42), np.int64(50), np.int64(16), np.int64(51), np.int64(13), np.int64(60), np.int64(43), np.int64(27), np.int64(48), np.int64(37), np.int64(28), np.int64(5), np.int64(13), np.int64(15), np.int64(12), np.int64(35), np.int64(19), np.int64(22), np.int64(12), np.int64(38), np.int64(18), np.int64(58), np.int64(10), np.int64(23), np.int64(17), np.int64(10), np.int64(46), np.int64(35), np.int64(51), np.int64(38), np.int64(9), np.int64(53), np.int64(38), np.int64(37), np.int64(15), np.int64(22), np.int64(7), np.int64(50), np.int64(18), np.int64(60), np.int64(18), np.int64(53), np.int64(54), np.int64(52), np.int64(13), np.int64(24), np.int64(60), np.int64(47), np.int64(26), np.int64(60), np.int64(16), np.int64(47)]","[np.int64(20), np.int64(39), np.int64(22), np.int64(29), np.int64(52), np.int64(14), np.int64(43), np.int64(52), np.int64(36), np.int64(62), np.int64(3), np.int64(28), np.int64(60), np.int64(60), np.int64(60), np.int64(45), np.int64(6), np.int64(1), np.int64(0), np.int64(28), np.int64(61), np.int64(23), np.int64(22), np.int64(45), np.int64(21), np.int64(4), np.int64(20), np.int64(36), np.int64(54), np.int64(39), np.int64(19), np.int64(5), np.int64(49), np.int64(57), np.int64(18), np.int64(16), np.int64(48), np.int64(24), np.int64(0), np.int64(18), np.int64(63), np.int64(37), np.int64(8), np.int64(2), np.int64(13), np.int64(12), np.int64(0), np.int64(12), np.int64(57), np.int64(55), np.int64(18), np.int64(55), np.int64(35), np.int64(63), np.int64(43), np.int64(40), np.int64(24), np.int64(53), np.int64(49), np.int64(41), np.int64(42), np.int64(23), np.int64(15), np.int64(59)]",False,False,0.0,0.0,"[33 29 48 40 21 50 22 35 25 41  9 33 59 43 52 14 27 36  7 37 14 27  9 40
 23 25 40 36 22  2 40 50 44 44 41 31  8 40 15 32  8 52 37 42 48 57  4 41
 25 15  8 33  8 43 51 54 32 14 40 21 19 25 51 34]","[33 29 48 40 17 50 21 35 25 41 59 33 59 43 52 49 34 36  1 41 14  4 30 52
 23 25  3 36 22  2 40 50 44 44 41 49  8 40 15 32  8 52 37 14 48 57  4 41
 25 24  8 33  8 43 51 54 24 14 40 51 19 25 51 34]",False,True,0.8125,0.9375,"[33 10 48 40 17  1 21 35 25 41  1 33 59 43  1 14 34  4  1 41 34 27  9 40
 23 25 40 36 22 43 40 50 44 44 20 59  8 40 15 32  8 52 37 31 48 57 21 41
 25 35  8 33  8 43 37 54 32 14 40 35 19 25 37 34]","[33 10 48 40 46 50 22 35 25 41 59 33 59 43  1 49 34 36 10 37 14 59 30 40
 23 25 40 21 22  1 14 50 36 51 41 59 32 40  6 32  3 32 43 14 48 57 59 41
 25 24  8 33 14 43 37 54 32 14 40 51 19 25 37 34]",False,False,0.140625,0.09375,0.04,1.0,1.0,1,1,25,0.04,1.0,1.0,1,1,25,1.0,0.0,0.0,25,0,0,1.0,0.0,0.0,25,0,0,1.0,0.92,0.92,25,23,23,1.0,1.0,1.0,25,25,25,1.0,0.0,0.0,25,0,0,1.0,0.0,0.0,25,0,0
[0.         1.00049988 0.         ... 1.00049988 0.500999   0.        ],"[57  4 20 31 42 54 28 42 44  6 46 41 11 22 15 24 27 44 44 39 31 37 44 20
 39 59 50 28 30 51 52 52  7 29 57 59 50 31  7 52  3  4 39 23 30 27 42 54
 15 63 39 28 52 12 20 50 37 31 19 42 59 27 23 36]","[57  4 20 31 42 56 20 23 44  6 46 41 11 22 15 44 27 20 44 39 31 19 37 37
 39 59 19 44 30 61 52 52  7 29 27 15 50 31 27 52  3  4 39 23 30 27 23 54
 15 63 39 28 52 12 20 26  3 31 19 17 15 27 22  6]",True,True,0.859375,0.859375,"[np.int64(23), np.int64(30), np.int64(57), np.int64(1), np.int64(62), np.int64(40), np.int64(13), np.int64(60), np.int64(23), np.int64(15), np.int64(17), np.int64(60), np.int64(25), np.int64(33), np.int64(5), np.int64(56), np.int64(38), np.int64(59), np.int64(18), np.int64(15), np.int64(14), np.int64(3), np.int64(61), np.int64(20), np.int64(24), np.int64(57), np.int64(36), np.int64(21), np.int64(52), np.int64(32), np.int64(29), np.int64(32), np.int64(7), np.int64(24), np.int64(0), np.int64(0), np.int64(39), np.int64(33), np.int64(31), np.int64(47), np.int64(59), np.int64(43), np.int64(62), np.int64(39), np.int64(34), np.int64(52), np.int64(41), np.int64(27), np.int64(45), np.int64(29), np.int64(50), np.int64(51), np.int64(20), np.int64(10), np.int64(2), np.int64(9), np.int64(36), np.int64(57), np.int64(51), np.int64(6), np.int64(22), np.int64(43), np.int64(22), np.int64(38)]","[np.int64(48), np.int64(13), np.int64(43), np.int64(36), np.int64(53), np.int64(49), np.int64(0), np.int64(4), np.int64(27), np.int64(18), np.int64(43), np.int64(62), np.int64(26), np.int64(27), np.int64(23), np.int64(42), np.int64(60), np.int64(49), np.int64(29), np.int64(27), np.int64(38), np.int64(18), np.int64(24), np.int64(7), np.int64(0), np.int64(15), np.int64(40), np.int64(18), np.int64(24), np.int64(28), np.int64(46), np.int64(2), np.int64(33), np.int64(49), np.int64(15), np.int64(59), np.int64(27), np.int64(21), np.int64(32), np.int64(62), np.int64(16), np.int64(53), np.int64(19), np.int64(7), np.int64(48), np.int64(50), np.int64(6), np.int64(35), np.int64(48), np.int64(12), np.int64(5), np.int64(16), np.int64(5), np.int64(13), np.int64(57), np.int64(49), np.int64(44), np.int64(47), np.int64(14), np.int64(61), np.int64(12), np.int64(6), np.int64(26), np.int64(3)]",False,False,0.0,0.0,"[57  4 20 31 42 54 44 42 24 18 46 41 11 22 22 44 18 20 44 39 31 19 44 37
 39 59 19 44 30  5 52 52  7 29 57 15 50 31  7 52  3  4 39 45 30 27 50 54
 32 38 39 28 52 12 20 26  3 31 55  7 54 43 22 49]","[27  4 20 31 40 38 44 42 44  6 46 41 11 22 15 44 27 59 44 39 17 19 44 37
 39 59 50 44 30 51 52 52  7 29 27 59 50 31 27 52  3 29 39 45 30 27 50 54
 15 38 39 55 52 12 22 58 37 31 19 42 15 27 63  6]",True,True,0.8125,0.9375,"[27  4 20 31 60 45 28 42 44  6 46 41 11  0 22 14 18 45  9 39 31 19 14 37
 44 59 50  0 30 55 52 52  7 29 27 59 50 57 27 52  3  4 46 61 30 14 42 54
 15 32 39 28 52 12 20 58 37 34 19 42  5 27 23  6]","[57  4 20 31 42 56 20 42 23  6 46 41 11 22 15 35 18 59 44 39 31 19 37 20
 39 59 19 44 30 41 52 52  7 29 27 15 35 31 27 52  3  4 39 23 24 43 23  9
 32 38 39 28 52 12 20 58 37 31 19 17 15 29 23 36]",False,False,0.140625,0.09375,0.04,1.0,1.0,1,1,25,0.04,1.0,1.0,1,1,25,1.0,0.0,0.0,25,0,0,1.0,0.0,0.0,25,0,0,1.0,0.92,0.92,25,23,23,1.0,1.0,1.0,25,25,25,1.0,0.04,0.04,25,1,1,1.0,0.12,0.12,25,3,3
[0.         0.         0.         ... 0.70781353 0.         0.        ],"[24 24 27  5 39  9 53 10 59 60 60 62  7 31 48 48 55 60 45 59  5 26 48 26
 26 19 60 60 45 10 27 55 49 27 21 26 60 17 23 59 59 35 60 49 19 59 62 11
 55 26 16 27 46 62 40 60  2 26 10 27 60 40 55 35]","[24 24 10  5 39  9  4 10  7 60 60 62  7 51 63 19 55 60 45 59  5 26 44 26
 26 19 60 60 45 10 27 55 49 27 21 26 60 10 16 59 59 35 60 49 19 59 50 11
 55 10  7 26 46 21  3 60  2 26 10 10 60 40 55 35]",True,True,0.859375,0.859375,"[np.int64(47), np.int64(8), np.int64(41), np.int64(62), np.int64(19), np.int64(38), np.int64(37), np.int64(10), np.int64(50), np.int64(11), np.int64(3), np.int64(20), np.int64(43), np.int64(53), np.int64(9), np.int64(1), np.int64(33), np.int64(19), np.int64(28), np.int64(52), np.int64(31), np.int64(8), np.int64(18), np.int64(41), np.int64(45), np.int64(46), np.int64(24), np.int64(48), np.int64(7), np.int64(17), np.int64(58), np.int64(46), np.int64(2), np.int64(21), np.int64(55), np.int64(31), np.int64(33), np.int64(46), np.int64(3), np.int64(7), np.int64(40), np.int64(3), np.int64(43), np.int64(47), np.int64(40), np.int64(0), np.int64(18), np.int64(14), np.int64(48), np.int64(30), np.int64(63), np.int64(48), np.int64(49), np.int64(28), np.int64(13), np.int64(43), np.int64(52), np.int64(35), np.int64(12), np.int64(32), np.int64(6), np.int64(46), np.int64(26), np.int64(47)]","[np.int64(6), np.int64(55), np.int64(62), np.int64(31), np.int64(6), np.int64(12), np.int64(56), np.int64(63), np.int64(14), np.int64(18), np.int64(23), np.int64(7), np.int64(42), np.int64(60), np.int64(2), np.int64(60), np.int64(57), np.int64(16), np.int64(21), np.int64(20), np.int64(31), np.int64(33), np.int64(2), np.int64(20), np.int64(44), np.int64(41), np.int64(34), np.int64(29), np.int64(58), np.int64(8), np.int64(20), np.int64(43), np.int64(9), np.int64(17), np.int64(24), np.int64(17), np.int64(46), np.int64(22), np.int64(41), np.int64(40), np.int64(35), np.int64(38), np.int64(2), np.int64(16), np.int64(26), np.int64(18), np.int64(54), np.int64(27), np.int64(18), np.int64(54), np.int64(2), np.int64(7), np.int64(3), np.int64(15), np.int64(62), np.int64(8), np.int64(37), np.int64(49), np.int64(33), np.int64(21), np.int64(39), np.int64(40), np.int64(56), np.int64(19)]",False,False,0.0,0.0,"[24 24 27  5 46  9 53 10  7 60 60 62  7 51 32 63 55 60 45 43 19 26 48 26
 26 19 60 60  3 10 27 55 57 27 58 26 60 10 23 16 59 35 60 49  4 23 62 11
 55 26  7 26 28 21  3 60  2 26 10 27 60 40 55 35]","[25 18 10  5 39  9  4 23 59 60 60 62 50 31 32 32 39 60 43 59  5 26 48 26
 26 19 60 60  3 10 27  5 49 27 21 26 60 10 23 29  4 35 60 39 15 59 62 11
 51 16 16 26 46 21 40 60  2 26 10 27 60  6 55 35]",True,True,0.8125,0.9375,"[24 33 10  5 39  9 53 23  7 60 60 62  7 31 48 48 55 60 45 30  5 26 48  7
 59 19 60 60 45 16 19 55 14 27 38 26 60 55 16  2 59 35 60 19 34 59 62 11
 55 10 16 27 46 62  3 60  2 32 10 27 60  6 55 59]","[24 33 27 28 39 31 53 23 59 60 60 38 50 51 63 32 49 60 45 43 19 26 48  7
 26  0 60 60  3 35  2 55 49 20 44 29 60 55 16 29 54 35 60 41 22 21  4 11
 55 10 16 27 46 45 40 60  2 26 10 27 60 40 55 15]",False,False,0.140625,0.09375,0.04,1.0,1.0,1,1,25,0.04,1.0,1.0,1,1,25,1.0,0.0,0.0,25,0,0,1.0,0.0,0.0,25,0,0,1.0,0.96,0.96,25,24,24,1.0,1.0,1.0,25,25,25,1.0,0.04,0.04,25,1,1,1.0,0.08,0.08,25,2,2
[0.500999 0.       0.       ... 0.       0.       0.      ],"[28 28 54  2 19 58 28  2 58  5  9 50 24  2 50 54 31 24 49 63 24 32  3 47
 48 55 17 47  2 63  5 49 24 20  5 13 58 49 45 54 36 35 50 49 55  2 13 48
 58  8  5 54  9 32 58  5 30 39 58 40 12 49 19  5]","[28 28  8  2 19 58 28  2 58  5  9 32 24  2 50 54 31 24 49 32 49 32 42 18
 48 55 17 13  2 18  5 49 34  4  5 13 58 49 33 54 36 35 29 49 55  2 13 48
 58  8  5  8 18 32 58  5 30 39 58 40 12 49 18  5]",True,True,0.859375,0.859375,"[np.int64(29), np.int64(5), np.int64(10), np.int64(43), np.int64(23), np.int64(2), np.int64(46), np.int64(22), np.int64(37), np.int64(0), np.int64(40), np.int64(29), np.int64(52), np.int64(22), np.int64(55), np.int64(26), np.int64(29), np.int64(2), np.int64(26), np.int64(19), np.int64(32), np.int64(29), np.int64(43), np.int64(7), np.int64(30), np.int64(46), np.int64(48), np.int64(2), np.int64(36), np.int64(48), np.int64(24), np.int64(48), np.int64(49), np.int64(28), np.int64(28), np.int64(45), np.int64(16), np.int64(29), np.int64(11), np.int64(7), np.int64(40), np.int64(33), np.int64(5), np.int64(5), np.int64(36), np.int64(25), np.int64(10), np.int64(35), np.int64(52), np.int64(33), np.int64(52), np.int64(22), np.int64(35), np.int64(62), np.int64(41), np.int64(26), np.int64(61), np.int64(43), np.int64(49), np.int64(40), np.int64(0), np.int64(16), np.int64(34), np.int64(27)]","[np.int64(10), np.int64(10), np.int64(9), np.int64(54), np.int64(32), np.int64(9), np.int64(47), np.int64(60), np.int64(36), np.int64(25), np.int64(27), np.int64(50), np.int64(58), np.int64(22), np.int64(36), np.int64(23), np.int64(13), np.int64(62), np.int64(52), np.int64(45), np.int64(58), np.int64(47), np.int64(56), np.int64(31), np.int64(19), np.int64(38), np.int64(21), np.int64(47), np.int64(4), np.int64(52), np.int64(53), np.int64(7), np.int64(23), np.int64(11), np.int64(14), np.int64(55), np.int64(34), np.int64(23), np.int64(48), np.int64(39), np.int64(52), np.int64(48), np.int64(5), np.int64(60), np.int64(33), np.int64(8), np.int64(12), np.int64(42), np.int64(51), np.int64(47), np.int64(39), np.int64(34), np.int64(45), np.int64(37), np.int64(56), np.int64(33), np.int64(31), np.int64(2), np.int64(57), np.int64(9), np.int64(58), np.int64(10), np.int64(2), np.int64(6)]",False,False,0.0,0.0,"[28 53  8  2 19 58 28 13 58  5  9 32 24  2 50  2 31 24 49 32 49 32 21 50
  5 55 17 30  2 63  5 49 24 20  5 13 58 49 45 54 36 35 30 49 55  7 13 48
 58  8  5  8  9 17 58  5 62 49 58 40 12 49 10  5]","[28 28  8  2 52 58 62 63 58 49  9 50 24 27 50 54 31 24 49 63 49 32 42 50
 48 12 17 60 12 57 24 49  2  0  5 13 58 49 45 54 36 35 30 49 55  7  4 48
 58  8  5  8  9 18 58  5 52 39 58 40 12 49 18  5]",True,True,0.8125,0.9375,"[33 28  8  2 46 58 28  2 58 49  3 50 24  2 50 54 31 24 62 62 49 32  3 47
 48 55 31 47  2 63  5 12 34 20  5 13 58 49 33 54 36 35 22 61 55  7  4 48
 58  8 14 54  9  1 58  5 30 17 58 40 27 49 18  5]","[28 28 54 10 19 58 62  2 58  5  1 32 28 18 50 54 31 24 53 32 24 32 42 57
 20 19 17 60 39 63 27 49 34 38  5 13 58 49 33 28 36 35 50 49  0  7 13 48
 58  8  5  8  4 32 58  5 62 29 58 40 12 49 18  7]",False,False,0.140625,0.09375,0.04,1.0,1.0,1,1,25,0.04,1.0,1.0,1,1,25,1.0,0.0,0.0,25,0,0,1.0,0.0,0.0,25,0,0,1.0,1.0,1.0,25,25,25,1.0,1.0,1.0,25,25,25,1.0,0.08,0.08,25,2,2,1.0,0.08,0.08,25,2,2
[0.500999 0.       0.       ... 0.       0.       0.      ],"[10 41 44 41 39 24  8 58 56 49 56 42  4 24 10 27 58 33  7  7 63 29 22 49
 63 24 10 10 56 20 20 51 58 32  7 50 42 41 43 22 50 56 20 50 49 14  4 43
 39 63 53 10 36 22 35 51 53 35 53 28 35 62 10 39]","[41 41 44 32 39 37  8 58 56 49 12  3  4 32  9 27 58 33  7  7 63 15 22 49
 63 32 10 41 56 20 20  6 58 32 38 49 13 41 37 22 27 56 20 50 49 13  4 46
 39 63 53 10 36 22 35 21 53 35 53 13 35 60  1 39]",True,True,0.859375,0.859375,"[np.int64(13), np.int64(9), np.int64(33), np.int64(11), np.int64(25), np.int64(47), np.int64(39), np.int64(41), np.int64(51), np.int64(18), np.int64(3), np.int64(56), np.int64(5), np.int64(55), np.int64(5), np.int64(1), np.int64(41), np.int64(53), np.int64(36), np.int64(56), np.int64(6), np.int64(33), np.int64(2), np.int64(18), np.int64(45), np.int64(43), np.int64(15), np.int64(22), np.int64(48), np.int64(17), np.int64(33), np.int64(8), np.int64(34), np.int64(54), np.int64(15), np.int64(2), np.int64(43), np.int64(13), np.int64(2), np.int64(25), np.int64(48), np.int64(2), np.int64(28), np.int64(11), np.int64(57), np.int64(45), np.int64(28), np.int64(11), np.int64(14), np.int64(38), np.int64(32), np.int64(51), np.int64(30), np.int64(63), np.int64(59), np.int64(33), np.int64(19), np.int64(5), np.int64(50), np.int64(56), np.int64(16), np.int64(3), np.int64(37), np.int64(20)]","[np.int64(63), np.int64(1), np.int64(21), np.int64(12), np.int64(7), np.int64(38), np.int64(8), np.int64(32), np.int64(54), np.int64(56), np.int64(26), np.int64(54), np.int64(31), np.int64(25), np.int64(19), np.int64(20), np.int64(3), np.int64(32), np.int64(9), np.int64(31), np.int64(19), np.int64(23), np.int64(33), np.int64(1), np.int64(25), np.int64(23), np.int64(5), np.int64(26), np.int64(17), np.int64(22), np.int64(10), np.int64(38), np.int64(50), np.int64(63), np.int64(58), np.int64(13), np.int64(29), np.int64(15), np.int64(11), np.int64(24), np.int64(27), np.int64(17), np.int64(31), np.int64(25), np.int64(45), np.int64(24), np.int64(24), np.int64(25), np.int64(63), np.int64(36), np.int64(32), np.int64(62), np.int64(13), np.int64(9), np.int64(50), np.int64(59), np.int64(57), np.int64(13), np.int64(26), np.int64(22), np.int64(43), np.int64(42), np.int64(38), np.int64(29)]",False,False,0.0,0.0,"[41  6 44 41 39 37  8 58 48 27 56 42 10 37 10 27 58 33  7  7 63 29 22 27
 25 29 40 40 56 16 13  6 58 15 38 28 42 38  3 22 50 56 20 50 27 14  8 43
 39 20 53 31 36 22 35 21 53 35 53 28 42 60 10 39]","[26 51 44 38 39 37  1 58  6 49  0 42 10 44  9 30 58 33  7  7 63 15 22 49
 63 29 35  9 56 16 13 51 49 32 38 50 42 20 43 22 50 27 20 50 49 47  4 46
 39 50 53 20 36 22 35 51 53 35 53 13 35 54 10 39]",True,True,0.8125,0.9375,"[41 41 44 41 39 24 44 58 48 32 56  3  4 16 51 27 58 33  7  7 30 15 22 49
 30 30  0 44 56 20 15 51 58 42 51 44 42 38  3 22 50 20 20 44 62 47  4 43
 39 63 58 10 36 22 61 51 53 35  7 13 35 54 44 39]","[41  6 44 32 39 14  8 34 48 49 27 42 10 16 51 27 58 33  7  7 49 15 22 49
 63 32 10 40 56 20 20 51 49 32 60 49 42 13 43 22 50 32 60 44  6 13  4 43
 39 32 53 14 36 22 35 21 53 35 53 62 34 62 10 49]",False,False,0.140625,0.09375,0.04,1.0,1.0,1,1,25,0.04,1.0,1.0,1,1,25,1.0,0.0,0.0,25,0,0,1.0,0.0,0.0,25,0,0,1.0,0.84,0.84,25,21,21,1.0,1.0,1.0,25,25,25,1.0,0.04,0.04,25,1,1,1.0,0.12,0.12,25,3,3
[0.         0.500999   0.         ... 0.         0.         1.00049988],"[55  0 62 43 38 24 11 61 48 41 27 38 24 24 20 26  5  0 32 33 53 42  2 49
 53 57 44 49  5 25 50 55 44 41 20 36 26 61 57  8 45 49 47  0  0 62 39 53
 20 53 13 13 20 55  0 55 44 53 54 26 19 43  0  1]","[55  0 62 43 38 24 40 61 48 41 27 38 24 24 20 32  5  0 32 33 53 61 40 49
 53 57 43 49  5 25 11 55 44 61 20 36 26  5 57  8 45 49 47  0  0 62 29 53
 20 53 13  5 20 55  0 55 44 53 54 26 19  1  0  5]",True,True,0.859375,0.859375,"[np.int64(44), np.int64(35), np.int64(31), np.int64(12), np.int64(51), np.int64(48), np.int64(46), np.int64(52), np.int64(22), np.int64(49), np.int64(41), np.int64(35), np.int64(55), np.int64(11), np.int64(44), np.int64(24), np.int64(56), np.int64(9), np.int64(11), np.int64(56), np.int64(44), np.int64(42), np.int64(37), np.int64(16), np.int64(33), np.int64(41), np.int64(2), np.int64(8), np.int64(33), np.int64(34), np.int64(46), np.int64(7), np.int64(6), np.int64(59), np.int64(63), np.int64(6), np.int64(8), np.int64(61), np.int64(5), np.int64(49), np.int64(56), np.int64(21), np.int64(48), np.int64(54), np.int64(54), np.int64(39), np.int64(32), np.int64(52), np.int64(12), np.int64(19), np.int64(38), np.int64(45), np.int64(58), np.int64(6), np.int64(23), np.int64(19), np.int64(13), np.int64(57), np.int64(56), np.int64(51), np.int64(34), np.int64(23), np.int64(27), np.int64(3)]","[np.int64(16), np.int64(38), np.int64(18), np.int64(58), np.int64(42), np.int64(7), np.int64(53), np.int64(53), np.int64(2), np.int64(51), np.int64(24), np.int64(19), np.int64(26), np.int64(23), np.int64(6), np.int64(42), np.int64(62), np.int64(51), np.int64(34), np.int64(22), np.int64(62), np.int64(21), np.int64(45), np.int64(5), np.int64(46), np.int64(60), np.int64(11), np.int64(52), np.int64(37), np.int64(57), np.int64(43), np.int64(20), np.int64(1), np.int64(0), np.int64(54), np.int64(19), np.int64(33), np.int64(18), np.int64(56), np.int64(7), np.int64(56), np.int64(17), np.int64(15), np.int64(5), np.int64(3), np.int64(13), np.int64(17), np.int64(32), np.int64(24), np.int64(60), np.int64(58), np.int64(38), np.int64(47), np.int64(5), np.int64(51), np.int64(49), np.int64(3), np.int64(17), np.int64(42), np.int64(59), np.int64(23), np.int64(36), np.int64(46), np.int64(59)]",False,False,0.0,0.0,"[55  0 62 47 38 24 22 15 48 41 27 38 43 43 24 42 12  0 32 33 53 42  2 48
 53 57 43 49  7  4 50 55 44 41 20 36 26 61 42  8  6 49 47  0  0 62 39 53
 20 53 21  5 20 55  0 55 44 53 54 26 19  7  0 10]","[55  0 28 47 33 24 11 15 48 41 27 38 24 52 20 51  5  0 32 33 53 61  2 49
 53 29 48 49  5  4 11 55  5 41 20 36 26  5 57  8 45 49 47  0 57  5 39 53
 20 53 13  5  5 55  0 55  4 53 19 26 19  1  0  5]",True,True,0.8125,0.9375,"[55  0 28 43 38 51 11 61 48 11 27 38 24 24 20 51  8  0 32 33 53 61  2 48
 53 57 43 49  2 25 11 55 44 41 20 36 26  5  1  8 45 49 47  0 26  5 29 53
 20 53 13 13 48 55  0 55 44 53 54 26 19 37  0 10]","[55 38 28 43 29 24 40 28 48 41 27 38 43 43 24 32  5  0 32 58 53 42 40 49
 53 57 43 61  5  4 11 55  5 61 20 36 32  2 42  8 15 49 15  0  0 62 39 53
 20 53  8  5 48 55  0 55 44 53 54 26 19  1  0  1]",False,False,0.140625,0.09375,0.04,1.0,1.0,1,1,25,0.04,1.0,1.0,1,1,25,1.0,0.0,0.0,25,0,0,1.0,0.0,0.0,25,0,0,1.0,0.96,0.96,25,24,24,1.0,1.0,1.0,25,25,25,1.0,0.04,0.04,25,1,1,1.0,0.08,0.08,25,2,2
[0.500999   0.         0.         ... 0.         1.00049988 1.00049988],"[35 35 62 21 62 44 35 45 10 36 59 16 24 62  8 59 37 48 37 45 28 59 10 46
  7 37 37 26 54 53 15  8 22 62 52 15 54 45 37 40 51 15 28 51 19 59 54  5
 21 40 35 59 10 18 59 36 50 18 16 59 44 43 51 58]","[35 35 62 21 62 24 35 45 10  4 59 16 24 43 24 59 35 41 48 45 30 59 10  8
  7 37 30 26 54 53 15  8 22 62 52 15 43 45 37  3 51 15 39 51 19 59 54  5
 21 13  3 59 10 18 59  7 20 18 16 59 14 43 51 58]",True,True,0.859375,0.859375,"[np.int64(46), np.int64(0), np.int64(40), np.int64(26), np.int64(45), np.int64(7), np.int64(45), np.int64(27), np.int64(43), np.int64(18), np.int64(32), np.int64(47), np.int64(24), np.int64(18), np.int64(3), np.int64(22), np.int64(39), np.int64(23), np.int64(9), np.int64(43), np.int64(45), np.int64(16), np.int64(28), np.int64(6), np.int64(1), np.int64(11), np.int64(46), np.int64(11), np.int64(17), np.int64(25), np.int64(6), np.int64(25), np.int64(3), np.int64(11), np.int64(61), np.int64(22), np.int64(16), np.int64(15), np.int64(1), np.int64(43), np.int64(37), np.int64(6), np.int64(29), np.int64(62), np.int64(51), np.int64(44), np.int64(45), np.int64(27), np.int64(46), np.int64(1), np.int64(31), np.int64(27), np.int64(26), np.int64(10), np.int64(7), np.int64(39), np.int64(5), np.int64(28), np.int64(40), np.int64(48), np.int64(6), np.int64(47), np.int64(22), np.int64(27)]","[np.int64(19), np.int64(23), np.int64(0), np.int64(22), np.int64(12), np.int64(49), np.int64(2), np.int64(12), np.int64(24), np.int64(45), np.int64(46), np.int64(41), np.int64(19), np.int64(56), np.int64(23), np.int64(13), np.int64(34), np.int64(8), np.int64(0), np.int64(40), np.int64(57), np.int64(46), np.int64(19), np.int64(56), np.int64(22), np.int64(4), np.int64(17), np.int64(10), np.int64(14), np.int64(3), np.int64(52), np.int64(5), np.int64(54), np.int64(13), np.int64(11), np.int64(6), np.int64(38), np.int64(34), np.int64(38), np.int64(47), np.int64(53), np.int64(44), np.int64(14), np.int64(5), np.int64(25), np.int64(43), np.int64(36), np.int64(63), np.int64(24), np.int64(25), np.int64(63), np.int64(14), np.int64(36), np.int64(19), np.int64(1), np.int64(45), np.int64(1), np.int64(17), np.int64(2), np.int64(54), np.int64(62), np.int64(62), np.int64(63), np.int64(17)]",False,False,0.0,0.0,"[22 26 62 21 43 24 35 45 10 36 59  5 24 62  8 59 11 41 48 45  8 59 10 46
 14 37 25 26 54 53 15  8 22 62 52 15 54 45 37  3 51 15 28 51 19 59 54  5
 21 41  3 59 10 18 59  7 20 18 33 59 14 43 51 58]","[22 35 62 21 43 44 35 45 10 36 59 16 56 43 42 59 32 41 37 45 30 59 19 38
  7 37 22  1 54 53 15  8 22 62 17 15 43 43 37 40 51 15 39 51 19 59 54  5
 21 13  2 59 10 11 59 22 58 18 16 59 44 43 51 58]",True,True,0.8125,0.9375,"[35 35 50 21 62  9 35 55 10 36 59 16 56 62 24 59 35 34 37 45 28 59 39 53
 14 37 37  1 54 53 15  8 22 62 52 15 54 45 23 49 51 15 44 51 19 59 54  5
 21 39 13 59 10 31 59  7 20 18 16 59 44 43 51 58]","[52 26 62 39  9 24 35 45 14 36 59 53 24 17  8 59  7 13 22 48 30 59 10  8
 41 37 37  1 54 53 15  8 22 62 17 15 43 45  0  3 39 15 39 51 50 59 54  5
 21 39  3 59 10 18 59  7 58 18 16 59 14 43 51 58]",False,False,0.140625,0.09375,0.04,1.0,1.0,1,1,25,0.04,1.0,1.0,1,1,25,1.0,0.0,0.0,25,0,0,1.0,0.0,0.0,25,0,0,1.0,0.88,0.88,25,22,22,1.0,1.0,1.0,25,25,25,1.0,0.2,0.2,25,5,5,1.0,0.04,0.04,25,1,1
[1.00049988 0.         0.         ... 0.         0.         0.        ],"[55 34 16 39 34 45 60 27  6 49  4 27 62 39 45 25 34 58 45 25 60 62 19  7
 13 23 62 27 39 25 31  6 28 37 27  1  4  7  4 34 37 13 51 62 16  7  2 34
 31  1 25  1 37 23 57 62  8 45 13 28 27 20 60 51]","[55 34 16 39 34 45 60 27  6 49  4 27 62  4 45 38 11 58 45 35 60 62 19  7
 13 23 62 27 39 25 21 37  5 37 27  1  4  7  4 34 37 13 51 62 16  7  2 60
 10 13 25  1 37 23 57 62 30 38 13 25 27 20 60 44]",True,True,0.859375,0.859375,"[np.int64(26), np.int64(19), np.int64(47), np.int64(38), np.int64(46), np.int64(63), np.int64(46), np.int64(8), np.int64(2), np.int64(54), np.int64(14), np.int64(17), np.int64(18), np.int64(42), np.int64(12), np.int64(10), np.int64(21), np.int64(38), np.int64(56), np.int64(58), np.int64(4), np.int64(42), np.int64(44), np.int64(5), np.int64(10), np.int64(3), np.int64(35), np.int64(4), np.int64(34), np.int64(13), np.int64(40), np.int64(20), np.int64(25), np.int64(52), np.int64(14), np.int64(50), np.int64(59), np.int64(24), np.int64(8), np.int64(62), np.int64(47), np.int64(49), np.int64(16), np.int64(8), np.int64(63), np.int64(25), np.int64(58), np.int64(33), np.int64(5), np.int64(34), np.int64(44), np.int64(55), np.int64(17), np.int64(30), np.int64(33), np.int64(62), np.int64(0), np.int64(46), np.int64(23), np.int64(61), np.int64(40), np.int64(55), np.int64(23), np.int64(22)]","[np.int64(10), np.int64(63), np.int64(40), np.int64(53), np.int64(55), np.int64(15), np.int64(31), np.int64(26), np.int64(15), np.int64(10), np.int64(29), np.int64(35), np.int64(25), np.int64(61), np.int64(20), np.int64(23), np.int64(11), np.int64(31), np.int64(39), np.int64(16), np.int64(42), np.int64(4), np.int64(43), np.int64(60), np.int64(1), np.int64(12), np.int64(53), np.int64(26), np.int64(9), np.int64(54), np.int64(63), np.int64(16), np.int64(58), np.int64(52), np.int64(25), np.int64(49), np.int64(55), np.int64(20), np.int64(23), np.int64(52), np.int64(38), np.int64(10), np.int64(37), np.int64(0), np.int64(55), np.int64(15), np.int64(58), np.int64(4), np.int64(25), np.int64(55), np.int64(44), np.int64(26), np.int64(14), np.int64(60), np.int64(7), np.int64(39), np.int64(14), np.int64(9), np.int64(6), np.int64(25), np.int64(48), np.int64(5), np.int64(41), np.int64(52)]",False,False,0.0,0.0,"[55 34  1 39 34 45 60 27  6 49  4 27 20 20 45 38 11 58 45  8 60 62 19  7
 13 23 62 27 39 14 36  6  5 49 27  1  4  7  4 13 21 13 51 62  4  7  2 34
 10  1  5  1  3 43 58 62  8 45 13 28 27 20 60 51]","[55 34 16 39 34 45 60 27  2 54  4 27 62 20 10 25 34 58 45 25 60 62 19  7
 13 51 62 27 39 55 31  6 28 51 27  1  4  7  4 34 37 13 51 62  4 39  2 60
 52  1 25  1 41 43 57 41 30 35 13 25 27 20 60 44]",True,True,0.8125,0.9375,"[55  2 16 39 34 45 60 27  6 49  4 27 62 49 29 25 34 58 45 25 60 62 42  7
 13 59 62 27 39 14 51  6  5 37 27 12  4 33 57 34 55 52 51 51  4 18 18 60
 52  1  5  1 35 23  9 29 30 45 55 28 27 20 60 44]","[55 34 16 53 13 45 60 27  6 49  4 27 62  4 29 38 34 58 46 35 60 13 19  7
 13 52 62 27 59 25 21 37  5  8 27 12  4 40  1 20 37 52 51 62  4 61 18 45
 10 33 25 30 48 43 58 62 30 35 55  9 27 20 60 51]",False,False,0.140625,0.09375,0.04,1.0,1.0,1,1,25,0.04,1.0,1.0,1,1,25,1.0,0.0,0.0,25,0,0,1.0,0.0,0.0,25,0,0,1.0,0.88,0.88,25,22,22,1.0,1.0,1.0,25,25,25,1.0,0.08,0.08,25,2,2,1.0,0.08,0.08,25,2,2
[0.         1.00049988 0.         ... 0.         0.         1.00049988],"[50 58 52 52 43 46 58 53  9 43 16 25 60 50 54 61 17 43 34 50 30 61  3 46
  6 60 54 17  2 14 17 55 51 27 61 12 16 53 30 42  3 53 26 43 58 29 52 50
 60  9 54  4 43 54 43 46 47 50 52 60 54 54  2 57]","[ 6 58 52 52 43 46 58 44  9 43 16 25 60  6 54 53 17 43  0  3 30 61  3 46
  6 16 54 17  2 14 17 55 51 27 27 12 16 53 30 42  3  3 26 43 58 29 52 14
 51  9 54  4 43 54 43  7 47 44 17 60 54  9  2 57]",True,True,0.859375,0.859375,"[np.int64(25), np.int64(16), np.int64(55), np.int64(44), np.int64(13), np.int64(63), np.int64(50), np.int64(50), np.int64(13), np.int64(37), np.int64(41), np.int64(57), np.int64(16), np.int64(58), np.int64(55), np.int64(19), np.int64(44), np.int64(36), np.int64(14), np.int64(6), np.int64(42), np.int64(9), np.int64(57), np.int64(33), np.int64(15), np.int64(2), np.int64(58), np.int64(47), np.int64(37), np.int64(6), np.int64(57), np.int64(39), np.int64(2), np.int64(36), np.int64(51), np.int64(55), np.int64(40), np.int64(51), np.int64(39), np.int64(52), np.int64(61), np.int64(5), np.int64(55), np.int64(34), np.int64(19), np.int64(63), np.int64(60), np.int64(51), np.int64(39), np.int64(30), np.int64(0), np.int64(26), np.int64(5), np.int64(36), np.int64(31), np.int64(38), np.int64(60), np.int64(16), np.int64(42), np.int64(55), np.int64(34), np.int64(17), np.int64(50), np.int64(30)]","[np.int64(11), np.int64(47), np.int64(45), np.int64(1), np.int64(32), np.int64(36), np.int64(46), np.int64(11), np.int64(34), np.int64(19), np.int64(54), np.int64(11), np.int64(49), np.int64(4), np.int64(20), np.int64(7), np.int64(15), np.int64(13), np.int64(9), np.int64(2), np.int64(60), np.int64(57), np.int64(34), np.int64(33), np.int64(57), np.int64(12), np.int64(32), np.int64(2), np.int64(34), np.int64(25), np.int64(25), np.int64(60), np.int64(29), np.int64(63), np.int64(44), np.int64(30), np.int64(60), np.int64(5), np.int64(39), np.int64(26), np.int64(18), np.int64(34), np.int64(19), np.int64(29), np.int64(1), np.int64(41), np.int64(5), np.int64(31), np.int64(16), np.int64(53), np.int64(49), np.int64(61), np.int64(59), np.int64(49), np.int64(14), np.int64(33), np.int64(47), np.int64(28), np.int64(12), np.int64(43), np.int64(27), np.int64(23), np.int64(40), np.int64(24)]",False,False,0.0,0.0,"[ 6 61 52 52 43 23 58 51 53 43 36 28 60 50 54 32 17 43  0 61 30 61  3 46
  6 60 54 17  2 18 17 55 51 27 61 12 16  3 30 42 59 57  1 43 19 29 52 36
 60  9 54  4 43 54 43 46 47 30 17 60 54 54  2  0]","[59 61 16 52 43 46 58 29  9 43 16 28 60 46 54 53 17 43  0 44 30 61  3  5
 40 60 54 17  2 14 17 55 15 39 61 12 47  3 30 42  3  8  1 43 58 29 52 50
 60  9 54  4 43 54 43 46 47 44 17 60 54  9 19 59]",True,True,0.8125,0.9375,"[18 16 52  2 43 51 58 44  9 43 16 25 60 46 54 46 17 43 29 61 62 41  3 46
  6 60 52 17  2 14 17 55 15 27 40 12 47  3 37 12  3 59 26 43 58 29 52 50
 51  9 54  4 43 54 43 46 47 32  9 34 54 54 19 57]","[37 58 16 19 43 46  2 29  9 43 16 28 60  6 54 46 17 43  0  3 62 61  3 46
  6 60 52 17  2 38 51 55 51 39 61 12 16 53 30 42  3 21 26 43 58 29 13 32
 51 61 19  4 43  8 43 46 47 44 17 40 34 54  2 59]",True,False,0.140625,0.09375,0.04,1.0,1.0,1,1,25,0.04,1.0,1.0,1,1,25,1.0,0.0,0.0,25,0,0,1.0,0.0,0.0,25,0,0,1.0,1.0,1.0,25,25,25,1.0,1.0,1.0,25,25,25,1.0,0.16,0.16,25,4,4,1.0,0.12,0.12,25,3,3
[0.         0.         0.70781353 ... 1.00049988 0.         0.        ],"[57 52 58 34 47 54 44 10  6 40 20 20 57 40 29 39 58 10 57 14 31 28 47 56
 56 20 28 44 44 31 44 31 24 52 39 27  6 57 58 58 28 47 43 29 31 27 43 57
 27 39 53 62 58 39 58 16 29 31 31 38 53 43 44 33]","[57 11 58 63 16 36 20 10  6 40 20 20 57 40 29 39 58 10 58 14 31 28 47 56
 56 20 10 44 44 31 44 31 24 52  2 27 12 57 58 58 37 47 43 29 31 18 38 57
 11 18 53 30 58 39 58 16 57 31 31 23 63 43 44 36]",True,True,0.859375,0.859375,"[np.int64(30), np.int64(37), np.int64(30), np.int64(3), np.int64(3), np.int64(38), np.int64(57), np.int64(61), np.int64(58), np.int64(4), np.int64(49), np.int64(15), np.int64(2), np.int64(58), np.int64(49), np.int64(5), np.int64(58), np.int64(45), np.int64(44), np.int64(43), np.int64(28), np.int64(15), np.int64(14), np.int64(5), np.int64(62), np.int64(16), np.int64(24), np.int64(51), np.int64(5), np.int64(9), np.int64(20), np.int64(50), np.int64(55), np.int64(38), np.int64(38), np.int64(37), np.int64(12), np.int64(6), np.int64(13), np.int64(27), np.int64(61), np.int64(14), np.int64(32), np.int64(52), np.int64(47), np.int64(25), np.int64(55), np.int64(61), np.int64(62), np.int64(6), np.int64(25), np.int64(58), np.int64(2), np.int64(50), np.int64(9), np.int64(2), np.int64(22), np.int64(42), np.int64(7), np.int64(50), np.int64(48), np.int64(27), np.int64(35), np.int64(55)]","[np.int64(60), np.int64(21), np.int64(18), np.int64(44), np.int64(56), np.int64(46), np.int64(16), np.int64(27), np.int64(24), np.int64(55), np.int64(45), np.int64(5), np.int64(35), np.int64(50), np.int64(26), np.int64(19), np.int64(38), np.int64(5), np.int64(50), np.int64(23), np.int64(9), np.int64(10), np.int64(27), np.int64(25), np.int64(26), np.int64(11), np.int64(35), np.int64(39), np.int64(47), np.int64(1), np.int64(62), np.int64(17), np.int64(23), np.int64(47), np.int64(42), np.int64(34), np.int64(32), np.int64(15), np.int64(36), np.int64(52), np.int64(13), np.int64(49), np.int64(26), np.int64(46), np.int64(63), np.int64(23), np.int64(55), np.int64(9), np.int64(15), np.int64(29), np.int64(5), np.int64(56), np.int64(48), np.int64(41), np.int64(33), np.int64(22), np.int64(49), np.int64(44), np.int64(31), np.int64(47), np.int64(26), np.int64(1), np.int64(42), np.int64(55)]",False,False,0.0,0.0,"[57 52 58 63 61 54 44 10  6 40 20 54 57 40 15 39 58 10 44 55 31 28 47 40
 38 36 28  6 44 31 44 31 24 27  2 27 12 57 58 58 37 28 60  6 31 18 38 57
 11 18 53 30 58 39 58 16 57 31 31 23 53 30 44 60]","[ 3 52 58 34 47 54 44 10  6  3 20 20 57 40 29 14 58 10 57 14 31 25 47 18
 45 20 28 44 44 31 44 31 24 27  2 45 12 57 58 58 23 47 60 29 31 18 38 57
 55 18 53 62 58 39 58 16 29 31 31 23 63 30 44 33]",True,True,0.8125,0.9375,"[43 11 37 63 16 36 20 10  6 40 20 20 56 40 29 14 39 10 57 14 31 25 47 40
 56 20 46 44 44 31 44 31 24 52 36 27  6 52 58 58 28 28 43 29 31 27 38 57
 27 18 60 62 39 39 58 16 12 31 31 23 53 43 44  4]","[ 2 16 58 34 63 63 20 10  6 40 12 54 57 40 29 14 12 48 58 55 31 23 47  6
 56 20 28 33 44 31 51 31 24 27  2 45 25 57 58 58 23 28 43  6 31 24 43 57
 27 39 60 30 58 39 58 48 57 31 31 38 63 43 18  4]",False,False,0.140625,0.09375,0.04,1.0,1.0,1,1,25,0.04,1.0,1.0,1,1,25,1.0,0.0,0.0,25,0,0,1.0,0.0,0.0,25,0,0,1.0,1.0,1.0,25,25,25,1.0,1.0,1.0,25,25,25,1.0,0.04,0.04,25,1,1,1.0,0.04,0.04,25,1,1
[0.         0.500999   0.         ... 0.         0.         1.00049988],"[55  0 62 43 38 24 11 61 48 41 27 38 24 24 20 26  5  0 32 33 53 42  2 49
 53 57 44 49  5 25 50 55 44 41 20 36 26 61 57  8 45 49 47  0  0 62 39 53
 20 53 13 13 20 55  0 55 44 53 54 26 19 43  0  1]","[55  0 62 43 38 24 40 61 48 41 27 38 24 24 20 32  5  0 32 33 53 61 40 49
 53 57 43 49  5 25 11 55 44 61 20 36 26  5 57  8 45 49 47  0  0 62 29 53
 20 53 13  5 20 55  0 55 44 53 54 26 19  1  0  5]",True,True,0.859375,0.859375,"[np.int64(12), np.int64(9), np.int64(7), np.int64(2), np.int64(15), np.int64(51), np.int64(18), np.int64(60), np.int64(26), np.int64(40), np.int64(10), np.int64(53), np.int64(33), np.int64(23), np.int64(55), np.int64(56), np.int64(53), np.int64(12), np.int64(59), np.int64(3), np.int64(19), np.int64(58), np.int64(49), np.int64(16), np.int64(30), np.int64(6), np.int64(12), np.int64(49), np.int64(28), np.int64(19), np.int64(9), np.int64(23), np.int64(54), np.int64(4), np.int64(57), np.int64(14), np.int64(47), np.int64(16), np.int64(43), np.int64(42), np.int64(12), np.int64(5), np.int64(13), np.int64(39), np.int64(7), np.int64(34), np.int64(19), np.int64(5), np.int64(8), np.int64(7), np.int64(22), np.int64(63), np.int64(32), np.int64(28), np.int64(46), np.int64(48), np.int64(48), np.int64(54), np.int64(0), np.int64(42), np.int64(32), np.int64(3), np.int64(31), np.int64(32)]","[np.int64(2), np.int64(17), np.int64(41), np.int64(37), np.int64(49), np.int64(20), np.int64(48), np.int64(37), np.int64(14), np.int64(12), np.int64(20), np.int64(20), np.int64(10), np.int64(26), np.int64(30), np.int64(40), np.int64(5), np.int64(46), np.int64(0), np.int64(41), np.int64(62), np.int64(28), np.int64(35), np.int64(46), np.int64(46), np.int64(56), np.int64(24), np.int64(17), np.int64(8), np.int64(45), np.int64(2), np.int64(0), np.int64(45), np.int64(26), np.int64(42), np.int64(35), np.int64(54), np.int64(44), np.int64(9), np.int64(62), np.int64(2), np.int64(34), np.int64(49), np.int64(3), np.int64(24), np.int64(51), np.int64(25), np.int64(22), np.int64(25), np.int64(35), np.int64(27), np.int64(49), np.int64(40), np.int64(9), np.int64(20), np.int64(62), np.int64(51), np.int64(41), np.int64(41), np.int64(57), np.int64(63), np.int64(13), np.int64(50), np.int64(40)]",False,False,0.0,0.0,"[55  0 62 43 38 51 11 61 50 11 27 38 24 24 24 26  5  0 32 58 53 61  2 49
 53 57 43 49  5 25 50 55 44 23 20 36 32  5 57  8 45 49 47  0  0 62 39 53
 27 53 13 13 48 55  0 55 44 53 54 26 19 43  0 27]","[55  0 62 62 38 32 40 61 16 41 27 38 16 52 20 32  5  0 32 58 53 42  2 33
 53 57 43 49  2  4 11 55 44 61 36 36 32 61  1  8 45 38 38  0  0 62 29 53
 26 41 30  5  5 55  0 55 44 53 54 26 19 43  0 58]",True,True,0.8125,0.9375,"[55  0 62 43 38 51 11 28 48 41 27  9 43 24 20 32  5  0 32 58 53 42 40 33
 13 57 15 49  5 25 11 55 44 61 20 36 32 61  1  8 45 49 38 12 57 62 39 53
 52 53 13  5  5 55 58 55 44 44 54 26 19 43  0 58]","[55  0 62 47 56 51 22 28 48 41 27 38 24 43 24 32  5  0 32 58 53 50 40 49
  5 57 43 61  5  4 11 55  5 23 36 36 32  5  1  8 45 49 15  0  0  5 29 53
 20 53 13  5 48 55  0 55 44 53 54 26 19 37 43  1]",False,False,0.140625,0.09375,0.04,1.0,1.0,1,1,25,0.04,1.0,1.0,1,1,25,1.0,0.0,0.0,25,0,0,1.0,0.0,0.0,25,0,0,1.0,0.8,0.8,25,20,20,1.0,1.0,1.0,25,25,25,1.0,0.0,0.0,25,0,0,1.0,0.12,0.12,25,3,3
[1.00049988 0.         1.00049988 ... 0.         0.         1.00049988],"[59 62 52 30 54 33 52 13 62 54 42 23 48 48 33 55 62 10 13  3 30 45 50 42
 48  3 59 60  4 62 54 48 10 30 59 56 20 28 62 62 52 40  9 39 62  9 59  1
  4  4 30 33  9 50 54 33 50 20 52 30 33 49 30 59]","[59 49 52 30 54 33 52 13 50 54 42 23 48 48 57 56 62 10 13  3 30 45 50 13
 45  3 12 24  4 24 54 48 10 30 59  2 12 28 62 28 53 40  9 39 13  9 49  1
  4  4 30 48  9 50 54 33 50 28 46 30 49 49 30 59]",True,True,0.859375,0.859375,"[np.int64(7), np.int64(57), np.int64(38), np.int64(13), np.int64(11), np.int64(12), np.int64(16), np.int64(11), np.int64(39), np.int64(4), np.int64(26), np.int64(43), np.int64(1), np.int64(56), np.int64(2), np.int64(39), np.int64(16), np.int64(2), np.int64(7), np.int64(63), np.int64(39), np.int64(53), np.int64(30), np.int64(15), np.int64(58), np.int64(14), np.int64(34), np.int64(20), np.int64(61), np.int64(46), np.int64(11), np.int64(35), np.int64(53), np.int64(61), np.int64(8), np.int64(63), np.int64(13), np.int64(7), np.int64(8), np.int64(32), np.int64(35), np.int64(17), np.int64(29), np.int64(37), np.int64(18), np.int64(51), np.int64(49), np.int64(44), np.int64(48), np.int64(3), np.int64(1), np.int64(15), np.int64(49), np.int64(26), np.int64(49), np.int64(59), np.int64(9), np.int64(12), np.int64(0), np.int64(56), np.int64(39), np.int64(35), np.int64(63), np.int64(39)]","[np.int64(36), np.int64(20), np.int64(61), np.int64(46), np.int64(29), np.int64(6), np.int64(17), np.int64(58), np.int64(52), np.int64(31), np.int64(33), np.int64(7), np.int64(55), np.int64(29), np.int64(21), np.int64(5), np.int64(8), np.int64(32), np.int64(48), np.int64(24), np.int64(2), np.int64(57), np.int64(28), np.int64(13), np.int64(63), np.int64(32), np.int64(32), np.int64(19), np.int64(46), np.int64(32), np.int64(22), np.int64(23), np.int64(43), np.int64(3), np.int64(13), np.int64(32), np.int64(60), np.int64(55), np.int64(24), np.int64(40), np.int64(31), np.int64(27), np.int64(38), np.int64(32), np.int64(8), np.int64(26), np.int64(36), np.int64(31), np.int64(26), np.int64(61), np.int64(3), np.int64(41), np.int64(55), np.int64(6), np.int64(45), np.int64(35), np.int64(46), np.int64(42), np.int64(14), np.int64(29), np.int64(9), np.int64(2), np.int64(24), np.int64(57)]",False,False,0.0,0.0,"[59 62  8 30 54 33 52  6 62 54  3 23 48 62 33 55 62 25 13  3 30 62 50 63
 45  3 59 11  4 11 54 48 10 30 42 14 12 25 62 28 11 40 50 61 51 28 49 41
  4  4 30 48  9 50 54 33 50 21 46 30 33 49 30 59]","[61 49 46 30 54 33 52 13 50 54 42 22 48 23 39 56  8 39 11  3 30 22 50 42
 45  5 59 56  4 53 54 48 10 30 59  2 10 28 19 28 53 40  9 61 13  9 49  1
  4  4 49 48  9 50 54 33 50 28 10 30 49 49 30 23]",True,True,0.8125,0.9375,"[18 62 52 30 54 33 52 13 62 54 36 18 48 62 57 55 62 25 11  3 10 62 50 42
 48  5 16 25 37 62 54 48 10 30 59 14 55 31 62 43 52 40  9 39 51  9 50  1
  4 61 49 62  9 39 54 36 35 28 52 30 33 49 30 23]","[59 62  8 30 54 33 52 13 50 54 57 40 26 23 57 56 62 25 13  3 10 62 12 42
 45 17 12 25 57 53 54 37 10 30 59 56 12 28 19 28  0 40  9 61 62 28 59  1
  9  4 56 48  9 50 54 33 13 28 46 46 40  0 30 59]",False,False,0.140625,0.09375,0.04,1.0,1.0,1,1,25,0.04,1.0,1.0,1,1,25,1.0,0.0,0.0,25,0,0,1.0,0.0,0.0,25,0,0,1.0,1.0,1.0,25,25,25,1.0,1.0,1.0,25,25,25,1.0,0.08,0.08,25,2,2,1.0,0.04,0.04,25,1,1
[1.00049988 0.         0.         ... 0.         0.         1.00049988],"[60 62 49 39 39 12  2  4  3 28 51 12  3 49 33 14 35  3 22 35  7 38 33  7
 29 38 23 14 39 12 53 38 54 39  7 28 56  7 28 39 35  6  3 16 53 61 61  3
 28 45 45 10 12 28 45  2  7 61  8 14 46 39 47 50]","[23 62 49 39 39 12  2  4  3 28 51 12  3 62 33 35 35 28 22 35  7 47 33  9
 18 54 23 14 39  8  7 38 54 39  7 28 43 42 28 39 35  6  3 15 53 61 61  3
 28 45 45 10  7 28 45  2  7 61 54 14 46 39 47 23]",False,False,0.859375,0.859375,"[np.int64(18), np.int64(10), np.int64(61), np.int64(40), np.int64(1), np.int64(40), np.int64(12), np.int64(63), np.int64(56), np.int64(24), np.int64(38), np.int64(0), np.int64(28), np.int64(23), np.int64(25), np.int64(44), np.int64(47), np.int64(46), np.int64(58), np.int64(27), np.int64(33), np.int64(8), np.int64(24), np.int64(16), np.int64(53), np.int64(41), np.int64(58), np.int64(2), np.int64(20), np.int64(20), np.int64(6), np.int64(17), np.int64(57), np.int64(32), np.int64(38), np.int64(63), np.int64(29), np.int64(39), np.int64(15), np.int64(44), np.int64(27), np.int64(13), np.int64(0), np.int64(42), np.int64(36), np.int64(57), np.int64(30), np.int64(62), np.int64(12), np.int64(15), np.int64(41), np.int64(1), np.int64(22), np.int64(52), np.int64(21), np.int64(0), np.int64(36), np.int64(38), np.int64(24), np.int64(18), np.int64(38), np.int64(12), np.int64(40), np.int64(14)]","[np.int64(31), np.int64(0), np.int64(34), np.int64(11), np.int64(46), np.int64(40), np.int64(35), np.int64(25), np.int64(13), np.int64(53), np.int64(11), np.int64(41), np.int64(15), np.int64(41), np.int64(0), np.int64(54), np.int64(40), np.int64(12), np.int64(41), np.int64(24), np.int64(0), np.int64(6), np.int64(2), np.int64(62), np.int64(46), np.int64(13), np.int64(48), np.int64(4), np.int64(0), np.int64(9), np.int64(28), np.int64(57), np.int64(51), np.int64(36), np.int64(44), np.int64(34), np.int64(52), np.int64(53), np.int64(2), np.int64(38), np.int64(27), np.int64(20), np.int64(21), np.int64(0), np.int64(35), np.int64(62), np.int64(42), np.int64(30), np.int64(16), np.int64(2), np.int64(9), np.int64(9), np.int64(1), np.int64(28), np.int64(61), np.int64(27), np.int64(16), np.int64(12), np.int64(43), np.int64(46), np.int64(51), np.int64(34), np.int64(11), np.int64(11)]",False,False,0.0,0.0,"[23 18 49 39 39 12  2  4 29 28 51 12  3 49 33 35 35  3 60 35  7 38 33  7
 29 38 16 25 39 12  7 38 54 39 53 28 56 42  3 39 35  6  3 15 53 61 61  3
 28 45 25  7 12 28 45  2 40 61 54 54 21 39 14 50]","[52 62 20 39 39 56  2  4  3 28 51 12  3 62 38 14 23  3  1 49  7 38 47 59
 29 38 23 14 39 12  7 38 21 39  7 28 43  7  3 39 35  6  3 34 53 61 61  3
 16 45 18  1  7 28 59  2 40 61  8 14 21 39 47 23]",True,True,0.8125,0.9375,"[60 62 49 39 39 12  2  4  3 28 51 60  3 49 33 35 34  3 50 35  7 45 33 16
 29 54 16 14 39 12 53 38 21 39 53 28 56  7 28 39 35  6 37 34 53 54 61  3
 38 45  5 10  7 28 59  2  5 38 54 54 21 39 14 50]","[52 62 49 39 39 50  2 37  3 28 51 60  3 49 33 35 23 28 60 35  7 60 33  9
 29 38 16 14 39 12 15 38 18 39 15 28 56  7 21 39 22  6  3 15 53 61 61 21
  1 45 25  7 12 28 58  2 36 61  8 54 18 39 47 23]",False,False,0.140625,0.09375,0.04,0.0,0.0,1,0,0,0.04,0.0,0.0,1,0,0,1.0,0.0,0.0,25,0,0,1.0,0.0,0.0,25,0,0,1.0,0.4,0.4,25,10,10,1.0,0.56,0.56,25,14,14,1.0,0.0,0.0,25,0,0,1.0,0.04,0.04,25,1,1
[1.00049988 1.00049988 0.         ... 0.         0.         0.500999  ],"[42 13 16 61  6 51 63  5 35 38 38 49 47  3 15  0 17 39 26 26 44 41 61 51
 26  2 61 55 37 39 38 61 31  3 47 17 47 35 61 39 51 40 35 16 31 37 51 60
 30 29 60 29 23 30 18 27 28 46 48 46 49 17 49 51]","[26 13 16 61  6 51 43  5 35 38 38 61 47  3 15  0 17 39 26 60 44 10 61 51
 26  2 61 55 31 39 38 61 18  3 47 17 47 35 61 39 51 40 35 16 31  5 38 60
 30 29  8 29 23 10 18 61 28 38  7 46 49 17 49 51]",False,True,0.859375,0.859375,"[np.int64(62), np.int64(55), np.int64(39), np.int64(55), np.int64(19), np.int64(35), np.int64(18), np.int64(47), np.int64(45), np.int64(5), np.int64(35), np.int64(40), np.int64(15), np.int64(15), np.int64(31), np.int64(48), np.int64(15), np.int64(9), np.int64(22), np.int64(62), np.int64(19), np.int64(41), np.int64(52), np.int64(6), np.int64(54), np.int64(22), np.int64(43), np.int64(55), np.int64(4), np.int64(18), np.int64(52), np.int64(59), np.int64(63), np.int64(10), np.int64(53), np.int64(11), np.int64(39), np.int64(63), np.int64(19), np.int64(58), np.int64(31), np.int64(11), np.int64(50), np.int64(49), np.int64(31), np.int64(27), np.int64(42), np.int64(0), np.int64(1), np.int64(15), np.int64(54), np.int64(47), np.int64(11), np.int64(0), np.int64(56), np.int64(51), np.int64(36), np.int64(4), np.int64(3), np.int64(13), np.int64(16), np.int64(24), np.int64(8), np.int64(42)]","[np.int64(11), np.int64(22), np.int64(57), np.int64(23), np.int64(46), np.int64(15), np.int64(6), np.int64(38), np.int64(14), np.int64(33), np.int64(28), np.int64(49), np.int64(57), np.int64(16), np.int64(60), np.int64(50), np.int64(23), np.int64(27), np.int64(49), np.int64(8), np.int64(49), np.int64(51), np.int64(63), np.int64(54), np.int64(13), np.int64(5), np.int64(58), np.int64(8), np.int64(22), np.int64(45), np.int64(33), np.int64(8), np.int64(19), np.int64(12), np.int64(41), np.int64(34), np.int64(51), np.int64(55), np.int64(0), np.int64(39), np.int64(62), np.int64(46), np.int64(23), np.int64(30), np.int64(37), np.int64(4), np.int64(31), np.int64(5), np.int64(8), np.int64(31), np.int64(31), np.int64(47), np.int64(4), np.int64(14), np.int64(39), np.int64(33), np.int64(1), np.int64(0), np.int64(17), np.int64(31), np.int64(54), np.int64(15), np.int64(20), np.int64(49)]",False,False,0.0,0.0,"[42 13 38 61  6 51 21  5 35 38 50 49 47 37 15  0 17 39 54 60 44 10 61 37
 26  2 61 38  6 39 38 61 62  0 47 17 47 35 46 39 51 40 38 16 31  5 51 60
 30 29 60 29 41 10  7 27 58 46  7 46 49 17 49 51]","[26 13 16 16  6 51 43  5 50 38 38 49 47  3 15  0 17 39 50 60 44 52 61 51
 41  2 61 38 53 39 38 32 62  3 47 17 47 35 42 39 51 40 35 16 31 37 38 10
 30 29 60 29 23 10  7 27 28 38  7 46 49 17 49 51]",True,True,0.8125,0.9375,"[42 13 16 16  6 37 63 58 35 38 47 61 47 37 15  0 17 39 32 43 44 41 61 63
 41 52 61 55 31 39 13 61 62  0 47  8 47 35 57 39 46 40 35 16 31 37 51 60
 58 11 18 29 25 28 18 27 58 46  7 46 49 38 49 51]","[54 13 16 16  6 51 63 54 50 38 13 49 47  3 15  0 17 39 54  8 44 52 61 37
 41  2 61 55 31 39 43 61 31  3 47 17 59  5 10 39 42 24 38 16 31  5 51 60
 30 29  8 29 23 28  7 27 28 46 48 46 49 17 49 13]",False,False,0.140625,0.09375,0.04,0.0,0.0,1,0,0,0.04,1.0,1.0,1,1,25,1.0,0.0,0.0,25,0,0,1.0,0.0,0.0,25,0,0,1.0,0.76,0.76,25,19,19,1.0,0.56,0.56,25,14,14,1.0,0.0,0.0,25,0,0,1.0,0.04,0.04,25,1,1
[0.500999   0.70781353 0.500999   ... 0.         0.         1.00049988],"[ 2 36 10 36 15 14 14 44 13 37 10 52 34  1 31 45 32 27  2 15 19 27 41 44
 39 15  3 36  6 40 35 45  7 13 44 51 10 56  0  1 52 39  4 56 10 10 14 40
  7  0 48 17 15  0  1  1 34  7 25  7 53  4 11  7]","[ 2 36 10 36 15 21 43 44 51 47 10 52  3  1 31 45 32 27  2 34 19 27 33 44
 39 18  3 36 29 40 35 45  7 43 44 51 10 26  0  1 21 39  4 63 10 10 14 40
  7  0 48 17  7  0  1  1 34  7 25  7 53  4 11  7]",True,True,0.859375,0.859375,"[np.int64(61), np.int64(18), np.int64(5), np.int64(34), np.int64(11), np.int64(58), np.int64(30), np.int64(5), np.int64(58), np.int64(48), np.int64(39), np.int64(14), np.int64(21), np.int64(8), np.int64(51), np.int64(6), np.int64(32), np.int64(32), np.int64(43), np.int64(25), np.int64(15), np.int64(50), np.int64(11), np.int64(19), np.int64(18), np.int64(33), np.int64(12), np.int64(62), np.int64(52), np.int64(14), np.int64(3), np.int64(9), np.int64(7), np.int64(18), np.int64(35), np.int64(3), np.int64(11), np.int64(4), np.int64(43), np.int64(33), np.int64(35), np.int64(52), np.int64(34), np.int64(55), np.int64(60), np.int64(14), np.int64(52), np.int64(29), np.int64(10), np.int64(36), np.int64(39), np.int64(59), np.int64(40), np.int64(20), np.int64(35), np.int64(47), np.int64(14), np.int64(15), np.int64(54), np.int64(31), np.int64(24), np.int64(23), np.int64(11), np.int64(38)]","[np.int64(23), np.int64(15), np.int64(27), np.int64(44), np.int64(45), np.int64(38), np.int64(24), np.int64(46), np.int64(19), np.int64(37), np.int64(36), np.int64(13), np.int64(32), np.int64(54), np.int64(6), np.int64(2), np.int64(26), np.int64(15), np.int64(11), np.int64(30), np.int64(5), np.int64(59), np.int64(2), np.int64(35), np.int64(63), np.int64(57), np.int64(54), np.int64(5), np.int64(43), np.int64(45), np.int64(9), np.int64(57), np.int64(8), np.int64(13), np.int64(56), np.int64(35), np.int64(51), np.int64(56), np.int64(7), np.int64(37), np.int64(37), np.int64(16), np.int64(4), np.int64(59), np.int64(60), np.int64(25), np.int64(19), np.int64(53), np.int64(31), np.int64(51), np.int64(36), np.int64(6), np.int64(31), np.int64(7), np.int64(20), np.int64(6), np.int64(8), np.int64(60), np.int64(35), np.int64(57), np.int64(19), np.int64(38), np.int64(2), np.int64(19)]",False,False,0.0,0.0,"[ 2 36 10 36 15 21 43 44 13 47 10 52 34  1 31 19 41 26  2 34 19 27 47 44
 39 18  3 45  6 28 35 45 25 13 44 51 10 56  0  1 21  6  4 63 10 10 14 40
  7 20 51 17  7 52  1  1 34  7 25  7 57 40 11  7]","[ 2 36 10 36 15 29 28 44 11 47 10 52 21  1 31 52 32 27 21 15 56 27 47 44
 16 18  3 36 29 40 35 25 25 43 44 51 10 26  0 12 52 39 38 63 10 10 14 40
  7 54 48 20  7  0  1  1 34  7 25  7 53 40 11  7]",True,True,0.8125,0.9375,"[ 2 36 10 36 15 14 43 44 13 37 10  8  3  1  6 45 32 27 25 15 19 27 47 44
 39 18  3 45 29  5 35 45  7 13 44 28 10 26  0  1 29 40 38  6 10 10 14 40
 50  0 48 17 15 52  1  1 34 60 25  0 57 11 11 12]","[12 36 10 36 15 21 43 44 51 47 10 52  3 33  6 19 32 18  2 32 19 18 47 44
 16 18  3 36  6 40 35 25  7 43 44 28 10 26  0 54 21 39 38 63 10 10 14 40
  7 54 48 17  7 52 39  1 34  7 25  7 57 11 11 12]",False,False,0.140625,0.09375,0.04,1.0,1.0,1,1,25,0.04,1.0,1.0,1,1,25,1.0,0.0,0.0,25,0,0,1.0,0.0,0.0,25,0,0,1.0,0.8,0.8,25,20,20,1.0,1.0,1.0,25,25,25,1.0,0.04,0.04,25,1,1,1.0,0.04,0.04,25,1,1
[1.00049988 0.         0.         ... 0.         1.00049988 0.500999  ],"[42 31 32 37 51 34 25 29 37 41  8 49 34 49 29 13 38 50  3 29 41 33 38 44
 62 55 49  7 41 37 24 50 49 62 37 58 36 36 49 20 38 55 62 14 34  3 42 38
 25 62 37 24 56 37 41 36 41  3 24 38 25 25 36 42]","[53 31 19 37 51 34 50 38 37 41  8 48 34 38 11 16 51 50  3  8 41 51 38 22
 55 55 50  7 41 37 50 50 49 62 37  7 36 36 50 19 38 55 62 16 34  3  7 38
  3 62 37 24 39 37 34 36 41  3 24 38 25 53 36 42]",True,True,0.859375,0.859375,"[np.int64(40), np.int64(15), np.int64(46), np.int64(40), np.int64(11), np.int64(19), np.int64(21), np.int64(45), np.int64(63), np.int64(27), np.int64(51), np.int64(17), np.int64(7), np.int64(37), np.int64(22), np.int64(7), np.int64(52), np.int64(33), np.int64(10), np.int64(17), np.int64(23), np.int64(19), np.int64(33), np.int64(29), np.int64(26), np.int64(11), np.int64(47), np.int64(47), np.int64(36), np.int64(36), np.int64(11), np.int64(46), np.int64(44), np.int64(60), np.int64(13), np.int64(44), np.int64(14), np.int64(48), np.int64(39), np.int64(52), np.int64(44), np.int64(33), np.int64(0), np.int64(43), np.int64(5), np.int64(8), np.int64(44), np.int64(4), np.int64(47), np.int64(36), np.int64(62), np.int64(62), np.int64(11), np.int64(59), np.int64(12), np.int64(37), np.int64(20), np.int64(63), np.int64(47), np.int64(22), np.int64(45), np.int64(19), np.int64(24), np.int64(1)]","[np.int64(39), np.int64(35), np.int64(35), np.int64(32), np.int64(39), np.int64(39), np.int64(45), np.int64(21), np.int64(7), np.int64(13), np.int64(0), np.int64(24), np.int64(46), np.int64(56), np.int64(37), np.int64(35), np.int64(59), np.int64(60), np.int64(47), np.int64(18), np.int64(45), np.int64(42), np.int64(14), np.int64(12), np.int64(57), np.int64(27), np.int64(18), np.int64(18), np.int64(62), np.int64(10), np.int64(14), np.int64(20), np.int64(27), np.int64(18), np.int64(58), np.int64(63), np.int64(8), np.int64(63), np.int64(34), np.int64(63), np.int64(47), np.int64(48), np.int64(16), np.int64(62), np.int64(5), np.int64(37), np.int64(58), np.int64(9), np.int64(24), np.int64(16), np.int64(40), np.int64(61), np.int64(34), np.int64(10), np.int64(45), np.int64(55), np.int64(20), np.int64(61), np.int64(60), np.int64(61), np.int64(20), np.int64(12), np.int64(48), np.int64(1)]",False,False,0.0,0.0,"[27 31 12 37 30 34 33 29 37 41  8 49 34 49 29 13 38 50  3  8 41 33 45 12
 62 55 50  7 41 37 24 50 49 62 37  7 36 36 50 19 38 55 62 14 23  3 42 38
  3 62 37 41 56 37 34 36 41  3 51  7 25 53 36 42]","[42  2 19 37 51 34 29 38 37 41  7 49 34 42 11 16 51 50  3 29  2 51 28 12
 62 42 50  0 61 37 50 50 49 62 37 40 36 36 50 20 38 55 17 21 19 19  7 48
  5 62 37  3 56 37 34 36 41  3 35 38 25 44 36 42]",True,True,0.8125,0.9375,"[53 21 19 37 51 28 33 48 42 41  8 49 34 42 29 16 38  3  3 29 41 51 58 22
 62 55 50  0 41 37 50 50  2 62 37 58 36 36 49 19 38 55 62 14 34  3 35 10
  3 62 37 26 56 24 34 36 41  3 35 56 25 25 36 13]","[27 31 19 37  5 48 50 38 37 10  8 14 34 38 32 22 51 50  3  2 41 22 28 12
 62 55 51  7 22 37 50 30 14 41 37  7 36 36 50 19 17 55 17 16 34  3  7 48
  7 26 37 24 56 37 34 36 41  3 24 38 25 25 36 42]",False,False,0.140625,0.09375,0.04,1.0,1.0,1,1,25,0.04,1.0,1.0,1,1,25,1.0,0.0,0.0,25,0,0,1.0,0.0,0.0,25,0,0,1.0,0.96,0.96,25,24,24,1.0,1.0,1.0,25,25,25,1.0,0.04,0.04,25,1,1,1.0,0.16,0.16,25,4,4
[1.00049988 0.         0.         ... 0.         0.         0.500999  ],"[ 4 33 19 33 12 46 20 15 37 20 20 15 56 23 60 56 50 46  4 56 20 46 27 56
 55  9 33 12 11 52  4 19  9 20 26 33 12 25 15 35 35 26 25 39 46 38  9  1
  6 35 52 35  9 27 12  6 20 54 12 10 62  4 11 33]","[ 4 33 34 33 12 46 20 25 13 20 20 15 56 23 60  6 50 46  4 56 20 46  2 56
 55  9 33 34 45 26 49 25  9 20 26 33 23 25 55 26 35 26 25 39  1 38  9 34
  6 35 31 35  9 42 48  6 20 29 12 10 62  4 11 33]",True,True,0.859375,0.859375,"[np.int64(45), np.int64(57), np.int64(21), np.int64(35), np.int64(43), np.int64(1), np.int64(3), np.int64(51), np.int64(40), np.int64(31), np.int64(57), np.int64(13), np.int64(16), np.int64(1), np.int64(22), np.int64(63), np.int64(16), np.int64(12), np.int64(21), np.int64(15), np.int64(25), np.int64(57), np.int64(15), np.int64(7), np.int64(26), np.int64(22), np.int64(41), np.int64(57), np.int64(43), np.int64(57), np.int64(58), np.int64(0), np.int64(43), np.int64(18), np.int64(18), np.int64(35), np.int64(19), np.int64(3), np.int64(41), np.int64(14), np.int64(10), np.int64(2), np.int64(51), np.int64(37), np.int64(18), np.int64(56), np.int64(38), np.int64(59), np.int64(46), np.int64(1), np.int64(63), np.int64(20), np.int64(20), np.int64(21), np.int64(36), np.int64(4), np.int64(57), np.int64(22), np.int64(28), np.int64(6), np.int64(6), np.int64(59), np.int64(53), np.int64(54)]","[np.int64(62), np.int64(60), np.int64(30), np.int64(41), np.int64(59), np.int64(19), np.int64(39), np.int64(13), np.int64(24), np.int64(45), np.int64(33), np.int64(35), np.int64(37), np.int64(52), np.int64(9), np.int64(3), np.int64(21), np.int64(48), np.int64(62), np.int64(24), np.int64(17), np.int64(47), np.int64(4), np.int64(31), np.int64(28), np.int64(26), np.int64(13), np.int64(10), np.int64(9), np.int64(24), np.int64(39), np.int64(44), np.int64(32), np.int64(20), np.int64(3), np.int64(60), np.int64(29), np.int64(57), np.int64(52), np.int64(58), np.int64(59), np.int64(1), np.int64(37), np.int64(27), np.int64(15), np.int64(4), np.int64(58), np.int64(8), np.int64(15), np.int64(15), np.int64(63), np.int64(3), np.int64(15), np.int64(8), np.int64(8), np.int64(2), np.int64(32), np.int64(51), np.int64(53), np.int64(61), np.int64(14), np.int64(26), np.int64(21), np.int64(3)]",False,False,0.0,0.0,"[43 33 19 33 12 61 20 15 47 20 20 15 33 23 35 56 50 46  4 56 20 46 27 56
 55  9 33 12 11 26 49  1  1 20  1 33 12 25  7 26 35 26 40 39  1 51 44  1
 33 47 29  3 29 21 48  6 20 54 12  1 14 44 11 33]","[43 33 19 33 36 46 20 25 37 20 20 34 56 23 60  6 50 46 40 56 20 46  2 56
 55  9 33 34 53 52  8 25  9 20 37 33 23 25 55 35 35 55 25 39  1 38  9 34
  6 47 52 35  9 21 48  6 20 29  7 19 62 44 11 33]",False,True,0.8125,0.9375,"[ 4 33 19 33 12 46 20 25 13 20 20 34 56 29 60 56 50 46 40 56 20 46 27 15
 55  9 33 12 45 57  8 19 48 20  2 33 12 25 15 13 42 26 40 39 61 51 17  1
  6 44 52 35  9 27 48  6 20 53 12 19 62 44 11 33]","[ 4 33 34 33 40 46 20 25 47 20 20 15 56 29 60 56 50 46 40 56 20 46  2 56
 55  9 41  8 11 26  8 50  9 20  2 33 12 31 55 26 35 26 25 39 31 38  9  1
 33 30 52 45 29 42  4  6 20 29 12 19 62  4 11 33]",False,False,0.140625,0.09375,0.04,1.0,1.0,1,1,25,0.04,1.0,1.0,1,1,25,1.0,0.0,0.0,25,0,0,1.0,0.0,0.0,25,0,0,1.0,0.4,0.4,25,10,10,1.0,1.0,1.0,25,25,25,1.0,0.08,0.08,25,2,2,1.0,0.0,0.0,25,0,0
[0.         0.         0.70781353 ... 1.00049988 0.         0.        ],"[57 52 58 34 47 54 44 10  6 40 20 20 57 40 29 39 58 10 57 14 31 28 47 56
 56 20 28 44 44 31 44 31 24 52 39 27  6 57 58 58 28 47 43 29 31 27 43 57
 27 39 53 62 58 39 58 16 29 31 31 38 53 43 44 33]","[57 11 58 63 16 36 20 10  6 40 20 20 57 40 29 39 58 10 58 14 31 28 47 56
 56 20 10 44 44 31 44 31 24 52  2 27 12 57 58 58 37 47 43 29 31 18 38 57
 11 18 53 30 58 39 58 16 57 31 31 23 63 43 44 36]",True,True,0.859375,0.859375,"[np.int64(3), np.int64(8), np.int64(14), np.int64(50), np.int64(50), np.int64(16), np.int64(15), np.int64(2), np.int64(6), np.int64(55), np.int64(49), np.int64(0), np.int64(40), np.int64(57), np.int64(4), np.int64(24), np.int64(13), np.int64(44), np.int64(28), np.int64(59), np.int64(9), np.int64(14), np.int64(5), np.int64(25), np.int64(12), np.int64(2), np.int64(36), np.int64(51), np.int64(33), np.int64(8), np.int64(37), np.int64(14), np.int64(15), np.int64(55), np.int64(51), np.int64(43), np.int64(52), np.int64(47), np.int64(16), np.int64(46), np.int64(34), np.int64(11), np.int64(40), np.int64(19), np.int64(24), np.int64(48), np.int64(37), np.int64(29), np.int64(56), np.int64(19), np.int64(56), np.int64(10), np.int64(22), np.int64(25), np.int64(62), np.int64(50), np.int64(15), np.int64(4), np.int64(42), np.int64(1), np.int64(19), np.int64(39), np.int64(48), np.int64(28)]","[np.int64(10), np.int64(52), np.int64(46), np.int64(22), np.int64(36), np.int64(13), np.int64(27), np.int64(46), np.int64(59), np.int64(38), np.int64(10), np.int64(34), np.int64(45), np.int64(17), np.int64(9), np.int64(28), np.int64(23), np.int64(27), np.int64(40), np.int64(22), np.int64(33), np.int64(32), np.int64(50), np.int64(13), np.int64(54), np.int64(14), np.int64(62), np.int64(62), np.int64(26), np.int64(49), np.int64(40), np.int64(33), np.int64(20), np.int64(30), np.int64(30), np.int64(2), np.int64(23), np.int64(3), np.int64(38), np.int64(28), np.int64(34), np.int64(46), np.int64(21), np.int64(38), np.int64(5), np.int64(24), np.int64(5), np.int64(7), np.int64(40), np.int64(20), np.int64(36), np.int64(38), np.int64(36), np.int64(21), np.int64(7), np.int64(22), np.int64(38), np.int64(39), np.int64(59), np.int64(58), np.int64(33), np.int64(50), np.int64(54), np.int64(32)]",False,False,0.0,0.0,"[57 16 58 34 47 54 20 10  6 40 20 20 57 40 29 39 58 10 57 14 31 25 47  6
 45 20 28 44 44 31 44 31 24 27 39 27 25 57 58 58 28 47 43 29 31 27 26 57
 27 39 60 62 58 39 58 19 57 31 31 38 53 43 44  3]","[57 52 37 63 16 26 44 10 36 53 20 20 57 40 15 39 58 10 58 14 31 28 47 18
 38 20 46 44 44 31 44 31 24 52 39 27 63 57 58 58 37 47 43 29 31 18 43 20
 27 39 53 61 37 39 58 16 57 31 31 38 42 30 44  4]",True,True,0.8125,0.9375,"[35 16 58  9 16 26 20 10 36 40 12 20 36 40 29 14 58 10 44 55 31 25  1 18
 38 20 28 44 44 31 44 31 24 52  2 27  5 57 58 16 37 47 43  6 31 27 38 57
 27 39 53 30 58 39 58 16 29 31 31 23 63 30 18 33]","[57 22 58 34 16 26 44 10  6  3 12 20 57 40 29 14 12 10 23  8 31 25 47 56
 56 20 46 45 44 31 44 31 24 52  2 45  6 57 24 58 37 28 43  6 31 27 38 57
 11 18 53 62 58 39 58 48 23 31 31 23 63  4 44  5]",True,False,0.140625,0.09375,0.04,1.0,1.0,1,1,25,0.04,1.0,1.0,1,1,25,1.0,0.0,0.0,25,0,0,1.0,0.0,0.0,25,0,0,1.0,0.88,0.88,25,22,22,1.0,1.0,1.0,25,25,25,1.0,0.16,0.16,25,4,4,1.0,0.16,0.16,25,4,4
[1.00049988 0.         1.00049988 ... 0.         0.         1.00049988],"[59 62 52 30 54 33 52 13 62 54 42 23 48 48 33 55 62 10 13  3 30 45 50 42
 48  3 59 60  4 62 54 48 10 30 59 56 20 28 62 62 52 40  9 39 62  9 59  1
  4  4 30 33  9 50 54 33 50 20 52 30 33 49 30 59]","[59 49 52 30 54 33 52 13 50 54 42 23 48 48 57 56 62 10 13  3 30 45 50 13
 45  3 12 24  4 24 54 48 10 30 59  2 12 28 62 28 53 40  9 39 13  9 49  1
  4  4 30 48  9 50 54 33 50 28 46 30 49 49 30 59]",True,True,0.859375,0.859375,"[np.int64(2), np.int64(63), np.int64(28), np.int64(55), np.int64(31), np.int64(30), np.int64(30), np.int64(26), np.int64(51), np.int64(7), np.int64(42), np.int64(22), np.int64(3), np.int64(54), np.int64(34), np.int64(20), np.int64(24), np.int64(34), np.int64(20), np.int64(44), np.int64(13), np.int64(43), np.int64(47), np.int64(29), np.int64(22), np.int64(22), np.int64(38), np.int64(45), np.int64(46), np.int64(52), np.int64(36), np.int64(19), np.int64(35), np.int64(19), np.int64(13), np.int64(24), np.int64(36), np.int64(32), np.int64(51), np.int64(12), np.int64(36), np.int64(55), np.int64(38), np.int64(49), np.int64(61), np.int64(15), np.int64(3), np.int64(9), np.int64(22), np.int64(51), np.int64(2), np.int64(25), np.int64(2), np.int64(15), np.int64(39), np.int64(23), np.int64(58), np.int64(52), np.int64(52), np.int64(20), np.int64(32), np.int64(50), np.int64(43), np.int64(8)]","[np.int64(27), np.int64(35), np.int64(48), np.int64(56), np.int64(10), np.int64(41), np.int64(44), np.int64(15), np.int64(13), np.int64(48), np.int64(26), np.int64(5), np.int64(62), np.int64(10), np.int64(39), np.int64(0), np.int64(50), np.int64(61), np.int64(42), np.int64(8), np.int64(61), np.int64(57), np.int64(47), np.int64(58), np.int64(40), np.int64(20), np.int64(22), np.int64(58), np.int64(48), np.int64(57), np.int64(53), np.int64(43), np.int64(29), np.int64(51), np.int64(32), np.int64(53), np.int64(39), np.int64(8), np.int64(53), np.int64(39), np.int64(3), np.int64(1), np.int64(43), np.int64(6), np.int64(39), np.int64(20), np.int64(28), np.int64(32), np.int64(3), np.int64(50), np.int64(8), np.int64(28), np.int64(7), np.int64(21), np.int64(3), np.int64(11), np.int64(51), np.int64(44), np.int64(36), np.int64(36), np.int64(36), np.int64(17), np.int64(44), np.int64(58)]",False,False,0.0,0.0,"[61 62 57 30 54 25 52  6 50 54 57 40 48 48 57 56 62 10 13  3 30 62 12 42
 48  3 12 60  4 62 54 48 10 30 42  2 20 28 62 62 52 40  9 39 51  9 49  1
  4  4 30 48  9 40 54 33 13 28 52 30 49 49 30 23]","[61 49 46 30 54 33 52 13 50 54 42 29 48 48 39 56 26 39 13 53 52 45 21 42
 48  5 10 24  4 24 54 48 10 51 42 14 55 24 44 28 53 40  9 61 51  9 50 22
  9  4 30 48  9 29 54 33 50 28 52 60 49 49 30 23]",True,True,0.8125,0.9375,"[59 62 52 30 54 25 52 13 50 54 58 29 26 23 56 55  8 10 13  3 57 45 11 33
 27 27 59 24 45 53 54 37 10 30 59 56 10 25 62 28 60 40  9 61 62 28 59 41
  4 46 49 62  9 29 54 36 50  2 52  0 33 49 30 23]","[59 62 46 10 54  7 52 13 50 54 42 40 26 48 33 56 62 10 13  3 10 22 50 33
 48 37 10 60 45 24 54 37 10 30 59  2  8 25 51 14 10 40  9 39 13  9 49  1
  4  4 30 48  9 39 54 33 50 46 52 26 59 49 30 59]",False,False,0.140625,0.09375,0.04,1.0,1.0,1,1,25,0.04,1.0,1.0,1,1,25,1.0,0.0,0.0,25,0,0,1.0,0.0,0.0,25,0,0,1.0,0.92,0.92,25,23,23,1.0,1.0,1.0,25,25,25,1.0,0.12,0.12,25,3,3,1.0,0.08,0.08,25,2,2
[0.         0.         0.500999   ... 1.00049988 0.         0.        ],"[25 11  0 33 35 18  4 19 48 21 56 47  7 47 44 28 15 63  5 43 33 37 15 43
  6 25 15 33 35 13 15 32 56 56 28 25 28 35 42 21 13 56 44 37  0  4  6  0
 15 10 13  0 26 10 21 48 63 47  3 44 51 53 21 25]","[25 13  0 43 35 18  4 19 48 10 56 47  7 47 44 47 15 63  5 30 33 37 15 43
  6 25 15 33 35 13 15 32 56 37 28 25 28 35 42 21 13 47 44 37  0  4  6  0
 15 10 13  0 26 10 27 53 63 47 42 44 51 53 45 25]",False,False,0.859375,0.859375,"[np.int64(19), np.int64(4), np.int64(60), np.int64(5), np.int64(45), np.int64(35), np.int64(58), np.int64(45), np.int64(60), np.int64(37), np.int64(45), np.int64(55), np.int64(56), np.int64(11), np.int64(33), np.int64(63), np.int64(23), np.int64(37), np.int64(41), np.int64(15), np.int64(36), np.int64(10), np.int64(48), np.int64(1), np.int64(12), np.int64(54), np.int64(52), np.int64(61), np.int64(43), np.int64(52), np.int64(45), np.int64(20), np.int64(29), np.int64(60), np.int64(53), np.int64(2), np.int64(57), np.int64(48), np.int64(41), np.int64(49), np.int64(30), np.int64(45), np.int64(29), np.int64(3), np.int64(59), np.int64(2), np.int64(2), np.int64(26), np.int64(54), np.int64(63), np.int64(52), np.int64(15), np.int64(19), np.int64(38), np.int64(48), np.int64(29), np.int64(9), np.int64(51), np.int64(61), np.int64(52), np.int64(35), np.int64(51), np.int64(11), np.int64(38)]","[np.int64(27), np.int64(29), np.int64(58), np.int64(59), np.int64(27), np.int64(0), np.int64(40), np.int64(11), np.int64(35), np.int64(8), np.int64(21), np.int64(49), np.int64(48), np.int64(1), np.int64(1), np.int64(40), np.int64(60), np.int64(7), np.int64(33), np.int64(27), np.int64(16), np.int64(24), np.int64(7), np.int64(28), np.int64(32), np.int64(38), np.int64(41), np.int64(46), np.int64(54), np.int64(44), np.int64(32), np.int64(28), np.int64(25), np.int64(62), np.int64(62), np.int64(59), np.int64(16), np.int64(56), np.int64(29), np.int64(52), np.int64(37), np.int64(27), np.int64(48), np.int64(28), np.int64(41), np.int64(8), np.int64(33), np.int64(12), np.int64(10), np.int64(38), np.int64(0), np.int64(63), np.int64(55), np.int64(41), np.int64(44), np.int64(33), np.int64(48), np.int64(60), np.int64(47), np.int64(19), np.int64(53), np.int64(42), np.int64(8), np.int64(15)]",False,False,0.0,0.0,"[25 13  0 33 35 18 34 19 48 43 56 47  7 47 44 28 13 63 15 43 45 37 15 43
  6 25 15 30 35 13 15 32 56  2 28 25 32 35 42 21 13 47 44  3  0  4  6  0
 29 10 13  0 26 10 50 53 63 47  3 44 51 53 45 25]","[25 13  0 33 35 37  4 19 31 45 56 47  7 47 44 45 13 63  5 50 45 37 15 43
  6 25 27 30 35 13 19 32 56 37 21 25 28 35 42 21 13 47 44 37  0  4  6  0
 55 10 13  0 26 54 50 53 63 47 42 44 51 53 21 25]",True,True,0.8125,0.9375,"[25 27 47 33 35 18 34 53 31 43 53 47  7 47 44 45 15 63  5 30 33 34 15 43
 30 25 15 30 15 13 15 49 56 56 21 25 28 35 42 21 13 47 43 37 42  4  6  0
 15 10 54  0 26 10 53 53 63 47 19 16 51  8 21 25]","[25 27  0 43 35 18  4 53 61 10 56 47  7 47 44 47 15 63 63 43 33 34 15 43
 30 25 15 20 35 13 15  8 56  2  6 25  1 33 42 21 13 47 13  3  0  4  6  0
 15 10 54  0 26 54 53 53 63 47 42 44 24 53 45 25]",False,False,0.140625,0.09375,0.04,0.0,0.0,1,0,0,0.04,0.0,0.0,1,0,0,1.0,0.0,0.0,25,0,0,1.0,0.0,0.0,25,0,0,1.0,0.72,0.72,25,18,18,1.0,0.64,0.64,25,16,16,1.0,0.0,0.0,25,0,0,1.0,0.04,0.04,25,1,1
[0.500999   0.         0.         ... 0.70781353 0.         1.00049988],"[56 61 59 58  9 11 42 42  0 58 23 56 61 54 42 32 33 11 11 55 45 44 14 32
 22 60 45 54 38 32 32 45 56  6 41  0 41  1 47  0 61 32 56 19 53 32 53  0
 11 41 18 60 42 61 61 42 56 41 56 32 61 56 47 54]","[56 61  7 58  9 11 42 42  0 58 23 56 61 30 11 32 20 11 11 14 45 44 14 22
 22  5 45 54 38 42  8 45 56  6 20  0  1 22 52  0 61 32 56 19 23 32  5  0
 11 39 18 23 42 61 61 42 56 41 56 32 61 56 47 23]",True,True,0.859375,0.859375,"[np.int64(31), np.int64(19), np.int64(19), np.int64(19), np.int64(47), np.int64(21), np.int64(10), np.int64(37), np.int64(58), np.int64(4), np.int64(7), np.int64(57), np.int64(31), np.int64(34), np.int64(33), np.int64(33), np.int64(59), np.int64(18), np.int64(7), np.int64(11), np.int64(23), np.int64(2), np.int64(19), np.int64(18), np.int64(30), np.int64(38), np.int64(30), np.int64(55), np.int64(43), np.int64(34), np.int64(4), np.int64(10), np.int64(20), np.int64(13), np.int64(11), np.int64(26), np.int64(42), np.int64(53), np.int64(52), np.int64(58), np.int64(56), np.int64(47), np.int64(22), np.int64(17), np.int64(48), np.int64(34), np.int64(40), np.int64(34), np.int64(60), np.int64(46), np.int64(28), np.int64(15), np.int64(63), np.int64(4), np.int64(53), np.int64(45), np.int64(35), np.int64(49), np.int64(2), np.int64(63), np.int64(42), np.int64(34), np.int64(32), np.int64(14)]","[np.int64(17), np.int64(17), np.int64(49), np.int64(2), np.int64(4), np.int64(57), np.int64(38), np.int64(29), np.int64(62), np.int64(36), np.int64(10), np.int64(26), np.int64(7), np.int64(38), np.int64(20), np.int64(1), np.int64(1), np.int64(42), np.int64(35), np.int64(2), np.int64(10), np.int64(32), np.int64(18), np.int64(4), np.int64(4), np.int64(54), np.int64(28), np.int64(10), np.int64(25), np.int64(19), np.int64(62), np.int64(8), np.int64(11), np.int64(47), np.int64(10), np.int64(7), np.int64(54), np.int64(29), np.int64(22), np.int64(5), np.int64(8), np.int64(49), np.int64(20), np.int64(30), np.int64(14), np.int64(19), np.int64(9), np.int64(61), np.int64(31), np.int64(27), np.int64(17), np.int64(39), np.int64(1), np.int64(52), np.int64(32), np.int64(42), np.int64(35), np.int64(60), np.int64(6), np.int64(9), np.int64(38), np.int64(56), np.int64(44), np.int64(4)]",False,False,0.0,0.0,"[56 61 59 58 30 11 42 42  0 13 23 56 18 54 11 32 20 11 11 62 45 44 14 32
 63 40 45 54 38 42  8 45 56  6 41  0  1  1 52  0 61 57 56 19 53 32  5 11
 11 41 62 39 42 61 61 42 56 48 56 32 61 56 47 23]","[56 61  7 58 30 11 42 42 11 58 23 56 61  9 42 32 20 11 12 14 45 44 14 32
 22 59 45 54 10 42 32 45 56  6 41  0  1  1 30 49 61 32 56 19 19 53 53  0
 40 18 18 60 39 61 32 42 56 41 56 32 61 56 19 54]",True,True,0.8125,0.9375,"[56 61  7 58 22 11 42  8  0 13 23 56 61  9 42 32 20 22  2 14 47 44 14 32
 63 59 17 37 10 42 32 46 56  6 20  0 41  1 47 51  8 32 56 19 23 32 53 20
 11 28 62 60 42 61 61 42 56 48 56 32 61 56 47 23]","[56 61  7 58 52 11 42 42 11  4 23 56 18  9 42 32 33 60 11 14 47 44 23 44
 22  5 17 54 49 42  4 45 56  6 20  0 41 22 52  0 61 32 56 19 53 32  5 11
 11 41 18 60 42 61 61 60 56 48 56 32 61 56 47 23]",False,True,0.140625,0.09375,0.04,1.0,1.0,1,1,25,0.04,1.0,1.0,1,1,25,1.0,0.0,0.0,25,0,0,1.0,0.0,0.0,25,0,0,1.0,1.0,1.0,25,25,25,1.0,1.0,1.0,25,25,25,1.0,0.16,0.16,25,4,4,1.0,0.08,0.08,25,2,2
[0.500999   0.         0.         ... 0.         1.00049988 1.00049988],"[35 35 62 21 62 44 35 45 10 36 59 16 24 62  8 59 37 48 37 45 28 59 10 46
  7 37 37 26 54 53 15  8 22 62 52 15 54 45 37 40 51 15 28 51 19 59 54  5
 21 40 35 59 10 18 59 36 50 18 16 59 44 43 51 58]","[35 35 62 21 62 24 35 45 10  4 59 16 24 43 24 59 35 41 48 45 30 59 10  8
  7 37 30 26 54 53 15  8 22 62 52 15 43 45 37  3 51 15 39 51 19 59 54  5
 21 13  3 59 10 18 59  7 20 18 16 59 14 43 51 58]",True,True,0.859375,0.859375,"[np.int64(60), np.int64(24), np.int64(6), np.int64(47), np.int64(62), np.int64(61), np.int64(61), np.int64(30), np.int64(55), np.int64(48), np.int64(56), np.int64(20), np.int64(55), np.int64(24), np.int64(37), np.int64(52), np.int64(51), np.int64(44), np.int64(5), np.int64(59), np.int64(19), np.int64(40), np.int64(11), np.int64(48), np.int64(18), np.int64(11), np.int64(47), np.int64(26), np.int64(17), np.int64(38), np.int64(13), np.int64(31), np.int64(31), np.int64(13), np.int64(52), np.int64(34), np.int64(29), np.int64(14), np.int64(19), np.int64(57), np.int64(49), np.int64(31), np.int64(17), np.int64(13), np.int64(42), np.int64(55), np.int64(4), np.int64(8), np.int64(33), np.int64(3), np.int64(31), np.int64(1), np.int64(38), np.int64(42), np.int64(54), np.int64(21), np.int64(43), np.int64(52), np.int64(57), np.int64(55), np.int64(11), np.int64(26), np.int64(60), np.int64(18)]","[np.int64(51), np.int64(2), np.int64(18), np.int64(28), np.int64(20), np.int64(33), np.int64(33), np.int64(43), np.int64(7), np.int64(33), np.int64(32), np.int64(26), np.int64(35), np.int64(34), np.int64(11), np.int64(25), np.int64(10), np.int64(29), np.int64(10), np.int64(2), np.int64(7), np.int64(22), np.int64(63), np.int64(30), np.int64(14), np.int64(62), np.int64(1), np.int64(49), np.int64(8), np.int64(18), np.int64(57), np.int64(36), np.int64(58), np.int64(32), np.int64(56), np.int64(61), np.int64(27), np.int64(46), np.int64(46), np.int64(12), np.int64(3), np.int64(37), np.int64(44), np.int64(59), np.int64(31), np.int64(26), np.int64(23), np.int64(37), np.int64(23), np.int64(35), np.int64(38), np.int64(21), np.int64(56), np.int64(25), np.int64(33), np.int64(37), np.int64(50), np.int64(55), np.int64(18), np.int64(36), np.int64(58), np.int64(15), np.int64(13), np.int64(48)]",False,False,0.0,0.0,"[35 35 43 21 62 53 35 45 10 36 59 16 56 62  8 59 35 33 48 45 28 59 10  8
 41  0 30  1 54 53 15  8 16 62 17 15 54 18 44 40 51 15 28 51  4 59 54  5
 21 41 35 59 10 33 59 22 50 18 56 59 44 43 51 58]","[52 35 43 21 62 53 35 45 10  4 59 16 24 62  8 59  7 48 48 45 30 59 10 38
  7 37 30  1 54 53 15 53 16 62 17 15 54 45  0  3 51 15 14 51 38 59 54  5
 21 41 35 59 10 18 59  7 58 18 33 59 14 43 51 58]",True,True,0.8125,0.9375,"[35 35 62 21 62 24 35 39 23 36 59  5 24 43 42 59 37 41 48 22 28 59 10 53
 41 37 30 26 54 53 15  8 16 62 17 22 54 45 37  7 51 15 14 51 19 59 54  5
 21 40  2 59 10 18 59 36 50 18 33 59 44 56 33 58]","[13 35 62 21 62 44 35 45 20  4 59 16 24 49  8 59 37 13 48 45 28 59 35 53
 41 26 22 26 54 53 15 53 22 17 52 15 43 45 37 49 51 49 44 13  4 59 54  5
 19 41 35 59 10  0 59 22 17 18 33 59 14 43 13 58]",False,False,0.140625,0.09375,0.04,1.0,1.0,1,1,25,0.04,1.0,1.0,1,1,25,1.0,0.0,0.0,25,0,0,1.0,0.0,0.0,25,0,0,1.0,0.84,0.84,25,21,21,1.0,1.0,1.0,25,25,25,1.0,0.12,0.12,25,3,3,1.0,0.04,0.04,25,1,1
[1.00049988 1.00049988 0.         ... 0.         0.         0.500999  ],"[42 13 16 61  6 51 63  5 35 38 38 49 47  3 15  0 17 39 26 26 44 41 61 51
 26  2 61 55 37 39 38 61 31  3 47 17 47 35 61 39 51 40 35 16 31 37 51 60
 30 29 60 29 23 30 18 27 28 46 48 46 49 17 49 51]","[26 13 16 61  6 51 43  5 35 38 38 61 47  3 15  0 17 39 26 60 44 10 61 51
 26  2 61 55 31 39 38 61 18  3 47 17 47 35 61 39 51 40 35 16 31  5 38 60
 30 29  8 29 23 10 18 61 28 38  7 46 49 17 49 51]",False,True,0.859375,0.859375,"[np.int64(27), np.int64(23), np.int64(14), np.int64(4), np.int64(48), np.int64(52), np.int64(10), np.int64(22), np.int64(46), np.int64(17), np.int64(16), np.int64(10), np.int64(58), np.int64(62), np.int64(19), np.int64(50), np.int64(44), np.int64(37), np.int64(31), np.int64(62), np.int64(39), np.int64(46), np.int64(44), np.int64(18), np.int64(18), np.int64(1), np.int64(62), np.int64(7), np.int64(8), np.int64(29), np.int64(7), np.int64(45), np.int64(47), np.int64(23), np.int64(21), np.int64(59), np.int64(9), np.int64(6), np.int64(15), np.int64(39), np.int64(38), np.int64(60), np.int64(27), np.int64(27), np.int64(17), np.int64(19), np.int64(25), np.int64(6), np.int64(11), np.int64(18), np.int64(57), np.int64(27), np.int64(56), np.int64(38), np.int64(15), np.int64(49), np.int64(16), np.int64(52), np.int64(56), np.int64(62), np.int64(53), np.int64(59), np.int64(6), np.int64(44)]","[np.int64(8), np.int64(22), np.int64(32), np.int64(32), np.int64(42), np.int64(50), np.int64(6), np.int64(23), np.int64(11), np.int64(31), np.int64(40), np.int64(1), np.int64(5), np.int64(17), np.int64(39), np.int64(24), np.int64(46), np.int64(38), np.int64(31), np.int64(3), np.int64(10), np.int64(62), np.int64(23), np.int64(24), np.int64(46), np.int64(12), np.int64(59), np.int64(36), np.int64(4), np.int64(7), np.int64(47), np.int64(17), np.int64(41), np.int64(50), np.int64(57), np.int64(43), np.int64(51), np.int64(44), np.int64(25), np.int64(47), np.int64(23), np.int64(49), np.int64(61), np.int64(36), np.int64(36), np.int64(7), np.int64(32), np.int64(13), np.int64(22), np.int64(61), np.int64(23), np.int64(57), np.int64(37), np.int64(24), np.int64(40), np.int64(14), np.int64(57), np.int64(26), np.int64(1), np.int64(43), np.int64(59), np.int64(27), np.int64(24), np.int64(28)]",False,False,0.0,0.0,"[26 13 16 61  6 51 43  5 35 38 38 49 47 37 15  0 17 39  2  8 44 41 61 51
 26 52 61 38 37 39 43 61 62  3 47 17 47 23 46 39 51 40 38 16 31  5 51 60
 58 29 60 29 23 28 18 16 28 46  7 46 49 17 49 23]","[26 13 16 61  6 51 43  5 35 18 53 49 47  3 15  0 17 39  2  8 44  6 61 51
 26  2 61 38 37 39 43 61 31  3 47 17 59 35 61 39 51 24 38 16 31  5 51 10
 30 29  8 29 25 30  0 16 28 38 56 46 50 17 49  6]",False,False,0.8125,0.9375,"[26 13 38 13  6 37 21 54 35 38 38 61 47 50 15  0 17 39  2 30 44 52 61 37
 26 52 61 55 37 39 43 61 62  0 47 17 47  5 46 39 46 40 40  6 31 37 38 60
 30 29 60 29 23 10 44 27 28 18 48 46 49 17 49 51]","[33 13 16 61  6 51 63 54 35 38 50 61 47  3 15  0 17 39 54 43 44  6 61 51
 41  2 61 55 56 39 13 32 62  3 47 17 59 35 61 39 42 24 35 30 54  5 51 60
 30 29 10 29 23 30  7 27 28 38 48 46 49 11 49 13]",False,False,0.140625,0.09375,0.04,0.0,0.0,1,0,0,0.04,1.0,1.0,1,1,25,1.0,0.0,0.0,25,0,0,1.0,0.0,0.0,25,0,0,1.0,0.72,0.72,25,18,18,1.0,0.76,0.76,25,19,19,1.0,0.0,0.0,25,0,0,1.0,0.04,0.04,25,1,1
[0.500999   0.         0.         ... 0.         0.         1.00049988],"[39  8 32  7  0 38 62 27 15 40 55 57  7 39 28 27 15  4 38 53 38 39 51 21
 28 51 13 39 50 41 44 15 62 34 51 31 42 62 41 39 13 39 51 19 41 58 51 12
 39 27 21 41  7 48 12 41 21 23 42 40 38 53  0 57]","[39  8 32  7  0 38 62 27 15 33 40 57 29 39 28 27 15  4 38 53 40 39 51 21
 28 51 13 39 25 41 44 34 62 34 51 31 42 62 41 39 13 39 51 19 41 36 51 12
 39 25 51  0  7 48 12 41 21 23 42 33 53 53  0 17]",True,True,0.859375,0.859375,"[np.int64(19), np.int64(46), np.int64(3), np.int64(5), np.int64(54), np.int64(38), np.int64(12), np.int64(22), np.int64(30), np.int64(29), np.int64(44), np.int64(58), np.int64(34), np.int64(54), np.int64(57), np.int64(14), np.int64(62), np.int64(23), np.int64(1), np.int64(42), np.int64(46), np.int64(22), np.int64(36), np.int64(52), np.int64(49), np.int64(5), np.int64(4), np.int64(3), np.int64(5), np.int64(43), np.int64(41), np.int64(32), np.int64(20), np.int64(16), np.int64(47), np.int64(43), np.int64(10), np.int64(32), np.int64(4), np.int64(5), np.int64(52), np.int64(53), np.int64(11), np.int64(8), np.int64(1), np.int64(5), np.int64(46), np.int64(60), np.int64(19), np.int64(3), np.int64(30), np.int64(17), np.int64(34), np.int64(3), np.int64(33), np.int64(14), np.int64(19), np.int64(6), np.int64(8), np.int64(29), np.int64(44), np.int64(6), np.int64(5), np.int64(35)]","[np.int64(60), np.int64(31), np.int64(20), np.int64(19), np.int64(5), np.int64(37), np.int64(6), np.int64(16), np.int64(12), np.int64(10), np.int64(61), np.int64(10), np.int64(6), np.int64(47), np.int64(22), np.int64(17), np.int64(21), np.int64(21), np.int64(30), np.int64(1), np.int64(60), np.int64(42), np.int64(34), np.int64(4), np.int64(55), np.int64(6), np.int64(42), np.int64(22), np.int64(35), np.int64(52), np.int64(34), np.int64(7), np.int64(26), np.int64(27), np.int64(2), np.int64(1), np.int64(3), np.int64(10), np.int64(38), np.int64(21), np.int64(32), np.int64(48), np.int64(25), np.int64(24), np.int64(57), np.int64(31), np.int64(12), np.int64(56), np.int64(56), np.int64(5), np.int64(29), np.int64(35), np.int64(20), np.int64(62), np.int64(46), np.int64(14), np.int64(2), np.int64(12), np.int64(38), np.int64(15), np.int64(60), np.int64(42), np.int64(26), np.int64(43)]",False,False,0.0,0.0,"[39  8 32  9  0 38 62 27 15 40 55 57 29 39 37 27 15  4 38 53 38 39  7 21
 47 49 13 39 30 41 44 34 62 34 62 47 42 62  0 39 13 39  4 19 41 58 51 46
 39 27 21 41  7  4 16 41 12 23  6 40 38 53  0 57]","[39  8 32  7  0 38 62 27 15 33 40 57 29 39 28 27 15  4 38 53 38 39 51 29
 28 49 13 39 25 41 44 34 62 34 51 43 54 62 41 39 13 39 51 63 62 58 51 12
 39 27 21 48  7 48 12 41 21 63  6 40 38 53  0 17]",True,True,0.8125,0.9375,"[39  8 32  7  0 38 62 22 15 33 55 57  7 39 37 27 10  4 38 53 38 39  7 21
 28 51 13 39 50 23 37  5 62 19 31 47 54 57 41 39 13 39 51 19 49 58 51 12
 39 27 21 25  7 60 16 41 21 23 42 40 53 53 44 57]","[39  8 45  7  0 56 62 27 15 33 40 57  7 39 28 31 10 42 38 53 38 39 51 29
 47 49 13 39 30 41 28 34 62 34 51 31 54 30 20 39 13 39 51 19 62 58 51 12
 39 27 21 48  7 48 43 41 55 23 42 40 53 46  0 43]",False,False,0.140625,0.09375,0.04,1.0,1.0,1,1,25,0.04,1.0,1.0,1,1,25,1.0,0.0,0.0,25,0,0,1.0,0.0,0.0,25,0,0,1.0,0.92,0.92,25,23,23,1.0,1.0,1.0,25,25,25,1.0,0.12,0.12,25,3,3,1.0,0.16,0.16,25,4,4
[0.500999 0.       0.       ... 0.       0.       0.500999],"[22 50 11 19 41 49 11 31 63 46 56 11 49 59 23 36 52 60 24 20 44 52  6 45
 52 52 63 25 15 52 58 13 45 58 58 56 59 11 61 63 52 42 59 24  6  2 22 63
 22  2 52 45  2 11 36 52 45 36 13 11 50 22 41 42]","[22 26 11 19 58 49 11 31 24 47  0 11 16 59 23 36 52 60 24 20 45 52  6 45
 52 52 63 26 20 52 58 13 45 58 58 56 59 11 61 63 52 42 59 24  6  2 22 32
 22  2 52 45  2 11 36 52 45 36 13 11 23 22  0 42]",True,True,0.859375,0.859375,"[np.int64(60), np.int64(62), np.int64(49), np.int64(10), np.int64(48), np.int64(63), np.int64(37), np.int64(54), np.int64(25), np.int64(16), np.int64(1), np.int64(2), np.int64(5), np.int64(0), np.int64(22), np.int64(8), np.int64(17), np.int64(17), np.int64(58), np.int64(40), np.int64(10), np.int64(37), np.int64(49), np.int64(39), np.int64(51), np.int64(44), np.int64(48), np.int64(59), np.int64(1), np.int64(54), np.int64(35), np.int64(60), np.int64(45), np.int64(34), np.int64(57), np.int64(53), np.int64(50), np.int64(36), np.int64(37), np.int64(11), np.int64(32), np.int64(62), np.int64(2), np.int64(58), np.int64(33), np.int64(63), np.int64(12), np.int64(4), np.int64(50), np.int64(19), np.int64(36), np.int64(20), np.int64(32), np.int64(45), np.int64(60), np.int64(33), np.int64(21), np.int64(4), np.int64(60), np.int64(24), np.int64(20), np.int64(59), np.int64(5), np.int64(21)]","[np.int64(11), np.int64(54), np.int64(42), np.int64(44), np.int64(20), np.int64(2), np.int64(41), np.int64(29), np.int64(34), np.int64(54), np.int64(31), np.int64(25), np.int64(44), np.int64(58), np.int64(26), np.int64(30), np.int64(27), np.int64(2), np.int64(21), np.int64(0), np.int64(16), np.int64(54), np.int64(43), np.int64(42), np.int64(23), np.int64(1), np.int64(6), np.int64(37), np.int64(55), np.int64(0), np.int64(0), np.int64(43), np.int64(15), np.int64(7), np.int64(44), np.int64(20), np.int64(36), np.int64(27), np.int64(47), np.int64(40), np.int64(46), np.int64(33), np.int64(30), np.int64(49), np.int64(34), np.int64(10), np.int64(3), np.int64(45), np.int64(10), np.int64(36), np.int64(4), np.int64(21), np.int64(25), np.int64(7), np.int64(47), np.int64(18), np.int64(5), np.int64(22), np.int64(57), np.int64(17), np.int64(21), np.int64(23), np.int64(52), np.int64(36)]",False,False,0.0,0.0,"[22 50 11 19 63 49 11 20 24  4  0 11 50 59 33 36 47 60 24 20 44 41  6 31
 52 52 63 25  1 61 58 13 45 58 58 60 59 11 61 63 52 42 59 24  6  2 22 63
 22  2 31 45  2 11 23 52 58 36 13 11 23 22 41 42]","[22 26 11 19 58 49 11 20 24 46  0 11 50 59 23 28 47 60 47 20 45 52  6 45
 52 62 63 26  1 52 58 13 45 58 58 60 59 11 61 60 52 42 59 24  6  2 22 60
 22  2 52 45  2 11 36 32 45 36 52 11 23 22  0 55]",True,True,0.8125,0.9375,"[62 30 11 19 58 49 11 20 63 46 56 11 16 31 33 28 52 60 24 20 44 52  6 45
 21 62 54 26 15 23 58 50 45 58 58 56 59 11 61 63 52 42 45 62  6 42 22 18
 22  2 52 45 55 11 36 52 45 36 13 11 21 29 18 42]","[58 60 11 19 63 49 11 31 29  4 56 11 49 59 23 36 47 60 24 20 44 52  6 45
  8 52 54 26 15 52 58 45 45 58 26 60 59 11 61 63 55 42 59 24  6  2  9 32
 22  2 52 45  2 11 36 32 45 36 52 11 58 29  0 55]",False,True,0.140625,0.09375,0.04,1.0,1.0,1,1,25,0.04,1.0,1.0,1,1,25,1.0,0.0,0.0,25,0,0,1.0,0.0,0.0,25,0,0,1.0,0.88,0.88,25,22,22,1.0,1.0,1.0,25,25,25,1.0,0.16,0.16,25,4,4,1.0,0.0,0.0,25,0,0
[0. 0. 0. ... 0. 0. 0.],"[ 5 15 53 45 11 37 63  6  4 11 40 48  9 59 52 55  0 49  5 11 50 57 50 24
 37  6 22 53 50  9 35  9 45  9 59  5 57 48 47 56 47 13 45 58 34 40 25 48
 48  5 37  9 34  5 60 35 20  6 11 48 40 37 19 48]","[ 5 15 53 10 11 37 63  6  3 11 40 48  9 59 52 55  2 49  5 11 50 57 19 24
 37  6 22 53  3  9 35  9 31  9 59  5 57 48 47 15 47 13  2 58 34 40 30 48
 48  5 37  9 34  5 60  8 20  6 11 48 40 59 19 48]",True,True,0.859375,0.859375,"[np.int64(13), np.int64(48), np.int64(51), np.int64(52), np.int64(55), np.int64(51), np.int64(25), np.int64(60), np.int64(35), np.int64(43), np.int64(24), np.int64(21), np.int64(19), np.int64(3), np.int64(23), np.int64(17), np.int64(27), np.int64(49), np.int64(6), np.int64(61), np.int64(4), np.int64(25), np.int64(12), np.int64(52), np.int64(12), np.int64(52), np.int64(44), np.int64(38), np.int64(11), np.int64(15), np.int64(29), np.int64(9), np.int64(1), np.int64(47), np.int64(28), np.int64(35), np.int64(29), np.int64(21), np.int64(37), np.int64(0), np.int64(27), np.int64(32), np.int64(21), np.int64(10), np.int64(10), np.int64(52), np.int64(23), np.int64(19), np.int64(4), np.int64(28), np.int64(43), np.int64(53), np.int64(2), np.int64(26), np.int64(1), np.int64(50), np.int64(54), np.int64(26), np.int64(48), np.int64(59), np.int64(58), np.int64(60), np.int64(40), np.int64(14)]","[np.int64(56), np.int64(40), np.int64(43), np.int64(16), np.int64(46), np.int64(60), np.int64(11), np.int64(13), np.int64(21), np.int64(28), np.int64(0), np.int64(56), np.int64(56), np.int64(27), np.int64(27), np.int64(34), np.int64(58), np.int64(2), np.int64(57), np.int64(5), np.int64(15), np.int64(50), np.int64(50), np.int64(48), np.int64(14), np.int64(58), np.int64(31), np.int64(7), np.int64(60), np.int64(31), np.int64(13), np.int64(17), np.int64(23), np.int64(13), np.int64(23), np.int64(21), np.int64(62), np.int64(31), np.int64(54), np.int64(53), np.int64(20), np.int64(53), np.int64(28), np.int64(48), np.int64(8), np.int64(45), np.int64(11), np.int64(26), np.int64(59), np.int64(10), np.int64(37), np.int64(22), np.int64(8), np.int64(49), np.int64(53), np.int64(4), np.int64(40), np.int64(39), np.int64(28), np.int64(39), np.int64(58), np.int64(11), np.int64(10), np.int64(44)]",False,False,0.0,0.0,"[41 15 53 44 11 37 63  6  4 11  3 48  9 59 52 55  0 33  5 11 51 57 50 24
 37  6 22  0 25  9 35  9  2  9 59  5 57 48 47 15 47 13  2 58 34 35 33 48
 48 17 37 29  6  5 60  8 20 19 11 48 40 37 19 48]","[ 5 15 53 10 11 37 63  6 41 11 40 48  9 59 52 55  0 49  5 11 27 62 62 24
  0  6 22  0 50  9 35  9 43  9 59  5 57 48 47 15 47 13 45 12 34 40 25 48
 48  5 37  9 34  5 60 35 20 19 11 48 40 59 19 48]",True,True,0.8125,0.9375,"[ 5 15 16 60 11 37 63  6  4 51 40 48 27 59 52 55  0 49  5 11 50 62 19 24
 37  6 22 20  3  9 35 25 31  9 59  5 57 48 47 56 47  8  2 58 40 42 33 48
 48 17 37  9 34  5 60  8 20  6 53 48 40 59 19 48]","[ 5 15 53 45 11 61 53  6 41 53 40 48 35 59 52 55  0 49  5 11 27 32 50 24
 37  6 22  0 50  9 46 25  2 17 59  5 57 48 47 56 47 13 45 58 34 32 33 48
 48  5 37  9 35  5 60 35 20 19 11 48 49 59 21 48]",False,True,0.140625,0.09375,0.04,1.0,1.0,1,1,25,0.04,1.0,1.0,1,1,25,1.0,0.0,0.0,25,0,0,1.0,0.0,0.0,25,0,0,1.0,0.96,0.96,25,24,24,1.0,1.0,1.0,25,25,25,1.0,0.12,0.12,25,3,3,1.0,0.12,0.12,25,3,3
[0.500999 0.       0.       ... 0.       0.500999 0.      ],"[23 34 24  8 24 55 23 62 57 59 63 42 48  9 62 35 47 34 39 48 24 49 19 46
 17 63  1 41 16  7 48 35 59  1 34 41  7 24  1 55  0 17  1 33 53 19 34 57
 46 46 47 63  1 24 55 41  5 34  8 57  5  8  1  1]","[38 34 24  8 24 14 23 62 57 59 63 42 59  9  0 54 47 34 39 20 19 49 25 46
 17 63  1 51 16  7 62 50 59  1 34 41 54 24  1 21  0 17  1 42 53 19 34  1
 46 46 47 59  1 24 16 41  5 34  8 57  5  8  1  1]",True,False,0.859375,0.859375,"[np.int64(5), np.int64(45), np.int64(42), np.int64(10), np.int64(44), np.int64(61), np.int64(49), np.int64(27), np.int64(56), np.int64(11), np.int64(48), np.int64(22), np.int64(21), np.int64(15), np.int64(52), np.int64(20), np.int64(30), np.int64(27), np.int64(12), np.int64(11), np.int64(56), np.int64(26), np.int64(48), np.int64(59), np.int64(60), np.int64(63), np.int64(0), np.int64(5), np.int64(9), np.int64(27), np.int64(20), np.int64(58), np.int64(28), np.int64(6), np.int64(18), np.int64(28), np.int64(36), np.int64(11), np.int64(27), np.int64(25), np.int64(62), np.int64(41), np.int64(60), np.int64(29), np.int64(37), np.int64(63), np.int64(42), np.int64(51), np.int64(39), np.int64(10), np.int64(31), np.int64(55), np.int64(48), np.int64(48), np.int64(59), np.int64(52), np.int64(40), np.int64(29), np.int64(19), np.int64(9), np.int64(4), np.int64(12), np.int64(60), np.int64(48)]","[np.int64(26), np.int64(48), np.int64(25), np.int64(51), np.int64(20), np.int64(9), np.int64(21), np.int64(56), np.int64(11), np.int64(51), np.int64(61), np.int64(46), np.int64(6), np.int64(6), np.int64(20), np.int64(29), np.int64(30), np.int64(35), np.int64(47), np.int64(52), np.int64(30), np.int64(47), np.int64(2), np.int64(30), np.int64(23), np.int64(38), np.int64(50), np.int64(54), np.int64(12), np.int64(45), np.int64(59), np.int64(10), np.int64(33), np.int64(33), np.int64(25), np.int64(40), np.int64(50), np.int64(13), np.int64(32), np.int64(52), np.int64(63), np.int64(24), np.int64(0), np.int64(26), np.int64(36), np.int64(39), np.int64(32), np.int64(31), np.int64(22), np.int64(22), np.int64(33), np.int64(0), np.int64(31), np.int64(26), np.int64(37), np.int64(46), np.int64(43), np.int64(58), np.int64(60), np.int64(42), np.int64(42), np.int64(37), np.int64(0), np.int64(37)]",False,False,0.0,0.0,"[23 34 24  8 54 60 23 62 57 59 63 55 48  9 62 54 47 34 45 48 62 49 25 46
  4 63  1 41  6  7 48 50  8  1 34 41  7 24  1 55 43 17  1 42 53 31 34 57
 46 46 47 63  1 16 16 41  5 34  8 57 45  8  1 38]","[63 34 24  8 24 14 23 62 47 59 63 42 59  9 62 54 52 34  2 20 24 49 25 46
 17 63  1 51 16  7 62 35 59  1 34 41  7 24  1 10  0 17  1 33 53 18 34  1
 46 38 47 59  1 24 32 41  5 34 51 57  5  8  1  1]",True,True,0.8125,0.9375,"[14 34 18 30 24 14 53 48 61 59 63 42  8  9 62 35 47 34 39 39 42 54 25 46
  8 16  1 41 39  7 48 35 54 43 34  2 54 24 49 55  0 17  1 33 53 31 34 57
 46 46 47 59  1 42 16 41  5 34 39 57  5  8  1 62]","[23 34 24 36 54 55 23 62 57 59 63 42 59  9 62 54 47 34 39 48 24 49 25 46
  8 63  1 41 39  7 27 50 59 12 34 15 14 24 20 55  0 17  1 33 53 19 34 57
 46 46 47 63  1 42 16 41  5 34  8 57 45  8 49  1]",False,True,0.140625,0.09375,0.04,1.0,1.0,1,1,25,0.04,0.0,0.0,1,0,0,1.0,0.0,0.0,25,0,0,1.0,0.0,0.0,25,0,0,1.0,0.84,0.84,25,21,21,1.0,1.0,1.0,25,25,25,1.0,0.16,0.16,25,4,4,1.0,0.04,0.04,25,1,1
[0.         1.00049988 0.         ... 1.00049988 0.500999   0.        ],"[57  4 20 31 42 54 28 42 44  6 46 41 11 22 15 24 27 44 44 39 31 37 44 20
 39 59 50 28 30 51 52 52  7 29 57 59 50 31  7 52  3  4 39 23 30 27 42 54
 15 63 39 28 52 12 20 50 37 31 19 42 59 27 23 36]","[57  4 20 31 42 56 20 23 44  6 46 41 11 22 15 44 27 20 44 39 31 19 37 37
 39 59 19 44 30 61 52 52  7 29 27 15 50 31 27 52  3  4 39 23 30 27 23 54
 15 63 39 28 52 12 20 26  3 31 19 17 15 27 22  6]",True,True,0.859375,0.859375,"[np.int64(48), np.int64(22), np.int64(48), np.int64(56), np.int64(24), np.int64(24), np.int64(54), np.int64(21), np.int64(33), np.int64(36), np.int64(32), np.int64(6), np.int64(9), np.int64(32), np.int64(7), np.int64(13), np.int64(9), np.int64(20), np.int64(3), np.int64(13), np.int64(8), np.int64(59), np.int64(11), np.int64(2), np.int64(42), np.int64(63), np.int64(28), np.int64(62), np.int64(14), np.int64(29), np.int64(2), np.int64(4), np.int64(16), np.int64(51), np.int64(45), np.int64(37), np.int64(49), np.int64(16), np.int64(35), np.int64(48), np.int64(20), np.int64(28), np.int64(45), np.int64(51), np.int64(40), np.int64(6), np.int64(23), np.int64(19), np.int64(14), np.int64(39), np.int64(10), np.int64(21), np.int64(44), np.int64(60), np.int64(54), np.int64(20), np.int64(27), np.int64(30), np.int64(0), np.int64(53), np.int64(53), np.int64(61), np.int64(27), np.int64(25)]","[np.int64(11), np.int64(60), np.int64(42), np.int64(36), np.int64(36), np.int64(20), np.int64(36), np.int64(18), np.int64(4), np.int64(57), np.int64(50), np.int64(30), np.int64(61), np.int64(33), np.int64(57), np.int64(34), np.int64(32), np.int64(38), np.int64(55), np.int64(7), np.int64(30), np.int64(62), np.int64(46), np.int64(29), np.int64(59), np.int64(48), np.int64(28), np.int64(62), np.int64(10), np.int64(47), np.int64(9), np.int64(5), np.int64(9), np.int64(19), np.int64(50), np.int64(17), np.int64(19), np.int64(5), np.int64(57), np.int64(13), np.int64(33), np.int64(31), np.int64(42), np.int64(50), np.int64(39), np.int64(17), np.int64(37), np.int64(35), np.int64(38), np.int64(45), np.int64(50), np.int64(35), np.int64(53), np.int64(38), np.int64(42), np.int64(31), np.int64(37), np.int64(48), np.int64(48), np.int64(26), np.int64(0), np.int64(21), np.int64(10), np.int64(42)]",False,False,0.0,0.0,"[57  4 20 31 42 60 28 42 24 18 46 41 11 22 15 24 18 59 44 39 31 19 37 17
 39 59 55  0 30 61 52 52  7 29 57 36 50 31 27 52  3  4 39 61 30 17 42  9
 15 63 39 28 52 12 20 50  3 31 46 42 15 47 63  6]","[57  4 20 31 42 38 28 23 44 18 46 41 11 22 22 24 18 44 44 39 31 37 44 37
 39 59 19 28 30 41 52 52 48 29 57 59 50 31 27 52  4  4 39 54 30 17 50  9
 29 32 39  6 52 12 20 50 37 31 19 42 54 29 22 62]",True,True,0.8125,0.9375,"[57  4 62 31 42 61 44 42 24 47 46 41 11  0  0 24 18 20 44 39  6 37 37  8
 39 59 50 17 30 55 52 52  7 29 57 59 50 31  7 52  4 11 39 61 15 43 58  9
 15 38 39 28 52 12  6 26 37 34 19 17 59 43 23 36]","[27  4 20 31 40 54 44 23 23  6 46 41 11 22 15 44 18 20  9 39 31 37 37 37
 44 14 19 28 27 48 52 52  7 29 57 59 50 31  5 52  4  4  4 23 30 17 23  9
 15 32 36  6 52 12 20 51  3 31 19 60 54 27 22 36]",False,False,0.140625,0.09375,0.04,1.0,1.0,1,1,25,0.04,1.0,1.0,1,1,25,1.0,0.0,0.0,25,0,0,1.0,0.0,0.0,25,0,0,1.0,0.92,0.92,25,23,23,1.0,1.0,1.0,25,25,25,1.0,0.0,0.0,25,0,0,1.0,0.2,0.2,25,5,5
[0.         0.500999   1.00049988 ... 0.         0.70781353 0.        ],"[ 0  0 50 37 16  6 59  8 20 16 51 52 37 48 53 29 10  0 59 46 21 56 34 46
 40 62 36 29 46 37  3 53  2 20 49 21 58  1 12 48 37 49 59 16  3 34 51 10
 21 37 34 17 29 51 10 32  0 51 40 46 34 29 46 29]","[ 0  0 50 37 16 11 59  8 20 16  3 13 37 48 49 29 20  0 14 46 21 56 34 46
  3 30 36 29  3 37  3 53  2 12 20 21 58  1 12 48 37 49 27 16  3 34 51 10
 21 37 54 17 29 51 10 32  0 51 27 16 34 29 46 29]",True,True,0.859375,0.859375,"[np.int64(15), np.int64(30), np.int64(15), np.int64(27), np.int64(7), np.int64(22), np.int64(59), np.int64(13), np.int64(28), np.int64(63), np.int64(42), np.int64(18), np.int64(6), np.int64(13), np.int64(15), np.int64(36), np.int64(44), np.int64(50), np.int64(29), np.int64(26), np.int64(28), np.int64(2), np.int64(0), np.int64(35), np.int64(9), np.int64(32), np.int64(3), np.int64(63), np.int64(20), np.int64(29), np.int64(62), np.int64(49), np.int64(13), np.int64(58), np.int64(12), np.int64(49), np.int64(58), np.int64(59), np.int64(61), np.int64(44), np.int64(5), np.int64(26), np.int64(20), np.int64(48), np.int64(35), np.int64(39), np.int64(51), np.int64(26), np.int64(49), np.int64(25), np.int64(56), np.int64(59), np.int64(49), np.int64(62), np.int64(13), np.int64(57), np.int64(17), np.int64(12), np.int64(11), np.int64(29), np.int64(36), np.int64(53), np.int64(27), np.int64(32)]","[np.int64(17), np.int64(4), np.int64(57), np.int64(3), np.int64(33), np.int64(24), np.int64(45), np.int64(56), np.int64(6), np.int64(57), np.int64(34), np.int64(24), np.int64(23), np.int64(16), np.int64(20), np.int64(10), np.int64(14), np.int64(47), np.int64(6), np.int64(33), np.int64(30), np.int64(28), np.int64(14), np.int64(16), np.int64(8), np.int64(34), np.int64(44), np.int64(7), np.int64(17), np.int64(22), np.int64(57), np.int64(3), np.int64(40), np.int64(11), np.int64(54), np.int64(52), np.int64(60), np.int64(40), np.int64(16), np.int64(21), np.int64(19), np.int64(15), np.int64(21), np.int64(22), np.int64(4), np.int64(22), np.int64(40), np.int64(15), np.int64(8), np.int64(57), np.int64(40), np.int64(58), np.int64(51), np.int64(30), np.int64(42), np.int64(17), np.int64(46), np.int64(37), np.int64(17), np.int64(13), np.int64(52), np.int64(14), np.int64(6), np.int64(48)]",False,False,0.0,0.0,"[ 0  0 50 37 16  6 59  8 49 18 16 52 37 48 53 38 14  0 14 46 21 56 34 46
 40 33 37 23 14 37  3 53  2 16 20 21 58  1 12 48 37 49 59 63 13 38 51 59
 21 37 54 17 63 51 33 32  0 51 27 46 34 29 28 18]","[ 0  0 50 10 27 11  5  8 49 16 51 13 37 44 28 29 14  0 23 46 21 56 34 48
  3 62 36 30 57 37  3 53  2 20 28 21 58  1 34 48 37 49 39 63  3 34 28 10
 21 37 54 17 29 51 10 32  0 51 40 47 34 29 46 29]",False,True,0.8125,0.9375,"[ 0  0 50 24 16  6 59  8 20 16 51 13 37 48 53 29  9  0 23 46 16 56 34 48
  3 33 36 29 14 15 27 53  2 20 20 21 58  1 34 48 37 49 39 39  3  9 62 10
 28 37 34 17 63 51 30 32  0 28 40 46 61 60 46 52]","[ 0  0 50 28 27 11 59  8 49 13 51 13 37 48 49 29 10  0  9 34 21 56 34 48
 40 30 36 30 57 16 27 53  2 12 28 21 58  1 12 48 37 49 39 16  3 38 28 25
 28 37 54 17 11 51 50 32  0 28 27 47 34 14 46 29]",False,False,0.140625,0.09375,0.04,1.0,1.0,1,1,25,0.04,1.0,1.0,1,1,25,1.0,0.0,0.0,25,0,0,1.0,0.0,0.0,25,0,0,1.0,0.48,0.48,25,12,12,1.0,1.0,1.0,25,25,25,1.0,0.08,0.08,25,2,2,1.0,0.0,0.0,25,0,0
[0.500999   0.         0.         ... 0.         0.         1.00049988],"[16  8 46 63 63 49 62 27 43 20 20  0 36 34  3 59 37 58 52 62 39 38 61 15
  8 62 27 39 21 58 51  1 59 33 51 52 62 43 44 33 43  0 45 33 33 29 17 38
 61 44 16 33 51 18  8  1 29  1 51 43 26  6 39 51]","[16  8 46 27 49 49 62 19 43 20 20  0 36 34  3 59 37 58 52 62 39 38 12 15
  8 62 27 39 21 58 51  1 59 33 43 38 62 43 44 33 43  0 45 33 33 29 17 38
 61 44 16 33 51  7  8  1  7  1 51 43 26  6 39 51]",True,True,0.859375,0.859375,"[np.int64(52), np.int64(15), np.int64(17), np.int64(52), np.int64(1), np.int64(45), np.int64(32), np.int64(21), np.int64(47), np.int64(30), np.int64(52), np.int64(36), np.int64(57), np.int64(31), np.int64(47), np.int64(2), np.int64(42), np.int64(56), np.int64(22), np.int64(49), np.int64(9), np.int64(6), np.int64(46), np.int64(16), np.int64(55), np.int64(50), np.int64(3), np.int64(38), np.int64(49), np.int64(38), np.int64(56), np.int64(51), np.int64(3), np.int64(25), np.int64(46), np.int64(35), np.int64(46), np.int64(63), np.int64(61), np.int64(33), np.int64(12), np.int64(47), np.int64(33), np.int64(51), np.int64(55), np.int64(21), np.int64(12), np.int64(29), np.int64(10), np.int64(59), np.int64(45), np.int64(55), np.int64(0), np.int64(12), np.int64(50), np.int64(63), np.int64(50), np.int64(34), np.int64(50), np.int64(25), np.int64(58), np.int64(59), np.int64(37), np.int64(59)]","[np.int64(61), np.int64(58), np.int64(49), np.int64(48), np.int64(25), np.int64(13), np.int64(19), np.int64(40), np.int64(29), np.int64(1), np.int64(16), np.int64(1), np.int64(2), np.int64(56), np.int64(51), np.int64(50), np.int64(24), np.int64(17), np.int64(46), np.int64(9), np.int64(60), np.int64(12), np.int64(50), np.int64(42), np.int64(31), np.int64(11), np.int64(34), np.int64(14), np.int64(60), np.int64(46), np.int64(2), np.int64(48), np.int64(45), np.int64(22), np.int64(38), np.int64(35), np.int64(24), np.int64(37), np.int64(56), np.int64(36), np.int64(25), np.int64(22), np.int64(16), np.int64(7), np.int64(5), np.int64(43), np.int64(49), np.int64(31), np.int64(57), np.int64(15), np.int64(20), np.int64(35), np.int64(2), np.int64(0), np.int64(14), np.int64(18), np.int64(2), np.int64(8), np.int64(58), np.int64(31), np.int64(6), np.int64(6), np.int64(30), np.int64(58)]",False,False,0.0,0.0,"[10 32 57 63 49 49 15  5 43 20 20 14 36 38 15  8 14  6 52 62 39 38 61 15
  8 62 20 39 21 58  3  1 59 33 43 38 62 43 44 33 43  0 45 33 33 32  6 38
 61 44 16 33 51  7  8  1 32  1 51 43 42 54 39 51]","[16  8 46 63  7 49 62 19 43 20 20  0 50 35  3 59  6 58 52 62 39 38 12 15
 30 62 20 30 21 58 51  1  3 33 51 38 35 43 44 33 58  0 60 33 33 29  6 38
 61 44 16 33 35 46 18 10 32  1 51 43 26  6 39 51]",True,True,0.8125,0.9375,"[16 16 57 27  7  7 15  5 43  8  0 14 36 38 16  8 32 58 53 49 39 38 12 15
  8 62 20 39 21 58 27  1 59 33 51 38 35 43 44 33 52  0 60 33 33 32  6 38
 61 44 16 33 40  7  8 10 17  1 51 43 26  6 39 51]","[16 16 46 63 63  7 17 19 43  8 20  0 36 34  3 56  1 56 49 62 39 38 12 15
  8  8 20 39 21 58 51 60 56 33 43 38 62 34 35 33 43  0 60 33 33 32  6 38
 61 19 16 33 51 46 18  1 29  1 43 43 31  6 39  3]",False,False,0.140625,0.09375,0.04,1.0,1.0,1,1,25,0.04,1.0,1.0,1,1,25,1.0,0.0,0.0,25,0,0,1.0,0.0,0.0,25,0,0,1.0,0.96,0.96,25,24,24,1.0,1.0,1.0,25,25,25,1.0,0.12,0.12,25,3,3,1.0,0.04,0.04,25,1,1
[0.         0.         0.         ... 0.70781353 0.         0.        ],"[61  1 56 14  1  9 63 63 16 17 12  4 33  4 53 37  9  1 12 16 46 54 31 53
 55 60 40 37 33  9 57 53 42 53 62 52 30 31 11 14 53 38 57 17 55 55 55 14
 55 14 60 24 57  1 57 53 31  1 62 31 31 55 30 40]","[20  1 39 16  1  9 63 46 16 17 12  4 33  4 53  7  9  1 12 16 46 54 31 53
 11 60 40 37 30  9 57 53 42 53 62 52 30  9 11 14 53 38 57 17 55 55 14 14
 23 16 60 24 57  1 57 53 46  1 62 26 31 55 30 52]",True,True,0.859375,0.859375,"[np.int64(25), np.int64(23), np.int64(48), np.int64(25), np.int64(3), np.int64(45), np.int64(44), np.int64(4), np.int64(37), np.int64(25), np.int64(63), np.int64(26), np.int64(40), np.int64(17), np.int64(25), np.int64(16), np.int64(22), np.int64(30), np.int64(41), np.int64(28), np.int64(54), np.int64(53), np.int64(27), np.int64(23), np.int64(30), np.int64(16), np.int64(22), np.int64(42), np.int64(42), np.int64(31), np.int64(34), np.int64(44), np.int64(56), np.int64(51), np.int64(3), np.int64(25), np.int64(16), np.int64(42), np.int64(3), np.int64(56), np.int64(23), np.int64(26), np.int64(41), np.int64(56), np.int64(56), np.int64(12), np.int64(36), np.int64(1), np.int64(10), np.int64(24), np.int64(54), np.int64(14), np.int64(9), np.int64(25), np.int64(13), np.int64(63), np.int64(54), np.int64(33), np.int64(55), np.int64(20), np.int64(24), np.int64(55), np.int64(5), np.int64(28)]","[np.int64(35), np.int64(15), np.int64(35), np.int64(43), np.int64(34), np.int64(0), np.int64(38), np.int64(42), np.int64(18), np.int64(2), np.int64(10), np.int64(57), np.int64(5), np.int64(31), np.int64(13), np.int64(9), np.int64(15), np.int64(22), np.int64(53), np.int64(13), np.int64(54), np.int64(32), np.int64(52), np.int64(52), np.int64(30), np.int64(37), np.int64(55), np.int64(62), np.int64(27), np.int64(15), np.int64(1), np.int64(57), np.int64(45), np.int64(10), np.int64(22), np.int64(4), np.int64(38), np.int64(54), np.int64(63), np.int64(17), np.int64(5), np.int64(26), np.int64(11), np.int64(30), np.int64(60), np.int64(58), np.int64(21), np.int64(31), np.int64(44), np.int64(59), np.int64(46), np.int64(63), np.int64(24), np.int64(42), np.int64(20), np.int64(23), np.int64(44), np.int64(0), np.int64(52), np.int64(52), np.int64(0), np.int64(1), np.int64(28), np.int64(30)]",False,False,0.0,0.0,"[61  1 56 14  1 37 21 35 16 17 12  4 33 53 52 37  9  1 12 16 46 54 24 53
 11 60 32 38 46  9 57 53 42 53 62 52 38  9 11 14 53 18 57 17 55 55 56 24
 55 16  5 24 57  1 57 53 31  1 62 31 24 55 38 40]","[20  1 56 14  1  7 63 46 16 17 12  4 33  4 53 18  9  1 12 16 16 54 31 53
 22 60 37 37 30  9 57 53 26 53 62 52 30 31 11 14 53 18 57 17 55 55 55 24
 23 16 18 24 14  1 57 53 31  1 62 31 31 55 30 52]",True,True,0.8125,0.9375,"[ 6  1 19 14  1  9 21 63 16 17 12  4 33 53 53 18  8  1 50 16 12 54 31 39
 55 50 32  5 30 28 57 53 42 28 62 52 30  9 27 14 53 38 57 17 45 55 55 14
 55 14  5 39 57  1 57 53 31  1 62 31 45 26 30 40]","[20  1 56 16  1  9 63 46 16 37 12  4 47 53 46  7  9  1 15 16 46 39 31 53
 11 60 40  5 33 28 57 53  7 53 62 52 30 31 11 14 53 38 57 17 35  7 28 39
 55 14  5 39 14  1 21 53 46  1 62 26 31 26 30 52]",False,True,0.140625,0.09375,0.04,1.0,1.0,1,1,25,0.04,1.0,1.0,1,1,25,1.0,0.0,0.0,25,0,0,1.0,0.0,0.0,25,0,0,1.0,0.92,0.92,25,23,23,1.0,1.0,1.0,25,25,25,1.0,0.0,0.0,25,0,0,1.0,0.04,0.04,25,1,1
[0.         0.70781353 0.         ... 0.         0.500999   0.        ],"[28  5 54 24 49 14 24 37 57 41 14 41 41 15 35 17 26 41 34 14 39 39 58 33
 35 24 26 41 12 59 59 33 23 44 33 26 43 53  5 33 36 26 25 12 26 37 52 33
 28 12 20 58 44 44  5 15  0 12 28 52 62 28  6 49]","[15  5 54 24 49 15 24 37 57 41 14 41 44 15 35  9 26 41 37 23 39 39 58 33
 35 24 26 41 12 59 32 33 45 44 33 26 39 53  5 33 36 26 25 12 26 37 52 33
 25 12 20 58 44 44 37 15  0 12 23 52 62  4  6 49]",True,True,0.859375,0.859375,"[np.int64(20), np.int64(59), np.int64(28), np.int64(42), np.int64(34), np.int64(36), np.int64(4), np.int64(43), np.int64(19), np.int64(30), np.int64(11), np.int64(18), np.int64(20), np.int64(1), np.int64(25), np.int64(41), np.int64(9), np.int64(25), np.int64(51), np.int64(7), np.int64(61), np.int64(27), np.int64(36), np.int64(7), np.int64(8), np.int64(15), np.int64(36), np.int64(40), np.int64(53), np.int64(14), np.int64(47), np.int64(26), np.int64(46), np.int64(22), np.int64(7), np.int64(43), np.int64(42), np.int64(53), np.int64(21), np.int64(39), np.int64(15), np.int64(9), np.int64(35), np.int64(5), np.int64(16), np.int64(44), np.int64(63), np.int64(57), np.int64(31), np.int64(37), np.int64(49), np.int64(28), np.int64(35), np.int64(11), np.int64(7), np.int64(47), np.int64(43), np.int64(37), np.int64(47), np.int64(5), np.int64(33), np.int64(62), np.int64(29), np.int64(11)]","[np.int64(8), np.int64(50), np.int64(15), np.int64(1), np.int64(12), np.int64(6), np.int64(35), np.int64(31), np.int64(57), np.int64(57), np.int64(54), np.int64(54), np.int64(29), np.int64(8), np.int64(36), np.int64(28), np.int64(32), np.int64(41), np.int64(10), np.int64(60), np.int64(40), np.int64(31), np.int64(27), np.int64(33), np.int64(9), np.int64(61), np.int64(7), np.int64(17), np.int64(47), np.int64(62), np.int64(7), np.int64(57), np.int64(55), np.int64(5), np.int64(61), np.int64(13), np.int64(34), np.int64(51), np.int64(47), np.int64(20), np.int64(62), np.int64(17), np.int64(53), np.int64(46), np.int64(25), np.int64(38), np.int64(49), np.int64(11), np.int64(43), np.int64(29), np.int64(22), np.int64(48), np.int64(20), np.int64(14), np.int64(25), np.int64(28), np.int64(46), np.int64(12), np.int64(3), np.int64(58), np.int64(60), np.int64(21), np.int64(40), np.int64(4)]",False,False,0.0,0.0,"[43  5 54 24 39 14 24 37 57 41 14 41 41 62 35  9 26 35 37 14 55 39 58 33
 35 24 26 41 24 59 19 33 23 12 33 26 43 15 62 33 36 26 25 33 26 10 52 33
 25 12 20 58 44 44 37  4 21 12 23 52 62 28  6 38]","[43 58 54  4 49 14 39 45 57 39 45 41 44 62 35 14 26 35 34 23 39 39 58 33
 35 24 26 41 12 59 32 33 45 44 33 26 43 53  5 33 36 26 25 12 26 37 37 23
 28 12 20 58 44 44 37 15  0 12 23 52 62 28  6 49]",True,True,0.8125,0.9375,"[28  5 54 62 49 15 14 37 57 41 14 41 41 38 35 55 26 35 37  0 39 56 58  9
 52 24 26 41  0 59 43 33 23 12 18 26 59 18 63 14 36 26 25 12 26 10 52 33
 49 12 56 58 44 44  5  5 21 49 23 52 62 28  3 45]","[28  4 54  4  3 15 24 37 57 41 14 41 44 15 35 14 26 35 34  0 46 39 58 33
 35 24 26 41 12 59 32 33 58 44 33 26 39 46 63  4 36 26 25 33 26 10 52 33
 28 12 20 58 46 37  5 15 50 12 32 36 62 28 63 62]",False,False,0.140625,0.09375,0.04,1.0,1.0,1,1,25,0.04,1.0,1.0,1,1,25,1.0,0.0,0.0,25,0,0,1.0,0.0,0.0,25,0,0,1.0,0.88,0.88,25,22,22,1.0,1.0,1.0,25,25,25,1.0,0.12,0.12,25,3,3,1.0,0.0,0.0,25,0,0
[0.         0.70781353 0.         ... 0.500999   0.         0.        ],"[59 10 12 29 44  5 52 47 29 50 43 49 24 52 20 52  0 43  5 47 21 43  6 24
  5 52 23 19 49  5 24 18 52 29 60 43 10 47 28 10 32 44 55  5  5 44 45 29
 23 18 12 41 24 41 61  4 31 62 63 52  4  8 43 17]","[60 10 12 29 29  5 52 47 29 46 43 49 24 52 20 52 22 43  5 47 21 43 55 24
  5 45 53 19  8  5 24 18 30 29 48 43 10 47 48 10 32 44 55  5  5 24 45 29
 23 18 12 41 24  3 61  4 31 62 26 52  4  8 43 17]",True,True,0.859375,0.859375,"[np.int64(10), np.int64(9), np.int64(32), np.int64(62), np.int64(13), np.int64(48), np.int64(33), np.int64(46), np.int64(42), np.int64(57), np.int64(22), np.int64(42), np.int64(12), np.int64(7), np.int64(25), np.int64(20), np.int64(53), np.int64(57), np.int64(49), np.int64(4), np.int64(63), np.int64(11), np.int64(16), np.int64(62), np.int64(34), np.int64(0), np.int64(26), np.int64(51), np.int64(31), np.int64(59), np.int64(28), np.int64(21), np.int64(15), np.int64(37), np.int64(27), np.int64(16), np.int64(2), np.int64(57), np.int64(57), np.int64(53), np.int64(25), np.int64(7), np.int64(54), np.int64(49), np.int64(37), np.int64(51), np.int64(54), np.int64(33), np.int64(60), np.int64(15), np.int64(62), np.int64(25), np.int64(17), np.int64(51), np.int64(19), np.int64(14), np.int64(13), np.int64(36), np.int64(54), np.int64(36), np.int64(12), np.int64(24), np.int64(52), np.int64(3)]","[np.int64(8), np.int64(3), np.int64(52), np.int64(11), np.int64(19), np.int64(38), np.int64(59), np.int64(33), np.int64(7), np.int64(57), np.int64(62), np.int64(55), np.int64(6), np.int64(61), np.int64(61), np.int64(43), np.int64(7), np.int64(57), np.int64(22), np.int64(12), np.int64(39), np.int64(30), np.int64(25), np.int64(41), np.int64(56), np.int64(35), np.int64(50), np.int64(42), np.int64(63), np.int64(48), np.int64(35), np.int64(35), np.int64(48), np.int64(56), np.int64(62), np.int64(53), np.int64(21), np.int64(46), np.int64(16), np.int64(0), np.int64(16), np.int64(24), np.int64(13), np.int64(25), np.int64(55), np.int64(28), np.int64(42), np.int64(18), np.int64(4), np.int64(41), np.int64(15), np.int64(9), np.int64(14), np.int64(13), np.int64(54), np.int64(41), np.int64(15), np.int64(16), np.int64(31), np.int64(49), np.int64(23), np.int64(39), np.int64(22), np.int64(27)]",False,False,0.0,0.0,"[59 10 12 29 29  5  8 47 29 50 43 49 24 52 20 52  0 43  5 50 21 43 55 24
  5 52 53  0 17  5 24 18 30 29 48 43  6 62 28 10 61 44 55  5  5 52 45 29
 23 18 12 41 24 37 61 15 31 62 63 52  4  8 43 17]","[60 10 12 29 44  5 39 47 29 46 43 19 24 17 20 55 27 43  5 47 21 43 55 24
  5 52 53 19 51  5 24  4 30 29 60 43 10 47 48 19 32 44 55  5  5 44 45 29
 23 18 12  9 24 41 61  4 31 62 51  0  4  8 43 17]",True,True,0.8125,0.9375,"[59 10 12 24 44  5  8 47  6 50 43 49 24 17 20 52 27 43  5  7 35 52  6 24
  5 45 53  0 17  5 10  4 30 29 48 41 10 35 28  6 61 44 55  5  5 44 50 29
 20 18 59 41 41 41 61  4 31 62 63 33 20 28 12 17]","[27 10 12 24 31  5 36 47 29 50 30 19 62 17 20 52 22 43  5 47 35 43  6 24
  5 52 23 58 49  5 24  4 30 29 48 43  6 35 28 48 32 44 55  5  5 44 45 44
 38 18 12 41 41  3 61  4 31 62 26  0  4 28 43 17]",False,False,0.140625,0.09375,0.04,1.0,1.0,1,1,25,0.04,1.0,1.0,1,1,25,1.0,0.0,0.0,25,0,0,1.0,0.0,0.0,25,0,0,1.0,0.96,0.96,25,24,24,1.0,1.0,1.0,25,25,25,1.0,0.2,0.2,25,5,5,1.0,0.08,0.08,25,2,2
[0.500999 0.       0.       ... 0.       0.500999 0.      ],"[23 34 24  8 24 55 23 62 57 59 63 42 48  9 62 35 47 34 39 48 24 49 19 46
 17 63  1 41 16  7 48 35 59  1 34 41  7 24  1 55  0 17  1 33 53 19 34 57
 46 46 47 63  1 24 55 41  5 34  8 57  5  8  1  1]","[38 34 24  8 24 14 23 62 57 59 63 42 59  9  0 54 47 34 39 20 19 49 25 46
 17 63  1 51 16  7 62 50 59  1 34 41 54 24  1 21  0 17  1 42 53 19 34  1
 46 46 47 59  1 24 16 41  5 34  8 57  5  8  1  1]",True,False,0.859375,0.859375,"[np.int64(47), np.int64(35), np.int64(12), np.int64(50), np.int64(54), np.int64(58), np.int64(59), np.int64(44), np.int64(50), np.int64(22), np.int64(36), np.int64(59), np.int64(17), np.int64(43), np.int64(50), np.int64(33), np.int64(1), np.int64(41), np.int64(26), np.int64(11), np.int64(29), np.int64(55), np.int64(28), np.int64(15), np.int64(40), np.int64(26), np.int64(26), np.int64(52), np.int64(26), np.int64(51), np.int64(13), np.int64(8), np.int64(46), np.int64(39), np.int64(9), np.int64(16), np.int64(31), np.int64(7), np.int64(12), np.int64(20), np.int64(41), np.int64(55), np.int64(17), np.int64(38), np.int64(2), np.int64(43), np.int64(47), np.int64(17), np.int64(6), np.int64(48), np.int64(20), np.int64(29), np.int64(49), np.int64(63), np.int64(37), np.int64(49), np.int64(55), np.int64(0), np.int64(19), np.int64(14), np.int64(24), np.int64(4), np.int64(23), np.int64(18)]","[np.int64(49), np.int64(36), np.int64(7), np.int64(45), np.int64(12), np.int64(38), np.int64(30), np.int64(46), np.int64(6), np.int64(54), np.int64(58), np.int64(26), np.int64(44), np.int64(39), np.int64(45), np.int64(2), np.int64(47), np.int64(12), np.int64(59), np.int64(43), np.int64(47), np.int64(51), np.int64(13), np.int64(49), np.int64(21), np.int64(42), np.int64(57), np.int64(49), np.int64(42), np.int64(20), np.int64(30), np.int64(29), np.int64(63), np.int64(49), np.int64(51), np.int64(14), np.int64(63), np.int64(16), np.int64(46), np.int64(38), np.int64(13), np.int64(18), np.int64(39), np.int64(51), np.int64(48), np.int64(30), np.int64(0), np.int64(10), np.int64(61), np.int64(52), np.int64(9), np.int64(22), np.int64(29), np.int64(21), np.int64(7), np.int64(51), np.int64(29), np.int64(10), np.int64(5), np.int64(42), np.int64(17), np.int64(63), np.int64(44), np.int64(39)]",False,False,0.0,0.0,"[63 34 24  8 24 14 23 62 57 59 63 42  8  9 62 54 47 34 39 48 38 49 25 46
 17 63  1 41 16  7 62 35 14 62 34 41 14 24  1 19  0 47  1  3 53 19 34  1
 46 46 47 63  1 24 32 54  5 34  8 51 45 50  1  1]","[38 34 24  8 24 55 28 62 24 59 63 42 59  9 32 35 47 34  2 48 24 49  4 46
 17 63  1 30 16  7 48 35 42  1 34 41 54 24 49 21  0 17  1  3 53 19 34 57
 46 62 47 59  1 24 21 41  5 34  8 57 45  8  1  1]",True,True,0.8125,0.9375,"[38 34 24 30 24 55 23 62 57 59 63 42 33  9  5 54 28 34 39 48 62 39  4 46
  8 16 49 30 16  7 62 35 42  1 34  2 14 24 23 55  0 17 32 33 53 31 34  1
  7 62 47 59 16 24 21 41  5 34  8 57  5 50  1 38]","[23 34 18 43 22 55 23 48 57 59 63 42  8  9 62 54 47 34 39 22 42 49 25 46
 17 22 49 30 39  7 62 50  8  1 34  2 54 24  1 55 43 17  1 33 53 60 34 57
 30 62 47 59  1 42 21 41  5 34 39 47  5  8  1  1]",False,False,0.140625,0.09375,0.04,1.0,1.0,1,1,25,0.04,0.0,0.0,1,0,0,1.0,0.0,0.0,25,0,0,1.0,0.0,0.0,25,0,0,1.0,1.0,1.0,25,25,25,1.0,1.0,1.0,25,25,25,1.0,0.04,0.04,25,1,1,1.0,0.0,0.0,25,0,0
[0.500999   0.70781353 0.500999   ... 0.         0.         1.00049988],"[ 2 36 10 36 15 14 14 44 13 37 10 52 34  1 31 45 32 27  2 15 19 27 41 44
 39 15  3 36  6 40 35 45  7 13 44 51 10 56  0  1 52 39  4 56 10 10 14 40
  7  0 48 17 15  0  1  1 34  7 25  7 53  4 11  7]","[ 2 36 10 36 15 21 43 44 51 47 10 52  3  1 31 45 32 27  2 34 19 27 33 44
 39 18  3 36 29 40 35 45  7 43 44 51 10 26  0  1 21 39  4 63 10 10 14 40
  7  0 48 17  7  0  1  1 34  7 25  7 53  4 11  7]",True,True,0.859375,0.859375,"[np.int64(20), np.int64(51), np.int64(24), np.int64(0), np.int64(16), np.int64(31), np.int64(40), np.int64(24), np.int64(50), np.int64(52), np.int64(62), np.int64(60), np.int64(26), np.int64(57), np.int64(9), np.int64(4), np.int64(34), np.int64(59), np.int64(0), np.int64(13), np.int64(52), np.int64(52), np.int64(12), np.int64(20), np.int64(56), np.int64(31), np.int64(34), np.int64(35), np.int64(33), np.int64(47), np.int64(57), np.int64(6), np.int64(28), np.int64(31), np.int64(27), np.int64(20), np.int64(32), np.int64(51), np.int64(1), np.int64(62), np.int64(16), np.int64(61), np.int64(21), np.int64(4), np.int64(1), np.int64(23), np.int64(10), np.int64(50), np.int64(48), np.int64(56), np.int64(18), np.int64(11), np.int64(53), np.int64(36), np.int64(8), np.int64(37), np.int64(36), np.int64(62), np.int64(24), np.int64(13), np.int64(45), np.int64(25), np.int64(1), np.int64(42)]","[np.int64(41), np.int64(18), np.int64(19), np.int64(44), np.int64(49), np.int64(2), np.int64(53), np.int64(36), np.int64(9), np.int64(4), np.int64(43), np.int64(61), np.int64(12), np.int64(6), np.int64(30), np.int64(19), np.int64(49), np.int64(55), np.int64(41), np.int64(39), np.int64(24), np.int64(53), np.int64(58), np.int64(22), np.int64(57), np.int64(4), np.int64(35), np.int64(7), np.int64(17), np.int64(7), np.int64(26), np.int64(12), np.int64(39), np.int64(59), np.int64(61), np.int64(33), np.int64(46), np.int64(47), np.int64(44), np.int64(4), np.int64(19), np.int64(37), np.int64(15), np.int64(63), np.int64(30), np.int64(12), np.int64(16), np.int64(19), np.int64(17), np.int64(17), np.int64(9), np.int64(7), np.int64(21), np.int64(0), np.int64(6), np.int64(45), np.int64(60), np.int64(15), np.int64(35), np.int64(36), np.int64(28), np.int64(37), np.int64(40), np.int64(56)]",False,False,0.0,0.0,"[ 2 36 10 36 11 14 14 44 51 37 10 52 15  1 31 45 58 27  2 52 51 12 47 44
 39 31 37 45 31 11 35 45  7 13 44 51 10 40  0 25 52 40 38 63 10 10 14 40
 12  0 48 48 15  0 19  1 34 59 25  7 57  4 11 12]","[59 36 10 36 11 29 43 44 11 37 10 52 39  1 31 45 32 18  2 34 19 18 33 44
 39 32 17 45 29 11 35 45  7 43 44 51 10 56  0 25 52 39  4 56 10 10 14 40
  7 20 48  8 15  0  1  1 34 59 16  7 57  4 11  7]",False,True,0.8125,0.9375,"[ 2 36 10 36 15 14 41 44 13 37 10 52 34  1 31 45 58 27 21 15 19 27 33 44
 16 18  3 36  6 11 35 45 19 13 44 51 10 53  0 41 41 40  4 56 10 10 14 40
 12 60 51 48 15 52 39  1 43  7 16  0 53  4 11 12]","[ 2 36 10 36 15 29 14 44 51 28 10 52  3  1 31 45 41 18  2 34 51 27 33 44
 16 18 17 36 29 28 35 45  7 43 44 28 10 26  0  1 21 40 38 56 10 10 14  9
  7 54 51 48  7 52 19  1 34  7 25  7 53  4 11  7]",False,False,0.140625,0.09375,0.04,1.0,1.0,1,1,25,0.04,1.0,1.0,1,1,25,1.0,0.0,0.0,25,0,0,1.0,0.0,0.0,25,0,0,1.0,0.84,0.84,25,21,21,1.0,1.0,1.0,25,25,25,1.0,0.12,0.12,25,3,3,1.0,0.0,0.0,25,0,0
[0.         1.00049988 0.         ... 0.         0.         1.00049988],"[50 58 52 52 43 46 58 53  9 43 16 25 60 50 54 61 17 43 34 50 30 61  3 46
  6 60 54 17  2 14 17 55 51 27 61 12 16 53 30 42  3 53 26 43 58 29 52 50
 60  9 54  4 43 54 43 46 47 50 52 60 54 54  2 57]","[ 6 58 52 52 43 46 58 44  9 43 16 25 60  6 54 53 17 43  0  3 30 61  3 46
  6 16 54 17  2 14 17 55 51 27 27 12 16 53 30 42  3  3 26 43 58 29 52 14
 51  9 54  4 43 54 43  7 47 44 17 60 54  9  2 57]",True,True,0.859375,0.859375,"[np.int64(26), np.int64(43), np.int64(19), np.int64(8), np.int64(60), np.int64(30), np.int64(53), np.int64(20), np.int64(49), np.int64(56), np.int64(32), np.int64(45), np.int64(59), np.int64(54), np.int64(22), np.int64(61), np.int64(60), np.int64(44), np.int64(42), np.int64(32), np.int64(47), np.int64(30), np.int64(30), np.int64(38), np.int64(31), np.int64(51), np.int64(33), np.int64(4), np.int64(57), np.int64(30), np.int64(57), np.int64(32), np.int64(43), np.int64(43), np.int64(0), np.int64(38), np.int64(10), np.int64(11), np.int64(15), np.int64(42), np.int64(27), np.int64(18), np.int64(40), np.int64(40), np.int64(17), np.int64(28), np.int64(45), np.int64(21), np.int64(52), np.int64(60), np.int64(13), np.int64(2), np.int64(8), np.int64(1), np.int64(3), np.int64(57), np.int64(43), np.int64(62), np.int64(17), np.int64(6), np.int64(35), np.int64(6), np.int64(31), np.int64(5)]","[np.int64(9), np.int64(13), np.int64(63), np.int64(44), np.int64(33), np.int64(57), np.int64(44), np.int64(55), np.int64(10), np.int64(14), np.int64(48), np.int64(10), np.int64(40), np.int64(13), np.int64(47), np.int64(24), np.int64(16), np.int64(52), np.int64(61), np.int64(48), np.int64(48), np.int64(46), np.int64(35), np.int64(56), np.int64(23), np.int64(21), np.int64(45), np.int64(9), np.int64(35), np.int64(8), np.int64(28), np.int64(63), np.int64(37), np.int64(49), np.int64(51), np.int64(18), np.int64(38), np.int64(19), np.int64(2), np.int64(40), np.int64(30), np.int64(52), np.int64(18), np.int64(46), np.int64(36), np.int64(19), np.int64(33), np.int64(36), np.int64(11), np.int64(58), np.int64(18), np.int64(52), np.int64(6), np.int64(7), np.int64(6), np.int64(25), np.int64(17), np.int64(28), np.int64(37), np.int64(26), np.int64(18), np.int64(46), np.int64(5), np.int64(20)]",False,False,0.0,0.0,"[63 58 52 52 43 23  0 53  9 43 36 25 60 50 54 53 17 43  0 46 62 61  3 46
 57 16 52 17  2 25 17 55 57 27 60 12 47 30 30 12  3  8 39 43 58 29 52 50
 60  9 54  4 43 54 43 46 47 50  9 60 54  9  2 57]","[ 6 42 52 52 43 51  2 53  9 43 36 28 60  6 54 61 17 43  0  3 62 61  3  5
 34 16 54 17  2 14 51 55 19 27 61 12 47  3 30 12  3 21 26 43  7 29 16 32
 51  9 54  4 43 54 43  7 47 50 52 34 54  9  2 59]",True,True,0.8125,0.9375,"[50 58 16 52 43 46 13 44  9 43 16 25 60 46 54 61 46 43  0 32 22 41 20 46
 57 60 52 17  2 25 17 55 51 27 27 12 10 30 30 22  3 21 26 43 19 29 52 24
 51 61 54  4 43 54 43 46 47 32 17 60 54 54  2 59]","[ 6 58  3  2 43 51 24 44  9 43 16 28 60 46 54 53 17 43  0  3 30 41  3 46
 34 16 52 34  2  7 17 55 51 39 60 12 47 53 30 22  3 53  1 43 19 29 52 50
 51  9 54  4 43 41 43 46 47 41 52 34 12  1  2 59]",False,False,0.140625,0.09375,0.04,1.0,1.0,1,1,25,0.04,1.0,1.0,1,1,25,1.0,0.0,0.0,25,0,0,1.0,0.0,0.0,25,0,0,1.0,0.96,0.96,25,24,24,1.0,1.0,1.0,25,25,25,1.0,0.12,0.12,25,3,3,1.0,0.0,0.0,25,0,0
[0.500999   0.         0.         ... 0.         1.00049988 1.00049988],"[35 35 62 21 62 44 35 45 10 36 59 16 24 62  8 59 37 48 37 45 28 59 10 46
  7 37 37 26 54 53 15  8 22 62 52 15 54 45 37 40 51 15 28 51 19 59 54  5
 21 40 35 59 10 18 59 36 50 18 16 59 44 43 51 58]","[35 35 62 21 62 24 35 45 10  4 59 16 24 43 24 59 35 41 48 45 30 59 10  8
  7 37 30 26 54 53 15  8 22 62 52 15 43 45 37  3 51 15 39 51 19 59 54  5
 21 13  3 59 10 18 59  7 20 18 16 59 14 43 51 58]",True,True,0.859375,0.859375,"[np.int64(23), np.int64(22), np.int64(58), np.int64(3), np.int64(30), np.int64(0), np.int64(12), np.int64(63), np.int64(20), np.int64(31), np.int64(32), np.int64(53), np.int64(34), np.int64(43), np.int64(36), np.int64(24), np.int64(25), np.int64(43), np.int64(28), np.int64(14), np.int64(12), np.int64(30), np.int64(30), np.int64(15), np.int64(42), np.int64(61), np.int64(18), np.int64(46), np.int64(27), np.int64(3), np.int64(19), np.int64(17), np.int64(18), np.int64(50), np.int64(14), np.int64(26), np.int64(21), np.int64(47), np.int64(46), np.int64(59), np.int64(46), np.int64(38), np.int64(35), np.int64(60), np.int64(32), np.int64(39), np.int64(45), np.int64(12), np.int64(40), np.int64(6), np.int64(38), np.int64(5), np.int64(25), np.int64(54), np.int64(31), np.int64(33), np.int64(1), np.int64(22), np.int64(12), np.int64(18), np.int64(45), np.int64(15), np.int64(60), np.int64(58)]","[np.int64(63), np.int64(27), np.int64(17), np.int64(54), np.int64(5), np.int64(37), np.int64(60), np.int64(60), np.int64(21), np.int64(23), np.int64(39), np.int64(29), np.int64(22), np.int64(55), np.int64(30), np.int64(18), np.int64(32), np.int64(7), np.int64(39), np.int64(2), np.int64(8), np.int64(51), np.int64(19), np.int64(50), np.int64(28), np.int64(58), np.int64(4), np.int64(21), np.int64(36), np.int64(2), np.int64(60), np.int64(59), np.int64(16), np.int64(8), np.int64(8), np.int64(40), np.int64(16), np.int64(22), np.int64(61), np.int64(62), np.int64(20), np.int64(11), np.int64(39), np.int64(21), np.int64(33), np.int64(6), np.int64(1), np.int64(53), np.int64(5), np.int64(28), np.int64(44), np.int64(45), np.int64(40), np.int64(12), np.int64(30), np.int64(41), np.int64(57), np.int64(52), np.int64(60), np.int64(7), np.int64(33), np.int64(31), np.int64(50), np.int64(55)]",False,False,0.0,0.0,"[38 26 50 21 62 44 35 45 10 36 59 16 56 62 42 59 37 48 37 48 28 59 10 46
 41 37 55 26 54 53 15  8 16 62 17 15 54 45 37  7 51 15 28 51 42 59 54  5
 21 40  3 59 10 11 59 36 50 18 16 59 14 43 51 58]","[52 35 43 21 43  9 35 45 10  4 59  5 24 62 24 59 37 48 22 45 28 59 10  8
  7 37 30 26 54 53 15  8 16 62 17 22 54 45  0  7 39 49 39 51  4 59 54  5
 21 39 44 59 10 31 59  7 12 18 16 59 14 43 51 58]",True,True,0.8125,0.9375,"[52 26 62 21 43  9 35 24 10 36 59 53 24  0  8 59  7 34 22 45 28 59 35 46
  7 37 55 26 54 53 15  8 22 62 17 15 54 45 44 22 51 15 39 51 19 59 54  5
 21 40  2 59 10  0 59 22 50 18 16 59 44 43 33 58]","[13 35 50 39  9 24 35 45 14 36 59 16 56 43 24 59 35 56 48 45  8 59 19 38
  7  0 37 26 42 53 26  8 16 53 17 22 43 43 23 42 39 15 14 51 19 59 54  5
 21 40  3 59 10 18 59  7 20 18 33 59 44 56 51 58]",False,False,0.140625,0.09375,0.04,1.0,1.0,1,1,25,0.04,1.0,1.0,1,1,25,1.0,0.0,0.0,25,0,0,1.0,0.0,0.0,25,0,0,1.0,0.8,0.8,25,20,20,1.0,1.0,1.0,25,25,25,1.0,0.08,0.08,25,2,2,1.0,0.12,0.12,25,3,3
[0.500999   0.         0.         ... 0.         0.70781353 0.        ],"[15 36 54 19 54 40 40 54  7 43 28 42 50 22 19 43 40 32 51 31 40 19 31 28
 21 22 58 11 42 56 36 31 54 35 43 40 42 25 11 10 31 14 31 42 11 58 42 15
  4 43 54 19 51  7 31 63 49 42 22 11 57 36 49  7]","[15 36 54 19 19 22 40 54  7 58 28 42  3 22 19  9 40 14 51 31 40 19 31 28
 21 22 13 23 19 56 36 31 54 51 25 19 19 25 51 10 31  3 31 42 11 58 42 15
  4 36 54 19 51 13 31 63 49 42 22 11 57 28 59 14]",True,True,0.859375,0.859375,"[np.int64(5), np.int64(48), np.int64(54), np.int64(13), np.int64(63), np.int64(36), np.int64(53), np.int64(59), np.int64(55), np.int64(37), np.int64(38), np.int64(51), np.int64(38), np.int64(24), np.int64(17), np.int64(43), np.int64(1), np.int64(28), np.int64(26), np.int64(55), np.int64(37), np.int64(9), np.int64(17), np.int64(44), np.int64(44), np.int64(60), np.int64(19), np.int64(10), np.int64(5), np.int64(2), np.int64(25), np.int64(43), np.int64(21), np.int64(0), np.int64(41), np.int64(45), np.int64(36), np.int64(44), np.int64(9), np.int64(61), np.int64(53), np.int64(47), np.int64(8), np.int64(39), np.int64(30), np.int64(2), np.int64(6), np.int64(56), np.int64(4), np.int64(23), np.int64(7), np.int64(4), np.int64(31), np.int64(13), np.int64(45), np.int64(28), np.int64(45), np.int64(30), np.int64(19), np.int64(9), np.int64(8), np.int64(19), np.int64(46), np.int64(46)]","[np.int64(33), np.int64(11), np.int64(43), np.int64(36), np.int64(31), np.int64(41), np.int64(45), np.int64(56), np.int64(28), np.int64(17), np.int64(10), np.int64(58), np.int64(7), np.int64(63), np.int64(45), np.int64(50), np.int64(51), np.int64(35), np.int64(52), np.int64(5), np.int64(9), np.int64(41), np.int64(20), np.int64(2), np.int64(56), np.int64(30), np.int64(58), np.int64(32), np.int64(50), np.int64(9), np.int64(38), np.int64(36), np.int64(20), np.int64(25), np.int64(54), np.int64(29), np.int64(43), np.int64(27), np.int64(16), np.int64(60), np.int64(14), np.int64(30), np.int64(22), np.int64(39), np.int64(47), np.int64(40), np.int64(4), np.int64(14), np.int64(2), np.int64(33), np.int64(33), np.int64(22), np.int64(29), np.int64(7), np.int64(48), np.int64(39), np.int64(0), np.int64(10), np.int64(38), np.int64(5), np.int64(34), np.int64(12), np.int64(58), np.int64(56)]",False,False,0.0,0.0,"[15 36 32 19 19 40 40 54 61 25 13 42 50 22 19 43 40 32 59 31 40 19 31 49
 58  4 58 11 19 56 36 31 54 30  7 40 19  3 11 10 31  3 31 42 11 60 42 15
  4 62 54 19 51  7 31 63 49 42 13 11 57 36 59  7]","[15 36 54 19 54 40 40 54 38 25 13 38 46 22 19 14 40 14 51 31 40 19 31  6
 21 22 13 23 19 56 17 31 54 35  7 19 42  3 51 10 31 14 31 42 48 41 35 15
  4 36 54 19 51  2 31 63 49 42 13 18 57  3 39  7]",True,True,0.8125,0.9375,"[15 36 54 57 19 40 40 54 24 43 28 42  3 10 11 43 40 14 51 31 40 22 31 27
 58 22 58 11 42 56 36 31 54 30 25 40 42  3 51 10 31  2 31 42 23 58 58 15
  4 36 54 20 51 13 31 63 49  3 45 18 57 36 59 14]","[15 36 54 19 54 40 40 54 63 58 28 42 45 22 19 14 40 32 45 31 40 22 31 25
  8  4 13 23 23 56 36 31 54 12  9 19 19 25 51 10 31  2 31 42 48 41 12 15
  4 63 54 19 51 13 31 63 49 28 22 11 57 28 49 14]",False,True,0.140625,0.09375,0.04,1.0,1.0,1,1,25,0.04,1.0,1.0,1,1,25,1.0,0.0,0.0,25,0,0,1.0,0.0,0.0,25,0,0,1.0,0.88,0.88,25,22,22,1.0,1.0,1.0,25,25,25,1.0,0.24,0.24,25,6,6,1.0,0.12,0.12,25,3,3
[0.         0.500999   0.         ... 0.         0.         1.00049988],"[ 1 60  2 25 43  1  7 39 41 18 60 51 20 60 19 27 18 47 27 60 12 16  2  2
 39 22 23  2  9 38 23 36 43 56 47 62 42 57  1  2 47  2 27 27 57 18  9 41
  1 26 16  7  6 47 55  7 13 18  1 30 27  3 42 13]","[ 1  7  2 25 43  1 15 39 41 18 26 28 20 26 19 27 42 47 27 60 12 16  2  2
 22 22 23  2 52 38 23 59 43 56 26 62 42 59  1  2 47  2 27 27 50 13  4 41
  1 26 16  7  6 47 52  7 13 18  1 30 27 48 42 13]",False,False,0.859375,0.859375,"[np.int64(56), np.int64(34), np.int64(0), np.int64(33), np.int64(59), np.int64(48), np.int64(16), np.int64(6), np.int64(28), np.int64(15), np.int64(37), np.int64(17), np.int64(32), np.int64(8), np.int64(49), np.int64(19), np.int64(43), np.int64(49), np.int64(58), np.int64(15), np.int64(18), np.int64(42), np.int64(57), np.int64(43), np.int64(38), np.int64(5), np.int64(21), np.int64(9), np.int64(31), np.int64(13), np.int64(19), np.int64(13), np.int64(35), np.int64(6), np.int64(47), np.int64(25), np.int64(61), np.int64(59), np.int64(54), np.int64(48), np.int64(61), np.int64(19), np.int64(10), np.int64(3), np.int64(13), np.int64(34), np.int64(51), np.int64(43), np.int64(19), np.int64(43), np.int64(30), np.int64(19), np.int64(57), np.int64(49), np.int64(36), np.int64(11), np.int64(4), np.int64(14), np.int64(48), np.int64(6), np.int64(10), np.int64(27), np.int64(12), np.int64(42)]","[np.int64(24), np.int64(12), np.int64(15), np.int64(62), np.int64(26), np.int64(5), np.int64(26), np.int64(43), np.int64(10), np.int64(42), np.int64(23), np.int64(36), np.int64(16), np.int64(33), np.int64(11), np.int64(9), np.int64(8), np.int64(6), np.int64(34), np.int64(51), np.int64(39), np.int64(29), np.int64(61), np.int64(43), np.int64(35), np.int64(49), np.int64(8), np.int64(10), np.int64(29), np.int64(18), np.int64(6), np.int64(13), np.int64(35), np.int64(63), np.int64(32), np.int64(34), np.int64(54), np.int64(35), np.int64(47), np.int64(23), np.int64(56), np.int64(44), np.int64(15), np.int64(32), np.int64(42), np.int64(5), np.int64(9), np.int64(44), np.int64(51), np.int64(43), np.int64(30), np.int64(3), np.int64(62), np.int64(24), np.int64(36), np.int64(0), np.int64(17), np.int64(45), np.int64(44), np.int64(43), np.int64(51), np.int64(10), np.int64(55), np.int64(29)]",False,False,0.0,0.0,"[ 1  7  2 25  8 36 43 39 41 18 26 51 25 63 36 27  7 48 41 47  8 14  2  2
 39 22 23  2 32 38 23 36 31 56 47 62 42 21  1  2 47  2 27 27 57 18  9 41
  9  7 57 52  6 47 55  7 13 18 48 30 27 48  7 52]","[ 1  7  2 25 16  9  7 39 41 18 13 28 41 45 19 27 18 47 41 45 26 16  2  2
 39 22 13  2  9 38 23  9 43 54 47 62 42 59  1  2 47  2 41 27 57 18  9 41
  9 26 16  7 53 47 52  7 28 18 48 30 18 48  7 13]",False,False,0.8125,0.9375,"[ 1  5  2 25  8 50  7 39 42 31 60 28 20 60 19 62 18 48 27 45 12 16  2  2
 39 59 10  2 52 38 23  9 43 56 53 62 42 57  1  2 47  2 41 27 50 19  4 19
  1 26 44  7 53 47 52  7 51 18  1 30 18 48 42 13]","[54 60  2 25  8  1 15 16 41 46 26 51 20 26 36 27 42 48 41 45 12 14  2  2
 39 22 23  2 32 38 23 36 43 54 37 62 42 59  1  2 19  2 41 27 50 13  9 41
 61 26 16 52  4 47 55  7 13 18 48 25 13 48 15 13]",False,False,0.140625,0.09375,0.04,0.0,0.0,1,0,0,0.04,0.0,0.0,1,0,0,1.0,0.0,0.0,25,0,0,1.0,0.0,0.0,25,0,0,1.0,0.52,0.52,25,13,13,1.0,0.44,0.44,25,11,11,1.0,0.08,0.08,25,2,2,1.0,0.04,0.04,25,1,1
[0.         0.         0.         ... 0.         0.         1.00049988],"[24 47 19 35 10 19  3 53 39 28 32 45 25 54 61 31 58 35 32 43 21 45 62  3
 22  3 42 11 62  9 31 45 22 58 47 28 30 24 37 31  9 43 17 28  3 62 50 15
 32 50 35  9 14 18 20  3  9 18 21 23 17 35 62 28]","[24 47 19 35 10 46  3 53 37 28 37 45 25 33 61 35 40 35 32 43 21 45 62  3
 22  3  6 11 62  9 31 45 22 56 47 22 40 24 37 31  9 43 17 28  3 62  3 15
 32 50 35 30 14 40 41  3  9 25 21 23 17 35 62 28]",True,True,0.859375,0.859375,"[np.int64(50), np.int64(1), np.int64(17), np.int64(37), np.int64(1), np.int64(49), np.int64(56), np.int64(2), np.int64(40), np.int64(14), np.int64(29), np.int64(43), np.int64(41), np.int64(22), np.int64(62), np.int64(33), np.int64(6), np.int64(39), np.int64(41), np.int64(7), np.int64(37), np.int64(44), np.int64(40), np.int64(7), np.int64(40), np.int64(22), np.int64(16), np.int64(19), np.int64(12), np.int64(33), np.int64(54), np.int64(25), np.int64(13), np.int64(37), np.int64(45), np.int64(24), np.int64(34), np.int64(2), np.int64(29), np.int64(47), np.int64(7), np.int64(63), np.int64(13), np.int64(59), np.int64(14), np.int64(2), np.int64(14), np.int64(10), np.int64(41), np.int64(33), np.int64(3), np.int64(17), np.int64(32), np.int64(8), np.int64(44), np.int64(40), np.int64(55), np.int64(46), np.int64(27), np.int64(21), np.int64(30), np.int64(9), np.int64(37), np.int64(53)]","[np.int64(60), np.int64(19), np.int64(24), np.int64(56), np.int64(31), np.int64(16), np.int64(31), np.int64(12), np.int64(59), np.int64(27), np.int64(57), np.int64(27), np.int64(14), np.int64(20), np.int64(9), np.int64(31), np.int64(53), np.int64(60), np.int64(58), np.int64(10), np.int64(42), np.int64(41), np.int64(49), np.int64(51), np.int64(4), np.int64(52), np.int64(25), np.int64(58), np.int64(19), np.int64(23), np.int64(31), np.int64(62), np.int64(48), np.int64(5), np.int64(27), np.int64(1), np.int64(52), np.int64(7), np.int64(63), np.int64(44), np.int64(34), np.int64(31), np.int64(51), np.int64(36), np.int64(13), np.int64(42), np.int64(50), np.int64(1), np.int64(36), np.int64(62), np.int64(1), np.int64(10), np.int64(28), np.int64(45), np.int64(55), np.int64(23), np.int64(17), np.int64(11), np.int64(57), np.int64(55), np.int64(4), np.int64(3), np.int64(40), np.int64(37)]",False,False,0.0,0.0,"[24 47 19 35 44 19 20 53 37 28 32 45 25 38 61 35 40 35 32 61 21 45 62  3
 22 18  6 11 62  9  9 45 22 44 38 22 37 24 37 43  9 54 44 28  3 62  3 15
 32 50 35  9 14 18 29 56  9 40 21 23 23 35 62 28]","[24 47 19 35 47 46  3 53 37 15 37 45 25 54 61 35 58 35 25 43 42 45 62  3
 22  3  6 60 62 50 31 28 22 56 38 22 40 24 57 43  9 42 17 28 42 62 50 15
 15 50 35 55 14 40 20  3  9 25 33 23 17 35 62 28]",True,True,0.8125,0.9375,"[24 47 19 46 10 46 26 53 39 28 32 45 25 54 61 47 40 35 32 61 21 45 62 18
 22 18 42 11 62 50  9 45 22 29 38 28 37 24 37 43 33 43 26 28  3 62  5 15
 30 50 47 30 14 18 20  4 33 53 16 34 23 35 62 28]","[24 47 19 35 40 46  3 53 44 28  4 45 25 38 61  9 40 35 44 43 42 45 62 60
 22  3  6 60 62  9 31 45 22 58 47 22 40 24 37 31  9 54 27 28 42 62  3  4
 32 50 35 30 14 57 41  4 55 38 33 23 27 35 62 44]",False,False,0.140625,0.09375,0.04,1.0,1.0,1,1,25,0.04,1.0,1.0,1,1,25,1.0,0.0,0.0,25,0,0,1.0,0.0,0.0,25,0,0,1.0,0.84,0.84,25,21,21,1.0,1.0,1.0,25,25,25,1.0,0.0,0.0,25,0,0,1.0,0.0,0.0,25,0,0
[0.500999   0.         0.         ... 0.         1.00049988 1.00049988],"[35 35 62 21 62 44 35 45 10 36 59 16 24 62  8 59 37 48 37 45 28 59 10 46
  7 37 37 26 54 53 15  8 22 62 52 15 54 45 37 40 51 15 28 51 19 59 54  5
 21 40 35 59 10 18 59 36 50 18 16 59 44 43 51 58]","[35 35 62 21 62 24 35 45 10  4 59 16 24 43 24 59 35 41 48 45 30 59 10  8
  7 37 30 26 54 53 15  8 22 62 52 15 43 45 37  3 51 15 39 51 19 59 54  5
 21 13  3 59 10 18 59  7 20 18 16 59 14 43 51 58]",True,True,0.859375,0.859375,"[np.int64(50), np.int64(17), np.int64(1), np.int64(25), np.int64(45), np.int64(15), np.int64(10), np.int64(33), np.int64(9), np.int64(21), np.int64(56), np.int64(8), np.int64(21), np.int64(7), np.int64(43), np.int64(11), np.int64(5), np.int64(7), np.int64(23), np.int64(36), np.int64(37), np.int64(49), np.int64(3), np.int64(1), np.int64(18), np.int64(7), np.int64(1), np.int64(34), np.int64(10), np.int64(9), np.int64(1), np.int64(6), np.int64(31), np.int64(15), np.int64(29), np.int64(22), np.int64(48), np.int64(23), np.int64(20), np.int64(1), np.int64(39), np.int64(1), np.int64(36), np.int64(60), np.int64(37), np.int64(12), np.int64(22), np.int64(14), np.int64(15), np.int64(12), np.int64(13), np.int64(10), np.int64(19), np.int64(2), np.int64(23), np.int64(39), np.int64(61), np.int64(22), np.int64(39), np.int64(32), np.int64(55), np.int64(11), np.int64(14), np.int64(52)]","[np.int64(35), np.int64(62), np.int64(15), np.int64(30), np.int64(55), np.int64(33), np.int64(58), np.int64(20), np.int64(36), np.int64(54), np.int64(58), np.int64(18), np.int64(30), np.int64(30), np.int64(11), np.int64(24), np.int64(54), np.int64(18), np.int64(52), np.int64(30), np.int64(61), np.int64(47), np.int64(23), np.int64(35), np.int64(24), np.int64(46), np.int64(8), np.int64(33), np.int64(27), np.int64(10), np.int64(32), np.int64(30), np.int64(41), np.int64(54), np.int64(4), np.int64(18), np.int64(40), np.int64(41), np.int64(55), np.int64(48), np.int64(46), np.int64(3), np.int64(49), np.int64(3), np.int64(44), np.int64(46), np.int64(41), np.int64(61), np.int64(46), np.int64(19), np.int64(19), np.int64(29), np.int64(29), np.int64(18), np.int64(21), np.int64(42), np.int64(14), np.int64(35), np.int64(0), np.int64(8), np.int64(2), np.int64(19), np.int64(17), np.int64(9)]",False,False,0.0,0.0,"[35 35 43 21 44 44 35 45 10  5 59  5 56 62  8 59  7 13 48 45 56 59 10  8
  5 37 30  1 54 53 15  8 16 62 52 15 54 45 44  7 51 15 28 37 19 59 54  5
 21 40 13 59 10  0 59 22 61 18 16 59 14 43 51 58]","[52 35 43 21 62  9 35 45 10  4 59  5 24 43 24 59 37 48 48 45  8 59 10 46
  5 37 55 26 54 53 15  8 22 62 52 15 54 45 37 22 51 17 39 51 19 59 54  5
 21 39 13 59 10  0 59 22 50 18 33 59 14 43 51 58]",True,True,0.8125,0.9375,"[22 35 50 39 43 44 35 45 10 36 59 16 24 62 42 59  7 48 22 45 28 59 10 38
  7 37 25  1 42 53 15 53 22 53 17 22 54 45 44 40 51 15 28 51  5 59 54  5
 21 40 56 59  0  5 59 36 17 18 16 59 14 43 51 58]","[35 35 50 21 44 53 35 45 14  5 59 16 56 49  8 59  7 56 53 22 30 59 19  8
  7 37 22 26 54 53 15 53 22 53 17 22 54 45 44 49 39 24 44 36 19 59 54  5
 19 39 13 59 10  5 59  7 17 18 56 59 14 43 51 58]",False,False,0.140625,0.09375,0.04,1.0,1.0,1,1,25,0.04,1.0,1.0,1,1,25,1.0,0.0,0.0,25,0,0,1.0,0.0,0.0,25,0,0,1.0,0.88,0.88,25,22,22,1.0,1.0,1.0,25,25,25,1.0,0.12,0.12,25,3,3,1.0,0.16,0.16,25,4,4
[1.00049988 0.         0.         ... 0.         0.         0.        ],"[17 63  1 56 44  2 48 25 48 44 18 12 63 43 63 48 56 33 28 58 19 34 12 55
 19 63 58 37 58  1 26 33 49 14 58 12 61 63  9 56 16 54 12 58 14 34 14 11
 11 14 48 29 27 55 43 25 37 29 63 34 44 28 29 63]","[17 63  1 56 44  2 48 25 48 44 16 12 63 27 63 48 56 33 11 58 51 27 12 55
 48 63 27  1 58  1 26 33  5  1  1 12 61 63  9 56 16 54 12 58 14 33 14 11
 11 14 48 29 27 27 43 25 37 29 63 11 44 42 29 63]",True,True,0.859375,0.859375,"[np.int64(50), np.int64(51), np.int64(20), np.int64(18), np.int64(16), np.int64(33), np.int64(35), np.int64(8), np.int64(61), np.int64(8), np.int64(10), np.int64(36), np.int64(21), np.int64(62), np.int64(54), np.int64(10), np.int64(9), np.int64(44), np.int64(25), np.int64(49), np.int64(47), np.int64(36), np.int64(30), np.int64(49), np.int64(37), np.int64(19), np.int64(20), np.int64(15), np.int64(31), np.int64(8), np.int64(52), np.int64(27), np.int64(2), np.int64(51), np.int64(29), np.int64(53), np.int64(51), np.int64(11), np.int64(13), np.int64(4), np.int64(4), np.int64(4), np.int64(32), np.int64(29), np.int64(1), np.int64(15), np.int64(0), np.int64(57), np.int64(55), np.int64(6), np.int64(28), np.int64(49), np.int64(54), np.int64(7), np.int64(41), np.int64(38), np.int64(3), np.int64(5), np.int64(50), np.int64(27), np.int64(60), np.int64(33), np.int64(9), np.int64(12)]","[np.int64(36), np.int64(24), np.int64(3), np.int64(55), np.int64(7), np.int64(58), np.int64(12), np.int64(12), np.int64(37), np.int64(11), np.int64(14), np.int64(3), np.int64(42), np.int64(50), np.int64(3), np.int64(23), np.int64(33), np.int64(42), np.int64(60), np.int64(56), np.int64(42), np.int64(60), np.int64(59), np.int64(58), np.int64(58), np.int64(48), np.int64(59), np.int64(21), np.int64(43), np.int64(57), np.int64(22), np.int64(32), np.int64(40), np.int64(23), np.int64(9), np.int64(28), np.int64(53), np.int64(45), np.int64(44), np.int64(63), np.int64(42), np.int64(55), np.int64(57), np.int64(33), np.int64(30), np.int64(48), np.int64(43), np.int64(60), np.int64(40), np.int64(59), np.int64(34), np.int64(31), np.int64(34), np.int64(26), np.int64(33), np.int64(36), np.int64(51), np.int64(10), np.int64(12), np.int64(35), np.int64(13), np.int64(28), np.int64(15), np.int64(47)]",False,False,0.0,0.0,"[17 63  1 56 44  2  9 11 48 44 54 12 63 43 63 51 56 16 28 58 19 27 13 55
 48 63 27 37 58  1 26 33  5 14  1 27 24 63  9 56 16 54 12 58 14 33 14  5
 50 14  6 29 27 27 43 25 37 29 63  3 44 48 29 63]","[17 63  1 56 44  2 48 25 45 44 18 12 63 31 63 48 10 33 11 58 19 27 12 55
 20 63 58 37 58  1 26 33 10  1  1 12 61 63  0 56 16 54 12 58 14 33 14  7
 11 11 48 29 27 20 43 25 37 29 63 11 44 42 29 63]",True,True,0.8125,0.9375,"[38 63  1 59 44 47 50 25 45  2 15 49 63 27 63 48 32 16 11 58 51 34 12 55
 20 63 58 37 58  1 26 33 49  1 58 43 24 63  9 56 16 54 12 58 14 33 14  7
 61 14 48 54 27 55 43 25 37 29 63 11 44 42 52 63]","[38 63  1 56 44  2  0 25 48  2 32 55 63 27 63 48 56 33 28 24 19 27 12 55
 21 63 27  1 58  1 48 13 49 11  1 12 24 63  0 56 16 54 61 13 33 34 14  7
 11 11  6 29 27 27 10 11 37 29 63 11 44 42 52 63]",True,False,0.140625,0.09375,0.04,1.0,1.0,1,1,25,0.04,1.0,1.0,1,1,25,1.0,0.0,0.0,25,0,0,1.0,0.0,0.0,25,0,0,1.0,0.96,0.96,25,24,24,1.0,1.0,1.0,25,25,25,1.0,0.12,0.12,25,3,3,1.0,0.2,0.2,25,5,5
[1.00049988 0.         0.         ... 0.         0.         1.00049988],"[60 62 49 39 39 12  2  4  3 28 51 12  3 49 33 14 35  3 22 35  7 38 33  7
 29 38 23 14 39 12 53 38 54 39  7 28 56  7 28 39 35  6  3 16 53 61 61  3
 28 45 45 10 12 28 45  2  7 61  8 14 46 39 47 50]","[23 62 49 39 39 12  2  4  3 28 51 12  3 62 33 35 35 28 22 35  7 47 33  9
 18 54 23 14 39  8  7 38 54 39  7 28 43 42 28 39 35  6  3 15 53 61 61  3
 28 45 45 10  7 28 45  2  7 61 54 14 46 39 47 23]",False,False,0.859375,0.859375,"[np.int64(13), np.int64(48), np.int64(25), np.int64(33), np.int64(12), np.int64(24), np.int64(17), np.int64(5), np.int64(58), np.int64(4), np.int64(26), np.int64(33), np.int64(14), np.int64(27), np.int64(13), np.int64(39), np.int64(51), np.int64(62), np.int64(7), np.int64(25), np.int64(38), np.int64(55), np.int64(44), np.int64(0), np.int64(37), np.int64(23), np.int64(47), np.int64(8), np.int64(41), np.int64(35), np.int64(52), np.int64(56), np.int64(30), np.int64(37), np.int64(20), np.int64(15), np.int64(53), np.int64(16), np.int64(60), np.int64(43), np.int64(29), np.int64(24), np.int64(33), np.int64(51), np.int64(37), np.int64(33), np.int64(46), np.int64(44), np.int64(53), np.int64(43), np.int64(58), np.int64(3), np.int64(37), np.int64(12), np.int64(63), np.int64(6), np.int64(48), np.int64(2), np.int64(33), np.int64(28), np.int64(35), np.int64(56), np.int64(12), np.int64(20)]","[np.int64(38), np.int64(17), np.int64(38), np.int64(26), np.int64(25), np.int64(8), np.int64(28), np.int64(24), np.int64(58), np.int64(37), np.int64(62), np.int64(46), np.int64(58), np.int64(10), np.int64(9), np.int64(27), np.int64(45), np.int64(43), np.int64(62), np.int64(27), np.int64(11), np.int64(5), np.int64(26), np.int64(36), np.int64(18), np.int64(57), np.int64(46), np.int64(10), np.int64(43), np.int64(13), np.int64(57), np.int64(13), np.int64(24), np.int64(63), np.int64(31), np.int64(17), np.int64(28), np.int64(28), np.int64(18), np.int64(35), np.int64(53), np.int64(59), np.int64(2), np.int64(24), np.int64(62), np.int64(47), np.int64(60), np.int64(3), np.int64(42), np.int64(17), np.int64(11), np.int64(28), np.int64(45), np.int64(45), np.int64(58), np.int64(34), np.int64(19), np.int64(51), np.int64(4), np.int64(49), np.int64(4), np.int64(31), np.int64(36), np.int64(45)]",False,False,0.0,0.0,"[60 62 49 39 39 58  2  4  3 28 53 12  3 49 33 14 35  3 22 35  7 47 33  7
 29 38 16 14 39 12 53 38 54 39 53  3 56 42  3 39 35  6  3 34 53 61 61  3
 28 19 45 19  7 28 58  2 40 61  8 14 11 39 14 23]","[52 18 49 39 39 12  2  4  3 28 59 60  3 49 33 35 23 22 22 49  7 45 33  9
 29 38 23 25 39  8 53 38 21 39 53 28 56  7 28 39 22  6  3 34 53 61 60  3
 38 45 25 10 12 28 45  2 23 38  8 23  0 39 13 50]",False,True,0.8125,0.9375,"[52 18 49 39 39 56  2 30  3 28 51 60  3 49 15 35 34 46 50 49  7 45 47 56
 29 54 16 25 39  8  7 38 54 39  7  3 27 42  3 39 56  6  3 16 53 54 60  3
 28 19 25 10  0 28 25  2 40 14 54 54 21 39 47 23]","[52 18 20 39 39 50  2 23  3 23 36 12 11 62 33 14 35 22 60 35  2 47 33 59
 18 38 23 14 39 24 53 38 54 39 15 28 56  7  3 39 56  6  3 34 53 61 61  3
 28 19 63 10  7 28 59  2  7 61 54 54 18 39 14 50]",False,False,0.140625,0.09375,0.04,0.0,0.0,1,0,0,0.04,0.0,0.0,1,0,0,1.0,0.0,0.0,25,0,0,1.0,0.0,0.0,25,0,0,1.0,0.64,0.64,25,16,16,1.0,0.48,0.48,25,12,12,1.0,0.0,0.0,25,0,0,1.0,0.0,0.0,25,0,0
[1.00049988 0.         0.         ... 0.500999   0.         1.00049988],"[12 41 47 13 58 62 26 27 24 55 47 25 20 17 14 27 45 32 35 27 14 55 26 17
 27 41 17 47 17 56 47 57 14 39 27 32 40 56 62  1 17 17 17 38 13 18 23 32
 41 40  7 40 23 23 20 12 17 12 62 19 38 17 41 61]","[12 10 47 13 58 45 26 27  9 55 47 25 20 17 14 27 45 32 35 57 14 55  0 17
 27 29 35 47 17 56 47 57 14 39 27 32 40 56  9  1 17 17 17 38 13 18 45 32
 41 40  7 40 45  1 20 12 54 12 62 19  9 57 41 45]",True,True,0.859375,0.859375,"[np.int64(35), np.int64(63), np.int64(8), np.int64(34), np.int64(55), np.int64(11), np.int64(56), np.int64(39), np.int64(11), np.int64(57), np.int64(4), np.int64(49), np.int64(60), np.int64(40), np.int64(41), np.int64(3), np.int64(37), np.int64(40), np.int64(13), np.int64(58), np.int64(19), np.int64(21), np.int64(33), np.int64(52), np.int64(16), np.int64(41), np.int64(57), np.int64(46), np.int64(37), np.int64(23), np.int64(25), np.int64(8), np.int64(30), np.int64(26), np.int64(51), np.int64(24), np.int64(20), np.int64(43), np.int64(20), np.int64(63), np.int64(53), np.int64(13), np.int64(63), np.int64(38), np.int64(11), np.int64(59), np.int64(12), np.int64(61), np.int64(53), np.int64(18), np.int64(44), np.int64(8), np.int64(50), np.int64(23), np.int64(9), np.int64(14), np.int64(3), np.int64(22), np.int64(10), np.int64(33), np.int64(29), np.int64(42), np.int64(31), np.int64(44)]","[np.int64(27), np.int64(5), np.int64(22), np.int64(39), np.int64(15), np.int64(25), np.int64(1), np.int64(21), np.int64(12), np.int64(56), np.int64(29), np.int64(32), np.int64(26), np.int64(35), np.int64(37), np.int64(4), np.int64(20), np.int64(33), np.int64(56), np.int64(53), np.int64(3), np.int64(23), np.int64(8), np.int64(11), np.int64(59), np.int64(61), np.int64(34), np.int64(20), np.int64(3), np.int64(41), np.int64(43), np.int64(62), np.int64(14), np.int64(21), np.int64(20), np.int64(50), np.int64(41), np.int64(63), np.int64(7), np.int64(2), np.int64(25), np.int64(17), np.int64(63), np.int64(10), np.int64(48), np.int64(47), np.int64(31), np.int64(13), np.int64(19), np.int64(25), np.int64(9), np.int64(27), np.int64(25), np.int64(2), np.int64(39), np.int64(9), np.int64(39), np.int64(28), np.int64(53), np.int64(43), np.int64(57), np.int64(34), np.int64(17), np.int64(48)]",False,False,0.0,0.0,"[12 10 47 13 58 45 26 57 24 38 47 58 20 17 14 27 25 32 35 57 14 55 41 17
 51 41 17 47 17 56 47 51 14 39  2 17 40 56 24  1 10 17 17 38 13 18 23 32
 41  9  7 40 23  1 20 12 54 12 62 19 38 17  7 61]","[12 10 47 13 58 62  2 57  9 55 47 25 20 17 14 27 25 32 56 30 14 55 26 17
 37 41 35 47 17 56 47 57 14 39  2 32 40 56 62  1 17 17  2 60 13 34  1 32
 41 40  7 40 23 23 20 12 17 12 62 19  9 17 41  5]",True,True,0.8125,0.9375,"[12 10 47 13 58 62  2 62  9 44 47 25 20 41 14 27 45 32 56 52 14 55  0 17
 51 16 35 10 17 56 47 53 14 39 45 32 40 56  9  1 17 22  2 38 13 63 23 32
 41 40  7 29 19 23 20 12 29  7 62 19 43 17  7 28]","[12 22 47 13 58 62 26 27 24 49 47 58  0 41 14 63 25 32 56 57 14 55 26 17
 51 29 35 47 55 56 19 57 14 39 45 32 40 56  9  1 17 17 17 38 23 22 45 32
 41  9  7 31 45  1 20 12 54 61 11 19  9 17 41 28]",False,False,0.140625,0.09375,0.04,1.0,1.0,1,1,25,0.04,1.0,1.0,1,1,25,1.0,0.0,0.0,25,0,0,1.0,0.0,0.0,25,0,0,1.0,0.8,0.8,25,20,20,1.0,1.0,1.0,25,25,25,1.0,0.04,0.04,25,1,1,1.0,0.04,0.04,25,1,1
[0.500999   0.70781353 0.         ... 0.         0.         0.        ],"[25 18 49 58 40 40 40 39 13 18 49 16 53 60 62 39 16 11 11 38 18 33 18 10
 49 16 53 38 16 33 16 27 51 41 57 55 41 59 28 25 11 25 37 54 18 44 48 28
 19 54 58 57 19 38 25 54 37 25 40 28 40  0 27  7]","[25 18 49 58 40 40 40 39 13 18 49 16 53 60 62 39 16 11 11 38 18 33 40 10
 49 16 60 38 16  5 16 27 48 41 57 55 41 59 28 25 11 25 37 54 40 15 48 28
 15 54 58 57 19 38 25 38 36 25 40 28 40  0 27  7]",True,True,0.859375,0.859375,"[np.int64(38), np.int64(31), np.int64(32), np.int64(7), np.int64(50), np.int64(55), np.int64(5), np.int64(21), np.int64(19), np.int64(1), np.int64(5), np.int64(52), np.int64(2), np.int64(63), np.int64(7), np.int64(52), np.int64(57), np.int64(45), np.int64(57), np.int64(18), np.int64(2), np.int64(7), np.int64(37), np.int64(49), np.int64(17), np.int64(60), np.int64(13), np.int64(41), np.int64(5), np.int64(6), np.int64(19), np.int64(35), np.int64(3), np.int64(53), np.int64(21), np.int64(63), np.int64(36), np.int64(30), np.int64(14), np.int64(53), np.int64(35), np.int64(17), np.int64(25), np.int64(31), np.int64(45), np.int64(22), np.int64(48), np.int64(1), np.int64(55), np.int64(39), np.int64(59), np.int64(60), np.int64(3), np.int64(5), np.int64(45), np.int64(42), np.int64(56), np.int64(11), np.int64(0), np.int64(13), np.int64(39), np.int64(56), np.int64(17), np.int64(53)]","[np.int64(3), np.int64(21), np.int64(39), np.int64(20), np.int64(21), np.int64(39), np.int64(53), np.int64(22), np.int64(27), np.int64(59), np.int64(16), np.int64(62), np.int64(4), np.int64(20), np.int64(62), np.int64(45), np.int64(12), np.int64(36), np.int64(27), np.int64(41), np.int64(3), np.int64(19), np.int64(60), np.int64(4), np.int64(55), np.int64(11), np.int64(18), np.int64(31), np.int64(56), np.int64(34), np.int64(49), np.int64(20), np.int64(16), np.int64(54), np.int64(45), np.int64(52), np.int64(51), np.int64(45), np.int64(47), np.int64(9), np.int64(3), np.int64(29), np.int64(61), np.int64(54), np.int64(47), np.int64(4), np.int64(10), np.int64(60), np.int64(30), np.int64(33), np.int64(5), np.int64(28), np.int64(12), np.int64(45), np.int64(50), np.int64(49), np.int64(58), np.int64(11), np.int64(16), np.int64(15), np.int64(16), np.int64(45), np.int64(50), np.int64(60)]",False,False,0.0,0.0,"[25 18 49 37 40 40 40 39 23 18 61 16 44 22 62 39 16 11 11 38 44 33 18 10
 44 16 53 38 16 33 16 34 51 41 51 36 41 59 28 25 11 25 37 59 40 44 50 28
 44 57  2 57 21 38 25 38 37 25 49 28  2  0 27  7]","[25 18 49 32 40 40 40 39 13 10 49 16 10 20 62 27 16 11 11 38 18 33 40 13
 44 16 53 38 16 34 16 27 51 29 57 33 41 59 28 15 11 25 37 58 40 15 48 28
 34 54 23 57 29 38 11 54 36 25 40 28  2 35 27  7]",True,True,0.8125,0.9375,"[25 18 49 37 40 40 40 39 13 18 49 16  5 60 62 48 16 11 11 38 18 33 18 13
 49 16 60 38 16 33 16 34  3 41 57  7 41 59 18 25 47 25 37 59 12 15 48 28
 19 58 58 34 21 38 25 54 37 25 43 28 40  0 27  7]","[54 55 49 58  5 40 40 39 23 18  9 16 44 60 62 39 16 54 11 38 55 33 13 50
 44 16 60 15 16  5 16  5  3 41 31 61 56 59 18 25 11 25 37 54 24 15 48 28
 12 58  2 57 13 38 59 39 37 34 49 28 40  0 27  7]",True,False,0.140625,0.09375,0.04,1.0,1.0,1,1,25,0.04,1.0,1.0,1,1,25,1.0,0.0,0.0,25,0,0,1.0,0.0,0.0,25,0,0,1.0,0.8,0.8,25,20,20,1.0,1.0,1.0,25,25,25,1.0,0.0,0.0,25,0,0,1.0,0.04,0.04,25,1,1
[0.500999   0.         0.         ... 0.70781353 0.         1.00049988],"[56 61 59 58  9 11 42 42  0 58 23 56 61 54 42 32 33 11 11 55 45 44 14 32
 22 60 45 54 38 32 32 45 56  6 41  0 41  1 47  0 61 32 56 19 53 32 53  0
 11 41 18 60 42 61 61 42 56 41 56 32 61 56 47 54]","[56 61  7 58  9 11 42 42  0 58 23 56 61 30 11 32 20 11 11 14 45 44 14 22
 22  5 45 54 38 42  8 45 56  6 20  0  1 22 52  0 61 32 56 19 23 32  5  0
 11 39 18 23 42 61 61 42 56 41 56 32 61 56 47 23]",True,True,0.859375,0.859375,"[np.int64(38), np.int64(19), np.int64(0), np.int64(3), np.int64(23), np.int64(0), np.int64(45), np.int64(27), np.int64(15), np.int64(61), np.int64(47), np.int64(48), np.int64(28), np.int64(63), np.int64(6), np.int64(4), np.int64(34), np.int64(29), np.int64(25), np.int64(4), np.int64(34), np.int64(63), np.int64(53), np.int64(14), np.int64(12), np.int64(9), np.int64(57), np.int64(55), np.int64(8), np.int64(41), np.int64(55), np.int64(58), np.int64(13), np.int64(22), np.int64(33), np.int64(57), np.int64(40), np.int64(59), np.int64(61), np.int64(11), np.int64(5), np.int64(23), np.int64(2), np.int64(1), np.int64(34), np.int64(43), np.int64(23), np.int64(55), np.int64(21), np.int64(59), np.int64(4), np.int64(18), np.int64(14), np.int64(31), np.int64(49), np.int64(40), np.int64(23), np.int64(63), np.int64(7), np.int64(37), np.int64(52), np.int64(8), np.int64(9), np.int64(25)]","[np.int64(56), np.int64(2), np.int64(54), np.int64(0), np.int64(14), np.int64(2), np.int64(23), np.int64(62), np.int64(24), np.int64(48), np.int64(58), np.int64(32), np.int64(26), np.int64(22), np.int64(15), np.int64(5), np.int64(13), np.int64(50), np.int64(6), np.int64(59), np.int64(9), np.int64(39), np.int64(17), np.int64(1), np.int64(19), np.int64(13), np.int64(19), np.int64(41), np.int64(16), np.int64(35), np.int64(8), np.int64(4), np.int64(15), np.int64(56), np.int64(49), np.int64(27), np.int64(31), np.int64(14), np.int64(0), np.int64(9), np.int64(39), np.int64(0), np.int64(35), np.int64(13), np.int64(59), np.int64(23), np.int64(60), np.int64(12), np.int64(53), np.int64(18), np.int64(19), np.int64(9), np.int64(41), np.int64(42), np.int64(8), np.int64(5), np.int64(40), np.int64(57), np.int64(49), np.int64(42), np.int64(3), np.int64(45), np.int64(50), np.int64(19)]",False,False,0.0,0.0,"[56 61 30 58 30 11 42 42  0 58 23 56 61 54 11 32 20 11 11 14 45 44 17 32
 22 40 17 54 49 32 32 45 56  6 41  0  1  1 47  0 61 36 56 19 19 32  5  0
 11 18 62 59 42 61 32 42 56 48 56 32 17 56 47 23]","[56 61 59 58 52 11 42 42  0 58 23 56 61  9 42 32 20 11 11 44 47 44 23 32
 22 60 45 54 49 42  2 45 56  6 41  0  1 22 30  0 61 32 56 19 23 53 53  0
 40 39 18 23 42 44 61 60 56 41 56 32 61 56 19 23]",True,True,0.8125,0.9375,"[56 61 41 58 30 11 42 42  0 58 23 56 32  9 42 32 20 11 12 45 34 44  6 32
 63  5 45 54 49 42 13 45 56  6 41  0 41  1 30 52 61 32 56 19 19 53 53  0
 40 41 18 23 42 46 61 42 56 48 56 22 55 56 47 23]","[56 61 41 58  9 11 42 42  0  4 23 56 61 30 42 32 20 11  2 55 47 44  4 51
 63 60 17 54 38 32  8 45 56  6 20  0  1 22 30 51  8  2 56 19 23 19 53  0
 11 18 18 59 42 61 32 42 56 48 56  2 61 56 47 23]",False,False,0.140625,0.09375,0.04,1.0,1.0,1,1,25,0.04,1.0,1.0,1,1,25,1.0,0.0,0.0,25,0,0,1.0,0.0,0.0,25,0,0,1.0,1.0,1.0,25,25,25,1.0,1.0,1.0,25,25,25,1.0,0.2,0.2,25,5,5,1.0,0.12,0.12,25,3,3
[0.         0.         0.70781353 ... 1.00049988 0.         0.        ],"[57 52 58 34 47 54 44 10  6 40 20 20 57 40 29 39 58 10 57 14 31 28 47 56
 56 20 28 44 44 31 44 31 24 52 39 27  6 57 58 58 28 47 43 29 31 27 43 57
 27 39 53 62 58 39 58 16 29 31 31 38 53 43 44 33]","[57 11 58 63 16 36 20 10  6 40 20 20 57 40 29 39 58 10 58 14 31 28 47 56
 56 20 10 44 44 31 44 31 24 52  2 27 12 57 58 58 37 47 43 29 31 18 38 57
 11 18 53 30 58 39 58 16 57 31 31 23 63 43 44 36]",True,True,0.859375,0.859375,"[np.int64(21), np.int64(15), np.int64(27), np.int64(24), np.int64(47), np.int64(12), np.int64(39), np.int64(14), np.int64(35), np.int64(53), np.int64(47), np.int64(54), np.int64(41), np.int64(4), np.int64(32), np.int64(6), np.int64(42), np.int64(6), np.int64(16), np.int64(39), np.int64(62), np.int64(48), np.int64(45), np.int64(45), np.int64(48), np.int64(22), np.int64(38), np.int64(37), np.int64(2), np.int64(52), np.int64(8), np.int64(51), np.int64(29), np.int64(52), np.int64(23), np.int64(5), np.int64(21), np.int64(21), np.int64(56), np.int64(50), np.int64(15), np.int64(11), np.int64(33), np.int64(14), np.int64(63), np.int64(51), np.int64(1), np.int64(19), np.int64(57), np.int64(30), np.int64(49), np.int64(15), np.int64(8), np.int64(46), np.int64(18), np.int64(57), np.int64(8), np.int64(37), np.int64(22), np.int64(35), np.int64(40), np.int64(2), np.int64(6), np.int64(33)]","[np.int64(45), np.int64(49), np.int64(59), np.int64(25), np.int64(54), np.int64(8), np.int64(44), np.int64(32), np.int64(9), np.int64(0), np.int64(50), np.int64(39), np.int64(56), np.int64(0), np.int64(38), np.int64(51), np.int64(29), np.int64(41), np.int64(9), np.int64(30), np.int64(12), np.int64(54), np.int64(19), np.int64(46), np.int64(51), np.int64(0), np.int64(23), np.int64(2), np.int64(44), np.int64(37), np.int64(30), np.int64(2), np.int64(7), np.int64(28), np.int64(59), np.int64(20), np.int64(23), np.int64(52), np.int64(17), np.int64(48), np.int64(18), np.int64(57), np.int64(45), np.int64(34), np.int64(34), np.int64(19), np.int64(14), np.int64(59), np.int64(33), np.int64(45), np.int64(26), np.int64(47), np.int64(46), np.int64(24), np.int64(28), np.int64(15), np.int64(20), np.int64(8), np.int64(57), np.int64(14), np.int64(29), np.int64(18), np.int64(5), np.int64(63)]",False,False,0.0,0.0,"[39 52 58 63 16 26 20 10  6 40 12 20 57 40 29 39 58 10 58 14 31 25 47 21
 56 20 10 48 21 31 44 31 24 27  2 27  6 57 58 58 28 47 43 29 31 18 38 20
 11 39 53 61 58 39 58 16 57 31 31 38 53 43 18 60]","[57 52 58 34 16 54 23 10  6 53 12 20  2 40 29 39 12 10 57 14 31 28  1 18
 38 20 28 44 44 31 44 31 24 52  2 27 12 57 58 58 37 28 43 29 31 18 43 12
 11 18 60 62 58 39 58 16 57 31 31 23 63 43 18 33]",True,True,0.8125,0.9375,"[57 16 58 63 47 54 36 10  6 40 12 20 56 40 29 39 58 10 58  8 31 28 47 18
 55 20 10 44 44 31 44 31 24 27  2 27 25  2 46 58 37 28 43 29 31 35 43 20
 27 18 60 61 58 39 58 16 57 31 31 23 53 43 44  4]","[ 2 16 12 34 16 36 44 10  6 53 12 20 57 40 29 14 58 48 58  8 31 28 47 56
 56 20 28 44 26 31 44 31 24 63 39 45 25 57 24 58 28 47 43  6 31 18 38 41
 27 18 53 30 39  9 58 16 29 31 31 38 63 30 18 36]",True,False,0.140625,0.09375,0.04,1.0,1.0,1,1,25,0.04,1.0,1.0,1,1,25,1.0,0.0,0.0,25,0,0,1.0,0.0,0.0,25,0,0,1.0,0.96,0.96,25,24,24,1.0,1.0,1.0,25,25,25,1.0,0.08,0.08,25,2,2,1.0,0.04,0.04,25,1,1
