As,Argmax_Model_Trees,Argmax_True_Trees,Argmax_Model_Mask,Argmax_True_Mask,Argmax_Model_Accuracy,Argmax_True_Accuracy,Random_Model_Trees,Random_True_Trees,Random_Model_Mask,Random_True_Mask,Random_Model_Accuracy,Random_True_Accuracy,Tree_Model_Trees,Tree_True_Trees,Tree_Model_Mask,Tree_True_Mask,Tree_Model_Accuracy,Tree_True_Accuracy,Greedy_Model_Trees,Greedy_True_Trees,Greedy_Model_Mask,Greedy_True_Mask,Greedy_Model_Accuracy,Greedy_True_Accuracy,Argmax_Model_Uniques,Argmax_Model_Valids_Uniques,Argmax_Model_Valids,Argmax_Model_Unique_Counts,Argmax_Model_Valid_Unique_Counts,Argmax_Model_Valid_Counts,Argmax_True_Uniques,Argmax_True_Valids_Uniques,Argmax_True_Valids,Argmax_True_Unique_Counts,Argmax_True_Valid_Unique_Counts,Argmax_True_Valid_Counts,Random_Model_Uniques,Random_Model_Valids_Uniques,Random_Model_Valids,Random_Model_Unique_Counts,Random_Model_Valid_Unique_Counts,Random_Model_Valid_Counts,Random_True_Uniques,Random_True_Valids_Uniques,Random_True_Valids,Random_True_Unique_Counts,Random_True_Valid_Unique_Counts,Random_True_Valid_Counts,Tree_Model_Uniques,Tree_Model_Valids_Uniques,Tree_Model_Valids,Tree_Model_Unique_Counts,Tree_Model_Valid_Unique_Counts,Tree_Model_Valid_Counts,Tree_True_Uniques,Tree_True_Valids_Uniques,Tree_True_Valids,Tree_True_Unique_Counts,Tree_True_Valid_Unique_Counts,Tree_True_Valid_Counts,Greedy_Model_Uniques,Greedy_Model_Valids_Uniques,Greedy_Model_Valids,Greedy_Model_Unique_Counts,Greedy_Model_Valid_Unique_Counts,Greedy_Model_Valid_Counts,Greedy_True_Uniques,Greedy_True_Valids_Uniques,Greedy_True_Valids,Greedy_True_Unique_Counts,Greedy_True_Valid_Unique_Counts,Greedy_True_Valid_Counts
[1.00049988 1.00049988 0.         ... 0.         0.         0.500999  ],"[13 25 18 45 15 14 15 46 30 18 54 19  1  7  4 46 46 15 25 35 35  7 35 42
  7 46 16 38 46 15 46  8 47 29 54 46 15 30 25 42 38 30 28 28  4  3 46 15
  4 14  7  6  7 20 55 46 28 35 15  8 35  7 22 17]","[13 25  6 45 15 14 15 46 30 18 54 19  1  7 41 46 46 30  7 35 35  7 35 42
  7 46 16 38 46 15 46  8 42 29 54 46 15 30 25 42 26 30 30 28  4  3 46 15
  4 63  7 19  7 20 55 46 28 35 15  8 35  7 29 17]",False,False,0.96875,0.953125,"[np.int64(58), np.int64(24), np.int64(5), np.int64(3), np.int64(33), np.int64(17), np.int64(3), np.int64(35), np.int64(12), np.int64(43), np.int64(3), np.int64(47), np.int64(33), np.int64(11), np.int64(46), np.int64(61), np.int64(22), np.int64(29), np.int64(50), np.int64(31), np.int64(51), np.int64(46), np.int64(55), np.int64(39), np.int64(56), np.int64(41), np.int64(16), np.int64(35), np.int64(38), np.int64(45), np.int64(4), np.int64(13), np.int64(21), np.int64(2), np.int64(59), np.int64(57), np.int64(1), np.int64(44), np.int64(59), np.int64(50), np.int64(62), np.int64(0), np.int64(59), np.int64(11), np.int64(17), np.int64(0), np.int64(40), np.int64(22), np.int64(12), np.int64(14), np.int64(4), np.int64(27), np.int64(38), np.int64(37), np.int64(23), np.int64(2), np.int64(11), np.int64(18), np.int64(43), np.int64(26), np.int64(28), np.int64(33), np.int64(53), np.int64(1)]","[np.int64(50), np.int64(38), np.int64(34), np.int64(29), np.int64(48), np.int64(54), np.int64(4), np.int64(11), np.int64(55), np.int64(18), np.int64(2), np.int64(50), np.int64(57), np.int64(45), np.int64(21), np.int64(17), np.int64(26), np.int64(53), np.int64(42), np.int64(29), np.int64(28), np.int64(16), np.int64(21), np.int64(56), np.int64(17), np.int64(62), np.int64(26), np.int64(27), np.int64(26), np.int64(13), np.int64(52), np.int64(8), np.int64(11), np.int64(30), np.int64(2), np.int64(10), np.int64(36), np.int64(7), np.int64(3), np.int64(4), np.int64(24), np.int64(32), np.int64(37), np.int64(12), np.int64(11), np.int64(6), np.int64(32), np.int64(25), np.int64(25), np.int64(33), np.int64(41), np.int64(52), np.int64(46), np.int64(2), np.int64(12), np.int64(5), np.int64(4), np.int64(4), np.int64(40), np.int64(39), np.int64(46), np.int64(18), np.int64(56), np.int64(6)]",False,False,0.0,0.0,"[13 25  6 25 15 14 15 46 58 18 40 29 52  7  4 46 46 30  7 35 19  7 35 42
 13 46 16 32 46 15 46 53 47 29 54 46 15 30 25 42 26 29 30 28  4 21 46 15
  4 63  7 58  7 20 37 46 28 35 15 24 26  7 19 41]","[13 25 38 45 15 49 15 46 30 40 54 19  1  7 49 46 46 15  7 51 35  7 21  0
  7 46 16 38 46 15 46 12 42 29 54 46 25 30 25 50 38 29 28 28  4 38 46 15
  4 10  7  0  7 20 55 46 28 35 15 24 50 29 31 17]",False,True,0.890625,1.0,"[23 25  6 45 15 10 15 46  6 18 54 19  1 24 41 46 46 30 25 20 35  7 35  0
  7 46 16 38 46 15 46 19 47 60 54 46 25 12 25 42  9 30  6 28  4  3 46 15
  4 34  7 56  7 39 37 46 28 35 15  8 35  7 29 17]","[13 25  6 45 15 14  2 46 30 40 49 29 52  7 49 46 46 30 57 35 19  7 21 42
  7 46 16 38 46 15 46  8 42 29 49 46 25 26 25 42  9 30 28 31  4  3 46 15
  4 14  7  6 38 31 55 46 28 35 55  8 35 29 31 40]",False,False,0.21875,0.1875,0.04,0.0,0.0,1,0,0,0.04,0.0,0.0,1,0,0,1.0,0.0,0.0,25,0,0,1.0,0.0,0.0,25,0,0,1.0,0.76,0.76,25,19,19,1.0,0.44,0.44,25,11,11,1.0,0.04,0.04,25,1,1,1.0,0.28,0.28,25,7,7
[0.         0.         1.00049988 ... 0.         0.         0.500999  ],"[38  2  8 10  8 40 21 49 43 10 43 57 60  3 30 43 33 11 38 46 33 58 18 33
 33 24 46 57 21 28 21 18 21 43 20 60 38 46 43 41  3 21 57 47 47 15 43 47
 11 44 59 59 46 57 16  2 51 44 47 58 59  8  7  8]","[15 27  8 10  8 62 21 49 43 10 43 57 60  3 55 43 33  9 38 46 33 58 45 33
 33 32 46 57 21 63 21 18 21 43  9 60 38 46 43 62 22 21 57 47 47 15 43 47
 56 44 59 59 46 57  9 18 19 44 47 58 59  8 31 33]",True,True,0.96875,0.953125,"[np.int64(19), np.int64(25), np.int64(4), np.int64(49), np.int64(44), np.int64(50), np.int64(57), np.int64(0), np.int64(7), np.int64(20), np.int64(49), np.int64(35), np.int64(61), np.int64(50), np.int64(13), np.int64(0), np.int64(14), np.int64(56), np.int64(17), np.int64(20), np.int64(40), np.int64(18), np.int64(24), np.int64(52), np.int64(13), np.int64(48), np.int64(10), np.int64(22), np.int64(58), np.int64(39), np.int64(25), np.int64(29), np.int64(11), np.int64(54), np.int64(57), np.int64(9), np.int64(61), np.int64(29), np.int64(8), np.int64(63), np.int64(37), np.int64(57), np.int64(33), np.int64(13), np.int64(31), np.int64(56), np.int64(56), np.int64(14), np.int64(41), np.int64(7), np.int64(54), np.int64(41), np.int64(7), np.int64(52), np.int64(42), np.int64(25), np.int64(18), np.int64(39), np.int64(8), np.int64(21), np.int64(45), np.int64(9), np.int64(55), np.int64(17)]","[np.int64(31), np.int64(7), np.int64(42), np.int64(0), np.int64(6), np.int64(44), np.int64(35), np.int64(20), np.int64(3), np.int64(17), np.int64(25), np.int64(18), np.int64(54), np.int64(5), np.int64(21), np.int64(48), np.int64(20), np.int64(44), np.int64(19), np.int64(53), np.int64(26), np.int64(57), np.int64(30), np.int64(46), np.int64(60), np.int64(4), np.int64(57), np.int64(39), np.int64(34), np.int64(51), np.int64(59), np.int64(21), np.int64(50), np.int64(63), np.int64(15), np.int64(54), np.int64(24), np.int64(0), np.int64(19), np.int64(22), np.int64(14), np.int64(31), np.int64(54), np.int64(0), np.int64(15), np.int64(57), np.int64(55), np.int64(61), np.int64(16), np.int64(13), np.int64(8), np.int64(36), np.int64(34), np.int64(28), np.int64(2), np.int64(44), np.int64(60), np.int64(17), np.int64(39), np.int64(27), np.int64(19), np.int64(54), np.int64(27), np.int64(30)]",False,False,0.0,0.0,"[38  2  8 10  8 62 21 49 43 10 43 57 60  3 30 43 33  9 38 42 60 58 18 33
 33 24 60 57 21 63 49 18 21 43  9 60 38 46 43 52  3 21 57 47 47 15 43 47
  4 44 59 30 46 57  9  4 51 44 47 58 59  8  7  8]","[38 19  8 10 24 40 24 49 43  3 43  3 35  3 55 43 33  9 38 42 33 58 29 33
 32 32 46 57 21 63 21 18 21 43  9 36 38 46 43 52 27 21  7 47 47 30 10 47
 56 44 59  7 46 57 16  4 19 44 47 58 59  8 56 18]",True,True,0.890625,1.0,"[15 23  9 13  8 40 21 49 43  2 43 57 60  3 30 43 33 11 38 46 42 58 40 51
 33 24  3 57 21 63 49 62 24 43 20 60 38 46 43 25 22 21 57 47 47 20 43 47
 11 30 59 30 61 57 16  2 19 44 47 58 20  8  7 33]","[24 27  8 32 48 40 21 49 59  2  3  3 60 41 30 43 54  9 38 46  3 58 18  1
 32 24 46 40 62 22 21 50 21 63  9 60 35 46 43 62  5 21 20 47 47 15 43 47
 11 44 59 45 46 57 16  7 19 10 47 51 59  8 56 27]",False,False,0.21875,0.1875,0.04,1.0,1.0,1,1,25,0.04,1.0,1.0,1,1,25,1.0,0.0,0.0,25,0,0,1.0,0.0,0.0,25,0,0,1.0,0.92,0.92,25,23,23,1.0,1.0,1.0,25,25,25,1.0,0.04,0.04,25,1,1,1.0,0.0,0.0,25,0,0
[1.00049988 0.         0.70781353 ... 0.         0.         0.        ],"[ 8 20  9 28 31 17 18 46 23 50 45 10  2 38  9  8 27 33 45  9  9 36 12 50
 17 18 23 26  9 14  2  9  3 45 62 17  3  3  8  7 56 31 40  1 56 50 33 38
 26 56 50 14 31 38 26 15 45 56 19 14  6 11 31 30]","[56 20  9 28 13 17 18 46 23 50 45  1  2 38  9  8 52 33 45  9  9 36 37 50
 17 18 23 26  9 14  2  9  3 45 62 17  3 25  8 34 56 57 40  1 56 50 33 37
 38 56 50 14  1 38 26 15 45 56 19 14 37 37 37 13]",True,True,0.96875,0.953125,"[np.int64(35), np.int64(39), np.int64(43), np.int64(1), np.int64(56), np.int64(25), np.int64(6), np.int64(21), np.int64(23), np.int64(56), np.int64(48), np.int64(10), np.int64(56), np.int64(17), np.int64(5), np.int64(31), np.int64(23), np.int64(52), np.int64(8), np.int64(55), np.int64(3), np.int64(48), np.int64(19), np.int64(8), np.int64(11), np.int64(9), np.int64(30), np.int64(53), np.int64(56), np.int64(39), np.int64(52), np.int64(41), np.int64(45), np.int64(31), np.int64(47), np.int64(11), np.int64(47), np.int64(10), np.int64(31), np.int64(29), np.int64(19), np.int64(45), np.int64(57), np.int64(50), np.int64(60), np.int64(55), np.int64(45), np.int64(35), np.int64(19), np.int64(36), np.int64(37), np.int64(2), np.int64(21), np.int64(62), np.int64(55), np.int64(12), np.int64(32), np.int64(54), np.int64(30), np.int64(21), np.int64(41), np.int64(47), np.int64(62), np.int64(46)]","[np.int64(40), np.int64(12), np.int64(5), np.int64(6), np.int64(43), np.int64(8), np.int64(5), np.int64(19), np.int64(59), np.int64(2), np.int64(10), np.int64(11), np.int64(41), np.int64(47), np.int64(7), np.int64(18), np.int64(41), np.int64(1), np.int64(3), np.int64(54), np.int64(14), np.int64(25), np.int64(18), np.int64(18), np.int64(22), np.int64(58), np.int64(16), np.int64(45), np.int64(12), np.int64(61), np.int64(6), np.int64(31), np.int64(61), np.int64(52), np.int64(6), np.int64(63), np.int64(30), np.int64(14), np.int64(11), np.int64(31), np.int64(16), np.int64(13), np.int64(40), np.int64(40), np.int64(2), np.int64(14), np.int64(33), np.int64(25), np.int64(36), np.int64(20), np.int64(40), np.int64(51), np.int64(9), np.int64(57), np.int64(17), np.int64(57), np.int64(52), np.int64(63), np.int64(47), np.int64(57), np.int64(10), np.int64(61), np.int64(37), np.int64(28)]",False,False,0.0,0.0,"[ 8 20  9 28 31 17 18 49 23 50 45 10  2 12  9  8 52 33 45  9  9 36 12 50
 17 18 23  2  9 14  2  9  3 45 23 17 34 61 14 34 56 31 13 61 55 50 33 37
 26 56 50 14 31 63 62 15 45 56 19 49  5 11 34 34]","[56 20  9 28  7 60 18 46 23 50 45  1 41 55  9  8 27 33 45  9  9 36 48 50
  6 40 23 26  9 14  2  9 52 45 62 47 34 25  8  7 56 31 13 16 56 50 33 38
 38 56 50 38  1 38 26 15 45 54 19 53  6 11 37 53]",False,True,0.890625,1.0,"[18 20  9 28 31 17 18 49 23 50 45 10 41 53  9 26 27 33 45  9  9 36 48 50
  6 40 23 26  9 14  2  9  3 45 62 17  3  3 48 34 56 57 40  1 18 50 33 37
 38 56 50 19  1 38 26 15 45  6 17 49  5 11 54 34]","[ 2 38  9 28 31 17 19 49 38 50 11 61 13 42  9 55 43 35 45  9  1 36 12 50
  6 18 23  2  9 14  2  9 52 45 35 17  3 62 28 34 25 58 40  1 56 50  7 37
 26 56 50 38 31 38 26 15 45 56 41 49 37 43 31 13]",False,False,0.21875,0.1875,0.04,1.0,1.0,1,1,25,0.04,1.0,1.0,1,1,25,1.0,0.0,0.0,25,0,0,1.0,0.0,0.0,25,0,0,1.0,0.96,0.96,25,24,24,1.0,1.0,1.0,25,25,25,1.0,0.2,0.2,25,5,5,1.0,0.04,0.04,25,1,1
[1.00049988 0.         0.         ... 0.         0.500999   0.500999  ],"[14 44 46 37 32 37 35 29 22  2 52 36 19  4 35 33 34 40  6 32 36 35 52  4
 56  0 15 32 51 18  2 32 21  2  0 35 21 36  4 56 52 56 49  0  8  0 35 41
 59  0 55 18 35 43 30  2 21 40  0  2 11 56 63  6]","[14 44 46 37 32 37 35 29 22  2 52 36 27  4 35 33 34 40  6 32 36 35 52  4
 56  0 53 32 51 18 32 32 21 27 22 35 21 36 27  8 52 56 49  0  8  0 35 41
 59  0 44 63 35 43 30  2 21 40  0 63 11 56 63 14]",True,True,0.96875,0.953125,"[np.int64(38), np.int64(56), np.int64(24), np.int64(4), np.int64(18), np.int64(38), np.int64(20), np.int64(49), np.int64(10), np.int64(15), np.int64(15), np.int64(41), np.int64(9), np.int64(46), np.int64(36), np.int64(37), np.int64(59), np.int64(24), np.int64(29), np.int64(1), np.int64(48), np.int64(27), np.int64(60), np.int64(36), np.int64(25), np.int64(54), np.int64(25), np.int64(38), np.int64(58), np.int64(29), np.int64(15), np.int64(38), np.int64(4), np.int64(61), np.int64(39), np.int64(20), np.int64(1), np.int64(36), np.int64(48), np.int64(17), np.int64(40), np.int64(14), np.int64(7), np.int64(35), np.int64(37), np.int64(30), np.int64(17), np.int64(9), np.int64(50), np.int64(32), np.int64(31), np.int64(59), np.int64(15), np.int64(52), np.int64(25), np.int64(6), np.int64(4), np.int64(52), np.int64(39), np.int64(21), np.int64(12), np.int64(26), np.int64(43), np.int64(7)]","[np.int64(16), np.int64(4), np.int64(61), np.int64(53), np.int64(51), np.int64(20), np.int64(26), np.int64(6), np.int64(46), np.int64(55), np.int64(27), np.int64(32), np.int64(56), np.int64(44), np.int64(50), np.int64(22), np.int64(29), np.int64(58), np.int64(21), np.int64(51), np.int64(58), np.int64(19), np.int64(56), np.int64(49), np.int64(57), np.int64(42), np.int64(45), np.int64(61), np.int64(42), np.int64(0), np.int64(10), np.int64(25), np.int64(32), np.int64(60), np.int64(2), np.int64(0), np.int64(24), np.int64(49), np.int64(34), np.int64(15), np.int64(14), np.int64(48), np.int64(25), np.int64(5), np.int64(8), np.int64(8), np.int64(48), np.int64(60), np.int64(8), np.int64(36), np.int64(14), np.int64(29), np.int64(27), np.int64(27), np.int64(51), np.int64(32), np.int64(48), np.int64(13), np.int64(35), np.int64(32), np.int64(60), np.int64(31), np.int64(10), np.int64(49)]",False,False,0.0,0.0,"[14 44 46 44 32 37 35 29 22  2 52 36 25  4 35 33 34 43  6 32 36 35 52  4
 56  8 53 33 51 18  2 33 21  2 56 35 21 36 27 56 52 56 49  0  8  0 35 57
 59  0 44 63 35 43 30  2 21 40  0  2 11 56 63 14]","[14 44 46 37 32 37 35 29 22  2 52 36 25  4 35 33 45 40 27 32 36 35 52  4
 56  0 53 32 55 16 20 32 21  2  0 35 21 36 17  8 52 20 49  0  8  0 35 57
 59  0 44 63 35 48 30  2 21 40  0 63 41 45 63  0]",True,True,0.890625,1.0,"[34 44 46 37 32 37 35 29 22  2 52 36 25 60 35 33 45 40  6 32 36 35 52  4
 41  0 15 11 55 16  2 27 21  2 36 35 21 36 17 56 52 56 17  0  8 30 35 57
 59  0 55 18 35 43 24  2 21 47  2  2 38 45 63  6]","[63 44 30 44 32 37 35 29 22  2 52 27 25 60 35 26 34 40 27 32 30 35  8  4
 56  8 15 32 51 18  2 32 30  2  0 35 21 36 17 56 52 20 17  0  8 30 35 41
 59 11 44 18 35 43 30  2 21 40 18  2 11 45 63 14]",False,False,0.21875,0.1875,0.04,1.0,1.0,1,1,25,0.04,1.0,1.0,1,1,25,1.0,0.0,0.0,25,0,0,1.0,0.0,0.0,25,0,0,1.0,0.88,0.88,25,22,22,1.0,1.0,1.0,25,25,25,1.0,0.16,0.16,25,4,4,1.0,0.2,0.2,25,5,5
[0.         0.         0.70781353 ... 0.         0.         1.00049988],"[25 55  7  5 12 52 41 41 32  5  5  5 29 12 52 60 35 15 41 28 37 31 35 33
 15  4 61  5 52 29 12  5 30 27 52 14 51 12 13 35 28 12 62  3  3 58 57 21
 15  7  4 60 29 51  7 34 40 32 34  5 52 34 60 49]","[25 55 62 30 12 52 41 41 32  5  5  5 29 12 52 60 32 51 41 28 37  2 35 33
 15 37 61  5 52 29 12  5 30 36 52 30 33 12 13 35 28 12 62  3  3 51 57 21
 15  7  4 60 29 51  7 34 40 32 34  5 52 34 60 33]",True,False,0.96875,0.953125,"[np.int64(57), np.int64(4), np.int64(39), np.int64(63), np.int64(38), np.int64(58), np.int64(40), np.int64(54), np.int64(9), np.int64(39), np.int64(42), np.int64(35), np.int64(9), np.int64(12), np.int64(43), np.int64(37), np.int64(21), np.int64(57), np.int64(32), np.int64(58), np.int64(51), np.int64(2), np.int64(45), np.int64(49), np.int64(10), np.int64(12), np.int64(4), np.int64(56), np.int64(5), np.int64(45), np.int64(62), np.int64(33), np.int64(56), np.int64(1), np.int64(34), np.int64(9), np.int64(61), np.int64(41), np.int64(44), np.int64(30), np.int64(35), np.int64(1), np.int64(11), np.int64(35), np.int64(61), np.int64(60), np.int64(11), np.int64(20), np.int64(21), np.int64(46), np.int64(56), np.int64(61), np.int64(43), np.int64(54), np.int64(16), np.int64(14), np.int64(8), np.int64(51), np.int64(4), np.int64(3), np.int64(49), np.int64(21), np.int64(52), np.int64(0)]","[np.int64(14), np.int64(23), np.int64(29), np.int64(47), np.int64(57), np.int64(47), np.int64(11), np.int64(17), np.int64(49), np.int64(56), np.int64(45), np.int64(43), np.int64(58), np.int64(48), np.int64(21), np.int64(48), np.int64(28), np.int64(59), np.int64(22), np.int64(57), np.int64(46), np.int64(15), np.int64(7), np.int64(16), np.int64(7), np.int64(10), np.int64(37), np.int64(6), np.int64(12), np.int64(47), np.int64(46), np.int64(60), np.int64(52), np.int64(55), np.int64(18), np.int64(48), np.int64(53), np.int64(46), np.int64(32), np.int64(63), np.int64(6), np.int64(21), np.int64(15), np.int64(9), np.int64(53), np.int64(59), np.int64(31), np.int64(56), np.int64(56), np.int64(25), np.int64(48), np.int64(61), np.int64(7), np.int64(22), np.int64(7), np.int64(32), np.int64(60), np.int64(56), np.int64(45), np.int64(46), np.int64(27), np.int64(50), np.int64(3), np.int64(48)]",False,False,0.0,0.0,"[25 55 38 30 12 52 41 41 32  5  5  5 29 12 52  6 42 15 41 28 37  2 35 33
 15  4 22  5 52 29 12  5 30 38 52 30 51 34 13 35 28 12 36 32  3 58 57 21
 56  9  4 25 29 51  7 34 40 18 34  5 52 34  7 49]","[25 55 62 30 12 52  0 35 32  5  2  5 29 12 52 60 32 43 57  7 17  2 26 44
 15  4 61 15 52 29 12  5 30 38 52 30 33 12 13 35 32 12 36 32 38 58 57 21
 15  9  4 60 29 51  7 34 48 32 34  5 52 34 60 33]",True,True,0.890625,1.0,"[55 51 62 34 12 52 41 41 32  5  5  5 29 12 52 48 32 51 41 28 15  2 35 33
 15 51 61  5 52 29 12  5 40 50 52  7 51 12 13 35 33 12 62  3  3 58 57 21
 15 63 33 60 29 21 32 34 40 32 34  5  3 34 60 49]","[55 36  7 30 12 52 41 41 32  5  2  2 29 28 52 60 32 51 41  7 37 49 26 44
 15 51 61  5 52 29 12  5 30 27 52  7 33 12 13 35 28 12 16  3  3 58 57 21
 56  7  4 25 29 54  7 34 40 32 34  5 52 34  2 33]",False,False,0.21875,0.1875,0.04,1.0,1.0,1,1,25,0.04,0.0,0.0,1,0,0,1.0,0.0,0.0,25,0,0,1.0,0.0,0.0,25,0,0,1.0,0.88,0.88,25,22,22,1.0,1.0,1.0,25,25,25,1.0,0.12,0.12,25,3,3,1.0,0.0,0.0,25,0,0
[0.         0.         0.         ... 0.70781353 0.         0.        ],"[ 3  1 63 41 21  1 60 34 60 54 42  9 16 60 47  3  3 31 21  9 18 54 60 16
 10  8 39 38 29 52 17 21 11  9 39 13 31 60  5  9  8  1  3 21 11  1 21 60
 60 34  9 36  1 13  1 47 61 21  8 31 52 29 28  9]","[ 3  1 63 54 21  1 60 34 60 54 42  9 16 60 59  3 21 31 21  9 18 54 60 39
 49  4 39 38 29  3 17 21 11  9 61 50 31 60  5  9  8  1  3 21 11  1 21 28
 60 34  9 55  1 13  1 63 61 21  8 31 52 29 28  9]",True,True,0.96875,0.953125,"[np.int64(34), np.int64(5), np.int64(1), np.int64(47), np.int64(32), np.int64(3), np.int64(54), np.int64(22), np.int64(45), np.int64(58), np.int64(24), np.int64(37), np.int64(36), np.int64(17), np.int64(63), np.int64(45), np.int64(63), np.int64(39), np.int64(37), np.int64(44), np.int64(52), np.int64(52), np.int64(14), np.int64(43), np.int64(13), np.int64(32), np.int64(4), np.int64(2), np.int64(35), np.int64(8), np.int64(10), np.int64(14), np.int64(60), np.int64(10), np.int64(26), np.int64(12), np.int64(28), np.int64(17), np.int64(24), np.int64(22), np.int64(9), np.int64(12), np.int64(49), np.int64(28), np.int64(15), np.int64(19), np.int64(10), np.int64(25), np.int64(42), np.int64(3), np.int64(28), np.int64(43), np.int64(11), np.int64(56), np.int64(15), np.int64(18), np.int64(15), np.int64(5), np.int64(51), np.int64(34), np.int64(49), np.int64(29), np.int64(32), np.int64(48)]","[np.int64(30), np.int64(23), np.int64(56), np.int64(26), np.int64(17), np.int64(18), np.int64(23), np.int64(58), np.int64(29), np.int64(44), np.int64(61), np.int64(26), np.int64(61), np.int64(56), np.int64(60), np.int64(16), np.int64(20), np.int64(37), np.int64(17), np.int64(8), np.int64(62), np.int64(41), np.int64(4), np.int64(38), np.int64(9), np.int64(41), np.int64(48), np.int64(23), np.int64(55), np.int64(21), np.int64(11), np.int64(57), np.int64(14), np.int64(36), np.int64(33), np.int64(0), np.int64(49), np.int64(56), np.int64(37), np.int64(33), np.int64(29), np.int64(50), np.int64(20), np.int64(31), np.int64(22), np.int64(40), np.int64(62), np.int64(8), np.int64(32), np.int64(11), np.int64(48), np.int64(48), np.int64(53), np.int64(60), np.int64(52), np.int64(1), np.int64(60), np.int64(44), np.int64(11), np.int64(43), np.int64(32), np.int64(55), np.int64(24), np.int64(37)]",False,False,0.0,0.0,"[ 3  1 63 41 21  1 60 34 60 54 42  9 16 60 47  3  3 31 21  9 23 54 60 61
 10 12 39 38  8 52  7 21 11  9 48 62 51 60  5  9  8  1  3 38 58  1 21 60
 60 34 35 55  1 13  1 47 61 38  8 14 52  8 28  9]","[ 3  1 63 54 21  1 47 34 61 54 42  9 31 16 47  9 21 31 21  9 18 54 60 61
 49  8 39 38 29 52  7 21 11 38 39 50 31 60  5  9  8  1  3 21 11  1 21 60
 60 34  9 55  1 13  1 47 32 38 13 31 52 29 28  9]",True,True,0.890625,1.0,"[ 3  1 63 54 21  1 60 34 60 54 42  9 16 16 47  3  3 31 21  9 23 54 60 16
 10 33 39 38 29 52 17 21 11 25 39 50 31 60 27  9  8  1  3  6 11  1 21 60
 60 34  9 55  1 13  1 47 35 21 13 31 52 29 35  9]","[ 3  1 63 54 21  1 25 30 28 54 24  9 32 35 47  3 21 31 21  9 18 16  6 39
 49  4 39 38  8 52 17 61 11 25 39 56 31 60 57  9  8  1  3 38 58  1 21 60
 60 34  4 36  1 13  1 63 35 38 13 31 52  8 61 55]",False,False,0.21875,0.1875,0.04,1.0,1.0,1,1,25,0.04,1.0,1.0,1,1,25,1.0,0.0,0.0,25,0,0,1.0,0.0,0.0,25,0,0,1.0,0.68,0.68,25,17,17,1.0,1.0,1.0,25,25,25,1.0,0.12,0.12,25,3,3,1.0,0.0,0.0,25,0,0
[0.500999   0.70781353 1.00049988 ... 0.500999   0.         1.00049988],"[23 29 29 41 37 37 44 53 24 34 21 37 17 24 17  1  9  1 49 21 58 37 52 60
 60 27 53  1 29 29 44 54  4 23 29 37 21 29 53  1 60 37 21 24 28 34 15 52
 29 34 52 58 28  1 39 23 29 49 29  5 29  2  5  5]","[23 29 29 41 37 48 44 53 39 34 35 37 17 24 17  1 59 60 49 10 58 37 52 60
 60 27 49  1 29 29 44 54  4 42 29 37 49 29  8  1 60 37 49 24 28 34  8 52
 29 34 13 23 28  1 39 39 29 49 29 39 29  2  5 49]",True,True,0.96875,0.953125,"[np.int64(40), np.int64(27), np.int64(5), np.int64(45), np.int64(6), np.int64(2), np.int64(15), np.int64(14), np.int64(13), np.int64(40), np.int64(23), np.int64(15), np.int64(11), np.int64(10), np.int64(2), np.int64(19), np.int64(53), np.int64(56), np.int64(52), np.int64(43), np.int64(49), np.int64(56), np.int64(33), np.int64(30), np.int64(63), np.int64(14), np.int64(11), np.int64(62), np.int64(59), np.int64(17), np.int64(15), np.int64(48), np.int64(40), np.int64(41), np.int64(62), np.int64(27), np.int64(32), np.int64(58), np.int64(11), np.int64(44), np.int64(32), np.int64(17), np.int64(23), np.int64(44), np.int64(52), np.int64(12), np.int64(0), np.int64(19), np.int64(49), np.int64(8), np.int64(56), np.int64(6), np.int64(41), np.int64(49), np.int64(28), np.int64(3), np.int64(0), np.int64(46), np.int64(44), np.int64(41), np.int64(62), np.int64(63), np.int64(3), np.int64(29)]","[np.int64(24), np.int64(11), np.int64(21), np.int64(21), np.int64(41), np.int64(18), np.int64(28), np.int64(52), np.int64(7), np.int64(53), np.int64(14), np.int64(42), np.int64(40), np.int64(2), np.int64(49), np.int64(12), np.int64(42), np.int64(36), np.int64(34), np.int64(4), np.int64(60), np.int64(5), np.int64(5), np.int64(39), np.int64(63), np.int64(56), np.int64(18), np.int64(44), np.int64(50), np.int64(62), np.int64(59), np.int64(3), np.int64(7), np.int64(55), np.int64(48), np.int64(3), np.int64(59), np.int64(22), np.int64(6), np.int64(48), np.int64(61), np.int64(11), np.int64(26), np.int64(14), np.int64(4), np.int64(46), np.int64(12), np.int64(29), np.int64(53), np.int64(44), np.int64(18), np.int64(43), np.int64(58), np.int64(35), np.int64(22), np.int64(14), np.int64(11), np.int64(33), np.int64(49), np.int64(12), np.int64(1), np.int64(30), np.int64(41), np.int64(30)]",False,False,0.0,0.0,"[23 29 29 41 37 37 44 53 20 34 45 28 18 24 17 58  9  1 49 10 58 37 52 60
 34 14 49  1 29 29 29 18  4 23 29 37 57 29 41  1 60 37 41 24 27 34 15 30
 29 34 52 58 28  1 39 23 29 49 29 10 29  2  9 49]","[23 29 29 41 37 48 44  4 39 34 39 27 17 24 17 58 19  1 49 10 23 37 52 60
 60 27 49 53 29 29 44 18  4 23 29 37 42 29 53  1 60 37 21 24 28 34  8 52
 29 34 32 58 42  1  8 23 29 36 29 39 29  2  9 49]",False,True,0.890625,1.0,"[23 29 29 41 37 48 44 23 24 34 35 28 17 24 41 58  9 60 49 55 58 37 54 60
  8 27  4  1 29 29 44 18  4 42 29 37 49 29 53 21 60  9 49 24 28  5 45 30
 29 36 32 23 28 58  8 39 29 36 29 10 29  2  5 49]","[36 29 29 41 26 45 57 53 20 36 45 37 10 24 17 45 19  1 49 10 63 37 54 55
 60 57 49 53 29 29 54 54  4 23 29 14 21 29 53  1 60 24 49 46 51 34 45 52
 29 34 16 23 28  1 59 39 29 36 29 10 29 42 38 61]",False,True,0.21875,0.1875,0.04,1.0,1.0,1,1,25,0.04,1.0,1.0,1,1,25,1.0,0.0,0.0,25,0,0,1.0,0.0,0.0,25,0,0,1.0,0.92,0.92,25,23,23,1.0,1.0,1.0,25,25,25,1.0,0.2,0.2,25,5,5,1.0,0.24,0.24,25,6,6
[1.00049988 0.         0.         ... 0.500999   0.         0.500999  ],"[41 26 59 34 31  4 37 13 18 13 32 28 36 37  6 12 37 21 17 32 15 31 62 45
  3 63 12 52 36 26  6 36 26 11 12  6 27 36  1 42 22 12 21 62 12 32 14  6
 37  2 37 11 52 59 26 13  5 12 11 21 16 34 37 32]","[35 26 59 34 31 62 37 43 18 13  7 28 36 37  6 12 37 21 10  3 15 12 62 45
  3 63 12 52 36 26  6 36 26 11 12 11 27 36  1 42 22 12 21 62 62  3 14  6
 37  2 37 11 52 59 13 13  5 12 11 62 16 34 37 32]",True,True,0.96875,0.953125,"[np.int64(42), np.int64(61), np.int64(49), np.int64(53), np.int64(37), np.int64(53), np.int64(57), np.int64(55), np.int64(25), np.int64(16), np.int64(42), np.int64(29), np.int64(22), np.int64(12), np.int64(39), np.int64(3), np.int64(62), np.int64(41), np.int64(58), np.int64(3), np.int64(47), np.int64(25), np.int64(38), np.int64(32), np.int64(27), np.int64(63), np.int64(38), np.int64(2), np.int64(39), np.int64(15), np.int64(44), np.int64(34), np.int64(30), np.int64(5), np.int64(46), np.int64(21), np.int64(49), np.int64(2), np.int64(54), np.int64(30), np.int64(60), np.int64(43), np.int64(58), np.int64(12), np.int64(43), np.int64(58), np.int64(11), np.int64(5), np.int64(42), np.int64(54), np.int64(24), np.int64(39), np.int64(34), np.int64(40), np.int64(15), np.int64(25), np.int64(24), np.int64(18), np.int64(18), np.int64(2), np.int64(39), np.int64(2), np.int64(26), np.int64(50)]","[np.int64(42), np.int64(53), np.int64(52), np.int64(22), np.int64(58), np.int64(58), np.int64(49), np.int64(44), np.int64(2), np.int64(34), np.int64(4), np.int64(50), np.int64(23), np.int64(43), np.int64(48), np.int64(63), np.int64(36), np.int64(15), np.int64(51), np.int64(47), np.int64(49), np.int64(61), np.int64(30), np.int64(61), np.int64(59), np.int64(0), np.int64(11), np.int64(36), np.int64(11), np.int64(16), np.int64(50), np.int64(35), np.int64(14), np.int64(15), np.int64(11), np.int64(8), np.int64(19), np.int64(13), np.int64(55), np.int64(35), np.int64(13), np.int64(44), np.int64(53), np.int64(20), np.int64(34), np.int64(48), np.int64(26), np.int64(44), np.int64(37), np.int64(56), np.int64(20), np.int64(17), np.int64(11), np.int64(60), np.int64(17), np.int64(30), np.int64(26), np.int64(35), np.int64(0), np.int64(11), np.int64(21), np.int64(14), np.int64(62), np.int64(31)]",False,False,0.0,0.0,"[41 26  1 20 31  4 37 13 52  7  7 28 36 37  6 12 37 21 17 32 15 12 41 45
  3 63 12 52 36 53 60 36 26 48 12 11 27 36  1 42 22 12 21  1 12 32 53 60
 37  2 37 11 52 59 13 13  5 12 11 21 59 34 59 32]","[41 43 60 14 31  4 35 13 39 13  7 28 36 37  6 12 15 21 10 32  9 31 62 45
 35 63 16 52 36 26  6 36 26 34 12 11 27 36  1 42 22 12 48 62 12 10 14 29
 37  2 16 11 52 59 26 13  5 12 11 62 59 34 37 61]",False,True,0.890625,1.0,"[41 26 59 14 31 62 37 59 39 13  7 35 36 37  6 12 26 21 17 32 15 12 41 45
  3 63 16 52 36 10 54 36 26 48 12  6 27 36  1 42 29 12 48  7 62 32 53 29
 33  2 37 43 52 29 34 13  5 12 54  7 16 51 31 61]","[41 26  1 20 31 34 37 59 39 22  7 28 36  7  3 20 37 21 10  3 15 59 62 45
 35 63 16 52 36 26 54 36 10 48  3  6 27 36  1 42 29 22 21 62 62 32 53 60
 62  2 37 11 52 29 13 13 10 26 54 48 16 34 31 61]",False,False,0.21875,0.1875,0.04,1.0,1.0,1,1,25,0.04,1.0,1.0,1,1,25,1.0,0.0,0.0,25,0,0,1.0,0.0,0.0,25,0,0,1.0,0.56,0.56,25,14,14,1.0,1.0,1.0,25,25,25,1.0,0.08,0.08,25,2,2,1.0,0.04,0.04,25,1,1
[1.00049988 0.         0.70781353 ... 0.         0.         1.00049988],"[53 13 43 39 51  0 39 44  0 13 61 53 30 26 58 36 38  0 60 43 38 63 34  0
 45 63 11 63 24  5 56 30 56 56 38  5 43 61 30  0 18 24 17 39  5 53  0  5
 47 45 56 37 44 53 49 62 45  7  0 53 10 59  2 45]","[53  7 48 39 51  0 39 44  0 48 60 53 30 26 58 36 38  0 60 25 38 63 34  0
 45 63 11 63 24  5 56 30 56 56 38 56 35 61 30  0 18 24 17 39  5 53  0 24
 47 45 56 37 44 53 49 62 45  7  0 53 14 59 60 45]",True,True,0.96875,0.953125,"[np.int64(3), np.int64(39), np.int64(40), np.int64(62), np.int64(23), np.int64(23), np.int64(27), np.int64(5), np.int64(3), np.int64(44), np.int64(49), np.int64(29), np.int64(12), np.int64(7), np.int64(61), np.int64(29), np.int64(24), np.int64(38), np.int64(1), np.int64(6), np.int64(12), np.int64(39), np.int64(53), np.int64(10), np.int64(23), np.int64(28), np.int64(54), np.int64(2), np.int64(35), np.int64(34), np.int64(17), np.int64(18), np.int64(30), np.int64(0), np.int64(59), np.int64(21), np.int64(30), np.int64(20), np.int64(20), np.int64(44), np.int64(15), np.int64(37), np.int64(11), np.int64(11), np.int64(0), np.int64(4), np.int64(14), np.int64(51), np.int64(50), np.int64(4), np.int64(0), np.int64(45), np.int64(8), np.int64(6), np.int64(11), np.int64(7), np.int64(37), np.int64(6), np.int64(13), np.int64(27), np.int64(1), np.int64(16), np.int64(42), np.int64(8)]","[np.int64(30), np.int64(10), np.int64(11), np.int64(12), np.int64(19), np.int64(6), np.int64(29), np.int64(44), np.int64(47), np.int64(39), np.int64(26), np.int64(4), np.int64(34), np.int64(63), np.int64(8), np.int64(50), np.int64(59), np.int64(60), np.int64(16), np.int64(11), np.int64(5), np.int64(18), np.int64(39), np.int64(36), np.int64(61), np.int64(50), np.int64(48), np.int64(44), np.int64(43), np.int64(44), np.int64(40), np.int64(47), np.int64(18), np.int64(11), np.int64(6), np.int64(14), np.int64(41), np.int64(51), np.int64(37), np.int64(5), np.int64(45), np.int64(18), np.int64(18), np.int64(36), np.int64(12), np.int64(5), np.int64(42), np.int64(36), np.int64(39), np.int64(22), np.int64(31), np.int64(10), np.int64(10), np.int64(42), np.int64(8), np.int64(43), np.int64(41), np.int64(58), np.int64(14), np.int64(39), np.int64(33), np.int64(57), np.int64(29), np.int64(42)]",False,False,0.0,0.0,"[53  7 43 39 51  0  3 44  0 44 61 53 30 26 58 36 38  0 60 43 38 63 34  0
 45 63 11 63 24  5 56 30 56 56 38 56 43 61 36 59 18 24  3 39  5 53  0  5
 47 45 56 37 44 53 49 62 45  7  0 53 10 59 60 45]","[53 13 48 39 51  0  5 44  0 44 61 53 30 26 58 51 38  0 60 25 38 63 34  0
 45 63 11 14 24  5 56 30 56 56 38  5 15 61 30  0 18 14 60 39  5 53  0 48
 21 45  7 37 44 53 49 62 45  7  0 53 14 59 60 45]",True,True,0.890625,1.0,"[53 13 48  6 51  0  3  1  0 44 61 53 30 26 58 36 38 46 60 54 38 63 34  0
 45 63 11 14 24  5 56 30 56 56 38 56 43 61 30 59 18 42  3 39  5 53 59  5
  9 45 56 15 44 53 32 62 45  7  0 53 10 59 60 25]","[53 19 43 42 51 35 39 44  0 48 61 53  7 26 27 36 38  0 60 43 38 63 34 63
 45 19 11 14 24  5 38 30 54 56 38 56 43 51 30  0 18  3 60 19  7 53 59  5
 44 45 56 37 44 53 49 62 45  7  0 53 14 17 60 45]",False,False,0.21875,0.1875,0.04,1.0,1.0,1,1,25,0.04,1.0,1.0,1,1,25,1.0,0.0,0.0,25,0,0,1.0,0.0,0.0,25,0,0,1.0,0.44,0.44,25,11,11,1.0,1.0,1.0,25,25,25,1.0,0.24,0.24,25,6,6,1.0,0.08,0.08,25,2,2
[0.         0.         0.         ... 0.70781353 0.         0.        ],"[ 3  1 63 41 21  1 60 34 60 54 42  9 16 60 47  3  3 31 21  9 18 54 60 16
 10  8 39 38 29 52 17 21 11  9 39 13 31 60  5  9  8  1  3 21 11  1 21 60
 60 34  9 36  1 13  1 47 61 21  8 31 52 29 28  9]","[ 3  1 63 54 21  1 60 34 60 54 42  9 16 60 59  3 21 31 21  9 18 54 60 39
 49  4 39 38 29  3 17 21 11  9 61 50 31 60  5  9  8  1  3 21 11  1 21 28
 60 34  9 55  1 13  1 63 61 21  8 31 52 29 28  9]",True,True,0.96875,0.953125,"[np.int64(62), np.int64(55), np.int64(55), np.int64(48), np.int64(63), np.int64(47), np.int64(0), np.int64(19), np.int64(55), np.int64(38), np.int64(46), np.int64(22), np.int64(48), np.int64(21), np.int64(52), np.int64(57), np.int64(6), np.int64(35), np.int64(11), np.int64(43), np.int64(4), np.int64(41), np.int64(54), np.int64(39), np.int64(34), np.int64(58), np.int64(3), np.int64(50), np.int64(16), np.int64(18), np.int64(8), np.int64(17), np.int64(46), np.int64(4), np.int64(18), np.int64(27), np.int64(9), np.int64(37), np.int64(18), np.int64(8), np.int64(25), np.int64(36), np.int64(40), np.int64(32), np.int64(19), np.int64(7), np.int64(34), np.int64(14), np.int64(56), np.int64(23), np.int64(20), np.int64(41), np.int64(50), np.int64(40), np.int64(14), np.int64(38), np.int64(0), np.int64(44), np.int64(8), np.int64(3), np.int64(18), np.int64(48), np.int64(37), np.int64(49)]","[np.int64(15), np.int64(48), np.int64(12), np.int64(39), np.int64(4), np.int64(49), np.int64(32), np.int64(2), np.int64(2), np.int64(19), np.int64(28), np.int64(37), np.int64(21), np.int64(47), np.int64(59), np.int64(40), np.int64(20), np.int64(31), np.int64(18), np.int64(56), np.int64(60), np.int64(22), np.int64(48), np.int64(36), np.int64(43), np.int64(61), np.int64(29), np.int64(61), np.int64(30), np.int64(9), np.int64(44), np.int64(58), np.int64(33), np.int64(6), np.int64(49), np.int64(57), np.int64(63), np.int64(46), np.int64(34), np.int64(35), np.int64(8), np.int64(11), np.int64(56), np.int64(26), np.int64(38), np.int64(30), np.int64(27), np.int64(9), np.int64(31), np.int64(5), np.int64(53), np.int64(49), np.int64(37), np.int64(35), np.int64(30), np.int64(17), np.int64(45), np.int64(24), np.int64(13), np.int64(18), np.int64(32), np.int64(6), np.int64(41), np.int64(37)]",False,False,0.0,0.0,"[ 3  1 63 54 21  1 60 34 15 54 42  9 16 60 47  9  3 31 21  9 18 54 60 39
 10  4 39 38 11  3 17 21 11  9 61 50 31 60  5  9  8  1  3 21 11  1 21 60
 63 34  9 55  1 13  1 63 61 21  8 14 52  8 61  9]","[ 3  1 63 41 21  1 47 30 60 54 42  9 57 60 47  3 21 31 57  9 18 54 60 61
 49  8 39 38 29 52 17 21 59 38 61 62 31 60  5  9  8  1  3 38 42  1 21 60
 60 34  9 55  1 13  1 47 61 38 13 48 52 29 28  9]",True,True,0.890625,1.0,"[ 3  1 63 54 21  1 60 34 60 54 42  9 16 16 47  9  3 31 21  9 18 54 60 16
 49  8 39 38 29  3 17 61 11  9 48 13 31 60  5 26  8  1  3 13 11  1 21  6
 60 24  9 55  1 13  1 47 35 21 13 31 52  8 28  9]","[ 3  1 63 41 21  1 25 34 61 54 42  9 16 16 47  9 21 31 21  9 18 54 60 61
 49  4 39 39  8  3 17 21 12  9 61 56 31 60 57  9  8  1  3 21 42  1 21 28
 60 34  4 36  1 13  1 63 61 21  8 31 52 29 28  9]",False,True,0.21875,0.1875,0.04,1.0,1.0,1,1,25,0.04,1.0,1.0,1,1,25,1.0,0.0,0.0,25,0,0,1.0,0.0,0.0,25,0,0,1.0,0.76,0.76,25,19,19,1.0,1.0,1.0,25,25,25,1.0,0.24,0.24,25,6,6,1.0,0.08,0.08,25,2,2
[0.         0.         0.         ... 0.         0.         1.00049988],"[34 44 12 39 62 35 18 35 26 42 48 36 28 15 20 40 28 32 43 47 43 24 13 45
 28  5 24  0 40  3  3 32 28 18 43 16 32 32 37 40 40 44 40 28 39 21 32 13
 24 17 13 56 39 20 28 62 42 16 28 44 17  9 43 52]","[34 44 52 39 62 47 18 35 26 42 48 18 28 15 20 40 28 32 43 47 52 24 20 45
 28  5 37  0 40  3  3 32 42 18 43 18 32 32 37 40 40 44 40 28 39 14 32 13
 43 18 13 20 39 20 28 62 42 47 28 44 46 34 43 52]",True,True,0.96875,0.953125,"[np.int64(24), np.int64(37), np.int64(46), np.int64(6), np.int64(28), np.int64(41), np.int64(19), np.int64(61), np.int64(44), np.int64(57), np.int64(8), np.int64(59), np.int64(56), np.int64(61), np.int64(57), np.int64(46), np.int64(40), np.int64(37), np.int64(43), np.int64(2), np.int64(31), np.int64(4), np.int64(59), np.int64(55), np.int64(10), np.int64(26), np.int64(14), np.int64(28), np.int64(32), np.int64(37), np.int64(1), np.int64(57), np.int64(29), np.int64(1), np.int64(12), np.int64(16), np.int64(2), np.int64(53), np.int64(44), np.int64(7), np.int64(31), np.int64(63), np.int64(14), np.int64(60), np.int64(11), np.int64(7), np.int64(25), np.int64(0), np.int64(12), np.int64(46), np.int64(59), np.int64(49), np.int64(1), np.int64(29), np.int64(15), np.int64(32), np.int64(51), np.int64(48), np.int64(8), np.int64(46), np.int64(59), np.int64(13), np.int64(5), np.int64(59)]","[np.int64(58), np.int64(11), np.int64(55), np.int64(12), np.int64(38), np.int64(33), np.int64(35), np.int64(61), np.int64(12), np.int64(2), np.int64(15), np.int64(51), np.int64(12), np.int64(37), np.int64(53), np.int64(23), np.int64(29), np.int64(50), np.int64(22), np.int64(39), np.int64(12), np.int64(5), np.int64(18), np.int64(34), np.int64(14), np.int64(30), np.int64(37), np.int64(2), np.int64(9), np.int64(49), np.int64(0), np.int64(27), np.int64(55), np.int64(58), np.int64(11), np.int64(15), np.int64(45), np.int64(32), np.int64(14), np.int64(60), np.int64(19), np.int64(43), np.int64(61), np.int64(22), np.int64(57), np.int64(14), np.int64(0), np.int64(30), np.int64(51), np.int64(63), np.int64(60), np.int64(9), np.int64(12), np.int64(34), np.int64(7), np.int64(33), np.int64(2), np.int64(3), np.int64(5), np.int64(16), np.int64(48), np.int64(55), np.int64(62), np.int64(21)]",False,False,0.0,0.0,"[59 44 12 39 62 35 18 35 26 42 48 62 28 15 55 40 28 32 43  6 43 24 13 45
 28  5 24  0 40 34  3 32 28 18 43 16 32 36 37 40 40 56 40 28 24 21 43 49
 24 17 53 56 39 20 28 62 42 16 28 44 48 34 29 34]","[59 44 12 39 62 47 47 35 26 42 35 57 28 15 20 40 28 49 49 47 51 24 13 45
 28  5 37  0 40  3 47 32 42 22 61 16 32 32 37 40 40 44 40 28 39 14 32 13
 24 47 13 37 39 47 28  0 42 47 28 44 48 30 43 52]",True,True,0.890625,1.0,"[34 44 12 29 62 35 18 35 26 42 35 62 28 15 20 40 34 32 43  6 52 24 13 45
 28  5 24  0 40 62  3 32 28 22 16 16 32 32 37 40 40 56 40 28 39 21 32 13
 43 47 53 56  3 49 28 62 42 11 28 44 17  9 43 34]","[59 44 52 39 62 47 18 35 26 42 48 57 28 15 20 40 28 32 43  6 52 24 33 45
 28  5 37  0 40 34  3 32 28 18 43 10 32 32 37 40 40 44 40 28 39 14 32  6
 43 18 53 56 39 50 24  0 42 11 28 58 46 34 29 34]",False,False,0.21875,0.1875,0.04,1.0,1.0,1,1,25,0.04,1.0,1.0,1,1,25,1.0,0.0,0.0,25,0,0,1.0,0.0,0.0,25,0,0,1.0,0.96,0.96,25,24,24,1.0,1.0,1.0,25,25,25,1.0,0.28,0.28,25,7,7,1.0,0.04,0.04,25,1,1
[0.500999   0.         0.         ... 0.70781353 0.         0.        ],"[17  3 17 47  4 23 53 11  4 34  3 47 47 50 17 34 10  8  1 30 47 13 27  5
  6 20 13  9 27 52 34  3  2  6 53 11 45  6 33 20 15 12 15 17  6 13 30  8
 34 61 53 42 62  4 62  1 37 30 42  3 45 13 53  9]","[17  3 17 47  4 23 53 63  4 34 38 47 47 50 17 34 63  8 31 30 47 52 27 53
  6 54 13  9 42 52 34 19  2  6 53 11 45  6 33 20 33 12 15 17  6 13 30  8
 34 40 53 42 62  4 62 42 57 14 42 25 42 13 53  9]",False,True,0.96875,0.953125,"[np.int64(17), np.int64(15), np.int64(4), np.int64(49), np.int64(5), np.int64(31), np.int64(5), np.int64(44), np.int64(39), np.int64(33), np.int64(20), np.int64(0), np.int64(2), np.int64(9), np.int64(58), np.int64(48), np.int64(38), np.int64(0), np.int64(18), np.int64(36), np.int64(54), np.int64(2), np.int64(15), np.int64(58), np.int64(14), np.int64(44), np.int64(61), np.int64(58), np.int64(43), np.int64(20), np.int64(13), np.int64(14), np.int64(45), np.int64(32), np.int64(19), np.int64(20), np.int64(60), np.int64(36), np.int64(16), np.int64(23), np.int64(9), np.int64(21), np.int64(24), np.int64(27), np.int64(37), np.int64(37), np.int64(17), np.int64(62), np.int64(53), np.int64(29), np.int64(19), np.int64(35), np.int64(33), np.int64(23), np.int64(34), np.int64(10), np.int64(63), np.int64(36), np.int64(25), np.int64(48), np.int64(48), np.int64(46), np.int64(61), np.int64(44)]","[np.int64(6), np.int64(1), np.int64(9), np.int64(52), np.int64(26), np.int64(26), np.int64(3), np.int64(27), np.int64(35), np.int64(48), np.int64(16), np.int64(50), np.int64(35), np.int64(0), np.int64(26), np.int64(60), np.int64(44), np.int64(50), np.int64(1), np.int64(49), np.int64(50), np.int64(42), np.int64(54), np.int64(22), np.int64(7), np.int64(45), np.int64(50), np.int64(43), np.int64(27), np.int64(41), np.int64(16), np.int64(39), np.int64(61), np.int64(51), np.int64(5), np.int64(2), np.int64(0), np.int64(62), np.int64(16), np.int64(52), np.int64(39), np.int64(5), np.int64(13), np.int64(50), np.int64(7), np.int64(59), np.int64(7), np.int64(44), np.int64(12), np.int64(23), np.int64(53), np.int64(57), np.int64(44), np.int64(18), np.int64(10), np.int64(12), np.int64(11), np.int64(53), np.int64(53), np.int64(30), np.int64(12), np.int64(20), np.int64(59), np.int64(56)]",False,False,0.0,0.0,"[17  3 30 47  4 23 53 63  4 34 63  7 47  9 17 34 10  8  1 30 47 13 46 26
  6 21 13  9 27 52 34 19 42 13 53 11 45  6 33 26 33 12 15 17  6 13 30  8
 34 61 53 42 62  4 62 42 37 43 42  3 45 44 53  9]","[17 61 32 47  4 23 53 11  4 13 38 47 47 33 17 40 49  8  1 30 47 52 27 53
  6 57 13 14 49 52 24  3 54  6 53 39 45  6 33 26 33 12 37 17  6 13 20  6
 33 40 53 42 62  4 62  1 37 14 42  3 42 13 53  9]",True,True,0.890625,1.0,"[17 61 17 47  4 23 47 11  4 34  3 35 47  9 17 34 49  0 59 30 39 41 35  5
  6 54  3  9 27 37 34 19 54  6 53 11 45  6 63 26 33 12 55 13 61 60 20  8
 34 40 53 42 29  4 62 42 37 43 42  3 42 49 53  9]","[17  3 17 31  4 23 47 63  4 27 16 35 47 50 17 34 63  8  1 31 47 14 27  5
  6 54  3 28 42 52 34  3 54  6 53 39 45  6 33 35 15 12 15 13  6 60 30  6
 34 40 53 42 62  4 62 42 57 30 42  3 56 13 53  9]",False,False,0.21875,0.1875,0.04,0.0,0.0,1,0,0,0.04,1.0,1.0,1,1,25,1.0,0.0,0.0,25,0,0,1.0,0.0,0.0,25,0,0,1.0,0.6,0.6,25,15,15,1.0,0.52,0.52,25,13,13,1.0,0.0,0.0,25,0,0,1.0,0.0,0.0,25,0,0
[0.         0.         0.         ... 0.         0.         1.00049988],"[47 31 30 30 54 41 62 33 58 39 37 54  3 39  3 31  2 62 41  9 14  7 11 12
 50 56  6 33 11 39 30 33 23 30 12 27 23 63 29 33 31  2 20 39 11 27 40 40
 50 31 62 21 31 27  2 23 54 27 35 16  3  3 33 16]","[47 31 30 30  6 41 62 33 58 39 37 54  3 39  3 31  2 62 41  9 14 14 11 41
 38 56  6 33 11 39 30 33 23 30 12 27 23 63 42 33 31  2 45 39 11 41 40 40
 28 31 62 42 31 27  2 23 54 39 35 16  3  3 33 16]",True,True,0.96875,0.953125,"[np.int64(45), np.int64(36), np.int64(2), np.int64(40), np.int64(62), np.int64(29), np.int64(5), np.int64(46), np.int64(62), np.int64(20), np.int64(43), np.int64(47), np.int64(31), np.int64(1), np.int64(32), np.int64(32), np.int64(54), np.int64(14), np.int64(49), np.int64(26), np.int64(23), np.int64(36), np.int64(7), np.int64(30), np.int64(60), np.int64(31), np.int64(59), np.int64(44), np.int64(14), np.int64(11), np.int64(58), np.int64(44), np.int64(23), np.int64(6), np.int64(33), np.int64(0), np.int64(39), np.int64(40), np.int64(48), np.int64(48), np.int64(59), np.int64(37), np.int64(28), np.int64(15), np.int64(6), np.int64(48), np.int64(25), np.int64(39), np.int64(42), np.int64(11), np.int64(7), np.int64(7), np.int64(25), np.int64(60), np.int64(19), np.int64(7), np.int64(19), np.int64(61), np.int64(1), np.int64(52), np.int64(17), np.int64(54), np.int64(62), np.int64(48)]","[np.int64(45), np.int64(17), np.int64(27), np.int64(19), np.int64(0), np.int64(2), np.int64(48), np.int64(39), np.int64(57), np.int64(18), np.int64(23), np.int64(33), np.int64(57), np.int64(54), np.int64(19), np.int64(48), np.int64(61), np.int64(12), np.int64(48), np.int64(2), np.int64(8), np.int64(20), np.int64(28), np.int64(0), np.int64(46), np.int64(3), np.int64(53), np.int64(18), np.int64(58), np.int64(38), np.int64(46), np.int64(4), np.int64(44), np.int64(63), np.int64(62), np.int64(24), np.int64(46), np.int64(52), np.int64(37), np.int64(9), np.int64(59), np.int64(3), np.int64(55), np.int64(59), np.int64(19), np.int64(39), np.int64(42), np.int64(8), np.int64(5), np.int64(56), np.int64(60), np.int64(1), np.int64(1), np.int64(25), np.int64(45), np.int64(18), np.int64(6), np.int64(14), np.int64(5), np.int64(22), np.int64(31), np.int64(1), np.int64(25), np.int64(4)]",False,False,0.0,0.0,"[47 31 30 30 54 41 62 33 58 39 38 54  3 39  3 31  2 62 41  4 63 14 11 11
 50 56  6 33 11 13 30 33 23 30 12 27 28 63 53 33 31  2 45 39 11 61 40 40
 50 31 62  9 45 27  2 52 54 39 35 14  3 14 33 16]","[47 31 30 30 19 41 62 33 58 39 38  6  3 39  3 31 33 62 23  9 14 14 29 12
 50 56  6 33 36 13 30 33 34 30 12 36 23 63 28 33 41  2 20 39 11 61 40 40
 50 31  9 21 31 27 16 23 54 27 44 14  3  3 33 31]",True,True,0.890625,1.0,"[10 32 30 30  6 41 62 21 58 50 38 22  3 29  3 34  2 62 41  9 11  7  9 12
 50 56  6 33 21 13 30 33 34 30 15 27 28 63 53 33 31  2 45 39 11 27 40 37
 28 31 21  9 45 27  2 52 11 27 44 16  3  3 33 31]","[47 31 30 30 54 41 62 33 58 39 37 23 31 54  3 34  2 62 41  4 49 14 11 12
 50 56  6 33 38 13 30 33 23 30 12 36 23 47 42 33 31  2 45 39 11 41 40 40
 50 20 21 42 31 22  2 23 11 39 44 14 39  3 33 16]",False,False,0.21875,0.1875,0.04,1.0,1.0,1,1,25,0.04,1.0,1.0,1,1,25,1.0,0.0,0.0,25,0,0,1.0,0.0,0.0,25,0,0,1.0,0.88,0.88,25,22,22,1.0,1.0,1.0,25,25,25,1.0,0.04,0.04,25,1,1,1.0,0.0,0.0,25,0,0
[0.         0.         0.         ... 0.500999   0.         1.00049988],"[23 26 46 13  1 15 59 13 38 62  7 48 43 12 17 17 43 13 38  9 44  9 48 13
 39 39 18 49 16 43  9 17 58 25 43 14 13  9 43 43 12 17 24 43 34 14 58  9
 16 62 25 25 59 43 28 34 16 58 16 25 48 24 43 25]","[21 26 46 13  1 15 59 13 38 62 17 48 43 12  3 17 43 13 38  9 40 49 48 13
 39 29 46 49 29 43  9 51 58 25 43 14 46 44 43 43 12 33 24 43 34 14 49  9
 16 62 25 25 31 43 28 34 16 49 39 25 48 24 43 25]",True,True,0.96875,0.953125,"[np.int64(5), np.int64(49), np.int64(2), np.int64(46), np.int64(49), np.int64(27), np.int64(58), np.int64(21), np.int64(42), np.int64(57), np.int64(0), np.int64(20), np.int64(43), np.int64(56), np.int64(17), np.int64(46), np.int64(53), np.int64(34), np.int64(55), np.int64(8), np.int64(30), np.int64(57), np.int64(53), np.int64(39), np.int64(46), np.int64(30), np.int64(57), np.int64(45), np.int64(54), np.int64(5), np.int64(7), np.int64(30), np.int64(56), np.int64(23), np.int64(0), np.int64(40), np.int64(0), np.int64(61), np.int64(40), np.int64(45), np.int64(42), np.int64(18), np.int64(1), np.int64(12), np.int64(59), np.int64(59), np.int64(10), np.int64(32), np.int64(19), np.int64(55), np.int64(54), np.int64(57), np.int64(13), np.int64(6), np.int64(22), np.int64(33), np.int64(7), np.int64(25), np.int64(49), np.int64(57), np.int64(7), np.int64(23), np.int64(7), np.int64(27)]","[np.int64(49), np.int64(20), np.int64(22), np.int64(7), np.int64(6), np.int64(28), np.int64(55), np.int64(46), np.int64(44), np.int64(23), np.int64(0), np.int64(39), np.int64(54), np.int64(33), np.int64(55), np.int64(47), np.int64(59), np.int64(12), np.int64(55), np.int64(2), np.int64(27), np.int64(1), np.int64(45), np.int64(24), np.int64(40), np.int64(59), np.int64(50), np.int64(51), np.int64(33), np.int64(46), np.int64(45), np.int64(49), np.int64(11), np.int64(38), np.int64(12), np.int64(14), np.int64(5), np.int64(14), np.int64(48), np.int64(35), np.int64(51), np.int64(39), np.int64(31), np.int64(57), np.int64(47), np.int64(59), np.int64(24), np.int64(23), np.int64(4), np.int64(50), np.int64(44), np.int64(24), np.int64(41), np.int64(36), np.int64(19), np.int64(17), np.int64(34), np.int64(45), np.int64(45), np.int64(20), np.int64(28), np.int64(32), np.int64(1), np.int64(26)]",False,False,0.0,0.0,"[23 26 46 13  1 15 59 36 38 62  7 48 43 53 26 21 43 13 33 48 40  9 48 13
 39 29 18 49 16 43 40 51 58 25 43 14 13 23 43 43 12 33 24 43 34 14 58  9
 16 62 25 25 31 43  9 34 33 55 39 32 30 19 43 25]","[47 26 46  8  1 15 59  8 38 62  7 48 43 53 26 17 43 31 38 46 44  9 48 37
 39 39 18 49 29 43  9 51 58 25 43  0  7  0 43 43 30 31 63 43 34 14 49  9
 19 62 63 25 31 43 60 34 33 49 39 25 48 51 43 25]",True,True,0.890625,1.0,"[37 26 46 13  1 15 59 36 38 54  7 14 43 12 26 17 43 14 38 48 21 37 48 37
 39 29 46 37 29 43  9 17 58 18 43 14 13 44 43 43 12 33 24 43 20 14 36  9
 16 62 25 61  2 43  9 34 16 49 39 24 54 24 43 25]","[37 26 46  8  1 15 59 13 38 62 17 48 43 53  3  7 43 31 38 48 44 49 48 13
 39 29 18 49 49 43  9 51 58 56 43  0 13  9 43 43 12 17 24 43 34 14 49  0
 19 62 25 25 31 43 28 34 16 55 46 25 54 24 43 25]",False,False,0.21875,0.1875,0.04,1.0,1.0,1,1,25,0.04,1.0,1.0,1,1,25,1.0,0.0,0.0,25,0,0,1.0,0.0,0.0,25,0,0,1.0,1.0,1.0,25,25,25,1.0,1.0,1.0,25,25,25,1.0,0.32,0.32,25,8,8,1.0,0.12,0.12,25,3,3
[1.00049988 0.         0.         ... 1.00049988 0.         0.500999  ],"[16 24 19 40 41 19 52 15 40 31 33 15 41  9 61 16 52 42 19 52  0 33 12 62
  3 28 33 19 13 19 35 31 29 40 36 19 41  6 48 52 31 31 33 22 61 36  0 54
 40  6 19 36 31 62 39 49 16 37 38 36 61 52 52 16]","[16 24 19 40 41 16 52 18 40 31 33 18 41  9 18 16 52 42 19 52 49 33 12 62
  3 28 33 19 15 19 35 31 29 41  8  8 41  6 48 52 31 31 33 28 61 36 50 54
 40  6 16 38 31 62 61 49 16 63 18 36 61 52 52 16]",True,True,0.96875,0.953125,"[np.int64(22), np.int64(34), np.int64(16), np.int64(31), np.int64(44), np.int64(53), np.int64(38), np.int64(2), np.int64(24), np.int64(8), np.int64(2), np.int64(42), np.int64(61), np.int64(15), np.int64(6), np.int64(53), np.int64(8), np.int64(10), np.int64(2), np.int64(36), np.int64(57), np.int64(9), np.int64(17), np.int64(7), np.int64(8), np.int64(14), np.int64(25), np.int64(19), np.int64(13), np.int64(27), np.int64(2), np.int64(57), np.int64(37), np.int64(63), np.int64(59), np.int64(53), np.int64(8), np.int64(43), np.int64(11), np.int64(43), np.int64(59), np.int64(20), np.int64(56), np.int64(18), np.int64(39), np.int64(14), np.int64(0), np.int64(32), np.int64(50), np.int64(30), np.int64(1), np.int64(38), np.int64(34), np.int64(26), np.int64(62), np.int64(26), np.int64(4), np.int64(7), np.int64(44), np.int64(55), np.int64(53), np.int64(37), np.int64(61), np.int64(43)]","[np.int64(31), np.int64(18), np.int64(19), np.int64(12), np.int64(38), np.int64(32), np.int64(47), np.int64(27), np.int64(2), np.int64(26), np.int64(55), np.int64(56), np.int64(50), np.int64(5), np.int64(37), np.int64(29), np.int64(62), np.int64(36), np.int64(4), np.int64(16), np.int64(47), np.int64(13), np.int64(45), np.int64(27), np.int64(10), np.int64(16), np.int64(52), np.int64(21), np.int64(44), np.int64(60), np.int64(22), np.int64(24), np.int64(18), np.int64(14), np.int64(24), np.int64(1), np.int64(5), np.int64(53), np.int64(0), np.int64(45), np.int64(59), np.int64(0), np.int64(31), np.int64(51), np.int64(3), np.int64(17), np.int64(52), np.int64(6), np.int64(21), np.int64(16), np.int64(38), np.int64(26), np.int64(33), np.int64(4), np.int64(43), np.int64(26), np.int64(38), np.int64(14), np.int64(47), np.int64(17), np.int64(41), np.int64(16), np.int64(57), np.int64(38)]",False,False,0.0,0.0,"[16 24 19 40 41 16 52 21 40 31  2 34 41  9 61 16 36 63 19 52 49 56 12 62
  3 28 61 19 13 19 35 31 29 10 36 12 41 56 48 52 31 31 60 22 61 24 50 54
 40  6 19 36 31 62 61 49 16 63 46 28  2 52 52 16]","[26 24 19 40 41 19 33 21 40 31 33 18 41  9 18 16 52 42 19 52  0 33 61 58
  3 28 61 39 38 19 35 31 29 41  8 19 41 56 48 52 31 31 33 28 61 36 58 54
 21  6 16 36 31 62 10 49 21 63 18 36  2 52 52 16]",True,True,0.890625,1.0,"[16 24 19 40 41 16 52 54 40 31 33 34 41  9 18 16 52 42 15 52  0 48 12 58
  3 42 33 19 13 19 35 31 29 41  8  8 41  6 61 52 31 31 33 28 61 36 38 54
 40  6 46 36 31 62 61 49 16 37 18 36 61 52 52 16]","[46 24 19 40 41 60 52 15 40 31  2 14 22  9 61 28 33 63 15 12 49 48 50 58
 45 42  7 39 38 19 35 31 29 40  8 19 41  6 28 54 31 31 33 22 61 36  0 54
 21  6 22 36 31 62 10 49 62 37 37 36 61 26 52 16]",True,False,0.21875,0.1875,0.04,1.0,1.0,1,1,25,0.04,1.0,1.0,1,1,25,1.0,0.0,0.0,25,0,0,1.0,0.0,0.0,25,0,0,1.0,0.96,0.96,25,24,24,1.0,1.0,1.0,25,25,25,1.0,0.36,0.36,25,9,9,1.0,0.04,0.04,25,1,1
[0.         0.         0.         ... 0.         0.         1.00049988],"[34 44 12 39 62 35 18 35 26 42 48 36 28 15 20 40 28 32 43 47 43 24 13 45
 28  5 24  0 40  3  3 32 28 18 43 16 32 32 37 40 40 44 40 28 39 21 32 13
 24 17 13 56 39 20 28 62 42 16 28 44 17  9 43 52]","[34 44 52 39 62 47 18 35 26 42 48 18 28 15 20 40 28 32 43 47 52 24 20 45
 28  5 37  0 40  3  3 32 42 18 43 18 32 32 37 40 40 44 40 28 39 14 32 13
 43 18 13 20 39 20 28 62 42 47 28 44 46 34 43 52]",True,True,0.96875,0.953125,"[np.int64(35), np.int64(50), np.int64(49), np.int64(28), np.int64(1), np.int64(56), np.int64(34), np.int64(39), np.int64(10), np.int64(63), np.int64(24), np.int64(34), np.int64(26), np.int64(3), np.int64(13), np.int64(55), np.int64(30), np.int64(29), np.int64(41), np.int64(26), np.int64(47), np.int64(59), np.int64(40), np.int64(31), np.int64(5), np.int64(33), np.int64(43), np.int64(32), np.int64(0), np.int64(35), np.int64(45), np.int64(53), np.int64(7), np.int64(8), np.int64(37), np.int64(51), np.int64(59), np.int64(12), np.int64(29), np.int64(16), np.int64(37), np.int64(61), np.int64(38), np.int64(43), np.int64(62), np.int64(50), np.int64(43), np.int64(58), np.int64(13), np.int64(2), np.int64(1), np.int64(21), np.int64(0), np.int64(11), np.int64(7), np.int64(40), np.int64(11), np.int64(32), np.int64(36), np.int64(34), np.int64(62), np.int64(17), np.int64(52), np.int64(27)]","[np.int64(40), np.int64(0), np.int64(34), np.int64(12), np.int64(47), np.int64(5), np.int64(29), np.int64(10), np.int64(63), np.int64(14), np.int64(15), np.int64(16), np.int64(32), np.int64(51), np.int64(10), np.int64(25), np.int64(21), np.int64(14), np.int64(23), np.int64(4), np.int64(46), np.int64(10), np.int64(43), np.int64(53), np.int64(26), np.int64(44), np.int64(49), np.int64(6), np.int64(21), np.int64(39), np.int64(41), np.int64(62), np.int64(48), np.int64(40), np.int64(45), np.int64(28), np.int64(49), np.int64(13), np.int64(11), np.int64(24), np.int64(22), np.int64(36), np.int64(7), np.int64(45), np.int64(57), np.int64(40), np.int64(9), np.int64(24), np.int64(20), np.int64(22), np.int64(39), np.int64(43), np.int64(22), np.int64(45), np.int64(50), np.int64(21), np.int64(9), np.int64(54), np.int64(42), np.int64(30), np.int64(0), np.int64(15), np.int64(53), np.int64(59)]",False,False,0.0,0.0,"[59 44 12 39 62 57 18 35 26 42 48 62 28 15 45 40 28 32 43  6 43 24 13 45
 28  5 24  0 40  3 61 32 28 18 43 16 11 32 37 40 40 44 40 28 39 21 32 57
 43 17 13 20 39 29 28 62 42 16 28 58  2  9 18 34]","[34 44 52 39 62 47 18 35 26 42 48 36 28 15 45 40 28 32 49 47 52 24 13 45
 44  5 24  0 40  3  3 32 42 22 43 16 32 32 37 40 40 44 40 28 39 21 32 13
 24 17 13 20 39 47 28  0 42 47 28 44 48  9 29 34]",True,True,0.890625,1.0,"[55 44 12 39 62 35 62 35 26 42 35 62 28 15 20 40 28 32 43  6 52 24 20 45
 28  5 24  0 40 53 47 32 42 22 43 18 32 32 37 40 40 44 40 28 24 21 32 30
 24 18 53 20  3 50 28 62 42 16 28  0 50 30 43 52]","[55 44 12 29 62 57 62 35 26 42 48 29  2 15 20 40 57 49 49 47 43 24 20 45
 44  5 37  0 40 34 18 32 28 22 43 18 32 32 37 40 40 56 40 28 39 21 32 53
 24 47 10 56 39 47 28 62 42 47 28 58 22  9 43 52]",False,False,0.21875,0.1875,0.04,1.0,1.0,1,1,25,0.04,1.0,1.0,1,1,25,1.0,0.0,0.0,25,0,0,1.0,0.0,0.0,25,0,0,1.0,0.88,0.88,25,22,22,1.0,1.0,1.0,25,25,25,1.0,0.36,0.36,25,9,9,1.0,0.0,0.0,25,0,0
[0.         0.70781353 0.         ... 0.         0.         1.00049988],"[30  2 43 14 44 37 37 48 58 34  2  8  1  1  8 37 60 58 26  9 27  4 63 50
 50 25 34 40  6 18  8 41 38  5 25 46 59 58 58 20 58 32  6 25  5 44 26  5
 19 13  8 27 53 32 27  9 62 55 25 26 19 21 37 34]","[30  2 43 44 44 37 37 42 58 34  2  8 20 44  8 37 60 58 26  2 27  4 55 41
 50 25 34 40  6 18  8 41 38  5 25 46 59 58 58 20 58 62 19 25 59 44 26 59
 19 13  8 27 53 32 27  9 62 55 25 26 19 21 17 34]",True,True,0.96875,0.953125,"[np.int64(16), np.int64(12), np.int64(59), np.int64(48), np.int64(27), np.int64(42), np.int64(41), np.int64(28), np.int64(0), np.int64(20), np.int64(38), np.int64(5), np.int64(22), np.int64(24), np.int64(19), np.int64(0), np.int64(26), np.int64(45), np.int64(29), np.int64(1), np.int64(44), np.int64(6), np.int64(19), np.int64(39), np.int64(60), np.int64(8), np.int64(13), np.int64(3), np.int64(17), np.int64(13), np.int64(52), np.int64(22), np.int64(5), np.int64(39), np.int64(16), np.int64(33), np.int64(24), np.int64(51), np.int64(25), np.int64(60), np.int64(7), np.int64(58), np.int64(39), np.int64(47), np.int64(54), np.int64(27), np.int64(32), np.int64(19), np.int64(53), np.int64(38), np.int64(5), np.int64(12), np.int64(38), np.int64(47), np.int64(44), np.int64(45), np.int64(6), np.int64(22), np.int64(6), np.int64(12), np.int64(46), np.int64(25), np.int64(56), np.int64(32)]","[np.int64(55), np.int64(43), np.int64(63), np.int64(62), np.int64(18), np.int64(2), np.int64(41), np.int64(63), np.int64(53), np.int64(62), np.int64(17), np.int64(58), np.int64(44), np.int64(44), np.int64(28), np.int64(37), np.int64(43), np.int64(24), np.int64(61), np.int64(15), np.int64(8), np.int64(47), np.int64(38), np.int64(38), np.int64(21), np.int64(59), np.int64(52), np.int64(15), np.int64(7), np.int64(40), np.int64(45), np.int64(7), np.int64(31), np.int64(33), np.int64(41), np.int64(32), np.int64(9), np.int64(60), np.int64(61), np.int64(63), np.int64(26), np.int64(30), np.int64(22), np.int64(46), np.int64(12), np.int64(14), np.int64(23), np.int64(7), np.int64(23), np.int64(63), np.int64(56), np.int64(8), np.int64(52), np.int64(21), np.int64(14), np.int64(8), np.int64(57), np.int64(35), np.int64(40), np.int64(23), np.int64(55), np.int64(63), np.int64(4), np.int64(12)]",False,False,0.0,0.0,"[30  2 26 14 44 37 37 48 58 34  2  8 20  1  8 37 51 58 26  2  1  4 63 41
 50 25 34 62  6 18  8 13 38  5 25 46 59 58 58 28 58 30 19 25 46 13 26  5
 19 13  8 46 53 32 27  9 62 55 25 55 19 21 17 34]","[30 32 43 44 44 37 42 48 58 34  2  8  1 23  3 37 57 58 26  2  1  4 63 50
 50 25 34 62 35 18  8 41 38  5 25 46 59 58 58 20 58 32 19 25 41 44 44  5
 59 13  8 27 53 32 27  9 62 55 25 26 19 21 37 34]",True,True,0.890625,1.0,"[50  2 43 14 44 44 37 42 58 34  2  8  1  1  8 37 57 58 26  9 27  4 63 13
 50 25 34 62  6 18  8 41 38  5 25 46 59 58 58 28 58 23  6 25 41 13 26  5
 19 13  8 27 53 32 27 22 62 23 25 26 20 21 37 34]","[30  2 26 50 44 37 37 42 58 19  2  8 20 44  8 37 60 58 26  2 27  4 55 41
 50 25 34 55  6 18  8 41 38  5 25 46 59 58 58 20 58 62 19 25  5 44 44 59
  7 13  8 46 53 32 27  9 62 55 25 26 47 21 17 34]",True,True,0.21875,0.1875,0.04,1.0,1.0,1,1,25,0.04,1.0,1.0,1,1,25,1.0,0.0,0.0,25,0,0,1.0,0.0,0.0,25,0,0,1.0,0.84,0.84,25,21,21,1.0,1.0,1.0,25,25,25,1.0,0.24,0.24,25,6,6,1.0,0.08,0.08,25,2,2
[1.00049988 0.         1.00049988 ... 0.500999   0.         0.500999  ],"[22 37 44 24 22 27 27 37 41 44 18 13 37 23 26 52 26 54 22 38  4 18 22 22
 54 44 60  4 18  0 21 38 56 58 49 48 10 18 18 13 27 27 52 13 23  8 48 57
 18 26 13 14 21  4 60 19 54 26  0 29 22 28 35  0]","[22 63 44 31 22 27 27 16 41 44 18 13 24 23 26 52 13 31 22 38  4 18 22 22
 54 44 60 60 18  0 43 38 56 58 49 48 26 60 18 58 27 27 52 13 23  8 11 57
 18 33 13 31 63  4 60 12 58 63  0 63 22 63 32  0]",True,True,0.96875,0.953125,"[np.int64(9), np.int64(34), np.int64(39), np.int64(31), np.int64(40), np.int64(19), np.int64(20), np.int64(26), np.int64(48), np.int64(58), np.int64(47), np.int64(44), np.int64(58), np.int64(40), np.int64(38), np.int64(51), np.int64(14), np.int64(12), np.int64(42), np.int64(46), np.int64(49), np.int64(46), np.int64(34), np.int64(48), np.int64(57), np.int64(30), np.int64(63), np.int64(21), np.int64(6), np.int64(9), np.int64(7), np.int64(45), np.int64(25), np.int64(0), np.int64(21), np.int64(13), np.int64(16), np.int64(3), np.int64(12), np.int64(21), np.int64(27), np.int64(35), np.int64(18), np.int64(55), np.int64(23), np.int64(0), np.int64(41), np.int64(61), np.int64(59), np.int64(14), np.int64(24), np.int64(27), np.int64(60), np.int64(43), np.int64(44), np.int64(48), np.int64(16), np.int64(17), np.int64(15), np.int64(14), np.int64(41), np.int64(7), np.int64(3), np.int64(24)]","[np.int64(25), np.int64(45), np.int64(50), np.int64(48), np.int64(44), np.int64(1), np.int64(56), np.int64(48), np.int64(7), np.int64(14), np.int64(9), np.int64(22), np.int64(50), np.int64(3), np.int64(16), np.int64(47), np.int64(29), np.int64(28), np.int64(41), np.int64(38), np.int64(13), np.int64(18), np.int64(52), np.int64(50), np.int64(6), np.int64(54), np.int64(52), np.int64(14), np.int64(10), np.int64(47), np.int64(13), np.int64(26), np.int64(55), np.int64(16), np.int64(52), np.int64(28), np.int64(30), np.int64(2), np.int64(55), np.int64(20), np.int64(48), np.int64(36), np.int64(31), np.int64(52), np.int64(54), np.int64(25), np.int64(58), np.int64(30), np.int64(23), np.int64(60), np.int64(20), np.int64(62), np.int64(32), np.int64(16), np.int64(63), np.int64(26), np.int64(14), np.int64(7), np.int64(5), np.int64(61), np.int64(19), np.int64(2), np.int64(43), np.int64(5)]",False,False,0.0,0.0,"[22 19 31 31 22 31 27 37 43 43 18 52 37 23 26 55  7 54 22 38  4 28 22 22
 54  8 16  4 18  0 28 38 61 31 49 48 10 18 18 13 27 27 52 29 23  8 11 57
 18 33 13 31 21 20 60 19 54 63 41 29 22 63 35  0]","[22 63 44 31 22 63 27 36 41 44 18 13 28 23 25 52 13 31 22  1  4 18 22 22
 54 44 43 58 30  0 21 33 39 58 49 48 30 18 63 58 27 29 52 13 23 62 48  3
 18 33 13 31 63 13 38 12 54 63  0 63 22 63 32  0]",True,True,0.890625,1.0,"[22 28 44 56 22 27 26 37 25 43 18 13 24 23 56 55 26  1 22 54  4 18 22 22
 31 44 60  4 18  0 36  5 56 58 49 48 10 18 18 32 27 58 52 29 23  8 48  3
 18 26 13 31 21 20 60 12 32 63  0 25 22 63 35 57]","[22 37 44 16 22 27 35 37 25 44 18 13 37 23 26 52 13 31 22  1  4 18 22 22
 54 14 57 60 63  0 21  5 56 31 49 48 26 18 18 13 27 58 52 29 23  8 11 57
 18 33 13 14 57 13 60 12  3 63  0 12 22 28 35  0]",False,True,0.21875,0.1875,0.04,1.0,1.0,1,1,25,0.04,1.0,1.0,1,1,25,1.0,0.0,0.0,25,0,0,1.0,0.0,0.0,25,0,0,1.0,0.96,0.96,25,24,24,1.0,1.0,1.0,25,25,25,1.0,0.2,0.2,25,5,5,1.0,0.24,0.24,25,6,6
[0. 0. 0. ... 0. 0. 0.],"[ 6 11 10 42 55  5 60 60 31 49 60 14 52  7  5 60 24 43 10 23 24  5 14 42
  5  6 21 26 21 26 57 41 21 11 62 43 28 14 14 15  7  5  5 14 24  7 50 52
 50  6 42 24  5 11 10 23 59 41 41 21  5 32 28 21]","[ 6 46  8 42 55  5 60 50 50 49 59 50 52  7  5 60 41 43 10 23 41  5 14 42
  5  6 52 26 21 26 57 52 21 23 62 43 28 50 14 15 15  5  5 14 24 50 50 52
 50  6 52 24  5 11 10 23 59 41 41 21  5 32 26 21]",True,True,0.96875,0.953125,"[np.int64(60), np.int64(1), np.int64(30), np.int64(0), np.int64(31), np.int64(24), np.int64(6), np.int64(15), np.int64(29), np.int64(49), np.int64(27), np.int64(7), np.int64(4), np.int64(43), np.int64(63), np.int64(5), np.int64(16), np.int64(59), np.int64(56), np.int64(45), np.int64(55), np.int64(10), np.int64(19), np.int64(63), np.int64(56), np.int64(3), np.int64(1), np.int64(36), np.int64(42), np.int64(54), np.int64(54), np.int64(45), np.int64(22), np.int64(20), np.int64(16), np.int64(27), np.int64(24), np.int64(56), np.int64(57), np.int64(42), np.int64(2), np.int64(13), np.int64(12), np.int64(50), np.int64(48), np.int64(51), np.int64(33), np.int64(44), np.int64(51), np.int64(55), np.int64(42), np.int64(27), np.int64(54), np.int64(11), np.int64(17), np.int64(52), np.int64(9), np.int64(29), np.int64(59), np.int64(40), np.int64(46), np.int64(4), np.int64(12), np.int64(16)]","[np.int64(15), np.int64(26), np.int64(12), np.int64(48), np.int64(7), np.int64(15), np.int64(63), np.int64(42), np.int64(60), np.int64(45), np.int64(45), np.int64(47), np.int64(56), np.int64(34), np.int64(45), np.int64(25), np.int64(36), np.int64(18), np.int64(52), np.int64(15), np.int64(15), np.int64(20), np.int64(62), np.int64(61), np.int64(21), np.int64(8), np.int64(37), np.int64(0), np.int64(1), np.int64(47), np.int64(59), np.int64(5), np.int64(16), np.int64(12), np.int64(15), np.int64(44), np.int64(55), np.int64(53), np.int64(57), np.int64(15), np.int64(29), np.int64(18), np.int64(23), np.int64(48), np.int64(25), np.int64(0), np.int64(29), np.int64(9), np.int64(2), np.int64(20), np.int64(10), np.int64(16), np.int64(32), np.int64(48), np.int64(1), np.int64(52), np.int64(25), np.int64(16), np.int64(58), np.int64(20), np.int64(36), np.int64(2), np.int64(36), np.int64(53)]",False,False,0.0,0.0,"[ 6 46 38 42 55  5 60 60 31 49 60 50 52  7  5 60 24 43 10 47 41  5 20 42
  5 53 52 26 52 15 57 41 21 11 62 43 28 14 14 15 15  5  5 27 10 12 50 12
 50  6 42 24  5 11 10 62 58 41 41 21  5 32 28 58]","[ 6 39 10 42 61  5  8 60 50 49 59 50 52 36  5 26 41 27 10 47 41  5 20 63
  5 53 21 26 21 15 18 52 21 37 62 43 28 50 39 44 15  5  5 57 28 50 50 52
 50 63 52 24  5 29 34 62 59 41 63 21  5 32 28 21]",True,True,0.890625,1.0,"[ 6 46  8 42 61  5 60 60 31 54  2 14 52 36  5 26 24 27 10 23 24  5 14 42
  5  6 52 26 21 15 57 60 21  8 54 43 13 14 14 44 15  5  5 14 24  7 40 52
 50  6 52 24  5 11 10 62 59 47 63 21  5 32 19 21]","[ 6 46  8 42 55  5  8 50 38 49 60 50 52  7  5 60 41 27 10 23 41  5 14 29
  5  6 21 43 21 23 57 52 29 63 62 43 28 14 14 15  7  5  5 33 24 12 50 52
 50  6 42 24  5 11 10 23 29 47 41 21  5 32 28 21]",False,False,0.21875,0.1875,0.04,1.0,1.0,1,1,25,0.04,1.0,1.0,1,1,25,1.0,0.0,0.0,25,0,0,1.0,0.0,0.0,25,0,0,1.0,1.0,1.0,25,25,25,1.0,1.0,1.0,25,25,25,1.0,0.36,0.36,25,9,9,1.0,0.24,0.24,25,6,6
[0.         0.         1.00049988 ... 0.         0.         0.500999  ],"[38  2  8 10  8 40 21 49 43 10 43 57 60  3 30 43 33 11 38 46 33 58 18 33
 33 24 46 57 21 28 21 18 21 43 20 60 38 46 43 41  3 21 57 47 47 15 43 47
 11 44 59 59 46 57 16  2 51 44 47 58 59  8  7  8]","[15 27  8 10  8 62 21 49 43 10 43 57 60  3 55 43 33  9 38 46 33 58 45 33
 33 32 46 57 21 63 21 18 21 43  9 60 38 46 43 62 22 21 57 47 47 15 43 47
 56 44 59 59 46 57  9 18 19 44 47 58 59  8 31 33]",True,True,0.96875,0.953125,"[np.int64(30), np.int64(13), np.int64(49), np.int64(39), np.int64(36), np.int64(28), np.int64(51), np.int64(45), np.int64(43), np.int64(27), np.int64(9), np.int64(14), np.int64(10), np.int64(38), np.int64(30), np.int64(19), np.int64(46), np.int64(35), np.int64(55), np.int64(7), np.int64(48), np.int64(55), np.int64(9), np.int64(21), np.int64(55), np.int64(26), np.int64(24), np.int64(28), np.int64(23), np.int64(29), np.int64(19), np.int64(7), np.int64(37), np.int64(36), np.int64(47), np.int64(43), np.int64(48), np.int64(5), np.int64(54), np.int64(19), np.int64(57), np.int64(47), np.int64(31), np.int64(20), np.int64(40), np.int64(33), np.int64(15), np.int64(51), np.int64(53), np.int64(3), np.int64(17), np.int64(32), np.int64(13), np.int64(32), np.int64(30), np.int64(56), np.int64(55), np.int64(27), np.int64(20), np.int64(5), np.int64(46), np.int64(25), np.int64(57), np.int64(60)]","[np.int64(2), np.int64(44), np.int64(32), np.int64(59), np.int64(33), np.int64(5), np.int64(25), np.int64(30), np.int64(31), np.int64(39), np.int64(41), np.int64(27), np.int64(56), np.int64(19), np.int64(37), np.int64(10), np.int64(58), np.int64(10), np.int64(42), np.int64(46), np.int64(15), np.int64(2), np.int64(47), np.int64(39), np.int64(28), np.int64(51), np.int64(40), np.int64(52), np.int64(10), np.int64(59), np.int64(2), np.int64(63), np.int64(7), np.int64(54), np.int64(4), np.int64(6), np.int64(61), np.int64(34), np.int64(6), np.int64(11), np.int64(13), np.int64(12), np.int64(37), np.int64(56), np.int64(24), np.int64(43), np.int64(62), np.int64(36), np.int64(63), np.int64(28), np.int64(25), np.int64(47), np.int64(41), np.int64(37), np.int64(52), np.int64(18), np.int64(23), np.int64(2), np.int64(43), np.int64(36), np.int64(12), np.int64(2), np.int64(5), np.int64(23)]",False,False,0.0,0.0,"[15 19  1 20  8 62 21 40 43 10 43 57 60 34 30 43 33 23 38 46 33 58 45 33
 33 24 46 40 21 28 21 18 21 43 20 36 38 46 43 41 37 21 20 47 47 15 43 47
 56 44 59 23 46 20 16 52 19 44 47 58 59  8 28 33]","[15 23  8 11  8 62 21 42 59 10 43 57 60 41 55 43 33 23 38 46 60 58 45 33
 33 32 36 57 21 28 21 50 21 43  9 60 38 46 43 52 27 21 57 47 47 15 43 47
 56 44 59 45 61 36  9  4 51 44 47 58 59  8 28 27]",True,True,0.890625,1.0,"[ 4  2 16 11  8 40 21 63 43 10 57 57 60 34 30 43 33 23 38 46 45 58 45 33
 33 39 46 57 21 63 21 18  3 43  4 12 38 46 43 41 27 21 57 47 47 22 43 47
  4 44 41 56 61 20 16  2 19 44 47 58 59  4 28  8]","[15 27 55 10  8 62 21 63 43 10 57 57 60 41 55 43 33 23 63 42 53 32 18  1
 33 32 52  1 21 63 49 18  3 16 20 56 38 46 43 62  7 21 57 47 47 15 43 47
  4 30 31 56  7 57  9 18 48 44 47 58 26  8 31 29]",False,False,0.21875,0.1875,0.04,1.0,1.0,1,1,25,0.04,1.0,1.0,1,1,25,1.0,0.0,0.0,25,0,0,1.0,0.0,0.0,25,0,0,1.0,0.96,0.96,25,24,24,1.0,1.0,1.0,25,25,25,1.0,0.2,0.2,25,5,5,1.0,0.0,0.0,25,0,0
[1.00049988 0.         0.70781353 ... 0.         0.         0.        ],"[ 7 20 18 40 47 24 46 43 40 43 20 31 45 20 14 10 31 57 35 57 44 49 14 51
 22  0 20  9 57 10 20 14 57 35 44 44 13 12 24 58 44 51  9 14 14 51 40 62
 40 43 22 14 28  3 50 38 17 22 51 38 45 27 51  7]","[ 7 20 18 40 47 24 46 43 40 43  8 31 35 20 14 10 31 57 35 57 44 34 14 51
 22  0 20 45 57 63 20 14 57 35 44 44 54 12 45 58 44 51  9 14 14 51 40 62
 40 43 22 14 28  3 50 38 17 22 51 54 45 27 51  7]",True,True,0.96875,0.953125,"[np.int64(4), np.int64(55), np.int64(25), np.int64(62), np.int64(24), np.int64(5), np.int64(62), np.int64(58), np.int64(0), np.int64(19), np.int64(16), np.int64(6), np.int64(41), np.int64(45), np.int64(3), np.int64(41), np.int64(2), np.int64(31), np.int64(60), np.int64(41), np.int64(49), np.int64(15), np.int64(61), np.int64(52), np.int64(2), np.int64(56), np.int64(11), np.int64(45), np.int64(13), np.int64(26), np.int64(49), np.int64(8), np.int64(43), np.int64(31), np.int64(28), np.int64(51), np.int64(20), np.int64(6), np.int64(62), np.int64(10), np.int64(2), np.int64(44), np.int64(57), np.int64(49), np.int64(43), np.int64(18), np.int64(41), np.int64(52), np.int64(23), np.int64(31), np.int64(33), np.int64(17), np.int64(22), np.int64(43), np.int64(42), np.int64(41), np.int64(17), np.int64(56), np.int64(21), np.int64(23), np.int64(34), np.int64(58), np.int64(47), np.int64(17)]","[np.int64(0), np.int64(63), np.int64(61), np.int64(1), np.int64(52), np.int64(33), np.int64(28), np.int64(8), np.int64(12), np.int64(3), np.int64(42), np.int64(39), np.int64(7), np.int64(23), np.int64(21), np.int64(27), np.int64(46), np.int64(56), np.int64(29), np.int64(53), np.int64(46), np.int64(43), np.int64(59), np.int64(48), np.int64(40), np.int64(55), np.int64(7), np.int64(0), np.int64(35), np.int64(60), np.int64(22), np.int64(45), np.int64(12), np.int64(45), np.int64(56), np.int64(23), np.int64(55), np.int64(53), np.int64(51), np.int64(58), np.int64(57), np.int64(23), np.int64(62), np.int64(20), np.int64(9), np.int64(5), np.int64(36), np.int64(37), np.int64(17), np.int64(14), np.int64(6), np.int64(41), np.int64(42), np.int64(32), np.int64(36), np.int64(24), np.int64(46), np.int64(41), np.int64(53), np.int64(24), np.int64(14), np.int64(44), np.int64(2), np.int64(49)]",False,False,0.0,0.0,"[26 20 19 40 47 24 46 43 40 43 20 31 45 20 14 10 31 60 35 57 44 34 14 51
 22  0 20  9 21 63 20 14 62  6 44 51 13 12 45  3 44 51  9 14 14 51 40 62
 40 43 22 14 28  3 50 38 17 22 51 38 45 17 51 34]","[ 7 20 18 39 47 24 13 43 40 43 20 31 38 10 14 10 31 63  0 27 44 49 14 51
  7  0  0 45 63 63 20 14 62 35 26 44  5 12 45 58 44 51  9 14 14 51 40 62
 40 11 22 14 28  3 59 38 17 22 51 46 39 27 51  7]",True,True,0.890625,1.0,"[46 20 18 40 47 24 13 43 40 43 20 31 35 20 14 55 31 63 35 27 30 49 14 51
 11  0 20  9 63 10 20 14 46 35 44 44 13 12 24 58 44 51 13 14 14 51 40 62
 40 11 22 14 28  3 36 15 17 22 51 12 45 27 51 28]","[ 7 20 18 40 47 24 46 43 40 43  8 24 45 10 14 55 31 57  0 59 44 49 14 51
 22  0 39 45 63 63 20 14 57 35 44 44 13 12 24 26  7 51  9 14 14 38 40 62
 40 43 22 14 37  3 50 25 17 35 51 46 45 17 51 34]",False,False,0.21875,0.1875,0.04,1.0,1.0,1,1,25,0.04,1.0,1.0,1,1,25,1.0,0.0,0.0,25,0,0,1.0,0.0,0.0,25,0,0,1.0,0.96,0.96,25,24,24,1.0,1.0,1.0,25,25,25,1.0,0.16,0.16,25,4,4,1.0,0.0,0.0,25,0,0
[0.         0.         0.         ... 0.         0.         1.00049988],"[47 31 30 30 54 41 62 33 58 39 37 54  3 39  3 31  2 62 41  9 14  7 11 12
 50 56  6 33 11 39 30 33 23 30 12 27 23 63 29 33 31  2 20 39 11 27 40 40
 50 31 62 21 31 27  2 23 54 27 35 16  3  3 33 16]","[47 31 30 30  6 41 62 33 58 39 37 54  3 39  3 31  2 62 41  9 14 14 11 41
 38 56  6 33 11 39 30 33 23 30 12 27 23 63 42 33 31  2 45 39 11 41 40 40
 28 31 62 42 31 27  2 23 54 39 35 16  3  3 33 16]",True,True,0.96875,0.953125,"[np.int64(41), np.int64(21), np.int64(3), np.int64(21), np.int64(26), np.int64(26), np.int64(17), np.int64(23), np.int64(47), np.int64(13), np.int64(30), np.int64(47), np.int64(51), np.int64(15), np.int64(5), np.int64(38), np.int64(3), np.int64(61), np.int64(33), np.int64(48), np.int64(17), np.int64(26), np.int64(43), np.int64(2), np.int64(30), np.int64(9), np.int64(42), np.int64(23), np.int64(48), np.int64(2), np.int64(31), np.int64(18), np.int64(9), np.int64(57), np.int64(36), np.int64(52), np.int64(21), np.int64(14), np.int64(17), np.int64(33), np.int64(61), np.int64(42), np.int64(45), np.int64(3), np.int64(41), np.int64(55), np.int64(56), np.int64(17), np.int64(54), np.int64(1), np.int64(21), np.int64(50), np.int64(12), np.int64(6), np.int64(58), np.int64(41), np.int64(1), np.int64(62), np.int64(28), np.int64(31), np.int64(12), np.int64(14), np.int64(32), np.int64(55)]","[np.int64(51), np.int64(59), np.int64(28), np.int64(20), np.int64(35), np.int64(6), np.int64(57), np.int64(39), np.int64(36), np.int64(30), np.int64(4), np.int64(42), np.int64(59), np.int64(50), np.int64(35), np.int64(5), np.int64(43), np.int64(13), np.int64(21), np.int64(48), np.int64(38), np.int64(8), np.int64(1), np.int64(46), np.int64(56), np.int64(7), np.int64(50), np.int64(10), np.int64(61), np.int64(48), np.int64(46), np.int64(32), np.int64(22), np.int64(44), np.int64(55), np.int64(59), np.int64(46), np.int64(55), np.int64(55), np.int64(46), np.int64(0), np.int64(26), np.int64(61), np.int64(25), np.int64(41), np.int64(15), np.int64(63), np.int64(5), np.int64(52), np.int64(44), np.int64(19), np.int64(43), np.int64(10), np.int64(42), np.int64(20), np.int64(5), np.int64(57), np.int64(32), np.int64(57), np.int64(17), np.int64(43), np.int64(34), np.int64(13), np.int64(43)]",False,False,0.0,0.0,"[47 31 30 30  6 41 62 33 58 39 38 54  3 39  3 31 33 62 41  9 11  7 11 41
 50 56  6 33 21 39 30 33  1 30 32 27 28 47 29 33 41  2 51 39 11 61 40 40
 50 31  9 21 31 27  2 52 11 39 35 16  3  3 33 16]","[10 31 30 30  6 41 62 33 58 39 37  6  3 39  3 31  2 62 41  4 11  6 11 41
 38 56  6 33 21 39 30 33 34 30 15 27 23 63 29 33 31  3 45 39 11 41 40 40
 28 31 62 21 31 22 16 52 54 39 35 16  3  3 33 16]",True,True,0.890625,1.0,"[47 31 30 30  6 41 21 33 58 39 38 22  3 29  3 34  2 62 41  9 14  7 29 12
 50 56  6 33 11 39 30 33  1 30 12 36 28 47 29 33 41  3 20 39 11 61 40 37
 28 31 62  9 31 27 16 23 54 27 35 16  3  3 33 31]","[10 32 30 30  6 41 11 21 58 39  0 54  3 18  3 34  2 62 13  4 63  7 11 41
 38 56  6 35 48 13 30 33 34 30 43 27 35 63 42 33 31  2 45 39 11 41 40 40
 50 20 62 42 45 27 16 23 54 39 35 16  3  3  6 37]",False,False,0.21875,0.1875,0.04,1.0,1.0,1,1,25,0.04,1.0,1.0,1,1,25,1.0,0.0,0.0,25,0,0,1.0,0.0,0.0,25,0,0,1.0,0.96,0.96,25,24,24,1.0,1.0,1.0,25,25,25,1.0,0.24,0.24,25,6,6,1.0,0.04,0.04,25,1,1
[0.         0.70781353 0.70781353 ... 0.         0.         0.        ],"[36 25 12 30 39 22 12 50 35 56 49 49 35 43  8 54 19 53 12 60  0 11 56 54
 28 35 43 50 35 51 46 37 60  5 46 56 22 56 25 49 57 11 22 60 37 55 56 49
 36 56 37 22 19 46 60 35 56 37 46 46 56 32 35 47]","[36 55 44 30 59 22 12 50 35 56 49 49 49 43  8 18 10 53 12 60  0 11 56 55
 28 35 43 50 35 53 60 37 60 53 46 56 49 56  7 49 57 11 16 60 37 55 56 49
 36 56 37 22 19 46 60 37 56 37 46 60 56 15 35 47]",True,True,0.96875,0.953125,"[np.int64(59), np.int64(23), np.int64(32), np.int64(19), np.int64(2), np.int64(12), np.int64(4), np.int64(5), np.int64(53), np.int64(0), np.int64(53), np.int64(59), np.int64(22), np.int64(59), np.int64(3), np.int64(44), np.int64(6), np.int64(40), np.int64(20), np.int64(37), np.int64(15), np.int64(54), np.int64(50), np.int64(26), np.int64(55), np.int64(58), np.int64(50), np.int64(14), np.int64(5), np.int64(10), np.int64(36), np.int64(38), np.int64(40), np.int64(26), np.int64(43), np.int64(40), np.int64(10), np.int64(43), np.int64(10), np.int64(2), np.int64(2), np.int64(53), np.int64(26), np.int64(40), np.int64(3), np.int64(23), np.int64(13), np.int64(24), np.int64(3), np.int64(58), np.int64(58), np.int64(42), np.int64(23), np.int64(12), np.int64(26), np.int64(60), np.int64(56), np.int64(33), np.int64(63), np.int64(63), np.int64(33), np.int64(41), np.int64(9), np.int64(24)]","[np.int64(15), np.int64(31), np.int64(40), np.int64(45), np.int64(49), np.int64(48), np.int64(49), np.int64(19), np.int64(15), np.int64(1), np.int64(14), np.int64(24), np.int64(30), np.int64(58), np.int64(16), np.int64(46), np.int64(58), np.int64(55), np.int64(56), np.int64(26), np.int64(30), np.int64(35), np.int64(15), np.int64(60), np.int64(17), np.int64(10), np.int64(62), np.int64(39), np.int64(38), np.int64(56), np.int64(40), np.int64(57), np.int64(7), np.int64(19), np.int64(22), np.int64(3), np.int64(6), np.int64(36), np.int64(21), np.int64(52), np.int64(26), np.int64(46), np.int64(55), np.int64(51), np.int64(6), np.int64(44), np.int64(39), np.int64(32), np.int64(25), np.int64(58), np.int64(28), np.int64(14), np.int64(55), np.int64(14), np.int64(17), np.int64(13), np.int64(10), np.int64(4), np.int64(39), np.int64(40), np.int64(23), np.int64(59), np.int64(23), np.int64(27)]",False,False,0.0,0.0,"[36 55  6 30 39 31 12 62 35 56 49 49 35 33  8 47 19 53 43 60  0 24 56 55
 28 35  1 50 35 53 60 37 60 53 46 56 22 56 41 49 32 11 22 60 37 55 56 49
 21 56 37 22 19 46 60 37 56 37 46 46 56 32 35 48]","[36 55 12 30 59 22 31 53 46 56 16 49 51 43  8 54  3 53 12 60  0 24 56 54
 26 35 43 10 35 51 46 37 60 13 46 56 12 56  7 49 32 11 22 60 37 55 56 49
 36 56 37 22 19 33 60 37 56 37 46 60 56 15  7 48]",True,True,0.890625,1.0,"[45 25  6 30 59 22 31 50 35 56 49 49 39 43  8 54 19 53 12 60  0 48 56 17
 28 35 43 50 35 53 60 37 60 13 32 56 22 56  7 49 57  0 22 60 62 55 56 49
 11 56 37 54 19 46 23 37 56 60 18 46 56 32 35 48]","[36 55 44 30 59 22 31 50 46 56 27 49 51 26  8 18 19 53 12 60  0 48 56 55
 28 35 43 10 55 53 46  5 60 27 46 56 49 56  7 62 32 38 22 60 30 55 56 49
 11 56 37 12 19 46 11 37 56 60 55 60 56 15 44 48]",True,False,0.21875,0.1875,0.04,1.0,1.0,1,1,25,0.04,1.0,1.0,1,1,25,1.0,0.0,0.0,25,0,0,1.0,0.0,0.0,25,0,0,1.0,0.96,0.96,25,24,24,1.0,1.0,1.0,25,25,25,1.0,0.44,0.44,25,11,11,1.0,0.24,0.24,25,6,6
[0. 0. 0. ... 0. 0. 0.],"[55 55 43  6 38 25 38 46 58 43 26  5 13 38 43 38 24 45 38  6 17 53  1 24
 37  1 18  0 50 55 13 45 27 18 56  2 29 55 55  2  1 17 12 55 38 55 40 14
 37 36  0  9 37  4 13 55 14 15 43 13 58  9 55 22]","[55 55 43  9 38 25 38 46 22 43 26  5 13 38 43 45 39 45 38 20 17 53  1 35
 37  1 18 43 50 55 13 45 27 22 56 31 29 55 55 18  1 17 12 55 38 55 26 14
 37 36  0  9 37  4 13 55 14 15 43  3 58  9 55 22]",True,True,0.96875,0.953125,"[np.int64(37), np.int64(44), np.int64(21), np.int64(58), np.int64(46), np.int64(60), np.int64(21), np.int64(10), np.int64(7), np.int64(11), np.int64(45), np.int64(13), np.int64(0), np.int64(11), np.int64(56), np.int64(36), np.int64(46), np.int64(63), np.int64(22), np.int64(14), np.int64(34), np.int64(27), np.int64(27), np.int64(25), np.int64(27), np.int64(5), np.int64(40), np.int64(28), np.int64(53), np.int64(14), np.int64(33), np.int64(36), np.int64(27), np.int64(22), np.int64(30), np.int64(28), np.int64(29), np.int64(16), np.int64(35), np.int64(17), np.int64(26), np.int64(48), np.int64(26), np.int64(31), np.int64(14), np.int64(61), np.int64(59), np.int64(47), np.int64(62), np.int64(21), np.int64(17), np.int64(30), np.int64(13), np.int64(40), np.int64(31), np.int64(54), np.int64(26), np.int64(51), np.int64(46), np.int64(52), np.int64(2), np.int64(24), np.int64(55), np.int64(39)]","[np.int64(21), np.int64(14), np.int64(61), np.int64(63), np.int64(36), np.int64(29), np.int64(55), np.int64(18), np.int64(29), np.int64(47), np.int64(55), np.int64(10), np.int64(26), np.int64(30), np.int64(10), np.int64(59), np.int64(22), np.int64(39), np.int64(32), np.int64(40), np.int64(12), np.int64(21), np.int64(4), np.int64(61), np.int64(49), np.int64(14), np.int64(51), np.int64(35), np.int64(10), np.int64(24), np.int64(61), np.int64(22), np.int64(47), np.int64(30), np.int64(34), np.int64(58), np.int64(44), np.int64(12), np.int64(51), np.int64(13), np.int64(56), np.int64(21), np.int64(18), np.int64(21), np.int64(51), np.int64(46), np.int64(36), np.int64(33), np.int64(38), np.int64(35), np.int64(37), np.int64(1), np.int64(11), np.int64(1), np.int64(20), np.int64(26), np.int64(34), np.int64(39), np.int64(39), np.int64(46), np.int64(54), np.int64(16), np.int64(23), np.int64(35)]",False,False,0.0,0.0,"[55 55 43  6 38 25 38 46 58 36 26  5 13 38 43 38 39 45 38 12 17 53  1 35
 37  1 46  1 57 55  8 14 27 18 46  2 29 55 55 18  1 52 12 55 38 55 40 14
 37  8 31 17 37  4 13 55 14 15 43 13 58 48 55 52]","[55 55 43 22 38 25 19 46 22 22 30  5 13 17 22 38 24 45 29 20 17 53  1 35
 37  1 18  1 50 55 13 45 35 22 46 15 29 55 55 18 18 17 12 55 38 55 40 14
 37 36  0 17 37 20 13 55 14 15 13 13 24 48 55 52]",True,True,0.890625,1.0,"[55 55 43 22 38 11 38 46 39 22 30  5 13 38 37 38 39 45 38  6 17 53  1 35
 37  1 46  0 50 55 13 45 28 15 56 23 29 55 55  2 18 24 12 55 38 55 26 14
 37  8  0 17 37  4 13 55 14 56 43  2 24 57 55 52]","[55 55 43  6 53 25 38 46 49 51 26  5 13 38 56 38 39 45 58  6 41 53 14 35
 23  1 23  1 50 55  6 45 27 18 46 31 29 55 55  2 18 17 12 55 38 55 26 14
 37 36 31 17 63 35 13 55 36 56 43  2 58  9 55 22]",False,True,0.21875,0.1875,0.04,1.0,1.0,1,1,25,0.04,1.0,1.0,1,1,25,1.0,0.0,0.0,25,0,0,1.0,0.0,0.0,25,0,0,1.0,0.92,0.92,25,23,23,1.0,1.0,1.0,25,25,25,1.0,0.36,0.36,25,9,9,1.0,0.16,0.16,25,4,4
[0.         0.         0.         ... 0.500999   0.         1.00049988],"[23 26 46 13  1 15 59 13 38 62  7 48 43 12 17 17 43 13 38  9 44  9 48 13
 39 39 18 49 16 43  9 17 58 25 43 14 13  9 43 43 12 17 24 43 34 14 58  9
 16 62 25 25 59 43 28 34 16 58 16 25 48 24 43 25]","[21 26 46 13  1 15 59 13 38 62 17 48 43 12  3 17 43 13 38  9 40 49 48 13
 39 29 46 49 29 43  9 51 58 25 43 14 46 44 43 43 12 33 24 43 34 14 49  9
 16 62 25 25 31 43 28 34 16 49 39 25 48 24 43 25]",True,True,0.96875,0.953125,"[np.int64(43), np.int64(51), np.int64(61), np.int64(44), np.int64(7), np.int64(2), np.int64(13), np.int64(15), np.int64(19), np.int64(59), np.int64(59), np.int64(28), np.int64(17), np.int64(11), np.int64(52), np.int64(32), np.int64(22), np.int64(32), np.int64(62), np.int64(3), np.int64(31), np.int64(33), np.int64(3), np.int64(43), np.int64(22), np.int64(30), np.int64(48), np.int64(12), np.int64(21), np.int64(37), np.int64(4), np.int64(42), np.int64(28), np.int64(9), np.int64(61), np.int64(51), np.int64(9), np.int64(22), np.int64(24), np.int64(52), np.int64(4), np.int64(8), np.int64(28), np.int64(46), np.int64(58), np.int64(0), np.int64(20), np.int64(46), np.int64(43), np.int64(17), np.int64(54), np.int64(29), np.int64(53), np.int64(12), np.int64(54), np.int64(14), np.int64(59), np.int64(49), np.int64(7), np.int64(43), np.int64(31), np.int64(48), np.int64(21), np.int64(59)]","[np.int64(54), np.int64(31), np.int64(36), np.int64(20), np.int64(54), np.int64(39), np.int64(39), np.int64(36), np.int64(0), np.int64(30), np.int64(45), np.int64(6), np.int64(27), np.int64(48), np.int64(39), np.int64(40), np.int64(26), np.int64(25), np.int64(37), np.int64(10), np.int64(41), np.int64(17), np.int64(13), np.int64(35), np.int64(39), np.int64(58), np.int64(21), np.int64(11), np.int64(27), np.int64(24), np.int64(45), np.int64(44), np.int64(24), np.int64(7), np.int64(18), np.int64(61), np.int64(44), np.int64(5), np.int64(16), np.int64(38), np.int64(17), np.int64(47), np.int64(56), np.int64(20), np.int64(35), np.int64(63), np.int64(39), np.int64(4), np.int64(43), np.int64(17), np.int64(5), np.int64(29), np.int64(9), np.int64(63), np.int64(2), np.int64(43), np.int64(8), np.int64(48), np.int64(2), np.int64(34), np.int64(44), np.int64(11), np.int64(16), np.int64(21)]",False,False,0.0,0.0,"[21 26 14  8  1 15 59  8 38 62  7 48 43 12 11  7 43 13 38 48 40 37 48 37
 39 29 18 49 16 43  9 51 58 25 43 14 13 44 43 43 12 17 63 43 34 14 58  0
 16 62 25 25 59 43 28 34 16 58 16 25 48 63 43 25]","[21 26 46  8  1 15 59 36  7 62 17 48 43 12 26  7 43 41 38  9 54 49 33  0
 46 39 18 49 29 43  9 51 58 25 43 14 46 44 43 43 24 33 24 43 34 14 58  0
 16 62 25 25 59 43  9 34 16 49 16 25 48 19 43 25]",True,True,0.890625,1.0,"[21 26 46 13  1 15 59 36 38 62  7 48 43 53 17 17 43 13 38 48 44  9 48 13
 40 39  1 49 16 43  9 41 58 25 43  0 13  9 43 43 12 17 24 43 34 14 24  9
 16 62 25 25  2 43  9 34 33 58 16 32 48 24 43 61]","[47 26 46 13  1 15 59 13 38 19  7 14 43 12 26 17 43 14 38  9 40 37 48 13
 39 39 46 49 49 43  9 51 58 18 43 14 13 44 43 43 30 31 24 43 34 14 49  9
 16 46 63 25  2 43 28 57 16 49 39 24 54 51 43 25]",False,False,0.21875,0.1875,0.04,1.0,1.0,1,1,25,0.04,1.0,1.0,1,1,25,1.0,0.0,0.0,25,0,0,1.0,0.0,0.0,25,0,0,1.0,0.92,0.92,25,23,23,1.0,1.0,1.0,25,25,25,1.0,0.24,0.24,25,6,6,1.0,0.12,0.12,25,3,3
[1.00049988 0.         0.         ... 0.         0.         0.500999  ],"[44 14  8 21 53 19 16 17 56  5 52 23 56 48 52 56 19 14 46 35 56 43 43 59
 35 14 41  8 61 44 62 44 35 39 10 35 57 52 14 19 56 14 63 37 53 10 19  4
 37 19 51 53 35 52 39  5 32 19 49 19 23 53 53  5]","[41 14  8 21 53 19 55 17 56  5 52 23 56 48 52 56 19 14 46 35 56 43 15 59
 35 14 41  8 61 33 62 44 35 39 10 35 12 52 56 19 56 14 63 37 53 10 32  8
 37 19 40 53 35 52 39 61 32 19  9 56 47 53 10 20]",True,True,0.96875,0.953125,"[np.int64(28), np.int64(20), np.int64(34), np.int64(7), np.int64(55), np.int64(35), np.int64(33), np.int64(60), np.int64(5), np.int64(46), np.int64(19), np.int64(49), np.int64(7), np.int64(0), np.int64(61), np.int64(39), np.int64(62), np.int64(56), np.int64(17), np.int64(43), np.int64(53), np.int64(27), np.int64(45), np.int64(6), np.int64(56), np.int64(14), np.int64(52), np.int64(10), np.int64(48), np.int64(47), np.int64(15), np.int64(25), np.int64(51), np.int64(15), np.int64(51), np.int64(38), np.int64(10), np.int64(16), np.int64(35), np.int64(31), np.int64(29), np.int64(41), np.int64(2), np.int64(14), np.int64(15), np.int64(58), np.int64(27), np.int64(21), np.int64(60), np.int64(60), np.int64(15), np.int64(46), np.int64(11), np.int64(53), np.int64(54), np.int64(23), np.int64(55), np.int64(29), np.int64(3), np.int64(52), np.int64(35), np.int64(50), np.int64(56), np.int64(36)]","[np.int64(53), np.int64(9), np.int64(52), np.int64(55), np.int64(43), np.int64(37), np.int64(56), np.int64(35), np.int64(31), np.int64(39), np.int64(45), np.int64(55), np.int64(19), np.int64(34), np.int64(2), np.int64(21), np.int64(25), np.int64(21), np.int64(46), np.int64(11), np.int64(45), np.int64(15), np.int64(0), np.int64(58), np.int64(58), np.int64(33), np.int64(31), np.int64(17), np.int64(22), np.int64(59), np.int64(32), np.int64(49), np.int64(47), np.int64(34), np.int64(2), np.int64(51), np.int64(8), np.int64(38), np.int64(28), np.int64(59), np.int64(22), np.int64(1), np.int64(0), np.int64(48), np.int64(27), np.int64(61), np.int64(7), np.int64(25), np.int64(47), np.int64(7), np.int64(1), np.int64(62), np.int64(29), np.int64(50), np.int64(35), np.int64(43), np.int64(34), np.int64(33), np.int64(13), np.int64(16), np.int64(5), np.int64(39), np.int64(19), np.int64(46)]",False,False,0.0,0.0,"[44 14  8 21 53 19 16 17 56  5 52 23 61 48 52 56 19 14 46 35 56 43 43 36
 35 14 41  8 61 44 62 44 35 39 59 35 57 52 14 19 56 14 63 53 53 10 32  4
 37 19 40 53 35 52 39 61 32 19 49 19 47 53 10 41]","[33 14  8 21  9 19 55 17 56  5 52 23 36 48 52 56 19 14 46 35 56 43 18 22
 35 14  0  8 61 33 62 44 35 39 10 35 57 52 14 19 56 14 63 53  0  4 19  8
 37 19 51 53 35 57 39  5 10 19 49 56 47 55 10  5]",True,True,0.890625,1.0,"[41 49  8 21 53 19 16 17 56  5 52 23 56 48 52 56 19 14 46 35 48 43 50 22
 35 14 41 41 61 44 62 44 35 39 10 35 57 52 14 19 50 14 26 53 43 10 19  8
 57 58 22 53 35 52 39 47 32 19 33 19 11 62 10 22]","[41 49  8 21 53 37 16 17 56  5 52 23 61 48 52 56 37 21 46 35 63 43 23 59
 35 14  0 40 61 33 62 44 35 39 23 35 57 52 56 33 56 14 63 22 53 10 19  4
 37 19 22 50 35 52 39 61 32 19 33 23 47 12 53 20]",False,False,0.21875,0.1875,0.04,1.0,1.0,1,1,25,0.04,1.0,1.0,1,1,25,1.0,0.0,0.0,25,0,0,1.0,0.0,0.0,25,0,0,1.0,0.92,0.92,25,23,23,1.0,1.0,1.0,25,25,25,1.0,0.36,0.36,25,9,9,1.0,0.16,0.16,25,4,4
[0.         0.70781353 0.         ... 0.500999   0.70781353 0.        ],"[14  4 11 37 20 61 13 12 14  0 32 21  0 63 61  5  5 43 19 58 21 61  8 30
 47 49 58 21 15 28 33  5 63 47 39 37 14 21 49 61 43 61 10 21  0 33 37 59
 31 63 19 59 36  0  9 21 39 38 63 61 15 61 15 61]","[14  4 11 37 16 61 13 12 14  0 22 21  0 14 61  5  5 43 60 58 21 61 34 30
 22 31 58 21 15 28 33  5 63 55 39 22 14 21  6 61 43 61 10 15  0 33 37 41
 31 63 19 59 36  0 22 21 39 38 63 61 15 61 15 61]",True,True,0.96875,0.953125,"[np.int64(32), np.int64(11), np.int64(20), np.int64(26), np.int64(32), np.int64(30), np.int64(56), np.int64(6), np.int64(12), np.int64(12), np.int64(56), np.int64(30), np.int64(51), np.int64(49), np.int64(34), np.int64(46), np.int64(57), np.int64(5), np.int64(19), np.int64(50), np.int64(34), np.int64(15), np.int64(51), np.int64(26), np.int64(63), np.int64(58), np.int64(57), np.int64(29), np.int64(53), np.int64(3), np.int64(12), np.int64(55), np.int64(14), np.int64(45), np.int64(21), np.int64(30), np.int64(33), np.int64(61), np.int64(2), np.int64(8), np.int64(53), np.int64(56), np.int64(38), np.int64(31), np.int64(25), np.int64(3), np.int64(24), np.int64(38), np.int64(50), np.int64(15), np.int64(11), np.int64(63), np.int64(27), np.int64(39), np.int64(46), np.int64(10), np.int64(23), np.int64(14), np.int64(62), np.int64(19), np.int64(51), np.int64(33), np.int64(43), np.int64(1)]","[np.int64(41), np.int64(17), np.int64(24), np.int64(26), np.int64(4), np.int64(3), np.int64(25), np.int64(53), np.int64(14), np.int64(1), np.int64(49), np.int64(27), np.int64(62), np.int64(12), np.int64(58), np.int64(7), np.int64(44), np.int64(11), np.int64(49), np.int64(23), np.int64(26), np.int64(39), np.int64(18), np.int64(58), np.int64(9), np.int64(54), np.int64(29), np.int64(61), np.int64(33), np.int64(32), np.int64(45), np.int64(54), np.int64(12), np.int64(1), np.int64(62), np.int64(44), np.int64(23), np.int64(5), np.int64(41), np.int64(25), np.int64(44), np.int64(32), np.int64(55), np.int64(23), np.int64(38), np.int64(25), np.int64(59), np.int64(29), np.int64(3), np.int64(39), np.int64(58), np.int64(56), np.int64(45), np.int64(9), np.int64(7), np.int64(11), np.int64(8), np.int64(46), np.int64(56), np.int64(57), np.int64(6), np.int64(42), np.int64(21), np.int64(19)]",False,False,0.0,0.0,"[14  4 11 37 20 61 13 12 14  0  4 36  2 14 61  5  5 43 60 58 63 61  8 30
 53 49 58 21 15 28 33  5 63 47 36 37 14 21 49 61 43 61 10 59  0 33 37 41
 31 63 19 59 49  0  9 21  8 38 61 61 15 61 15 61]","[39  4 11 27 10 61 13 12 20 51 53 21 51 63 61  5 34 25 60 58 63 61  8 30
 47 31 58 21 15 28 33  5 63 47 39 22 11 63 49 61 43 61 10 21  0 33 37 41
 31 63 19 59 36  0  9 58 39 38 31 61 15 61 15 61]",False,True,0.890625,1.0,"[39 25 12 37 16 61 38 12 20  0  6 21  0 63 61  5  5 43 60 55 21 61 35 30
 47 49 58 21 27 28 33  5 63 47 39  6 34 21 49 61 43 61 10 59  0 33 37 59
 31 63 19  9 49  0  9 21 39 38 63 61 15 61 15 61]","[14  4 11 62 16 61  4 12 14 51 22 21 51 14 61  5  5 25 60 55 21 61 34 30
 47 49 58 28 15 28 33  5 63 55 39 37 14 21 49 61 43 61 10 21  0 33 37 59
 31 63 19 59 36 24 22 21  8 38 31 61 15 61  3 61]",True,False,0.21875,0.1875,0.04,1.0,1.0,1,1,25,0.04,1.0,1.0,1,1,25,1.0,0.0,0.0,25,0,0,1.0,0.0,0.0,25,0,0,1.0,0.96,0.96,25,24,24,1.0,1.0,1.0,25,25,25,1.0,0.48,0.48,25,12,12,1.0,0.04,0.04,25,1,1
[0.         0.         0.         ... 0.500999   0.70781353 0.        ],"[41 40 31 52 37 37 21 37 47 55 36 38 27  8 37 27 43 38 12 39 18 12 16 21
  7 22 39 27 57 43 37 23 16 23 21 54 18 12 60 12 28 15 28 15 26  7 21 60
 60  7  0 18 21 15 39 57 18 12  9 29 12 63 16 21]","[41 40  3 52 37 37 21 37 56 55 36 38 27  8 57 27 43 38 12 39 18 12 36 21
  7 22 30 27 57 43 57 36 16 55 21 34 18 12 57 12 61 15 28 15 26  7 21 60
 60  7 51 18 21 15 39 57 18 12  9 29 12  6 16 57]",True,True,0.96875,0.953125,"[np.int64(3), np.int64(43), np.int64(10), np.int64(57), np.int64(31), np.int64(43), np.int64(61), np.int64(60), np.int64(36), np.int64(9), np.int64(36), np.int64(44), np.int64(55), np.int64(19), np.int64(16), np.int64(63), np.int64(4), np.int64(15), np.int64(14), np.int64(15), np.int64(0), np.int64(15), np.int64(49), np.int64(17), np.int64(31), np.int64(5), np.int64(11), np.int64(24), np.int64(3), np.int64(60), np.int64(61), np.int64(45), np.int64(17), np.int64(31), np.int64(46), np.int64(19), np.int64(32), np.int64(22), np.int64(22), np.int64(57), np.int64(6), np.int64(50), np.int64(10), np.int64(8), np.int64(10), np.int64(32), np.int64(20), np.int64(11), np.int64(59), np.int64(14), np.int64(57), np.int64(62), np.int64(34), np.int64(36), np.int64(59), np.int64(59), np.int64(29), np.int64(21), np.int64(38), np.int64(47), np.int64(9), np.int64(52), np.int64(20), np.int64(62)]","[np.int64(18), np.int64(57), np.int64(7), np.int64(20), np.int64(12), np.int64(50), np.int64(17), np.int64(12), np.int64(61), np.int64(31), np.int64(52), np.int64(25), np.int64(2), np.int64(23), np.int64(38), np.int64(26), np.int64(15), np.int64(61), np.int64(32), np.int64(11), np.int64(1), np.int64(5), np.int64(6), np.int64(62), np.int64(5), np.int64(32), np.int64(11), np.int64(15), np.int64(48), np.int64(31), np.int64(52), np.int64(27), np.int64(56), np.int64(24), np.int64(31), np.int64(19), np.int64(35), np.int64(34), np.int64(15), np.int64(28), np.int64(16), np.int64(0), np.int64(33), np.int64(56), np.int64(18), np.int64(29), np.int64(60), np.int64(26), np.int64(49), np.int64(1), np.int64(27), np.int64(45), np.int64(36), np.int64(26), np.int64(0), np.int64(59), np.int64(46), np.int64(45), np.int64(7), np.int64(46), np.int64(1), np.int64(25), np.int64(32), np.int64(10)]",False,False,0.0,0.0,"[41 62 31 52 37 37 21 37 47 55 51 38 27 45 57 27 43 38 12 39 60 12 36 21
  7 22 30 27 57 37 57 23 47 23 21 34 34 12 57 12 61 15 28 15 26 54 21 54
 60  7 51 18 21 15 39 57 18 12  9 29 12 63 33 21]","[41 40  3 10 37 47 21 45 17 55 47 38 27  8 37 27 43 38 12 39 30 12 36 33
  8 22 39 27 57 43 57 36 47 55 21 34 18 12 60 12 61 15 28 15  3 54 56 60
 60 17  0 18 21 15 47 57 38 12  9 29 12  6 33 21]",True,True,0.890625,1.0,"[41 40  3 44 37 37 56 24 56 55 51 46 27  8 37 27 22 49 12 39 18 12 36 28
  7 22 39 27 57 37 26 54 47 51 21 54 18 12 57 12 17 15 28 21 26  7 21 60
 46  7  0 18 21 15 31 57 46 12  9 29 12 22 16 21]","[41 40 31 10 37 37 21 37 11 55  3 46 27 45 57 27 22 49 12 39 60 12 36 21
  7 22 30 27 57 37 20 23 16 55 21 34 18 12 56 12 61 15 28 37 26 51 56 32
 60 17 51 33 21 15 39  6 18 12  9 29 12 56 16 57]",False,False,0.21875,0.1875,0.04,1.0,1.0,1,1,25,0.04,1.0,1.0,1,1,25,1.0,0.0,0.0,25,0,0,1.0,0.0,0.0,25,0,0,1.0,1.0,1.0,25,25,25,1.0,1.0,1.0,25,25,25,1.0,0.2,0.2,25,5,5,1.0,0.16,0.16,25,4,4
[0.500999   0.         1.00049988 ... 0.         0.         0.500999  ],"[15 11 56 59 58 20 26 60  8 61 29  6 52 38 55 19 30 14 32  5  8 34 36 29
 46  3 22  5 22 36  6 27 26 50 46 29  8  6 22 41 50  8 55 57 40 58  5 36
 39 13 36 33  5 20 26  5 39 38  5 36 40 27 38 52]","[15 11 56 59 58 20 23 60  8 61 29 15 52 15 34 19 30 12 32 59  8 34 36 29
 46  3 22  5 50 36  6 27 26 50 25 29  8  6 22 41 50  8 27 57 40 58  5 36
 39 13 36 33  5 20 26  5 39  3  5 36 40 27 38 52]",True,True,0.96875,0.953125,"[np.int64(0), np.int64(34), np.int64(50), np.int64(9), np.int64(14), np.int64(17), np.int64(38), np.int64(28), np.int64(25), np.int64(18), np.int64(61), np.int64(56), np.int64(16), np.int64(16), np.int64(10), np.int64(42), np.int64(14), np.int64(6), np.int64(16), np.int64(40), np.int64(52), np.int64(54), np.int64(16), np.int64(19), np.int64(60), np.int64(21), np.int64(51), np.int64(43), np.int64(41), np.int64(55), np.int64(62), np.int64(31), np.int64(4), np.int64(56), np.int64(25), np.int64(43), np.int64(54), np.int64(12), np.int64(36), np.int64(31), np.int64(28), np.int64(14), np.int64(21), np.int64(8), np.int64(8), np.int64(62), np.int64(37), np.int64(17), np.int64(31), np.int64(27), np.int64(4), np.int64(8), np.int64(1), np.int64(39), np.int64(54), np.int64(33), np.int64(32), np.int64(17), np.int64(49), np.int64(52), np.int64(16), np.int64(11), np.int64(48), np.int64(48)]","[np.int64(55), np.int64(22), np.int64(5), np.int64(34), np.int64(0), np.int64(59), np.int64(35), np.int64(50), np.int64(34), np.int64(38), np.int64(61), np.int64(30), np.int64(59), np.int64(55), np.int64(30), np.int64(62), np.int64(51), np.int64(4), np.int64(27), np.int64(62), np.int64(60), np.int64(48), np.int64(27), np.int64(16), np.int64(42), np.int64(9), np.int64(40), np.int64(52), np.int64(3), np.int64(38), np.int64(12), np.int64(55), np.int64(32), np.int64(56), np.int64(9), np.int64(49), np.int64(5), np.int64(57), np.int64(3), np.int64(56), np.int64(18), np.int64(16), np.int64(42), np.int64(46), np.int64(10), np.int64(30), np.int64(39), np.int64(29), np.int64(46), np.int64(23), np.int64(7), np.int64(2), np.int64(8), np.int64(15), np.int64(2), np.int64(44), np.int64(25), np.int64(9), np.int64(33), np.int64(14), np.int64(26), np.int64(37), np.int64(23), np.int64(27)]",False,False,0.0,0.0,"[15 37 24 59  2 20 23  0  8 61 29  6 52 34 55 19 30 12 32  5  8 34 36 29
 31 34 22  5 22 39  6 27 27 50 46 29  8  6 59 41 28  8 27 18 32 55  5 36
 39 13 36 33  5 20 19  5 39  3  5 36 40 27 38 52]","[ 7 11 56 59 58 20 26 17  8 61 29 15 52 38 17 19 30 12 32 59  8 34 36 29
 11 42 22  5 50 36 12 27 44 50 46 29  8  6 35 48 50  8 55 57 52 55  5 53
 50 14 36 33  5 20 26  5 55  3  5 36 40 27 38 52]",True,True,0.890625,1.0,"[15 11 60 59 58 20 11  0  8 61 29 24 57 38 55 19 30 31 32  5  8 34 36 29
  2 54 22 42 50 36 12 27 27 50 13 29  8  6 35 41 28  8 55  7 40 55  5 36
 39 13 36 33 12 20 26  5 39 18 23 36  2 27 38 52]","[15 11 46 19 58 20 15 60  8 61 21 15 17 15 60 19 30 12 32  5  8 63 36 29
 37 42 33  5 50 36  2 11 55 50 25 29  8 24 59 41 50  8 27 57 52 55 34 36
 50 13 48 33 44 20 26 33 39 12 23 19 40 27 38 21]",False,False,0.21875,0.1875,0.04,1.0,1.0,1,1,25,0.04,1.0,1.0,1,1,25,1.0,0.0,0.0,25,0,0,1.0,0.0,0.0,25,0,0,1.0,0.64,0.64,25,16,16,1.0,1.0,1.0,25,25,25,1.0,0.08,0.08,25,2,2,1.0,0.08,0.08,25,2,2
[0.         0.         0.         ... 0.500999   0.         1.00049988],"[23 26 46 13  1 15 59 13 38 62  7 48 43 12 17 17 43 13 38  9 44  9 48 13
 39 39 18 49 16 43  9 17 58 25 43 14 13  9 43 43 12 17 24 43 34 14 58  9
 16 62 25 25 59 43 28 34 16 58 16 25 48 24 43 25]","[21 26 46 13  1 15 59 13 38 62 17 48 43 12  3 17 43 13 38  9 40 49 48 13
 39 29 46 49 29 43  9 51 58 25 43 14 46 44 43 43 12 33 24 43 34 14 49  9
 16 62 25 25 31 43 28 34 16 49 39 25 48 24 43 25]",True,True,0.96875,0.953125,"[np.int64(26), np.int64(61), np.int64(44), np.int64(21), np.int64(12), np.int64(8), np.int64(48), np.int64(62), np.int64(29), np.int64(32), np.int64(14), np.int64(40), np.int64(5), np.int64(31), np.int64(31), np.int64(62), np.int64(7), np.int64(57), np.int64(28), np.int64(55), np.int64(1), np.int64(19), np.int64(11), np.int64(48), np.int64(2), np.int64(22), np.int64(29), np.int64(1), np.int64(44), np.int64(29), np.int64(19), np.int64(42), np.int64(4), np.int64(24), np.int64(27), np.int64(33), np.int64(8), np.int64(25), np.int64(7), np.int64(12), np.int64(39), np.int64(56), np.int64(48), np.int64(54), np.int64(21), np.int64(60), np.int64(17), np.int64(36), np.int64(22), np.int64(63), np.int64(36), np.int64(44), np.int64(47), np.int64(12), np.int64(60), np.int64(21), np.int64(21), np.int64(13), np.int64(53), np.int64(34), np.int64(6), np.int64(5), np.int64(40), np.int64(15)]","[np.int64(22), np.int64(7), np.int64(19), np.int64(41), np.int64(23), np.int64(18), np.int64(51), np.int64(2), np.int64(42), np.int64(21), np.int64(31), np.int64(47), np.int64(18), np.int64(12), np.int64(29), np.int64(59), np.int64(20), np.int64(40), np.int64(12), np.int64(26), np.int64(2), np.int64(11), np.int64(24), np.int64(40), np.int64(3), np.int64(9), np.int64(49), np.int64(36), np.int64(0), np.int64(44), np.int64(62), np.int64(16), np.int64(8), np.int64(61), np.int64(11), np.int64(61), np.int64(44), np.int64(58), np.int64(17), np.int64(41), np.int64(21), np.int64(47), np.int64(25), np.int64(20), np.int64(6), np.int64(39), np.int64(31), np.int64(35), np.int64(59), np.int64(33), np.int64(28), np.int64(16), np.int64(50), np.int64(59), np.int64(46), np.int64(14), np.int64(13), np.int64(59), np.int64(13), np.int64(17), np.int64(51), np.int64(52), np.int64(49), np.int64(7)]",False,False,0.0,0.0,"[23 26 14 13  1 15 59 13 38 62 17 48 43 12 11 14 43 13 38  9 40 49 48 13
 40 29 18 49 16 43 40 17 58 18 43 14 13  9 43 43 12 17 24 43 20 14 49 30
 16 62 25 25 61 43 20 34 16 55 16 24 30 24 43 25]","[21 26 14 13  1 15 59 13 38 62 17 48 43 12 11 14 43 13 38 46 40  9 48 13
 39 39 18 49 29 43 40 17 58 22 43 14 13 44 43 43 12 17 24 43 34 14 58  0
 16 62 25 25 61 43 60 34 16 49 39 25 48 51 43 61]",True,True,0.890625,1.0,"[21 26 52 13  1 15 59  8 38 62 17 14 43 53 61 21 43 13 38 46 44  9 33 13
 39 39 46 49 16 43  9 51 58 25 43 14  7 21 43 43 12 17 63 43 34 14 24 30
 16 62 25 25 59 43 20 34 16 49 16 24 48 24 43 42]","[21 26 14 13  1 15 59 13  7 30  7 48 43 12 17 14 43 13 26 46 40 49 33  0
 39 29 46 36 16 43 33 51 58 25 43  0 46 44 43 43 12 17 24 43 34 14 24 30
 16 62 25 25 59 43 28 44 16 58 39 25 48 19 43 61]",False,True,0.21875,0.1875,0.04,1.0,1.0,1,1,25,0.04,1.0,1.0,1,1,25,1.0,0.0,0.0,25,0,0,1.0,0.0,0.0,25,0,0,1.0,0.8,0.8,25,20,20,1.0,1.0,1.0,25,25,25,1.0,0.36,0.36,25,9,9,1.0,0.08,0.08,25,2,2
[0.500999   1.00049988 0.         ... 0.         0.500999   1.00049988],"[62 37  1 58 34 37  5 21 21 28 14 32 14 39 37 34 20 29 37 27 26 18  1 51
  6 32 37 14 51 10 34  5  5 18  1 23  1 37  5 20 33 25  8 22 22  5  6  6
 33 29  1 18 16 44 43 50  6 32 25 25 62  4 32 39]","[62 37  1 58 34 37  5 21 21 43 14 32 18 39 37 34 25 28 37 27 26 18  1 51
  6 50 37 14 34 10 34  5  5 18  1 55  1 37  5 27 33 25  8 27  8  5  6  6
 33 29  1 18 16 44 43 50 33 32 25 25 62  4 36 39]",True,True,0.96875,0.953125,"[np.int64(9), np.int64(56), np.int64(63), np.int64(10), np.int64(41), np.int64(29), np.int64(53), np.int64(18), np.int64(16), np.int64(37), np.int64(60), np.int64(32), np.int64(61), np.int64(31), np.int64(56), np.int64(52), np.int64(29), np.int64(17), np.int64(26), np.int64(2), np.int64(17), np.int64(42), np.int64(27), np.int64(23), np.int64(54), np.int64(42), np.int64(27), np.int64(17), np.int64(54), np.int64(51), np.int64(15), np.int64(19), np.int64(2), np.int64(63), np.int64(47), np.int64(37), np.int64(4), np.int64(22), np.int64(54), np.int64(9), np.int64(29), np.int64(42), np.int64(35), np.int64(13), np.int64(17), np.int64(54), np.int64(13), np.int64(46), np.int64(27), np.int64(5), np.int64(25), np.int64(7), np.int64(32), np.int64(62), np.int64(13), np.int64(43), np.int64(61), np.int64(57), np.int64(56), np.int64(0), np.int64(39), np.int64(33), np.int64(32), np.int64(62)]","[np.int64(3), np.int64(3), np.int64(3), np.int64(26), np.int64(62), np.int64(12), np.int64(15), np.int64(38), np.int64(18), np.int64(31), np.int64(15), np.int64(6), np.int64(56), np.int64(5), np.int64(12), np.int64(54), np.int64(43), np.int64(25), np.int64(22), np.int64(4), np.int64(54), np.int64(9), np.int64(6), np.int64(41), np.int64(34), np.int64(19), np.int64(23), np.int64(55), np.int64(43), np.int64(6), np.int64(39), np.int64(2), np.int64(2), np.int64(49), np.int64(13), np.int64(43), np.int64(3), np.int64(44), np.int64(45), np.int64(34), np.int64(46), np.int64(59), np.int64(56), np.int64(0), np.int64(21), np.int64(45), np.int64(48), np.int64(45), np.int64(52), np.int64(27), np.int64(53), np.int64(26), np.int64(11), np.int64(2), np.int64(56), np.int64(57), np.int64(25), np.int64(11), np.int64(47), np.int64(22), np.int64(54), np.int64(2), np.int64(45), np.int64(57)]",False,False,0.0,0.0,"[58 37  1 58 34 37  5 21 50 43 14 32 18 62 37 34 20 28 37 27 26 18  1 51
  6 41 37 14 34 49 34  5  5 18  1 55  1 37  5 20 15 35  8 22 22  5  6  6
 39 43  1 47 16 44 43 50 33 32 25 55 62  4 36 62]","[62 37  1 58 34 37  5 21 21 28 14 32 18 39 37 40 45 28 37 27 26 18  1 56
 56 32 37 14 51 10 34  5  5 36  1 55  1 37  5 45 25 25  8 39 11  5  6  6
 39 29  8 18 16 44 43 50  6 32  9 25 55  4 32 62]",True,True,0.890625,1.0,"[62 37  1 58 29 37 27 21 21 48 14 32 14 62 37 34 52  7 37 27 26  7  1 28
  6 11 37 14 34 10 34  5  5 36 46 23  1 37  5 20 27 25  8 22 22  5 34  6
 33 29  1 28 16 44 43 50  6 32  9 55 55  4  8 62]","[62 37  1 58 62 37 26 21  7 48 14 25 18 39 37 34 20  7 37 39 26 18  1 28
  6 50 37 40 34 10 34  5  5 18 40 23  1 37  5 48 25 25 58 56 11  5 34  6
 33 43  8 18 16 44 43 50 33 29 25 25 62  4 36 39]",False,True,0.21875,0.1875,0.04,1.0,1.0,1,1,25,0.04,1.0,1.0,1,1,25,1.0,0.0,0.0,25,0,0,1.0,0.0,0.0,25,0,0,1.0,0.92,0.92,25,23,23,1.0,1.0,1.0,25,25,25,1.0,0.2,0.2,25,5,5,1.0,0.2,0.2,25,5,5
[0.         0.         0.         ... 0.500999   0.         1.00049988],"[23 26 46 13  1 15 59 13 38 62  7 48 43 12 17 17 43 13 38  9 44  9 48 13
 39 39 18 49 16 43  9 17 58 25 43 14 13  9 43 43 12 17 24 43 34 14 58  9
 16 62 25 25 59 43 28 34 16 58 16 25 48 24 43 25]","[21 26 46 13  1 15 59 13 38 62 17 48 43 12  3 17 43 13 38  9 40 49 48 13
 39 29 46 49 29 43  9 51 58 25 43 14 46 44 43 43 12 33 24 43 34 14 49  9
 16 62 25 25 31 43 28 34 16 49 39 25 48 24 43 25]",True,True,0.96875,0.953125,"[np.int64(35), np.int64(17), np.int64(38), np.int64(19), np.int64(14), np.int64(48), np.int64(15), np.int64(52), np.int64(47), np.int64(28), np.int64(60), np.int64(31), np.int64(9), np.int64(41), np.int64(24), np.int64(58), np.int64(19), np.int64(25), np.int64(14), np.int64(61), np.int64(17), np.int64(16), np.int64(62), np.int64(2), np.int64(53), np.int64(55), np.int64(51), np.int64(44), np.int64(51), np.int64(56), np.int64(21), np.int64(43), np.int64(55), np.int64(3), np.int64(19), np.int64(55), np.int64(61), np.int64(63), np.int64(33), np.int64(45), np.int64(53), np.int64(57), np.int64(38), np.int64(2), np.int64(30), np.int64(19), np.int64(51), np.int64(9), np.int64(32), np.int64(39), np.int64(38), np.int64(38), np.int64(62), np.int64(16), np.int64(38), np.int64(35), np.int64(37), np.int64(59), np.int64(35), np.int64(59), np.int64(2), np.int64(25), np.int64(44), np.int64(9)]","[np.int64(17), np.int64(25), np.int64(47), np.int64(58), np.int64(54), np.int64(8), np.int64(6), np.int64(18), np.int64(31), np.int64(39), np.int64(10), np.int64(22), np.int64(51), np.int64(51), np.int64(28), np.int64(23), np.int64(14), np.int64(18), np.int64(57), np.int64(47), np.int64(12), np.int64(11), np.int64(41), np.int64(7), np.int64(52), np.int64(23), np.int64(44), np.int64(12), np.int64(46), np.int64(42), np.int64(5), np.int64(61), np.int64(53), np.int64(9), np.int64(27), np.int64(15), np.int64(36), np.int64(37), np.int64(5), np.int64(38), np.int64(34), np.int64(17), np.int64(19), np.int64(42), np.int64(9), np.int64(38), np.int64(45), np.int64(14), np.int64(55), np.int64(14), np.int64(16), np.int64(15), np.int64(31), np.int64(4), np.int64(63), np.int64(9), np.int64(24), np.int64(19), np.int64(12), np.int64(63), np.int64(60), np.int64(61), np.int64(51), np.int64(7)]",False,False,0.0,0.0,"[47 26 52  8  1 15 59 15 38 62  7 48 43 12 26 21 43 13 38 48 54  9 33 13
 39 29 18 49 16 43  9 51 58 18 43 14 13  9 43 43 12 33 63 43 55 14 24  9
 22 62 25 25 61 43 28 34 16 55 39 24 54 51 43 25]","[23 26 46 13  1 15 59 13 38 62  7 48 43 53 11 21 43 13 38 48 44 37 48 13
 39 33 18 49 16 43  9 17 58 30 43 14 13  9 43 43 12 33 63 43 34 14 58  9
 16 62 25 25 59 43  9 34 16 55 39 25 48 19 43 25]",True,True,0.890625,1.0,"[21 26 52 14  1 15 59 13 38 62  7 48 43 53 61 14 43 31 38  9 44 49 48 13
 39 29 14 49 16 43  9 41 58 18 43 14 13  9 43 43 12 17 24 43 37 14 36  9
 16 62 25 25 59 43 28 34 16 58 39 25 48 14 43 42]","[23 26 46 13  1 15 59 36  3 30  7 48 43  3 61 17 43 13 38  9 44 20 48 13
 39 29 18 49 29 43  9 41 58 25 43  0 13 23 43 43 24 33 63 43 34 14 58  9
 16 62 25 25 31 43  9 34 33 58 39 24 48 19 43 25]",False,False,0.21875,0.1875,0.04,1.0,1.0,1,1,25,0.04,1.0,1.0,1,1,25,1.0,0.0,0.0,25,0,0,1.0,0.0,0.0,25,0,0,1.0,0.92,0.92,25,23,23,1.0,1.0,1.0,25,25,25,1.0,0.4,0.4,25,10,10,1.0,0.08,0.08,25,2,2
[0.         0.         0.         ... 0.         0.70781353 0.500999  ],"[54 16  8 15 21 14 25 49 26 46  7 18 49 40 59 20 14  4 26 29 50 21 11 32
  0  7 50 44  1 26 49  4 20  7 48 11 29 63  8 12  7 22  8 40 31  7 26  5
 21 31 48 32 61  0 59 54 54 11 54 31  8 54 12 14]","[14 16  8 15 21 14 25 49 26 46  7 16 49 22 59 44 14  4 26 29 50 21  2 32
 46  7 50 44  1 26 49  4 20 63 48 11 29 63  8 36  7 22  8 40 31  7 26 46
 21 31 48 32 46  0 59 54 54 11 54 50  8 54 12 14]",True,True,0.96875,0.953125,"[np.int64(8), np.int64(32), np.int64(43), np.int64(14), np.int64(34), np.int64(30), np.int64(29), np.int64(26), np.int64(13), np.int64(32), np.int64(27), np.int64(51), np.int64(33), np.int64(28), np.int64(34), np.int64(28), np.int64(57), np.int64(7), np.int64(58), np.int64(39), np.int64(37), np.int64(57), np.int64(32), np.int64(4), np.int64(57), np.int64(45), np.int64(24), np.int64(12), np.int64(22), np.int64(11), np.int64(46), np.int64(29), np.int64(55), np.int64(42), np.int64(6), np.int64(28), np.int64(39), np.int64(23), np.int64(54), np.int64(0), np.int64(36), np.int64(44), np.int64(17), np.int64(53), np.int64(48), np.int64(55), np.int64(10), np.int64(52), np.int64(59), np.int64(62), np.int64(23), np.int64(29), np.int64(47), np.int64(45), np.int64(7), np.int64(52), np.int64(11), np.int64(7), np.int64(15), np.int64(12), np.int64(37), np.int64(34), np.int64(9), np.int64(43)]","[np.int64(23), np.int64(14), np.int64(46), np.int64(7), np.int64(20), np.int64(24), np.int64(15), np.int64(3), np.int64(58), np.int64(47), np.int64(4), np.int64(41), np.int64(42), np.int64(27), np.int64(10), np.int64(35), np.int64(48), np.int64(2), np.int64(62), np.int64(2), np.int64(44), np.int64(49), np.int64(13), np.int64(55), np.int64(45), np.int64(19), np.int64(26), np.int64(33), np.int64(12), np.int64(30), np.int64(47), np.int64(43), np.int64(54), np.int64(33), np.int64(14), np.int64(0), np.int64(48), np.int64(51), np.int64(54), np.int64(40), np.int64(57), np.int64(2), np.int64(14), np.int64(62), np.int64(29), np.int64(30), np.int64(39), np.int64(27), np.int64(8), np.int64(61), np.int64(47), np.int64(55), np.int64(61), np.int64(28), np.int64(21), np.int64(42), np.int64(30), np.int64(52), np.int64(13), np.int64(28), np.int64(21), np.int64(44), np.int64(20), np.int64(0)]",False,False,0.0,0.0,"[14 29  8 15 21 14 21 61 14 60  7 18 49 22 59 20 14  4 26 29 50 21 11 32
  0  7 50 44  1 26 49  4 54  7 48 11 39 63 32 12  7 22  5 40 31  7 26  5
 21 31 48 36 61  0 59 54 18 11 54 31  8 54 36 14]","[ 7  3  8 15 21 14 25 49 26 46 47 18 49 22 59 44 12  4 26 29 50 21 11 32
 46  7 50 44 41 26 49  4 20  7 48 11 23 63 32 36  7 57  8 28 20  7 26 46
 21 31 48 56 46  0 59 54 18 51  0 50  8 54 36 15]",False,True,0.890625,1.0,"[58 16  8 15 21 14 25  0 26 46  7 18 49 40  8 44  7  4 56 29 50 21 11 32
  0  6 50 44 43 26 49  4 20  7 48 11 23 63 32 12  7 22 62 40 20  7 26 46
 21 31 48 36 61 56  0 54 18 51  0 31  9 54 42 14]","[ 7  3 36 63 21 14 25  0  2 46 47  3 62 22  8 30 14  4 26 29 15 21  2 32
  0  3 50 44  1 26 49  4 20  7 48 11 62 63 32 12  7 22  8 40 31 24 26 10
 21 31 48 56 61 36 59 54  3 11 54 31  8 16 42 14]",False,False,0.21875,0.1875,0.04,1.0,1.0,1,1,25,0.04,1.0,1.0,1,1,25,1.0,0.0,0.0,25,0,0,1.0,0.0,0.0,25,0,0,1.0,0.6,0.6,25,15,15,1.0,1.0,1.0,25,25,25,1.0,0.04,0.04,25,1,1,1.0,0.0,0.0,25,0,0
[0.         0.70781353 0.         ... 0.         0.         1.00049988],"[30  2 43 14 44 37 37 48 58 34  2  8  1  1  8 37 60 58 26  9 27  4 63 50
 50 25 34 40  6 18  8 41 38  5 25 46 59 58 58 20 58 32  6 25  5 44 26  5
 19 13  8 27 53 32 27  9 62 55 25 26 19 21 37 34]","[30  2 43 44 44 37 37 42 58 34  2  8 20 44  8 37 60 58 26  2 27  4 55 41
 50 25 34 40  6 18  8 41 38  5 25 46 59 58 58 20 58 62 19 25 59 44 26 59
 19 13  8 27 53 32 27  9 62 55 25 26 19 21 17 34]",True,True,0.96875,0.953125,"[np.int64(16), np.int64(54), np.int64(37), np.int64(20), np.int64(24), np.int64(33), np.int64(16), np.int64(30), np.int64(47), np.int64(16), np.int64(40), np.int64(41), np.int64(0), np.int64(21), np.int64(2), np.int64(7), np.int64(13), np.int64(63), np.int64(47), np.int64(6), np.int64(57), np.int64(35), np.int64(20), np.int64(24), np.int64(4), np.int64(45), np.int64(22), np.int64(49), np.int64(5), np.int64(14), np.int64(19), np.int64(12), np.int64(53), np.int64(57), np.int64(13), np.int64(28), np.int64(63), np.int64(3), np.int64(30), np.int64(10), np.int64(23), np.int64(26), np.int64(16), np.int64(4), np.int64(14), np.int64(16), np.int64(50), np.int64(63), np.int64(38), np.int64(55), np.int64(15), np.int64(29), np.int64(22), np.int64(3), np.int64(19), np.int64(58), np.int64(55), np.int64(29), np.int64(3), np.int64(2), np.int64(57), np.int64(24), np.int64(30), np.int64(41)]","[np.int64(62), np.int64(57), np.int64(36), np.int64(9), np.int64(21), np.int64(22), np.int64(42), np.int64(21), np.int64(8), np.int64(9), np.int64(9), np.int64(32), np.int64(3), np.int64(45), np.int64(0), np.int64(24), np.int64(43), np.int64(1), np.int64(57), np.int64(55), np.int64(23), np.int64(10), np.int64(57), np.int64(57), np.int64(36), np.int64(51), np.int64(26), np.int64(7), np.int64(55), np.int64(49), np.int64(61), np.int64(61), np.int64(58), np.int64(16), np.int64(45), np.int64(58), np.int64(50), np.int64(1), np.int64(49), np.int64(1), np.int64(2), np.int64(11), np.int64(51), np.int64(3), np.int64(2), np.int64(5), np.int64(2), np.int64(7), np.int64(60), np.int64(38), np.int64(54), np.int64(15), np.int64(42), np.int64(61), np.int64(29), np.int64(9), np.int64(58), np.int64(21), np.int64(9), np.int64(63), np.int64(56), np.int64(61), np.int64(31), np.int64(25)]",False,False,0.0,0.0,"[30  2 43 14 44 37 37 48 58 34  2  8  1  1  8 37 51 58 26  1 27  4 63 50
 50 25 34 40  6 18  8 13 38  5 25 46 59 58 58 20 58 30  6 25  5 44 26  5
 59 13  8 46 53 32 27  9 62 55 25 26 20 21 17 34]","[50  2 26 44 44 44 37 42 58 34  2  8  1 44  8 37 60 58 26  2 14  4 55 50
 50 25 34 40  6 18  8 41 38  5 25 46 59 58 58 28 58 32  6 25 41 44 26 59
 59 13  8 16 53 32 27  3 62 23 25 26 19 21 37 34]",True,True,0.890625,1.0,"[30  2 43 14 44 37 37 48 58 34  2  8  1  1  3 37 60 58 26  2 27  4 55 50
 50 25 34 62  6 18  8 41  1  5 25 46 59 58 58 28 58 30 19 25  3 44 26 59
 19 13  8 27 53 32 27  9 23 55 25 26 19 21 37 34]","[50  2 43 14 44 37 62 42 58 34  2  8 60 23  8 37 60 58 26  2 14  4 63 41
 50 25 34 62  6 18  8 13 41  5 25 46 59 58 58 28 58 62 19 25 41 44 26 59
 59 13  8 27 53 32 27 22 23 23 25 48 19 21 17 34]",False,False,0.21875,0.1875,0.04,1.0,1.0,1,1,25,0.04,1.0,1.0,1,1,25,1.0,0.0,0.0,25,0,0,1.0,0.0,0.0,25,0,0,1.0,0.92,0.92,25,23,23,1.0,1.0,1.0,25,25,25,1.0,0.2,0.2,25,5,5,1.0,0.16,0.16,25,4,4
[0.         0.         0.         ... 0.500999   0.         1.00049988],"[23 26 46 13  1 15 59 13 38 62  7 48 43 12 17 17 43 13 38  9 44  9 48 13
 39 39 18 49 16 43  9 17 58 25 43 14 13  9 43 43 12 17 24 43 34 14 58  9
 16 62 25 25 59 43 28 34 16 58 16 25 48 24 43 25]","[21 26 46 13  1 15 59 13 38 62 17 48 43 12  3 17 43 13 38  9 40 49 48 13
 39 29 46 49 29 43  9 51 58 25 43 14 46 44 43 43 12 33 24 43 34 14 49  9
 16 62 25 25 31 43 28 34 16 49 39 25 48 24 43 25]",True,True,0.96875,0.953125,"[np.int64(50), np.int64(13), np.int64(7), np.int64(36), np.int64(27), np.int64(11), np.int64(16), np.int64(33), np.int64(29), np.int64(56), np.int64(9), np.int64(13), np.int64(43), np.int64(44), np.int64(35), np.int64(12), np.int64(24), np.int64(5), np.int64(13), np.int64(2), np.int64(56), np.int64(43), np.int64(23), np.int64(18), np.int64(17), np.int64(10), np.int64(51), np.int64(44), np.int64(30), np.int64(43), np.int64(45), np.int64(20), np.int64(11), np.int64(50), np.int64(27), np.int64(21), np.int64(11), np.int64(23), np.int64(53), np.int64(46), np.int64(62), np.int64(55), np.int64(61), np.int64(47), np.int64(56), np.int64(58), np.int64(35), np.int64(58), np.int64(50), np.int64(23), np.int64(42), np.int64(58), np.int64(1), np.int64(47), np.int64(6), np.int64(36), np.int64(30), np.int64(41), np.int64(6), np.int64(39), np.int64(35), np.int64(24), np.int64(34), np.int64(54)]","[np.int64(52), np.int64(8), np.int64(30), np.int64(55), np.int64(46), np.int64(51), np.int64(9), np.int64(11), np.int64(33), np.int64(27), np.int64(16), np.int64(43), np.int64(25), np.int64(36), np.int64(40), np.int64(54), np.int64(37), np.int64(23), np.int64(40), np.int64(58), np.int64(55), np.int64(1), np.int64(62), np.int64(25), np.int64(3), np.int64(55), np.int64(55), np.int64(9), np.int64(14), np.int64(56), np.int64(48), np.int64(50), np.int64(60), np.int64(57), np.int64(42), np.int64(35), np.int64(45), np.int64(58), np.int64(33), np.int64(28), np.int64(10), np.int64(23), np.int64(63), np.int64(45), np.int64(41), np.int64(44), np.int64(49), np.int64(3), np.int64(3), np.int64(61), np.int64(5), np.int64(47), np.int64(17), np.int64(16), np.int64(10), np.int64(4), np.int64(17), np.int64(10), np.int64(49), np.int64(55), np.int64(2), np.int64(30), np.int64(61), np.int64(60)]",False,False,0.0,0.0,"[47 26 46 13  1 15 59 13 38 62 17 48 43 12  3 17 43 13 38 48 40  9 48 13
 39 39 18 49 16 43  9 17 58 25 43 14 13 44 43 43 12 17 24 43 34 14 19  9
 16 62 25 25 31 43 28 34 16 55 39 24 48 63 43 25]","[47 26 14 13  1 15 59 13 38 62  7 48 43 53 11 21 43 13 38  9 44  9 33 13
 61 39 18 49 29 43  9 41 58 25 43 14 13  9 43 43 20 33 63 43 34 14 19 30
 16 62 25 25 59 43  9 34 16 49 39 25 30 19 43 61]",True,True,0.890625,1.0,"[37 26 46 13  1 15 59 13 38 62 17 48 43 12  3 17 43 13 33  9 44  9 48 13
 39 58 18 36 29 43  9 51 58 25 43 14 13 23 43 43 12 17 24 43 34 14 24 30
 16 62 25 25 61 43  9 34 16 49 39 25 48 24 43 25]","[47 26 14 13  1 15 59 13 38 21 17 14 43  7  3 17 43 14 33 46 44 49 48 37
 39 39 46 49 29 43 33 51 58 30 43 14 46 27 43 43 30 33 24 43 34 14 24  9
 19 27 25 61  2 43 28 44 16 49 39 32 48 63 43 42]",True,False,0.21875,0.1875,0.04,1.0,1.0,1,1,25,0.04,1.0,1.0,1,1,25,1.0,0.0,0.0,25,0,0,1.0,0.0,0.0,25,0,0,1.0,0.76,0.76,25,19,19,1.0,1.0,1.0,25,25,25,1.0,0.2,0.2,25,5,5,1.0,0.04,0.04,25,1,1
[1.00049988 0.         0.         ... 0.         0.         0.500999  ],"[45 27 43  5 20 22 32 42 25 22 60 49 32  6 33  2  2 45 31  2 28 46 42 24
 45  7  2 31 22  9 28 43  7 22 54  5 59 31  5 28 14 25 42 42 33 43  7 24
 20 28 39 28  9 33 31 30 17  2 14 43 25 38 42 33]","[45 27 43  5 20 22 32 42 51 22 60 49 32 26  2  2  2 45 31  2 28 49 42 24
 45  7  2 31 22 54 28 43  7 43 54  5 59 31 25 28 27 32 42 42 33 43  7 24
 49 28 39 28 59 33 31 30 17  2 14 43 19 37 42 33]",True,True,0.96875,0.953125,"[np.int64(28), np.int64(34), np.int64(2), np.int64(37), np.int64(54), np.int64(17), np.int64(51), np.int64(17), np.int64(23), np.int64(60), np.int64(32), np.int64(40), np.int64(33), np.int64(13), np.int64(41), np.int64(25), np.int64(60), np.int64(7), np.int64(3), np.int64(32), np.int64(30), np.int64(2), np.int64(26), np.int64(34), np.int64(1), np.int64(62), np.int64(8), np.int64(51), np.int64(32), np.int64(42), np.int64(30), np.int64(2), np.int64(62), np.int64(49), np.int64(19), np.int64(55), np.int64(35), np.int64(36), np.int64(36), np.int64(54), np.int64(28), np.int64(6), np.int64(22), np.int64(58), np.int64(55), np.int64(43), np.int64(55), np.int64(22), np.int64(51), np.int64(11), np.int64(58), np.int64(54), np.int64(5), np.int64(52), np.int64(7), np.int64(10), np.int64(31), np.int64(21), np.int64(17), np.int64(41), np.int64(29), np.int64(54), np.int64(31), np.int64(51)]","[np.int64(33), np.int64(15), np.int64(1), np.int64(28), np.int64(4), np.int64(48), np.int64(59), np.int64(11), np.int64(44), np.int64(0), np.int64(26), np.int64(15), np.int64(12), np.int64(32), np.int64(57), np.int64(31), np.int64(1), np.int64(59), np.int64(61), np.int64(55), np.int64(32), np.int64(10), np.int64(3), np.int64(63), np.int64(9), np.int64(40), np.int64(3), np.int64(34), np.int64(21), np.int64(49), np.int64(29), np.int64(16), np.int64(55), np.int64(1), np.int64(42), np.int64(4), np.int64(50), np.int64(26), np.int64(31), np.int64(3), np.int64(43), np.int64(58), np.int64(35), np.int64(13), np.int64(47), np.int64(18), np.int64(58), np.int64(15), np.int64(31), np.int64(62), np.int64(30), np.int64(59), np.int64(7), np.int64(2), np.int64(15), np.int64(14), np.int64(30), np.int64(35), np.int64(26), np.int64(57), np.int64(47), np.int64(16), np.int64(33), np.int64(53)]",False,False,0.0,0.0,"[45 27 43  5 20 22 32 42 25 22 60 58 20  6 33  9  2 35 60 60 18 46 42 24
 49  7 12 40 22  9 18 43  7 22 48  5 51 49 51 28 14 25 42 42 33 43  7 24
 49 51 39 28 59 33 14 30 44  2 61 43 46 37 42 33]","[45 27 43 39 20 35 30 42 25 22 60 52 32  6 33  2  2 46 31 63 28 51 42 24
 26  7  2 31 22 52 28 43  7 43 54 17 59 31 51 28 27 32 42 42 33 43  7 24
 49 24 39  8 59 33 31 30  1  2 14 31 18 58 42 33]",True,True,0.890625,1.0,"[45 56 19  5 20 22 32 42 25 22 60 49 26 26  2  2 52 46 30  2 28 51 42 24
 41  7  2 31 22 39 28 45  7  2 54  5 59 31 25  3 14 32 42 42 33 43  7 24
 34 28 39 36  9 33 31 30  1  8 11 52 25 38 42 33]","[45 27 33 12 20 22 32 42 53 22 48 52 44 26 33  2  2 46 31  2 12 46 42 24
 45  7  2 31 22 54  6 43  7 22 54  5 51 31 25 28 27 17 42 42 33 43  7 24
 49 19 39  8  9 33 31 30 17  8 14 43 46 58 42 19]",False,True,0.21875,0.1875,0.04,1.0,1.0,1,1,25,0.04,1.0,1.0,1,1,25,1.0,0.0,0.0,25,0,0,1.0,0.0,0.0,25,0,0,1.0,0.96,0.96,25,24,24,1.0,1.0,1.0,25,25,25,1.0,0.24,0.24,25,6,6,1.0,0.0,0.0,25,0,0
[0.         0.         0.         ... 0.70781353 0.         0.        ],"[30 28  4 54 10  2 26 15 32 37 41 10 61 45 62 41 29 37 30 59 60 56 34 26
 47 42 32 32 48 47 32 30 41 16 42  4 30 32 48 47 11 41 10 42  4  8 19 10
 32  8 45 27 30 37 29  8 15 42 18 10 15 37 15 52]","[30 28  4 54 10  2 26 15 32 37 41 10 18 45 62 41 29 26 30 59 60 56 34 26
 47 42 32 32 48 47 32 30 41 16 47  4 30 32 36 21 11 41 10 20  4 42 19 10
 32  8 45 11 30 37 29 34 15 42 18 10 15 37 15 21]",True,True,0.96875,0.953125,"[np.int64(50), np.int64(44), np.int64(63), np.int64(21), np.int64(40), np.int64(54), np.int64(40), np.int64(11), np.int64(27), np.int64(45), np.int64(50), np.int64(16), np.int64(3), np.int64(40), np.int64(59), np.int64(3), np.int64(32), np.int64(29), np.int64(15), np.int64(19), np.int64(53), np.int64(4), np.int64(35), np.int64(8), np.int64(54), np.int64(7), np.int64(29), np.int64(28), np.int64(40), np.int64(19), np.int64(5), np.int64(4), np.int64(52), np.int64(62), np.int64(24), np.int64(49), np.int64(29), np.int64(52), np.int64(2), np.int64(40), np.int64(26), np.int64(31), np.int64(60), np.int64(41), np.int64(16), np.int64(42), np.int64(11), np.int64(21), np.int64(41), np.int64(31), np.int64(39), np.int64(34), np.int64(35), np.int64(9), np.int64(34), np.int64(35), np.int64(12), np.int64(61), np.int64(47), np.int64(49), np.int64(23), np.int64(28), np.int64(34), np.int64(43)]","[np.int64(17), np.int64(8), np.int64(42), np.int64(53), np.int64(45), np.int64(5), np.int64(53), np.int64(29), np.int64(20), np.int64(15), np.int64(62), np.int64(16), np.int64(53), np.int64(16), np.int64(9), np.int64(11), np.int64(2), np.int64(49), np.int64(53), np.int64(63), np.int64(53), np.int64(12), np.int64(15), np.int64(40), np.int64(56), np.int64(49), np.int64(34), np.int64(57), np.int64(16), np.int64(22), np.int64(2), np.int64(8), np.int64(35), np.int64(20), np.int64(43), np.int64(24), np.int64(22), np.int64(33), np.int64(32), np.int64(28), np.int64(55), np.int64(22), np.int64(30), np.int64(47), np.int64(17), np.int64(25), np.int64(9), np.int64(7), np.int64(16), np.int64(63), np.int64(39), np.int64(50), np.int64(5), np.int64(61), np.int64(5), np.int64(49), np.int64(49), np.int64(45), np.int64(51), np.int64(16), np.int64(53), np.int64(60), np.int64(55), np.int64(18)]",False,False,0.0,0.0,"[30 12  4 54 10  2 26 15 32 30 41 10 18 24 62 41 29 26 42 59 14 23 13 47
 47 42 32 32 48 47 32 30 41 16 55  4  7 10 48 47 11 41 10 42  4 42 54 10
 32  8 57 34 30 29 29  8 15 42 28 10 15 56 15 52]","[24 28  4 54 10  2  0  4 32 37 41 10 61 45 62 41 29 26 30 59 60 56 13 47
 47  9 56 32 18 51 32 30 41 16 47  2 38 32 48 47 11 41 10 20  4 42 19 10
 32  8 45 11 30 37 29  8 15 42 20 10 15 37 15 52]",True,True,0.890625,1.0,"[30 12  4 54 30  2 38 15 32 30 41 10 18 24 61 41 29 26 28 59 60 39 13 47
  0 42 23 32 18 28  4 30 41 16 42  4 30 10 36 47 63 41 10 23  4 61 19 10
 32  8 45 27 30 37 46  8 15 17 34 10 15 35 15 52]","[17 28 47 54 10  2 38 17 45 37 41 51 61 22 34 41 54 26 42 59 43 56 34 47
 28  9 32 51 18 28 32 30 41 16 42  4 30 10 48 21 51 41 10 42  4 61 54  2
 32  8 45 21 30 29 29 34  9 17 28 19 15 56 15 52]",False,False,0.21875,0.1875,0.04,1.0,1.0,1,1,25,0.04,1.0,1.0,1,1,25,1.0,0.0,0.0,25,0,0,1.0,0.0,0.0,25,0,0,1.0,0.8,0.8,25,20,20,1.0,1.0,1.0,25,25,25,1.0,0.28,0.28,25,7,7,1.0,0.04,0.04,25,1,1
[1.00049988 0.         0.         ... 0.500999   0.         0.500999  ],"[41 26 59 34 31  4 37 13 18 13 32 28 36 37  6 12 37 21 17 32 15 31 62 45
  3 63 12 52 36 26  6 36 26 11 12  6 27 36  1 42 22 12 21 62 12 32 14  6
 37  2 37 11 52 59 26 13  5 12 11 21 16 34 37 32]","[35 26 59 34 31 62 37 43 18 13  7 28 36 37  6 12 37 21 10  3 15 12 62 45
  3 63 12 52 36 26  6 36 26 11 12 11 27 36  1 42 22 12 21 62 62  3 14  6
 37  2 37 11 52 59 13 13  5 12 11 62 16 34 37 32]",True,True,0.96875,0.953125,"[np.int64(45), np.int64(5), np.int64(31), np.int64(56), np.int64(55), np.int64(44), np.int64(47), np.int64(27), np.int64(35), np.int64(32), np.int64(31), np.int64(10), np.int64(39), np.int64(61), np.int64(61), np.int64(23), np.int64(56), np.int64(61), np.int64(2), np.int64(53), np.int64(39), np.int64(12), np.int64(59), np.int64(44), np.int64(27), np.int64(19), np.int64(2), np.int64(30), np.int64(4), np.int64(44), np.int64(4), np.int64(15), np.int64(15), np.int64(6), np.int64(47), np.int64(48), np.int64(26), np.int64(59), np.int64(1), np.int64(12), np.int64(21), np.int64(25), np.int64(44), np.int64(26), np.int64(23), np.int64(45), np.int64(62), np.int64(26), np.int64(7), np.int64(57), np.int64(19), np.int64(30), np.int64(36), np.int64(40), np.int64(18), np.int64(59), np.int64(7), np.int64(41), np.int64(0), np.int64(42), np.int64(25), np.int64(13), np.int64(12), np.int64(59)]","[np.int64(32), np.int64(23), np.int64(20), np.int64(32), np.int64(20), np.int64(26), np.int64(46), np.int64(11), np.int64(62), np.int64(62), np.int64(36), np.int64(33), np.int64(23), np.int64(19), np.int64(47), np.int64(21), np.int64(47), np.int64(8), np.int64(17), np.int64(61), np.int64(3), np.int64(33), np.int64(6), np.int64(5), np.int64(50), np.int64(50), np.int64(0), np.int64(2), np.int64(59), np.int64(51), np.int64(52), np.int64(3), np.int64(1), np.int64(58), np.int64(50), np.int64(5), np.int64(22), np.int64(5), np.int64(42), np.int64(23), np.int64(50), np.int64(52), np.int64(58), np.int64(31), np.int64(52), np.int64(9), np.int64(25), np.int64(45), np.int64(7), np.int64(40), np.int64(15), np.int64(4), np.int64(16), np.int64(35), np.int64(5), np.int64(8), np.int64(42), np.int64(34), np.int64(34), np.int64(43), np.int64(9), np.int64(23), np.int64(13), np.int64(18)]",False,False,0.0,0.0,"[41 26 59 34 31 62 37 59 39 22 32 28 36 37  6 16 37 21 45 32 15 31 62 45
 35 63 12 52 36 26  6 36 26 48 12 11 27 36  1 42 22 12 48 62 12 32 14 60
 37  2 37 11 52 59 26 13  5 12 11 21 16 51 31 61]","[41 26 60 34 31 34 35 59 18 20 45 28 36 37  3 12 37 21 10  3 34 12 62 45
 35 63 16 52 36 26  6 36 26 11 12 11 27 36  1 42 10 12 14 62 62  3 53  6
 37  2 37 11 52 59 34 13  5 12 11 62 16 34 31 61]",True,True,0.890625,1.0,"[41 26 59 34 31 62 37 13 18  7 32 28 36 37  3 12 37 21 17  3 34 31 62 45
  3 63 16 52 36 53 60 36 26 34 12  6 27 36  1 42 29 12 21  1 12 18 14  6
 37  2 62 11 52  2 13 13  5 12 11 62 59 34 31 61]","[41  2 59 20  5  4 14 59 18 13  7 28 36 54  6 12 26 18  8 32 15 12 41 45
  3 63 54 52 36 40  6 36 63 11 12  6 27 36  1 42 22 12 21 62 12 32 14 29
 37  2 37 11 52 59 58 13  5 12 11  7 16 34 37 32]",True,False,0.21875,0.1875,0.04,1.0,1.0,1,1,25,0.04,1.0,1.0,1,1,25,1.0,0.0,0.0,25,0,0,1.0,0.0,0.0,25,0,0,1.0,0.56,0.56,25,14,14,1.0,1.0,1.0,25,25,25,1.0,0.08,0.08,25,2,2,1.0,0.12,0.12,25,3,3
[0.         0.         1.00049988 ... 0.         0.         0.        ],"[25  3 42 59 59  2 61 29  0 44  4  8  3 37 16  4 13 16  0  1 21 44 37 40
 16 22 17 40 62 52 35 44 14 60 39 13  4 37 30 52  4 27 13 61 13 50 42 30
 22  0 16 35 13 62  4 15 50 35 12 37 44 15 25 24]","[25  3 42 59 59 54 61 29  0 44 35 27 25 37 16  4 13 16  0  1 21 12 37 40
 16 22 17 51 62 52 35 44 54 28 39 13 25 37 30 12 12 27 13 45 13 50 42 30
 22  0 16 35 13 62 35 15 50 35 12 37 44 54 25 24]",True,True,0.96875,0.953125,"[np.int64(18), np.int64(54), np.int64(60), np.int64(10), np.int64(27), np.int64(16), np.int64(34), np.int64(55), np.int64(45), np.int64(39), np.int64(15), np.int64(56), np.int64(43), np.int64(11), np.int64(46), np.int64(5), np.int64(28), np.int64(13), np.int64(28), np.int64(32), np.int64(19), np.int64(37), np.int64(3), np.int64(11), np.int64(44), np.int64(62), np.int64(9), np.int64(27), np.int64(46), np.int64(49), np.int64(35), np.int64(18), np.int64(2), np.int64(52), np.int64(12), np.int64(3), np.int64(13), np.int64(57), np.int64(9), np.int64(38), np.int64(22), np.int64(10), np.int64(34), np.int64(24), np.int64(63), np.int64(13), np.int64(22), np.int64(23), np.int64(11), np.int64(7), np.int64(15), np.int64(2), np.int64(7), np.int64(38), np.int64(9), np.int64(34), np.int64(9), np.int64(28), np.int64(54), np.int64(43), np.int64(21), np.int64(33), np.int64(44), np.int64(59)]","[np.int64(33), np.int64(42), np.int64(22), np.int64(20), np.int64(2), np.int64(59), np.int64(62), np.int64(51), np.int64(60), np.int64(11), np.int64(46), np.int64(36), np.int64(6), np.int64(60), np.int64(45), np.int64(20), np.int64(39), np.int64(21), np.int64(13), np.int64(4), np.int64(48), np.int64(34), np.int64(5), np.int64(37), np.int64(23), np.int64(34), np.int64(60), np.int64(16), np.int64(15), np.int64(16), np.int64(33), np.int64(60), np.int64(0), np.int64(29), np.int64(45), np.int64(7), np.int64(13), np.int64(1), np.int64(7), np.int64(49), np.int64(47), np.int64(56), np.int64(41), np.int64(43), np.int64(21), np.int64(21), np.int64(29), np.int64(24), np.int64(19), np.int64(34), np.int64(45), np.int64(32), np.int64(38), np.int64(45), np.int64(33), np.int64(11), np.int64(60), np.int64(36), np.int64(22), np.int64(51), np.int64(53), np.int64(11), np.int64(14), np.int64(49)]",False,False,0.0,0.0,"[25  3 15 59 59 54 56 29 51 54  4 41 25 37 16  4 13 16  0  1 21 44 37 40
 16 22 17 51 62 52 47 44 14 28 39 13 35 37 30 52 36 27 13 56 13 50 51 19
  4 14 16 35 24 62  4 15 50 35 12 37 44 54 25 24]","[25  3 42 59 59 51 56 29 19 54 35 27 52 37 16  4 52  2  0  1 21 44 37 40
 52 12 17 51 62 52 35 44 14 60 39 13 35 37 30 52 36 27 13 56 13 27 51 30
 22  0  0 35 13 11 35 20 50 35 12 37 44 54 54 24]",True,True,0.890625,1.0,"[25  3 15 59 59  2 56 29  0 39  4 27 25 37 32  4 13 32  0 17 21 12 37 40
 52 22 17 51 62 39 35 44 17 49 39 13  4 37 30 52 27 11 13 45 13 27 51 30
 22 14 16 35 13 62  4 15 50 40 12 37 43 15 54 60]","[39  3 42 59 36  2 56 29  0 54  4 53 25 37 49 17 12 26  0  1 21 44 37 40
 52 42 61 51 62 39 35 44 54 60 39 13 35 37 30  0 36 11 13 60 13 27 42 30
 22  0  0  8 13 62 35 20 50 35 12 37 55 15 25 24]",False,False,0.21875,0.1875,0.04,1.0,1.0,1,1,25,0.04,1.0,1.0,1,1,25,1.0,0.0,0.0,25,0,0,1.0,0.0,0.0,25,0,0,1.0,0.88,0.88,25,22,22,1.0,1.0,1.0,25,25,25,1.0,0.28,0.28,25,7,7,1.0,0.12,0.12,25,3,3
[1.00049988 0.         0.         ... 0.         0.         0.        ],"[50 30 31 44 56 37 31 62 31 45  2 39 57 48 10 61 23 36  3 38  7  6 48 56
 53 51  8 21 48 63 48 31  5 23  9 45 44 31  8 13 53 32 63 56  8 63 29 62
  6 45  2 21  3  8 29 38 31 56 59 53 56  6  6 31]","[50 51 31 61 56 37 31 62 31 59  2 39 57 48 10 61 23 36  3 38  7  6 54 56
 27 51  8 28 48 44 48 31 62  3  9 29 61 31 56 13 57 32 63 56 56 63 29 62
  6 16  2 21 59  8 29 33 31 56 59 53 56 37  6 31]",True,True,0.96875,0.953125,"[np.int64(47), np.int64(18), np.int64(30), np.int64(13), np.int64(4), np.int64(60), np.int64(45), np.int64(39), np.int64(31), np.int64(55), np.int64(19), np.int64(49), np.int64(6), np.int64(27), np.int64(6), np.int64(40), np.int64(6), np.int64(3), np.int64(46), np.int64(26), np.int64(10), np.int64(19), np.int64(10), np.int64(2), np.int64(7), np.int64(53), np.int64(5), np.int64(34), np.int64(56), np.int64(20), np.int64(27), np.int64(13), np.int64(47), np.int64(9), np.int64(23), np.int64(4), np.int64(34), np.int64(4), np.int64(2), np.int64(49), np.int64(26), np.int64(44), np.int64(16), np.int64(14), np.int64(35), np.int64(15), np.int64(60), np.int64(13), np.int64(61), np.int64(16), np.int64(9), np.int64(46), np.int64(1), np.int64(10), np.int64(35), np.int64(0), np.int64(47), np.int64(6), np.int64(50), np.int64(20), np.int64(47), np.int64(58), np.int64(31), np.int64(37)]","[np.int64(12), np.int64(14), np.int64(3), np.int64(22), np.int64(46), np.int64(15), np.int64(30), np.int64(2), np.int64(48), np.int64(52), np.int64(59), np.int64(0), np.int64(7), np.int64(22), np.int64(58), np.int64(7), np.int64(28), np.int64(51), np.int64(1), np.int64(1), np.int64(59), np.int64(49), np.int64(28), np.int64(2), np.int64(38), np.int64(47), np.int64(13), np.int64(5), np.int64(43), np.int64(34), np.int64(10), np.int64(57), np.int64(17), np.int64(37), np.int64(12), np.int64(31), np.int64(1), np.int64(36), np.int64(29), np.int64(5), np.int64(11), np.int64(53), np.int64(39), np.int64(5), np.int64(13), np.int64(58), np.int64(50), np.int64(49), np.int64(30), np.int64(46), np.int64(1), np.int64(2), np.int64(60), np.int64(26), np.int64(30), np.int64(1), np.int64(18), np.int64(24), np.int64(18), np.int64(4), np.int64(23), np.int64(62), np.int64(16), np.int64(20)]",False,False,0.0,0.0,"[50 30 31 61 56 56 31 45 31 45 62 39 57 48 10 61 23 19 32 38  7  6 48 56
  9 51  8 24 48 63 48 31  5  7 13 60 61 31 56 49 53 32 63 56  8 63 29 62
  6 45  2 12 35  8 60 38 31 56 27 13 56  6 56 31]","[50 51 31 44 15 37 31 62 31 24  2 39 57 48 10 61 49 36  3 38  7  6 48 56
 30 51  8 24 40 44 48 31 62  7  9 52 44 31  8 12 57 22 63 26  8  7 29 62
  6 30  2 36  3  8 21 33 31 14 51 54 54 37  6 31]",True,True,0.890625,1.0,"[50 51 31 44 56 37 31 62 31 45  2 39 57 30 10  4 23 19  7 38  7  6 48 61
 27 51  8 28 48 63 13 31  5 55  9 60 44 31 56 12 46 32 63 56  8 63 40 62
  6 30 56 36  3  8 29 38 31 56 27 13 56 56  6 31]","[50 30 31 61 44 56 31 45 31 34  2 39 57 59 10 61 23 36 32 38  7  6 54 56
 27 51 43 24 40 44 48 31 62  3 13 47 61 31 56 49 46 32 63 56 56 63 40 35
  6 30  2 36 59 59 29 33 31 14 27 33 56  6  6 31]",False,False,0.21875,0.1875,0.04,1.0,1.0,1,1,25,0.04,1.0,1.0,1,1,25,1.0,0.0,0.0,25,0,0,1.0,0.0,0.0,25,0,0,1.0,0.88,0.88,25,22,22,1.0,1.0,1.0,25,25,25,1.0,0.12,0.12,25,3,3,1.0,0.0,0.0,25,0,0
[0.500999 0.       0.       ... 0.       0.       0.      ],"[19  4 39 11 32 31  8 58 31 41  9 43 58 32 36 24 19  0 44 31 26 31 31 46
 31 22  8 52 31 43  2 39  2 28 39  8 33  5 55 39 26 28  2 58 58 16 44 22
 55 26  0  0 31 60 35 34 34 30 39 55 31 15 19  7]","[19  4 39 11 32 31  8 24 31 41  9 43 58 32 36 24 19  0 62 31 26 31 31 49
 31 22 28 52 31 43  2 39  2 28 39  8 33 62 33 39 26 28  2 58 58 16 30 22
 55 26  0 25 31 60 35 34 34 30 39 55 31 15 19  7]",True,True,0.96875,0.953125,"[np.int64(43), np.int64(21), np.int64(47), np.int64(43), np.int64(51), np.int64(26), np.int64(8), np.int64(24), np.int64(5), np.int64(47), np.int64(16), np.int64(49), np.int64(46), np.int64(3), np.int64(46), np.int64(30), np.int64(56), np.int64(10), np.int64(30), np.int64(8), np.int64(42), np.int64(12), np.int64(58), np.int64(46), np.int64(11), np.int64(13), np.int64(56), np.int64(61), np.int64(27), np.int64(25), np.int64(2), np.int64(20), np.int64(22), np.int64(43), np.int64(60), np.int64(36), np.int64(41), np.int64(12), np.int64(43), np.int64(48), np.int64(6), np.int64(36), np.int64(35), np.int64(36), np.int64(45), np.int64(22), np.int64(59), np.int64(19), np.int64(44), np.int64(22), np.int64(12), np.int64(4), np.int64(44), np.int64(33), np.int64(60), np.int64(32), np.int64(30), np.int64(45), np.int64(51), np.int64(20), np.int64(40), np.int64(2), np.int64(20), np.int64(11)]","[np.int64(33), np.int64(22), np.int64(35), np.int64(54), np.int64(15), np.int64(51), np.int64(26), np.int64(47), np.int64(32), np.int64(34), np.int64(16), np.int64(49), np.int64(50), np.int64(11), np.int64(59), np.int64(18), np.int64(7), np.int64(11), np.int64(0), np.int64(11), np.int64(24), np.int64(14), np.int64(13), np.int64(45), np.int64(36), np.int64(52), np.int64(57), np.int64(52), np.int64(49), np.int64(19), np.int64(38), np.int64(54), np.int64(44), np.int64(35), np.int64(30), np.int64(18), np.int64(35), np.int64(14), np.int64(35), np.int64(25), np.int64(5), np.int64(10), np.int64(8), np.int64(3), np.int64(31), np.int64(20), np.int64(13), np.int64(39), np.int64(12), np.int64(45), np.int64(10), np.int64(48), np.int64(20), np.int64(6), np.int64(22), np.int64(31), np.int64(1), np.int64(32), np.int64(30), np.int64(31), np.int64(48), np.int64(6), np.int64(49), np.int64(14)]",False,False,0.0,0.0,"[17 49 39  1 18 44  8 58 31 41  9 43 58 32 36 24 19 27 44 31 26 31 31 49
 31 22  8 52 31 43  2 39  2 43 39  8 33  5 55 39 26 18  2 58 58 16 44 43
 40 26  0  0 31 60 35 34 34 16 39 55 31 15 19  7]","[51 17 39 11 32 31  8 24 31 41  9 23 58 32 36 24 19 25 41 31 26 31 31 13
 31 22 28 17 32 43  2 39  2 28 39  8 33 62 33 39 26 28  2 58  5 16 30 22
 55 26 40 25 31 41 35 34 34 30 39 55 58 54 22  7]",True,True,0.890625,1.0,"[19  4 39 11 18 31  8 58 31 41  9 38 43 23 36 24 44 27 41 31 26 31 31 11
 31 57  8 52 31 43  2 39  2 28 39  8 17 38 55 39 48 35  2 58 58 53 30 43
 55 27 40  0 28 60 61 34 34 16 39 55 31 15 22  7]","[19 49 39  1 32 31  8 24 31 41  9 50 58 32 36 61 44 27 41 16 26 55 31 46
 31 22 40 17 31 43  2 39  2 28 39  8 33  5 33 39 26 28  2 33 16 53 44 57
 40 26 49 40 31 60 35 34 34 47 39 55 58 15 57  7]",True,False,0.21875,0.1875,0.04,1.0,1.0,1,1,25,0.04,1.0,1.0,1,1,25,1.0,0.0,0.0,25,0,0,1.0,0.0,0.0,25,0,0,1.0,0.88,0.88,25,22,22,1.0,1.0,1.0,25,25,25,1.0,0.16,0.16,25,4,4,1.0,0.0,0.0,25,0,0
[0.       0.500999 0.       ... 0.       0.       0.      ],"[38  0 48 11 30 47 58 28 62 39 53 45 21 41 44 38 42 62 36  4 38 28 57 62
 47 63  7 48 62 62 17  0 46 28 28 40 45 20 62 34 60 21 33 44  0 28 34  0
 51 16 30 38 14 23 56 44 57 23 18 39 17 26 62 20]","[38  0 48 11 30 54 58 28 62  5 61 21 21 41 44 38 42 62  4 12 38 28 11 62
 47 55  7 37 62 62 17  0 46 28 23 40 45 20 62 34 60 21  7 44  0  8 19  0
 51 16 30 38 55 23 56 44 36 23 56 22 23  3 62 20]",True,True,0.96875,0.953125,"[np.int64(12), np.int64(10), np.int64(41), np.int64(44), np.int64(30), np.int64(29), np.int64(1), np.int64(55), np.int64(12), np.int64(23), np.int64(15), np.int64(15), np.int64(50), np.int64(20), np.int64(50), np.int64(21), np.int64(26), np.int64(62), np.int64(19), np.int64(34), np.int64(59), np.int64(55), np.int64(45), np.int64(11), np.int64(60), np.int64(29), np.int64(26), np.int64(47), np.int64(47), np.int64(56), np.int64(27), np.int64(44), np.int64(26), np.int64(63), np.int64(48), np.int64(33), np.int64(33), np.int64(60), np.int64(33), np.int64(63), np.int64(1), np.int64(50), np.int64(63), np.int64(59), np.int64(62), np.int64(24), np.int64(6), np.int64(23), np.int64(37), np.int64(42), np.int64(12), np.int64(36), np.int64(39), np.int64(19), np.int64(46), np.int64(33), np.int64(63), np.int64(48), np.int64(4), np.int64(48), np.int64(63), np.int64(19), np.int64(63), np.int64(19)]","[np.int64(0), np.int64(44), np.int64(6), np.int64(6), np.int64(32), np.int64(22), np.int64(47), np.int64(35), np.int64(60), np.int64(18), np.int64(48), np.int64(1), np.int64(41), np.int64(49), np.int64(29), np.int64(39), np.int64(28), np.int64(19), np.int64(59), np.int64(32), np.int64(56), np.int64(9), np.int64(12), np.int64(3), np.int64(14), np.int64(4), np.int64(45), np.int64(55), np.int64(19), np.int64(33), np.int64(22), np.int64(40), np.int64(27), np.int64(56), np.int64(5), np.int64(33), np.int64(50), np.int64(25), np.int64(31), np.int64(57), np.int64(0), np.int64(51), np.int64(44), np.int64(60), np.int64(10), np.int64(57), np.int64(47), np.int64(22), np.int64(32), np.int64(24), np.int64(50), np.int64(1), np.int64(52), np.int64(4), np.int64(28), np.int64(42), np.int64(34), np.int64(61), np.int64(56), np.int64(10), np.int64(44), np.int64(0), np.int64(16), np.int64(10)]",False,False,0.0,0.0,"[38  0 48 42 18 47 58 28 62 39 53 53 21 32 56 38 42 62 36 63 38 28 57 62
 47 63  7 16 62 62 17  0 46 28 28 40 20 20 62 34 60 21  7 44 36 28 34  0
 51 16 63 38 55 23 56 41 36 23 18 22 23 10 62 20]","[38  0 40 42 33 47 58 28 62 39 53 21 21 41 44 38 19 62  4  4 63 28 11 62
 47 63 12 37 62 62 17  7 46 28  7 40 41 63 62 59 60 22 33 44 34 11 19  0
 27 16 30 38 14 23 56 44 41  7 18 22 23  3 62  4]",True,True,0.890625,1.0,"[38  0 48 42 30 47 58 28 62 39 53 45 21 61 44 38 19 62  4 46 38 28 57 62
 47 63 12 37 62 62 17 19 46 28 28 40 20 39 62 59 60 63  7 63 34  8 34 24
 51 16 30 38 58 23 56 44 41 30 18 39 17 13 62 41]","[38  7 48 42 30 54 58 57 62  5 61 21 26 61 56 38 19 62  4 41 38 11 41 62
 47 55 61 48 62 62 57 19 46 28 23 40 45 63 62 59 60 21  7 44  0  8 34  0
  2 16 30 38 55 11 52 41 54 30 52 22 23  3 62 41]",False,False,0.21875,0.1875,0.04,1.0,1.0,1,1,25,0.04,1.0,1.0,1,1,25,1.0,0.0,0.0,25,0,0,1.0,0.0,0.0,25,0,0,1.0,0.96,0.96,25,24,24,1.0,1.0,1.0,25,25,25,1.0,0.12,0.12,25,3,3,1.0,0.0,0.0,25,0,0
[0.         0.500999   0.         ... 0.70781353 0.70781353 1.00049988],"[ 1 30 59 35 25  9 30  9 57 29 29 59 44 44 12  6 10  5 32  7 29 50 34 10
 20 20 44 32  9 32 32 30 32  6 20 29 29 36 29 31  1 12 55 12 30 30 10  7
 59 16 62 48  3 45 26 10 20 44 38 10 37  1 18 56]","[ 1 30 55 35 57  9 30  9 57 29 29 59 44 44 40  6 62  5 32  7 29 50 34 10
 20 20 44 32  9 32 32 30 32  6 20 29 29 36 29 31  1 40 55 24 30 30 10 61
 59  2 62 48  3  2 33 20 20 44 38 10 37 20 18 56]",True,True,0.96875,0.953125,"[np.int64(25), np.int64(43), np.int64(41), np.int64(5), np.int64(30), np.int64(16), np.int64(49), np.int64(5), np.int64(55), np.int64(23), np.int64(59), np.int64(14), np.int64(31), np.int64(28), np.int64(9), np.int64(4), np.int64(60), np.int64(55), np.int64(1), np.int64(11), np.int64(18), np.int64(7), np.int64(14), np.int64(41), np.int64(13), np.int64(61), np.int64(24), np.int64(22), np.int64(49), np.int64(2), np.int64(46), np.int64(59), np.int64(53), np.int64(24), np.int64(14), np.int64(37), np.int64(57), np.int64(26), np.int64(55), np.int64(42), np.int64(35), np.int64(31), np.int64(43), np.int64(38), np.int64(0), np.int64(28), np.int64(3), np.int64(11), np.int64(51), np.int64(51), np.int64(18), np.int64(58), np.int64(58), np.int64(26), np.int64(20), np.int64(7), np.int64(21), np.int64(17), np.int64(59), np.int64(42), np.int64(20), np.int64(57), np.int64(29), np.int64(6)]","[np.int64(53), np.int64(15), np.int64(47), np.int64(6), np.int64(24), np.int64(53), np.int64(62), np.int64(51), np.int64(56), np.int64(12), np.int64(49), np.int64(21), np.int64(36), np.int64(39), np.int64(48), np.int64(38), np.int64(37), np.int64(24), np.int64(3), np.int64(18), np.int64(54), np.int64(27), np.int64(10), np.int64(16), np.int64(54), np.int64(37), np.int64(13), np.int64(44), np.int64(42), np.int64(24), np.int64(27), np.int64(36), np.int64(13), np.int64(38), np.int64(0), np.int64(33), np.int64(60), np.int64(27), np.int64(57), np.int64(10), np.int64(36), np.int64(32), np.int64(40), np.int64(48), np.int64(44), np.int64(9), np.int64(30), np.int64(40), np.int64(35), np.int64(63), np.int64(42), np.int64(8), np.int64(46), np.int64(37), np.int64(29), np.int64(27), np.int64(44), np.int64(3), np.int64(27), np.int64(31), np.int64(14), np.int64(54), np.int64(42), np.int64(16)]",False,False,0.0,0.0,"[ 1 30 53 35 25 50 30 50 57 29 29  8 41 44 12  6 62 23 32  7 29 50 34 10
 20 20 44 32 62 32 32 30 32 48 20 29 29 33 29 31  1 40 55 12 30 30 10 11
 43 16 62 48  3 45 33 20 45 44 38 31 37  1 18 11]","[ 1 30 59 35 25 50 30  9 57 29 29 59 31 44 12  6 13  5 32 23 29 50 34 10
 56 61 44 32  9 32 32 30 32  6 20 44 29 36 29 31  1 12 55 12 30 30 25 61
 59 41  3 48  3 45 26 20 45 44 36 31 63  1 50 11]",True,True,0.890625,1.0,"[55 30 53 35 57 36 30  9 11 29 29  4 44 44 12  6 13  5 32 23 29 50 34 10
 20 20 44 32  9 32 32 30 32  6 20 29 29 33 29 31 39 40 55 24 30 30  7  7
 43 16  5 48  3 45 26 20 20 44 55 35 37  1 18 56]","[24 30 55 35 57 36 30 50 11 29 29  4 44  5 12  6 62  5 32  4 29 50 34 10
 20 61 44 32 62 32 32 30 32 57 20 29 29 33 29 31 39 12 55 24 35 20 10 34
 33  2 62 48  3 45 33 20 45 44 38 28 63  1 28 48]",True,False,0.21875,0.1875,0.04,1.0,1.0,1,1,25,0.04,1.0,1.0,1,1,25,1.0,0.0,0.0,25,0,0,1.0,0.0,0.0,25,0,0,1.0,0.96,0.96,25,24,24,1.0,1.0,1.0,25,25,25,1.0,0.28,0.28,25,7,7,1.0,0.16,0.16,25,4,4
[0.         1.00049988 0.         ... 0.         0.         0.        ],"[43 11 34 19  6 33 46  7 44 58 49 22  2 32 17 42 47 60 58 34 13 24 63 17
 32 36 47 58 34 63 35  1 53 53 43 53 35 30 22 63 46 30 24  7 22 55 63 60
 63 29 17 43 23  7 13 39  7 53 51 17 63 36 35  7]","[43  6 39 19  6  9 46  7 44 36 49 22  2 46 17 42 20 60 58 34 13 24 63 17
 32 36  4 55  2 63 35  1 53 53 43 63 35 30  2 63 46 30 24  7 51 55 63 60
 63 29 24 53 23  7 13 39  7 53 32 17 63 36 35  7]",True,True,0.96875,0.953125,"[np.int64(40), np.int64(9), np.int64(58), np.int64(61), np.int64(58), np.int64(38), np.int64(9), np.int64(61), np.int64(36), np.int64(41), np.int64(40), np.int64(28), np.int64(24), np.int64(30), np.int64(57), np.int64(37), np.int64(18), np.int64(14), np.int64(62), np.int64(26), np.int64(53), np.int64(47), np.int64(51), np.int64(52), np.int64(49), np.int64(46), np.int64(58), np.int64(22), np.int64(1), np.int64(22), np.int64(18), np.int64(7), np.int64(47), np.int64(47), np.int64(42), np.int64(24), np.int64(30), np.int64(20), np.int64(0), np.int64(54), np.int64(57), np.int64(54), np.int64(46), np.int64(36), np.int64(14), np.int64(58), np.int64(37), np.int64(52), np.int64(16), np.int64(5), np.int64(63), np.int64(1), np.int64(19), np.int64(43), np.int64(45), np.int64(13), np.int64(59), np.int64(5), np.int64(24), np.int64(10), np.int64(40), np.int64(43), np.int64(27), np.int64(28)]","[np.int64(63), np.int64(0), np.int64(24), np.int64(37), np.int64(2), np.int64(58), np.int64(20), np.int64(15), np.int64(55), np.int64(4), np.int64(55), np.int64(2), np.int64(10), np.int64(0), np.int64(1), np.int64(21), np.int64(54), np.int64(52), np.int64(29), np.int64(8), np.int64(10), np.int64(13), np.int64(47), np.int64(5), np.int64(11), np.int64(19), np.int64(22), np.int64(24), np.int64(14), np.int64(50), np.int64(59), np.int64(1), np.int64(14), np.int64(39), np.int64(58), np.int64(52), np.int64(25), np.int64(42), np.int64(35), np.int64(21), np.int64(22), np.int64(55), np.int64(4), np.int64(59), np.int64(55), np.int64(63), np.int64(17), np.int64(24), np.int64(37), np.int64(25), np.int64(36), np.int64(47), np.int64(18), np.int64(56), np.int64(11), np.int64(34), np.int64(62), np.int64(51), np.int64(12), np.int64(5), np.int64(3), np.int64(34), np.int64(37), np.int64(17)]",False,False,0.0,0.0,"[43 11 34 19 21 33 46  7 26 58 49 22  2 46 17 42 52 60 58 34 13 24 63 24
 22 36 47 58 34 63 35  1 53 53 43 63 35 30 22 63 46 30 24  7 51 55 63  9
 63 48 24 43 23  7 14 39  7 53 51 42 63 36 35  7]","[43 11 62 19  6 33 62  7 44 36 49 22  2 29 17 42  4 60 58 34 62 24 63 17
 32 36 47 58 34 63 35  1 53 53 43 63 35 30 22 63 46 30 24  7 51 55 63 60
 63 24 24 53 23  7 17 27  7 53 51 21 63 36 35  7]",True,True,0.890625,1.0,"[43 11 39 19  6 33 47  7 26 58 49 22  2 32 54 42 47 23 58 34 13 59 63 17
 50 36 27 58 55 63 17  1 53 53 43 53 32 30 22  2 46 30 24  7 22 55 13  6
 63 11 38 43 23  7 17 44  7 53 32 17 63 36 35  7]","[43 11 39 19 10 33 46  7 44 36 49 49  2 32 17 42 20 60 58  5 13 24 63 24
 22 36  4 23  2 63 35  1 53 58 28 63 49 30  2 63 46 30 24  7 51 55 63 60
 32 29 18 43 16  7 17 44  7 53 17 17 63 36 24  7]",False,True,0.21875,0.1875,0.04,1.0,1.0,1,1,25,0.04,1.0,1.0,1,1,25,1.0,0.0,0.0,25,0,0,1.0,0.0,0.0,25,0,0,1.0,0.92,0.92,25,23,23,1.0,1.0,1.0,25,25,25,1.0,0.2,0.2,25,5,5,1.0,0.12,0.12,25,3,3
[0.         0.70781353 0.         ... 0.         0.         0.        ],"[32 53 40 57 38 32 26 13 10  7 38 48  6  6 10 56 48  6 17  1  1 38 17 60
 51  1 26 38  5 48 24  4  6 11 61  6 54 10 26 60 10 59 53 17  5 35 21 11
 38 12 54 59 13 38 13 16 25 53  7 38 48 53  2 40]","[32 29 40 41 38 32 26 17 10  7 38 48  6  6 10 56 35  6 17 16 37 38 17 58
 49  1 26 38  5 48 55 48  6 11 61  6  0 10 26 60 10 59  7 17  5 35 48 43
 38 12  5 59 13 38 13 16 25  3  7 38 48 53  2 40]",True,True,0.96875,0.953125,"[np.int64(51), np.int64(63), np.int64(20), np.int64(18), np.int64(34), np.int64(30), np.int64(49), np.int64(21), np.int64(54), np.int64(21), np.int64(28), np.int64(11), np.int64(24), np.int64(63), np.int64(7), np.int64(31), np.int64(15), np.int64(9), np.int64(55), np.int64(33), np.int64(18), np.int64(23), np.int64(4), np.int64(24), np.int64(15), np.int64(12), np.int64(39), np.int64(21), np.int64(2), np.int64(20), np.int64(21), np.int64(63), np.int64(41), np.int64(40), np.int64(53), np.int64(38), np.int64(39), np.int64(4), np.int64(20), np.int64(41), np.int64(61), np.int64(49), np.int64(19), np.int64(46), np.int64(28), np.int64(25), np.int64(12), np.int64(12), np.int64(38), np.int64(2), np.int64(14), np.int64(38), np.int64(2), np.int64(0), np.int64(5), np.int64(19), np.int64(50), np.int64(31), np.int64(19), np.int64(60), np.int64(4), np.int64(15), np.int64(32), np.int64(61)]","[np.int64(38), np.int64(17), np.int64(27), np.int64(62), np.int64(12), np.int64(56), np.int64(15), np.int64(43), np.int64(61), np.int64(54), np.int64(37), np.int64(39), np.int64(37), np.int64(7), np.int64(11), np.int64(8), np.int64(3), np.int64(43), np.int64(23), np.int64(0), np.int64(37), np.int64(6), np.int64(47), np.int64(11), np.int64(14), np.int64(29), np.int64(10), np.int64(8), np.int64(48), np.int64(39), np.int64(21), np.int64(58), np.int64(33), np.int64(20), np.int64(30), np.int64(36), np.int64(55), np.int64(41), np.int64(51), np.int64(8), np.int64(60), np.int64(59), np.int64(47), np.int64(19), np.int64(3), np.int64(1), np.int64(53), np.int64(30), np.int64(4), np.int64(15), np.int64(15), np.int64(51), np.int64(4), np.int64(8), np.int64(11), np.int64(54), np.int64(36), np.int64(14), np.int64(59), np.int64(30), np.int64(48), np.int64(7), np.int64(56), np.int64(7)]",False,False,0.0,0.0,"[32 53 60 57 38 50 26 13 10  7 38 53  6  6 10 56 48  6 17  1 37 38 17 51
 51 57 26 38  5  1 24 18  6 11 61  6 54 10 26 60 59 59 53 17  5 35 21 43
 38 12 54 59 13 38 13 19 25 53 49 38 48 53  2 54]","[ 5 40 40 43 38 18 26 17 10 63 38 53  6  6  4 56 48  6 17 11 37 38 17 60
 49 57 26 38  5 48 44 18  6 58 61  6 54 10 26 60 63  8 53 12 58 35 21 43
 38 12  5 61 13 38 13 30 25 53 31 38 48 53  2 54]",True,True,0.890625,1.0,"[32 53 40 43 38 11 26 13 10  7 40 18  6  6  4 56 19 21 17 11  1 38 17 29
 49  1 26 48  5  1 24 48  6 11 61 10 54 10 26 60 10  8 53 17  5 35  8 63
 38 12  5 59 13 38 13 19 25 54 63 38 23 36  2 58]","[32 29 40 58 38 11 26 17 10  7 38 49  6  6 10 56 35 21 11 11 37 38 17 58
 30  1 26 38  5 48 24 48  6 58 28 10 61 10 26 60 10 59 53 17 58 35 21 11
 16 11 54 23  5 38 63 16 25 40  7 38 48 34  2  9]",False,False,0.21875,0.1875,0.04,1.0,1.0,1,1,25,0.04,1.0,1.0,1,1,25,1.0,0.0,0.0,25,0,0,1.0,0.0,0.0,25,0,0,1.0,0.92,0.92,25,23,23,1.0,1.0,1.0,25,25,25,1.0,0.12,0.12,25,3,3,1.0,0.2,0.2,25,5,5
[0.         0.         0.         ... 0.         0.         1.00049988],"[15  6 25 60 38 12 15 36 21 28 31 17 59 33 55 45  0 22  0 16 34 36 45 12
 28 60  3 24  7  7 57 22  3 15 47 22 60  3  3 59  3 30 21 21 25 60 63 52
 15 34 38 38 45 22 39 17 57 15 36 36 60 32 45 58]","[40  6 25 60 38 35 17 36  6 47 31 17 59 33 55 45  0 62  0 16 34 36 45 42
 28 60  3  9  7  7 57 22  3  7 47 22 60  3  3 17  3 30 53 21 25 60 18 32
 15 34 38 38 45 22 39 51 57  0 36 36 60 32 45 53]",True,True,0.96875,0.953125,"[np.int64(33), np.int64(26), np.int64(2), np.int64(39), np.int64(40), np.int64(43), np.int64(52), np.int64(11), np.int64(3), np.int64(1), np.int64(36), np.int64(27), np.int64(2), np.int64(15), np.int64(7), np.int64(58), np.int64(55), np.int64(24), np.int64(23), np.int64(39), np.int64(6), np.int64(46), np.int64(26), np.int64(23), np.int64(57), np.int64(63), np.int64(51), np.int64(14), np.int64(16), np.int64(27), np.int64(46), np.int64(7), np.int64(0), np.int64(54), np.int64(28), np.int64(34), np.int64(27), np.int64(62), np.int64(63), np.int64(56), np.int64(14), np.int64(63), np.int64(42), np.int64(30), np.int64(56), np.int64(6), np.int64(63), np.int64(31), np.int64(35), np.int64(6), np.int64(44), np.int64(3), np.int64(25), np.int64(30), np.int64(4), np.int64(58), np.int64(48), np.int64(53), np.int64(38), np.int64(62), np.int64(22), np.int64(46), np.int64(50), np.int64(59)]","[np.int64(52), np.int64(28), np.int64(49), np.int64(19), np.int64(6), np.int64(35), np.int64(59), np.int64(22), np.int64(34), np.int64(35), np.int64(40), np.int64(15), np.int64(39), np.int64(25), np.int64(50), np.int64(49), np.int64(20), np.int64(60), np.int64(30), np.int64(35), np.int64(38), np.int64(54), np.int64(33), np.int64(54), np.int64(19), np.int64(57), np.int64(29), np.int64(33), np.int64(1), np.int64(53), np.int64(9), np.int64(61), np.int64(18), np.int64(60), np.int64(36), np.int64(41), np.int64(52), np.int64(22), np.int64(13), np.int64(29), np.int64(23), np.int64(6), np.int64(5), np.int64(17), np.int64(25), np.int64(58), np.int64(41), np.int64(50), np.int64(26), np.int64(12), np.int64(34), np.int64(52), np.int64(29), np.int64(23), np.int64(43), np.int64(39), np.int64(30), np.int64(56), np.int64(48), np.int64(14), np.int64(0), np.int64(35), np.int64(34), np.int64(58)]",False,False,0.0,0.0,"[15 33 25 60 38 12 15 36 21 47 31 17 18 33 54 45  0 22 53 54 34 36 45 12
 57 60  3  9  7  8 57 22  3 61 47 22 60  3  3 17  3 56 21 21 25 60 63 52
 15 34 33 31 45 22 39 17 57 15 36 36 60 32 45 37]","[15  6 25 60 33 12 15 36 21 34 43 51 59 56 55 45 47  6 12 16 34 36 45 12
 57 60  3 24 63  7 57 22  3  7 47 22 60  3  3 17  3 30 21 21 25 60 63  0
 15 34  9 38 45 22 39 37 57 15 36 36 60 32 45 58]",True,True,0.890625,1.0,"[15  6 25 60 38 35 17 36  6 47 31 17 51 33 54 45  0 38  0 16 34 36 45 42
 28 60  3 24  7  7 14 22  3  7  9 22 60  3  4 59  3 30 21 21 25 60 18 34
 15 34 33 38 45 55 39 37 14 15 63 21 60 33 45 28]","[47 33 25 60 33 35  8 36  6 47 43 17 59 42 54 45 47 62  0 16 34 62 17 42
 57 60  3  9  9  7 50 51  2  7 47 22 60  3  4 59  3 30 21 21 25 60 18 52
 15 34 38 31 45 18 14 53 57  0 63 36 60 42 17 37]",False,False,0.21875,0.1875,0.04,1.0,1.0,1,1,25,0.04,1.0,1.0,1,1,25,1.0,0.0,0.0,25,0,0,1.0,0.0,0.0,25,0,0,1.0,1.0,1.0,25,25,25,1.0,1.0,1.0,25,25,25,1.0,0.24,0.24,25,6,6,1.0,0.16,0.16,25,4,4
[0.         0.70781353 0.         ... 0.500999   0.70781353 0.        ],"[14  4 11 37 20 61 13 12 14  0 32 21  0 63 61  5  5 43 19 58 21 61  8 30
 47 49 58 21 15 28 33  5 63 47 39 37 14 21 49 61 43 61 10 21  0 33 37 59
 31 63 19 59 36  0  9 21 39 38 63 61 15 61 15 61]","[14  4 11 37 16 61 13 12 14  0 22 21  0 14 61  5  5 43 60 58 21 61 34 30
 22 31 58 21 15 28 33  5 63 55 39 22 14 21  6 61 43 61 10 15  0 33 37 41
 31 63 19 59 36  0 22 21 39 38 63 61 15 61 15 61]",True,True,0.96875,0.953125,"[np.int64(32), np.int64(27), np.int64(50), np.int64(54), np.int64(53), np.int64(33), np.int64(11), np.int64(9), np.int64(26), np.int64(41), np.int64(34), np.int64(2), np.int64(15), np.int64(2), np.int64(20), np.int64(63), np.int64(26), np.int64(41), np.int64(58), np.int64(18), np.int64(9), np.int64(25), np.int64(19), np.int64(19), np.int64(41), np.int64(39), np.int64(33), np.int64(16), np.int64(37), np.int64(1), np.int64(41), np.int64(39), np.int64(57), np.int64(47), np.int64(27), np.int64(31), np.int64(56), np.int64(56), np.int64(22), np.int64(34), np.int64(36), np.int64(40), np.int64(62), np.int64(23), np.int64(17), np.int64(7), np.int64(2), np.int64(55), np.int64(7), np.int64(30), np.int64(24), np.int64(49), np.int64(56), np.int64(52), np.int64(10), np.int64(8), np.int64(6), np.int64(6), np.int64(47), np.int64(0), np.int64(4), np.int64(44), np.int64(22), np.int64(57)]","[np.int64(61), np.int64(46), np.int64(32), np.int64(35), np.int64(62), np.int64(36), np.int64(1), np.int64(48), np.int64(42), np.int64(57), np.int64(48), np.int64(52), np.int64(62), np.int64(40), np.int64(50), np.int64(21), np.int64(58), np.int64(49), np.int64(63), np.int64(61), np.int64(41), np.int64(17), np.int64(25), np.int64(56), np.int64(39), np.int64(43), np.int64(42), np.int64(26), np.int64(43), np.int64(54), np.int64(55), np.int64(16), np.int64(1), np.int64(54), np.int64(34), np.int64(61), np.int64(7), np.int64(30), np.int64(5), np.int64(29), np.int64(38), np.int64(3), np.int64(39), np.int64(46), np.int64(54), np.int64(47), np.int64(46), np.int64(25), np.int64(36), np.int64(26), np.int64(10), np.int64(10), np.int64(24), np.int64(11), np.int64(32), np.int64(25), np.int64(2), np.int64(49), np.int64(57), np.int64(33), np.int64(54), np.int64(21), np.int64(7), np.int64(63)]",False,False,0.0,0.0,"[39  4 11 37 20 61 13 12 14 51 32 21 51 63 61  5  5 24 19 58  8 61 34 30
 25 31 58 21 27 28 33  5 63 55 39 51 14 63 49 61 43 61 10 21  0 33 37 41
 31 63 19 59 36 24  9 21 39 38 63 61 15 61 15 61]","[14  4 11 27 16 61 13 12 20  0 53 21  2 14 61  5  5 43 19 58 63 61 54 30
 25 49 28  0 15 28 33  5 63 55 39 37 14 21 49 61 43 61 10 59  0 33 37 59
 31 63 19 59 36  0 17 58  8 38 63 61 15 61 15 61]",True,True,0.890625,1.0,"[14  4 11 37 20 61 13 12 14 43  6 21  0 14 61  5  5 43 19 58 21 61 34 30
 47 49 28  0 15 28 33  5 63 44 16 37 11 63 49 61 43 61 10 21  0 33 37 59
 31 63 19 59 36  0  9 21 39 38 63 61 15 61 15 61]","[27  4 12 37 16 61 27 12 14 51 32 36 56 63 61  5 58 25 60 58 63 61 54 30
 22 49 58  0 15 28 33 58 10 55 22 22 34 21 49 61 43 61 10 59  0 33 37 59
 31 63 19 12 36 24 17 21  8 38 16 61 15 61  3 61]",True,False,0.21875,0.1875,0.04,1.0,1.0,1,1,25,0.04,1.0,1.0,1,1,25,1.0,0.0,0.0,25,0,0,1.0,0.0,0.0,25,0,0,1.0,1.0,1.0,25,25,25,1.0,1.0,1.0,25,25,25,1.0,0.32,0.32,25,8,8,1.0,0.08,0.08,25,2,2
[1.00049988 1.00049988 0.         ... 0.         0.         0.        ],"[45 53 35 37  0  1 63 21  9 43 27 27 13 14 22 19 49 45 14 43 22  6 45 47
 22 38 11  0  4 18  4  0 11 63 17 17 34 38  9 40  9 47 34 45 27 45 19 17
  6 41 27  0  0 24  6 35 20 35 40  0 11 15  4 22]","[45 53 52 37  0  1 63 16 51 43 27 47 13 47 22 52 49 45 13 43 22  6 45 47
 22 38 11 43  4 55  4  0  2 63  0 17 34 38 47 40 13 47 34 45 27 45 47 17
 57 62 27  0  0 24  6 47 20 51 40  0  2 15 24 22]",True,True,0.96875,0.953125,"[np.int64(8), np.int64(5), np.int64(63), np.int64(7), np.int64(26), np.int64(57), np.int64(0), np.int64(3), np.int64(62), np.int64(12), np.int64(19), np.int64(57), np.int64(35), np.int64(57), np.int64(7), np.int64(28), np.int64(27), np.int64(20), np.int64(11), np.int64(40), np.int64(40), np.int64(27), np.int64(23), np.int64(22), np.int64(41), np.int64(56), np.int64(41), np.int64(48), np.int64(21), np.int64(23), np.int64(9), np.int64(7), np.int64(27), np.int64(46), np.int64(24), np.int64(15), np.int64(19), np.int64(8), np.int64(2), np.int64(10), np.int64(48), np.int64(19), np.int64(53), np.int64(32), np.int64(38), np.int64(57), np.int64(55), np.int64(49), np.int64(40), np.int64(1), np.int64(39), np.int64(50), np.int64(20), np.int64(43), np.int64(29), np.int64(14), np.int64(16), np.int64(40), np.int64(1), np.int64(49), np.int64(29), np.int64(24), np.int64(55), np.int64(44)]","[np.int64(17), np.int64(8), np.int64(44), np.int64(38), np.int64(38), np.int64(53), np.int64(41), np.int64(38), np.int64(45), np.int64(11), np.int64(37), np.int64(37), np.int64(52), np.int64(4), np.int64(38), np.int64(35), np.int64(50), np.int64(4), np.int64(53), np.int64(6), np.int64(53), np.int64(63), np.int64(24), np.int64(10), np.int64(41), np.int64(9), np.int64(32), np.int64(38), np.int64(14), np.int64(15), np.int64(55), np.int64(53), np.int64(34), np.int64(17), np.int64(62), np.int64(14), np.int64(21), np.int64(34), np.int64(18), np.int64(48), np.int64(10), np.int64(2), np.int64(13), np.int64(26), np.int64(21), np.int64(54), np.int64(37), np.int64(16), np.int64(54), np.int64(31), np.int64(45), np.int64(26), np.int64(59), np.int64(41), np.int64(7), np.int64(12), np.int64(27), np.int64(46), np.int64(3), np.int64(42), np.int64(18), np.int64(57), np.int64(9), np.int64(34)]",False,False,0.0,0.0,"[45 53 32 37  0  1 36 21 51 43 27 47 40 47 22 19 49 45 53 43 22 62 45 51
 51 42 11  0  4 18  4 43 56 48 17 17 34 32 59 40  9 47 34 45 27 45 47 17
 57 62 27  0 19 61  6 29  8 51 57  0 11 15  4 22]","[45 53 35 37  0  1 63 21 51 52 27 27 13 40 13 19 49 45 13 43 22  6 45 51
 22 38 11 43 26 18  4 43  2  3  0 17 34 32 24 40 35 47 15 45  8 45 47 17
 57 62 27  0  0 36  6 63 32 35 60  0  2 15  4 22]",True,True,0.890625,1.0,"[45 53 52 33  0  1 63 16  4 43 27 27 40 14 22 19 49 45 14 43 22  6 45 51
 15 38 39 43  4 18 26  0  2 63  0 17  6  6 59 40 13 47 15 45 27 45 47 17
 57 41 27  0  9 61 25 15 59 51 21  0 11 15  4 22]","[45 53 40 37  0  1 63 16  9 43 27 27 40 14 22 52 39 45 32 43 56  6 45 51
 22 38 30 43  4 18  4  0  2 48 17 17  6  6 47 40 13  2 34 45  8 45 47 13
 57 62 27  0  2 18 25 15 32 51 40  0  2 25 24 22]",True,True,0.21875,0.1875,0.04,1.0,1.0,1,1,25,0.04,1.0,1.0,1,1,25,1.0,0.0,0.0,25,0,0,1.0,0.0,0.0,25,0,0,1.0,0.8,0.8,25,20,20,1.0,1.0,1.0,25,25,25,1.0,0.28,0.28,25,7,7,1.0,0.16,0.16,25,4,4
[0.         0.70781353 0.         ... 0.500999   0.70781353 0.        ],"[14  4 11 37 20 61 13 12 14  0 32 21  0 63 61  5  5 43 19 58 21 61  8 30
 47 49 58 21 15 28 33  5 63 47 39 37 14 21 49 61 43 61 10 21  0 33 37 59
 31 63 19 59 36  0  9 21 39 38 63 61 15 61 15 61]","[14  4 11 37 16 61 13 12 14  0 22 21  0 14 61  5  5 43 60 58 21 61 34 30
 22 31 58 21 15 28 33  5 63 55 39 22 14 21  6 61 43 61 10 15  0 33 37 41
 31 63 19 59 36  0 22 21 39 38 63 61 15 61 15 61]",True,True,0.96875,0.953125,"[np.int64(43), np.int64(54), np.int64(24), np.int64(33), np.int64(54), np.int64(39), np.int64(20), np.int64(23), np.int64(12), np.int64(20), np.int64(33), np.int64(24), np.int64(19), np.int64(38), np.int64(20), np.int64(8), np.int64(52), np.int64(57), np.int64(53), np.int64(47), np.int64(51), np.int64(32), np.int64(14), np.int64(1), np.int64(4), np.int64(23), np.int64(20), np.int64(56), np.int64(58), np.int64(26), np.int64(4), np.int64(13), np.int64(8), np.int64(6), np.int64(22), np.int64(48), np.int64(13), np.int64(18), np.int64(46), np.int64(22), np.int64(19), np.int64(47), np.int64(46), np.int64(45), np.int64(43), np.int64(42), np.int64(51), np.int64(60), np.int64(9), np.int64(29), np.int64(18), np.int64(58), np.int64(0), np.int64(4), np.int64(22), np.int64(35), np.int64(9), np.int64(24), np.int64(9), np.int64(53), np.int64(1), np.int64(32), np.int64(33), np.int64(20)]","[np.int64(49), np.int64(30), np.int64(32), np.int64(46), np.int64(48), np.int64(47), np.int64(23), np.int64(14), np.int64(3), np.int64(20), np.int64(37), np.int64(54), np.int64(55), np.int64(3), np.int64(36), np.int64(5), np.int64(48), np.int64(47), np.int64(21), np.int64(59), np.int64(49), np.int64(62), np.int64(42), np.int64(44), np.int64(0), np.int64(30), np.int64(12), np.int64(39), np.int64(21), np.int64(19), np.int64(53), np.int64(60), np.int64(48), np.int64(2), np.int64(60), np.int64(63), np.int64(19), np.int64(21), np.int64(20), np.int64(49), np.int64(15), np.int64(43), np.int64(1), np.int64(18), np.int64(63), np.int64(12), np.int64(14), np.int64(63), np.int64(16), np.int64(19), np.int64(5), np.int64(29), np.int64(1), np.int64(26), np.int64(45), np.int64(63), np.int64(39), np.int64(15), np.int64(8), np.int64(14), np.int64(54), np.int64(28), np.int64(44), np.int64(24)]",False,False,0.0,0.0,"[14 25 11 37 20 61 27 12 14 43  6 21  0 14 61  5  5 43 60 55 63 61 24 30
 17 49 58 21 15 28 33  5 63 47 39 37 34 21 49 61 43 61 10 21  0 33 37 59
 31 63 19 59 49  0  9 21 39 38 16 61 15 61  3 61]","[39 54 11 27 16 61 27 12 56 43 32 21 51 63 61  5  5 24 60 58 21 61 35 30
 22 49 28 21 27 28 33  5 63 47 39 37 14 63 49 61 43 61 10 21  0 33 37 59
 31 63 19 59 36  0  9 21 39 38 63 61 15 61  3 61]",True,True,0.890625,1.0,"[ 9  4 11 37 16 61 33 12 20  0  4 21 51 63 61 43  5 43 60 58 63 61 24 30
 47 49 58 21 15 28 33 58 63 47 39 22 52 21 49 61 43 61 10 21  0 33 37 41
 31 63 19  9 49  0 22 21 39 38 63 61 18 61  3 61]","[14 25 11 37 16 61 13 12 20 43 22 36  0 14 61 43 58 54 19 55 21 61 34 30
 17 49 58 21 27 28 33 58 63  6 39  6 14 21  6 61 43 61 10 15  0 33 37 59
 31 34 19 12 36  0 17 21 39 38 63 61 15 61 15 61]",False,False,0.21875,0.1875,0.04,1.0,1.0,1,1,25,0.04,1.0,1.0,1,1,25,1.0,0.0,0.0,25,0,0,1.0,0.0,0.0,25,0,0,1.0,0.96,0.96,25,24,24,1.0,1.0,1.0,25,25,25,1.0,0.24,0.24,25,6,6,1.0,0.08,0.08,25,2,2
[1.00049988 0.70781353 0.         ... 0.         0.         0.500999  ],"[42 19 56 56 50 33  2 49 39 25 56 56 21 25  1 39 43 25  1 29 19 40 19 33
 25 29 13 14  4 29 10 48 13 25 20 24  9 19 21 29 50 34 25 62  1 56 21 61
 13 25 29 42 62 28  1 10 29  2 13 52  6 45 39 40]","[42 19 50 56 50 33  2 49 39 25 56 56 21 25 40 39  7 25 57 29 19 40 39 37
 25 29 42 57 33 29 24 58 13 25 37 33  9 19 51 29 50 51 25 62 37 56 21 61
 13 25 29 42 62 30 20 40 29  2 11 52  6 45 56 40]",True,True,0.96875,0.953125,"[np.int64(51), np.int64(15), np.int64(18), np.int64(8), np.int64(28), np.int64(27), np.int64(50), np.int64(54), np.int64(48), np.int64(37), np.int64(46), np.int64(33), np.int64(1), np.int64(51), np.int64(41), np.int64(39), np.int64(63), np.int64(14), np.int64(20), np.int64(14), np.int64(62), np.int64(46), np.int64(4), np.int64(49), np.int64(11), np.int64(42), np.int64(57), np.int64(61), np.int64(55), np.int64(26), np.int64(61), np.int64(60), np.int64(48), np.int64(3), np.int64(19), np.int64(13), np.int64(39), np.int64(27), np.int64(51), np.int64(9), np.int64(50), np.int64(3), np.int64(48), np.int64(2), np.int64(33), np.int64(49), np.int64(28), np.int64(12), np.int64(39), np.int64(42), np.int64(5), np.int64(0), np.int64(42), np.int64(38), np.int64(38), np.int64(32), np.int64(1), np.int64(30), np.int64(32), np.int64(26), np.int64(8), np.int64(4), np.int64(61), np.int64(1)]","[np.int64(56), np.int64(46), np.int64(17), np.int64(17), np.int64(34), np.int64(5), np.int64(59), np.int64(29), np.int64(5), np.int64(51), np.int64(38), np.int64(56), np.int64(1), np.int64(32), np.int64(24), np.int64(35), np.int64(45), np.int64(13), np.int64(14), np.int64(54), np.int64(41), np.int64(7), np.int64(54), np.int64(38), np.int64(36), np.int64(32), np.int64(23), np.int64(43), np.int64(10), np.int64(41), np.int64(34), np.int64(15), np.int64(41), np.int64(33), np.int64(63), np.int64(26), np.int64(55), np.int64(1), np.int64(5), np.int64(3), np.int64(36), np.int64(39), np.int64(15), np.int64(16), np.int64(63), np.int64(42), np.int64(63), np.int64(33), np.int64(13), np.int64(24), np.int64(23), np.int64(51), np.int64(10), np.int64(63), np.int64(11), np.int64(38), np.int64(43), np.int64(51), np.int64(58), np.int64(55), np.int64(40), np.int64(34), np.int64(8), np.int64(54)]",False,False,0.0,0.0,"[42 19 50 56 50 33  2 16 39 25 56 56 28 25 40 39 43 25 37 29 19 37 39 37
 25 29 13 55 33 29 57 48 13 25 20 24  9 19 63 29  8 34 10 62  1 56 12 61
 13 25 29 49 34 28 20 10 29 10 13 52  6 43 56 40]","[21 19 50  1 50 33  2 49 39 25 56 42 21 25  1 39 61 25  1 29 19 40 13 37
 25 29 42 14 33 29 28 48 13 23 58 33 30 19 51 29 50 51 25 42  1 56 12 61
 13 25 29 42 62 28  1 40 29  2 44 52  6 43 39 40]",True,True,0.890625,1.0,"[42 19 56  2 50 33  2 49 39 25 11 56 21 56  1 39  7 25 57 29 19 40 39 37
 25 29 24 14 12 29 24 58 13 25 52 24  9 15 21 29 50 51 25 42  1 56 41 61
 13 25 29 49 62 28  1 10 29  2 13 52  6 43 39 38]","[42 54  8  2 50 33  2 49 39 25 56 58 21 25 40 37  7 25 57 29 19 46 13 33
 25 29 42  0 30 29 10 48 13 25 58 24 30 15 21 29 20 34 10 55 37 56 41 61
 13 25 29 42 62 30  1 40 29 18 46 52  6 43 56 38]",True,False,0.21875,0.1875,0.04,1.0,1.0,1,1,25,0.04,1.0,1.0,1,1,25,1.0,0.0,0.0,25,0,0,1.0,0.0,0.0,25,0,0,1.0,1.0,1.0,25,25,25,1.0,1.0,1.0,25,25,25,1.0,0.2,0.2,25,5,5,1.0,0.08,0.08,25,2,2
[0.500999   0.         1.00049988 ... 0.         0.         0.500999  ],"[15 11 56 59 58 20 26 60  8 61 29  6 52 38 55 19 30 14 32  5  8 34 36 29
 46  3 22  5 22 36  6 27 26 50 46 29  8  6 22 41 50  8 55 57 40 58  5 36
 39 13 36 33  5 20 26  5 39 38  5 36 40 27 38 52]","[15 11 56 59 58 20 23 60  8 61 29 15 52 15 34 19 30 12 32 59  8 34 36 29
 46  3 22  5 50 36  6 27 26 50 25 29  8  6 22 41 50  8 27 57 40 58  5 36
 39 13 36 33  5 20 26  5 39  3  5 36 40 27 38 52]",True,True,0.96875,0.953125,"[np.int64(46), np.int64(53), np.int64(36), np.int64(19), np.int64(51), np.int64(6), np.int64(63), np.int64(33), np.int64(57), np.int64(5), np.int64(34), np.int64(5), np.int64(4), np.int64(20), np.int64(15), np.int64(20), np.int64(59), np.int64(7), np.int64(63), np.int64(12), np.int64(59), np.int64(9), np.int64(25), np.int64(8), np.int64(49), np.int64(11), np.int64(31), np.int64(29), np.int64(35), np.int64(10), np.int64(18), np.int64(23), np.int64(10), np.int64(34), np.int64(18), np.int64(27), np.int64(26), np.int64(2), np.int64(32), np.int64(38), np.int64(33), np.int64(17), np.int64(28), np.int64(47), np.int64(56), np.int64(11), np.int64(41), np.int64(53), np.int64(14), np.int64(36), np.int64(24), np.int64(25), np.int64(61), np.int64(35), np.int64(54), np.int64(35), np.int64(0), np.int64(57), np.int64(53), np.int64(56), np.int64(36), np.int64(50), np.int64(4), np.int64(0)]","[np.int64(42), np.int64(2), np.int64(45), np.int64(11), np.int64(46), np.int64(27), np.int64(38), np.int64(3), np.int64(27), np.int64(22), np.int64(55), np.int64(39), np.int64(20), np.int64(53), np.int64(8), np.int64(63), np.int64(30), np.int64(47), np.int64(32), np.int64(26), np.int64(42), np.int64(35), np.int64(40), np.int64(4), np.int64(11), np.int64(55), np.int64(13), np.int64(7), np.int64(45), np.int64(53), np.int64(62), np.int64(9), np.int64(32), np.int64(36), np.int64(18), np.int64(25), np.int64(39), np.int64(60), np.int64(36), np.int64(40), np.int64(27), np.int64(15), np.int64(39), np.int64(51), np.int64(48), np.int64(59), np.int64(34), np.int64(6), np.int64(17), np.int64(42), np.int64(9), np.int64(61), np.int64(42), np.int64(63), np.int64(60), np.int64(46), np.int64(37), np.int64(4), np.int64(0), np.int64(30), np.int64(63), np.int64(48), np.int64(30), np.int64(22)]",False,False,0.0,0.0,"[15 11 46 59  2 20 23 60  8 61 29  6  8 38 34 19 30 31 32  5  8 34 36 40
 46 34 48 32 40 36  6 24 26 50 46 38  8  6 59 41 50  8 25 57 40 58  5 36
 39 13 36 33 12 20 26 28 39 38  5 36 40 27 38 52]","[15 11 34 19 58 20 23 24  8 61 29 15 52 15 34 19 30 31 32  5  8 34 36 29
 11 34  6  5 22 36 12 27 26 50 11 29  8  1 22 41 23  8 46  7 52 55  5 36
 50 14 36 33  5 20 26 42 58  3  5 36 25 27 38 52]",False,True,0.890625,1.0,"[ 7 11 60 59 58 20 23 60  8 61 29 24 30 15 55 19 30 12 43 15  8 34 36 29
 37  3 22  5 50 36  2 27 26 26 25 29  8 24 35 41 50  8 55  7 32 58  5 36
 50 13 36 33 44 20 26  5 39  3 23 36 40 27 38 52]","[15 11 46 59  2 58 26 60  8 61 29  6 52 15 60 13 30 12 57 15  8 34 36 29
 37 54 32 42 22 36  6 17 44 50 11 29  8 24 59 41 60  8 27 57 52 58  5 53
 39 14 48 33 63 20 26  5 39 38  5 36 25 27 38 52]",False,False,0.21875,0.1875,0.04,1.0,1.0,1,1,25,0.04,1.0,1.0,1,1,25,1.0,0.0,0.0,25,0,0,1.0,0.0,0.0,25,0,0,1.0,0.56,0.56,25,14,14,1.0,1.0,1.0,25,25,25,1.0,0.08,0.08,25,2,2,1.0,0.08,0.08,25,2,2
[0.         1.00049988 0.70781353 ... 0.70781353 0.500999   0.500999  ],"[46 31 55  9 30  5 30 46 22 31 59  1 13 60 49 61 37 42 40 40 37 52 31 60
 51 46  9 22 59 49 13  5 46 59 30  0  5  1 53 40 22 36 59 46 26 22 60  0
 46  1 14 36 22 62  8  1  1 30 62 60  5 51 22 62]","[46 31 42 30 30  5 30 46 22 31 30  1 13 60 49 49 37 42 40 55 42 52 31 60
 51 46 52 22 59 49 13  5 37 59 30 25  5  1 21 40 22 36 30 46 62 22 60 45
 46  1 14 36 22 62 25  1  1 30 57 60  5 51 22 62]",True,True,0.96875,0.953125,"[np.int64(4), np.int64(5), np.int64(61), np.int64(56), np.int64(46), np.int64(35), np.int64(51), np.int64(10), np.int64(16), np.int64(3), np.int64(51), np.int64(46), np.int64(56), np.int64(22), np.int64(51), np.int64(11), np.int64(19), np.int64(48), np.int64(20), np.int64(57), np.int64(22), np.int64(32), np.int64(51), np.int64(42), np.int64(2), np.int64(62), np.int64(44), np.int64(12), np.int64(56), np.int64(47), np.int64(2), np.int64(19), np.int64(36), np.int64(36), np.int64(2), np.int64(49), np.int64(20), np.int64(5), np.int64(19), np.int64(29), np.int64(49), np.int64(2), np.int64(14), np.int64(32), np.int64(27), np.int64(53), np.int64(60), np.int64(29), np.int64(17), np.int64(53), np.int64(3), np.int64(60), np.int64(22), np.int64(39), np.int64(32), np.int64(38), np.int64(32), np.int64(41), np.int64(16), np.int64(37), np.int64(8), np.int64(33), np.int64(37), np.int64(30)]","[np.int64(15), np.int64(10), np.int64(36), np.int64(58), np.int64(40), np.int64(55), np.int64(63), np.int64(43), np.int64(56), np.int64(39), np.int64(39), np.int64(4), np.int64(26), np.int64(4), np.int64(11), np.int64(52), np.int64(12), np.int64(51), np.int64(21), np.int64(16), np.int64(55), np.int64(22), np.int64(33), np.int64(39), np.int64(9), np.int64(16), np.int64(50), np.int64(30), np.int64(55), np.int64(46), np.int64(44), np.int64(34), np.int64(39), np.int64(30), np.int64(2), np.int64(36), np.int64(41), np.int64(3), np.int64(54), np.int64(55), np.int64(54), np.int64(2), np.int64(40), np.int64(2), np.int64(40), np.int64(55), np.int64(23), np.int64(15), np.int64(32), np.int64(48), np.int64(48), np.int64(63), np.int64(27), np.int64(25), np.int64(14), np.int64(11), np.int64(59), np.int64(37), np.int64(9), np.int64(59), np.int64(14), np.int64(57), np.int64(61), np.int64(53)]",False,False,0.0,0.0,"[46 31 55  9 30  5 30 46 22 31 30 40 13 60 54 61 37 57 40 40 52 52 31 60
 51 46 56 22 59 49 11  5 40 59 30 25  5 51 21 40 22 36 59 46 62 46 60 45
 51  1 29 36 22 62 57  1  1 12 62 22  5 51 22 62]","[30 13 42  9 30  5 30 24 30 31 23 30 13 60 49 61 37 42 39 40 42 38 31 60
 51 46  9 33 59 49 13  5 46 59 30 47  5 11 53 33 22 36 30 46 62 46 30 45
 51  1 14 36 20 62 25 33 37 30 62 60  5 51 39 35]",True,True,0.890625,1.0,"[47 31 42  9 30  5 30 46 22 45 23  1 13 60  7 61 37 57 39 40 52 52 31 27
 51 46  9 45 59 49 46  5 46 27 30  0  5 11 21 24 22 36 59 12 26 46 60 33
 51  1 29 36 22 62 27  1  1 12 62 22  5 51 22 62]","[46 31 55 30 30  5 42 46 22 31 55 37 13 60  7 61 37 57 40 55 25 38 31 60
 51 46 52 22 59 50  8  5 46 39 30 19  5 51 21 33 22 36 30 12 62 46 37 35
 61  1 14 59 22  2 42 33 37 48 57 51  5 54 44 18]",True,False,0.21875,0.1875,0.04,1.0,1.0,1,1,25,0.04,1.0,1.0,1,1,25,1.0,0.0,0.0,25,0,0,1.0,0.0,0.0,25,0,0,1.0,0.8,0.8,25,20,20,1.0,1.0,1.0,25,25,25,1.0,0.24,0.24,25,6,6,1.0,0.08,0.08,25,2,2
[0.500999   0.70781353 1.00049988 ... 0.500999   0.         1.00049988],"[23 29 29 41 37 37 44 53 24 34 21 37 17 24 17  1  9  1 49 21 58 37 52 60
 60 27 53  1 29 29 44 54  4 23 29 37 21 29 53  1 60 37 21 24 28 34 15 52
 29 34 52 58 28  1 39 23 29 49 29  5 29  2  5  5]","[23 29 29 41 37 48 44 53 39 34 35 37 17 24 17  1 59 60 49 10 58 37 52 60
 60 27 49  1 29 29 44 54  4 42 29 37 49 29  8  1 60 37 49 24 28 34  8 52
 29 34 13 23 28  1 39 39 29 49 29 39 29  2  5 49]",True,True,0.96875,0.953125,"[np.int64(55), np.int64(3), np.int64(53), np.int64(47), np.int64(50), np.int64(57), np.int64(42), np.int64(62), np.int64(40), np.int64(0), np.int64(14), np.int64(29), np.int64(43), np.int64(35), np.int64(51), np.int64(55), np.int64(11), np.int64(21), np.int64(53), np.int64(48), np.int64(34), np.int64(30), np.int64(59), np.int64(12), np.int64(22), np.int64(58), np.int64(4), np.int64(2), np.int64(30), np.int64(47), np.int64(42), np.int64(2), np.int64(41), np.int64(42), np.int64(9), np.int64(41), np.int64(37), np.int64(52), np.int64(0), np.int64(46), np.int64(10), np.int64(32), np.int64(14), np.int64(10), np.int64(4), np.int64(19), np.int64(27), np.int64(57), np.int64(45), np.int64(5), np.int64(26), np.int64(50), np.int64(30), np.int64(49), np.int64(63), np.int64(16), np.int64(14), np.int64(38), np.int64(26), np.int64(63), np.int64(1), np.int64(38), np.int64(21), np.int64(53)]","[np.int64(1), np.int64(47), np.int64(19), np.int64(54), np.int64(52), np.int64(19), np.int64(10), np.int64(52), np.int64(25), np.int64(17), np.int64(13), np.int64(34), np.int64(54), np.int64(6), np.int64(24), np.int64(63), np.int64(57), np.int64(61), np.int64(17), np.int64(44), np.int64(63), np.int64(10), np.int64(33), np.int64(34), np.int64(59), np.int64(30), np.int64(15), np.int64(40), np.int64(40), np.int64(15), np.int64(58), np.int64(46), np.int64(1), np.int64(17), np.int64(23), np.int64(21), np.int64(2), np.int64(50), np.int64(13), np.int64(28), np.int64(17), np.int64(25), np.int64(54), np.int64(4), np.int64(16), np.int64(3), np.int64(29), np.int64(2), np.int64(48), np.int64(51), np.int64(41), np.int64(42), np.int64(60), np.int64(61), np.int64(59), np.int64(4), np.int64(26), np.int64(21), np.int64(27), np.int64(60), np.int64(46), np.int64(32), np.int64(35), np.int64(60)]",False,False,0.0,0.0,"[23 29 29 41 37 37 57  4 51 34 45 37 17 45 35  1  9 60 12 21 58 37 32 60
 17 27 49  1 29 29 44 18  4 23 29 37  9 29 53 10 60 37 49 24 28 34 45 38
 29 44 52 58 28  1  8 23 29 49 29  5 29  2  5 20]","[36 29 29 41 26 37 57 53 20 62 21 37 10 45 35 58 59 60 49 50 58 37 52 60
 60 27 53  1 29 29 44 18  4 42 29 37 21 29 53  1 60 37 61 24 28 15 15 52
 29 34 52 23 27  1  8 39 29 49 29 39 29  2  5  5]",True,True,0.890625,1.0,"[23 29 29 41 37 37 44  4 51 34 19 37 17 45 35 58 50  1 49 55  8 39 52 20
 60 27 49  1 29 29 47 54  4 23 29 37 59 29 53  1 60 37 41 46 28 34 15 30
 29 34 52 58 28  1 59 39 29  6 29  5 29  2  9  5]","[23 29 29 41  7 45 44 53 24 34 39 37 10 50 17  1 59 60 49 50 58 10 52 55
 60 27 53 52 29 29 44 54  4 42 29 37 42 29 47  1 60 24 49 24 51 15 15 30
 29 17 52 23 42 26 22 23 29 36 29 39 29  2  5 61]",False,False,0.21875,0.1875,0.04,1.0,1.0,1,1,25,0.04,1.0,1.0,1,1,25,1.0,0.0,0.0,25,0,0,1.0,0.0,0.0,25,0,0,1.0,0.96,0.96,25,24,24,1.0,1.0,1.0,25,25,25,1.0,0.36,0.36,25,9,9,1.0,0.12,0.12,25,3,3
[0.         0.         1.00049988 ... 0.         0.         0.500999  ],"[38  2  8 10  8 40 21 49 43 10 43 57 60  3 30 43 33 11 38 46 33 58 18 33
 33 24 46 57 21 28 21 18 21 43 20 60 38 46 43 41  3 21 57 47 47 15 43 47
 11 44 59 59 46 57 16  2 51 44 47 58 59  8  7  8]","[15 27  8 10  8 62 21 49 43 10 43 57 60  3 55 43 33  9 38 46 33 58 45 33
 33 32 46 57 21 63 21 18 21 43  9 60 38 46 43 62 22 21 57 47 47 15 43 47
 56 44 59 59 46 57  9 18 19 44 47 58 59  8 31 33]",True,True,0.96875,0.953125,"[np.int64(13), np.int64(51), np.int64(38), np.int64(48), np.int64(22), np.int64(63), np.int64(63), np.int64(27), np.int64(39), np.int64(37), np.int64(40), np.int64(35), np.int64(53), np.int64(23), np.int64(53), np.int64(45), np.int64(52), np.int64(12), np.int64(25), np.int64(23), np.int64(25), np.int64(49), np.int64(33), np.int64(44), np.int64(63), np.int64(39), np.int64(10), np.int64(49), np.int64(7), np.int64(61), np.int64(42), np.int64(5), np.int64(44), np.int64(15), np.int64(24), np.int64(6), np.int64(25), np.int64(27), np.int64(47), np.int64(57), np.int64(14), np.int64(22), np.int64(46), np.int64(17), np.int64(60), np.int64(56), np.int64(39), np.int64(3), np.int64(30), np.int64(57), np.int64(27), np.int64(36), np.int64(51), np.int64(50), np.int64(3), np.int64(31), np.int64(55), np.int64(33), np.int64(19), np.int64(44), np.int64(47), np.int64(15), np.int64(47), np.int64(22)]","[np.int64(2), np.int64(36), np.int64(32), np.int64(1), np.int64(43), np.int64(49), np.int64(43), np.int64(18), np.int64(44), np.int64(42), np.int64(25), np.int64(46), np.int64(46), np.int64(41), np.int64(3), np.int64(1), np.int64(7), np.int64(29), np.int64(37), np.int64(23), np.int64(29), np.int64(59), np.int64(59), np.int64(16), np.int64(19), np.int64(14), np.int64(54), np.int64(15), np.int64(27), np.int64(43), np.int64(24), np.int64(13), np.int64(59), np.int64(36), np.int64(1), np.int64(2), np.int64(18), np.int64(17), np.int64(28), np.int64(11), np.int64(23), np.int64(48), np.int64(11), np.int64(57), np.int64(7), np.int64(48), np.int64(53), np.int64(5), np.int64(6), np.int64(53), np.int64(61), np.int64(38), np.int64(16), np.int64(30), np.int64(2), np.int64(55), np.int64(12), np.int64(29), np.int64(48), np.int64(32), np.int64(10), np.int64(8), np.int64(35), np.int64(61)]",False,False,0.0,0.0,"[38 27  8 10  8 40 21 49 43  2 43 57 35 41 30 43 33 11 38 46 53 58 18 33
 32 32 46 57 21 50 49 50 21 43  4 56 33 46  8 52  7 21 20 47 47 20 43 47
  4 44 59  7 26 57  9  7 48 44 47  8 59  8  7  8]","[38 23  9 20  8 40 21 63 43 10 43  9 60  3 55 43  2 11 38 46 45 58 45 51
 33 22 52 57 21 22 21 62 21 16  9 60 38 46 43 25  3 21 20 47 47 30 10 47
 11 30 59 45 46 20  9  7 19 10 47 58 20 52 28 29]",True,True,0.890625,1.0,"[24 27  9 10  8 62 24 49 43 11 43  3 35  3 30 43 33  9 38  1 33 58 45 33
  4 24 46 57 21 63 21 18 21 43  9 36 33 46 43 41 37 39 57 47 47 51 10 47
 11 44 59  7  7 57 16 18 51 38 47 58 59  8 28 27]","[15 27  1 10  8 62 21 49 59  3  3  9 60  3 30 43  2  9 38 46  3 58 40  1
 33 39  3 57 21 22 21 62  3 43 20 60 53 46 43 25 22 39 57 47 47 22 43 47
 11  7 59 45  7 57 16 14 62 42 47  8 59  4 56  8]",False,False,0.21875,0.1875,0.04,1.0,1.0,1,1,25,0.04,1.0,1.0,1,1,25,1.0,0.0,0.0,25,0,0,1.0,0.0,0.0,25,0,0,1.0,0.92,0.92,25,23,23,1.0,1.0,1.0,25,25,25,1.0,0.16,0.16,25,4,4,1.0,0.04,0.04,25,1,1
[0.         0.         0.70781353 ... 0.70781353 0.         0.        ],"[36 32 10 43 10 46 37 33 44 25 34 28 18 54 34 10 18 38  3 51  6 36  5 37
 35 30 14 49 51 24 19 40  8 15 44 55 35 35 38 15 17 14 52 55 40  3 40 28
 18  8 51 44 28 48 31 40 43 43  7 57 44 27 30  6]","[16 32 10 43 49 46 37 33 44 25 34 28 18 54 34 10 18 38 15 51  6 36  5 22
 35 30  4 49 51 15 18 40  8 15 44 55 35 35 38 15 17 32 52 55 40 18 40 28
 18  8 51 44 28 48 31 40 43 43  7 57 44 27 30 27]",True,True,0.96875,0.953125,"[np.int64(50), np.int64(60), np.int64(61), np.int64(8), np.int64(46), np.int64(42), np.int64(38), np.int64(45), np.int64(57), np.int64(21), np.int64(54), np.int64(36), np.int64(13), np.int64(19), np.int64(61), np.int64(36), np.int64(15), np.int64(23), np.int64(63), np.int64(43), np.int64(21), np.int64(45), np.int64(48), np.int64(51), np.int64(56), np.int64(37), np.int64(5), np.int64(25), np.int64(23), np.int64(12), np.int64(49), np.int64(6), np.int64(35), np.int64(46), np.int64(55), np.int64(3), np.int64(27), np.int64(61), np.int64(59), np.int64(24), np.int64(30), np.int64(38), np.int64(33), np.int64(29), np.int64(44), np.int64(52), np.int64(35), np.int64(50), np.int64(48), np.int64(58), np.int64(6), np.int64(63), np.int64(39), np.int64(42), np.int64(25), np.int64(41), np.int64(21), np.int64(16), np.int64(60), np.int64(54), np.int64(14), np.int64(16), np.int64(62), np.int64(21)]","[np.int64(32), np.int64(51), np.int64(12), np.int64(34), np.int64(1), np.int64(45), np.int64(10), np.int64(17), np.int64(3), np.int64(40), np.int64(49), np.int64(16), np.int64(61), np.int64(41), np.int64(52), np.int64(37), np.int64(41), np.int64(56), np.int64(49), np.int64(52), np.int64(60), np.int64(25), np.int64(16), np.int64(55), np.int64(55), np.int64(32), np.int64(17), np.int64(25), np.int64(22), np.int64(27), np.int64(33), np.int64(34), np.int64(53), np.int64(52), np.int64(1), np.int64(59), np.int64(41), np.int64(0), np.int64(63), np.int64(9), np.int64(35), np.int64(60), np.int64(46), np.int64(0), np.int64(57), np.int64(36), np.int64(9), np.int64(38), np.int64(57), np.int64(57), np.int64(44), np.int64(56), np.int64(23), np.int64(56), np.int64(23), np.int64(33), np.int64(37), np.int64(33), np.int64(55), np.int64(51), np.int64(13), np.int64(1), np.int64(2), np.int64(51)]",False,False,0.0,0.0,"[36 32 10 43 49 46 37 33 44 42 34 28 18 54 56 10  6 38 19 51  6 36  5 37
 35 30 14  2 51 15 18 40 43 15 44 55 35 35 38 16 17 14 52 55 40 18 40 28
 18  8 51 44 28 48 31 40 18 35  7 57 44 20 30  6]","[16 32 10 43 10 46 41 33 44 42 34 28 18 56 34 10 18 38 19 51 61 36  5 22
 29 30 14  2 51 15 19 40  8 23 44 55 37  6 38 15 17 32 52 55 40 18 40 28
 18  8 51 44 28 48 31 40 14 43  7 57 44 62 30 27]",True,True,0.890625,1.0,"[16 32 10 43 10 46 63 39 44 42  2 57 18 54 34 10 12 38  3 51  6 36  5 22
 35 30  4 63 51 24 28 40  8 15 44 55 35 35 38 15 17 50  9 55 40  3 40 28
 53  8 51 44 28 48 31 40 43 43  7 57 44 59 30  6]","[36 32 10 18 49 46 37 33 44 25 34 28 16 54 34 33 39 38 56 51  6 36 23 33
 35  9 59 61 22 48 19 40 43 15 44 55 37 35 38 15 17 50 52 55 40  3 40 28
 18 56 51 44 28 48 31 40 43 59  7 26 44 59 30  6]",False,False,0.21875,0.1875,0.04,1.0,1.0,1,1,25,0.04,1.0,1.0,1,1,25,1.0,0.0,0.0,25,0,0,1.0,0.0,0.0,25,0,0,1.0,0.08,0.08,25,2,2,1.0,1.0,1.0,25,25,25,1.0,0.0,0.0,25,0,0,1.0,0.0,0.0,25,0,0
[0.         0.70781353 0.70781353 ... 0.         0.         0.        ],"[36 25 12 30 39 22 12 50 35 56 49 49 35 43  8 54 19 53 12 60  0 11 56 54
 28 35 43 50 35 51 46 37 60  5 46 56 22 56 25 49 57 11 22 60 37 55 56 49
 36 56 37 22 19 46 60 35 56 37 46 46 56 32 35 47]","[36 55 44 30 59 22 12 50 35 56 49 49 49 43  8 18 10 53 12 60  0 11 56 55
 28 35 43 50 35 53 60 37 60 53 46 56 49 56  7 49 57 11 16 60 37 55 56 49
 36 56 37 22 19 46 60 37 56 37 46 60 56 15 35 47]",True,True,0.96875,0.953125,"[np.int64(62), np.int64(48), np.int64(7), np.int64(33), np.int64(5), np.int64(54), np.int64(55), np.int64(50), np.int64(33), np.int64(43), np.int64(54), np.int64(24), np.int64(49), np.int64(42), np.int64(39), np.int64(47), np.int64(60), np.int64(5), np.int64(44), np.int64(19), np.int64(26), np.int64(51), np.int64(42), np.int64(52), np.int64(25), np.int64(24), np.int64(3), np.int64(24), np.int64(13), np.int64(14), np.int64(43), np.int64(61), np.int64(29), np.int64(47), np.int64(16), np.int64(29), np.int64(31), np.int64(10), np.int64(39), np.int64(26), np.int64(15), np.int64(7), np.int64(34), np.int64(4), np.int64(57), np.int64(19), np.int64(63), np.int64(18), np.int64(63), np.int64(32), np.int64(1), np.int64(39), np.int64(9), np.int64(27), np.int64(21), np.int64(6), np.int64(40), np.int64(51), np.int64(0), np.int64(14), np.int64(63), np.int64(35), np.int64(9), np.int64(57)]","[np.int64(3), np.int64(48), np.int64(28), np.int64(16), np.int64(30), np.int64(23), np.int64(38), np.int64(27), np.int64(5), np.int64(62), np.int64(2), np.int64(2), np.int64(30), np.int64(18), np.int64(21), np.int64(62), np.int64(43), np.int64(45), np.int64(2), np.int64(10), np.int64(21), np.int64(1), np.int64(33), np.int64(27), np.int64(6), np.int64(26), np.int64(41), np.int64(61), np.int64(11), np.int64(6), np.int64(39), np.int64(54), np.int64(31), np.int64(40), np.int64(30), np.int64(29), np.int64(55), np.int64(23), np.int64(25), np.int64(25), np.int64(56), np.int64(43), np.int64(54), np.int64(36), np.int64(54), np.int64(20), np.int64(7), np.int64(3), np.int64(59), np.int64(12), np.int64(7), np.int64(37), np.int64(28), np.int64(22), np.int64(47), np.int64(60), np.int64(58), np.int64(35), np.int64(28), np.int64(2), np.int64(11), np.int64(32), np.int64(15), np.int64(25)]",False,False,0.0,0.0,"[36 25 51 30 59 22 31 53 46 56 49 49 19 43  8 21 32 53 12 60  0 11 56 55
 28 35 43 50 35 51 60 37 34  5 46 56 22 56 25  4 57 11 22 60 62  0 56 49
 11 56 37 22 43 46 60 35 56 37  5 60 56 32 35 47]","[36 18 12 16 47 22 31 50 35 56 49 49 51 33  8 54 10 23 12 12  0 48 56 47
 28 12 13 10 35 51 60 37 60  5 50 56 49 56 25 49 57 47 22 60 37  0 56 49
 36 56 37 22 19 46 11 35 56 60  5 60 56 32 35 47]",True,True,0.890625,1.0,"[36 25 12 41 39 22 12 50 36 56 49 49 36 43  8 47 32 53  1 60  0 48 56 54
 21 35 43 33 55 51 46 37 60  5 46 56 22 56 25 12 32 38 22 60 37 55 56 49
 29 56 37 22 43 46 60 37 56 37 46 60 56 32 35 48]","[36 25 12 16 39 33 12 53 35 56 49 54 19 29  8 47 19 53 58 60  0 11 56 47
 21 35 43 10 24 13 60  6 60 27 32 56 49 56 25 49 57 47 16 60 37  0 56 49
 29 56 37 22 19 46 60 37 56 37 57 10 56 32 35 47]",True,False,0.21875,0.1875,0.04,1.0,1.0,1,1,25,0.04,1.0,1.0,1,1,25,1.0,0.0,0.0,25,0,0,1.0,0.0,0.0,25,0,0,1.0,0.96,0.96,25,24,24,1.0,1.0,1.0,25,25,25,1.0,0.32,0.32,25,8,8,1.0,0.16,0.16,25,4,4
[0.500999   1.00049988 0.         ... 0.         0.500999   1.00049988],"[62 37  1 58 34 37  5 21 21 28 14 32 14 39 37 34 20 29 37 27 26 18  1 51
  6 32 37 14 51 10 34  5  5 18  1 23  1 37  5 20 33 25  8 22 22  5  6  6
 33 29  1 18 16 44 43 50  6 32 25 25 62  4 32 39]","[62 37  1 58 34 37  5 21 21 43 14 32 18 39 37 34 25 28 37 27 26 18  1 51
  6 50 37 14 34 10 34  5  5 18  1 55  1 37  5 27 33 25  8 27  8  5  6  6
 33 29  1 18 16 44 43 50 33 32 25 25 62  4 36 39]",True,True,0.96875,0.953125,"[np.int64(55), np.int64(33), np.int64(46), np.int64(59), np.int64(6), np.int64(14), np.int64(46), np.int64(33), np.int64(2), np.int64(52), np.int64(10), np.int64(53), np.int64(21), np.int64(3), np.int64(36), np.int64(56), np.int64(6), np.int64(13), np.int64(31), np.int64(42), np.int64(6), np.int64(46), np.int64(19), np.int64(18), np.int64(40), np.int64(25), np.int64(25), np.int64(43), np.int64(27), np.int64(57), np.int64(21), np.int64(30), np.int64(46), np.int64(21), np.int64(17), np.int64(52), np.int64(39), np.int64(19), np.int64(15), np.int64(37), np.int64(5), np.int64(40), np.int64(5), np.int64(46), np.int64(29), np.int64(56), np.int64(49), np.int64(30), np.int64(42), np.int64(26), np.int64(11), np.int64(60), np.int64(53), np.int64(24), np.int64(3), np.int64(21), np.int64(30), np.int64(8), np.int64(29), np.int64(59), np.int64(62), np.int64(59), np.int64(42), np.int64(35)]","[np.int64(33), np.int64(40), np.int64(23), np.int64(55), np.int64(46), np.int64(40), np.int64(48), np.int64(42), np.int64(59), np.int64(23), np.int64(4), np.int64(43), np.int64(61), np.int64(59), np.int64(52), np.int64(13), np.int64(23), np.int64(43), np.int64(37), np.int64(38), np.int64(53), np.int64(22), np.int64(34), np.int64(47), np.int64(35), np.int64(61), np.int64(23), np.int64(17), np.int64(27), np.int64(46), np.int64(14), np.int64(63), np.int64(44), np.int64(3), np.int64(55), np.int64(7), np.int64(30), np.int64(31), np.int64(5), np.int64(19), np.int64(19), np.int64(56), np.int64(3), np.int64(3), np.int64(39), np.int64(62), np.int64(47), np.int64(9), np.int64(13), np.int64(10), np.int64(15), np.int64(61), np.int64(20), np.int64(43), np.int64(22), np.int64(19), np.int64(22), np.int64(7), np.int64(45), np.int64(22), np.int64(36), np.int64(42), np.int64(42), np.int64(11)]",False,False,0.0,0.0,"[62 37  1 58 34 37 26 21 21 46 14 32 14 39 37 40 20 29 37 27 26 18  1 28
  6 11 37 14 34 10 34  5  5 18  1 60  1 37  5 20 27 35  8 27 22  5  6  6
  9 29  1 18 16 44 43 35  6 32  9 25 62  4 32 52]","[62 37 32 58 34 37 26 15 21 43 14 25 14 62 37 40 20  7 37 39 26  7  1 51
  6 40 37 14 34  4 34  5  5 18  1 55  1 37  5 27 27 25 58 27 11  5  6  6
 33 29  1 18 16 44 43 47 43 32 25 55 62  4 32 39]",True,True,0.890625,1.0,"[58 37 22 58 34 37  5 21 21 46 14  8 14 39 37 40 45  7 37 27 26 18  1 51
  6 40 37 14 51 10 34  5  5 18  1 23  1 37  5 27 33 25 58 29 22  5  6  6
 33 29  1 18 16 44 43 50 33 32  9 25 62  4  4 52]","[62 37 32 58 62 37 26 17 50 48 29 44 18 62 37 40 52 28 37 39 39 18  1 56
 56 32 37  6 34 57 34  5  5 18  1 41  1 37  5 45 33 25 58  4 22  5  6 51
 39 43  1 18 63 44 43 60 43 32 25 25 62  4 36 62]",True,True,0.21875,0.1875,0.04,1.0,1.0,1,1,25,0.04,1.0,1.0,1,1,25,1.0,0.0,0.0,25,0,0,1.0,0.0,0.0,25,0,0,1.0,0.88,0.88,25,22,22,1.0,1.0,1.0,25,25,25,1.0,0.24,0.24,25,6,6,1.0,0.16,0.16,25,4,4
[1.00049988 0.         0.         ... 0.         0.500999   1.00049988],"[48 33 48 11 38 56 13 58 13 35 13 57  6 48  1 58 56 50 59  2 59 36 56  2
 50 52 39 60 48 19 58 50 23 56 52  6 13 24 22 36 57 30 23 31  5 21  8 23
 48 34 48 59 48  2 33 50 48 48 48  0 13 25 30  2]","[48 22 48 11 38 56 13 58 13  3 13 57 31 48  1 58 13 50  1  2 11 36 50  2
 50 52 61 60 48 19 58 50 11 56 52  6 13 24 22 36 57 11 34 34 22 21 35 53
 48 34 48 59 48  2 33 50 48 48 48  0 13 25 30 52]",True,True,0.96875,0.953125,"[np.int64(40), np.int64(14), np.int64(54), np.int64(51), np.int64(45), np.int64(3), np.int64(19), np.int64(1), np.int64(48), np.int64(42), np.int64(26), np.int64(61), np.int64(53), np.int64(28), np.int64(26), np.int64(48), np.int64(40), np.int64(29), np.int64(19), np.int64(59), np.int64(55), np.int64(62), np.int64(33), np.int64(23), np.int64(5), np.int64(40), np.int64(21), np.int64(16), np.int64(46), np.int64(42), np.int64(52), np.int64(7), np.int64(11), np.int64(63), np.int64(2), np.int64(24), np.int64(51), np.int64(55), np.int64(35), np.int64(34), np.int64(49), np.int64(13), np.int64(11), np.int64(41), np.int64(54), np.int64(6), np.int64(3), np.int64(41), np.int64(3), np.int64(17), np.int64(30), np.int64(46), np.int64(9), np.int64(24), np.int64(20), np.int64(32), np.int64(13), np.int64(25), np.int64(36), np.int64(62), np.int64(58), np.int64(43), np.int64(1), np.int64(56)]","[np.int64(21), np.int64(50), np.int64(10), np.int64(21), np.int64(8), np.int64(60), np.int64(14), np.int64(58), np.int64(1), np.int64(6), np.int64(32), np.int64(61), np.int64(13), np.int64(45), np.int64(13), np.int64(41), np.int64(2), np.int64(11), np.int64(50), np.int64(27), np.int64(44), np.int64(13), np.int64(38), np.int64(33), np.int64(28), np.int64(16), np.int64(14), np.int64(7), np.int64(62), np.int64(35), np.int64(31), np.int64(48), np.int64(26), np.int64(17), np.int64(48), np.int64(56), np.int64(20), np.int64(46), np.int64(20), np.int64(61), np.int64(1), np.int64(12), np.int64(39), np.int64(6), np.int64(5), np.int64(5), np.int64(61), np.int64(63), np.int64(44), np.int64(22), np.int64(22), np.int64(50), np.int64(0), np.int64(57), np.int64(13), np.int64(2), np.int64(21), np.int64(3), np.int64(42), np.int64(29), np.int64(26), np.int64(40), np.int64(59), np.int64(33)]",False,False,0.0,0.0,"[48 42 48 10 38 56 13 13 25 35 13 57  6 48  1 58 13 50 59  2 11 36 50  2
 50 58 39 32 48 19 58 50  8 56 49  6 19 24 19 36 57 53 23 34 25 21  8 55
 48 55 48 59 48  2 33 50 48 48 48  0 13 25 30  2]","[48 22 48 11 38 25 35 58 13 35 13 57 34 48  1 58 13 50  1  2 32 36 56  2
 50 52 39 32 48 19 58 50 34 56 33 32 13 49 22 49 57 11 34 34 25 21 35 53
 48 34 48 43 48  2 33 50 48 48 48  0 13 25 63  2]",True,True,0.890625,1.0,"[48 22 48 10 38 56 13 13 13 47 13 57 34 48  1 58 56 50 38  2 11 36 56  2
 50 58 39 26 48 60 58 34 23 56 43 63 13 24 22 36 57 11 23 31 22 21  8 55
 48 34 48 38 48  2 33 50 48 48 48  0 13 60 30 52]","[48 22 48 10 51 56 35 35 13 35 13 20  3 48  1 61 56 50  1  2 59 36 56 47
 50 58 61 32 48 19 41 50 23 56 52 46 13 49 53 49 57 11  1 34 22 21  8 53
 48 39 48 59 48 17 33 50 48 48 48  0 13 25 30  2]",False,False,0.21875,0.1875,0.04,1.0,1.0,1,1,25,0.04,1.0,1.0,1,1,25,1.0,0.0,0.0,25,0,0,1.0,0.0,0.0,25,0,0,1.0,0.96,0.96,25,24,24,1.0,1.0,1.0,25,25,25,1.0,0.2,0.2,25,5,5,1.0,0.16,0.16,25,4,4
[0.500999   0.         0.         ... 0.         0.         1.00049988],"[59  4  4 15 25 13 63 47 25 43 40 22 47  8 19  8 30  4 37  4  3  8 17 59
  7 25 20  0 47 19  8 25  1  0  8 15 39 51 13 20 23 12  2 23 15 44 34  8
 19 54 13 60  4 30  8 14  7 13  4 25 59 10  1 23]","[59  4  4 15 25  3 63 47 25 43 40 22 47  8 19  8 52  4 37  4  3  8 47 59
 44 25 20 21 47 19  8 25  1  3  8 15 39 49 13 48 23 12  2  1 17 44 47  8
 19  5 13 60  4 16  8 14 44  3  4 25 59 10  1 47]",True,True,0.96875,0.953125,"[np.int64(58), np.int64(57), np.int64(48), np.int64(36), np.int64(8), np.int64(1), np.int64(38), np.int64(24), np.int64(5), np.int64(41), np.int64(38), np.int64(19), np.int64(17), np.int64(33), np.int64(31), np.int64(7), np.int64(13), np.int64(18), np.int64(63), np.int64(23), np.int64(0), np.int64(53), np.int64(0), np.int64(5), np.int64(29), np.int64(16), np.int64(56), np.int64(23), np.int64(53), np.int64(2), np.int64(32), np.int64(0), np.int64(26), np.int64(33), np.int64(57), np.int64(36), np.int64(55), np.int64(41), np.int64(60), np.int64(36), np.int64(34), np.int64(14), np.int64(34), np.int64(61), np.int64(28), np.int64(33), np.int64(36), np.int64(26), np.int64(23), np.int64(60), np.int64(41), np.int64(18), np.int64(6), np.int64(42), np.int64(37), np.int64(51), np.int64(60), np.int64(14), np.int64(7), np.int64(7), np.int64(39), np.int64(2), np.int64(11), np.int64(1)]","[np.int64(57), np.int64(19), np.int64(63), np.int64(39), np.int64(43), np.int64(16), np.int64(44), np.int64(12), np.int64(32), np.int64(26), np.int64(47), np.int64(44), np.int64(26), np.int64(53), np.int64(25), np.int64(14), np.int64(19), np.int64(49), np.int64(37), np.int64(10), np.int64(4), np.int64(49), np.int64(46), np.int64(20), np.int64(51), np.int64(24), np.int64(5), np.int64(14), np.int64(17), np.int64(47), np.int64(24), np.int64(32), np.int64(38), np.int64(18), np.int64(60), np.int64(4), np.int64(42), np.int64(15), np.int64(6), np.int64(60), np.int64(8), np.int64(27), np.int64(11), np.int64(43), np.int64(33), np.int64(20), np.int64(60), np.int64(46), np.int64(28), np.int64(50), np.int64(40), np.int64(56), np.int64(25), np.int64(23), np.int64(20), np.int64(28), np.int64(31), np.int64(29), np.int64(4), np.int64(51), np.int64(20), np.int64(25), np.int64(8), np.int64(62)]",False,False,0.0,0.0,"[59  4  4 27 25 49 63 47 25 43  6 48 47  8 19  8 30  4 37  4 37  8 17 59
  7 25 20 53 47 19  8 25 57 30  8 15 39 49 13 20 16 12 53 23 17 44 54  8
 19 54 13 60  4 30  8 14  7 13  4 25 59 10 47 23]","[59  4  4  1 25 13 10 16 25 43 40 48 47  8 19  8  3  4 37  4 32  8 47 59
 44 25 20  2 47 19  8 25  1  0  8 15 39 20 19 48 23 12  2  1 17 44 47  8
 19 57 58 60  4 27  8 14 44 13  4 25 59 10  1 47]",True,True,0.890625,1.0,"[23  4  4 16 25 13 10 47 25 43  6 22 47  5 19  8 54  4 37  4  3  8 47 59
 44 25 20  2 47 19  8 25  1  0  8 15 39 51 51 20 21 12  2 23 15 44 34  8
 19 54 58 38  4 16  8 14 44  3  4 25 15 10  1 47]","[59  4 27 16 25 49 56 47 25 43 40 22 47  8 19  8 52 22 37 38  3  8 47 59
  7 25 20  3 47 52  8 25  1  0  8 15 39 20 13 48 22 12 53 23 17 44 34  8
 19 54  5  7 57 27  8 14 44 13  4 25 59 10 47 47]",False,True,0.21875,0.1875,0.04,1.0,1.0,1,1,25,0.04,1.0,1.0,1,1,25,1.0,0.0,0.0,25,0,0,1.0,0.0,0.0,25,0,0,1.0,0.76,0.76,25,19,19,1.0,1.0,1.0,25,25,25,1.0,0.12,0.12,25,3,3,1.0,0.12,0.12,25,3,3
[0.         1.00049988 0.         ... 0.         0.70781353 1.00049988],"[43 11 29 55  5 11 52 56 40  0 63 17 38  0 22 13 52 17 11 22  8  1 29 17
 52  8 40  5 24 17 62 60 14 55 33 19 14 60  3 48 23  5 52 55  3 52 52  3
  8 45  2 23 23 60 38 17  0 18 20 56 11 37 23 53]","[43 11 11 55  5 11 52 56 35 16 63 17 38  0 50 13 52 17 11  1 15  1 29 17
 52  8 54  5 21 17 50 60 14 55 33 41 14 60  3 48 23  5 52 55  3 52 52  3
 53 27  2 11 23 60 38 17 34 14  7 13 11 37 29 53]",True,True,0.96875,0.953125,"[np.int64(63), np.int64(52), np.int64(46), np.int64(14), np.int64(17), np.int64(36), np.int64(6), np.int64(4), np.int64(15), np.int64(13), np.int64(37), np.int64(51), np.int64(29), np.int64(19), np.int64(29), np.int64(53), np.int64(54), np.int64(4), np.int64(48), np.int64(37), np.int64(60), np.int64(32), np.int64(45), np.int64(15), np.int64(34), np.int64(15), np.int64(37), np.int64(22), np.int64(58), np.int64(60), np.int64(25), np.int64(1), np.int64(52), np.int64(61), np.int64(6), np.int64(32), np.int64(50), np.int64(56), np.int64(21), np.int64(56), np.int64(3), np.int64(10), np.int64(59), np.int64(15), np.int64(44), np.int64(47), np.int64(26), np.int64(50), np.int64(40), np.int64(9), np.int64(58), np.int64(22), np.int64(2), np.int64(11), np.int64(33), np.int64(46), np.int64(6), np.int64(10), np.int64(15), np.int64(4), np.int64(3), np.int64(31), np.int64(38), np.int64(54)]","[np.int64(39), np.int64(55), np.int64(51), np.int64(57), np.int64(15), np.int64(14), np.int64(4), np.int64(3), np.int64(1), np.int64(62), np.int64(36), np.int64(59), np.int64(32), np.int64(28), np.int64(51), np.int64(3), np.int64(33), np.int64(32), np.int64(4), np.int64(58), np.int64(2), np.int64(32), np.int64(33), np.int64(55), np.int64(58), np.int64(59), np.int64(6), np.int64(43), np.int64(2), np.int64(17), np.int64(23), np.int64(57), np.int64(32), np.int64(19), np.int64(53), np.int64(44), np.int64(0), np.int64(35), np.int64(42), np.int64(42), np.int64(14), np.int64(15), np.int64(23), np.int64(28), np.int64(48), np.int64(42), np.int64(42), np.int64(22), np.int64(33), np.int64(37), np.int64(36), np.int64(47), np.int64(31), np.int64(44), np.int64(41), np.int64(31), np.int64(43), np.int64(27), np.int64(36), np.int64(63), np.int64(13), np.int64(58), np.int64(19), np.int64(12)]",False,False,0.0,0.0,"[43 11 11 55 19 11 52 56 40 16 63 17 38  0 22 12 52 17 11 22 15  1 29 17
 52  8 40  5 21 17 62 60 14 55 31  8 21 38 52 48 23  5 52 55 20 52 52  3
 53 27  2 23 23 60 26 17 24 18 20 56 11 37 29 37]","[43 11 29 55  5 11 14 58 48  0 63 17 38  0 50 20 48 17 11 50 44  1 29 17
 28  8  4  5 21 17 50 14 14 55 31 41 14 60  3 48 23  5 21 55 60 30 34 48
 53 27  2 11 23 60 31 17 34 60 20 13 11 37 29 37]",True,True,0.890625,1.0,"[13 11 29 55 31 41 52 56 20 16 63 17 38  0 22 13 48 17 11  1 15  1  1 17
 52  8 40  5 24 17 50 34 14 55 56  8 21 60  3 48 23 53 21 55 60 52 52  3
  8  9  2 23 23 14 38 17 34 18 20 13 11 12 29 53]","[56 11 11 55 13 11 52 56 48 16 63 17 38 59 50 12 48 17 11 50  8 42 29 17
 52  8 54  5 21 17 45 60 14 55 33 19 32 38 52 48  8 53 52 55 60 52 52  3
 53 45 14 11 23 14 48 17  0 60  7 13 57 12 23 32]",False,False,0.21875,0.1875,0.04,1.0,1.0,1,1,25,0.04,1.0,1.0,1,1,25,1.0,0.0,0.0,25,0,0,1.0,0.0,0.0,25,0,0,1.0,0.92,0.92,25,23,23,1.0,1.0,1.0,25,25,25,1.0,0.12,0.12,25,3,3,1.0,0.04,0.04,25,1,1
[1.00049988 0.         0.500999   ... 0.70781353 0.         0.        ],"[36 54 17 52 35 28  6 16 22 33  0 41 36 14  6 33 62 36 16 52 21 33 14 12
 22 17 59 28 36 17 23 33 52 14 14 59  6 22 34 34 13 36 63 28 23 60 54 12
 12  3 13  2 14 63 36 36 41 54 12 36 29 36  6 17]","[36 54 17 52 32 28  6 16 22 33  0 41 36 14  6 33 62 36 16 52 21 41 14 41
 30 17 59 34 36 17 24  7 52 14 14 57  6 43 34 34 13 36 63 55 47 60 54 59
  8  3 13 27 14 63 36 36 41 54 41 36 49 36  6 17]",True,False,0.96875,0.953125,"[np.int64(56), np.int64(55), np.int64(2), np.int64(10), np.int64(35), np.int64(28), np.int64(44), np.int64(48), np.int64(22), np.int64(6), np.int64(9), np.int64(25), np.int64(47), np.int64(50), np.int64(39), np.int64(43), np.int64(1), np.int64(47), np.int64(47), np.int64(29), np.int64(55), np.int64(29), np.int64(51), np.int64(4), np.int64(42), np.int64(58), np.int64(41), np.int64(41), np.int64(40), np.int64(51), np.int64(46), np.int64(5), np.int64(26), np.int64(12), np.int64(56), np.int64(43), np.int64(46), np.int64(55), np.int64(12), np.int64(56), np.int64(18), np.int64(51), np.int64(24), np.int64(39), np.int64(9), np.int64(47), np.int64(4), np.int64(55), np.int64(51), np.int64(14), np.int64(63), np.int64(1), np.int64(41), np.int64(17), np.int64(60), np.int64(41), np.int64(23), np.int64(43), np.int64(57), np.int64(15), np.int64(35), np.int64(48), np.int64(15), np.int64(16)]","[np.int64(32), np.int64(31), np.int64(62), np.int64(55), np.int64(41), np.int64(14), np.int64(59), np.int64(46), np.int64(46), np.int64(14), np.int64(16), np.int64(50), np.int64(44), np.int64(29), np.int64(2), np.int64(5), np.int64(25), np.int64(10), np.int64(2), np.int64(57), np.int64(22), np.int64(0), np.int64(53), np.int64(23), np.int64(9), np.int64(42), np.int64(28), np.int64(43), np.int64(62), np.int64(60), np.int64(51), np.int64(58), np.int64(31), np.int64(16), np.int64(39), np.int64(5), np.int64(7), np.int64(29), np.int64(16), np.int64(4), np.int64(41), np.int64(56), np.int64(16), np.int64(17), np.int64(52), np.int64(32), np.int64(24), np.int64(24), np.int64(16), np.int64(60), np.int64(40), np.int64(20), np.int64(37), np.int64(60), np.int64(51), np.int64(43), np.int64(2), np.int64(60), np.int64(14), np.int64(46), np.int64(55), np.int64(44), np.int64(24), np.int64(34)]",False,False,0.0,0.0,"[36 54 51 52 32 28  6 31 22 33 44  7 36 14  6  9 54 36 16  2 21 41 13 12
 22  0 59 28 36 17  1 28 52 14 14  2  6 22 31 32 13 36 63 28 23 60 54 12
 12 58 13 31 59 63 36 36 41 54 12 36 29 12  6 47]","[36 54  0 52 35 28  6 34 22 15  0 35 23 14  6 33 54 36 16 52 21 41 14 41
 22 17 59  8 36 17 23  7 52 14 14  2  6 57 34 34 13 36 26 37 23 60 54 59
 63 58 13 50 14 63 36 36 41 52 41 36 29 34  6 17]",True,True,0.890625,1.0,"[36 21 19 52 49 28  6 34 33 24  2  7 36 14  6 33 62 36 16 52 21 27 14 12
  9  0 59 34 36  8  1 33 15 14 14  2  6  8 34 34 13 36 63 55  9 60 54 12
 12 60 13 31 59 63 36 36 41 25 47 36 49 36  6 17]","[36 54 19 49 49 28  6 11 37 44  0 41 48 14  6 46 62 36 16 52 21  1 14 41
 30 17 59 34 36 17 23  7 52 21 14  4  6 43 31 34 13 36 63 55 23 60 34 12
 31  3 13 50 14 63 36 36 41 52 41 52 49  8  6 17]",False,False,0.21875,0.1875,0.04,1.0,1.0,1,1,25,0.04,0.0,0.0,1,0,0,1.0,0.0,0.0,25,0,0,1.0,0.0,0.0,25,0,0,1.0,0.96,0.96,25,24,24,1.0,1.0,1.0,25,25,25,1.0,0.28,0.28,25,7,7,1.0,0.04,0.04,25,1,1
[0.500999   0.70781353 1.00049988 ... 0.500999   0.         1.00049988],"[23 29 29 41 37 37 44 53 24 34 21 37 17 24 17  1  9  1 49 21 58 37 52 60
 60 27 53  1 29 29 44 54  4 23 29 37 21 29 53  1 60 37 21 24 28 34 15 52
 29 34 52 58 28  1 39 23 29 49 29  5 29  2  5  5]","[23 29 29 41 37 48 44 53 39 34 35 37 17 24 17  1 59 60 49 10 58 37 52 60
 60 27 49  1 29 29 44 54  4 42 29 37 49 29  8  1 60 37 49 24 28 34  8 52
 29 34 13 23 28  1 39 39 29 49 29 39 29  2  5 49]",True,True,0.96875,0.953125,"[np.int64(51), np.int64(20), np.int64(26), np.int64(34), np.int64(35), np.int64(21), np.int64(34), np.int64(44), np.int64(27), np.int64(37), np.int64(22), np.int64(53), np.int64(1), np.int64(13), np.int64(39), np.int64(43), np.int64(14), np.int64(24), np.int64(20), np.int64(40), np.int64(16), np.int64(56), np.int64(37), np.int64(59), np.int64(37), np.int64(54), np.int64(16), np.int64(59), np.int64(61), np.int64(11), np.int64(21), np.int64(19), np.int64(27), np.int64(5), np.int64(62), np.int64(34), np.int64(29), np.int64(2), np.int64(33), np.int64(0), np.int64(41), np.int64(1), np.int64(12), np.int64(45), np.int64(36), np.int64(9), np.int64(10), np.int64(25), np.int64(18), np.int64(27), np.int64(48), np.int64(46), np.int64(2), np.int64(25), np.int64(54), np.int64(39), np.int64(28), np.int64(39), np.int64(44), np.int64(32), np.int64(28), np.int64(28), np.int64(51), np.int64(19)]","[np.int64(20), np.int64(16), np.int64(36), np.int64(44), np.int64(49), np.int64(62), np.int64(57), np.int64(50), np.int64(56), np.int64(42), np.int64(44), np.int64(42), np.int64(22), np.int64(9), np.int64(38), np.int64(26), np.int64(15), np.int64(27), np.int64(49), np.int64(6), np.int64(56), np.int64(37), np.int64(28), np.int64(24), np.int64(54), np.int64(36), np.int64(47), np.int64(36), np.int64(58), np.int64(31), np.int64(29), np.int64(10), np.int64(21), np.int64(49), np.int64(0), np.int64(37), np.int64(1), np.int64(21), np.int64(20), np.int64(49), np.int64(36), np.int64(54), np.int64(57), np.int64(32), np.int64(16), np.int64(9), np.int64(51), np.int64(46), np.int64(11), np.int64(33), np.int64(59), np.int64(37), np.int64(32), np.int64(39), np.int64(10), np.int64(34), np.int64(17), np.int64(53), np.int64(1), np.int64(39), np.int64(61), np.int64(36), np.int64(31), np.int64(19)]",False,False,0.0,0.0,"[23 29 29 41 37 37 44  4 10 34 21 37 10 24 25 58 19 14 49 21 58 37 32 60
 34 57  4  1 29 29 44 18  4 23 29 37 21 29 43  1 60 52 33 24 28 34 15 38
 29 34 13 58 28  1  8 23 29 49 29  5 29  2  5 49]","[23 29 29 41 37 48 44 23 20 34  8 37 17 24 41 58  0 60 49 10 58 42 52 60
 17 14 53 52 29 29 54 54 22 23 29 37 49 29 41  1 60  9 49 24 28 34  8 52
 29 17 16 23 28  1 39 39 29 49 29 39 29 42 14 49]",True,True,0.890625,1.0,"[23 29 29 41 37 37 44  4 10 62 39  4 17 45 41 58 50  1 12 10 23 37 52 60
 60 27 49  1 29 29 47 54  4 23 29 37 21 29 62 10 60 37 33 24 51 34 45 52
 29 34 52 58 28 58  8 23 29 36 29 39 29  2 14  5]","[36 29 29 41 37 37 44 23 20 34 45 37 10 24 17  1  9  1 12 21 63 10 52 60
 60 14 49  1 29 29 54 18  4 42 29 37 49 29 53  1 60 37 33 24 28 34  8 30
 29 34 13 23 27  1 59 39 29 49 29 39 29 42  9  5]",False,False,0.21875,0.1875,0.04,1.0,1.0,1,1,25,0.04,1.0,1.0,1,1,25,1.0,0.0,0.0,25,0,0,1.0,0.0,0.0,25,0,0,1.0,0.92,0.92,25,23,23,1.0,1.0,1.0,25,25,25,1.0,0.4,0.4,25,10,10,1.0,0.2,0.2,25,5,5
[1.00049988 0.         0.         ... 1.00049988 0.         0.500999  ],"[16 24 19 40 41 19 52 15 40 31 33 15 41  9 61 16 52 42 19 52  0 33 12 62
  3 28 33 19 13 19 35 31 29 40 36 19 41  6 48 52 31 31 33 22 61 36  0 54
 40  6 19 36 31 62 39 49 16 37 38 36 61 52 52 16]","[16 24 19 40 41 16 52 18 40 31 33 18 41  9 18 16 52 42 19 52 49 33 12 62
  3 28 33 19 15 19 35 31 29 41  8  8 41  6 48 52 31 31 33 28 61 36 50 54
 40  6 16 38 31 62 61 49 16 63 18 36 61 52 52 16]",True,True,0.96875,0.953125,"[np.int64(57), np.int64(27), np.int64(41), np.int64(8), np.int64(52), np.int64(20), np.int64(41), np.int64(38), np.int64(20), np.int64(59), np.int64(51), np.int64(37), np.int64(25), np.int64(10), np.int64(4), np.int64(61), np.int64(1), np.int64(40), np.int64(49), np.int64(24), np.int64(7), np.int64(27), np.int64(34), np.int64(37), np.int64(38), np.int64(54), np.int64(24), np.int64(53), np.int64(25), np.int64(55), np.int64(40), np.int64(14), np.int64(9), np.int64(12), np.int64(43), np.int64(29), np.int64(36), np.int64(61), np.int64(7), np.int64(43), np.int64(45), np.int64(40), np.int64(43), np.int64(13), np.int64(4), np.int64(57), np.int64(8), np.int64(50), np.int64(50), np.int64(59), np.int64(23), np.int64(20), np.int64(8), np.int64(2), np.int64(59), np.int64(30), np.int64(40), np.int64(10), np.int64(3), np.int64(47), np.int64(19), np.int64(52), np.int64(3), np.int64(50)]","[np.int64(17), np.int64(57), np.int64(3), np.int64(9), np.int64(61), np.int64(45), np.int64(31), np.int64(55), np.int64(28), np.int64(60), np.int64(16), np.int64(50), np.int64(4), np.int64(14), np.int64(48), np.int64(61), np.int64(45), np.int64(52), np.int64(62), np.int64(8), np.int64(27), np.int64(63), np.int64(43), np.int64(56), np.int64(39), np.int64(5), np.int64(22), np.int64(30), np.int64(29), np.int64(27), np.int64(26), np.int64(9), np.int64(50), np.int64(39), np.int64(37), np.int64(59), np.int64(9), np.int64(61), np.int64(23), np.int64(40), np.int64(46), np.int64(35), np.int64(40), np.int64(49), np.int64(23), np.int64(4), np.int64(39), np.int64(44), np.int64(21), np.int64(40), np.int64(7), np.int64(16), np.int64(46), np.int64(7), np.int64(57), np.int64(14), np.int64(23), np.int64(54), np.int64(14), np.int64(17), np.int64(43), np.int64(39), np.int64(46), np.int64(49)]",False,False,0.0,0.0,"[48 24 60 40 41 19 52 15 40 31 33 14 41  9 61 62 36 42 19 52  0  8 12 62
  3 42 33 34 38 19 34 31 44 40  8 19 41 58 48 52 31 31 33 22 61 36 50 54
 40 42 19 36 31 62 61 49 62  1 23 36 61 52 52 16]","[48 24 19 40 41 60 52 18 40 31 54 18 41  9 11 62 33 42 19 52  0 33 61 62
 45 28  7 39 13 19 35 31 29 41 36 19 41 56 48 54 31 31 54 22 61 36  0 54
 40  6 19 36 31 62 61 49 21 37 18 36  2 52 52 16]",True,True,0.890625,1.0,"[16 24 19 40 41 19 52 15 40 31 37 34 41  9 61 62 52 63 19 52 49 33 12 62
  3 28 33 39 13 19 34 31 29 41 36 12 16  6 28 52 31 31 33 27 61 36  0 54
  8  6 16 36 31 62 39 49 16 63 23 36 61 60 52 16]","[48 57 19 40 41 16 52 26 40 31 54 18 41 28 18  5 33 42 15 52  0 33 43 62
  1 28 33 39 13 19 35 31 44 26  8 36 51  6  7 52 31 31 60 27 32 36 50 54
 40  6 19 36 31 62 42 49 16 63 18 36  5 52 52 16]",False,False,0.21875,0.1875,0.04,1.0,1.0,1,1,25,0.04,1.0,1.0,1,1,25,1.0,0.0,0.0,25,0,0,1.0,0.0,0.0,25,0,0,1.0,0.88,0.88,25,22,22,1.0,1.0,1.0,25,25,25,1.0,0.16,0.16,25,4,4,1.0,0.04,0.04,25,1,1
[0. 0. 0. ... 0. 0. 0.],"[55 55 43  6 38 25 38 46 58 43 26  5 13 38 43 38 24 45 38  6 17 53  1 24
 37  1 18  0 50 55 13 45 27 18 56  2 29 55 55  2  1 17 12 55 38 55 40 14
 37 36  0  9 37  4 13 55 14 15 43 13 58  9 55 22]","[55 55 43  9 38 25 38 46 22 43 26  5 13 38 43 45 39 45 38 20 17 53  1 35
 37  1 18 43 50 55 13 45 27 22 56 31 29 55 55 18  1 17 12 55 38 55 26 14
 37 36  0  9 37  4 13 55 14 15 43  3 58  9 55 22]",True,True,0.96875,0.953125,"[np.int64(15), np.int64(19), np.int64(44), np.int64(6), np.int64(3), np.int64(13), np.int64(16), np.int64(2), np.int64(12), np.int64(53), np.int64(3), np.int64(15), np.int64(5), np.int64(51), np.int64(43), np.int64(50), np.int64(62), np.int64(21), np.int64(47), np.int64(50), np.int64(9), np.int64(56), np.int64(30), np.int64(31), np.int64(27), np.int64(49), np.int64(40), np.int64(51), np.int64(54), np.int64(20), np.int64(44), np.int64(9), np.int64(46), np.int64(53), np.int64(12), np.int64(43), np.int64(8), np.int64(41), np.int64(7), np.int64(11), np.int64(34), np.int64(17), np.int64(60), np.int64(22), np.int64(30), np.int64(53), np.int64(49), np.int64(61), np.int64(20), np.int64(41), np.int64(17), np.int64(20), np.int64(37), np.int64(31), np.int64(60), np.int64(41), np.int64(53), np.int64(2), np.int64(57), np.int64(9), np.int64(19), np.int64(21), np.int64(15), np.int64(20)]","[np.int64(41), np.int64(23), np.int64(20), np.int64(2), np.int64(41), np.int64(5), np.int64(57), np.int64(30), np.int64(39), np.int64(27), np.int64(21), np.int64(42), np.int64(2), np.int64(57), np.int64(8), np.int64(59), np.int64(15), np.int64(41), np.int64(49), np.int64(48), np.int64(29), np.int64(53), np.int64(35), np.int64(43), np.int64(54), np.int64(36), np.int64(5), np.int64(36), np.int64(44), np.int64(27), np.int64(16), np.int64(37), np.int64(15), np.int64(20), np.int64(11), np.int64(38), np.int64(52), np.int64(23), np.int64(16), np.int64(17), np.int64(55), np.int64(23), np.int64(22), np.int64(46), np.int64(42), np.int64(0), np.int64(37), np.int64(41), np.int64(56), np.int64(55), np.int64(22), np.int64(23), np.int64(36), np.int64(46), np.int64(63), np.int64(11), np.int64(62), np.int64(1), np.int64(53), np.int64(54), np.int64(18), np.int64(50), np.int64(5), np.int64(44)]",False,False,0.0,0.0,"[55 55 43  6 38 25 38 46 58 43 30  5 13 38 43 38 24 45 40  6 17 53  1 24
 37  1 23  0 50 55  6 45 27 18 56  2 29 55 55 18  1 52 12 55 38 55 34 35
 37 36  0 17 37 20 13 55 36 56 43 13 58  9 55 52]","[55 55 43  9 38 25 38 46 22 43 30  5 13 38 37 38 24 45 38 20 41 53 14 24
 37  1 18  1 57 55  6 45 15 22 56 15  9 55 55 18 53 60 12 55 38 55 26 14
 61 50  0  9 41 20 13 55  9 61 43 51 24  9 55 22]",True,True,0.890625,1.0,"[55 55 43  9 38 25 38 46 39 43 30  5 19 58 43 38 24 45 29 12 17 53 14 24
 37  1 18  0 50 55  6 45 27 18 46 15 29 55 55 18  1 60 12 55 38 55 40 14
 37 36  0  9 37  4 13 55 14 15 43 23 58 57 55 52]","[55 55 43  9 38 25 38 46 22 43 30  5 13 38 43 38 24 41 38 20 17 53  8 24
 37 15 18  0 57 55 13 45 15 22 56 31  9 55 55  2 53 60 12 55 38 55 34 14
 61 36  0 17 37  4 13 55  9 56 18 51 58  9 55 22]",False,False,0.21875,0.1875,0.04,1.0,1.0,1,1,25,0.04,1.0,1.0,1,1,25,1.0,0.0,0.0,25,0,0,1.0,0.0,0.0,25,0,0,1.0,0.88,0.88,25,22,22,1.0,1.0,1.0,25,25,25,1.0,0.4,0.4,25,10,10,1.0,0.12,0.12,25,3,3
