As,Source_Nodes,Categorical_Model_Trees,Categorical_True_Trees,Categorical_Model_Mask,Categorical_True_Mask,Categorical_Model_Accuracy,Categorical_True_Accuracy,Random_Model_Trees,Random_True_Trees,Random_Model_Mask,Random_True_Mask,Random_Model_Accuracy,Random_True_Accuracy,Prim_Model_Trees,Prim_True_Trees,Prim_Model_Mask,Prim_True_Mask,Prim_Model_Accuracy,Prim_True_Accuracy,Beam_Model_Trees,Beam_True_Trees,Beam_Model_Mask,Beam_True_Mask,Beam_Model_Accuracy,Beam_True_Accuracy,Categorical_Model_Uniques,Categorical_Model_Valids_Uniques,Categorical_Model_Valids,Categorical_Model_Unique_Counts,Categorical_Model_Valid_Unique_Counts,Categorical_Model_Valid_Counts,Categorical_True_Uniques,Categorical_True_Valids_Uniques,Categorical_True_Valids,Categorical_True_Unique_Counts,Categorical_True_Valid_Unique_Counts,Categorical_True_Valid_Counts,Random_Model_Uniques,Random_Model_Valids_Uniques,Random_Model_Valids,Random_Model_Unique_Counts,Random_Model_Valid_Unique_Counts,Random_Model_Valid_Counts,Random_True_Uniques,Random_True_Valids_Uniques,Random_True_Valids,Random_True_Unique_Counts,Random_True_Valid_Unique_Counts,Random_True_Valid_Counts,Prim_Model_Uniques,Prim_Model_Valids_Uniques,Prim_Model_Valids,Prim_Model_Unique_Counts,Prim_Model_Valid_Unique_Counts,Prim_Model_Valid_Counts,Prim_True_Uniques,Prim_True_Valids_Uniques,Prim_True_Valids,Prim_True_Unique_Counts,Prim_True_Valid_Unique_Counts,Prim_True_Valid_Counts,Beam_Model_Uniques,Beam_Model_Valids_Uniques,Beam_Model_Valids,Beam_Model_Unique_Counts,Beam_Model_Valid_Unique_Counts,Beam_Model_Valid_Counts,Beam_True_Uniques,Beam_True_Valids_Uniques,Beam_True_Valids,Beam_True_Unique_Counts,Beam_True_Valid_Unique_Counts,Beam_True_Valid_Counts
"[0 0 1 1 0 0 0 0 0 0 0 0 0 0 0 0 0 0 0 1 0 1 0 0 1 0 0 0 0 0 1 0 1 0 1 0 0
 0 0 0 0 0 0 1 0 0 0 0 1 1 0 0 0 0 0 0 0 1 0 0 0 0 1 0 0 0 0 0 0 1 0 0 1 0
 1 0 0 1 1 0 0 1 0 0 1 0 0 0 1 0 1 0 0 0 0 0 0 0 0 0 0 0 1 0 0 1 1 1 0 1 0
 1 0 0 0 0 0 0 0 1 0 0 0 0 0 1 0 0 0 1 0 0 1 1 0 0 0 1 1 0 0 0 0 0 0 0 0 1
 0 0 1 0 1 1 0 0 0 0 1 1 0 0 0 0 1 1 1 0 1 0 0 0 1 1 0 0 0 0 1 0 0 0 1 0 0
 0 0 0 1 0 0 0 0 0 0 0 0 0 0 0 0 0 1 1 0 0 0 0 0 0 0 0 1 0 1 1 0 0 1 0 0 0
 0 0 0 1 0 1 1 0 0 0 0 1 0 0 0 0 0 0 0 0 0 0 0 0 1 0 0 1 0 0 0 0 0 1]",4,[ 3  8  0 14  4  4 10 13  4  8  4 12 10  4  4  6],[ 3  5  0 14  4  4 13 13  4 14  4 12 10  4  4  6],True,True,0.796875,0.859375,"[np.int64(15), np.int64(14), np.int64(13), np.int64(1), np.int64(12), np.int64(7), np.int64(15), np.int64(9), np.int64(5), np.int64(12), np.int64(3), np.int64(14), np.int64(12), np.int64(13), np.int64(14), np.int64(7)]","[np.int64(5), np.int64(14), np.int64(7), np.int64(5), np.int64(6), np.int64(2), np.int64(7), np.int64(5), np.int64(13), np.int64(3), np.int64(2), np.int64(8), np.int64(13), np.int64(11), np.int64(6), np.int64(0)]",False,False,0.0,0.0,[ 3  8  0 14  4  4 10 13  4 14  4  6 10  4  4  6],[ 3  8  0 14  4  4 10 13  4 14  4  6 10  4  4  9],False,False,0.671875,0.8125,[ 3  5  0 14  4  4 10 13  4  8  4  6 10  4  4  6],[ 3  5  0 14  4  4 10 13  4 14  4 12 10  4  4  6],True,True,0.78125,0.8125,0.84,0.7619047619047619,0.8,21,16,20,0.68,0.8823529411764706,0.92,17,15,23,1.0,0.0,0.0,25,0,0,1.0,0.0,0.0,25,0,0,0.84,0.5714285714285714,0.6,21,12,15,0.76,0.8421052631578947,0.88,19,16,22,0.04,1.0,1.0,1,1,25,0.04,1.0,1.0,1,1,25
"[1 0 0 1 0 0 0 1 0 1 1 0 1 1 0 0 0 1 0 1 0 0 0 1 0 0 0 0 1 0 0 0 0 0 0 1 0
 1 0 1 0 0 1 0 0 0 0 0 1 1 1 0 0 0 0 0 1 0 0 0 0 1 0 0 0 0 0 0 1 0 0 0 0 0
 1 0 0 0 0 0 0 0 1 0 0 1 0 0 0 0 0 0 0 1 0 1 0 0 0 0 0 0 1 0 0 0 0 0 1 0 1
 0 1 1 1 0 0 0 0 0 0 1 1 0 0 0 0 1 0 0 0 1 0 0 0 0 1 0 1 1 0 0 1 0 1 0 0 0
 0 0 0 1 0 0 0 0 1 1 0 0 1 0 1 0 1 0 0 1 1 0 0 1 0 0 0 0 0 0 0 0 0 0 0 0 1
 0 1 1 0 1 0 0 1 1 0 0 0 0 1 0 0 1 0 0 1 0 0 0 1 0 0 1 0 1 0 0 0 1 0 1 0 0
 0 0 0 0 0 0 0 0 1 0 1 0 0 0 0 0 0 0 0 0 0 0 0 1 0 1 0 0 0 0 0 0 0 1]",5,[13  3  5  2 10  5 12 15  3 13  2 13  0  5  8  5],[13  3  5 13 10  5 12  2 11 13  2 13  9  5  8  5],True,True,0.796875,0.859375,"[np.int64(3), np.int64(15), np.int64(11), np.int64(12), np.int64(2), np.int64(5), np.int64(7), np.int64(13), np.int64(7), np.int64(8), np.int64(5), np.int64(10), np.int64(9), np.int64(11), np.int64(12), np.int64(10)]","[np.int64(9), np.int64(2), np.int64(13), np.int64(12), np.int64(0), np.int64(9), np.int64(8), np.int64(8), np.int64(7), np.int64(4), np.int64(8), np.int64(6), np.int64(10), np.int64(12), np.int64(0), np.int64(2)]",False,False,0.0,0.0,[13  7  5  2 10  5 12  2 11 13  2 13  0  5  8  5],[13  3  5  2 10  5 12 15 11 13  2 13  9  5  8  5],True,True,0.671875,0.8125,[13  3  5  2 10  5 12  2  3 13  2 13  0  5  8  5],[13  3  5 13 10  5 12  2 10 13  2 13  9  5  8  5],True,True,0.78125,0.8125,0.84,1.0,1.0,21,21,25,0.72,1.0,1.0,18,18,25,1.0,0.0,0.0,25,0,0,1.0,0.0,0.0,25,0,0,0.84,1.0,1.0,21,21,25,0.68,1.0,1.0,17,17,25,0.04,1.0,1.0,1,1,25,0.04,1.0,1.0,1,1,25
"[1 0 0 0 0 0 0 1 1 0 1 0 0 0 0 1 0 1 0 1 0 0 1 0 0 1 1 1 1 0 0 0 0 0 1 0 0
 0 0 0 0 1 1 1 0 0 0 1 0 1 0 0 0 0 0 0 1 1 1 0 0 0 0 0 0 0 0 0 1 1 0 1 0 0
 0 0 1 1 0 1 0 0 0 0 1 1 0 0 0 0 0 1 0 0 0 0 0 1 0 0 0 0 1 0 0 0 1 0 1 0 0
 0 1 0 0 0 1 0 0 1 0 0 1 0 0 0 1 1 1 0 0 1 0 0 0 0 0 1 1 0 0 0 1 1 0 1 1 1
 0 0 0 0 1 1 0 0 0 0 0 0 1 1 1 1 0 0 1 1 1 0 1 0 1 0 0 0 0 1 1 0 0 1 0 0 0
 0 0 0 1 1 1 0 0 1 0 0 1 0 1 0 0 0 1 1 0 0 0 0 0 0 0 0 1 0 0 0 0 0 0 1 0 0
 0 0 0 0 0 0 0 0 0 1 1 0 0 1 0 0 1 0 1 0 1 0 1 0 0 1 1 0 0 0 0 0 0 0]",3,[ 8  3 10  3 12 11 10 10  3  3  3  1  1 11  8  8],[ 8  3  9  3  7 11 10 10  3  3  3  1 10 11  8  8],False,True,0.796875,0.859375,"[np.int64(15), np.int64(4), np.int64(2), np.int64(12), np.int64(7), np.int64(15), np.int64(5), np.int64(15), np.int64(13), np.int64(6), np.int64(11), np.int64(7), np.int64(3), np.int64(0), np.int64(12), np.int64(3)]","[np.int64(9), np.int64(4), np.int64(11), np.int64(6), np.int64(7), np.int64(2), np.int64(12), np.int64(2), np.int64(1), np.int64(5), np.int64(3), np.int64(9), np.int64(0), np.int64(1), np.int64(4), np.int64(13)]",False,False,0.0,0.0,[ 8  3  9  3 12 11  1 10  3  3  3  1 10 11  8  8],[ 8  3  9  3 12 11  1 10  3  3  3  1  1 11  8  8],False,True,0.671875,0.8125,[ 8  3  9  3  7 11 10 10  3  3  3  1  1 11  8  8],[10  3 10  3  7 11  1 10  3  3  3  1  1 11  8  8],False,True,0.78125,0.8125,0.8,0.5,0.52,20,10,13,0.64,0.625,0.56,16,10,14,1.0,0.0,0.0,25,0,0,1.0,0.0,0.0,25,0,0,0.76,0.47368421052631576,0.56,19,9,14,0.8,0.5,0.44,20,10,11,0.04,0.0,0.0,1,0,0,0.04,1.0,1.0,1,1,25
"[0 0 0 1 0 0 0 0 0 0 1 0 0 0 0 0 0 0 0 0 0 0 0 0 0 1 0 0 0 0 0 0 0 0 0 0 1
 0 0 0 1 1 0 0 0 0 0 1 1 0 0 1 0 0 1 0 0 0 0 1 0 0 0 1 0 0 1 0 1 0 0 0 0 0
 1 0 1 0 0 0 0 0 0 0 0 0 0 0 1 0 1 0 0 0 0 1 0 0 0 1 0 0 0 0 0 0 1 1 1 1 1
 0 0 0 0 0 0 0 0 0 0 0 0 1 0 1 0 0 0 0 1 0 0 1 0 0 1 0 0 1 0 0 0 0 0 1 1 0
 0 0 0 0 0 1 0 0 0 0 0 0 1 0 0 0 1 1 1 0 0 0 0 0 0 1 0 1 0 0 0 1 0 0 1 1 1
 0 0 0 0 0 0 0 0 0 0 0 1 0 1 0 0 0 0 0 0 0 1 0 0 0 0 0 0 0 1 1 0 0 1 0 0 1
 1 0 0 0 0 0 0 0 1 0 0 0 0 0 1 1 0 0 0 0 1 1 0 1 0 0 0 0 1 0 0 0 0 1]",5,[10  9 15 15 10  5 10 11  5  2  5  8  4 10  6  5],[10  9  8 15 10  5 10 13  5  2  5  8  6 10 13  5],True,True,0.796875,0.859375,"[np.int64(14), np.int64(13), np.int64(11), np.int64(13), np.int64(10), np.int64(3), np.int64(8), np.int64(11), np.int64(9), np.int64(11), np.int64(3), np.int64(14), np.int64(10), np.int64(10), np.int64(13), np.int64(8)]","[np.int64(12), np.int64(1), np.int64(13), np.int64(7), np.int64(13), np.int64(3), np.int64(1), np.int64(14), np.int64(11), np.int64(6), np.int64(3), np.int64(3), np.int64(9), np.int64(12), np.int64(7), np.int64(2)]",False,False,0.0,0.0,[10  9 15 15 10  5 10 13  5  2  5  8  6 10 13  5],[10  9  8 15 10  5 10 11  5  2  5  8  4 10 13  5],True,True,0.671875,0.8125,[10  9  8 15 10  5 10 11  5  2  5  8  4 10  6  5],[10  9  8 15 10  5 10 11  5  2  5  8  6 10  6  5],True,True,0.78125,0.8125,0.48,1.0,1.0,12,12,25,0.44,1.0,1.0,11,11,25,1.0,0.0,0.0,25,0,0,1.0,0.0,0.0,25,0,0,0.56,1.0,1.0,14,14,25,0.56,1.0,1.0,14,14,25,0.04,1.0,1.0,1,1,25,0.04,1.0,1.0,1,1,25
"[0 0 0 1 0 1 0 0 1 0 1 0 1 0 0 0 0 1 0 1 0 0 1 0 0 0 1 0 1 1 0 0 0 0 1 0 0
 1 0 0 0 0 0 0 0 0 0 0 1 1 0 0 1 0 0 1 0 0 0 0 0 1 0 0 0 0 0 1 1 0 0 1 0 0
 0 0 1 0 1 0 1 0 1 0 0 0 0 0 0 0 0 1 1 0 0 0 0 1 0 0 0 0 0 0 1 0 0 0 0 1 0
 0 0 0 0 1 1 0 0 1 0 0 1 0 0 1 0 1 1 0 0 0 0 0 1 0 0 0 0 0 1 0 0 0 0 0 0 0
 0 0 0 0 0 1 0 0 0 0 0 0 1 1 0 0 0 0 0 1 0 0 0 1 0 0 0 0 0 0 0 0 0 1 0 0 0
 0 1 1 0 0 0 0 1 1 0 0 1 1 0 0 1 0 0 0 1 1 0 1 0 1 0 1 0 0 1 1 0 0 0 0 1 0
 0 0 0 0 0 0 1 0 0 0 0 0 0 0 0 0 0 0 0 0 0 0 0 0 0 1 0 0 0 0 1 0 0 0]",5,[ 5 12  5  0 12  5  1 15 12  9  0  5  5 12  4 12],[ 5 12  5  0 12  5 13 15  0  9  0  5  5 12  4 12],True,True,0.796875,0.859375,"[np.int64(4), np.int64(5), np.int64(3), np.int64(3), np.int64(15), np.int64(13), np.int64(9), np.int64(9), np.int64(12), np.int64(2), np.int64(6), np.int64(12), np.int64(6), np.int64(6), np.int64(12), np.int64(4)]","[np.int64(3), np.int64(4), np.int64(13), np.int64(10), np.int64(10), np.int64(15), np.int64(12), np.int64(10), np.int64(9), np.int64(14), np.int64(5), np.int64(2), np.int64(14), np.int64(8), np.int64(5), np.int64(9)]",False,False,0.0,0.0,[ 5 12  5  0 12  5  1  3 12  1 11  5  5 12  4 12],[ 5 12  5  0 12  5 13  4 12  9  0  5  5 12  4 12],False,True,0.671875,0.8125,[ 5 12  5  0 12  5  1  4  0  0  0  5  5 12  4 12],[ 5 12  5  0 12  5 13 13  0  0  0  5  5 12  4 12],False,False,0.78125,0.8125,0.64,1.0,1.0,16,16,25,0.76,1.0,1.0,19,19,25,1.0,0.0,0.0,25,0,0,1.0,0.0,0.0,25,0,0,0.92,0.0,0.0,23,0,0,0.72,1.0,1.0,18,18,25,0.04,0.0,0.0,1,0,0,0.04,0.0,0.0,1,0,0
"[1 1 0 0 0 1 0 0 0 0 0 0 1 0 0 0 1 1 0 1 0 0 1 0 0 0 0 0 0 1 0 0 0 0 0 0 0
 0 0 1 0 0 0 0 0 0 0 1 0 1 0 1 0 0 1 0 0 0 1 0 0 1 1 1 0 0 0 0 1 0 0 0 1 0
 0 1 0 0 1 1 1 0 0 0 0 0 0 1 0 0 0 0 0 0 0 0 0 1 0 1 0 0 0 1 1 1 0 0 0 0 0
 1 0 0 1 0 0 1 1 0 1 0 0 0 0 0 0 1 0 0 0 0 1 0 1 1 0 1 0 0 0 0 0 0 0 0 0 0
 0 0 1 0 1 1 0 0 0 0 0 0 0 0 0 1 0 0 0 0 0 0 1 0 0 0 0 0 0 0 0 0 1 0 0 0 0
 0 0 1 0 1 0 0 1 0 0 0 0 0 0 0 0 0 0 0 0 0 0 0 0 1 0 1 0 0 0 0 0 0 0 1 0 1
 0 0 0 0 0 1 1 0 0 0 0 0 0 0 0 0 0 1 0 0 1 1 1 0 1 1 0 0 0 0 0 0 1 1]",7,[ 5  6  7  6  8  7  7  7  7  6  3  4  0  3 15  7],[ 5  6  7  6 15  7  7  7  7  8  3  4  0  3 15  7],True,False,0.796875,0.859375,"[np.int64(7), np.int64(15), np.int64(10), np.int64(6), np.int64(3), np.int64(9), np.int64(4), np.int64(10), np.int64(5), np.int64(3), np.int64(2), np.int64(14), np.int64(9), np.int64(11), np.int64(7), np.int64(15)]","[np.int64(12), np.int64(6), np.int64(6), np.int64(8), np.int64(7), np.int64(15), np.int64(15), np.int64(14), np.int64(1), np.int64(9), np.int64(15), np.int64(10), np.int64(10), np.int64(5), np.int64(12), np.int64(9)]",False,False,0.0,0.0,[ 5  6  7  6  8  7  7  7  7  8  3  4  0  1 15  7],[ 5  6  7  6 15  7  7  7  7  8  3  4  0  1 15  7],True,False,0.671875,0.8125,[ 5  6  7  6  8  7  7  7  7  6  3  4  0  1 15  7],[ 5  6  7  6  8  7  7  7  7  6  3  4  0  3 15  7],True,True,0.78125,0.8125,0.48,0.75,0.68,12,9,17,0.52,0.7692307692307693,0.76,13,10,19,1.0,0.0,0.0,25,0,0,1.0,0.0,0.0,25,0,0,0.56,0.7857142857142857,0.8,14,11,20,0.48,0.75,0.72,12,9,18,0.04,1.0,1.0,1,1,25,0.04,1.0,1.0,1,1,25
"[0 1 0 0 0 1 0 0 0 1 0 0 0 0 1 1 1 0 0 0 0 0 0 0 0 0 1 0 1 0 0 1 0 0 1 0 0
 0 0 0 0 0 1 0 1 1 0 0 0 0 0 1 0 1 0 0 0 0 0 0 0 0 0 0 0 0 0 0 0 1 0 0 1 0
 0 0 0 0 0 1 1 0 0 1 1 0 0 0 1 0 0 0 1 0 0 0 0 0 0 0 0 0 0 0 0 0 1 1 0 0 0
 0 0 0 0 0 0 0 0 1 0 0 0 1 0 0 0 0 0 0 0 0 1 1 0 0 0 0 0 0 0 0 0 0 1 0 0 0
 0 0 0 0 0 1 0 0 0 0 0 0 0 1 1 0 0 0 1 0 0 0 1 0 0 1 1 1 0 0 0 0 0 0 1 1 0
 0 0 1 0 0 1 1 0 1 1 0 0 1 0 0 0 0 0 0 1 0 0 0 0 0 1 0 0 0 0 0 0 0 1 0 0 1
 0 0 1 0 0 0 0 0 0 0 0 0 1 1 0 0 1 0 1 1 0 0 1 0 0 0 0 0 1 1 0 0 0 1]",9,[ 9  0 12  5  5  0 10 11  5  9  1 15  5 10  0  0],[ 9  0 12  5  5  0 10 11  5  9  1 14  1 10  0  0],True,True,0.796875,0.859375,"[np.int64(10), np.int64(15), np.int64(6), np.int64(5), np.int64(9), np.int64(13), np.int64(7), np.int64(15), np.int64(6), np.int64(1), np.int64(1), np.int64(4), np.int64(2), np.int64(1), np.int64(11), np.int64(3)]","[np.int64(2), np.int64(4), np.int64(0), np.int64(9), np.int64(13), np.int64(5), np.int64(14), np.int64(12), np.int64(10), np.int64(10), np.int64(11), np.int64(8), np.int64(9), np.int64(1), np.int64(2), np.int64(8)]",False,False,0.0,0.0,[ 9  0 10  5  5  0 11 11  5  9  1 14  5 10  0  0],[ 9  0 12  5  5  0 11 11  5  9 15 14  5 10  0  0],True,False,0.671875,0.8125,[ 9  0 10  5  5  0 10 11  5  9  1 14  1 10  0  0],[ 9  0 10  5  5  0 10 11  5  9 14 14  5 10  0  0],True,True,0.78125,0.8125,0.8,0.55,0.56,20,11,14,0.84,0.6666666666666666,0.68,21,14,17,1.0,0.0,0.0,25,0,0,1.0,0.0,0.0,25,0,0,0.92,0.6086956521739131,0.6,23,14,15,0.92,0.5652173913043478,0.6,23,13,15,0.04,1.0,1.0,1,1,25,0.04,1.0,1.0,1,1,25
"[1 0 0 0 1 0 1 0 0 1 1 1 0 0 0 0 0 1 0 1 0 0 1 1 0 0 0 0 0 0 0 0 0 0 0 0 0
 0 0 1 0 0 0 1 0 0 1 0 0 1 0 0 0 0 0 1 0 0 0 0 0 0 0 1 1 0 0 0 1 0 1 1 0 1
 0 0 0 0 0 0 0 0 0 0 0 1 1 0 0 0 0 0 1 0 0 0 1 1 0 0 1 1 1 0 0 0 0 0 0 1 0
 0 0 1 1 1 1 0 0 1 0 0 1 1 1 0 0 0 0 0 0 0 0 0 0 0 0 0 0 0 0 0 0 0 1 0 0 0
 1 0 0 0 0 1 0 0 0 1 0 0 1 0 0 0 0 0 0 1 0 0 1 0 0 1 0 1 1 0 1 0 0 0 0 1 0
 0 0 0 0 0 0 0 0 0 0 0 0 1 0 1 0 0 0 0 1 0 0 1 0 0 0 0 0 0 1 0 0 1 1 0 0 0
 1 1 0 0 1 0 0 0 0 0 0 0 0 0 0 1 1 0 0 0 0 1 0 0 0 0 0 0 1 0 1 1 0 1]",6,[ 6  6 14  1  6  6  6  1  8 13 13  0  5  6 13 13],[ 6  6 14  1  6  6  6  1  8  0  0  0  5  6 13 13],True,True,0.796875,0.859375,"[np.int64(6), np.int64(11), np.int64(13), np.int64(3), np.int64(6), np.int64(11), np.int64(3), np.int64(3), np.int64(11), np.int64(3), np.int64(9), np.int64(9), np.int64(10), np.int64(2), np.int64(2), np.int64(6)]","[np.int64(5), np.int64(15), np.int64(2), np.int64(7), np.int64(4), np.int64(6), np.int64(6), np.int64(13), np.int64(6), np.int64(2), np.int64(0), np.int64(1), np.int64(3), np.int64(10), np.int64(5), np.int64(7)]",False,False,0.0,0.0,[ 6  6 14  1  6  6  6  4  3  0  0  0  5  6 13 13],[ 6  6  7  1  6  6  6  1  8  0  0  0  5  6 13 13],False,True,0.671875,0.8125,[ 6  6  7  1  6  6  6  4  0  0  0  0  5  6 13 13],[ 6  6  7  1  6  6  6  1  0  0  0  0  5  6 13 13],False,False,0.78125,0.8125,0.76,0.631578947368421,0.64,19,12,16,0.64,0.625,0.64,16,10,16,1.0,0.0,0.0,25,0,0,1.0,0.0,0.0,25,0,0,0.88,0.0,0.0,22,0,0,0.64,0.6875,0.68,16,11,17,0.04,0.0,0.0,1,0,0,0.04,0.0,0.0,1,0,0
"[0 0 0 0 0 0 0 0 1 1 0 0 1 0 0 1 0 1 0 0 1 1 0 0 1 0 0 0 0 0 0 0 0 0 0 1 0
 0 0 1 0 0 0 0 0 0 1 0 0 0 1 1 1 0 0 1 0 0 0 1 0 0 1 0 0 1 0 1 1 0 0 1 1 0
 0 0 0 0 0 0 0 1 0 0 0 0 0 0 0 0 0 0 1 1 0 1 0 0 0 0 0 0 1 0 0 1 0 0 0 0 1
 0 0 0 1 1 1 0 0 1 0 0 0 0 0 0 0 1 1 1 0 0 1 0 0 0 0 0 0 1 0 1 0 0 1 0 0 0
 0 0 1 0 0 0 0 0 0 0 0 0 0 0 0 0 0 0 0 0 0 0 1 0 0 0 0 0 0 0 0 1 0 0 0 0 1
 0 0 0 0 0 0 1 1 0 0 0 0 1 0 0 0 0 0 0 0 0 0 1 0 0 0 0 0 1 0 0 1 0 0 0 0 1
 1 0 0 0 1 1 0 0 1 0 0 0 0 0 0 1 0 0 1 0 0 0 0 1 0 1 0 0 0 1 1 0 0 1]",2,[15  4  2  2  3 15 14  2  4  6 10  3 15 14  2  7],[15  4  2  2  3 13 14  2 11  6 10  3 15 14  2  7],True,True,0.796875,0.859375,"[np.int64(13), np.int64(4), np.int64(12), np.int64(5), np.int64(0), np.int64(6), np.int64(9), np.int64(14), np.int64(7), np.int64(5), np.int64(0), np.int64(2), np.int64(3), np.int64(3), np.int64(15), np.int64(11)]","[np.int64(1), np.int64(14), np.int64(2), np.int64(6), np.int64(4), np.int64(12), np.int64(3), np.int64(15), np.int64(15), np.int64(13), np.int64(9), np.int64(13), np.int64(4), np.int64(9), np.int64(3), np.int64(15)]",False,False,0.0,0.0,[15  4  2  2  7 13 14  2  4  6  4  3 15 14  2  7],[15  4  2  2  7 13 14  2  4  6 10  3 15 14  2  7],False,True,0.671875,0.8125,[15  4  2  2  3 13 14  2  4  6  0  3 15 14  2  7],[15  4  2  2  3 13 14  2  4  6  0  3 15 14  2  7],False,False,0.78125,0.8125,0.48,1.0,1.0,12,12,25,0.44,1.0,1.0,11,11,25,1.0,0.0,0.0,25,0,0,1.0,0.0,0.0,25,0,0,0.68,0.0,0.0,17,0,0,0.44,1.0,1.0,11,11,25,0.04,0.0,0.0,1,0,0,0.04,0.0,0.0,1,0,0
"[0 0 0 0 0 0 1 0 0 0 0 0 0 1 1 0 0 1 1 0 0 0 1 0 0 1 0 0 0 0 0 1 0 1 0 0 0
 0 1 0 0 0 0 0 0 0 1 1 0 0 0 0 0 0 0 0 0 0 0 0 0 1 0 0 0 0 0 0 0 0 0 0 0 0
 0 1 0 1 1 1 0 0 0 0 0 0 0 0 1 0 0 1 1 0 0 0 1 1 1 0 0 0 1 0 0 0 0 1 0 0 1
 0 0 0 0 0 0 0 0 1 0 0 0 0 0 0 0 1 0 0 0 0 0 1 0 0 1 0 1 1 0 1 0 0 0 1 0 0
 0 0 0 0 0 0 0 0 1 0 0 1 0 0 0 0 0 0 0 0 1 0 0 1 0 0 1 0 0 0 0 0 1 1 1 0 1
 0 1 0 0 0 0 1 0 0 0 0 0 1 0 0 0 1 0 0 0 0 0 0 1 0 0 1 1 0 0 0 1 0 0 0 0 1
 0 0 1 0 1 0 1 0 1 0 0 0 1 0 0 0 0 0 0 1 1 0 1 0 0 1 0 1 0 1 0 0 0 1]",3,[13 15 14  3 13  8  0 15 13 15  8  4  5  3  0  4],[13  6 14  3 13  8  0 15 13 15  8  4  5  3  4  4],True,True,0.796875,0.859375,"[np.int64(0), np.int64(12), np.int64(9), np.int64(13), np.int64(6), np.int64(4), np.int64(14), np.int64(11), np.int64(12), np.int64(6), np.int64(12), np.int64(5), np.int64(4), np.int64(12), np.int64(0), np.int64(0)]","[np.int64(3), np.int64(15), np.int64(8), np.int64(2), np.int64(10), np.int64(15), np.int64(0), np.int64(1), np.int64(7), np.int64(9), np.int64(5), np.int64(9), np.int64(7), np.int64(8), np.int64(3), np.int64(1)]",False,False,0.0,0.0,[13  6 15  3 13  8  0 15 13 15  8  4  5  3  0  4],[13 15  6  3 13  8  0 15 13 15  8  8  5  3  0  4],False,False,0.671875,0.8125,[13  6  6  3 13  8  0 15 13 15  8  4  5  3  0  4],[13  6 14  3 13  8  0 15 13 15  8  4  5  3  4  4],True,True,0.78125,0.8125,0.6,0.5333333333333333,0.56,15,8,14,0.64,0.5625,0.6,16,9,15,1.0,0.0,0.0,25,0,0,1.0,0.0,0.0,25,0,0,0.64,0.8125,0.8,16,13,20,0.68,0.7058823529411765,0.72,17,12,18,0.04,1.0,1.0,1,1,25,0.04,1.0,1.0,1,1,25
"[0 0 0 1 1 0 0 0 0 1 0 0 0 1 0 0 0 1 1 0 0 0 1 0 0 0 0 0 0 0 0 0 0 1 1 0 0
 1 1 0 0 0 0 0 0 0 0 0 1 0 0 1 1 0 0 0 0 0 0 0 0 0 0 0 1 0 0 1 1 1 0 0 0 0
 0 0 1 0 0 0 0 0 1 0 1 0 1 0 0 0 1 0 0 0 0 0 0 1 1 0 0 1 1 0 0 0 0 0 0 0 0
 1 0 0 0 0 0 0 0 0 1 0 0 0 0 0 0 0 0 0 0 0 0 0 0 1 0 1 1 0 0 0 1 1 1 0 0 0
 0 0 0 0 1 0 1 0 0 0 1 0 0 0 0 0 0 1 0 0 1 1 0 0 1 1 0 0 0 0 0 0 0 0 0 0 0
 0 0 0 0 1 1 0 0 0 0 0 1 0 0 0 0 0 1 0 1 0 0 0 1 0 0 0 0 0 0 0 0 0 1 1 0 0
 0 0 0 0 0 0 0 0 0 0 1 1 0 1 0 0 1 0 0 0 0 0 0 0 1 0 1 0 0 0 0 0 0 1]",2,[ 4  2  2  4  5  2  2  8 10 10  5 13  4 10  9  6],[ 4  2  2  4  5  2  2  8 10 10  5 13  4 10  8  6],True,True,0.796875,0.859375,"[np.int64(4), np.int64(14), np.int64(3), np.int64(1), np.int64(0), np.int64(2), np.int64(10), np.int64(15), np.int64(7), np.int64(10), np.int64(14), np.int64(11), np.int64(12), np.int64(14), np.int64(4), np.int64(15)]","[np.int64(1), np.int64(15), np.int64(13), np.int64(5), np.int64(13), np.int64(10), np.int64(9), np.int64(15), np.int64(2), np.int64(13), np.int64(8), np.int64(14), np.int64(7), np.int64(5), np.int64(5), np.int64(14)]",False,False,0.0,0.0,[ 4  2  2  4  5  2  2  8 15 10  5 13 10 10  9  6],[ 4  2  2  4  5  2  2  8 10 10  5 13  4 10  9  6],True,True,0.671875,0.8125,[ 4  2  2  4  5  2  2  8 10 10  5 13  4 10  8  6],[ 4  2  2  4  5  2  2  8 10 10  5 13  4 10  8  6],True,True,0.78125,0.8125,0.32,1.0,1.0,8,8,25,0.28,1.0,1.0,7,7,25,1.0,0.0,0.0,25,0,0,1.0,0.0,0.0,25,0,0,0.28,1.0,1.0,7,7,25,0.32,1.0,1.0,8,8,25,0.04,1.0,1.0,1,1,25,0.04,1.0,1.0,1,1,25
"[1 1 0 0 0 0 1 0 1 1 1 0 0 0 1 1 1 1 0 0 0 1 0 0 0 1 0 0 1 0 0 0 0 0 1 0 0
 0 0 0 0 0 0 0 0 1 1 1 0 0 0 1 1 0 0 1 1 1 0 0 0 0 0 1 0 0 0 1 1 0 0 0 0 0
 0 0 0 0 0 1 0 1 0 0 0 1 0 0 0 0 0 0 0 0 1 0 1 0 0 0 0 0 0 0 0 1 0 0 0 0 0
 0 0 0 0 1 0 0 0 1 0 0 0 0 0 0 0 0 1 0 0 1 0 0 0 0 0 0 0 1 0 1 0 0 1 1 0 1
 0 0 1 0 0 0 0 0 1 0 0 0 1 0 0 0 0 0 0 0 0 0 1 0 0 0 0 1 0 0 0 0 0 0 0 0 1
 0 0 0 0 0 0 0 0 1 0 0 0 0 0 0 0 1 0 0 0 0 0 1 0 0 1 0 0 0 0 0 1 0 0 0 0 1
 0 0 1 0 1 0 0 1 0 0 0 0 0 0 0 0 1 0 1 0 1 1 1 0 0 0 0 0 1 0 1 0 0 0]",6,[ 6  9 14  9 15  1  6  3  0  6  0  8  9  8  0  0],[ 6  9 15  9 15  1  6  3  0  6  0  8  9  8  0  0],True,True,0.796875,0.859375,"[np.int64(14), np.int64(12), np.int64(13), np.int64(4), np.int64(9), np.int64(15), np.int64(8), np.int64(6), np.int64(3), np.int64(1), np.int64(10), np.int64(9), np.int64(2), np.int64(12), np.int64(1), np.int64(8)]","[np.int64(14), np.int64(3), np.int64(10), np.int64(5), np.int64(7), np.int64(0), np.int64(5), np.int64(8), np.int64(4), np.int64(0), np.int64(11), np.int64(11), np.int64(13), np.int64(15), np.int64(1), np.int64(5)]",False,False,0.0,0.0,[ 6  0 15  9  3  1  6  3  0  6  0  8  9  8  0  0],[ 6  0 14  9  3  1  6  3  0  6  0  8  9  8  0  0],True,True,0.671875,0.8125,[ 6  0 15  9  3  1  6  3  0  6  0  8  9  8  0  0],[ 6  0 15  9 15  1  6  3  0  6  0  8  9  8  0  0],True,True,0.78125,0.8125,0.48,1.0,1.0,12,12,25,0.4,1.0,1.0,10,10,25,1.0,0.0,0.0,25,0,0,1.0,0.0,0.0,25,0,0,0.52,1.0,1.0,13,13,25,0.52,1.0,1.0,13,13,25,0.04,1.0,1.0,1,1,25,0.04,1.0,1.0,1,1,25
"[0 0 0 1 1 0 0 0 0 1 0 0 0 1 0 0 0 1 1 0 0 0 1 0 0 0 0 0 0 0 0 0 0 1 1 0 0
 1 1 0 0 0 0 0 0 0 0 0 1 0 0 1 1 0 0 0 0 0 0 0 0 0 0 0 1 0 0 1 1 1 0 0 0 0
 0 0 1 0 0 0 0 0 1 0 1 0 1 0 0 0 1 0 0 0 0 0 0 1 1 0 0 1 1 0 0 0 0 0 0 0 0
 1 0 0 0 0 0 0 0 0 1 0 0 0 0 0 0 0 0 0 0 0 0 0 0 1 0 1 1 0 0 0 1 1 1 0 0 0
 0 0 0 0 1 0 1 0 0 0 1 0 0 0 0 0 0 1 0 0 1 1 0 0 1 1 0 0 0 0 0 0 0 0 0 0 0
 0 0 0 0 1 1 0 0 0 0 0 1 0 0 0 0 0 1 0 1 0 0 0 1 0 0 0 0 0 0 0 0 0 1 1 0 0
 0 0 0 0 0 0 0 0 0 0 1 1 0 1 0 0 1 0 0 0 0 0 0 0 1 0 1 0 0 0 0 0 0 1]",2,[ 4  2  2  4  5  2  2  8 10 10  5 13  4 10  8  6],[ 4  2  2  4  5  2  2  8 15 10  5 13  4 10  9  6],True,True,0.796875,0.859375,"[np.int64(14), np.int64(15), np.int64(10), np.int64(10), np.int64(14), np.int64(0), np.int64(2), np.int64(14), np.int64(3), np.int64(12), np.int64(5), np.int64(5), np.int64(15), np.int64(2), np.int64(9), np.int64(13)]","[np.int64(4), np.int64(10), np.int64(3), np.int64(7), np.int64(10), np.int64(8), np.int64(11), np.int64(8), np.int64(7), np.int64(14), np.int64(9), np.int64(8), np.int64(8), np.int64(10), np.int64(4), np.int64(6)]",False,False,0.0,0.0,[ 4  2  2  4  5  2  2  8 10 10  5 13  4 10  9  6],[ 4  2  2  4  5  2  2  8 10 10  5 13 10 10  9  6],True,True,0.671875,0.8125,[ 4  2  2  4  5  2  2  8 10 10  5 13  4 10  8  6],[ 4  2  2  4  5  2  2  8 10 10  5 13  4 10  8  6],True,True,0.78125,0.8125,0.32,1.0,1.0,8,8,25,0.24,1.0,1.0,6,6,25,1.0,0.0,0.0,25,0,0,1.0,0.0,0.0,25,0,0,0.32,1.0,1.0,8,8,25,0.32,1.0,1.0,8,8,25,0.04,1.0,1.0,1,1,25,0.04,1.0,1.0,1,1,25
"[1 0 1 1 0 0 0 0 0 0 0 0 0 0 1 0 0 0 0 0 0 0 0 0 1 0 0 0 0 1 0 0 1 0 0 1 0
 0 0 1 0 0 0 0 0 0 0 1 1 0 1 1 0 0 0 0 1 0 0 0 0 0 1 0 0 0 0 0 1 0 1 0 1 1
 0 0 0 0 0 0 0 0 0 0 0 1 0 0 0 0 0 0 0 0 0 0 0 0 0 0 1 0 0 0 0 0 1 0 0 0 0
 1 0 0 1 0 0 0 0 0 0 1 0 0 0 0 0 0 0 1 0 1 1 0 0 0 1 0 0 1 1 0 0 1 0 0 0 0
 1 0 0 1 0 1 0 0 0 0 0 0 0 0 0 0 0 0 1 0 0 0 1 0 0 1 0 0 0 0 0 0 0 0 0 0 1
 0 0 1 0 0 0 1 0 0 0 0 0 0 0 0 1 0 0 0 0 1 1 0 0 1 0 0 0 0 0 0 0 0 1 0 1 1
 0 0 1 0 0 1 0 0 0 0 0 0 0 0 1 0 0 0 0 0 1 0 0 0 1 0 1 0 0 1 0 0 0 0]",1,[ 3  1 15  8  8  5 15  9  1  4 13  8  8  1 12  8],[ 3  1  3  8  8  5 10  9  1  4 13  8  8  1  3  8],True,True,0.796875,0.859375,"[np.int64(13), np.int64(6), np.int64(15), np.int64(3), np.int64(8), np.int64(1), np.int64(0), np.int64(8), np.int64(3), np.int64(2), np.int64(8), np.int64(0), np.int64(2), np.int64(8), np.int64(9), np.int64(6)]","[np.int64(12), np.int64(4), np.int64(2), np.int64(1), np.int64(3), np.int64(3), np.int64(6), np.int64(5), np.int64(15), np.int64(15), np.int64(15), np.int64(11), np.int64(7), np.int64(8), np.int64(3), np.int64(11)]",False,False,0.0,0.0,[ 3  1  3  8  8  3 15  9  1  4 13  8 13  1 12  8],[ 3  1  3  8  8  5  4  9  1  4 13  8  8  1 12  8],False,True,0.671875,0.8125,[ 3  1  3  8  8  0  4  2  1  4 13  8  8  1  3  8],[ 3  1  3  8  8  0 10  9  1  4 13  8 13  1  3  8],False,False,0.78125,0.8125,0.84,1.0,1.0,21,21,25,0.72,1.0,1.0,18,18,25,1.0,0.0,0.0,25,0,0,1.0,0.0,0.0,25,0,0,0.92,0.0,0.0,23,0,0,0.88,1.0,1.0,22,22,25,0.04,0.0,0.0,1,0,0,0.04,0.0,0.0,1,0,0
"[1 0 1 1 0 0 1 0 0 0 1 0 0 0 1 0 0 0 0 0 0 0 0 1 0 0 1 1 0 0 0 0 1 0 0 0 0
 0 0 0 1 0 0 1 0 1 0 0 1 0 0 1 0 1 1 0 1 1 0 0 0 0 0 0 0 0 0 0 0 0 0 1 0 0
 0 1 0 0 1 0 0 0 0 1 0 0 0 0 0 0 0 0 0 0 0 1 1 0 0 1 0 0 1 0 0 0 0 0 0 1 0
 0 0 1 0 0 1 0 0 1 0 1 0 0 0 1 0 0 0 0 1 1 0 0 0 0 1 0 0 1 0 1 1 0 0 0 0 1
 0 0 0 1 0 0 0 0 0 0 0 1 1 1 0 0 0 0 0 0 0 0 0 1 0 0 0 0 0 1 1 0 1 0 0 0 1
 0 1 0 0 0 0 0 0 0 0 0 0 0 0 0 0 0 0 0 0 0 1 0 0 0 1 0 0 0 1 1 1 0 0 0 0 0
 0 0 1 0 0 0 1 0 0 0 1 0 0 0 1 0 0 0 0 0 0 0 0 1 0 0 0 1 0 0 0 0 0 1]",4,[14  7 11  0  4  3  0  4 11  7 11  4 14  7  4  9],[14 11 11  0  4 15 13  4 14  7 11  4 14  7  4  9],True,True,0.796875,0.859375,"[np.int64(8), np.int64(9), np.int64(12), np.int64(4), np.int64(14), np.int64(13), np.int64(2), np.int64(1), np.int64(5), np.int64(9), np.int64(14), np.int64(1), np.int64(4), np.int64(0), np.int64(9), np.int64(4)]","[np.int64(6), np.int64(10), np.int64(3), np.int64(5), np.int64(0), np.int64(12), np.int64(13), np.int64(3), np.int64(3), np.int64(14), np.int64(8), np.int64(10), np.int64(7), np.int64(11), np.int64(0), np.int64(14)]",False,False,0.0,0.0,[14  7 11  0  4  3  0  4 11  7 11  4 14  7  4  9],[14 11 11  9  4  3 13  4 14  7 11  4 14  7  4  9],True,True,0.671875,0.8125,[14  7 11  0  4  3  0  4 11  7 11  4 14  7  4  9],[14  7 11  0  4 15  0  4 14  7 11  4 14  7  4  9],True,True,0.78125,0.8125,0.76,1.0,1.0,19,19,25,0.76,1.0,1.0,19,19,25,1.0,0.0,0.0,25,0,0,1.0,0.0,0.0,25,0,0,0.8,1.0,1.0,20,20,25,0.6,1.0,1.0,15,15,25,0.04,1.0,1.0,1,1,25,0.04,1.0,1.0,1,1,25
"[1 1 0 0 0 0 0 0 0 0 0 0 0 0 1 1 1 1 0 0 0 1 0 0 0 0 1 1 0 0 1 1 0 0 1 1 0
 1 1 0 0 0 0 0 0 1 1 0 0 0 1 1 0 0 0 0 0 0 0 0 0 0 0 1 0 0 0 0 1 0 1 0 1 0
 0 1 0 1 0 0 0 1 1 0 0 0 0 0 1 0 0 0 0 0 0 0 0 0 1 0 1 0 0 1 0 0 0 0 1 0 0
 0 0 0 0 0 0 0 1 0 1 0 0 1 1 0 1 1 0 0 0 0 1 1 0 1 1 1 1 0 0 1 1 0 0 0 0 0
 0 0 0 0 1 1 0 0 1 0 0 0 0 1 0 0 0 0 0 0 1 0 0 0 0 0 1 0 0 1 0 0 1 0 0 1 0
 0 0 0 0 0 0 0 0 0 0 0 0 0 1 1 0 1 0 0 0 0 1 1 0 0 1 0 1 0 0 0 1 0 0 0 0 0
 0 0 1 1 1 0 0 0 0 1 1 0 1 0 1 0 0 0 1 1 0 1 0 0 0 1 0 0 0 0 1 0 0 1]",4,[ 1 11  6  2  4  8  4  8  4  8  8  4  6  4  8  1],[14 11 13  2  4  8  4  6  4  8  8  4  6  4  8  7],True,True,0.796875,0.859375,"[np.int64(0), np.int64(14), np.int64(12), np.int64(9), np.int64(15), np.int64(13), np.int64(0), np.int64(7), np.int64(12), np.int64(3), np.int64(8), np.int64(8), np.int64(0), np.int64(0), np.int64(11), np.int64(11)]","[np.int64(9), np.int64(6), np.int64(3), np.int64(4), np.int64(4), np.int64(1), np.int64(14), np.int64(1), np.int64(11), np.int64(13), np.int64(6), np.int64(5), np.int64(14), np.int64(15), np.int64(3), np.int64(2)]",False,False,0.0,0.0,[14 11 13  2  4  8  4 11  4  8  8  4  6  4  8  1],[ 1 11  6  2  4  8  4 11  4  8  8  4  6  4  8  7],True,True,0.671875,0.8125,[ 1 11  6  2  4  8  4  6  4  8  8  4  6  4  8  1],[ 1 11 13  2  4  8  4  6  4  8  8  4  6  4  8  7],True,True,0.78125,0.8125,0.6,1.0,1.0,15,15,25,0.72,1.0,1.0,18,18,25,1.0,0.0,0.0,25,0,0,1.0,0.0,0.0,25,0,0,0.68,1.0,1.0,17,17,25,0.64,1.0,1.0,16,16,25,0.04,1.0,1.0,1,1,25,0.04,1.0,1.0,1,1,25
"[0 0 0 1 1 0 0 0 0 1 1 0 0 0 0 0 0 1 0 0 0 0 1 0 0 0 0 0 1 0 0 0 0 0 0 1 1
 1 0 0 0 0 0 0 0 1 0 1 1 0 1 0 0 0 0 0 0 0 0 1 1 1 0 0 1 0 1 0 0 0 0 0 1 1
 1 0 0 0 1 1 0 0 1 0 0 0 0 0 0 0 0 0 1 0 0 0 0 1 0 0 0 0 0 0 0 0 1 1 0 1 0
 0 0 0 0 0 0 0 0 1 0 0 0 0 1 1 1 0 0 0 0 0 1 0 0 0 0 0 1 0 0 0 0 1 1 0 0 0
 1 0 0 0 0 0 0 0 0 0 1 0 1 0 0 0 1 0 1 0 1 0 1 1 0 1 0 0 0 0 0 1 0 0 1 0 0
 0 1 0 1 0 1 0 0 1 0 1 0 1 0 1 0 0 0 1 0 0 0 0 0 0 1 1 0 0 1 1 0 0 1 0 0 1
 0 1 0 0 0 0 1 0 0 1 0 1 0 1 0 0 0 0 0 0 1 0 1 0 0 0 1 0 0 0 0 1 0 0]",6,[10  6 13 13 10 12  6 13 10  4  6  6  1  6 11 13],[10  6 13 11 10 12  6 13 10  4  6  6  1  6 11 13],True,True,0.796875,0.859375,"[np.int64(15), np.int64(2), np.int64(8), np.int64(7), np.int64(14), np.int64(0), np.int64(4), np.int64(14), np.int64(3), np.int64(2), np.int64(10), np.int64(1), np.int64(13), np.int64(11), np.int64(3), np.int64(3)]","[np.int64(8), np.int64(8), np.int64(2), np.int64(1), np.int64(8), np.int64(3), np.int64(2), np.int64(14), np.int64(2), np.int64(13), np.int64(14), np.int64(11), np.int64(7), np.int64(7), np.int64(8), np.int64(4)]",False,False,0.0,0.0,[10  6 13 13 10  2  6 13 10  0  6  6  1  6 11 13],[10  6 13 13 10 12  6 13 10  0  6  6  1  6 11 13],True,True,0.671875,0.8125,[10  6 13 11 10  2  6 13 10  0  6  6  1  6 11 13],[10  6 13 11 10 12  6 13 10  0  6  6 11  6 11 13],True,True,0.78125,0.8125,0.68,1.0,1.0,17,17,25,0.52,1.0,1.0,13,13,25,1.0,0.0,0.0,25,0,0,1.0,0.0,0.0,25,0,0,0.56,1.0,1.0,14,14,25,0.48,1.0,1.0,12,12,25,0.04,1.0,1.0,1,1,25,0.04,1.0,1.0,1,1,25
"[0 0 1 0 0 0 0 1 0 1 0 1 0 0 1 0 0 0 0 1 0 1 0 0 1 0 0 0 1 0 0 0 1 0 0 0 0
 0 1 0 0 0 0 0 0 0 1 0 0 1 0 0 1 0 0 0 0 0 0 0 0 0 0 0 0 0 0 1 0 0 1 0 0 0
 0 0 0 1 0 0 0 1 0 0 0 0 0 1 1 0 0 0 0 1 0 0 0 0 1 0 1 0 0 0 0 1 0 0 0 0 0
 1 1 0 0 0 0 1 0 0 0 0 1 0 0 0 0 0 0 1 0 0 0 1 0 0 1 0 0 1 0 0 0 0 1 0 0 0
 0 0 1 0 0 0 1 1 0 0 0 0 0 0 0 0 0 0 0 1 0 1 1 0 1 1 0 0 1 0 0 0 0 0 0 0 1
 1 0 1 0 0 0 1 0 1 0 0 0 0 0 0 0 0 1 0 1 0 0 0 0 0 0 0 1 1 0 0 0 0 1 0 0 1
 1 1 1 0 1 0 0 0 0 0 0 0 0 0 0 1 0 1 0 0 0 0 0 0 1 0 0 0 0 1 0 1 1 1]",9,[ 9 12  6  4  6 13  9 10 11  9  9  9 10 10  0  6],[ 9  8  0  4  6 13  9  0 11  9  9  9 10 10  0  6],True,True,0.796875,0.859375,"[np.int64(3), np.int64(3), np.int64(14), np.int64(2), np.int64(8), np.int64(12), np.int64(7), np.int64(8), np.int64(5), np.int64(11), np.int64(15), np.int64(4), np.int64(0), np.int64(5), np.int64(2), np.int64(9)]","[np.int64(3), np.int64(7), np.int64(6), np.int64(12), np.int64(11), np.int64(2), np.int64(7), np.int64(7), np.int64(6), np.int64(2), np.int64(8), np.int64(9), np.int64(10), np.int64(4), np.int64(3), np.int64(13)]",False,False,0.0,0.0,[ 9 12  6  4  6  7  9  0 11  9  9  9 10 10  0 11],[ 9  8  0  4  6  8  9  0 11  9  9  9 10 10  0 11],True,True,0.671875,0.8125,[ 9  8  0  4  6  7  9  0 11  9  9  9 10 10  0 11],[ 9  8  0  4  6  8  9  0 11  9  9  9 10 10  0  6],True,True,0.78125,0.8125,0.76,1.0,1.0,19,19,25,0.84,1.0,1.0,21,21,25,1.0,0.0,0.0,25,0,0,1.0,0.0,0.0,25,0,0,0.8,1.0,1.0,20,20,25,0.64,1.0,1.0,16,16,25,0.04,1.0,1.0,1,1,25,0.04,1.0,1.0,1,1,25
"[0 0 0 0 0 1 0 0 0 0 0 0 0 0 0 0 0 0 0 1 0 1 1 0 0 0 0 1 0 0 0 0 0 0 1 0 1
 1 0 0 1 0 0 0 1 0 0 0 0 1 0 0 1 1 0 0 1 0 1 1 0 0 0 0 0 0 1 1 0 1 0 1 1 0
 1 0 0 0 0 0 1 1 1 1 1 1 0 0 0 0 0 0 0 0 0 1 0 1 0 0 0 0 1 0 0 0 0 1 1 0 1
 0 0 0 0 0 1 0 0 1 0 0 1 0 0 0 0 1 0 0 1 1 1 0 0 0 0 0 0 0 1 0 0 0 0 0 0 0
 0 0 0 0 0 1 0 0 0 0 0 1 0 0 0 1 1 0 0 1 0 0 0 1 0 0 0 0 0 1 0 1 0 0 1 0 0
 0 1 1 0 0 0 0 0 0 1 0 0 0 1 0 1 0 0 0 0 0 0 0 0 0 0 0 0 0 0 0 0 0 0 0 0 1
 0 0 0 0 0 0 0 0 1 0 0 0 0 0 0 0 1 1 0 0 0 0 0 1 0 1 0 1 0 0 0 0 1 1]",6,[ 5  6 12 11  5  1  6 15 12 15 11  6  6 13  6 14],[ 5  6 12 11  8  1  6 10 12 15 11  6  6 13  6 14],True,True,0.796875,0.859375,"[np.int64(15), np.int64(5), np.int64(8), np.int64(3), np.int64(2), np.int64(6), np.int64(14), np.int64(13), np.int64(0), np.int64(12), np.int64(6), np.int64(7), np.int64(4), np.int64(8), np.int64(15), np.int64(9)]","[np.int64(11), np.int64(12), np.int64(7), np.int64(12), np.int64(5), np.int64(8), np.int64(13), np.int64(6), np.int64(7), np.int64(0), np.int64(2), np.int64(4), np.int64(1), np.int64(15), np.int64(4), np.int64(14)]",False,False,0.0,0.0,[ 5  6 12  1  3  1  6 10 12 15 11  6  6  8  6 14],[ 5  6 12  1  2  1  6 15 12 15 11  6  6 13  6 14],False,True,0.671875,0.8125,[ 5  6 12  1  2  1  6 10 12 15 11  6  6  0  6 14],[ 5  6 12  1  3  1  6 15 12 15 11  6  6  0  6 14],False,False,0.78125,0.8125,0.64,1.0,1.0,16,16,25,0.56,1.0,1.0,14,14,25,1.0,0.0,0.0,25,0,0,1.0,0.0,0.0,25,0,0,0.84,0.0,0.0,21,0,0,0.6,1.0,1.0,15,15,25,0.04,0.0,0.0,1,0,0,0.04,0.0,0.0,1,0,0
"[1 0 1 0 1 0 0 0 0 0 0 0 0 1 0 0 0 1 0 0 0 0 1 1 0 0 0 0 0 0 0 0 1 0 0 0 0
 0 0 1 1 0 1 0 0 0 0 0 0 0 0 1 0 0 0 0 0 0 0 0 0 0 0 0 1 0 0 0 0 1 0 0 0 0
 0 0 1 0 0 0 0 0 0 0 1 1 0 0 0 0 1 0 0 0 0 0 0 1 0 0 0 0 0 1 1 0 0 0 0 0 0
 0 0 1 1 0 0 0 1 1 0 1 0 1 0 1 0 0 0 0 1 0 0 0 1 0 0 0 0 0 0 0 1 0 0 0 0 0
 0 0 0 1 0 1 0 0 0 0 0 0 0 0 1 0 0 1 0 0 0 0 0 0 0 0 0 1 0 0 0 0 0 0 0 1 0
 0 0 0 0 0 0 1 0 0 0 0 1 0 0 0 0 0 0 0 0 0 0 1 1 0 0 0 0 0 0 1 0 0 0 0 0 0
 1 1 0 0 0 0 0 0 0 0 1 0 0 0 0 1 1 0 0 0 0 0 0 0 0 0 0 0 1 1 1 1 0 0]",14,[13  6  8  3  0 10  8 13 14  7 15 15 15 14 14 13],[13  6  8  3  0 10  8 13 14  7  2 15 15 14 14 13],True,True,0.796875,0.859375,"[np.int64(13), np.int64(12), np.int64(15), np.int64(8), np.int64(7), np.int64(5), np.int64(0), np.int64(1), np.int64(6), np.int64(10), np.int64(11), np.int64(0), np.int64(0), np.int64(11), np.int64(3), np.int64(5)]","[np.int64(1), np.int64(5), np.int64(0), np.int64(10), np.int64(13), np.int64(9), np.int64(7), np.int64(4), np.int64(15), np.int64(14), np.int64(7), np.int64(13), np.int64(4), np.int64(11), np.int64(1), np.int64(2)]",False,False,0.0,0.0,[13  6  8  1  0 10  8 13 14  7  2  7 15 14 14 13],[13  7  8  3  0 10  8 13 14  7 15  7 15 14 14 13],False,True,0.671875,0.8125,[13  6  8  0  0  4  8 13 14  7  2  7 15 14 14 13],[13  7  8  0  0 10  8 13 14  7 15 15 15 14 14 13],False,False,0.78125,0.8125,0.44,1.0,1.0,11,11,25,0.44,1.0,1.0,11,11,25,1.0,0.0,0.0,25,0,0,1.0,0.0,0.0,25,0,0,0.68,0.0,0.0,17,0,0,0.32,1.0,1.0,8,8,25,0.04,0.0,0.0,1,0,0,0.04,0.0,0.0,1,0,0
"[0 0 0 0 1 1 0 1 0 0 0 1 1 0 0 0 0 0 0 0 0 0 0 0 0 0 0 0 1 0 0 0 0 0 1 0 0
 0 0 0 0 1 0 0 0 0 0 0 0 0 0 0 0 0 1 0 1 0 0 0 0 0 0 0 1 0 0 0 1 0 0 0 0 0
 0 0 1 0 0 0 1 0 0 0 0 1 0 1 0 0 0 1 0 1 1 0 0 0 0 1 0 0 0 1 1 0 1 0 0 0 0
 1 1 0 0 0 0 1 1 1 1 1 0 0 0 0 1 0 0 0 0 1 0 0 1 1 1 0 1 0 0 0 0 1 0 0 1 0
 0 0 0 1 0 1 0 1 0 0 1 0 0 0 0 0 0 0 1 0 1 0 0 0 0 0 0 0 1 0 0 0 0 1 0 0 0
 1 0 0 1 0 1 1 1 1 0 0 1 0 0 0 0 0 0 1 1 0 0 0 0 0 0 0 0 1 0 0 0 0 0 0 0 0
 0 0 0 0 0 0 0 1 0 1 0 1 0 1 0 0 0 0 0 0 0 0 0 0 1 0 1 0 0 1 0 0 0 0]",6,[ 7 12  9  6  0  7  6  6  6  7  6 15  0  5  7  6],[ 7 12  9  6  0  7  6  6  6  7  6 15  0  5  7  6],True,True,0.796875,0.859375,"[np.int64(2), np.int64(3), np.int64(6), np.int64(11), np.int64(9), np.int64(2), np.int64(4), np.int64(15), np.int64(0), np.int64(6), np.int64(5), np.int64(6), np.int64(6), np.int64(3), np.int64(8), np.int64(3)]","[np.int64(4), np.int64(15), np.int64(6), np.int64(2), np.int64(4), np.int64(8), np.int64(0), np.int64(14), np.int64(10), np.int64(13), np.int64(10), np.int64(13), np.int64(11), np.int64(0), np.int64(4), np.int64(9)]",False,False,0.0,0.0,[ 7 12  9  6  0  7  6  6  6  7  6 15 11  5  7  6],[ 7 12  9  6  0  7  6  6  6  7  6 15  0  5  7  6],True,True,0.671875,0.8125,[ 7 12  9  6  0  7  6  6  6  7  6 15  0  5  7  6],[ 7 12  9  6  0  7  6  6  6  7  6 15  0  5  7  6],True,True,0.78125,0.8125,0.08,1.0,1.0,2,2,25,0.08,1.0,1.0,2,2,25,1.0,0.0,0.0,25,0,0,1.0,0.0,0.0,25,0,0,0.08,1.0,1.0,2,2,25,0.08,1.0,1.0,2,2,25,0.04,1.0,1.0,1,1,25,0.04,1.0,1.0,1,1,25
"[1 0 0 0 1 0 0 0 0 1 1 0 0 0 0 0 0 0 1 0 0 0 0 0 0 0 0 0 0 0 0 1 0 1 0 1 0
 1 1 0 0 0 0 0 0 0 0 0 0 0 1 1 0 1 1 0 0 0 1 1 0 0 1 0 1 0 0 0 1 0 1 1 0 1
 0 0 0 0 0 0 0 0 1 1 0 0 1 0 0 1 0 0 0 0 0 0 0 0 1 1 1 1 1 1 1 0 1 0 0 1 0
 0 0 0 0 0 1 0 1 1 0 0 0 0 1 1 0 0 0 0 0 0 0 0 1 0 1 0 0 0 1 0 0 0 1 0 0 0
 1 1 0 0 0 1 0 1 0 0 0 0 1 0 0 1 0 0 1 0 0 0 1 0 1 0 1 0 0 0 0 1 0 0 0 0 0
 1 0 0 0 0 0 0 0 0 0 0 0 0 0 1 1 0 1 0 0 1 1 0 0 0 0 0 0 0 1 1 0 0 0 0 1 1
 0 0 0 0 0 1 0 0 0 0 0 0 1 0 1 0 1 0 0 1 0 0 0 0 0 0 0 0 0 0 0 0 0 0]",3,[10  2  3  3  6  3  3  6  6 11  3  3 14  6  3  1],[10  2  3  3  6  3  3  6  6 11  3  3 10  6  3  1],True,True,0.796875,0.859375,"[np.int64(13), np.int64(8), np.int64(13), np.int64(0), np.int64(12), np.int64(0), np.int64(11), np.int64(15), np.int64(1), np.int64(5), np.int64(5), np.int64(1), np.int64(14), np.int64(6), np.int64(10), np.int64(14)]","[np.int64(14), np.int64(14), np.int64(10), np.int64(1), np.int64(4), np.int64(12), np.int64(1), np.int64(7), np.int64(8), np.int64(0), np.int64(15), np.int64(14), np.int64(8), np.int64(2), np.int64(3), np.int64(15)]",False,False,0.0,0.0,[10  2  3  3  6  3  3  6  6 11  3  3 10  6  3  1],[10  2  3  3  6  3  3  6  6  5  3  3 10  6  3  1],True,True,0.671875,0.8125,[10  2  3  3  6  3  3  6  6  5  3  3 10  6  3  1],[10  2  3  3  6  3  3  6  6  5  3  3 14  6  3  1],True,True,0.78125,0.8125,0.16,1.0,1.0,4,4,25,0.16,1.0,1.0,4,4,25,1.0,0.0,0.0,25,0,0,1.0,0.0,0.0,25,0,0,0.16,1.0,1.0,4,4,25,0.16,1.0,1.0,4,4,25,0.04,1.0,1.0,1,1,25,0.04,1.0,1.0,1,1,25
"[1 0 0 0 0 0 0 1 1 0 1 0 0 0 0 1 0 1 0 1 0 0 1 0 0 1 1 1 1 0 0 0 0 0 1 0 0
 0 0 0 0 1 1 1 0 0 0 1 0 1 0 0 0 0 0 0 1 1 1 0 0 0 0 0 0 0 0 0 1 1 0 1 0 0
 0 0 1 1 0 1 0 0 0 0 1 1 0 0 0 0 0 1 0 0 0 0 0 1 0 0 0 0 1 0 0 0 1 0 1 0 0
 0 1 0 0 0 1 0 0 1 0 0 1 0 0 0 1 1 1 0 0 1 0 0 0 0 0 1 1 0 0 0 1 1 0 1 1 1
 0 0 0 0 1 1 0 0 0 0 0 0 1 1 1 1 0 0 1 1 1 0 1 0 1 0 0 0 0 1 1 0 0 1 0 0 0
 0 0 0 1 1 1 0 0 1 0 0 1 0 1 0 0 0 1 1 0 0 0 0 0 0 0 0 1 0 0 0 0 0 0 1 0 0
 0 0 0 0 0 0 0 0 0 1 1 0 0 1 0 0 1 0 1 0 1 0 1 0 0 1 1 0 0 0 0 0 0 0]",3,[ 8  3  9  3 15 11 10 10  3  3  3  1  1 11  8  8],[10  3 10  3 12 11  1 10  3  3  3  1  1 11  8  8],False,True,0.796875,0.859375,"[np.int64(9), np.int64(10), np.int64(13), np.int64(0), np.int64(1), np.int64(8), np.int64(3), np.int64(8), np.int64(5), np.int64(2), np.int64(14), np.int64(1), np.int64(2), np.int64(2), np.int64(7), np.int64(1)]","[np.int64(15), np.int64(1), np.int64(6), np.int64(9), np.int64(4), np.int64(10), np.int64(13), np.int64(4), np.int64(12), np.int64(14), np.int64(4), np.int64(11), np.int64(7), np.int64(14), np.int64(1), np.int64(10)]",False,False,0.0,0.0,[ 8  3 10  3  7 11  1 10  3  3  3  1  1 11  8  8],[10  3 10  3 15 11 10 10  3  3  3  1 10 11  8  8],True,True,0.671875,0.8125,[ 8  3  9  3  7 11 10 10  3  3  3  1  1 11  8  8],[10  3 10  3  7 11  1 10  3  3  3  1  1 11  8  8],False,True,0.78125,0.8125,0.8,0.45,0.48,20,9,12,0.72,0.5555555555555556,0.64,18,10,16,1.0,0.0,0.0,25,0,0,1.0,0.0,0.0,25,0,0,0.8,0.6,0.6,20,12,15,0.72,0.5555555555555556,0.56,18,10,14,0.04,0.0,0.0,1,0,0,0.04,1.0,1.0,1,1,25
"[1 1 0 1 0 1 0 1 1 0 1 1 0 0 0 0 1 0 1 0 0 0 1 0 1 0 0 0 0 0 0 0 0 1 0 0 1
 0 1 0 0 0 1 0 0 0 0 0 1 0 0 1 0 0 0 0 1 0 0 0 0 0 1 0 0 0 1 0 0 0 0 0 0 0
 1 0 1 0 1 1 1 0 0 0 0 0 0 1 0 0 1 0 0 0 0 1 0 1 1 0 0 0 1 0 1 1 1 0 0 0 0
 0 1 0 0 0 0 1 0 0 0 0 0 0 1 0 0 0 1 1 0 1 0 0 1 0 1 0 1 0 0 0 0 0 0 0 0 0
 0 0 1 0 0 0 0 0 0 0 0 1 1 0 1 0 1 1 1 0 1 0 0 1 0 1 0 1 1 0 0 0 0 0 0 0 0
 0 1 0 0 0 0 0 0 0 0 0 1 0 0 1 0 0 0 0 0 0 0 0 0 0 0 0 0 0 0 0 0 0 1 0 0 1
 0 0 0 0 0 1 1 0 0 0 0 0 0 0 0 0 0 0 0 0 0 0 1 1 0 0 0 1 1 0 0 0 0 0]",11,[11  0 10  0 10 10 10  0 10 15 11 11  4 10  4 10],[11  0 10  0 10  0 10  0  0  6 11 11  7 10  4 10],True,True,0.796875,0.859375,"[np.int64(0), np.int64(6), np.int64(3), np.int64(12), np.int64(10), np.int64(10), np.int64(13), np.int64(6), np.int64(0), np.int64(5), np.int64(9), np.int64(12), np.int64(8), np.int64(15), np.int64(7), np.int64(2)]","[np.int64(8), np.int64(8), np.int64(12), np.int64(10), np.int64(13), np.int64(5), np.int64(0), np.int64(4), np.int64(3), np.int64(1), np.int64(7), np.int64(12), np.int64(0), np.int64(7), np.int64(4), np.int64(15)]",False,False,0.0,0.0,[11  0 10  0 10  0 10  0  0  6 11 11  4 10  3 10],[11  0 10  0 10  0 10  0  0  6 11 11  4 10  3 10],True,True,0.671875,0.8125,[11  0 10  0 10  0 10  0  0  6 11 11  4 10  3 10],[11  0 10  0 10 10 10  0 10  6 11 11  4 10  4 10],True,True,0.78125,0.8125,0.72,0.4444444444444444,0.44,18,8,11,0.72,0.6111111111111112,0.64,18,11,16,1.0,0.0,0.0,25,0,0,1.0,0.0,0.0,25,0,0,0.72,0.6666666666666666,0.68,18,12,17,0.64,0.5625,0.52,16,9,13,0.04,1.0,1.0,1,1,25,0.04,1.0,1.0,1,1,25
"[1 0 0 0 0 1 0 1 1 1 1 0 0 0 1 0 0 0 1 0 0 0 0 0 1 0 0 0 1 1 0 0 0 1 0 0 1
 0 0 0 0 0 1 0 1 0 0 0 0 0 0 0 0 0 0 0 1 0 0 0 0 0 0 0 0 0 1 0 1 0 0 0 0 0
 0 1 0 0 0 1 1 0 0 0 0 0 0 0 0 1 0 0 0 1 0 0 0 0 0 0 0 0 1 1 1 1 0 1 0 0 0
 1 1 0 0 0 0 0 1 1 0 1 0 0 0 0 0 0 1 1 0 1 0 0 1 0 0 1 0 0 1 0 1 0 1 0 0 0
 0 1 1 1 1 1 0 0 0 0 0 0 1 0 1 0 0 0 0 0 0 0 1 0 1 0 0 0 0 0 0 0 1 0 1 0 0
 0 0 0 0 1 0 0 0 1 1 0 0 0 0 0 1 0 1 0 1 0 0 1 0 1 0 0 0 1 0 0 0 0 0 1 0 0
 1 0 1 0 0 0 0 0 0 0 1 0 0 0 0 1 1 0 0 0 0 0 1 0 1 0 0 0 0 0 1 0 0 1]",4,[10  2  4  8  4 13 15  6 12  6  2  4 15 11 13  4],[10  2  4  8  4 13 11  6  6  6  2  4  2 11 13  4],True,True,0.796875,0.859375,"[np.int64(10), np.int64(12), np.int64(8), np.int64(12), np.int64(14), np.int64(5), np.int64(9), np.int64(7), np.int64(12), np.int64(10), np.int64(0), np.int64(6), np.int64(3), np.int64(5), np.int64(13), np.int64(9)]","[np.int64(2), np.int64(5), np.int64(12), np.int64(1), np.int64(3), np.int64(9), np.int64(15), np.int64(8), np.int64(11), np.int64(6), np.int64(6), np.int64(14), np.int64(15), np.int64(9), np.int64(10), np.int64(11)]",False,False,0.0,0.0,[10  2  4  8  4 13 11  6  6  6  2  4 15 11 13  4],[10  2  4  8  4 13 15  6  6  6  2  4  2 11 13  4],True,True,0.671875,0.8125,[10  2  4  8  4 13 11  6  1  6  2  4  2 11 13  4],[10  2  4  8  4 13 11  6  6  6  2  4  2 11 13  4],True,True,0.78125,0.8125,0.36,1.0,1.0,9,9,25,0.44,1.0,1.0,11,11,25,1.0,0.0,0.0,25,0,0,1.0,0.0,0.0,25,0,0,0.4,1.0,1.0,10,10,25,0.4,1.0,1.0,10,10,25,0.04,1.0,1.0,1,1,25,0.04,1.0,1.0,1,1,25
"[0 0 0 0 1 1 0 0 0 1 0 0 0 1 0 0 0 0 0 1 1 0 0 0 1 0 0 0 0 0 0 0 0 0 0 0 0
 0 1 0 0 1 0 1 1 0 1 0 0 1 0 0 0 0 0 1 1 0 0 0 0 1 0 0 1 1 0 0 0 0 1 0 0 0
 1 0 0 0 0 0 1 0 0 0 0 0 0 0 0 0 1 0 1 0 0 0 0 0 1 0 1 0 0 1 0 0 0 0 0 0 0
 0 0 0 0 1 0 0 1 1 0 0 0 0 0 1 0 1 0 1 0 1 0 0 0 0 0 0 0 0 0 0 0 1 1 0 1 0
 0 0 0 0 0 1 0 0 0 0 0 1 0 0 0 0 1 1 0 0 0 0 0 1 0 0 1 1 0 0 1 0 0 0 0 0 0
 0 1 1 0 0 0 0 0 0 1 0 0 1 0 0 0 0 0 0 0 0 0 0 1 0 0 1 0 0 0 1 0 0 0 0 0 0
 0 0 0 0 1 0 0 0 0 0 0 0 1 0 0 0 1 0 0 0 0 0 0 0 0 1 1 1 1 0 0 0 0 0]",15,[ 9  8  9  8 10 10  7 15 15 15 15 10  5  7 10 15],[ 9  8  9  7 10 10  7 15 15 15 15 10  2  7 10 15],True,True,0.796875,0.859375,"[np.int64(6), np.int64(11), np.int64(13), np.int64(1), np.int64(8), np.int64(0), np.int64(15), np.int64(6), np.int64(15), np.int64(3), np.int64(13), np.int64(11), np.int64(13), np.int64(2), np.int64(5), np.int64(2)]","[np.int64(12), np.int64(10), np.int64(14), np.int64(13), np.int64(3), np.int64(1), np.int64(3), np.int64(3), np.int64(4), np.int64(14), np.int64(3), np.int64(5), np.int64(4), np.int64(3), np.int64(7), np.int64(4)]",False,False,0.0,0.0,[ 9  8  9  7 10 10  7 15 15 15 15 10  5  7 10 15],[ 9  8  9  8 10 10  7 15 15 15 15 10  2  7 10 15],True,True,0.671875,0.8125,[ 9  8  9  8 10 10  7 15 15 15 15 10  5  7 10 15],[ 9  8  9  8 10 10  7 15 15 15 15 10  2  7 10 15],True,True,0.78125,0.8125,0.16,1.0,1.0,4,4,25,0.16,1.0,1.0,4,4,25,1.0,0.0,0.0,25,0,0,1.0,0.0,0.0,25,0,0,0.16,1.0,1.0,4,4,25,0.16,1.0,1.0,4,4,25,0.04,1.0,1.0,1,1,25,0.04,1.0,1.0,1,1,25
"[1 1 1 0 0 0 0 1 1 1 0 0 0 1 0 0 1 1 0 0 0 1 0 0 0 1 0 0 0 0 0 0 1 0 1 1 1
 0 1 0 1 0 0 0 0 0 0 0 0 0 1 0 1 0 0 1 0 0 0 0 1 0 0 1 0 0 1 1 0 0 0 1 0 0
 0 0 0 0 0 0 0 1 0 0 0 1 0 0 1 0 1 0 0 0 0 0 0 0 1 0 0 0 0 0 0 1 0 0 0 1 1
 0 1 0 0 1 1 0 0 0 0 0 1 0 0 0 0 0 1 0 1 0 0 1 0 0 0 0 0 0 0 1 0 0 1 1 0 0
 0 0 1 0 0 1 1 1 1 0 0 1 0 0 0 0 0 1 0 1 0 1 1 0 0 0 0 1 0 0 0 0 0 0 0 0 0
 1 0 1 1 0 1 0 0 0 0 1 0 0 0 0 0 1 0 1 0 0 0 0 1 0 0 0 0 0 1 0 1 0 0 0 0 1
 0 0 0 0 0 0 0 0 1 0 0 0 0 1 0 0 1 1 0 0 0 1 0 0 0 0 0 1 1 0 0 0 1 1]",3,[ 2  9  3  3  3 10  2  3  2 15 15 12  3  0 15  3],[ 2  9  3  3  3 10  2  3  2 12  7 12  3  8 15  3],True,True,0.796875,0.859375,"[np.int64(8), np.int64(8), np.int64(12), np.int64(5), np.int64(11), np.int64(11), np.int64(10), np.int64(8), np.int64(9), np.int64(5), np.int64(3), np.int64(0), np.int64(2), np.int64(3), np.int64(11), np.int64(10)]","[np.int64(15), np.int64(8), np.int64(8), np.int64(2), np.int64(5), np.int64(4), np.int64(7), np.int64(13), np.int64(4), np.int64(11), np.int64(8), np.int64(3), np.int64(9), np.int64(5), np.int64(12), np.int64(4)]",False,False,0.0,0.0,[ 7  9  3  3  3 10  2  3  2 15 15 12  3  6 15  3],[ 7  0  3  3  3 10  2  3  2 12  7 12  3  8 15  3],True,True,0.671875,0.8125,[ 2  0  3  3  3 10  2  3  2 12  7 12  3  0 15  3],[ 2  0  3  3  3 10  2  3  2 15  7 12  3  8 15  3],True,True,0.78125,0.8125,0.84,1.0,1.0,21,21,25,0.8,1.0,1.0,20,20,25,1.0,0.0,0.0,25,0,0,1.0,0.0,0.0,25,0,0,0.88,1.0,1.0,22,22,25,0.76,1.0,1.0,19,19,25,0.04,1.0,1.0,1,1,25,0.04,1.0,1.0,1,1,25
"[0 0 1 0 0 1 0 0 0 0 0 0 0 0 1 0 0 0 0 1 0 0 0 1 0 1 1 0 1 1 0 1 1 0 0 1 1
 0 1 0 0 0 0 0 1 0 0 1 0 1 1 0 0 0 0 0 0 1 1 0 1 1 1 0 0 0 1 0 0 0 1 0 0 1
 0 0 0 0 1 0 1 0 0 0 0 0 1 0 0 1 0 0 0 0 0 0 0 0 1 0 1 1 0 1 0 0 0 1 0 0 0
 0 0 1 0 0 0 0 1 0 0 0 0 0 0 0 0 0 0 0 0 0 0 0 0 0 0 1 0 1 0 0 0 0 0 1 0 1
 1 1 0 0 1 1 1 1 0 0 1 0 0 1 0 1 0 0 0 0 0 1 1 1 1 1 0 0 0 0 0 0 0 0 1 0 1
 1 1 0 0 0 0 1 0 1 1 1 0 0 0 0 0 0 1 0 0 0 0 0 0 1 0 1 0 0 0 0 0 0 1 0 0 1
 0 0 1 0 0 1 1 0 0 0 0 1 0 0 0 0 1 0 0 1 1 0 0 0 0 0 0 0 0 1 0 0 0 0]",2,[ 2 15  2  2  2  6  2  6 11  3  3  6  2  3  0  2],[ 2  3  2  2  2  0  2  6 11  3 12 15  2  3  0  2],True,False,0.796875,0.859375,"[np.int64(9), np.int64(2), np.int64(11), np.int64(4), np.int64(7), np.int64(15), np.int64(3), np.int64(5), np.int64(5), np.int64(15), np.int64(7), np.int64(3), np.int64(13), np.int64(5), np.int64(0), np.int64(12)]","[np.int64(2), np.int64(10), np.int64(8), np.int64(4), np.int64(2), np.int64(0), np.int64(13), np.int64(14), np.int64(9), np.int64(10), np.int64(2), np.int64(0), np.int64(12), np.int64(8), np.int64(15), np.int64(12)]",False,False,0.0,0.0,[ 2  3  2  2  2  6  2  6 11  4  3 15  2  3  0  2],[ 2  3  2  2  2  6  2  6  9  3 12  6  2  3  4  2],False,False,0.671875,0.8125,[ 2  3  2  2  2  0  2  6 11  3  3  6  2  3  0  2],[2 3 2 2 2 6 2 6 9 3 3 6 2 3 4 2],True,False,0.78125,0.8125,0.92,0.391304347826087,0.4,23,9,10,1.0,0.4,0.4,25,10,10,1.0,0.0,0.0,25,0,0,1.0,0.0,0.0,25,0,0,1.0,0.44,0.44,25,11,11,0.92,0.2608695652173913,0.28,23,6,7,0.04,1.0,1.0,1,1,25,0.04,0.0,0.0,1,0,0
"[1 0 0 0 0 1 0 1 1 1 1 0 0 0 1 0 0 0 1 0 0 0 0 0 1 0 0 0 1 1 0 0 0 1 0 0 1
 0 0 0 0 0 1 0 1 0 0 0 0 0 0 0 0 0 0 0 1 0 0 0 0 0 0 0 0 0 1 0 1 0 0 0 0 0
 0 1 0 0 0 1 1 0 0 0 0 0 0 0 0 1 0 0 0 1 0 0 0 0 0 0 0 0 1 1 1 1 0 1 0 0 0
 1 1 0 0 0 0 0 1 1 0 1 0 0 0 0 0 0 1 1 0 1 0 0 1 0 0 1 0 0 1 0 1 0 1 0 0 0
 0 1 1 1 1 1 0 0 0 0 0 0 1 0 1 0 0 0 0 0 0 0 1 0 1 0 0 0 0 0 0 0 1 0 1 0 0
 0 0 0 0 1 0 0 0 1 1 0 0 0 0 0 1 0 1 0 1 0 0 1 0 1 0 0 0 1 0 0 0 0 0 1 0 0
 1 0 1 0 0 0 0 0 0 0 1 0 0 0 0 1 1 0 0 0 0 0 1 0 1 0 0 0 0 0 1 0 0 1]",4,[10  2  4  8  4 13 15  6  1  6  2  4  2 11 13  4],[10  2  4  8  4 13 11  6  1  6  2  4  2 11 13  4],True,True,0.796875,0.859375,"[np.int64(0), np.int64(12), np.int64(6), np.int64(3), np.int64(13), np.int64(14), np.int64(1), np.int64(7), np.int64(8), np.int64(12), np.int64(0), np.int64(5), np.int64(9), np.int64(8), np.int64(5), np.int64(15)]","[np.int64(13), np.int64(7), np.int64(10), np.int64(4), np.int64(13), np.int64(13), np.int64(11), np.int64(7), np.int64(2), np.int64(6), np.int64(7), np.int64(0), np.int64(14), np.int64(10), np.int64(9), np.int64(13)]",False,False,0.0,0.0,[10  2  4  8  4 13 15  6 12  6  2  4 15 11 13  4],[10  2  4  8  4 13 15  6  6  6  2  4  2 11 13  4],True,True,0.671875,0.8125,[10  2  4  8  4 13 11  6  1  6  2  4  2 11 13  4],[10  2  4  8  4 13 11  6  6  6  2  4  2 11 13  4],True,True,0.78125,0.8125,0.48,1.0,1.0,12,12,25,0.32,1.0,1.0,8,8,25,1.0,0.0,0.0,25,0,0,1.0,0.0,0.0,25,0,0,0.44,0.9090909090909091,0.96,11,10,24,0.48,1.0,1.0,12,12,25,0.04,1.0,1.0,1,1,25,0.04,1.0,1.0,1,1,25
"[1 0 0 0 0 0 0 0 0 0 0 1 0 0 1 0 0 0 0 0 0 1 0 0 0 0 0 1 0 0 0 1 0 0 0 0 1
 1 0 0 1 0 0 0 0 0 0 0 0 0 0 0 0 1 0 0 0 0 0 1 1 1 0 1 0 0 1 0 1 0 0 0 0 0
 0 0 0 0 0 0 0 1 1 1 0 0 0 1 0 0 0 1 0 0 0 0 0 0 0 0 0 0 1 1 0 0 0 1 1 1 1
 1 0 0 0 0 0 1 1 1 0 0 0 0 0 1 0 0 0 0 1 0 0 0 0 0 0 0 0 1 1 0 0 0 0 0 0 0
 0 0 0 0 0 1 0 0 0 0 0 0 0 0 0 0 0 0 0 0 0 0 1 0 1 1 0 0 1 1 0 1 0 1 1 0 1
 0 0 0 1 1 0 0 0 0 0 1 0 0 1 0 1 0 1 1 1 0 0 1 0 0 0 1 0 0 1 1 0 0 1 1 0 0
 0 0 1 0 0 0 0 0 1 0 0 0 0 0 0 0 0 1 0 1 0 1 0 0 1 0 0 0 0 0 1 0 1 0]",5,[11  5  5  5  2  5  7  5 11  9 13  5  3 11 15  1],[11  5  5  5  2  5  7  5 11  9 12  5 11 11  0  1],False,False,0.796875,0.859375,"[np.int64(14), np.int64(14), np.int64(0), np.int64(12), np.int64(7), np.int64(0), np.int64(0), np.int64(12), np.int64(6), np.int64(15), np.int64(8), np.int64(7), np.int64(4), np.int64(4), np.int64(11), np.int64(4)]","[np.int64(8), np.int64(12), np.int64(10), np.int64(6), np.int64(1), np.int64(9), np.int64(3), np.int64(5), np.int64(1), np.int64(6), np.int64(3), np.int64(15), np.int64(5), np.int64(5), np.int64(14), np.int64(2)]",False,False,0.0,0.0,[11  5  5  5  2  5 11  5 11  4 12  5  3  3  0  3],[11  5  5  5  2  5 11  5  2  9 12  5 11 11  0  1],False,True,0.671875,0.8125,[11  5  5  5  2  5  7  5  2  0 12  5  3  3  0  1],[11  5  5  5  2  5  7  5 11  0 12  5 11 11 15  1],False,False,0.78125,0.8125,0.88,0.4090909090909091,0.44,22,9,11,0.96,0.3333333333333333,0.36,24,8,9,1.0,0.0,0.0,25,0,0,1.0,0.0,0.0,25,0,0,1.0,0.0,0.0,25,0,0,1.0,0.44,0.44,25,11,11,0.04,0.0,0.0,1,0,0,0.04,0.0,0.0,1,0,0
"[1 0 0 0 1 0 0 0 0 0 0 1 0 1 0 0 0 0 0 0 0 0 0 0 0 1 0 0 0 0 0 1 0 0 0 1 0
 0 0 0 0 1 0 1 1 0 0 0 0 0 1 1 0 1 1 0 1 0 0 1 0 0 0 1 1 0 0 0 1 0 1 0 0 0
 0 0 0 1 0 0 0 0 0 1 0 1 0 0 1 1 1 0 0 0 1 0 0 0 0 1 1 0 0 1 0 0 1 0 0 0 0
 0 0 0 0 0 0 0 1 0 1 0 0 0 1 0 1 0 0 0 0 1 0 1 0 1 1 0 0 0 0 0 0 1 0 1 1 0
 0 1 0 0 0 0 0 0 1 0 0 0 0 0 0 0 0 1 1 0 0 0 0 0 0 0 0 0 1 0 1 1 0 0 0 0 0
 0 0 0 0 1 0 1 0 0 1 0 0 0 0 1 0 1 0 0 0 1 0 0 1 0 0 0 1 0 0 0 0 0 0 1 1 0
 0 0 0 0 0 0 0 1 0 1 0 0 0 0 0 0 1 0 0 1 0 1 0 0 0 0 1 0 0 1 0 0 0 0]",2,[11  9  2  2  0  3  3 12  3  2  5  2  2 12  5 11],[11  9  2  2  0  9  3 12  3  2  5  2  2 11  5  3],True,True,0.796875,0.859375,"[np.int64(3), np.int64(3), np.int64(9), np.int64(13), np.int64(1), np.int64(6), np.int64(14), np.int64(14), np.int64(9), np.int64(0), np.int64(14), np.int64(7), np.int64(11), np.int64(15), np.int64(1), np.int64(3)]","[np.int64(6), np.int64(5), np.int64(12), np.int64(6), np.int64(11), np.int64(14), np.int64(8), np.int64(15), np.int64(10), np.int64(6), np.int64(0), np.int64(12), np.int64(4), np.int64(3), np.int64(1), np.int64(10)]",False,False,0.0,0.0,[11  9  2  2  0  9  3 12  3  2  5  2  2 12  5  3],[11  9  2  2  0  9  3 12  3  2  5  2  2 11  7 11],True,True,0.671875,0.8125,[11  9  2  2  0  3  3 12  3  2  5  2  2 12  5  3],[11  9  2  2  0  9  3 12  3  2  5  2  2 11  5  3],True,True,0.78125,0.8125,0.88,1.0,1.0,22,22,25,0.72,1.0,1.0,18,18,25,1.0,0.0,0.0,25,0,0,1.0,0.0,0.0,25,0,0,0.76,1.0,1.0,19,19,25,0.88,1.0,1.0,22,22,25,0.04,1.0,1.0,1,1,25,0.04,1.0,1.0,1,1,25
"[0 0 0 1 0 0 0 0 0 0 1 0 0 0 0 0 0 0 0 0 0 0 0 0 0 1 0 0 0 0 0 0 0 0 0 0 1
 0 0 0 1 1 0 0 0 0 0 1 1 0 0 1 0 0 1 0 0 0 0 1 0 0 0 1 0 0 1 0 1 0 0 0 0 0
 1 0 1 0 0 0 0 0 0 0 0 0 0 0 1 0 1 0 0 0 0 1 0 0 0 1 0 0 0 0 0 0 1 1 1 1 1
 0 0 0 0 0 0 0 0 0 0 0 0 1 0 1 0 0 0 0 1 0 0 1 0 0 1 0 0 1 0 0 0 0 0 1 1 0
 0 0 0 0 0 1 0 0 0 0 0 0 1 0 0 0 1 1 1 0 0 0 0 0 0 1 0 1 0 0 0 1 0 0 1 1 1
 0 0 0 0 0 0 0 0 0 0 0 1 0 1 0 0 0 0 0 0 0 1 0 0 0 0 0 0 0 1 1 0 0 1 0 0 1
 1 0 0 0 0 0 0 0 1 0 0 0 0 0 1 1 0 0 0 0 1 1 0 1 0 0 0 0 1 0 0 0 0 1]",5,[10  9  8 15 10  5 10 13  5  2  5  8  6 10 13  5],[10  9  8 15 10  5 10 13  5  2  5  8  6 10  6  5],True,True,0.796875,0.859375,"[np.int64(3), np.int64(2), np.int64(6), np.int64(7), np.int64(5), np.int64(12), np.int64(13), np.int64(1), np.int64(9), np.int64(15), np.int64(1), np.int64(12), np.int64(10), np.int64(2), np.int64(7), np.int64(15)]","[np.int64(8), np.int64(14), np.int64(8), np.int64(7), np.int64(3), np.int64(11), np.int64(4), np.int64(2), np.int64(3), np.int64(2), np.int64(5), np.int64(2), np.int64(3), np.int64(6), np.int64(8), np.int64(1)]",False,False,0.0,0.0,[10  9 15 15 10  5 10 13  5  2  5  8  4 10  6  5],[10  9 15 15 10  5 10 13  5  2  5  8  6 10 13  5],True,True,0.671875,0.8125,[10  9  8 15 10  5 10 11  5  2  5  8  4 10  6  5],[10  9  8 15 10  5 10 11  5  2  5  8  6 10  6  5],True,True,0.78125,0.8125,0.48,1.0,1.0,12,12,25,0.44,1.0,1.0,11,11,25,1.0,0.0,0.0,25,0,0,1.0,0.0,0.0,25,0,0,0.48,1.0,1.0,12,12,25,0.52,1.0,1.0,13,13,25,0.04,1.0,1.0,1,1,25,0.04,1.0,1.0,1,1,25
"[1 0 0 1 0 0 0 0 0 0 0 0 0 0 0 1 0 1 1 1 0 0 0 0 1 0 0 0 0 0 1 0 0 1 1 0 0
 0 1 0 0 1 0 0 0 1 0 0 1 1 0 0 0 1 0 0 0 0 1 1 1 0 0 0 0 0 0 0 1 1 1 1 0 0
 0 1 0 0 0 0 0 0 0 1 1 1 0 0 1 0 0 1 0 0 0 0 0 0 1 0 1 0 1 0 0 0 0 0 0 0 0
 0 0 0 0 0 1 0 0 1 0 0 1 0 0 1 0 1 0 1 0 0 0 1 0 0 1 0 0 1 0 0 1 0 0 0 1 0
 0 0 0 0 0 0 0 0 0 0 1 1 0 0 0 1 0 0 0 1 0 0 1 0 0 1 0 1 0 0 0 1 1 1 0 0 1
 0 0 1 0 1 0 0 0 0 0 1 0 0 0 0 0 0 0 0 0 0 0 0 0 0 1 0 0 0 0 1 0 0 1 1 0 1
 0 0 0 1 0 0 0 0 0 0 1 1 0 0 0 0 0 0 1 0 0 0 0 0 0 1 0 1 1 0 0 0 0 1]",10,[15  3 13 10  7  3  4 10  5 15 10 13  3 10  1 10],[ 3  3 13 10  7  3  2 10 11 15 10 13  3 10  9 10],True,True,0.796875,0.859375,"[np.int64(15), np.int64(5), np.int64(1), np.int64(3), np.int64(3), np.int64(8), np.int64(6), np.int64(11), np.int64(7), np.int64(2), np.int64(7), np.int64(14), np.int64(14), np.int64(11), np.int64(6), np.int64(5)]","[np.int64(2), np.int64(13), np.int64(10), np.int64(6), np.int64(13), np.int64(12), np.int64(12), np.int64(9), np.int64(2), np.int64(9), np.int64(14), np.int64(11), np.int64(9), np.int64(3), np.int64(13), np.int64(5)]",False,False,0.0,0.0,[15  3 13 10  7  3  4 10 11 15 10  3  3 10  1 10],[15  3 13 10  7  3  2 10  1 15 10  3  3 10  9 10],True,True,0.671875,0.8125,[ 3  3 13 10  7  3  2 10  1 15 10  3  3 10  1 10],[ 3  3 13 10  7  3  2 10  1 15 10  3  3 10  9 10],True,True,0.78125,0.8125,0.92,1.0,1.0,23,23,25,0.76,1.0,1.0,19,19,25,1.0,0.0,0.0,25,0,0,1.0,0.0,0.0,25,0,0,0.76,1.0,1.0,19,19,25,0.84,1.0,1.0,21,21,25,0.04,1.0,1.0,1,1,25,0.04,1.0,1.0,1,1,25
"[1 0 0 0 1 0 0 0 0 1 1 0 0 0 0 0 0 0 1 0 0 0 0 0 0 0 0 0 0 0 0 1 0 1 0 1 0
 1 1 0 0 0 0 0 0 0 0 0 0 0 1 1 0 1 1 0 0 0 1 1 0 0 1 0 1 0 0 0 1 0 1 1 0 1
 0 0 0 0 0 0 0 0 1 1 0 0 1 0 0 1 0 0 0 0 0 0 0 0 1 1 1 1 1 1 1 0 1 0 0 1 0
 0 0 0 0 0 1 0 1 1 0 0 0 0 1 1 0 0 0 0 0 0 0 0 1 0 1 0 0 0 1 0 0 0 1 0 0 0
 1 1 0 0 0 1 0 1 0 0 0 0 1 0 0 1 0 0 1 0 0 0 1 0 1 0 1 0 0 0 0 1 0 0 0 0 0
 1 0 0 0 0 0 0 0 0 0 0 0 0 0 1 1 0 1 0 0 1 1 0 0 0 0 0 0 0 1 1 0 0 0 0 1 1
 0 0 0 0 0 1 0 0 0 0 0 0 1 0 1 0 1 0 0 1 0 0 0 0 0 0 0 0 0 0 0 0 0 0]",3,[10  2  3  3  6  3  3  6  6  5  3  3 10  6  3  1],[10  2  3  3  6  3  3  6  6  5  3  3 10  6  3  1],True,True,0.796875,0.859375,"[np.int64(4), np.int64(15), np.int64(2), np.int64(8), np.int64(6), np.int64(10), np.int64(1), np.int64(11), np.int64(8), np.int64(12), np.int64(4), np.int64(1), np.int64(1), np.int64(11), np.int64(1), np.int64(0)]","[np.int64(9), np.int64(3), np.int64(13), np.int64(8), np.int64(15), np.int64(1), np.int64(11), np.int64(14), np.int64(5), np.int64(12), np.int64(15), np.int64(9), np.int64(9), np.int64(3), np.int64(9), np.int64(12)]",False,False,0.0,0.0,[10  2  3  3  6  3  3  6  6 11  3  3 14  6  3  1],[10  2  3  3  6  3  3  6  6  5  3  3 14  6  3  1],True,True,0.671875,0.8125,[10  2  3  3  6  3  3  6  6  5  3  3 10  6  3  1],[10  2  3  3  6  3  3  6  6  5  3  3 14  6  3  1],True,True,0.78125,0.8125,0.16,1.0,1.0,4,4,25,0.16,1.0,1.0,4,4,25,1.0,0.0,0.0,25,0,0,1.0,0.0,0.0,25,0,0,0.16,1.0,1.0,4,4,25,0.16,1.0,1.0,4,4,25,0.04,1.0,1.0,1,1,25,0.04,1.0,1.0,1,1,25
"[0 0 0 0 1 0 0 1 1 1 0 0 0 0 0 0 0 1 0 0 1 0 0 1 0 1 0 0 0 0 1 0 0 0 1 0 1
 1 1 0 1 0 0 0 0 1 0 0 0 0 0 0 0 1 0 1 0 0 1 0 1 0 0 1 1 1 1 0 0 1 0 1 0 0
 0 1 0 0 0 0 0 0 1 1 1 1 1 0 0 0 0 0 0 0 0 0 0 0 1 0 0 1 0 1 0 1 0 0 1 0 1
 0 1 1 0 1 1 0 1 1 0 0 0 0 1 0 0 0 1 0 1 0 0 0 0 0 0 0 0 0 0 1 0 0 1 1 0 0
 0 0 1 0 0 1 0 0 0 0 0 0 0 0 0 1 0 0 0 0 0 0 0 1 0 1 0 1 0 0 0 0 1 0 0 0 0
 0 1 0 0 1 0 0 0 0 0 1 0 0 1 1 0 0 0 0 0 1 1 0 0 0 1 0 0 0 0 0 1 0 1 1 1 1
 1 0 0 1 0 0 0 0 1 0 0 0 0 0 1 1 1 0 0 0 0 1 0 0 0 0 0 0 1 0 0 0 0 0]",12,[ 7  7  6 12  7  3 12 12 13  6 13 13 12 12 12  3],[ 7 14 13 12  7  6 12 12 13  6  3 13 12 12 12  3],False,False,0.796875,0.859375,"[np.int64(12), np.int64(9), np.int64(5), np.int64(11), np.int64(0), np.int64(13), np.int64(1), np.int64(9), np.int64(2), np.int64(10), np.int64(0), np.int64(2), np.int64(14), np.int64(1), np.int64(10), np.int64(5)]","[np.int64(1), np.int64(0), np.int64(6), np.int64(8), np.int64(0), np.int64(5), np.int64(0), np.int64(5), np.int64(2), np.int64(0), np.int64(0), np.int64(15), np.int64(11), np.int64(8), np.int64(10), np.int64(11)]",False,False,0.0,0.0,[ 7 14  6 12  7  6 12 12 13  6  3 13 12 12 12  3],[ 7  7 13 12  7  6 12 12 13  6 13 13 12 12 12  3],True,True,0.671875,0.8125,[ 7  7  6 12  7  3 12 12 13  6  3 13 12 12 12  3],[ 7 14  6 12  7  6 12 12 13  6  3 13 12 12 12  3],True,True,0.78125,0.8125,0.52,0.7692307692307693,0.76,13,10,19,0.36,0.6666666666666666,0.68,9,6,17,1.0,0.0,0.0,25,0,0,1.0,0.0,0.0,25,0,0,0.52,0.7692307692307693,0.76,13,10,19,0.52,0.7692307692307693,0.8,13,10,20,0.04,1.0,1.0,1,1,25,0.04,1.0,1.0,1,1,25
"[1 1 0 1 0 1 0 1 1 0 1 1 0 0 0 0 1 0 1 0 0 0 1 0 1 0 0 0 0 0 0 0 0 1 0 0 1
 0 1 0 0 0 1 0 0 0 0 0 1 0 0 1 0 0 0 0 1 0 0 0 0 0 1 0 0 0 1 0 0 0 0 0 0 0
 1 0 1 0 1 1 1 0 0 0 0 0 0 1 0 0 1 0 0 0 0 1 0 1 1 0 0 0 1 0 1 1 1 0 0 0 0
 0 1 0 0 0 0 1 0 0 0 0 0 0 1 0 0 0 1 1 0 1 0 0 1 0 1 0 1 0 0 0 0 0 0 0 0 0
 0 0 1 0 0 0 0 0 0 0 0 1 1 0 1 0 1 1 1 0 1 0 0 1 0 1 0 1 1 0 0 0 0 0 0 0 0
 0 1 0 0 0 0 0 0 0 0 0 1 0 0 1 0 0 0 0 0 0 0 0 0 0 0 0 0 0 0 0 0 0 1 0 0 1
 0 0 0 0 0 1 1 0 0 0 0 0 0 0 0 0 0 0 0 0 0 0 1 1 0 0 0 1 1 0 0 0 0 0]",11,[11  0 10  0 10 10 10  0  0 15 11 11  7 10  4 10],[11  0 10  0 10 10 10  0 10 15 11 11  4 10  4 10],False,True,0.796875,0.859375,"[np.int64(2), np.int64(15), np.int64(13), np.int64(0), np.int64(7), np.int64(9), np.int64(10), np.int64(0), np.int64(9), np.int64(2), np.int64(10), np.int64(2), np.int64(6), np.int64(9), np.int64(10), np.int64(8)]","[np.int64(4), np.int64(5), np.int64(7), np.int64(2), np.int64(11), np.int64(14), np.int64(7), np.int64(11), np.int64(6), np.int64(8), np.int64(11), np.int64(14), np.int64(5), np.int64(14), np.int64(15), np.int64(4)]",False,False,0.0,0.0,[11  0 10  0 10  0 10  0  0 15 11 11  7 10  3 10],[11  0 10  0 10 10 10  0  0 15 11 11  4 10  4 10],True,False,0.671875,0.8125,[11  0 10  0 10  0 10  0  0  6 11 11  4 10  3 10],[11  0 10  0 10 10 10  0 10  6 11 11  4 10  4 10],True,True,0.78125,0.8125,0.72,0.5,0.56,18,9,14,0.6,0.5333333333333333,0.4,15,8,10,1.0,0.0,0.0,25,0,0,1.0,0.0,0.0,25,0,0,0.68,0.6470588235294118,0.68,17,11,17,0.72,0.5,0.48,18,9,12,0.04,1.0,1.0,1,1,25,0.04,1.0,1.0,1,1,25
"[1 0 0 1 0 0 0 0 0 0 0 0 0 0 0 1 0 1 1 1 0 0 0 0 1 0 0 0 0 0 1 0 0 1 1 0 0
 0 1 0 0 1 0 0 0 1 0 0 1 1 0 0 0 1 0 0 0 0 1 1 1 0 0 0 0 0 0 0 1 1 1 1 0 0
 0 1 0 0 0 0 0 0 0 1 1 1 0 0 1 0 0 1 0 0 0 0 0 0 1 0 1 0 1 0 0 0 0 0 0 0 0
 0 0 0 0 0 1 0 0 1 0 0 1 0 0 1 0 1 0 1 0 0 0 1 0 0 1 0 0 1 0 0 1 0 0 0 1 0
 0 0 0 0 0 0 0 0 0 0 1 1 0 0 0 1 0 0 0 1 0 0 1 0 0 1 0 1 0 0 0 1 1 1 0 0 1
 0 0 1 0 1 0 0 0 0 0 1 0 0 0 0 0 0 0 0 0 0 0 0 0 0 1 0 0 0 0 1 0 0 1 1 0 1
 0 0 0 1 0 0 0 0 0 0 1 1 0 0 0 0 0 0 1 0 0 0 0 0 0 1 0 1 1 0 0 0 0 1]",10,[ 3  3 13 10  7  3  4 10  1 15 10 13  3 10  9 10],[ 3  3 13 10  7  3  2 10  1 15 10 13  3 10  9 10],True,True,0.796875,0.859375,"[np.int64(5), np.int64(5), np.int64(7), np.int64(14), np.int64(13), np.int64(14), np.int64(14), np.int64(1), np.int64(4), np.int64(4), np.int64(1), np.int64(10), np.int64(12), np.int64(15), np.int64(11), np.int64(2)]","[np.int64(3), np.int64(6), np.int64(13), np.int64(7), np.int64(6), np.int64(13), np.int64(15), np.int64(6), np.int64(14), np.int64(10), np.int64(7), np.int64(0), np.int64(10), np.int64(11), np.int64(6), np.int64(5)]",False,False,0.0,0.0,[15  3 13 10  7  3  4 10  5 15 10 13  3 10  1 10],[ 3  3 13 10  7  3  2 10  5 15 10 13  3 10  1 10],True,True,0.671875,0.8125,[ 3  3 13 10  7  3  2 10  1 15 10  3  3 10  1 10],[ 3  3 13 10  7  3  2 10  1 15 10  3  3 10  9 10],True,True,0.78125,0.8125,0.76,1.0,1.0,19,19,25,0.92,1.0,1.0,23,23,25,1.0,0.0,0.0,25,0,0,1.0,0.0,0.0,25,0,0,0.8,1.0,1.0,20,20,25,0.8,1.0,1.0,20,20,25,0.04,1.0,1.0,1,1,25,0.04,1.0,1.0,1,1,25
"[0 0 0 0 0 0 0 0 0 0 0 1 0 0 1 0 0 0 0 0 0 0 0 0 0 0 0 0 0 1 0 0 0 0 0 1 0
 0 0 0 0 0 0 0 0 0 0 1 0 0 1 0 0 0 0 0 0 1 1 0 0 0 0 1 0 0 0 0 1 0 0 1 1 1
 0 0 0 1 0 1 0 0 0 0 0 1 0 1 0 0 0 0 0 0 0 1 0 0 0 0 0 0 0 0 0 0 0 0 0 0 0
 1 0 0 0 0 1 1 0 0 0 0 0 0 0 1 1 0 0 0 0 0 1 0 0 0 0 1 0 0 0 1 0 1 0 0 0 1
 1 0 0 0 1 0 1 1 0 0 0 0 0 0 0 1 0 0 0 0 0 1 1 0 1 1 0 0 1 0 0 0 0 0 0 0 0
 1 0 0 0 0 0 0 0 0 0 0 0 0 0 0 0 0 1 0 1 0 0 0 0 1 0 0 1 0 0 1 1 0 1 0 0 0
 1 1 1 0 0 0 0 0 0 1 0 0 0 0 0 1 1 0 0 0 1 1 1 1 1 0 1 0 0 0 0 1 0 1]",0,[ 0 13  3  9  7  7 15 14  9 11  9  0 10 14  0 13],[ 0 13  3  9  9  7 15 14  9 11  9  0 10 14  0 13],True,True,0.796875,0.859375,"[np.int64(6), np.int64(7), np.int64(10), np.int64(7), np.int64(11), np.int64(10), np.int64(11), np.int64(6), np.int64(5), np.int64(8), np.int64(14), np.int64(14), np.int64(10), np.int64(2), np.int64(0), np.int64(13)]","[np.int64(0), np.int64(0), np.int64(3), np.int64(4), np.int64(2), np.int64(8), np.int64(15), np.int64(13), np.int64(2), np.int64(8), np.int64(6), np.int64(6), np.int64(13), np.int64(3), np.int64(9), np.int64(0)]",False,False,0.0,0.0,[ 0 13 15  9  7  7 15 14 13 11  9  0 10 14  0 13],[ 0 13 15  9  7  7 15 14  9 11  9  0 10 14  0 13],False,True,0.671875,0.8125,[ 0 13  3  9  7  7 15 14  9 11  9  0 10 14  0 13],[ 0 13  3  9  7  7 15 14  9 11  9  0 10 14  0 13],True,True,0.78125,0.8125,0.68,0.35294117647058826,0.32,17,6,8,0.44,0.18181818181818182,0.08,11,2,2,1.0,0.0,0.0,25,0,0,1.0,0.0,0.0,25,0,0,0.64,0.25,0.24,16,4,6,0.68,0.29411764705882354,0.28,17,5,7,0.04,1.0,1.0,1,1,25,0.04,1.0,1.0,1,1,25
"[1 1 0 1 0 0 0 0 1 0 0 1 0 0 0 0 1 0 0 1 0 0 0 0 0 0 0 0 1 0 0 0 0 0 1 1 0
 0 1 0 0 1 0 1 0 0 1 1 1 1 1 1 0 1 1 0 0 0 1 0 0 0 0 1 0 0 0 0 1 0 0 1 0 0
 1 0 0 0 0 0 0 0 0 1 0 0 0 0 0 0 0 0 1 1 0 1 0 0 1 1 0 0 1 0 0 1 0 0 0 0 0
 1 0 0 0 0 1 0 0 0 0 0 0 0 0 0 0 1 1 0 0 0 0 0 0 0 0 0 0 1 0 0 0 0 0 0 1 0
 0 0 1 0 0 1 0 0 0 0 0 0 0 0 0 1 1 0 0 0 0 0 1 1 1 0 0 0 1 0 1 0 0 0 0 0 1
 0 1 1 0 0 1 0 0 1 0 0 0 1 0 0 0 0 1 0 1 1 0 0 0 0 0 0 0 1 0 0 0 0 0 0 1 1
 0 0 0 0 1 0 0 0 0 0 0 0 0 1 0 0 0 1 0 0 1 1 0 1 1 1 0 0 0 0 0 0 1 0]",12,[ 1 12  3  5 10 12  3  4  0  2 12 10 12 12 11  5],[ 1 12 15  5 10 12 15 15 11  6 12 10 12 12 15  5],True,True,0.796875,0.859375,"[np.int64(9), np.int64(9), np.int64(14), np.int64(4), np.int64(4), np.int64(7), np.int64(3), np.int64(12), np.int64(14), np.int64(5), np.int64(4), np.int64(4), np.int64(13), np.int64(1), np.int64(15), np.int64(14)]","[np.int64(15), np.int64(3), np.int64(1), np.int64(11), np.int64(7), np.int64(5), np.int64(11), np.int64(5), np.int64(9), np.int64(3), np.int64(8), np.int64(6), np.int64(8), np.int64(3), np.int64(7), np.int64(1)]",False,False,0.0,0.0,[ 1 12  3  1 10 12  3  4  0  6 12 10 12 12 15  5],[ 1 12  3 10 10 12  3 15  0  2 12 10 12 12 15  5],True,True,0.671875,0.8125,[ 1 12  3  1 10 12  3  4  0  2 12 10 12 12 11  5],[ 1 12  3 10 10 12  3 15  0  2 12 10 12 12 15  5],True,True,0.78125,0.8125,0.92,0.4782608695652174,0.52,23,11,13,0.92,0.34782608695652173,0.32,23,8,8,1.0,0.0,0.0,25,0,0,1.0,0.0,0.0,25,0,0,0.92,0.43478260869565216,0.44,23,10,11,0.96,0.2916666666666667,0.32,24,7,8,0.04,1.0,1.0,1,1,25,0.04,1.0,1.0,1,1,25
"[1 0 0 0 1 0 0 0 0 0 0 1 0 1 0 0 0 0 0 0 0 0 0 0 0 1 0 0 0 0 0 1 0 0 0 1 0
 0 0 0 0 1 0 1 1 0 0 0 0 0 1 1 0 1 1 0 1 0 0 1 0 0 0 1 1 0 0 0 1 0 1 0 0 0
 0 0 0 1 0 0 0 0 0 1 0 1 0 0 1 1 1 0 0 0 1 0 0 0 0 1 1 0 0 1 0 0 1 0 0 0 0
 0 0 0 0 0 0 0 1 0 1 0 0 0 1 0 1 0 0 0 0 1 0 1 0 1 1 0 0 0 0 0 0 1 0 1 1 0
 0 1 0 0 0 0 0 0 1 0 0 0 0 0 0 0 0 1 1 0 0 0 0 0 0 0 0 0 1 0 1 1 0 0 0 0 0
 0 0 0 0 1 0 1 0 0 1 0 0 0 0 1 0 1 0 0 0 1 0 0 1 0 0 0 1 0 0 0 0 0 0 1 1 0
 0 0 0 0 0 0 0 1 0 1 0 0 0 0 0 0 1 0 0 1 0 1 0 0 0 0 1 0 0 1 0 0 0 0]",2,[11  9  2  2 13  3  3 12  3  2  6  2  2 11  7  3],[11  9  2  2  6  9  3 12  3  2  5  2  2 12  5  3],True,True,0.796875,0.859375,"[np.int64(9), np.int64(15), np.int64(8), np.int64(10), np.int64(5), np.int64(3), np.int64(11), np.int64(14), np.int64(15), np.int64(8), np.int64(3), np.int64(15), np.int64(3), np.int64(12), np.int64(12), np.int64(7)]","[np.int64(4), np.int64(12), np.int64(0), np.int64(14), np.int64(6), np.int64(0), np.int64(2), np.int64(10), np.int64(0), np.int64(8), np.int64(15), np.int64(8), np.int64(9), np.int64(9), np.int64(6), np.int64(5)]",False,False,0.0,0.0,[11  9  2  2  6  3  3 12  3  2  5  2  2 11  5  3],[11  9  2  2  6  9  3 12  3  2  6  2  2 12  5  3],True,True,0.671875,0.8125,[11  9  2  2  0  3  3 12  3  2  5  2  2 12  5  3],[11  9  2  2  0  9  3 12  3  2  5  2  2 11  5  3],True,True,0.78125,0.8125,0.92,1.0,1.0,23,23,25,0.8,1.0,1.0,20,20,25,1.0,0.0,0.0,25,0,0,1.0,0.0,0.0,25,0,0,0.96,1.0,1.0,24,24,25,0.88,1.0,1.0,22,22,25,0.04,1.0,1.0,1,1,25,0.04,1.0,1.0,1,1,25
"[0 0 1 0 0 0 0 1 0 1 0 1 0 0 1 0 0 0 0 1 0 1 0 0 1 0 0 0 1 0 0 0 1 0 0 0 0
 0 1 0 0 0 0 0 0 0 1 0 0 1 0 0 1 0 0 0 0 0 0 0 0 0 0 0 0 0 0 1 0 0 1 0 0 0
 0 0 0 1 0 0 0 1 0 0 0 0 0 1 1 0 0 0 0 1 0 0 0 0 1 0 1 0 0 0 0 1 0 0 0 0 0
 1 1 0 0 0 0 1 0 0 0 0 1 0 0 0 0 0 0 1 0 0 0 1 0 0 1 0 0 1 0 0 0 0 1 0 0 0
 0 0 1 0 0 0 1 1 0 0 0 0 0 0 0 0 0 0 0 1 0 1 1 0 1 1 0 0 1 0 0 0 0 0 0 0 1
 1 0 1 0 0 0 1 0 1 0 0 0 0 0 0 0 0 1 0 1 0 0 0 0 0 0 0 1 1 0 0 0 0 1 0 0 1
 1 1 1 0 1 0 0 0 0 0 0 0 0 0 0 1 0 1 0 0 0 0 0 0 1 0 0 0 0 1 0 1 1 1]",9,[ 9  8  6  4  6  8  9 10 11  9  9  9 10 10  0 11],[ 9  8  6  4  6  8  9  0 11  9  9  9 10 10  0  6],True,True,0.796875,0.859375,"[np.int64(3), np.int64(7), np.int64(12), np.int64(14), np.int64(0), np.int64(11), np.int64(6), np.int64(0), np.int64(11), np.int64(7), np.int64(9), np.int64(7), np.int64(0), np.int64(14), np.int64(14), np.int64(0)]","[np.int64(1), np.int64(5), np.int64(7), np.int64(13), np.int64(12), np.int64(5), np.int64(7), np.int64(8), np.int64(7), np.int64(0), np.int64(14), np.int64(3), np.int64(14), np.int64(10), np.int64(2), np.int64(3)]",False,False,0.0,0.0,[ 9  8  6  4  6  8  9  0 11  9  9  9 10 10  0 11],[ 9 12  0  4  6  8  9 10 11  9  9  9 10 10  0 11],True,True,0.671875,0.8125,[ 9  8  0  4  6  7  9  0 11  9  9  9 10 10  0 11],[ 9  8  0  4  6  8  9  0 11  9  9  9 10 10  0  6],True,True,0.78125,0.8125,0.76,1.0,1.0,19,19,25,0.8,1.0,1.0,20,20,25,1.0,0.0,0.0,25,0,0,1.0,0.0,0.0,25,0,0,0.76,1.0,1.0,19,19,25,0.68,1.0,1.0,17,17,25,0.04,1.0,1.0,1,1,25,0.04,1.0,1.0,1,1,25
"[1 1 0 1 0 1 0 1 1 0 1 1 0 0 0 0 1 0 1 0 0 0 1 0 1 0 0 0 0 0 0 0 0 1 0 0 1
 0 1 0 0 0 1 0 0 0 0 0 1 0 0 1 0 0 0 0 1 0 0 0 0 0 1 0 0 0 1 0 0 0 0 0 0 0
 1 0 1 0 1 1 1 0 0 0 0 0 0 1 0 0 1 0 0 0 0 1 0 1 1 0 0 0 1 0 1 1 1 0 0 0 0
 0 1 0 0 0 0 1 0 0 0 0 0 0 1 0 0 0 1 1 0 1 0 0 1 0 1 0 1 0 0 0 0 0 0 0 0 0
 0 0 1 0 0 0 0 0 0 0 0 1 1 0 1 0 1 1 1 0 1 0 0 1 0 1 0 1 1 0 0 0 0 0 0 0 0
 0 1 0 0 0 0 0 0 0 0 0 1 0 0 1 0 0 0 0 0 0 0 0 0 0 0 0 0 0 0 0 0 0 1 0 0 1
 0 0 0 0 0 1 1 0 0 0 0 0 0 0 0 0 0 0 0 0 0 0 1 1 0 0 0 1 1 0 0 0 0 0]",11,[11  0 10  0 10  0 10  0 10  6 11 11  7 10  4 10],[11  0 10  0 10 10 10  0 10  6 11 11  4 10  4 10],False,True,0.796875,0.859375,"[np.int64(11), np.int64(4), np.int64(2), np.int64(1), np.int64(0), np.int64(15), np.int64(7), np.int64(7), np.int64(8), np.int64(3), np.int64(13), np.int64(15), np.int64(5), np.int64(4), np.int64(14), np.int64(1)]","[np.int64(10), np.int64(4), np.int64(7), np.int64(15), np.int64(10), np.int64(4), np.int64(14), np.int64(9), np.int64(0), np.int64(8), np.int64(10), np.int64(7), np.int64(5), np.int64(8), np.int64(13), np.int64(7)]",False,False,0.0,0.0,[11  0 10  0 10  0 10  0 10 15 11 11  4 10  4 10],[11  0 10  0 10 10 10  0 10  6 11 11  4 10  4 10],False,True,0.671875,0.8125,[11  0 10  0 10  0 10  0  0  6 11 11  4 10  3 10],[11  0 10  0 10 10 10  0 10  6 11 11  4 10  4 10],True,True,0.78125,0.8125,0.68,0.5882352941176471,0.68,17,10,17,0.8,0.45,0.48,20,9,12,1.0,0.0,0.0,25,0,0,1.0,0.0,0.0,25,0,0,0.6,0.4666666666666667,0.52,15,7,13,0.6,0.4666666666666667,0.48,15,7,12,0.04,1.0,1.0,1,1,25,0.04,1.0,1.0,1,1,25
"[0 0 0 1 0 0 0 0 0 0 1 0 0 0 0 0 0 0 0 0 0 0 0 0 0 1 0 0 0 0 0 0 0 0 0 0 1
 0 0 0 1 1 0 0 0 0 0 1 1 0 0 1 0 0 1 0 0 0 0 1 0 0 0 1 0 0 1 0 1 0 0 0 0 0
 1 0 1 0 0 0 0 0 0 0 0 0 0 0 1 0 1 0 0 0 0 1 0 0 0 1 0 0 0 0 0 0 1 1 1 1 1
 0 0 0 0 0 0 0 0 0 0 0 0 1 0 1 0 0 0 0 1 0 0 1 0 0 1 0 0 1 0 0 0 0 0 1 1 0
 0 0 0 0 0 1 0 0 0 0 0 0 1 0 0 0 1 1 1 0 0 0 0 0 0 1 0 1 0 0 0 1 0 0 1 1 1
 0 0 0 0 0 0 0 0 0 0 0 1 0 1 0 0 0 0 0 0 0 1 0 0 0 0 0 0 0 1 1 0 0 1 0 0 1
 1 0 0 0 0 0 0 0 1 0 0 0 0 0 1 1 0 0 0 0 1 1 0 1 0 0 0 0 1 0 0 0 0 1]",5,[10  9  8 15 10  5 10 11  5  2  5  8  6 10 13  5],[10  9  8 15 10  5 10 13  5  2  5  8  6 10  6  5],True,True,0.796875,0.859375,"[np.int64(6), np.int64(5), np.int64(3), np.int64(1), np.int64(13), np.int64(2), np.int64(1), np.int64(12), np.int64(3), np.int64(10), np.int64(5), np.int64(10), np.int64(4), np.int64(1), np.int64(14), np.int64(11)]","[np.int64(5), np.int64(5), np.int64(5), np.int64(0), np.int64(15), np.int64(15), np.int64(9), np.int64(12), np.int64(5), np.int64(11), np.int64(7), np.int64(2), np.int64(4), np.int64(5), np.int64(13), np.int64(3)]",False,False,0.0,0.0,[10  9  8 15 10  5 10 11  5  2  5  8  6 10 13  5],[10  9  8 15 10  5 10 13  5  2  5  8  6 10  6  5],True,True,0.671875,0.8125,[10  9  8 15 10  5 10 11  5  2  5  8  4 10  6  5],[10  9  8 15 10  5 10 11  5  2  5  8  6 10  6  5],True,True,0.78125,0.8125,0.44,1.0,1.0,11,11,25,0.4,1.0,1.0,10,10,25,1.0,0.0,0.0,25,0,0,1.0,0.0,0.0,25,0,0,0.52,1.0,1.0,13,13,25,0.44,1.0,1.0,11,11,25,0.04,1.0,1.0,1,1,25,0.04,1.0,1.0,1,1,25
"[0 0 0 0 0 0 0 0 0 0 0 1 0 0 1 0 0 0 0 0 0 0 0 0 0 0 0 0 0 1 0 0 0 0 0 1 0
 0 0 0 0 0 0 0 0 0 0 1 0 0 1 0 0 0 0 0 0 1 1 0 0 0 0 1 0 0 0 0 1 0 0 1 1 1
 0 0 0 1 0 1 0 0 0 0 0 1 0 1 0 0 0 0 0 0 0 1 0 0 0 0 0 0 0 0 0 0 0 0 0 0 0
 1 0 0 0 0 1 1 0 0 0 0 0 0 0 1 1 0 0 0 0 0 1 0 0 0 0 1 0 0 0 1 0 1 0 0 0 1
 1 0 0 0 1 0 1 1 0 0 0 0 0 0 0 1 0 0 0 0 0 1 1 0 1 1 0 0 1 0 0 0 0 0 0 0 0
 1 0 0 0 0 0 0 0 0 0 0 0 0 0 0 0 0 1 0 1 0 0 0 0 1 0 0 1 0 0 1 1 0 1 0 0 0
 1 1 1 0 0 0 0 0 0 1 0 0 0 0 0 1 1 0 0 0 1 1 1 1 1 0 1 0 0 0 0 1 0 1]",0,[ 0 13  3  9  7  7 15 14  9 11 13  0 10 14  0 13],[ 0 13 15  9  7  7 15 14  9 11  9  0 10 14  0 13],False,True,0.796875,0.859375,"[np.int64(5), np.int64(5), np.int64(9), np.int64(1), np.int64(5), np.int64(10), np.int64(6), np.int64(3), np.int64(8), np.int64(4), np.int64(6), np.int64(14), np.int64(2), np.int64(9), np.int64(5), np.int64(15)]","[np.int64(15), np.int64(13), np.int64(9), np.int64(3), np.int64(2), np.int64(12), np.int64(1), np.int64(8), np.int64(10), np.int64(11), np.int64(11), np.int64(6), np.int64(3), np.int64(4), np.int64(5), np.int64(8)]",False,False,0.0,0.0,[ 0 13  3  9  9  7 15 14  9 11  9  0 10 14  0 13],[ 0 13 15  9  9  7 15 14  9 11 13  0 10 14  0 13],True,False,0.671875,0.8125,[ 0 13  3  9  7  7 15 14  9 11  9  0 10 14  0 13],[ 0 13  3  9  7  7 15 14  9 11  9  0 10 14  0 13],True,True,0.78125,0.8125,0.44,0.2727272727272727,0.32,11,3,8,0.64,0.3125,0.32,16,5,8,1.0,0.0,0.0,25,0,0,1.0,0.0,0.0,25,0,0,0.72,0.3333333333333333,0.28,18,6,7,0.64,0.25,0.2,16,4,5,0.04,1.0,1.0,1,1,25,0.04,1.0,1.0,1,1,25
"[0 0 1 0 0 0 0 0 0 0 0 0 0 0 1 0 0 0 0 0 0 0 0 0 0 0 0 1 0 0 1 0 1 0 0 0 1
 0 1 1 0 1 1 1 0 0 0 0 0 0 0 0 0 0 0 0 0 0 1 1 0 0 1 0 0 0 1 0 0 1 0 0 0 0
 0 0 1 0 0 0 0 0 0 0 1 0 0 0 0 1 1 0 0 1 1 1 0 0 1 0 0 0 1 1 0 1 0 0 0 0 0
 0 0 0 1 0 0 0 1 0 0 0 0 0 0 0 0 0 0 0 0 0 0 0 0 0 0 1 0 0 0 0 0 0 0 0 1 0
 0 1 1 0 1 1 0 0 0 0 0 0 0 0 1 1 0 1 0 0 0 0 0 0 0 0 0 0 0 1 1 1 0 0 0 0 0
 0 0 1 0 0 0 0 0 0 0 0 1 0 0 0 0 0 0 0 0 0 0 1 0 0 0 0 0 1 0 0 0 0 0 0 0 0
 0 0 1 1 0 1 0 1 0 0 0 0 0 0 0 0 1 0 0 0 0 0 0 1 0 0 0 0 0 0 1 0 0 1]",2,[ 2 11  2 11  2  4  2  2  9  2  2  2  4  5  0  5],[ 2 11  2 10  2  4  2  2  9  2  2  2  4  5  0  5],True,True,0.796875,0.859375,"[np.int64(9), np.int64(9), np.int64(3), np.int64(15), np.int64(0), np.int64(7), np.int64(7), np.int64(13), np.int64(7), np.int64(2), np.int64(5), np.int64(14), np.int64(1), np.int64(8), np.int64(2), np.int64(4)]","[np.int64(11), np.int64(5), np.int64(9), np.int64(14), np.int64(8), np.int64(3), np.int64(11), np.int64(12), np.int64(7), np.int64(4), np.int64(14), np.int64(6), np.int64(8), np.int64(12), np.int64(9), np.int64(10)]",False,False,0.0,0.0,[ 2 11  2 11  2  4  2  2  9  2  2  2  4  5  0  5],[ 2 11  2 11  2  4  2  2  9  2  2  2  4  5  0  5],True,True,0.671875,0.8125,[ 2 11  2 10  2  4  2  2  9  2  2  2  4  5  0  5],[ 2 11  2 11  2  4  2  2  9  2  2  2  4  5  0  5],True,True,0.78125,0.8125,0.44,1.0,1.0,11,11,25,0.36,1.0,1.0,9,9,25,1.0,0.0,0.0,25,0,0,1.0,0.0,0.0,25,0,0,0.4,1.0,1.0,10,10,25,0.44,1.0,1.0,11,11,25,0.04,1.0,1.0,1,1,25,0.04,1.0,1.0,1,1,25
"[1 1 0 0 1 0 0 1 0 0 0 0 0 0 0 0 1 1 0 0 0 0 1 0 1 0 0 0 0 0 0 1 0 0 0 0 0
 0 0 1 0 1 0 0 0 0 0 0 0 0 0 1 0 0 0 0 0 1 1 1 0 0 0 1 1 0 0 0 1 0 0 1 1 0
 0 0 1 1 0 1 0 0 0 0 0 0 1 1 0 0 0 0 0 1 0 0 0 1 0 0 0 1 0 1 0 1 0 0 0 0 1
 1 1 0 1 0 1 1 1 0 0 0 0 0 0 0 0 1 0 1 0 0 1 0 0 0 0 0 0 1 0 1 0 1 0 0 1 1
 0 0 1 0 0 0 0 1 0 0 0 0 0 0 0 1 0 0 0 0 0 0 1 0 0 0 0 1 0 0 0 1 0 0 0 0 1
 1 0 0 0 0 0 0 0 0 0 0 1 0 0 0 0 0 0 0 0 0 0 1 0 0 0 0 1 1 0 0 1 0 0 0 0 0
 0 0 0 0 0 0 0 0 1 0 0 0 0 0 0 0 0 0 0 1 0 1 1 0 1 1 1 0 1 0 1 0 0 1]",9,[ 7  6  9  9 15  6  9  2 11  9  3  9 15  5  6  6],[ 7  6  9  9  7  6  9  6 11  9  3  9 15  8  6  6],True,True,0.796875,0.859375,"[np.int64(5), np.int64(3), np.int64(6), np.int64(4), np.int64(15), np.int64(0), np.int64(3), np.int64(3), np.int64(6), np.int64(9), np.int64(7), np.int64(4), np.int64(1), np.int64(7), np.int64(15), np.int64(6)]","[np.int64(13), np.int64(8), np.int64(10), np.int64(3), np.int64(7), np.int64(12), np.int64(13), np.int64(6), np.int64(10), np.int64(8), np.int64(10), np.int64(7), np.int64(13), np.int64(7), np.int64(10), np.int64(1)]",False,False,0.0,0.0,[ 7  6  9  9  8  6  9  2 11  9  3  9 15  8  6  3],[ 7  6  9  9  7  6  9  2 11  9  3  9 15  5  6  3],True,True,0.671875,0.8125,[ 1  6  9  9  7  6  9  2 11  9  3  9 15  5  6  3],[ 7  6  9  9 15  6  9  6 11  9  3  9 15  5  6  3],True,True,0.78125,0.8125,0.8,1.0,1.0,20,20,25,0.72,1.0,1.0,18,18,25,1.0,0.0,0.0,25,0,0,1.0,0.0,0.0,25,0,0,0.8,1.0,1.0,20,20,25,0.88,1.0,1.0,22,22,25,0.04,1.0,1.0,1,1,25,0.04,1.0,1.0,1,1,25
"[0 0 1 0 0 0 0 0 0 0 0 0 0 0 1 0 0 0 0 0 0 0 0 0 0 0 0 1 0 0 1 0 1 0 0 0 1
 0 1 1 0 1 1 1 0 0 0 0 0 0 0 0 0 0 0 0 0 0 1 1 0 0 1 0 0 0 1 0 0 1 0 0 0 0
 0 0 1 0 0 0 0 0 0 0 1 0 0 0 0 1 1 0 0 1 1 1 0 0 1 0 0 0 1 1 0 1 0 0 0 0 0
 0 0 0 1 0 0 0 1 0 0 0 0 0 0 0 0 0 0 0 0 0 0 0 0 0 0 1 0 0 0 0 0 0 0 0 1 0
 0 1 1 0 1 1 0 0 0 0 0 0 0 0 1 1 0 1 0 0 0 0 0 0 0 0 0 0 0 1 1 1 0 0 0 0 0
 0 0 1 0 0 0 0 0 0 0 0 1 0 0 0 0 0 0 0 0 0 0 1 0 0 0 0 0 1 0 0 0 0 0 0 0 0
 0 0 1 1 0 1 0 1 0 0 0 0 0 0 0 0 1 0 0 0 0 0 0 1 0 0 0 0 0 0 1 0 0 1]",2,[ 2 11  2 10  2 10  2  2  9  2  2  2  4  5  0  5],[ 2 11  2 11  2  4  2  2  9  2  2  2  4  5  0  5],True,True,0.796875,0.859375,"[np.int64(13), np.int64(10), np.int64(2), np.int64(9), np.int64(5), np.int64(7), np.int64(12), np.int64(13), np.int64(14), np.int64(5), np.int64(14), np.int64(13), np.int64(1), np.int64(5), np.int64(7), np.int64(15)]","[np.int64(0), np.int64(12), np.int64(0), np.int64(1), np.int64(8), np.int64(7), np.int64(10), np.int64(9), np.int64(13), np.int64(3), np.int64(12), np.int64(3), np.int64(1), np.int64(5), np.int64(2), np.int64(2)]",False,False,0.0,0.0,[ 2 11  2 11  2  9  2  2  9  2  2  2  4  5  0  5],[ 2 11  2 11  2  4  2  2  9  2  2  2  4  5  0 12],True,True,0.671875,0.8125,[ 2 11  2 10  2  4  2  2  9  2  2  2  4  5  0  5],[ 2 11  2 11  2  4  2  2  9  2  2  2  4  5  0  5],True,True,0.78125,0.8125,0.4,1.0,1.0,10,10,25,0.36,1.0,1.0,9,9,25,1.0,0.0,0.0,25,0,0,1.0,0.0,0.0,25,0,0,0.36,1.0,1.0,9,9,25,0.32,1.0,1.0,8,8,25,0.04,1.0,1.0,1,1,25,0.04,1.0,1.0,1,1,25
"[1 0 0 1 0 0 0 0 0 0 0 0 0 0 0 0 0 1 0 0 0 1 0 0 1 0 0 0 0 0 1 0 0 0 1 0 1
 0 0 0 1 0 0 0 0 0 0 1 1 0 0 0 0 0 0 0 0 0 1 0 0 0 1 0 0 0 1 0 1 1 0 0 0 0
 0 0 0 1 0 1 0 1 0 0 1 1 1 0 1 1 0 0 0 0 0 0 0 0 0 0 0 1 1 0 0 0 0 0 0 1 0
 0 0 0 0 0 0 0 0 0 0 0 0 0 0 1 0 1 0 1 1 0 0 1 0 0 1 1 0 0 0 0 0 1 0 0 0 0
 0 1 0 0 1 0 0 0 0 0 0 0 0 0 0 1 0 0 0 0 0 0 0 0 0 0 0 0 0 0 0 0 0 0 0 0 0
 0 0 0 0 1 0 0 0 0 0 0 0 0 0 0 0 0 0 0 1 0 0 0 0 0 0 0 1 0 1 1 0 0 0 1 0 0
 0 1 0 1 0 1 0 0 0 0 0 0 0 0 0 0 1 0 0 0 1 0 1 0 0 1 1 0 0 0 0 1 0 1]",11,[ 3  8 15 14 13  4 13 13 15  8  3 11 12 11  1 13],[ 3  8  4 14 13  6 13 13 15  8  3 11 12 11  1 13],True,True,0.796875,0.859375,"[np.int64(10), np.int64(0), np.int64(3), np.int64(13), np.int64(0), np.int64(14), np.int64(14), np.int64(14), np.int64(8), np.int64(8), np.int64(15), np.int64(15), np.int64(8), np.int64(9), np.int64(15), np.int64(0)]","[np.int64(6), np.int64(14), np.int64(10), np.int64(6), np.int64(13), np.int64(9), np.int64(15), np.int64(7), np.int64(10), np.int64(5), np.int64(0), np.int64(8), np.int64(4), np.int64(5), np.int64(8), np.int64(12)]",False,False,0.0,0.0,[ 3  8 15 14 13  6 13 13 15  5  3 11  3 11  1 13],[ 3  8 15 14 13  6 13 13 15  5  3 11 12 11  1 13],False,False,0.671875,0.8125,[ 3  5  4 14 13  4 13 13 15  5  3 11  0 11  1 13],[ 3  5  4 14 13  4 13 13 15  5  3 11  0 11  1 13],False,False,0.78125,0.8125,0.44,0.36363636363636365,0.4,11,4,10,0.44,0.45454545454545453,0.32,11,5,8,1.0,0.0,0.0,25,0,0,1.0,0.0,0.0,25,0,0,0.6,0.0,0.0,15,0,0,0.6,0.5333333333333333,0.56,15,8,14,0.04,0.0,0.0,1,0,0,0.04,0.0,0.0,1,0,0
"[0 0 1 0 0 0 0 0 0 1 0 1 0 0 0 0 0 0 0 0 1 0 0 1 0 0 0 0 0 1 0 0 1 0 0 1 0
 0 0 1 0 0 0 0 0 0 1 0 0 0 1 0 0 0 1 0 0 0 0 0 0 0 0 0 0 1 0 0 0 0 0 0 0 1
 0 0 0 0 1 0 0 0 0 0 0 1 1 1 0 0 1 1 0 0 0 0 0 0 0 1 0 1 1 0 0 0 0 0 0 0 0
 1 0 1 1 0 0 1 0 0 0 1 1 1 0 0 1 1 0 0 0 0 0 0 0 0 0 1 1 1 1 0 0 0 1 0 0 0
 1 0 0 1 1 0 0 0 0 1 0 0 0 0 0 0 0 1 0 1 1 0 1 0 0 0 1 0 1 0 0 0 0 1 0 1 1
 0 0 1 0 1 0 1 0 0 0 0 0 0 0 0 1 0 0 0 1 1 0 0 0 1 0 0 0 0 0 0 0 1 0 1 1 1
 0 0 0 0 1 0 1 0 0 1 0 0 1 0 0 0 0 0 0 0 0 0 0 0 1 1 0 0 0 1 0 0 0 0]",3,[ 2  7  3  3 14  6  3  2 11  0  7  7 13 11  2  6],[ 2  7  3  3 14  6  3  2 10  7 14  0  8  9  2  6],False,False,0.796875,0.859375,"[np.int64(2), np.int64(5), np.int64(3), np.int64(15), np.int64(3), np.int64(6), np.int64(4), np.int64(9), np.int64(11), np.int64(9), np.int64(3), np.int64(7), np.int64(3), np.int64(6), np.int64(2), np.int64(7)]","[np.int64(14), np.int64(10), np.int64(11), np.int64(11), np.int64(13), np.int64(11), np.int64(10), np.int64(15), np.int64(7), np.int64(7), np.int64(5), np.int64(13), np.int64(5), np.int64(4), np.int64(13), np.int64(8)]",False,False,0.0,0.0,[ 2  7  3  3 14  6  3  2 10  0  5  7  8  9  2  6],[ 2  7  3  3 14  6  3  2 10  7 14  5  8  1  2  6],False,True,0.671875,0.8125,[ 2  7  3  3 14  6  3  2  9  0  5  0  8  1  2  6],[ 2  7  3  3 14  6  3  2  9  7  7  7  8  1  2  6],True,True,0.78125,0.8125,0.96,0.4583333333333333,0.44,24,11,11,1.0,0.36,0.36,25,9,9,1.0,0.0,0.0,25,0,0,1.0,0.0,0.0,25,0,0,1.0,0.4,0.4,25,10,10,0.96,0.3333333333333333,0.32,24,8,8,0.04,1.0,1.0,1,1,25,0.04,1.0,1.0,1,1,25
"[1 0 1 1 1 0 1 1 1 0 0 0 0 1 1 0 0 0 1 0 0 0 0 0 1 0 0 1 0 1 0 0 1 1 1 0 1
 1 0 0 0 0 1 0 1 0 0 0 1 0 0 1 0 0 1 0 0 0 0 0 1 0 0 0 1 0 1 0 1 0 0 0 0 0
 1 0 0 1 0 0 0 0 1 0 0 0 0 1 0 0 0 1 0 1 0 0 1 0 0 1 0 0 1 0 0 1 0 0 0 1 0
 0 1 0 0 0 0 1 0 0 0 0 0 1 1 0 0 0 1 1 0 0 0 0 0 0 0 0 0 0 1 0 0 0 0 0 0 0
 0 0 1 0 0 0 0 1 1 0 0 0 0 0 1 0 1 0 0 0 0 0 1 0 0 1 0 0 0 1 0 0 0 1 0 1 0
 1 0 1 0 0 1 0 0 0 1 1 0 0 0 1 1 1 0 0 1 1 0 0 1 1 0 0 1 1 1 0 0 0 1 0 1 1
 0 1 1 0 0 0 0 0 0 0 0 0 0 1 0 0 0 1 0 0 0 0 0 0 0 0 0 0 0 0 0 1 1 1]",7,[ 7 11  5  0  0  7  0  7  0 12  2  7  7  5 11 14],[ 7 11  0 12  0  7  0  7  0 12  4  7  7 12 11 13],False,False,0.796875,0.859375,"[np.int64(13), np.int64(6), np.int64(13), np.int64(8), np.int64(9), np.int64(3), np.int64(3), np.int64(8), np.int64(4), np.int64(11), np.int64(12), np.int64(2), np.int64(5), np.int64(5), np.int64(15), np.int64(13)]","[np.int64(6), np.int64(15), np.int64(1), np.int64(6), np.int64(11), np.int64(9), np.int64(3), np.int64(11), np.int64(14), np.int64(10), np.int64(6), np.int64(13), np.int64(13), np.int64(15), np.int64(10), np.int64(12)]",False,False,0.0,0.0,[ 7 11  0  0  0  7  0  7 12 11  2  7  7 12  0 13],[ 7 11  5 12  0  7  0  7 12 12  4  7  7 12  0 14],False,False,0.671875,0.8125,[ 7 11  0  0  0  7  0  7  0 11  2  7  7  0  0 14],[ 7 11 12 12  0  7  0  7 12 12 13  7  7 12 11 13],True,True,0.78125,0.8125,1.0,0.12,0.12,25,3,3,1.0,0.08,0.08,25,2,2,1.0,0.0,0.0,25,0,0,1.0,0.0,0.0,25,0,0,1.0,0.04,0.04,25,1,1,1.0,0.16,0.16,25,4,4,0.04,1.0,1.0,1,1,25,0.04,1.0,1.0,1,1,25
"[1 0 1 0 1 1 0 0 0 0 1 0 0 0 0 0 0 1 0 1 0 0 0 0 0 0 0 0 0 0 1 0 1 0 0 0 0
 0 1 0 1 0 0 1 1 0 1 0 0 1 0 1 0 1 1 0 1 1 0 1 0 0 0 1 1 0 0 0 0 1 0 1 0 1
 0 0 0 0 0 0 1 0 0 1 1 1 0 0 1 0 0 0 0 0 0 0 0 0 1 1 0 0 0 0 1 0 1 0 0 0 0
 0 0 0 0 0 1 0 0 1 0 0 1 0 1 0 0 0 0 0 1 1 0 1 1 0 1 1 0 0 0 0 1 0 0 0 0 1
 1 0 0 0 1 1 0 0 1 0 0 0 1 0 0 0 0 0 1 1 0 0 1 0 1 0 0 1 0 0 1 1 0 0 0 0 0
 0 0 1 0 0 1 0 0 0 1 0 0 0 0 1 0 1 1 0 1 1 0 1 0 0 0 0 0 0 0 0 0 0 0 0 1 1
 0 0 0 1 1 0 0 0 0 0 1 0 0 1 0 0 0 0 0 0 0 1 0 0 0 0 0 0 1 0 1 0 0 0]",14,[ 2 14 14 11  5  8  2 12 14  8  6 14  2 12 14  3],[ 2 14 14  8  9  8  2 12 14  8 12 14  2 12 14 12],True,True,0.796875,0.859375,"[np.int64(5), np.int64(13), np.int64(0), np.int64(11), np.int64(4), np.int64(13), np.int64(7), np.int64(8), np.int64(10), np.int64(2), np.int64(11), np.int64(2), np.int64(5), np.int64(1), np.int64(3), np.int64(8)]","[np.int64(7), np.int64(13), np.int64(2), np.int64(6), np.int64(15), np.int64(8), np.int64(3), np.int64(13), np.int64(8), np.int64(3), np.int64(15), np.int64(9), np.int64(3), np.int64(0), np.int64(12), np.int64(12)]",False,False,0.0,0.0,[ 2 14 14  1  5  8  8 12 14  8  0 14  2 12 14 12],[ 2 14 14  1  9  8  8 12 14  8 12 14  2 12 14 12],True,True,0.671875,0.8125,[ 2 14 14  1  0  8  2 12 14  8  0 14  2 12 14  3],[ 2 14 14 11  5  8  8 12 14  8 12 14  2 12 14 12],True,True,0.78125,0.8125,0.96,1.0,1.0,24,24,25,0.96,1.0,1.0,24,24,25,1.0,0.0,0.0,25,0,0,1.0,0.0,0.0,25,0,0,0.92,1.0,1.0,23,23,25,0.96,1.0,1.0,24,24,25,0.04,1.0,1.0,1,1,25,0.04,1.0,1.0,1,1,25
"[1 0 0 0 0 0 0 0 0 0 0 0 0 0 1 1 0 0 0 0 0 0 0 1 1 1 0 0 1 0 0 0 0 0 0 0 0
 1 0 0 0 0 1 0 0 0 1 0 0 0 0 1 0 0 1 0 0 0 0 0 1 0 1 1 0 0 0 0 1 0 1 0 1 0
 0 0 0 0 0 1 0 0 1 0 0 1 0 0 0 0 0 0 0 1 0 0 0 0 0 1 1 0 1 0 0 0 0 1 0 0 0
 0 0 1 0 0 0 0 0 1 0 0 1 0 1 0 0 0 0 1 0 0 1 0 0 0 1 0 0 0 0 0 0 0 0 1 0 0
 0 0 0 0 0 0 0 0 0 1 1 0 0 0 1 0 0 0 0 1 0 0 0 1 0 0 0 0 0 0 0 0 0 0 1 0 0
 0 1 0 0 0 0 0 0 1 0 1 0 0 0 1 0 0 0 0 1 1 0 0 0 0 0 0 0 1 0 0 0 1 0 0 1 0
 0 0 1 0 1 1 0 0 0 0 0 1 0 0 0 0 0 0 1 0 0 1 1 0 0 0 0 0 0 0 0 0 0 0]",0,[ 0  9 14 15 15  2  3  1  4 14  2 10  3  9  0  0],[ 0  9 14 14 15  2  4 12  4 14  2  6  3  9  0  0],True,True,0.796875,0.859375,"[np.int64(10), np.int64(10), np.int64(13), np.int64(3), np.int64(14), np.int64(4), np.int64(15), np.int64(15), np.int64(15), np.int64(7), np.int64(7), np.int64(6), np.int64(2), np.int64(5), np.int64(13), np.int64(8)]","[np.int64(5), np.int64(2), np.int64(13), np.int64(13), np.int64(9), np.int64(10), np.int64(0), np.int64(9), np.int64(5), np.int64(5), np.int64(9), np.int64(3), np.int64(14), np.int64(6), np.int64(2), np.int64(15)]",False,False,0.0,0.0,[ 0  9 14 14 15  2  3  1  4 14  2 10  3  9  0  0],[ 0  9 14 14 15  2  4 12  4 14  2  6  3  9  0  0],True,True,0.671875,0.8125,[ 0  9 14 14 15  2  3  1  4 14  2  6  3  9  0  0],[ 0  9 14 14 15  2  3 10  4 14  2  6  3  9  0  0],True,True,0.78125,0.8125,0.6,1.0,1.0,15,15,25,0.72,1.0,1.0,18,18,25,1.0,0.0,0.0,25,0,0,1.0,0.0,0.0,25,0,0,0.68,1.0,1.0,17,17,25,0.56,1.0,1.0,14,14,25,0.04,1.0,1.0,1,1,25,0.04,1.0,1.0,1,1,25
"[0 0 0 0 0 0 0 0 0 0 0 0 1 1 0 0 0 1 1 0 0 0 0 0 0 0 0 0 0 0 0 0 0 1 0 0 1
 0 0 0 0 0 0 0 0 0 0 0 0 0 0 1 0 1 0 0 0 0 0 0 0 0 0 0 0 0 1 0 1 0 1 0 1 0
 0 0 0 0 0 0 0 0 0 1 0 1 0 0 0 0 0 1 0 1 1 0 0 0 0 0 1 0 0 0 0 0 1 0 0 1 0
 1 0 0 0 0 0 0 0 1 0 0 1 0 0 0 0 0 0 0 0 0 1 0 0 0 0 0 1 0 0 0 0 1 0 0 0 0
 0 0 0 0 0 0 0 1 0 0 0 0 0 0 0 0 0 0 1 1 1 0 1 0 0 0 0 0 0 0 0 0 0 1 0 0 0
 1 0 1 0 0 1 1 1 0 0 0 0 0 0 0 0 0 0 0 0 0 0 0 1 0 0 0 0 1 1 0 0 0 0 0 0 0
 0 0 0 0 0 0 0 1 0 0 0 0 0 1 0 0 1 1 0 0 0 0 0 0 1 0 1 0 0 1 0 0 1 1]",7,[13  2  4  5  6 13 10  7 10 11  7 15  0  6 15  8],[13  2  4  5  8 13 10  7 10 11  7 15  0  6 15  8],False,True,0.796875,0.859375,"[np.int64(0), np.int64(12), np.int64(5), np.int64(9), np.int64(14), np.int64(15), np.int64(15), np.int64(5), np.int64(0), np.int64(13), np.int64(11), np.int64(15), np.int64(13), np.int64(13), np.int64(5), np.int64(5)]","[np.int64(12), np.int64(2), np.int64(2), np.int64(3), np.int64(6), np.int64(1), np.int64(4), np.int64(1), np.int64(3), np.int64(6), np.int64(14), np.int64(12), np.int64(11), np.int64(15), np.int64(13), np.int64(12)]",False,False,0.0,0.0,[13  2  4  5  6 13 10  7 10 11  7 15  0  6 15  8],[13  2  4  5  8 13 10  7 10 11  7 15  0  6 15  8],False,True,0.671875,0.8125,[13  2  4  5  6 13 10  7 10 11  7 15  0  6 15  6],[13  2  4  5  8 13 10  7 10 11  7 15  0  6 15  8],True,True,0.78125,0.8125,0.2,0.4,0.52,5,2,13,0.16,0.5,0.52,4,2,13,1.0,0.0,0.0,25,0,0,1.0,0.0,0.0,25,0,0,0.16,0.5,0.64,4,2,16,0.16,0.5,0.32,4,2,8,0.04,1.0,1.0,1,1,25,0.04,1.0,1.0,1,1,25
"[1 0 1 0 1 1 0 0 0 0 1 0 0 0 0 0 0 1 0 1 0 0 0 0 0 0 0 0 0 0 1 0 1 0 0 0 0
 0 1 0 1 0 0 1 1 0 1 0 0 1 0 1 0 1 1 0 1 1 0 1 0 0 0 1 1 0 0 0 0 1 0 1 0 1
 0 0 0 0 0 0 1 0 0 1 1 1 0 0 1 0 0 0 0 0 0 0 0 0 1 1 0 0 0 0 1 0 1 0 0 0 0
 0 0 0 0 0 1 0 0 1 0 0 1 0 1 0 0 0 0 0 1 1 0 1 1 0 1 1 0 0 0 0 1 0 0 0 0 1
 1 0 0 0 1 1 0 0 1 0 0 0 1 0 0 0 0 0 1 1 0 0 1 0 1 0 0 1 0 0 1 1 0 0 0 0 0
 0 0 1 0 0 1 0 0 0 1 0 0 0 0 1 0 1 1 0 1 1 0 1 0 0 0 0 0 0 0 0 0 0 0 0 1 1
 0 0 0 1 1 0 0 0 0 0 1 0 0 1 0 0 0 0 0 0 0 1 0 0 0 0 0 0 1 0 1 0 0 0]",14,[ 2 14 14  8  0  8  8 12 14  8  6 14  2 12 14 12],[ 2 14 14 11  5  8  8 12 14  8 12 14  2 12 14  3],True,True,0.796875,0.859375,"[np.int64(7), np.int64(1), np.int64(12), np.int64(14), np.int64(3), np.int64(10), np.int64(14), np.int64(1), np.int64(4), np.int64(11), np.int64(13), np.int64(7), np.int64(2), np.int64(14), np.int64(12), np.int64(13)]","[np.int64(0), np.int64(7), np.int64(11), np.int64(0), np.int64(0), np.int64(11), np.int64(4), np.int64(15), np.int64(12), np.int64(6), np.int64(1), np.int64(1), np.int64(1), np.int64(1), np.int64(3), np.int64(10)]",False,False,0.0,0.0,[ 2 14 14 11  5  8  2 12 14  8  6 14  2 12 14  3],[ 2 14 14 11  5  8  2 12 14  8  6 14  2 12 14 12],True,True,0.671875,0.8125,[ 2 14 14  1  0  8  2 12 14  8  0 14  2 12 14  3],[ 2 14 14 11  5  8  8 12 14  8 12 14  2 12 14 12],True,True,0.78125,0.8125,0.88,1.0,1.0,22,22,25,0.76,1.0,1.0,19,19,25,1.0,0.0,0.0,25,0,0,1.0,0.0,0.0,25,0,0,1.0,1.0,1.0,25,25,25,0.84,1.0,1.0,21,21,25,0.04,1.0,1.0,1,1,25,0.04,1.0,1.0,1,1,25
"[1 0 0 0 1 1 0 0 1 0 0 1 0 0 0 0 0 0 0 0 0 0 0 0 0 0 0 1 1 1 0 1 0 0 1 1 0
 0 0 1 0 0 0 0 1 0 0 0 0 0 1 0 0 1 1 0 0 0 1 0 0 0 0 1 1 0 0 0 0 0 0 1 1 0
 0 1 1 0 0 0 1 0 0 1 0 1 1 0 0 1 0 1 1 0 0 0 0 0 0 1 0 1 1 0 0 0 0 0 0 0 0
 0 0 0 1 0 1 0 0 1 0 0 0 1 0 0 0 0 1 0 0 0 1 0 0 0 0 0 1 0 0 0 0 0 0 0 0 0
 0 1 0 0 0 0 0 1 0 0 1 0 0 0 0 1 0 0 0 0 1 0 0 0 0 1 1 0 1 1 0 0 1 1 0 1 0
 1 0 0 1 0 0 0 0 1 1 0 1 1 0 0 0 0 0 1 0 0 0 0 0 1 0 0 0 0 0 0 0 0 1 0 0 0
 0 1 0 0 0 0 0 0 0 0 0 1 1 0 0 0 0 0 0 1 0 1 0 0 0 0 0 0 0 0 0 1 0 1]",7,[ 4 11  7  2  7 11  3  7  4 11  8  7  4  1  9  3],[ 4 11  7  2  7 11  5  7  4 11  3  7  2  1  9  1],True,True,0.796875,0.859375,"[np.int64(11), np.int64(12), np.int64(11), np.int64(14), np.int64(1), np.int64(5), np.int64(8), np.int64(1), np.int64(7), np.int64(6), np.int64(14), np.int64(14), np.int64(4), np.int64(5), np.int64(15), np.int64(3)]","[np.int64(0), np.int64(9), np.int64(11), np.int64(10), np.int64(13), np.int64(7), np.int64(12), np.int64(14), np.int64(1), np.int64(14), np.int64(8), np.int64(8), np.int64(6), np.int64(0), np.int64(14), np.int64(5)]",False,False,0.0,0.0,[11 11  7  2  7 11  5  7  4 11  3  7  2  1  9  3],[11 11  7  2  7 11  3  7  4 11  8  7 11  1  9  1],True,True,0.671875,0.8125,[ 4 11  7  2  7 11  3  7  4 11  3  7  2  1  9  1],[ 4 11  7  2  7 11  5  7  4 11  3  7  4  1  9  3],True,True,0.78125,0.8125,0.76,0.7368421052631579,0.72,19,14,18,0.68,0.5882352941176471,0.6,17,10,15,1.0,0.0,0.0,25,0,0,1.0,0.0,0.0,25,0,0,0.76,0.6842105263157895,0.6,19,13,15,0.8,0.55,0.48,20,11,12,0.04,1.0,1.0,1,1,25,0.04,1.0,1.0,1,1,25
"[1 0 1 0 0 0 0 0 0 0 0 0 1 0 1 1 0 0 1 0 0 0 0 0 1 0 0 0 1 0 0 0 1 1 0 0 1
 1 0 0 0 1 1 0 0 0 0 1 0 0 0 1 1 0 0 0 1 1 0 0 1 0 1 1 0 0 1 1 1 1 1 0 0 0
 0 0 0 1 0 0 0 0 1 0 1 0 0 0 0 1 0 0 1 0 0 0 0 0 0 0 1 0 1 0 0 1 1 1 0 1 0
 1 0 0 0 0 0 0 0 1 0 0 0 0 0 0 0 0 0 1 0 1 0 0 0 0 0 0 1 0 1 0 0 0 0 0 1 1
 0 1 1 0 0 0 0 1 0 1 0 0 0 0 1 0 0 0 1 0 1 0 0 0 1 0 1 0 0 0 0 0 0 0 1 0 0
 1 0 0 0 0 1 0 1 1 0 1 0 1 0 0 1 0 1 0 0 0 0 0 0 0 0 0 1 0 1 0 0 1 0 0 0 1
 1 0 1 0 0 1 0 0 0 0 0 0 1 1 0 1 0 0 1 0 1 1 0 0 1 0 0 0 0 0 0 0 0 1]",15,[15  2 15 15  3  2 15  7  3  3  6  6  0  6  3 15],[15  2 15 15  6  2 15  7  3  2  6  6  3  6  3 15],False,False,0.796875,0.859375,"[np.int64(13), np.int64(1), np.int64(7), np.int64(1), np.int64(5), np.int64(15), np.int64(0), np.int64(10), np.int64(10), np.int64(8), np.int64(6), np.int64(10), np.int64(12), np.int64(5), np.int64(5), np.int64(4)]","[np.int64(2), np.int64(13), np.int64(6), np.int64(13), np.int64(1), np.int64(9), np.int64(4), np.int64(2), np.int64(9), np.int64(9), np.int64(2), np.int64(6), np.int64(3), np.int64(15), np.int64(14), np.int64(2)]",False,False,0.0,0.0,[15  2 15 15  3  2 15  2  3  2  6  6  3  6  3 15],[15  2 15 15  2  2 15  7  3  6  2  6  0  6  0 15],False,False,0.671875,0.8125,[15  2 15 15  2  2 15  0  3  2  2  6  0  6  0 15],[15  2 15 15  2  2 15  0  3  2  6  6  0  6  0 15],False,False,0.78125,0.8125,0.84,0.09523809523809523,0.08,21,2,2,0.76,0.05263157894736842,0.04,19,1,1,1.0,0.0,0.0,25,0,0,1.0,0.0,0.0,25,0,0,0.92,0.0,0.0,23,0,0,0.8,0.15,0.12,20,3,3,0.04,0.0,0.0,1,0,0,0.04,0.0,0.0,1,0,0
"[1 0 0 0 0 0 0 1 1 0 1 0 0 0 0 1 0 1 0 1 0 0 1 0 0 1 1 1 1 0 0 0 0 0 1 0 0
 0 0 0 0 1 1 1 0 0 0 1 0 1 0 0 0 0 0 0 1 1 1 0 0 0 0 0 0 0 0 0 1 1 0 1 0 0
 0 0 1 1 0 1 0 0 0 0 1 1 0 0 0 0 0 1 0 0 0 0 0 1 0 0 0 0 1 0 0 0 1 0 1 0 0
 0 1 0 0 0 1 0 0 1 0 0 1 0 0 0 1 1 1 0 0 1 0 0 0 0 0 1 1 0 0 0 1 1 0 1 1 1
 0 0 0 0 1 1 0 0 0 0 0 0 1 1 1 1 0 0 1 1 1 0 1 0 1 0 0 0 0 1 1 0 0 1 0 0 0
 0 0 0 1 1 1 0 0 1 0 0 1 0 1 0 0 0 1 1 0 0 0 0 0 0 0 0 1 0 0 0 0 0 0 1 0 0
 0 0 0 0 0 0 0 0 0 1 1 0 0 1 0 0 1 0 1 0 1 0 1 0 0 1 1 0 0 0 0 0 0 0]",3,[ 8  3 10  3 12 11  1 10  3  3  3  1 10 11  8  8],[10  3  9  3  7 11 10 10  3  3  3  1  1 11  8  8],False,False,0.796875,0.859375,"[np.int64(2), np.int64(5), np.int64(9), np.int64(11), np.int64(14), np.int64(2), np.int64(6), np.int64(11), np.int64(3), np.int64(4), np.int64(2), np.int64(11), np.int64(8), np.int64(13), np.int64(3), np.int64(12)]","[np.int64(15), np.int64(6), np.int64(15), np.int64(8), np.int64(11), np.int64(9), np.int64(5), np.int64(4), np.int64(0), np.int64(12), np.int64(0), np.int64(2), np.int64(10), np.int64(4), np.int64(14), np.int64(0)]",False,False,0.0,0.0,[10  3  9  3 12 11  1 10  3  3  3  1 10 11  8  8],[10  3  9  3 15 11 10 10  3  3  3  1  1 11  8  8],False,False,0.671875,0.8125,[ 8  3  9  3  7 11 10 10  3  3  3  1  1 11  8  8],[10  3 10  3  7 11  1 10  3  3  3  1  1 11  8  8],False,True,0.78125,0.8125,0.72,0.5,0.52,18,9,13,0.6,0.6,0.68,15,9,17,1.0,0.0,0.0,25,0,0,1.0,0.0,0.0,25,0,0,0.64,0.4375,0.36,16,7,9,0.84,0.5238095238095238,0.6,21,11,15,0.04,0.0,0.0,1,0,0,0.04,1.0,1.0,1,1,25
"[0 0 0 1 1 0 0 0 0 1 0 0 0 1 0 0 0 1 1 0 0 0 1 0 0 0 0 0 0 0 0 0 0 1 1 0 0
 1 1 0 0 0 0 0 0 0 0 0 1 0 0 1 1 0 0 0 0 0 0 0 0 0 0 0 1 0 0 1 1 1 0 0 0 0
 0 0 1 0 0 0 0 0 1 0 1 0 1 0 0 0 1 0 0 0 0 0 0 1 1 0 0 1 1 0 0 0 0 0 0 0 0
 1 0 0 0 0 0 0 0 0 1 0 0 0 0 0 0 0 0 0 0 0 0 0 0 1 0 1 1 0 0 0 1 1 1 0 0 0
 0 0 0 0 1 0 1 0 0 0 1 0 0 0 0 0 0 1 0 0 1 1 0 0 1 1 0 0 0 0 0 0 0 0 0 0 0
 0 0 0 0 1 1 0 0 0 0 0 1 0 0 0 0 0 1 0 1 0 0 0 1 0 0 0 0 0 0 0 0 0 1 1 0 0
 0 0 0 0 0 0 0 0 0 0 1 1 0 1 0 0 1 0 0 0 0 0 0 0 1 0 1 0 0 0 0 0 0 1]",2,[ 4  2  2  4  5  2  2  8 10 10  5 13  4 10  8  6],[ 4  2  2  4  5  2  2  8 15 10  5 13 10 10  9  6],True,True,0.796875,0.859375,"[np.int64(0), np.int64(15), np.int64(15), np.int64(7), np.int64(14), np.int64(13), np.int64(12), np.int64(15), np.int64(15), np.int64(9), np.int64(12), np.int64(10), np.int64(5), np.int64(7), np.int64(14), np.int64(6)]","[np.int64(12), np.int64(5), np.int64(12), np.int64(7), np.int64(5), np.int64(6), np.int64(2), np.int64(11), np.int64(8), np.int64(2), np.int64(4), np.int64(7), np.int64(7), np.int64(3), np.int64(15), np.int64(10)]",False,False,0.0,0.0,[ 4  2  2  4  5  2  2  8 10 10  5 13 10 10  8  6],[ 4  2  2  4  5  2  2  8 15 10  5 13  4 10  8  6],True,True,0.671875,0.8125,[ 4  2  2  4  5  2  2  8 10 10  5 13  4 10  8  6],[ 4  2  2  4  5  2  2  8 10 10  5 13  4 10  8  6],True,True,0.78125,0.8125,0.32,1.0,1.0,8,8,25,0.32,1.0,1.0,8,8,25,1.0,0.0,0.0,25,0,0,1.0,0.0,0.0,25,0,0,0.32,1.0,1.0,8,8,25,0.32,1.0,1.0,8,8,25,0.04,1.0,1.0,1,1,25,0.04,1.0,1.0,1,1,25
"[0 0 1 1 0 0 0 0 0 0 0 0 0 0 0 0 0 0 0 1 0 1 0 0 1 0 0 0 0 0 1 0 1 0 1 0 0
 0 0 0 0 0 0 1 0 0 0 0 1 1 0 0 0 0 0 0 0 1 0 0 0 0 1 0 0 0 0 0 0 1 0 0 1 0
 1 0 0 1 1 0 0 1 0 0 1 0 0 0 1 0 1 0 0 0 0 0 0 0 0 0 0 0 1 0 0 1 1 1 0 1 0
 1 0 0 0 0 0 0 0 1 0 0 0 0 0 1 0 0 0 1 0 0 1 1 0 0 0 1 1 0 0 0 0 0 0 0 0 1
 0 0 1 0 1 1 0 0 0 0 1 1 0 0 0 0 1 1 1 0 1 0 0 0 1 1 0 0 0 0 1 0 0 0 1 0 0
 0 0 0 1 0 0 0 0 0 0 0 0 0 0 0 0 0 1 1 0 0 0 0 0 0 0 0 1 0 1 1 0 0 1 0 0 0
 0 0 0 1 0 1 1 0 0 0 0 1 0 0 0 0 0 0 0 0 0 0 0 0 1 0 0 1 0 0 0 0 0 1]",4,[ 3  8  0 14  4  4 13 13  4  8  4  6 10  4  4  6],[ 3  5  0 14  4  4 13 13  4  8  4 12 10  4  4  9],True,True,0.796875,0.859375,"[np.int64(3), np.int64(4), np.int64(7), np.int64(0), np.int64(8), np.int64(5), np.int64(4), np.int64(13), np.int64(5), np.int64(13), np.int64(14), np.int64(11), np.int64(14), np.int64(14), np.int64(15), np.int64(11)]","[np.int64(10), np.int64(6), np.int64(7), np.int64(5), np.int64(10), np.int64(6), np.int64(15), np.int64(10), np.int64(5), np.int64(13), np.int64(6), np.int64(11), np.int64(15), np.int64(10), np.int64(0), np.int64(2)]",False,False,0.0,0.0,[ 3  5 11 14  4  4 10 13  4  8  4  6 10  4  4  9],[ 3 14 11 14  4  4 13 13  4 14  4  6 10  4  4  9],True,True,0.671875,0.8125,[ 3  5  0 14  4  4 10 13  4  8  4  6 10  4  4  6],[ 3  5  0 14  4  4 10 13  4 14  4 12 10  4  4  6],True,True,0.78125,0.8125,0.84,0.6190476190476191,0.64,21,13,16,0.92,0.9130434782608695,0.92,23,21,23,1.0,0.0,0.0,25,0,0,1.0,0.0,0.0,25,0,0,0.92,0.8260869565217391,0.84,23,19,21,0.72,0.7777777777777778,0.76,18,14,19,0.04,1.0,1.0,1,1,25,0.04,1.0,1.0,1,1,25
"[1 0 1 0 0 0 0 0 0 0 0 0 1 0 1 1 0 0 1 0 0 0 0 0 1 0 0 0 1 0 0 0 1 1 0 0 1
 1 0 0 0 1 1 0 0 0 0 1 0 0 0 1 1 0 0 0 1 1 0 0 1 0 1 1 0 0 1 1 1 1 1 0 0 0
 0 0 0 1 0 0 0 0 1 0 1 0 0 0 0 1 0 0 1 0 0 0 0 0 0 0 1 0 1 0 0 1 1 1 0 1 0
 1 0 0 0 0 0 0 0 1 0 0 0 0 0 0 0 0 0 1 0 1 0 0 0 0 0 0 1 0 1 0 0 0 0 0 1 1
 0 1 1 0 0 0 0 1 0 1 0 0 0 0 1 0 0 0 1 0 1 0 0 0 1 0 1 0 0 0 0 0 0 0 1 0 0
 1 0 0 0 0 1 0 1 1 0 1 0 1 0 0 1 0 1 0 0 0 0 0 0 0 0 0 1 0 1 0 0 1 0 0 0 1
 1 0 1 0 0 1 0 0 0 0 0 0 1 1 0 1 0 0 1 0 1 1 0 0 1 0 0 0 0 0 0 0 0 1]",15,[15  2 15 15  3  2 15  7  3  3  2  6  3  6  0 15],[15  2 15 15  2  2 15  7  3  2  2  6  0  6  0 15],False,True,0.796875,0.859375,"[np.int64(4), np.int64(7), np.int64(10), np.int64(6), np.int64(4), np.int64(7), np.int64(1), np.int64(0), np.int64(1), np.int64(3), np.int64(14), np.int64(1), np.int64(7), np.int64(8), np.int64(14), np.int64(9)]","[np.int64(11), np.int64(12), np.int64(4), np.int64(3), np.int64(2), np.int64(10), np.int64(8), np.int64(15), np.int64(0), np.int64(3), np.int64(12), np.int64(14), np.int64(5), np.int64(6), np.int64(15), np.int64(14)]",False,False,0.0,0.0,[15  2 15 15  3  2 15  2  3  2  6  6  0  6  0 15],[15  2 15 15  6  2 15  7  3  3  6  6  0  6  3 15],False,False,0.671875,0.8125,[15  2 15 15  2  2 15  0  3  2  2  6  0  6  0 15],[15  2 15 15  2  2 15  0  3  2  6  6  0  6  0 15],False,False,0.78125,0.8125,0.88,0.22727272727272727,0.2,22,5,5,0.88,0.045454545454545456,0.04,22,1,1,1.0,0.0,0.0,25,0,0,1.0,0.0,0.0,25,0,0,0.84,0.0,0.0,21,0,0,0.8,0.2,0.16,20,4,4,0.04,0.0,0.0,1,0,0,0.04,0.0,0.0,1,0,0
"[0 0 0 0 1 1 0 0 0 0 0 0 1 1 0 0 0 0 0 1 0 0 1 0 0 0 0 0 1 1 0 0 0 0 0 0 1
 1 1 0 0 0 0 0 0 0 0 0 0 1 0 1 0 0 0 0 0 0 0 1 0 0 0 0 1 0 1 0 0 0 0 0 0 1
 0 1 0 0 0 1 1 0 1 0 0 0 1 0 0 0 0 0 1 0 0 1 0 1 1 0 0 1 0 0 0 0 0 0 0 0 0
 1 0 0 0 0 0 0 0 1 0 1 0 0 0 1 0 0 0 0 0 0 0 0 0 0 0 1 0 0 0 0 0 0 0 0 0 0
 1 0 0 1 1 0 0 1 1 0 0 0 0 0 0 0 0 0 0 0 0 0 0 1 0 1 0 0 0 0 0 1 1 0 0 0 0
 1 1 0 1 0 0 0 1 1 0 0 0 1 0 0 0 1 0 1 0 0 0 0 1 1 0 0 0 0 0 1 0 0 1 0 0 1
 0 1 0 0 0 0 0 0 0 0 0 0 0 0 0 0 1 0 0 0 0 0 1 1 1 0 0 0 0 0 0 1 0 1]",14,[ 0  1  2  3  4  5  6  7  8  9 10 11 12 13 14 15],[ 0  1  2  3  4  5  6  7  8  9 10 11 12 13 14 15],True,True,0.796875,0.859375,"[np.int64(5), np.int64(4), np.int64(4), np.int64(4), np.int64(15), np.int64(0), np.int64(9), np.int64(5), np.int64(3), np.int64(2), np.int64(6), np.int64(9), np.int64(14), np.int64(3), np.int64(2), np.int64(13)]","[np.int64(3), np.int64(6), np.int64(2), np.int64(4), np.int64(13), np.int64(4), np.int64(14), np.int64(8), np.int64(5), np.int64(9), np.int64(12), np.int64(13), np.int64(2), np.int64(4), np.int64(9), np.int64(0)]",False,False,0.0,0.0,[ 4  3  4 11  9 12  5 13  9 11 13 10 11 15 14 14],[ 0  1  2  3  4  5  6  7  8  9 10 11 12 13 14 15],False,True,0.671875,0.8125,[ 4  3  4 11  9  0  5 13  9 11 13 10  0 15 14 14],[14  0  0  0  0  0  0  0  0  0  0  0  0  0 14  0],False,False,0.78125,0.8125,0.04,1.0,1.0,1,1,25,0.04,1.0,1.0,1,1,25,1.0,0.0,0.0,25,0,0,1.0,0.0,0.0,25,0,0,0.48,0.0,0.0,12,0,0,0.04,1.0,1.0,1,1,25,0.04,0.0,0.0,1,0,0,0.04,0.0,0.0,1,0,0
"[1 1 0 1 0 0 0 0 1 0 0 1 0 0 0 0 1 0 0 1 0 0 0 0 0 0 0 0 1 0 0 0 0 0 1 1 0
 0 1 0 0 1 0 1 0 0 1 1 1 1 1 1 0 1 1 0 0 0 1 0 0 0 0 1 0 0 0 0 1 0 0 1 0 0
 1 0 0 0 0 0 0 0 0 1 0 0 0 0 0 0 0 0 1 1 0 1 0 0 1 1 0 0 1 0 0 1 0 0 0 0 0
 1 0 0 0 0 1 0 0 0 0 0 0 0 0 0 0 1 1 0 0 0 0 0 0 0 0 0 0 1 0 0 0 0 0 0 1 0
 0 0 1 0 0 1 0 0 0 0 0 0 0 0 0 1 1 0 0 0 0 0 1 1 1 0 0 0 1 0 1 0 0 0 0 0 1
 0 1 1 0 0 1 0 0 1 0 0 0 1 0 0 0 0 1 0 1 1 0 0 0 0 0 0 0 1 0 0 0 0 0 0 1 1
 0 0 0 0 1 0 0 0 0 0 0 0 0 1 0 0 0 1 0 0 1 1 0 1 1 1 0 0 0 0 0 0 1 0]",12,[ 1 12  3  1 10 12  3  4 11  6 12 10 12 12 15  5],[ 1 12  3  5 10 12 15 15 11  6 12 10 12 12 11  5],True,False,0.796875,0.859375,"[np.int64(8), np.int64(11), np.int64(15), np.int64(8), np.int64(13), np.int64(0), np.int64(4), np.int64(5), np.int64(2), np.int64(10), np.int64(15), np.int64(13), np.int64(11), np.int64(3), np.int64(13), np.int64(9)]","[np.int64(9), np.int64(4), np.int64(13), np.int64(15), np.int64(10), np.int64(7), np.int64(13), np.int64(4), np.int64(3), np.int64(13), np.int64(8), np.int64(4), np.int64(3), np.int64(13), np.int64(2), np.int64(14)]",False,False,0.0,0.0,[ 1 12  3 10 10 12  3  4  0  2 12 10 12 12 15  5],[ 1 12 11 10 10 12  3 15  0  2 12 10 12 12 11  5],True,True,0.671875,0.8125,[ 1 12  3  1 10 12  3  4  0  2 12 10 12 12 11  5],[ 1 12  3 10 10 12  3 15  0  2 12 10 12 12 15  5],True,True,0.78125,0.8125,1.0,0.44,0.44,25,11,11,0.92,0.5217391304347826,0.48,23,12,12,1.0,0.0,0.0,25,0,0,1.0,0.0,0.0,25,0,0,0.92,0.6086956521739131,0.6,23,14,15,0.92,0.391304347826087,0.36,23,9,9,0.04,1.0,1.0,1,1,25,0.04,1.0,1.0,1,1,25
"[1 0 0 0 1 1 0 0 1 0 0 1 0 0 0 0 0 0 0 0 0 0 0 0 0 0 0 1 1 1 0 1 0 0 1 1 0
 0 0 1 0 0 0 0 1 0 0 0 0 0 1 0 0 1 1 0 0 0 1 0 0 0 0 1 1 0 0 0 0 0 0 1 1 0
 0 1 1 0 0 0 1 0 0 1 0 1 1 0 0 1 0 1 1 0 0 0 0 0 0 1 0 1 1 0 0 0 0 0 0 0 0
 0 0 0 1 0 1 0 0 1 0 0 0 1 0 0 0 0 1 0 0 0 1 0 0 0 0 0 1 0 0 0 0 0 0 0 0 0
 0 1 0 0 0 0 0 1 0 0 1 0 0 0 0 1 0 0 0 0 1 0 0 0 0 1 1 0 1 1 0 0 1 1 0 1 0
 1 0 0 1 0 0 0 0 1 1 0 1 1 0 0 0 0 0 1 0 0 0 0 0 1 0 0 0 0 0 0 0 0 1 0 0 0
 0 1 0 0 0 0 0 0 0 0 0 1 1 0 0 0 0 0 0 1 0 1 0 0 0 0 0 0 0 0 0 1 0 1]",7,[ 4 11  7  2  7 11  5  7  4 11  3  7  4  1  9  3],[11 11  7  2  7 11  5  7  4 11  8  7  2  1  9  3],True,True,0.796875,0.859375,"[np.int64(2), np.int64(7), np.int64(11), np.int64(14), np.int64(4), np.int64(6), np.int64(15), np.int64(11), np.int64(12), np.int64(13), np.int64(8), np.int64(14), np.int64(12), np.int64(4), np.int64(2), np.int64(9)]","[np.int64(10), np.int64(10), np.int64(11), np.int64(6), np.int64(11), np.int64(14), np.int64(7), np.int64(12), np.int64(15), np.int64(4), np.int64(8), np.int64(8), np.int64(11), np.int64(12), np.int64(6), np.int64(3)]",False,False,0.0,0.0,[ 4 11  7  2  7 11  3  7  4 11  3  7  4  1  9  3],[11 11  7  2  7 11  5  7  4 11  3  7  2  1  9  3],True,True,0.671875,0.8125,[ 4 11  7  2  7 11  3  7  4 11  3  7  2  1  9  1],[ 4 11  7  2  7 11  5  7  4 11  3  7  4  1  9  3],True,True,0.78125,0.8125,0.76,0.7368421052631579,0.76,19,14,19,0.68,0.7647058823529411,0.8,17,13,20,1.0,0.0,0.0,25,0,0,1.0,0.0,0.0,25,0,0,0.76,0.7894736842105263,0.8,19,15,20,0.68,0.7647058823529411,0.84,17,13,21,0.04,1.0,1.0,1,1,25,0.04,1.0,1.0,1,1,25
"[1 0 0 0 0 0 0 0 0 0 0 0 0 0 1 1 0 0 0 0 0 0 0 1 1 1 0 0 1 0 0 0 0 0 0 0 0
 1 0 0 0 0 1 0 0 0 1 0 0 0 0 1 0 0 1 0 0 0 0 0 1 0 1 1 0 0 0 0 1 0 1 0 1 0
 0 0 0 0 0 1 0 0 1 0 0 1 0 0 0 0 0 0 0 1 0 0 0 0 0 1 1 0 1 0 0 0 0 1 0 0 0
 0 0 1 0 0 0 0 0 1 0 0 1 0 1 0 0 0 0 1 0 0 1 0 0 0 1 0 0 0 0 0 0 0 0 1 0 0
 0 0 0 0 0 0 0 0 0 1 1 0 0 0 1 0 0 0 0 1 0 0 0 1 0 0 0 0 0 0 0 0 0 0 1 0 0
 0 1 0 0 0 0 0 0 1 0 1 0 0 0 1 0 0 0 0 1 1 0 0 0 0 0 0 0 1 0 0 0 1 0 0 1 0
 0 0 1 0 1 1 0 0 0 0 0 1 0 0 0 0 0 0 1 0 0 1 1 0 0 0 0 0 0 0 0 0 0 0]",0,[ 0  9 14 14 15  2  3 12  4 14  2 10  3  9  0  0],[ 0  9 14 14 15  2  4 12  4 14  2  6  3  9  0  0],True,True,0.796875,0.859375,"[np.int64(4), np.int64(0), np.int64(13), np.int64(4), np.int64(1), np.int64(10), np.int64(14), np.int64(15), np.int64(3), np.int64(11), np.int64(5), np.int64(14), np.int64(4), np.int64(0), np.int64(0), np.int64(10)]","[np.int64(3), np.int64(9), np.int64(4), np.int64(11), np.int64(4), np.int64(6), np.int64(4), np.int64(9), np.int64(9), np.int64(8), np.int64(9), np.int64(12), np.int64(1), np.int64(0), np.int64(13), np.int64(1)]",False,False,0.0,0.0,[ 0  9 14 14 15  2  3 10  4 14  2  6  3  9  0  0],[ 0  9 14 14 15  2  3 10  4 14  2 10  3  9  0  0],True,True,0.671875,0.8125,[ 0  9 14 14 15  2  3  1  4 14  2  6  3  9  0  0],[ 0  9 14 14 15  2  3 10  4 14  2  6  3  9  0  0],True,True,0.78125,0.8125,0.68,1.0,1.0,17,17,25,0.68,1.0,1.0,17,17,25,1.0,0.0,0.0,25,0,0,1.0,0.0,0.0,25,0,0,0.64,1.0,1.0,16,16,25,0.64,1.0,1.0,16,16,25,0.04,1.0,1.0,1,1,25,0.04,1.0,1.0,1,1,25
