As,Argmax_Model_Trees,Argmax_True_Trees,Argmax_Model_Mask,Argmax_True_Mask,Argmax_Model_Accuracy,Argmax_True_Accuracy,Random_Model_Trees,Random_True_Trees,Random_Model_Mask,Random_True_Mask,Random_Model_Accuracy,Random_True_Accuracy,Beam_Model_Trees,Beam_True_Trees,Beam_Model_Mask,Beam_True_Mask,Beam_Model_Accuracy,Beam_True_Accuracy,Greedy_Model_Trees,Greedy_True_Trees,Greedy_Model_Mask,Greedy_True_Mask,Greedy_Model_Accuracy,Greedy_True_Accuracy,Argmax_Model_Uniques,Argmax_Model_Valids_Uniques,Argmax_Model_Valids,Argmax_Model_Unique_Counts,Argmax_Model_Valid_Unique_Counts,Argmax_Model_Valid_Counts,Argmax_True_Uniques,Argmax_True_Valids_Uniques,Argmax_True_Valids,Argmax_True_Unique_Counts,Argmax_True_Valid_Unique_Counts,Argmax_True_Valid_Counts,Random_Model_Uniques,Random_Model_Valids_Uniques,Random_Model_Valids,Random_Model_Unique_Counts,Random_Model_Valid_Unique_Counts,Random_Model_Valid_Counts,Random_True_Uniques,Random_True_Valids_Uniques,Random_True_Valids,Random_True_Unique_Counts,Random_True_Valid_Unique_Counts,Random_True_Valid_Counts,Beam_Model_Uniques,Beam_Model_Valids_Uniques,Beam_Model_Valids,Beam_Model_Unique_Counts,Beam_Model_Valid_Unique_Counts,Beam_Model_Valid_Counts,Beam_True_Uniques,Beam_True_Valids_Uniques,Beam_True_Valids,Beam_True_Unique_Counts,Beam_True_Valid_Unique_Counts,Beam_True_Valid_Counts,Greedy_Model_Uniques,Greedy_Model_Valids_Uniques,Greedy_Model_Valids,Greedy_Model_Unique_Counts,Greedy_Model_Valid_Unique_Counts,Greedy_Model_Valid_Counts,Greedy_True_Uniques,Greedy_True_Valids_Uniques,Greedy_True_Valids,Greedy_True_Unique_Counts,Greedy_True_Valid_Unique_Counts,Greedy_True_Valid_Counts
[1.00049988 0.         0.         ... 0.         0.         1.00049988],"[ 5  5 30  5 59  5 51 58  5  5  5 51  1  3 44 10  0 58 22  5 10  5  5 34
 19  5 10 10 51 22  5 51 44  9  5  5  9  3 51  0  3 59 10 51  5  3 10 10
 59 59  5  5  8  3  9 30 59 44  5  5 58  8  3 50]","[ 5  5  1  5 10  5 10 19  5  5  5 51  1  3 44 10  0 58 22  5 10  5  5 34
 10  5 22 10 22 22  5 51 44  9  5  5  3  3 51  0  3  3  9 51  5  3 10 10
 59 50  5  5  8  3  9 30 59  8  5  5 58  8  3 50]",True,True,1.0,1.0,"[np.int64(60), np.int64(39), np.int64(58), np.int64(26), np.int64(62), np.int64(21), np.int64(7), np.int64(48), np.int64(28), np.int64(23), np.int64(33), np.int64(58), np.int64(53), np.int64(46), np.int64(60), np.int64(5), np.int64(24), np.int64(55), np.int64(27), np.int64(13), np.int64(25), np.int64(26), np.int64(17), np.int64(16), np.int64(16), np.int64(48), np.int64(1), np.int64(23), np.int64(34), np.int64(55), np.int64(50), np.int64(63), np.int64(53), np.int64(54), np.int64(10), np.int64(16), np.int64(60), np.int64(9), np.int64(32), np.int64(45), np.int64(42), np.int64(30), np.int64(53), np.int64(18), np.int64(52), np.int64(52), np.int64(6), np.int64(26), np.int64(39), np.int64(26), np.int64(22), np.int64(19), np.int64(16), np.int64(57), np.int64(18), np.int64(32), np.int64(57), np.int64(45), np.int64(28), np.int64(28), np.int64(3), np.int64(57), np.int64(18), np.int64(44)]","[np.int64(51), np.int64(13), np.int64(36), np.int64(25), np.int64(34), np.int64(55), np.int64(4), np.int64(28), np.int64(36), np.int64(57), np.int64(7), np.int64(7), np.int64(15), np.int64(49), np.int64(52), np.int64(16), np.int64(40), np.int64(16), np.int64(2), np.int64(57), np.int64(47), np.int64(36), np.int64(48), np.int64(52), np.int64(17), np.int64(12), np.int64(63), np.int64(44), np.int64(12), np.int64(6), np.int64(57), np.int64(9), np.int64(1), np.int64(61), np.int64(19), np.int64(32), np.int64(28), np.int64(11), np.int64(21), np.int64(62), np.int64(47), np.int64(38), np.int64(41), np.int64(58), np.int64(59), np.int64(34), np.int64(9), np.int64(52), np.int64(11), np.int64(28), np.int64(61), np.int64(27), np.int64(59), np.int64(8), np.int64(55), np.int64(51), np.int64(35), np.int64(23), np.int64(48), np.int64(16), np.int64(50), np.int64(7), np.int64(14), np.int64(43)]",False,False,0.0,0.0,"[ 5  5 30  5 59  5 10 58  5  5  5 51  1  3 44 10 25 58 22  5 10  5  5 34
 19  5 10 10 22 22  5 51 44  9  5  5  3  3 51  0  3 59  9 51  5  3 10 10
 34 19  5  5  8  3  9 30 59  8  5  5 58  8  3 50]","[ 5  5  1  5 59  5 10 19  5  5  5 51  1  3 44 10  0 58 22  5 10  5  5 34
 19  5 10 10 22 22  5 51 44  9  5  5  3  3 51  0  3 59  9 51  5  3 10 10
 34 50  5  5  8  3  9 30 59 44  5  5 58  8  3 34]",True,True,0.78125,1.0,"[ 5  5  1  5 59  5 10 58  5  5  5 51  1  3 44 10 25 58 22  5 10  5  5 34
 19  5 10 10 51 22  5 51 44  9  5  5  3  3 51  0  3 59 10 51  5  3 10 10
 59 19  5  5  8  3  9 30 59 44  5  5 58  8  3 34]","[ 5  5 30  5 59  5 51 58  5  5  5 51  1  3 44 10  0 58 22  5 10  5  5 34
 19  5 22 10 51 22  5 51  9  9  5  5  9  3 51  0  3 59  9 51  5  3 10 10
 34 50  5  5  8  3  9 30 59 44  5  5 58  8  3 50]",True,True,0.828125,1.0,0.04,1.0,1.0,1,1,25,0.04,1.0,1.0,1,1,25,1.0,0.0,0.0,25,0,0,1.0,0.0,0.0,25,0,0,1.0,1.0,1.0,25,25,25,1.0,1.0,1.0,25,25,25,1.0,0.92,0.92,25,23,23,1.0,1.0,1.0,25,25,25
[0.500999 0.       0.       ... 0.       0.       0.      ],"[29 19 63 43 41 43 51  0 15 12 29 51 29 12 43 29 15 15 63 29 10 29 37  0
 19 41 10  5 37 29  0 29 59 43 45 45 15 29 29 12 10 29 43 29  0 29 45 19
  0 15 43 29 43 57  0  0 29 29 19 37  5 29 19 29]","[29 19 63 43 41 43 51  0 15 12 29 51 29 12 43 29 15 15 63 29 10 29 37  0
 19 41 10  5 37 29  0 29 59 43 45 45 15 29 29 12 10 29 43 29  0 29 12 19
  0 15 43 29 43 57  0  0 29 29 19 37  5 29 19 29]",True,True,1.0,1.0,"[np.int64(54), np.int64(31), np.int64(25), np.int64(59), np.int64(41), np.int64(16), np.int64(18), np.int64(59), np.int64(56), np.int64(25), np.int64(37), np.int64(3), np.int64(56), np.int64(40), np.int64(57), np.int64(63), np.int64(6), np.int64(43), np.int64(12), np.int64(49), np.int64(58), np.int64(43), np.int64(25), np.int64(11), np.int64(48), np.int64(27), np.int64(20), np.int64(14), np.int64(3), np.int64(1), np.int64(3), np.int64(11), np.int64(6), np.int64(16), np.int64(26), np.int64(23), np.int64(52), np.int64(49), np.int64(36), np.int64(57), np.int64(27), np.int64(42), np.int64(1), np.int64(5), np.int64(51), np.int64(16), np.int64(57), np.int64(42), np.int64(13), np.int64(45), np.int64(30), np.int64(29), np.int64(62), np.int64(40), np.int64(11), np.int64(20), np.int64(3), np.int64(5), np.int64(34), np.int64(57), np.int64(62), np.int64(28), np.int64(14), np.int64(54)]","[np.int64(58), np.int64(24), np.int64(7), np.int64(0), np.int64(30), np.int64(38), np.int64(49), np.int64(23), np.int64(37), np.int64(38), np.int64(38), np.int64(15), np.int64(52), np.int64(7), np.int64(0), np.int64(56), np.int64(1), np.int64(59), np.int64(32), np.int64(4), np.int64(61), np.int64(48), np.int64(48), np.int64(36), np.int64(49), np.int64(24), np.int64(57), np.int64(39), np.int64(7), np.int64(45), np.int64(63), np.int64(2), np.int64(28), np.int64(30), np.int64(19), np.int64(52), np.int64(47), np.int64(60), np.int64(57), np.int64(40), np.int64(24), np.int64(1), np.int64(32), np.int64(10), np.int64(59), np.int64(35), np.int64(37), np.int64(56), np.int64(7), np.int64(45), np.int64(32), np.int64(9), np.int64(8), np.int64(61), np.int64(10), np.int64(38), np.int64(22), np.int64(61), np.int64(10), np.int64(2), np.int64(34), np.int64(27), np.int64(7), np.int64(48)]",False,False,0.0,0.0,"[29 19 63 43 41 43 51  0 15 12 29 51 29 12 43 29 15 15 63 29 10 29 37  0
 19 41 10  5 37 29 63 29 59 19 45 51 15 29 29 12 10 29 43 29  0 29 45 37
 41 15 43 29 43 57  0  0 29 29 19 37  5 29 19 29]","[29 19 63 43 41 43 51  0 15 12 29 51 29 12 43 29 15 15 63 29 10 29 37  0
 19 41 10  5 37 29  0 29 59 19 45 57 15 29 29 12 10 29 43 29  0 29 45 37
  0 15 43 29 43 57  0  0 29 29 19 37  5 29 19 29]",True,True,0.78125,1.0,"[29 19 63 43 41 43 51  0 15 12 29 51 29 12 43 29 15 15 37 29 10 29 37  0
 19 41 10  5 37 29  0 29 59 43 45 63 15 29 29 12 10 29 43 29  0 29 12 37
  0 15 43 29 43 57  0  0 29 29 19 37  5 29 19 29]","[29 19 63 43 41 43 51  0 15 12 29 51 29 12 43 29 15 15 63 29 10 29 37  0
 19 41 10 59 37 29  0 29 59 43 45 51 15 29 29 12 10 29 43 29  0 29 45 19
  0 15 43 29 43 57  0  0 29 29 19 37  5 29 19 29]",True,True,0.828125,1.0,0.04,1.0,1.0,1,1,25,0.04,1.0,1.0,1,1,25,1.0,0.0,0.0,25,0,0,1.0,0.0,0.0,25,0,0,0.84,1.0,1.0,21,21,25,0.8,1.0,1.0,20,20,25,0.92,0.9565217391304348,0.96,23,22,24,0.92,1.0,1.0,23,23,25
[0.         0.         0.         ... 0.         0.         1.00049988],"[47  3 24 24 10 35 35 44  3 24 47 32 13 24 47 21 37 32 44 37 24 24 37 47
 24 32 21 24 32 27 32 47 24 32 37 24 24 24  2 13  3  3 36 47 24 35 35 24
 32 24 32 21  2 24 24  3 57 13 21 47 13 35 13 21]","[47  3 24 24 10 35  3  3  3 24 47 32 13 24 47 21 37 21 44 37 24 24 37 47
 24 13 21 24 32 27  3 47 24 32 21 24 24 24 13 13  3  3 36 47 24 35  3 24
 32 24 32 21  3 24 24  3 57 13 21 47 13 35 13 21]",True,True,1.0,1.0,"[np.int64(51), np.int64(49), np.int64(4), np.int64(44), np.int64(11), np.int64(58), np.int64(28), np.int64(47), np.int64(32), np.int64(0), np.int64(48), np.int64(12), np.int64(56), np.int64(45), np.int64(1), np.int64(16), np.int64(22), np.int64(21), np.int64(59), np.int64(55), np.int64(57), np.int64(58), np.int64(43), np.int64(2), np.int64(10), np.int64(7), np.int64(41), np.int64(23), np.int64(11), np.int64(55), np.int64(3), np.int64(20), np.int64(30), np.int64(15), np.int64(12), np.int64(50), np.int64(40), np.int64(45), np.int64(59), np.int64(27), np.int64(25), np.int64(34), np.int64(54), np.int64(20), np.int64(31), np.int64(9), np.int64(41), np.int64(56), np.int64(56), np.int64(9), np.int64(52), np.int64(2), np.int64(57), np.int64(41), np.int64(7), np.int64(29), np.int64(0), np.int64(48), np.int64(56), np.int64(32), np.int64(3), np.int64(11), np.int64(8), np.int64(31)]","[np.int64(58), np.int64(11), np.int64(36), np.int64(31), np.int64(33), np.int64(0), np.int64(1), np.int64(21), np.int64(43), np.int64(47), np.int64(28), np.int64(44), np.int64(55), np.int64(25), np.int64(20), np.int64(15), np.int64(62), np.int64(60), np.int64(3), np.int64(5), np.int64(35), np.int64(52), np.int64(15), np.int64(63), np.int64(39), np.int64(16), np.int64(43), np.int64(3), np.int64(10), np.int64(11), np.int64(1), np.int64(18), np.int64(29), np.int64(0), np.int64(54), np.int64(23), np.int64(21), np.int64(57), np.int64(6), np.int64(21), np.int64(38), np.int64(10), np.int64(34), np.int64(46), np.int64(17), np.int64(52), np.int64(25), np.int64(31), np.int64(63), np.int64(55), np.int64(58), np.int64(19), np.int64(52), np.int64(34), np.int64(28), np.int64(16), np.int64(62), np.int64(25), np.int64(6), np.int64(20), np.int64(5), np.int64(23), np.int64(30), np.int64(45)]",False,False,0.0,0.0,"[47 35 24 24 10 35 35 44  3 24 47 32 13 24 47 21 37 32 44 37 24 24 37 47
 24 32 21 24 32 27 32 47 24 32 37 24 24 24  2 13  3  3 36 47 24 35  3 24
 32 24 32 21  2 24 24  3 57 13 21 47 13 35 13 21]","[47 35 24 24 10 35 35 44  3 24 47 32 13 24 47 21 37 32 44 37 24 24 37 47
 24 32 21 24 32 27 32 47 24 32 37 24 24 24  2 13  3  3 36 47 24 35  3 24
 32 24 37 21  2 24 24  3 57 13 21 47 13 35 13 21]",True,True,0.78125,1.0,"[21  3 24 24 10 35  3 44  3 24 47 32 13 24 47 21 37 32 44 37 24 24 37 47
 24 32 21 24 32 27 32 47 24 32 37 24 24 24  2 13  3  3 36 47 24 35 35 24
 32 24 37 21  2 24 24  3 57 13 21 47 13 35 13 21]","[47 35 24 24 10 35  3  3  3 24 47 32 13 24 47 21 37 32 44 37 24 24 37 47
 24 32 21 24 32 27  3 47 24 32 37 24 24 24  2 13  3  3 36 47 24 35  3 24
 32 24 32 21  3 24 24  3 57 13 21 47 13 35 13 21]",True,True,0.828125,1.0,0.04,1.0,1.0,1,1,25,0.04,1.0,1.0,1,1,25,1.0,0.0,0.0,25,0,0,1.0,0.0,0.0,25,0,0,0.68,1.0,1.0,17,17,25,0.92,1.0,1.0,23,23,25,0.92,1.0,1.0,23,23,25,1.0,1.0,1.0,25,25,25
[0.500999   0.70781353 1.00049988 ... 0.         0.         0.        ],"[11 42 39 44 24 60 42 42 31 60 57 39 13 39 57 42  2 24 57 42 57 57 42 24
 39 39 13 60 24 24 24 42 24 42 57 25 31 42 42 39 60 37 39 60 39 54 11 11
 44 24 42  2 42 60 42  2 24 39 42 39 39 24 13 13]","[ 2 42 39 44 24 42 42 42 31 60 57 39 13 39 57 42  2 24 57 42 57 57 42 24
 39 39 13 60 24  2 24 42 24 42 57 25 31 42 42 39 42 37 39 60 39 54 11 24
 44 24 42  2 42 60 42  2 24 39 42 39 39 24 13 13]",True,True,1.0,1.0,"[np.int64(48), np.int64(23), np.int64(24), np.int64(24), np.int64(25), np.int64(6), np.int64(16), np.int64(10), np.int64(34), np.int64(39), np.int64(5), np.int64(8), np.int64(44), np.int64(43), np.int64(38), np.int64(31), np.int64(30), np.int64(13), np.int64(12), np.int64(22), np.int64(63), np.int64(29), np.int64(55), np.int64(0), np.int64(20), np.int64(4), np.int64(28), np.int64(48), np.int64(63), np.int64(3), np.int64(24), np.int64(31), np.int64(51), np.int64(59), np.int64(40), np.int64(36), np.int64(46), np.int64(41), np.int64(30), np.int64(49), np.int64(43), np.int64(57), np.int64(15), np.int64(53), np.int64(18), np.int64(2), np.int64(1), np.int64(11), np.int64(33), np.int64(2), np.int64(1), np.int64(27), np.int64(39), np.int64(39), np.int64(54), np.int64(25), np.int64(37), np.int64(32), np.int64(39), np.int64(47), np.int64(52), np.int64(1), np.int64(7), np.int64(19)]","[np.int64(60), np.int64(55), np.int64(28), np.int64(43), np.int64(8), np.int64(21), np.int64(8), np.int64(53), np.int64(2), np.int64(45), np.int64(47), np.int64(63), np.int64(31), np.int64(58), np.int64(6), np.int64(33), np.int64(56), np.int64(31), np.int64(10), np.int64(40), np.int64(52), np.int64(61), np.int64(18), np.int64(24), np.int64(29), np.int64(59), np.int64(38), np.int64(0), np.int64(46), np.int64(38), np.int64(57), np.int64(36), np.int64(13), np.int64(56), np.int64(38), np.int64(22), np.int64(58), np.int64(56), np.int64(51), np.int64(55), np.int64(38), np.int64(5), np.int64(29), np.int64(19), np.int64(57), np.int64(15), np.int64(16), np.int64(35), np.int64(27), np.int64(36), np.int64(32), np.int64(42), np.int64(36), np.int64(48), np.int64(40), np.int64(14), np.int64(59), np.int64(20), np.int64(62), np.int64(38), np.int64(34), np.int64(28), np.int64(55), np.int64(55)]",False,False,0.0,0.0,"[11 42 39 44 24 60 42 42 31 60 57 39 13 39 57 42  2 24 57 42 57 57 42 24
 39 39 13 60 24  2 24 42 24 42 57 25 17 42 42 39 60 37 39 60 39 54 11 11
 44 24 42  2 42 60 57  2 24 39 42 39 39 24 13 13]","[11 42 39 44 24 60 42 42 31 60 57 39 13 39 57 42  2 24 57 42 57 57 42 24
 39 39 13 60 24  2 24 42 24 42 57 25 31 42 42 39 60 15 39 60 39 54 11 59
 44 24 42  2 42 60 42  2 24 39 42 39 39 25 13 13]",False,True,0.78125,1.0,"[11 42 39 44 24 60 42 42 31 60 57 39 13 39 57 42  2 24 57 42 57 57 42 24
 39 39 13 60 24 24 24 42 24 42 57 25  6 42 42 39 42 37 39 60 39 54 11 59
 44 24 42  2 42 60 42  2 24 39 42 39 39 24 13 13]","[11 42 39 44 24 60 42 42 31 60 57 39 13 39 57 42  2 24 57 42 57 57 42 24
 39 39 13 60 24 24 24 42 24 42 57 25 31 42 42 39 60 37 39 60 39 54 11 59
 44 24 42  2 42 60 42  2 24 39 42 39 39 24 13 13]",False,True,0.828125,1.0,0.04,1.0,1.0,1,1,25,0.04,1.0,1.0,1,1,25,1.0,0.0,0.0,25,0,0,1.0,0.0,0.0,25,0,0,0.96,0.0,0.0,24,0,0,0.8,1.0,1.0,20,20,25,1.0,0.2,0.2,25,5,5,1.0,1.0,1.0,25,25,25
[0.         0.         0.         ... 0.70781353 0.500999   1.00049988],"[45 30 30 34  3 59 52 59 58 11 34 34 52 63 63 34 34 59 11 16 59 59  3 59
 31  3 29 52 30 34 34 34 52 29 34 30 30 10 31 48 34 52 52 11 52 34 52 29
 16 16 58 63 34 29 52  7 45  3 34 34 30 11 58 34]","[45 30 29 34  3 59 52 59 58 11 34 34 52 16 63 34 34 59 11 16 59 59  3 59
 16  3 29 11 30 34 34 34 52 29 34 30 30 10 31 48 34 11 58 11 52 34 52 29
 16 16 58 63 34 29 52  7 45  3 34 34 30 11 58 34]",True,True,1.0,1.0,"[np.int64(51), np.int64(42), np.int64(5), np.int64(2), np.int64(47), np.int64(61), np.int64(36), np.int64(26), np.int64(0), np.int64(53), np.int64(3), np.int64(40), np.int64(48), np.int64(35), np.int64(32), np.int64(61), np.int64(42), np.int64(55), np.int64(15), np.int64(55), np.int64(16), np.int64(43), np.int64(16), np.int64(10), np.int64(5), np.int64(43), np.int64(39), np.int64(44), np.int64(55), np.int64(48), np.int64(52), np.int64(24), np.int64(26), np.int64(11), np.int64(60), np.int64(60), np.int64(57), np.int64(33), np.int64(57), np.int64(26), np.int64(20), np.int64(58), np.int64(57), np.int64(58), np.int64(12), np.int64(43), np.int64(35), np.int64(36), np.int64(21), np.int64(40), np.int64(61), np.int64(39), np.int64(52), np.int64(30), np.int64(61), np.int64(33), np.int64(33), np.int64(57), np.int64(30), np.int64(45), np.int64(5), np.int64(63), np.int64(46), np.int64(28)]","[np.int64(10), np.int64(20), np.int64(48), np.int64(61), np.int64(43), np.int64(28), np.int64(27), np.int64(12), np.int64(26), np.int64(29), np.int64(19), np.int64(50), np.int64(53), np.int64(6), np.int64(59), np.int64(28), np.int64(54), np.int64(21), np.int64(54), np.int64(39), np.int64(44), np.int64(17), np.int64(39), np.int64(33), np.int64(50), np.int64(61), np.int64(0), np.int64(63), np.int64(55), np.int64(23), np.int64(33), np.int64(29), np.int64(13), np.int64(41), np.int64(37), np.int64(58), np.int64(56), np.int64(43), np.int64(18), np.int64(1), np.int64(33), np.int64(15), np.int64(52), np.int64(39), np.int64(56), np.int64(5), np.int64(4), np.int64(44), np.int64(22), np.int64(2), np.int64(19), np.int64(11), np.int64(29), np.int64(33), np.int64(44), np.int64(15), np.int64(37), np.int64(38), np.int64(48), np.int64(36), np.int64(32), np.int64(6), np.int64(40), np.int64(42)]",False,False,0.0,0.0,"[45 30 30 34  3 59 52 59 58 11 34 34 52 31 63 34 34 59 11 16 59 59  3 59
 31  3 29 52 30 34 34 34 52 29 34 30 30 10 31 48 34 52 52 11 52 34 52 29
 16 16 58 63 34 29 52 61 45  3 34 34 30 11 58 34]","[45 30 16 34  3 59 52 59 58 11 34 34 52 63 63 34 34 59 11 16 59 59  3 59
 16  3 29 52 30 34 34 34 52 29 34 30 30 10 31 48 34 52 52 11 52 34 52 29
 16 16 58 63 34 29 52 61 45  3 34 34 30 11 58 34]",True,True,0.78125,1.0,"[45 30 16 34 11 59 52 59 58 11 34 34 52 63 63 34 34 59 11 16 59 59  3 59
 31  3 29 52 30 34 34 34 52 29 34 30 30 10 31 48 34 11 52 11 52 34 52 29
 16 16 58 63 34 29 52 61 45  3 34 34 30 11 58 34]","[45 30 30 34  3 59 52 59 58 11 34 34 52 16 63 34 34 59 11 16 59 59 30 59
 16  3 29 52 30 34 34 34 52 29 34 30 30 10 31 48 34 52 52 11 52 34 52 29
 16 16 58 63 34 29 52 61 45  3 34 34 30 11 58 34]",True,True,0.828125,1.0,0.04,1.0,1.0,1,1,25,0.04,1.0,1.0,1,1,25,1.0,0.0,0.0,25,0,0,1.0,0.0,0.0,25,0,0,0.76,1.0,1.0,19,19,25,0.84,1.0,1.0,21,21,25,1.0,1.0,1.0,25,25,25,1.0,1.0,1.0,25,25,25
[1.00049988 0.         0.         ... 0.         1.00049988 0.        ],"[61 11  4 45 60 11 13 45 24 24 24 43 24 60 45 45 11 11 11 24 60 60 60 45
 43 60 45 10 11 13 24 11 11 60 12 56 24 43 37 60 11 61 37 43 24 43 24 60
  9 24 60 24 16 11 11 19 60 37 11 60 43 45 60  4]","[61 11  4 45 60 11 13 45 24 24 24 43 24 60 45 45 11 11 11 24 60 60 60 45
 43 60 45 12 11 13 24 11 11 60 12 56 24 43 37 60 11 61 37 43 24 43 24 60
  9 24 60 24 30 11 11 53 60 37 11 60 43 45 60  4]",True,True,1.0,1.0,"[np.int64(21), np.int64(43), np.int64(50), np.int64(22), np.int64(45), np.int64(1), np.int64(46), np.int64(46), np.int64(25), np.int64(58), np.int64(8), np.int64(53), np.int64(51), np.int64(43), np.int64(19), np.int64(54), np.int64(8), np.int64(61), np.int64(44), np.int64(32), np.int64(22), np.int64(17), np.int64(27), np.int64(39), np.int64(44), np.int64(14), np.int64(59), np.int64(40), np.int64(19), np.int64(11), np.int64(13), np.int64(60), np.int64(40), np.int64(42), np.int64(4), np.int64(0), np.int64(42), np.int64(23), np.int64(39), np.int64(45), np.int64(3), np.int64(32), np.int64(57), np.int64(35), np.int64(12), np.int64(55), np.int64(38), np.int64(11), np.int64(45), np.int64(58), np.int64(4), np.int64(46), np.int64(62), np.int64(4), np.int64(59), np.int64(43), np.int64(19), np.int64(27), np.int64(26), np.int64(23), np.int64(50), np.int64(48), np.int64(27), np.int64(59)]","[np.int64(21), np.int64(55), np.int64(26), np.int64(14), np.int64(0), np.int64(4), np.int64(55), np.int64(57), np.int64(20), np.int64(29), np.int64(32), np.int64(10), np.int64(9), np.int64(0), np.int64(35), np.int64(45), np.int64(17), np.int64(31), np.int64(35), np.int64(2), np.int64(25), np.int64(62), np.int64(63), np.int64(47), np.int64(34), np.int64(13), np.int64(25), np.int64(40), np.int64(0), np.int64(11), np.int64(32), np.int64(31), np.int64(56), np.int64(18), np.int64(44), np.int64(36), np.int64(54), np.int64(36), np.int64(20), np.int64(53), np.int64(8), np.int64(31), np.int64(62), np.int64(41), np.int64(15), np.int64(54), np.int64(20), np.int64(38), np.int64(53), np.int64(57), np.int64(49), np.int64(11), np.int64(12), np.int64(6), np.int64(15), np.int64(61), np.int64(45), np.int64(12), np.int64(2), np.int64(7), np.int64(25), np.int64(57), np.int64(15), np.int64(33)]",False,False,0.0,0.0,"[61 11 16 45 60 11 13 45 24 24 24 43 24 60 45 45 11 11 11 24 60 60 60 45
 43 60 45 10 11 30 24 11 11 60 58 56 24 43 37 60 11 61 37 43 24 43 24 60
  9 24 60 24 16 11 11 19 60 37 11 60 43 45 60  4]","[61 11  4 45 60 11 13 45 24 24 24 43 24 60 45 45 11 11 11 24 60 60 60 45
 43 60 45 12 11 13 24 11 45 60 58 56 24 43 37 60 11 61 37 43 11 43 24 60
  9 24 60 24 30 11 11 53 60 37 11 60 43 45 60  4]",False,True,0.78125,1.0,"[33 11  4 45 60 11 13 45 24 24 24 43 24 60 45 45 11 11 11 24 60 60 60 45
 43 60 45 12 11 30 24 11 45 60 58 56 24 43 37 60 11 61 37 43 24 43 24 60
  9 24 60 24 30 11 11 19 60 37 11 60 43 45 60  4]","[61 11  4 45 60 11 13 45 24 24 24 43 24 60 45 45 11 11 11 24 60 60 60 45
 43 60 45 10 11 13 24 11 11 60 12 56 24 43 37 60 11 61 37 43 24 43 24 60
 23 24 60 24 30 11 11 53 60 37 11 60 43 45 60  4]",False,True,0.828125,1.0,0.04,1.0,1.0,1,1,25,0.04,1.0,1.0,1,1,25,1.0,0.0,0.0,25,0,0,1.0,0.0,0.0,25,0,0,1.0,0.0,0.0,25,0,0,1.0,1.0,1.0,25,25,25,1.0,0.0,0.0,25,0,0,1.0,1.0,1.0,25,25,25
[1.00049988 0.         0.500999   ... 0.         0.         0.        ],"[12 12 45 53 11 45 47 35 18 18 60 11 11 45 11 11 48 47 11 14 21 11 62 59
 62 49 49 49 53 49 11 18 41 47 18 11 12 62 49 41 48 11 62 48 12 11 11 11
 11 11 60 47 11 11 62  4 35 11 59 11 11 30 11 41]","[12 12 45 53 11  4 18  4 18 18 60 11 11 45 11 11 48 14 11 14 48 11 62 12
 62 49 49 49 18 18 11 18 41 12 18 11 12 62 60 41 48 11 62 48 12 11 11 11
 11 11 60 47 11 11 62  4 35 11 59 11 11 48 11 41]",True,True,1.0,1.0,"[np.int64(56), np.int64(17), np.int64(27), np.int64(47), np.int64(16), np.int64(25), np.int64(38), np.int64(37), np.int64(57), np.int64(25), np.int64(45), np.int64(6), np.int64(15), np.int64(42), np.int64(44), np.int64(17), np.int64(55), np.int64(17), np.int64(42), np.int64(29), np.int64(23), np.int64(23), np.int64(27), np.int64(39), np.int64(15), np.int64(35), np.int64(31), np.int64(15), np.int64(16), np.int64(30), np.int64(32), np.int64(22), np.int64(54), np.int64(7), np.int64(48), np.int64(14), np.int64(28), np.int64(32), np.int64(35), np.int64(24), np.int64(45), np.int64(19), np.int64(45), np.int64(54), np.int64(20), np.int64(49), np.int64(1), np.int64(11), np.int64(18), np.int64(10), np.int64(60), np.int64(42), np.int64(51), np.int64(55), np.int64(45), np.int64(45), np.int64(63), np.int64(51), np.int64(54), np.int64(8), np.int64(10), np.int64(38), np.int64(28), np.int64(14)]","[np.int64(11), np.int64(0), np.int64(39), np.int64(28), np.int64(61), np.int64(30), np.int64(22), np.int64(35), np.int64(12), np.int64(40), np.int64(49), np.int64(1), np.int64(32), np.int64(40), np.int64(35), np.int64(3), np.int64(27), np.int64(44), np.int64(0), np.int64(41), np.int64(1), np.int64(9), np.int64(44), np.int64(29), np.int64(4), np.int64(38), np.int64(44), np.int64(59), np.int64(39), np.int64(52), np.int64(11), np.int64(12), np.int64(45), np.int64(33), np.int64(3), np.int64(34), np.int64(7), np.int64(2), np.int64(41), np.int64(56), np.int64(31), np.int64(55), np.int64(3), np.int64(26), np.int64(49), np.int64(23), np.int64(22), np.int64(50), np.int64(37), np.int64(56), np.int64(44), np.int64(17), np.int64(61), np.int64(43), np.int64(36), np.int64(61), np.int64(44), np.int64(54), np.int64(44), np.int64(48), np.int64(28), np.int64(20), np.int64(38), np.int64(33)]",False,False,0.0,0.0,"[14 12 45 30 11 45 47  4 18 18 60 11 11 45 11 11 48 41 11 14 21 11 62 59
 62 49 49 49 53 49 11 18 41 12 18 11 12 62 49 41 48 11 62 48 12 11 11 11
 11 11 60 47 11 11 62  4 35 11 59 11 11 30 11 41]","[12 12 45 53 11 45 47 35 18 18 60 11 11 45 11 11 48 47 11 14 21 11 62 12
 62 49 49 49 46 18 11 18 41 45 18 11 12 62 49 41 48 11 62 48 12 11 11 11
 11 11 60 47 11 11 62  4 35 11 59 11 11 30 11 41]",True,True,0.78125,1.0,"[14 12 45 53 11  4 47 35 18 18 60 11 11 45 11 11 48 47 11 14 12 11 62 12
 62 49 49 49 46 18 11 18 41 12 18 11 12 62 49 41 48 11 62 48 12 11 11 11
 11 11 60 47 11 11 62 60 35 11 59 11 11 30 11 41]","[14 12 45 53 11  4 47 35 18 18 60 11 11 45 11 11 48 14 11 14 48 11 62 12
 62 49 49 49 46 18 11 18 41 12 18 11 12 62 60 41 48 11 62 48 12 11 11 11
 11 11 60 47 11 11 62  4 35 11 59 11 11 48 11 41]",True,True,0.828125,1.0,0.04,1.0,1.0,1,1,25,0.04,1.0,1.0,1,1,25,1.0,0.0,0.0,25,0,0,1.0,0.0,0.0,25,0,0,1.0,1.0,1.0,25,25,25,1.0,1.0,1.0,25,25,25,1.0,1.0,1.0,25,25,25,1.0,1.0,1.0,25,25,25
[1.00049988 0.         0.500999   ... 0.         0.70781353 0.        ],"[ 5 43 63 24 43 24 56 23 23 43 63 37 47 43 59 63  0 24 63 47  5 55 55 24
 24 24 47 63  5  5 55 57 43 43 17 23 24 24 45 24  5 47 56 24 53 57 23 24
 17 17 56 56 55 24 43 24 24 24 63 24 17 43 55 24]","[ 5 43 63 24 43 24 56 37 23 43 63 37 47 43 25 63  0 24 63 47  5 63 55 24
 24 24 47 63 63  5 55 57  5 63 47 57 24 24 45 24  5 47 56 24 53 57 23 24
 37 17  5 56 37 24 43 24 24 24 63 24 17 43 63 24]",True,True,1.0,1.0,"[np.int64(2), np.int64(34), np.int64(35), np.int64(22), np.int64(12), np.int64(33), np.int64(11), np.int64(2), np.int64(45), np.int64(18), np.int64(32), np.int64(42), np.int64(61), np.int64(3), np.int64(14), np.int64(54), np.int64(51), np.int64(60), np.int64(45), np.int64(39), np.int64(21), np.int64(1), np.int64(47), np.int64(12), np.int64(25), np.int64(8), np.int64(14), np.int64(51), np.int64(9), np.int64(61), np.int64(25), np.int64(23), np.int64(1), np.int64(34), np.int64(60), np.int64(55), np.int64(54), np.int64(30), np.int64(31), np.int64(55), np.int64(27), np.int64(51), np.int64(10), np.int64(37), np.int64(18), np.int64(7), np.int64(60), np.int64(22), np.int64(15), np.int64(9), np.int64(42), np.int64(40), np.int64(15), np.int64(16), np.int64(6), np.int64(0), np.int64(61), np.int64(25), np.int64(26), np.int64(53), np.int64(48), np.int64(16), np.int64(2), np.int64(31)]","[np.int64(45), np.int64(46), np.int64(25), np.int64(11), np.int64(44), np.int64(21), np.int64(8), np.int64(34), np.int64(16), np.int64(10), np.int64(58), np.int64(30), np.int64(20), np.int64(16), np.int64(23), np.int64(14), np.int64(30), np.int64(60), np.int64(16), np.int64(58), np.int64(39), np.int64(6), np.int64(5), np.int64(56), np.int64(47), np.int64(51), np.int64(44), np.int64(56), np.int64(0), np.int64(9), np.int64(35), np.int64(15), np.int64(26), np.int64(31), np.int64(27), np.int64(3), np.int64(28), np.int64(22), np.int64(52), np.int64(36), np.int64(52), np.int64(11), np.int64(1), np.int64(25), np.int64(20), np.int64(53), np.int64(11), np.int64(15), np.int64(45), np.int64(49), np.int64(20), np.int64(42), np.int64(59), np.int64(21), np.int64(31), np.int64(14), np.int64(53), np.int64(45), np.int64(57), np.int64(7), np.int64(5), np.int64(20), np.int64(44), np.int64(48)]",False,False,0.0,0.0,"[57 43 63 24 43 24 56 23 23 43 63 37 43 43 59 63  0 24 63 47  5 55 55 24
 24 24 47 63 63  5 37 57  5 43 17 23 24 24 45 24  5 47 56 24 53 57 23 24
 37 17 23 56 37 24 43 24 24 24 63 24 17 43 55 24]","[ 5 43 63 24 43 24 56 37 23 43 63 55 47 43 25 47  0 24 63 47  5 55 55 24
 24 24 47 63  5  5 55 57  5 63 17 23 24 24 45 24  5 47 56 24 53 57 23 24
 37 17 56 56 55 24 43 24 24 24 63 24 17 43 55 24]",True,True,0.78125,1.0,"[ 5 43 63 24 43 24 56 55 23 43 63 37 47 43 59 63  0 24 63 47  5 63 55 24
 24 24 47 63  5  5 55 57  5 63 17 23 24 24 45 24  5 47 56 24 53 57 23 24
 37 17 56 63 55 24 43 24 24 24 63 24 17 43 55 24]","[ 5 43 63 24 43 24 56 55 23 43 63 37 47 43 25 47  0 24 63 47  5 55 55 24
 24 24 47 63 63  5 37 57  5 63 17 23 24 24 45 24  5 47 56 24 53 57 23 24
 37 17 23 56 55 24 43 24 24 24 63 24 17 43 63 24]",True,True,0.828125,1.0,0.04,1.0,1.0,1,1,25,0.04,1.0,1.0,1,1,25,1.0,0.0,0.0,25,0,0,1.0,0.0,0.0,25,0,0,1.0,0.64,0.64,25,16,16,1.0,1.0,1.0,25,25,25,1.0,0.72,0.72,25,18,18,1.0,1.0,1.0,25,25,25
[1.00049988 0.         0.500999   ... 0.         0.         0.        ],"[12 12 45 53 11 45 47 35 18 18 60 11 11 45 11 11 48 47 11 14 21 11 62 59
 62 49 49 49 53 49 11 18 41 47 18 11 12 62 49 41 48 11 62 48 12 11 11 11
 11 11 60 47 11 11 62  4 35 11 59 11 11 30 11 41]","[12 12 45 53 11  4 18  4 18 18 60 11 11 45 11 11 48 14 11 14 48 11 62 12
 62 49 49 49 18 18 11 18 41 12 18 11 12 62 60 41 48 11 62 48 12 11 11 11
 11 11 60 47 11 11 62  4 35 11 59 11 11 48 11 41]",True,True,1.0,1.0,"[np.int64(32), np.int64(58), np.int64(51), np.int64(7), np.int64(45), np.int64(50), np.int64(17), np.int64(11), np.int64(1), np.int64(46), np.int64(5), np.int64(29), np.int64(54), np.int64(24), np.int64(49), np.int64(59), np.int64(49), np.int64(17), np.int64(12), np.int64(7), np.int64(23), np.int64(61), np.int64(49), np.int64(48), np.int64(13), np.int64(33), np.int64(62), np.int64(51), np.int64(54), np.int64(62), np.int64(28), np.int64(34), np.int64(15), np.int64(51), np.int64(40), np.int64(42), np.int64(38), np.int64(6), np.int64(52), np.int64(50), np.int64(32), np.int64(55), np.int64(11), np.int64(37), np.int64(42), np.int64(26), np.int64(13), np.int64(32), np.int64(21), np.int64(41), np.int64(7), np.int64(0), np.int64(45), np.int64(53), np.int64(48), np.int64(27), np.int64(8), np.int64(39), np.int64(62), np.int64(19), np.int64(42), np.int64(4), np.int64(41), np.int64(7)]","[np.int64(40), np.int64(17), np.int64(9), np.int64(8), np.int64(40), np.int64(13), np.int64(44), np.int64(55), np.int64(62), np.int64(18), np.int64(23), np.int64(23), np.int64(22), np.int64(3), np.int64(61), np.int64(38), np.int64(28), np.int64(58), np.int64(29), np.int64(43), np.int64(2), np.int64(25), np.int64(12), np.int64(56), np.int64(46), np.int64(22), np.int64(33), np.int64(52), np.int64(62), np.int64(53), np.int64(28), np.int64(47), np.int64(1), np.int64(18), np.int64(17), np.int64(30), np.int64(13), np.int64(55), np.int64(16), np.int64(38), np.int64(15), np.int64(8), np.int64(16), np.int64(40), np.int64(63), np.int64(40), np.int64(33), np.int64(53), np.int64(48), np.int64(6), np.int64(25), np.int64(14), np.int64(61), np.int64(51), np.int64(12), np.int64(44), np.int64(37), np.int64(12), np.int64(1), np.int64(3), np.int64(38), np.int64(33), np.int64(29), np.int64(20)]",False,False,0.0,0.0,"[12 12 45 53 11 45 47  4 18 18 60 11 11 45 11 11 48 14 11 14 21 11 62 12
 62 49 49 49 46 18 11 18 41 12 18 11 12 62 60 41 48 11 62 48 12 11 11 11
 11 11 60 47 11 11 62  4 35 11 59 11 11 14 11 41]","[12 12 45 30 11  4 47 35 18 18 60 11 11 45 11 11 48 14 11 14 21 11 62 12
 62 49 49 49 53 18 11 18 41 47 18 11 12 62 60 41 48 11 62 48 12 11 11 11
 11 11 60 47 11 11 62  4 35 11 59 11 11 14 11 41]",True,True,0.78125,1.0,"[12 12 45 53 11  4 49 35 18 18 60 11 11 45 11 11 48 53 11 14 21 11 62 59
 62 49 49 49 53 49 11 18 41 45 18 11 12 62 49 41 48 11 62 48 12 11 11 11
 11 11 60 47 11 11 62  4 35 11 59 11 11 30 11 41]","[12 12 45 53 11 45 47  4 18 18 60 11 11 45 11 11 48 47 11 14 21 11 62 59
 62 49 49 49 46 18 11 18 41 12 18 11 12 62 60 41 48 11 62 48 12 11 11 11
 11 11 60 47 11 11 62  4 35 11 59 11 11 48 11 41]",True,True,0.828125,1.0,0.04,1.0,1.0,1,1,25,0.04,1.0,1.0,1,1,25,1.0,0.0,0.0,25,0,0,1.0,0.0,0.0,25,0,0,1.0,1.0,1.0,25,25,25,1.0,1.0,1.0,25,25,25,1.0,1.0,1.0,25,25,25,1.0,1.0,1.0,25,25,25
[0.         0.         0.         ... 1.00049988 0.         0.        ],"[27 11 16 54 62 16 60 16 16 16 62 16 60 16 16 16 16 16 20 14 16 27 27 27
 54 59 11 16 62 13 11 54 61 60 16 54 62 17 15 13 27  9 13 60  7 11  7 20
 27 20 61 54 62 56 16 54 16 11 14 16 16 16 16  9]","[27 11 16 54 27 16 60 16 16 16 62 16 60 16 16 16 16 16 20 14 16 27 27 27
 54 59 11 16 62 61 11 61 61 60 16 62 62 17  8 13 61  9 13  8 61 11 13 20
 27 20 61  9 62 56 16 20 16 11  9 16 16 16 16  9]",True,True,1.0,1.0,"[np.int64(49), np.int64(40), np.int64(51), np.int64(42), np.int64(41), np.int64(39), np.int64(49), np.int64(49), np.int64(58), np.int64(20), np.int64(25), np.int64(47), np.int64(36), np.int64(63), np.int64(16), np.int64(16), np.int64(47), np.int64(42), np.int64(41), np.int64(16), np.int64(5), np.int64(56), np.int64(41), np.int64(21), np.int64(12), np.int64(49), np.int64(60), np.int64(21), np.int64(13), np.int64(17), np.int64(21), np.int64(2), np.int64(40), np.int64(20), np.int64(2), np.int64(26), np.int64(54), np.int64(29), np.int64(18), np.int64(10), np.int64(20), np.int64(7), np.int64(20), np.int64(30), np.int64(50), np.int64(29), np.int64(19), np.int64(18), np.int64(24), np.int64(2), np.int64(27), np.int64(62), np.int64(21), np.int64(60), np.int64(21), np.int64(43), np.int64(33), np.int64(5), np.int64(48), np.int64(39), np.int64(20), np.int64(61), np.int64(59), np.int64(55)]","[np.int64(38), np.int64(20), np.int64(21), np.int64(14), np.int64(11), np.int64(38), np.int64(10), np.int64(60), np.int64(43), np.int64(10), np.int64(27), np.int64(61), np.int64(16), np.int64(46), np.int64(19), np.int64(37), np.int64(56), np.int64(12), np.int64(46), np.int64(18), np.int64(13), np.int64(52), np.int64(14), np.int64(53), np.int64(16), np.int64(55), np.int64(19), np.int64(33), np.int64(51), np.int64(46), np.int64(60), np.int64(62), np.int64(13), np.int64(42), np.int64(58), np.int64(21), np.int64(34), np.int64(57), np.int64(2), np.int64(3), np.int64(12), np.int64(24), np.int64(61), np.int64(5), np.int64(17), np.int64(47), np.int64(1), np.int64(25), np.int64(38), np.int64(35), np.int64(41), np.int64(53), np.int64(37), np.int64(3), np.int64(16), np.int64(15), np.int64(12), np.int64(41), np.int64(17), np.int64(40), np.int64(40), np.int64(46), np.int64(23), np.int64(19)]",False,False,0.0,0.0,"[27 11 16  2 27 16 60 16 16 16 62 16 60 16 16 16 16 16 20 14 16 27 27 27
 54 59 11 16 62 13 11  2 61 60 16  2 62 17 15 13 27  9 13 14  7 11  7  2
 27 20 61 54 62 56 16 54 16 11 14 16 16 16 16  9]","[27 11 16  2 62 16 60 16 16 16 62 16 60 16 16 16 16 16 20 14 16 27 27 27
 54 59 11 16 62 13 11 54 61 60 16  2 62 17 15 13 27  9 13  8  7 11 13  2
 27 20 61  9 62 56 16 20 16 11  9 16 16 16 16  9]",True,True,0.78125,1.0,"[27 11 16  2 62 16 60 16 16 16 62 16 60 16 16 16 16 16 20 14 16 27 27 27
 54 59 11 16 62 13 11  2 61 60 16 54 62 17  8 13 27  9 13  8  7 11 13 20
 27 20 61  9 62 56 16 20 16 11 14 16 16 16 16  9]","[27 11 16 54 27 16 60 16 16 16 62 16 60 16 16 16 16 16 20 14 16 27 27 27
 54 59 11 16 62 13 11 54 61 60 16 54 62 17  8 13 61  9 13  8 61 11  7  2
 27 20 61  9 62 56 16 20 16 11  9 16 16 16 16  9]",True,True,0.828125,1.0,0.04,1.0,1.0,1,1,25,0.04,1.0,1.0,1,1,25,1.0,0.0,0.0,25,0,0,1.0,0.0,0.0,25,0,0,1.0,1.0,1.0,25,25,25,1.0,1.0,1.0,25,25,25,1.0,1.0,1.0,25,25,25,1.0,1.0,1.0,25,25,25
[1.00049988 0.         0.         ... 0.         1.00049988 0.        ],"[61 11  4 45 60 11 13 45 24 24 24 43 24 60 45 45 11 11 11 24 60 60 60 45
 43 60 45 10 11 13 24 11 11 60 12 56 24 43 37 60 11 61 37 43 24 43 24 60
  9 24 60 24 16 11 11 19 60 37 11 60 43 45 60  4]","[61 11  4 45 60 11 13 45 24 24 24 43 24 60 45 45 11 11 11 24 60 60 60 45
 43 60 45 12 11 13 24 11 11 60 12 56 24 43 37 60 11 61 37 43 24 43 24 60
  9 24 60 24 30 11 11 53 60 37 11 60 43 45 60  4]",True,True,1.0,1.0,"[np.int64(52), np.int64(26), np.int64(43), np.int64(44), np.int64(26), np.int64(42), np.int64(43), np.int64(10), np.int64(58), np.int64(21), np.int64(44), np.int64(0), np.int64(2), np.int64(33), np.int64(3), np.int64(12), np.int64(7), np.int64(39), np.int64(15), np.int64(27), np.int64(28), np.int64(50), np.int64(14), np.int64(14), np.int64(55), np.int64(0), np.int64(23), np.int64(15), np.int64(13), np.int64(2), np.int64(22), np.int64(54), np.int64(27), np.int64(34), np.int64(13), np.int64(50), np.int64(38), np.int64(52), np.int64(35), np.int64(0), np.int64(17), np.int64(18), np.int64(63), np.int64(6), np.int64(41), np.int64(21), np.int64(35), np.int64(27), np.int64(50), np.int64(34), np.int64(12), np.int64(19), np.int64(17), np.int64(48), np.int64(2), np.int64(40), np.int64(61), np.int64(14), np.int64(22), np.int64(59), np.int64(8), np.int64(50), np.int64(41), np.int64(15)]","[np.int64(15), np.int64(12), np.int64(41), np.int64(62), np.int64(48), np.int64(3), np.int64(21), np.int64(25), np.int64(13), np.int64(22), np.int64(22), np.int64(21), np.int64(20), np.int64(27), np.int64(46), np.int64(23), np.int64(19), np.int64(4), np.int64(29), np.int64(34), np.int64(23), np.int64(11), np.int64(36), np.int64(44), np.int64(59), np.int64(28), np.int64(38), np.int64(48), np.int64(56), np.int64(31), np.int64(34), np.int64(41), np.int64(51), np.int64(42), np.int64(48), np.int64(36), np.int64(5), np.int64(18), np.int64(28), np.int64(49), np.int64(60), np.int64(16), np.int64(31), np.int64(56), np.int64(14), np.int64(62), np.int64(19), np.int64(1), np.int64(4), np.int64(14), np.int64(32), np.int64(27), np.int64(42), np.int64(19), np.int64(34), np.int64(33), np.int64(41), np.int64(15), np.int64(21), np.int64(24), np.int64(38), np.int64(30), np.int64(6), np.int64(45)]",False,False,0.0,0.0,"[61 11 16 45 60 11 13 45 24 11 24 43 24 60 45 45 11 11 11 24 60 60 60 45
 43 60 45 10 11 14 24 11 11 60 12 56 24 43 37 60 11 61 37 43 11 43 24 60
 23 24 60 11 53 11 11 53 60 37 11 60 43 45 60  4]","[61 11  4 45 60 11 13 45 24 11 24 43 24 60 45 45 11 11 11 24 60 60 60 45
 43 60 45 12 11 13 24 11 11 60 58 56 24 43 37 60 11 61 37 43 11 43 24 60
 23 24 60 11 53 11 11 53 60 37 11 60 43 45 60  4]",False,True,0.78125,1.0,"[33 11  4 45 60 11 13 45 24 11 24 43 24 60 45 45 11 11 11 24 60 60 60 45
 43 60 45 12 11 13 24 11 11 60 12 56 24 43 37 60 11 33 37 43 24 43 24 60
 23 24 60 24 30 11 11 19 60 37 11 60 43 45 60  4]","[61 11  4 45 60 11 13 45 24 24 24 43 24 60 45 45 11 11 11 24 60 60 60 45
 43 60 45 12 11 13 24 11 11 60 12 56 24 43 37 60 11 61 37 43 11 43 24 60
  9 24 60 24 53 11 11 53 60 37 11 60 43 45 60  4]",True,True,0.828125,1.0,0.04,1.0,1.0,1,1,25,0.04,1.0,1.0,1,1,25,1.0,0.0,0.0,25,0,0,1.0,0.0,0.0,25,0,0,1.0,0.0,0.0,25,0,0,1.0,1.0,1.0,25,25,25,1.0,0.0,0.0,25,0,0,1.0,1.0,1.0,25,25,25
[0.         0.         0.         ... 0.70781353 1.00049988 0.        ],"[61 41 41 32 59 41 14 41 23 41  5 32 41  1 41 18  7 27 41 56 18 23 59 41
 23 59 23 41 32 32 51 27 41 27 51 51 57 32 14 59 32 41  5 32 12 23 23 41
 18 18 51 41  8 23 51  9 41 41  7 41 12 41 23 41]","[ 5 41 41 32  5 41 23 41 23 41  5 23 41 18 41 18  7 27 41 14 18 23 59 41
 23 59 23 41 32 32  7 27 41 27  7 51 57 23 14 59 32 41  5 32 12 23 23 41
 18 18 51 41  8 23  7 56 41 41  7 41 23 41 23 41]",True,True,1.0,1.0,"[np.int64(54), np.int64(35), np.int64(41), np.int64(19), np.int64(26), np.int64(34), np.int64(13), np.int64(18), np.int64(36), np.int64(3), np.int64(6), np.int64(29), np.int64(63), np.int64(5), np.int64(40), np.int64(18), np.int64(17), np.int64(39), np.int64(17), np.int64(46), np.int64(9), np.int64(38), np.int64(59), np.int64(50), np.int64(49), np.int64(18), np.int64(5), np.int64(17), np.int64(49), np.int64(27), np.int64(61), np.int64(52), np.int64(4), np.int64(34), np.int64(53), np.int64(22), np.int64(46), np.int64(23), np.int64(1), np.int64(19), np.int64(9), np.int64(18), np.int64(38), np.int64(28), np.int64(20), np.int64(63), np.int64(56), np.int64(32), np.int64(10), np.int64(43), np.int64(11), np.int64(39), np.int64(59), np.int64(10), np.int64(53), np.int64(16), np.int64(28), np.int64(46), np.int64(17), np.int64(44), np.int64(39), np.int64(19), np.int64(21), np.int64(55)]","[np.int64(57), np.int64(60), np.int64(16), np.int64(36), np.int64(28), np.int64(1), np.int64(41), np.int64(32), np.int64(55), np.int64(18), np.int64(25), np.int64(31), np.int64(3), np.int64(43), np.int64(56), np.int64(50), np.int64(3), np.int64(49), np.int64(27), np.int64(44), np.int64(15), np.int64(58), np.int64(24), np.int64(46), np.int64(13), np.int64(49), np.int64(3), np.int64(13), np.int64(13), np.int64(12), np.int64(24), np.int64(46), np.int64(29), np.int64(35), np.int64(42), np.int64(36), np.int64(13), np.int64(45), np.int64(57), np.int64(34), np.int64(50), np.int64(4), np.int64(13), np.int64(19), np.int64(12), np.int64(6), np.int64(10), np.int64(27), np.int64(62), np.int64(62), np.int64(52), np.int64(27), np.int64(5), np.int64(6), np.int64(22), np.int64(22), np.int64(15), np.int64(4), np.int64(41), np.int64(28), np.int64(27), np.int64(4), np.int64(15), np.int64(10)]",False,False,0.0,0.0,"[61 41 41 32 59 41 14 41 23 41  5 32 41  1 41 18  7 27 41 56 18 23 59 41
 23 59 23 41 32 32 51 27 41 27 51 51 57 32 14 59 32 41  5 32 12 23 23 41
 18 18 51 41  8 23  7  9 41 41  7 41 12 41 23 41]","[61 41 41 32 59 41 14 41 23 41  5 32 41  1 41 18  7 27 41 47 18 23 59 41
 23 59 23 41 32 32 51 27 41 27 51 51 57 32 14 59 32 41  5 32 12 23 23 41
 18 18 51 41  8 23  7 56 41 41  7 41 12 41 23 41]",True,True,0.78125,1.0,"[ 5 41 41 32  5 41 14 41 23 41  5 14 41  1 41 18  7 27 41 47 18 23 59 41
 23 59 23 41 32 32 51 27 41 27 51 51 57 32 14 59 32 41  5 59 12 23 23 41
 18 18 51 41  8 23 51 57 41 41  7 41 12 41 23 41]","[61 41 41 32  5 41 14 41 23 41  5 32 41  1 41 18  7 27 41 56 18 23 59 41
 23 59 23 41 32 32 51 12 41 27  7 51 57 32 14 59 32 41  5 32 12 23 23 41
 18 18 51 41  8 23 51 56 41 41  7 41 12 41 23 41]",True,True,0.828125,1.0,0.04,1.0,1.0,1,1,25,0.04,1.0,1.0,1,1,25,1.0,0.0,0.0,25,0,0,1.0,0.0,0.0,25,0,0,1.0,1.0,1.0,25,25,25,0.96,1.0,1.0,24,24,25,1.0,0.88,0.88,25,22,22,1.0,1.0,1.0,25,25,25
[1.00049988 0.         0.500999   ... 0.         0.70781353 0.        ],"[ 5 43 63 24 43 24 56 23 23 43 63 37 47 43 59 63  0 24 63 47  5 55 55 24
 24 24 47 63  5  5 55 57 43 43 17 23 24 24 45 24  5 47 56 24 53 57 23 24
 17 17 56 56 55 24 43 24 24 24 63 24 17 43 55 24]","[ 5 43 63 24 43 24 56 37 23 43 63 37 47 43 25 63  0 24 63 47  5 63 55 24
 24 24 47 63 63  5 55 57  5 63 47 57 24 24 45 24  5 47 56 24 53 57 23 24
 37 17  5 56 37 24 43 24 24 24 63 24 17 43 63 24]",True,True,1.0,1.0,"[np.int64(13), np.int64(18), np.int64(29), np.int64(14), np.int64(10), np.int64(38), np.int64(37), np.int64(42), np.int64(59), np.int64(8), np.int64(19), np.int64(43), np.int64(49), np.int64(48), np.int64(34), np.int64(50), np.int64(53), np.int64(61), np.int64(57), np.int64(5), np.int64(40), np.int64(29), np.int64(38), np.int64(43), np.int64(11), np.int64(55), np.int64(59), np.int64(45), np.int64(35), np.int64(57), np.int64(30), np.int64(63), np.int64(15), np.int64(34), np.int64(3), np.int64(32), np.int64(30), np.int64(43), np.int64(49), np.int64(0), np.int64(34), np.int64(28), np.int64(49), np.int64(19), np.int64(14), np.int64(42), np.int64(36), np.int64(5), np.int64(48), np.int64(2), np.int64(52), np.int64(28), np.int64(6), np.int64(36), np.int64(49), np.int64(46), np.int64(42), np.int64(14), np.int64(42), np.int64(12), np.int64(10), np.int64(46), np.int64(48), np.int64(60)]","[np.int64(46), np.int64(62), np.int64(61), np.int64(4), np.int64(15), np.int64(48), np.int64(53), np.int64(57), np.int64(3), np.int64(31), np.int64(25), np.int64(55), np.int64(27), np.int64(62), np.int64(25), np.int64(28), np.int64(6), np.int64(56), np.int64(49), np.int64(63), np.int64(47), np.int64(29), np.int64(40), np.int64(47), np.int64(31), np.int64(44), np.int64(19), np.int64(55), np.int64(48), np.int64(8), np.int64(31), np.int64(41), np.int64(0), np.int64(40), np.int64(23), np.int64(44), np.int64(39), np.int64(56), np.int64(50), np.int64(43), np.int64(57), np.int64(27), np.int64(15), np.int64(10), np.int64(15), np.int64(2), np.int64(13), np.int64(61), np.int64(2), np.int64(16), np.int64(33), np.int64(10), np.int64(13), np.int64(0), np.int64(19), np.int64(20), np.int64(4), np.int64(23), np.int64(40), np.int64(47), np.int64(3), np.int64(59), np.int64(30), np.int64(10)]",False,False,0.0,0.0,"[ 5 43 63 24 43 24 56 37 23 43 63 55 43 43 59 63 50 24 63 47  5 55 55 24
 24 24 47 63 63  5 55 57 43 63 17 23 24 24 45 24  5 47 56 24 53 57 23 24
 23 17 23 56 37 24 43 24 24 24 63 24 17 43 55 24]","[57 43 63 24 43 24 56 37 23 43 63 55 47 43 25 63  0 24 63 47  5 55 55 24
 24 24 47 63  5  5 37 57  5 63 17 23 24 24 45 24  5 47 56 24 53 57 23 24
 37 17 23 56 55 24 43 24 24 24 63 24 17 43 55 24]",False,True,0.78125,1.0,"[ 5 43 63 24 43 24 56 23 23 43 63 37 43 43 59 47  0 24 63 47  5 55 55 24
 24 24 47 63  5  5 55 57 43 43 17 23 24 24 45 24  5 47 56 24 53 57 23 24
 17 17 56 56 37 24 43 24 24 24 63 24 17 43 55 24]","[ 5 43 63 24 43 24 56 55 23 43 63 55 47 43 25 63  0 24 63 47  5 63 55 24
 24 24 47 63  5  5 55 57  5 43 17 23 24 24 45 24  5 47 56 24 53 57 23 24
 37 17 56 56 55 24 43 24 24 24 63 24 17 43 63 24]",True,True,0.828125,1.0,0.04,1.0,1.0,1,1,25,0.04,1.0,1.0,1,1,25,1.0,0.0,0.0,25,0,0,1.0,0.0,0.0,25,0,0,1.0,0.84,0.84,25,21,21,1.0,1.0,1.0,25,25,25,1.0,0.76,0.76,25,19,19,1.0,1.0,1.0,25,25,25
[0.500999   0.         0.         ... 0.         0.70781353 0.        ],"[26 63 24 63  9 14 63 26 23 63 63 17 17 63 63 34 13 63 17 63 23 13 53 63
 63 24 63 26 32  9 63 63 63 63 63 32 39 33 26 63 14 17 33 23 34 24 39 14
 26 62 33 63 51 23 30 32 63 26 62  6 17 34 63 63]","[34 63 24 63  9 34 63 13 23 63 63 17 17 63 63 34 13 63 24 63 23 13 53 63
 63 24 63 39 32  9 63 63 63 63 63 32 39 33 26 63 51 17 33 23 34 24 39 14
 13 62 34 63 51 23 30 32 63 26  6  6 17 34 63 63]",True,True,1.0,1.0,"[np.int64(8), np.int64(21), np.int64(46), np.int64(56), np.int64(24), np.int64(24), np.int64(39), np.int64(3), np.int64(25), np.int64(21), np.int64(47), np.int64(40), np.int64(62), np.int64(43), np.int64(2), np.int64(5), np.int64(5), np.int64(15), np.int64(7), np.int64(12), np.int64(1), np.int64(19), np.int64(42), np.int64(24), np.int64(23), np.int64(27), np.int64(58), np.int64(31), np.int64(45), np.int64(27), np.int64(47), np.int64(43), np.int64(0), np.int64(44), np.int64(48), np.int64(1), np.int64(17), np.int64(15), np.int64(12), np.int64(36), np.int64(48), np.int64(13), np.int64(62), np.int64(9), np.int64(19), np.int64(37), np.int64(63), np.int64(13), np.int64(6), np.int64(6), np.int64(44), np.int64(1), np.int64(52), np.int64(48), np.int64(56), np.int64(7), np.int64(44), np.int64(17), np.int64(31), np.int64(27), np.int64(34), np.int64(2), np.int64(60), np.int64(43)]","[np.int64(57), np.int64(44), np.int64(38), np.int64(61), np.int64(6), np.int64(16), np.int64(15), np.int64(25), np.int64(37), np.int64(58), np.int64(29), np.int64(57), np.int64(50), np.int64(14), np.int64(1), np.int64(50), np.int64(36), np.int64(25), np.int64(14), np.int64(23), np.int64(17), np.int64(55), np.int64(38), np.int64(57), np.int64(50), np.int64(42), np.int64(7), np.int64(17), np.int64(11), np.int64(17), np.int64(49), np.int64(42), np.int64(25), np.int64(53), np.int64(2), np.int64(19), np.int64(3), np.int64(50), np.int64(52), np.int64(47), np.int64(56), np.int64(4), np.int64(4), np.int64(48), np.int64(37), np.int64(27), np.int64(49), np.int64(24), np.int64(9), np.int64(31), np.int64(18), np.int64(31), np.int64(19), np.int64(17), np.int64(15), np.int64(35), np.int64(32), np.int64(59), np.int64(60), np.int64(27), np.int64(39), np.int64(34), np.int64(19), np.int64(40)]",False,False,0.0,0.0,"[26 63 24 63  9 34 63 13 23 63 63 17 17 63 63 34 13 63 17 63 23 13 53 63
 63 24 63 39 32  9 63 63 63 63 63 32 39 33 26 63 51 17 33 23 34 24 39 14
 26 62 33 63 51 23 30 32 63 26 62  9 17 34 63 63]","[39 63 24 63  9 34 63 26 23 63 63 17 17 63 63 34 13 63 24 63 23 13 53 63
 63 24 63 26 23  9 63 63 63 63 63 32 39 33 26 63 14 17 33 23 34 24 39 14
 26 62 34 63 51 23 30 32 63 26 62  6 17  6 63 63]",True,True,0.78125,1.0,"[39 63 24 63  9 14 63 13 23 63 63 17 17 63 63 34 13 63 17 63 23 13 53 63
 63 24 63 39 23  9 63 63 63 63 63 32 39 13 26 63 51 17 13 23 34 24 39 14
 13 62 33 63 23 23 30 32 63 26  6  9 17  6 63 63]","[26 63 24 63  9 14 63 26 23 63 63 17 17 63 63 34 13 63 17 63 23 13 53 63
 63 24 63  6 23  9 63 63 63 63 63 32  9 33 26 63 14 17 33 23 34 24 39 14
 13 62 33 63 51 23 30 32 63 26  6  9 17 34 63 63]",True,True,0.828125,1.0,0.04,1.0,1.0,1,1,25,0.04,1.0,1.0,1,1,25,1.0,0.0,0.0,25,0,0,1.0,0.0,0.0,25,0,0,1.0,1.0,1.0,25,25,25,1.0,1.0,1.0,25,25,25,1.0,0.96,0.96,25,24,24,1.0,1.0,1.0,25,25,25
[0.         0.         0.70781353 ... 0.         0.         0.        ],"[54 57 54 24 24 35 57 24 57 54 20 53 24 24 48 54 46 32 28 20 20 57 57 57
 20 53 57 54 20 32 37 20 20 57 24 20 54 20 28 20 24 28 48 57 35 31 20 24
 20 57 39 54 46 20 20 46 31 20 28 20 53 46 20 53]","[54 57 54 24 24 19 57 24 57 54 20 53 48 24 48 54 46 32 28 20 20 57 57 57
 20 53 57 46 20 32 54 20 20 57 24 20 54 20 28 20 24 28 48 57 35 28 20 54
 20 57 39 54 46 20 20 28 31 20 28 20 53 46 20 53]",True,True,1.0,1.0,"[np.int64(27), np.int64(52), np.int64(42), np.int64(61), np.int64(54), np.int64(28), np.int64(62), np.int64(35), np.int64(57), np.int64(24), np.int64(2), np.int64(18), np.int64(1), np.int64(5), np.int64(42), np.int64(31), np.int64(4), np.int64(35), np.int64(2), np.int64(43), np.int64(15), np.int64(6), np.int64(11), np.int64(62), np.int64(3), np.int64(13), np.int64(16), np.int64(7), np.int64(26), np.int64(51), np.int64(9), np.int64(3), np.int64(33), np.int64(18), np.int64(37), np.int64(29), np.int64(29), np.int64(32), np.int64(8), np.int64(41), np.int64(7), np.int64(5), np.int64(10), np.int64(3), np.int64(7), np.int64(10), np.int64(37), np.int64(49), np.int64(63), np.int64(9), np.int64(14), np.int64(13), np.int64(1), np.int64(55), np.int64(26), np.int64(36), np.int64(57), np.int64(20), np.int64(36), np.int64(25), np.int64(54), np.int64(12), np.int64(50), np.int64(10)]","[np.int64(63), np.int64(22), np.int64(30), np.int64(59), np.int64(14), np.int64(55), np.int64(44), np.int64(7), np.int64(60), np.int64(49), np.int64(60), np.int64(11), np.int64(33), np.int64(9), np.int64(59), np.int64(54), np.int64(32), np.int64(3), np.int64(38), np.int64(11), np.int64(8), np.int64(23), np.int64(20), np.int64(30), np.int64(10), np.int64(9), np.int64(20), np.int64(46), np.int64(49), np.int64(11), np.int64(12), np.int64(59), np.int64(23), np.int64(40), np.int64(48), np.int64(46), np.int64(29), np.int64(33), np.int64(10), np.int64(34), np.int64(27), np.int64(52), np.int64(50), np.int64(11), np.int64(3), np.int64(4), np.int64(50), np.int64(19), np.int64(53), np.int64(29), np.int64(16), np.int64(42), np.int64(48), np.int64(10), np.int64(36), np.int64(38), np.int64(58), np.int64(12), np.int64(19), np.int64(36), np.int64(51), np.int64(17), np.int64(7), np.int64(10)]",False,False,0.0,0.0,"[54 57 54 24 24 35 57 24 57 54 20 53 24 24 48 54 46 32 28 20 20 57 48 57
 20 53 57 46 20 32 37 20 20 57 24 20 54 20 28 20 24 28 48 57 35 31 20 54
 20 57 39 54 46 20 20 46 31 20 24 20 53 46 20 53]","[54 57 54 24 24 53 57 24 57 54 20 53 48 24 48 57 46 32 28 20 20 57 48 57
 20 53 57 46 20 32 37 20 20 57 24 20 54 20 28 20 24 28 48 57 35 62 20 54
 20 57 39 54 46 20 20 48 31 20 28 20 53 46 20 53]",True,True,0.78125,1.0,"[54 57 54 24 24 53 57 24 57 54 20 53 48 24 48 54 46 32 28 20 20 57 57 28
 20 53 57 46 20 32 37 20 20 57 24 20 54 20 28 20 24 28 48 24 35 31 20 24
 20 57 39 54 54 20 20 48 31 20 28 20 53 46 20 53]","[54 57 54 24 24 53 57 24 57 54 20 53 48 24 48 54 46 32 28 20 20 57 57 57
 20 53 57 46 20 32 54 20 20 57 24 20 54 20 28 20 24 28 48 24 35 62 20 54
 20 57 39 54 46 20 20 48 31 20 24 20 53 46 20 53]",True,True,0.828125,1.0,0.04,1.0,1.0,1,1,25,0.04,1.0,1.0,1,1,25,1.0,0.0,0.0,25,0,0,1.0,0.0,0.0,25,0,0,1.0,1.0,1.0,25,25,25,1.0,1.0,1.0,25,25,25,1.0,1.0,1.0,25,25,25,1.0,1.0,1.0,25,25,25
[1.00049988 0.         0.500999   ... 0.         0.70781353 1.00049988],"[28 28 27 48 36  7 28 28 27 44 60 16 27 19 28 28 28 55 36 28 16 16 55 58
 60 58 48 28 28 44 19 19 36 43 48 48 28 43 58 55 28 43 27 28 28 60 48 19
 28 44 58 16 55 43 16 28 36 44 28 55 28 16 55 36]","[28 28  1 48 36  7 28 28  1 44 48 16 27 19 28 28 28 16 36 28 16 16 55 58
 48 58 48 28 28 44 19 19 55 43 44 44 28 58 58 55 28 43 27 28 28 43 48 19
 28 44 58 16 55 43 16 28 36 44 28 55 28 16 55 36]",True,True,1.0,1.0,"[np.int64(35), np.int64(45), np.int64(7), np.int64(57), np.int64(9), np.int64(25), np.int64(44), np.int64(3), np.int64(20), np.int64(22), np.int64(44), np.int64(11), np.int64(7), np.int64(24), np.int64(61), np.int64(11), np.int64(17), np.int64(23), np.int64(45), np.int64(37), np.int64(5), np.int64(33), np.int64(52), np.int64(56), np.int64(0), np.int64(15), np.int64(37), np.int64(28), np.int64(34), np.int64(12), np.int64(60), np.int64(14), np.int64(43), np.int64(20), np.int64(47), np.int64(46), np.int64(11), np.int64(14), np.int64(52), np.int64(54), np.int64(60), np.int64(10), np.int64(17), np.int64(13), np.int64(49), np.int64(48), np.int64(61), np.int64(2), np.int64(12), np.int64(3), np.int64(36), np.int64(35), np.int64(31), np.int64(25), np.int64(62), np.int64(12), np.int64(61), np.int64(30), np.int64(46), np.int64(32), np.int64(11), np.int64(9), np.int64(51), np.int64(19)]","[np.int64(23), np.int64(57), np.int64(28), np.int64(19), np.int64(15), np.int64(14), np.int64(49), np.int64(45), np.int64(1), np.int64(50), np.int64(8), np.int64(33), np.int64(4), np.int64(2), np.int64(19), np.int64(37), np.int64(21), np.int64(41), np.int64(45), np.int64(32), np.int64(63), np.int64(7), np.int64(63), np.int64(4), np.int64(7), np.int64(34), np.int64(48), np.int64(42), np.int64(35), np.int64(4), np.int64(16), np.int64(16), np.int64(16), np.int64(47), np.int64(44), np.int64(7), np.int64(44), np.int64(59), np.int64(34), np.int64(17), np.int64(17), np.int64(41), np.int64(29), np.int64(12), np.int64(45), np.int64(44), np.int64(32), np.int64(44), np.int64(50), np.int64(58), np.int64(60), np.int64(4), np.int64(14), np.int64(15), np.int64(5), np.int64(20), np.int64(18), np.int64(63), np.int64(7), np.int64(50), np.int64(29), np.int64(61), np.int64(19), np.int64(43)]",False,False,0.0,0.0,"[28 28 27 48 43  7 28 28 27 44 48 16 27 60 28 28 28 16 36 28 16 16 55 58
 48 58 48 28 28 44 19 19 43 44 48 48 28 43 58 55 28 43 27 28 28 60 48 19
 28 44 58 16 55 43 16 28 36 44 28 55 28 16 55 36]","[28 28 27 48 36  7 28 28 27 44 60 16 27 19 28 28 28 16 36 28 16 16 55 58
 48 58 48 28 28 44 19 19 36 58 48 48 28 58 58 55 28 43 27 28 28 60 48 19
 28 44 58 16 55 43 16 28 36 44 28 55 28 16 55 36]",True,True,0.78125,1.0,"[28 28  1 48 36  7 28 28 27 44 48 16 27 19 28 28 28 16 36 28 16 16 55 58
 48 58 48 28 28 44 19 19 43 43 48 48 28 43 58 55 28 43 27 28 28 60 48 36
 28 44 58 16 55 43 16 28 36 44 28 55 28 16 55 43]","[28 28 27 48 43  7 28 28  1 44 60 16 27 60 28 28 28 55 36 28 16 16 55 58
 48 58 48 28 28 44 19 19 36 58 48 44 28 58 58 55 28 43 27 28 28 60 48 19
 28 44 58 16 55 43 16 28 36 44 28 55 28 16 55 36]",True,True,0.828125,1.0,0.04,1.0,1.0,1,1,25,0.04,1.0,1.0,1,1,25,1.0,0.0,0.0,25,0,0,1.0,0.0,0.0,25,0,0,1.0,1.0,1.0,25,25,25,1.0,1.0,1.0,25,25,25,1.0,0.88,0.88,25,22,22,1.0,1.0,1.0,25,25,25
[0.500999   0.500999   0.         ... 0.         0.         1.00049988],"[53 57 23 53 53 20 28 40 59 20 34 20 28 28 53 20 13 28 36 13 28 28 59 28
 13 40 36 57 28 20 21 24 28 20 28 17 28 28 34 23 28 16 20 53 13 20 34 53
 53 53 34 20 13 28 21 53 53 28 34 28 53 53  6  6]","[53 57 23 53 20 20 28 40 59 20 34 20 28 28 59 20 13 28 36 13 28 28 59 28
 13 40 36 57 28 20 21 24 28 59 28 23 28 28 34 23 28 16 20 59 13 20 34 53
 53 53  6 20 13 28 21 53 53 28 34 28 20 53  6  6]",True,True,1.0,1.0,"[np.int64(33), np.int64(49), np.int64(1), np.int64(32), np.int64(8), np.int64(7), np.int64(10), np.int64(63), np.int64(15), np.int64(27), np.int64(26), np.int64(43), np.int64(4), np.int64(46), np.int64(30), np.int64(16), np.int64(37), np.int64(63), np.int64(50), np.int64(42), np.int64(21), np.int64(28), np.int64(23), np.int64(47), np.int64(14), np.int64(42), np.int64(60), np.int64(37), np.int64(8), np.int64(51), np.int64(40), np.int64(25), np.int64(49), np.int64(13), np.int64(47), np.int64(18), np.int64(50), np.int64(24), np.int64(58), np.int64(15), np.int64(6), np.int64(37), np.int64(46), np.int64(59), np.int64(44), np.int64(31), np.int64(41), np.int64(34), np.int64(4), np.int64(18), np.int64(2), np.int64(34), np.int64(35), np.int64(16), np.int64(13), np.int64(57), np.int64(53), np.int64(43), np.int64(21), np.int64(6), np.int64(48), np.int64(19), np.int64(53), np.int64(18)]","[np.int64(31), np.int64(0), np.int64(9), np.int64(27), np.int64(40), np.int64(23), np.int64(32), np.int64(18), np.int64(24), np.int64(42), np.int64(16), np.int64(49), np.int64(57), np.int64(10), np.int64(41), np.int64(42), np.int64(35), np.int64(6), np.int64(56), np.int64(27), np.int64(61), np.int64(24), np.int64(14), np.int64(47), np.int64(37), np.int64(20), np.int64(18), np.int64(5), np.int64(56), np.int64(19), np.int64(29), np.int64(22), np.int64(17), np.int64(23), np.int64(40), np.int64(24), np.int64(14), np.int64(36), np.int64(28), np.int64(52), np.int64(31), np.int64(52), np.int64(35), np.int64(26), np.int64(38), np.int64(1), np.int64(4), np.int64(19), np.int64(51), np.int64(4), np.int64(19), np.int64(58), np.int64(35), np.int64(54), np.int64(60), np.int64(17), np.int64(1), np.int64(1), np.int64(29), np.int64(45), np.int64(62), np.int64(43), np.int64(51), np.int64(31)]",False,False,0.0,0.0,"[53 57 23 53 53 20 28 40 59 20 34 20 28 28 53 20 13 28 36 13 28 28 59 28
 13 40 36 57 28 20 21 24 28 20 28 17 28 28 34 23 28 58 20 59 13 20 34 53
 53 53 34 20 13 28 21 53 53 28 34 28 53 53  6  6]","[53 57 23 53 20 20 28 40 59 20 34 20 28 28 59 20 13 28 36 13 28 28 59 28
 13 40 36 57 28 20 21 24 28 59 28 17 28 28 34 23 28 24 20 59 13 20 34 53
 53 53  6 20 13 28 21 53 53 28 34 28 53 53  6  6]",False,True,0.78125,1.0,"[53 57 23 53 20 20 28 40 59 20 34 20 28 28 59 20 13 28 36 13 28 28 20 28
 13 40 36 57 28 20 21 24 28 59 28 32 28 28 34 23 28 16 20 53 13 20 34 53
 53 53  6 20 13 28 21 53 53 28 34 28 20 53  6  6]","[53 57 23 53 53 20 28 40 59 20 34 20 28 28 59 20 13 28 36 13 28 28 59 28
 13 40 36 57 28 20 21 24 28 59 28 32 28 28 34 23 28 49 20 59 13 20 34 53
 53 53 34 20 13 28 21 53 53 28 34 28 20 53  6  6]",True,True,0.828125,1.0,0.04,1.0,1.0,1,1,25,0.04,1.0,1.0,1,1,25,1.0,0.0,0.0,25,0,0,1.0,0.0,0.0,25,0,0,1.0,0.08,0.08,25,2,2,0.96,1.0,1.0,24,24,25,1.0,0.28,0.28,25,7,7,1.0,1.0,1.0,25,25,25
[1.00049988 0.         0.         ... 0.         0.         0.        ],"[46 39  9 34 47 34 25  9 41 47 41 18 46 63  4 25 18 34 47 41 43 39 45 34
 25 47 34 47  4  4 45 16 43 53 47 25  4 34 25 47 18 47 34 47  4 47 47 47
 27 47 46 63  4 47 27 41 27  4 45 45 39 34 46 47]","[46 39  9 34 47 34 25  9 41 47 41 18 46 53  4 25 18 34 47 41 43 39 39 34
 25 47 18 47  4  4  9 16 43 53 47 25 41 34 25 47 18 47 34 47  4 47 47 47
 18 47 25 41  4 47 27 41 27  4 39 46 39 34 46 47]",True,True,1.0,1.0,"[np.int64(26), np.int64(13), np.int64(40), np.int64(15), np.int64(4), np.int64(34), np.int64(2), np.int64(17), np.int64(35), np.int64(3), np.int64(4), np.int64(20), np.int64(23), np.int64(4), np.int64(54), np.int64(9), np.int64(46), np.int64(44), np.int64(60), np.int64(25), np.int64(27), np.int64(29), np.int64(28), np.int64(39), np.int64(11), np.int64(3), np.int64(12), np.int64(11), np.int64(22), np.int64(50), np.int64(42), np.int64(15), np.int64(50), np.int64(57), np.int64(22), np.int64(37), np.int64(5), np.int64(45), np.int64(16), np.int64(34), np.int64(7), np.int64(21), np.int64(53), np.int64(24), np.int64(5), np.int64(48), np.int64(28), np.int64(15), np.int64(27), np.int64(55), np.int64(45), np.int64(27), np.int64(52), np.int64(16), np.int64(49), np.int64(16), np.int64(12), np.int64(31), np.int64(7), np.int64(31), np.int64(60), np.int64(48), np.int64(16), np.int64(28)]","[np.int64(61), np.int64(35), np.int64(51), np.int64(59), np.int64(37), np.int64(51), np.int64(61), np.int64(10), np.int64(8), np.int64(4), np.int64(0), np.int64(9), np.int64(44), np.int64(61), np.int64(32), np.int64(34), np.int64(45), np.int64(56), np.int64(47), np.int64(46), np.int64(38), np.int64(51), np.int64(29), np.int64(7), np.int64(30), np.int64(43), np.int64(13), np.int64(41), np.int64(1), np.int64(22), np.int64(8), np.int64(6), np.int64(33), np.int64(44), np.int64(5), np.int64(59), np.int64(27), np.int64(23), np.int64(51), np.int64(6), np.int64(15), np.int64(46), np.int64(15), np.int64(7), np.int64(47), np.int64(10), np.int64(31), np.int64(25), np.int64(22), np.int64(33), np.int64(27), np.int64(63), np.int64(30), np.int64(51), np.int64(54), np.int64(49), np.int64(35), np.int64(16), np.int64(13), np.int64(46), np.int64(14), np.int64(37), np.int64(21), np.int64(21)]",False,False,0.0,0.0,"[46 27  9 34 47 34 25  9 41 47 41 18 46 63  4 25 18 34 47 41 43 39 43 34
 25 47 34 47  4  4  9 16 43 53 47 25  4 34 25 47 18 47 34 47  4 47 47 47
 27 47 46 63  4 47 27 41 27  4 27 43 39 34 46 47]","[46 39  9 34 47 34 25  9 41 47 41 18 53 53  4 25 18 34 47 41 43 39 43 34
 25 47 18 47  4  4  9 16 43 53 47 25 41 34 25 47 18 47 34 47  4 47 47 47
 27 47 25 63  4 47 27 41 27  4 45 46 53 34 46 47]",True,True,0.78125,1.0,"[46 27  9 34 47 34 25 27 41 47 41 18 53 53  4 25 18 34 47 41 43 39 43 34
 25 47 18 47  4  4  9 16 43 53 47 25 41 34 25 47 18 47 34 47  4 47 47 47
 27 47 46 63  4 47 27 41 27  4 45 43 39 34 46 47]","[46 39  9 34 47 34 25  9 41 47 41 18 46 53  4 25 18 34 47 41 43 39 45 34
 25 47 34 47  4  4  9 16 43 18 47 25  4 34 25 47 18 47 34 47  4 47 47 47
 27 47 46 63  4 47 27 41 34  4 45 46 39 34 46 47]",True,True,0.828125,1.0,0.04,1.0,1.0,1,1,25,0.04,1.0,1.0,1,1,25,1.0,0.0,0.0,25,0,0,1.0,0.0,0.0,25,0,0,1.0,0.96,0.96,25,24,24,1.0,1.0,1.0,25,25,25,1.0,0.6,0.6,25,15,15,1.0,1.0,1.0,25,25,25
[0.500999   0.         0.500999   ... 0.70781353 0.         0.        ],"[22 22 29 32 15 37 37 29 37 17 22 15 45 33 58 62 45 62 45 24 29 15 62 27
 62 15 37 62  2 62 24 32 62 62 37 33 32 62 29 24 37 37 32 15 15 62 45 22
 33 32 29 37 37 45 22 22 62  2 29 33 37 15 62 32]","[22 22 29 32 15 33 37 29 37 17 22 15 45 33 58 62 45 62 45 24 29 15 62 27
 62 15 37 62  2 62 24 32 62 62 37 33 32 62 29 24 15 37 32 15 33 62 33 22
 33 32 29 45 37 45 22 22 62  2 29 33 37 15 62 32]",True,True,1.0,1.0,"[np.int64(9), np.int64(53), np.int64(35), np.int64(47), np.int64(54), np.int64(46), np.int64(33), np.int64(15), np.int64(61), np.int64(44), np.int64(32), np.int64(28), np.int64(42), np.int64(39), np.int64(26), np.int64(32), np.int64(61), np.int64(12), np.int64(45), np.int64(42), np.int64(36), np.int64(60), np.int64(56), np.int64(18), np.int64(24), np.int64(32), np.int64(37), np.int64(35), np.int64(28), np.int64(5), np.int64(15), np.int64(16), np.int64(7), np.int64(51), np.int64(4), np.int64(41), np.int64(36), np.int64(3), np.int64(58), np.int64(4), np.int64(23), np.int64(14), np.int64(1), np.int64(63), np.int64(55), np.int64(6), np.int64(62), np.int64(14), np.int64(33), np.int64(49), np.int64(15), np.int64(29), np.int64(5), np.int64(51), np.int64(31), np.int64(53), np.int64(16), np.int64(2), np.int64(32), np.int64(51), np.int64(59), np.int64(44), np.int64(56), np.int64(15)]","[np.int64(1), np.int64(5), np.int64(4), np.int64(20), np.int64(4), np.int64(6), np.int64(24), np.int64(44), np.int64(6), np.int64(38), np.int64(48), np.int64(45), np.int64(16), np.int64(44), np.int64(56), np.int64(12), np.int64(55), np.int64(50), np.int64(13), np.int64(61), np.int64(30), np.int64(13), np.int64(1), np.int64(25), np.int64(8), np.int64(9), np.int64(6), np.int64(52), np.int64(25), np.int64(44), np.int64(61), np.int64(54), np.int64(44), np.int64(42), np.int64(30), np.int64(34), np.int64(18), np.int64(30), np.int64(35), np.int64(43), np.int64(25), np.int64(63), np.int64(28), np.int64(26), np.int64(56), np.int64(26), np.int64(44), np.int64(47), np.int64(4), np.int64(55), np.int64(42), np.int64(7), np.int64(61), np.int64(52), np.int64(45), np.int64(5), np.int64(16), np.int64(24), np.int64(22), np.int64(52), np.int64(45), np.int64(38), np.int64(4), np.int64(28)]",False,False,0.0,0.0,"[22 22 29 32 22 33 37 29 37 17 22 15 45 33 52 62 45 62 45 24 29 15 62 27
 62 24 22 62  6 62 24 32 62 62 37 33 32 62 29 24 37 37 32 15 33 62 45 22
 33 32 29 45 37 45 22 22 62  2 29 33 37 15 62 32]","[22 22 29 32 15 33 37 29 37 17 22 22 45 33 58 62 45 62 45 24 29 24 62 27
 62 15 22 62  2 62 24 32 62 62 37 33 32 62 29 24 15 37 32 15 33 62 33 22
 33 32 29 45 37 45 24 22 62  2 29 33 37 15 62 32]",False,True,0.78125,1.0,"[22 22 29 32 22 37 37 29 37 17 22 15 45 33 52 62 45 62 45 24 29 15 62 27
 62 24 37 62 31 62 24 32 62 62 37 33 32 62 29 24 15 24 32 15 15 62 33 22
 33 32 29 45 37 45 24 29 62  2 29 33 37 15 62 32]","[22 22 29 32 22 37 37 29 37 17 22 22 45 33 58 62 45 62 45 24 29 15 62 27
 62 15 37 62  2 62 24 32 62 62 37 33 32 62 29 24 15 37 32 15 33 62 33 22
 33 32 29 45 37 45 24 22 62  2 29 33 24 15 62 32]",False,True,0.828125,1.0,0.04,1.0,1.0,1,1,25,0.04,1.0,1.0,1,1,25,1.0,0.0,0.0,25,0,0,1.0,0.0,0.0,25,0,0,1.0,0.0,0.0,25,0,0,1.0,1.0,1.0,25,25,25,1.0,0.0,0.0,25,0,0,1.0,1.0,1.0,25,25,25
[0.         1.00049988 0.         ... 0.500999   0.         1.00049988],"[38 43  3 43 39 17  3 39 38 13 43 38 43 43 38 43 43 43 40 45 43  3 17 59
 38 43 43 26 43 43  3 16 12 43 28 43 59 59 43 43 43 28 59 43 38 43 33 38
  3 25 33 34 39 56 29 29 43 56 29 43 35 29 15 33]","[33 43  3 43 39 17  3 39 38 13 43 38 43 43 28 43 43 43 40 45 43 39 17 59
 29 43 43 45 43 43  3 16 59 43 28 43 59 59 43 43 43 59 39 43 38 43 33 13
  3 25 33 34 39 39 25 29 43 56  3 43 35 17 15 33]",True,True,1.0,1.0,"[np.int64(55), np.int64(50), np.int64(31), np.int64(39), np.int64(16), np.int64(29), np.int64(41), np.int64(23), np.int64(2), np.int64(34), np.int64(52), np.int64(58), np.int64(19), np.int64(27), np.int64(42), np.int64(16), np.int64(53), np.int64(7), np.int64(48), np.int64(43), np.int64(57), np.int64(47), np.int64(62), np.int64(19), np.int64(56), np.int64(17), np.int64(61), np.int64(37), np.int64(61), np.int64(42), np.int64(25), np.int64(26), np.int64(53), np.int64(29), np.int64(21), np.int64(41), np.int64(43), np.int64(10), np.int64(8), np.int64(25), np.int64(25), np.int64(46), np.int64(62), np.int64(21), np.int64(50), np.int64(44), np.int64(56), np.int64(5), np.int64(2), np.int64(23), np.int64(21), np.int64(11), np.int64(61), np.int64(44), np.int64(28), np.int64(37), np.int64(38), np.int64(39), np.int64(21), np.int64(3), np.int64(39), np.int64(25), np.int64(36), np.int64(60)]","[np.int64(23), np.int64(50), np.int64(23), np.int64(48), np.int64(4), np.int64(5), np.int64(36), np.int64(50), np.int64(22), np.int64(31), np.int64(39), np.int64(44), np.int64(46), np.int64(17), np.int64(12), np.int64(19), np.int64(23), np.int64(43), np.int64(25), np.int64(36), np.int64(58), np.int64(52), np.int64(45), np.int64(37), np.int64(8), np.int64(9), np.int64(17), np.int64(58), np.int64(24), np.int64(51), np.int64(0), np.int64(32), np.int64(61), np.int64(59), np.int64(51), np.int64(15), np.int64(50), np.int64(48), np.int64(56), np.int64(12), np.int64(2), np.int64(30), np.int64(8), np.int64(57), np.int64(56), np.int64(34), np.int64(21), np.int64(35), np.int64(45), np.int64(63), np.int64(50), np.int64(30), np.int64(57), np.int64(35), np.int64(37), np.int64(12), np.int64(37), np.int64(12), np.int64(0), np.int64(6), np.int64(36), np.int64(5), np.int64(19), np.int64(29)]",False,False,0.0,0.0,"[56 43  3 43 39 56  3 39 16 13 43 38 43 43 38 43 43 43 40 45 43  3 17 59
 29 43 43 26 43 43  3 16 12 43 28 43 59 59 43 43 43 28 59 43 40 43 33 13
  3 25 33 34 39 56 29 40 43 56 38 43 35 29 15 33]","[33 43  3 43 39 38  3 39 35 13 43 38 43 43 38 43 43 43 40 45 43  3 17 59
 38 43 43 26 43 43  3 16 17 43 28 43 59 59 43 43 43 59 59 43 40 43 33  3
  3 25 33 34 39 56 25 40 43 56  3 43 35 17 15 33]",True,True,0.78125,1.0,"[38 43  3 43 39 56  3 39 16 13 43 38 43 43 38 43 43 43 40 45 43  3 17 59
 29 43 43 26 43 43 16 16 12 43 28 43 59 59 43 43 43 28 39 43 38 43 33 38
 13 25 33 34 39 56 29 29 43 56 38 43 35 17 15 33]","[33 43  3 43 39 38  3 39 16 13 43 38 43 43 38 43 43 43 40 45 43  3 17 59
 38 43 43 26 43 43  3 16 17 43 28 43 59 59 43 43 43 28 39 43 40 43 33  3
  3 25 33 34 39 39 25 29 43 56  3 43 28 29 15 33]",True,True,0.828125,1.0,0.04,1.0,1.0,1,1,25,0.04,1.0,1.0,1,1,25,1.0,0.0,0.0,25,0,0,1.0,0.0,0.0,25,0,0,1.0,0.96,0.96,25,24,24,1.0,1.0,1.0,25,25,25,1.0,0.8,0.8,25,20,20,1.0,1.0,1.0,25,25,25
[1.00049988 0.         0.500999   ... 0.         0.         0.        ],"[12 12 45 53 11 45 47 35 18 18 60 11 11 45 11 11 48 47 11 14 21 11 62 59
 62 49 49 49 53 49 11 18 41 47 18 11 12 62 49 41 48 11 62 48 12 11 11 11
 11 11 60 47 11 11 62  4 35 11 59 11 11 30 11 41]","[12 12 45 53 11  4 18  4 18 18 60 11 11 45 11 11 48 14 11 14 48 11 62 12
 62 49 49 49 18 18 11 18 41 12 18 11 12 62 60 41 48 11 62 48 12 11 11 11
 11 11 60 47 11 11 62  4 35 11 59 11 11 48 11 41]",True,True,1.0,1.0,"[np.int64(32), np.int64(9), np.int64(7), np.int64(4), np.int64(28), np.int64(18), np.int64(61), np.int64(28), np.int64(13), np.int64(35), np.int64(3), np.int64(45), np.int64(50), np.int64(47), np.int64(61), np.int64(13), np.int64(4), np.int64(4), np.int64(18), np.int64(33), np.int64(56), np.int64(1), np.int64(41), np.int64(15), np.int64(14), np.int64(18), np.int64(5), np.int64(29), np.int64(35), np.int64(45), np.int64(33), np.int64(49), np.int64(62), np.int64(3), np.int64(52), np.int64(22), np.int64(47), np.int64(37), np.int64(1), np.int64(29), np.int64(61), np.int64(32), np.int64(45), np.int64(30), np.int64(39), np.int64(37), np.int64(58), np.int64(56), np.int64(20), np.int64(13), np.int64(37), np.int64(12), np.int64(9), np.int64(23), np.int64(25), np.int64(27), np.int64(21), np.int64(13), np.int64(10), np.int64(13), np.int64(4), np.int64(36), np.int64(52), np.int64(42)]","[np.int64(60), np.int64(7), np.int64(34), np.int64(55), np.int64(36), np.int64(58), np.int64(12), np.int64(60), np.int64(13), np.int64(34), np.int64(32), np.int64(6), np.int64(53), np.int64(46), np.int64(42), np.int64(33), np.int64(3), np.int64(4), np.int64(9), np.int64(57), np.int64(6), np.int64(16), np.int64(61), np.int64(3), np.int64(38), np.int64(48), np.int64(23), np.int64(33), np.int64(37), np.int64(30), np.int64(45), np.int64(15), np.int64(8), np.int64(6), np.int64(8), np.int64(10), np.int64(13), np.int64(42), np.int64(52), np.int64(29), np.int64(28), np.int64(19), np.int64(41), np.int64(61), np.int64(19), np.int64(36), np.int64(19), np.int64(1), np.int64(25), np.int64(32), np.int64(53), np.int64(24), np.int64(26), np.int64(22), np.int64(38), np.int64(9), np.int64(1), np.int64(5), np.int64(10), np.int64(48), np.int64(24), np.int64(8), np.int64(21), np.int64(43)]",False,False,0.0,0.0,"[14 12 45 30 11 45 47  4 18 18 60 11 11 45 11 11 48 53 11 14 12 11 62 59
 62 49 49 49 53 18 11 18 41 47 18 11 12 62 49 41 48 11 62 48 12 11 11 11
 11 11 60 47 11 11 62  4 35 11 59 11 11 30 11 41]","[12 12 45 30 11 45 47 35 18 18 60 11 11 45 11 11 48 41 11 14 12 11 62 12
 62 49 49 49 53 49 11 18 41 12 18 11 12 62 49 41 48 11 62 48 12 11 11 11
 11 11 60 47 11 11 62  4 35 11 59 11 11 14 11 41]",True,True,0.78125,1.0,"[12 12 45 53 11 45 47 35 18 18 60 11 11 45 11 11 48 53 11 14 12 11 62 12
 62 49 49 49 53 49 11 18 41 45 18 11 12 62 60 41 48 11 62 48 12 11 11 11
 11 11 60 47 11 11 62  4 35 11 59 11 11 14 11 41]","[12 12 45 53 11 45 47  4 18 18 60 11 11 45 11 11 48 53 11 14 21 11 62 12
 62 49 49 49 46 49 11 18 41 47 18 11 12 62 60 41 48 11 62 48 12 11 11 11
 11 11 60 47 11 11 62 60 35 11 59 11 11 30 11 41]",True,True,0.828125,1.0,0.04,1.0,1.0,1,1,25,0.04,1.0,1.0,1,1,25,1.0,0.0,0.0,25,0,0,1.0,0.0,0.0,25,0,0,1.0,1.0,1.0,25,25,25,1.0,1.0,1.0,25,25,25,1.0,0.96,0.96,25,24,24,1.0,1.0,1.0,25,25,25
[0.       0.       0.       ... 0.500999 0.       0.      ],"[21 14 48 47 39 43 47 59 37 25 59 60 19 19 20 39 59 34 19 20 20 20 51 47
 60 60 59 20 14 25 32 34 20 43 20 60 37 20 43 20 39 51 51 20 51 19 19 20
 20 48 12 20 59 48 59 39 39 34 32 20 20 19 43 61]","[19 14 48 47 39 43 47 59 37 25 59 60 19 19 20 60 59 34 19 20 20 20 51 47
 60 60 59 20 14 25 32 19 20 43 20 14 37 20 60 20 39 19 51 20 51 19 19 20
 20 48 12 20 59 48 59 39 39 34 19 20 20 19 43 61]",True,True,1.0,1.0,"[np.int64(21), np.int64(25), np.int64(4), np.int64(17), np.int64(40), np.int64(31), np.int64(42), np.int64(5), np.int64(60), np.int64(59), np.int64(23), np.int64(37), np.int64(9), np.int64(12), np.int64(32), np.int64(32), np.int64(47), np.int64(39), np.int64(39), np.int64(22), np.int64(54), np.int64(13), np.int64(9), np.int64(33), np.int64(44), np.int64(21), np.int64(37), np.int64(62), np.int64(23), np.int64(59), np.int64(16), np.int64(26), np.int64(28), np.int64(0), np.int64(13), np.int64(57), np.int64(5), np.int64(19), np.int64(53), np.int64(39), np.int64(6), np.int64(8), np.int64(7), np.int64(34), np.int64(35), np.int64(56), np.int64(21), np.int64(55), np.int64(16), np.int64(49), np.int64(29), np.int64(39), np.int64(33), np.int64(31), np.int64(34), np.int64(9), np.int64(53), np.int64(12), np.int64(41), np.int64(62), np.int64(43), np.int64(21), np.int64(10), np.int64(5)]","[np.int64(40), np.int64(27), np.int64(3), np.int64(14), np.int64(3), np.int64(43), np.int64(40), np.int64(29), np.int64(56), np.int64(59), np.int64(47), np.int64(19), np.int64(42), np.int64(19), np.int64(43), np.int64(59), np.int64(21), np.int64(42), np.int64(37), np.int64(58), np.int64(33), np.int64(3), np.int64(55), np.int64(17), np.int64(7), np.int64(39), np.int64(38), np.int64(13), np.int64(40), np.int64(14), np.int64(23), np.int64(9), np.int64(26), np.int64(32), np.int64(8), np.int64(34), np.int64(59), np.int64(13), np.int64(28), np.int64(43), np.int64(6), np.int64(33), np.int64(13), np.int64(13), np.int64(13), np.int64(16), np.int64(25), np.int64(12), np.int64(59), np.int64(28), np.int64(18), np.int64(25), np.int64(54), np.int64(60), np.int64(4), np.int64(50), np.int64(60), np.int64(51), np.int64(6), np.int64(3), np.int64(38), np.int64(8), np.int64(59), np.int64(1)]",False,False,0.0,0.0,"[21 14 48 47 39 43 32 59 37 10 59 60 19 19 20 60 59 34 19 20 20 20 51 51
 60 60 59 20 14 17 32 34 20 43 20 60 37 20 51 20 39 51 51 20 51 19 19 20
 20 48 12 20 43 48 59 39 39 34 32 20 20 19 43 61]","[21 14 48 47 39 43 47 59 37 25 59 60 19 19 20 60 59 34 19 20 20 20 51 47
 60 60 59 20 14 45 32 34 20 43 20 60 37 20 51 20 39 51 51 20 51 19 19 20
 20 48 12 20 59 48 59 39 39 34 32 20 20 19 43 61]",False,True,0.78125,1.0,"[21 14 48 47 39 43 32 59 37 25 59 60 19 19 20 60 59 34 19 20 20 20 51 47
 60 60 59 20 14 25 32 34 20 43 20 60 37 20 43 20 39 51 51 20 51 19 19 20
 20 48 12 20 59 48 59 39 39 48 32 20 20 19 43 61]","[21 14 48 47 39 43 32 59 37 56 59 60 19 19 20 60 59 34 19 20 20 20 51 47
 60 60 59 20 14 45 32 34 20 43 20 14 37 20 51 20 39 19 51 20 51 19 19 20
 20 48 12 20 59 48 59 39 39 34 32 20 20 19 43 61]",True,True,0.828125,1.0,0.04,1.0,1.0,1,1,25,0.04,1.0,1.0,1,1,25,1.0,0.0,0.0,25,0,0,1.0,0.0,0.0,25,0,0,1.0,0.0,0.0,25,0,0,1.0,1.0,1.0,25,25,25,1.0,0.2,0.2,25,5,5,1.0,1.0,1.0,25,25,25
[0.         0.         0.70781353 ... 0.         0.         0.500999  ],"[10 23 39 61 63 23 56 58 23 23 23 10 23 23  5 63 10 23 30  5 46 23 58 23
 10 51 23 13 61 30 23 13 61 13  8 23 26 23 58 23 58 51  5 13 46 56 23 50
 26 58 23 23  5 61  8 58 23 56 23 61 23 23 30 23]","[10 23 39 61 13 23 56 58 23 23 23 10 23 23  5 63 10 23 30  5 46 23 58 23
 10 51 23 13 26 30 23 13 61 13  8 23 63 23 58 23 58 51  5 13 13 56 23 35
 26  5 23 23  5  8  8 58 23 56 23 58 23 23 30 23]",True,True,1.0,1.0,"[np.int64(40), np.int64(33), np.int64(10), np.int64(31), np.int64(2), np.int64(51), np.int64(5), np.int64(8), np.int64(21), np.int64(15), np.int64(30), np.int64(3), np.int64(17), np.int64(31), np.int64(34), np.int64(44), np.int64(44), np.int64(10), np.int64(54), np.int64(32), np.int64(36), np.int64(58), np.int64(17), np.int64(51), np.int64(46), np.int64(3), np.int64(22), np.int64(35), np.int64(36), np.int64(55), np.int64(2), np.int64(16), np.int64(56), np.int64(60), np.int64(41), np.int64(31), np.int64(38), np.int64(28), np.int64(4), np.int64(14), np.int64(35), np.int64(40), np.int64(49), np.int64(11), np.int64(58), np.int64(31), np.int64(38), np.int64(14), np.int64(49), np.int64(23), np.int64(41), np.int64(8), np.int64(2), np.int64(15), np.int64(9), np.int64(6), np.int64(18), np.int64(60), np.int64(2), np.int64(36), np.int64(59), np.int64(16), np.int64(6), np.int64(24)]","[np.int64(23), np.int64(23), np.int64(50), np.int64(60), np.int64(30), np.int64(19), np.int64(61), np.int64(38), np.int64(43), np.int64(4), np.int64(22), np.int64(7), np.int64(62), np.int64(0), np.int64(62), np.int64(56), np.int64(61), np.int64(54), np.int64(28), np.int64(13), np.int64(49), np.int64(52), np.int64(13), np.int64(29), np.int64(37), np.int64(36), np.int64(18), np.int64(53), np.int64(28), np.int64(3), np.int64(30), np.int64(5), np.int64(31), np.int64(8), np.int64(15), np.int64(39), np.int64(36), np.int64(19), np.int64(45), np.int64(40), np.int64(22), np.int64(30), np.int64(55), np.int64(51), np.int64(52), np.int64(42), np.int64(56), np.int64(28), np.int64(58), np.int64(53), np.int64(21), np.int64(52), np.int64(29), np.int64(4), np.int64(27), np.int64(6), np.int64(23), np.int64(26), np.int64(60), np.int64(22), np.int64(34), np.int64(47), np.int64(22), np.int64(20)]",False,False,0.0,0.0,"[10 23 39 61 63 23 56 58 23 23 23 10 23 23  5 63 10 23 30  5 46 23 58 23
 10  1 23 13 26 30 23  5 61 13  8 23 63 23 58 23 58 61  5 13 46 56 23 35
 26 58 23 23  5 61  8 58 23 56 23 61 23 23 30 23]","[10 23 39 61 13 23  8 58 23 23 23 10 23 23  5 63 10 23 30  5 46 23 58 23
 10 51 23 13 26 61 23 13 61 13  8 23 10 23 58 23 58 51  5 13 13 56 23 35
 26  5 23 23  5 61  8 58 23 56 23 61 23 23 56 23]",True,True,0.78125,1.0,"[10 23 39 61 63 23 56 58 23 23 23 10 23 23  5 63 10 23 30  5 46 23 58 23
 10  1 23 13 61 30 23 13 61 13  8 23 26 23 58 23 58 61  5 13 46 56 23 50
 26 58 23 23  5 61  8 58 23 56 23 61 23 23 30 23]","[10 23 39 61 13 23 56 58 23 23 23 10 23 23  5 63 10 23 56  5 46 23 58 23
 10 51 23 13 26 30 23 13 61 13 39 23 10 23 58 23 58 51  5 13 13 56 23 35
 26 58 23 23  5  8  8 58 23 56 23 58 23 23 56 23]",True,True,0.828125,1.0,0.04,1.0,1.0,1,1,25,0.04,1.0,1.0,1,1,25,1.0,0.0,0.0,25,0,0,1.0,0.0,0.0,25,0,0,1.0,1.0,1.0,25,25,25,1.0,1.0,1.0,25,25,25,1.0,0.96,0.96,25,24,24,1.0,1.0,1.0,25,25,25
[0.500999   1.00049988 0.         ... 0.70781353 0.500999   0.500999  ],"[45 61 45 15 45 15  3 29 29 29  0 37 34 36 18 15 50 59 15 37 15 45  3 59
 45  3 37 45 18 15 15 45 59  3 15 37 15 15 30 59 59 20 45 30 36 15  3 30
 29 29 29 61 37 30 59 59 36 20  4 15 59 15 30 61]","[45 61 45 15 45 15  3 29 29 29  0 37 34 36 18 15 50 59 15 37 15 45  3 59
 45 37 37 45 18 15 15 45 59  3 15 34 15 15 30 59 34 18 29 30  3 15 34 30
 29 29 29 61 37 30 59 59 36 20 51 15  3 15 34 61]",True,True,1.0,1.0,"[np.int64(10), np.int64(39), np.int64(0), np.int64(7), np.int64(34), np.int64(8), np.int64(36), np.int64(42), np.int64(27), np.int64(22), np.int64(19), np.int64(38), np.int64(54), np.int64(37), np.int64(45), np.int64(17), np.int64(55), np.int64(24), np.int64(35), np.int64(53), np.int64(21), np.int64(58), np.int64(36), np.int64(28), np.int64(38), np.int64(22), np.int64(13), np.int64(21), np.int64(23), np.int64(39), np.int64(18), np.int64(47), np.int64(46), np.int64(40), np.int64(25), np.int64(49), np.int64(51), np.int64(24), np.int64(39), np.int64(16), np.int64(46), np.int64(24), np.int64(5), np.int64(32), np.int64(24), np.int64(0), np.int64(38), np.int64(61), np.int64(43), np.int64(43), np.int64(45), np.int64(38), np.int64(37), np.int64(20), np.int64(5), np.int64(57), np.int64(48), np.int64(62), np.int64(28), np.int64(29), np.int64(18), np.int64(14), np.int64(54), np.int64(9)]","[np.int64(46), np.int64(47), np.int64(55), np.int64(28), np.int64(10), np.int64(42), np.int64(11), np.int64(11), np.int64(31), np.int64(22), np.int64(10), np.int64(58), np.int64(3), np.int64(12), np.int64(44), np.int64(6), np.int64(41), np.int64(41), np.int64(13), np.int64(20), np.int64(38), np.int64(48), np.int64(57), np.int64(43), np.int64(34), np.int64(50), np.int64(63), np.int64(44), np.int64(40), np.int64(26), np.int64(52), np.int64(4), np.int64(60), np.int64(9), np.int64(2), np.int64(62), np.int64(47), np.int64(7), np.int64(22), np.int64(58), np.int64(6), np.int64(36), np.int64(37), np.int64(27), np.int64(35), np.int64(40), np.int64(34), np.int64(14), np.int64(28), np.int64(29), np.int64(32), np.int64(46), np.int64(32), np.int64(5), np.int64(28), np.int64(21), np.int64(58), np.int64(54), np.int64(30), np.int64(53), np.int64(1), np.int64(41), np.int64(30), np.int64(31)]",False,False,0.0,0.0,"[45 61 45 15 45 15  3 29 29 29  0 37 34 36 18 15 50 59 15 37 15 45  3 59
 45 37 37 45 18 15 15 45 59  3 15 34 15 15 37 59 34 18 45 30 36 15  3 30
 29 29 29 61  3 30 59 59 36 20  4 15  3 15 34 61]","[45 61 45 15 45 15  3 29 29 45  0 37 34 36 18 15 50 59 15 37 15 45  3 59
 45 37 37 45 18 15 15 45 59  3 15 37 15 15 37 59 34 18 45 30 36 15 34 30
 29 29 29 61 37 30 59 59 36 20 51 15 59 15 30 61]",True,True,0.78125,1.0,"[45 61 45 15 45 15  3 29 29 45  0 37 34 36 18 15 50 59 15 37 15 45  3 59
 45 37 37 45 18 15 15 45 59  3 15 37 15 15 30 59 59 18 45 30 36 15  3 30
 29 29 29 61 37 30 59 59 36 20  4 15 59 15 30 61]","[45 61 45 15 45 15  3 29 29 45  0 37 34 36 18 15 50 59 15 37 15 45  3 59
 45  3 37 45 18 15 15 45 59  3 15 37 15 15 30 59 34 20 29 30  3 15 34 30
 29 29 29 61 37 30 59 59 36 20  4 15  3 15 34 61]",True,True,0.828125,1.0,0.04,1.0,1.0,1,1,25,0.04,1.0,1.0,1,1,25,1.0,0.0,0.0,25,0,0,1.0,0.0,0.0,25,0,0,1.0,0.6,0.6,25,15,15,1.0,1.0,1.0,25,25,25,1.0,0.68,0.68,25,17,17,1.0,1.0,1.0,25,25,25
[0.         0.         0.         ... 0.70781353 1.00049988 0.        ],"[61 41 41 32 59 41 14 41 23 41  5 32 41  1 41 18  7 27 41 56 18 23 59 41
 23 59 23 41 32 32 51 27 41 27 51 51 57 32 14 59 32 41  5 32 12 23 23 41
 18 18 51 41  8 23 51  9 41 41  7 41 12 41 23 41]","[ 5 41 41 32  5 41 23 41 23 41  5 23 41 18 41 18  7 27 41 14 18 23 59 41
 23 59 23 41 32 32  7 27 41 27  7 51 57 23 14 59 32 41  5 32 12 23 23 41
 18 18 51 41  8 23  7 56 41 41  7 41 23 41 23 41]",True,True,1.0,1.0,"[np.int64(46), np.int64(41), np.int64(49), np.int64(33), np.int64(62), np.int64(21), np.int64(55), np.int64(33), np.int64(8), np.int64(38), np.int64(5), np.int64(7), np.int64(11), np.int64(59), np.int64(15), np.int64(10), np.int64(37), np.int64(18), np.int64(2), np.int64(24), np.int64(15), np.int64(40), np.int64(51), np.int64(7), np.int64(60), np.int64(51), np.int64(33), np.int64(28), np.int64(50), np.int64(21), np.int64(44), np.int64(32), np.int64(15), np.int64(18), np.int64(46), np.int64(59), np.int64(8), np.int64(58), np.int64(49), np.int64(21), np.int64(28), np.int64(4), np.int64(30), np.int64(53), np.int64(39), np.int64(50), np.int64(14), np.int64(56), np.int64(13), np.int64(3), np.int64(62), np.int64(8), np.int64(48), np.int64(18), np.int64(49), np.int64(57), np.int64(34), np.int64(44), np.int64(50), np.int64(7), np.int64(0), np.int64(34), np.int64(47), np.int64(39)]","[np.int64(28), np.int64(8), np.int64(36), np.int64(49), np.int64(60), np.int64(0), np.int64(39), np.int64(46), np.int64(25), np.int64(2), np.int64(53), np.int64(27), np.int64(43), np.int64(24), np.int64(55), np.int64(22), np.int64(22), np.int64(20), np.int64(45), np.int64(41), np.int64(50), np.int64(16), np.int64(6), np.int64(61), np.int64(2), np.int64(24), np.int64(58), np.int64(33), np.int64(17), np.int64(53), np.int64(10), np.int64(57), np.int64(9), np.int64(32), np.int64(35), np.int64(10), np.int64(0), np.int64(54), np.int64(41), np.int64(12), np.int64(6), np.int64(27), np.int64(51), np.int64(54), np.int64(11), np.int64(39), np.int64(3), np.int64(18), np.int64(54), np.int64(42), np.int64(45), np.int64(37), np.int64(60), np.int64(53), np.int64(25), np.int64(36), np.int64(28), np.int64(51), np.int64(16), np.int64(51), np.int64(48), np.int64(62), np.int64(8), np.int64(22)]",False,False,0.0,0.0,"[61 41 41 32 59 41 14 41 23 41  5 14 41  1 41 18  7 27 41 56 18 23 59 41
 23 59 23 41 32 32 51 12 41 27  7 51 57 32 14 59 32 41  5 32 12 23 23 41
 18 18 51 41  8 23 51 57 41 41  7 41 12 41 23 41]","[61 41 41 32  5 41 14 41 23 41  5 32 41  1 41 18  7 27 41 56 18 23 59 41
 23 59 23 41 32 32 51 27 41 27 51 51 57 32 14 59 32 41  5 32 12 23 23 41
 18 18 51 41  8 23 51 57 41 41  7 41 12 41 23 41]",True,True,0.78125,1.0,"[61 41 41 32 59 41 14 41 23 41  5 14 41  1 41 18  7 27 41 47 18 23 59 41
 23 59 23 41 32 32 51 27 41 27  7 51 57 23 14 59 32 41  5 59 12 23 23 41
 18 18 18 41 26 23  7 56 41 41  7 41 12 41 23 41]","[61 41 41 32 59 41 23 41 23 41  5 14 41  1 41 18  7 27 41 47 18 23 59 41
 23 59 23 41 32 32 51 12 41 27  7 51 57 32 14 59 32 41  5 59 12 23 23 41
 18 18 51 41  8 23  7 57 41 41  7 41 12 41 23 41]",True,True,0.828125,1.0,0.04,1.0,1.0,1,1,25,0.04,1.0,1.0,1,1,25,1.0,0.0,0.0,25,0,0,1.0,0.0,0.0,25,0,0,0.96,1.0,1.0,24,24,25,1.0,1.0,1.0,25,25,25,1.0,0.76,0.76,25,19,19,1.0,1.0,1.0,25,25,25
[0.500999   0.         0.         ... 0.         0.70781353 0.500999  ],"[11 15 38 35 49 15 11 35 22 61 32 35 27 15  7 35 22 61 35  3 47 22 35 18
 49 38 11  3 35 60 11 15 35 18 18 35 60 35 35 10  3 37 15 35  7 15 60 32
 61 35 37 38 49 22 18 60 61 43 61 60 35 35  7 28]","[49 15 38 35 49 15 11 35 22 61 32 35 27 15  7 35 22 15 35  3 47  3 35 49
 49 38 11  3 35 60 18 15 35 18 18 35 60 35 35 10  3 37 15 35  7 15 60 32
 61 35 37 38 49 22 18 60 61 15 61 60 35 35 49 28]",True,True,1.0,1.0,"[np.int64(13), np.int64(28), np.int64(51), np.int64(48), np.int64(1), np.int64(47), np.int64(21), np.int64(53), np.int64(35), np.int64(29), np.int64(60), np.int64(5), np.int64(54), np.int64(33), np.int64(17), np.int64(12), np.int64(0), np.int64(35), np.int64(26), np.int64(24), np.int64(42), np.int64(55), np.int64(7), np.int64(30), np.int64(60), np.int64(23), np.int64(9), np.int64(23), np.int64(32), np.int64(19), np.int64(63), np.int64(0), np.int64(43), np.int64(59), np.int64(33), np.int64(45), np.int64(17), np.int64(49), np.int64(23), np.int64(15), np.int64(59), np.int64(13), np.int64(4), np.int64(26), np.int64(42), np.int64(31), np.int64(15), np.int64(35), np.int64(14), np.int64(8), np.int64(33), np.int64(57), np.int64(37), np.int64(3), np.int64(16), np.int64(13), np.int64(16), np.int64(26), np.int64(54), np.int64(38), np.int64(37), np.int64(32), np.int64(31), np.int64(32)]","[np.int64(16), np.int64(35), np.int64(32), np.int64(22), np.int64(41), np.int64(28), np.int64(35), np.int64(39), np.int64(13), np.int64(49), np.int64(23), np.int64(27), np.int64(25), np.int64(24), np.int64(16), np.int64(32), np.int64(25), np.int64(16), np.int64(3), np.int64(49), np.int64(14), np.int64(15), np.int64(40), np.int64(52), np.int64(18), np.int64(43), np.int64(16), np.int64(53), np.int64(56), np.int64(45), np.int64(43), np.int64(9), np.int64(26), np.int64(10), np.int64(21), np.int64(4), np.int64(57), np.int64(35), np.int64(17), np.int64(40), np.int64(20), np.int64(23), np.int64(26), np.int64(4), np.int64(59), np.int64(60), np.int64(48), np.int64(7), np.int64(24), np.int64(36), np.int64(41), np.int64(13), np.int64(38), np.int64(52), np.int64(23), np.int64(61), np.int64(16), np.int64(18), np.int64(51), np.int64(49), np.int64(63), np.int64(31), np.int64(47), np.int64(39)]",False,False,0.0,0.0,"[ 3 15 38 35 49 15 22 35 22 61 32 35 59 15  7 35 22 61 35  3 47 22 35 18
 49 38 11  3 35 60 49 15 35 18 18 35 60 35 35 31  3 37 15 35  7 15 22 32
 61 35 37 38 61 22 22 60 61 43 61 60 35 35  7 28]","[49 15 38 35 49 15 22 35 22 61 32 35 27 61  7 35 22 61 35  3 47  3 35 61
 49 38 11  3 35 60 49 15 35 18 18 35 60 35 35 10  3 37 15 35  7 15 60 32
 61 35 37 38 49 22 18 60 61 43 61 60 35 35  7  7]",False,True,0.78125,1.0,"[49 15 38 35 49 15 22 35 22 61 32 35 59 61  7 35 22 61 35  3 47  3 35 18
 49 38 11  3 35  3 18 15 35 18 18 35 60 35 35 31  3 37 15 35  7 15 60 32
 61 35 37 38 49 22 18 60 61 43 61 60 35 35  7 28]","[ 3 15 38 35 49 15 11 35 22 61 32 35 59 61  7 35 22 15 35  3 47  3 35 18
 49 38 11  3 35 60 18 15 35 18 18 35 60 35 35 10  3 37 15 35  7 15 60 32
 61 35 37 38 49 22 22 60 61 43 61 60 35 35 49 28]",False,True,0.828125,1.0,0.04,1.0,1.0,1,1,25,0.04,1.0,1.0,1,1,25,1.0,0.0,0.0,25,0,0,1.0,0.0,0.0,25,0,0,1.0,0.2,0.2,25,5,5,1.0,1.0,1.0,25,25,25,1.0,0.4,0.4,25,10,10,1.0,1.0,1.0,25,25,25
[0.       0.       0.       ... 0.       0.       0.500999],"[59 56 33 50 35 35 32 59 39 33 33 41 56 62 59 33 35 33 62  9 33 50 56 35
 59 33 62 33 56 50 32 35 33 33 59 33 33 17  9 33 62 39 17 17 35 32 33 56
 17 27 33 35 39 62 33 59 33 56 54 33 56 59 33 15]","[59 35 33 50 35 35 32 59 39 33 33 55 56 62 59 33 35 33 62 59 33 50 56 35
 59 33 62 33 32 50 32 35 33 33 59 33 33 17  9 33 62 39 17 17 35 32 33 56
 17 59 33 35 39 62 33 59 33 62 54 33 56 59 33  9]",True,True,1.0,1.0,"[np.int64(31), np.int64(30), np.int64(22), np.int64(35), np.int64(11), np.int64(43), np.int64(16), np.int64(17), np.int64(30), np.int64(0), np.int64(50), np.int64(61), np.int64(57), np.int64(57), np.int64(12), np.int64(3), np.int64(9), np.int64(41), np.int64(44), np.int64(16), np.int64(24), np.int64(36), np.int64(41), np.int64(59), np.int64(54), np.int64(8), np.int64(28), np.int64(1), np.int64(18), np.int64(46), np.int64(0), np.int64(27), np.int64(0), np.int64(3), np.int64(27), np.int64(7), np.int64(47), np.int64(33), np.int64(62), np.int64(26), np.int64(28), np.int64(42), np.int64(31), np.int64(3), np.int64(60), np.int64(55), np.int64(28), np.int64(29), np.int64(20), np.int64(59), np.int64(28), np.int64(49), np.int64(11), np.int64(1), np.int64(46), np.int64(56), np.int64(30), np.int64(29), np.int64(45), np.int64(26), np.int64(46), np.int64(10), np.int64(23), np.int64(6)]","[np.int64(9), np.int64(33), np.int64(25), np.int64(10), np.int64(27), np.int64(2), np.int64(11), np.int64(22), np.int64(24), np.int64(29), np.int64(11), np.int64(5), np.int64(40), np.int64(23), np.int64(11), np.int64(60), np.int64(5), np.int64(61), np.int64(48), np.int64(40), np.int64(61), np.int64(39), np.int64(53), np.int64(2), np.int64(40), np.int64(43), np.int64(38), np.int64(12), np.int64(2), np.int64(22), np.int64(31), np.int64(4), np.int64(30), np.int64(46), np.int64(1), np.int64(49), np.int64(40), np.int64(13), np.int64(44), np.int64(18), np.int64(61), np.int64(18), np.int64(8), np.int64(26), np.int64(32), np.int64(19), np.int64(22), np.int64(45), np.int64(36), np.int64(53), np.int64(56), np.int64(56), np.int64(28), np.int64(3), np.int64(32), np.int64(44), np.int64(5), np.int64(8), np.int64(47), np.int64(10), np.int64(11), np.int64(46), np.int64(33), np.int64(46)]",False,False,0.0,0.0,"[59 56 33 50 35 35 15 59 39 33 33 55 56 62 59 33 35 33 62  9 33 50 56 35
 59 33 62 33 32 27 32 35 33 33 59 33 33 17  9 33 62 39 17 17 35 56 33 56
 17 27 33 35 39 62 33 59 33 56 54 33 27 59 33  9]","[59 56 33 27 35 35 15 59 39 33 33 55 56 62 59 33 35 33 62  9 33 50 56 35
 59 33 62 33 32 50 36 35 33 33 59 33 33 17 15 33 62 17 17 17 35 56 33 56
 17 27 33 35 39 62 33 59 33 56 54 33 56 59 33  9]",True,True,0.78125,1.0,"[59 56 33 50 35 35 32 59 39 33 33 52 56 62 59 33 35 33 62 59 33 50 56 35
 59 33 62 33 32 27 32 35 33 33 59 33 33 17 15 33 62 17 17 17 35 56 33 56
 17 27 33 35 39 62 33 59 33 56 54 33 62 17 33  9]","[59 56 33 27 35 35 32 59 39 33 33 55 56 62 59 33 35 33 62 59 33 50 54 35
 59 33 62 33 56 27 36 35 33 33 59 33 33 17  9 33 62 39 17 17 35 32 33 56
 17 27 33 35 39 62 33 59 33 62 54 33 56 17 33  9]",True,True,0.828125,1.0,0.04,1.0,1.0,1,1,25,0.04,1.0,1.0,1,1,25,1.0,0.0,0.0,25,0,0,1.0,0.0,0.0,25,0,0,1.0,1.0,1.0,25,25,25,1.0,1.0,1.0,25,25,25,1.0,0.96,0.96,25,24,24,1.0,1.0,1.0,25,25,25
[0.         0.         0.         ... 1.00049988 0.         0.        ],"[27 11 16 54 62 16 60 16 16 16 62 16 60 16 16 16 16 16 20 14 16 27 27 27
 54 59 11 16 62 13 11 54 61 60 16 54 62 17 15 13 27  9 13 60  7 11  7 20
 27 20 61 54 62 56 16 54 16 11 14 16 16 16 16  9]","[27 11 16 54 27 16 60 16 16 16 62 16 60 16 16 16 16 16 20 14 16 27 27 27
 54 59 11 16 62 61 11 61 61 60 16 62 62 17  8 13 61  9 13  8 61 11 13 20
 27 20 61  9 62 56 16 20 16 11  9 16 16 16 16  9]",True,True,1.0,1.0,"[np.int64(17), np.int64(10), np.int64(29), np.int64(42), np.int64(10), np.int64(12), np.int64(51), np.int64(5), np.int64(42), np.int64(46), np.int64(63), np.int64(49), np.int64(26), np.int64(21), np.int64(6), np.int64(60), np.int64(0), np.int64(53), np.int64(7), np.int64(62), np.int64(21), np.int64(38), np.int64(48), np.int64(61), np.int64(22), np.int64(15), np.int64(56), np.int64(13), np.int64(57), np.int64(24), np.int64(58), np.int64(42), np.int64(10), np.int64(46), np.int64(11), np.int64(43), np.int64(48), np.int64(37), np.int64(20), np.int64(3), np.int64(53), np.int64(25), np.int64(61), np.int64(20), np.int64(36), np.int64(48), np.int64(31), np.int64(17), np.int64(26), np.int64(40), np.int64(46), np.int64(49), np.int64(15), np.int64(38), np.int64(16), np.int64(38), np.int64(18), np.int64(60), np.int64(34), np.int64(50), np.int64(7), np.int64(7), np.int64(32), np.int64(51)]","[np.int64(7), np.int64(34), np.int64(6), np.int64(2), np.int64(41), np.int64(40), np.int64(10), np.int64(40), np.int64(42), np.int64(62), np.int64(19), np.int64(37), np.int64(54), np.int64(62), np.int64(37), np.int64(45), np.int64(8), np.int64(2), np.int64(1), np.int64(5), np.int64(42), np.int64(33), np.int64(1), np.int64(21), np.int64(42), np.int64(38), np.int64(58), np.int64(6), np.int64(51), np.int64(2), np.int64(46), np.int64(14), np.int64(24), np.int64(8), np.int64(28), np.int64(1), np.int64(22), np.int64(61), np.int64(40), np.int64(11), np.int64(7), np.int64(0), np.int64(14), np.int64(2), np.int64(21), np.int64(4), np.int64(58), np.int64(25), np.int64(54), np.int64(50), np.int64(17), np.int64(21), np.int64(52), np.int64(1), np.int64(62), np.int64(14), np.int64(44), np.int64(60), np.int64(1), np.int64(53), np.int64(57), np.int64(50), np.int64(20), np.int64(12)]",False,False,0.0,0.0,"[27 11 16 14 27 16 60 16 16 16 62 16 60 16 16 16 16 16 20 14 16 27 27 27
 54 59 11 16 62 13 11  2 61 60 16 54 62 17  8 13 61  9 13 14  7 11 13 20
 27  9 61  9 62 56 16 54 16 11 14 16 16 16 16  9]","[27 11 16  2 27 16 60 16 16 16 62 16 60 16 16 16 16 16 20 14 16 27 27 27
 54 59 11 16 62 13 11 54 61 60 16 54 62 17  8 13 61  9 13 60  7 11  7 20
 27  9 61 54 62 56 16 20 16 11  9 16 16 16 16  9]",True,True,0.78125,1.0,"[27 11 16 54 27 16 60 16 16 16 62 16 60 16 16 16 16 16 20 14 16 27 27 27
 13 59 11 16 62 13 11 54 61 60 16  2 62 17 15 13 61  9 13 14 61 11 13  2
 27 20 61  9 62 14 16 20 16 11  9 16 16 16 16  9]","[27 11 16  2 62 16 60 16 16 16 62 16 60 16 16 16 16 16 20 14 16 27 27 27
  8 59 11 16 62 13 11  2 61 60 16 54 62 17 15 13 27  9 13  8  7 11 13  2
 27 20 61  9 62 14 16 20 16 11  9 16 16 16 16  9]",True,True,0.828125,1.0,0.04,1.0,1.0,1,1,25,0.04,1.0,1.0,1,1,25,1.0,0.0,0.0,25,0,0,1.0,0.0,0.0,25,0,0,1.0,1.0,1.0,25,25,25,1.0,1.0,1.0,25,25,25,1.0,1.0,1.0,25,25,25,1.0,1.0,1.0,25,25,25
[0.         0.         0.         ... 0.         1.00049988 1.00049988],"[51 18  4 48 37 37 36 48 36 51 45 37 18 48 37 24 56 62 37 24 18 56 45 24
 37 56 27 51 24 24 18 45 35 14 37 18 37 37 62 36 24 24 36 62  5 37 36 51
 37 51  4 37 36 18  4 45 37  4 18 24 51  4 37 56]","[51 18  4 48 37 37 36 48 36 51 45 37 18 48 37 24 56 62 37 62 18 56 45 48
 37 56 46 51 24 18 18 45 35 62 37 18 37 37 62 56 24 24 36 62  5 37 36 62
 37 51  4 37 36 18  4 45 37  4 18 24 51 18 37 56]",True,True,1.0,1.0,"[np.int64(59), np.int64(6), np.int64(43), np.int64(1), np.int64(5), np.int64(35), np.int64(31), np.int64(60), np.int64(51), np.int64(19), np.int64(26), np.int64(26), np.int64(10), np.int64(62), np.int64(41), np.int64(29), np.int64(30), np.int64(6), np.int64(9), np.int64(26), np.int64(21), np.int64(35), np.int64(18), np.int64(3), np.int64(50), np.int64(37), np.int64(39), np.int64(11), np.int64(48), np.int64(39), np.int64(25), np.int64(25), np.int64(21), np.int64(36), np.int64(38), np.int64(14), np.int64(53), np.int64(2), np.int64(18), np.int64(34), np.int64(6), np.int64(48), np.int64(57), np.int64(15), np.int64(52), np.int64(49), np.int64(31), np.int64(42), np.int64(8), np.int64(26), np.int64(23), np.int64(63), np.int64(55), np.int64(25), np.int64(19), np.int64(18), np.int64(15), np.int64(7), np.int64(61), np.int64(63), np.int64(62), np.int64(18), np.int64(34), np.int64(25)]","[np.int64(17), np.int64(4), np.int64(20), np.int64(58), np.int64(20), np.int64(22), np.int64(8), np.int64(31), np.int64(60), np.int64(15), np.int64(55), np.int64(42), np.int64(52), np.int64(59), np.int64(45), np.int64(5), np.int64(0), np.int64(28), np.int64(3), np.int64(1), np.int64(38), np.int64(13), np.int64(2), np.int64(39), np.int64(31), np.int64(18), np.int64(30), np.int64(21), np.int64(38), np.int64(55), np.int64(62), np.int64(12), np.int64(58), np.int64(24), np.int64(35), np.int64(53), np.int64(62), np.int64(3), np.int64(60), np.int64(23), np.int64(28), np.int64(60), np.int64(11), np.int64(4), np.int64(38), np.int64(29), np.int64(49), np.int64(52), np.int64(39), np.int64(63), np.int64(60), np.int64(3), np.int64(12), np.int64(52), np.int64(16), np.int64(18), np.int64(27), np.int64(46), np.int64(27), np.int64(2), np.int64(14), np.int64(8), np.int64(42), np.int64(56)]",False,False,0.0,0.0,"[51 18  4 48 37 37 36 48 36 51 45 37 18 48 37 24 56 62 37 62 18 56 45 48
 37 56 27 51 24 24 18 45 35 14 37 18 37 37 62 36 24 24 36 62  5 37 36  4
 37 51  4 37 36 18  4  4 37  4 18 24 51  4 37 56]","[51 18  4 48 37 37 36 48 36 51 45 37 18 48 37 24 56 62 37 62 18 56 45 48
 37 56 27 51 24 24 18 45 35 14 37 18 37 37 62 56 24 24 36 62  5 37 36  4
 37 51  4 37 36 18  4 45 37  4 18 24 51  4 37 56]",True,True,0.78125,1.0,"[51 18  4 48 37 37 36 48 36 51 45 37 18 48 37 24 56 62 37 62 18 56 45 24
 37 56 27 51 24 24 18 45 35 14 37 18 37 37 62 36 24 24 36 62  5 37 36 51
 37 51  4 37 36 18  4 45 37  4 18 24 51  4 37 56]","[51 18  4 48 37 37 36 48 36 51 45 37 18 48 37 24 56 48 37 62 18 56 45 48
 37 56 27 51 24 24 18 45 35 14 37 18 37 37 62 36 24 24 36 62  5 37 36 62
 37 51  4 37 36 18  4 45 37  4 18 24 51  4 37 56]",True,True,0.828125,1.0,0.04,1.0,1.0,1,1,25,0.04,1.0,1.0,1,1,25,1.0,0.0,0.0,25,0,0,1.0,0.0,0.0,25,0,0,0.96,1.0,1.0,24,24,25,0.92,1.0,1.0,23,23,25,1.0,0.88,0.88,25,22,22,1.0,1.0,1.0,25,25,25
[0.         1.00049988 0.         ... 0.70781353 0.         0.500999  ],"[52 36 36 50 24 37 58 52 58 23 24 58 42 20 58 23 52 23 36 16 52 24 16 52
 52 29 52 23 58 52 26 23 53 16 58 29 52 52 39 52 26 29 52 58 58 52 23 24
 29 20 52 29 52 52 23 24 58 42 52 23 52 53 58 58]","[52 36 29 50 16 24 58 52 58 23 24 58 42 20 58 23 52 23 36 16 52 24 16 52
 52  7 52 23 58 52 26 23 16 16 58 29 52 52 24 52 26 16 52 58 58 52 23 24
  7 20 52 29 52 52 23 24 58 42 52 16 52 53 58 58]",True,True,1.0,1.0,"[np.int64(31), np.int64(37), np.int64(26), np.int64(3), np.int64(25), np.int64(46), np.int64(62), np.int64(40), np.int64(10), np.int64(45), np.int64(39), np.int64(51), np.int64(29), np.int64(42), np.int64(25), np.int64(39), np.int64(62), np.int64(38), np.int64(29), np.int64(28), np.int64(11), np.int64(31), np.int64(42), np.int64(13), np.int64(1), np.int64(5), np.int64(13), np.int64(62), np.int64(55), np.int64(63), np.int64(6), np.int64(44), np.int64(53), np.int64(11), np.int64(55), np.int64(62), np.int64(13), np.int64(60), np.int64(39), np.int64(32), np.int64(54), np.int64(3), np.int64(10), np.int64(52), np.int64(16), np.int64(7), np.int64(24), np.int64(22), np.int64(4), np.int64(31), np.int64(40), np.int64(7), np.int64(51), np.int64(23), np.int64(62), np.int64(22), np.int64(23), np.int64(47), np.int64(33), np.int64(62), np.int64(62), np.int64(57), np.int64(58), np.int64(13)]","[np.int64(55), np.int64(33), np.int64(33), np.int64(24), np.int64(20), np.int64(45), np.int64(9), np.int64(16), np.int64(53), np.int64(63), np.int64(11), np.int64(10), np.int64(1), np.int64(11), np.int64(38), np.int64(62), np.int64(2), np.int64(1), np.int64(30), np.int64(15), np.int64(43), np.int64(34), np.int64(42), np.int64(56), np.int64(58), np.int64(37), np.int64(50), np.int64(31), np.int64(54), np.int64(38), np.int64(0), np.int64(53), np.int64(56), np.int64(0), np.int64(0), np.int64(26), np.int64(44), np.int64(21), np.int64(1), np.int64(6), np.int64(34), np.int64(22), np.int64(13), np.int64(20), np.int64(37), np.int64(14), np.int64(25), np.int64(4), np.int64(31), np.int64(36), np.int64(46), np.int64(25), np.int64(62), np.int64(20), np.int64(14), np.int64(34), np.int64(24), np.int64(49), np.int64(34), np.int64(4), np.int64(42), np.int64(50), np.int64(20), np.int64(43)]",False,False,0.0,0.0,"[52 36 36 50 24 37 58 52 58 23 24 58 42 20 58 23 52 23 36 16 52 24 16 52
 52 29 52 23 58 52 26 23 53 16 58 29 52 52 39 52 26 29 52 58 58 52 23 24
  7 20 52 29 52 52 23 20 58 42 52 16 52 53 58 58]","[52 36 36 20 16 37 58 52 58 23 24 58 42 20 58 23 52 23 36 16 52 24 16 52
 52  7 52 23 58 52 26 23 16 16 58 29 52 52 24 52 26 53 52 58 58 52 23 24
 20 20 52 29 52 52 23 24 58 42 52 16 52 53 58 58]",True,True,0.78125,1.0,"[52 36 36 50 16 37 58 52 58 23 24 58 42 20 58 23 52 24 36 16 52 24 16 52
 52 50 52 23 58 52 26 23 53 16 58 29 52 52 24 52 26 29 52 58 58 52 23 24
  7 20 52 29 52 52 23 24 58 42 52 23 52 53 58 58]","[52 36 29 20 24 37 58 52 58 23 24 58 42 20 58 23 52 23 36 16 52 24 16 52
 52 29 52 23 58 52 26 23 16 16 58 29 52 52 24 52 26 16 52 58 58 52 23 24
 20 20 52 29 52 52 23 20 58 42 52 29 52 53 58 58]",True,True,0.828125,1.0,0.04,1.0,1.0,1,1,25,0.04,1.0,1.0,1,1,25,1.0,0.0,0.0,25,0,0,1.0,0.0,0.0,25,0,0,1.0,0.92,0.92,25,23,23,1.0,1.0,1.0,25,25,25,1.0,0.8,0.8,25,20,20,1.0,1.0,1.0,25,25,25
[1.00049988 0.500999   0.         ... 0.         0.         0.        ],"[38 46  5 26 57 26 38  5  5 26 56 19 26 12  7  5  5  5  5 26 33 40 26 26
 26  5 26 19 57 40 57 26 46 26 19 40 53 40 26 57 26 26 41 19 33 46 26  3
 53 22 33 12 26 26 33 46 26 26 31 46 33  5 38 57]","[38 46  5 26 57 26 38  5  5 26 38 19 26 22 61  5  5  5  5 26 33 40 26 26
 26  5 26 40 57 40 57 26 22 26  3 40 53 40 26 57 26 26 24 19 33 33 26  3
 53 22  5 12 26 26  5 46 26 26 31 46  5  5 38 57]",True,True,1.0,1.0,"[np.int64(12), np.int64(59), np.int64(10), np.int64(15), np.int64(55), np.int64(54), np.int64(55), np.int64(51), np.int64(23), np.int64(48), np.int64(2), np.int64(26), np.int64(23), np.int64(22), np.int64(40), np.int64(45), np.int64(60), np.int64(60), np.int64(17), np.int64(62), np.int64(35), np.int64(34), np.int64(40), np.int64(6), np.int64(62), np.int64(55), np.int64(52), np.int64(25), np.int64(37), np.int64(55), np.int64(62), np.int64(62), np.int64(1), np.int64(25), np.int64(52), np.int64(61), np.int64(5), np.int64(51), np.int64(54), np.int64(25), np.int64(47), np.int64(11), np.int64(42), np.int64(31), np.int64(16), np.int64(56), np.int64(12), np.int64(37), np.int64(54), np.int64(31), np.int64(56), np.int64(15), np.int64(57), np.int64(4), np.int64(7), np.int64(21), np.int64(2), np.int64(46), np.int64(47), np.int64(21), np.int64(62), np.int64(5), np.int64(24), np.int64(53)]","[np.int64(14), np.int64(7), np.int64(6), np.int64(55), np.int64(48), np.int64(56), np.int64(60), np.int64(34), np.int64(32), np.int64(7), np.int64(45), np.int64(18), np.int64(60), np.int64(60), np.int64(21), np.int64(39), np.int64(39), np.int64(10), np.int64(2), np.int64(19), np.int64(63), np.int64(11), np.int64(35), np.int64(50), np.int64(1), np.int64(62), np.int64(26), np.int64(60), np.int64(36), np.int64(31), np.int64(47), np.int64(26), np.int64(28), np.int64(56), np.int64(50), np.int64(54), np.int64(61), np.int64(60), np.int64(34), np.int64(20), np.int64(20), np.int64(9), np.int64(32), np.int64(36), np.int64(17), np.int64(29), np.int64(38), np.int64(62), np.int64(36), np.int64(18), np.int64(15), np.int64(54), np.int64(24), np.int64(48), np.int64(34), np.int64(56), np.int64(20), np.int64(55), np.int64(59), np.int64(30), np.int64(27), np.int64(25), np.int64(8), np.int64(27)]",False,False,0.0,0.0,"[38 46  5 26 57 26 38  5  5 26 38 19 26 22 61  5  5  5  5 26 33 40 26 26
 26  5 26 19 57 40 57 26 46 26  3 40 40 40 26 57 26 26 41 19 33 46 26  3
 53 22 33 12 26 26 33 46 26 26 31 46  5  5 38 57]","[38 46  5 26 40 26 38  5  5 26 56 19 26 22 61  5  5  5  5 26 33 40 26 26
 26  5 26 19 57 40 57 26 22 26 19 40 53 40 26 57 26 26 41 19 33 23 26  3
 57 22 33 12 26 26  5 46 26 26 31 46 33  5 38 57]",True,True,0.78125,1.0,"[38 46  5 26 57 26 38  5  5 26 56 19 26 12  7  5  5  5  5 26 33 40 26 26
 26  5 26 19 57 40 57 26 46 26  3 40 53 40 26 57 26 26 41 19 33 46 26  3
 57 22  5 12 26 26  5 46 26 26 31 46 33  5 38 57]","[38 46  5 26 40 26 38  5  5 26 56 19 26 12 61  5  5  5  5 26 33 40 26 26
 26  5 26 19 57 40 57 26 46 26  3 40 40 40 26 57 26 26 24 19 33 46 26  3
 53 22 33 12 26 26  5 46 26 26 31 46  5  5 38 57]",True,True,0.828125,1.0,0.04,1.0,1.0,1,1,25,0.04,1.0,1.0,1,1,25,1.0,0.0,0.0,25,0,0,1.0,0.0,0.0,25,0,0,1.0,1.0,1.0,25,25,25,1.0,1.0,1.0,25,25,25,1.0,0.88,0.88,25,22,22,1.0,1.0,1.0,25,25,25
[0. 0. 0. ... 0. 0. 0.],"[41 29 63 29 61 29 29 36 40 41 25 29 63  6 27 27 29 49 40 57 36 40 63  1
  1 29 41 29 29 29 57 53  1 63  1 25 29 53 53 41 29 29  3 40 36 53 37  3
 27 29 40 49  6 29 29  6 41 29 27 36 57 29  1 29]","[41 29 40 29 61 29 29 41 40 41 25 29 41 61 27 27 29 49 40 53 25 40 63  1
  1 29 41 29 29 29  1 53  1 61  1 25 29 53 53 41 29 29 40 40 49 53 37 40
 27 29 40 49  6 29 29 61 41 29 27 27 40 29  1 29]",True,True,1.0,1.0,"[np.int64(0), np.int64(22), np.int64(17), np.int64(42), np.int64(20), np.int64(37), np.int64(47), np.int64(63), np.int64(37), np.int64(23), np.int64(46), np.int64(61), np.int64(60), np.int64(46), np.int64(53), np.int64(9), np.int64(2), np.int64(38), np.int64(44), np.int64(44), np.int64(13), np.int64(27), np.int64(36), np.int64(0), np.int64(38), np.int64(3), np.int64(30), np.int64(0), np.int64(59), np.int64(28), np.int64(45), np.int64(36), np.int64(26), np.int64(32), np.int64(15), np.int64(22), np.int64(33), np.int64(56), np.int64(14), np.int64(22), np.int64(54), np.int64(15), np.int64(33), np.int64(49), np.int64(9), np.int64(58), np.int64(17), np.int64(44), np.int64(38), np.int64(9), np.int64(44), np.int64(12), np.int64(49), np.int64(11), np.int64(55), np.int64(5), np.int64(62), np.int64(63), np.int64(63), np.int64(48), np.int64(36), np.int64(51), np.int64(23), np.int64(27)]","[np.int64(39), np.int64(39), np.int64(31), np.int64(32), np.int64(2), np.int64(31), np.int64(53), np.int64(22), np.int64(26), np.int64(41), np.int64(42), np.int64(8), np.int64(62), np.int64(12), np.int64(56), np.int64(57), np.int64(39), np.int64(9), np.int64(39), np.int64(27), np.int64(49), np.int64(26), np.int64(19), np.int64(21), np.int64(18), np.int64(27), np.int64(2), np.int64(50), np.int64(57), np.int64(18), np.int64(32), np.int64(17), np.int64(20), np.int64(24), np.int64(50), np.int64(1), np.int64(9), np.int64(29), np.int64(15), np.int64(13), np.int64(44), np.int64(7), np.int64(24), np.int64(37), np.int64(52), np.int64(31), np.int64(57), np.int64(6), np.int64(48), np.int64(35), np.int64(33), np.int64(30), np.int64(13), np.int64(58), np.int64(56), np.int64(31), np.int64(63), np.int64(50), np.int64(51), np.int64(34), np.int64(43), np.int64(41), np.int64(57), np.int64(34)]",False,False,0.0,0.0,"[41 29 63 29 61 29 29 36 40 41 25 29 63  6 27 27 29 49 40 57 25 40 63  1
  1 29 41 29 29 29 57 53 53 61  1 25 29 53 53 41 29 29  3 40 36 53 37  3
 27 29 40 49  6 29 29 61 41 29 27 36 57 29  1 29]","[41 29 63 29 61 29 29 36 40 41 25 29 63 61 27 27 29 49 40 57 25 40 63  1
  1 29 41 29 29 29 57 53  1 61  1 25 29 53 53 41 29 29  3 40 36 53 37  3
 27 29 40 49 36 29 29 61 41 29 27 27 57 29  1 29]",True,True,0.78125,1.0,"[41 29 63 29 61 29 29 36 40 41 25 29 63  6 27 27 29 49 40 53 25 40 63  1
  1 29 41 29 29 29 57 53  1 63  1 25 29 53 53 41 29 29  3 40 49 53 37  3
 27 29 40 49  6 29 29 36 41 29 27 27 57 29  1 29]","[41 29 63 29 61 29 29 36 40 41 25 29 63 61 27 27 29 49 40 57 25 40 63  1
  1 29 41 29 29 29 57 53  1 63  1 25 29 53 53 41 29 29 40 40 36 53 37  3
 27 29 40 49 36 29 29 36 41 29 27 36 40 29  1 29]",True,True,0.828125,1.0,0.04,1.0,1.0,1,1,25,0.04,1.0,1.0,1,1,25,1.0,0.0,0.0,25,0,0,1.0,0.0,0.0,25,0,0,1.0,1.0,1.0,25,25,25,0.92,1.0,1.0,23,23,25,1.0,0.88,0.88,25,22,22,1.0,1.0,1.0,25,25,25
[0.       0.       0.       ... 0.       0.       0.500999],"[42 32 32 34 32 10 37 32 37 17 32 37 32 32  7  1 10 32 17 28 43 37 10 10
 10 17 34 17 32 28 34 10 32 17 32  7 28 32  7 12 12 17 32 34 37 11 10 12
  7 28 34 28 28 34 34 37  7 17  4 28 42  4 37 37]","[42 32 32 34 32 10 37 32 10 17 32 37 32 32 10  1 10 32 17 28 43 37 10 10
 10 17 10 17 32 28 34 10 32 17 32  7 12 32  7 12 12 17 32 34 37 54 10 12
  7 28 34 28 12 34 34 37  7 17 28 28 42  4 37 37]",True,True,1.0,1.0,"[np.int64(9), np.int64(8), np.int64(11), np.int64(42), np.int64(59), np.int64(27), np.int64(3), np.int64(4), np.int64(49), np.int64(40), np.int64(20), np.int64(30), np.int64(29), np.int64(51), np.int64(53), np.int64(13), np.int64(22), np.int64(28), np.int64(44), np.int64(51), np.int64(38), np.int64(1), np.int64(24), np.int64(30), np.int64(56), np.int64(30), np.int64(12), np.int64(43), np.int64(35), np.int64(33), np.int64(10), np.int64(28), np.int64(58), np.int64(54), np.int64(25), np.int64(5), np.int64(24), np.int64(53), np.int64(50), np.int64(15), np.int64(42), np.int64(34), np.int64(16), np.int64(26), np.int64(55), np.int64(22), np.int64(18), np.int64(26), np.int64(32), np.int64(40), np.int64(6), np.int64(19), np.int64(26), np.int64(21), np.int64(18), np.int64(26), np.int64(58), np.int64(9), np.int64(25), np.int64(46), np.int64(22), np.int64(22), np.int64(40), np.int64(38)]","[np.int64(63), np.int64(40), np.int64(37), np.int64(36), np.int64(11), np.int64(11), np.int64(29), np.int64(58), np.int64(37), np.int64(26), np.int64(45), np.int64(50), np.int64(57), np.int64(3), np.int64(57), np.int64(36), np.int64(0), np.int64(25), np.int64(17), np.int64(16), np.int64(4), np.int64(28), np.int64(50), np.int64(14), np.int64(26), np.int64(62), np.int64(30), np.int64(17), np.int64(31), np.int64(33), np.int64(62), np.int64(28), np.int64(32), np.int64(42), np.int64(29), np.int64(5), np.int64(53), np.int64(3), np.int64(27), np.int64(59), np.int64(7), np.int64(62), np.int64(10), np.int64(47), np.int64(27), np.int64(42), np.int64(21), np.int64(30), np.int64(59), np.int64(32), np.int64(32), np.int64(9), np.int64(45), np.int64(29), np.int64(14), np.int64(17), np.int64(54), np.int64(24), np.int64(16), np.int64(49), np.int64(30), np.int64(34), np.int64(52), np.int64(3)]",False,False,0.0,0.0,"[42 32 32 34 32 37 17 32 10 17 32 37 32 32  7  1 10 32 17 28 43 17 10 10
 10 17 10 17 32 28 34 10 32 17 32  7 12 32  7 12 12 17 32 42 37 54 17 12
  7 28 34 28 28 17 17 37  7 17 28 28 42  4 37 37]","[42 32 32 34 32 37 37 32 10 17 32 37 32 32  7  1 10 32 17 28 43 37 10 10
 10 17 10 17 32 28 34 10 32 17 32  7 12 32  7 12 12 17 32 34 37 11 10 12
  7 28 34 28 12 34 17 37  7 17  4 28 42  4 37 37]",True,True,0.78125,1.0,"[42 32 32 34 32 37 37 32 10 17 32 37 32 32  7  1 10 32 17 28 43 37 10 10
 10 17 10 17 32 28 34 10 32 17 32  7 12 32  7 12 12 17 32 42 37 11 17 12
 34 28 34 28 12 17 34 37  7 17 28 28 42  4 37 37]","[42 32 32 34 32 10 37 32 37 17 32 37 32 32  7  1 10 32 17 28 43 37 10 10
 10 17 17 17 32 28 34 10 32 17 32  7 12 32  7 12 12 17 32 42 37 54 10 12
  7 28 34 28 12 17 17 37  7 17  4 28 42  4 37 37]",True,True,0.828125,1.0,0.04,1.0,1.0,1,1,25,0.04,1.0,1.0,1,1,25,1.0,0.0,0.0,25,0,0,1.0,0.0,0.0,25,0,0,1.0,1.0,1.0,25,25,25,1.0,1.0,1.0,25,25,25,1.0,0.88,0.88,25,22,22,1.0,1.0,1.0,25,25,25
[0.500999   1.00049988 0.         ... 0.         0.70781353 0.        ],"[56 53 53 29 29 43 11 53 29 32 32 32 32 11 32 11 58 12 32 32 53 43 32 53
 29 53 32 58 29 32 19 12 32 26 11 53 11 22 29 53 19 43 32 32 53 59 32 11
 53 38 29 19 19 32 26 56 32 32 32 11 26 22 53 53]","[22 53 53 29 29 43 11 53 29 32 32 32 32 11 32 11 58 22 32 32 53 43 32 53
 29 53 32 58 29 32 19 12 32 26 11 29 11 22 29 53 26 43 32 32 53 59 32 11
 53 38 29 19 19 32 26 56 32 32 32 11 26 22 26 53]",True,True,1.0,1.0,"[np.int64(11), np.int64(18), np.int64(35), np.int64(46), np.int64(17), np.int64(26), np.int64(40), np.int64(61), np.int64(51), np.int64(4), np.int64(57), np.int64(20), np.int64(6), np.int64(60), np.int64(63), np.int64(47), np.int64(30), np.int64(33), np.int64(6), np.int64(52), np.int64(38), np.int64(5), np.int64(45), np.int64(16), np.int64(50), np.int64(58), np.int64(20), np.int64(5), np.int64(23), np.int64(47), np.int64(37), np.int64(32), np.int64(3), np.int64(59), np.int64(4), np.int64(43), np.int64(62), np.int64(12), np.int64(12), np.int64(38), np.int64(57), np.int64(22), np.int64(55), np.int64(30), np.int64(14), np.int64(63), np.int64(45), np.int64(8), np.int64(49), np.int64(45), np.int64(38), np.int64(39), np.int64(36), np.int64(29), np.int64(28), np.int64(51), np.int64(18), np.int64(31), np.int64(14), np.int64(55), np.int64(21), np.int64(52), np.int64(47), np.int64(35)]","[np.int64(50), np.int64(5), np.int64(5), np.int64(30), np.int64(36), np.int64(23), np.int64(39), np.int64(41), np.int64(3), np.int64(10), np.int64(53), np.int64(44), np.int64(59), np.int64(28), np.int64(13), np.int64(1), np.int64(25), np.int64(6), np.int64(26), np.int64(58), np.int64(23), np.int64(25), np.int64(40), np.int64(61), np.int64(12), np.int64(5), np.int64(39), np.int64(40), np.int64(22), np.int64(3), np.int64(38), np.int64(13), np.int64(6), np.int64(17), np.int64(2), np.int64(61), np.int64(18), np.int64(12), np.int64(54), np.int64(30), np.int64(30), np.int64(55), np.int64(26), np.int64(17), np.int64(63), np.int64(20), np.int64(61), np.int64(21), np.int64(43), np.int64(4), np.int64(55), np.int64(3), np.int64(31), np.int64(10), np.int64(2), np.int64(9), np.int64(59), np.int64(7), np.int64(17), np.int64(43), np.int64(14), np.int64(17), np.int64(39), np.int64(0)]",False,False,0.0,0.0,"[56 53 53 29 29 43 11 53 29 32 32 32 32 11 32 11 58 12 32 32 53 43 32 53
 29 53 32 58 29 32 19 12 32 26 11 29 11 22 29 53 19 43 32 32 53 59 32 11
 53 20 29 19 19 32 26 56 32 32 32 19 26 22 26 53]","[56 53 53 29 29 43 11 53 29 32 32 32 32 11 32 11 58 12 32 32 53 43 32 53
 29 53 32 58 29 32 19 12 32 26 11 53 11 22 29 53 26 43 32 32 53 59 32 11
 53 40 29 19 19 32 26 56 32 32 32 11 26 22 53 53]",True,True,0.78125,1.0,"[56 53 53 29 29 43 11 53 29 32 32 32 32 11 32 11 58 12 32 32 53 43 32 53
 29 53 32 58 29 32 19 12 32 26 11 29 11 22 29 53 26 43 32 32 53 59 32 11
 53 40 29 19 19 32 26 56 32 32 32 19 26 22 53 53]","[56 53 53 29 29 43 11 53 29 32 32 32 32 11 32 11 58 12 32 32 53 43 32 53
 29 53 32 58 29 32 19 12 32 26 11 29 11 22 29 53 26 43 32 32 53 59 32 11
 53 40 29 19 19 32 26 56 32 32 32 11 26 22 26 53]",True,True,0.828125,1.0,0.04,1.0,1.0,1,1,25,0.04,1.0,1.0,1,1,25,1.0,0.0,0.0,25,0,0,1.0,0.0,0.0,25,0,0,0.64,1.0,1.0,16,16,25,0.88,1.0,1.0,22,22,25,0.76,1.0,1.0,19,19,25,0.84,1.0,1.0,21,21,25
[0.500999   0.         0.500999   ... 0.70781353 0.         0.        ],"[22 22 29 32 15 37 37 29 37 17 22 15 45 33 58 62 45 62 45 24 29 15 62 27
 62 15 37 62  2 62 24 32 62 62 37 33 32 62 29 24 37 37 32 15 15 62 45 22
 33 32 29 37 37 45 22 22 62  2 29 33 37 15 62 32]","[22 22 29 32 15 33 37 29 37 17 22 15 45 33 58 62 45 62 45 24 29 15 62 27
 62 15 37 62  2 62 24 32 62 62 37 33 32 62 29 24 15 37 32 15 33 62 33 22
 33 32 29 45 37 45 22 22 62  2 29 33 37 15 62 32]",True,True,1.0,1.0,"[np.int64(34), np.int64(43), np.int64(62), np.int64(37), np.int64(54), np.int64(53), np.int64(1), np.int64(11), np.int64(27), np.int64(10), np.int64(35), np.int64(54), np.int64(6), np.int64(4), np.int64(15), np.int64(36), np.int64(37), np.int64(20), np.int64(61), np.int64(32), np.int64(22), np.int64(10), np.int64(43), np.int64(55), np.int64(51), np.int64(48), np.int64(61), np.int64(10), np.int64(34), np.int64(41), np.int64(17), np.int64(42), np.int64(60), np.int64(13), np.int64(22), np.int64(10), np.int64(54), np.int64(1), np.int64(34), np.int64(24), np.int64(11), np.int64(42), np.int64(12), np.int64(2), np.int64(33), np.int64(11), np.int64(12), np.int64(25), np.int64(30), np.int64(49), np.int64(33), np.int64(41), np.int64(12), np.int64(63), np.int64(51), np.int64(19), np.int64(36), np.int64(42), np.int64(51), np.int64(38), np.int64(17), np.int64(8), np.int64(56), np.int64(5)]","[np.int64(7), np.int64(55), np.int64(49), np.int64(16), np.int64(40), np.int64(50), np.int64(39), np.int64(55), np.int64(6), np.int64(31), np.int64(26), np.int64(16), np.int64(41), np.int64(8), np.int64(27), np.int64(32), np.int64(38), np.int64(35), np.int64(17), np.int64(39), np.int64(5), np.int64(20), np.int64(33), np.int64(58), np.int64(35), np.int64(21), np.int64(46), np.int64(15), np.int64(48), np.int64(5), np.int64(42), np.int64(1), np.int64(1), np.int64(4), np.int64(19), np.int64(53), np.int64(48), np.int64(48), np.int64(24), np.int64(40), np.int64(47), np.int64(55), np.int64(3), np.int64(12), np.int64(38), np.int64(13), np.int64(49), np.int64(62), np.int64(40), np.int64(34), np.int64(14), np.int64(6), np.int64(24), np.int64(29), np.int64(16), np.int64(60), np.int64(37), np.int64(22), np.int64(7), np.int64(62), np.int64(6), np.int64(45), np.int64(29), np.int64(53)]",False,False,0.0,0.0,"[22 22 29 32 15 33 37 29 37 17 22 22 45 33 31 62 45 62 45 24 29 24 62 27
 62 15 37 62  6 62 24 32 62 62 37 33 32 62 29 24 15 37 32 15 33 62 33 22
 33 32 29 37 37 45 22 22 62  2 29 33 24 15 62 32]","[22 22 29 32 15 33 37 29 37 17 22 22 45 33 58 62 45 62 45 24 29 15 62 27
 62 15 22 62  2 62 24 32 62 62 37 33 32 62 29 24 15 37 32 15 15 62 45 22
 33 32 29 45 37 45 22 22 62  2 29 33 24 15 62 32]",False,True,0.78125,1.0,"[22 22 29 32 22 37 37 29 37 17 22 15 45 33 52 62 45 62 45 24 29 15 62 27
 62 24 37 62 31 62 24 32 62 62 37 33 32 62 29 24 37 37 32 15 15 62 45 22
 33 32 29 45 37 45 24 22 62  2 29 33 37 15 62 32]","[22 22 29 32 15 37 37 29 37 17 22 22 45 33 58 62 45 62 45 24 29 24 62 27
 62 24 22 62  2 62 24 32 62 62 37 33 32 62 29 24 37 24 32 15 33 62 45 22
 33 32 29 45 37 45 22 29 62  2 29 33 24 15 62 32]",False,True,0.828125,1.0,0.04,1.0,1.0,1,1,25,0.04,1.0,1.0,1,1,25,1.0,0.0,0.0,25,0,0,1.0,0.0,0.0,25,0,0,1.0,0.0,0.0,25,0,0,1.0,1.0,1.0,25,25,25,1.0,0.0,0.0,25,0,0,1.0,1.0,1.0,25,25,25
[0.       0.       0.       ... 0.500999 0.       0.500999],"[37 44 58 58 55 27 55 55  6 55 27  4  6 50 58  7 32 37 58 33 50 55 32 21
 31 36 58 55 27 61 33 55 55 55 50 61 55 55  7 32 27 50  6 27 55 58  6 50
 27 37 55 31 37 47 31 55 32 31 55 33 39 55 61 58]","[37 44 32 32 55  7 55 55  4 55  6  4  6 50 58  7 32 37  4 33 50 55 32  4
 31 44 32 55 32 61 33 55 55 55  6 61 55 55  7 32  6 50  6  7 55 37  6 27
  7 37 55 31 37 15 31 55 32 31 55 33 39 55 61 61]",True,True,1.0,1.0,"[np.int64(18), np.int64(3), np.int64(19), np.int64(37), np.int64(38), np.int64(13), np.int64(5), np.int64(5), np.int64(41), np.int64(43), np.int64(44), np.int64(50), np.int64(40), np.int64(48), np.int64(6), np.int64(29), np.int64(7), np.int64(51), np.int64(2), np.int64(1), np.int64(62), np.int64(2), np.int64(21), np.int64(44), np.int64(6), np.int64(48), np.int64(7), np.int64(57), np.int64(44), np.int64(61), np.int64(0), np.int64(56), np.int64(31), np.int64(7), np.int64(7), np.int64(10), np.int64(15), np.int64(54), np.int64(43), np.int64(33), np.int64(11), np.int64(6), np.int64(44), np.int64(59), np.int64(33), np.int64(28), np.int64(8), np.int64(21), np.int64(33), np.int64(50), np.int64(43), np.int64(32), np.int64(10), np.int64(30), np.int64(35), np.int64(47), np.int64(55), np.int64(58), np.int64(49), np.int64(38), np.int64(23), np.int64(51), np.int64(46), np.int64(19)]","[np.int64(51), np.int64(58), np.int64(58), np.int64(61), np.int64(17), np.int64(62), np.int64(30), np.int64(13), np.int64(13), np.int64(16), np.int64(17), np.int64(16), np.int64(19), np.int64(33), np.int64(36), np.int64(10), np.int64(2), np.int64(26), np.int64(46), np.int64(53), np.int64(53), np.int64(3), np.int64(45), np.int64(63), np.int64(49), np.int64(53), np.int64(57), np.int64(63), np.int64(47), np.int64(45), np.int64(28), np.int64(19), np.int64(37), np.int64(38), np.int64(60), np.int64(27), np.int64(13), np.int64(59), np.int64(41), np.int64(55), np.int64(19), np.int64(57), np.int64(11), np.int64(62), np.int64(52), np.int64(63), np.int64(4), np.int64(3), np.int64(16), np.int64(10), np.int64(53), np.int64(9), np.int64(62), np.int64(61), np.int64(5), np.int64(56), np.int64(56), np.int64(24), np.int64(54), np.int64(13), np.int64(26), np.int64(28), np.int64(11), np.int64(0)]",False,False,0.0,0.0,"[37 44 58 31 55 27 55 55  4 55 27  4  6 50 58  7 32 37 58 33 50 55 32 21
 31 36 58 55 27 61 33 55 55 55 50 61 55 55  7 32 27 50  6 27 55 58  6 50
  7 37 55 31 37 47 31 55 32 31 55 33 39 55 61 58]","[37 44 58 58 55 27 55 55  6 55  6  4  6 50 58  7 32 37  4 33 50 55 32 21
 31 44 58 55 27 61 33 55 55 55 50 61 55 55  7 32  4 50  6 27 55 37  6 27
 27 37 55 31 37 15 31 55 32 31 55 33 39 55 61 61]",True,True,0.78125,1.0,"[37 44 58 58 55 27 55 55  4 55  6  4  6 50 58  7 32 37 58 33 50 55 32 21
 31 28 58 55 27 61 33 55 55 55  6 61 55 55  7 32  6 50  6 27 55 37  6 27
  7 37 55 31 37 47 31 55 32 31 55 33 39 55 61 58]","[37 44 32 31 55 27 55 55  6 55  6  4  6 50 58  7 32 37  4 33 50 55 32 21
 31 36 58 55 27 61 58 55 55 55  6 61 55 55  7 32  6 50  6  7 55 37  6 50
 27 37 55 31 37 47 31 55 32 31 55 33 39 55 61 61]",False,True,0.828125,1.0,0.04,1.0,1.0,1,1,25,0.04,1.0,1.0,1,1,25,1.0,0.0,0.0,25,0,0,1.0,0.0,0.0,25,0,0,1.0,1.0,1.0,25,25,25,1.0,1.0,1.0,25,25,25,1.0,0.8,0.8,25,20,20,1.0,1.0,1.0,25,25,25
[0.500999   0.         0.         ... 0.         0.70781353 0.500999  ],"[11 15 38 35 49 15 11 35 22 61 32 35 27 15  7 35 22 61 35  3 47 22 35 18
 49 38 11  3 35 60 11 15 35 18 18 35 60 35 35 10  3 37 15 35  7 15 60 32
 61 35 37 38 49 22 18 60 61 43 61 60 35 35  7 28]","[49 15 38 35 49 15 11 35 22 61 32 35 27 15  7 35 22 15 35  3 47  3 35 49
 49 38 11  3 35 60 18 15 35 18 18 35 60 35 35 10  3 37 15 35  7 15 60 32
 61 35 37 38 49 22 18 60 61 15 61 60 35 35 49 28]",True,True,1.0,1.0,"[np.int64(43), np.int64(31), np.int64(33), np.int64(40), np.int64(45), np.int64(36), np.int64(36), np.int64(27), np.int64(32), np.int64(10), np.int64(40), np.int64(21), np.int64(0), np.int64(53), np.int64(0), np.int64(10), np.int64(51), np.int64(29), np.int64(43), np.int64(61), np.int64(17), np.int64(29), np.int64(5), np.int64(37), np.int64(37), np.int64(53), np.int64(4), np.int64(7), np.int64(6), np.int64(0), np.int64(18), np.int64(42), np.int64(2), np.int64(5), np.int64(53), np.int64(12), np.int64(29), np.int64(26), np.int64(15), np.int64(3), np.int64(25), np.int64(61), np.int64(32), np.int64(19), np.int64(55), np.int64(17), np.int64(34), np.int64(32), np.int64(19), np.int64(55), np.int64(30), np.int64(54), np.int64(55), np.int64(52), np.int64(54), np.int64(23), np.int64(62), np.int64(2), np.int64(22), np.int64(14), np.int64(9), np.int64(20), np.int64(12), np.int64(57)]","[np.int64(42), np.int64(53), np.int64(14), np.int64(6), np.int64(35), np.int64(11), np.int64(22), np.int64(49), np.int64(59), np.int64(46), np.int64(34), np.int64(24), np.int64(53), np.int64(7), np.int64(0), np.int64(8), np.int64(51), np.int64(33), np.int64(2), np.int64(48), np.int64(61), np.int64(7), np.int64(60), np.int64(52), np.int64(0), np.int64(3), np.int64(32), np.int64(2), np.int64(57), np.int64(18), np.int64(13), np.int64(34), np.int64(22), np.int64(42), np.int64(52), np.int64(25), np.int64(18), np.int64(1), np.int64(32), np.int64(48), np.int64(0), np.int64(12), np.int64(52), np.int64(36), np.int64(58), np.int64(26), np.int64(24), np.int64(6), np.int64(34), np.int64(37), np.int64(8), np.int64(26), np.int64(31), np.int64(20), np.int64(57), np.int64(48), np.int64(25), np.int64(17), np.int64(22), np.int64(19), np.int64(44), np.int64(48), np.int64(4), np.int64(2)]",False,False,0.0,0.0,"[ 3 15 38 35 49 15 11 35 22 61 32 35 59 15  7 35 22 61 35  3 47 22 35 49
 49 38 11  3 35  3 18 15 35 18 18 35 60 35 35 31  3 37 15 35  7 15 22 32
 61 35 37 38 49 22 18 60 61 43 61 60 35 35  7  7]","[ 3 15 38 35 49 15 11 35 22 61 32 35 59 15  7 35 22 15 35  3 47 22 35 49
 49 38 11  3 35  3 18 15 35 18 18 35 60 35 35 10  3 37 15 35  7 15 60 32
 61 35 37 38 61 22 22 60 61 43 61 60 35 35  7 28]",False,True,0.78125,1.0,"[49 15 38 35 49 15 11 35 22 61 32 35 27 61  7 35 22 15 35  3 47 22 35 18
 49 38 11  3 35  3 49 15 35 18 18 35 60 35 35 10  3 37 15 35  7 15 60 32
 61 35 37 38 49 22 22 60 61 43 61 60 35 35  7 28]","[ 3 15 38 35 49 15 11 35 22 61 32 35 27 15  7 35 22 15 35  3 47  3 35 49
 49 38 11  3 35  3 18 15 35 18 18 35 60 35 35 10  3 37 15 35  7 15 60 32
 61 35 37 38 49 22 22 60 61 43 61 60 35 35  7  7]",True,True,0.828125,1.0,0.04,1.0,1.0,1,1,25,0.04,1.0,1.0,1,1,25,1.0,0.0,0.0,25,0,0,1.0,0.0,0.0,25,0,0,1.0,0.32,0.32,25,8,8,1.0,1.0,1.0,25,25,25,1.0,0.4,0.4,25,10,10,1.0,1.0,1.0,25,25,25
[1.00049988 0.         1.00049988 ... 0.70781353 0.         0.        ],"[16 26  0 62 16 33 10  4  9 16 16  5 20 62  3 33 16 42 19 16 33 33 10  0
 42 26 16 62 42 42 42 33  9 16 42 26  0 10  9 18 26  0 16  0 24 62 26 19
 19 19 42 10 27 19 30 26 19 33 15 62 20 42 16  0]","[16 26  0 26 16 33 10  4  9 16 16  5 20 62 35 33 16 42 19 16 33 33 10  0
 42 26 16 62 42 42 42 33  9 16 42 26  0 10  9 18 26  0 16  0 49 62 26 19
 19 19 42 10 27 19 27 26 19 33 15 26 20 42 16  0]",True,True,1.0,1.0,"[np.int64(20), np.int64(11), np.int64(59), np.int64(23), np.int64(26), np.int64(17), np.int64(24), np.int64(32), np.int64(63), np.int64(47), np.int64(51), np.int64(52), np.int64(28), np.int64(32), np.int64(38), np.int64(43), np.int64(62), np.int64(30), np.int64(48), np.int64(50), np.int64(38), np.int64(58), np.int64(29), np.int64(13), np.int64(32), np.int64(49), np.int64(32), np.int64(51), np.int64(41), np.int64(46), np.int64(31), np.int64(38), np.int64(28), np.int64(11), np.int64(60), np.int64(22), np.int64(57), np.int64(55), np.int64(11), np.int64(41), np.int64(52), np.int64(4), np.int64(6), np.int64(11), np.int64(50), np.int64(54), np.int64(5), np.int64(14), np.int64(18), np.int64(62), np.int64(27), np.int64(45), np.int64(13), np.int64(44), np.int64(2), np.int64(16), np.int64(62), np.int64(20), np.int64(27), np.int64(25), np.int64(2), np.int64(7), np.int64(19), np.int64(29)]","[np.int64(27), np.int64(50), np.int64(45), np.int64(44), np.int64(49), np.int64(11), np.int64(16), np.int64(35), np.int64(32), np.int64(52), np.int64(63), np.int64(27), np.int64(29), np.int64(23), np.int64(56), np.int64(55), np.int64(53), np.int64(59), np.int64(0), np.int64(23), np.int64(10), np.int64(43), np.int64(30), np.int64(62), np.int64(13), np.int64(17), np.int64(52), np.int64(32), np.int64(55), np.int64(63), np.int64(54), np.int64(41), np.int64(1), np.int64(58), np.int64(12), np.int64(46), np.int64(29), np.int64(12), np.int64(17), np.int64(38), np.int64(11), np.int64(14), np.int64(8), np.int64(15), np.int64(16), np.int64(36), np.int64(8), np.int64(3), np.int64(63), np.int64(26), np.int64(16), np.int64(62), np.int64(45), np.int64(61), np.int64(36), np.int64(16), np.int64(28), np.int64(37), np.int64(59), np.int64(40), np.int64(46), np.int64(30), np.int64(13), np.int64(3)]",False,False,0.0,0.0,"[16 26  0 26 16 33 10  4  9 16 16  5 20 62 31 33 16 42 19 16 33 33 10  0
 42 26 16 62 42 42 42 33  9 16 42 26  0 10  9 18 26  0 16  0 49 62 26 19
 19 19 42 10 27 19 27 26 19 33 15 62 20 42 16  0]","[16 26  0 26 16 33 10  4  9 16 16  5 20 62 31 33 16 42 19 16 33 33 10  0
 42 26 16 62 42 42 42 33  9 16 42 26  0 10  9 18 26  0 16  0 24 62 26 19
 26 19 42 10 27 19 30 26 19 33 15 26 20 42 16  0]",True,True,0.78125,1.0,"[16 26  0 62 16 33 10  4  9 16 16  5 20 62 31 33 16 42 19 16 33 33 10  0
 42 26 16 62 42 42 42 33  9 16 42 26  0 10  9 18 26  0 16  0 24 62 26 10
 19 19 42 10 27 19 30 26 10 33 15 62 20 42 16  0]","[16 26  0 26 16 33 10  4  9 16 16  5 20 62 35 33 16 42 19 16 33 33 10  0
 42 26 16 62 42 42 42 33  9 16 42 26  0 10  9 18 26  0 16  0 24 62 26 19
 19 19 42 10 27 19 30 26 19 33 15 62 20 42 16  0]",True,True,0.828125,1.0,0.04,1.0,1.0,1,1,25,0.04,1.0,1.0,1,1,25,1.0,0.0,0.0,25,0,0,1.0,0.0,0.0,25,0,0,0.96,1.0,1.0,24,24,25,0.96,1.0,1.0,24,24,25,1.0,0.92,0.92,25,23,23,1.0,1.0,1.0,25,25,25
[1.00049988 0.         0.         ... 0.         0.         0.        ],"[56 60 60 43 50 38 51  7 29 43  7 12  7 56 56 34 10 29 38 41  7 50 43 50
 34  7 12 41 56  7 42  7 47 29  7 43 10 34  7 38 56  7  7  7 56  7 34 56
 50 45  7  7  7 42 12 38  7 41 60 29  7 60 41 45]","[56 42 60 43 50 42 51  7 29 43  7 12  7 56 56 41 10 29 38 41  7 50 43 50
 41  7 45 41 56  7 42  7 47 45  7 43 10 34  7 41 56  7  7  7 56  7 34 56
 42 45  7  7  7 42 12 12  7 41 41 50  7 60 41 45]",True,True,1.0,1.0,"[np.int64(40), np.int64(13), np.int64(28), np.int64(48), np.int64(8), np.int64(5), np.int64(9), np.int64(24), np.int64(41), np.int64(10), np.int64(28), np.int64(47), np.int64(37), np.int64(1), np.int64(18), np.int64(56), np.int64(21), np.int64(62), np.int64(31), np.int64(39), np.int64(58), np.int64(32), np.int64(9), np.int64(57), np.int64(39), np.int64(41), np.int64(10), np.int64(27), np.int64(4), np.int64(26), np.int64(2), np.int64(55), np.int64(43), np.int64(5), np.int64(26), np.int64(23), np.int64(45), np.int64(1), np.int64(42), np.int64(37), np.int64(13), np.int64(20), np.int64(41), np.int64(50), np.int64(61), np.int64(55), np.int64(62), np.int64(29), np.int64(5), np.int64(11), np.int64(11), np.int64(34), np.int64(63), np.int64(1), np.int64(41), np.int64(8), np.int64(58), np.int64(53), np.int64(30), np.int64(7), np.int64(57), np.int64(58), np.int64(32), np.int64(36)]","[np.int64(11), np.int64(7), np.int64(17), np.int64(4), np.int64(42), np.int64(17), np.int64(42), np.int64(37), np.int64(12), np.int64(18), np.int64(18), np.int64(4), np.int64(28), np.int64(23), np.int64(44), np.int64(44), np.int64(38), np.int64(11), np.int64(56), np.int64(17), np.int64(40), np.int64(61), np.int64(27), np.int64(58), np.int64(15), np.int64(57), np.int64(9), np.int64(23), np.int64(16), np.int64(18), np.int64(54), np.int64(1), np.int64(44), np.int64(20), np.int64(22), np.int64(28), np.int64(31), np.int64(31), np.int64(33), np.int64(39), np.int64(62), np.int64(33), np.int64(61), np.int64(31), np.int64(30), np.int64(35), np.int64(4), np.int64(20), np.int64(52), np.int64(62), np.int64(15), np.int64(15), np.int64(15), np.int64(37), np.int64(43), np.int64(60), np.int64(10), np.int64(56), np.int64(34), np.int64(43), np.int64(26), np.int64(24), np.int64(37), np.int64(18)]",False,False,0.0,0.0,"[56 42 60 43 50 38 51  7 29 43  7 12  7 56 56 34 10 29 38 41  7 50 43 50
 41  7 10 41 56  7 10  7 47 45  7 43 10 34  7 38 56  7  7  7 56  7 34 56
 50 45  7  7  7 42 12 12  7 41 60 50  7 60 41 45]","[56 60 60 43 50 38 51  7 29 43  7 12  7 56 56 41 10 29 38 10  7 50 43 50
 41  7 12 38 56  7 42  7 47 29  7 43 10 34  7 38 56  7  7  7 56  7 34 56
 50 45  7  7  7 42 12 12  7 41 60 50  7 60 41 45]",True,True,0.78125,1.0,"[56 60 60 43 50 38 51  7 29 43  7 12  7 56 56 41 10 29 38 10  7 50 43 50
 41  7 10 41 56  7 42  7 47 45  7 43 10 50  7 38 56  7  7  7 56  7 34 56
 50 45  7  7  7 42 12 38  7 41 60 50  7 60 41 45]","[56 60 60 43 50 50 51  7 29 43  7 12  7 56 56 34 10 29 38 41  7 50 43 50
 34  7 10 38 56  7 10  7 47 29  7 43 10 34  7 38 56  7  7  7 56  7 34 56
 42 45  7  7  7 42 12 12  7 41 60 50  7 60 41 45]",True,True,0.828125,1.0,0.04,1.0,1.0,1,1,25,0.04,1.0,1.0,1,1,25,1.0,0.0,0.0,25,0,0,1.0,0.0,0.0,25,0,0,1.0,1.0,1.0,25,25,25,1.0,1.0,1.0,25,25,25,1.0,0.88,0.88,25,22,22,1.0,1.0,1.0,25,25,25
[0. 0. 0. ... 0. 0. 0.],"[ 6 57 59 52 52  9  6 27  6  6 24  6 32 52  6  9  6 43 27  6 57  6 59  9
  6 14 50  6 50  9 47 59  6  8 55 43 11 24 42 43 14 59  6  6 24 52 19  6
  6 52 52 47  6 32 24  6 52  6 43  6 43  6 52 52]","[ 6 57 59 52 52  9  6 27  6  6 24  6 55 52  6  9  6 43 24  6 24  6 59 52
  6 57 50  6 50  9 57 59  6  8 55 43 11 24 48 52 14 14  6  6 24 52 19  6
  6 52 52 24  6 32 24  6 52  6 19  6 43  6 52 52]",True,True,1.0,1.0,"[np.int64(44), np.int64(13), np.int64(31), np.int64(29), np.int64(45), np.int64(3), np.int64(50), np.int64(40), np.int64(13), np.int64(5), np.int64(1), np.int64(4), np.int64(61), np.int64(50), np.int64(22), np.int64(36), np.int64(55), np.int64(54), np.int64(37), np.int64(15), np.int64(7), np.int64(34), np.int64(12), np.int64(27), np.int64(51), np.int64(28), np.int64(42), np.int64(4), np.int64(55), np.int64(12), np.int64(9), np.int64(39), np.int64(47), np.int64(62), np.int64(30), np.int64(3), np.int64(20), np.int64(35), np.int64(50), np.int64(1), np.int64(30), np.int64(37), np.int64(50), np.int64(40), np.int64(13), np.int64(56), np.int64(58), np.int64(27), np.int64(12), np.int64(50), np.int64(16), np.int64(7), np.int64(15), np.int64(41), np.int64(16), np.int64(27), np.int64(46), np.int64(23), np.int64(41), np.int64(19), np.int64(51), np.int64(63), np.int64(24), np.int64(36)]","[np.int64(1), np.int64(30), np.int64(63), np.int64(33), np.int64(59), np.int64(8), np.int64(24), np.int64(29), np.int64(53), np.int64(27), np.int64(23), np.int64(33), np.int64(16), np.int64(54), np.int64(7), np.int64(36), np.int64(22), np.int64(21), np.int64(30), np.int64(38), np.int64(49), np.int64(9), np.int64(34), np.int64(55), np.int64(29), np.int64(47), np.int64(5), np.int64(42), np.int64(28), np.int64(23), np.int64(50), np.int64(40), np.int64(46), np.int64(19), np.int64(17), np.int64(27), np.int64(2), np.int64(32), np.int64(22), np.int64(0), np.int64(55), np.int64(29), np.int64(22), np.int64(16), np.int64(29), np.int64(33), np.int64(57), np.int64(11), np.int64(2), np.int64(35), np.int64(33), np.int64(61), np.int64(1), np.int64(39), np.int64(30), np.int64(15), np.int64(22), np.int64(34), np.int64(59), np.int64(29), np.int64(62), np.int64(10), np.int64(55), np.int64(0)]",False,False,0.0,0.0,"[ 6 57 59 52 52  9  6 27  6  6 24  6 57 52  6  9  6 43 27  6 57  6 59 52
  6 57 50  6 50  9 43 59  6  8 55 43 11 24 42 43 14 59  6  6 24 52 19  6
  6 52 52 47  6 32 24  6 52  6 43  6 43  6 52  9]","[ 6 57 59 52 52  9  6 27  6  6 24  6 57 52  6  9  6 43 27  6 57  6 59 52
  6 14 50  6 50  9 43 59  6  8 55 43 11 24 48 43 14 14  6  6 24 52 19  6
  6 52 52 47  6 32 24  6 52  6 19  6 43  6  9 52]",True,True,0.78125,1.0,"[ 6 57 59 52 52  9  6 27  6  6 24  6 32 52  6  9  6 43 27  6 57  6 59 52
  6 57 50  6 50  9 43 59  6  8 55 43 11 24 42 43 19 14  6  6 24 52 19  6
  6 52 52 47  6 32 24  6 52  6 19  6 43  6  9  9]","[ 6 57 59 52 52  9  6 27  6  6 24  6 55 52  6  9  6 43 24  6 24  6 59 52
  6 14 50  6 50  9 57 59  6  8 55 43 11 24 48 43 14 59  6  6 24 52 19  6
  6 52 52 24  6 32 24  6 52  6 57  6 43  6  9 52]",True,True,0.828125,1.0,0.04,1.0,1.0,1,1,25,0.04,1.0,1.0,1,1,25,1.0,0.0,0.0,25,0,0,1.0,0.0,0.0,25,0,0,1.0,1.0,1.0,25,25,25,1.0,1.0,1.0,25,25,25,1.0,0.84,0.84,25,21,21,1.0,1.0,1.0,25,25,25
[0.         1.00049988 0.         ... 0.         0.70781353 0.        ],"[38 27 41 11 50  1 22 26 47 17 47 27 16 41 51 41 27 27 27 48 16 41 27 18
 38 38 27 27 30 38 27 22 43 25 36 27 27 22 27  1 51 27 27 27 30 48  1 27
 27 36 27 27 11 17 47 17 43 30 27  1 27  1 43 17]","[38 27 41 22 51 30 22 26 47 17 47 27 16 41 51 41 27 27 27 48 16 41 27 18
 38 38 27 27 30 38 27 22 42 25 11 27 27 22 27 18 51 27 27 27 18 48 51 27
 27 41 27 27 11 17 47 17 42 38 27 42 27 41 48 17]",True,True,1.0,1.0,"[np.int64(47), np.int64(51), np.int64(32), np.int64(34), np.int64(3), np.int64(48), np.int64(44), np.int64(50), np.int64(28), np.int64(36), np.int64(17), np.int64(7), np.int64(54), np.int64(47), np.int64(17), np.int64(47), np.int64(10), np.int64(4), np.int64(45), np.int64(3), np.int64(63), np.int64(61), np.int64(21), np.int64(20), np.int64(12), np.int64(20), np.int64(19), np.int64(33), np.int64(32), np.int64(40), np.int64(16), np.int64(62), np.int64(20), np.int64(22), np.int64(31), np.int64(51), np.int64(34), np.int64(37), np.int64(8), np.int64(25), np.int64(32), np.int64(43), np.int64(58), np.int64(54), np.int64(62), np.int64(53), np.int64(42), np.int64(28), np.int64(57), np.int64(43), np.int64(7), np.int64(20), np.int64(11), np.int64(51), np.int64(53), np.int64(58), np.int64(36), np.int64(4), np.int64(7), np.int64(61), np.int64(17), np.int64(3), np.int64(61), np.int64(23)]","[np.int64(40), np.int64(15), np.int64(23), np.int64(24), np.int64(18), np.int64(49), np.int64(4), np.int64(54), np.int64(26), np.int64(51), np.int64(28), np.int64(1), np.int64(52), np.int64(17), np.int64(16), np.int64(11), np.int64(63), np.int64(13), np.int64(15), np.int64(60), np.int64(34), np.int64(13), np.int64(47), np.int64(40), np.int64(47), np.int64(48), np.int64(54), np.int64(11), np.int64(45), np.int64(3), np.int64(55), np.int64(9), np.int64(38), np.int64(57), np.int64(51), np.int64(57), np.int64(30), np.int64(39), np.int64(31), np.int64(28), np.int64(14), np.int64(44), np.int64(40), np.int64(13), np.int64(57), np.int64(50), np.int64(30), np.int64(28), np.int64(32), np.int64(44), np.int64(41), np.int64(33), np.int64(23), np.int64(8), np.int64(61), np.int64(38), np.int64(57), np.int64(59), np.int64(37), np.int64(0), np.int64(42), np.int64(61), np.int64(24), np.int64(32)]",False,False,0.0,0.0,"[38 27 41 11 50  1 22 26 47 17 47 27 16 41 51 41 27 27 27 48 16 41 27 11
 38 17 27 27 30 38 27 22 47 25 11 27 27 22 27  1 36 27 27 27 30 48  1 27
 27 36 27 27 11 17 47 17 42 30 27 42 27 47 42 17]","[38 27 41 11 50  1 22 26 47 17 47 27 16 41 51 41 27 27 27 48 16 41 27 47
 38 17 27 27 30 38 27 22 43 25 36 27 27 22 27 18 51 27 27 27 18 48 51 27
 27 36 27 27 11 17 47 17 42 30 27  1 27 47 43 17]",True,True,0.78125,1.0,"[38 27 41 11 51  1 22 26 47 17 47 27 16 41 51 41 27 27 27 48 16 48 27 47
 38 17 27 27 30 38 27 22 42 25 11 27 27 22 27 43 36 27 27 27 30 48  1 27
 27 36 27 27 11 17 47 17 43 30 27 11 27  1 42 17]","[38 27 41 11 50 30 22 11 47 17 47 27 16 41 51 41 27 27 27 48 16 41 27 11
 38 38 27 27 30 38 27 22 36 25 36 27 27 22 27  1 51 27 27 27 18 48  1 27
 27 36 27 27 11 17 17 17 43 30 27  1 27 47 42 17]",True,True,0.828125,1.0,0.04,1.0,1.0,1,1,25,0.04,1.0,1.0,1,1,25,1.0,0.0,0.0,25,0,0,1.0,0.0,0.0,25,0,0,1.0,1.0,1.0,25,25,25,1.0,1.0,1.0,25,25,25,1.0,1.0,1.0,25,25,25,1.0,1.0,1.0,25,25,25
[0.500999   0.         0.         ... 0.         0.70781353 0.500999  ],"[11 15 38 35 49 15 11 35 22 61 32 35 27 15  7 35 22 61 35  3 47 22 35 18
 49 38 11  3 35 60 11 15 35 18 18 35 60 35 35 10  3 37 15 35  7 15 60 32
 61 35 37 38 49 22 18 60 61 43 61 60 35 35  7 28]","[49 15 38 35 49 15 11 35 22 61 32 35 27 15  7 35 22 15 35  3 47  3 35 49
 49 38 11  3 35 60 18 15 35 18 18 35 60 35 35 10  3 37 15 35  7 15 60 32
 61 35 37 38 49 22 18 60 61 15 61 60 35 35 49 28]",True,True,1.0,1.0,"[np.int64(54), np.int64(53), np.int64(49), np.int64(57), np.int64(38), np.int64(29), np.int64(22), np.int64(8), np.int64(40), np.int64(59), np.int64(49), np.int64(60), np.int64(27), np.int64(46), np.int64(28), np.int64(6), np.int64(40), np.int64(6), np.int64(54), np.int64(41), np.int64(48), np.int64(7), np.int64(19), np.int64(34), np.int64(34), np.int64(30), np.int64(30), np.int64(57), np.int64(33), np.int64(37), np.int64(34), np.int64(47), np.int64(48), np.int64(16), np.int64(6), np.int64(9), np.int64(23), np.int64(21), np.int64(63), np.int64(27), np.int64(44), np.int64(44), np.int64(31), np.int64(59), np.int64(10), np.int64(9), np.int64(42), np.int64(44), np.int64(12), np.int64(34), np.int64(45), np.int64(5), np.int64(19), np.int64(3), np.int64(39), np.int64(10), np.int64(63), np.int64(21), np.int64(14), np.int64(23), np.int64(40), np.int64(62), np.int64(30), np.int64(48)]","[np.int64(57), np.int64(60), np.int64(28), np.int64(41), np.int64(5), np.int64(4), np.int64(17), np.int64(33), np.int64(30), np.int64(21), np.int64(5), np.int64(29), np.int64(18), np.int64(1), np.int64(14), np.int64(39), np.int64(50), np.int64(17), np.int64(59), np.int64(49), np.int64(16), np.int64(11), np.int64(46), np.int64(26), np.int64(46), np.int64(25), np.int64(15), np.int64(11), np.int64(13), np.int64(22), np.int64(60), np.int64(53), np.int64(59), np.int64(29), np.int64(51), np.int64(52), np.int64(47), np.int64(22), np.int64(36), np.int64(46), np.int64(32), np.int64(10), np.int64(33), np.int64(56), np.int64(20), np.int64(7), np.int64(13), np.int64(50), np.int64(56), np.int64(34), np.int64(21), np.int64(36), np.int64(21), np.int64(45), np.int64(29), np.int64(42), np.int64(9), np.int64(36), np.int64(25), np.int64(61), np.int64(44), np.int64(2), np.int64(15), np.int64(43)]",False,False,0.0,0.0,"[11 15 38 35 49 15 22 35 22 61 32 35 59 61  7 35 22 15 35  3 47  3 35 49
 49 38 11  3 35  3 18 15 35 18 18 35 60 35 35 31  3 37 15 35  7 15 22 32
 61 35 37 38 61 22 18 60 61 43 61 60 35 35  7 28]","[49 15 38 35 49 15 22 35 22 61 32 35 59 61  7 35 22 15 35  3 47 22 35 61
 49 38 11  3 35  3 49 15 35 18 18 35 60 35 35 10  3 37 15 35  7 15 60 32
 61 35 37 38 61 22 18 60 61 43 61 60 35 35  7 28]",False,True,0.78125,1.0,"[ 3 15 38 35 49 15 11 35 22 61 32 35 27 61 10 35 22 15 35  3 47  3 35 61
 49 38 11  3 35  3 18 15 35 18 18 35 60 35 35 31  3 37 15 35  7 15 60 32
 61 35 37 38 49 22 18 60 61 43 61 60 35 35  7  7]","[11 15 38 35 49 15 11 35 22 61 32 35 27 15  7 35 22 61 35  3 47  3 35 49
 49 38 11  3 35 60 18 15 35 18 18 35 60 35 35 10  3 37 15 35  7 15 60 32
 61 35 37 38 61 22 18 60 61 43 61 60 35 35  7  7]",False,True,0.828125,1.0,0.04,1.0,1.0,1,1,25,0.04,1.0,1.0,1,1,25,1.0,0.0,0.0,25,0,0,1.0,0.0,0.0,25,0,0,1.0,0.28,0.28,25,7,7,1.0,1.0,1.0,25,25,25,1.0,0.36,0.36,25,9,9,1.0,1.0,1.0,25,25,25
[0.       0.       0.       ... 0.500999 0.       0.500999],"[37 44 58 58 55 27 55 55  6 55 27  4  6 50 58  7 32 37 58 33 50 55 32 21
 31 36 58 55 27 61 33 55 55 55 50 61 55 55  7 32 27 50  6 27 55 58  6 50
 27 37 55 31 37 47 31 55 32 31 55 33 39 55 61 58]","[37 44 32 32 55  7 55 55  4 55  6  4  6 50 58  7 32 37  4 33 50 55 32  4
 31 44 32 55 32 61 33 55 55 55  6 61 55 55  7 32  6 50  6  7 55 37  6 27
  7 37 55 31 37 15 31 55 32 31 55 33 39 55 61 61]",True,True,1.0,1.0,"[np.int64(54), np.int64(31), np.int64(23), np.int64(60), np.int64(49), np.int64(24), np.int64(38), np.int64(22), np.int64(9), np.int64(52), np.int64(63), np.int64(54), np.int64(36), np.int64(23), np.int64(34), np.int64(11), np.int64(7), np.int64(40), np.int64(35), np.int64(54), np.int64(35), np.int64(28), np.int64(0), np.int64(7), np.int64(4), np.int64(13), np.int64(43), np.int64(60), np.int64(13), np.int64(11), np.int64(41), np.int64(11), np.int64(51), np.int64(61), np.int64(33), np.int64(61), np.int64(11), np.int64(57), np.int64(39), np.int64(49), np.int64(54), np.int64(28), np.int64(29), np.int64(58), np.int64(0), np.int64(47), np.int64(54), np.int64(23), np.int64(32), np.int64(32), np.int64(42), np.int64(38), np.int64(13), np.int64(12), np.int64(23), np.int64(48), np.int64(2), np.int64(60), np.int64(28), np.int64(52), np.int64(61), np.int64(38), np.int64(32), np.int64(10)]","[np.int64(49), np.int64(15), np.int64(4), np.int64(36), np.int64(39), np.int64(32), np.int64(21), np.int64(20), np.int64(20), np.int64(33), np.int64(50), np.int64(40), np.int64(12), np.int64(14), np.int64(12), np.int64(7), np.int64(24), np.int64(39), np.int64(35), np.int64(43), np.int64(56), np.int64(14), np.int64(45), np.int64(20), np.int64(25), np.int64(46), np.int64(62), np.int64(23), np.int64(3), np.int64(43), np.int64(30), np.int64(39), np.int64(6), np.int64(35), np.int64(40), np.int64(6), np.int64(15), np.int64(54), np.int64(6), np.int64(18), np.int64(59), np.int64(57), np.int64(7), np.int64(62), np.int64(26), np.int64(8), np.int64(31), np.int64(21), np.int64(25), np.int64(15), np.int64(14), np.int64(55), np.int64(43), np.int64(49), np.int64(44), np.int64(51), np.int64(26), np.int64(3), np.int64(16), np.int64(39), np.int64(49), np.int64(38), np.int64(11), np.int64(3)]",False,False,0.0,0.0,"[37 44 58 58 55 50 55 55  6 55  6  4  6 50 58  7 32 37 58 33 50 55 32 21
 31 44 58 55 27 61 33 55 55 55  6 61 55 55  7 32 58 50  6  7 55 58  6 50
 27 37 55 31 37 47 31 55 32 31 55 33 39 55 61 58]","[37 44 58 58 55 50 55 55  4 55 27  4  6 50 58  7 32 37 58 33 50 55 32 21
 31 36 58 55 27 61 58 55 55 55  6 61 55 55  7 32  4 50  6  7 55 37  6 50
  7 37 55 31 37 47 31 55 32 31 55 33 39 55 61 61]",True,True,0.78125,1.0,"[37 44 58 31 55 50 55 55  6 55 27  4  6 50 58  7 32 37  4 33 50 55 32 21
 31 36 32 55 27 61 58 55 55 55 50 58 55 55  7 32 58 50  6 27 55 37  6 50
  7 37 55 31 37 47 31 55 32 31 55 33 39 55  7 61]","[37 44 58 58 55 27 55 55  6 55 27  4  6 50 58  7 32 37  4 33 50 55 32 21
 31 44 58 55 27 61 58 55 55 55 50 61 55 55  7 32 58 50  6  7 55 37  6 50
  7 37 55 31 37 47 31 55 32 31 55 33 39 55 61 61]",True,True,0.828125,1.0,0.04,1.0,1.0,1,1,25,0.04,1.0,1.0,1,1,25,1.0,0.0,0.0,25,0,0,1.0,0.0,0.0,25,0,0,1.0,1.0,1.0,25,25,25,1.0,1.0,1.0,25,25,25,1.0,0.8,0.8,25,20,20,1.0,1.0,1.0,25,25,25
[0.500999   0.         0.         ... 0.         1.00049988 0.        ],"[62 34 13 35 62 40 41 48 63 50 41  0 60 62  4 49 34 50 13  0 34 35 35 13
  0 63  4  0 50 13  0 40 50 34 62 62 13 34 34 50 62 62  0 41 40 50 50 34
 50 50 62 60 63 34 60 45 13 60 35 60 62  4 62 62]","[62 34 13 35 62 40 41 48 63 50 41  0 60 62  4 26 34 50 13  0 34 35 35 13
  0 63  4  0 50 13  0 41 50 34 62 62 13 35 34 50 62 62  0 41 41 50 35 34
 50 60 62 60 63 34  4 45 13 60  4 60 62  4 62 62]",True,True,1.0,1.0,"[np.int64(51), np.int64(35), np.int64(29), np.int64(53), np.int64(33), np.int64(57), np.int64(12), np.int64(59), np.int64(61), np.int64(28), np.int64(17), np.int64(58), np.int64(49), np.int64(34), np.int64(48), np.int64(28), np.int64(42), np.int64(31), np.int64(7), np.int64(19), np.int64(62), np.int64(6), np.int64(52), np.int64(2), np.int64(11), np.int64(43), np.int64(33), np.int64(53), np.int64(49), np.int64(6), np.int64(8), np.int64(58), np.int64(13), np.int64(35), np.int64(17), np.int64(42), np.int64(53), np.int64(0), np.int64(47), np.int64(44), np.int64(36), np.int64(29), np.int64(58), np.int64(9), np.int64(8), np.int64(11), np.int64(48), np.int64(0), np.int64(5), np.int64(53), np.int64(7), np.int64(9), np.int64(17), np.int64(11), np.int64(62), np.int64(54), np.int64(10), np.int64(20), np.int64(29), np.int64(5), np.int64(34), np.int64(18), np.int64(19), np.int64(37)]","[np.int64(20), np.int64(42), np.int64(8), np.int64(53), np.int64(32), np.int64(46), np.int64(62), np.int64(44), np.int64(51), np.int64(63), np.int64(25), np.int64(19), np.int64(10), np.int64(35), np.int64(15), np.int64(63), np.int64(33), np.int64(45), np.int64(38), np.int64(28), np.int64(60), np.int64(59), np.int64(28), np.int64(18), np.int64(27), np.int64(4), np.int64(34), np.int64(27), np.int64(54), np.int64(26), np.int64(8), np.int64(24), np.int64(17), np.int64(18), np.int64(27), np.int64(49), np.int64(49), np.int64(39), np.int64(10), np.int64(43), np.int64(45), np.int64(16), np.int64(41), np.int64(57), np.int64(43), np.int64(45), np.int64(59), np.int64(26), np.int64(4), np.int64(46), np.int64(25), np.int64(45), np.int64(55), np.int64(50), np.int64(14), np.int64(58), np.int64(28), np.int64(0), np.int64(55), np.int64(47), np.int64(18), np.int64(40), np.int64(21), np.int64(56)]",False,False,0.0,0.0,"[62 34 13 35 62 40 41 48 63 50 41  0 60 62  4 26 34 50 13  0 34 35 35 13
  0 63  4  0 50 13  0 41 50 34 62 62 13 35 34 50 62 62  0 41 40 50 35 34
 50 50 62 60 63 34  4 45 13 60 35 60 62  4 62 62]","[62 34 13 35 62 40 41 48 63 50 41  0 60 62  4 49 34 50 13  0 34 35 35  4
  0 63  4  0 50 13  0 41 50 34 62 62 13 35 34 50 62 62  0 41 41 50 35 34
 50 50 62 60 63 34 60 47 13 60 35 60 62  4 62 62]",True,True,0.78125,1.0,"[62 34 13 50 62 40 41 48 63 50 41  0 60 62  4 26 34 50 13  0 34 35 35 13
  0 63  4  0 50 13  0 41 50 34 62 62 13 35 34 50 62 62  0 41 41 50 35 34
 50 60 62 60 63 34 60 45 13 60  4 60 62  4 62 62]","[62 34 13 50 62 40 41 48 63 50 41  0 60 62  4 26 34 50 13  0 34 35 35 13
  0 63  4  0 50 13  0 41 50 34 62 62 13 34 34 50 62 62  0 41 41 50 35 34
 50 50 62 60 63 34 35 45 13 60  4 60 62  4 62 62]",True,True,0.828125,1.0,0.04,1.0,1.0,1,1,25,0.04,1.0,1.0,1,1,25,1.0,0.0,0.0,25,0,0,1.0,0.0,0.0,25,0,0,1.0,1.0,1.0,25,25,25,1.0,1.0,1.0,25,25,25,1.0,0.64,0.64,25,16,16,1.0,1.0,1.0,25,25,25
[0.         0.         0.         ... 1.00049988 0.         0.        ],"[27 11 16 54 62 16 60 16 16 16 62 16 60 16 16 16 16 16 20 14 16 27 27 27
 54 59 11 16 62 13 11 54 61 60 16 54 62 17 15 13 27  9 13 60  7 11  7 20
 27 20 61 54 62 56 16 54 16 11 14 16 16 16 16  9]","[27 11 16 54 27 16 60 16 16 16 62 16 60 16 16 16 16 16 20 14 16 27 27 27
 54 59 11 16 62 61 11 61 61 60 16 62 62 17  8 13 61  9 13  8 61 11 13 20
 27 20 61  9 62 56 16 20 16 11  9 16 16 16 16  9]",True,True,1.0,1.0,"[np.int64(49), np.int64(22), np.int64(54), np.int64(53), np.int64(16), np.int64(55), np.int64(61), np.int64(32), np.int64(34), np.int64(37), np.int64(51), np.int64(20), np.int64(45), np.int64(12), np.int64(52), np.int64(11), np.int64(18), np.int64(44), np.int64(51), np.int64(14), np.int64(5), np.int64(33), np.int64(60), np.int64(62), np.int64(25), np.int64(55), np.int64(52), np.int64(53), np.int64(36), np.int64(43), np.int64(36), np.int64(14), np.int64(8), np.int64(18), np.int64(15), np.int64(31), np.int64(56), np.int64(29), np.int64(42), np.int64(58), np.int64(21), np.int64(59), np.int64(50), np.int64(15), np.int64(43), np.int64(29), np.int64(36), np.int64(6), np.int64(11), np.int64(22), np.int64(5), np.int64(30), np.int64(47), np.int64(6), np.int64(7), np.int64(3), np.int64(54), np.int64(56), np.int64(46), np.int64(23), np.int64(45), np.int64(30), np.int64(22), np.int64(9)]","[np.int64(33), np.int64(8), np.int64(23), np.int64(26), np.int64(10), np.int64(55), np.int64(4), np.int64(24), np.int64(3), np.int64(27), np.int64(29), np.int64(13), np.int64(52), np.int64(3), np.int64(46), np.int64(61), np.int64(49), np.int64(45), np.int64(1), np.int64(57), np.int64(61), np.int64(25), np.int64(32), np.int64(61), np.int64(58), np.int64(35), np.int64(7), np.int64(30), np.int64(3), np.int64(50), np.int64(37), np.int64(44), np.int64(60), np.int64(59), np.int64(52), np.int64(44), np.int64(22), np.int64(9), np.int64(63), np.int64(2), np.int64(43), np.int64(59), np.int64(3), np.int64(39), np.int64(42), np.int64(45), np.int64(28), np.int64(16), np.int64(12), np.int64(24), np.int64(29), np.int64(3), np.int64(12), np.int64(28), np.int64(6), np.int64(32), np.int64(49), np.int64(30), np.int64(13), np.int64(18), np.int64(63), np.int64(35), np.int64(19), np.int64(10)]",False,False,0.0,0.0,"[27 11 16 14 27 16 60 16 16 16 62 16 60 16 16 16 16 16 20 14 16 27 27 27
 13 59 11 16 62 13 11 54 61 60 16  2 62 17 15 13 27  9 13 60  7 11  7 20
 27  9 61 54 62 14 16 54 16 11 14 16 16 16 16  9]","[27 11 16  2 27 16 60 16 16 16 62 16 60 16 16 16 16 16 20 14 16 27 27 27
 54 59 11 16 62 13 11 54 61 60 16 54 62 17 15 13 61  9 13  8  7 11  7  2
 27 20 61 54 62 14 16 20 16 11 14 16 16 16 16  9]",True,True,0.78125,1.0,"[27 11 16  2 62 16 60 16 16 16 62 16 60 16 16 16 16 16 20 14 16 27 27 27
 54 59 11 16 62 13 11  2 61 60 16  2 62 17  8 13 27  9 13 14  7 11  7 20
 27 20 61  9 62 14 16 54 16 11  9 16 16 16 16  9]","[27 11 16  2 27 16 60 16 16 16 62 16 27 16 16 16 16 16 20 14 16 27 27 27
 13 59 11 16 62 13 11 54 61 60 16 54 62 17 15 13 61  9 13 60 61 11 13 20
 27  9 61 54 62 56 16 54 16 11  9 16 16 16 16  9]",True,True,0.828125,1.0,0.04,1.0,1.0,1,1,25,0.04,1.0,1.0,1,1,25,1.0,0.0,0.0,25,0,0,1.0,0.0,0.0,25,0,0,1.0,1.0,1.0,25,25,25,1.0,1.0,1.0,25,25,25,1.0,0.96,0.96,25,24,24,1.0,1.0,1.0,25,25,25
[0.         1.00049988 0.70781353 ... 0.         1.00049988 0.500999  ],"[34 33 11 10 40 11 49 11 11 13 11 11 46 11  5 39 13 36 20 34 11 31 49  8
  8 34 46 46 34 20 11 11 34 11 11 36 11 20 40 46 11 36 31 46 36 51 11 30
 49 11  8 11 31 20 20 33 49 51 11 36 36 40 20 46]","[34 33 11 10 40 11 33 11 11 13 11 11 20 11  5 39 13 10 20 31 11 31 30  8
  8 34 30  8 31 20 11 11 34 11 11 20 11 20 40 13 11 36 20 46 36 51 11 30
 49 11 51 11 31 20 20 33 40 51 11 30 36 40 20 46]",True,True,1.0,1.0,"[np.int64(3), np.int64(61), np.int64(44), np.int64(53), np.int64(57), np.int64(10), np.int64(58), np.int64(12), np.int64(15), np.int64(33), np.int64(3), np.int64(12), np.int64(8), np.int64(1), np.int64(0), np.int64(24), np.int64(27), np.int64(44), np.int64(16), np.int64(7), np.int64(24), np.int64(20), np.int64(14), np.int64(30), np.int64(27), np.int64(21), np.int64(62), np.int64(21), np.int64(3), np.int64(58), np.int64(25), np.int64(10), np.int64(61), np.int64(42), np.int64(1), np.int64(11), np.int64(21), np.int64(7), np.int64(51), np.int64(0), np.int64(10), np.int64(45), np.int64(43), np.int64(30), np.int64(49), np.int64(38), np.int64(12), np.int64(62), np.int64(17), np.int64(38), np.int64(63), np.int64(34), np.int64(48), np.int64(59), np.int64(59), np.int64(46), np.int64(58), np.int64(2), np.int64(43), np.int64(32), np.int64(47), np.int64(19), np.int64(46), np.int64(0)]","[np.int64(30), np.int64(42), np.int64(62), np.int64(46), np.int64(50), np.int64(58), np.int64(2), np.int64(13), np.int64(26), np.int64(62), np.int64(3), np.int64(50), np.int64(8), np.int64(45), np.int64(12), np.int64(62), np.int64(60), np.int64(50), np.int64(9), np.int64(16), np.int64(51), np.int64(12), np.int64(28), np.int64(48), np.int64(44), np.int64(18), np.int64(8), np.int64(38), np.int64(53), np.int64(44), np.int64(29), np.int64(8), np.int64(33), np.int64(6), np.int64(30), np.int64(10), np.int64(24), np.int64(53), np.int64(29), np.int64(24), np.int64(47), np.int64(37), np.int64(4), np.int64(42), np.int64(10), np.int64(24), np.int64(2), np.int64(62), np.int64(12), np.int64(33), np.int64(47), np.int64(44), np.int64(30), np.int64(38), np.int64(38), np.int64(53), np.int64(3), np.int64(33), np.int64(27), np.int64(63), np.int64(63), np.int64(8), np.int64(25), np.int64(53)]",False,False,0.0,0.0,"[46 33 11 10 40 11 49 11 11 13 11 11 46 11  5 39 13 10 20 34 11 46 30  8
  8 30 30 46 31 20 11 11 34 11 11 36 11 20 40  8 11 36 31 46 10 51 11 30
 49 11 51 11 13 20 20 33 49 51 11 30 36 40 20 46]","[34 33 11 10 40 11 33 11 11 13 11 11  8 11  5 56 13 10 20 31 11 31 10  8
  8 30 30  8 46 20 11 11 34 11 11 36 11 20 40 13 11 36 31 46 10 51 11 30
 49 11  8 11 31 20 20 33 49 51 11 36 36 40 20 46]",True,True,0.78125,1.0,"[46 33 11 10 40 11 49 11 11 13 11 11 46 11  5 32 13 10 20 34 11 46 30  8
  8 34 31  8 31 20 11 11 34 11 11 36 11 20 40  8 11 36 31 46 36 51 11 30
 49 11 51 11 31 20 20 33 49 51 11 30 36 40 20 46]","[34 33 11 10 40 11 33 11 11 13 11 11  8 11  5 32 13 36 20 34 11 31 10  8
  8 34 31 46 31 20 11 11 34 11 11 20 11 20 40 46 11 36 30 46 36 51 11 30
 49 11 51 11 31 20 20 33 49 51 11 36 36 40 20 46]",True,True,0.828125,1.0,0.04,1.0,1.0,1,1,25,0.04,1.0,1.0,1,1,25,1.0,0.0,0.0,25,0,0,1.0,0.0,0.0,25,0,0,1.0,1.0,1.0,25,25,25,1.0,1.0,1.0,25,25,25,1.0,1.0,1.0,25,25,25,1.0,1.0,1.0,25,25,25
[0.         0.         1.00049988 ... 0.         0.         0.        ],"[62 32 47 28 15 63 19 19 52 19  9 19 47 63 52 19 32  9  9 19 63 19 56 19
 47  3 62  7 19 32 47 62 19 47 35 28 42 32 52 52 30 32 19 63 56 52  9 19
 15 32 63 23 19 47 11 32 19  9 15 19 47 47 19 19]","[62 32 32 28 15 63 19 19 62 19  9 19 47 15  9 19 32  9  9 19 63 19 56 19
 32  3 62  7 19 32 47 62 19 47 35 28  7 32 62 52 30 32 19 15 15  9  9 19
 15 32  9 23 19 47 11 32 19 15 15 19 47 47 19 19]",True,True,1.0,1.0,"[np.int64(33), np.int64(10), np.int64(25), np.int64(24), np.int64(52), np.int64(51), np.int64(13), np.int64(19), np.int64(20), np.int64(27), np.int64(9), np.int64(44), np.int64(63), np.int64(1), np.int64(58), np.int64(49), np.int64(17), np.int64(14), np.int64(49), np.int64(25), np.int64(10), np.int64(21), np.int64(9), np.int64(26), np.int64(28), np.int64(38), np.int64(3), np.int64(34), np.int64(13), np.int64(15), np.int64(6), np.int64(57), np.int64(41), np.int64(33), np.int64(29), np.int64(47), np.int64(16), np.int64(23), np.int64(5), np.int64(43), np.int64(25), np.int64(37), np.int64(63), np.int64(45), np.int64(2), np.int64(22), np.int64(19), np.int64(63), np.int64(6), np.int64(58), np.int64(43), np.int64(57), np.int64(12), np.int64(40), np.int64(10), np.int64(13), np.int64(46), np.int64(0), np.int64(40), np.int64(12), np.int64(19), np.int64(28), np.int64(44), np.int64(1)]","[np.int64(6), np.int64(21), np.int64(15), np.int64(12), np.int64(45), np.int64(60), np.int64(14), np.int64(18), np.int64(58), np.int64(32), np.int64(0), np.int64(43), np.int64(3), np.int64(8), np.int64(14), np.int64(51), np.int64(40), np.int64(23), np.int64(27), np.int64(38), np.int64(30), np.int64(21), np.int64(60), np.int64(28), np.int64(30), np.int64(31), np.int64(5), np.int64(7), np.int64(46), np.int64(55), np.int64(62), np.int64(33), np.int64(33), np.int64(61), np.int64(46), np.int64(13), np.int64(13), np.int64(37), np.int64(12), np.int64(30), np.int64(43), np.int64(22), np.int64(7), np.int64(24), np.int64(33), np.int64(10), np.int64(55), np.int64(11), np.int64(31), np.int64(42), np.int64(38), np.int64(11), np.int64(31), np.int64(45), np.int64(20), np.int64(15), np.int64(56), np.int64(13), np.int64(18), np.int64(26), np.int64(55), np.int64(56), np.int64(43), np.int64(5)]",False,False,0.0,0.0,"[62 32 47 28 15 56 19 19 62 19  9 19 47 15  9 19 32 63  9 19 63 19 56 19
 47  3 62  7 19 32 47 62 19 47 35 28  7 32 52 52 30 32 19 63 15 52  9 19
 15 32  9 23 19 47 11 32 19  9 15 19 47 47 19 19]","[62 32 47 28 15 52 19 19 52 19  9 19 47 63  9 19 32 63  9 19 63 19 56 19
 47  3 62 56 19 32 47 62 19 47 35 28 52 32 62 52 30 32 19 63 15 52  9 19
 15 32  9 23 19 47 11 32 19  9 15 19 47 47 19 19]",True,True,0.78125,1.0,"[62 32 32 28 15 52 19 19 52 19  9 19 47 15 52 19 32  9  9 19 63 19 56 19
 47  3 62 56 19 32 47 62 19 47 35 28  7 32 52 52 30 32 19 56 56 52  9 19
 15 32  9 23 19 47 11 32 19  9 15 19 47 47 19 19]","[62 32 47 28 15 56 19 19 52 19  9 19 47 63  9 19 32 63  9 19 63 19 56 19
 32  3 62  7 19 32 47 62 19 47 35 28 42 32 52 52 30 32 19 56 28  9  9 19
 28 32 63 23 19 47 11 32 19  9 15 19 47 47 19 19]",True,True,0.828125,1.0,0.04,1.0,1.0,1,1,25,0.04,1.0,1.0,1,1,25,1.0,0.0,0.0,25,0,0,1.0,0.0,0.0,25,0,0,1.0,0.96,0.96,25,24,24,1.0,1.0,1.0,25,25,25,1.0,0.76,0.76,25,19,19,1.0,1.0,1.0,25,25,25
[0.500999 0.       0.       ... 0.       0.500999 0.      ],"[ 6 54  6 15 62 36  6 53  6 53  6 53 62  6 44  6 46 54 40  6  0 36  6  6
 44 40 53 40 38 36 32  8  6 36 40 15  6 46  6 44  6 40 36 19  6 53  6 15
 46 10 54  0 53  6  6 40 36 46 23 62 54 59  6 62]","[ 6 54  6  8 62 36  6 44  6 53  6 53 62  6 44  6 44 54 44  6  0 36  6  6
 44 44 53 23 62 36 38 36  6 36 40 15  6 46  6 44  6 15 62 19  6 53  6 53
 46 54 54  0 53  6  6 40 36 46 23 62 54 59  6 62]",True,True,1.0,1.0,"[np.int64(28), np.int64(54), np.int64(5), np.int64(38), np.int64(48), np.int64(8), np.int64(10), np.int64(19), np.int64(42), np.int64(11), np.int64(33), np.int64(56), np.int64(41), np.int64(31), np.int64(54), np.int64(21), np.int64(28), np.int64(37), np.int64(28), np.int64(32), np.int64(26), np.int64(29), np.int64(38), np.int64(46), np.int64(23), np.int64(12), np.int64(23), np.int64(60), np.int64(37), np.int64(30), np.int64(2), np.int64(3), np.int64(6), np.int64(35), np.int64(8), np.int64(48), np.int64(52), np.int64(3), np.int64(17), np.int64(35), np.int64(37), np.int64(57), np.int64(39), np.int64(11), np.int64(61), np.int64(46), np.int64(27), np.int64(5), np.int64(54), np.int64(42), np.int64(56), np.int64(53), np.int64(6), np.int64(4), np.int64(42), np.int64(34), np.int64(21), np.int64(11), np.int64(1), np.int64(38), np.int64(25), np.int64(10), np.int64(42), np.int64(50)]","[np.int64(37), np.int64(10), np.int64(30), np.int64(8), np.int64(28), np.int64(62), np.int64(63), np.int64(26), np.int64(61), np.int64(7), np.int64(31), np.int64(62), np.int64(42), np.int64(43), np.int64(34), np.int64(10), np.int64(14), np.int64(29), np.int64(55), np.int64(12), np.int64(55), np.int64(52), np.int64(26), np.int64(16), np.int64(3), np.int64(53), np.int64(23), np.int64(49), np.int64(35), np.int64(38), np.int64(61), np.int64(51), np.int64(4), np.int64(1), np.int64(14), np.int64(44), np.int64(37), np.int64(48), np.int64(62), np.int64(55), np.int64(37), np.int64(49), np.int64(32), np.int64(37), np.int64(58), np.int64(54), np.int64(6), np.int64(55), np.int64(46), np.int64(15), np.int64(36), np.int64(60), np.int64(60), np.int64(38), np.int64(19), np.int64(44), np.int64(48), np.int64(34), np.int64(23), np.int64(45), np.int64(38), np.int64(14), np.int64(4), np.int64(2)]",False,False,0.0,0.0,"[ 6 54  6  8 62 36  6 53  6 53  6 53 53  6 53  6 46 54 40  6  0 36  6  6
 44 40 53 40 38 36 38  8  6 36 40 15  6 46  6 44  6 15 62 19  6 53  6 15
 46 10 54  0 53  6  6 40 36 46 23 62 54 59  6 62]","[ 6 54  6 15 62 36  6 44  6 53  6 53 53  6 53  6 36 54 40  6  0 36  6  6
 44 40 53 46 38 36 38  8  6 36 40 15  6 46  6 44  6 40 36 19  6 53  6 15
 46 10 54  0 53  6  6 40 36 46 23 62 54 59  6 62]",True,True,0.78125,1.0,"[ 6 54  6  8 62 36  6 53  6 53  6 53 62  6 44  6 36 54 40  6  0 36  6  6
 44 40 53 40 38 36 38  8  6 36 40 15  6 46  6 44  6 40 62 19  6 53  6 15
 46 10 54  0 53  6  6 40 36 46 23 62 54 59  6 62]","[ 6 54  6 15 62 36  6 53  6 53  6 53 53  6 53  6 46 54 44  6  0 36  6  6
 44 40 53 23 38 36 38  8  6 36 40 15  6 46  6 44  6 40 36 19  6 53  6 15
 46 54 54  0 53  6  6 40 36 46 23 62 54 59  6 62]",True,True,0.828125,1.0,0.04,1.0,1.0,1,1,25,0.04,1.0,1.0,1,1,25,1.0,0.0,0.0,25,0,0,1.0,0.0,0.0,25,0,0,1.0,1.0,1.0,25,25,25,0.92,1.0,1.0,23,23,25,1.0,0.92,0.92,25,23,23,1.0,1.0,1.0,25,25,25
[0.         1.00049988 0.         ... 0.         0.70781353 0.        ],"[38 27 41 11 50  1 22 26 47 17 47 27 16 41 51 41 27 27 27 48 16 41 27 18
 38 38 27 27 30 38 27 22 43 25 36 27 27 22 27  1 51 27 27 27 30 48  1 27
 27 36 27 27 11 17 47 17 43 30 27  1 27  1 43 17]","[38 27 41 22 51 30 22 26 47 17 47 27 16 41 51 41 27 27 27 48 16 41 27 18
 38 38 27 27 30 38 27 22 42 25 11 27 27 22 27 18 51 27 27 27 18 48 51 27
 27 41 27 27 11 17 47 17 42 38 27 42 27 41 48 17]",True,True,1.0,1.0,"[np.int64(29), np.int64(59), np.int64(40), np.int64(35), np.int64(16), np.int64(44), np.int64(8), np.int64(9), np.int64(3), np.int64(31), np.int64(26), np.int64(10), np.int64(21), np.int64(43), np.int64(43), np.int64(47), np.int64(51), np.int64(17), np.int64(18), np.int64(40), np.int64(18), np.int64(51), np.int64(36), np.int64(57), np.int64(50), np.int64(31), np.int64(44), np.int64(40), np.int64(61), np.int64(22), np.int64(47), np.int64(15), np.int64(54), np.int64(33), np.int64(35), np.int64(37), np.int64(55), np.int64(28), np.int64(39), np.int64(41), np.int64(6), np.int64(44), np.int64(38), np.int64(42), np.int64(42), np.int64(51), np.int64(46), np.int64(15), np.int64(61), np.int64(61), np.int64(15), np.int64(12), np.int64(34), np.int64(55), np.int64(14), np.int64(31), np.int64(19), np.int64(4), np.int64(3), np.int64(56), np.int64(55), np.int64(19), np.int64(11), np.int64(52)]","[np.int64(1), np.int64(52), np.int64(19), np.int64(33), np.int64(29), np.int64(58), np.int64(35), np.int64(43), np.int64(5), np.int64(60), np.int64(22), np.int64(58), np.int64(31), np.int64(14), np.int64(46), np.int64(9), np.int64(42), np.int64(12), np.int64(7), np.int64(12), np.int64(7), np.int64(20), np.int64(8), np.int64(30), np.int64(12), np.int64(19), np.int64(47), np.int64(11), np.int64(0), np.int64(12), np.int64(58), np.int64(0), np.int64(14), np.int64(54), np.int64(25), np.int64(24), np.int64(12), np.int64(24), np.int64(47), np.int64(37), np.int64(51), np.int64(14), np.int64(27), np.int64(40), np.int64(45), np.int64(30), np.int64(30), np.int64(37), np.int64(37), np.int64(19), np.int64(4), np.int64(49), np.int64(42), np.int64(55), np.int64(54), np.int64(23), np.int64(47), np.int64(44), np.int64(48), np.int64(11), np.int64(2), np.int64(39), np.int64(56), np.int64(17)]",False,False,0.0,0.0,"[38 27 41 11 50  1 22 26 47 17 47 27 16 41 51 41 27 27 27 48 16 48 27 11
 38 17 27 27 30 38 27 22 43 25 36 27 27 22 27 18 36 27 27 27 30 48  1 27
 27 36 27 27 11 17 47 17 43 30 27  1 27 47 42 17]","[38 27 41 11 50 30 22 26 47 17 47 27 16 41 51 41 27 27 27 48 16 48 27 47
 38 38 27 27 30 38 27 22 36 25 36 27 27 22 27 43 51 27 27 27 18 48 51 27
 27 36 27 27 11 17 47 17 43 30 27 42 27 26 42 17]",True,True,0.78125,1.0,"[38 27 41 11 50  1 22 26 47 17 47 27 16 41 51 41 27 27 27 48 16 48 27 18
 38 38 27 27 30 38 27 22 47 25 11 27 27 22 27  1 51 27 27 27 30 48  1 27
 27 41 27 27 11 17 47 17 43 30 27 11 27  1 43 17]","[38 27 41 11 50 30 22 11 47 17 47 27 16 41 51 41 27 27 27 48 16 48 27 47
 38 17 27 27 30 38 27 22 43 25 36 27 27 22 27  1 51 27 27 27 18 48  1 27
 27 41 27 27 11 17 47 17 43 38 27 11 27 41 42 17]",True,True,0.828125,1.0,0.04,1.0,1.0,1,1,25,0.04,1.0,1.0,1,1,25,1.0,0.0,0.0,25,0,0,1.0,0.0,0.0,25,0,0,1.0,1.0,1.0,25,25,25,1.0,1.0,1.0,25,25,25,1.0,1.0,1.0,25,25,25,1.0,1.0,1.0,25,25,25
[1.00049988 0.         0.         ... 0.         0.         0.        ],"[46 39  9 34 47 34 25  9 41 47 41 18 46 63  4 25 18 34 47 41 43 39 45 34
 25 47 34 47  4  4 45 16 43 53 47 25  4 34 25 47 18 47 34 47  4 47 47 47
 27 47 46 63  4 47 27 41 27  4 45 45 39 34 46 47]","[46 39  9 34 47 34 25  9 41 47 41 18 46 53  4 25 18 34 47 41 43 39 39 34
 25 47 18 47  4  4  9 16 43 53 47 25 41 34 25 47 18 47 34 47  4 47 47 47
 18 47 25 41  4 47 27 41 27  4 39 46 39 34 46 47]",True,True,1.0,1.0,"[np.int64(36), np.int64(21), np.int64(41), np.int64(28), np.int64(3), np.int64(60), np.int64(45), np.int64(42), np.int64(36), np.int64(37), np.int64(58), np.int64(27), np.int64(45), np.int64(49), np.int64(59), np.int64(16), np.int64(31), np.int64(44), np.int64(53), np.int64(22), np.int64(26), np.int64(60), np.int64(4), np.int64(42), np.int64(26), np.int64(60), np.int64(23), np.int64(34), np.int64(14), np.int64(21), np.int64(0), np.int64(18), np.int64(55), np.int64(28), np.int64(60), np.int64(38), np.int64(37), np.int64(35), np.int64(53), np.int64(32), np.int64(6), np.int64(3), np.int64(45), np.int64(21), np.int64(11), np.int64(50), np.int64(9), np.int64(35), np.int64(47), np.int64(53), np.int64(54), np.int64(52), np.int64(5), np.int64(40), np.int64(62), np.int64(35), np.int64(7), np.int64(14), np.int64(14), np.int64(45), np.int64(34), np.int64(10), np.int64(47), np.int64(27)]","[np.int64(6), np.int64(52), np.int64(27), np.int64(30), np.int64(61), np.int64(18), np.int64(35), np.int64(11), np.int64(0), np.int64(34), np.int64(43), np.int64(17), np.int64(56), np.int64(2), np.int64(54), np.int64(34), np.int64(52), np.int64(49), np.int64(18), np.int64(39), np.int64(6), np.int64(30), np.int64(10), np.int64(57), np.int64(62), np.int64(30), np.int64(12), np.int64(36), np.int64(49), np.int64(56), np.int64(6), np.int64(41), np.int64(14), np.int64(34), np.int64(43), np.int64(40), np.int64(1), np.int64(62), np.int64(5), np.int64(8), np.int64(9), np.int64(44), np.int64(63), np.int64(27), np.int64(20), np.int64(40), np.int64(54), np.int64(6), np.int64(61), np.int64(35), np.int64(3), np.int64(51), np.int64(58), np.int64(38), np.int64(47), np.int64(11), np.int64(30), np.int64(17), np.int64(21), np.int64(51), np.int64(54), np.int64(10), np.int64(30), np.int64(17)]",False,False,0.0,0.0,"[46 39  9 34 47 34 25  9 41 47 41 18 53 63  4 25 18 34 47 41 43 39 45 34
 25 47 34 47  4  4 45 16 43 53 47 25  4 34 25 47 18 47 34 47  4 47 47 47
 27 47 46 63  4 47 27 41 27  4 27 45 39 34 46 47]","[46 39  9 34 47 34 25  9 41 47 41 18 46 53  4 25 18 34 47 41 43 39 45 34
 25 47 34 47  4  4  9 16 43 53 47 25  4 34 25 47 18 47 34 47  4 47 47 47
 27 47 25 63  4 47 27 41 27  4 39  9 53 34 46 47]",True,True,0.78125,1.0,"[46 27  9 34 47 34 25  9 41 47 41 18 53 63  4 25 18 34 47 41 43 39 43 34
 25 47 18 47  4  4 45 16 43 53 47 25  4 34 25 47 18 47 34 47  4 47 47 47
 27 47 46 63  4 47 27 41 27  4 45  9 39 34 46 47]","[46 39  9 34 47 34 25  9 41 47 41 18 46 53  4 25 18 34 47 41 43 39 39 34
 25 47 34 47  4  4 45 16 43 18 47 25  4 34 25 47 18 47 34 47  4 47 47 47
 41 47 46 63  4 47 27 41 27  4 45 43 53 34 46 47]",True,True,0.828125,1.0,0.04,1.0,1.0,1,1,25,0.04,1.0,1.0,1,1,25,1.0,0.0,0.0,25,0,0,1.0,0.0,0.0,25,0,0,1.0,0.92,0.92,25,23,23,1.0,1.0,1.0,25,25,25,1.0,0.72,0.72,25,18,18,1.0,1.0,1.0,25,25,25
[0.500999 0.500999 0.       ... 0.       0.       0.      ],"[49  2 55 55 57 55 18 61 55  5  3 55 62 61  5 33 60 18 55  8 53 55 43 55
 57 61 35 53  8 18 35 21 57 55 23 55 62 33 57 49  8 23 21 55 35 57 18 49
 61 55 55 61 55 55 49 55 23 55 61 57 55 55 55  3]","[49  2 55 55 57 55 18 57 55  5  3 55 62 61  5 60 60 61 55  8 53 55 43 55
 57  3 43 53  8 18 35  2 57 55 23 55  2 33 57 49  8  3 43 55 35 57 18 49
 43 55 55  2 55 55 49 55 23 55 57 57 55 55 55  3]",True,True,1.0,1.0,"[np.int64(27), np.int64(3), np.int64(8), np.int64(54), np.int64(17), np.int64(5), np.int64(54), np.int64(59), np.int64(34), np.int64(59), np.int64(45), np.int64(33), np.int64(34), np.int64(17), np.int64(50), np.int64(46), np.int64(13), np.int64(36), np.int64(24), np.int64(21), np.int64(39), np.int64(40), np.int64(15), np.int64(60), np.int64(42), np.int64(53), np.int64(31), np.int64(42), np.int64(52), np.int64(59), np.int64(25), np.int64(59), np.int64(16), np.int64(25), np.int64(55), np.int64(7), np.int64(18), np.int64(49), np.int64(32), np.int64(49), np.int64(15), np.int64(31), np.int64(53), np.int64(34), np.int64(21), np.int64(46), np.int64(55), np.int64(9), np.int64(60), np.int64(12), np.int64(46), np.int64(2), np.int64(37), np.int64(56), np.int64(63), np.int64(1), np.int64(28), np.int64(37), np.int64(23), np.int64(40), np.int64(46), np.int64(59), np.int64(9), np.int64(38)]","[np.int64(53), np.int64(54), np.int64(2), np.int64(28), np.int64(24), np.int64(44), np.int64(33), np.int64(31), np.int64(5), np.int64(22), np.int64(60), np.int64(60), np.int64(35), np.int64(38), np.int64(44), np.int64(16), np.int64(17), np.int64(45), np.int64(20), np.int64(58), np.int64(63), np.int64(30), np.int64(33), np.int64(42), np.int64(23), np.int64(54), np.int64(59), np.int64(24), np.int64(56), np.int64(32), np.int64(56), np.int64(43), np.int64(25), np.int64(22), np.int64(36), np.int64(57), np.int64(8), np.int64(1), np.int64(36), np.int64(28), np.int64(6), np.int64(3), np.int64(57), np.int64(10), np.int64(47), np.int64(57), np.int64(15), np.int64(7), np.int64(13), np.int64(23), np.int64(39), np.int64(21), np.int64(8), np.int64(1), np.int64(17), np.int64(38), np.int64(50), np.int64(28), np.int64(9), np.int64(45), np.int64(40), np.int64(41), np.int64(45), np.int64(1)]",False,False,0.0,0.0,"[49  2 55 55 57 55 18 61 55  5  3 55 62 61  5 60 60 18 55  8 53 55 43 55
 57  3 35 53  8 18 35  5 57 55 23 55  2 33 57 49  8 23 21 55 35 57 18 49
 61 55 55  2 55 55 49 55 23 55 57 57 55 55 55  3]","[49  2 55 55 57 55 18 61 55  5  3 55 62 61  5 60 60 18 55  8 53 55 43 55
 43  3 43 53  8 18 35  5 57 55 23 55  2 33 57 49  8 23 21 55 35 57 18 49
 43 55 55  2 55 55  8 55 23 55 57 57 55 55 55  3]",True,True,0.78125,1.0,"[49  2 55 55 35 55 18 57 55  5  3 55 62 61  5 60 60 18 55  8 53 55 43 55
 43  3 35 53  8 18 35  5 57 55 23 55 62 33 35 49  8  3 21 55 35 57 18 49
 43 55 55  2 55 55 35 55 23 55 57 57 55 55 55  3]","[49  2 55 55 57 55 18 61 55  5  3 55 62 61  5  3 60 18 55  8 53 55 43 55
 43  3 35 53  8 18 35  2 57 55 23 55  2 33 35 49  8  2 43 55 35 57 18 49
 43 55 55  2 55 55 35 55 23 55 57 57 55 55 55  3]",True,True,0.828125,1.0,0.04,1.0,1.0,1,1,25,0.04,1.0,1.0,1,1,25,1.0,0.0,0.0,25,0,0,1.0,0.0,0.0,25,0,0,1.0,1.0,1.0,25,25,25,1.0,1.0,1.0,25,25,25,1.0,1.0,1.0,25,25,25,1.0,1.0,1.0,25,25,25
[0.         0.70781353 0.         ... 0.         0.         0.500999  ],"[51  0  8 15  0 51 31 35 51 48 19 41 19 35 48 51 31 31  8 51  0 51  0 51
 54  8 40 51  8 51 19 51 35 35 41 51 21  0 15 27 51 51 51 15 23 21 21 15
 51 41 51 51 40  5 51 48 19  0 35 48 41 35 35 21]","[51  0  8 15  0 51 31 35 51 23 19 41 19 35 48 51 31 31  8 51  0 51  0 51
 54  8 40 51  8 51 19 51 35 35 41 51 21  0 15 23 51 51 51 15 23 21 21 23
 51 48 51 51 40  5 51 48 19  0 35 23 41 35 35 21]",True,True,1.0,1.0,"[np.int64(51), np.int64(10), np.int64(18), np.int64(38), np.int64(26), np.int64(19), np.int64(62), np.int64(33), np.int64(41), np.int64(7), np.int64(61), np.int64(44), np.int64(11), np.int64(0), np.int64(37), np.int64(8), np.int64(63), np.int64(17), np.int64(3), np.int64(61), np.int64(53), np.int64(24), np.int64(32), np.int64(35), np.int64(14), np.int64(20), np.int64(40), np.int64(25), np.int64(23), np.int64(46), np.int64(56), np.int64(34), np.int64(23), np.int64(29), np.int64(11), np.int64(45), np.int64(23), np.int64(18), np.int64(45), np.int64(27), np.int64(59), np.int64(47), np.int64(33), np.int64(46), np.int64(30), np.int64(38), np.int64(61), np.int64(11), np.int64(40), np.int64(27), np.int64(32), np.int64(49), np.int64(36), np.int64(26), np.int64(5), np.int64(4), np.int64(37), np.int64(15), np.int64(36), np.int64(4), np.int64(16), np.int64(5), np.int64(20), np.int64(55)]","[np.int64(33), np.int64(62), np.int64(27), np.int64(18), np.int64(18), np.int64(23), np.int64(17), np.int64(41), np.int64(61), np.int64(18), np.int64(4), np.int64(13), np.int64(28), np.int64(41), np.int64(46), np.int64(19), np.int64(29), np.int64(58), np.int64(6), np.int64(32), np.int64(60), np.int64(42), np.int64(21), np.int64(4), np.int64(40), np.int64(50), np.int64(9), np.int64(17), np.int64(56), np.int64(17), np.int64(60), np.int64(4), np.int64(39), np.int64(32), np.int64(63), np.int64(48), np.int64(60), np.int64(4), np.int64(18), np.int64(12), np.int64(54), np.int64(28), np.int64(15), np.int64(9), np.int64(54), np.int64(0), np.int64(56), np.int64(53), np.int64(42), np.int64(21), np.int64(15), np.int64(41), np.int64(44), np.int64(24), np.int64(6), np.int64(54), np.int64(47), np.int64(45), np.int64(36), np.int64(31), np.int64(40), np.int64(8), np.int64(25), np.int64(30)]",False,False,0.0,0.0,"[51  0  8 15  0 51 31 35 51 48 19 41 19 35 48 51 31 31  8 51 41 51  0 51
 54  8 40 51  8 51 19 51 35 35 41 51 21  0 15 27 51 51 51 15 31 21 21 15
 51 41 51 51 40  5 51 48 19  0 35 48 41 35 35 21]","[51  0  8 15  0 51 31 35 51 23 19 41 19 35 48 51 31 31  8 51  0 51  0 51
 54  8 40 51  8 51 19 51 35 35 41 51 21  0 15 31 51 51 51 15 23 21 21 23
 51 41 51 51 40  5 51 48 19  0 35 23 41 35 35 21]",True,True,0.78125,1.0,"[51  0  8 19  0 51 31 35 51 23 19 41  5 35 48 51 31 31  8 51  0 51  0 51
 54  8 40 51  8 51 19 51 35 35 41 51 21  0 15 29 51 51 51 15 54 21 21 23
 51 41 51 51 40  5 51 31 19  0 35 48 41 35 35 21]","[51  0  8 19  0 51 31 35 51 48 19 41  5 35 48 51 31 31  8 51  0 51  0 51
 54  8 40 51  8 51 19 51 35 35 41 51 21  0 15 31 51 51 51 15 31 21 21 23
 51 41 51 51 40  5 51 31 19  0 35 23 41 35 35 21]",False,True,0.828125,1.0,0.04,1.0,1.0,1,1,25,0.04,1.0,1.0,1,1,25,1.0,0.0,0.0,25,0,0,1.0,0.0,0.0,25,0,0,1.0,1.0,1.0,25,25,25,1.0,1.0,1.0,25,25,25,1.0,0.88,0.88,25,22,22,0.96,1.0,1.0,24,24,25
[1.00049988 0.         0.         ... 1.00049988 0.70781353 1.00049988],"[10 36  1 33 33 32 36 44 32 33 29 33  1  1 33 32 33  6 29 33 44  1  1 11
  6 29  1  6 44 36 28 29 36 36  6 44 36 33 29 29 29 33  1 44 36 44  1 44
  6 29  2 55  6 33  6 36 29 33 55 32  6 21  1  6]","[43 36  1 33 33 32 36 44 32 33 29 33  1  1 33 32  1  6 29 33 44  1  1 45
  6 29  1  6 44 36 28 29 36 36  6 44 36 33 29 29 29 33  1 44 36 44  1 44
  6  1  2 55  6 33  6 36 29 33 55 32  6 21  1  6]",True,True,1.0,1.0,"[np.int64(58), np.int64(53), np.int64(12), np.int64(43), np.int64(45), np.int64(17), np.int64(58), np.int64(9), np.int64(47), np.int64(16), np.int64(55), np.int64(40), np.int64(14), np.int64(50), np.int64(11), np.int64(47), np.int64(29), np.int64(47), np.int64(46), np.int64(0), np.int64(62), np.int64(60), np.int64(59), np.int64(16), np.int64(59), np.int64(45), np.int64(7), np.int64(0), np.int64(13), np.int64(25), np.int64(54), np.int64(8), np.int64(24), np.int64(22), np.int64(24), np.int64(39), np.int64(38), np.int64(17), np.int64(48), np.int64(36), np.int64(54), np.int64(57), np.int64(17), np.int64(1), np.int64(4), np.int64(21), np.int64(40), np.int64(10), np.int64(22), np.int64(51), np.int64(54), np.int64(48), np.int64(11), np.int64(1), np.int64(1), np.int64(2), np.int64(18), np.int64(3), np.int64(61), np.int64(53), np.int64(8), np.int64(56), np.int64(31), np.int64(2)]","[np.int64(25), np.int64(19), np.int64(22), np.int64(25), np.int64(62), np.int64(31), np.int64(50), np.int64(1), np.int64(0), np.int64(33), np.int64(58), np.int64(19), np.int64(15), np.int64(59), np.int64(45), np.int64(47), np.int64(36), np.int64(29), np.int64(59), np.int64(46), np.int64(42), np.int64(11), np.int64(24), np.int64(22), np.int64(48), np.int64(25), np.int64(9), np.int64(7), np.int64(21), np.int64(40), np.int64(44), np.int64(17), np.int64(0), np.int64(32), np.int64(38), np.int64(27), np.int64(43), np.int64(32), np.int64(18), np.int64(37), np.int64(63), np.int64(28), np.int64(20), np.int64(9), np.int64(14), np.int64(39), np.int64(63), np.int64(29), np.int64(0), np.int64(46), np.int64(62), np.int64(4), np.int64(10), np.int64(4), np.int64(59), np.int64(29), np.int64(49), np.int64(29), np.int64(60), np.int64(49), np.int64(22), np.int64(32), np.int64(50), np.int64(57)]",False,False,0.0,0.0,"[10 36  1 33 33 32 36 44 32 33 29 33  1  1 33 32 33  6 29 33 44  1  1 11
  6 29  1  6 44 36 34 29 36 36  6 44 36 33 29 29 29 33  1 44 36 44  1 44
  6 29  2 55  6 33  6 36 29 33 55 32  6 21  1  6]","[10 36  1 33 33 32 36 44 32 33 29 33  1  1 33 32 33  6 29 33 44  1  1 11
  6 29  1  6 44 36 28 29 36 36  6 44 36 33 29 29 29 33  1 44 36 44  1 44
  6 29  2 55  6 33  6 36 29 33 55 32  6 21  1  6]",False,True,0.78125,1.0,"[10 36  1 33 33 32 36 44 33 33 29 33  1  1 33 32 33  6 29 33 44  1  1 45
  6 29  1  6 44 36 28 29 36 36  6 44 36 33 29 29 29 33  1 44 36 44  1 44
  6 29  2 55  6 33  6 36 29 33 55 32  6 21  1  6]","[43 36  1 33 33 32 36 44 32 33 29 33  1  1 33 32 33  6 29 33 44  1  1 45
  6 29  1  6 44 36 28 29 36 36  6 44 36 33 29 29 29 33  1 44 36 44  1 44
  6 29  2 55  6 33  6 36 29 33 55 32  6 21  1  6]",True,True,0.828125,1.0,0.04,1.0,1.0,1,1,25,0.04,1.0,1.0,1,1,25,1.0,0.0,0.0,25,0,0,1.0,0.0,0.0,25,0,0,0.28,0.14285714285714285,0.04,7,1,1,0.24,1.0,1.0,6,6,25,0.72,0.1111111111111111,0.12,18,2,3,0.68,1.0,1.0,17,17,25
[0.       0.       0.       ... 0.500999 0.       0.500999],"[37 44 58 58 55 27 55 55  6 55 27  4  6 50 58  7 32 37 58 33 50 55 32 21
 31 36 58 55 27 61 33 55 55 55 50 61 55 55  7 32 27 50  6 27 55 58  6 50
 27 37 55 31 37 47 31 55 32 31 55 33 39 55 61 58]","[37 44 32 32 55  7 55 55  4 55  6  4  6 50 58  7 32 37  4 33 50 55 32  4
 31 44 32 55 32 61 33 55 55 55  6 61 55 55  7 32  6 50  6  7 55 37  6 27
  7 37 55 31 37 15 31 55 32 31 55 33 39 55 61 61]",True,True,1.0,1.0,"[np.int64(44), np.int64(20), np.int64(57), np.int64(4), np.int64(7), np.int64(10), np.int64(38), np.int64(2), np.int64(60), np.int64(51), np.int64(16), np.int64(50), np.int64(49), np.int64(41), np.int64(16), np.int64(61), np.int64(39), np.int64(22), np.int64(45), np.int64(56), np.int64(15), np.int64(44), np.int64(30), np.int64(55), np.int64(31), np.int64(32), np.int64(9), np.int64(20), np.int64(31), np.int64(38), np.int64(56), np.int64(25), np.int64(60), np.int64(24), np.int64(24), np.int64(54), np.int64(57), np.int64(57), np.int64(2), np.int64(63), np.int64(10), np.int64(48), np.int64(44), np.int64(40), np.int64(12), np.int64(35), np.int64(19), np.int64(9), np.int64(3), np.int64(56), np.int64(27), np.int64(25), np.int64(43), np.int64(52), np.int64(38), np.int64(33), np.int64(14), np.int64(57), np.int64(2), np.int64(62), np.int64(6), np.int64(45), np.int64(15), np.int64(36)]","[np.int64(3), np.int64(12), np.int64(39), np.int64(61), np.int64(63), np.int64(15), np.int64(23), np.int64(54), np.int64(35), np.int64(33), np.int64(46), np.int64(47), np.int64(63), np.int64(31), np.int64(35), np.int64(44), np.int64(53), np.int64(47), np.int64(12), np.int64(6), np.int64(7), np.int64(30), np.int64(28), np.int64(3), np.int64(8), np.int64(12), np.int64(29), np.int64(55), np.int64(56), np.int64(57), np.int64(9), np.int64(58), np.int64(39), np.int64(6), np.int64(13), np.int64(39), np.int64(4), np.int64(28), np.int64(54), np.int64(7), np.int64(39), np.int64(31), np.int64(31), np.int64(47), np.int64(27), np.int64(35), np.int64(39), np.int64(12), np.int64(53), np.int64(23), np.int64(15), np.int64(4), np.int64(20), np.int64(0), np.int64(58), np.int64(6), np.int64(29), np.int64(8), np.int64(16), np.int64(3), np.int64(35), np.int64(27), np.int64(31), np.int64(43)]",False,False,0.0,0.0,"[37 44 58 58 55 50 55 55  4 55 27  4  6 50 58  7 32 37 58 33 50 55 32 21
 31 36 58 55 27 61 58 55 55 55  6 58 55 55  7 32  6 50  6 27 55 37  6 50
 27 37 55 31 37 47 31 55 32 31 55 33 39 55 61 61]","[37 44 58 31 55  7 55 55  4 55  6  4  6 50 58  7 32 37 58 33 50 55 32 21
 31 44 58 55 27 61 58 55 55 55  6 58 55 55  7 32  6 50  6  7 55 37  6 50
  7 37 55 31 37 47 31 55 32 31 55 33 39 55 61 58]",True,True,0.78125,1.0,"[37 44 58 31 55 27 55 55  6 55  6  4  6 50 58  7 32 37  4 33 50 55 32  4
 31 36 58 55 27 61 33 55 55 55 50 58 55 55  7 32 58 50  6  7 55 58  6 50
 27 37 55 31 37 47 31 55 32 31 55 33 39 55 61 61]","[37 44 32 58 55 27 55 55  6 55  6  4  6 50 58  7 32 37 58 33 50 55 32  4
 31 44 58 55 27 61 58 55 55 55  6 58 55 55  7 32 58 50  6  7 55 37  6 27
 27 37 55 31 37 47 31 55 32 31 55 33 39 55 61 58]",True,True,0.828125,1.0,0.04,1.0,1.0,1,1,25,0.04,1.0,1.0,1,1,25,1.0,0.0,0.0,25,0,0,1.0,0.0,0.0,25,0,0,1.0,1.0,1.0,25,25,25,1.0,1.0,1.0,25,25,25,1.0,0.88,0.88,25,22,22,1.0,1.0,1.0,25,25,25
[0. 0. 0. ... 0. 0. 0.],"[ 6 57 59 52 52  9  6 27  6  6 24  6 32 52  6  9  6 43 27  6 57  6 59  9
  6 14 50  6 50  9 47 59  6  8 55 43 11 24 42 43 14 59  6  6 24 52 19  6
  6 52 52 47  6 32 24  6 52  6 43  6 43  6 52 52]","[ 6 57 59 52 52  9  6 27  6  6 24  6 55 52  6  9  6 43 24  6 24  6 59 52
  6 57 50  6 50  9 57 59  6  8 55 43 11 24 48 52 14 14  6  6 24 52 19  6
  6 52 52 24  6 32 24  6 52  6 19  6 43  6 52 52]",True,True,1.0,1.0,"[np.int64(42), np.int64(23), np.int64(22), np.int64(7), np.int64(16), np.int64(32), np.int64(17), np.int64(49), np.int64(44), np.int64(43), np.int64(28), np.int64(8), np.int64(26), np.int64(5), np.int64(58), np.int64(45), np.int64(55), np.int64(25), np.int64(62), np.int64(12), np.int64(63), np.int64(55), np.int64(20), np.int64(12), np.int64(50), np.int64(15), np.int64(59), np.int64(8), np.int64(31), np.int64(16), np.int64(63), np.int64(4), np.int64(22), np.int64(53), np.int64(53), np.int64(48), np.int64(17), np.int64(3), np.int64(58), np.int64(13), np.int64(53), np.int64(39), np.int64(44), np.int64(20), np.int64(20), np.int64(2), np.int64(17), np.int64(60), np.int64(44), np.int64(44), np.int64(56), np.int64(29), np.int64(59), np.int64(42), np.int64(33), np.int64(32), np.int64(23), np.int64(29), np.int64(28), np.int64(49), np.int64(29), np.int64(18), np.int64(28), np.int64(46)]","[np.int64(35), np.int64(51), np.int64(18), np.int64(13), np.int64(10), np.int64(2), np.int64(19), np.int64(57), np.int64(35), np.int64(56), np.int64(41), np.int64(21), np.int64(52), np.int64(33), np.int64(31), np.int64(21), np.int64(27), np.int64(7), np.int64(16), np.int64(23), np.int64(46), np.int64(55), np.int64(27), np.int64(27), np.int64(11), np.int64(23), np.int64(49), np.int64(57), np.int64(58), np.int64(53), np.int64(8), np.int64(55), np.int64(63), np.int64(63), np.int64(6), np.int64(4), np.int64(34), np.int64(56), np.int64(36), np.int64(15), np.int64(1), np.int64(56), np.int64(29), np.int64(56), np.int64(2), np.int64(47), np.int64(45), np.int64(43), np.int64(4), np.int64(31), np.int64(62), np.int64(43), np.int64(10), np.int64(28), np.int64(2), np.int64(40), np.int64(35), np.int64(19), np.int64(12), np.int64(31), np.int64(48), np.int64(0), np.int64(9), np.int64(49)]",False,False,0.0,0.0,"[ 6 57 59 52 52  9  6 27  6  6 24  6 55 52  6  9  6 43 27  6 57  6 59 52
  6 14 50  6 50  9 57 59  6  8 55 43 11 24 48 43 19 59  6  6 24 52 19  6
  6 52 52 47  6 32 24  6 52  6 43  6 43  6 52 52]","[ 6 57 59 52 52  9  6 27  6  6 24  6 32 52  6  9  6 43 27  6 57  6 59  9
  6 14 50  6 50  9 43 59  6  8 55 43 11 24 42 43 14 59  6  6 24 52 19  6
  6 52 52 24  6 32 24  6 52  6 57  6 43  6  9 52]",True,True,0.78125,1.0,"[ 6 57 59 52 52  9  6 27  6  6 24  6 32 52  6  9  6 43 27  6 57  6 59  9
  6 57 50  6 50  9 57 59  6  8 55 43 11 24 48 43 14 14  6  6 24 52 19  6
  6 52 52 47  6 32 24  6 52  6 43  6 43  6  9 52]","[ 6 57 59 52 52  9  6 27  6  6 24  6 55 52  6  9  6 43 24  6 57  6 59 52
  6 14 50  6 50  9 43 59  6  8 55 43 11 24 48 43 19 59  6  6 24 52 19  6
  6 52 52 24  6 32 24  6 52  6 57  6 43  6 52 52]",True,True,0.828125,1.0,0.04,1.0,1.0,1,1,25,0.04,1.0,1.0,1,1,25,1.0,0.0,0.0,25,0,0,1.0,0.0,0.0,25,0,0,1.0,1.0,1.0,25,25,25,1.0,1.0,1.0,25,25,25,1.0,0.8,0.8,25,20,20,1.0,1.0,1.0,25,25,25
[0.500999   1.00049988 0.         ... 0.70781353 0.500999   0.500999  ],"[45 61 45 15 45 15  3 29 29 29  0 37 34 36 18 15 50 59 15 37 15 45  3 59
 45  3 37 45 18 15 15 45 59  3 15 37 15 15 30 59 59 20 45 30 36 15  3 30
 29 29 29 61 37 30 59 59 36 20  4 15 59 15 30 61]","[45 61 45 15 45 15  3 29 29 29  0 37 34 36 18 15 50 59 15 37 15 45  3 59
 45 37 37 45 18 15 15 45 59  3 15 34 15 15 30 59 34 18 29 30  3 15 34 30
 29 29 29 61 37 30 59 59 36 20 51 15  3 15 34 61]",True,True,1.0,1.0,"[np.int64(52), np.int64(10), np.int64(57), np.int64(21), np.int64(17), np.int64(20), np.int64(55), np.int64(49), np.int64(46), np.int64(53), np.int64(52), np.int64(60), np.int64(32), np.int64(59), np.int64(40), np.int64(34), np.int64(42), np.int64(42), np.int64(14), np.int64(8), np.int64(14), np.int64(41), np.int64(27), np.int64(38), np.int64(22), np.int64(49), np.int64(56), np.int64(59), np.int64(44), np.int64(52), np.int64(52), np.int64(56), np.int64(32), np.int64(27), np.int64(44), np.int64(8), np.int64(17), np.int64(32), np.int64(13), np.int64(28), np.int64(46), np.int64(11), np.int64(32), np.int64(45), np.int64(7), np.int64(60), np.int64(58), np.int64(62), np.int64(52), np.int64(22), np.int64(4), np.int64(10), np.int64(55), np.int64(8), np.int64(54), np.int64(1), np.int64(16), np.int64(37), np.int64(4), np.int64(9), np.int64(15), np.int64(42), np.int64(63), np.int64(4)]","[np.int64(9), np.int64(39), np.int64(18), np.int64(44), np.int64(2), np.int64(2), np.int64(52), np.int64(45), np.int64(20), np.int64(22), np.int64(31), np.int64(52), np.int64(57), np.int64(45), np.int64(53), np.int64(49), np.int64(15), np.int64(60), np.int64(8), np.int64(18), np.int64(42), np.int64(10), np.int64(1), np.int64(12), np.int64(14), np.int64(43), np.int64(41), np.int64(39), np.int64(2), np.int64(12), np.int64(58), np.int64(37), np.int64(13), np.int64(10), np.int64(16), np.int64(18), np.int64(49), np.int64(49), np.int64(8), np.int64(27), np.int64(2), np.int64(60), np.int64(7), np.int64(50), np.int64(33), np.int64(33), np.int64(22), np.int64(6), np.int64(41), np.int64(60), np.int64(17), np.int64(62), np.int64(50), np.int64(58), np.int64(42), np.int64(55), np.int64(24), np.int64(54), np.int64(0), np.int64(30), np.int64(54), np.int64(62), np.int64(38), np.int64(0)]",False,False,0.0,0.0,"[45 61 45 15 45 15  3 29 29 45  0 37 34 36 18 15 50 59 15 37 15 45  3 30
 45 37 37 45 18 15 15 45 59  3 15 34 15 15 30 59 34 18 45 30  3 15  3 30
 29 29 29 61 37 30 59 59 36 20  4 15 59 15 30 61]","[45 61 45 15 45 15  3 29 29 29  0 37 34 36 18 15 50 59 15 37 15 45  3 59
 45 37 37 45 18 15 15 45 59  3 15 34 15 15 30 59 59 18 29 30  3 15 34 30
 29 29 29 61 37 30 59 59 36 20 51 15 59 15 30 61]",True,True,0.78125,1.0,"[45 61 45 15 45 15  3 29 29 45  0 37 34 36 18 15 50 59 15 37 15 45  3 30
 45  3 37 45 18 15 15 45 59  3 15 34 15 15 30 59 34 20 29 30 36 15  3 30
 29 29 29 61 37 30 59 59 36 20  4 15 59 15 34 61]","[45 61 45 15 45 15  3 29 29 45  0 37 34 36 18 15 50 59 15 37 15 45  3 30
 45 37 37 45 18 15 15 45 59  3 15 34 15 15 37 59 34 20 29 30 36 15 34 30
 29 29 29 61  3 30 59 59 36 20 51 15  3 15 34 61]",True,True,0.828125,1.0,0.04,1.0,1.0,1,1,25,0.04,1.0,1.0,1,1,25,1.0,0.0,0.0,25,0,0,1.0,0.0,0.0,25,0,0,1.0,0.52,0.52,25,13,13,1.0,1.0,1.0,25,25,25,1.0,0.76,0.76,25,19,19,1.0,1.0,1.0,25,25,25
[0.       0.       0.       ... 0.500999 0.       0.      ],"[21 14 48 47 39 43 47 59 37 25 59 60 19 19 20 39 59 34 19 20 20 20 51 47
 60 60 59 20 14 25 32 34 20 43 20 60 37 20 43 20 39 51 51 20 51 19 19 20
 20 48 12 20 59 48 59 39 39 34 32 20 20 19 43 61]","[19 14 48 47 39 43 47 59 37 25 59 60 19 19 20 60 59 34 19 20 20 20 51 47
 60 60 59 20 14 25 32 19 20 43 20 14 37 20 60 20 39 19 51 20 51 19 19 20
 20 48 12 20 59 48 59 39 39 34 19 20 20 19 43 61]",True,True,1.0,1.0,"[np.int64(43), np.int64(62), np.int64(37), np.int64(40), np.int64(25), np.int64(5), np.int64(35), np.int64(56), np.int64(44), np.int64(0), np.int64(26), np.int64(22), np.int64(35), np.int64(62), np.int64(61), np.int64(48), np.int64(54), np.int64(33), np.int64(49), np.int64(9), np.int64(26), np.int64(2), np.int64(59), np.int64(34), np.int64(15), np.int64(11), np.int64(0), np.int64(7), np.int64(5), np.int64(31), np.int64(34), np.int64(39), np.int64(24), np.int64(52), np.int64(21), np.int64(52), np.int64(45), np.int64(6), np.int64(62), np.int64(34), np.int64(62), np.int64(14), np.int64(53), np.int64(39), np.int64(8), np.int64(53), np.int64(21), np.int64(43), np.int64(55), np.int64(52), np.int64(42), np.int64(4), np.int64(9), np.int64(50), np.int64(36), np.int64(5), np.int64(52), np.int64(58), np.int64(31), np.int64(52), np.int64(58), np.int64(40), np.int64(43), np.int64(11)]","[np.int64(36), np.int64(13), np.int64(6), np.int64(5), np.int64(15), np.int64(29), np.int64(4), np.int64(13), np.int64(55), np.int64(25), np.int64(31), np.int64(43), np.int64(33), np.int64(55), np.int64(55), np.int64(37), np.int64(19), np.int64(63), np.int64(1), np.int64(53), np.int64(60), np.int64(34), np.int64(17), np.int64(13), np.int64(34), np.int64(48), np.int64(33), np.int64(35), np.int64(43), np.int64(60), np.int64(24), np.int64(7), np.int64(43), np.int64(41), np.int64(12), np.int64(36), np.int64(42), np.int64(25), np.int64(44), np.int64(22), np.int64(62), np.int64(53), np.int64(47), np.int64(19), np.int64(11), np.int64(2), np.int64(16), np.int64(59), np.int64(26), np.int64(58), np.int64(5), np.int64(56), np.int64(0), np.int64(31), np.int64(44), np.int64(63), np.int64(31), np.int64(51), np.int64(48), np.int64(16), np.int64(50), np.int64(57), np.int64(51), np.int64(22)]",False,False,0.0,0.0,"[21 14 48 47 39 43 32 59 37 10 59 60 19 19 20 39 59 34 19 20 20 20 51 51
 60 60 59 20 14 17 32 34 20 43 20 14 37 20 51 20 39 51 51 20 51 19 19 20
 20 48 12 20 43 48 59 39 39 48 32 20 20 19 43 61]","[21 14 48 47 39 43 32 59 37 25 59 60 19 19 20 60 59 34 19 20 20 20 51 51
 60 60 59 20 14 25 32 34 20 43 20 60 37 20 51 20 39 51 51 20 51 19 19 20
 20 48 12 20 43 48 59 39 39 34 32 20 20 19 43 61]",False,True,0.78125,1.0,"[21 14 48 32 39 43 32 59 37 10 59 60 19 19 20 39 59 34 19 20 20 20 51 51
 60 60 59 20 14 25 32 19 20 43 20 60 37 20 43 20 39 51 51 20 51 19 19 20
 20 48 12 20 43 48 59 39 39 48 32 20 20 19 43 61]","[21 14 48 47 39 43 47 59 37 25 59 60 19 19 20 60 59 34 19 20 20 20 51 51
 60 60 59 20 14 25 32 34 20 43 20 14 37 20 60 20 39 51 51 20 51 19 19 20
 20 48 12 20 59 48 59 39 39 48 32 20 20 19 43 61]",False,True,0.828125,1.0,0.04,1.0,1.0,1,1,25,0.04,1.0,1.0,1,1,25,1.0,0.0,0.0,25,0,0,1.0,0.0,0.0,25,0,0,0.96,0.0,0.0,24,0,0,1.0,1.0,1.0,25,25,25,1.0,0.16,0.16,25,4,4,1.0,1.0,1.0,25,25,25
[0.500999 0.       0.       ... 0.       0.       0.      ],"[29 19 63 43 41 43 51  0 15 12 29 51 29 12 43 29 15 15 63 29 10 29 37  0
 19 41 10  5 37 29  0 29 59 43 45 45 15 29 29 12 10 29 43 29  0 29 45 19
  0 15 43 29 43 57  0  0 29 29 19 37  5 29 19 29]","[29 19 63 43 41 43 51  0 15 12 29 51 29 12 43 29 15 15 63 29 10 29 37  0
 19 41 10  5 37 29  0 29 59 43 45 45 15 29 29 12 10 29 43 29  0 29 12 19
  0 15 43 29 43 57  0  0 29 29 19 37  5 29 19 29]",True,True,1.0,1.0,"[np.int64(40), np.int64(20), np.int64(63), np.int64(22), np.int64(26), np.int64(34), np.int64(22), np.int64(43), np.int64(42), np.int64(37), np.int64(43), np.int64(30), np.int64(8), np.int64(16), np.int64(54), np.int64(25), np.int64(27), np.int64(40), np.int64(59), np.int64(2), np.int64(32), np.int64(39), np.int64(43), np.int64(1), np.int64(47), np.int64(13), np.int64(11), np.int64(52), np.int64(47), np.int64(39), np.int64(43), np.int64(25), np.int64(49), np.int64(33), np.int64(22), np.int64(45), np.int64(23), np.int64(34), np.int64(44), np.int64(28), np.int64(28), np.int64(9), np.int64(38), np.int64(53), np.int64(19), np.int64(20), np.int64(33), np.int64(60), np.int64(16), np.int64(7), np.int64(16), np.int64(47), np.int64(8), np.int64(42), np.int64(24), np.int64(11), np.int64(28), np.int64(62), np.int64(17), np.int64(21), np.int64(3), np.int64(61), np.int64(59), np.int64(20)]","[np.int64(2), np.int64(6), np.int64(20), np.int64(6), np.int64(6), np.int64(61), np.int64(5), np.int64(47), np.int64(39), np.int64(16), np.int64(41), np.int64(51), np.int64(58), np.int64(50), np.int64(32), np.int64(29), np.int64(54), np.int64(16), np.int64(13), np.int64(37), np.int64(48), np.int64(56), np.int64(52), np.int64(55), np.int64(41), np.int64(33), np.int64(60), np.int64(8), np.int64(6), np.int64(7), np.int64(60), np.int64(38), np.int64(37), np.int64(10), np.int64(58), np.int64(27), np.int64(19), np.int64(58), np.int64(32), np.int64(38), np.int64(63), np.int64(28), np.int64(27), np.int64(63), np.int64(37), np.int64(25), np.int64(13), np.int64(1), np.int64(61), np.int64(15), np.int64(11), np.int64(60), np.int64(52), np.int64(1), np.int64(23), np.int64(31), np.int64(41), np.int64(6), np.int64(63), np.int64(59), np.int64(56), np.int64(32), np.int64(21), np.int64(55)]",False,False,0.0,0.0,"[29 19 63 43 41 43 51  0 15 12 29 51 29 12 43 29 15 15 63 29 10 29 37  0
 19 41 10 59 37 29  0 29 59 19 45 63 15 29 29 12 10 29 43 29  0 29 45 37
  0 15 43 29 43 57  0  0 29 29 19 37  5 29 19 29]","[29 19 63 43 41 43 51  0 15 12 29 51 29 12 43 29 15 15 63 29 10 29 37  0
 19 41 10 59 37 29  0 29 59 43 45 45 15 29 29 12 10 29 43 29  0 29 12 19
  0 15 43 29 43 57  0  0 29 29 19 37  5 29 19 29]",True,True,0.78125,1.0,"[29 19 63 43 41 43 51  0 15 12 29 51 29 12 43 29 15 15 63 29 10 29 37  0
 19 41 10  5 37 29  0 29 59 43 45 15 15 29 29 12 10 29 43 29  0 29 45 37
  0 15 43 29 43 57  0  0 29 29 19 37  5 29 19 29]","[29 19 63 43 41 43 51  0 15 12 29 51 29 12 43 29 15 15 63 29 10 29 37  0
 19 41 10  5 37 29  0 29 59 19 45 45 15 29 29 12 10 29 43 29  0 29 12 19
  0 15 43 29 43 57  0  0 29 29 19 37  5 29 19 29]",True,True,0.828125,1.0,0.04,1.0,1.0,1,1,25,0.04,1.0,1.0,1,1,25,1.0,0.0,0.0,25,0,0,1.0,0.0,0.0,25,0,0,0.88,1.0,1.0,22,22,25,0.76,1.0,1.0,19,19,25,0.96,0.9583333333333334,0.96,24,23,24,0.8,1.0,1.0,20,20,25
[0.500999   0.         0.         ... 1.00049988 0.         0.500999  ],"[18 40 16 63 16 31  9 16 50 18 13 18 37 18 31 37 18 20 18 18 18 16 60 18
 54 19 13 43 16 16 31 18 18 37 60 18 11 18 19 13 18 40 63 18 18 16 13 18
  9 31 18 11 19 37 18 50 13 13 60 37 18 50 50 18]","[18 16 16 63 16 31  9 16 40 18 13 18 54 18 31 37 18 20 18 18 18 16 40 18
  9 19 13 43 16 16  9 18 18 37 60 18 11 18 19 13 18 40 43 18 18 16 13 18
 16 31 18 11 13  9 18 50 13 13 60 13 18 40 50 18]",True,True,1.0,1.0,"[np.int64(22), np.int64(31), np.int64(63), np.int64(61), np.int64(29), np.int64(46), np.int64(59), np.int64(24), np.int64(24), np.int64(2), np.int64(40), np.int64(56), np.int64(4), np.int64(37), np.int64(29), np.int64(2), np.int64(2), np.int64(19), np.int64(29), np.int64(26), np.int64(0), np.int64(7), np.int64(33), np.int64(35), np.int64(48), np.int64(18), np.int64(42), np.int64(12), np.int64(51), np.int64(37), np.int64(48), np.int64(44), np.int64(44), np.int64(5), np.int64(51), np.int64(18), np.int64(51), np.int64(6), np.int64(46), np.int64(23), np.int64(53), np.int64(23), np.int64(38), np.int64(1), np.int64(31), np.int64(52), np.int64(20), np.int64(5), np.int64(46), np.int64(22), np.int64(34), np.int64(40), np.int64(5), np.int64(54), np.int64(43), np.int64(9), np.int64(17), np.int64(45), np.int64(34), np.int64(0), np.int64(51), np.int64(35), np.int64(63), np.int64(34)]","[np.int64(29), np.int64(39), np.int64(56), np.int64(63), np.int64(12), np.int64(12), np.int64(39), np.int64(41), np.int64(20), np.int64(10), np.int64(33), np.int64(24), np.int64(24), np.int64(48), np.int64(56), np.int64(46), np.int64(1), np.int64(17), np.int64(58), np.int64(13), np.int64(34), np.int64(30), np.int64(45), np.int64(24), np.int64(12), np.int64(43), np.int64(48), np.int64(51), np.int64(23), np.int64(20), np.int64(26), np.int64(5), np.int64(35), np.int64(6), np.int64(0), np.int64(50), np.int64(42), np.int64(55), np.int64(60), np.int64(1), np.int64(31), np.int64(10), np.int64(33), np.int64(43), np.int64(15), np.int64(49), np.int64(16), np.int64(6), np.int64(59), np.int64(60), np.int64(57), np.int64(53), np.int64(43), np.int64(47), np.int64(40), np.int64(26), np.int64(39), np.int64(13), np.int64(14), np.int64(23), np.int64(38), np.int64(24), np.int64(57), np.int64(9)]",False,False,0.0,0.0,"[18 40 16 63 16 31  9 16 40 18 13 18 37 18 31 37 18 32 18 18 18 16 54 18
  9 19 13 43 16 16  9 18 18 37 60 18 11 18 19 13 18 40 43 18 18 16 13 18
  9 31 18 19 19 37 18 50 13 13 60 37 18  9 50 18]","[18 40 16 63 16 31  9 16 40 18 13 18 37 18 31 37 18 32 18 18 18 16 40 18
  9 19 13 43 16 16 63 18 18 37 60 18 11 18 19 13 18 40 63 18 18 16 13 18
  9 31 18 11 19  9 18 50 13 13 60 37 18  9 50 18]",True,True,0.78125,1.0,"[18 40 16 63 16 19  9 16 50 18 13 18 54 18 31 37 18 20 18 18 18 16 54 18
 54 19 13 43 16 16 31 18 18 37 60 18 11 18 19 13 18 40 63 18 18 16 13 18
 16 31 18 19 19 37 18 50 13 13 60 37 18 50 50 18]","[18 40 16 63 16 31  9 16  9 18 13 18 54 18 31 37 18 32 18 18 18 16 60 18
  9 19 13 43 16 16 63 18 18 37 60 18 11 18 19 13 18 40 63 18 18 16 13 18
  9 31 18 11 13 37 18 50 13 13 60 13 18  9 50 18]",True,True,0.828125,1.0,0.04,1.0,1.0,1,1,25,0.04,1.0,1.0,1,1,25,1.0,0.0,0.0,25,0,0,1.0,0.0,0.0,25,0,0,1.0,1.0,1.0,25,25,25,1.0,1.0,1.0,25,25,25,1.0,0.88,0.88,25,22,22,1.0,1.0,1.0,25,25,25
[0.500999   0.70781353 1.00049988 ... 0.         0.         0.        ],"[11 42 39 44 24 60 42 42 31 60 57 39 13 39 57 42  2 24 57 42 57 57 42 24
 39 39 13 60 24 24 24 42 24 42 57 25 31 42 42 39 60 37 39 60 39 54 11 11
 44 24 42  2 42 60 42  2 24 39 42 39 39 24 13 13]","[ 2 42 39 44 24 42 42 42 31 60 57 39 13 39 57 42  2 24 57 42 57 57 42 24
 39 39 13 60 24  2 24 42 24 42 57 25 31 42 42 39 42 37 39 60 39 54 11 24
 44 24 42  2 42 60 42  2 24 39 42 39 39 24 13 13]",True,True,1.0,1.0,"[np.int64(35), np.int64(35), np.int64(61), np.int64(44), np.int64(41), np.int64(47), np.int64(6), np.int64(12), np.int64(35), np.int64(7), np.int64(38), np.int64(28), np.int64(55), np.int64(54), np.int64(14), np.int64(17), np.int64(18), np.int64(29), np.int64(8), np.int64(33), np.int64(5), np.int64(1), np.int64(23), np.int64(57), np.int64(1), np.int64(15), np.int64(23), np.int64(45), np.int64(45), np.int64(47), np.int64(54), np.int64(10), np.int64(49), np.int64(9), np.int64(56), np.int64(29), np.int64(61), np.int64(12), np.int64(7), np.int64(62), np.int64(15), np.int64(32), np.int64(6), np.int64(42), np.int64(26), np.int64(59), np.int64(29), np.int64(20), np.int64(48), np.int64(35), np.int64(50), np.int64(12), np.int64(54), np.int64(43), np.int64(14), np.int64(25), np.int64(21), np.int64(61), np.int64(18), np.int64(35), np.int64(39), np.int64(58), np.int64(17), np.int64(28)]","[np.int64(6), np.int64(59), np.int64(44), np.int64(61), np.int64(46), np.int64(26), np.int64(3), np.int64(63), np.int64(9), np.int64(22), np.int64(26), np.int64(49), np.int64(63), np.int64(60), np.int64(48), np.int64(7), np.int64(31), np.int64(49), np.int64(36), np.int64(58), np.int64(24), np.int64(41), np.int64(29), np.int64(41), np.int64(11), np.int64(56), np.int64(30), np.int64(29), np.int64(42), np.int64(34), np.int64(33), np.int64(14), np.int64(17), np.int64(30), np.int64(43), np.int64(6), np.int64(48), np.int64(8), np.int64(49), np.int64(35), np.int64(36), np.int64(13), np.int64(62), np.int64(39), np.int64(54), np.int64(47), np.int64(42), np.int64(43), np.int64(51), np.int64(59), np.int64(29), np.int64(55), np.int64(57), np.int64(10), np.int64(42), np.int64(57), np.int64(32), np.int64(38), np.int64(48), np.int64(62), np.int64(49), np.int64(21), np.int64(2), np.int64(23)]",False,False,0.0,0.0,"[11 42 39 44 24 60 42 42 31 60 57 39 13 39 57 42  2 24 57 42 57 57 42 60
 39 39 13 60 24  2 24 42 24 42 57 25 17 42 42 39 60 37 39 60 39 54 11 11
 44 24 42  2 42 60 57  2 24 39 42 39 39 24 13 13]","[11 42 39 44 24 60 42 42 31 60 57 39 13 39 57 42  2 24 57 42 57 57 42 24
 39 39 13 60 24  2 24 42 24 42 57 25 31 42 42 39 60 15 39 60 39 54 11 11
 44 24 42  2 42 60 42  2 24 39 42 39 39 25 13 13]",False,True,0.78125,1.0,"[11 42 39 44 24 60 42 42 31 60 57 39 13 39 57 42  2 24 57 42 57 57 42 60
 39 39 13 60 24 24 24 42 24 42 57 25 17 42 42 39 60 37 39 60 39 54 11 11
 44 24 42  2 42 60 57  2 24 39 42 39 39 24 13 13]","[11 42 39 44 24 60 42 42 31 60 57 39 13 39 57 42  2 24 57 42 57 57 42 24
 39 39 13 60 24 24 24 42 57 42 57 25 31 42 42 39 60 15 39 60 39 54 11 59
 44 24 42  2 42 60 57  2 24 39 42 39 39 25 57 13]",False,True,0.828125,1.0,0.04,1.0,1.0,1,1,25,0.04,1.0,1.0,1,1,25,1.0,0.0,0.0,25,0,0,1.0,0.0,0.0,25,0,0,0.88,0.045454545454545456,0.04,22,1,1,0.92,1.0,1.0,23,23,25,0.96,0.25,0.28,24,6,7,0.96,1.0,1.0,24,24,25
[0.       0.       0.       ... 0.500999 0.       0.500999],"[37 44 58 58 55 27 55 55  6 55 27  4  6 50 58  7 32 37 58 33 50 55 32 21
 31 36 58 55 27 61 33 55 55 55 50 61 55 55  7 32 27 50  6 27 55 58  6 50
 27 37 55 31 37 47 31 55 32 31 55 33 39 55 61 58]","[37 44 32 32 55  7 55 55  4 55  6  4  6 50 58  7 32 37  4 33 50 55 32  4
 31 44 32 55 32 61 33 55 55 55  6 61 55 55  7 32  6 50  6  7 55 37  6 27
  7 37 55 31 37 15 31 55 32 31 55 33 39 55 61 61]",True,True,1.0,1.0,"[np.int64(39), np.int64(11), np.int64(11), np.int64(32), np.int64(46), np.int64(15), np.int64(11), np.int64(6), np.int64(24), np.int64(11), np.int64(42), np.int64(50), np.int64(45), np.int64(53), np.int64(13), np.int64(18), np.int64(41), np.int64(7), np.int64(37), np.int64(38), np.int64(45), np.int64(24), np.int64(44), np.int64(62), np.int64(12), np.int64(2), np.int64(47), np.int64(1), np.int64(12), np.int64(57), np.int64(9), np.int64(40), np.int64(40), np.int64(43), np.int64(40), np.int64(51), np.int64(49), np.int64(0), np.int64(18), np.int64(48), np.int64(50), np.int64(1), np.int64(57), np.int64(46), np.int64(61), np.int64(42), np.int64(35), np.int64(21), np.int64(40), np.int64(28), np.int64(14), np.int64(18), np.int64(51), np.int64(10), np.int64(57), np.int64(0), np.int64(29), np.int64(56), np.int64(22), np.int64(16), np.int64(48), np.int64(30), np.int64(4), np.int64(39)]","[np.int64(20), np.int64(42), np.int64(34), np.int64(28), np.int64(29), np.int64(11), np.int64(21), np.int64(31), np.int64(17), np.int64(16), np.int64(12), np.int64(45), np.int64(24), np.int64(54), np.int64(62), np.int64(60), np.int64(5), np.int64(39), np.int64(35), np.int64(26), np.int64(57), np.int64(21), np.int64(13), np.int64(36), np.int64(29), np.int64(26), np.int64(29), np.int64(24), np.int64(50), np.int64(14), np.int64(27), np.int64(33), np.int64(41), np.int64(58), np.int64(1), np.int64(45), np.int64(49), np.int64(5), np.int64(20), np.int64(27), np.int64(26), np.int64(42), np.int64(9), np.int64(61), np.int64(14), np.int64(19), np.int64(13), np.int64(7), np.int64(42), np.int64(35), np.int64(35), np.int64(51), np.int64(31), np.int64(37), np.int64(4), np.int64(53), np.int64(38), np.int64(58), np.int64(53), np.int64(33), np.int64(52), np.int64(15), np.int64(12), np.int64(0)]",False,False,0.0,0.0,"[37 44 58 58 55  7 55 55  4 55  6  4  6 50 58  7 32 37 58 33 50 55 32 21
 31 44 58 55 27 61 58 55 55 55  6 58 55 55  7 32 27 50  6  7 55 37  6 27
  7 37 55 31 37 47 31 55 32 31 55 33 39 55 61 58]","[37 44 58 31 55 27 55 55  6 55  6  4  6 50 58  7 32 37  4 33 50 55 32 21
 31 36 58 55 27 61 58 55 55 55 50 58 55 55  7 32  6 50  6 27 55 58  6 50
  7 37 55 31 37 15 31 55 32 31 55 33 39 55 61 61]",True,True,0.78125,1.0,"[37 44 58 31 55 27 55 55  4 55  6  4  6 50 58  7 32 37  4 33 50 55 32 21
 31  2 58 55 27 61 33 55 55 55 50 58 55 55  7 32 58 50  6 27 55 37  6 50
 27 37 55 31 37 47 31 55 32 31 55 33 39 55  7 61]","[37 44 58 58 55  7 55 55  6 55  6  4  6 50 58  7 32 37  4 33 50 55 32 50
 31 44 58 55 27 61 58 55 55 55  6 61 55 55  7 32  6 50  6  7 55 58  6 50
 27 37 55 31 37 15 31 55 32 31 55 33 39 55 61 58]",False,True,0.828125,1.0,0.04,1.0,1.0,1,1,25,0.04,1.0,1.0,1,1,25,1.0,0.0,0.0,25,0,0,1.0,0.0,0.0,25,0,0,1.0,1.0,1.0,25,25,25,1.0,1.0,1.0,25,25,25,1.0,0.88,0.88,25,22,22,1.0,1.0,1.0,25,25,25
[0.         1.00049988 0.70781353 ... 0.         1.00049988 0.500999  ],"[34 33 11 10 40 11 49 11 11 13 11 11 46 11  5 39 13 36 20 34 11 31 49  8
  8 34 46 46 34 20 11 11 34 11 11 36 11 20 40 46 11 36 31 46 36 51 11 30
 49 11  8 11 31 20 20 33 49 51 11 36 36 40 20 46]","[34 33 11 10 40 11 33 11 11 13 11 11 20 11  5 39 13 10 20 31 11 31 30  8
  8 34 30  8 31 20 11 11 34 11 11 20 11 20 40 13 11 36 20 46 36 51 11 30
 49 11 51 11 31 20 20 33 40 51 11 30 36 40 20 46]",True,True,1.0,1.0,"[np.int64(18), np.int64(7), np.int64(37), np.int64(11), np.int64(59), np.int64(1), np.int64(31), np.int64(3), np.int64(17), np.int64(34), np.int64(1), np.int64(44), np.int64(22), np.int64(25), np.int64(53), np.int64(16), np.int64(34), np.int64(50), np.int64(11), np.int64(42), np.int64(14), np.int64(6), np.int64(29), np.int64(18), np.int64(58), np.int64(9), np.int64(57), np.int64(11), np.int64(62), np.int64(27), np.int64(27), np.int64(8), np.int64(23), np.int64(43), np.int64(26), np.int64(21), np.int64(23), np.int64(2), np.int64(15), np.int64(20), np.int64(27), np.int64(43), np.int64(8), np.int64(19), np.int64(17), np.int64(14), np.int64(9), np.int64(42), np.int64(7), np.int64(5), np.int64(18), np.int64(30), np.int64(37), np.int64(27), np.int64(9), np.int64(9), np.int64(33), np.int64(62), np.int64(51), np.int64(35), np.int64(39), np.int64(44), np.int64(48), np.int64(19)]","[np.int64(46), np.int64(27), np.int64(46), np.int64(28), np.int64(42), np.int64(12), np.int64(13), np.int64(2), np.int64(10), np.int64(32), np.int64(24), np.int64(17), np.int64(13), np.int64(9), np.int64(57), np.int64(55), np.int64(44), np.int64(30), np.int64(43), np.int64(21), np.int64(1), np.int64(54), np.int64(47), np.int64(62), np.int64(16), np.int64(56), np.int64(59), np.int64(45), np.int64(1), np.int64(58), np.int64(4), np.int64(24), np.int64(1), np.int64(63), np.int64(45), np.int64(16), np.int64(48), np.int64(16), np.int64(41), np.int64(31), np.int64(45), np.int64(47), np.int64(36), np.int64(35), np.int64(16), np.int64(12), np.int64(7), np.int64(4), np.int64(46), np.int64(41), np.int64(54), np.int64(37), np.int64(18), np.int64(38), np.int64(37), np.int64(57), np.int64(1), np.int64(14), np.int64(12), np.int64(1), np.int64(25), np.int64(58), np.int64(12), np.int64(1)]",False,False,0.0,0.0,"[34 33 11 10 40 11 49 11 11 13 11 11 46 11  5 43 13 36 20 34 11 31 49  8
  8 34 30 46  7 20 11 11 34 11 11 36 11 20 40  8 11 36 31 46 36 51 11 30
 49 11  8 11 31 20 40 33 49 51 11 36 36 40 20 46]","[34 33 11 10 40 11 33 11 11 13 11 11  8 11  5 43 13 36 20 34 11 46 30  8
  8 30 46  8 31 20 11 11 34 11 11 36 11 20 40 46 11 36 30 46 51 51 11 30
 49 11  8 11 31 20 20 33 49 51 11 36 36 40 20 46]",True,True,0.78125,1.0,"[34 33 11 10 40 11 49 11 11 13 11 11  8 11  5 32 13 34 20 34 11 46 10  8
  8 30 31  8 31 20 11 11 34 11 11 36 11 20 40 13 11 36 31 46 36 51 11 30
 49 11 51 11 31 20 40 33 49 51 11 49 36 40 20 46]","[46 33 11 10 40 11 49 11 11 13 11 11 40 11  5 43 13 34 20 31 11 31 30  8
  8 30 46 46 34 20 11 11 34 11 11 36 11 20 40 13 11 36 30 46 51 51 11 30
 49 11 51 11 31 20 20 33 49 51 11 30 36 40 20 46]",True,True,0.828125,1.0,0.04,1.0,1.0,1,1,25,0.04,1.0,1.0,1,1,25,1.0,0.0,0.0,25,0,0,1.0,0.0,0.0,25,0,0,1.0,1.0,1.0,25,25,25,1.0,1.0,1.0,25,25,25,1.0,1.0,1.0,25,25,25,1.0,1.0,1.0,25,25,25
[0.         1.00049988 0.70781353 ... 0.         1.00049988 0.500999  ],"[34 33 11 10 40 11 49 11 11 13 11 11 46 11  5 39 13 36 20 34 11 31 49  8
  8 34 46 46 34 20 11 11 34 11 11 36 11 20 40 46 11 36 31 46 36 51 11 30
 49 11  8 11 31 20 20 33 49 51 11 36 36 40 20 46]","[34 33 11 10 40 11 33 11 11 13 11 11 20 11  5 39 13 10 20 31 11 31 30  8
  8 34 30  8 31 20 11 11 34 11 11 20 11 20 40 13 11 36 20 46 36 51 11 30
 49 11 51 11 31 20 20 33 40 51 11 30 36 40 20 46]",True,True,1.0,1.0,"[np.int64(13), np.int64(19), np.int64(28), np.int64(12), np.int64(63), np.int64(10), np.int64(43), np.int64(53), np.int64(23), np.int64(41), np.int64(18), np.int64(52), np.int64(62), np.int64(37), np.int64(26), np.int64(21), np.int64(48), np.int64(31), np.int64(21), np.int64(48), np.int64(17), np.int64(54), np.int64(34), np.int64(40), np.int64(41), np.int64(24), np.int64(56), np.int64(29), np.int64(29), np.int64(50), np.int64(54), np.int64(44), np.int64(39), np.int64(16), np.int64(39), np.int64(10), np.int64(5), np.int64(0), np.int64(51), np.int64(26), np.int64(50), np.int64(9), np.int64(33), np.int64(33), np.int64(27), np.int64(41), np.int64(22), np.int64(6), np.int64(30), np.int64(42), np.int64(22), np.int64(53), np.int64(5), np.int64(9), np.int64(47), np.int64(53), np.int64(7), np.int64(59), np.int64(46), np.int64(40), np.int64(51), np.int64(1), np.int64(40), np.int64(31)]","[np.int64(47), np.int64(42), np.int64(59), np.int64(27), np.int64(42), np.int64(18), np.int64(0), np.int64(62), np.int64(44), np.int64(5), np.int64(4), np.int64(51), np.int64(2), np.int64(6), np.int64(32), np.int64(39), np.int64(49), np.int64(50), np.int64(58), np.int64(46), np.int64(42), np.int64(10), np.int64(8), np.int64(34), np.int64(3), np.int64(26), np.int64(56), np.int64(46), np.int64(15), np.int64(17), np.int64(38), np.int64(39), np.int64(18), np.int64(20), np.int64(45), np.int64(17), np.int64(40), np.int64(55), np.int64(40), np.int64(16), np.int64(44), np.int64(29), np.int64(22), np.int64(26), np.int64(57), np.int64(18), np.int64(40), np.int64(25), np.int64(3), np.int64(43), np.int64(49), np.int64(29), np.int64(43), np.int64(54), np.int64(52), np.int64(54), np.int64(63), np.int64(28), np.int64(60), np.int64(26), np.int64(14), np.int64(29), np.int64(38), np.int64(8)]",False,False,0.0,0.0,"[34 33 11 10 40 11 33 11 11 13 11 11 46 11  5 32 13 36 20 31 11 46 30  8
  8 34 46  8 46 20 11 11 34 11 11 36 11 20 40 46 11 36 31 46 46 51 11 30
 49 11 51 11 13 20 40 33 49 51 11 49 36 40 20 46]","[46 33 11 10 40 11 33 11 11 13 11 11 46 11  5 39 13 10 20 31 11 31 30  8
  8 34 30  8 34 20 11 11 34 11 11 36 11 20 40 46 11 36 31 46 10 51 11 30
 49 11  8 11 31 20 20 33 49 51 11 30 36 40 20 46]",True,True,0.78125,1.0,"[34 33 11 10 40 11 49 11 11 13 11 11 46 11  5 32 13 36 20 31 11 46 30  8
  8 34 30 46 34 20 11 11 34 11 11 36 11 20 40 46 11 36 31 46 46 51 11 30
 49 11  8 11 31 20 40 33 49 51 11 49 36 40 20 46]","[46 33 11 10 40 11 49 11 11 13 11 11  8 11  5 43 13 34 20 34 11 46 30  8
  8 30 31 46 34 20 11 11 34 11 11 36 11 20 40  8 11 36 20 46 10 51 11 30
 49 11  8 11 31 20 20 33 49 51 11 49 36 40 20 46]",True,True,0.828125,1.0,0.04,1.0,1.0,1,1,25,0.04,1.0,1.0,1,1,25,1.0,0.0,0.0,25,0,0,1.0,0.0,0.0,25,0,0,1.0,1.0,1.0,25,25,25,1.0,1.0,1.0,25,25,25,1.0,1.0,1.0,25,25,25,1.0,1.0,1.0,25,25,25
[0.       0.       0.       ... 0.500999 0.       0.      ],"[15 15 53 52 23 13 13 20 15 48 15 52 15 13  6 13 55 19 38 13 13 61 61 13
 38 50 13 26 26 13 52 37 19 38 52 52 37 13 13 13 23 42 39 61 37 15 26 61
 13 20 15 20 13 13 48 15 26 38 15 20 20 13 39 61]","[15 15 53 52 15 13 13 20 39 48 15 52 15 13  6 13 55 19 38 13 13 61 38 13
 39 50 13 26 26 13 19 37 19 37 15 38 19 13 13 13 23 42 39 38 37 15 26 61
 13 20 15 20 13 13 23 15  6 38 15 20 20 13 39 61]",True,True,1.0,1.0,"[np.int64(55), np.int64(16), np.int64(47), np.int64(1), np.int64(29), np.int64(24), np.int64(15), np.int64(28), np.int64(32), np.int64(28), np.int64(62), np.int64(51), np.int64(0), np.int64(31), np.int64(28), np.int64(27), np.int64(26), np.int64(39), np.int64(56), np.int64(19), np.int64(8), np.int64(44), np.int64(6), np.int64(13), np.int64(62), np.int64(26), np.int64(13), np.int64(5), np.int64(61), np.int64(21), np.int64(13), np.int64(10), np.int64(46), np.int64(36), np.int64(31), np.int64(42), np.int64(53), np.int64(33), np.int64(29), np.int64(20), np.int64(53), np.int64(44), np.int64(59), np.int64(60), np.int64(22), np.int64(30), np.int64(19), np.int64(30), np.int64(11), np.int64(15), np.int64(0), np.int64(14), np.int64(45), np.int64(30), np.int64(5), np.int64(38), np.int64(61), np.int64(60), np.int64(57), np.int64(1), np.int64(33), np.int64(26), np.int64(29), np.int64(57)]","[np.int64(46), np.int64(41), np.int64(22), np.int64(25), np.int64(63), np.int64(15), np.int64(32), np.int64(43), np.int64(26), np.int64(5), np.int64(7), np.int64(32), np.int64(13), np.int64(62), np.int64(10), np.int64(0), np.int64(36), np.int64(38), np.int64(17), np.int64(19), np.int64(34), np.int64(31), np.int64(48), np.int64(21), np.int64(7), np.int64(44), np.int64(48), np.int64(38), np.int64(32), np.int64(50), np.int64(62), np.int64(22), np.int64(14), np.int64(28), np.int64(10), np.int64(33), np.int64(33), np.int64(5), np.int64(32), np.int64(13), np.int64(24), np.int64(56), np.int64(28), np.int64(57), np.int64(28), np.int64(17), np.int64(39), np.int64(20), np.int64(9), np.int64(13), np.int64(16), np.int64(21), np.int64(20), np.int64(38), np.int64(2), np.int64(42), np.int64(23), np.int64(27), np.int64(14), np.int64(42), np.int64(4), np.int64(38), np.int64(5), np.int64(7)]",False,False,0.0,0.0,"[15 15 53 52 23 13 13  6 39 48 15 52 15 13  6 13 55 19  6 13 13 61 38 13
 38 50 13 26 26 13 52 37 19 37 52 52 19 13 13 13 23 42 39 38 37 15 26 61
 13 20 15 20 13 13 23 15  6 38 15 20 20 13 39 19]","[15 15 53 52 23 13 13 20 39 48 15 52 15 13  6 13 55 19  6 13 13 61 61 13
 39 50 13 26 26 13 19 37 19 37 52 61 19 13 13 13 23 42 39 38 37 15 26 61
 13 20 15 20 13 13 23 15 26 38 15 20 20 13 39 61]",True,True,0.78125,1.0,"[15 15 53 52 23 13 13 20 39 48 15 52 15 13  6 13 55 19  6 13 13 61 61 13
 38 50 13 26 26 13 19 37 19 37 52 38 37 13 13 13 23 42 39 38 37 15 26 61
 13 39 15 20 13 13 23 15  6 52 15 20 20 13 39 19]","[15 15 53 52 15 13 13  6 15 48 15 52 15 13  6 13 55 19  6 13 13 61 61 13
 38 50 13 26 26 13 19 37 19 37 52 61 37 13 13 13 23 42 39 61 37 15 26 61
 13 20 15 52 13 13 48 15  6 38 15 20 20 13 39 19]",True,True,0.828125,1.0,0.04,1.0,1.0,1,1,25,0.04,1.0,1.0,1,1,25,1.0,0.0,0.0,25,0,0,1.0,0.0,0.0,25,0,0,1.0,1.0,1.0,25,25,25,1.0,1.0,1.0,25,25,25,1.0,0.96,0.96,25,24,24,1.0,1.0,1.0,25,25,25
