As,Source_Nodes,Categorical_Model_Trees,Categorical_True_Trees,Categorical_Model_Mask,Categorical_True_Mask,Categorical_Model_Accuracy,Categorical_True_Accuracy,Random_Model_Trees,Random_True_Trees,Random_Model_Mask,Random_True_Mask,Random_Model_Accuracy,Random_True_Accuracy,Prim_Model_Trees,Prim_True_Trees,Prim_Model_Mask,Prim_True_Mask,Prim_Model_Accuracy,Prim_True_Accuracy,Beam_Model_Trees,Beam_True_Trees,Beam_Model_Mask,Beam_True_Mask,Beam_Model_Accuracy,Beam_True_Accuracy,Categorical_Model_Uniques,Categorical_Model_Valids_Uniques,Categorical_Model_Valids,Categorical_Model_Unique_Counts,Categorical_Model_Valid_Unique_Counts,Categorical_Model_Valid_Counts,Categorical_True_Uniques,Categorical_True_Valids_Uniques,Categorical_True_Valids,Categorical_True_Unique_Counts,Categorical_True_Valid_Unique_Counts,Categorical_True_Valid_Counts,Random_Model_Uniques,Random_Model_Valids_Uniques,Random_Model_Valids,Random_Model_Unique_Counts,Random_Model_Valid_Unique_Counts,Random_Model_Valid_Counts,Random_True_Uniques,Random_True_Valids_Uniques,Random_True_Valids,Random_True_Unique_Counts,Random_True_Valid_Unique_Counts,Random_True_Valid_Counts,Prim_Model_Uniques,Prim_Model_Valids_Uniques,Prim_Model_Valids,Prim_Model_Unique_Counts,Prim_Model_Valid_Unique_Counts,Prim_Model_Valid_Counts,Prim_True_Uniques,Prim_True_Valids_Uniques,Prim_True_Valids,Prim_True_Unique_Counts,Prim_True_Valid_Unique_Counts,Prim_True_Valid_Counts,Beam_Model_Uniques,Beam_Model_Valids_Uniques,Beam_Model_Valids,Beam_Model_Unique_Counts,Beam_Model_Valid_Unique_Counts,Beam_Model_Valid_Counts,Beam_True_Uniques,Beam_True_Valids_Uniques,Beam_True_Valids,Beam_True_Unique_Counts,Beam_True_Valid_Unique_Counts,Beam_True_Valid_Counts
[1 1 0 ... 0 0 1],46,"[31 55  5 25 21 46  8 46 46 46 60  7 55 46 28 46 46 34  9 30 46 46 35  7
  7 46  7  9 46  7 46 46  7 31 46 46 54 13  5 35 20 49 49 31  9 21 46 20
 25 46  7 35  9 34 46 46 55 31  8 49 46 55  7  5]","[31 54  5 25 28 46 60 46 46 46 31  7  9 46 16 46 46 34 28 54 46 46 15 25
  7 46 60 49 46 21 46 46  7 20 46 46 54 25 35 25 20 25 35 31 55 21 46 20
 15 46 49 35  9 31 46 46 28 49  9 49 46  8 35 49]",False,False,0.0,0.0,"[np.int64(44), np.int64(50), np.int64(28), np.int64(53), np.int64(24), np.int64(56), np.int64(56), np.int64(6), np.int64(28), np.int64(40), np.int64(53), np.int64(58), np.int64(51), np.int64(28), np.int64(14), np.int64(12), np.int64(32), np.int64(34), np.int64(26), np.int64(49), np.int64(22), np.int64(41), np.int64(57), np.int64(20), np.int64(53), np.int64(62), np.int64(3), np.int64(59), np.int64(63), np.int64(49), np.int64(50), np.int64(35), np.int64(47), np.int64(44), np.int64(57), np.int64(7), np.int64(43), np.int64(60), np.int64(42), np.int64(21), np.int64(15), np.int64(55), np.int64(48), np.int64(30), np.int64(26), np.int64(46), np.int64(27), np.int64(14), np.int64(7), np.int64(3), np.int64(10), np.int64(41), np.int64(12), np.int64(25), np.int64(40), np.int64(41), np.int64(19), np.int64(50), np.int64(12), np.int64(16), np.int64(37), np.int64(26), np.int64(24), np.int64(58)]","[np.int64(32), np.int64(16), np.int64(1), np.int64(59), np.int64(13), np.int64(28), np.int64(37), np.int64(22), np.int64(57), np.int64(33), np.int64(20), np.int64(60), np.int64(40), np.int64(47), np.int64(7), np.int64(27), np.int64(36), np.int64(5), np.int64(42), np.int64(28), np.int64(59), np.int64(44), np.int64(48), np.int64(57), np.int64(41), np.int64(0), np.int64(53), np.int64(51), np.int64(47), np.int64(33), np.int64(6), np.int64(34), np.int64(53), np.int64(45), np.int64(42), np.int64(36), np.int64(16), np.int64(39), np.int64(37), np.int64(50), np.int64(32), np.int64(27), np.int64(49), np.int64(37), np.int64(60), np.int64(32), np.int64(45), np.int64(13), np.int64(2), np.int64(36), np.int64(8), np.int64(21), np.int64(36), np.int64(2), np.int64(7), np.int64(13), np.int64(58), np.int64(33), np.int64(15), np.int64(63), np.int64(56), np.int64(26), np.int64(43), np.int64(49)]",False,False,0.0,0.0,"[25 16 21 25 15 46 30 46 46 46 49  7 55 46  5 46 46 30  7 54 46 46 31 21
 60 46 16 54 46  7 46 46  7 60 46 46 13 28 25 35 15 60  9 28 55 35 46  7
 15 46 60 49  7  9 46 46 15 49  9 49 46  8 35 49]","[31 55  5 25 34 46 15 46 46 46  5  7 28 46 30 46 46 30  9 25 46 46 25  7
 60 46 16 25 46  8 46 46  7 25 46 46 35 28 35 35 21 13 30 31 35 35 46  7
 54 46 60 49  7  9 46 46 15 35  8 49 46  8 28 34]",False,False,0.0,0.0,"[13 16  5  5 21 46  8 46 46 46  9  7  9 46  5 46 46 15  7  7 46 46  5  7
 13 46  7  9 46  8 46 46  7  5 46 46  7  7 13 13 15  7  8 28  7 21 46 15
  7 46  9 35  7 15 46 46 34 35 60 49 46 55 55 49]","[30 15 21 25 28 46 30 46 46 46 20  7 28 46 28 46 46 30 28 30 46 46 31 25
 60 46 16 28 46  8 46 46  7 20 46 46 25 30 25 25 20 30 28 28 35 35 46 20
 30 46 49 35 34 20 46 46 28 49  8 49 46  7 28 34]",False,False,0.0,0.0,1.0,0.0,0.0,25,0,0,1.0,0.0,0.0,25,0,0,1.0,0.0,0.0,25,0,0,1.0,0.0,0.0,25,0,0,1.0,0.0,0.0,25,0,0,1.0,0.0,0.0,25,0,0,0.04,0.0,0.0,1,0,0,0.04,0.0,0.0,1,0,0
[0 0 1 ... 0 0 1],47,"[25 58 26 28 48 21 28 49 43 26 44 25 44 25 30 18 28 39 47 49 34 30 18 43
 54 47 47 34 47 54 47 18 30 44 47 58 18 43 34 54 54 58 54 47 47 30 26 47
 47 34 34 44 58 34 47 18 58 44 47 43 18 28 28 25]","[25 25 28 26 25 63 28 57 26 54 44 48 44 34 30 18 34 57 47  1 44 58 26 43
 48 47 47 34 47 28 47 34 25 34 47 58 28 30 43 54 34 58 54 47 47 30 26 47
 47 34 34 30 28 34 47 28 58 44 47 48 48 43 44 48]",False,False,0.0,0.0,"[np.int64(59), np.int64(16), np.int64(27), np.int64(15), np.int64(0), np.int64(13), np.int64(51), np.int64(29), np.int64(24), np.int64(23), np.int64(45), np.int64(32), np.int64(10), np.int64(11), np.int64(11), np.int64(36), np.int64(51), np.int64(18), np.int64(3), np.int64(15), np.int64(0), np.int64(29), np.int64(7), np.int64(24), np.int64(31), np.int64(47), np.int64(20), np.int64(44), np.int64(21), np.int64(18), np.int64(51), np.int64(59), np.int64(44), np.int64(53), np.int64(52), np.int64(27), np.int64(44), np.int64(59), np.int64(20), np.int64(49), np.int64(21), np.int64(45), np.int64(3), np.int64(34), np.int64(28), np.int64(25), np.int64(0), np.int64(23), np.int64(16), np.int64(30), np.int64(19), np.int64(19), np.int64(60), np.int64(53), np.int64(53), np.int64(11), np.int64(52), np.int64(62), np.int64(17), np.int64(56), np.int64(20), np.int64(6), np.int64(23), np.int64(6)]","[np.int64(7), np.int64(3), np.int64(52), np.int64(24), np.int64(51), np.int64(54), np.int64(20), np.int64(49), np.int64(56), np.int64(31), np.int64(50), np.int64(29), np.int64(40), np.int64(16), np.int64(21), np.int64(6), np.int64(57), np.int64(24), np.int64(1), np.int64(1), np.int64(14), np.int64(43), np.int64(0), np.int64(12), np.int64(21), np.int64(45), np.int64(51), np.int64(61), np.int64(9), np.int64(19), np.int64(37), np.int64(22), np.int64(55), np.int64(16), np.int64(48), np.int64(35), np.int64(6), np.int64(18), np.int64(63), np.int64(25), np.int64(19), np.int64(49), np.int64(29), np.int64(62), np.int64(7), np.int64(8), np.int64(63), np.int64(26), np.int64(33), np.int64(25), np.int64(22), np.int64(17), np.int64(55), np.int64(53), np.int64(46), np.int64(41), np.int64(2), np.int64(43), np.int64(61), np.int64(44), np.int64(27), np.int64(61), np.int64(30), np.int64(17)]",False,False,0.0,0.0,"[25 25 26 26 28 23 18 57 43 54 43 48 44 54 30 18 54 24 47 46 43 28 25 28
 44 47 47 44 47 44 47 34 25 43 47 58 26 43 43 25 34 43 18 47 47 30 26 47
 47 44 34 34 26 48 47 18 48 54 47 58 58 43 44 54]","[25 34 26 44 48  1 34 49 26 44 30 25 44 25 30 43 28 11 47 42 34 28 26 43
 18 47 47 44 47 54 47 34 25 43 47 58 26 43 18 25 34 43 34 47 47 30 34 47
 47 30 34 34 48 48 47 18 48 44 47 48 58 43 28 25]",False,False,0.0,0.0,"[25 25 28 44 34 20 28 14 26 54 30 28 44 54 30 30 28  8 47  1 44 30 26 28
 25 47 47 44 47 30 47 18 30 43 47 58 26 43 43 28 26 43 43 47 47 30 26 47
 47 44 44 30 28 44 47 18 48 44 47 43 26 28 28 18]","[25 34 26 28 34  1 34 57 43 34 30 48 44 34 26 43 34 23 47 33 34 44 26 43
 48 47 47 34 47 30 47 34 54 34 47 58 26 43 34 18 34 43 34 47 47 25 26 47
 47 34 34 30 48 34 47 18 43 44 47 43 48 43 28 48]",False,False,0.0,0.0,1.0,0.0,0.0,25,0,0,1.0,0.0,0.0,25,0,0,1.0,0.0,0.0,25,0,0,1.0,0.0,0.0,25,0,0,1.0,0.0,0.0,25,0,0,1.0,0.0,0.0,25,0,0,0.04,0.0,0.0,1,0,0,0.04,0.0,0.0,1,0,0
[1 0 1 ... 0 0 0],50,"[18 18 50 45 50 46 61 61 50 50 18 46  2 53 61  8 32 23 50 46 53 18 61 50
 45 18  4  2  4  9  2 18  2 46 36 61 50 61 61 24 18 63 18 61 18 50 50 63
 36 45 50 53 61 50 63 46 36 53 36 53  4 50  8 50]","[ 2 18 50 45 50 63 61  4 50 50 18 18  2 53 45  8 27 63 50 45  9 36 61 50
 18 46 23 23 18  9 63  4  2 45  2 61 50 45 53 60 53  9 23  4  9 50 50 63
 36 45 50 53 23 50 63 63 61 53 36 23  2 50 36 50]",False,False,0.0,0.0,"[np.int64(58), np.int64(52), np.int64(60), np.int64(2), np.int64(41), np.int64(0), np.int64(8), np.int64(22), np.int64(24), np.int64(63), np.int64(4), np.int64(18), np.int64(42), np.int64(46), np.int64(62), np.int64(47), np.int64(47), np.int64(28), np.int64(62), np.int64(24), np.int64(6), np.int64(52), np.int64(16), np.int64(19), np.int64(24), np.int64(14), np.int64(4), np.int64(62), np.int64(49), np.int64(58), np.int64(25), np.int64(63), np.int64(43), np.int64(11), np.int64(44), np.int64(43), np.int64(52), np.int64(45), np.int64(50), np.int64(18), np.int64(61), np.int64(39), np.int64(12), np.int64(24), np.int64(35), np.int64(11), np.int64(49), np.int64(60), np.int64(0), np.int64(45), np.int64(54), np.int64(46), np.int64(15), np.int64(13), np.int64(42), np.int64(61), np.int64(58), np.int64(18), np.int64(53), np.int64(55), np.int64(47), np.int64(35), np.int64(30), np.int64(16)]","[np.int64(31), np.int64(10), np.int64(42), np.int64(20), np.int64(48), np.int64(13), np.int64(3), np.int64(50), np.int64(13), np.int64(63), np.int64(18), np.int64(29), np.int64(25), np.int64(4), np.int64(45), np.int64(18), np.int64(5), np.int64(35), np.int64(43), np.int64(7), np.int64(17), np.int64(8), np.int64(57), np.int64(37), np.int64(18), np.int64(46), np.int64(3), np.int64(16), np.int64(38), np.int64(51), np.int64(14), np.int64(19), np.int64(22), np.int64(18), np.int64(12), np.int64(32), np.int64(11), np.int64(11), np.int64(29), np.int64(26), np.int64(58), np.int64(19), np.int64(10), np.int64(14), np.int64(21), np.int64(12), np.int64(58), np.int64(23), np.int64(30), np.int64(31), np.int64(25), np.int64(39), np.int64(46), np.int64(29), np.int64(38), np.int64(4), np.int64(22), np.int64(58), np.int64(17), np.int64(3), np.int64(8), np.int64(17), np.int64(39), np.int64(12)]",False,False,0.0,0.0,"[18 18 50 23 50 46 61 61 50 50 18 61 23 53  9  8 55 63 50  9 53  4 61 50
 46 46  4 23 18  9 63  9  2 45 63 18 50 45 61 24 46  4 23 46 18 50 50 63
 36 53 50 53 36 50 63 46  4 53 46 23 61 50  8 50]","[18 18 50  2 50 63 61  4 50 50 18 46 23 63 45  8 52 63 50  9  2 46 61 50
 46 46  4  2 18  9 63 23  2 45  2 18 50 45 61 13 18 63 23 46 18 50 50 63
 36 46 50  9 53 50 45 63 45 53  8 23  4 50  8 50]",False,False,0.0,0.0,"[ 4 18 50 36 50 45 61 61 50 50 18 18  4 53  8  8  6 23 50 45 53 45 61 50
 36 18 23  2 18  9  8  4  2 46  2 45 50  2 53 33 53  4 18  4 18 50 50 63
  4 53 50  8 53 50 45 46  4 53 46 53 61 50  8 50]","[18 18 50 23 50 46 18  4 50 50 18 18  2 53 45  8 43 63 50 45 53 18 61 50
 18 18  4  2 18  9 63 18 23 45  2 18 50 45 53 33 53  9 18  4 18 50 50 63
 36 45 50 53 23 50 63 46 46 53 36 23  2 50  8 50]",False,False,0.0,0.0,1.0,0.0,0.0,25,0,0,1.0,0.0,0.0,25,0,0,1.0,0.0,0.0,25,0,0,1.0,0.0,0.0,25,0,0,1.0,0.0,0.0,25,0,0,1.0,0.0,0.0,25,0,0,0.04,0.0,0.0,1,0,0,0.04,0.0,0.0,1,0,0
[1 0 0 ... 0 1 1],35,"[ 3 44 28 35 35 31 35 45  3  6 52 31 14 52 35  4 45 44 44 21 33 35 52  4
 33  4 30 31 35 39 28 35  4 35 31 35 21 33 21 35 44  3 21 21 35 35 35 35
 52 56 21 28 35 39 58 28 35 21 35 35  4 21 21  6]","[28 44 59 35 35 45 35 33 59  6 47 59  3  4 35  4 46 44 58 21 33 35 28 46
 47  4 10 39 35 33 45 35 45 35 33 35 21 14 59 35 52 58 21 46 35 35 35 35
 52 21 39 28 35 52 58 44 35 59 35 35  4 21 44 14]",False,False,0.0,0.0,"[np.int64(32), np.int64(4), np.int64(54), np.int64(40), np.int64(14), np.int64(26), np.int64(40), np.int64(47), np.int64(5), np.int64(50), np.int64(11), np.int64(53), np.int64(20), np.int64(41), np.int64(57), np.int64(63), np.int64(27), np.int64(20), np.int64(34), np.int64(59), np.int64(61), np.int64(22), np.int64(29), np.int64(19), np.int64(44), np.int64(38), np.int64(48), np.int64(58), np.int64(43), np.int64(48), np.int64(28), np.int64(39), np.int64(1), np.int64(0), np.int64(4), np.int64(37), np.int64(28), np.int64(5), np.int64(10), np.int64(12), np.int64(16), np.int64(26), np.int64(1), np.int64(29), np.int64(8), np.int64(46), np.int64(53), np.int64(0), np.int64(11), np.int64(45), np.int64(46), np.int64(5), np.int64(41), np.int64(38), np.int64(26), np.int64(23), np.int64(19), np.int64(24), np.int64(25), np.int64(5), np.int64(55), np.int64(58), np.int64(13), np.int64(45)]","[np.int64(1), np.int64(48), np.int64(61), np.int64(21), np.int64(14), np.int64(31), np.int64(63), np.int64(61), np.int64(15), np.int64(27), np.int64(34), np.int64(5), np.int64(41), np.int64(51), np.int64(43), np.int64(25), np.int64(16), np.int64(19), np.int64(56), np.int64(46), np.int64(63), np.int64(42), np.int64(56), np.int64(3), np.int64(18), np.int64(61), np.int64(11), np.int64(13), np.int64(12), np.int64(46), np.int64(48), np.int64(12), np.int64(14), np.int64(2), np.int64(25), np.int64(17), np.int64(13), np.int64(45), np.int64(6), np.int64(54), np.int64(40), np.int64(55), np.int64(55), np.int64(27), np.int64(31), np.int64(60), np.int64(27), np.int64(32), np.int64(1), np.int64(49), np.int64(52), np.int64(4), np.int64(45), np.int64(62), np.int64(43), np.int64(16), np.int64(13), np.int64(16), np.int64(55), np.int64(1), np.int64(13), np.int64(61), np.int64(37), np.int64(56)]",False,False,0.0,0.0,"[56 44 33 35 35 45 35 45 56  6 52 31 47 52 35 46 45 44 44 21 45 35 14 46
 47 59 15 31 35 44 46 35 21 35 33 35 44 44 21 35 52  3 21 46 35 35 35 35
 52  4 47 28 35 52 58 44 35 52 35 35  6 14 59 14]","[59 44 59 35 35 31 35 33 14  6 47 31 14  4 35 46 46 44 46  6 45 35 14 46
 47 59  2 31 35 39 46 35 21 35 33 35 44 39 44 35 44 14 21 46 35 35 35 35
 59 39 39 21 35 39 58 44 35 52 35 35  6 28 33 59]",False,False,0.0,0.0,"[28 44 28 35 35 31 35  4 39  6 52 31 47 28 35 33 45 44 46 47 33 35 28 31
 33  4 10 39 35 39 28 35 45 35 31 35 21 39 59 35 58 47 21 21 35 35 35 35
 47 39 39 28 35 39 58 28 35 47 35 35 47 56 28 14]","[ 3 44 59 35 35 31 35 46 39  6 39 31  3 28 35 46 46 44 44 59 59 35 59 31
 47 59 57 31 35 39 46 35  4 35 31 35 44 39 44 35 52 59 21 46 35 35 35 35
 47 39 39 28 35 39 58 44 35 59 35 35 39 21 44 59]",False,False,0.0,0.0,1.0,0.0,0.0,25,0,0,1.0,0.0,0.0,25,0,0,1.0,0.0,0.0,25,0,0,1.0,0.0,0.0,25,0,0,1.0,0.0,0.0,25,0,0,1.0,0.0,0.0,25,0,0,0.04,0.0,0.0,1,0,0,0.04,0.0,0.0,1,0,0
[0 0 1 ... 0 0 1],29,"[29 29 49 43 12 30  0 49 36 49 29  0 29 30 38 12 12 51  1 30 59 49 59 41
  0  0 52 59 30 29 29 52 30 52 49 59 29 52 29 30  0 29 36 29 38 51 29  0
 29 29 38 29 29 38 49 59 30  1 52 29 52 52 43 36]","[29 29  0 41 12  1  0 49 36  1 29  0 29 30 46 49 51 59 12 30 30 46 43 38
 48 51  0 43 52 29 29 59 30 36 49 10 29 12 29 41  0 29 43 29 38 46 29  0
 29 29 48 29 29 51 49  0 59  1 12 29  0 48 41 36]",False,False,0.0,0.0,"[np.int64(6), np.int64(32), np.int64(26), np.int64(0), np.int64(2), np.int64(25), np.int64(57), np.int64(62), np.int64(34), np.int64(30), np.int64(1), np.int64(4), np.int64(59), np.int64(2), np.int64(47), np.int64(52), np.int64(49), np.int64(13), np.int64(25), np.int64(53), np.int64(49), np.int64(23), np.int64(16), np.int64(45), np.int64(43), np.int64(14), np.int64(26), np.int64(56), np.int64(42), np.int64(6), np.int64(22), np.int64(15), np.int64(45), np.int64(4), np.int64(58), np.int64(5), np.int64(10), np.int64(28), np.int64(9), np.int64(44), np.int64(28), np.int64(11), np.int64(50), np.int64(54), np.int64(55), np.int64(55), np.int64(11), np.int64(8), np.int64(58), np.int64(12), np.int64(51), np.int64(31), np.int64(3), np.int64(33), np.int64(28), np.int64(61), np.int64(40), np.int64(40), np.int64(12), np.int64(48), np.int64(24), np.int64(63), np.int64(49), np.int64(36)]","[np.int64(1), np.int64(58), np.int64(11), np.int64(14), np.int64(56), np.int64(54), np.int64(8), np.int64(7), np.int64(40), np.int64(49), np.int64(38), np.int64(43), np.int64(20), np.int64(15), np.int64(57), np.int64(6), np.int64(19), np.int64(47), np.int64(49), np.int64(34), np.int64(48), np.int64(48), np.int64(32), np.int64(14), np.int64(34), np.int64(28), np.int64(14), np.int64(23), np.int64(20), np.int64(36), np.int64(5), np.int64(3), np.int64(42), np.int64(45), np.int64(18), np.int64(1), np.int64(16), np.int64(32), np.int64(22), np.int64(33), np.int64(0), np.int64(8), np.int64(2), np.int64(14), np.int64(22), np.int64(15), np.int64(58), np.int64(8), np.int64(31), np.int64(44), np.int64(43), np.int64(62), np.int64(19), np.int64(28), np.int64(25), np.int64(26), np.int64(37), np.int64(4), np.int64(32), np.int64(45), np.int64(21), np.int64(48), np.int64(17), np.int64(4)]",False,False,0.0,0.0,"[29 29  0 30 36 10  0 41 36 49 29 12 29 30 52 52 12 59 41 49 59 46 30 38
 12  1 52  1 30 29 29 59 46 38 49 10 29 52 29 41 46 29  0 29 38 51 29 36
 29 29 48 29 29 46 49  1 12 49 52 29 52 49 43 49]","[29 29 38 12 12 10 48 36 36 52 29 12 29 38 52 38 43 51  1 30 30  1 59 41
 48  0 48 43 52 29 29 59 30 52 52 59 29 41 29 30 46 29 43 29 38 12 29 36
 29 29 49 29 29 51 43 52 12 46 52 29 52 52 41 36]",False,False,0.0,0.0,"[29 29  0 12 12 10  0 36 36  1 29  0 29 12 12  1 51 10  1 30 30  1 30 30
  0  1  0  1 30 29 29 43 30  1 49 10 29 10 29 30  0 29 10 29 38 12 29  0
 29 29 38 29 29 38 49 52 48 49 46 29 51 52 43 48]","[29 29 38 12 38 10  0 59 36 52 29 12 29 38 12 12 12 38  1 30 30  1 30 38
 12  0 52  1 52 29 29 52 30 52 52 30 29 43 29 30  0 29 38 29 38 51 29  0
 29 29 48 29 29 38 49  0 30  1 46 29 52 52 49 30]",False,False,0.0,0.0,1.0,0.0,0.0,25,0,0,1.0,0.0,0.0,25,0,0,1.0,0.0,0.0,25,0,0,1.0,0.0,0.0,25,0,0,1.0,0.0,0.0,25,0,0,1.0,0.0,0.0,25,0,0,0.04,0.0,0.0,1,0,0,0.04,0.0,0.0,1,0,0
[0 0 0 ... 1 0 0],1,"[45  1  5 42 63  1 63 34 18 19  5 44 57  1 55 54 23 45  1  1 19 18  1  1
 13 57 41 56 19 45 56 23 63 57  1 19 41 22  5 34 63  1  1 13  1  1 13 54
  1 55 63 55  1 19  1  1  1  1 44 52 22 23 52  1]","[42  1  5 41 55  1 22 52 18 41 42 44 18  1 42 41 23 63  1  1 18 18  1  1
 44 57 41 54 34 52 34 23 63 57  1 56 52 22 48 34 57  1  1 22  1  1 63 55
  1 45 41 23  1 19  1  1  1  1 41 22 55 56 13  1]",False,False,0.0,0.0,"[np.int64(52), np.int64(16), np.int64(26), np.int64(46), np.int64(51), np.int64(8), np.int64(31), np.int64(31), np.int64(26), np.int64(0), np.int64(58), np.int64(37), np.int64(2), np.int64(22), np.int64(15), np.int64(23), np.int64(40), np.int64(28), np.int64(31), np.int64(7), np.int64(47), np.int64(10), np.int64(62), np.int64(10), np.int64(8), np.int64(3), np.int64(25), np.int64(14), np.int64(24), np.int64(12), np.int64(29), np.int64(26), np.int64(47), np.int64(53), np.int64(31), np.int64(59), np.int64(3), np.int64(31), np.int64(27), np.int64(50), np.int64(60), np.int64(33), np.int64(47), np.int64(35), np.int64(15), np.int64(4), np.int64(21), np.int64(37), np.int64(23), np.int64(23), np.int64(11), np.int64(33), np.int64(12), np.int64(13), np.int64(24), np.int64(1), np.int64(17), np.int64(17), np.int64(40), np.int64(41), np.int64(50), np.int64(17), np.int64(35), np.int64(46)]","[np.int64(26), np.int64(20), np.int64(28), np.int64(16), np.int64(53), np.int64(59), np.int64(30), np.int64(41), np.int64(7), np.int64(7), np.int64(27), np.int64(48), np.int64(50), np.int64(40), np.int64(20), np.int64(17), np.int64(9), np.int64(9), np.int64(40), np.int64(21), np.int64(37), np.int64(63), np.int64(45), np.int64(12), np.int64(60), np.int64(27), np.int64(2), np.int64(2), np.int64(0), np.int64(9), np.int64(6), np.int64(6), np.int64(60), np.int64(6), np.int64(44), np.int64(56), np.int64(11), np.int64(0), np.int64(20), np.int64(16), np.int64(10), np.int64(56), np.int64(60), np.int64(53), np.int64(3), np.int64(5), np.int64(50), np.int64(0), np.int64(51), np.int64(58), np.int64(60), np.int64(52), np.int64(41), np.int64(14), np.int64(5), np.int64(26), np.int64(16), np.int64(44), np.int64(0), np.int64(22), np.int64(11), np.int64(12), np.int64(32), np.int64(52)]",False,False,0.0,0.0,"[18  1 23  5 63  1  5 52 45 41 52 44 42  1 42 41 23 45  1  1 18 57  1  1
 34 57 44 56 19 52 22 23 34 57  1 19 52 22  5 23 57  1  1 41  1  1 52 55
  1 45 55 56  1 19  1  1  1  1 45  5 55 63 19  1]","[42  1  5 54 55  1 18 55 34 41  5 44 18  1 42 41 13 45  1  1 23 41  1  1
 13 57 48 54 54 45 34 41 54 57  1 56 41 57  5 34 48  1  1 22  1  1 23 55
  1 34 41 41  1 13  1  1  1  1 41  5 55 23 45  1]",False,False,0.0,0.0,"[18  1  5  5 52  1  5 23 18 19  5 44 13  1 34 41 44 19  1  1 19 18  1  1
 13 44 41 56 19 45 22 22 34 57  1 13 22 22  5 23 48  1  1 19  1  1 19 54
  1 45 41 55  1 19  1  1  1  1 54 48 48 55 45  1]","[45  1 63 41 63  1 18 23 18 41 54 44 18  1 42 41 44 45  1  1 18 41  1  1
 44 44 41 54 34 45 54 41 54 57  1 63 41 22  5 23 23  1  1 41  1  1 41 45
  1 41 41 41  1 19  1  1  1  1 41 42 22 23 45  1]",False,False,0.0,0.0,1.0,0.0,0.0,25,0,0,1.0,0.0,0.0,25,0,0,1.0,0.0,0.0,25,0,0,1.0,0.0,0.0,25,0,0,1.0,0.0,0.0,25,0,0,1.0,0.0,0.0,25,0,0,0.04,0.0,0.0,1,0,0,0.04,0.0,0.0,1,0,0
[1 1 1 ... 1 0 1],29,"[29 29 29 40 27 48 61 29 29 62 61 62 18 34 29 62 60 18 29 29 18 19 37  0
 29 29  1 29 29 29 29 14 18  8 29 40  2 29 41  8 29 29 41 24 30  7  8 30
 29 58 61 34 41  7 30 62 29 58 29 30 29 29 29 24]","[29 29 29 41 27 62 61 29 29 41  8 25 18 34 29 61 19  1 29 29  8 37  1  2
 29 29 34 29 29 29 29 27  0  8 29 58  0 29  8  8 29 29 48 61 19 30 58 30
 29 34 19 14 41 27  8 14 29  1 29 27 29 29 29 34]",False,False,0.0,0.0,"[np.int64(60), np.int64(55), np.int64(1), np.int64(8), np.int64(44), np.int64(39), np.int64(46), np.int64(23), np.int64(11), np.int64(31), np.int64(5), np.int64(36), np.int64(51), np.int64(15), np.int64(24), np.int64(14), np.int64(31), np.int64(48), np.int64(7), np.int64(5), np.int64(42), np.int64(16), np.int64(42), np.int64(9), np.int64(14), np.int64(12), np.int64(21), np.int64(24), np.int64(46), np.int64(50), np.int64(35), np.int64(31), np.int64(31), np.int64(63), np.int64(22), np.int64(22), np.int64(18), np.int64(10), np.int64(45), np.int64(46), np.int64(5), np.int64(63), np.int64(45), np.int64(38), np.int64(32), np.int64(62), np.int64(54), np.int64(3), np.int64(53), np.int64(22), np.int64(22), np.int64(7), np.int64(60), np.int64(36), np.int64(54), np.int64(56), np.int64(4), np.int64(49), np.int64(10), np.int64(4), np.int64(20), np.int64(52), np.int64(40), np.int64(41)]","[np.int64(45), np.int64(46), np.int64(50), np.int64(33), np.int64(36), np.int64(53), np.int64(53), np.int64(42), np.int64(54), np.int64(33), np.int64(63), np.int64(30), np.int64(55), np.int64(63), np.int64(27), np.int64(60), np.int64(53), np.int64(6), np.int64(0), np.int64(35), np.int64(11), np.int64(26), np.int64(27), np.int64(46), np.int64(9), np.int64(26), np.int64(33), np.int64(63), np.int64(32), np.int64(53), np.int64(20), np.int64(54), np.int64(56), np.int64(49), np.int64(2), np.int64(57), np.int64(9), np.int64(36), np.int64(62), np.int64(18), np.int64(58), np.int64(17), np.int64(26), np.int64(62), np.int64(42), np.int64(50), np.int64(53), np.int64(2), np.int64(60), np.int64(30), np.int64(61), np.int64(22), np.int64(44), np.int64(4), np.int64(63), np.int64(49), np.int64(37), np.int64(44), np.int64(58), np.int64(31), np.int64(19), np.int64(63), np.int64(18), np.int64(8)]",False,False,0.0,0.0,"[29 29 29 28 14 37  1 29 29 34  8 37 18  7 29 34 40 24 29 29  8 19 19 19
 29 29 14 29 29 29 29  8 18 14 29 48  0 29 62  1 29 29 41 41 30 27  1 58
 29 58 19 34 41 58  1 19 29 27 29 58 29 29 29 34]","[29 29 29 41  7 37 48 29 29 24 24 28 18 34 29 58  8  8 29 29 60 41 37 30
 29 29  1 29 29 29 29 14 24 27 29 14 62 29  8  8 29 29 25 24 30 27 28 58
 29 25 56 14 19 58 30 37 29 27 29 27 29 29 29  2]",False,False,0.0,0.0,"[29 29 29 28  8  1  1 29 29 19  8  8 18  7 29  0  8  1 29 29 18  8  1 19
 29 29  2 29 29 29 29  8 18 14 29  8  0 29  8  1 29 29  0 18 19 27  8 30
 29 34 19 34 28 28 27 61 29 28 29 58 29 29 29 61]","[29 29 29 41 27 37 61 29 29 41 61 27 41  7 29  0  0 27 29 29 60 37 37  7
 29 29 27 29 29 29 29 27  0 27 29  7 62 29  8  1 29 29  0  1 27 27 27 56
 29 25 56 14 27 27 27 27 29 27 29 27 29 29 29  2]",False,False,0.0,0.0,1.0,0.0,0.0,25,0,0,1.0,0.0,0.0,25,0,0,1.0,0.0,0.0,25,0,0,1.0,0.0,0.0,25,0,0,1.0,0.0,0.0,25,0,0,1.0,0.0,0.0,25,0,0,0.04,0.0,0.0,1,0,0,0.04,0.0,0.0,1,0,0
[1 0 0 ... 1 0 1],52,"[41 35 16 34 56 16 47 35 52 58 40 34 52 39 47 12 52 56  8  6 34 47 41  8
 35 63 12 52 12 47 40 62 58 34 52 52 34 62 27 52 52 52 39 35 16 27 27 52
 62 56 41 62 52 16 35 47 52 47 52 62 41 35 52 39]","[41 27 16 34 47 62 47 39 52 58 56 35 52 39 47 40 52 40 34 10  8 12 40  8
 35  9 16 52 58 27 40 62 16 40 52 52 56 56  8 52 52 52 12  8 27 16 58 52
 12  8 41 62 52 39 34 47 52 16 52 27 40 58 52 39]",False,False,0.0,0.0,"[np.int64(61), np.int64(43), np.int64(54), np.int64(36), np.int64(33), np.int64(60), np.int64(2), np.int64(50), np.int64(58), np.int64(36), np.int64(41), np.int64(33), np.int64(32), np.int64(27), np.int64(53), np.int64(23), np.int64(36), np.int64(60), np.int64(13), np.int64(52), np.int64(27), np.int64(6), np.int64(22), np.int64(15), np.int64(37), np.int64(41), np.int64(18), np.int64(29), np.int64(9), np.int64(53), np.int64(54), np.int64(61), np.int64(0), np.int64(18), np.int64(14), np.int64(63), np.int64(3), np.int64(26), np.int64(38), np.int64(5), np.int64(44), np.int64(34), np.int64(31), np.int64(13), np.int64(52), np.int64(21), np.int64(52), np.int64(10), np.int64(12), np.int64(62), np.int64(62), np.int64(50), np.int64(28), np.int64(6), np.int64(11), np.int64(0), np.int64(29), np.int64(49), np.int64(60), np.int64(25), np.int64(57), np.int64(10), np.int64(6), np.int64(11)]","[np.int64(43), np.int64(39), np.int64(40), np.int64(19), np.int64(53), np.int64(50), np.int64(0), np.int64(33), np.int64(45), np.int64(35), np.int64(1), np.int64(15), np.int64(6), np.int64(19), np.int64(19), np.int64(63), np.int64(29), np.int64(25), np.int64(30), np.int64(22), np.int64(50), np.int64(53), np.int64(21), np.int64(3), np.int64(61), np.int64(39), np.int64(59), np.int64(42), np.int64(36), np.int64(52), np.int64(20), np.int64(36), np.int64(13), np.int64(41), np.int64(52), np.int64(0), np.int64(34), np.int64(39), np.int64(15), np.int64(35), np.int64(63), np.int64(61), np.int64(37), np.int64(15), np.int64(10), np.int64(44), np.int64(34), np.int64(1), np.int64(61), np.int64(40), np.int64(22), np.int64(57), np.int64(27), np.int64(62), np.int64(18), np.int64(36), np.int64(27), np.int64(27), np.int64(11), np.int64(48), np.int64(49), np.int64(6), np.int64(11), np.int64(22)]",False,False,0.0,0.0,"[35 27 40 62 56 41 47 39 52 41 56 58 52 39 47 16 52 56  8 32 34 12 41 39
 47  0 16 52 58 27 39 62 16 40 52 52 27 62 27 52 52 52 12 62 27 39 27 52
 12 40 62 62 52 39 47 40 52 16 52 16 41 47 52 39]","[35 27 16 35 47 62 34 34 52 41 56 56 52 39 47 40 52 58 58 32  8 12 40 39
  8 11 34 52 12 58 34 62 16 56 52 52  8 56 35 52 52 52 39 35 62 16 27 52
 40 56 41 62 52 16 58 47 52 58 52 16 40 62 52 39]",False,False,0.0,0.0,"[35 35 16 47 47 34 27 35 52 41 27 16 52 39 47 12 52 34  8  3 34 12 41 39
 39  1 16 52 12 27 34 62 16 34 52 52 12 27  8 52 52 52 12 35 12 27 27 52
 12  8 16 62 52 16 47 40 52 12 52 16 16  8 52 47]","[41 35 40 62 62 62 35 34 52 41 40 56 52 39 47 40 52 40  8 49 56 41 40 39
  8  9 34 52 12 40 39 62 62 56 52 52 56 16  8 52 52 52 12 62 62 16 58 52
 62 40 41 62 52 16 35 40 52 16 52 34 16 35 52 39]",False,False,0.0,0.0,1.0,0.0,0.0,25,0,0,1.0,0.0,0.0,25,0,0,1.0,0.0,0.0,25,0,0,1.0,0.0,0.0,25,0,0,1.0,0.0,0.0,25,0,0,1.0,0.0,0.0,25,0,0,0.04,0.0,0.0,1,0,0,0.04,0.0,0.0,1,0,0
[1 0 1 ... 0 0 1],53,"[53 31 43 53  3 53  5  0 12 45 47 53 53 39  0  4 53 39 53 49 53 31 53 39
 26  3 53 31 12  5  3 53 31 47 18 16 39 59 16 53 22 16 39 53 26 53 43 53
 47 53 49  0 24 53 22 16 11 11  0 53 47 59  3 31]","[53 49 43 53  3 53 59  0 59 45 31 53 53 39  5 51 53 11 53 49 53 16 53  0
 47 26 53 45 12  5 12 53  5 45 22  5 26  3 16 53 22 59  3 53  0 53 45 53
 39 53 16  0 24 53  0 16 20 16 49 53 47 59  5 59]",False,False,0.0,0.0,"[np.int64(23), np.int64(60), np.int64(39), np.int64(27), np.int64(49), np.int64(58), np.int64(7), np.int64(37), np.int64(17), np.int64(54), np.int64(39), np.int64(30), np.int64(35), np.int64(48), np.int64(50), np.int64(43), np.int64(8), np.int64(62), np.int64(31), np.int64(17), np.int64(7), np.int64(27), np.int64(37), np.int64(11), np.int64(8), np.int64(47), np.int64(15), np.int64(58), np.int64(20), np.int64(55), np.int64(48), np.int64(31), np.int64(18), np.int64(38), np.int64(40), np.int64(35), np.int64(42), np.int64(8), np.int64(22), np.int64(18), np.int64(53), np.int64(20), np.int64(4), np.int64(42), np.int64(12), np.int64(9), np.int64(10), np.int64(7), np.int64(23), np.int64(47), np.int64(13), np.int64(12), np.int64(62), np.int64(25), np.int64(30), np.int64(38), np.int64(46), np.int64(23), np.int64(26), np.int64(27), np.int64(51), np.int64(5), np.int64(7), np.int64(36)]","[np.int64(27), np.int64(50), np.int64(53), np.int64(60), np.int64(31), np.int64(38), np.int64(54), np.int64(0), np.int64(28), np.int64(31), np.int64(61), np.int64(51), np.int64(53), np.int64(55), np.int64(30), np.int64(28), np.int64(31), np.int64(4), np.int64(42), np.int64(52), np.int64(54), np.int64(0), np.int64(13), np.int64(27), np.int64(9), np.int64(34), np.int64(35), np.int64(8), np.int64(62), np.int64(63), np.int64(36), np.int64(9), np.int64(18), np.int64(22), np.int64(16), np.int64(29), np.int64(60), np.int64(9), np.int64(59), np.int64(37), np.int64(45), np.int64(44), np.int64(9), np.int64(25), np.int64(4), np.int64(52), np.int64(39), np.int64(2), np.int64(3), np.int64(63), np.int64(63), np.int64(6), np.int64(26), np.int64(13), np.int64(63), np.int64(37), np.int64(37), np.int64(37), np.int64(45), np.int64(43), np.int64(28), np.int64(16), np.int64(59), np.int64(31)]",False,False,0.0,0.0,"[53 31  0 53  3 53 47  0 59 45 47 53 53  5 20 61 53 20 53 26 53  3 53 39
 45 22 53  0 47  5 18 53 31 20  3  5 39 20 20 53 18 18  3 53  5 53  0 53
 11 53 59  0 44 53 22 16 20 16 49 53 12 59 43 47]","[53 31 43 53  3 53 39  0  0 45 47 53 53  5 49 51 53  0 53 43 53 31 53 39
 47 20 53  0 12  5  3 53 18 47 22  5 39 59 11 53 22 18 39 53 22 53 22 53
  0 53 59  0 21 53 49 16 22 16 49 53 18 49  5 31]",False,False,0.0,0.0,"[53 31 43 53  3 53 47 39 12 45 31 53 53 45 49  4 53 20 53 26 53 31 53 26
 22 26 53 18 12 45 18 53 18 45 18 20 43 20 20 53 22 18  3 53 22 53 22 53
 45 53 59 22 10 53 22 16 11 11 49 53 18 49 43 59]","[53 31  0 53  3 53  5  0  0 45 47 53 53  5  5 24 53 39 53  0 53 16 53 39
 47 20 53 47  5  5  3 53  5 47  5  5  0 59 16 53  5 18 39 53  5 53  0 53
 47 53 59  0 24 53  0 16 45 16  0 53 47 59  5 47]",False,False,0.0,0.0,1.0,0.0,0.0,25,0,0,1.0,0.0,0.0,25,0,0,1.0,0.0,0.0,25,0,0,1.0,0.0,0.0,25,0,0,1.0,0.0,0.0,25,0,0,1.0,0.0,0.0,25,0,0,0.04,0.0,0.0,1,0,0,0.04,0.0,0.0,1,0,0
[0 0 0 ... 1 0 0],1,"[23  1 23  5 52  1 18 52 56 19 52 44 42  1 34 63 13 19  1  1 18 57  1  1
 34 57 48 63 54 45 54 57 56 57  1 63 52 22 57 34 23  1  1 55  1  1 42 55
  1 45 55 55  1 13  1  1  1  1 54 48 55 23 52  1]","[18  1 23 54 63  1 56 52 42 63 54 44 18  1 42 54 52 63  1  1 18 57  1  1
 34 44 41 52 19 52 54 57 54 57  1 56 22 22  5 34 48  1  1 22  1  1 23 54
  1 44 41 42  1 19  1  1  1  1 41 52 55 63 45  1]",False,False,0.0,0.0,"[np.int64(25), np.int64(21), np.int64(50), np.int64(5), np.int64(58), np.int64(20), np.int64(58), np.int64(36), np.int64(0), np.int64(22), np.int64(9), np.int64(8), np.int64(16), np.int64(62), np.int64(44), np.int64(37), np.int64(53), np.int64(4), np.int64(45), np.int64(58), np.int64(14), np.int64(4), np.int64(12), np.int64(16), np.int64(35), np.int64(15), np.int64(53), np.int64(49), np.int64(51), np.int64(20), np.int64(23), np.int64(7), np.int64(26), np.int64(48), np.int64(56), np.int64(53), np.int64(22), np.int64(28), np.int64(31), np.int64(13), np.int64(47), np.int64(60), np.int64(28), np.int64(20), np.int64(45), np.int64(63), np.int64(25), np.int64(41), np.int64(57), np.int64(9), np.int64(21), np.int64(28), np.int64(56), np.int64(44), np.int64(2), np.int64(23), np.int64(54), np.int64(15), np.int64(41), np.int64(3), np.int64(62), np.int64(28), np.int64(21), np.int64(54)]","[np.int64(56), np.int64(45), np.int64(26), np.int64(24), np.int64(6), np.int64(29), np.int64(48), np.int64(10), np.int64(16), np.int64(32), np.int64(24), np.int64(41), np.int64(20), np.int64(47), np.int64(25), np.int64(58), np.int64(59), np.int64(8), np.int64(32), np.int64(20), np.int64(4), np.int64(1), np.int64(20), np.int64(9), np.int64(49), np.int64(18), np.int64(6), np.int64(57), np.int64(40), np.int64(21), np.int64(46), np.int64(20), np.int64(5), np.int64(35), np.int64(22), np.int64(12), np.int64(53), np.int64(57), np.int64(48), np.int64(25), np.int64(21), np.int64(9), np.int64(58), np.int64(7), np.int64(24), np.int64(22), np.int64(32), np.int64(15), np.int64(56), np.int64(27), np.int64(1), np.int64(36), np.int64(45), np.int64(6), np.int64(4), np.int64(28), np.int64(45), np.int64(59), np.int64(24), np.int64(53), np.int64(1), np.int64(51), np.int64(40), np.int64(49)]",False,False,0.0,0.0,"[23  1 23 54 52  1 18 52 56 63  5 44 18  1 34 54 23 19  1  1 19 54  1  1
 44 57 48 63 48 52 56 23 34 57  1 13 52 57 48 34 23  1  1 41  1  1 56 55
  1 34 55 23  1 19  1  1  1  1 19 48 52 55 13  1]","[42  1 63 41 52  1 56 52 18 41  5 44 57  1 34 54 44 45  1  1 18 41  1  1
 44 44 41 54 54 52 56 23 63 57  1 63 22 22 48 34 57  1  1 55  1  1 42 45
  1 23 41 41  1 19  1  1  1  1 22 48 48 23 45  1]",False,False,0.0,0.0,"[18  1  5  5 52  1  5 23 18 19  5 44 13  1 34 41 44 19  1  1 19 18  1  1
 13 44 41 56 19 45 22 22 34 57  1 13 22 22  5 23 48  1  1 19  1  1 19 54
  1 45 41 55  1 19  1  1  1  1 54 48 48 55 45  1]","[45  1 63 41 63  1 18 23 18 41 54 44 18  1 42 41 44 45  1  1 18 41  1  1
 44 44 41 54 34 45 54 41 54 57  1 63 41 22  5 23 23  1  1 41  1  1 41 45
  1 41 41 41  1 19  1  1  1  1 41 42 22 23 45  1]",False,False,0.0,0.0,1.0,0.0,0.0,25,0,0,1.0,0.0,0.0,25,0,0,1.0,0.0,0.0,25,0,0,1.0,0.0,0.0,25,0,0,1.0,0.0,0.0,25,0,0,1.0,0.0,0.0,25,0,0,0.04,0.0,0.0,1,0,0,0.04,0.0,0.0,1,0,0
[0 0 0 ... 0 0 1],40,"[40 40  1  1 40  7 19 40 43 40 24 61  7 43 39 40 37  1 39 40 43 24 28 19
 40 24 40  4 40 28  1 37  0  4 43  7  7 40 40 40 40  4 40 40  9  9 43 19
 61 38 61 19  0  1 28  0 42 43 39 26  1 40 42 24]","[40 40  1  1 40  1 37 40 26 40 24  1  4  1 39 40  0  1 43 40 38 24  4 26
 40 24 40  0 40 15  9 42 28 19  0  9  9 40 40 40 40 19 40 40 24 24 15 39
 43 38 61 37 39  1  4 26 28 37 39  4  1 40  1 24]",False,False,0.0,0.0,"[np.int64(40), np.int64(15), np.int64(44), np.int64(7), np.int64(63), np.int64(3), np.int64(7), np.int64(55), np.int64(36), np.int64(53), np.int64(8), np.int64(31), np.int64(38), np.int64(60), np.int64(40), np.int64(61), np.int64(16), np.int64(43), np.int64(10), np.int64(21), np.int64(29), np.int64(33), np.int64(5), np.int64(40), np.int64(57), np.int64(21), np.int64(10), np.int64(28), np.int64(50), np.int64(29), np.int64(0), np.int64(8), np.int64(63), np.int64(51), np.int64(24), np.int64(54), np.int64(50), np.int64(50), np.int64(32), np.int64(45), np.int64(14), np.int64(36), np.int64(45), np.int64(55), np.int64(52), np.int64(19), np.int64(29), np.int64(47), np.int64(2), np.int64(2), np.int64(28), np.int64(23), np.int64(57), np.int64(21), np.int64(57), np.int64(49), np.int64(27), np.int64(36), np.int64(43), np.int64(25), np.int64(9), np.int64(28), np.int64(2), np.int64(2)]","[np.int64(58), np.int64(29), np.int64(11), np.int64(63), np.int64(22), np.int64(35), np.int64(16), np.int64(0), np.int64(59), np.int64(14), np.int64(21), np.int64(59), np.int64(61), np.int64(14), np.int64(2), np.int64(0), np.int64(56), np.int64(41), np.int64(26), np.int64(61), np.int64(59), np.int64(29), np.int64(48), np.int64(41), np.int64(18), np.int64(35), np.int64(52), np.int64(18), np.int64(17), np.int64(32), np.int64(20), np.int64(54), np.int64(1), np.int64(23), np.int64(16), np.int64(32), np.int64(46), np.int64(45), np.int64(16), np.int64(45), np.int64(29), np.int64(37), np.int64(47), np.int64(14), np.int64(14), np.int64(62), np.int64(12), np.int64(18), np.int64(41), np.int64(16), np.int64(54), np.int64(15), np.int64(6), np.int64(16), np.int64(56), np.int64(25), np.int64(40), np.int64(60), np.int64(30), np.int64(2), np.int64(17), np.int64(55), np.int64(15), np.int64(30)]",False,False,0.0,0.0,"[40 40  1 39 40 38 37 40 26 40 24 61  4  1 39 40  1 43 15 40 38 24  4 19
 40 24 40  0 40  9 61 15  1 39  0  9 43 40 40 40 40  4 40 40 39  9 15 39
 43  4 43 37 39  1 37  9 43  1 28  4  1 40 19 24]","[40 40  1 39 40  1 19 40 43 40 24 61 28 37 39 40  1  1 42 40 39 38 38 19
 40 15 40  0 40 15 28 42 42 37 61  9  7 40 40 40 40  4 40 40  0  9 15 19
 43  0 61 39 39  1 19  9 43 37 39 26  1 40  1 24]",False,False,0.0,0.0,"[40 40  1  4 40  1  0 40 26 40 24  1  4 15  0 40  0 24 15 40 38 24  4 19
 40 15 40  0 40 28 28 15  1 19  0  9  1 40 40 40 40  4 40 40 15  9 15 19
  0 19 61 37 39  1 37 26 61 37 39 61  1 40 42 24]","[40 40  1  1 40  1  0 40 43 40 24  1  4  1 39 40 37  1  9 40 39 38  4 19
 40  1 40  0 40  9  1 42 42 37 42  9 37 40 40 40 40 39 40 40  0 37 43 39
  0  0 61 37 39  1 19 26 43 37 39  4  1 40 37 24]",False,False,0.0,0.0,1.0,0.0,0.0,25,0,0,1.0,0.0,0.0,25,0,0,1.0,0.0,0.0,25,0,0,1.0,0.0,0.0,25,0,0,1.0,0.0,0.0,25,0,0,1.0,0.0,0.0,25,0,0,0.04,0.0,0.0,1,0,0,0.04,0.0,0.0,1,0,0
[1 0 0 ... 1 0 0],4,"[58  4 25 26  4 57 62 26  4 39 38 38  1 57  4 38 59  8 59 49 22 60  4 39
 53  4  4 58 49 38 57 26 49 57 57 59 39  8  4  4  1 59 58 22 53  8  1  8
  8  4 53 58  1  4 62  1 26  4  4  4  4 39  4 53]","[58  4 57 58  4 57 53 26  4 26  8 38 49 26  4 38 59 14 59 26 22 38  4 58
 53  4  4 53 62  1 22 26 38 38 53 38 59 60  4  4 14 22 14 38 53  1 25  8
 38  4 38 38  1  4 53 49 57  4  4  4  4 49  4 38]",False,False,0.0,0.0,"[np.int64(41), np.int64(49), np.int64(32), np.int64(37), np.int64(30), np.int64(11), np.int64(25), np.int64(6), np.int64(25), np.int64(39), np.int64(27), np.int64(62), np.int64(3), np.int64(56), np.int64(26), np.int64(1), np.int64(7), np.int64(18), np.int64(55), np.int64(8), np.int64(48), np.int64(19), np.int64(27), np.int64(22), np.int64(13), np.int64(22), np.int64(2), np.int64(57), np.int64(48), np.int64(56), np.int64(12), np.int64(25), np.int64(15), np.int64(28), np.int64(18), np.int64(55), np.int64(13), np.int64(5), np.int64(18), np.int64(47), np.int64(48), np.int64(62), np.int64(37), np.int64(33), np.int64(44), np.int64(33), np.int64(37), np.int64(30), np.int64(15), np.int64(35), np.int64(0), np.int64(53), np.int64(5), np.int64(18), np.int64(56), np.int64(27), np.int64(45), np.int64(63), np.int64(18), np.int64(63), np.int64(8), np.int64(62), np.int64(61), np.int64(61)]","[np.int64(6), np.int64(54), np.int64(7), np.int64(18), np.int64(42), np.int64(25), np.int64(28), np.int64(9), np.int64(25), np.int64(23), np.int64(11), np.int64(27), np.int64(62), np.int64(6), np.int64(53), np.int64(5), np.int64(20), np.int64(59), np.int64(9), np.int64(61), np.int64(49), np.int64(13), np.int64(7), np.int64(12), np.int64(33), np.int64(19), np.int64(46), np.int64(59), np.int64(26), np.int64(11), np.int64(12), np.int64(13), np.int64(11), np.int64(39), np.int64(22), np.int64(6), np.int64(38), np.int64(27), np.int64(30), np.int64(26), np.int64(57), np.int64(38), np.int64(43), np.int64(60), np.int64(56), np.int64(4), np.int64(22), np.int64(35), np.int64(22), np.int64(37), np.int64(8), np.int64(46), np.int64(49), np.int64(14), np.int64(9), np.int64(35), np.int64(60), np.int64(49), np.int64(6), np.int64(39), np.int64(3), np.int64(25), np.int64(22), np.int64(37)]",False,False,0.0,0.0,"[58  4 57 26  4 38 62 39  4  8  8 22 49 57  4 38 49 49  1 49 53 38  4 58
 58  4  4 58 57 57 57 26  1 58  1 39 38 25  4  4 53 14 14 22 53  1 39 26
  8  4 38 38 62  4 39 49 26  4  4  4  4 39  4 53]","[58  4 57 14  4 57 60 39  4 59  8 38  1 26  4 38 49  8 59 49 25 60  4 58
 58  4  4 22 39 39 22 26  8 57 53 22 59 62  4  4 58 14 22 49 53 57 39  1
  8  4 53 38  1  4 53  1 49  4  4  4  4 39  4 38]",False,False,0.0,0.0,"[58  4 57  1  4  1 60 39  4  8  8 22  1 26  4 38 49  8  1 22 22 14  4 14
 58  4  4 14  8  8 22 26  8 38  1 22 53  8  4  4  1 14 22 22 53  8  8  8
  8  4 38 58  1  4 25 49 49  4  4  4  4 39  4 53]","[58  4 57 14  4 57 53 38  4 26  8 38  1 57  4 38 59 57  1 49 53 38  4 53
 53  4  4 53 57 57 22 26  8 38  1 22 53 58  4  4 53 14 58 38 53 57  8 26
  8  4 38 38  1  4 22 59 26  4  4  4  4  1  4 38]",False,False,0.0,0.0,1.0,0.0,0.0,25,0,0,1.0,0.0,0.0,25,0,0,1.0,0.0,0.0,25,0,0,1.0,0.0,0.0,25,0,0,1.0,0.0,0.0,25,0,0,1.0,0.0,0.0,25,0,0,0.04,0.0,0.0,1,0,0,0.04,0.0,0.0,1,0,0
[0 0 0 ... 0 0 1],30,"[48 22 30 30  2 22 62 30 33 49 30 42 30 10 42 10 33 35 10  3 28  7 30 12
 12 12 22 35 30  7 30  7 35 30 33 30 62 35 28 22 62 33 30 42  3 48 22  3
 30 30 62  3  3 22  2 49  3 10 28 28 33 10 30 49]","[10 22 30 30 22 22 62 30  2 49 30 22 30 33 42 10  2  3  2  3  7 33 30 12
  2 33 22 35 30 22 30 22 35 30 33 30 62 35 28 22 62  2 30 42  3 42 22 28
 30 30 62 42  3 22 33  7  3 10  7 22 12 49 30 49]",False,False,0.0,0.0,"[np.int64(48), np.int64(4), np.int64(13), np.int64(25), np.int64(44), np.int64(28), np.int64(19), np.int64(48), np.int64(49), np.int64(46), np.int64(46), np.int64(36), np.int64(47), np.int64(59), np.int64(63), np.int64(54), np.int64(7), np.int64(61), np.int64(14), np.int64(2), np.int64(46), np.int64(9), np.int64(34), np.int64(45), np.int64(24), np.int64(3), np.int64(14), np.int64(36), np.int64(36), np.int64(37), np.int64(43), np.int64(32), np.int64(25), np.int64(26), np.int64(51), np.int64(56), np.int64(60), np.int64(33), np.int64(36), np.int64(10), np.int64(44), np.int64(1), np.int64(13), np.int64(26), np.int64(50), np.int64(40), np.int64(42), np.int64(29), np.int64(16), np.int64(60), np.int64(60), np.int64(11), np.int64(10), np.int64(42), np.int64(47), np.int64(23), np.int64(17), np.int64(8), np.int64(45), np.int64(26), np.int64(16), np.int64(43), np.int64(56), np.int64(5)]","[np.int64(46), np.int64(13), np.int64(61), np.int64(56), np.int64(59), np.int64(62), np.int64(40), np.int64(51), np.int64(30), np.int64(16), np.int64(20), np.int64(63), np.int64(45), np.int64(53), np.int64(37), np.int64(8), np.int64(43), np.int64(44), np.int64(2), np.int64(44), np.int64(30), np.int64(0), np.int64(12), np.int64(24), np.int64(14), np.int64(17), np.int64(33), np.int64(23), np.int64(4), np.int64(30), np.int64(44), np.int64(41), np.int64(51), np.int64(53), np.int64(48), np.int64(60), np.int64(49), np.int64(16), np.int64(51), np.int64(42), np.int64(18), np.int64(2), np.int64(47), np.int64(29), np.int64(59), np.int64(29), np.int64(7), np.int64(57), np.int64(6), np.int64(9), np.int64(31), np.int64(58), np.int64(38), np.int64(21), np.int64(24), np.int64(19), np.int64(10), np.int64(53), np.int64(40), np.int64(28), np.int64(14), np.int64(31), np.int64(17), np.int64(47)]",False,False,0.0,0.0,"[48 42 30 30 33 42 62 30 42  3 30 28 30 10  3 10 62 35  2  3  7 28 30 12
 33 12 22  7 30 22 30 12 49 30 49 30 35 28 28 62 48  7 30 42 12 48  2  3
 30 30 48  3 35 22 33  7 22 10 35 10 12 49 30 49]","[35 42 30 30 22 22 62 30 12  3 30 10 30 10 42 10 33  3  2  3 49  7 30 12
 22 33 22 42 30  7 30 28 49 30 33 30 35 35 62 42 62  2 30 42  3 42  2 28
 30 30 48 35  3 22  2  7 22 10 35 22  3 22 30 49]",False,False,0.0,0.0,"[10 22 30 30  2 22 62 30  2  3 30  7 30 10  3 10  2  3 10  3  7  7 30 12
  2  3 22  7 30  7 30  7 49 30 12 30 28  7 10 12  3  7 30 42  7 12  2 28
 30 30 48 42 35 49 33 49 22  7 49 28 33 49 30 49]","[35 22 30 30 22 22 62 30  2 22 30 22 30 33  3 10  2  3  2  3  7  7 30 12
  2 33 22  3 30 22 30 22 35 30 33 30 35  2 62 22  3  2 30 42  3 42  2  3
 30 30 62  3  3 22  2  7 22  7  7  2 33 22 30 49]",False,False,0.0,0.0,1.0,0.0,0.0,25,0,0,1.0,0.0,0.0,25,0,0,1.0,0.0,0.0,25,0,0,1.0,0.0,0.0,25,0,0,1.0,0.0,0.0,25,0,0,1.0,0.0,0.0,25,0,0,0.04,0.0,0.0,1,0,0,0.04,0.0,0.0,1,0,0
[0 0 0 ... 1 0 1],43,"[43 11 16 43 43 55 43 43 28 32  7 43 43 29 27 61 43  6 23 51  0  0 45 43
  3 23  6 43 43 43  4 11 43 43 43  0  7 27 43 43 12 27 62 43 61 43 62  0
 16 32 54 43 39 43 43 43 54 55 16 33 54 43 43 34]","[43 33 39 43 43 39 43 43 23 32  7 43 43 16 45  7 43 33 39 61 27  0 51 43
 34 39 33 43 43 43  4 51 43 43 43 11 39 55 43 43 34 27 29 43 45 43 29 32
  4 39 39 43 51 43 43 43 29 33 32 28 54 43 43 54]",False,False,0.0,0.0,"[np.int64(57), np.int64(3), np.int64(54), np.int64(31), np.int64(43), np.int64(21), np.int64(22), np.int64(18), np.int64(15), np.int64(44), np.int64(60), np.int64(57), np.int64(14), np.int64(28), np.int64(19), np.int64(4), np.int64(29), np.int64(43), np.int64(45), np.int64(19), np.int64(7), np.int64(10), np.int64(22), np.int64(5), np.int64(5), np.int64(41), np.int64(35), np.int64(57), np.int64(5), np.int64(41), np.int64(29), np.int64(54), np.int64(25), np.int64(5), np.int64(8), np.int64(56), np.int64(43), np.int64(32), np.int64(37), np.int64(27), np.int64(12), np.int64(14), np.int64(18), np.int64(17), np.int64(3), np.int64(38), np.int64(27), np.int64(10), np.int64(45), np.int64(8), np.int64(3), np.int64(28), np.int64(36), np.int64(28), np.int64(45), np.int64(9), np.int64(31), np.int64(58), np.int64(59), np.int64(37), np.int64(5), np.int64(3), np.int64(39), np.int64(3)]","[np.int64(0), np.int64(33), np.int64(0), np.int64(31), np.int64(8), np.int64(44), np.int64(30), np.int64(23), np.int64(41), np.int64(37), np.int64(36), np.int64(45), np.int64(27), np.int64(31), np.int64(37), np.int64(62), np.int64(20), np.int64(1), np.int64(45), np.int64(1), np.int64(51), np.int64(13), np.int64(59), np.int64(27), np.int64(5), np.int64(26), np.int64(63), np.int64(1), np.int64(4), np.int64(2), np.int64(34), np.int64(45), np.int64(42), np.int64(56), np.int64(51), np.int64(44), np.int64(0), np.int64(22), np.int64(45), np.int64(29), np.int64(52), np.int64(43), np.int64(11), np.int64(19), np.int64(36), np.int64(19), np.int64(37), np.int64(25), np.int64(37), np.int64(19), np.int64(2), np.int64(50), np.int64(45), np.int64(50), np.int64(34), np.int64(35), np.int64(59), np.int64(30), np.int64(24), np.int64(12), np.int64(40), np.int64(57), np.int64(32), np.int64(13)]",False,False,0.0,0.0,"[43 11 51 43 43 54 43 43 53 62  7 43 43 51 23 45 43 38 38 34 32  0 45 43
 38 51  4 43 43 43  3 11 43 43 43 33 39 45 43 43  6 11  0 43 34 43 62 11
 32 39 54 43 39 43 43 43 28 33 16 32 27 43 43 61]","[43 33 29 43 43 29 43 43 38  3  7 43 43 53 61 53 43 51 39 51  0  0 51 43
 39 39 55 43 43 43 33 51 43 43 43 11 39 55 43 43 12 39 27 43 45 43 29  0
 11 27 39 43 61 43 43 43 51 33 28  6 54 43 43 61]",False,False,0.0,0.0,"[43  4 12 43 43 29 43 43  3  3  7 43 43  7 11  7 43 28 11 12  0  0  7 43
  3 23 12 43 43 43  3 11 43 43 43  0  0  0 43 43  6  6  0 43  0 43 29 11
 11 39 54 43 23 43 43 43 51 55 39 28 27 43 43 53]","[43 33 12 43 43 61 43 43 38 32  7 43 43 12  6 61 43  6 39 12 27  0 51 43
 61 29  6 43 43 43 33 39 43 43 43 61 39 39 43 43  6  6 39 43  0 43 39  0
 11  0 39 43 61 43 43 43 29 33 12  6 27 43 43 61]",False,False,0.0,0.0,1.0,0.0,0.0,25,0,0,1.0,0.0,0.0,25,0,0,1.0,0.0,0.0,25,0,0,1.0,0.0,0.0,25,0,0,1.0,0.0,0.0,25,0,0,1.0,0.0,0.0,25,0,0,0.04,0.0,0.0,1,0,0,0.04,0.0,0.0,1,0,0
[1 0 0 ... 1 0 1],31,"[ 9 37  3 31 56 55 31 38 30 31 54 38 41  9 42 31 56 52 42 43  6 56 15 58
  3 38 51 43 15 30 31 31 35 15 58 51 51 55 31 43 31 31 31 31 41 58  9 38
 55 42 52 31 31 52 31 31 31 42 31  3 40 58 56 56]","[40 21 43 31 38 58 31 38 58 31 30 42 51 58 54 31 15 38 15 43 55 56 40  6
  3 58 51  3 52 30 31 31 33 42 40  6 51 43 31 58 31 31 31 31 41 58 58 42
 43  6 40 31 31 52 31 31 31 54 31 41 40 54 15 41]",False,False,0.0,0.0,"[np.int64(25), np.int64(33), np.int64(20), np.int64(41), np.int64(42), np.int64(60), np.int64(12), np.int64(6), np.int64(40), np.int64(33), np.int64(26), np.int64(28), np.int64(57), np.int64(5), np.int64(44), np.int64(39), np.int64(12), np.int64(39), np.int64(28), np.int64(36), np.int64(4), np.int64(49), np.int64(58), np.int64(2), np.int64(35), np.int64(26), np.int64(49), np.int64(55), np.int64(18), np.int64(36), np.int64(29), np.int64(54), np.int64(25), np.int64(2), np.int64(21), np.int64(10), np.int64(26), np.int64(35), np.int64(28), np.int64(17), np.int64(12), np.int64(41), np.int64(27), np.int64(39), np.int64(52), np.int64(12), np.int64(22), np.int64(19), np.int64(42), np.int64(58), np.int64(26), np.int64(27), np.int64(39), np.int64(31), np.int64(17), np.int64(15), np.int64(6), np.int64(54), np.int64(53), np.int64(35), np.int64(49), np.int64(30), np.int64(52), np.int64(11)]","[np.int64(23), np.int64(60), np.int64(3), np.int64(20), np.int64(39), np.int64(0), np.int64(12), np.int64(28), np.int64(23), np.int64(9), np.int64(50), np.int64(30), np.int64(19), np.int64(48), np.int64(33), np.int64(24), np.int64(40), np.int64(14), np.int64(31), np.int64(35), np.int64(5), np.int64(34), np.int64(7), np.int64(55), np.int64(50), np.int64(34), np.int64(46), np.int64(8), np.int64(55), np.int64(41), np.int64(39), np.int64(35), np.int64(55), np.int64(40), np.int64(52), np.int64(49), np.int64(49), np.int64(62), np.int64(0), np.int64(50), np.int64(14), np.int64(31), np.int64(9), np.int64(31), np.int64(41), np.int64(28), np.int64(53), np.int64(54), np.int64(27), np.int64(29), np.int64(19), np.int64(29), np.int64(0), np.int64(22), np.int64(29), np.int64(15), np.int64(1), np.int64(8), np.int64(24), np.int64(5), np.int64(16), np.int64(0), np.int64(54), np.int64(4)]",False,False,0.0,0.0,"[ 6 19 52 31 56 55 31 15 41 31 54 38 58 58 42 31 56 52 42 30  6 56 15 40
  3 15 42 43 52 56 31 31 12 42 58  6 51 43 31 54 31 31 31 31  3 58 51 38
 38 42  3 31 31  6 31 31 31 30 31 30 42 54 15 41]","[42 24 51 31 38 55 31 54 42 31 30  3 51 56 54 31 52 42 15 52  6 40 43 56
  3 58 51 43 54 56 31 31 12 55 58 38 41 43 31 52 31 31 31 31 40 38  6 54
 43  6  3 31 31 30 31 31 31 51 31 41 40 54 38 56]",False,False,0.0,0.0,"[15 21  3 31 56 55 31 15 30 31 54  3 51  9 42 31 38 38 42 43 55 56 51 58
  3 54 42 30 54 30 31 31 12 15 58  6  6 30 31  3 31 31 31 31 40 58 42 42
 40 42  3 31 31 51 31 31 31 42 31 58 42 58 56 56]","[41 37 51 31 38 55 31 54 42 31 54  3 41  9 54 31 41 42  3 43 55 40 51 58
  3 42 38 43 54 30 31 31 14 55 58 51 41 55 31 54 31 31 31 31  3 41 51 42
  3  6  3 31 31 51 31 31 31 42 31 41 42 41 38  3]",False,False,0.0,0.0,1.0,0.0,0.0,25,0,0,1.0,0.0,0.0,25,0,0,1.0,0.0,0.0,25,0,0,1.0,0.0,0.0,25,0,0,1.0,0.0,0.0,25,0,0,1.0,0.0,0.0,25,0,0,0.04,0.0,0.0,1,0,0,0.04,0.0,0.0,1,0,0
[0 0 0 ... 0 0 1],40,"[40 40  1  4 40 26 19 40 26 40 24 24  7 43  4 40  0 61  9 40 43 24 28 19
 40 24 40  0 40  9 15 37  0 19 42 24 42 40 40 40 40  4 40 40 15 42 43 19
  0 15 43 37 39  1 28  0 26  4 28 28  1 40 43 24]","[40 40  1  1 40  9  0 40 26 40 24 24  4 37  0 40  1 42 42 40 39 24 38 19
 40 15 40  0 40 15 26 37  0 38  7  9 42 40 40 40 40 39 40 40  9 24 15 19
 37 37 61 19 39  1 24 26 43  1 39 28  1 40 37 24]",False,False,0.0,0.0,"[np.int64(42), np.int64(49), np.int64(12), np.int64(19), np.int64(29), np.int64(53), np.int64(18), np.int64(44), np.int64(37), np.int64(61), np.int64(40), np.int64(62), np.int64(37), np.int64(20), np.int64(11), np.int64(32), np.int64(59), np.int64(36), np.int64(18), np.int64(36), np.int64(57), np.int64(56), np.int64(21), np.int64(34), np.int64(5), np.int64(17), np.int64(56), np.int64(56), np.int64(21), np.int64(50), np.int64(33), np.int64(49), np.int64(35), np.int64(10), np.int64(50), np.int64(22), np.int64(62), np.int64(51), np.int64(24), np.int64(24), np.int64(4), np.int64(9), np.int64(43), np.int64(22), np.int64(37), np.int64(46), np.int64(12), np.int64(9), np.int64(27), np.int64(38), np.int64(42), np.int64(28), np.int64(33), np.int64(53), np.int64(61), np.int64(42), np.int64(4), np.int64(41), np.int64(29), np.int64(42), np.int64(60), np.int64(41), np.int64(4), np.int64(34)]","[np.int64(27), np.int64(20), np.int64(47), np.int64(56), np.int64(21), np.int64(26), np.int64(54), np.int64(11), np.int64(16), np.int64(8), np.int64(7), np.int64(15), np.int64(17), np.int64(30), np.int64(9), np.int64(2), np.int64(14), np.int64(57), np.int64(21), np.int64(33), np.int64(56), np.int64(7), np.int64(48), np.int64(51), np.int64(15), np.int64(36), np.int64(27), np.int64(62), np.int64(24), np.int64(25), np.int64(53), np.int64(1), np.int64(42), np.int64(54), np.int64(41), np.int64(50), np.int64(24), np.int64(37), np.int64(0), np.int64(37), np.int64(3), np.int64(12), np.int64(42), np.int64(62), np.int64(43), np.int64(34), np.int64(15), np.int64(46), np.int64(28), np.int64(4), np.int64(38), np.int64(0), np.int64(56), np.int64(39), np.int64(26), np.int64(37), np.int64(19), np.int64(58), np.int64(30), np.int64(40), np.int64(6), np.int64(0), np.int64(42), np.int64(12)]",False,False,0.0,0.0,"[40 40  1  1 40 39 26 40 26 40 24 61  7  1 39 40 28 42 43 40 38 57  4 19
 40  1 40  0 40 15  9 37 28 37  7  9 43 40 40 40 40  4 40 40 26 37 43 19
 24  4 43 37  0  1 28  9 38 37 28  4  1 40 42 24]","[40 40  1  4 40  9 43 40 26 40 24  1  4 37  0 40  0 24 42 40 39 38  4 19
 40 24 40  4 40 28 28 37  0 37 42  9 15 40 40 40 40 39 40 40  1 24 43 39
 61  0 61 19 39  1 37  0 43 37 15 26  1 40 19 24]",False,False,0.0,0.0,"[40 40  1  4 40  1  0 40 26 40 24  1  4 15  0 40  0 24 15 40 38 24  4 19
 40 15 40  0 40 28 28 15  1 19  0  9  1 40 40 40 40  4 40 40 15  9 15 19
  0 19 61 37 39  1 37 26 61 37 39 61  1 40 42 24]","[40 40  1  1 40  1  0 40 43 40 24  1  4  1 39 40 37  1  9 40 39 38  4 19
 40  1 40  0 40  9  1 42 42 37 42  9 37 40 40 40 40 39 40 40  0 37 43 39
  0  0 61 37 39  1 19 26 43 37 39  4  1 40 37 24]",False,False,0.0,0.0,1.0,0.0,0.0,25,0,0,1.0,0.0,0.0,25,0,0,1.0,0.0,0.0,25,0,0,1.0,0.0,0.0,25,0,0,1.0,0.0,0.0,25,0,0,1.0,0.0,0.0,25,0,0,0.04,0.0,0.0,1,0,0,0.04,0.0,0.0,1,0,0
[0 1 0 ... 0 0 1],25,"[40 13 53 35 49 35 25  6 31 17 53 27 27 25 43 25 25 25 25 34 34 58 15 34
 43 25 40 25  6 18 40 25 18 27 25 25 17 58 18 34 25 13  6 25 16 13 40 31
 40 25 18 15 13 25 17 49 16 17 25 35 53 18 17 34]","[40 53 17 16 49 15 25  6 31 58 53 27 27 25 43 25 25 25 25 34 34 58 49 27
 43 25 43 25 35 49 40 25 58 35 25 25 17 15 53  6 25 13 31 25 18 31 40 31
 16 25 18 17 13 25 17 49 18 17 25 34 53 18 49 34]",False,False,0.0,0.0,"[np.int64(20), np.int64(30), np.int64(7), np.int64(7), np.int64(3), np.int64(5), np.int64(52), np.int64(40), np.int64(34), np.int64(15), np.int64(12), np.int64(32), np.int64(30), np.int64(9), np.int64(54), np.int64(8), np.int64(10), np.int64(47), np.int64(25), np.int64(48), np.int64(33), np.int64(23), np.int64(6), np.int64(16), np.int64(44), np.int64(26), np.int64(2), np.int64(38), np.int64(21), np.int64(11), np.int64(8), np.int64(49), np.int64(29), np.int64(11), np.int64(36), np.int64(31), np.int64(40), np.int64(55), np.int64(56), np.int64(62), np.int64(53), np.int64(10), np.int64(4), np.int64(38), np.int64(50), np.int64(9), np.int64(63), np.int64(7), np.int64(59), np.int64(60), np.int64(4), np.int64(23), np.int64(36), np.int64(48), np.int64(35), np.int64(20), np.int64(13), np.int64(24), np.int64(0), np.int64(58), np.int64(50), np.int64(48), np.int64(13), np.int64(30)]","[np.int64(32), np.int64(32), np.int64(56), np.int64(2), np.int64(48), np.int64(0), np.int64(39), np.int64(8), np.int64(44), np.int64(35), np.int64(38), np.int64(43), np.int64(25), np.int64(14), np.int64(45), np.int64(36), np.int64(27), np.int64(0), np.int64(9), np.int64(61), np.int64(27), np.int64(58), np.int64(4), np.int64(58), np.int64(44), np.int64(15), np.int64(17), np.int64(61), np.int64(31), np.int64(1), np.int64(60), np.int64(6), np.int64(47), np.int64(9), np.int64(52), np.int64(28), np.int64(2), np.int64(63), np.int64(48), np.int64(42), np.int64(43), np.int64(17), np.int64(13), np.int64(51), np.int64(30), np.int64(38), np.int64(53), np.int64(29), np.int64(63), np.int64(18), np.int64(6), np.int64(31), np.int64(1), np.int64(17), np.int64(31), np.int64(16), np.int64(62), np.int64(28), np.int64(57), np.int64(35), np.int64(21), np.int64(46), np.int64(60), np.int64(60)]",False,False,0.0,0.0,"[40 53 40  6 49 15 25  6 31 58 53 27 49 25 43 25 25 25 25 34 31 15 49  6
 43 25 17 25 35 49 15 25 58 53 25 25 15 58 58  6 25 13  6 25 53 31 34 31
 13 25 18 31 16 25 27 13 16 17 25 35 16 15 49 34]","[40 13 53  6 49 16 25  6 58 17 53 27 58 25 43 25 25 25 25 34 34 15 49 34
 43 25 34 25 35 18 40 25 58 53 25 25 13 53 53 34 25 34  6 25 18 31 16 31
 16 25 18 58 35 25 43 27 43 53 25 34 53 15 31 53]",False,False,0.0,0.0,"[40 13  6  6 49 15 25  6 31 13 53 27 27 25 43 25 25 25 25 34 31 15 15 13
 43 25 18 25  6 18 15 25 18 27 25 25 17 15 18  6 25 13 31 25 13 13 16 31
 16 25 18 31 16 25 43 49 18 16 25 35 53 18 58 18]","[40 34 17 16 49 15 25 17 31 17 53 27 27 25 43 25 25 25 25 34 17 15 49 34
 43 25 18 25  6 18 15 25 18 53 25 25 17 15 18 34 25 31 31 25 18 31 34 31
 16 25 18 17 16 25 17 27 18 17 25 15 53 18 17 18]",False,False,0.0,0.0,1.0,0.0,0.0,25,0,0,1.0,0.0,0.0,25,0,0,1.0,0.0,0.0,25,0,0,1.0,0.0,0.0,25,0,0,1.0,0.0,0.0,25,0,0,1.0,0.0,0.0,25,0,0,0.04,0.0,0.0,1,0,0,0.04,0.0,0.0,1,0,0
[1 0 1 ... 1 0 1],22,"[22 13 29 22 22 40  0 29 25 22  4  4 60 22 22 19 14 40 22 22 25 23 22 22
  3 22  3 62 14 22  0 34 60 14 22 23  9 60 18 19 22  9 23 18 23 62 62 61
 18 34 13 14 58 13 34 14 14 25 22  9 22 22 22  4]","[22 13 60 22 22 14 61 23 62 22 18 29 13 22 22 40 13 19 22 22  4 18 22 22
  3 22 25 60 14 22  9 29 61 40 22 23  9 61 18 19 22 62 40 40  0 62 62 14
 58 29 60 18 58 58 23  3 23  4 22 25 22 22 22 34]",False,False,0.0,0.0,"[np.int64(49), np.int64(50), np.int64(33), np.int64(57), np.int64(37), np.int64(5), np.int64(40), np.int64(56), np.int64(11), np.int64(9), np.int64(18), np.int64(54), np.int64(25), np.int64(18), np.int64(55), np.int64(52), np.int64(63), np.int64(17), np.int64(17), np.int64(1), np.int64(0), np.int64(28), np.int64(55), np.int64(33), np.int64(4), np.int64(61), np.int64(16), np.int64(11), np.int64(34), np.int64(7), np.int64(13), np.int64(40), np.int64(38), np.int64(27), np.int64(26), np.int64(2), np.int64(26), np.int64(55), np.int64(8), np.int64(57), np.int64(17), np.int64(43), np.int64(44), np.int64(28), np.int64(51), np.int64(17), np.int64(29), np.int64(53), np.int64(53), np.int64(10), np.int64(37), np.int64(14), np.int64(22), np.int64(48), np.int64(55), np.int64(59), np.int64(29), np.int64(17), np.int64(8), np.int64(44), np.int64(15), np.int64(6), np.int64(18), np.int64(36)]","[np.int64(61), np.int64(12), np.int64(11), np.int64(32), np.int64(10), np.int64(10), np.int64(63), np.int64(11), np.int64(27), np.int64(44), np.int64(9), np.int64(3), np.int64(1), np.int64(26), np.int64(9), np.int64(33), np.int64(12), np.int64(24), np.int64(47), np.int64(47), np.int64(12), np.int64(42), np.int64(35), np.int64(18), np.int64(54), np.int64(58), np.int64(46), np.int64(4), np.int64(13), np.int64(32), np.int64(32), np.int64(15), np.int64(14), np.int64(14), np.int64(29), np.int64(8), np.int64(2), np.int64(16), np.int64(43), np.int64(45), np.int64(57), np.int64(6), np.int64(8), np.int64(2), np.int64(38), np.int64(24), np.int64(4), np.int64(14), np.int64(32), np.int64(7), np.int64(47), np.int64(0), np.int64(14), np.int64(15), np.int64(21), np.int64(40), np.int64(1), np.int64(44), np.int64(37), np.int64(42), np.int64(40), np.int64(20), np.int64(40), np.int64(29)]",False,False,0.0,0.0,"[22 60 29 22 22 13  0 29 61 22 23 29 13 22 22 40 14 40 22 22 34 23 22 22
 34 22 34 60 40 22  0 19 62 40 22 62 60 60 25 19 22 29  4 13 14 19 62 61
 18 29 13 60 14 13  9 14 62 40 22 29 22 22 22 61]","[22 13 14 22 22 13  4 23 62 22 18 29 60 22 22 40  0 19 22 22 25 23 22 22
  3 22 34 60 62 22  9 62 19 40 22 23 62 61 19 58 22  9 19 13 23 19 62 18
 18 29 25 14 58 58 58 14 23 40 22  9 22 22 22 34]",False,False,0.0,0.0,"[22 19  4 22 22 34  4 23 25 22  4  4  3 22 22 19  3 40 22 22  4 18 22 22
  3 22  3  4 14 22  9  3  4 14 22 23  9 18 18 18 22  9  0  9  9 19 62 14
 18 29 25 18 58 58  9  3 58 58 22  9 22 22 22 34]","[22 13 14 22 22 13 61 23 61 22 23 25  3 22 22 19 13 58 22 22 25 18 22 22
 34 22 25 14 62 22  9 62 58 58 22 23  9 60 58 18 22  9 19  9 14 19 62 18
 18 29 25 18 14  4 34  3 23 58 22 25 22 22 22 61]",False,False,0.0,0.0,1.0,0.0,0.0,25,0,0,1.0,0.0,0.0,25,0,0,1.0,0.0,0.0,25,0,0,1.0,0.0,0.0,25,0,0,1.0,0.0,0.0,25,0,0,1.0,0.0,0.0,25,0,0,0.04,0.0,0.0,1,0,0,0.04,0.0,0.0,1,0,0
[0 0 0 ... 0 0 0],5,"[57 63  5 41 15  5 62 13 50 51  2 14 52  5  5  5 41  8  5 62 60  5 14  2
  5 51  2 60 50 32 50 52  5 63 50 24 41 63 21 18 15  5  5 32 24 62 51 52
 50 18  5  5  5 51 41 63 63 41  5 21  5 18  5  5]","[26 63  5 42 42  5 21 13 60 51 18 14 32  5  5  5 24 43  5 32 41  5 14 41
  5 24 60 60 52 18 41 15  5 62 41 24 14 32 14 14 60  5  5 18 60 21 32 62
 50 14  5  5  5 51 41 63 58 51  5 32  5 58  5  5]",False,False,0.0,0.0,"[np.int64(31), np.int64(24), np.int64(13), np.int64(24), np.int64(36), np.int64(58), np.int64(32), np.int64(32), np.int64(35), np.int64(54), np.int64(31), np.int64(48), np.int64(22), np.int64(52), np.int64(17), np.int64(23), np.int64(59), np.int64(2), np.int64(41), np.int64(49), np.int64(44), np.int64(40), np.int64(47), np.int64(29), np.int64(58), np.int64(5), np.int64(21), np.int64(6), np.int64(15), np.int64(18), np.int64(20), np.int64(35), np.int64(3), np.int64(12), np.int64(31), np.int64(17), np.int64(8), np.int64(27), np.int64(42), np.int64(50), np.int64(11), np.int64(23), np.int64(38), np.int64(63), np.int64(51), np.int64(1), np.int64(4), np.int64(46), np.int64(0), np.int64(10), np.int64(56), np.int64(5), np.int64(10), np.int64(44), np.int64(42), np.int64(7), np.int64(45), np.int64(34), np.int64(37), np.int64(36), np.int64(20), np.int64(43), np.int64(27), np.int64(57)]","[np.int64(3), np.int64(4), np.int64(1), np.int64(32), np.int64(50), np.int64(49), np.int64(38), np.int64(35), np.int64(28), np.int64(9), np.int64(32), np.int64(56), np.int64(50), np.int64(29), np.int64(13), np.int64(10), np.int64(48), np.int64(38), np.int64(59), np.int64(36), np.int64(32), np.int64(28), np.int64(0), np.int64(54), np.int64(7), np.int64(2), np.int64(12), np.int64(45), np.int64(19), np.int64(14), np.int64(63), np.int64(19), np.int64(49), np.int64(24), np.int64(33), np.int64(52), np.int64(40), np.int64(61), np.int64(16), np.int64(12), np.int64(0), np.int64(35), np.int64(23), np.int64(12), np.int64(53), np.int64(7), np.int64(7), np.int64(53), np.int64(36), np.int64(43), np.int64(41), np.int64(19), np.int64(44), np.int64(26), np.int64(52), np.int64(33), np.int64(24), np.int64(57), np.int64(62), np.int64(54), np.int64(31), np.int64(57), np.int64(48), np.int64(23)]",False,False,0.0,0.0,"[40 50  5 50 42  5 41 13 41 51  2 58 52  5  5  5 24 61  5 32 58  5 14 42
  5 24 60 60 52 32 62 41  5 63 50 24 14 32 21 18 13  5  5  2 24 50 50 52
 62 14  5  5  5 52 51 63 63 13  5 63  5 32  5  5]","[ 6 63  5 32 42  5 21 32 41 62  2 15 18  5  5  5 24 61  5 32 41  5 14  2
  5 51 60 60 21 18 63 60  5 63 41 24 14 14 21 63 60  5  5 32 60 60  2 62
 62 18  5  5  5 52 32 15 58 13  5 63  5 58  5  5]",False,False,0.0,0.0,"[ 6 50  5 32 15  5 21 13 41 51  2 14 52  5  5  5 24  8  5 32 21  5 14 14
  5 24  2 14 52 15 18 14  5 41 41 24 18 14  2 14 32  5  5 18  2 21 50  2
 62 14  5  5  5 52 15 15 58 42  5 18  5 18  5  5]","[26 63  5 32 42  5 60 32 60 60 60 14 18  5  5  5 41 43  5 32 60  5 14 41
  5 24 60 14 62 32 60 14  5 41 41 24 32 14 14 14 32  5  5 32  2 60 13  2
 50 14  5  5  5 51 32 63 63 41  5 63  5 32  5  5]",False,False,0.0,0.0,1.0,0.0,0.0,25,0,0,1.0,0.0,0.0,25,0,0,1.0,0.0,0.0,25,0,0,1.0,0.0,0.0,25,0,0,1.0,0.0,0.0,25,0,0,1.0,0.0,0.0,25,0,0,0.04,0.0,0.0,1,0,0,0.04,0.0,0.0,1,0,0
[0 0 1 ... 0 0 1],47,"[25 25 28 44 25 23 28  6 43 44 43 25 44 34 26 18 48 46 47 42 43 28 18 43
 18 47 47 44 47 28 47 34 54 44 47 58 25 30 18 28 26 43 34 47 47 30 34 47
 47 44 34 34 28 44 47 26 58 54 47 48 18 43 44 18]","[25 25 28 26 34 62 28 53 26 44 43 48 44 34 26 30 34  9 47 56 44 58 18 43
 30 47 47 34 47 28 47 34 54 34 47 58 26 43 34 28 34 58 18 47 47 25 28 47
 47 48 44 44 28 34 47 18 43 44 47 48 18 43 28 18]",False,False,0.0,0.0,"[np.int64(50), np.int64(63), np.int64(53), np.int64(25), np.int64(11), np.int64(11), np.int64(41), np.int64(31), np.int64(30), np.int64(13), np.int64(58), np.int64(22), np.int64(18), np.int64(0), np.int64(24), np.int64(62), np.int64(9), np.int64(21), np.int64(59), np.int64(36), np.int64(54), np.int64(58), np.int64(14), np.int64(28), np.int64(5), np.int64(60), np.int64(54), np.int64(15), np.int64(53), np.int64(50), np.int64(16), np.int64(49), np.int64(47), np.int64(0), np.int64(48), np.int64(20), np.int64(51), np.int64(13), np.int64(45), np.int64(61), np.int64(38), np.int64(35), np.int64(3), np.int64(23), np.int64(15), np.int64(54), np.int64(27), np.int64(33), np.int64(60), np.int64(31), np.int64(51), np.int64(4), np.int64(39), np.int64(20), np.int64(38), np.int64(15), np.int64(8), np.int64(10), np.int64(47), np.int64(56), np.int64(10), np.int64(48), np.int64(2), np.int64(63)]","[np.int64(29), np.int64(14), np.int64(25), np.int64(49), np.int64(14), np.int64(31), np.int64(11), np.int64(24), np.int64(38), np.int64(16), np.int64(26), np.int64(9), np.int64(15), np.int64(8), np.int64(8), np.int64(13), np.int64(47), np.int64(13), np.int64(34), np.int64(37), np.int64(45), np.int64(16), np.int64(47), np.int64(28), np.int64(29), np.int64(27), np.int64(32), np.int64(54), np.int64(50), np.int64(8), np.int64(0), np.int64(42), np.int64(26), np.int64(61), np.int64(9), np.int64(35), np.int64(4), np.int64(46), np.int64(49), np.int64(58), np.int64(42), np.int64(44), np.int64(41), np.int64(24), np.int64(43), np.int64(53), np.int64(8), np.int64(38), np.int64(18), np.int64(63), np.int64(21), np.int64(29), np.int64(7), np.int64(56), np.int64(49), np.int64(50), np.int64(54), np.int64(3), np.int64(29), np.int64(31), np.int64(14), np.int64(58), np.int64(50), np.int64(62)]",False,False,0.0,0.0,"[25 25 28 26 44 62 28 12 43 54 44 28 44 34 30 43 54 46 47 46 44 44 18 43
 48 47 47 44 47 44 47 18 30 58 47 58 25 30 18 18 34 58 43 47 47 25 34 47
 47 34 34 30 26 43 47 28 58 44 47 43 26 28 44 18]","[25 34 28 44 34 63 28 61 26 34 30 28 44 34 30 43 48  9 47 33 34 28 26 28
 30 47 47 34 47 44 47 18 25 44 47 58 26 43 43 54 26 58 43 47 47 25 28 47
 47 48 34 44 48 48 47 44 58 44 47 43 54 43 44 48]",False,False,0.0,0.0,"[25 25 28 44 34 20 28 14 26 54 30 28 44 54 30 30 28  8 47  1 44 30 26 28
 25 47 47 44 47 30 47 18 30 43 47 58 26 43 43 28 26 43 43 47 47 30 26 47
 47 44 44 30 28 44 47 18 48 44 47 43 26 28 28 18]","[25 34 26 28 34  1 34 57 43 34 30 48 44 34 26 43 34 23 47 33 34 44 26 43
 48 47 47 34 47 30 47 34 54 34 47 58 26 43 34 18 34 43 34 47 47 25 26 47
 47 34 34 30 48 34 47 18 43 44 47 43 48 43 28 48]",False,False,0.0,0.0,1.0,0.0,0.0,25,0,0,1.0,0.0,0.0,25,0,0,1.0,0.0,0.0,25,0,0,1.0,0.0,0.0,25,0,0,1.0,0.0,0.0,25,0,0,1.0,0.0,0.0,25,0,0,0.04,0.0,0.0,1,0,0,0.04,0.0,0.0,1,0,0
[1 0 1 ... 0 0 0],14,"[44 31  6 33  5 14 14 43 34 35 15 31 35 51 14 14 47 51 31 57 44 34 14 35
 15 44 22 34 34 31 43 14 57 14 14 14 51  5 33  5 43 47 61 14 14 34  6 14
  5 43 22 14 44 31  6 15 35 14 57  6  6 14 33 47]","[44 31  6 33 47 14 14 43 34 35 22 31 35 33 14 14 34  5 31 57 34 34 14 35
 44 31 22 43 57 22 35 14 22 14 14 14 43 31 33  5 44 47  5 14 14 34 47 14
 43 43 22 14 44 31 31 15 35 14 51 35 43 14 22 34]",False,False,0.0,0.0,"[np.int64(23), np.int64(37), np.int64(18), np.int64(57), np.int64(7), np.int64(40), np.int64(15), np.int64(1), np.int64(21), np.int64(30), np.int64(10), np.int64(58), np.int64(28), np.int64(60), np.int64(16), np.int64(38), np.int64(56), np.int64(10), np.int64(10), np.int64(34), np.int64(22), np.int64(26), np.int64(30), np.int64(37), np.int64(40), np.int64(22), np.int64(51), np.int64(19), np.int64(44), np.int64(51), np.int64(46), np.int64(9), np.int64(8), np.int64(13), np.int64(41), np.int64(53), np.int64(55), np.int64(27), np.int64(34), np.int64(14), np.int64(57), np.int64(25), np.int64(24), np.int64(34), np.int64(34), np.int64(18), np.int64(20), np.int64(40), np.int64(34), np.int64(51), np.int64(2), np.int64(10), np.int64(56), np.int64(52), np.int64(35), np.int64(48), np.int64(4), np.int64(35), np.int64(0), np.int64(45), np.int64(13), np.int64(16), np.int64(6), np.int64(10)]","[np.int64(33), np.int64(44), np.int64(54), np.int64(57), np.int64(34), np.int64(25), np.int64(55), np.int64(17), np.int64(4), np.int64(40), np.int64(19), np.int64(27), np.int64(52), np.int64(17), np.int64(12), np.int64(0), np.int64(55), np.int64(42), np.int64(31), np.int64(58), np.int64(63), np.int64(5), np.int64(28), np.int64(41), np.int64(32), np.int64(54), np.int64(56), np.int64(4), np.int64(13), np.int64(3), np.int64(2), np.int64(55), np.int64(5), np.int64(24), np.int64(30), np.int64(28), np.int64(54), np.int64(23), np.int64(3), np.int64(27), np.int64(30), np.int64(36), np.int64(31), np.int64(17), np.int64(18), np.int64(28), np.int64(44), np.int64(26), np.int64(45), np.int64(7), np.int64(28), np.int64(58), np.int64(22), np.int64(62), np.int64(13), np.int64(13), np.int64(42), np.int64(2), np.int64(35), np.int64(39), np.int64(3), np.int64(51), np.int64(54), np.int64(17)]",False,False,0.0,0.0,"[22 61  6 34 47 14 14 47 35 51 43 31 35 44 14 14 34 31 31 57 34 34 14 51
 34  5 34 34 34 15 43 14 57 14 14 14 51 35 33  5 43 47 33 14 14 57  6 14
 43 43 31 14 61 15  6 15 35 14 57 35 22 14 47  5]","[57 31  6 34 35 14 14 47 35 57 35 31 35 44 14 14 34 15 31 57 44 34 14 51
 22 31 22 61 34 31 35 14 57 14 14 14 51 35 33  5 44 44 61 14 14 51  6 14
 43 43 47 14 47 31 31 33  5 14 47  6 22 14 22 47]",False,False,0.0,0.0,"[15 31  6  6  5 14 14  6 35 34 15 22 35 31 14 14 31  5 47 57 34 34 14 31
  5  5 31 34 34  6 43 14 22 14 14 14  5  5 33  5 44 47  5 14 14 34  6 14
  5 43 31 14 43 44 31 33 44 14 47 22 43 14 51 43]","[22 31  6 22 35 14 14 47 35 35 35 31 35 31 14 14 31 31 31 57 34 34 14 31
 22 31 31 34 57 22 35 14 22 14 14 14 51 31 44  5 44 47 61 14 14 51  6 14
 43 43 31 14 47 31 31 15 35 14 31 22 31 14 22 22]",False,False,0.0,0.0,1.0,0.0,0.0,25,0,0,1.0,0.0,0.0,25,0,0,1.0,0.0,0.0,25,0,0,1.0,0.0,0.0,25,0,0,1.0,0.0,0.0,25,0,0,1.0,0.0,0.0,25,0,0,0.04,0.0,0.0,1,0,0,0.04,0.0,0.0,1,0,0
[0 0 0 ... 0 0 1],30,"[48 22 30 30 22 42 62 30  2 12 30 22 30 33 42 10 62 35 10  3  7 33 30 12
 33  3 22 35 30 12 30 49 35 30 12 30 62  7 62 12  3 12 30 42  3 12  2  3
 30 30 62  3 35 49  2 49 22  7 35 28 12 49 30 49]","[35 22 30 30  2 22 62 30 42  3 30 42 30 10 42 10 62  3  2  3  7 33 30 12
 12  3 22 33 30 22 30 22 49 30 12 30 28  2 33 62 62  2 30 42 12 42 22  3
 30 30 62  3 42 42  2  7 22  7 35 22 12 22 30 49]",False,False,0.0,0.0,"[np.int64(54), np.int64(32), np.int64(12), np.int64(50), np.int64(17), np.int64(1), np.int64(50), np.int64(19), np.int64(19), np.int64(54), np.int64(14), np.int64(60), np.int64(25), np.int64(31), np.int64(52), np.int64(46), np.int64(57), np.int64(35), np.int64(50), np.int64(33), np.int64(57), np.int64(14), np.int64(42), np.int64(20), np.int64(62), np.int64(56), np.int64(5), np.int64(62), np.int64(50), np.int64(55), np.int64(16), np.int64(53), np.int64(60), np.int64(39), np.int64(30), np.int64(20), np.int64(1), np.int64(31), np.int64(60), np.int64(19), np.int64(12), np.int64(39), np.int64(49), np.int64(59), np.int64(30), np.int64(40), np.int64(10), np.int64(5), np.int64(26), np.int64(7), np.int64(11), np.int64(47), np.int64(13), np.int64(26), np.int64(42), np.int64(46), np.int64(30), np.int64(58), np.int64(38), np.int64(60), np.int64(8), np.int64(38), np.int64(47), np.int64(15)]","[np.int64(42), np.int64(12), np.int64(29), np.int64(39), np.int64(51), np.int64(52), np.int64(62), np.int64(45), np.int64(42), np.int64(20), np.int64(49), np.int64(18), np.int64(44), np.int64(30), np.int64(0), np.int64(59), np.int64(17), np.int64(47), np.int64(20), np.int64(5), np.int64(5), np.int64(37), np.int64(35), np.int64(61), np.int64(52), np.int64(58), np.int64(30), np.int64(42), np.int64(59), np.int64(26), np.int64(28), np.int64(26), np.int64(30), np.int64(36), np.int64(40), np.int64(33), np.int64(14), np.int64(51), np.int64(31), np.int64(4), np.int64(39), np.int64(34), np.int64(37), np.int64(31), np.int64(18), np.int64(13), np.int64(19), np.int64(12), np.int64(52), np.int64(47), np.int64(34), np.int64(14), np.int64(56), np.int64(53), np.int64(24), np.int64(1), np.int64(13), np.int64(2), np.int64(33), np.int64(62), np.int64(58), np.int64(45), np.int64(26), np.int64(62)]",False,False,0.0,0.0,"[48 22 30 30 33 42 62 30 42 12 30 10 30 10 42 10 33 35  2  3 42 33 30 12
  2 33 22  7 30 48 30 22 49 30 35 30 35 28 42 42 62 12 30 42 12 12 22  3
 30 30 62  3  3 42 33  7 22  7 28 12  3 22 30 49]","[48 22 30 30  2 22 62 30  2 22 30 22 30 33 42 10  2 48 10  3 42 28 30 12
  3 33 22  7 30 22 30 28 49 30 42 30 62  2 62 22  3  2 30 42 12 48 22 28
 30 30 62 42  3 22 33  7  3  7 28  2 12 22 30 49]",False,False,0.0,0.0,"[10 22 30 30  2 22 62 30  2  3 30  7 30 10  3 10  2  3 10  3  7  7 30 12
  2  3 22  7 30  7 30  7 49 30 12 30 28  7 10 12  3  7 30 42  7 12  2 28
 30 30 48 42 35 49 33 49 22  7 49 28 33 49 30 49]","[35 22 30 30 22 22 62 30  2 22 30 22 30 33  3 10  2  3  2  3  7  7 30 12
  2 33 22  3 30 22 30 22 35 30 33 30 35  2 62 22  3  2 30 42  3 42  2  3
 30 30 62  3  3 22  2  7 22  7  7  2 33 22 30 49]",False,False,0.0,0.0,1.0,0.0,0.0,25,0,0,1.0,0.0,0.0,25,0,0,1.0,0.0,0.0,25,0,0,1.0,0.0,0.0,25,0,0,1.0,0.0,0.0,25,0,0,1.0,0.0,0.0,25,0,0,0.04,0.0,0.0,1,0,0,0.04,0.0,0.0,1,0,0
[0 1 1 ... 0 0 0],56,"[ 1 56  9 21 44 56 43 22 35 56 56 22 21 49 22 21 51 56 60 43 17 56 56 43
 60  5 35 22 56  9 44 37 28 21  1 56 37 56  5 49 37 17 17 56 56  1 56 22
 49 56 37 56 22 56 60  5 56 60 53 35 56 28 28 53]","[49 56 44 46 49 56 43 53 46 56 56 46 35 43  5 21 10 56 28 37 17 56 56 17
 28  5  1 10 56 53 44 37  9 21  1 56 37 56 44 49 22 17 53 56 56 43 56 22
 21 56 17 56 28 56 60 17 56 43 53 10 56 28 21 53]",False,False,0.0,0.0,"[np.int64(7), np.int64(56), np.int64(13), np.int64(50), np.int64(22), np.int64(19), np.int64(44), np.int64(24), np.int64(37), np.int64(9), np.int64(41), np.int64(28), np.int64(23), np.int64(10), np.int64(12), np.int64(13), np.int64(9), np.int64(25), np.int64(18), np.int64(45), np.int64(13), np.int64(62), np.int64(36), np.int64(13), np.int64(30), np.int64(29), np.int64(49), np.int64(50), np.int64(6), np.int64(57), np.int64(3), np.int64(39), np.int64(19), np.int64(45), np.int64(11), np.int64(37), np.int64(48), np.int64(41), np.int64(19), np.int64(35), np.int64(34), np.int64(24), np.int64(30), np.int64(55), np.int64(48), np.int64(35), np.int64(57), np.int64(54), np.int64(35), np.int64(47), np.int64(8), np.int64(39), np.int64(2), np.int64(21), np.int64(28), np.int64(27), np.int64(50), np.int64(23), np.int64(33), np.int64(8), np.int64(50), np.int64(18), np.int64(42), np.int64(2)]","[np.int64(31), np.int64(28), np.int64(6), np.int64(56), np.int64(8), np.int64(32), np.int64(20), np.int64(61), np.int64(24), np.int64(35), np.int64(2), np.int64(5), np.int64(21), np.int64(27), np.int64(39), np.int64(23), np.int64(10), np.int64(59), np.int64(12), np.int64(39), np.int64(17), np.int64(8), np.int64(1), np.int64(15), np.int64(29), np.int64(16), np.int64(41), np.int64(25), np.int64(25), np.int64(21), np.int64(33), np.int64(27), np.int64(26), np.int64(4), np.int64(8), np.int64(52), np.int64(54), np.int64(4), np.int64(45), np.int64(26), np.int64(28), np.int64(1), np.int64(22), np.int64(9), np.int64(3), np.int64(23), np.int64(39), np.int64(36), np.int64(50), np.int64(39), np.int64(11), np.int64(16), np.int64(36), np.int64(48), np.int64(53), np.int64(18), np.int64(27), np.int64(17), np.int64(8), np.int64(2), np.int64(0), np.int64(17), np.int64(43), np.int64(0)]",False,False,0.0,0.0,"[49 56 43 51  1 56 43 53 35 56 56 17 49 51 22 21 49 56 60 37 17 56 56  1
 28 35  1  1 56 53 60 21  9 37 46 56 28 56  5 10 37  1 17 56 56 51 56 22
 35 56 37 56 35 56  9  1 56  1 22 35 56 28 35 53]","[51 56 44 28  1 56 43 53  1 56 56 21 37 43  5 46 10 56 60 37 46 56 56 17
 21 60 21 10 56 53 44 21 60 28  1 56 51 56  5 10 22 17  9 56 56 43 56 22
 10 56 51 56 28 56 46 17 56 53  5 60 56 28 44 53]",False,False,0.0,0.0,"[ 1 56  9  1  1 56 43 22  1 56 56 10 35  1  5 21 10 56  5  9 17 56 56 17
  5  5  1  1 56  9 21  5  9  5  1 56 28 56  5 10 37  5  9 56 56 46 56 22
 28 56 37 56 35 56 51 37 56 53 46 60 56 28 44 53]","[ 1 56 10 44  1 56 43 53 46 56 56 10 21 17  5 21 10 56  1  9 21 56 56 17
 21 44 21 10 56  9 44  5 28 21  1 56 28 56 43 10 37 17 21 56 56  1 56 22
 10 56 17 56  1 56  9 17 56  1 10 44 56 28 21 53]",False,False,0.0,0.0,1.0,0.0,0.0,25,0,0,1.0,0.0,0.0,25,0,0,1.0,0.0,0.0,25,0,0,1.0,0.0,0.0,25,0,0,1.0,0.0,0.0,25,0,0,1.0,0.0,0.0,25,0,0,0.04,0.0,0.0,1,0,0,0.04,0.0,0.0,1,0,0
[0 0 0 ... 0 0 0],55,"[55 55 56 55  0 45  3 37  1  0 20  0 14 14 55 62 20 20 29 14 55 43  1 55
 56  1 29  1 38 55 29  3 34 14 55 23  0 55 55 45  1  1  1 55 38 55 23 62
 20 38 38 29 37 20 45 55 55 56  1 23 63 34 55 23]","[55 55 56 55 34 29 38 37 62 45 20  3 14  3 55 20 20 38 38 20 55 56 34 55
 37 20 23 14 14 55 20 45 34 14 55 23 29 55 55  1 43  1  1 55 62 55 34 43
 20 29 38  3  0 56 34 55 55 23 20 23 24 34 55 43]",False,False,0.0,0.0,"[np.int64(31), np.int64(30), np.int64(11), np.int64(39), np.int64(55), np.int64(39), np.int64(52), np.int64(50), np.int64(19), np.int64(29), np.int64(63), np.int64(25), np.int64(59), np.int64(63), np.int64(3), np.int64(0), np.int64(51), np.int64(18), np.int64(7), np.int64(18), np.int64(7), np.int64(21), np.int64(55), np.int64(6), np.int64(20), np.int64(34), np.int64(52), np.int64(4), np.int64(27), np.int64(15), np.int64(34), np.int64(45), np.int64(47), np.int64(51), np.int64(27), np.int64(5), np.int64(39), np.int64(44), np.int64(19), np.int64(2), np.int64(23), np.int64(24), np.int64(42), np.int64(9), np.int64(6), np.int64(51), np.int64(28), np.int64(20), np.int64(38), np.int64(50), np.int64(29), np.int64(25), np.int64(6), np.int64(24), np.int64(37), np.int64(29), np.int64(12), np.int64(20), np.int64(51), np.int64(34), np.int64(23), np.int64(1), np.int64(53), np.int64(38)]","[np.int64(19), np.int64(24), np.int64(10), np.int64(34), np.int64(10), np.int64(18), np.int64(35), np.int64(51), np.int64(23), np.int64(22), np.int64(58), np.int64(51), np.int64(30), np.int64(63), np.int64(39), np.int64(18), np.int64(51), np.int64(36), np.int64(2), np.int64(4), np.int64(10), np.int64(20), np.int64(27), np.int64(36), np.int64(56), np.int64(9), np.int64(25), np.int64(26), np.int64(27), np.int64(2), np.int64(28), np.int64(15), np.int64(55), np.int64(35), np.int64(63), np.int64(3), np.int64(1), np.int64(24), np.int64(10), np.int64(9), np.int64(53), np.int64(6), np.int64(10), np.int64(46), np.int64(25), np.int64(34), np.int64(39), np.int64(47), np.int64(20), np.int64(43), np.int64(40), np.int64(8), np.int64(39), np.int64(58), np.int64(50), np.int64(41), np.int64(41), np.int64(29), np.int64(11), np.int64(63), np.int64(45), np.int64(46), np.int64(48), np.int64(37)]",False,False,0.0,0.0,"[55 55 56 55 14 29 38 37 62 37 20 38 56 14 55 37 20 45 29 20 55 43 14 55
 37 45 23 37 38 55  1  3 34 14 55 23  0 55 55 45 43 23 45 55 38 55 45 62
  3 56  0 29 23 56 45 55 55 29 20  3  9 14 55 29]","[55 55 56 55 14 29  1  3 29  3 20  0 56 38 55 14  0 20 37 23 55 43 43 55
 23  1 23 14 38 55 20 38 34 14 55 23 23 55 55 45  1 20  1 55 23 55 34  1
  3 56 38 29  0 38 62 55 55 29 20 23  4 14 55 23]",False,False,0.0,0.0,"[55 55 43 55 38  0 38 37 29 37 37 38 56 38 55 20 20 20 29 20 55 43 43 55
 37 45 29 37 38 55 20 45 34 14 55 23 45 55 55 45 43 20  1 55 23 55 34 45
 20 56 38 29 37 20 34 55 55 20 20 23 48 20 55 29]","[55 55 43 55 14 29  3  3  0  3 20  3 14  3 55 20 20 20 29 14 55 43 43 55
 23 20 23 37 14 55 20 43 34 14 55 23 14 55 55  1 43 20  3 55 23 55 23 43
 20 29 38  3 23 23 23 55 55 20 20 23  4 14 55 23]",False,False,0.0,0.0,1.0,0.0,0.0,25,0,0,1.0,0.0,0.0,25,0,0,1.0,0.0,0.0,25,0,0,1.0,0.0,0.0,25,0,0,1.0,0.0,0.0,25,0,0,1.0,0.0,0.0,25,0,0,0.04,0.0,0.0,1,0,0,0.04,0.0,0.0,1,0,0
[0 0 0 ... 1 0 1],43,"[43 54 51 43 43 55 43 43  3 54  7 43 43  0 27 53 43 16 62 12 32  0 23 43
 38 29 55 43 43 43  4 51 43 43 43 61 27 29 43 43 23 33 54 43  0 43 54 16
 16 39 54 43 39 43 43 43 33 55 32 32 54 43 43 53]","[43 11 12 43 43 34 43 43 38 32  7 43 43 12 27 53 43 38 11 12 54  0 51 43
 39 29 33 43 43 43  3 39 43 43 43 38  0 39 43 43 12 11 39 43 45 43 29  0
  4 27 39 43 39 43 43 43 29 33 39 32 23 43 43 34]",False,False,0.0,0.0,"[np.int64(32), np.int64(6), np.int64(58), np.int64(21), np.int64(60), np.int64(30), np.int64(46), np.int64(48), np.int64(33), np.int64(20), np.int64(5), np.int64(22), np.int64(26), np.int64(54), np.int64(54), np.int64(36), np.int64(3), np.int64(23), np.int64(54), np.int64(29), np.int64(53), np.int64(12), np.int64(16), np.int64(48), np.int64(62), np.int64(1), np.int64(2), np.int64(50), np.int64(47), np.int64(45), np.int64(7), np.int64(34), np.int64(44), np.int64(48), np.int64(2), np.int64(57), np.int64(34), np.int64(9), np.int64(11), np.int64(56), np.int64(62), np.int64(30), np.int64(25), np.int64(46), np.int64(30), np.int64(47), np.int64(47), np.int64(25), np.int64(50), np.int64(29), np.int64(31), np.int64(28), np.int64(13), np.int64(0), np.int64(10), np.int64(17), np.int64(6), np.int64(46), np.int64(39), np.int64(32), np.int64(62), np.int64(17), np.int64(8), np.int64(15)]","[np.int64(18), np.int64(59), np.int64(29), np.int64(1), np.int64(34), np.int64(15), np.int64(23), np.int64(34), np.int64(12), np.int64(16), np.int64(57), np.int64(50), np.int64(30), np.int64(36), np.int64(1), np.int64(34), np.int64(0), np.int64(24), np.int64(44), np.int64(38), np.int64(11), np.int64(6), np.int64(61), np.int64(54), np.int64(1), np.int64(6), np.int64(26), np.int64(52), np.int64(3), np.int64(39), np.int64(47), np.int64(62), np.int64(4), np.int64(48), np.int64(63), np.int64(35), np.int64(36), np.int64(22), np.int64(32), np.int64(50), np.int64(10), np.int64(10), np.int64(61), np.int64(39), np.int64(58), np.int64(20), np.int64(59), np.int64(35), np.int64(18), np.int64(8), np.int64(17), np.int64(3), np.int64(1), np.int64(3), np.int64(11), np.int64(13), np.int64(5), np.int64(21), np.int64(39), np.int64(29), np.int64(47), np.int64(37), np.int64(57), np.int64(15)]",False,False,0.0,0.0,"[43 11 16 43 43 55 43 43 62 28  7 43 43 61 11 53 43  6 38 12 55  0  7 43
  3 53  6 43 43 43  4 55 43 43 43 33 55 27 43 43 11 11 39 43 34 43 29 61
 16 28 54 43 23 43 43 43 29 55 32  6 27 43 43 53]","[43 11 12 43 43 39 43 43 23 29  7 43 43 61  6 53 43  6 33 51 55  0 51 43
 34 51  6 43 43 43  3 16 43 43 43 61  0 39 43 43  6  6 27 43  0 43 39 32
 53 45 39 43 39 43 43 43 28 33 39 11 23 43 43 53]",False,False,0.0,0.0,"[43  4 12 43 43 29 43 43  3  3  7 43 43  7 11  7 43 28 11 12  0  0  7 43
  3 23 12 43 43 43  3 11 43 43 43  0  0  0 43 43  6  6  0 43  0 43 29 11
 11 39 54 43 23 43 43 43 51 55 39 28 27 43 43 53]","[43 33 12 43 43 61 43 43 38 32  7 43 43 12  6 61 43  6 39 12 27  0 51 43
 61 29  6 43 43 43 33 39 43 43 43 61 39 39 43 43  6  6 39 43  0 43 39  0
 11  0 39 43 61 43 43 43 29 33 12  6 27 43 43 61]",False,False,0.0,0.0,1.0,0.0,0.0,25,0,0,1.0,0.0,0.0,25,0,0,1.0,0.0,0.0,25,0,0,1.0,0.0,0.0,25,0,0,1.0,0.0,0.0,25,0,0,1.0,0.0,0.0,25,0,0,0.04,0.0,0.0,1,0,0,0.04,0.0,0.0,1,0,0
[1 0 0 ... 0 0 1],35,"[46 37 52 31 32 55 22 52 55 59 46 56 56 46 38 56 52 19 59 35 59 40 35 59
 35 55 31 40 22 59 56 35 35 22 55 35 56 46 35 59 35 38 46 22 31 22 35 22
 38 40 19 32 35 52 38 35 35 31 52 35 38 59 46 22]","[32 14 52 31 59 19 59 24 40 59 19 22 56 46 52 52 52 59 59 35 52 40 35 24
 35 32 31 40 24 59 46 35 35 22 22 35 19 38 35 19 35 40 46 22 31 22 35 55
 52 24 32 55 35 52 38 35 35 31 52 35 24 52 46 46]",False,False,0.0,0.0,"[np.int64(8), np.int64(9), np.int64(60), np.int64(25), np.int64(11), np.int64(53), np.int64(56), np.int64(41), np.int64(15), np.int64(35), np.int64(1), np.int64(43), np.int64(38), np.int64(54), np.int64(18), np.int64(30), np.int64(20), np.int64(1), np.int64(23), np.int64(49), np.int64(4), np.int64(45), np.int64(26), np.int64(21), np.int64(53), np.int64(53), np.int64(5), np.int64(31), np.int64(30), np.int64(30), np.int64(16), np.int64(5), np.int64(50), np.int64(7), np.int64(25), np.int64(13), np.int64(10), np.int64(15), np.int64(40), np.int64(25), np.int64(40), np.int64(11), np.int64(13), np.int64(33), np.int64(21), np.int64(10), np.int64(56), np.int64(32), np.int64(13), np.int64(42), np.int64(18), np.int64(22), np.int64(42), np.int64(55), np.int64(8), np.int64(59), np.int64(17), np.int64(14), np.int64(52), np.int64(13), np.int64(45), np.int64(25), np.int64(3), np.int64(42)]","[np.int64(50), np.int64(18), np.int64(49), np.int64(53), np.int64(47), np.int64(6), np.int64(12), np.int64(29), np.int64(17), np.int64(10), np.int64(43), np.int64(38), np.int64(27), np.int64(60), np.int64(35), np.int64(4), np.int64(9), np.int64(0), np.int64(48), np.int64(19), np.int64(49), np.int64(30), np.int64(57), np.int64(41), np.int64(2), np.int64(13), np.int64(57), np.int64(0), np.int64(44), np.int64(27), np.int64(25), np.int64(3), np.int64(30), np.int64(55), np.int64(52), np.int64(20), np.int64(9), np.int64(47), np.int64(20), np.int64(35), np.int64(18), np.int64(26), np.int64(11), np.int64(4), np.int64(62), np.int64(44), np.int64(27), np.int64(41), np.int64(60), np.int64(57), np.int64(38), np.int64(60), np.int64(33), np.int64(61), np.int64(12), np.int64(35), np.int64(37), np.int64(30), np.int64(19), np.int64(19), np.int64(49), np.int64(17), np.int64(50), np.int64(24)]",False,False,0.0,0.0,"[32 23 38 24 40 55 59 24 40 59 19 22 22 46 24 22 19 59 59 35 22 31 35 24
 35 46 31 55 22 19 55 35 35 22 22 35 46 46 35 59 35 40 46 22 56 22 35 55
 52 19 22 55 35 52 38 35 35 56 52 35 38 59 46 46]","[38 14 38 24 32 52 56 52 56 59 56 56 56 46 38 22 56 56 52 35 19 31 35 59
 35 32 31 46 24 52 46 35 35 22 22 35 56 46 35 46 35 38 46 22 31 40 35 22
 38 40 19 32 35 52 38 35 35 56 52 35 24 52 46 22]",False,False,0.0,0.0,"[32  4 38 24 32 19 22 24 40 59 52 22 56 46 22 56 31 19 22 35 22 31 35 24
 35 32 31 40 24 19 55 35 35 22 22 35 19 31 35 19 35 40 46 22 56 40 35 55
 52 24 32 55 35 52 38 35 35 19 52 35 24 40 46 22]","[46 14 52 24 32 19 56 24 56 59 56 56 56 46 24 56 56 56 52 35 56 40 35 24
 35 46 31 46 24 52 56 35 35 22 22 35 56 52 35 19 35 38 46 22 56 52 35 22
 52 24 32 32 35 52 38 35 35 56 52 35 24 52 46 22]",False,False,0.0,0.0,1.0,0.0,0.0,25,0,0,1.0,0.0,0.0,25,0,0,1.0,0.0,0.0,25,0,0,1.0,0.0,0.0,25,0,0,1.0,0.0,0.0,25,0,0,1.0,0.0,0.0,25,0,0,0.04,0.0,0.0,1,0,0,0.04,0.0,0.0,1,0,0
[0 1 0 ... 1 1 0],61,"[39 25 25 61 58 61 25 41 14 31 19 21 21 61 61  5 58 21 61 61 21 61 61 58
 14 61 58 21 63  3 41 61 13 21 55 13 59 58 22 61 61 61 18 21  5 21 40 13
 18 25 14 13 63 61 19 61 31 31 61 61 53 61  3 61]","[ 3 25 39 61  5 61  5  5 22 31 39 58 21 61 61  5 40 58 61 61 22 61 61 58
 53 61 25 40 21  3 41 61 58 53 22 39 59 39 18 61 61 61 21 25 53 21 55 21
 31  5 14 55 63 61  3 61 53 31 61 61 59 61  3 61]",False,False,0.0,0.0,"[np.int64(53), np.int64(8), np.int64(4), np.int64(43), np.int64(45), np.int64(45), np.int64(32), np.int64(32), np.int64(61), np.int64(17), np.int64(12), np.int64(18), np.int64(63), np.int64(10), np.int64(45), np.int64(40), np.int64(21), np.int64(7), np.int64(60), np.int64(10), np.int64(35), np.int64(50), np.int64(7), np.int64(59), np.int64(55), np.int64(8), np.int64(39), np.int64(26), np.int64(10), np.int64(39), np.int64(33), np.int64(47), np.int64(41), np.int64(34), np.int64(21), np.int64(61), np.int64(25), np.int64(44), np.int64(47), np.int64(33), np.int64(25), np.int64(46), np.int64(0), np.int64(45), np.int64(29), np.int64(50), np.int64(58), np.int64(32), np.int64(0), np.int64(58), np.int64(2), np.int64(29), np.int64(37), np.int64(2), np.int64(27), np.int64(40), np.int64(63), np.int64(2), np.int64(12), np.int64(7), np.int64(12), np.int64(29), np.int64(16), np.int64(24)]","[np.int64(47), np.int64(57), np.int64(46), np.int64(61), np.int64(11), np.int64(26), np.int64(61), np.int64(37), np.int64(14), np.int64(61), np.int64(34), np.int64(41), np.int64(25), np.int64(19), np.int64(0), np.int64(57), np.int64(60), np.int64(25), np.int64(52), np.int64(11), np.int64(25), np.int64(54), np.int64(44), np.int64(46), np.int64(30), np.int64(3), np.int64(26), np.int64(25), np.int64(0), np.int64(2), np.int64(1), np.int64(56), np.int64(30), np.int64(9), np.int64(10), np.int64(28), np.int64(35), np.int64(38), np.int64(9), np.int64(46), np.int64(45), np.int64(7), np.int64(40), np.int64(43), np.int64(48), np.int64(26), np.int64(18), np.int64(58), np.int64(26), np.int64(44), np.int64(54), np.int64(32), np.int64(37), np.int64(0), np.int64(30), np.int64(51), np.int64(50), np.int64(45), np.int64(2), np.int64(31), np.int64(43), np.int64(29), np.int64(45), np.int64(36)]",False,False,0.0,0.0,"[22 25 40 61  5 61 25 39 22 14 39 40 21 61 61 63  5 53 61 61 63 61 61 58
 39 61 25  3 40  3  5 61 58 21 55 21 14 58 53 61 61 61 22 53 14 21 40 21
 31  5 19 59 63 61  3 61 53 18 61 61 18 61 25 61]","[ 3 25 63 61 58 61 25  5 18 31 18 58 21 61 61 19 63 58 61 61 63 61 61 25
 39 61 58 40 63  3 22 61 58 21 55 31 14 39 18 61 61 61 18 40 58 21 25 25
 18  5 14 13 63 61 19 61 31 55 61 61 18 61  5 61]",False,False,0.0,0.0,"[ 3 25 25 61  5 61  5  5 14 31 19 21 21 61 61  5  5 21 61 61 21 61 61 25
  3 61 25  3  3 25  5 61  3 21 22 21 14  3 18 61 61 61 21  3  5 21 25 13
 31 25 21 59 31 61 22 61 31 31 61 61 18 61 63 61]","[ 3 25 25 61 58 61 13 39 18 31 39 58 21 61 61 58 58 58 61 61 21 61 61 58
  3 61 58  3  3  3 41 61 58 21 40 39 59  3 18 61 61 61 18  3 58 21 58 13
 31  5 14 13 13 61  3 61 39 31 61 61 39 61  3 61]",False,False,0.0,0.0,1.0,0.0,0.0,25,0,0,1.0,0.0,0.0,25,0,0,1.0,0.0,0.0,25,0,0,1.0,0.0,0.0,25,0,0,1.0,0.0,0.0,25,0,0,1.0,0.0,0.0,25,0,0,0.04,0.0,0.0,1,0,0,0.04,0.0,0.0,1,0,0
[0 0 0 ... 1 1 0],27,"[27 52 28 27 27 12 24 17 28 28 32 24 27 34 29 27 17 27  3 29 27 27 29 34
 27 17 29 27 27 27 29  3 27  3 27 15 32  3 57 12 34 57 27 55 55 55 15 17
 20  3 24  3 27 21 12 27 20 27 32 29 55 52 20 57]","[27 42  3 27 27 42 57 24 24 55 42  0 27 17 29 27 34 27 12 52 27 27 29  0
 27 17  4 27 27 27 20 52 27 21 27  3 32 12 55 12 28 57 27 29 55 55 15 55
 32 17  0  3 27 32 12 27 15 27 15  4 55 52 57 21]",False,False,0.0,0.0,"[np.int64(28), np.int64(9), np.int64(30), np.int64(27), np.int64(60), np.int64(61), np.int64(8), np.int64(6), np.int64(34), np.int64(0), np.int64(9), np.int64(27), np.int64(31), np.int64(27), np.int64(22), np.int64(63), np.int64(31), np.int64(15), np.int64(43), np.int64(27), np.int64(29), np.int64(21), np.int64(45), np.int64(35), np.int64(52), np.int64(55), np.int64(3), np.int64(52), np.int64(56), np.int64(17), np.int64(62), np.int64(28), np.int64(5), np.int64(14), np.int64(53), np.int64(41), np.int64(37), np.int64(43), np.int64(18), np.int64(43), np.int64(4), np.int64(2), np.int64(23), np.int64(12), np.int64(45), np.int64(46), np.int64(37), np.int64(37), np.int64(30), np.int64(30), np.int64(39), np.int64(10), np.int64(60), np.int64(48), np.int64(23), np.int64(45), np.int64(0), np.int64(31), np.int64(51), np.int64(11), np.int64(37), np.int64(14), np.int64(12), np.int64(44)]","[np.int64(4), np.int64(16), np.int64(14), np.int64(24), np.int64(25), np.int64(31), np.int64(60), np.int64(15), np.int64(47), np.int64(10), np.int64(58), np.int64(8), np.int64(26), np.int64(48), np.int64(14), np.int64(11), np.int64(61), np.int64(51), np.int64(23), np.int64(36), np.int64(45), np.int64(35), np.int64(23), np.int64(46), np.int64(3), np.int64(17), np.int64(17), np.int64(32), np.int64(25), np.int64(37), np.int64(58), np.int64(41), np.int64(50), np.int64(12), np.int64(44), np.int64(55), np.int64(63), np.int64(23), np.int64(60), np.int64(60), np.int64(0), np.int64(0), np.int64(17), np.int64(34), np.int64(30), np.int64(34), np.int64(38), np.int64(37), np.int64(54), np.int64(48), np.int64(58), np.int64(60), np.int64(46), np.int64(17), np.int64(27), np.int64(28), np.int64(57), np.int64(35), np.int64(37), np.int64(39), np.int64(52), np.int64(27), np.int64(29), np.int64(11)]",False,False,0.0,0.0,"[27 42 24 27 27 12 55 24 28 28 55 24 27 17 57 27 34 27 15  3 27 27 57 21
 27 17 32 27 27 27 20 20 27 29 27 15 34 12 17 12 28 57 27 55 24 55 32 52
 32 17 24 15 27 17  0 27 32 27 15 29 20 20 57 21]","[27 42 24 27 27 42 55 24  4 55 42 52 27  4 57 27 34 27  3 42 27 27 57 21
 27 17  4 27 27 27 57  3 27 28 27 12  3 57 52 12 28 57 27 21 57  3 52 55
 20  3  0 15 27 21 12 27 20 27 32 20 12 20 57 34]",False,False,0.0,0.0,"[27 42  3 27 27 12 21 17  4  4 20  0 27  4 29 27 32 27 20  3 27 27 29  0
 27 32 20 27 27 27  3 15 27  3 27 12  0  4 15 12 17  0 27 15  3  3 15 17
 20  3  0 15 27 32 12 27 15 27 15 29 55 52 15 57]","[27 42 17 27 27 42 57 17 17  4 42  0 27 34 57 27 17 27 20 42 27 27 42 21
 27 17 20 27 27 27 28 20 27 42 27 12 34 57 57 12 17 15 27 15 34  3 21 17
 55  3  0  3 27 17  0 27 15 27 15 20 42 20 15 34]",False,False,0.0,0.0,1.0,0.0,0.0,25,0,0,1.0,0.0,0.0,25,0,0,1.0,0.0,0.0,25,0,0,1.0,0.0,0.0,25,0,0,1.0,0.0,0.0,25,0,0,1.0,0.0,0.0,25,0,0,0.04,0.0,0.0,1,0,0,0.04,0.0,0.0,1,0,0
[1 0 1 ... 0 0 1],8,"[39  8 46 20  1 46 16 36  8  8 38  9  8 38  8 20  8 38 20 36  8  8 16 20
 38 42 48 41 20 48 46 62 44 21 20 38  8  1  8  8 44  8  8 42  8  8  8 36
  8 14 36 46 12 20 44 44 36 12 44 36 48 44  8  9]","[12  8 21 48 36 16 44 21  8  8 14 62  8  1  8 20  8 20 16 48  8  8 42  9
 36 12 48 41 20 39 21 62 44 48 21 14  8 48  8  8 36  8  8 21  8  8  8 36
  8 46 41 46 12 36 20 44 62 12 39 20 48 62  8 21]",False,False,0.0,0.0,"[np.int64(34), np.int64(62), np.int64(46), np.int64(52), np.int64(29), np.int64(38), np.int64(0), np.int64(55), np.int64(53), np.int64(13), np.int64(9), np.int64(11), np.int64(30), np.int64(0), np.int64(10), np.int64(15), np.int64(59), np.int64(51), np.int64(57), np.int64(50), np.int64(26), np.int64(24), np.int64(42), np.int64(23), np.int64(42), np.int64(60), np.int64(43), np.int64(53), np.int64(58), np.int64(27), np.int64(59), np.int64(36), np.int64(57), np.int64(56), np.int64(10), np.int64(41), np.int64(10), np.int64(37), np.int64(7), np.int64(0), np.int64(5), np.int64(21), np.int64(19), np.int64(59), np.int64(62), np.int64(8), np.int64(5), np.int64(30), np.int64(20), np.int64(12), np.int64(63), np.int64(40), np.int64(57), np.int64(38), np.int64(25), np.int64(4), np.int64(49), np.int64(12), np.int64(28), np.int64(19), np.int64(43), np.int64(6), np.int64(34), np.int64(60)]","[np.int64(5), np.int64(50), np.int64(58), np.int64(56), np.int64(38), np.int64(21), np.int64(39), np.int64(6), np.int64(50), np.int64(9), np.int64(36), np.int64(2), np.int64(18), np.int64(53), np.int64(52), np.int64(28), np.int64(42), np.int64(51), np.int64(1), np.int64(9), np.int64(40), np.int64(33), np.int64(45), np.int64(37), np.int64(46), np.int64(21), np.int64(15), np.int64(41), np.int64(50), np.int64(61), np.int64(43), np.int64(62), np.int64(16), np.int64(34), np.int64(4), np.int64(23), np.int64(45), np.int64(0), np.int64(54), np.int64(58), np.int64(52), np.int64(43), np.int64(22), np.int64(61), np.int64(58), np.int64(57), np.int64(57), np.int64(51), np.int64(20), np.int64(16), np.int64(14), np.int64(30), np.int64(13), np.int64(8), np.int64(44), np.int64(8), np.int64(54), np.int64(13), np.int64(23), np.int64(56), np.int64(40), np.int64(41), np.int64(37), np.int64(33)]",False,False,0.0,0.0,"[39  8 41 20 38 46 14 21  8  8 44  9  8 38  8 20  8 39 21 38  8  8 36  9
 36 42 38 42 20 39 16 39 44  1 12 38  8 48  8  8 44  8  8 21  8  8  8 36
  8 46 46 46 16 20 44 44 39 16 16 20 42 44  8 16]","[12  8 46 48 36 46 41 36  8  8 21  9  8 38  8 20  8  9 16 48  8  8 44 20
 38 42 48 42 20 46 48 39 44 48 21  1  8 46  8  8 36  8  8 41  8  8  8 36
  8 46 46 46 44 20 20 41 62 16 45 20 42 62  8 44]",False,False,0.0,0.0,"[ 9  8 12 20  1 16 14 36  8  8 21  1  8  1  8 20  8 14 16  9  8  8 44 20
 36 12 12  1 20 36 12 16 42  1 20  1  8  1  8  8 36  8  8 12  8  8  8 36
  8 14 36 46 44 44 44 45 42 44 44 44 48 36  8 45]","[46  8 46 20 46 46 14 36  8  8 21 62  8 38  8 20  8 48 48 48  8  8 46 20
 36 42 48 41 20 46 48 39 44 48 46  1  8 46  8  8 36  8  8 41  8  8  8 36
  8 14 41 46 12 20 20 46  1 21 39 20 48 62  8  9]",False,False,0.0,0.0,1.0,0.0,0.0,25,0,0,1.0,0.0,0.0,25,0,0,1.0,0.0,0.0,25,0,0,1.0,0.0,0.0,25,0,0,1.0,0.0,0.0,25,0,0,1.0,0.0,0.0,25,0,0,0.04,0.0,0.0,1,0,0,0.04,0.0,0.0,1,0,0
[0 0 0 ... 1 0 1],43,"[43 33 12 43 43 55 43 43 28 16  7 43 43 16 51  7 43 33 11 34 27  0 45 43
 39 33  4 43 43 43  4 55 43 43 43  0 55 23 43 43 12 11 27 43 34 43 62 11
 53 27 39 43 51 43 43 43 33 33  7 32 27 43 43 61]","[43 33 39 43 43 39 43 43 28 32  7 43 43 16 51 45 43 16 11 51 29  0 33 43
 39 51 27 43 43 43 33 39 43 43 43 11 34 29 43 43  6  6 51 43 45 43 29 61
 11 39 54 43 23 43 43 43 54 33 28  6 27 43 43 34]",False,False,0.0,0.0,"[np.int64(33), np.int64(59), np.int64(23), np.int64(49), np.int64(61), np.int64(32), np.int64(58), np.int64(55), np.int64(31), np.int64(29), np.int64(26), np.int64(45), np.int64(27), np.int64(49), np.int64(62), np.int64(60), np.int64(5), np.int64(49), np.int64(20), np.int64(28), np.int64(45), np.int64(35), np.int64(31), np.int64(33), np.int64(32), np.int64(27), np.int64(22), np.int64(25), np.int64(61), np.int64(20), np.int64(28), np.int64(10), np.int64(8), np.int64(18), np.int64(56), np.int64(44), np.int64(38), np.int64(15), np.int64(62), np.int64(55), np.int64(43), np.int64(61), np.int64(8), np.int64(14), np.int64(52), np.int64(58), np.int64(3), np.int64(42), np.int64(23), np.int64(5), np.int64(0), np.int64(8), np.int64(32), np.int64(30), np.int64(6), np.int64(33), np.int64(16), np.int64(11), np.int64(62), np.int64(47), np.int64(19), np.int64(61), np.int64(60), np.int64(5)]","[np.int64(28), np.int64(39), np.int64(52), np.int64(16), np.int64(61), np.int64(59), np.int64(10), np.int64(22), np.int64(27), np.int64(12), np.int64(57), np.int64(2), np.int64(37), np.int64(12), np.int64(23), np.int64(53), np.int64(27), np.int64(61), np.int64(36), np.int64(39), np.int64(20), np.int64(20), np.int64(19), np.int64(29), np.int64(27), np.int64(34), np.int64(0), np.int64(52), np.int64(24), np.int64(7), np.int64(50), np.int64(5), np.int64(22), np.int64(53), np.int64(5), np.int64(5), np.int64(28), np.int64(5), np.int64(25), np.int64(0), np.int64(54), np.int64(51), np.int64(1), np.int64(44), np.int64(20), np.int64(45), np.int64(17), np.int64(26), np.int64(7), np.int64(19), np.int64(38), np.int64(41), np.int64(18), np.int64(46), np.int64(7), np.int64(40), np.int64(19), np.int64(53), np.int64(30), np.int64(0), np.int64(2), np.int64(46), np.int64(39), np.int64(53)]",False,False,0.0,0.0,"[43 54 34 43 43 54 43 43 23 16  7 43 43 12  6  7 43 16 23 12 32  0 51 43
 38 29 55 43 43 43  3 11 43 43 43 33  7 27 43 43 34  6 39 43 61 43 39 61
 16 62 39 43 61 43 43 43 16 55 12 33 54 43 43 61]","[43 11 12 43 43 61 43 43 23 62  7 43 43 29  6 53 43  6 33 34 55  0 45 43
 39 53 55 43 43 43 33 51 43 43 43 11 27 39 43 43 34  6  0 43 34 43 29 32
  4 45 39 43 39 43 43 43 51 33 28  6 27 43 43 53]",False,False,0.0,0.0,"[43  4 12 43 43 29 43 43  3  3  7 43 43  7 11  7 43 28 11 12  0  0  7 43
  3 23 12 43 43 43  3 11 43 43 43  0  0  0 43 43  6  6  0 43  0 43 29 11
 11 39 54 43 23 43 43 43 51 55 39 28 27 43 43 53]","[43 33 12 43 43 61 43 43 38 32  7 43 43 12  6 61 43  6 39 12 27  0 51 43
 61 29  6 43 43 43 33 39 43 43 43 61 39 39 43 43  6  6 39 43  0 43 39  0
 11  0 39 43 61 43 43 43 29 33 12  6 27 43 43 61]",False,False,0.0,0.0,1.0,0.0,0.0,25,0,0,1.0,0.0,0.0,25,0,0,1.0,0.0,0.0,25,0,0,1.0,0.0,0.0,25,0,0,1.0,0.0,0.0,25,0,0,1.0,0.0,0.0,25,0,0,0.04,0.0,0.0,1,0,0,0.04,0.0,0.0,1,0,0
[1 1 0 ... 0 1 1],37,"[ 1 37 11 48 54 37 47 11 26 40 47 37 14 60 37  1 54  5 37 40 48 18 44 11
 36 40 37 40 36 54  1 50 11 18  1 60 37 37  5 11 37 47 40 54 37 50 18 37
 37 36 37 50 47 26 37 60  1 11  5 37 37 44 60 59]","[26 37 11 44 18 37  1 47 44 44 44 37 18  5 37 47 54  5 37 40 48 18  1 11
 36 50 37 44  1 47  1 36 11 18 14 36 37 37 59 18 37 59 44 54 37 50 18 37
 37 36 37 40 47 44 37 44 44 36  5 37 37 18 59 59]",False,False,0.0,0.0,"[np.int64(44), np.int64(9), np.int64(2), np.int64(17), np.int64(42), np.int64(19), np.int64(19), np.int64(32), np.int64(28), np.int64(33), np.int64(55), np.int64(34), np.int64(43), np.int64(11), np.int64(54), np.int64(1), np.int64(48), np.int64(56), np.int64(19), np.int64(33), np.int64(39), np.int64(36), np.int64(63), np.int64(30), np.int64(31), np.int64(50), np.int64(7), np.int64(53), np.int64(52), np.int64(5), np.int64(43), np.int64(33), np.int64(36), np.int64(50), np.int64(8), np.int64(5), np.int64(22), np.int64(19), np.int64(56), np.int64(47), np.int64(33), np.int64(8), np.int64(29), np.int64(46), np.int64(35), np.int64(53), np.int64(56), np.int64(32), np.int64(20), np.int64(19), np.int64(51), np.int64(17), np.int64(20), np.int64(53), np.int64(30), np.int64(50), np.int64(46), np.int64(6), np.int64(7), np.int64(46), np.int64(56), np.int64(36), np.int64(41), np.int64(17)]","[np.int64(53), np.int64(12), np.int64(35), np.int64(63), np.int64(34), np.int64(56), np.int64(52), np.int64(55), np.int64(42), np.int64(6), np.int64(30), np.int64(2), np.int64(52), np.int64(32), np.int64(21), np.int64(45), np.int64(26), np.int64(44), np.int64(31), np.int64(17), np.int64(20), np.int64(38), np.int64(63), np.int64(38), np.int64(27), np.int64(44), np.int64(0), np.int64(29), np.int64(0), np.int64(4), np.int64(37), np.int64(4), np.int64(41), np.int64(60), np.int64(9), np.int64(2), np.int64(44), np.int64(1), np.int64(49), np.int64(57), np.int64(52), np.int64(26), np.int64(14), np.int64(7), np.int64(33), np.int64(3), np.int64(61), np.int64(1), np.int64(18), np.int64(43), np.int64(14), np.int64(60), np.int64(25), np.int64(19), np.int64(13), np.int64(38), np.int64(53), np.int64(13), np.int64(2), np.int64(4), np.int64(57), np.int64(28), np.int64(52), np.int64(59)]",False,False,0.0,0.0,"[ 1 37 60 59 48 37 36 11 26 36 47 37 18  5 37 48  1  5 37  5 26 59 14 60
 36 11 37 40 44 47 47 36  5 36 48  1 37 37 59 48 37 47 40 54 37  5 18 37
 37 36 37 18 14 44 37 47 14 11  5 37 37 44 40  1]","[ 1 37 54 59 18 37 14 60 50  5 14 37 54 60 37 40 50  5 37 40  5 59  1 36
 36 54 37 40 50 54  1 50 11 36  1 36 37 37  5 50 37 47 26 54 37  5 18 37
 37 36 37 40 14 14 37  5 14 54  5 37 37 44 59  1]",False,False,0.0,0.0,"[ 1 37  1 44 18 37  5 11 11  5 14 37 18  5 37  1  1  5 37  5  5 18  1 11
 36 11 37 14 18 47  1  5  5 18 14  1 37 37  5 18 37 47 14 54 37  5 18 37
 37 36 37 18 47 44 37 50 44 54  5 37 37 44 59 59]","[ 1 37 36 59 18 37  1 40 44 36 36 37 18  5 37  1 54 14 37  5 48 18  1 36
 36 50 37 44 50 50  1 36  5 50  1  1 37 37 59 18 37 59 44 54 37 50 18 37
 37 36 37 40 47 18 37 44  1 47  5 37 37 18  5  1]",False,False,0.0,0.0,1.0,0.0,0.0,25,0,0,1.0,0.0,0.0,25,0,0,1.0,0.0,0.0,25,0,0,1.0,0.0,0.0,25,0,0,1.0,0.0,0.0,25,0,0,1.0,0.0,0.0,25,0,0,0.04,0.0,0.0,1,0,0,0.04,0.0,0.0,1,0,0
[0 0 0 ... 1 0 1],43,"[43 11 39 43 43 34 43 43 38 16  7 43 43 38 11 53 43 51 33 34 29  0 45 43
 39 53  4 43 43 43  4 55 43 43 43 11 34 39 43 43 34  6 29 43 34 43 54 32
 11 62 39 43 61 43 43 43 29 55 12  6 23 43 43 61]","[43 11 51 43 43 61 43 43 38 62  7 43 43  0 27 53 43  6 39 61 54  0 33 43
 39 33 27 43 43 43  3 11 43 43 43 61 55 27 43 43 34  6 29 43 45 43 39 61
 53  0 39 43 61 43 43 43 51 55 39 11 54 43 43 53]",False,False,0.0,0.0,"[np.int64(28), np.int64(60), np.int64(23), np.int64(63), np.int64(54), np.int64(34), np.int64(0), np.int64(44), np.int64(32), np.int64(53), np.int64(9), np.int64(1), np.int64(59), np.int64(63), np.int64(27), np.int64(24), np.int64(38), np.int64(34), np.int64(19), np.int64(59), np.int64(45), np.int64(39), np.int64(53), np.int64(2), np.int64(39), np.int64(30), np.int64(43), np.int64(19), np.int64(42), np.int64(13), np.int64(19), np.int64(24), np.int64(53), np.int64(50), np.int64(44), np.int64(35), np.int64(61), np.int64(23), np.int64(20), np.int64(22), np.int64(39), np.int64(11), np.int64(62), np.int64(53), np.int64(62), np.int64(7), np.int64(37), np.int64(17), np.int64(48), np.int64(43), np.int64(34), np.int64(24), np.int64(34), np.int64(47), np.int64(19), np.int64(45), np.int64(22), np.int64(23), np.int64(13), np.int64(43), np.int64(42), np.int64(61), np.int64(21), np.int64(36)]","[np.int64(5), np.int64(3), np.int64(31), np.int64(45), np.int64(38), np.int64(36), np.int64(56), np.int64(61), np.int64(48), np.int64(45), np.int64(48), np.int64(25), np.int64(21), np.int64(41), np.int64(4), np.int64(12), np.int64(44), np.int64(15), np.int64(39), np.int64(60), np.int64(22), np.int64(21), np.int64(20), np.int64(31), np.int64(36), np.int64(45), np.int64(50), np.int64(51), np.int64(63), np.int64(61), np.int64(19), np.int64(16), np.int64(43), np.int64(14), np.int64(55), np.int64(62), np.int64(8), np.int64(31), np.int64(56), np.int64(27), np.int64(42), np.int64(62), np.int64(40), np.int64(35), np.int64(63), np.int64(41), np.int64(30), np.int64(33), np.int64(33), np.int64(13), np.int64(38), np.int64(8), np.int64(34), np.int64(39), np.int64(21), np.int64(30), np.int64(22), np.int64(12), np.int64(50), np.int64(25), np.int64(47), np.int64(7), np.int64(44), np.int64(39)]",False,False,0.0,0.0,"[43  4 39 43 43 61 43 43 38 54  7 43 43 16 51  7 43  6 23 61 54  0  7 43
 34 39  6 43 43 43 33 55 43 43 43  0  7  0 43 43 12 33  0 43 55 43 29 51
 32  0 39 43 23 43 43 43 16 55  7 11 54 43 43 53]","[43 33 29 43 43 34 43 43 53 54  7 43 43 29 27 61 43 51 11 12 27  0 51 43
 38 51 55 43 43 43 33 39 43 43 43  0  0 29 43 43  6  6 39 43 61 43 29 32
  4 39 39 43 39 43 43 43 51 55 28 11 23 43 43 61]",False,False,0.0,0.0,"[43  4 12 43 43 29 43 43  3  3  7 43 43  7 11  7 43 28 11 12  0  0  7 43
  3 23 12 43 43 43  3 11 43 43 43  0  0  0 43 43  6  6  0 43  0 43 29 11
 11 39 54 43 23 43 43 43 51 55 39 28 27 43 43 53]","[43 33 12 43 43 61 43 43 38 32  7 43 43 12  6 61 43  6 39 12 27  0 51 43
 61 29  6 43 43 43 33 39 43 43 43 61 39 39 43 43  6  6 39 43  0 43 39  0
 11  0 39 43 61 43 43 43 29 33 12  6 27 43 43 61]",False,False,0.0,0.0,1.0,0.0,0.0,25,0,0,1.0,0.0,0.0,25,0,0,1.0,0.0,0.0,25,0,0,1.0,0.0,0.0,25,0,0,1.0,0.0,0.0,25,0,0,1.0,0.0,0.0,25,0,0,0.04,0.0,0.0,1,0,0,0.04,0.0,0.0,1,0,0
[0 0 0 ... 0 1 1],21,"[25 19 17 21 21 51 21 48  6 25 50 18 32 22 21 32  4 21 21 21  4 21 21 32
 14 21 18 14 14 19  3  6 21 19 25 61  4 62 32 22  6  4 62  3 58 22  3 18
 21 19 21 21 19 25 58 20  4 18 21 22 14 22 21 58]","[18 19 58 21 21  3 21 48 14 48 50  6 48 22 21  4  4 21 21 21 32 21 21 32
 14 21 50 25 14 19  3 18 21 18 48 10 32 18  3 48 62 62 18  3 58 22 18 18
 21 19 21 21 25 25 58  8 58 62 21 14 62 22 21 14]",False,False,0.0,0.0,"[np.int64(29), np.int64(33), np.int64(42), np.int64(44), np.int64(14), np.int64(50), np.int64(57), np.int64(59), np.int64(15), np.int64(30), np.int64(46), np.int64(58), np.int64(15), np.int64(58), np.int64(56), np.int64(2), np.int64(29), np.int64(56), np.int64(38), np.int64(17), np.int64(38), np.int64(5), np.int64(41), np.int64(55), np.int64(28), np.int64(3), np.int64(56), np.int64(6), np.int64(49), np.int64(29), np.int64(35), np.int64(20), np.int64(19), np.int64(61), np.int64(0), np.int64(37), np.int64(17), np.int64(22), np.int64(0), np.int64(11), np.int64(58), np.int64(2), np.int64(48), np.int64(4), np.int64(20), np.int64(35), np.int64(11), np.int64(60), np.int64(28), np.int64(46), np.int64(10), np.int64(27), np.int64(45), np.int64(35), np.int64(15), np.int64(0), np.int64(25), np.int64(6), np.int64(17), np.int64(25), np.int64(52), np.int64(3), np.int64(45), np.int64(37)]","[np.int64(31), np.int64(4), np.int64(44), np.int64(13), np.int64(61), np.int64(49), np.int64(32), np.int64(10), np.int64(13), np.int64(57), np.int64(27), np.int64(1), np.int64(49), np.int64(9), np.int64(39), np.int64(36), np.int64(59), np.int64(19), np.int64(56), np.int64(50), np.int64(29), np.int64(12), np.int64(47), np.int64(49), np.int64(40), np.int64(11), np.int64(39), np.int64(16), np.int64(23), np.int64(2), np.int64(21), np.int64(39), np.int64(11), np.int64(14), np.int64(12), np.int64(11), np.int64(23), np.int64(1), np.int64(27), np.int64(45), np.int64(12), np.int64(63), np.int64(32), np.int64(54), np.int64(43), np.int64(32), np.int64(12), np.int64(48), np.int64(19), np.int64(11), np.int64(18), np.int64(7), np.int64(53), np.int64(7), np.int64(35), np.int64(43), np.int64(6), np.int64(31), np.int64(56), np.int64(56), np.int64(27), np.int64(36), np.int64(62), np.int64(5)]",False,False,0.0,0.0,"[19 19 17 21 21  3 21 48 14 19 22 50 32  3 21  3 14 21 21 21  4 21 21 32
 14 21 50 51 14 19 19 62 21 19 48 31 62 18 32 18 62  4 62  3 58  3 14 18
 21  4 21 21  4 25 58  8  3 14 21 22 51 22 21  3]","[18 19 62 21 21 51 21 48  6 25 22 62 48 22 21  3  4 21 21 21 50 21 21 32
 18 21 18 22 14 19 14 14 21 19 48 15 51 62  3 50 17 62 25  3 58 17  3 18
 21 19 21 21 25 25 58 20 58 48 21 25 51 14 21 58]",False,False,0.0,0.0,"[58 19 22 21 21 51 21 25 14 14 22 22 32 22 21 32 14 21 21 21 25 21 21 32
 14 21 50 22 14 19 14 25 21 19 25  8 17 18 50 50 50 22 25  3 58 22 14 18
 21  4 21 21 19 25 58 54 18 14 21 14 14 22 21 14]","[58 19 22 21 21 51 21 48  6 48 50 50 48 22 21 58  4 21 21 21 48 21 21 32
 18 21 18 18 14 19 14 18 21 18 48 20  4 18 50 48 50 22 18  3 58 17 18 18
 21  4 21 21  4 25 58 20 58 48 21 22 14 22 21 58]",False,False,0.0,0.0,1.0,0.0,0.0,25,0,0,1.0,0.0,0.0,25,0,0,1.0,0.0,0.0,25,0,0,1.0,0.0,0.0,25,0,0,1.0,0.0,0.0,25,0,0,1.0,0.0,0.0,25,0,0,0.04,0.0,0.0,1,0,0,0.04,0.0,0.0,1,0,0
[0 1 0 ... 0 0 1],25,"[40 49 17 16 49 15 25 17 49 34 53 27 58 25 43 25 25 25 25 34 34 15 15 13
 43 25 43 25  6 18 15 25 18 35 25 25 31 58 18  6 25 31 31 25 53 13 34 16
 13 25 18 40 53 25 43 49 16 53 25 35 53 18 27 34]","[40 53 40 40 49 16 25 17 49 13 53 27 27 25 43 25 25 25 25 34 27 58 15 34
 43 25 18 25 35 18 40 25 53 27 25 25 17 15 18 34 25 16  6 25 18 13 16 16
 16 25 18 27 16 25 43 49 16 16 25 34 53 18  6 34]",False,False,0.0,0.0,"[np.int64(31), np.int64(4), np.int64(25), np.int64(48), np.int64(25), np.int64(37), np.int64(24), np.int64(38), np.int64(9), np.int64(55), np.int64(32), np.int64(13), np.int64(32), np.int64(25), np.int64(19), np.int64(50), np.int64(14), np.int64(27), np.int64(57), np.int64(46), np.int64(61), np.int64(1), np.int64(45), np.int64(19), np.int64(22), np.int64(45), np.int64(40), np.int64(44), np.int64(62), np.int64(44), np.int64(48), np.int64(29), np.int64(63), np.int64(31), np.int64(38), np.int64(39), np.int64(44), np.int64(46), np.int64(55), np.int64(16), np.int64(63), np.int64(29), np.int64(3), np.int64(50), np.int64(46), np.int64(29), np.int64(62), np.int64(14), np.int64(43), np.int64(15), np.int64(36), np.int64(0), np.int64(59), np.int64(30), np.int64(34), np.int64(51), np.int64(10), np.int64(0), np.int64(46), np.int64(16), np.int64(62), np.int64(12), np.int64(56), np.int64(56)]","[np.int64(28), np.int64(15), np.int64(27), np.int64(6), np.int64(13), np.int64(59), np.int64(56), np.int64(48), np.int64(7), np.int64(44), np.int64(45), np.int64(53), np.int64(47), np.int64(5), np.int64(40), np.int64(32), np.int64(16), np.int64(19), np.int64(26), np.int64(36), np.int64(31), np.int64(1), np.int64(62), np.int64(48), np.int64(20), np.int64(53), np.int64(31), np.int64(41), np.int64(53), np.int64(40), np.int64(48), np.int64(32), np.int64(49), np.int64(42), np.int64(51), np.int64(5), np.int64(34), np.int64(42), np.int64(40), np.int64(43), np.int64(56), np.int64(35), np.int64(47), np.int64(12), np.int64(9), np.int64(25), np.int64(47), np.int64(49), np.int64(3), np.int64(15), np.int64(3), np.int64(16), np.int64(29), np.int64(31), np.int64(18), np.int64(16), np.int64(32), np.int64(31), np.int64(13), np.int64(26), np.int64(39), np.int64(54), np.int64(13), np.int64(61)]",False,False,0.0,0.0,"[40 49 53 35 49 35 25 17 49 34 53 27 35 25 43 25 25 25 25 34 31 15 15 13
 43 25 27 25  6 49 40 25 58 27 25 25 15 15 53 34 25 34  6 25 16 31 34 31
 40 25 18 58 13 25 43 13 18 17 25 34 16 18 31 53]","[40 53 53 16 49 16 25 17 31 13 53 27 27 25 43 25 25 25 25 34 34 58 49  6
 43 25 17 25  6 18 15 25 43 53 25 25 17 53 31 34 25 16  6 25 18 31 16 16
 13 25 18 16 53 25 17 49 43 16 25 15 53 18 17 18]",False,False,0.0,0.0,"[40 13  6  6 49 15 25  6 31 13 53 27 27 25 43 25 25 25 25 34 31 15 15 13
 43 25 18 25  6 18 15 25 18 27 25 25 17 15 18  6 25 13 31 25 13 13 16 31
 16 25 18 31 16 25 43 49 18 16 25 35 53 18 58 18]","[40 34 17 16 49 15 25 17 31 17 53 27 27 25 43 25 25 25 25 34 17 15 49 34
 43 25 18 25  6 18 15 25 18 53 25 25 17 15 18 34 25 31 31 25 18 31 34 31
 16 25 18 17 16 25 17 27 18 17 25 15 53 18 17 18]",False,False,0.0,0.0,1.0,0.0,0.0,25,0,0,1.0,0.0,0.0,25,0,0,1.0,0.0,0.0,25,0,0,1.0,0.0,0.0,25,0,0,1.0,0.0,0.0,25,0,0,1.0,0.0,0.0,25,0,0,0.04,0.0,0.0,1,0,0,0.04,0.0,0.0,1,0,0
[0 0 0 ... 1 0 1],43,"[43  4 16 43 43 39 43 43  7 29  7 43 43  7  6  7 43 33 23 51 55  0  7 43
 38 39  4 43 43 43  4 11 43 43 43 38 55 27 43 43 34  6 62 43  0 43 39 11
 32 28 54 43 23 43 43 43 51 55 39 33 23 43 43 34]","[43 33 39 43 43 34 43 43 28 54  7 43 43 38 45 53 43 16 33 61 54  0 45 43
  3 51  6 43 43 43 33 39 43 43 43 61 39 27 43 43  6 11 27 43 45 43 29 32
 32 45 54 43 61 43 43 43 54 55 32 11 23 43 43 61]",False,False,0.0,0.0,"[np.int64(0), np.int64(24), np.int64(9), np.int64(29), np.int64(17), np.int64(55), np.int64(17), np.int64(20), np.int64(14), np.int64(50), np.int64(53), np.int64(40), np.int64(58), np.int64(20), np.int64(49), np.int64(56), np.int64(39), np.int64(61), np.int64(5), np.int64(38), np.int64(49), np.int64(55), np.int64(41), np.int64(56), np.int64(45), np.int64(37), np.int64(59), np.int64(30), np.int64(15), np.int64(56), np.int64(24), np.int64(28), np.int64(35), np.int64(41), np.int64(2), np.int64(17), np.int64(42), np.int64(10), np.int64(57), np.int64(43), np.int64(60), np.int64(42), np.int64(29), np.int64(17), np.int64(28), np.int64(7), np.int64(4), np.int64(55), np.int64(50), np.int64(34), np.int64(40), np.int64(62), np.int64(28), np.int64(22), np.int64(16), np.int64(31), np.int64(23), np.int64(10), np.int64(6), np.int64(60), np.int64(58), np.int64(7), np.int64(6), np.int64(46)]","[np.int64(2), np.int64(40), np.int64(45), np.int64(57), np.int64(20), np.int64(60), np.int64(57), np.int64(56), np.int64(55), np.int64(41), np.int64(15), np.int64(41), np.int64(7), np.int64(11), np.int64(4), np.int64(14), np.int64(44), np.int64(57), np.int64(38), np.int64(23), np.int64(23), np.int64(62), np.int64(59), np.int64(8), np.int64(56), np.int64(15), np.int64(25), np.int64(26), np.int64(28), np.int64(61), np.int64(56), np.int64(62), np.int64(36), np.int64(41), np.int64(62), np.int64(10), np.int64(7), np.int64(60), np.int64(55), np.int64(58), np.int64(49), np.int64(17), np.int64(30), np.int64(2), np.int64(29), np.int64(57), np.int64(46), np.int64(16), np.int64(42), np.int64(27), np.int64(62), np.int64(36), np.int64(13), np.int64(61), np.int64(18), np.int64(27), np.int64(37), np.int64(50), np.int64(25), np.int64(2), np.int64(49), np.int64(54), np.int64(58), np.int64(31)]",False,False,0.0,0.0,"[43 54 16 43 43 34 43 43 38 32  7 43 43 12 61 53 43  6 23 34 29  0 33 43
 61 23 12 43 43 43  4 51 43 43 43 11 55 27 43 43  6 33 62 43 34 43 39 11
  4 62 39 43 51 43 43 43 33 55  7 28 27 43 43 53]","[43 33 39 43 43 53 43 43  7 28  7 43 43 12 27  7 43 28 39 61 54  0 33 43
 39 29 33 43 43 43 33 11 43 43 43 11  0 23 43 43  6 33 39 43 45 43 39 32
 32 45 39 43 39 43 43 43 54 33 12 33 27 43 43 53]",False,False,0.0,0.0,"[43  4 12 43 43 29 43 43  3  3  7 43 43  7 11  7 43 28 11 12  0  0  7 43
  3 23 12 43 43 43  3 11 43 43 43  0  0  0 43 43  6  6  0 43  0 43 29 11
 11 39 54 43 23 43 43 43 51 55 39 28 27 43 43 53]","[43 33 12 43 43 61 43 43 38 32  7 43 43 12  6 61 43  6 39 12 27  0 51 43
 61 29  6 43 43 43 33 39 43 43 43 61 39 39 43 43  6  6 39 43  0 43 39  0
 11  0 39 43 61 43 43 43 29 33 12  6 27 43 43 61]",False,False,0.0,0.0,1.0,0.0,0.0,25,0,0,1.0,0.0,0.0,25,0,0,1.0,0.0,0.0,25,0,0,1.0,0.0,0.0,25,0,0,1.0,0.0,0.0,25,0,0,1.0,0.0,0.0,25,0,0,0.04,0.0,0.0,1,0,0,0.04,0.0,0.0,1,0,0
[1 0 0 ... 0 0 1],42,"[62 62 42  4 42  4 13 42  2 22 43 42 42 42 43 12  2 62 12 28 12  2 42 32
 62 12 22 28 42 51 28 43 42  2  7 51 12 51 62 28  7 32 42 42 32 43  7 43
  7 12 51 42 11 13 12 11  4  2 62 28 22 28 42 28]","[62  2 42 12 42  4 22 42 51 11 32 42 42 42 43 12  2 62 12 62 28  2 42  7
  2 62  2 28 42 51 62 51 42 12 62 62 51 51 62  4 22  2 42 42 51 12 22 62
  7 51 13 42 11 11  2 11  4  2 62 43 22  4 42 51]",False,False,0.0,0.0,"[np.int64(41), np.int64(32), np.int64(38), np.int64(22), np.int64(57), np.int64(36), np.int64(28), np.int64(29), np.int64(53), np.int64(39), np.int64(10), np.int64(35), np.int64(53), np.int64(5), np.int64(1), np.int64(36), np.int64(47), np.int64(10), np.int64(47), np.int64(5), np.int64(24), np.int64(47), np.int64(63), np.int64(55), np.int64(41), np.int64(63), np.int64(27), np.int64(0), np.int64(4), np.int64(48), np.int64(53), np.int64(33), np.int64(62), np.int64(30), np.int64(62), np.int64(26), np.int64(27), np.int64(45), np.int64(35), np.int64(21), np.int64(12), np.int64(6), np.int64(9), np.int64(40), np.int64(43), np.int64(14), np.int64(57), np.int64(30), np.int64(16), np.int64(55), np.int64(34), np.int64(21), np.int64(12), np.int64(8), np.int64(31), np.int64(57), np.int64(16), np.int64(13), np.int64(12), np.int64(27), np.int64(37), np.int64(17), np.int64(61), np.int64(17)]","[np.int64(57), np.int64(3), np.int64(20), np.int64(46), np.int64(59), np.int64(46), np.int64(26), np.int64(33), np.int64(30), np.int64(3), np.int64(43), np.int64(57), np.int64(28), np.int64(52), np.int64(23), np.int64(62), np.int64(38), np.int64(43), np.int64(6), np.int64(26), np.int64(39), np.int64(28), np.int64(9), np.int64(30), np.int64(12), np.int64(26), np.int64(42), np.int64(60), np.int64(49), np.int64(47), np.int64(47), np.int64(41), np.int64(7), np.int64(2), np.int64(49), np.int64(49), np.int64(2), np.int64(0), np.int64(57), np.int64(33), np.int64(23), np.int64(8), np.int64(34), np.int64(30), np.int64(28), np.int64(45), np.int64(44), np.int64(24), np.int64(27), np.int64(54), np.int64(15), np.int64(1), np.int64(46), np.int64(56), np.int64(26), np.int64(21), np.int64(6), np.int64(30), np.int64(0), np.int64(9), np.int64(40), np.int64(60), np.int64(37), np.int64(56)]",False,False,0.0,0.0,"[51 62 42  7 42  4 22 42 51 22 51 42 42 42 43  2 22 62 12 28  4 43 42  7
 62 12 12 13 42 11  7 43 42 12  7 62 22 28 12 28  7 32 42 42 12 43  7 62
 28 12 13 42 32 62  2 11  4  2 11 43 22  7 42 28]","[51  2 42  4 42 62 12 42 11 22 51 42 42 42 43 43  2 62 12  2  4 51 42  7
  4 12 13 13 42 51 62 51 42 12 62 51 51 51 22 28  2 32 42 42  2 12  7 62
  7 51 13 42  7 11 12 11  4  2 11 28 13  7 42 12]",False,False,0.0,0.0,"[11  2 42  7 42 22 12 42  2 11 32 42 42 42  2 12  2 62 12 28 13  2 42 13
  2  7  2 13 42 11  7 43 42  7  7 51 12 28 11 28  7  2 42 42  2 12  7 43
 28 28 13 42 28 13 12 11  4 13 62 28 22 28 42 28]","[51 62 42  4 42 22 13 42 51 11 51 42 42 42  2 12 22 62 12  2  4 51 42  7
  4  7 12 13 42 51  2 51 42 12  7 51 51 51 51 28  2 32 42 42 51 43  7 43
  7 43 51 42  7 11 12 11  4 13 62 22 13  4 42 51]",False,False,0.0,0.0,1.0,0.0,0.0,25,0,0,1.0,0.0,0.0,25,0,0,1.0,0.0,0.0,25,0,0,1.0,0.0,0.0,25,0,0,1.0,0.0,0.0,25,0,0,1.0,0.0,0.0,25,0,0,0.04,0.0,0.0,1,0,0,0.04,0.0,0.0,1,0,0
[0 0 0 ... 1 0 0],41,"[19 41  5 50 10 41 18 11 32 55 41 41 10  5 12 41 10 55 41 41 39 39  5 10
 41 10 55 41  1 41 39 24 41  0 15 11 52 10 39 41 15 41 10 15 29 52 32 27
 39 52 41 27 41 11 11 41 15  1 50 10 11 18 18 11]","[19 41  5 10  1 41 18 10 29 27 41 41  1 24  7 41  5 55 41 41 39 39 27 10
 41 10 39 41 29 41 19 15 41  7 39 39 18  1 15 41 15 41 52 15 18 52 24 10
 18 52 41 29 41 52 29 41 15 18 55 10 18 18 18 10]",False,False,0.0,0.0,"[np.int64(63), np.int64(58), np.int64(42), np.int64(22), np.int64(28), np.int64(61), np.int64(51), np.int64(25), np.int64(52), np.int64(38), np.int64(0), np.int64(60), np.int64(12), np.int64(2), np.int64(5), np.int64(13), np.int64(5), np.int64(62), np.int64(38), np.int64(4), np.int64(53), np.int64(61), np.int64(20), np.int64(0), np.int64(24), np.int64(27), np.int64(10), np.int64(48), np.int64(35), np.int64(63), np.int64(48), np.int64(43), np.int64(59), np.int64(39), np.int64(58), np.int64(28), np.int64(35), np.int64(4), np.int64(41), np.int64(46), np.int64(40), np.int64(32), np.int64(36), np.int64(27), np.int64(28), np.int64(54), np.int64(53), np.int64(36), np.int64(19), np.int64(38), np.int64(26), np.int64(56), np.int64(63), np.int64(38), np.int64(29), np.int64(20), np.int64(39), np.int64(63), np.int64(7), np.int64(25), np.int64(17), np.int64(42), np.int64(46), np.int64(46)]","[np.int64(3), np.int64(19), np.int64(41), np.int64(18), np.int64(10), np.int64(12), np.int64(45), np.int64(44), np.int64(5), np.int64(6), np.int64(23), np.int64(28), np.int64(52), np.int64(62), np.int64(55), np.int64(40), np.int64(56), np.int64(31), np.int64(54), np.int64(19), np.int64(41), np.int64(32), np.int64(3), np.int64(38), np.int64(46), np.int64(23), np.int64(56), np.int64(4), np.int64(6), np.int64(18), np.int64(31), np.int64(36), np.int64(39), np.int64(49), np.int64(60), np.int64(30), np.int64(4), np.int64(45), np.int64(10), np.int64(2), np.int64(9), np.int64(39), np.int64(30), np.int64(60), np.int64(35), np.int64(18), np.int64(44), np.int64(11), np.int64(4), np.int64(6), np.int64(55), np.int64(16), np.int64(55), np.int64(18), np.int64(20), np.int64(20), np.int64(56), np.int64(53), np.int64(40), np.int64(37), np.int64(0), np.int64(17), np.int64(21), np.int64(27)]",False,False,0.0,0.0,"[18 41  5 18 32 41 18 29 55 27 41 41 10 24  8 41 10  5 41 41 39 39  5 10
 41  1 55 41 27 41 18 24 41  7 55 11 18 10 39 41 15 41 52 18 29 52 32 10
  1 52 41 27 41 24 11 41 15 50 50 19 15 18 18 52]","[18 41  5 55 18 41 18 15 29 27 41 41 10 39  7 41 11 39 41 41 29 27 18 10
 41 10 39 41 24 41  5 15 41 37 55 52 52 11 27 41 15 41 10 39 29 29 24 11
  1 52 41 10 41 32 50 41 52 11 50 19 15 18 29 39]",False,False,0.0,0.0,"[52 41  5  1 32 41 18 15 32 18 41 41 32  5  8 41 29  5 41 41 29 39 18 50
 41 10 32 41 18 41 32 18 41  0 24 24 18 32 39 41 11 41 18 18 18 24 19  5
 27 52 41 27 41 24 50 41 52 50 18 19 24 18 18 27]","[18 41  5  1 10 41 18 27 29 27 41 41 10 24  7 41  5 39 41 41 39 27 27 10
 41 10 10 41 27 41  5 15 41  2 39  5 52  1 27 41 11 41 10 39 18 29 24  5
 27 52 41 27 41 24 29 41 15 18 19 10 11 18 39 27]",False,False,0.0,0.0,1.0,0.0,0.0,25,0,0,1.0,0.0,0.0,25,0,0,1.0,0.0,0.0,25,0,0,1.0,0.0,0.0,25,0,0,1.0,0.0,0.0,25,0,0,1.0,0.0,0.0,25,0,0,0.04,0.0,0.0,1,0,0,0.04,0.0,0.0,1,0,0
[1 0 0 ... 1 0 1],52,"[41 27 40 47 56 62 47 34 52 58 40 58 52 39 47 56 52 58 58 49 34 41 58 39
 39 59 16 52 12 47 40 62 16 40 52 52 58 27 58 52 52 52 40 62 12 39 58 52
 47 12 16 62 52 39 34 47 52 27 52 16 16  8 52 47]","[41 27 16 34 62 62 34 35 52 41 40 34 52 39 47 56 52 40 58 49 56 41 41 39
  8  9 34 52 12 58 40 62 58 40 52 52 12 62 58 52 52 52 12 35 62 39 58 52
 40  8 16 62 52 16 47 40 52 58 52 34 16 35 52 39]",False,False,0.0,0.0,"[np.int64(3), np.int64(15), np.int64(56), np.int64(35), np.int64(52), np.int64(5), np.int64(54), np.int64(61), np.int64(63), np.int64(2), np.int64(34), np.int64(42), np.int64(3), np.int64(10), np.int64(53), np.int64(7), np.int64(37), np.int64(60), np.int64(42), np.int64(41), np.int64(18), np.int64(35), np.int64(7), np.int64(42), np.int64(0), np.int64(49), np.int64(7), np.int64(0), np.int64(2), np.int64(55), np.int64(16), np.int64(29), np.int64(17), np.int64(8), np.int64(36), np.int64(27), np.int64(61), np.int64(44), np.int64(5), np.int64(34), np.int64(27), np.int64(38), np.int64(3), np.int64(40), np.int64(52), np.int64(60), np.int64(35), np.int64(48), np.int64(34), np.int64(60), np.int64(25), np.int64(33), np.int64(6), np.int64(18), np.int64(15), np.int64(49), np.int64(35), np.int64(15), np.int64(9), np.int64(61), np.int64(22), np.int64(8), np.int64(57), np.int64(20)]","[np.int64(36), np.int64(58), np.int64(29), np.int64(40), np.int64(49), np.int64(7), np.int64(37), np.int64(63), np.int64(11), np.int64(52), np.int64(54), np.int64(44), np.int64(53), np.int64(48), np.int64(63), np.int64(47), np.int64(62), np.int64(56), np.int64(32), np.int64(0), np.int64(22), np.int64(22), np.int64(30), np.int64(21), np.int64(29), np.int64(39), np.int64(2), np.int64(20), np.int64(56), np.int64(28), np.int64(44), np.int64(40), np.int64(27), np.int64(30), np.int64(31), np.int64(53), np.int64(48), np.int64(62), np.int64(56), np.int64(10), np.int64(54), np.int64(39), np.int64(63), np.int64(26), np.int64(15), np.int64(43), np.int64(41), np.int64(18), np.int64(37), np.int64(25), np.int64(24), np.int64(31), np.int64(41), np.int64(60), np.int64(39), np.int64(51), np.int64(39), np.int64(56), np.int64(25), np.int64(22), np.int64(40), np.int64(59), np.int64(55), np.int64(36)]",False,False,0.0,0.0,"[35 27 47 62 47 34 34 34 52 41 40 35 52 39 47 16 52 40  8  9 34 41 62  8
 35  0 16 52 58 40 39 62 16 40 52 52 27 62 35 52 52 52 40 12 62 27 27 52
 62 35 16 62 52 16 35 40 52 16 52 16 47 58 52 39]","[41 35 47 62 62 16 35 39 52 41 56 56 52 39 47 16 52 40 58  3 34 27 56  8
 39 50 34 52 12 47 34 62 58 40 52 52 12 62  8 52 52 52 40 35 62 27 58 52
 47 40 62 62 52 39 34 47 52 12 52 34 16 34 52 47]",False,False,0.0,0.0,"[35 35 16 47 47 34 27 35 52 41 27 16 52 39 47 12 52 34  8  3 34 12 41 39
 39  1 16 52 12 27 34 62 16 34 52 52 12 27  8 52 52 52 12 35 12 27 27 52
 12  8 16 62 52 16 47 40 52 12 52 16 16  8 52 47]","[41 35 40 62 62 62 35 34 52 41 40 56 52 39 47 40 52 40  8 49 56 41 40 39
  8  9 34 52 12 40 39 62 62 56 52 52 56 16  8 52 52 52 12 62 62 16 58 52
 62 40 41 62 52 16 35 40 52 16 52 34 16 35 52 39]",False,False,0.0,0.0,1.0,0.0,0.0,25,0,0,1.0,0.0,0.0,25,0,0,1.0,0.0,0.0,25,0,0,1.0,0.0,0.0,25,0,0,1.0,0.0,0.0,25,0,0,1.0,0.0,0.0,25,0,0,0.04,0.0,0.0,1,0,0,0.04,0.0,0.0,1,0,0
[0 0 1 ... 0 0 0],37,"[ 2  5 37 12 59 37 31 51 51 37  2  5 37 37 37 46 14 43 14 46 43 37 37 31
 22 31 51 22 13 13 37 37 30 46  2  2 21 37 37 37 42  9 37 37 22  5 37  5
 46 13 37 37 31 46 12 13 51 21 21 37 43 43 12 42]","[31 22 37 38 22 37 31 59  9 37  2  5 37 37 37 59 21  2  5 46 59 37 37 31
 22 31 12 42 22 21 37 37 30 46 59 38 12 37 37 37 12  9 37 37 59 50 37 30
 46 14 37 37 12 46  5 13 21 46 12 37  5 43 21 46]",False,False,0.0,0.0,"[np.int64(31), np.int64(9), np.int64(39), np.int64(40), np.int64(50), np.int64(2), np.int64(34), np.int64(54), np.int64(50), np.int64(32), np.int64(3), np.int64(55), np.int64(42), np.int64(63), np.int64(10), np.int64(22), np.int64(40), np.int64(1), np.int64(52), np.int64(50), np.int64(48), np.int64(6), np.int64(27), np.int64(44), np.int64(25), np.int64(60), np.int64(25), np.int64(63), np.int64(42), np.int64(52), np.int64(42), np.int64(49), np.int64(10), np.int64(46), np.int64(59), np.int64(36), np.int64(13), np.int64(15), np.int64(1), np.int64(8), np.int64(24), np.int64(23), np.int64(38), np.int64(28), np.int64(12), np.int64(42), np.int64(57), np.int64(37), np.int64(19), np.int64(45), np.int64(57), np.int64(48), np.int64(46), np.int64(9), np.int64(53), np.int64(39), np.int64(3), np.int64(51), np.int64(48), np.int64(4), np.int64(28), np.int64(54), np.int64(42), np.int64(3)]","[np.int64(55), np.int64(45), np.int64(22), np.int64(17), np.int64(42), np.int64(45), np.int64(49), np.int64(47), np.int64(30), np.int64(41), np.int64(44), np.int64(16), np.int64(47), np.int64(34), np.int64(57), np.int64(25), np.int64(45), np.int64(31), np.int64(52), np.int64(6), np.int64(41), np.int64(31), np.int64(15), np.int64(18), np.int64(41), np.int64(41), np.int64(6), np.int64(7), np.int64(2), np.int64(13), np.int64(32), np.int64(60), np.int64(5), np.int64(33), np.int64(7), np.int64(44), np.int64(34), np.int64(14), np.int64(63), np.int64(43), np.int64(14), np.int64(16), np.int64(37), np.int64(58), np.int64(60), np.int64(3), np.int64(24), np.int64(5), np.int64(55), np.int64(57), np.int64(47), np.int64(36), np.int64(38), np.int64(57), np.int64(53), np.int64(31), np.int64(39), np.int64(2), np.int64(49), np.int64(34), np.int64(55), np.int64(46), np.int64(55), np.int64(42)]",False,False,0.0,0.0,"[ 2 22 37 42 59 37 31 13 42 37  2  5 37 37 37  2 50  2 50 42 42 37 37 38
  9 14 51 42 22 21 37 37  2 46 42 30 22 37 37 37 12  9 37 37  9 50 37  5
 46 39 37 37 30 31  9 13 39 51 21 37 46 31  9 46]","[50 22 37 59 59 37 31 51  9 37  2  5 37 37 37  9 12 46  5 46 21 37 37 38
 22 42 51  5 22 39 37 37 14 50  9 38 21 37 37 37 38  9 37 37 42  5 37  5
  5 39 37 37 39 46  5 13 51 46 21 37 43 14  5 46]",False,False,0.0,0.0,"[ 2  5 37 12 22 37 31 13  9 37  2 14 37 37 37  9 13  2  5 14  5 37 37 31
 22 14 14 12 39 21 37 37 14 46  9 22 21 37 37 37 12  9 37 37  5  5 37  5
 14 14 37 37 39 31 12 13 43 21 39 37 43 43 21 46]","[38  5 37 12 59 37 31 46 59 37  2  5 37 37 37 46 12  2  5 46 21 37 37 31
 22 14 14  2 39 46 37 37  2 46  2  2 21 37 37 37 12  9 37 37  5 21 37  5
 46 14 37 37 12 46  5 12 43 21 21 37 46 31  5 46]",False,False,0.0,0.0,1.0,0.0,0.0,25,0,0,1.0,0.0,0.0,25,0,0,1.0,0.0,0.0,25,0,0,1.0,0.0,0.0,25,0,0,1.0,0.0,0.0,25,0,0,1.0,0.0,0.0,25,0,0,0.04,0.0,0.0,1,0,0,0.04,0.0,0.0,1,0,0
[1 0 0 ... 0 0 0],31,"[31 51 31 32 31 37 31 56 31 59 14 53 63 63 31  6  6 52 48 59 60 31 48 52
 21 21 31 37 21 48 32 31 31 59 45 45 53 31  8 62 48  2 31 26  4 31 53 48
 31 53  2 31 31 31  6 62 31 52 52 31 31 31 31 31]","[31 45 31 51 31 53 31 56 31 45 14 59 63 63 31 53 61 42  8 60 53 31 48 52
 26 56 31 53 59 62 48 31 31 26  4 60 21 31 45 63 48 56 31 26  4 31 42 21
 31  4  2 31 31 31 59 53 31 59 61 31 31 31 31 31]",False,False,0.0,0.0,"[np.int64(15), np.int64(9), np.int64(60), np.int64(39), np.int64(38), np.int64(44), np.int64(9), np.int64(16), np.int64(59), np.int64(53), np.int64(1), np.int64(53), np.int64(20), np.int64(36), np.int64(52), np.int64(37), np.int64(5), np.int64(39), np.int64(13), np.int64(12), np.int64(18), np.int64(18), np.int64(29), np.int64(14), np.int64(17), np.int64(36), np.int64(10), np.int64(6), np.int64(56), np.int64(51), np.int64(56), np.int64(51), np.int64(17), np.int64(19), np.int64(15), np.int64(35), np.int64(0), np.int64(25), np.int64(13), np.int64(7), np.int64(25), np.int64(37), np.int64(5), np.int64(37), np.int64(28), np.int64(36), np.int64(27), np.int64(16), np.int64(43), np.int64(12), np.int64(53), np.int64(61), np.int64(37), np.int64(35), np.int64(54), np.int64(30), np.int64(36), np.int64(30), np.int64(45), np.int64(23), np.int64(33), np.int64(4), np.int64(30), np.int64(46)]","[np.int64(31), np.int64(11), np.int64(33), np.int64(48), np.int64(61), np.int64(37), np.int64(26), np.int64(35), np.int64(53), np.int64(7), np.int64(10), np.int64(26), np.int64(25), np.int64(63), np.int64(35), np.int64(35), np.int64(14), np.int64(26), np.int64(30), np.int64(36), np.int64(56), np.int64(50), np.int64(24), np.int64(9), np.int64(48), np.int64(27), np.int64(43), np.int64(3), np.int64(43), np.int64(21), np.int64(41), np.int64(44), np.int64(22), np.int64(21), np.int64(41), np.int64(17), np.int64(23), np.int64(16), np.int64(49), np.int64(24), np.int64(0), np.int64(22), np.int64(26), np.int64(16), np.int64(4), np.int64(56), np.int64(28), np.int64(16), np.int64(16), np.int64(58), np.int64(58), np.int64(45), np.int64(44), np.int64(48), np.int64(59), np.int64(52), np.int64(42), np.int64(30), np.int64(0), np.int64(39), np.int64(5), np.int64(31), np.int64(48), np.int64(49)]",False,False,0.0,0.0,"[31 51 31 51 31 62 31 62 31 45  2 53 62 48 31 61 48 63 63 60 14 31  8 56
  2 52 31 53 21 62 61 31 31 59 37 60 53 31 56 56 53  6 31 45 14 31 14 48
 31 45 52 31 31 31 45  6 31 59  4 31 31 31 31 31]","[31  4 31 52 31 53 31 62 31 45  6 37 59 42 31  4  6 52  4 61 14 31  8 60
 21 21 31 53  0  8 51 31 31 26 45 51 14 31 59 48 48  6 31 45  4 31 14 62
 31 53  2 31 31 31 56 62 31 52 62 31 31 31 31 31]",False,False,0.0,0.0,"[31  4 31 32 31 32 31 42 31 45 14  8 63  0 31  6  2  0 21 42 14 31  8 21
 26 21 31 21 21  8 26 31 31 26  4 37 14 31  8 48 53  2 31  0  8 31 14 21
 31 45 32 31 31 31 45 53 31 52 60 31 31 31 31 31]","[31  4 31 53 31 45 31 56 31 56 37  4 62 48 31  4 48 42  4 61 14 31 48  4
 21 62 31 37 59 48 48 31 31 32  4 45  4 31 45 45 48  6 31 45  4 31 14 48
 31  4 56 31 31 31 21 45 31 14  4 31 31 31 31 31]",False,False,0.0,0.0,1.0,0.0,0.0,25,0,0,1.0,0.0,0.0,25,0,0,1.0,0.0,0.0,25,0,0,1.0,0.0,0.0,25,0,0,1.0,0.0,0.0,25,0,0,1.0,0.0,0.0,25,0,0,0.04,0.0,0.0,1,0,0,0.04,0.0,0.0,1,0,0
[1 0 0 ... 0 0 0],39,"[63 58 39 29 34 39 22 47 51 21 34 58 21 63 39 27 45 58 23 63 58 39 39 39
 28 39 25 39 39 39 31 39 22 27 39 22  5  5 27 39 29 53 21 63 27 34 23 39
 23 22 63 39 51 39 14 39 63 22 39 34 31 62 21 39]","[25 58 39 29 53 39 28 63 28 23 34 23 23 23 39 55 40 27 51 53  5 39 39 39
 31 39 25 39 39 39  2 39 23 53 39 23 14 47 27 39 34 23  2 28 22 21 23 39
 22 23 27 39 28 39 14 39 34 28 39 14 58 15 28 39]",False,False,0.0,0.0,"[np.int64(27), np.int64(42), np.int64(14), np.int64(44), np.int64(58), np.int64(25), np.int64(42), np.int64(58), np.int64(13), np.int64(50), np.int64(19), np.int64(63), np.int64(34), np.int64(27), np.int64(3), np.int64(4), np.int64(49), np.int64(56), np.int64(24), np.int64(44), np.int64(53), np.int64(29), np.int64(13), np.int64(51), np.int64(29), np.int64(28), np.int64(8), np.int64(23), np.int64(45), np.int64(53), np.int64(25), np.int64(27), np.int64(53), np.int64(62), np.int64(31), np.int64(30), np.int64(20), np.int64(23), np.int64(51), np.int64(63), np.int64(13), np.int64(40), np.int64(60), np.int64(60), np.int64(17), np.int64(8), np.int64(60), np.int64(63), np.int64(20), np.int64(37), np.int64(11), np.int64(0), np.int64(60), np.int64(37), np.int64(63), np.int64(6), np.int64(46), np.int64(4), np.int64(5), np.int64(29), np.int64(5), np.int64(35), np.int64(8), np.int64(33)]","[np.int64(45), np.int64(32), np.int64(19), np.int64(62), np.int64(15), np.int64(39), np.int64(63), np.int64(20), np.int64(26), np.int64(22), np.int64(61), np.int64(24), np.int64(25), np.int64(58), np.int64(1), np.int64(55), np.int64(5), np.int64(37), np.int64(1), np.int64(19), np.int64(63), np.int64(12), np.int64(56), np.int64(19), np.int64(52), np.int64(19), np.int64(18), np.int64(28), np.int64(3), np.int64(61), np.int64(7), np.int64(32), np.int64(42), np.int64(57), np.int64(12), np.int64(41), np.int64(5), np.int64(57), np.int64(44), np.int64(58), np.int64(17), np.int64(33), np.int64(10), np.int64(49), np.int64(12), np.int64(19), np.int64(60), np.int64(29), np.int64(5), np.int64(16), np.int64(42), np.int64(33), np.int64(35), np.int64(53), np.int64(35), np.int64(21), np.int64(46), np.int64(62), np.int64(58), np.int64(52), np.int64(24), np.int64(41), np.int64(31), np.int64(2)]",False,False,0.0,0.0,"[51 58 39 29 34 39  5 29 31 23 22 31 53 23 39 27 40 23 51 23 58 39 39 39
 28 39 58 39 39 39  2 39 23 53 39 25 63 47 21 39 47 21  2 63  5 47 23 39
 23 22 27 39 51 39 53 39 34 58 39 27 31 62 21 39]","[63 58 39 29 63 39 28 47 31 23 55 23 27 34 39 55 17 23 51  5 14 39 39 39
 28 39 28 39 39 39 31 39 22 27 39 14 63 47 14 39 21 28 21 58 51 55  5 39
 25 21 63 39 28 39 14 39 63  2 39 14 31  7 51 39]",False,False,0.0,0.0,"[14 34 39 53 53 39 28 29 31 31 31 23  5 23 39 27 19 25 23 23 29 39 39 39
 28 39 28 39 39 39 21 39 23 34 39 22 47 47 23 39 34 23 21 47 58 34 23 39
 23 27 27 39 27 39 14 39 34 27 39 27 31 45 28 39]","[14 21 39 29 34 39  5 28 28 23 31 23  5 23 39 28 17 23 23 23 23 39 39 39
 28 39 25 39 39 39 31 39 22 28 39 23  5  5 23 39 34 23 21 21 22 34  5 39
 23 22 34 39 22 39 14 39 34 22 39 14  5  7 22 39]",False,False,0.0,0.0,1.0,0.0,0.0,25,0,0,1.0,0.0,0.0,25,0,0,1.0,0.0,0.0,25,0,0,1.0,0.0,0.0,25,0,0,1.0,0.0,0.0,25,0,0,1.0,0.0,0.0,25,0,0,0.04,0.0,0.0,1,0,0,0.04,0.0,0.0,1,0,0
[0 1 0 ... 0 0 0],62,"[14 29 22 28 49 54 41 54 62 49 38 27 41 41 62 54 28 62 10 41 54 41 62 62
 17  8 27 62 62 62 48 41 41  8 28 38 41 27 62 27 38 62 23 54 22 28 54  8
 62 62 17 49 49 23 62 41 41 49 51 22 23  8 62 14]","[23 29 22 27 23 41 41 28 62 28 14 14 41 41 62 54 29 62 51 28 17 22 62 62
 17  8 54 62 62 62 29 23 41 28 23 38 29 27 62 27 49 62 23 38 22 28 54 14
 62 62 17 14 14 54 62 41 41 22  7 22 17 38 62 14]",False,False,0.0,0.0,"[np.int64(13), np.int64(31), np.int64(56), np.int64(24), np.int64(58), np.int64(49), np.int64(54), np.int64(40), np.int64(0), np.int64(29), np.int64(13), np.int64(33), np.int64(54), np.int64(19), np.int64(49), np.int64(45), np.int64(32), np.int64(35), np.int64(61), np.int64(31), np.int64(7), np.int64(17), np.int64(42), np.int64(10), np.int64(35), np.int64(6), np.int64(5), np.int64(6), np.int64(5), np.int64(5), np.int64(3), np.int64(46), np.int64(42), np.int64(62), np.int64(7), np.int64(3), np.int64(9), np.int64(34), np.int64(61), np.int64(10), np.int64(22), np.int64(46), np.int64(12), np.int64(5), np.int64(27), np.int64(4), np.int64(50), np.int64(51), np.int64(54), np.int64(19), np.int64(61), np.int64(30), np.int64(1), np.int64(56), np.int64(56), np.int64(32), np.int64(14), np.int64(60), np.int64(59), np.int64(18), np.int64(9), np.int64(56), np.int64(4), np.int64(8)]","[np.int64(60), np.int64(30), np.int64(32), np.int64(28), np.int64(41), np.int64(61), np.int64(57), np.int64(1), np.int64(16), np.int64(20), np.int64(49), np.int64(21), np.int64(42), np.int64(14), np.int64(46), np.int64(26), np.int64(24), np.int64(6), np.int64(62), np.int64(24), np.int64(52), np.int64(13), np.int64(43), np.int64(15), np.int64(61), np.int64(24), np.int64(25), np.int64(28), np.int64(1), np.int64(37), np.int64(29), np.int64(49), np.int64(41), np.int64(29), np.int64(54), np.int64(28), np.int64(42), np.int64(2), np.int64(46), np.int64(3), np.int64(57), np.int64(18), np.int64(17), np.int64(3), np.int64(42), np.int64(12), np.int64(8), np.int64(55), np.int64(15), np.int64(27), np.int64(18), np.int64(40), np.int64(19), np.int64(41), np.int64(26), np.int64(21), np.int64(42), np.int64(18), np.int64(52), np.int64(27), np.int64(21), np.int64(13), np.int64(46), np.int64(23)]",False,False,0.0,0.0,"[23 22 48 28 23 41 41 23 62 49 38 14 41 48 62 14 49 62 63 28 38 28 62 62
 54 49 54 62 62 62 48 41 29 28 23 38  8 17 62 27 49 62  8 38 17  8 54  8
 62 62 17  8 54 54 62 41 41 49 30 49 17 38 62 14]","[23 28 22 27 22 41 41 28 62 29 38 27 17 48 62 14 23 62 36 41 38 22 62 62
 23 49 54 62 62 62 17 41 41  8 28 48 54 49 62 27 49 62 54 54 22 28 28 23
 62 62 17 38 29 54 62 41 14 23 61 22 17 38 62 38]",False,False,0.0,0.0,"[38 29 48 14 54 17 41 49 62 29 38 27 38 41 62 54 29 62  2 28 38 41 62 62
 17  8 27 62 62 62 29 41 29 28 28 38 22 17 62 27 38 62  8 54 38 48 54  8
 62 62 17 14 49 54 62 41 14 17 56 27 17 38 62 38]","[23 29 22 27 23 48 41 23 62 23 14 22 17 48 62 14 23 62 12 28 17 22 62 62
 23  8 23 62 62 62 17 23 29 28 23 38 22 17 62 27 38 62 23 54 22 14 54 23
 62 62 17 14 14 23 62 41 54 22 40 22 23  8 62 14]",False,False,0.0,0.0,1.0,0.0,0.0,25,0,0,1.0,0.0,0.0,25,0,0,1.0,0.0,0.0,25,0,0,1.0,0.0,0.0,25,0,0,1.0,0.0,0.0,25,0,0,1.0,0.0,0.0,25,0,0,0.04,0.0,0.0,1,0,0,0.04,0.0,0.0,1,0,0
[0 1 0 ... 1 1 1],32,"[16 30 32 39 29 24 30  2 59 24 16 60 16 27 50 54 32 29 32 54 27 54 54  1
 32 54 54 32 10 32 32 24 32 16 18 29 29 60 54 60 37 16 30 24  2 30 27 60
 16 16 16 18 54 29 32 24 24 60 60 27 32 27 54 60]","[24 18 32 57 29 24 16  2 19 29 24 18 16 24 12 54 32  2 32 54  2 54 29 49
 32 30 54 32 10 32 32 24 32 16 24 29 29 30 24 60 57 16 18 18 18 16 27 54
  2 24 16 18 54 29 32 18 24 30 30  2 32 16 18 24]",False,False,0.0,0.0,"[np.int64(60), np.int64(10), np.int64(62), np.int64(24), np.int64(25), np.int64(5), np.int64(12), np.int64(35), np.int64(20), np.int64(46), np.int64(21), np.int64(56), np.int64(45), np.int64(15), np.int64(56), np.int64(2), np.int64(58), np.int64(21), np.int64(16), np.int64(31), np.int64(43), np.int64(5), np.int64(27), np.int64(7), np.int64(23), np.int64(9), np.int64(41), np.int64(6), np.int64(30), np.int64(38), np.int64(9), np.int64(55), np.int64(61), np.int64(63), np.int64(27), np.int64(24), np.int64(35), np.int64(38), np.int64(31), np.int64(14), np.int64(33), np.int64(4), np.int64(8), np.int64(47), np.int64(36), np.int64(5), np.int64(12), np.int64(17), np.int64(61), np.int64(10), np.int64(31), np.int64(0), np.int64(20), np.int64(27), np.int64(34), np.int64(36), np.int64(15), np.int64(9), np.int64(5), np.int64(59), np.int64(22), np.int64(40), np.int64(5), np.int64(2)]","[np.int64(29), np.int64(55), np.int64(10), np.int64(22), np.int64(44), np.int64(34), np.int64(22), np.int64(32), np.int64(25), np.int64(63), np.int64(58), np.int64(14), np.int64(40), np.int64(41), np.int64(57), np.int64(47), np.int64(50), np.int64(34), np.int64(29), np.int64(0), np.int64(36), np.int64(26), np.int64(17), np.int64(44), np.int64(40), np.int64(62), np.int64(63), np.int64(57), np.int64(14), np.int64(55), np.int64(61), np.int64(46), np.int64(24), np.int64(7), np.int64(52), np.int64(59), np.int64(60), np.int64(30), np.int64(57), np.int64(8), np.int64(24), np.int64(60), np.int64(12), np.int64(55), np.int64(53), np.int64(11), np.int64(49), np.int64(21), np.int64(34), np.int64(32), np.int64(6), np.int64(58), np.int64(6), np.int64(2), np.int64(8), np.int64(21), np.int64(38), np.int64(25), np.int64(0), np.int64(58), np.int64(12), np.int64(58), np.int64(55), np.int64(57)]",False,False,0.0,0.0,"[27 16 32 50 29 24 27  2 44 24 16 16 16 54 58 54 32 16 32 54  2 54 29 26
 32 54 54 32 59 32 32 16 32 54 24 29 29 30 54 60 37 60 30 60  2 16 27 54
 16 24 16 16 54 30 32  2 24 30 30 27 32 16 30 24]","[29 16 32  6 29 24 30  2 59 29 24 60 16 24 13 54 32  2 32 54 29 54 29 26
 32 54 54 32 10 32 32 30 32 16 18 29 29 60 18 60 57 60 30 18 24  2 27 60
  2 24 16 16 54 30 32 18 24 60 30  2 32 27 54 60]",False,False,0.0,0.0,"[29 30 32  6 29 27 30  2  0 29 29 27 16 27 26 54 32 29 32 54 29 54 29 19
 32 54 54 32 10 32 32 24 32 18  2 29 29 30 24 60  4 16 24 54 24 29 27 60
 16 24 16 16 54  2 32 24 24 60 27 27 32 16 18 60]","[29 18 32 57 29 27 16  2  0 29 24 18 16 54 13 54 32 29 32 54 27 54 29 26
 32 54 54 32 10 32 32 24 32 16 18 29 29 30 18 60 13 16 18 18 18 60 27 54
  2 24 16 16 54 29 32 18 24 30 27  2 32 16 16 60]",False,False,0.0,0.0,1.0,0.0,0.0,25,0,0,1.0,0.0,0.0,25,0,0,1.0,0.0,0.0,25,0,0,1.0,0.0,0.0,25,0,0,1.0,0.0,0.0,25,0,0,1.0,0.0,0.0,25,0,0,0.04,0.0,0.0,1,0,0,0.04,0.0,0.0,1,0,0
[0 1 0 ... 0 0 0],7,"[ 7 46 39 39 16 63 49  7  0 30 53  7 39  7  9 16  7 49 63 43 16 39 11 11
 39 46 46  7 11 43  7 49 46 35 43  7 40 63 53  7  7 46 27  7 30 30  7 16
  7  7 53 49 30  7 40 56  7 39 11 46 53 40 53  7]","[ 7 63 13 49 16 46 40  7  0 27 43  7 11  7  9 16  7  0 40 43 16 49 48 13
 46 46 46  7 43 43  7 63 13 35 43  7 40 30 40  7  7 46 43  7 43 46  7 16
  7  7 11 49 16  7 46 43  7 53 43 16 13 30 40  7]",False,False,0.0,0.0,"[np.int64(15), np.int64(55), np.int64(7), np.int64(5), np.int64(49), np.int64(12), np.int64(26), np.int64(35), np.int64(10), np.int64(15), np.int64(27), np.int64(0), np.int64(63), np.int64(19), np.int64(29), np.int64(6), np.int64(10), np.int64(30), np.int64(25), np.int64(31), np.int64(35), np.int64(50), np.int64(17), np.int64(1), np.int64(42), np.int64(40), np.int64(26), np.int64(55), np.int64(17), np.int64(22), np.int64(20), np.int64(42), np.int64(57), np.int64(33), np.int64(55), np.int64(45), np.int64(55), np.int64(50), np.int64(40), np.int64(22), np.int64(43), np.int64(46), np.int64(23), np.int64(50), np.int64(25), np.int64(36), np.int64(16), np.int64(8), np.int64(29), np.int64(61), np.int64(41), np.int64(8), np.int64(0), np.int64(36), np.int64(55), np.int64(48), np.int64(38), np.int64(5), np.int64(15), np.int64(8), np.int64(50), np.int64(33), np.int64(30), np.int64(62)]","[np.int64(28), np.int64(19), np.int64(47), np.int64(50), np.int64(4), np.int64(52), np.int64(28), np.int64(47), np.int64(27), np.int64(36), np.int64(1), np.int64(11), np.int64(63), np.int64(26), np.int64(39), np.int64(22), np.int64(53), np.int64(46), np.int64(55), np.int64(18), np.int64(54), np.int64(12), np.int64(18), np.int64(29), np.int64(0), np.int64(25), np.int64(40), np.int64(29), np.int64(30), np.int64(55), np.int64(2), np.int64(25), np.int64(9), np.int64(20), np.int64(52), np.int64(44), np.int64(24), np.int64(27), np.int64(6), np.int64(24), np.int64(20), np.int64(11), np.int64(57), np.int64(4), np.int64(40), np.int64(60), np.int64(13), np.int64(32), np.int64(27), np.int64(12), np.int64(50), np.int64(27), np.int64(57), np.int64(13), np.int64(29), np.int64(0), np.int64(17), np.int64(35), np.int64(8), np.int64(38), np.int64(36), np.int64(43), np.int64(56), np.int64(45)]",False,False,0.0,0.0,"[ 7 11 16 43 16 39 40  7 16 11 46  7 11  7 31 48  7 49 35 16 27 63 48 27
 16 46 48  7 11 13  7 63  0 63 48  7 40 63 48  7  7 43 63  7 43 46  7 11
  7  7 48 11 30  7 53 39  7 53 13 46 63 30 35  7]","[ 7 63 48 63 16 46 49  7 53 11 43  7 63  7  1 48  7 49 35 43 49 39 48 16
 46 43 27  7 43 43  7 49 48 11 48  7 53 30 48  7  7 43 63  7 30 30  7 16
  7  7 11 43 53  7 53 39  7 53 43 46 43 40 35  7]",False,False,0.0,0.0,"[ 7 11 13 39 16 30 13  7 27 30 46  7 46  7  9 16  7 30 27 16 27 49 48 11
 16 27 27  7 11 13  7 11 13 16 48  7 35 30 48  7  7 30 27  7 30 30  7 16
  7  7 30 49 30  7 13 27  7 30 27 16 13 30 16  7]","[ 7 11 13 43 16 63 40  7 16 11 43  7 11  7  9 16  7 49 63 43 16 43 63 16
 46 43 46  7 43 63  7 63 46 11 43  7 40 63 13  7  7 43 63  7 43 30  7 16
  7  7 11 11 16  7 40 43  7 39 11 46 43 40 46  7]",False,False,0.0,0.0,1.0,0.0,0.0,25,0,0,1.0,0.0,0.0,25,0,0,1.0,0.0,0.0,25,0,0,1.0,0.0,0.0,25,0,0,1.0,0.0,0.0,25,0,0,1.0,0.0,0.0,25,0,0,0.04,0.0,0.0,1,0,0,0.04,0.0,0.0,1,0,0
[0 1 0 ... 0 0 0],26,"[26 50 26 27  0 50 26 26 26  7 37 50 38 26  8 50 27  7  8 54  7 29 29  2
 51  8 26 26 35 26 54  0  8 54  6 29 54 26 26  0 50  8 38 38 49  8 51 54
 38 38 26 26 13 38 26 13 27 54 38 38  2  6 38 29]","[26  7 26 27  0 51 26 26 26  7  8  8  2 26  8 50  8  6  8 27  2 54  7 51
  2  7 26 26  5 26 29  0  2 54 38 29  8 26 26  0 38  2 38 38 41 13 51 54
 29  6 26 26 13 38 26 13 27 38 51 38 29  6 38 29]",False,False,0.0,0.0,"[np.int64(53), np.int64(40), np.int64(62), np.int64(57), np.int64(45), np.int64(39), np.int64(19), np.int64(8), np.int64(41), np.int64(15), np.int64(58), np.int64(37), np.int64(15), np.int64(8), np.int64(3), np.int64(3), np.int64(23), np.int64(63), np.int64(23), np.int64(34), np.int64(63), np.int64(15), np.int64(32), np.int64(11), np.int64(40), np.int64(52), np.int64(27), np.int64(31), np.int64(12), np.int64(17), np.int64(57), np.int64(16), np.int64(54), np.int64(4), np.int64(59), np.int64(23), np.int64(33), np.int64(27), np.int64(43), np.int64(39), np.int64(31), np.int64(37), np.int64(1), np.int64(35), np.int64(20), np.int64(62), np.int64(33), np.int64(58), np.int64(24), np.int64(25), np.int64(12), np.int64(60), np.int64(45), np.int64(6), np.int64(22), np.int64(44), np.int64(31), np.int64(45), np.int64(49), np.int64(13), np.int64(19), np.int64(35), np.int64(47), np.int64(25)]","[np.int64(40), np.int64(55), np.int64(58), np.int64(10), np.int64(62), np.int64(54), np.int64(4), np.int64(45), np.int64(57), np.int64(8), np.int64(41), np.int64(40), np.int64(12), np.int64(30), np.int64(48), np.int64(20), np.int64(51), np.int64(44), np.int64(17), np.int64(35), np.int64(4), np.int64(51), np.int64(45), np.int64(60), np.int64(56), np.int64(61), np.int64(1), np.int64(19), np.int64(49), np.int64(25), np.int64(39), np.int64(9), np.int64(62), np.int64(8), np.int64(9), np.int64(5), np.int64(60), np.int64(15), np.int64(8), np.int64(36), np.int64(5), np.int64(29), np.int64(3), np.int64(46), np.int64(40), np.int64(22), np.int64(39), np.int64(55), np.int64(6), np.int64(43), np.int64(50), np.int64(47), np.int64(27), np.int64(53), np.int64(28), np.int64(16), np.int64(61), np.int64(1), np.int64(44), np.int64(59), np.int64(24), np.int64(21), np.int64(25), np.int64(42)]",False,False,0.0,0.0,"[26 50 26 27  0 51 26 26 26 29 29 50 38 26 54 38  8  7 54 27  7 54 50 27
  2 51 26 26 16 26 29  0  0 13  6 29 54 26 26  0 38  8  6 38 17 37 51  7
 29  6 26 26 13  2 26 13 27 54  7 54  2 50 29 29]","[26  0 26 27 38 54 26 26 26 29 37  8 38 26 50 38 13  7  8 54  2 54  7 13
  6  6 26 26 34 26 29  0  8 54 27 29  8 26 26  0 38  8  7 38 30 13  8 13
 29 38 26 26 37 29 26 13 27 54  8 38 29 51  2 29]",False,False,0.0,0.0,"[26 29 26 27 38 50 26 26 26 29 29 29 50 26 50 38 50  7 51 27 37 38 29 29
 13 51 26 26 34 26 29  0  2 13 27 29 29 26 26  0 50  2  2 51  5 37 51 54
 29 38 26 26 13 29 26 13 27 38 51 51 29 50 29 29]","[26  7 26 27 38  0 26 26 26  7  8 29 38 26  8 38 13  7  8 27  7 38  7 29
 29  7 26 26  5 26 29  0  8  6 38 29  8 26 26  0 38  2 38  7 25 13  8  7
 38 38 26 26 13  2 26 13  8 38  7 13  2 50 38 29]",False,False,0.0,0.0,1.0,0.0,0.0,25,0,0,1.0,0.0,0.0,25,0,0,1.0,0.0,0.0,25,0,0,1.0,0.0,0.0,25,0,0,1.0,0.0,0.0,25,0,0,1.0,0.0,0.0,25,0,0,0.04,0.0,0.0,1,0,0,0.04,0.0,0.0,1,0,0
[0 0 0 ... 0 0 1],60,"[25 43 33 60 43 41  3 60 31 60  3 31 43 60 25 25 13  9  3 54 45 43 45  9
  9 60  3  9  7 31 13 60  3 60  9  7 60  3  3  7 25 60 62 60 41 60 36  9
 25 33  9  9 45 31 36 62 13 62  3 45 60 33 60 43]","[ 7 33 33 60 43 41  3 60 31 60 31 41 43 60 45 33 31  9  3 21  9 62 45  9
  9 60 45  9 25  7 13 60  3 60  9  9 60  3 31  7  3 60 62 60 25 60  3  9
 25 33 25 31 43 31 36 62 62 41  9 36 60 33 60 43]",False,False,0.0,0.0,"[np.int64(28), np.int64(35), np.int64(41), np.int64(60), np.int64(46), np.int64(27), np.int64(23), np.int64(55), np.int64(53), np.int64(24), np.int64(61), np.int64(43), np.int64(29), np.int64(20), np.int64(36), np.int64(24), np.int64(3), np.int64(26), np.int64(46), np.int64(29), np.int64(44), np.int64(2), np.int64(47), np.int64(13), np.int64(10), np.int64(42), np.int64(61), np.int64(45), np.int64(44), np.int64(43), np.int64(47), np.int64(60), np.int64(50), np.int64(50), np.int64(59), np.int64(25), np.int64(38), np.int64(31), np.int64(24), np.int64(63), np.int64(44), np.int64(47), np.int64(10), np.int64(3), np.int64(36), np.int64(15), np.int64(63), np.int64(63), np.int64(33), np.int64(11), np.int64(24), np.int64(53), np.int64(21), np.int64(14), np.int64(11), np.int64(17), np.int64(1), np.int64(41), np.int64(60), np.int64(14), np.int64(31), np.int64(18), np.int64(38), np.int64(18)]","[np.int64(25), np.int64(21), np.int64(31), np.int64(59), np.int64(29), np.int64(8), np.int64(62), np.int64(31), np.int64(39), np.int64(4), np.int64(45), np.int64(9), np.int64(0), np.int64(20), np.int64(10), np.int64(55), np.int64(34), np.int64(57), np.int64(10), np.int64(51), np.int64(12), np.int64(58), np.int64(50), np.int64(43), np.int64(45), np.int64(12), np.int64(31), np.int64(23), np.int64(63), np.int64(24), np.int64(35), np.int64(57), np.int64(59), np.int64(16), np.int64(5), np.int64(46), np.int64(33), np.int64(34), np.int64(54), np.int64(60), np.int64(27), np.int64(60), np.int64(16), np.int64(60), np.int64(27), np.int64(51), np.int64(37), np.int64(43), np.int64(1), np.int64(41), np.int64(7), np.int64(47), np.int64(19), np.int64(59), np.int64(46), np.int64(40), np.int64(41), np.int64(0), np.int64(43), np.int64(30), np.int64(10), np.int64(57), np.int64(10), np.int64(45)]",False,False,0.0,0.0,"[25 43 33 60 43 41 43 60 43 60 31 31 43 60 36 33 13  9 41 11 36 41 45  9
 41 60  3  9 31 31  3 60 25 60 25  9 60 45 33  7 62 60 36 60 41 60 36  9
 45 33 33 31 45 33 45 62 13 62  3 45 60 33 60 43]","[41  3 25 60 33 41 43 60 31 60 41 31 43 60 45 25 13  9  3 15  9 41 31  9
  3 60  3  9  9 36  3 60 36 60  9  7 60 45 31 41 62 60 36 60 25 60  3  9
 25 33 13 31 43 33 45 62 62 62  9 36 60 33 60 43]",False,False,0.0,0.0,"[41  3 33 60 43 41 43 60 43 60  3 31 43 60 45 45 31 62 45 21 45 43 45  9
 41 60 45  9 25 36  3 60 25 60  7  7 60 45 33 45 25 60  9 60 25 60 43  9
 45 43 25 31 45  3 45 62 13 13 45 45 60 33 60 43]","[25 33 33 60 33  7  3 60  9 60  3 31 43 60 25 25 13  9 45 15  9 41 45  9
  3 60 45  9  9 31 41 60  3 60 33  7 60 45  9  7 62 60  9 60 25 60  3  9
 25 33  9  9 45 33 45 62 41 41  3  9 60 33 60 43]",False,False,0.0,0.0,1.0,0.0,0.0,25,0,0,1.0,0.0,0.0,25,0,0,1.0,0.0,0.0,25,0,0,1.0,0.0,0.0,25,0,0,1.0,0.0,0.0,25,0,0,1.0,0.0,0.0,25,0,0,0.04,0.0,0.0,1,0,0,0.04,0.0,0.0,1,0,0
[0 1 0 ... 1 1 0],61,"[13 25 59 61 58 61 19  5 14 53 18 40 21 61 61 63 25 21 61 61 63 61 61 59
  3 61 58 40 63 55 55 61  5 53 40 13 59 14 22 61 61 61 19  3 14 21 59 25
 19 63 22 13 55 61 39 61 59 31 61 61 59 61 63 61]","[39 25 39 61 58 61 22  5 18 14 39 55 21 61 61 58 58 58 61 61 63 61 61 58
 39 61 58 31  3  3 55 61 58 53 55 19 53  3 18 61 61 61 18  3 58 21 58 25
 18 63 22 55 55 61 19 61 39 31 61 61 39 61 63 61]",False,False,0.0,0.0,"[np.int64(10), np.int64(37), np.int64(27), np.int64(19), np.int64(29), np.int64(45), np.int64(4), np.int64(7), np.int64(4), np.int64(58), np.int64(48), np.int64(26), np.int64(22), np.int64(49), np.int64(63), np.int64(2), np.int64(52), np.int64(43), np.int64(10), np.int64(4), np.int64(12), np.int64(48), np.int64(10), np.int64(28), np.int64(18), np.int64(45), np.int64(8), np.int64(27), np.int64(18), np.int64(6), np.int64(58), np.int64(13), np.int64(1), np.int64(26), np.int64(3), np.int64(20), np.int64(58), np.int64(30), np.int64(16), np.int64(36), np.int64(0), np.int64(56), np.int64(8), np.int64(3), np.int64(61), np.int64(11), np.int64(54), np.int64(26), np.int64(51), np.int64(21), np.int64(14), np.int64(52), np.int64(43), np.int64(6), np.int64(18), np.int64(29), np.int64(4), np.int64(19), np.int64(41), np.int64(36), np.int64(42), np.int64(3), np.int64(63), np.int64(14)]","[np.int64(0), np.int64(16), np.int64(35), np.int64(29), np.int64(28), np.int64(6), np.int64(4), np.int64(16), np.int64(48), np.int64(31), np.int64(20), np.int64(22), np.int64(49), np.int64(56), np.int64(61), np.int64(3), np.int64(42), np.int64(33), np.int64(29), np.int64(50), np.int64(50), np.int64(1), np.int64(51), np.int64(48), np.int64(23), np.int64(41), np.int64(40), np.int64(3), np.int64(6), np.int64(16), np.int64(60), np.int64(9), np.int64(44), np.int64(22), np.int64(5), np.int64(16), np.int64(60), np.int64(31), np.int64(20), np.int64(39), np.int64(27), np.int64(22), np.int64(14), np.int64(23), np.int64(16), np.int64(37), np.int64(5), np.int64(51), np.int64(7), np.int64(55), np.int64(18), np.int64(55), np.int64(12), np.int64(24), np.int64(10), np.int64(8), np.int64(40), np.int64(63), np.int64(25), np.int64(2), np.int64(37), np.int64(55), np.int64(17), np.int64(1)]",False,False,0.0,0.0,"[22 25 40 61 58 61 13 41 18 53 18 58 21 61 61 58 63 21 61 61 21 61 61 25
 22 61 25 31 21 14 41 61 13 55 55 39 53 22 63 61 61 61 25 55 19 21 59  5
 31  5 14 25 31 61 13 61 31 55 61 61 59 61  5 61]","[13 25 39 61 58 61 13 14 22 31 18 58 21 61 61 63 58 53 61 61 63 61 61 58
 53 61 58  3  3  3 22 61 13 21 40 39 14 63 40 61 61 61 25 59 53 21 58 13
 18 63 21 21 55 61 39 61 31 55 61 61 39 61  3 61]",False,False,0.0,0.0,"[ 3 25 25 61  5 61  5  5 14 31 19 21 21 61 61  5  5 21 61 61 21 61 61 25
  3 61 25  3  3 25  5 61  3 21 22 21 14  3 18 61 61 61 21  3  5 21 25 13
 31 25 21 59 31 61 22 61 31 31 61 61 18 61 63 61]","[ 3 25 25 61 58 61 13 39 18 31 39 58 21 61 61 58 58 58 61 61 21 61 61 58
  3 61 58  3  3  3 41 61 58 21 40 39 59  3 18 61 61 61 18  3 58 21 58 13
 31  5 14 13 13 61  3 61 39 31 61 61 39 61  3 61]",False,False,0.0,0.0,1.0,0.0,0.0,25,0,0,1.0,0.0,0.0,25,0,0,1.0,0.0,0.0,25,0,0,1.0,0.0,0.0,25,0,0,1.0,0.0,0.0,25,0,0,1.0,0.0,0.0,25,0,0,0.04,0.0,0.0,1,0,0,0.04,0.0,0.0,1,0,0
[1 1 0 ... 0 0 0],45,"[45  9 12 45 28 18 55 58 54 45 23 33 45 12 45  9 12 45 45 14 33 58 45 45
 43 54 30  0 45 18 45 57 18 45  9 58 43  9 45  3  9 63 45 45 57 45  3 23
 28 63 23 33  0 28 45 45 30 45 45  0 17 30 54 45]","[45 63 12 45 17 18 18 58  9 45 23 55 45 12 45 55 17 45 45 12 30 58 45 45
 22  3 18 14 45 12 45 43 14 45 17 55 43  9 45 22  9 22 45 45 23 45  3 55
 30 18 63  0  9 55 45 45 18 45 45 63 58 55 55 45]",False,False,0.0,0.0,"[np.int64(12), np.int64(58), np.int64(57), np.int64(24), np.int64(4), np.int64(13), np.int64(60), np.int64(50), np.int64(22), np.int64(2), np.int64(27), np.int64(44), np.int64(21), np.int64(38), np.int64(38), np.int64(14), np.int64(3), np.int64(0), np.int64(36), np.int64(26), np.int64(54), np.int64(52), np.int64(24), np.int64(8), np.int64(40), np.int64(25), np.int64(13), np.int64(15), np.int64(9), np.int64(16), np.int64(24), np.int64(49), np.int64(9), np.int64(23), np.int64(58), np.int64(28), np.int64(54), np.int64(62), np.int64(62), np.int64(55), np.int64(41), np.int64(9), np.int64(38), np.int64(60), np.int64(62), np.int64(63), np.int64(35), np.int64(51), np.int64(15), np.int64(63), np.int64(44), np.int64(25), np.int64(5), np.int64(42), np.int64(34), np.int64(8), np.int64(26), np.int64(0), np.int64(0), np.int64(11), np.int64(0), np.int64(53), np.int64(50), np.int64(27)]","[np.int64(57), np.int64(54), np.int64(21), np.int64(35), np.int64(26), np.int64(0), np.int64(56), np.int64(16), np.int64(16), np.int64(40), np.int64(1), np.int64(53), np.int64(10), np.int64(61), np.int64(41), np.int64(2), np.int64(51), np.int64(31), np.int64(4), np.int64(4), np.int64(17), np.int64(61), np.int64(45), np.int64(17), np.int64(32), np.int64(44), np.int64(26), np.int64(40), np.int64(51), np.int64(62), np.int64(18), np.int64(18), np.int64(7), np.int64(58), np.int64(51), np.int64(56), np.int64(13), np.int64(29), np.int64(44), np.int64(18), np.int64(1), np.int64(56), np.int64(3), np.int64(21), np.int64(13), np.int64(5), np.int64(20), np.int64(43), np.int64(43), np.int64(29), np.int64(34), np.int64(8), np.int64(50), np.int64(54), np.int64(53), np.int64(45), np.int64(15), np.int64(0), np.int64(29), np.int64(48), np.int64(62), np.int64(17), np.int64(17), np.int64(56)]",False,False,0.0,0.0,"[45  9 23 45 18 17 58 12 33 45 43 30 45  0 45 57 63 45 45 42 12 22 45 45
 22 38 22 38 45 55 45 57 23 45 17 58 33 38 45 17 58 38 45 45 18 45 38 54
 33 63 17  3  9 18 45 45 18 45 45 30 17 14 55 45]","[45  0 55 45 42 18 55 58 54 45 43 30 45 18 45 42 12 45 45 12 22 58 45 45
 38 55 30 43 45 38 45 43 18 45 17  9 43  3 45 43 12 38 45 45 18 45  3  3
 57 63 17 57  9 30 45 45 14 45 45  3 17 58 54 45]",False,False,0.0,0.0,"[45  0  3 45 17 12 12 12  9 45 23  0 45 14 45 22 12 45 45 12  9 22 45 45
 22 38 22 14 45  0 45 14 14 45  9  9 30  3 45  3  9 18 45 45 18 45  3 17
 22 18 23 33 38 28 45 45 30 45 45 43 43 30 55 45]","[45 63 12 45 30 12 63 58 33 45 43 17 45 22 45 22 63 45 45 12 30 58 45 45
 22 55 30 43 45 22 45 57 18 45 17 58 30  3 45 22 58 63 45 45 58 45  3 17
 57 63 17 33 57 33 45 45 18 45 45 57 17 58 17 45]",False,False,0.0,0.0,1.0,0.0,0.0,25,0,0,1.0,0.0,0.0,25,0,0,1.0,0.0,0.0,25,0,0,1.0,0.0,0.0,25,0,0,1.0,0.0,0.0,25,0,0,1.0,0.0,0.0,25,0,0,0.04,0.0,0.0,1,0,0,0.04,0.0,0.0,1,0,0
[0 1 0 ... 1 1 0],61,"[ 3 25 59 61 58 61 19 63 22 63 39 55 21 61 61 63  5 53 61 61 21 61 61 58
 22 61 25 31 63 14 55 61 59 55 39 19 53 53 22 61 61 61 22 53 58 21 25 21
 31 25 19 55 31 61 13 61 59 18 61 61 59 61  3 61]","[18 25 63 61 55 61 13 39 53 14 53 40 21 61 61 58 25 21 61 61 63 61 61 58
 39 61 58 31 21 25 41 61 58 55 40 13 59  3 18 61 61 61 25 40  5 21 55 13
 18 63 19 59 13 61 39 61 31 18 61 61 59 61  5 61]",False,False,0.0,0.0,"[np.int64(21), np.int64(26), np.int64(7), np.int64(51), np.int64(57), np.int64(55), np.int64(49), np.int64(15), np.int64(1), np.int64(12), np.int64(8), np.int64(19), np.int64(50), np.int64(26), np.int64(36), np.int64(25), np.int64(59), np.int64(54), np.int64(40), np.int64(54), np.int64(4), np.int64(9), np.int64(2), np.int64(5), np.int64(11), np.int64(52), np.int64(28), np.int64(54), np.int64(25), np.int64(50), np.int64(47), np.int64(60), np.int64(54), np.int64(38), np.int64(18), np.int64(23), np.int64(0), np.int64(50), np.int64(29), np.int64(45), np.int64(47), np.int64(63), np.int64(27), np.int64(46), np.int64(7), np.int64(17), np.int64(58), np.int64(10), np.int64(20), np.int64(57), np.int64(44), np.int64(59), np.int64(17), np.int64(8), np.int64(5), np.int64(34), np.int64(54), np.int64(29), np.int64(60), np.int64(63), np.int64(42), np.int64(12), np.int64(23), np.int64(58)]","[np.int64(16), np.int64(25), np.int64(22), np.int64(55), np.int64(13), np.int64(46), np.int64(45), np.int64(31), np.int64(21), np.int64(20), np.int64(58), np.int64(50), np.int64(9), np.int64(54), np.int64(13), np.int64(5), np.int64(9), np.int64(19), np.int64(60), np.int64(30), np.int64(15), np.int64(41), np.int64(1), np.int64(47), np.int64(33), np.int64(59), np.int64(28), np.int64(5), np.int64(42), np.int64(37), np.int64(34), np.int64(55), np.int64(5), np.int64(8), np.int64(47), np.int64(38), np.int64(55), np.int64(38), np.int64(26), np.int64(57), np.int64(19), np.int64(2), np.int64(13), np.int64(46), np.int64(27), np.int64(18), np.int64(6), np.int64(5), np.int64(28), np.int64(53), np.int64(20), np.int64(62), np.int64(21), np.int64(2), np.int64(28), np.int64(49), np.int64(54), np.int64(23), np.int64(17), np.int64(22), np.int64(5), np.int64(18), np.int64(17), np.int64(25)]",False,False,0.0,0.0,"[22 25 39 61  5 61  5 63 18 31 53 40 21 61 61  5 58 21 61 61 22 61 61 25
 25 61 25 40  5 14 55 61 13 21 40 39 14 58 53 61 61 61 22 53  5 21 25  5
 19 25 14 55 55 61  3 61 59 31 61 61 39 61  3 61]","[39 25 39 61 58 61 25 39 14 14 19 40 21 61 61 19 58 25 61 61 22 61 61 58
 25 61 58 31 55 25 55 61 58 55 40 39 53 63 53 61 61 61 25 40 53 21 25 19
 31  5 22 59 55 61  3 61 31 31 61 61 59 61 25 61]",False,False,0.0,0.0,"[ 3 25 25 61  5 61  5  5 14 31 19 21 21 61 61  5  5 21 61 61 21 61 61 25
  3 61 25  3  3 25  5 61  3 21 22 21 14  3 18 61 61 61 21  3  5 21 25 13
 31 25 21 59 31 61 22 61 31 31 61 61 18 61 63 61]","[ 3 25 25 61 58 61 13 39 18 31 39 58 21 61 61 58 58 58 61 61 21 61 61 58
  3 61 58  3  3  3 41 61 58 21 40 39 59  3 18 61 61 61 18  3 58 21 58 13
 31  5 14 13 13 61  3 61 39 31 61 61 39 61  3 61]",False,False,0.0,0.0,1.0,0.0,0.0,25,0,0,1.0,0.0,0.0,25,0,0,1.0,0.0,0.0,25,0,0,1.0,0.0,0.0,25,0,0,1.0,0.0,0.0,25,0,0,1.0,0.0,0.0,25,0,0,0.04,0.0,0.0,1,0,0,0.04,0.0,0.0,1,0,0
[1 1 0 ... 0 0 1],29,"[39 29 56 56 26 13 56 29 44 44 59 13 15 29  7 29 25 38  1 29 44 49 39 19
 25 29 29 13 26 29 49 59 49 13 13 59  1 44 29 29 49 38 19 38 29 44 50 38
 13 29 29 59 59 28 50 44 29 49 13 29 13 50  1 29]","[39 29  1 49 50 13 13 29 39 44 56 13  1 29 63 29 19 49 15 29  7 49 39 13
 25 29 29 15 38 29 49 59 49 25 63 59  1 59 29 29 39 38 19 38 29 44 59 13
 13 29 29 26  1 28  1 38 29 49 44 29 50 39 39 29]",False,False,0.0,0.0,"[np.int64(7), np.int64(8), np.int64(18), np.int64(33), np.int64(52), np.int64(12), np.int64(57), np.int64(22), np.int64(57), np.int64(37), np.int64(1), np.int64(10), np.int64(63), np.int64(5), np.int64(52), np.int64(45), np.int64(20), np.int64(2), np.int64(23), np.int64(58), np.int64(51), np.int64(56), np.int64(39), np.int64(56), np.int64(13), np.int64(39), np.int64(47), np.int64(55), np.int64(58), np.int64(49), np.int64(4), np.int64(7), np.int64(23), np.int64(1), np.int64(17), np.int64(1), np.int64(33), np.int64(40), np.int64(9), np.int64(60), np.int64(18), np.int64(37), np.int64(1), np.int64(60), np.int64(13), np.int64(2), np.int64(55), np.int64(29), np.int64(38), np.int64(54), np.int64(25), np.int64(5), np.int64(60), np.int64(44), np.int64(36), np.int64(21), np.int64(61), np.int64(52), np.int64(41), np.int64(45), np.int64(42), np.int64(6), np.int64(49), np.int64(46)]","[np.int64(4), np.int64(2), np.int64(51), np.int64(14), np.int64(10), np.int64(4), np.int64(21), np.int64(39), np.int64(8), np.int64(11), np.int64(26), np.int64(30), np.int64(27), np.int64(42), np.int64(33), np.int64(63), np.int64(34), np.int64(11), np.int64(11), np.int64(35), np.int64(47), np.int64(50), np.int64(41), np.int64(5), np.int64(11), np.int64(43), np.int64(3), np.int64(5), np.int64(11), np.int64(56), np.int64(59), np.int64(25), np.int64(17), np.int64(38), np.int64(43), np.int64(1), np.int64(16), np.int64(49), np.int64(7), np.int64(43), np.int64(30), np.int64(44), np.int64(32), np.int64(59), np.int64(20), np.int64(6), np.int64(42), np.int64(61), np.int64(50), np.int64(61), np.int64(32), np.int64(58), np.int64(21), np.int64(19), np.int64(48), np.int64(8), np.int64(17), np.int64(53), np.int64(35), np.int64(57), np.int64(62), np.int64(22), np.int64(23), np.int64(6)]",False,False,0.0,0.0,"[ 1 29  1  1 50 13 26 29 44 56 39 26 59 29 56 29 49 15  1 29 63 19 19 13
 26 29 29 15 38 29 39 38 49 63 59  7 63 50 29 29 49 38 19 38 29 50 63 38
 56 29 29 59 26 12  1 39 29 49 63 29 50 25  1 29]","[ 1 29  1  1 26 63 13 29 44 56 15 13 59 29 49 29 38 25 15 29 44 38 26 19
 25 29 29 13 49 29 49 50 13 19  7  7 56 25 29 29 49 38 25 38 29 44 49 26
 59 29 29 59 59 20 39 39 29 26 19 29 19 39  1 29]",False,False,0.0,0.0,"[39 29 50 49 50 63 44 29 39 25 39 15 15 29 59 29 38 38 38 29 44 15 26 13
 38 29 29 15 38 29  7 38 15 25 25  7 56 15 29 29 50 38 26 38 29 50 63 38
 56 29 29 38 19 18 50 38 29 15 63 29 50 50 38 29]","[ 1 29 50  1 26 13 13 29 44 44 59 49 59 29 49 29  7 49  1 29  7 49  1 19
  7 29 29 13 49 29 49 59 49 19 59 59  1 59 29 29 39 38 26 38 29 49 59 13
 59 29 29 59 59 28 39 39 29 49 44 29 50 39  1 29]",False,False,0.0,0.0,1.0,0.0,0.0,25,0,0,1.0,0.0,0.0,25,0,0,1.0,0.0,0.0,25,0,0,1.0,0.0,0.0,25,0,0,1.0,0.0,0.0,25,0,0,1.0,0.0,0.0,25,0,0,0.04,0.0,0.0,1,0,0,0.04,0.0,0.0,1,0,0
[1 0 1 ... 0 0 1],8,"[48  8 41 39 16 38 14 36  8  8 44  1  8  1  8 20  8 38 12 48  8  8 44  9
 46 12 38 42 20 36 12 16 42  9 20 16  8 48  8  8 36  8  8 21  8  8  8 36
  8 14 36 46 16 36 44 45 36 16 16 44 48 36  8 21]","[48  8 21 48 38 39 12 36  8  8 14 62  8  1  8 20  8 20 48 48  8  8 46  9
 46 12 38  1 20 48 46 39 44  9  9 16  8 46  8  8 36  8  8 42  8  8  8 36
  8 14 48  9 44 20 20 46 42 12 39 36 14  9  8 44]",False,False,0.0,0.0,"[np.int64(49), np.int64(34), np.int64(41), np.int64(47), np.int64(52), np.int64(41), np.int64(27), np.int64(14), np.int64(12), np.int64(53), np.int64(10), np.int64(19), np.int64(11), np.int64(37), np.int64(48), np.int64(50), np.int64(25), np.int64(41), np.int64(23), np.int64(11), np.int64(10), np.int64(17), np.int64(54), np.int64(57), np.int64(5), np.int64(39), np.int64(54), np.int64(8), np.int64(7), np.int64(54), np.int64(22), np.int64(17), np.int64(59), np.int64(15), np.int64(59), np.int64(45), np.int64(55), np.int64(29), np.int64(37), np.int64(28), np.int64(58), np.int64(20), np.int64(3), np.int64(53), np.int64(55), np.int64(17), np.int64(43), np.int64(54), np.int64(44), np.int64(56), np.int64(46), np.int64(22), np.int64(19), np.int64(34), np.int64(60), np.int64(3), np.int64(47), np.int64(5), np.int64(9), np.int64(3), np.int64(5), np.int64(25), np.int64(61), np.int64(37)]","[np.int64(25), np.int64(47), np.int64(42), np.int64(46), np.int64(23), np.int64(40), np.int64(51), np.int64(7), np.int64(17), np.int64(24), np.int64(0), np.int64(9), np.int64(52), np.int64(23), np.int64(49), np.int64(18), np.int64(22), np.int64(34), np.int64(26), np.int64(27), np.int64(16), np.int64(19), np.int64(38), np.int64(17), np.int64(5), np.int64(33), np.int64(14), np.int64(50), np.int64(1), np.int64(23), np.int64(38), np.int64(39), np.int64(6), np.int64(23), np.int64(60), np.int64(19), np.int64(42), np.int64(6), np.int64(20), np.int64(14), np.int64(60), np.int64(49), np.int64(13), np.int64(1), np.int64(21), np.int64(52), np.int64(6), np.int64(39), np.int64(16), np.int64(49), np.int64(21), np.int64(44), np.int64(62), np.int64(59), np.int64(48), np.int64(18), np.int64(28), np.int64(29), np.int64(6), np.int64(5), np.int64(46), np.int64(58), np.int64(63), np.int64(40)]",False,False,0.0,0.0,"[48  8 12 20 21 62 16 21  8  8 14 62  8 38  8 20  8 14 21 41  8  8 42 20
 38 12 38 12 20 39 48 16 42  9 12 39  8 48  8  8 36  8  8 12  8  8  8 36
  8 46 36 46 44 45 44 42 62 12 45 44 48 36  8 42]","[48  8 41 39 46 46 41 36  8  8 44 62  8  1  8 20  8 48 20 38  8  8 12 20
 46 12 48  1 20 36 16 39 44  1 21 16  8 62  8  8 36  8  8 41  8  8  8 36
  8 46 41  9 12 12 44 42 36 21 45 36 48 36  8 21]",False,False,0.0,0.0,"[ 9  8 12 20  1 16 14 36  8  8 21  1  8  1  8 20  8 14 16  9  8  8 44 20
 36 12 12  1 20 36 12 16 42  1 20  1  8  1  8  8 36  8  8 12  8  8  8 36
  8 14 36 46 44 44 44 45 42 44 44 44 48 36  8 45]","[46  8 46 20 46 46 14 36  8  8 21 62  8 38  8 20  8 48 48 48  8  8 46 20
 36 42 48 41 20 46 48 39 44 48 46  1  8 46  8  8 36  8  8 41  8  8  8 36
  8 14 41 46 12 20 20 46  1 21 39 20 48 62  8  9]",False,False,0.0,0.0,1.0,0.0,0.0,25,0,0,1.0,0.0,0.0,25,0,0,1.0,0.0,0.0,25,0,0,1.0,0.0,0.0,25,0,0,1.0,0.0,0.0,25,0,0,1.0,0.0,0.0,25,0,0,0.04,0.0,0.0,1,0,0,0.04,0.0,0.0,1,0,0
[0 1 1 ... 1 1 1],5,"[ 7 31 48 13  7  5 22  5 19 59 51 60 60 59 48 55  7  7 58  5  7  5  5 19
 55 53 51 51 21 59 21  5 59 59 31 22  5 19 53 31 48 59 59 19 40  7 22 51
  5 36 55  5 19  5  9  5 22 48 55  5  5 55 53 60]","[53 55 53  9  7  5 60  5 22 31  7 48 53 60 55 55 60  7 61  5 55  5  5 60
  7 53 51  7 59 59 21  5 59 59 31 36  5 51 60 36 19 48 59 19 40 21 60 36
  5 36 53  5 19  5 61  5  7 22 36  5  5 48 53 51]",False,False,0.0,0.0,"[np.int64(12), np.int64(13), np.int64(45), np.int64(60), np.int64(56), np.int64(49), np.int64(9), np.int64(11), np.int64(34), np.int64(48), np.int64(16), np.int64(8), np.int64(14), np.int64(58), np.int64(0), np.int64(28), np.int64(61), np.int64(34), np.int64(12), np.int64(54), np.int64(63), np.int64(60), np.int64(20), np.int64(8), np.int64(49), np.int64(47), np.int64(35), np.int64(56), np.int64(39), np.int64(16), np.int64(34), np.int64(32), np.int64(15), np.int64(52), np.int64(42), np.int64(49), np.int64(59), np.int64(0), np.int64(38), np.int64(8), np.int64(21), np.int64(14), np.int64(21), np.int64(37), np.int64(50), np.int64(11), np.int64(4), np.int64(50), np.int64(17), np.int64(4), np.int64(39), np.int64(2), np.int64(61), np.int64(60), np.int64(14), np.int64(4), np.int64(4), np.int64(58), np.int64(27), np.int64(54), np.int64(39), np.int64(19), np.int64(30), np.int64(57)]","[np.int64(50), np.int64(1), np.int64(13), np.int64(58), np.int64(49), np.int64(63), np.int64(46), np.int64(18), np.int64(27), np.int64(50), np.int64(17), np.int64(17), np.int64(25), np.int64(46), np.int64(62), np.int64(49), np.int64(61), np.int64(60), np.int64(25), np.int64(1), np.int64(2), np.int64(45), np.int64(6), np.int64(33), np.int64(1), np.int64(49), np.int64(38), np.int64(22), np.int64(24), np.int64(25), np.int64(28), np.int64(27), np.int64(52), np.int64(19), np.int64(42), np.int64(33), np.int64(4), np.int64(22), np.int64(40), np.int64(42), np.int64(34), np.int64(0), np.int64(6), np.int64(51), np.int64(29), np.int64(14), np.int64(47), np.int64(34), np.int64(43), np.int64(57), np.int64(36), np.int64(55), np.int64(43), np.int64(31), np.int64(7), np.int64(40), np.int64(14), np.int64(26), np.int64(18), np.int64(50), np.int64(27), np.int64(47), np.int64(38), np.int64(54)]",False,False,0.0,0.0,"[ 7 55 55 20 51  5 36  5 22  7  7 48 53 60 53 55 19  7 39  5  7  5  5 60
 55 53 59 51 21 59 21  5 59 55 31 51  5 51 22 48 22 51 59 19 26 59 48 36
  5 36 48  5 21  5 50  5  7 22 19  5  5 51 21 36]","[ 7 31 55  9  7  5 36  5 22 59 55 60 60 60  7 55 60 21 28  5  7  5  5 51
  7 53 55 55 59 59 21  5 59 59 31 36  5 19 53 48 19 36 22 19 49 60  7 51
  5 36 22  5 51  5 26  5  7 48 31  5  5 60 53 51]",False,False,0.0,0.0,"[53 31 53 12 51  5 22  5 22 31  7 60 31 60 21 55 60 21 28  5 31  5  5 19
 31 55 31  7 21 59 21  5 59 55 31 51  5 19 21 36 19 31 22 19 16 21 21 19
  5 36 22  5 21  5 16  5 22 22 19  5  5 48 22 36]","[ 7 31 48 20 51  5 36  5 19  7 55 60 60 60 48 55 60 21 58  5  7  5  5 60
 48 53 31 55 21 59 21  5 59 55 31 36  5 53 60 36 19 60 22 19  8 60 60 36
  5 36  7  5 19  5  8  5  7 22 36  5  5 48  7 60]",False,False,0.0,0.0,1.0,0.0,0.0,25,0,0,1.0,0.0,0.0,25,0,0,1.0,0.0,0.0,25,0,0,1.0,0.0,0.0,25,0,0,1.0,0.0,0.0,25,0,0,1.0,0.0,0.0,25,0,0,0.04,0.0,0.0,1,0,0,0.04,0.0,0.0,1,0,0
[1 1 1 ... 1 0 1],29,"[29 29 29 62  7 62 61 29 29 62 30 28 18 34 29 62  0 27 29 29 60 37  1 19
 29 29 14 29 29 29 29 27  0 14 29  8 40 29 62  8 29 29 56  2 30 19  1 30
 29 58 19  8 19  1 27 14 29 27 29 58 29 29 29 34]","[29 29 29 62 14  1 25 29 29 41 24 27 18 34 29  7  8 37 29 29 60  8  1 19
 29 29 14 29 29 29 29  8  0 27 29 14  0 29  8  8 29 29 48 61 19 27 27 56
 29 25 61  8 30 27 30 27 29 27 29 18 29 29 29 40]",False,False,0.0,0.0,"[np.int64(22), np.int64(37), np.int64(42), np.int64(55), np.int64(11), np.int64(6), np.int64(44), np.int64(58), np.int64(47), np.int64(31), np.int64(1), np.int64(6), np.int64(13), np.int64(50), np.int64(31), np.int64(52), np.int64(49), np.int64(41), np.int64(12), np.int64(48), np.int64(35), np.int64(19), np.int64(39), np.int64(45), np.int64(26), np.int64(26), np.int64(42), np.int64(63), np.int64(38), np.int64(54), np.int64(35), np.int64(40), np.int64(32), np.int64(60), np.int64(9), np.int64(9), np.int64(2), np.int64(62), np.int64(2), np.int64(23), np.int64(14), np.int64(51), np.int64(32), np.int64(10), np.int64(16), np.int64(8), np.int64(34), np.int64(47), np.int64(16), np.int64(1), np.int64(45), np.int64(17), np.int64(60), np.int64(50), np.int64(55), np.int64(13), np.int64(59), np.int64(37), np.int64(20), np.int64(39), np.int64(58), np.int64(22), np.int64(4), np.int64(7)]","[np.int64(22), np.int64(18), np.int64(34), np.int64(54), np.int64(24), np.int64(43), np.int64(4), np.int64(33), np.int64(42), np.int64(58), np.int64(22), np.int64(9), np.int64(18), np.int64(21), np.int64(4), np.int64(54), np.int64(58), np.int64(57), np.int64(45), np.int64(20), np.int64(12), np.int64(52), np.int64(58), np.int64(12), np.int64(34), np.int64(55), np.int64(29), np.int64(27), np.int64(34), np.int64(0), np.int64(49), np.int64(51), np.int64(11), np.int64(11), np.int64(57), np.int64(24), np.int64(60), np.int64(39), np.int64(11), np.int64(3), np.int64(15), np.int64(48), np.int64(55), np.int64(57), np.int64(34), np.int64(42), np.int64(47), np.int64(34), np.int64(45), np.int64(56), np.int64(7), np.int64(49), np.int64(24), np.int64(11), np.int64(8), np.int64(62), np.int64(22), np.int64(34), np.int64(49), np.int64(36), np.int64(42), np.int64(46), np.int64(29), np.int64(33)]",False,False,0.0,0.0,"[29 29 29 40 48 62 61 29 29 19 19  8 25 56 29 56  2  8 29 29  8 37 37  7
 29 29  1 29 29 29 29 41 18 14 29 14  2 29  8  8 29 29 61  1 28 30  8 30
 29 34 56 14 27 56 27 61 29 28 29 18 29 29 29 61]","[29 29 29 24 27 37 61 29 29 41 30 61 41  7 29 56 60 37 29 29 58 37 19  0
 29 29 34 29 29 29 29 14  0  8 29 30 19 29 62  1 29 29 61  1 28 27 27 30
 29 58 61 14 41 25 27 37 29 25 29 19 29 29 29  2]",False,False,0.0,0.0,"[29 29 29 28  8  1  1 29 29 19  8  8 18  7 29  0  8  1 29 29 18  8  1 19
 29 29  2 29 29 29 29  8 18 14 29  8  0 29  8  1 29 29  0 18 19 27  8 30
 29 34 19 34 28 28 27 61 29 28 29 58 29 29 29 61]","[29 29 29 41 27 37 61 29 29 41 61 27 41  7 29  0  0 27 29 29 60 37 37  7
 29 29 27 29 29 29 29 27  0 27 29  7 62 29  8  1 29 29  0  1 27 27 27 56
 29 25 56 14 27 27 27 27 29 27 29 27 29 29 29  2]",False,False,0.0,0.0,1.0,0.0,0.0,25,0,0,1.0,0.0,0.0,25,0,0,1.0,0.0,0.0,25,0,0,1.0,0.0,0.0,25,0,0,1.0,0.0,0.0,25,0,0,1.0,0.0,0.0,25,0,0,0.04,0.0,0.0,1,0,0,0.04,0.0,0.0,1,0,0
[0 0 1 ... 0 0 1],47,"[25 34 26 26 48 51 18 21 26 26 30 48 44 34 26 43 54 45 47 37 34 58 26 28
 54 47 47 44 47 54 47 34 30 44 47 58 48 30 34 18 34 58 54 47 47 30 26 47
 47 48 44 43 48 48 47 44 48 54 47 48 54 43 28 25]","[25 25 28 44 48  1 34 51 26 44 30 28 44 54 26 30 34  9 47 33 44 30 18 43
 44 47 47 44 47 30 47 34 54 43 47 58 26 43 34 54 34 58 34 47 47 30 34 47
 47 48 44 30 48 34 47 28 58 44 47 48 26 28 44 54]",False,False,0.0,0.0,"[np.int64(33), np.int64(32), np.int64(18), np.int64(38), np.int64(1), np.int64(23), np.int64(16), np.int64(37), np.int64(13), np.int64(31), np.int64(21), np.int64(47), np.int64(11), np.int64(27), np.int64(55), np.int64(61), np.int64(55), np.int64(38), np.int64(29), np.int64(16), np.int64(26), np.int64(14), np.int64(20), np.int64(29), np.int64(24), np.int64(24), np.int64(35), np.int64(22), np.int64(61), np.int64(1), np.int64(48), np.int64(11), np.int64(5), np.int64(37), np.int64(3), np.int64(13), np.int64(27), np.int64(25), np.int64(9), np.int64(58), np.int64(52), np.int64(27), np.int64(45), np.int64(51), np.int64(40), np.int64(50), np.int64(20), np.int64(4), np.int64(23), np.int64(21), np.int64(38), np.int64(35), np.int64(10), np.int64(61), np.int64(2), np.int64(1), np.int64(50), np.int64(15), np.int64(49), np.int64(14), np.int64(45), np.int64(11), np.int64(52), np.int64(49)]","[np.int64(58), np.int64(50), np.int64(34), np.int64(41), np.int64(63), np.int64(55), np.int64(15), np.int64(39), np.int64(27), np.int64(54), np.int64(28), np.int64(0), np.int64(56), np.int64(13), np.int64(30), np.int64(15), np.int64(43), np.int64(24), np.int64(4), np.int64(61), np.int64(4), np.int64(39), np.int64(48), np.int64(10), np.int64(17), np.int64(2), np.int64(29), np.int64(45), np.int64(30), np.int64(12), np.int64(10), np.int64(62), np.int64(35), np.int64(55), np.int64(30), np.int64(28), np.int64(48), np.int64(51), np.int64(63), np.int64(57), np.int64(11), np.int64(32), np.int64(38), np.int64(60), np.int64(50), np.int64(56), np.int64(51), np.int64(23), np.int64(34), np.int64(40), np.int64(16), np.int64(5), np.int64(57), np.int64(30), np.int64(43), np.int64(7), np.int64(18), np.int64(8), np.int64(25), np.int64(12), np.int64(1), np.int64(0), np.int64(51), np.int64(0)]",False,False,0.0,0.0,"[25 58 26 26 28  4 34  8 43 44 44 28 44 25 30 30 28  9 47 24 44 44 26 28
 44 47 47 34 47 28 47 34 30 43 47 58 28 43 18 25 34 43 43 47 47 25 26 47
 47 48 44 34 48 58 47 26 43 44 47 43 48 43 44 54]","[25 58 26 26 48 40 28 57 26 54 44 25 44 34 26 30 34 11 47 33 43 30 26 43
 30 47 47 34 47 28 47 18 54 43 47 58 18 43 34 28 26 43 18 47 47 30 28 47
 47 48 34 34 26 43 47 26 58 44 47 58 18 43 28 48]",False,False,0.0,0.0,"[25 25 28 44 34 20 28 14 26 54 30 28 44 54 30 30 28  8 47  1 44 30 26 28
 25 47 47 44 47 30 47 18 30 43 47 58 26 43 43 28 26 43 43 47 47 30 26 47
 47 44 44 30 28 44 47 18 48 44 47 43 26 28 28 18]","[25 34 26 28 34  1 34 57 43 34 30 48 44 34 26 43 34 23 47 33 34 44 26 43
 48 47 47 34 47 30 47 34 54 34 47 58 26 43 34 18 34 43 34 47 47 25 26 47
 47 34 34 30 48 34 47 18 43 44 47 43 48 43 28 48]",False,False,0.0,0.0,1.0,0.0,0.0,25,0,0,1.0,0.0,0.0,25,0,0,1.0,0.0,0.0,25,0,0,1.0,0.0,0.0,25,0,0,1.0,0.0,0.0,25,0,0,1.0,0.0,0.0,25,0,0,0.04,0.0,0.0,1,0,0,0.04,0.0,0.0,1,0,0
[0 0 1 ... 1 0 0],38,"[50 26 37 54 26 38  5 58 38 15 17 19 13 38 26 38 28 38 19 38 53 54 17  8
  5 19 38  5 38 28 28 54 13 38 15 37 13 38 38 15 17 33 50 53 17  5 38 28
 46  8 38 13 28 38 38 46 26 17 38 26 38 28 58 17]","[50 50 37 13 26 38 37 50 38 15 15 26 54 38 26 38 28 38 15 38 53 54 17 33
 50 13 38  5 38 15 28 60 13 38 19 17 13 38 38 15 37 50 50 53 19 37 38 50
 13  8 38 28 54 38 38 54 13 33 38 58 38 28 60 17]",False,False,0.0,0.0,"[np.int64(23), np.int64(3), np.int64(30), np.int64(14), np.int64(5), np.int64(31), np.int64(4), np.int64(41), np.int64(7), np.int64(6), np.int64(13), np.int64(31), np.int64(23), np.int64(22), np.int64(13), np.int64(19), np.int64(38), np.int64(35), np.int64(41), np.int64(39), np.int64(19), np.int64(51), np.int64(58), np.int64(56), np.int64(21), np.int64(33), np.int64(44), np.int64(34), np.int64(11), np.int64(41), np.int64(41), np.int64(33), np.int64(26), np.int64(12), np.int64(34), np.int64(44), np.int64(25), np.int64(36), np.int64(5), np.int64(31), np.int64(47), np.int64(37), np.int64(47), np.int64(43), np.int64(41), np.int64(43), np.int64(46), np.int64(19), np.int64(11), np.int64(25), np.int64(57), np.int64(8), np.int64(36), np.int64(0), np.int64(18), np.int64(19), np.int64(44), np.int64(0), np.int64(59), np.int64(34), np.int64(17), np.int64(6), np.int64(7), np.int64(34)]","[np.int64(41), np.int64(12), np.int64(62), np.int64(37), np.int64(43), np.int64(9), np.int64(10), np.int64(5), np.int64(42), np.int64(4), np.int64(19), np.int64(53), np.int64(11), np.int64(49), np.int64(53), np.int64(13), np.int64(20), np.int64(27), np.int64(58), np.int64(34), np.int64(13), np.int64(33), np.int64(53), np.int64(21), np.int64(6), np.int64(61), np.int64(3), np.int64(8), np.int64(3), np.int64(59), np.int64(62), np.int64(27), np.int64(10), np.int64(61), np.int64(8), np.int64(47), np.int64(29), np.int64(33), np.int64(41), np.int64(32), np.int64(2), np.int64(55), np.int64(22), np.int64(23), np.int64(0), np.int64(8), np.int64(45), np.int64(19), np.int64(21), np.int64(18), np.int64(51), np.int64(30), np.int64(54), np.int64(56), np.int64(49), np.int64(63), np.int64(22), np.int64(33), np.int64(30), np.int64(1), np.int64(30), np.int64(27), np.int64(33), np.int64(21)]",False,False,0.0,0.0,"[13 19 37 54 26 38 15 58 38 54 15 28  5 38 26 38  8 38 15 38 26 54  5  8
 28 19 38 19 38 28 60 54 13 38 13 13 13 38 38 17 17 33 17 53 17 37 38 19
 46  8 38 13 53 38 38 54 60 17 38 28 38 50 60 17]","[50 26 37 54 53 38 37 50 38 54 15 26 54 38 26 38 37 38 15 38 26 60 17 33
 19 19 38  5 38 28 19 60 13 38 53 17 37 38 38 17 50 50 53 60 50 37 38 19
 53 37 38 26 53 38 38 54 60 33 38 28 38 53 58 60]",False,False,0.0,0.0,"[13  8 37 13  8 38  5 33 38 15 17 28  5 38 26 38  8 38 15 38  8 46 17  8
 50 13 38 19 38 15 19 46 33 38 15 17 13 38 38 17 17 26 17 60 17  5 38 28
 13 37 38 28 28 38 38 46 60 46 38 28 38 60 58 60]","[13  5 37 13 26 38 15 50 38 15 17 26  5 38 26 38  8 38 19 38 26 54 17 33
 19 13 38 19 38 15 60 46 13 38 13 13 13 38 38 15 46 50 17 60 19 37 38 50
 13  8 38 28 17 38 38 54 33 33 38 13 38 50 60 17]",False,False,0.0,0.0,1.0,0.0,0.0,25,0,0,1.0,0.0,0.0,25,0,0,1.0,0.0,0.0,25,0,0,1.0,0.0,0.0,25,0,0,1.0,0.0,0.0,25,0,0,1.0,0.0,0.0,25,0,0,0.04,0.0,0.0,1,0,0,0.04,0.0,0.0,1,0,0
[0 1 1 ... 0 0 0],56,"[49 56 10 44 53 56 43 22 35 56 56 46 51  1  5 46 10 56  5 43 35 56 56  1
 60 60 21  1 56  9 21  5  9 37 46 56 44 56 43 51 37 17  9 56 56 43 56 22
 28 56 17 56 35 56 51 28 56 51  5 10 56 28 44 53]","[51 56 44 46 53 56 43 22 46 56 56 10 21 17 22 21 51 56 28 60 43 56 56 43
  5  1 21 21 56 37 44 37 28 28 46 56 28 56 44 10 37 37 53 56 56 46 56 49
 10 56 17 56 35 56  9 28 56  1 10 10 56 28 53 53]",False,False,0.0,0.0,"[np.int64(5), np.int64(2), np.int64(15), np.int64(48), np.int64(29), np.int64(33), np.int64(8), np.int64(47), np.int64(47), np.int64(37), np.int64(37), np.int64(20), np.int64(9), np.int64(15), np.int64(38), np.int64(46), np.int64(8), np.int64(5), np.int64(39), np.int64(9), np.int64(55), np.int64(61), np.int64(56), np.int64(35), np.int64(26), np.int64(57), np.int64(61), np.int64(5), np.int64(10), np.int64(5), np.int64(56), np.int64(45), np.int64(5), np.int64(27), np.int64(7), np.int64(40), np.int64(52), np.int64(25), np.int64(11), np.int64(42), np.int64(38), np.int64(56), np.int64(3), np.int64(28), np.int64(51), np.int64(19), np.int64(3), np.int64(7), np.int64(22), np.int64(62), np.int64(38), np.int64(20), np.int64(6), np.int64(40), np.int64(26), np.int64(1), np.int64(56), np.int64(35), np.int64(15), np.int64(5), np.int64(1), np.int64(15), np.int64(37), np.int64(16)]","[np.int64(18), np.int64(61), np.int64(0), np.int64(45), np.int64(16), np.int64(46), np.int64(33), np.int64(60), np.int64(27), np.int64(30), np.int64(41), np.int64(40), np.int64(58), np.int64(22), np.int64(44), np.int64(51), np.int64(53), np.int64(59), np.int64(46), np.int64(7), np.int64(60), np.int64(27), np.int64(47), np.int64(3), np.int64(47), np.int64(51), np.int64(59), np.int64(37), np.int64(24), np.int64(18), np.int64(12), np.int64(23), np.int64(58), np.int64(41), np.int64(36), np.int64(33), np.int64(14), np.int64(45), np.int64(10), np.int64(47), np.int64(22), np.int64(36), np.int64(14), np.int64(15), np.int64(46), np.int64(20), np.int64(61), np.int64(27), np.int64(8), np.int64(45), np.int64(0), np.int64(36), np.int64(22), np.int64(11), np.int64(24), np.int64(0), np.int64(19), np.int64(29), np.int64(13), np.int64(41), np.int64(19), np.int64(51), np.int64(36), np.int64(35)]",False,False,0.0,0.0,"[ 1 56 44 21 44 56 43 53 21 56 56 10 51 37  5 46 10 56  1 51 53 56 56 22
 17  5 43 22 56 53 60 21 60 49 46 56 28 56 21 10 37 17 22 56 56 43 56 22
 49 56 17 56 22 56 46 46 56 43 53 44 56 28 28 53]","[ 1 56 10 21 53 56 43 22 46 56 56 46 49 43 22 46 10 56  1 37 53 56 56 17
 21 60 21 21 56 37 44  5 28 49 46 56 22 56 21 49 37  1  9 56 56  1 56 49
 21 56 17 56 35 56  9  5 56 60 10 46 56 28 22 53]",False,False,0.0,0.0,"[ 1 56  9  1  1 56 43 22  1 56 56 10 35  1  5 21 10 56  5  9 17 56 56 17
  5  5  1  1 56  9 21  5  9  5  1 56 28 56  5 10 37  5  9 56 56 46 56 22
 28 56 37 56 35 56 51 37 56 53 46 60 56 28 44 53]","[ 1 56 10 44  1 56 43 53 46 56 56 10 21 17  5 21 10 56  1  9 21 56 56 17
 21 44 21 10 56  9 44  5 28 21  1 56 28 56 43 10 37 17 21 56 56  1 56 22
 10 56 17 56  1 56  9 17 56  1 10 44 56 28 21 53]",False,False,0.0,0.0,1.0,0.0,0.0,25,0,0,1.0,0.0,0.0,25,0,0,1.0,0.0,0.0,25,0,0,1.0,0.0,0.0,25,0,0,1.0,0.0,0.0,25,0,0,1.0,0.0,0.0,25,0,0,0.04,0.0,0.0,1,0,0,0.04,0.0,0.0,1,0,0
[1 1 0 ... 0 1 1],37,"[26 37 54 44 54 37  1 60  5 40 44 37 18  5 37 47  1 47 37 40 47 47 14 36
 36 54 37 44 40 54 47 40  5 36 48 14 37 37 59 50 37 59 14 54 37 50 18 37
 37 36 37 47 14 18 37 50 44 36  5 37 37 18 59 59]","[47 37 50 59 54 37 36 47  5  5 14 37 14  5 37  1 50  5 37  5 26 18  1 60
 36 40 37 40 59 50  1 40  5 18 14 36 37 37 59 11 37 47 48 54 37  5 18 37
 37 36 37 18 36 14 37 44  1 54  5 37 37 44 59  1]",False,False,0.0,0.0,"[np.int64(63), np.int64(45), np.int64(25), np.int64(1), np.int64(9), np.int64(52), np.int64(49), np.int64(16), np.int64(39), np.int64(40), np.int64(48), np.int64(45), np.int64(13), np.int64(16), np.int64(19), np.int64(46), np.int64(18), np.int64(6), np.int64(35), np.int64(34), np.int64(9), np.int64(63), np.int64(7), np.int64(35), np.int64(44), np.int64(28), np.int64(58), np.int64(25), np.int64(27), np.int64(57), np.int64(3), np.int64(61), np.int64(18), np.int64(31), np.int64(43), np.int64(32), np.int64(11), np.int64(28), np.int64(42), np.int64(58), np.int64(45), np.int64(35), np.int64(24), np.int64(25), np.int64(37), np.int64(34), np.int64(43), np.int64(16), np.int64(59), np.int64(43), np.int64(15), np.int64(38), np.int64(31), np.int64(28), np.int64(22), np.int64(5), np.int64(9), np.int64(44), np.int64(39), np.int64(26), np.int64(63), np.int64(22), np.int64(53), np.int64(61)]","[np.int64(48), np.int64(26), np.int64(6), np.int64(42), np.int64(61), np.int64(30), np.int64(53), np.int64(1), np.int64(7), np.int64(58), np.int64(6), np.int64(32), np.int64(14), np.int64(49), np.int64(58), np.int64(50), np.int64(28), np.int64(50), np.int64(16), np.int64(26), np.int64(21), np.int64(12), np.int64(42), np.int64(10), np.int64(24), np.int64(14), np.int64(48), np.int64(0), np.int64(50), np.int64(62), np.int64(17), np.int64(31), np.int64(63), np.int64(30), np.int64(23), np.int64(17), np.int64(9), np.int64(63), np.int64(36), np.int64(44), np.int64(40), np.int64(16), np.int64(30), np.int64(44), np.int64(25), np.int64(35), np.int64(7), np.int64(53), np.int64(24), np.int64(7), np.int64(56), np.int64(58), np.int64(54), np.int64(55), np.int64(56), np.int64(52), np.int64(48), np.int64(16), np.int64(43), np.int64(28), np.int64(52), np.int64(26), np.int64(39), np.int64(16)]",False,False,0.0,0.0,"[47 37 50 44 48 37 36 60 50 48 44 37 14 40 37 48 50 47 37  5 47 47 44 36
 36 47 37 48  1 47 47 40 11 40 48 36 37 37  5 48 37 59 44 54 37 50 18 37
 37 36 37 26 47 26 37 47 44 36  5 37 37 18 36 59]","[47 37 36 59 36 37  1 40  5 44 14 37 54  5 37 47  1  5 37 40 26 59 44 36
 36 47 37 14  1 54  1 36  5 40 48  1 37 37  5 11 37 59 47 54 37 50 18 37
 37 36 37 50 14 44 37 59 44 54  5 37 37 18 36 48]",False,False,0.0,0.0,"[ 1 37  1 44 18 37  5 11 11  5 14 37 18  5 37  1  1  5 37  5  5 18  1 11
 36 11 37 14 18 47  1  5  5 18 14  1 37 37  5 18 37 47 14 54 37  5 18 37
 37 36 37 18 47 44 37 50 44 54  5 37 37 44 59 59]","[ 1 37 36 59 18 37  1 40 44 36 36 37 18  5 37  1 54 14 37  5 48 18  1 36
 36 50 37 44 50 50  1 36  5 50  1  1 37 37 59 18 37 59 44 54 37 50 18 37
 37 36 37 40 47 18 37 44  1 47  5 37 37 18  5  1]",False,False,0.0,0.0,1.0,0.0,0.0,25,0,0,1.0,0.0,0.0,25,0,0,1.0,0.0,0.0,25,0,0,1.0,0.0,0.0,25,0,0,1.0,0.0,0.0,25,0,0,1.0,0.0,0.0,25,0,0,0.04,0.0,0.0,1,0,0,0.04,0.0,0.0,1,0,0
[1 0 0 ... 0 1 1],48,"[48 42 48 48 56 52 18 18 18  3 48 41 48 48 42  2 42 52 48  2 45 54 50 56
 50 52 12 48 48 13 60 18  2 56 42 41 60 42 50 12 18 48 48  2  0 48 10  2
 48 27 48 10 48 45 48 13 48 48 48 58 48  3 58 52]","[48 41 48 48  0 42 52 13 10  3 48  2 48 48 52  2 42 50 48 41 45 13 10 56
 18 13 27 48 48 52 27 28 42 18 42 58 13 45 50 12 57 48 48 52  0 48 27 56
 48 42 48 10 48  2 48 50 48 48 48 52 48 60 56 45]",False,False,0.0,0.0,"[np.int64(6), np.int64(38), np.int64(24), np.int64(4), np.int64(24), np.int64(33), np.int64(50), np.int64(30), np.int64(10), np.int64(50), np.int64(50), np.int64(59), np.int64(31), np.int64(43), np.int64(37), np.int64(21), np.int64(1), np.int64(50), np.int64(38), np.int64(3), np.int64(4), np.int64(59), np.int64(45), np.int64(26), np.int64(32), np.int64(2), np.int64(37), np.int64(25), np.int64(13), np.int64(3), np.int64(34), np.int64(7), np.int64(1), np.int64(55), np.int64(59), np.int64(20), np.int64(53), np.int64(30), np.int64(63), np.int64(27), np.int64(2), np.int64(8), np.int64(40), np.int64(38), np.int64(18), np.int64(37), np.int64(48), np.int64(52), np.int64(55), np.int64(50), np.int64(48), np.int64(59), np.int64(37), np.int64(40), np.int64(32), np.int64(24), np.int64(44), np.int64(2), np.int64(31), np.int64(13), np.int64(49), np.int64(46), np.int64(32), np.int64(38)]","[np.int64(24), np.int64(9), np.int64(4), np.int64(63), np.int64(42), np.int64(11), np.int64(52), np.int64(39), np.int64(58), np.int64(63), np.int64(27), np.int64(11), np.int64(30), np.int64(1), np.int64(20), np.int64(49), np.int64(44), np.int64(54), np.int64(25), np.int64(49), np.int64(25), np.int64(61), np.int64(45), np.int64(16), np.int64(26), np.int64(24), np.int64(50), np.int64(13), np.int64(54), np.int64(3), np.int64(49), np.int64(4), np.int64(20), np.int64(30), np.int64(47), np.int64(59), np.int64(55), np.int64(61), np.int64(2), np.int64(33), np.int64(44), np.int64(40), np.int64(55), np.int64(16), np.int64(30), np.int64(38), np.int64(63), np.int64(12), np.int64(1), np.int64(54), np.int64(45), np.int64(49), np.int64(20), np.int64(5), np.int64(37), np.int64(30), np.int64(31), np.int64(36), np.int64(4), np.int64(31), np.int64(16), np.int64(59), np.int64(33), np.int64(40)]",False,False,0.0,0.0,"[48 41 48 48 56 12 12 18 13 28 48  2 48 48 28  2 28 42 48 58  3 45 50  2
 28 13 12 48 48 56 41 50  2 28 12 45  3 10 54 42 18 48 48 45 28 48 27  2
 48 13 48  3 48  3 48 18 48 48 48 18 48  2 58 52]","[48 41 48 48  0 42 13 27 41 52 48 50 48 48 52 12 42 52 48 42 60 13 50 45
 18 13 12 48 48 52 27 28 42 54 52 58  3 10 54 42 18 48 48  2 54 48 60 57
 48 27 48  3 48 50 48 50 48 48 48 45 48  2 58  2]",False,False,0.0,0.0,"[48 18 48 48  0  2 12 27 10  3 48  2 48 48  3  0 13 10 48  2  2 13 10  2
  2 10 27 48 48 45 27 28  2 28  3 10  3 10 18 12 18 48 48  2  0 48  2  2
 48 13 48 10 48 45 48 57 48 48 48 45 48 60 57 52]","[48 41 48 48  0 52 13 13 42 52 48 50 48 48 52 10 42 52 48 41 10 13 10 42
  2 13 27 48 48 13 41  2 42 54 52 41 13 42 50 42 18 48 48 52 10 48 60 57
 48 42 48 10 48 45 48 13 48 48 48 52 48  3 56 52]",False,False,0.0,0.0,1.0,0.0,0.0,25,0,0,1.0,0.0,0.0,25,0,0,1.0,0.0,0.0,25,0,0,1.0,0.0,0.0,25,0,0,1.0,0.0,0.0,25,0,0,1.0,0.0,0.0,25,0,0,0.04,0.0,0.0,1,0,0,0.04,0.0,0.0,1,0,0
[1 0 0 ... 0 0 1],25,"[23 31 25  4 25 25 31 30 25  4  4 59 29 59 62 25 30  8  5 31 23 31 29 25
 44 25  8  8 44 25 25 25  2 15  2 15 31 25 45 37 23  4 15 37 25 25 62 23
 29  5  4 31 44  4 25 62 29  4  4 25 59 29 25 23]","[62  4 25  4 25 25 31 30 25 29 23  2 59 59  4 25 54  8 44  4 23  4  8 25
 30 25 44 29 30 25 25 25  5  8  2 23  4 25 45 45 62  8 44 59 25 25 62 62
 30 15  5 30  4 30 25 54 62  8 23 25 15 62 25  5]",False,False,0.0,0.0,"[np.int64(47), np.int64(36), np.int64(55), np.int64(61), np.int64(31), np.int64(62), np.int64(9), np.int64(17), np.int64(49), np.int64(31), np.int64(40), np.int64(4), np.int64(43), np.int64(16), np.int64(8), np.int64(28), np.int64(43), np.int64(49), np.int64(22), np.int64(35), np.int64(57), np.int64(52), np.int64(33), np.int64(53), np.int64(48), np.int64(13), np.int64(13), np.int64(21), np.int64(17), np.int64(48), np.int64(60), np.int64(15), np.int64(35), np.int64(61), np.int64(32), np.int64(21), np.int64(57), np.int64(36), np.int64(11), np.int64(53), np.int64(51), np.int64(49), np.int64(43), np.int64(36), np.int64(32), np.int64(2), np.int64(55), np.int64(49), np.int64(33), np.int64(1), np.int64(30), np.int64(17), np.int64(31), np.int64(57), np.int64(18), np.int64(50), np.int64(3), np.int64(22), np.int64(17), np.int64(47), np.int64(52), np.int64(28), np.int64(37), np.int64(9)]","[np.int64(17), np.int64(58), np.int64(45), np.int64(44), np.int64(26), np.int64(42), np.int64(45), np.int64(16), np.int64(30), np.int64(29), np.int64(43), np.int64(24), np.int64(38), np.int64(60), np.int64(34), np.int64(24), np.int64(63), np.int64(21), np.int64(62), np.int64(30), np.int64(60), np.int64(13), np.int64(37), np.int64(13), np.int64(53), np.int64(21), np.int64(13), np.int64(12), np.int64(6), np.int64(47), np.int64(41), np.int64(25), np.int64(52), np.int64(5), np.int64(60), np.int64(59), np.int64(13), np.int64(28), np.int64(22), np.int64(41), np.int64(36), np.int64(10), np.int64(46), np.int64(60), np.int64(35), np.int64(40), np.int64(50), np.int64(57), np.int64(6), np.int64(51), np.int64(62), np.int64(0), np.int64(18), np.int64(63), np.int64(12), np.int64(6), np.int64(13), np.int64(55), np.int64(9), np.int64(30), np.int64(7), np.int64(54), np.int64(53), np.int64(3)]",False,False,0.0,0.0,"[23 31 25 54 25 25 54 30 25 31  4 59 29  8 37 25 54  8 37 29 23  4  8 25
  4 25  5 29 44 25 25 25  2 23  2 23 31 25 15  8 62 54 44 37 25 25 54 30
 29 37  4 31 44  4 25 54 29  4 54 25  4 29 25 23]","[62 62 25 54 25 25 31 30 25 31 37 29 29 31 44 25 30  8 37 31 37 23  4 25
 30 25  8  2 30 25 25 25  2 30  2 23  4 25 23 37 30  8 15 54 25 25 54 62
 30 15  5 44 44 30 25  2 62  5 23 25  5 54 25 15]",False,False,0.0,0.0,"[ 5  4 25 15 25 25 31  5 25  4 23  2 29  8  4 25 30  8 37 15 23  8  8 25
  4 25  8  2 30 25 25 25  2  2  2 15  4 25 23  8  5  8  2 23 25 25 62  8
 30 37 45 31 44 29 25 54 62 44 54 25 59 54 25 15]","[23 62 25 15 25 25 31 30 25  4 62 54 29  8 44 25 30 44 44 15 23 23  8 25
 30 25 44  2 30 25 25 25  2 30  8 15  4 25 15  8 30  5 15 54 25 25 62  8
 30 15  5 44 44 30 25 62 37 44 23 25 15 62 25 15]",False,False,0.0,0.0,1.0,0.0,0.0,25,0,0,1.0,0.0,0.0,25,0,0,1.0,0.0,0.0,25,0,0,1.0,0.0,0.0,25,0,0,1.0,0.0,0.0,25,0,0,1.0,0.0,0.0,25,0,0,0.04,0.0,0.0,1,0,0,0.04,0.0,0.0,1,0,0
[0 1 0 ... 0 1 1],17,"[24 17 29 46 18 11 24 27  9 17 38 17  9 46  9 29  9 17 24 23 16  1  9 17
 17 27 29 17 27 17 50 24 24 55 46  1 29 46 17 46 23  1 24 55 29 11 17 36
 11 27 24 11 46 11 23 17 24 11 27  1 29  6  9 46]","[ 1 17 29 55  5 24 46  9  9 17 38 17 24 27  9 24 24 17 24 23 40  1 29 17
 17 27 24 17 24 17 62 24 24 24 24  1 29 38 17  9  1  1 38 27 24 11 17  3
 11 11 24 23 24  1 23 17 24 11 46  1 11 37 23 46]",False,False,0.0,0.0,"[np.int64(13), np.int64(27), np.int64(15), np.int64(63), np.int64(19), np.int64(10), np.int64(5), np.int64(35), np.int64(41), np.int64(5), np.int64(36), np.int64(49), np.int64(52), np.int64(1), np.int64(1), np.int64(8), np.int64(4), np.int64(12), np.int64(50), np.int64(55), np.int64(43), np.int64(33), np.int64(49), np.int64(6), np.int64(53), np.int64(39), np.int64(48), np.int64(7), np.int64(46), np.int64(39), np.int64(61), np.int64(37), np.int64(56), np.int64(19), np.int64(45), np.int64(43), np.int64(55), np.int64(47), np.int64(22), np.int64(20), np.int64(42), np.int64(20), np.int64(17), np.int64(5), np.int64(30), np.int64(14), np.int64(52), np.int64(50), np.int64(11), np.int64(32), np.int64(8), np.int64(50), np.int64(7), np.int64(45), np.int64(46), np.int64(53), np.int64(27), np.int64(29), np.int64(0), np.int64(60), np.int64(10), np.int64(58), np.int64(59), np.int64(10)]","[np.int64(52), np.int64(8), np.int64(38), np.int64(54), np.int64(4), np.int64(9), np.int64(47), np.int64(54), np.int64(59), np.int64(34), np.int64(51), np.int64(62), np.int64(46), np.int64(34), np.int64(63), np.int64(6), np.int64(19), np.int64(55), np.int64(15), np.int64(29), np.int64(47), np.int64(29), np.int64(11), np.int64(38), np.int64(22), np.int64(45), np.int64(16), np.int64(55), np.int64(57), np.int64(46), np.int64(24), np.int64(13), np.int64(48), np.int64(63), np.int64(53), np.int64(15), np.int64(27), np.int64(39), np.int64(59), np.int64(43), np.int64(40), np.int64(31), np.int64(46), np.int64(18), np.int64(55), np.int64(41), np.int64(47), np.int64(1), np.int64(33), np.int64(61), np.int64(33), np.int64(61), np.int64(39), np.int64(33), np.int64(4), np.int64(43), np.int64(13), np.int64(20), np.int64(20), np.int64(18), np.int64(55), np.int64(15), np.int64(39), np.int64(47)]",False,False,0.0,0.0,"[ 1 17 55 38 53 29  9 27  9 17 38 17 38 46 11 46  9 17 24 38 16  1 29 17
 17 27 23 17 24 17 44 24 24 27 46  1 29 29 17 24 23  1  9 24 11  1 17 14
 11  9  9 27 46 11 23 17 23 11 23  1 29 37 29 46]","[ 1 17 29 46  6 27 46  9  9 17 38 17 38 46  9 24  1 17 11 23 15  1  9 17
 17 27 24 17 24 17 50 55 29 24 46  1 29 29 17 46 23  1  9 55 24 23 17 52
 11  9  9 27 46  1 23 17 23 11 55  1 11 43 23 46]",False,False,0.0,0.0,"[24 17 29 55 13 29 46 27  9 17 38 17  9 38  9 29 23 17 24 23 28  1 23 17
 17 11 23 17 27 17  7 24 29 55 46  1 29 38 17  9 23  1  9 55 29 11 17  3
 11  9  9 23 23 11 23 17 23 11 55  1 29 58 23 29]","[ 1 17 55 27 53 24 46  9  9 17 38 17 38 38  9 24  1 17 24  1 28  1 46 17
 17 27 24 17 24 17 45 24 24 55 24  1 29  1 17 46  1  1 38 55 24  1 17 52
 11 46 24 23 46  1 38 17 24 11 46  1 29 37 23 38]",False,False,0.0,0.0,1.0,0.0,0.0,25,0,0,1.0,0.0,0.0,25,0,0,1.0,0.0,0.0,25,0,0,1.0,0.0,0.0,25,0,0,1.0,0.0,0.0,25,0,0,1.0,0.0,0.0,25,0,0,0.04,0.0,0.0,1,0,0,0.04,0.0,0.0,1,0,0
[1 0 1 ... 1 0 0],6,"[36  6 35 35 35 14  6 14 22  6 38 26 20 47  6 59 62 36 38 57  6 26  6 36
 39 39  6 39 36 36 59 38 47  9 14  6  6 57  6  6 35 36 47  9 20 38 50  6
 36 47  6 36 57 39  1  9 62  6  9  6 62 35  6 14]","[14  6 35 35 57 14  6 14 14  6 50 14 57 50  6  9 62 36 59 57  6 20  6 26
 62 26  6 39 36 36 59 50 14 14 50  6  6 47  6  6  9 36 50  9 20 38 50  6
 47 20  6 36 38 39 38  1 50  6 36  6  9 36  6  1]",False,False,0.0,0.0,"[np.int64(30), np.int64(20), np.int64(37), np.int64(15), np.int64(48), np.int64(28), np.int64(1), np.int64(10), np.int64(13), np.int64(56), np.int64(33), np.int64(53), np.int64(37), np.int64(32), np.int64(14), np.int64(26), np.int64(47), np.int64(42), np.int64(6), np.int64(33), np.int64(34), np.int64(32), np.int64(61), np.int64(44), np.int64(62), np.int64(10), np.int64(23), np.int64(44), np.int64(11), np.int64(50), np.int64(40), np.int64(11), np.int64(13), np.int64(53), np.int64(41), np.int64(31), np.int64(30), np.int64(42), np.int64(15), np.int64(35), np.int64(57), np.int64(45), np.int64(26), np.int64(23), np.int64(23), np.int64(22), np.int64(0), np.int64(47), np.int64(63), np.int64(59), np.int64(60), np.int64(18), np.int64(53), np.int64(5), np.int64(7), np.int64(47), np.int64(28), np.int64(28), np.int64(40), np.int64(36), np.int64(58), np.int64(54), np.int64(39), np.int64(1)]","[np.int64(52), np.int64(43), np.int64(8), np.int64(1), np.int64(12), np.int64(26), np.int64(58), np.int64(16), np.int64(2), np.int64(46), np.int64(28), np.int64(2), np.int64(45), np.int64(35), np.int64(38), np.int64(49), np.int64(36), np.int64(61), np.int64(52), np.int64(3), np.int64(44), np.int64(42), np.int64(43), np.int64(20), np.int64(37), np.int64(25), np.int64(39), np.int64(42), np.int64(58), np.int64(25), np.int64(6), np.int64(62), np.int64(7), np.int64(59), np.int64(39), np.int64(33), np.int64(1), np.int64(44), np.int64(61), np.int64(60), np.int64(33), np.int64(24), np.int64(19), np.int64(17), np.int64(63), np.int64(46), np.int64(41), np.int64(57), np.int64(9), np.int64(20), np.int64(57), np.int64(25), np.int64(10), np.int64(23), np.int64(38), np.int64(45), np.int64(63), np.int64(15), np.int64(28), np.int64(9), np.int64(1), np.int64(14), np.int64(63), np.int64(24)]",False,False,0.0,0.0,"[57  6 35 35 14 14  6 14 22  6 50 35 47 14  6 59 50 62 59 57  6 35  6 59
 22 26  6 59 36 36 59 22 39 57 38  6  6 36  6  6 38 20 26  9 20 38 50  6
 39 22  6 36 14 39  1 22 50  6  9  6  9 35  6 14]","[57  6 35 35 14 14  6 14 50  6 50 57 47 14  6  1 50 36 38 57  6 20  6 59
 62 14  6 39 36 36  1  1 39 14 38  6  6 47  6  6  9 20 50 62 47 39 50  6
 36 36  6 36 59 39 38 36 62  6 47  6 62 36  6 47]",False,False,0.0,0.0,"[36  6 35 35 20  9  6 14 22  6 38 26  1  1  6  1  9 26 38 57  6 20  6 22
 22 26  6 39 36 36  1  1  1  1  1  6  6 22  6  6  9 20 26  9  9 38 50  6
 39 26  6 47 47 39 39 47 62  6 47  6 62 35  6 47]","[36  6 35 35 14 14  6 50 50  6 50 14 36 50  6  9  9 36 38 57  6 47  6 36
  9 14  6 39 36 36  1  1  1 57 57  6  6 36  6  6 14 36 47  9 47 38 50  6
 36 47  6 36 14 39 36 36 50  6 36  6  9 36  6  1]",False,False,0.0,0.0,1.0,0.0,0.0,25,0,0,1.0,0.0,0.0,25,0,0,1.0,0.0,0.0,25,0,0,1.0,0.0,0.0,25,0,0,1.0,0.0,0.0,25,0,0,1.0,0.0,0.0,25,0,0,0.04,0.0,0.0,1,0,0,0.04,0.0,0.0,1,0,0
[1 1 1 ... 1 0 1],29,"[29 29 29 24  8 48 25 29 29 19 19 62 41  7 29  0 19  7 29 29 60 37 19 56
 29 29  1 29 29 29 29 14  0 30 29  8 19 29 62  8 29 29  0  1 27  7  8 30
 29 60 19 58 27 34 27 19 29 48 29 14 29 29 29 24]","[29 29 29 41  7 40 61 29 29 58 61 61 41 56 29  0 60 41 29 29 60  8 34  7
 29 29 34 29 29 29 29 18  2 27 29 14 62 29 62  8 29 29  0 18 30 27 40 30
 29 34 56 14 27 25 41 27 29 28 29 30 29 29 29  2]",False,False,0.0,0.0,"[np.int64(52), np.int64(62), np.int64(54), np.int64(37), np.int64(60), np.int64(36), np.int64(51), np.int64(46), np.int64(22), np.int64(10), np.int64(52), np.int64(48), np.int64(0), np.int64(53), np.int64(46), np.int64(38), np.int64(34), np.int64(34), np.int64(18), np.int64(2), np.int64(15), np.int64(27), np.int64(1), np.int64(7), np.int64(58), np.int64(45), np.int64(34), np.int64(49), np.int64(52), np.int64(45), np.int64(36), np.int64(20), np.int64(29), np.int64(7), np.int64(54), np.int64(0), np.int64(39), np.int64(43), np.int64(40), np.int64(41), np.int64(51), np.int64(60), np.int64(63), np.int64(18), np.int64(58), np.int64(54), np.int64(12), np.int64(32), np.int64(51), np.int64(19), np.int64(30), np.int64(63), np.int64(41), np.int64(28), np.int64(44), np.int64(44), np.int64(60), np.int64(15), np.int64(48), np.int64(40), np.int64(30), np.int64(55), np.int64(4), np.int64(54)]","[np.int64(32), np.int64(52), np.int64(6), np.int64(28), np.int64(56), np.int64(30), np.int64(52), np.int64(26), np.int64(31), np.int64(35), np.int64(35), np.int64(43), np.int64(16), np.int64(44), np.int64(19), np.int64(24), np.int64(49), np.int64(61), np.int64(27), np.int64(18), np.int64(62), np.int64(37), np.int64(12), np.int64(8), np.int64(2), np.int64(11), np.int64(55), np.int64(17), np.int64(49), np.int64(18), np.int64(61), np.int64(37), np.int64(25), np.int64(17), np.int64(27), np.int64(20), np.int64(10), np.int64(14), np.int64(37), np.int64(52), np.int64(37), np.int64(63), np.int64(23), np.int64(45), np.int64(6), np.int64(11), np.int64(37), np.int64(16), np.int64(59), np.int64(0), np.int64(2), np.int64(29), np.int64(9), np.int64(24), np.int64(60), np.int64(39), np.int64(35), np.int64(6), np.int64(38), np.int64(56), np.int64(38), np.int64(50), np.int64(5), np.int64(6)]",False,False,0.0,0.0,"[29 29 29 40  7 40  1 29 29 19 19 61 18 56 29 34 40  7 29 29  8 34  1 19
 29 29 34 29 29 29 29 48 24 24 29 30  0 29  8  1 29 29 30  1 19 30 58 62
 29 18 19 58 41 25  8 25 29 27 29 18 29 29 29 61]","[29 29 29 41 27  1 61 29 29 62 58 62 41 34 29 28 19 18 29 29 18  8 37  2
 29 29 58 29 29 29 29 18 24 14 29 40 19 29 41  8 29 29 48  1 28 34  8 56
 29 25 56 34 30  1 41 37 29 61 29 27 29 29 29 61]",False,False,0.0,0.0,"[29 29 29 28  8  1  1 29 29 19  8  8 18  7 29  0  8  1 29 29 18  8  1 19
 29 29  2 29 29 29 29  8 18 14 29  8  0 29  8  1 29 29  0 18 19 27  8 30
 29 34 19 34 28 28 27 61 29 28 29 58 29 29 29 61]","[29 29 29 41 27 37 61 29 29 41 61 27 41  7 29  0  0 27 29 29 60 37 37  7
 29 29 27 29 29 29 29 27  0 27 29  7 62 29  8  1 29 29  0  1 27 27 27 56
 29 25 56 14 27 27 27 27 29 27 29 27 29 29 29  2]",False,False,0.0,0.0,1.0,0.0,0.0,25,0,0,1.0,0.0,0.0,25,0,0,1.0,0.0,0.0,25,0,0,1.0,0.0,0.0,25,0,0,1.0,0.0,0.0,25,0,0,1.0,0.0,0.0,25,0,0,0.04,0.0,0.0,1,0,0,0.04,0.0,0.0,1,0,0
[1 0 0 ... 1 0 1],31,"[ 9 39 30 31 56 55 31 54 30 31 54 42 58 58 54 31 41 38 15 15 55 56 54 56
  3 15 38  3 38 56 31 31 14  3 30 52 51 58 31  3 31 31 31 31 56 38 42 54
 38 55 40 31 31 52 31 31 31 54 31 30 42 52 52 56]","[42 19 51 31 38 55 31 38 58 31  6 38 42 58 40 31 52 42 15 43  6 40 43 58
  3 30 38 43  6 56 31 31 14 15 58 38 41 30 31  3 31 31 31 31 42 41 42 42
 40  6 15 31 31  6 31 31 31 41 31 41 42 52 15  3]",False,False,0.0,0.0,"[np.int64(22), np.int64(3), np.int64(20), np.int64(1), np.int64(14), np.int64(17), np.int64(33), np.int64(4), np.int64(32), np.int64(32), np.int64(28), np.int64(10), np.int64(59), np.int64(22), np.int64(54), np.int64(56), np.int64(6), np.int64(19), np.int64(14), np.int64(27), np.int64(18), np.int64(45), np.int64(55), np.int64(36), np.int64(45), np.int64(62), np.int64(13), np.int64(51), np.int64(26), np.int64(9), np.int64(60), np.int64(48), np.int64(42), np.int64(43), np.int64(22), np.int64(42), np.int64(11), np.int64(40), np.int64(20), np.int64(9), np.int64(38), np.int64(58), np.int64(55), np.int64(16), np.int64(56), np.int64(44), np.int64(51), np.int64(31), np.int64(26), np.int64(0), np.int64(30), np.int64(18), np.int64(36), np.int64(61), np.int64(12), np.int64(49), np.int64(41), np.int64(50), np.int64(12), np.int64(3), np.int64(61), np.int64(57), np.int64(37), np.int64(28)]","[np.int64(1), np.int64(57), np.int64(21), np.int64(16), np.int64(12), np.int64(19), np.int64(20), np.int64(44), np.int64(26), np.int64(25), np.int64(45), np.int64(16), np.int64(48), np.int64(24), np.int64(57), np.int64(8), np.int64(49), np.int64(62), np.int64(43), np.int64(29), np.int64(42), np.int64(9), np.int64(5), np.int64(30), np.int64(31), np.int64(22), np.int64(21), np.int64(2), np.int64(19), np.int64(49), np.int64(7), np.int64(63), np.int64(37), np.int64(60), np.int64(31), np.int64(25), np.int64(49), np.int64(9), np.int64(17), np.int64(19), np.int64(10), np.int64(42), np.int64(51), np.int64(51), np.int64(34), np.int64(31), np.int64(8), np.int64(59), np.int64(13), np.int64(37), np.int64(42), np.int64(44), np.int64(39), np.int64(9), np.int64(60), np.int64(57), np.int64(0), np.int64(16), np.int64(13), np.int64(21), np.int64(5), np.int64(2), np.int64(10), np.int64(39)]",False,False,0.0,0.0,"[41 25 43 31 56 58 31 15 58 31 30 15 41 56 54 31 38 55 15 43 55 56 43 56
  3 15 51  3 30 56 31 31 14 40 30 52 41 55 31  3 31 31 31 31  3 38 51 54
 55 42 40 31 31 52 31 31 31 30 31 30 40 58 15  3]","[41 59  3 31 41 55 31 15  3 31  6 58  6 58 42 31 56 42 58 52  6 56 51  6
  3 42 51 43 43 30 31 31 48  6 58 51  6 55 31 52 31 31 31 31 42 38  6 38
 38  6  3 31 31 51 31 31 31 41 31  3 42 41 38  6]",False,False,0.0,0.0,"[15 21  3 31 56 55 31 15 30 31 54  3 51  9 42 31 38 38 42 43 55 56 51 58
  3 54 42 30 54 30 31 31 12 15 58  6  6 30 31  3 31 31 31 31 40 58 42 42
 40 42  3 31 31 51 31 31 31 42 31 58 42 58 56 56]","[41 37 51 31 38 55 31 54 42 31 54  3 41  9 54 31 41 42  3 43 55 40 51 58
  3 42 38 43 54 30 31 31 14 55 58 51 41 55 31 54 31 31 31 31  3 41 51 42
  3  6  3 31 31 51 31 31 31 42 31 41 42 41 38  3]",False,False,0.0,0.0,1.0,0.0,0.0,25,0,0,1.0,0.0,0.0,25,0,0,1.0,0.0,0.0,25,0,0,1.0,0.0,0.0,25,0,0,1.0,0.0,0.0,25,0,0,1.0,0.0,0.0,25,0,0,0.04,0.0,0.0,1,0,0,0.04,0.0,0.0,1,0,0
[0 0 0 ... 0 0 0],55,"[55 55 43 55 34 29 38  3  0 43 20 38 56 14 55 14 37 38 38 23 55 43  1 55
 56  1  1  0 14 55 20 38 34 14 55 23  0 55 55 45  1 23  1 55 38 55 45 62
 37 56 38 29 23 38 62 55 55 29 20 23  8 34 55 29]","[55 55 43 55 34 29 38  3 29 56 37  0 56 14 55 45 20 38 37  0 55 43 43 55
 23  1 29 14 14 55 29  3 34 14 55 23 14 55 55  1 43 20 45 55 56 55 23 45
 20 29 38 29 37 38 62 55 55 56  1 23 17 20 55 43]",False,False,0.0,0.0,"[np.int64(15), np.int64(28), np.int64(31), np.int64(48), np.int64(46), np.int64(43), np.int64(1), np.int64(20), np.int64(42), np.int64(5), np.int64(22), np.int64(39), np.int64(56), np.int64(6), np.int64(1), np.int64(4), np.int64(59), np.int64(56), np.int64(16), np.int64(54), np.int64(1), np.int64(43), np.int64(6), np.int64(23), np.int64(47), np.int64(31), np.int64(62), np.int64(62), np.int64(51), np.int64(45), np.int64(19), np.int64(30), np.int64(12), np.int64(55), np.int64(33), np.int64(46), np.int64(56), np.int64(36), np.int64(62), np.int64(37), np.int64(2), np.int64(57), np.int64(3), np.int64(17), np.int64(18), np.int64(42), np.int64(28), np.int64(35), np.int64(44), np.int64(16), np.int64(7), np.int64(31), np.int64(54), np.int64(35), np.int64(5), np.int64(49), np.int64(47), np.int64(35), np.int64(45), np.int64(10), np.int64(36), np.int64(25), np.int64(36), np.int64(51)]","[np.int64(22), np.int64(13), np.int64(36), np.int64(53), np.int64(28), np.int64(44), np.int64(46), np.int64(27), np.int64(27), np.int64(52), np.int64(39), np.int64(51), np.int64(0), np.int64(18), np.int64(11), np.int64(30), np.int64(10), np.int64(34), np.int64(3), np.int64(25), np.int64(2), np.int64(62), np.int64(33), np.int64(11), np.int64(43), np.int64(38), np.int64(3), np.int64(32), np.int64(3), np.int64(52), np.int64(17), np.int64(58), np.int64(12), np.int64(53), np.int64(32), np.int64(9), np.int64(28), np.int64(47), np.int64(28), np.int64(61), np.int64(63), np.int64(55), np.int64(34), np.int64(12), np.int64(53), np.int64(7), np.int64(18), np.int64(35), np.int64(57), np.int64(31), np.int64(44), np.int64(61), np.int64(51), np.int64(11), np.int64(38), np.int64(45), np.int64(0), np.int64(17), np.int64(3), np.int64(14), np.int64(6), np.int64(5), np.int64(58), np.int64(19)]",False,False,0.0,0.0,"[55 55 43 55  0 45  1  3 62 43 20  0 56  3 55 20 20 38 29 23 55 43 14 55
 23 45 29  1 38 55  1 45 34 14 55 23 23 55 55  1  1 20  1 55 62 55 56 14
  3 38 38  3 29 43 34 55 55 56 43 23 35 38 55 29]","[55 55  3 55 29 29  3  3  0 37 20 34 56  3 55 14 37 38 29  0 55 43 43 55
 56 20  1  1 38 55 29 43 34 14 55 23  0 55 55 45 43 23 45 55 62 55 45 14
 20 29 38 29 23 14 62 55 55 29 20 23 42 29 55 23]",False,False,0.0,0.0,"[55 55 43 55 38  0 38 37 29 37 37 38 56 38 55 20 20 20 29 20 55 43 43 55
 37 45 29 37 38 55 20 45 34 14 55 23 45 55 55 45 43 20  1 55 23 55 34 45
 20 56 38 29 37 20 34 55 55 20 20 23 48 20 55 29]","[55 55 43 55 14 29  3  3  0  3 20  3 14  3 55 20 20 20 29 14 55 43 43 55
 23 20 23 37 14 55 20 43 34 14 55 23 14 55 55  1 43 20  3 55 23 55 23 43
 20 29 38  3 23 23 23 55 55 20 20 23  4 14 55 23]",False,False,0.0,0.0,1.0,0.0,0.0,25,0,0,1.0,0.0,0.0,25,0,0,1.0,0.0,0.0,25,0,0,1.0,0.0,0.0,25,0,0,1.0,0.0,0.0,25,0,0,1.0,0.0,0.0,25,0,0,0.04,0.0,0.0,1,0,0,0.04,0.0,0.0,1,0,0
