As,Source_Nodes,Categorical_Model_Trees,Categorical_True_Trees,Categorical_Model_Mask,Categorical_True_Mask,Categorical_Model_Accuracy,Categorical_True_Accuracy,Random_Model_Trees,Random_True_Trees,Random_Model_Mask,Random_True_Mask,Random_Model_Accuracy,Random_True_Accuracy,Prim_Model_Trees,Prim_True_Trees,Prim_Model_Mask,Prim_True_Mask,Prim_Model_Accuracy,Prim_True_Accuracy,Beam_Model_Trees,Beam_True_Trees,Beam_Model_Mask,Beam_True_Mask,Beam_Model_Accuracy,Beam_True_Accuracy,Categorical_Model_Uniques,Categorical_Model_Valids_Uniques,Categorical_Model_Valids,Categorical_Model_Unique_Counts,Categorical_Model_Valid_Unique_Counts,Categorical_Model_Valid_Counts,Categorical_True_Uniques,Categorical_True_Valids_Uniques,Categorical_True_Valids,Categorical_True_Unique_Counts,Categorical_True_Valid_Unique_Counts,Categorical_True_Valid_Counts,Random_Model_Uniques,Random_Model_Valids_Uniques,Random_Model_Valids,Random_Model_Unique_Counts,Random_Model_Valid_Unique_Counts,Random_Model_Valid_Counts,Random_True_Uniques,Random_True_Valids_Uniques,Random_True_Valids,Random_True_Unique_Counts,Random_True_Valid_Unique_Counts,Random_True_Valid_Counts,Prim_Model_Uniques,Prim_Model_Valids_Uniques,Prim_Model_Valids,Prim_Model_Unique_Counts,Prim_Model_Valid_Unique_Counts,Prim_Model_Valid_Counts,Prim_True_Uniques,Prim_True_Valids_Uniques,Prim_True_Valids,Prim_True_Unique_Counts,Prim_True_Valid_Unique_Counts,Prim_True_Valid_Counts,Beam_Model_Uniques,Beam_Model_Valids_Uniques,Beam_Model_Valids,Beam_Model_Unique_Counts,Beam_Model_Valid_Unique_Counts,Beam_Model_Valid_Counts,Beam_True_Uniques,Beam_True_Valids_Uniques,Beam_True_Valids,Beam_True_Unique_Counts,Beam_True_Valid_Unique_Counts,Beam_True_Valid_Counts
[1 0 0 ... 0 0 1],33,"[13 32 11 29  7 33 26 33  5 26 44 33 30 33 51 51 51 58 33 44 13  9 37 10
 13 13 33 30 32 33 33 39 33 33 26 13 44 33 39 33 58 51 43 33 33 32 26 43
 58 30 43 33 51  7 37 11 43 32 33 43 13  7 39 51]","[51 32 29  5  7 33 26 33 26 26 30 33 18 33 26 51 43 32 33 43 26 22 37 10
 39 51 33 39 11 33 33 39 33 33 43 13 44 33 44 33 43 51 26 33 33 29 58 30
 58 30 58 33 18  7 37 11 37 51 33 29 18  7 32 51]",False,False,0.0,0.0,"[np.int64(17), np.int64(59), np.int64(11), np.int64(42), np.int64(44), np.int64(62), np.int64(46), np.int64(11), np.int64(55), np.int64(50), np.int64(53), np.int64(57), np.int64(47), np.int64(42), np.int64(47), np.int64(40), np.int64(9), np.int64(42), np.int64(42), np.int64(28), np.int64(60), np.int64(33), np.int64(9), np.int64(49), np.int64(17), np.int64(27), np.int64(3), np.int64(23), np.int64(15), np.int64(0), np.int64(52), np.int64(51), np.int64(33), np.int64(50), np.int64(55), np.int64(38), np.int64(29), np.int64(37), np.int64(33), np.int64(27), np.int64(39), np.int64(50), np.int64(0), np.int64(46), np.int64(47), np.int64(27), np.int64(61), np.int64(33), np.int64(6), np.int64(22), np.int64(14), np.int64(1), np.int64(54), np.int64(49), np.int64(27), np.int64(17), np.int64(35), np.int64(3), np.int64(50), np.int64(30), np.int64(9), np.int64(60), np.int64(62), np.int64(35)]","[np.int64(40), np.int64(61), np.int64(5), np.int64(31), np.int64(6), np.int64(54), np.int64(41), np.int64(56), np.int64(39), np.int64(14), np.int64(48), np.int64(19), np.int64(17), np.int64(62), np.int64(32), np.int64(60), np.int64(29), np.int64(49), np.int64(63), np.int64(28), np.int64(51), np.int64(31), np.int64(14), np.int64(60), np.int64(32), np.int64(52), np.int64(48), np.int64(23), np.int64(52), np.int64(26), np.int64(23), np.int64(12), np.int64(8), np.int64(55), np.int64(58), np.int64(7), np.int64(39), np.int64(28), np.int64(19), np.int64(44), np.int64(41), np.int64(42), np.int64(61), np.int64(14), np.int64(34), np.int64(38), np.int64(63), np.int64(6), np.int64(12), np.int64(60), np.int64(13), np.int64(50), np.int64(23), np.int64(59), np.int64(0), np.int64(21), np.int64(3), np.int64(31), np.int64(49), np.int64(20), np.int64(38), np.int64(61), np.int64(47), np.int64(26)]",False,False,0.0,0.0,"[ 5 32 29 32 32 33 26 33 26 26 51 33 30 33 26 51 43 37 33  5 43  1 51 10
 39 13 33  7 11 33 33 39 33 33 32 37 44 33 39 33 39 44 58 33 33 29 26 39
 58 30 58 33 30 18 29 11 18 58 33 18 11 32  5 11]","[13 32 11 30 58 33 26 33 26 51 18 33 58 33 11 18 37 43 33 44 43 22 37 60
 51 11 33 39 32 33 33 39 33 33 32 37 44 33 13 33 43 44 51 33 33 29 26 43
 58 51 43 33 30 18 44 11 43 58 33 32 58  7 39 30]",False,False,0.0,0.0,"[ 5 32  7  5  7 33 26 33  5 26 18 33 11 33  7 18 26 32 33  7 13  3 30 10
 13 11 33  7 11 33 33 18 33 33 13 13 44 33 29 33 39 44 11 33 33 32 11 30
  5  5 43 33 13  7 37 11  7 32 33 43 11 13  5 11]","[51 32  7 32  7 33 26 33 26 26 30 33 29 33  7 51 26 32 33 44 13 38 37 10
 39 44 33 39 32 33 33 39 33 33 13 13 44 33 13 33 43 51 26 33 33 32 26 39
 58 44 58 33 51  7 26 11  7 32 33 32 26  7 39 51]",False,False,0.015625,0.0,1.0,0.0,0.0,25,0,0,1.0,0.0,0.0,25,0,0,1.0,0.0,0.0,25,0,0,1.0,0.0,0.0,25,0,0,1.0,0.0,0.0,25,0,0,1.0,0.0,0.0,25,0,0,0.04,0.0,0.0,1,0,0,0.04,0.0,0.0,1,0,0
[1 0 0 ... 0 0 1],11,"[51  2 11 27 11 49 11 37  4 51 53 11  6 51 33 11 37  6 48 34 42 42 48 49
 42  2 11 11 15 59 46 42 33 11 11 34 53 11  2 34 59 15 11 15 37 51 11 37
 11 11 46 11  2 11 33 26 15 34 48 11  6 37 15 42]","[51 42 11 59 11 49 11 48  4  4 53 11 15 33 42 11 48  6 37 15 27 42  6 26
 46  4 11 11 15 59 27 34  4 11 11 34 59 11 53 34 34 42 11 37 49  2 11 26
 11 11 46 11  2 11 26 26 51  6 34 11  6 37 15 42]",False,False,0.0,0.0,"[np.int64(19), np.int64(44), np.int64(50), np.int64(23), np.int64(54), np.int64(32), np.int64(40), np.int64(44), np.int64(51), np.int64(54), np.int64(31), np.int64(14), np.int64(18), np.int64(45), np.int64(37), np.int64(10), np.int64(8), np.int64(10), np.int64(24), np.int64(12), np.int64(52), np.int64(13), np.int64(11), np.int64(25), np.int64(16), np.int64(61), np.int64(28), np.int64(32), np.int64(7), np.int64(57), np.int64(45), np.int64(50), np.int64(17), np.int64(7), np.int64(21), np.int64(16), np.int64(41), np.int64(15), np.int64(57), np.int64(27), np.int64(43), np.int64(0), np.int64(15), np.int64(39), np.int64(58), np.int64(13), np.int64(36), np.int64(18), np.int64(13), np.int64(61), np.int64(42), np.int64(51), np.int64(58), np.int64(43), np.int64(29), np.int64(0), np.int64(21), np.int64(41), np.int64(37), np.int64(26), np.int64(62), np.int64(62), np.int64(16), np.int64(36)]","[np.int64(13), np.int64(40), np.int64(30), np.int64(8), np.int64(22), np.int64(48), np.int64(11), np.int64(22), np.int64(26), np.int64(18), np.int64(63), np.int64(57), np.int64(37), np.int64(62), np.int64(59), np.int64(63), np.int64(62), np.int64(54), np.int64(20), np.int64(26), np.int64(46), np.int64(32), np.int64(14), np.int64(33), np.int64(20), np.int64(38), np.int64(2), np.int64(10), np.int64(33), np.int64(25), np.int64(15), np.int64(62), np.int64(47), np.int64(31), np.int64(10), np.int64(25), np.int64(28), np.int64(26), np.int64(23), np.int64(29), np.int64(22), np.int64(40), np.int64(31), np.int64(29), np.int64(63), np.int64(39), np.int64(51), np.int64(61), np.int64(12), np.int64(6), np.int64(23), np.int64(63), np.int64(25), np.int64(10), np.int64(49), np.int64(28), np.int64(4), np.int64(18), np.int64(25), np.int64(25), np.int64(15), np.int64(16), np.int64(22), np.int64(5)]",False,False,0.0,0.0,"[51 46 11 53 11 59 11 48 37 48 53 11 49 33 42 11 42  6 48 42 42 49 42 49
 46 27 11 11 15 15 46 27 33 11 11 34 49 11 53  4 34 42 11  6 37  2 11 37
 11 11  2 11 53 11 33 42 15  6 59 11 37 37 53  4]","[51 46 11 27 11 49 11 48 37 26 49 11 15 37 46 11 37  6 37 42 27 46  6 26
 42  2 11 11 33 15 27 34  4 11 11 48 53 11 53 34 34  4 11  6  4 51 11 26
 11 11 46 11  2 11 26 51 49  6 49 11 37 48 15  4]",False,False,0.0,0.0,"[37  2 11 27 11 49 11 48  4  4 49 11  6  2 33 11 33  6 37 27 27 27  6 26
 33 27 11 11  4 15 27 27  4 11 11 48  6 11  2  4 34  4 11 33  6  2 11  4
 11 11  2 11  2 11 33 42 15  6  4 11  2 48 15  4]","[51 46 11 27 11 49 11 48  4 48 49 11  6 33 33 11 33  6 37 15 42 49  6 26
 33  4 11 11 15 15 27 34 37 11 11 48  6 11  2 34 34 15 11  6  6 51 11 26
 11 11 46 11  2 11 26 51 51  6 49 11  6 37 15 26]",False,False,0.015625,0.0,1.0,0.0,0.0,25,0,0,1.0,0.0,0.0,25,0,0,1.0,0.0,0.0,25,0,0,1.0,0.0,0.0,25,0,0,1.0,0.0,0.0,25,0,0,1.0,0.0,0.0,25,0,0,0.04,0.0,0.0,1,0,0,0.04,0.0,0.0,1,0,0
[0 0 1 ... 1 0 1],25,"[42 38 24 18 24 38 30 36 30 30 25 12 25 29 36 30 18 12 25 35 35 62 18 18
 35 25 38 30 10 62 25 18 38 45 12 25 25 38 25 10 10 18 10 12 36 62 62 18
 30 62 62 12 36 18 10 36 38 62 35 38 31 38 25 38]","[ 5 10 21 10 50 35 30 10 10 30 25 36 25 14 18 30 18 12 25 62 18 62 18 30
 35 25 35 12 10 36 25 62 12 45 12 25 25 10 25 10 12 18 10 12 36 10 62 38
 10 62 62 36 10 30 10 36 38 18 35 30 28 12 25 38]",False,False,0.0,0.0,"[np.int64(19), np.int64(13), np.int64(0), np.int64(44), np.int64(60), np.int64(60), np.int64(54), np.int64(0), np.int64(58), np.int64(34), np.int64(47), np.int64(57), np.int64(18), np.int64(52), np.int64(62), np.int64(50), np.int64(43), np.int64(51), np.int64(30), np.int64(62), np.int64(12), np.int64(34), np.int64(42), np.int64(4), np.int64(36), np.int64(27), np.int64(17), np.int64(20), np.int64(15), np.int64(12), np.int64(26), np.int64(54), np.int64(12), np.int64(34), np.int64(46), np.int64(43), np.int64(53), np.int64(27), np.int64(23), np.int64(47), np.int64(41), np.int64(3), np.int64(56), np.int64(24), np.int64(4), np.int64(1), np.int64(41), np.int64(49), np.int64(58), np.int64(43), np.int64(20), np.int64(19), np.int64(28), np.int64(38), np.int64(44), np.int64(16), np.int64(34), np.int64(22), np.int64(2), np.int64(20), np.int64(36), np.int64(52), np.int64(49), np.int64(54)]","[np.int64(57), np.int64(23), np.int64(34), np.int64(32), np.int64(17), np.int64(57), np.int64(11), np.int64(16), np.int64(32), np.int64(26), np.int64(15), np.int64(22), np.int64(32), np.int64(12), np.int64(30), np.int64(53), np.int64(30), np.int64(55), np.int64(16), np.int64(9), np.int64(61), np.int64(5), np.int64(55), np.int64(39), np.int64(9), np.int64(26), np.int64(21), np.int64(56), np.int64(63), np.int64(32), np.int64(31), np.int64(52), np.int64(35), np.int64(3), np.int64(14), np.int64(46), np.int64(11), np.int64(15), np.int64(13), np.int64(19), np.int64(45), np.int64(21), np.int64(32), np.int64(29), np.int64(60), np.int64(12), np.int64(45), np.int64(59), np.int64(26), np.int64(11), np.int64(41), np.int64(31), np.int64(20), np.int64(10), np.int64(60), np.int64(29), np.int64(35), np.int64(11), np.int64(29), np.int64(23), np.int64(58), np.int64(6), np.int64(56), np.int64(37)]",False,False,0.0,0.0,"[22 38 46 10 50 38 30 10 10 30 25 62 25 56 36 36 18 12 25 62 38 62 35 18
 35 25 35 30 10 36 25 30 36 51 12 25 25 10 25 10 12 18 10 12 36 10 62 38
 30 62 36 12 10 18 35 36 38 38 35 38 29 38 25 38]","[22 38 16 10 15 36 30 10 30 30 25 36 25 39 18 30 18 12 25 62 38 12 35 30
 35 25 38 30 10 36 25 30 36 51 12 25 25 30 25 62 10 18 10 12 10 62 30 38
 10 62 62 36 10 18 35 36 62 10 35 62 22 38 25 38]",False,False,0.0,0.0,"[ 5 12 15 10  7 36 30 10 10 30 25 12 25  3 18 30 18 12 25 35 18 12 12 18
 35 25 35 12 10 12 25 18 12  5 12 25 25 10 25 10 10 18 10 12 10 10 30 36
 12 62 36 12 10 35 35 36 12 10 35 38  3 12 25 38]","[15 10 16 10 27 36 30 10 10 30 25 62 25 14 62 62 18 12 25 62 38 62 30 18
 35 25 38 12 10 62 25 62 36 20 12 25 25 10 25 10 10 18 10 12 10 10 62 36
 10 62 62 36 10 18 10 36 38 10 35 30 28 38 25 38]",False,False,0.015625,0.0,1.0,0.0,0.0,25,0,0,1.0,0.0,0.0,25,0,0,1.0,0.0,0.0,25,0,0,1.0,0.0,0.0,25,0,0,1.0,0.0,0.0,25,0,0,1.0,0.0,0.0,25,0,0,0.04,0.0,0.0,1,0,0,0.04,0.0,0.0,1,0,0
[1 0 0 ... 0 0 0],34,"[58 34 43 32  1 25 47 45 26  1 55 19 45 43 26 34 34 44 58 34 44 15 34  1
 55 34 34 34 16 58 42  1 34 15 34 61 44 45 61 32 55 15 34 34 34 34 55 34
 44 34  1 58 44 32 16 34 47 32 34 16 44 34 44 26]","[61 34 43 15 45 25 45 49 26 25 15 19 61 43 26 34 34 15 16 34 15 19 34 43
 49 34 34 34 26  1 26 16 34 32 34 27 32 58 61 15 22 15 34 34 34 34 45 34
 44 34 26 58 45 32 16 34 22 32 34 16 26 34 26 26]",False,False,0.0,0.0,"[np.int64(58), np.int64(49), np.int64(44), np.int64(6), np.int64(12), np.int64(9), np.int64(47), np.int64(32), np.int64(19), np.int64(39), np.int64(59), np.int64(61), np.int64(57), np.int64(31), np.int64(33), np.int64(56), np.int64(7), np.int64(46), np.int64(23), np.int64(48), np.int64(44), np.int64(10), np.int64(3), np.int64(63), np.int64(2), np.int64(7), np.int64(53), np.int64(11), np.int64(36), np.int64(44), np.int64(18), np.int64(22), np.int64(11), np.int64(44), np.int64(45), np.int64(1), np.int64(25), np.int64(9), np.int64(4), np.int64(33), np.int64(57), np.int64(26), np.int64(37), np.int64(0), np.int64(43), np.int64(54), np.int64(15), np.int64(62), np.int64(62), np.int64(29), np.int64(45), np.int64(58), np.int64(33), np.int64(40), np.int64(3), np.int64(41), np.int64(51), np.int64(30), np.int64(48), np.int64(60), np.int64(58), np.int64(62), np.int64(11), np.int64(57)]","[np.int64(26), np.int64(54), np.int64(15), np.int64(50), np.int64(42), np.int64(23), np.int64(24), np.int64(40), np.int64(60), np.int64(38), np.int64(45), np.int64(20), np.int64(8), np.int64(21), np.int64(58), np.int64(41), np.int64(29), np.int64(21), np.int64(27), np.int64(42), np.int64(51), np.int64(62), np.int64(35), np.int64(55), np.int64(14), np.int64(58), np.int64(24), np.int64(40), np.int64(17), np.int64(62), np.int64(29), np.int64(53), np.int64(28), np.int64(31), np.int64(44), np.int64(62), np.int64(39), np.int64(30), np.int64(54), np.int64(31), np.int64(3), np.int64(60), np.int64(4), np.int64(6), np.int64(57), np.int64(25), np.int64(48), np.int64(37), np.int64(35), np.int64(26), np.int64(23), np.int64(3), np.int64(50), np.int64(39), np.int64(7), np.int64(45), np.int64(61), np.int64(4), np.int64(47), np.int64(40), np.int64(13), np.int64(4), np.int64(3), np.int64(13)]",False,False,0.0,0.0,"[61 34 44 15 61 32 61 49 26 47 55 32 58 43 26 34 34 58 26 34 45 15 34 15
 61 34 34 34 16 15 32  1 34 16 34 43 58 25 22  1 55 47 34 34 34 34  1 34
 45 34 26 55 44 19 16 34 19 32 34 47 44 34 15 27]","[22 34 43 15  1  1 45 19 26 25 16 49 58  1 44 34 34 61 55 34 15 19 34 47
 49 34 34 34 26 15 22 44 34 58 34 32 26  1 25  1 32 15 34 34 34 34 47 34
 61 34 26 55 61 55 16 34 47 25 34 15 44 34 15 27]",False,False,0.0,0.0,"[22 34  1 32  1  1 45 19 19  1 16  1 45  1 42 34 34  1  1 34 15 19 34  1
 55 34 34 34 26  1 16  1 34 16 34 16 32  1  1  1 22 15 34 34 34 34  1 34
  1 34  1 47 49 32 16 34  1 25 34 27 26 34 26 26]","[61 34 43 15  1 58 45 19 26  1 15 44 61 25 26 34 34  1 26 34 15 15 34  1
 49 34 34 34 26  1 26 27 34 58 34 32 26 25  1  1 55 26 34 34 34 34  1 34
  1 34 26 58 61 25 16 34 26 25 34 47 26 34 15 27]",False,False,0.015625,0.0,1.0,0.0,0.0,25,0,0,1.0,0.0,0.0,25,0,0,1.0,0.0,0.0,25,0,0,1.0,0.0,0.0,25,0,0,1.0,0.0,0.0,25,0,0,1.0,0.0,0.0,25,0,0,0.04,0.0,0.0,1,0,0,0.04,0.0,0.0,1,0,0
[0 1 0 ... 0 0 1],57,"[57  0 57 57 48 57 37 38 14 48 57 57 46  5 57 14 10 40  2  2 46 40 42 38
 57 37  5 52 30  2 57 30 57 57 37 37 14 57 57  0 57 48 57 48 52 38 57 37
 57 37 14 33 57 61  5  2 48 57 61 14 40 57 48 14]","[57 24 57 57 48 57  5  3  5 37 57 57 11  5 57 42 24 33 38 40 48 11 52 38
 57 10 11 11  2 33 57 52 57 57 52 38 11 57 57  0 57 48 57 30  5  0 57 52
 57 42 11 37 57  3 11  3 24 57  5  3 42 57 46 14]",False,False,0.0,0.0,"[np.int64(53), np.int64(3), np.int64(32), np.int64(5), np.int64(41), np.int64(8), np.int64(36), np.int64(10), np.int64(60), np.int64(32), np.int64(26), np.int64(10), np.int64(44), np.int64(62), np.int64(47), np.int64(4), np.int64(44), np.int64(61), np.int64(45), np.int64(55), np.int64(26), np.int64(16), np.int64(10), np.int64(46), np.int64(33), np.int64(12), np.int64(63), np.int64(52), np.int64(19), np.int64(46), np.int64(56), np.int64(59), np.int64(1), np.int64(34), np.int64(62), np.int64(57), np.int64(30), np.int64(51), np.int64(22), np.int64(1), np.int64(47), np.int64(40), np.int64(52), np.int64(17), np.int64(28), np.int64(11), np.int64(52), np.int64(63), np.int64(34), np.int64(40), np.int64(14), np.int64(7), np.int64(25), np.int64(21), np.int64(23), np.int64(13), np.int64(44), np.int64(22), np.int64(33), np.int64(0), np.int64(26), np.int64(21), np.int64(40), np.int64(49)]","[np.int64(48), np.int64(27), np.int64(0), np.int64(21), np.int64(45), np.int64(54), np.int64(60), np.int64(11), np.int64(11), np.int64(54), np.int64(43), np.int64(10), np.int64(28), np.int64(1), np.int64(34), np.int64(35), np.int64(3), np.int64(48), np.int64(12), np.int64(7), np.int64(38), np.int64(50), np.int64(7), np.int64(49), np.int64(55), np.int64(54), np.int64(16), np.int64(58), np.int64(42), np.int64(44), np.int64(47), np.int64(39), np.int64(60), np.int64(15), np.int64(37), np.int64(56), np.int64(1), np.int64(13), np.int64(26), np.int64(35), np.int64(4), np.int64(27), np.int64(6), np.int64(41), np.int64(17), np.int64(37), np.int64(61), np.int64(4), np.int64(7), np.int64(26), np.int64(35), np.int64(62), np.int64(7), np.int64(14), np.int64(13), np.int64(61), np.int64(6), np.int64(43), np.int64(1), np.int64(42), np.int64(39), np.int64(37), np.int64(25), np.int64(4)]",False,False,0.0,0.0,"[57 24 57 57 10 57 42 38 48 38 57 57 11 33 57 14 10 32 38 14 46 38 30 42
 57  0 38 11  2 33 57 33 57 57 48 52 14 57 57 38 57 46 57 33 37 10 57  3
 57 14 42 10 57 61 14 33  0 57 32 52  0 57  5  3]","[57 61 57 57 48 57 52 40  5 48 57 57 14  5 57 33 24 33 40  5 30 10 30 42
 57  5 38 42  2 33 57 46 57 57  0  0 33 57 57  2 57 52 57 48 30 10 57 52
 57 24 52  2 57 48  5 33 48 57 33 48 40 57 48  5]",False,False,0.0,0.0,"[57  0 57 57 10 57  2  3  5 37 57 57  2  0 57 14  2 42  2  2 30 11 30  3
 57  0 11 11  2  2 57  0 57 57  0  0 11 57 57  2 57 38 57  0 11  0 57 37
 57 14 11  2 57  2  5  0  0 57  0  3  0 57  3  0]","[57 24 57 57 10 57 52  3  5 48 57 57 11  5 57 33 24 33 24 33 33 40 52 38
 57 10  5 11 52 33 57 33 57 57 52 52 48 57 57  2 57 52 57 33  5 52 57 33
 57 24 11 33 57 48  5 33 24 57 33 40 24 57  5  5]",False,False,0.015625,0.0,1.0,0.0,0.0,25,0,0,1.0,0.0,0.0,25,0,0,1.0,0.0,0.0,25,0,0,1.0,0.0,0.0,25,0,0,1.0,0.0,0.0,25,0,0,1.0,0.0,0.0,25,0,0,0.04,0.0,0.0,1,0,0,0.04,0.0,0.0,1,0,0
[0 0 0 ... 0 0 1],23,"[44 57 14 23 12 57 40 43 44 13 36 14 23 23 23 40 23 43 23 18 43 23 43 23
 36 44 55 36 21 21 12 48 16 40 48 14 23 13 14 43 23  3 57 23 23 13 16 13
 23 12 16 57 16 14 18 48  3 23 21 36 40 16 57 36]","[36  3 48 23 12 57 40 57 44 13 36 16 23 23 23 48 23  3 23 12 43 23 44 23
 36 44 42 36 21 36 12 40 16 44 48 44 23 13 36 48 23  3  3 23 23 44 16 16
 23 12 40 57 16 13 13 18 40 23 36 14 12 14 48 43]",False,False,0.0,0.0,"[np.int64(33), np.int64(18), np.int64(51), np.int64(3), np.int64(26), np.int64(0), np.int64(29), np.int64(17), np.int64(50), np.int64(30), np.int64(5), np.int64(14), np.int64(20), np.int64(18), np.int64(34), np.int64(17), np.int64(44), np.int64(28), np.int64(61), np.int64(15), np.int64(38), np.int64(56), np.int64(48), np.int64(39), np.int64(0), np.int64(1), np.int64(42), np.int64(2), np.int64(21), np.int64(41), np.int64(54), np.int64(2), np.int64(52), np.int64(5), np.int64(1), np.int64(15), np.int64(55), np.int64(61), np.int64(25), np.int64(0), np.int64(15), np.int64(8), np.int64(15), np.int64(42), np.int64(62), np.int64(1), np.int64(17), np.int64(29), np.int64(43), np.int64(20), np.int64(48), np.int64(53), np.int64(5), np.int64(20), np.int64(20), np.int64(18), np.int64(41), np.int64(59), np.int64(1), np.int64(42), np.int64(52), np.int64(44), np.int64(19), np.int64(5)]","[np.int64(26), np.int64(60), np.int64(24), np.int64(29), np.int64(51), np.int64(43), np.int64(12), np.int64(49), np.int64(63), np.int64(16), np.int64(51), np.int64(3), np.int64(53), np.int64(12), np.int64(34), np.int64(22), np.int64(61), np.int64(27), np.int64(4), np.int64(61), np.int64(61), np.int64(19), np.int64(1), np.int64(45), np.int64(57), np.int64(49), np.int64(31), np.int64(39), np.int64(27), np.int64(13), np.int64(10), np.int64(49), np.int64(24), np.int64(48), np.int64(4), np.int64(59), np.int64(24), np.int64(27), np.int64(42), np.int64(56), np.int64(6), np.int64(63), np.int64(12), np.int64(48), np.int64(44), np.int64(12), np.int64(7), np.int64(23), np.int64(44), np.int64(34), np.int64(39), np.int64(17), np.int64(9), np.int64(31), np.int64(29), np.int64(37), np.int64(12), np.int64(22), np.int64(3), np.int64(0), np.int64(9), np.int64(42), np.int64(17), np.int64(35)]",False,False,0.0,0.0,"[14 57  3 23 12 57 40 57 44 21 36 14 23 23 23 40 23 13 23 57 18 23 48 23
 18 44 51  3 13 21 12 43 16 21  3 14 23 18 36 21 23  3  3 23 23 48  3 16
 23 12 57 57 57 13 48  3 40 23 21 36 12 16 16 44]","[12 57 48 23 12 44 13 57 13 44 36 13 23 23 23 40 23 21 23 57 44 23  3 23
 36 44 28  3 13 43 12 40 16 13  3 44 23 13 43 43 23 57 18 23 23 13  3 36
 23 40 16 57 36 13 18 48 40 23 16 14 12 16 16 44]",False,False,0.0,0.0,"[12  3  3 23 12 44  3 43 13 13 36 14 23 23 23 40 23  3 23 12 18 23  3 23
 18 18  1  3 13 21 12 21 16 21  3  3 23 13 14  3 23  3  3 23 23  3  3 13
 23 12 16 12 18 13 13  3  3 23 12 14 12 14 16 44]","[14 57 14 23 12 44 13 57 44 44 36 13 23 23 23 40 23 13 23 40 44 23 44 23
 36 48 32  3 13 44 12 13 16 44 48 44 23 13 14  3 23 57 13 23 23 44 16 16
 23 40 44 48 16 13 13 13  3 23 16 14 40 14 44 44]",False,False,0.015625,0.0,1.0,0.0,0.0,25,0,0,1.0,0.0,0.0,25,0,0,1.0,0.0,0.0,25,0,0,1.0,0.0,0.0,25,0,0,1.0,0.0,0.0,25,0,0,1.0,0.0,0.0,25,0,0,0.04,0.0,0.0,1,0,0,0.04,0.0,0.0,1,0,0
[0 1 0 ... 0 0 1],2,"[54  5  2  2  2  2 27 23 41 33  5 33 18  5  4 41 18 15  2 33 33 41  2  2
 39 22  3  2 41  3 22 18 33  2  5 41  5  3 33  2 41  2 22 39 60 33  4 41
 39 54  5  5 23 22  2  3 27 18  4 25 18  3 54  3]","[22  5  2  2  2  2  3 22 41 18  3 23  3 39  4 41 18 49  2 54 33  5  2  2
  3  3 27  2 41  3 54  3 33  2  5 41  5  3 41  2 23  2 27  4 57 18 22 39
 23 27  3  5  5 22  2 41 22 18 54 37 27 27 54  3]",False,False,0.0,0.0,"[np.int64(41), np.int64(14), np.int64(60), np.int64(40), np.int64(40), np.int64(63), np.int64(3), np.int64(48), np.int64(32), np.int64(27), np.int64(6), np.int64(0), np.int64(37), np.int64(10), np.int64(4), np.int64(35), np.int64(6), np.int64(7), np.int64(12), np.int64(6), np.int64(8), np.int64(28), np.int64(57), np.int64(4), np.int64(10), np.int64(54), np.int64(61), np.int64(47), np.int64(58), np.int64(16), np.int64(48), np.int64(21), np.int64(22), np.int64(16), np.int64(34), np.int64(15), np.int64(46), np.int64(37), np.int64(28), np.int64(5), np.int64(41), np.int64(57), np.int64(51), np.int64(31), np.int64(37), np.int64(57), np.int64(56), np.int64(3), np.int64(46), np.int64(2), np.int64(58), np.int64(41), np.int64(5), np.int64(62), np.int64(9), np.int64(57), np.int64(35), np.int64(19), np.int64(23), np.int64(29), np.int64(20), np.int64(46), np.int64(56), np.int64(16)]","[np.int64(19), np.int64(11), np.int64(43), np.int64(3), np.int64(17), np.int64(63), np.int64(2), np.int64(29), np.int64(42), np.int64(0), np.int64(32), np.int64(53), np.int64(23), np.int64(0), np.int64(8), np.int64(62), np.int64(62), np.int64(32), np.int64(11), np.int64(44), np.int64(53), np.int64(20), np.int64(55), np.int64(12), np.int64(32), np.int64(40), np.int64(53), np.int64(55), np.int64(6), np.int64(7), np.int64(32), np.int64(51), np.int64(23), np.int64(44), np.int64(22), np.int64(41), np.int64(9), np.int64(44), np.int64(9), np.int64(12), np.int64(50), np.int64(19), np.int64(51), np.int64(53), np.int64(1), np.int64(11), np.int64(3), np.int64(23), np.int64(54), np.int64(33), np.int64(0), np.int64(57), np.int64(11), np.int64(45), np.int64(53), np.int64(37), np.int64(30), np.int64(56), np.int64(47), np.int64(47), np.int64(28), np.int64(0), np.int64(63), np.int64(50)]",False,False,0.0,0.0,"[54  5  2  2  2  2 27 23 41 41  3 23 54  5  4 41  5 48  2 33 33  5  2  2
 54  3 22  2 41  3 22 27  3  2  5 27  5  3 41  2 23  2 41  4 31 18  4 33
 39 27  3  5 41 54  2 41 33 18 54 37 18  3  4  3]","[22  5  2  2  2  2 27 41  4 41  5 23 41 39 41 41 18 58  2 54 33 41  2  2
 39 22 22  2 41  3 22 41  3  2  5 27  5  5 33  2 41  2 27 27 57 33 22 23
 39 27  3 39  5 33  2 54 27 18  4 10 18 23  4  3]",False,False,0.0,0.0,"[22  5  2  2  2  2  3 22  4  3  3 23  3  5  4 27  5  1  2 33 33  5  2  2
  3  3  3  2 41  3 22  3  3  2  5 27  5  3 33  2 23  2 22 27 24 18  4  4
  5 27  3  5  5 22  2  3 22 18  4  0 18  3  4  3]","[22  5  2  2  2  2 27 22 41  3  3 23  3 39 27 27  4 19  2 33 33  5  2  2
 22 22 27  2 41  3 22 27 23  2  5 27  5  3 54  2 23  2 27 27 57 18 22 23
 39 27 22 39  5 22  2  3 27 18 18 40 27 27  4  3]",False,False,0.015625,0.0,1.0,0.0,0.0,25,0,0,1.0,0.0,0.0,25,0,0,1.0,0.0,0.0,25,0,0,1.0,0.0,0.0,25,0,0,1.0,0.0,0.0,25,0,0,1.0,0.0,0.0,25,0,0,0.04,0.0,0.0,1,0,0,0.04,0.0,0.0,1,0,0
[1 0 0 ... 0 0 0],22,"[22 37 22 37 52 39 52  0 50 39  0 37  2 39 38 39 58 19 50 53 53 53 22 50
 53 50  0 37 50  2 37 53 41 50  0 50 37 22  0 22  0  0 53 50  2  2 39 50
 37 50 22  2 22 22 37 56 22  2 56 53  0 53 56 50]","[22 37 22 37 50 39 52 39 50 39  0 56  2 56 10 39 38 27 50 56 37 56 22 50
 53 50 56 52  0  2  0 53 29  2  2 50 52 22 37 22 52  2 53  2  2  2 39 50
 39 52 22  2 22 22 37 56 22  2 56 53 39 56 56 50]",False,False,0.0,0.0,"[np.int64(46), np.int64(42), np.int64(53), np.int64(6), np.int64(19), np.int64(29), np.int64(56), np.int64(10), np.int64(23), np.int64(15), np.int64(50), np.int64(3), np.int64(48), np.int64(43), np.int64(14), np.int64(49), np.int64(62), np.int64(15), np.int64(53), np.int64(39), np.int64(3), np.int64(10), np.int64(25), np.int64(31), np.int64(19), np.int64(1), np.int64(54), np.int64(13), np.int64(45), np.int64(45), np.int64(19), np.int64(51), np.int64(7), np.int64(37), np.int64(42), np.int64(0), np.int64(23), np.int64(11), np.int64(0), np.int64(21), np.int64(7), np.int64(62), np.int64(63), np.int64(6), np.int64(4), np.int64(28), np.int64(4), np.int64(29), np.int64(59), np.int64(24), np.int64(29), np.int64(50), np.int64(3), np.int64(37), np.int64(26), np.int64(5), np.int64(62), np.int64(15), np.int64(55), np.int64(17), np.int64(49), np.int64(40), np.int64(55), np.int64(46)]","[np.int64(52), np.int64(11), np.int64(41), np.int64(42), np.int64(4), np.int64(55), np.int64(39), np.int64(59), np.int64(2), np.int64(28), np.int64(50), np.int64(52), np.int64(25), np.int64(5), np.int64(41), np.int64(47), np.int64(25), np.int64(46), np.int64(53), np.int64(59), np.int64(37), np.int64(14), np.int64(18), np.int64(18), np.int64(22), np.int64(57), np.int64(41), np.int64(35), np.int64(39), np.int64(9), np.int64(57), np.int64(24), np.int64(11), np.int64(27), np.int64(25), np.int64(16), np.int64(29), np.int64(37), np.int64(62), np.int64(46), np.int64(24), np.int64(41), np.int64(47), np.int64(50), np.int64(5), np.int64(9), np.int64(46), np.int64(53), np.int64(19), np.int64(61), np.int64(55), np.int64(10), np.int64(56), np.int64(35), np.int64(1), np.int64(44), np.int64(61), np.int64(10), np.int64(53), np.int64(10), np.int64(32), np.int64(36), np.int64(28), np.int64(45)]",False,False,0.0,0.0,"[22 37 22 37 52 37 52 50 56 39  0 56  2 37 25 37 38 60 50 53 37 56 22 56
 53 50 56 52  0  2 37 53 58  2 52 50 37 22  0 22 50 37 53 50 39  2 52 50
 50 50 22  2 22 22 37 37 22  2 53 53 39 39 56 39]","[22 37 22 37  2 37 52 39 52 39  0 37 50 39 24 56 49 33 50 53 50 53 22 50
 52 50 56 37  0  2  0 53 49  2  2 50 52 22  0 22  0  2 53  2 50  2 52 50
 39 56 22  2 22 22 37 56 22  2 56 53  0 37 56 50]",False,False,0.0,0.0,"[22 37 22 37  2 37 52  0 50 39  0 37  2 37  1 37  9 12 37 53 37 53 22 50
 52 50  0 37  0  2  0 53  4  2  2 37 37 22  0 22  2  2 53  2  2  2  2 50
 37 52 22  0 22 22 37 37 22  2 37 53  0 37 56 39]","[22 37 22 37  2 39 52  0 52 39  0 56  2 56 24 52 49 27 50 56 53 56 22 50
 52 50  0 52  2  2 52 53 49  2  2 50 52 22  0 22  0  2 53  2  2  2  2 50
 39 52 22  0 22 22 37 56 22  2 56 53  0 56 56 50]",False,False,0.015625,0.0,1.0,0.0,0.0,25,0,0,1.0,0.0,0.0,25,0,0,1.0,0.0,0.0,25,0,0,1.0,0.0,0.0,25,0,0,1.0,0.0,0.0,25,0,0,1.0,0.0,0.0,25,0,0,0.04,0.0,0.0,1,0,0,0.04,0.0,0.0,1,0,0
[1 0 0 ... 0 0 0],34,"[44 34 43 15 61 25 61 19 26 55 55 55 58 43 26 34 34 15  1 34 15 32 34 47
 49 34 34 34 27 47 42  1 34 32 34 16 26 58  1 32 22 61 34 34 34 34  1 34
 55 34  1 47 44 42 16 34 19 43 34 15 44 34 44 27]","[58 34 43 61 44 19 61 49 19  1 16 19 61 43 42 34 34 22  1 34 45 19 34 47
 61 34 34 34 27 47 26 27 34 32 34 16 58  1  1  1 22 26 34 34 34 34  1 34
 42 34 26 47 44 25 16 34 22 43 34 47 44 34 15 26]",False,False,0.0,0.0,"[np.int64(29), np.int64(16), np.int64(23), np.int64(18), np.int64(7), np.int64(8), np.int64(45), np.int64(20), np.int64(9), np.int64(31), np.int64(9), np.int64(43), np.int64(44), np.int64(31), np.int64(56), np.int64(37), np.int64(48), np.int64(9), np.int64(15), np.int64(62), np.int64(43), np.int64(20), np.int64(14), np.int64(7), np.int64(17), np.int64(24), np.int64(37), np.int64(20), np.int64(43), np.int64(24), np.int64(30), np.int64(50), np.int64(46), np.int64(16), np.int64(4), np.int64(24), np.int64(38), np.int64(18), np.int64(14), np.int64(17), np.int64(23), np.int64(23), np.int64(19), np.int64(48), np.int64(44), np.int64(47), np.int64(26), np.int64(47), np.int64(63), np.int64(19), np.int64(57), np.int64(25), np.int64(32), np.int64(9), np.int64(14), np.int64(35), np.int64(23), np.int64(30), np.int64(32), np.int64(35), np.int64(8), np.int64(24), np.int64(45), np.int64(24)]","[np.int64(2), np.int64(52), np.int64(11), np.int64(20), np.int64(48), np.int64(34), np.int64(5), np.int64(57), np.int64(35), np.int64(60), np.int64(39), np.int64(35), np.int64(16), np.int64(22), np.int64(6), np.int64(42), np.int64(14), np.int64(34), np.int64(50), np.int64(23), np.int64(12), np.int64(2), np.int64(50), np.int64(53), np.int64(30), np.int64(14), np.int64(61), np.int64(9), np.int64(61), np.int64(50), np.int64(2), np.int64(13), np.int64(36), np.int64(57), np.int64(1), np.int64(5), np.int64(15), np.int64(44), np.int64(4), np.int64(61), np.int64(20), np.int64(0), np.int64(55), np.int64(23), np.int64(7), np.int64(30), np.int64(21), np.int64(3), np.int64(42), np.int64(40), np.int64(44), np.int64(63), np.int64(50), np.int64(56), np.int64(12), np.int64(51), np.int64(31), np.int64(25), np.int64(15), np.int64(38), np.int64(48), np.int64(53), np.int64(38), np.int64(10)]",False,False,0.0,0.0,"[61 34 43 32 44 32 61 19 19 47 15 19 45  1 45 34 34 47 58 34 44 19 34 19
 49 34 34 34 55 47 32 16 34 43 34 27 58 45 25 22 32 47 34 34 34 34 45 34
 61 34  1 58 61 25 16 34 47 25 34 15 44 34 15 55]","[61 34 43 61  1  1 61 45 19 25 16 44 58 25 26 34 34 22 16 34 15 32 34 32
 49 34 34 34 26 58 32 44 34 49 34 27 32 25 61 47 55 44 34 34 34 34 19 34
 19 34 26 58 61 49 16 34  1 25 34 47 26 34 26 49]",False,False,0.0,0.0,"[22 34  1 32  1  1 45 19 19  1 16  1 45  1 42 34 34  1  1 34 15 19 34  1
 55 34 34 34 26  1 16  1 34 16 34 16 32  1  1  1 22 15 34 34 34 34  1 34
  1 34  1 47 49 32 16 34  1 25 34 27 26 34 26 26]","[61 34 43 15  1 58 45 19 26  1 15 44 61 25 26 34 34  1 26 34 15 15 34  1
 49 34 34 34 26  1 26 27 34 58 34 32 26 25  1  1 55 26 34 34 34 34  1 34
  1 34 26 58 61 25 16 34 26 25 34 47 26 34 15 27]",False,False,0.015625,0.0,1.0,0.0,0.0,25,0,0,1.0,0.0,0.0,25,0,0,1.0,0.0,0.0,25,0,0,1.0,0.0,0.0,25,0,0,1.0,0.0,0.0,25,0,0,1.0,0.0,0.0,25,0,0,0.04,0.0,0.0,1,0,0,0.04,0.0,0.0,1,0,0
[0 0 0 ... 1 0 0],60,"[60 27 60 56 60 29  4  9 24 60 60 45 10 42 17 38 38 60 60 38 42  9  2 38
 60 38 60 60 58 60 27 45 42 36 17 26 60 29 60  2 58 60 60 60  4 60 42 33
 24 10 36 26 45  9 41 60 60 58 60 26 60 24 58 27]","[60 27 60 56 60  9 18 45 24 60 60 38  2 27 38 56 24 60 60 38 42  9 55 58
 60 38 60 60 45 60  0 18 42  0 24 29 60 38 60 43 56 60 60 60 42 60 42  5
 24 17 38  0 41  0 26 60 60 10 60 24 60 29 24 27]",False,False,0.0,0.0,"[np.int64(14), np.int64(8), np.int64(35), np.int64(40), np.int64(10), np.int64(38), np.int64(0), np.int64(61), np.int64(4), np.int64(12), np.int64(6), np.int64(44), np.int64(25), np.int64(19), np.int64(57), np.int64(10), np.int64(6), np.int64(60), np.int64(47), np.int64(63), np.int64(5), np.int64(50), np.int64(57), np.int64(40), np.int64(0), np.int64(26), np.int64(34), np.int64(60), np.int64(59), np.int64(3), np.int64(30), np.int64(23), np.int64(33), np.int64(41), np.int64(26), np.int64(40), np.int64(3), np.int64(2), np.int64(2), np.int64(1), np.int64(34), np.int64(31), np.int64(23), np.int64(2), np.int64(37), np.int64(57), np.int64(8), np.int64(20), np.int64(0), np.int64(52), np.int64(27), np.int64(46), np.int64(0), np.int64(9), np.int64(31), np.int64(7), np.int64(61), np.int64(59), np.int64(30), np.int64(54), np.int64(46), np.int64(38), np.int64(8), np.int64(21)]","[np.int64(61), np.int64(42), np.int64(12), np.int64(1), np.int64(40), np.int64(52), np.int64(37), np.int64(28), np.int64(6), np.int64(23), np.int64(60), np.int64(34), np.int64(49), np.int64(5), np.int64(1), np.int64(62), np.int64(59), np.int64(17), np.int64(5), np.int64(62), np.int64(18), np.int64(56), np.int64(23), np.int64(35), np.int64(36), np.int64(51), np.int64(17), np.int64(17), np.int64(8), np.int64(24), np.int64(4), np.int64(18), np.int64(35), np.int64(50), np.int64(53), np.int64(20), np.int64(10), np.int64(24), np.int64(17), np.int64(12), np.int64(52), np.int64(7), np.int64(60), np.int64(52), np.int64(50), np.int64(27), np.int64(57), np.int64(14), np.int64(47), np.int64(57), np.int64(10), np.int64(44), np.int64(0), np.int64(11), np.int64(24), np.int64(40), np.int64(18), np.int64(0), np.int64(26), np.int64(47), np.int64(23), np.int64(27), np.int64(2), np.int64(13)]",False,False,0.0,0.0,"[60 18 60 56 60 29  4 41 41 60 60 45 10 41 10 27 43 60 60 38 27  9  2 26
 60  0 60 60 58 60  2 18 17 27 17 29 60 38 60  2 56 60 60 60 27 60 29 33
 24 17 36 27 41 45 24 60 60 58 60 26 60 29 42  4]","[60 27 60 56 60 36  4  2 41 60 60 38  2 27 10  4 55 60 60 43 42 45 55 58
 60 55 60 60 58 60 27 18  9 36 17 36 60 55 60 42 38 60 60 60  2 60 29 20
 24  4 36 26 41 42 24 60 60 10 60 45 60 42 24 27]",False,False,0.0,0.0,"[60 10 60 56 60  9  4  2 24 60 60 38  2  9  0  4 24 60 60 27 10  9  2 10
 60  0 60 60 45 60  0 18 17  0 17 26 60 17 60  2  4 60 60 60  2 60  4  7
 24  4 36  0  2  2  4 60 60 10 60  4 60 43 42  4]","[60 24 60 56 60  9  4  9 36 60 60 45  2 42 17  4 24 60 60 38 42 10  2 45
 60 45 60 60 56 60  2 18 17  2 17 24 60 17 60 42 38 60 60 60  2 60 42 52
 55 26 36 10 45 45 24 60 60 42 60 24 60 42 24  4]",False,False,0.015625,0.0,1.0,0.0,0.0,25,0,0,1.0,0.0,0.0,25,0,0,1.0,0.0,0.0,25,0,0,1.0,0.0,0.0,25,0,0,1.0,0.0,0.0,25,0,0,1.0,0.0,0.0,25,0,0,0.04,0.0,0.0,1,0,0,0.04,0.0,0.0,1,0,0
[0 1 0 ... 0 0 1],2,"[22  5  2  2  2  2 27 23  4 18  5 23 18 39 41 27 18 19  2 54 33  5  2  2
 39 33 22  2 41  3 23  3 33  2  5 27  5  5 41  2 23  2 39 33 31 33 33 39
 39 41  3 39 23 33  2  3 23 18 18 25 41 41  4  3]","[22  5  2  2  2  2 27 22  4 18  4 23 33 39 33 41 18 21  2 33 33  5  2  2
 22 22 27  2 41  3 22  3  3  2  5 27  5  3 33  2 23  2 41 39 29 18 22 23
 23 41 22 41  5 22  2 54 27 18 54 10 27 41  4  3]",False,False,0.0,0.0,"[np.int64(55), np.int64(41), np.int64(42), np.int64(54), np.int64(30), np.int64(26), np.int64(56), np.int64(48), np.int64(28), np.int64(4), np.int64(10), np.int64(42), np.int64(20), np.int64(60), np.int64(36), np.int64(4), np.int64(9), np.int64(8), np.int64(5), np.int64(51), np.int64(10), np.int64(56), np.int64(47), np.int64(60), np.int64(52), np.int64(55), np.int64(31), np.int64(42), np.int64(11), np.int64(11), np.int64(22), np.int64(59), np.int64(33), np.int64(37), np.int64(24), np.int64(0), np.int64(26), np.int64(46), np.int64(14), np.int64(28), np.int64(10), np.int64(2), np.int64(56), np.int64(25), np.int64(17), np.int64(3), np.int64(36), np.int64(13), np.int64(16), np.int64(10), np.int64(38), np.int64(30), np.int64(54), np.int64(19), np.int64(25), np.int64(34), np.int64(30), np.int64(52), np.int64(19), np.int64(26), np.int64(34), np.int64(26), np.int64(16), np.int64(43)]","[np.int64(41), np.int64(58), np.int64(17), np.int64(27), np.int64(61), np.int64(42), np.int64(32), np.int64(37), np.int64(50), np.int64(46), np.int64(43), np.int64(4), np.int64(18), np.int64(56), np.int64(35), np.int64(23), np.int64(56), np.int64(45), np.int64(12), np.int64(20), np.int64(29), np.int64(48), np.int64(37), np.int64(12), np.int64(42), np.int64(11), np.int64(30), np.int64(20), np.int64(45), np.int64(40), np.int64(32), np.int64(22), np.int64(58), np.int64(42), np.int64(36), np.int64(6), np.int64(2), np.int64(22), np.int64(12), np.int64(15), np.int64(19), np.int64(59), np.int64(57), np.int64(13), np.int64(29), np.int64(48), np.int64(56), np.int64(41), np.int64(56), np.int64(12), np.int64(16), np.int64(54), np.int64(49), np.int64(44), np.int64(38), np.int64(33), np.int64(26), np.int64(55), np.int64(43), np.int64(30), np.int64(35), np.int64(47), np.int64(6), np.int64(13)]",False,False,0.0,0.0,"[22  5  2  2  2  2 27 41 41  5  5 33  3  5 33 27  5 49  2 33 33 41  2  2
 22 22  3  2 41  3 22 41  3  2  5 27  5  5 54  2 23  2 27 27 57 33  4  4
 23 54  3 41 54 22  2 41 54 18 18 34 33 27  4  3]","[22  5  2  2  2  2  3 39 41  5  5 33 54 39 33 27  5 58  2 54 33  5  2  2
 39  3 27  2 41  3 54 27  3  2  5 41  5  3 41  2 23  2 23  4 50 33  4 39
  5 54  5  5 23 54  2 41 22 18 54 30 41 27  4  3]",False,False,0.0,0.0,"[22  5  2  2  2  2  3 22  4  3  3 23  3  5  4 27  5  1  2 33 33  5  2  2
  3  3  3  2 41  3 22  3  3  2  5 27  5  3 33  2 23  2 22 27 24 18  4  4
  5 27  3  5  5 22  2  3 22 18  4  0 18  3  4  3]","[22  5  2  2  2  2 27 22 41  3  3 23  3 39 27 27  4 19  2 33 33  5  2  2
 22 22 27  2 41  3 22 27 23  2  5 27  5  3 54  2 23  2 27 27 57 18 22 23
 39 27 22 39  5 22  2  3 27 18 18 40 27 27  4  3]",False,False,0.015625,0.0,1.0,0.0,0.0,25,0,0,1.0,0.0,0.0,25,0,0,1.0,0.0,0.0,25,0,0,1.0,0.0,0.0,25,0,0,1.0,0.0,0.0,25,0,0,1.0,0.0,0.0,25,0,0,0.04,0.0,0.0,1,0,0,0.04,0.0,0.0,1,0,0
[0 0 0 ... 0 0 0],48,"[19 36 61 45 21 63 36 25 45 59 36 48 19 59 19 59 25 21 11 48 57 48 21 57
 47 48 38 47 25 45 48 25 45 47 59 11 48 48 48 36 45 19 45 59 19 48 47 48
 48 57 11 62 45 62 38 62 43 48 11 48 63 37 48 48]","[21 45 42 21 11 37 30 25 45 36 11 48 59 59 21 21 37 21 11 48 57 48 62 57
 47 48 36 47 21 37 48 11 45 21 59 21 48 48 48 36 45 62 19 59 19 48 30 48
 48 47 11 62 11 62 38 30  0 48 25 48 36 59 48 48]",False,False,0.0,0.0,"[np.int64(4), np.int64(21), np.int64(58), np.int64(17), np.int64(53), np.int64(2), np.int64(35), np.int64(23), np.int64(52), np.int64(20), np.int64(27), np.int64(26), np.int64(5), np.int64(39), np.int64(31), np.int64(4), np.int64(57), np.int64(48), np.int64(52), np.int64(31), np.int64(53), np.int64(8), np.int64(51), np.int64(29), np.int64(40), np.int64(4), np.int64(19), np.int64(21), np.int64(13), np.int64(35), np.int64(23), np.int64(10), np.int64(21), np.int64(19), np.int64(2), np.int64(28), np.int64(46), np.int64(43), np.int64(3), np.int64(47), np.int64(25), np.int64(11), np.int64(36), np.int64(34), np.int64(23), np.int64(41), np.int64(60), np.int64(8), np.int64(36), np.int64(63), np.int64(40), np.int64(34), np.int64(3), np.int64(57), np.int64(40), np.int64(1), np.int64(22), np.int64(47), np.int64(33), np.int64(0), np.int64(11), np.int64(25), np.int64(61), np.int64(0)]","[np.int64(49), np.int64(17), np.int64(52), np.int64(23), np.int64(49), np.int64(24), np.int64(37), np.int64(45), np.int64(0), np.int64(32), np.int64(33), np.int64(17), np.int64(28), np.int64(52), np.int64(54), np.int64(27), np.int64(36), np.int64(35), np.int64(20), np.int64(45), np.int64(11), np.int64(20), np.int64(36), np.int64(6), np.int64(17), np.int64(61), np.int64(45), np.int64(1), np.int64(15), np.int64(61), np.int64(60), np.int64(12), np.int64(51), np.int64(30), np.int64(63), np.int64(42), np.int64(1), np.int64(57), np.int64(53), np.int64(10), np.int64(47), np.int64(28), np.int64(53), np.int64(45), np.int64(51), np.int64(41), np.int64(23), np.int64(22), np.int64(6), np.int64(37), np.int64(50), np.int64(13), np.int64(39), np.int64(39), np.int64(52), np.int64(51), np.int64(43), np.int64(53), np.int64(40), np.int64(36), np.int64(19), np.int64(32), np.int64(62), np.int64(35)]",False,False,0.0,0.0,"[37 36 10 21 21 37 36 25 45 11 11 48 59 59 21 47 25 21 11 48 57 48 21 57
 47 48 36 47 25 45 48 11 45 63 38 30 48 48 48 21 47 19 11 25 21 48 45 48
 48 47 11 62 59 62 38 62 43 48 11 48 37 59 48 48]","[38 57 27 45 21 38 25 25 45 36 36 48 59 59 19 57 25 59 11 48 57 48 36 57
 47 48 36 47 21 45 48 11 21 47 59 11 48 48 48 21 45 19 45 62 19 48 21 48
 48 47 38 62 45 62 62 62  0 48 19 48 36 62 48 48]",False,False,0.0,0.0,"[19 36  1 21 11 19 19 25 45 11 11 48 19 59 19 11 25 21 11 48 57 48 19 57
 21 48 21 47 21 37 48 11 21 21 38 21 48 48 48 21 11 19 11 25 21 48 30 48
 48 21 11 11 11 21 38 30  0 48 11 48 19 45 48 48]","[19 45 13 21 11 19 30 62 45 59 11 48 19 59 19 59 37 21 11 48 57 48 19 57
 47 48 21 47 21 37 48 11 21 47 59 11 48 48 48 36 11 19 19 47 19 48 47 48
 48 47 11 11 11 62 38 30 29 48 11 48 19 62 48 48]",False,False,0.015625,0.0,1.0,0.0,0.0,25,0,0,1.0,0.0,0.0,25,0,0,1.0,0.0,0.0,25,0,0,1.0,0.0,0.0,25,0,0,1.0,0.0,0.0,25,0,0,1.0,0.0,0.0,25,0,0,0.04,0.0,0.0,1,0,0,0.04,0.0,0.0,1,0,0
[0 1 1 ... 0 1 0],0,"[ 0  0  0 34 34  1 59  2 56 12  0  0  0 48 53 47 10  0 11 12 17 56 34 17
  2  0  2  0 48 54 25 53 48 12  0 56 58  1 12 34 58 59 53 47 56 47 34  0
  0  1 12 59 27  0  0 56  0 34  0  0 34  2 25 48]","[ 0  0  0 11 34 10 59 12 58 12  0  0  0 10 48 56 10  0  2 54 25 48 34 58
 59  0 54  0 34 17 25 25  2 25  0 11  1  1 34 58 47 59 59 47 56 12 25  0
  0  1 54  1 58  0  0 27  0 17  0  0 34 56 17 48]",False,False,0.0,0.0,"[np.int64(42), np.int64(37), np.int64(34), np.int64(18), np.int64(59), np.int64(56), np.int64(55), np.int64(27), np.int64(25), np.int64(23), np.int64(61), np.int64(24), np.int64(49), np.int64(52), np.int64(18), np.int64(54), np.int64(62), np.int64(50), np.int64(22), np.int64(30), np.int64(60), np.int64(24), np.int64(35), np.int64(13), np.int64(2), np.int64(29), np.int64(21), np.int64(8), np.int64(33), np.int64(48), np.int64(2), np.int64(36), np.int64(13), np.int64(0), np.int64(21), np.int64(40), np.int64(60), np.int64(62), np.int64(54), np.int64(60), np.int64(59), np.int64(18), np.int64(1), np.int64(20), np.int64(14), np.int64(49), np.int64(56), np.int64(13), np.int64(36), np.int64(43), np.int64(13), np.int64(0), np.int64(8), np.int64(60), np.int64(63), np.int64(50), np.int64(31), np.int64(47), np.int64(15), np.int64(4), np.int64(16), np.int64(2), np.int64(58), np.int64(44)]","[np.int64(49), np.int64(5), np.int64(37), np.int64(48), np.int64(25), np.int64(35), np.int64(41), np.int64(21), np.int64(11), np.int64(10), np.int64(4), np.int64(49), np.int64(54), np.int64(34), np.int64(4), np.int64(36), np.int64(46), np.int64(20), np.int64(24), np.int64(45), np.int64(55), np.int64(6), np.int64(13), np.int64(19), np.int64(20), np.int64(58), np.int64(14), np.int64(36), np.int64(7), np.int64(33), np.int64(4), np.int64(4), np.int64(10), np.int64(40), np.int64(5), np.int64(52), np.int64(1), np.int64(59), np.int64(14), np.int64(58), np.int64(38), np.int64(41), np.int64(22), np.int64(17), np.int64(33), np.int64(0), np.int64(53), np.int64(33), np.int64(25), np.int64(47), np.int64(61), np.int64(44), np.int64(2), np.int64(6), np.int64(31), np.int64(59), np.int64(60), np.int64(40), np.int64(0), np.int64(35), np.int64(21), np.int64(23), np.int64(62), np.int64(20)]",False,False,0.0,0.0,"[ 0  0  0 34 27 34 34 53 34 12  0  0  0 10 53 47 48  0 59 10 17 56 34 11
 10  0 54  0 27 25  1  2 48 11  0 11  1 54 12 48 12 48 27 17 56 17 11  0
  0 34 54 47 10  0  0 27  0 47  0  0 56 25 10 48]","[ 0  0  0 34 34 54 59  2  1 48  0  0  0 10 48 56 59  0 11 54 25 56  1 59
 54  0 59  0 27 58 54 17 58 11  0 59 12 54 12 58 12 59 47 17 34 34 34  0
  0 34 10 12 11  0  0 59  0 34  0  0 48 25 10 48]",False,False,0.0,0.0,"[ 0  0  0 11 11 11 34 12  1 12  0  0  0 11  2 47 11  0 11 11 17  1  1 11
 10  0 17  0 27 17 25 17  2 11  0 11 12 17 34 34 12 12 10 17 25 12 11  0
  0  1  2  1 11  0  0 17  0 17  0  0 34  2 10 48]","[ 0  0  0 25 34  1 34 12 54 48  0  0  0 11 48 47 11  0 11 11 25  1  1 11
 59  0 54  0 34 54 54 25 58 11  0 11  1 54 12 34 47 59 59 48 25 17 25  0
  0  1 54  1 11  0  0 59  0 34  0  0 34 25 25 48]",False,False,0.015625,0.0,1.0,0.0,0.0,25,0,0,1.0,0.0,0.0,25,0,0,1.0,0.0,0.0,25,0,0,1.0,0.0,0.0,25,0,0,1.0,0.0,0.0,25,0,0,1.0,0.0,0.0,25,0,0,0.04,0.0,0.0,1,0,0,0.04,0.0,0.0,1,0,0
[0 1 0 ... 0 0 1],55,"[55 55 55  1 24 24 55 61 31 11 27 55 24 24 55 26 61 31 26 24 14 14  6 24
 55 27 55 55 26 14  2 55 26 61 55 55 35  2 11  1  6 24  2  0  1  2 26 11
 26  2 26 46  2 55  0 55 34 53  2 26  2 55 53 35]","[55 55 55 27 24 24 55 61 31 11 26 55 24  0 55 35 61 31  2 24 14  2  2 24
 55 27 55 55 26  0 11 55 61 31 55 55 31 61  1  2  6 24 14 61  0 14 35  2
 26  2 26 22  2 55 53 55 34 53  2 26 24 55 11 35]",False,False,0.0,0.0,"[np.int64(11), np.int64(20), np.int64(34), np.int64(57), np.int64(45), np.int64(26), np.int64(63), np.int64(38), np.int64(27), np.int64(45), np.int64(7), np.int64(44), np.int64(0), np.int64(18), np.int64(29), np.int64(22), np.int64(14), np.int64(16), np.int64(60), np.int64(26), np.int64(49), np.int64(10), np.int64(54), np.int64(10), np.int64(44), np.int64(5), np.int64(59), np.int64(52), np.int64(50), np.int64(8), np.int64(17), np.int64(33), np.int64(25), np.int64(26), np.int64(41), np.int64(34), np.int64(31), np.int64(12), np.int64(53), np.int64(12), np.int64(9), np.int64(22), np.int64(59), np.int64(32), np.int64(23), np.int64(20), np.int64(18), np.int64(58), np.int64(6), np.int64(17), np.int64(10), np.int64(52), np.int64(51), np.int64(13), np.int64(55), np.int64(21), np.int64(47), np.int64(46), np.int64(21), np.int64(53), np.int64(41), np.int64(15), np.int64(8), np.int64(63)]","[np.int64(49), np.int64(37), np.int64(29), np.int64(7), np.int64(38), np.int64(29), np.int64(12), np.int64(0), np.int64(10), np.int64(28), np.int64(19), np.int64(34), np.int64(56), np.int64(34), np.int64(50), np.int64(29), np.int64(22), np.int64(23), np.int64(6), np.int64(32), np.int64(7), np.int64(42), np.int64(41), np.int64(23), np.int64(48), np.int64(51), np.int64(49), np.int64(35), np.int64(60), np.int64(46), np.int64(17), np.int64(42), np.int64(44), np.int64(47), np.int64(42), np.int64(32), np.int64(49), np.int64(33), np.int64(26), np.int64(9), np.int64(48), np.int64(62), np.int64(55), np.int64(30), np.int64(29), np.int64(4), np.int64(48), np.int64(55), np.int64(33), np.int64(38), np.int64(37), np.int64(26), np.int64(61), np.int64(39), np.int64(29), np.int64(50), np.int64(13), np.int64(0), np.int64(45), np.int64(27), np.int64(32), np.int64(10), np.int64(15), np.int64(49)]",False,False,0.0,0.0,"[55 55 55  1 24  6 55 61 31 11 26 55 24 14 55 35 31 14  2 14 14 14  6 11
 55 27 55 55 53 14  1 55 61 61 55 55 34  2 11  1  6  1  2 11  0 14 35 11
  1  2 61 41 53 55  0 55 34  0  2 31  2 55 11 27]","[55 55 55  1 24 61 55 26 26 11  1 55 24  0 55 26 61  0 26 14 34 14  2 31
 55 27 55 55 26  0 35 55 61 61 55 55 26  2 35 14  6 24 14  0  0 34  6 35
 27  2 61 13  2 55  0 55 34 53  2 26 11 55  0 27]",False,False,0.0,0.0,"[55 55 55  1 24  6 55 26 14 11  1 55 24  0 55 26 31  0  2 14 14  2  2 11
 55 27 55 55  2  0  2 55  1  1 55 55 26  2  1  2  6  1  2  0  1  2  6  2
  1  2 27  5  2 55  0 55 34  0  2 26  2 55  2  6]","[55 55 55  1 24 24 55 61 14 11 26 55 24  0 55 35 61 14  2 24 14  2  2 24
 55 27 55 55  2  0 11 55  1  1 55 55  6  2 11  0  6 24  2  0  0  2  6 11
  1  2 61  9  2 55  0 55 34  0  2 26 11 55  0  6]",False,False,0.015625,0.0,1.0,0.0,0.0,25,0,0,1.0,0.0,0.0,25,0,0,1.0,0.0,0.0,25,0,0,1.0,0.0,0.0,25,0,0,1.0,0.0,0.0,25,0,0,1.0,0.0,0.0,25,0,0,0.04,0.0,0.0,1,0,0,0.04,0.0,0.0,1,0,0
[0 0 0 ... 1 1 0],17,"[50 49 24 55 60 40 25 10 17 50 17  8 60 52  8 62 25 17 55 62 50 10  8 38
 17 17 24 34 60 40 34 62 55 34 17 60 55 52 17 40 17 50  8 14 40 55 34 52
  8 17 17 25 17 25 10 17 24 60  8 34 17 34 17 62]","[38 49 24 55 60 52 40 10 17 50 17 62 60 52  8 24 40 17 38 62 38  8 50 38
 17 17 50 25 49 24 62 62 60  8 17 60 49 49 17 49 17 50 25 14  8 50 34 50
  8 17 17 52 17  8 50 17 52 60  8 38 17 34 17 62]",False,False,0.0,0.0,"[np.int64(3), np.int64(61), np.int64(63), np.int64(59), np.int64(33), np.int64(15), np.int64(35), np.int64(44), np.int64(0), np.int64(62), np.int64(22), np.int64(57), np.int64(2), np.int64(61), np.int64(20), np.int64(2), np.int64(10), np.int64(55), np.int64(8), np.int64(30), np.int64(17), np.int64(8), np.int64(26), np.int64(4), np.int64(3), np.int64(14), np.int64(58), np.int64(62), np.int64(45), np.int64(58), np.int64(9), np.int64(10), np.int64(58), np.int64(19), np.int64(39), np.int64(10), np.int64(23), np.int64(5), np.int64(24), np.int64(37), np.int64(21), np.int64(21), np.int64(43), np.int64(25), np.int64(44), np.int64(23), np.int64(34), np.int64(43), np.int64(57), np.int64(43), np.int64(44), np.int64(17), np.int64(30), np.int64(0), np.int64(37), np.int64(16), np.int64(49), np.int64(30), np.int64(19), np.int64(38), np.int64(56), np.int64(57), np.int64(14), np.int64(36)]","[np.int64(59), np.int64(51), np.int64(29), np.int64(0), np.int64(61), np.int64(10), np.int64(10), np.int64(19), np.int64(53), np.int64(56), np.int64(43), np.int64(34), np.int64(61), np.int64(18), np.int64(55), np.int64(61), np.int64(7), np.int64(7), np.int64(6), np.int64(58), np.int64(53), np.int64(27), np.int64(24), np.int64(44), np.int64(40), np.int64(31), np.int64(18), np.int64(52), np.int64(61), np.int64(49), np.int64(0), np.int64(23), np.int64(61), np.int64(54), np.int64(27), np.int64(12), np.int64(40), np.int64(6), np.int64(46), np.int64(12), np.int64(39), np.int64(18), np.int64(32), np.int64(8), np.int64(53), np.int64(46), np.int64(42), np.int64(19), np.int64(46), np.int64(23), np.int64(14), np.int64(40), np.int64(57), np.int64(47), np.int64(19), np.int64(0), np.int64(3), np.int64(55), np.int64(62), np.int64(1), np.int64(12), np.int64(1), np.int64(30), np.int64(55)]",False,False,0.0,0.0,"[25 24 25 52 60 24 25 10 17 50 17  8 60 10  8 62 55 17 38 34 38 10 10 10
 17 17 49 62 38  8  8 62 55 34 17 60 40 24 17 34 17 49  8 14 40 34 34 34
 52 17 17 62 17 40 10 17 25 60  8 38 17 60 17 62]","[25 50 25 38  8 24 25 10 17 50 17  8 49 52  8 50 25 17 55 62  8 50 50 10
 17 17 49 34 38  8 34 50 55 60 17 60 55 49 17 50 17 50  8 21 49 55 40 34
 34 17 17 25 17  8 10 17 25 60  8 38 17 40 17 62]",False,False,0.0,0.0,"[25 24 24 34  8 24 25 10 17  8 17  8 49 10  8 24 25 17 10 34  8  8 10 10
 17 17 24 25 24  8  8 50  8  8 17 60 10 24 17 34 17 50 25  7  8 34 34 25
  8 17 17 25 17  8 10 17 24 55  8 34 17 40 17 55]","[25 50 25 38 50 52 25 49 17 50 17 52 49 52  8 50 25 17 38 34 38 50 50 38
 17 17 49 34 38 60 38 50 50 55 17 60 55 49 17 38 17 50  8  6 49 50 34 50
 38 17 17 25 17 25 50 17 25 55  8 38 17 49 17 55]",False,False,0.015625,0.0,1.0,0.0,0.0,25,0,0,1.0,0.0,0.0,25,0,0,1.0,0.0,0.0,25,0,0,1.0,0.0,0.0,25,0,0,1.0,0.0,0.0,25,0,0,1.0,0.0,0.0,25,0,0,0.04,0.0,0.0,1,0,0,0.04,0.0,0.0,1,0,0
[1 1 0 ... 1 1 1],23,"[23 47 34  8 46 61  0 63 23 54 23  8 58 25 58 52  8 23 47 23 10  8  0 23
  0 23 17 47  8 44 43  1 46 58 23 10 17 58 58 19 23 10 10 23 23 34 23 23
 43  0 25 58 23 19 23 58 19 44 23 46 58 23 43 23]","[23  0 63 19 34 61 63 63 23 58 23 19 58 54 58 17  8 23 47 23 10 17  0 23
  0 23 54 43 25 44  8 33  8 63 23 43  0 61 54 19 23 10 46 23 23 17 23 23
 19 47 44 47 23 19 23 58 52 19 23 46 61 23 43 23]",False,False,0.0,0.0,"[np.int64(43), np.int64(43), np.int64(6), np.int64(46), np.int64(56), np.int64(40), np.int64(44), np.int64(5), np.int64(28), np.int64(56), np.int64(60), np.int64(13), np.int64(10), np.int64(61), np.int64(47), np.int64(30), np.int64(30), np.int64(3), np.int64(35), np.int64(39), np.int64(60), np.int64(26), np.int64(8), np.int64(0), np.int64(41), np.int64(3), np.int64(5), np.int64(28), np.int64(13), np.int64(33), np.int64(55), np.int64(61), np.int64(53), np.int64(53), np.int64(12), np.int64(28), np.int64(16), np.int64(9), np.int64(14), np.int64(11), np.int64(27), np.int64(27), np.int64(29), np.int64(44), np.int64(17), np.int64(12), np.int64(44), np.int64(22), np.int64(20), np.int64(24), np.int64(40), np.int64(10), np.int64(27), np.int64(8), np.int64(9), np.int64(3), np.int64(41), np.int64(1), np.int64(53), np.int64(51), np.int64(12), np.int64(13), np.int64(46), np.int64(2)]","[np.int64(27), np.int64(59), np.int64(51), np.int64(43), np.int64(57), np.int64(56), np.int64(21), np.int64(45), np.int64(27), np.int64(62), np.int64(12), np.int64(26), np.int64(30), np.int64(52), np.int64(17), np.int64(36), np.int64(54), np.int64(4), np.int64(53), np.int64(42), np.int64(58), np.int64(36), np.int64(44), np.int64(56), np.int64(8), np.int64(58), np.int64(27), np.int64(57), np.int64(34), np.int64(8), np.int64(37), np.int64(13), np.int64(11), np.int64(11), np.int64(47), np.int64(62), np.int64(29), np.int64(25), np.int64(21), np.int64(52), np.int64(43), np.int64(48), np.int64(5), np.int64(47), np.int64(48), np.int64(1), np.int64(38), np.int64(5), np.int64(36), np.int64(35), np.int64(24), np.int64(52), np.int64(11), np.int64(49), np.int64(52), np.int64(32), np.int64(8), np.int64(47), np.int64(38), np.int64(31), np.int64(22), np.int64(14), np.int64(41), np.int64(23)]",False,False,0.0,0.0,"[23 47 61  8  8 25 63 52 23  8 23  8 58 52 40 17 44 23 58 23 10 19 54 23
  0 23 17 47 10 58 44  9 54 63 23 44 17 47 46 19 23 10 46 23 23 34 23 23
 19 25 25  0 23 19 23 19 17 17 23 10 52 23 43 23]","[23 25 40  8 19 61  0 63 23 63 23  8 10 25 58 17  8 23 47 23 40 17 61 23
  0 23 17  0 25 58 43 33 40 63 23 40 25 10 46 19 23 10 10 23 23 52 23 23
 19 25 58  0 23 44 23 54 52 17 23 46 52 23 25 23]",False,False,0.0,0.0,"[23  0  8  8  8 25  0 43 23  8 23  8 10  0 40 17  8 23 19 23 10  8  0 23
  0 23 17  0  8 44  8  1  8 58 23  8  0 10  0 19 23 10 10 23 23 17 23 23
 17  0 25  0 23 17 23 10 17 17 23 10 40 23 25 23]","[23 47 47  8 46 61  0 52 23 58 23 19 10 25 58 52  8 23 47 23  0  8 61 23
 47 23 17 47  8 58  8 33 40 58 23  8 25 10 58 19 23 10 10 23 23 58 23 23
 19 47 25 47 23 19 23 58 52 19 23 40 61 23 25 23]",True,False,0.015625,0.0,1.0,0.0,0.0,25,0,0,1.0,0.0,0.0,25,0,0,1.0,0.0,0.0,25,0,0,1.0,0.0,0.0,25,0,0,1.0,0.0,0.0,25,0,0,1.0,0.0,0.0,25,0,0,0.04,1.0,1.0,1,1,25,0.04,0.0,0.0,1,0,0
[0 0 1 ... 1 0 1],54,"[54 54 44 29 54 44 54 46 56 46  1 54 50 56 26  1  4 56  6 26 29  6  0 57
  0 29 54 35 56 54 57 50  0  6  1 54 54  1 36 54 29 26 36  6 54  6 54 50
 29  6 54  0 46 35 54 56 54 54  6 29 54 36  6 35]","[54 54 26 57 54  6 54 46 50  0  0 54 50 35  4 60  4  4  6 44 35  0  6 35
  0 29 54 36 56 54 26 50 56 39  1 54 54 60  0 54 57 29 44  6 54  6 54 50
 56  6 54 39 57  6 54  6 54 54  6 39 54 36  6 29]",False,False,0.0,0.0,"[np.int64(53), np.int64(31), np.int64(13), np.int64(27), np.int64(57), np.int64(63), np.int64(57), np.int64(3), np.int64(61), np.int64(12), np.int64(17), np.int64(46), np.int64(37), np.int64(63), np.int64(40), np.int64(8), np.int64(31), np.int64(37), np.int64(20), np.int64(62), np.int64(15), np.int64(10), np.int64(4), np.int64(5), np.int64(55), np.int64(13), np.int64(6), np.int64(40), np.int64(53), np.int64(25), np.int64(0), np.int64(29), np.int64(6), np.int64(26), np.int64(35), np.int64(38), np.int64(49), np.int64(21), np.int64(45), np.int64(6), np.int64(10), np.int64(6), np.int64(19), np.int64(50), np.int64(53), np.int64(20), np.int64(2), np.int64(48), np.int64(27), np.int64(39), np.int64(21), np.int64(28), np.int64(11), np.int64(31), np.int64(19), np.int64(39), np.int64(1), np.int64(36), np.int64(17), np.int64(18), np.int64(58), np.int64(9), np.int64(52), np.int64(10)]","[np.int64(3), np.int64(27), np.int64(0), np.int64(50), np.int64(28), np.int64(19), np.int64(53), np.int64(12), np.int64(4), np.int64(38), np.int64(22), np.int64(10), np.int64(40), np.int64(34), np.int64(4), np.int64(33), np.int64(34), np.int64(20), np.int64(38), np.int64(59), np.int64(63), np.int64(16), np.int64(19), np.int64(19), np.int64(26), np.int64(15), np.int64(2), np.int64(62), np.int64(11), np.int64(8), np.int64(47), np.int64(22), np.int64(41), np.int64(32), np.int64(29), np.int64(60), np.int64(14), np.int64(16), np.int64(11), np.int64(45), np.int64(26), np.int64(43), np.int64(4), np.int64(39), np.int64(24), np.int64(41), np.int64(61), np.int64(44), np.int64(27), np.int64(16), np.int64(2), np.int64(31), np.int64(53), np.int64(33), np.int64(10), np.int64(26), np.int64(36), np.int64(45), np.int64(24), np.int64(62), np.int64(15), np.int64(28), np.int64(3), np.int64(50)]",False,False,0.0,0.0,"[54 54  0 29 54 44 54 46  4  4  1 54 50 35 60 60 11  4  6 44 35  6 39 57
  0 11 54 36 56 54  0 50 57 36  1 54 54 56  0 54 29 39 36  0 54  6 54 26
  0  6 54  0 57 11 54  0 54 54 26  6 54  4  6 46]","[54 54 50  0 54 50 54 46 56  0  0 54 50 56 26  1  4  4 11  6 44  0 39 57
  0 50 54 36 56 54 57 50  0 36  1 54 54 29 36 54 46 39 39 56 54  6 54  4
 56  6 54 36 57 11 54 29 54 54  6  6 54  4  6 44]",False,False,0.0,0.0,"[54 54  0  0 54  6 54 46  4  4  0 54 50 35  4  1  4  4  6  6 35  0  0  0
  0  0 54 35 56 54  0 36  0  6  1 54 54  1  0 54  0 26  4  6 54  6 54  4
  0  1 54  0 46  6 54  0 54 54  6  6 54  4  6 35]","[54 54 50 29 54  6 54 46  4  4  0 54 50 39  4  1  4  4  6  6 44  6  6  0
  0 50 54 36 56 54 57 44  0  6  1 54 54 56 36 54  1 39 44  6 54  6 54  4
 56  6 54 36 57  6 54  6 54 54  6 39 54  4  6 44]",False,False,0.015625,0.0,1.0,0.0,0.0,25,0,0,1.0,0.0,0.0,25,0,0,1.0,0.0,0.0,25,0,0,1.0,0.0,0.0,25,0,0,1.0,0.0,0.0,25,0,0,1.0,0.0,0.0,25,0,0,0.04,0.0,0.0,1,0,0,0.04,0.0,0.0,1,0,0
[0 1 0 ... 0 0 1],25,"[ 8 25 15 15 15 25 24 48 25 25  1  5 25 18 15 25 22 23 25  5 53  5 25 25
 25 25 34 61 23 48 34 25 57 61 25 15 61 25 61 62 37 25  8  9  5 57 31 12
 25 57  8  9 34 25 15  8 24 25  5 57 53 25 25 12]","[ 8 25 48 18 62 25 24 18 25 25 31  5 25 22 15 25 31  9 25 12  5 22 25 25
 25 25 61 31 22 48 34 25 61  9 25 31 15 25 15 34 48 25 12  5 22 24 12 37
 25 23  5 62 41 25 37 31  9 25  1 12 53 25 25 31]",False,False,0.0,0.0,"[np.int64(60), np.int64(58), np.int64(61), np.int64(49), np.int64(52), np.int64(0), np.int64(42), np.int64(55), np.int64(10), np.int64(44), np.int64(35), np.int64(4), np.int64(34), np.int64(24), np.int64(39), np.int64(63), np.int64(0), np.int64(26), np.int64(28), np.int64(32), np.int64(36), np.int64(57), np.int64(37), np.int64(32), np.int64(56), np.int64(17), np.int64(24), np.int64(49), np.int64(13), np.int64(59), np.int64(47), np.int64(10), np.int64(53), np.int64(53), np.int64(4), np.int64(41), np.int64(19), np.int64(37), np.int64(43), np.int64(44), np.int64(1), np.int64(27), np.int64(36), np.int64(5), np.int64(52), np.int64(18), np.int64(53), np.int64(20), np.int64(27), np.int64(61), np.int64(33), np.int64(49), np.int64(46), np.int64(1), np.int64(48), np.int64(27), np.int64(25), np.int64(46), np.int64(62), np.int64(27), np.int64(58), np.int64(15), np.int64(41), np.int64(60)]","[np.int64(33), np.int64(11), np.int64(52), np.int64(19), np.int64(37), np.int64(62), np.int64(51), np.int64(6), np.int64(59), np.int64(5), np.int64(2), np.int64(38), np.int64(61), np.int64(22), np.int64(40), np.int64(9), np.int64(20), np.int64(62), np.int64(55), np.int64(23), np.int64(13), np.int64(34), np.int64(40), np.int64(6), np.int64(4), np.int64(33), np.int64(46), np.int64(63), np.int64(32), np.int64(22), np.int64(16), np.int64(17), np.int64(19), np.int64(10), np.int64(4), np.int64(36), np.int64(21), np.int64(0), np.int64(47), np.int64(26), np.int64(10), np.int64(41), np.int64(37), np.int64(60), np.int64(2), np.int64(15), np.int64(43), np.int64(56), np.int64(41), np.int64(6), np.int64(19), np.int64(14), np.int64(26), np.int64(35), np.int64(62), np.int64(57), np.int64(55), np.int64(23), np.int64(9), np.int64(16), np.int64(39), np.int64(6), np.int64(51), np.int64(8)]",False,False,0.0,0.0,"[37 25 48 15 62 25 24 48 25 25 18  5 25 22 57 25 62  9 25 53 62 22 25 25
 25 25 12 61 23  5 22 25 22 57 25 31 57 25 15 31 37 25 18  5 12 41 31 18
 25 24 15 62 41 25 15  8 15 25 57 12  1 25 25 31]","[18 25 24 18 62 25 22 18 25 25  9  5 25 22  1 25 62  9 25 31 37 22 25 25
 25 25 12 61 23 48 22 25 31 24 25 31  8 25 15 34 48 25  8 23 12 31 31 12
 25 37  8  8  1 25 15 53 24 25  1 31 53 25 25 31]",False,False,0.0,0.0,"[18 25 24 12 15 25 24 15 25 25  9  5 25 23  1 25  1 23 25  9 53  5 25 25
 25 25 12 61 23  1  9 25 22  9 25 15  8 25 15 34  8 25 12  9 12 24 12 12
 25 15  5  9  1 25 18  1  9 25  5 31  1 25 25 31]","[18 25 15 18 62 25 24 15 25 25 31  5 25 18  1 25 31  9 25 31 62 22 25 25
 25 25 61 31 22  1  9 25 31 61 25 31  8 25 15 62  8 25  8 31 22 31 31 37
 25 24 31  8 61 25 18 31  9 25  5 31 31 25 25 31]",False,False,0.015625,0.0,1.0,0.0,0.0,25,0,0,1.0,0.0,0.0,25,0,0,1.0,0.0,0.0,25,0,0,1.0,0.0,0.0,25,0,0,1.0,0.0,0.0,25,0,0,1.0,0.0,0.0,25,0,0,0.04,0.0,0.0,1,0,0,0.04,0.0,0.0,1,0,0
[0 1 0 ... 1 1 0],52,"[19 19 30 56  6  9 52 49  6 52 52 10 31  6 30 35 52 49 16 52 54  6 55  6
 56 54 19 31 54 55 52 52 35 55 31 52 16  9 41 52 16 52 39 31 35 49 10  9
  6 52 31 39 52 41 52 52 52 49 19 30 54 41 41 49]","[16 56 30 56  6 54 52 39 56 52 52 41 31  6  6 35 52  6  9 52 41 10 54 49
 56 35  9 16 54 56 52 52 55 55 54 52 10  9 41 52  6 52  6 31 30 54 10  9
  9 52 39  6 52 35 52 52 52 31 55 31 54 41 41 30]",False,False,0.0,0.0,"[np.int64(51), np.int64(25), np.int64(15), np.int64(3), np.int64(46), np.int64(23), np.int64(27), np.int64(33), np.int64(53), np.int64(60), np.int64(49), np.int64(9), np.int64(31), np.int64(5), np.int64(32), np.int64(45), np.int64(31), np.int64(51), np.int64(52), np.int64(40), np.int64(31), np.int64(19), np.int64(22), np.int64(31), np.int64(42), np.int64(4), np.int64(56), np.int64(14), np.int64(32), np.int64(32), np.int64(42), np.int64(16), np.int64(22), np.int64(20), np.int64(16), np.int64(30), np.int64(49), np.int64(21), np.int64(41), np.int64(24), np.int64(21), np.int64(52), np.int64(36), np.int64(18), np.int64(28), np.int64(13), np.int64(22), np.int64(24), np.int64(30), np.int64(56), np.int64(14), np.int64(2), np.int64(63), np.int64(24), np.int64(14), np.int64(58), np.int64(34), np.int64(10), np.int64(6), np.int64(45), np.int64(8), np.int64(18), np.int64(12), np.int64(7)]","[np.int64(0), np.int64(41), np.int64(19), np.int64(44), np.int64(42), np.int64(27), np.int64(18), np.int64(48), np.int64(34), np.int64(57), np.int64(29), np.int64(38), np.int64(19), np.int64(12), np.int64(35), np.int64(54), np.int64(24), np.int64(18), np.int64(6), np.int64(20), np.int64(55), np.int64(46), np.int64(59), np.int64(30), np.int64(24), np.int64(46), np.int64(53), np.int64(57), np.int64(50), np.int64(57), np.int64(53), np.int64(52), np.int64(21), np.int64(16), np.int64(23), np.int64(55), np.int64(34), np.int64(56), np.int64(53), np.int64(5), np.int64(50), np.int64(21), np.int64(33), np.int64(53), np.int64(3), np.int64(9), np.int64(60), np.int64(45), np.int64(31), np.int64(20), np.int64(25), np.int64(5), np.int64(19), np.int64(39), np.int64(63), np.int64(1), np.int64(1), np.int64(4), np.int64(27), np.int64(45), np.int64(14), np.int64(27), np.int64(20), np.int64(42)]",False,False,0.0,0.0,"[16 56 30 55 49 30 52 31 56 52 52 10 31  6 49 35 52  6  9 52 35  6 10 49
 39 54 55 16 30 55 52 52 55 55 31 52 35 31 31 52 16 52 56  9 35 54 10  9
  6 52 31  6 52  6 52 52 52 30 39 35 54 35 19  6]","[39 10 35 31 41  9 52 16 54 52 52 41 31  6 30 35 52  6 16 52  6 19 55 49
 31 54 41 31 54 41 52 52 54 55 31 52 16 31 41 52 16 52  6 31 39 54 56 54
 55 52 55  6 52  6 52 52 52 31  6 31 54 41 41  6]",False,False,0.0,0.0,"[16 10 30 31  6  9 52 31  6 52 52 10 31  6  6 35 52  6  9 52  6  6 10  6
 31 16  9  6  6 19 52 52 35 55 31 52 10  9 31 52  6 52  6  9  6 49 10  6
  6 52 31  6 52  6 52 52 52 19  6 31 54 30 30  6]","[ 9 56 35 31  6  9 52 31 54 52 52 41 31  6  6 35 52 54  9 52 54  6 10  6
 31 54 41 31 54 41 52 52 54 55 31 52 10 31 41 52  6 52  6 10  6 54  9 31
  9 52 31  6 52  6 52 52 52 31  6 41 54 41 41  6]",False,False,0.015625,0.0,1.0,0.0,0.0,25,0,0,1.0,0.0,0.0,25,0,0,1.0,0.0,0.0,25,0,0,1.0,0.0,0.0,25,0,0,1.0,0.0,0.0,25,0,0,1.0,0.0,0.0,25,0,0,0.04,0.0,0.0,1,0,0,0.04,0.0,0.0,1,0,0
[0 0 0 ... 1 0 0],60,"[60 10 60 56 60 29 18 36 24 60 60 45 10 41  0  4 38 60 60 43 27  9 55 58
 60 38 60 60 45 60  0 18 26  2 24  9 60 17 60  4 38 60 60 60  4 60 29 20
 24  4 38 26 45 45 41 60 60 10 60 29 60 42 42  4]","[60 10 60 55 60 29 18  2 41 60 60 45 10 42 38 42 55 60 60 38 10 10 58 10
 60 45 60 60 58 60  0 18  9  0 24 24 60 10 60  4 56 60 60 60 36 60 29 11
 24 26 36 17  2 45 24 60 60 26 60 10 60 24 58 27]",False,False,0.0,0.0,"[np.int64(58), np.int64(62), np.int64(24), np.int64(6), np.int64(7), np.int64(21), np.int64(27), np.int64(4), np.int64(21), np.int64(17), np.int64(7), np.int64(15), np.int64(56), np.int64(43), np.int64(16), np.int64(21), np.int64(23), np.int64(48), np.int64(20), np.int64(39), np.int64(47), np.int64(57), np.int64(55), np.int64(3), np.int64(36), np.int64(23), np.int64(60), np.int64(40), np.int64(45), np.int64(8), np.int64(44), np.int64(8), np.int64(3), np.int64(58), np.int64(15), np.int64(27), np.int64(20), np.int64(15), np.int64(16), np.int64(25), np.int64(54), np.int64(26), np.int64(39), np.int64(53), np.int64(3), np.int64(29), np.int64(5), np.int64(0), np.int64(19), np.int64(60), np.int64(38), np.int64(9), np.int64(49), np.int64(17), np.int64(2), np.int64(6), np.int64(62), np.int64(19), np.int64(9), np.int64(57), np.int64(10), np.int64(20), np.int64(40), np.int64(11)]","[np.int64(27), np.int64(63), np.int64(37), np.int64(41), np.int64(1), np.int64(46), np.int64(22), np.int64(36), np.int64(47), np.int64(62), np.int64(36), np.int64(1), np.int64(20), np.int64(41), np.int64(48), np.int64(60), np.int64(33), np.int64(22), np.int64(10), np.int64(35), np.int64(9), np.int64(6), np.int64(25), np.int64(36), np.int64(34), np.int64(21), np.int64(27), np.int64(25), np.int64(21), np.int64(58), np.int64(12), np.int64(27), np.int64(7), np.int64(56), np.int64(37), np.int64(2), np.int64(12), np.int64(49), np.int64(19), np.int64(16), np.int64(1), np.int64(46), np.int64(48), np.int64(20), np.int64(49), np.int64(36), np.int64(27), np.int64(19), np.int64(34), np.int64(34), np.int64(17), np.int64(16), np.int64(21), np.int64(9), np.int64(3), np.int64(39), np.int64(18), np.int64(2), np.int64(26), np.int64(39), np.int64(3), np.int64(31), np.int64(18), np.int64(18)]",False,False,0.0,0.0,"[60 18 60 55 60 36 18 41 36 60 60 38  2  9 10 38 27 60 60 55 42 26  2 26
 60  2 60 60 58 60 27 18 26  2 24 26 60 17 60 29 38 60 60 60 26 60 42  5
 55 10 38 26 45  9  4 60 60 10 60 10 60 29 58  4]","[60 24 60 55 60  9 18 42 24 60 60 45  2 41 10 38 24 60 60 55 56  9 58 26
 60 45 60 60 56 60 43 45  9  0 58 24 60 55 60  2 38 60 60 60 26 60 29 52
 55 17 36 10  2 42 41 60 60 10 60 24 60 42 24 43]",False,False,0.0,0.0,"[60 10 60 56 60  9  4  2 24 60 60 38  2  9  0  4 24 60 60 27 10  9  2 10
 60  0 60 60 45 60  0 18 17  0 17 26 60 17 60  2  4 60 60 60  2 60  4  7
 24  4 36  0  2  2  4 60 60 10 60  4 60 43 42  4]","[60 24 60 56 60  9  4  9 36 60 60 45  2 42 17  4 24 60 60 38 42 10  2 45
 60 45 60 60 56 60  2 18 17  2 17 24 60 17 60 42 38 60 60 60  2 60 42 52
 55 26 36 10 45 45 24 60 60 42 60 24 60 42 24  4]",False,False,0.015625,0.0,1.0,0.0,0.0,25,0,0,1.0,0.0,0.0,25,0,0,1.0,0.0,0.0,25,0,0,1.0,0.0,0.0,25,0,0,1.0,0.0,0.0,25,0,0,1.0,0.0,0.0,25,0,0,0.04,0.0,0.0,1,0,0,0.04,0.0,0.0,1,0,0
[1 0 0 ... 0 0 0],58,"[11 53  8  5 58 58 36 30 58 58  9 58  4 41 53 16 58 36  9  8 11 42 11 31
 30 58 41 41 54 52 58 58 11 53  5 48 58 25 54 31 41 58 58 25 42 31 52 30
 58 31 42 54 58 58 58 25 31 16 58 43 25 54 30 30]","[11 53  4  4 58 58 54 48 58 58 54 58 36 41 48 42 58 48 41  8 36 52 25 42
 48 58 31 41 54 42 58 58 53 16 52 25 58 25 52 54 41 58 58 48 42  5 52  8
 58  9 11 54 58 58 58 25 36 16 58 40 25 52 41 30]",False,False,0.0,0.0,"[np.int64(13), np.int64(9), np.int64(15), np.int64(51), np.int64(5), np.int64(1), np.int64(52), np.int64(42), np.int64(21), np.int64(50), np.int64(15), np.int64(48), np.int64(5), np.int64(6), np.int64(36), np.int64(12), np.int64(30), np.int64(39), np.int64(26), np.int64(59), np.int64(34), np.int64(20), np.int64(7), np.int64(19), np.int64(7), np.int64(50), np.int64(53), np.int64(38), np.int64(27), np.int64(11), np.int64(9), np.int64(16), np.int64(62), np.int64(2), np.int64(20), np.int64(56), np.int64(52), np.int64(4), np.int64(31), np.int64(32), np.int64(15), np.int64(37), np.int64(39), np.int64(22), np.int64(48), np.int64(13), np.int64(59), np.int64(51), np.int64(27), np.int64(42), np.int64(12), np.int64(49), np.int64(35), np.int64(7), np.int64(58), np.int64(50), np.int64(29), np.int64(54), np.int64(5), np.int64(20), np.int64(12), np.int64(5), np.int64(3), np.int64(37)]","[np.int64(63), np.int64(29), np.int64(15), np.int64(40), np.int64(33), np.int64(30), np.int64(21), np.int64(59), np.int64(43), np.int64(52), np.int64(19), np.int64(54), np.int64(19), np.int64(13), np.int64(45), np.int64(38), np.int64(10), np.int64(47), np.int64(6), np.int64(41), np.int64(16), np.int64(28), np.int64(10), np.int64(36), np.int64(45), np.int64(40), np.int64(26), np.int64(35), np.int64(37), np.int64(32), np.int64(13), np.int64(6), np.int64(61), np.int64(41), np.int64(1), np.int64(6), np.int64(8), np.int64(18), np.int64(37), np.int64(38), np.int64(45), np.int64(47), np.int64(25), np.int64(12), np.int64(3), np.int64(61), np.int64(40), np.int64(56), np.int64(2), np.int64(37), np.int64(26), np.int64(7), np.int64(57), np.int64(25), np.int64(57), np.int64(37), np.int64(9), np.int64(48), np.int64(47), np.int64(4), np.int64(10), np.int64(13), np.int64(15), np.int64(14)]",False,False,0.0,0.0,"[11 53  8  4 58 58  4 48 58 58 42 58 31 41 52 11 58 36  9  4  5 42 25 42
 30 58 54 31 54  9 58 58 42 16 52 48 58 25 54 53 52 58 58 30 42 41  5 52
 58 30  5 11 58 58 58 25 52 25 58 43 25 52  5  8]","[11 54 53  4 58 58 36 48 58 58 16 58 31 41 48 42 58 53 41 25 53 42 25 31
 48 58 31 31 54 42 58 58 53  4 36  5 58 54 54 54 48 58 58 30 42 41  5  8
 58 30  5  4 58 58 58 25 36 16 58 40 25 54 42 36]",False,False,0.0,0.0,"[11 53  4  4 58 58  4 11 58 58  4 58  4 11  4  9 58 36  9  4  5  5 11 31
  8 58 31 31 25  9 58 58 11  4  5  5 58 25 52  5  9 58 58 11 42  5  4  8
 58  8  5  4 58 58 58  5 36 16 58 20 25 54  5  5]","[11 54  4  4 58 58  4 48 58 58  4 58 36 11 48 11 58 36 36 16 11  5 11 31
 48 58 41 41 25 36 58 58 11  4 36 25 58 36 52  5 36 58 58 48 42 41  4 48
 58 30 11  4 58 58 58 25 36 25 58 56 25 52 41 36]",False,False,0.015625,0.0,1.0,0.0,0.0,25,0,0,1.0,0.0,0.0,25,0,0,1.0,0.0,0.0,25,0,0,1.0,0.0,0.0,25,0,0,1.0,0.0,0.0,25,0,0,1.0,0.0,0.0,25,0,0,0.04,0.0,0.0,1,0,0,0.04,0.0,0.0,1,0,0
[1 0 0 ... 0 0 0],22,"[22 37 22 37 39 37 52 50 50 39 50 37 50 39 38 39 61 35 50 53 53 56 22 50
 53 50  0 52  0  2 39 53 60 50 56 50 52 22 37 22 50  2 53 50  2 52  2 50
 37 50 22  2 22 22 37 37 22 37 56 53  0 37 56 39]","[22 37 22 37  2 39 52  0 53 39  0 37  2 39 24 52 27 27 37 56 50 56 22 56
 53 50  0 52 37  2  0 53 20  2  2 50 52 22  0 22 52  0 53  2  2  2  2 50
 37 52 22  0 22 22 37 37 22  2 37 53  0 39 56 50]",False,False,0.0,0.0,"[np.int64(58), np.int64(6), np.int64(24), np.int64(19), np.int64(21), np.int64(26), np.int64(62), np.int64(56), np.int64(31), np.int64(40), np.int64(62), np.int64(61), np.int64(47), np.int64(53), np.int64(42), np.int64(52), np.int64(45), np.int64(56), np.int64(31), np.int64(26), np.int64(43), np.int64(62), np.int64(51), np.int64(20), np.int64(11), np.int64(38), np.int64(7), np.int64(29), np.int64(39), np.int64(40), np.int64(45), np.int64(52), np.int64(52), np.int64(38), np.int64(13), np.int64(42), np.int64(21), np.int64(44), np.int64(14), np.int64(53), np.int64(59), np.int64(51), np.int64(34), np.int64(35), np.int64(51), np.int64(46), np.int64(7), np.int64(12), np.int64(50), np.int64(59), np.int64(39), np.int64(14), np.int64(42), np.int64(12), np.int64(57), np.int64(34), np.int64(50), np.int64(53), np.int64(56), np.int64(20), np.int64(57), np.int64(40), np.int64(48), np.int64(38)]","[np.int64(37), np.int64(6), np.int64(5), np.int64(13), np.int64(9), np.int64(46), np.int64(50), np.int64(1), np.int64(22), np.int64(52), np.int64(24), np.int64(32), np.int64(35), np.int64(9), np.int64(31), np.int64(46), np.int64(58), np.int64(23), np.int64(25), np.int64(61), np.int64(2), np.int64(52), np.int64(38), np.int64(45), np.int64(37), np.int64(15), np.int64(46), np.int64(42), np.int64(45), np.int64(52), np.int64(60), np.int64(31), np.int64(31), np.int64(32), np.int64(13), np.int64(43), np.int64(20), np.int64(8), np.int64(42), np.int64(59), np.int64(3), np.int64(9), np.int64(32), np.int64(19), np.int64(50), np.int64(9), np.int64(43), np.int64(58), np.int64(51), np.int64(33), np.int64(14), np.int64(61), np.int64(25), np.int64(39), np.int64(30), np.int64(41), np.int64(17), np.int64(12), np.int64(61), np.int64(34), np.int64(16), np.int64(33), np.int64(18), np.int64(25)]",False,False,0.0,0.0,"[22 37 22 37 39 37 52 39 56 39 50 37 37 39 46 56  9 12 50 53 50 53 22 56
 52 50  0 52  0  2  0 53 41  2 37 37 37 22 37 22 50  2 53  2 39 52  2 50
 39 52 22  0 22 22 37 56 22  2 53 53  0 56 56 50]","[22 37 22 37 50 37 52 39 52 39 50 56 50 39 26 56 49 44 50 53 50 56 22 56
 52 50  0 37  0  2  0 53 13 50  0 37 52 22  0 22  0  2 53  2 39  2  2 50
 50 52 22  2 22 22 37 37 22 37 37 53  0 56 56 50]",False,False,0.0,0.0,"[22 37 22 37  2 37 52  0 50 39  0 37  2 37  1 37  9 12 37 53 37 53 22 50
 52 50  0 37  0  2  0 53  4  2  2 37 37 22  0 22  2  2 53  2  2  2  2 50
 37 52 22  0 22 22 37 37 22  2 37 53  0 37 56 39]","[22 37 22 37  2 39 52  0 52 39  0 56  2 56 24 52 49 27 50 56 53 56 22 50
 52 50  0 52  2  2 52 53 49  2  2 50 52 22  0 22  0  2 53  2  2  2  2 50
 39 52 22  0 22 22 37 56 22  2 56 53  0 56 56 50]",False,False,0.015625,0.0,1.0,0.0,0.0,25,0,0,1.0,0.0,0.0,25,0,0,1.0,0.0,0.0,25,0,0,1.0,0.0,0.0,25,0,0,1.0,0.0,0.0,25,0,0,1.0,0.0,0.0,25,0,0,0.04,0.0,0.0,1,0,0,0.04,0.0,0.0,1,0,0
[0 1 0 ... 0 0 1],55,"[55 55 55  1 24 34 55 61 14 11 26 55 24  0 55 61 31 31 34 14 34 53  2 53
 55 27 55 55 53 14 11 55 26 31 55 55 26  2 11 14  6 24 14 26 26 34 34 35
 27  2 26 46  2 55 53 55 34 11  2 26 24 55 61  6]","[55 55 55 27 24 31 55 26 31 11 53 55 24 14 55 26 61 31  2 14 34 61  2 24
 55 27 55 55 26  0  2 55 61  1 55 55 35  2 11  2  6 34  2  6  0 14 34  2
  1 27 61 54  2 55 53 55 34 53  2 26 24 55 34 34]",False,False,0.0,0.0,"[np.int64(42), np.int64(25), np.int64(4), np.int64(20), np.int64(26), np.int64(32), np.int64(52), np.int64(3), np.int64(61), np.int64(46), np.int64(17), np.int64(56), np.int64(43), np.int64(52), np.int64(35), np.int64(50), np.int64(23), np.int64(25), np.int64(59), np.int64(51), np.int64(34), np.int64(32), np.int64(23), np.int64(30), np.int64(2), np.int64(4), np.int64(38), np.int64(29), np.int64(6), np.int64(18), np.int64(7), np.int64(49), np.int64(27), np.int64(8), np.int64(42), np.int64(57), np.int64(58), np.int64(14), np.int64(39), np.int64(15), np.int64(62), np.int64(48), np.int64(60), np.int64(56), np.int64(35), np.int64(42), np.int64(9), np.int64(46), np.int64(45), np.int64(36), np.int64(63), np.int64(44), np.int64(44), np.int64(19), np.int64(36), np.int64(2), np.int64(44), np.int64(25), np.int64(43), np.int64(33), np.int64(60), np.int64(37), np.int64(36), np.int64(63)]","[np.int64(41), np.int64(27), np.int64(23), np.int64(12), np.int64(13), np.int64(47), np.int64(15), np.int64(9), np.int64(50), np.int64(44), np.int64(39), np.int64(37), np.int64(19), np.int64(36), np.int64(11), np.int64(12), np.int64(62), np.int64(47), np.int64(13), np.int64(32), np.int64(17), np.int64(32), np.int64(28), np.int64(52), np.int64(42), np.int64(17), np.int64(47), np.int64(4), np.int64(29), np.int64(23), np.int64(30), np.int64(17), np.int64(59), np.int64(29), np.int64(15), np.int64(54), np.int64(5), np.int64(30), np.int64(11), np.int64(31), np.int64(19), np.int64(46), np.int64(9), np.int64(44), np.int64(32), np.int64(41), np.int64(20), np.int64(29), np.int64(19), np.int64(45), np.int64(39), np.int64(37), np.int64(42), np.int64(35), np.int64(62), np.int64(16), np.int64(5), np.int64(46), np.int64(41), np.int64(59), np.int64(44), np.int64(52), np.int64(23), np.int64(62)]",False,False,0.0,0.0,"[55 55 55  1 24 31 55 26 26 11  1 55 24  0 55 35 31 31 34 14 14 53  2  1
 55 31 55 55 53  0 11 55 61 31 55 55 31  2  1  2  6  1 14 11 26  2 35 35
 26 53 61 56 53 55 53 55 34 53  2 26  2 55 53 35]","[55 55 55 31 24 24 55 26 14 11 26 55 24  0 55 35 31 31 26 14 14 14  2  1
 55 31 55 55  2 14 11 55  1  1 55 55 31  2 11  0  6 34 14  6 26  2 26 35
  1 27 61 56 53 55 53 55 34  0  2 26  2 55 11  6]",False,False,0.0,0.0,"[55 55 55  1 24  6 55 26 14 11  1 55 24  0 55 26 31  0  2 14 14  2  2 11
 55 27 55 55  2  0  2 55  1  1 55 55 26  2  1  2  6  1  2  0  1  2  6  2
  1  2 27  5  2 55  0 55 34  0  2 26  2 55  2  6]","[55 55 55  1 24 24 55 61 14 11 26 55 24  0 55 35 61 14  2 24 14  2  2 24
 55 27 55 55  2  0 11 55  1  1 55 55  6  2 11  0  6 24  2  0  0  2  6 11
  1  2 61  9  2 55  0 55 34  0  2 26 11 55  0  6]",False,False,0.015625,0.0,1.0,0.0,0.0,25,0,0,1.0,0.0,0.0,25,0,0,1.0,0.0,0.0,25,0,0,1.0,0.0,0.0,25,0,0,1.0,0.0,0.0,25,0,0,1.0,0.0,0.0,25,0,0,0.04,0.0,0.0,1,0,0,0.04,0.0,0.0,1,0,0
[1 0 0 ... 0 1 1],59,"[13 26 50 32 13 24 21 59 10 31 59 24 10 59 59 59 59 33 26 45 59 59 13 59
 59 47 59 54 54 24 21 59 59 59 24 15 54 45 54  7 32 31 16 47 51 59 45 59
 20 54 32 59 20 14 59 13 31 26 33 59 59 14 23 24]","[14 45 27 32 14 33 60 59 23 31 59 60  7 59 59 59 59 60 16 45 59 59 32 59
 59 14 59 54 20 24 31 59 59 59 21 54 23 45 10 21 47 31  7 47 51 59 54 59
 20 13 13 59 20 23 59 16 31 33 33 59 59 13 33 14]",False,False,0.0,0.0,"[np.int64(13), np.int64(63), np.int64(13), np.int64(28), np.int64(63), np.int64(4), np.int64(50), np.int64(61), np.int64(42), np.int64(61), np.int64(23), np.int64(63), np.int64(7), np.int64(28), np.int64(13), np.int64(20), np.int64(46), np.int64(55), np.int64(13), np.int64(49), np.int64(8), np.int64(21), np.int64(4), np.int64(10), np.int64(39), np.int64(9), np.int64(6), np.int64(32), np.int64(42), np.int64(17), np.int64(63), np.int64(14), np.int64(29), np.int64(29), np.int64(4), np.int64(5), np.int64(7), np.int64(35), np.int64(60), np.int64(29), np.int64(12), np.int64(47), np.int64(49), np.int64(36), np.int64(55), np.int64(19), np.int64(32), np.int64(54), np.int64(8), np.int64(38), np.int64(53), np.int64(63), np.int64(35), np.int64(21), np.int64(12), np.int64(6), np.int64(60), np.int64(14), np.int64(6), np.int64(13), np.int64(45), np.int64(54), np.int64(55), np.int64(61)]","[np.int64(50), np.int64(33), np.int64(31), np.int64(26), np.int64(6), np.int64(58), np.int64(8), np.int64(48), np.int64(11), np.int64(21), np.int64(8), np.int64(0), np.int64(4), np.int64(38), np.int64(33), np.int64(51), np.int64(15), np.int64(29), np.int64(35), np.int64(54), np.int64(26), np.int64(61), np.int64(50), np.int64(48), np.int64(16), np.int64(34), np.int64(7), np.int64(48), np.int64(58), np.int64(11), np.int64(33), np.int64(30), np.int64(16), np.int64(15), np.int64(55), np.int64(32), np.int64(26), np.int64(55), np.int64(9), np.int64(13), np.int64(4), np.int64(46), np.int64(33), np.int64(34), np.int64(54), np.int64(2), np.int64(36), np.int64(19), np.int64(44), np.int64(54), np.int64(8), np.int64(3), np.int64(13), np.int64(10), np.int64(26), np.int64(27), np.int64(13), np.int64(43), np.int64(20), np.int64(2), np.int64(1), np.int64(14), np.int64(38), np.int64(28)]",False,False,0.0,0.0,"[20 45  8 21 26 21 54 59 13 31 59 60 24 59 59 59 59 33 26 45 59 59 23 59
 59 54 59 15 21 10 21 59 59 59 21 54 23 45 21 21 13 45 26 13 51 59 13 59
 45 13 13 59 21 31 59 26 20 33 20 59 59 14 45  7]","[20 16 63 32 16 24 26 59 31 31 59 23 10 59 59 59 59 33 26 45 59 59 15 59
 59 54 59 31 20 10 31 59 59 59 24 32 54 26 23  7 32 15 26 45 60 59 23 59
 54  7 13 59 33 33 59  7 20 26 20 59 59 13 47 45]",False,False,0.0,0.0,"[14 16  8 21 14 21 21 59 10 13 59 16  7 59 59 59 59 13 16 45 59 59 10 59
 59 15 59 15 21 15 21 59 59 59 21 32 23 26 26  7 32 26 26 13 51 59 13 59
 21  7 13 59 10 14 59  7 31 26 10 59 59 14 13 14]","[20 16 43 32 16 33 60 59 31 31 59 60 24 59 59 59 59 33 16 45 59 59 15 59
 59 14 59 31 20 20 31 59 59 59 24 16 23 16 23  7 47 31 33 47 60 59 23 59
 20  7 14 59 31 31 59 24 31 33  7 59 59 14 33  7]",False,False,0.015625,0.0,1.0,0.0,0.0,25,0,0,1.0,0.0,0.0,25,0,0,1.0,0.0,0.0,25,0,0,1.0,0.0,0.0,25,0,0,1.0,0.0,0.0,25,0,0,1.0,0.0,0.0,25,0,0,0.04,0.0,0.0,1,0,0,0.04,0.0,0.0,1,0,0
[1 0 0 ... 0 0 0],27,"[ 7 51 27 13 47 24 60 27 61 61 26 27 26 27 27 29 11  2 60 39 39 62  6 14
 27 29 27 27 29 27 34 51 13 51 27 13 29  7 26 27  7 62 13 62 61 14  2 27
 39 62 29 27 47 13 14 34 24 34  7 61 27 27 27 29]","[62  7 27 13 34 60 60 27 61  7 14 27 26 27 27 29 61 13 34 34 13  7  6 14
 27 39 27 27 24 27 24 34 13 47 27 13 29 34 29 27 26 26 14 61 61  7 51 27
 39 13 34 27 29 39 14 29 24 34  2  7 27 27 27 29]",False,False,0.0,0.0,"[np.int64(4), np.int64(48), np.int64(7), np.int64(37), np.int64(51), np.int64(41), np.int64(3), np.int64(0), np.int64(37), np.int64(19), np.int64(43), np.int64(5), np.int64(33), np.int64(62), np.int64(23), np.int64(3), np.int64(17), np.int64(58), np.int64(25), np.int64(50), np.int64(11), np.int64(29), np.int64(56), np.int64(13), np.int64(6), np.int64(43), np.int64(54), np.int64(51), np.int64(48), np.int64(7), np.int64(29), np.int64(46), np.int64(30), np.int64(27), np.int64(40), np.int64(26), np.int64(55), np.int64(2), np.int64(1), np.int64(26), np.int64(46), np.int64(29), np.int64(43), np.int64(44), np.int64(8), np.int64(20), np.int64(62), np.int64(35), np.int64(17), np.int64(35), np.int64(37), np.int64(37), np.int64(32), np.int64(0), np.int64(18), np.int64(12), np.int64(38), np.int64(1), np.int64(6), np.int64(21), np.int64(46), np.int64(9), np.int64(63), np.int64(16)]","[np.int64(42), np.int64(22), np.int64(51), np.int64(35), np.int64(63), np.int64(44), np.int64(19), np.int64(7), np.int64(43), np.int64(33), np.int64(55), np.int64(43), np.int64(28), np.int64(41), np.int64(56), np.int64(27), np.int64(27), np.int64(32), np.int64(52), np.int64(58), np.int64(53), np.int64(33), np.int64(43), np.int64(22), np.int64(9), np.int64(56), np.int64(7), np.int64(26), np.int64(57), np.int64(4), np.int64(31), np.int64(34), np.int64(42), np.int64(46), np.int64(10), np.int64(48), np.int64(10), np.int64(61), np.int64(14), np.int64(28), np.int64(52), np.int64(54), np.int64(9), np.int64(62), np.int64(9), np.int64(29), np.int64(56), np.int64(32), np.int64(29), np.int64(22), np.int64(2), np.int64(37), np.int64(47), np.int64(51), np.int64(60), np.int64(39), np.int64(28), np.int64(0), np.int64(2), np.int64(27), np.int64(11), np.int64(42), np.int64(59), np.int64(35)]",False,False,0.0,0.0,"[ 7 47 27 47 47  7 26 27  2  7 29 27  2 27 27 61 26  2 34 34 39  7  6 39
 27 29 27 27 39 27 34 34 13 47 27 51 29 34 29 27  7 62 14  7 61 14  2 27
 11 13 34 27  7 39 51 24 11 13 26  7 27 27 27 51]","[ 7 39 27 13 47 24 47 27 26 61 29 27 26 27 27 14  2 13 34 34 39 13 18 47
 27 39 27 27 39 27 39 34 24 51 27  7 29 34 26 27  7  2 29 51 61 34 51 27
 39 13 34 27 29 13 51 26 60 13 26 61 27 27 27 29]",False,False,0.0,0.0,"[ 7  2 27 13 14  2 26 27  2  7  7 27  2 27 27 14 11 13  2 34 13  7  6 14
 27 29 27 27 24 27 14 34 24 47 27  7 11  7  2 27  7  2 13  7 61  7  2 27
 11 13 34 27  7 13 14 14 11 13  2  7 27 27 27 29]","[ 7 13 27 13 13  7 26 27 61 61 13 27 51 27 27 61 34 13 29 39 13  7 19  7
 27 51 27 27 39 27 34 34 13 51 27 13 34 34 26 27 13 13 13 14 61 14 34 27
 13 13 29 27  7 13 51 14 51 13 13 61 27 27 27 29]",False,False,0.015625,0.0,1.0,0.0,0.0,25,0,0,1.0,0.0,0.0,25,0,0,1.0,0.0,0.0,25,0,0,1.0,0.0,0.0,25,0,0,1.0,0.0,0.0,25,0,0,1.0,0.0,0.0,25,0,0,0.04,0.0,0.0,1,0,0,0.04,0.0,0.0,1,0,0
[0 1 0 ... 0 0 1],43,"[43 42 43 43 43  3 43 44 43 43 52 52 54  4 23 43  8 43 42  4 15 22 43 43
 44 45 61 22 52 45 42 44 62 44 44  0 43 43 43 36 38 52 43 43 43 43 37 36
 61  9 54 23 43 17 43 43  6 44  9  0  4 43 43  0]","[43 55 43 43 43 42 43 15 43 43 62 37 54  6 37 43 17 43 45  4 15 54 43 43
  9 17 38 22 52  0  3 55  9  9 17 44 43 43 43 42 15  9 43 43 43 43 55 52
 61  9 37  2 43 15 43 43  4 37 54 61 61 43 43 22]",False,False,0.0,0.0,"[np.int64(49), np.int64(39), np.int64(58), np.int64(45), np.int64(63), np.int64(33), np.int64(61), np.int64(0), np.int64(38), np.int64(58), np.int64(63), np.int64(42), np.int64(7), np.int64(6), np.int64(43), np.int64(23), np.int64(53), np.int64(53), np.int64(18), np.int64(56), np.int64(16), np.int64(45), np.int64(56), np.int64(37), np.int64(51), np.int64(7), np.int64(34), np.int64(46), np.int64(50), np.int64(4), np.int64(39), np.int64(37), np.int64(61), np.int64(4), np.int64(2), np.int64(28), np.int64(30), np.int64(3), np.int64(36), np.int64(7), np.int64(23), np.int64(50), np.int64(23), np.int64(0), np.int64(29), np.int64(46), np.int64(27), np.int64(40), np.int64(7), np.int64(57), np.int64(22), np.int64(44), np.int64(45), np.int64(32), np.int64(46), np.int64(58), np.int64(32), np.int64(32), np.int64(50), np.int64(60), np.int64(36), np.int64(50), np.int64(40), np.int64(27)]","[np.int64(40), np.int64(8), np.int64(5), np.int64(37), np.int64(8), np.int64(58), np.int64(34), np.int64(1), np.int64(14), np.int64(44), np.int64(55), np.int64(41), np.int64(40), np.int64(8), np.int64(48), np.int64(11), np.int64(50), np.int64(23), np.int64(35), np.int64(12), np.int64(0), np.int64(6), np.int64(33), np.int64(26), np.int64(9), np.int64(58), np.int64(1), np.int64(38), np.int64(45), np.int64(22), np.int64(9), np.int64(20), np.int64(39), np.int64(48), np.int64(47), np.int64(55), np.int64(16), np.int64(25), np.int64(3), np.int64(9), np.int64(58), np.int64(29), np.int64(44), np.int64(20), np.int64(46), np.int64(22), np.int64(40), np.int64(53), np.int64(63), np.int64(38), np.int64(58), np.int64(17), np.int64(7), np.int64(62), np.int64(63), np.int64(0), np.int64(20), np.int64(14), np.int64(18), np.int64(15), np.int64(52), np.int64(35), np.int64(32), np.int64(22)]",False,False,0.0,0.0,"[43  0 43 43 43 54 43 44 43 43  3 52 55 52 54 43 17 43 52  8 22  4 43 43
 44 45 55 55 17  3  4 55  9  9 17 44 43 43 43 23 38  3 43 43 43 43 36 44
 62  6  0  2 43 15 43 43  4 45  6  0 54 43 43  2]","[43  0 43 43 43  3 43 15 43 43 36 42 15 52 23 43 37 43 36  3 61  4 43 43
  9 37 52 17 23 38 15 55  8 38 44  0 43 43 43  3 38 37 43 43 43 43 55  0
 61  6  3 22 43 15 43 43 23 37 44  0  6 43 43  2]",False,False,0.0,0.0,"[43 15 43 43 43 23 43 15 43 43  6  6 15  4  0 43  8 43  0  8  0  8 43 43
  6  0  3 17  0  0  2  2  8 15  2  0 43 43 43  6 15  8 43 43 43 43 15  0
  0  8  0  2 43  2 43 43  4 44  6  0  2 43 43  0]","[43  9 43 43 43  3 43 15 43 43 37 37 61  4 37 43 37 43  6  3 61  4 43 43
  9 37 52 22 52 37  4 52  9  9 38 62 43 43 43  3 37  9 43 43 43 43 37 52
 61  9 37 61 43 37 43 43  4 37  9 15  8 43 43 22]",False,False,0.015625,0.0,1.0,0.0,0.0,25,0,0,1.0,0.0,0.0,25,0,0,1.0,0.0,0.0,25,0,0,1.0,0.0,0.0,25,0,0,1.0,0.0,0.0,25,0,0,1.0,0.0,0.0,25,0,0,0.04,0.0,0.0,1,0,0,0.04,0.0,0.0,1,0,0
[0 0 1 ... 1 0 0],31,"[31 61 20 34 23 36 31 21 24  0 62 29 57  0  6 34 46 44 23  8 31 31 29 31
 31 20 24 34 23 31 62 31 62 20 31 56 31 57 29 34 23 20  6  6 31 31 31 46
  6 61 58 24 44 61 62 24 31 31 31 56 61 31 31 36]","[31 57 34 34 57 58 31 62 36  6 34 58 29  0 20 29 29  6 45 35 31 31 29 31
 31 20 57 45 46 31 36 31 34 57 31  0 31 21 34 58 58 44  6  6 31 31 31  0
  6 20 58 62 58 24 58 24 31 31 31 56 44 31 31 20]",False,False,0.0,0.0,"[np.int64(22), np.int64(50), np.int64(0), np.int64(24), np.int64(25), np.int64(47), np.int64(51), np.int64(12), np.int64(41), np.int64(23), np.int64(35), np.int64(30), np.int64(41), np.int64(63), np.int64(27), np.int64(0), np.int64(0), np.int64(34), np.int64(15), np.int64(48), np.int64(22), np.int64(40), np.int64(1), np.int64(56), np.int64(17), np.int64(48), np.int64(41), np.int64(48), np.int64(30), np.int64(47), np.int64(58), np.int64(27), np.int64(32), np.int64(40), np.int64(12), np.int64(7), np.int64(8), np.int64(28), np.int64(26), np.int64(7), np.int64(0), np.int64(24), np.int64(39), np.int64(14), np.int64(56), np.int64(10), np.int64(10), np.int64(8), np.int64(49), np.int64(38), np.int64(11), np.int64(6), np.int64(0), np.int64(9), np.int64(62), np.int64(38), np.int64(15), np.int64(56), np.int64(4), np.int64(32), np.int64(23), np.int64(39), np.int64(26), np.int64(20)]","[np.int64(25), np.int64(45), np.int64(7), np.int64(61), np.int64(21), np.int64(52), np.int64(57), np.int64(22), np.int64(37), np.int64(22), np.int64(5), np.int64(28), np.int64(5), np.int64(23), np.int64(22), np.int64(55), np.int64(40), np.int64(42), np.int64(37), np.int64(30), np.int64(60), np.int64(43), np.int64(46), np.int64(18), np.int64(34), np.int64(4), np.int64(27), np.int64(32), np.int64(23), np.int64(25), np.int64(37), np.int64(23), np.int64(0), np.int64(10), np.int64(49), np.int64(6), np.int64(15), np.int64(61), np.int64(52), np.int64(4), np.int64(59), np.int64(61), np.int64(45), np.int64(37), np.int64(4), np.int64(59), np.int64(26), np.int64(11), np.int64(63), np.int64(61), np.int64(17), np.int64(60), np.int64(54), np.int64(40), np.int64(62), np.int64(30), np.int64(3), np.int64(26), np.int64(62), np.int64(32), np.int64(18), np.int64(24), np.int64(31), np.int64(20)]",False,False,0.0,0.0,"[31 57 61 34 57  6 31 57 24  0 21 58 56  0  6 23 58 56 36 14 31 31 29 31
 31 57 46 45 21 31 44 31 34 20 31 56 31 61 29 34 23 46 23 29 31 31 31 57
 56 23 20 61 44 56 62  6 31 31 31 34 61 31 31 45]","[31 44 61 56 21 36 31 56 36 62 34 58 20 29 20 29 29 34 45 35 31 31 29 31
 31 62 57 45 46 31 29 31 34 57 31  0 31 57 34  0 58 56 24 61 31 31 31 57
 44 61 20 24 58  0 44  6 31 31 31 56 61 31 31 20]",False,False,0.0,0.0,"[31 23  0  0 20  6 31  6  6  0 20 20 20  0  6 29 29  6  6  2 31 31 29 31
 31 21 20  6 21 31 21 31 23 20 31  0 31 21 29  0 29 20  6  0 31 31 31  0
  6 20 20 23 44  0  6  6 31 31 31 23 44 31 31  6]","[31 46  0  0 58 36 31 56 34  0 34 29 36  0 29 34 29 34 44 51 31 31 29 31
 31 46 57 34 21 31 29 31 34 57 31 56 31 56 34  0 58 56 24  0 31 31 31 57
 56 20 20 62 44 56 34 24 31 31 31 34 44 31 31 20]",False,False,0.015625,0.0,1.0,0.0,0.0,25,0,0,1.0,0.0,0.0,25,0,0,1.0,0.0,0.0,25,0,0,1.0,0.0,0.0,25,0,0,1.0,0.0,0.0,25,0,0,1.0,0.0,0.0,25,0,0,0.04,0.0,0.0,1,0,0,0.04,0.0,0.0,1,0,0
[0 1 0 ... 0 0 1],55,"[55 55 55  1 24 34 55 26 26 11 53 55 24 24 55 35 31  0 26 24 53 14  2 53
 55 31 55 55 26  0 11 55  1 31 55 55 26 61 35  0  6 53  2  6 26 26 26 53
 11  2 27 13 53 55 53 55 34 24  2 26 11 55  2 27]","[55 55 55  1 24  6 55 26 31 11  1 55 24 14 55 26 31  0 34 24 34 53  2 24
 55 31 55 55  1  0  2 55  1 61 55 55 34  2 35  0  6  1  2  0  0 34 34 11
  1 53 26 19  2 55  0 55 34 24  2 26  2 55 61  6]",False,False,0.0,0.0,"[np.int64(49), np.int64(16), np.int64(3), np.int64(60), np.int64(18), np.int64(2), np.int64(3), np.int64(38), np.int64(54), np.int64(14), np.int64(36), np.int64(32), np.int64(52), np.int64(13), np.int64(35), np.int64(6), np.int64(20), np.int64(15), np.int64(3), np.int64(33), np.int64(55), np.int64(26), np.int64(49), np.int64(15), np.int64(6), np.int64(31), np.int64(53), np.int64(51), np.int64(24), np.int64(44), np.int64(20), np.int64(30), np.int64(20), np.int64(23), np.int64(34), np.int64(54), np.int64(9), np.int64(46), np.int64(30), np.int64(16), np.int64(42), np.int64(8), np.int64(29), np.int64(2), np.int64(9), np.int64(3), np.int64(0), np.int64(36), np.int64(59), np.int64(27), np.int64(62), np.int64(61), np.int64(54), np.int64(63), np.int64(25), np.int64(51), np.int64(59), np.int64(26), np.int64(62), np.int64(36), np.int64(28), np.int64(24), np.int64(23), np.int64(11)]","[np.int64(15), np.int64(31), np.int64(38), np.int64(8), np.int64(23), np.int64(38), np.int64(42), np.int64(11), np.int64(27), np.int64(17), np.int64(32), np.int64(61), np.int64(40), np.int64(31), np.int64(24), np.int64(38), np.int64(44), np.int64(41), np.int64(43), np.int64(51), np.int64(6), np.int64(38), np.int64(30), np.int64(54), np.int64(60), np.int64(14), np.int64(43), np.int64(26), np.int64(24), np.int64(16), np.int64(59), np.int64(7), np.int64(38), np.int64(2), np.int64(1), np.int64(49), np.int64(11), np.int64(20), np.int64(63), np.int64(28), np.int64(20), np.int64(9), np.int64(57), np.int64(28), np.int64(49), np.int64(6), np.int64(11), np.int64(62), np.int64(3), np.int64(32), np.int64(7), np.int64(53), np.int64(29), np.int64(41), np.int64(17), np.int64(48), np.int64(0), np.int64(2), np.int64(48), np.int64(29), np.int64(20), np.int64(17), np.int64(15), np.int64(2)]",False,False,0.0,0.0,"[55 55 55  1 24  6 55 26 14 11 27 55 24 24 55 61 61 31  2 14 34 53  2  1
 55 27 55 55  2  0  1 55  1  1 55 55  6 61 11  0  6 53  2 61  1 26 35 35
 11 27 27 38  2 55  0 55 34 24  2 31 11 55 53  1]","[55 55 55  1 24 31 55 61 31 11 26 55 24  0 55 35 31 31  2 24 34 14  2 11
 55 27 55 55 26  0  1 55  1 61 55 55 31  2  1  2  6  1 61 11  0 34  6 11
 27  2 61 45 53 55  0 55 34 53  2 26 11 55  0 35]",False,False,0.0,0.0,"[55 55 55  1 24  6 55 26 14 11  1 55 24  0 55 26 31  0  2 14 14  2  2 11
 55 27 55 55  2  0  2 55  1  1 55 55 26  2  1  2  6  1  2  0  1  2  6  2
  1  2 27  5  2 55  0 55 34  0  2 26  2 55  2  6]","[55 55 55  1 24 24 55 61 14 11 26 55 24  0 55 35 61 14  2 24 14  2  2 24
 55 27 55 55  2  0 11 55  1  1 55 55  6  2 11  0  6 24  2  0  0  2  6 11
  1  2 61  9  2 55  0 55 34  0  2 26 11 55  0  6]",False,False,0.015625,0.0,1.0,0.0,0.0,25,0,0,1.0,0.0,0.0,25,0,0,1.0,0.0,0.0,25,0,0,1.0,0.0,0.0,25,0,0,1.0,0.0,0.0,25,0,0,1.0,0.0,0.0,25,0,0,0.04,0.0,0.0,1,0,0,0.04,0.0,0.0,1,0,0
[1 0 1 ... 0 0 1],54,"[40  4 40  9 54 30  4 42 45 54 19  4 40 23 47 42  9 20 45 54 54 54 60 30
 58 52 60 60 30 20 54 30 20 54 20 56 19 30  4 30 54 47 54 45 21 54 58 54
 21 20 30 19 54 33 54 21  9 20 54 30 54 30 60 10]","[40 47 20 19 54 45 52 42 42 54 58 30 52 41 33 42 20  4 45 54 54 54  9 42
 33 58 47 60 42 60 54 20 19 54 45  2 33 30 19 20 54 33 54 45 21 54 58 54
  4  9 42 19 54 33 54 19  9 21 54 40 54 30 30 23]",False,False,0.0,0.0,"[np.int64(56), np.int64(56), np.int64(62), np.int64(4), np.int64(9), np.int64(23), np.int64(28), np.int64(43), np.int64(8), np.int64(55), np.int64(16), np.int64(62), np.int64(10), np.int64(42), np.int64(16), np.int64(5), np.int64(10), np.int64(59), np.int64(31), np.int64(55), np.int64(53), np.int64(26), np.int64(18), np.int64(61), np.int64(12), np.int64(34), np.int64(10), np.int64(38), np.int64(45), np.int64(39), np.int64(22), np.int64(31), np.int64(36), np.int64(7), np.int64(35), np.int64(54), np.int64(34), np.int64(37), np.int64(1), np.int64(13), np.int64(16), np.int64(2), np.int64(27), np.int64(19), np.int64(21), np.int64(32), np.int64(55), np.int64(1), np.int64(51), np.int64(0), np.int64(9), np.int64(13), np.int64(45), np.int64(61), np.int64(17), np.int64(48), np.int64(22), np.int64(19), np.int64(45), np.int64(2), np.int64(55), np.int64(50), np.int64(8), np.int64(60)]","[np.int64(12), np.int64(57), np.int64(22), np.int64(9), np.int64(16), np.int64(27), np.int64(32), np.int64(62), np.int64(41), np.int64(49), np.int64(54), np.int64(0), np.int64(13), np.int64(43), np.int64(23), np.int64(12), np.int64(41), np.int64(41), np.int64(14), np.int64(42), np.int64(9), np.int64(45), np.int64(40), np.int64(3), np.int64(4), np.int64(46), np.int64(37), np.int64(34), np.int64(41), np.int64(0), np.int64(30), np.int64(37), np.int64(43), np.int64(39), np.int64(50), np.int64(58), np.int64(7), np.int64(48), np.int64(61), np.int64(32), np.int64(31), np.int64(41), np.int64(49), np.int64(35), np.int64(44), np.int64(30), np.int64(49), np.int64(34), np.int64(43), np.int64(60), np.int64(18), np.int64(57), np.int64(11), np.int64(19), np.int64(45), np.int64(32), np.int64(58), np.int64(58), np.int64(0), np.int64(56), np.int64(59), np.int64(53), np.int64(14), np.int64(51)]",False,False,0.0,0.0,"[40 47 20  9 54 33  4 19 42 54 19 40 60 12 47 42  9  4 45 54 54 54 33 42
 45 52 47  4 30  4 54  9 19 54 45 55 42 58 52 19 54 42 54 45 21 54 58 54
 21  4 42 20 54  4 54 21  9  9 54 21 54 19 21 29]","[40 47 40  9 54 33  4 19 19 54 58  4 33 62 47 42 58 20 45 54 54 54  9 30
 45 20 52  4  4 20 54 47 19 54 40 17 33 20 58 19 54 20 54 45 45 54  4 54
  9  9 21 19 54 19 54 19  4  9 54 30 54 19 30 18]",False,False,0.0,0.0,"[40  4 20  4 54 30  4 19 19 54 19  4  9  1 30 40  9  4  9 54 54 54  9 33
 33 21 40  4  4  4 54  9 19 54 20  2 21 20  4 20 54 21 54 45 21 54  4 54
  9  4  4 33 54  4 54 19  4  9 54 19 54 19 21 10]","[40  4 40 42 54 47 19 42 19 54 19 58 33  1 30 42 58 60 19 54 54 54 47 42
 58 58 47 58  4 60 54 30 19 54 42 38 42 30 19 19 54 42 54 45 21 54 58 54
 30 19 42 19 54 33 54 19  4  9 54 19 54 19 30 18]",False,False,0.015625,0.0,1.0,0.0,0.0,25,0,0,1.0,0.0,0.0,25,0,0,1.0,0.0,0.0,25,0,0,1.0,0.0,0.0,25,0,0,1.0,0.0,0.0,25,0,0,1.0,0.0,0.0,25,0,0,0.04,0.0,0.0,1,0,0,0.04,0.0,0.0,1,0,0
[1 0 0 ... 0 0 1],39,"[52 57  3 39 39 32 39  4 39 32 59 59 33 24 28 53  4 28 32 61 33  4 59 33
 39 28 24 33 39 57 53 61 39 39 52 59 59 33 57 39 52  6  3 53 59 61  6 59
 53 24  4 57 39 39 33 28  8 39  6 39 57 39 28 33]","[61 32  3 39 39 32 39  4 39 28  3  3  6 53  8 61  4  3 24 61 33 32 33 28
 39 28 24  8 39 57 53  3 39 39 53 53 57 33  8 39  8  6  3 28 53 61 61 59
 28 53 24 57 39 39 32  6  6 39  6 39 53 39  4 52]",False,False,0.0,0.0,"[np.int64(18), np.int64(26), np.int64(44), np.int64(26), np.int64(16), np.int64(38), np.int64(43), np.int64(24), np.int64(0), np.int64(47), np.int64(12), np.int64(4), np.int64(63), np.int64(58), np.int64(23), np.int64(25), np.int64(45), np.int64(61), np.int64(23), np.int64(61), np.int64(9), np.int64(50), np.int64(40), np.int64(22), np.int64(49), np.int64(50), np.int64(31), np.int64(61), np.int64(23), np.int64(21), np.int64(33), np.int64(26), np.int64(61), np.int64(44), np.int64(27), np.int64(43), np.int64(59), np.int64(28), np.int64(3), np.int64(27), np.int64(22), np.int64(12), np.int64(62), np.int64(43), np.int64(17), np.int64(63), np.int64(24), np.int64(56), np.int64(18), np.int64(13), np.int64(15), np.int64(30), np.int64(26), np.int64(44), np.int64(11), np.int64(31), np.int64(62), np.int64(8), np.int64(61), np.int64(51), np.int64(59), np.int64(47), np.int64(24), np.int64(23)]","[np.int64(30), np.int64(54), np.int64(55), np.int64(12), np.int64(38), np.int64(50), np.int64(31), np.int64(39), np.int64(54), np.int64(44), np.int64(5), np.int64(15), np.int64(18), np.int64(12), np.int64(11), np.int64(32), np.int64(26), np.int64(25), np.int64(49), np.int64(0), np.int64(2), np.int64(36), np.int64(37), np.int64(17), np.int64(50), np.int64(11), np.int64(32), np.int64(57), np.int64(32), np.int64(25), np.int64(35), np.int64(23), np.int64(34), np.int64(2), np.int64(58), np.int64(6), np.int64(43), np.int64(7), np.int64(30), np.int64(8), np.int64(26), np.int64(14), np.int64(51), np.int64(18), np.int64(12), np.int64(61), np.int64(57), np.int64(55), np.int64(60), np.int64(23), np.int64(49), np.int64(52), np.int64(29), np.int64(9), np.int64(56), np.int64(21), np.int64(30), np.int64(10), np.int64(33), np.int64(41), np.int64(43), np.int64(37), np.int64(12), np.int64(9)]",False,False,0.0,0.0,"[ 6 57  3 39 39 32 39 24 39 32 59 59 52 53  8 53  4  3  8  4 33  6 59 28
 39 28 52 28 39 24 53 61 39 39 52 59 57 33  3 39  4  6 32 53 53 52 57 59
 28 24 59 57 39 39 53  6  6 39  8 39 24 39  4 52]","[57 53  3 39 39 32 39 33 39  8 59  3 52 53 61 61  4  3 24 61 33  4 33 33
 39 32 24  4 39 24 53  3 39 39 53 53 57 33  8 39 28  6  3 53 53 52 61 53
 53 24 24 57 39 39 33  6 33 39  3 39 53 39  4 33]",False,False,0.0,0.0,"[ 6 32  3 39 39 32 39  4 39  8  3  3  6 24  8 53  4  3  8  4 33  4  3 28
 39 32 24  8 39  8 53  3 39 39  6  4 57 33  8 39  8  6  3 28  4  4  8  3
 28 24  4 57 39 39  4  6  6 39  3 39  3 39  4 33]","[57 53  3 39 39 32 39 33 39 28 53  3  3 53 28 57  4  3 32  4 53 32  3 28
 39 28 57 33 39 28 53  3 39 39 53 53 57 33 57 39 28  6  3 53 53 52 57 53
 53 53 24 57 39 39 53 28 33 39  3 39 53 39 53 33]",False,False,0.015625,0.0,1.0,0.0,0.0,25,0,0,1.0,0.0,0.0,25,0,0,1.0,0.0,0.0,25,0,0,1.0,0.0,0.0,25,0,0,1.0,0.0,0.0,25,0,0,1.0,0.0,0.0,25,0,0,0.04,0.0,0.0,1,0,0,0.04,0.0,0.0,1,0,0
[1 1 0 ... 0 0 1],39,"[33 17 59 18 15 45 18 58 20 18 43 25 36 58 15 39 43 39 39 28 36 28 40 28
 45 39 29 21 39 39 43 15 17 39 40 40 39 25 16 39 39 29 40 39 29 39 28 18
 15 36 36 29 25 59 33 33 58 18 39 39 28 33 15 40]","[17 33 25 28 15 33 28 36 49 36 43 59 36 58 40 39 43 39 39 58 33 28 43 15
 45 39 58 21 39 39 29 28 25 39 33 15 39 33 61 39 39 40 40 39 29 39 28 18
 17 36 58 18 25 43 33 58 58 15 39 39 25 17 43 33]",False,False,0.0,0.0,"[np.int64(20), np.int64(61), np.int64(16), np.int64(44), np.int64(57), np.int64(60), np.int64(41), np.int64(31), np.int64(58), np.int64(21), np.int64(34), np.int64(32), np.int64(49), np.int64(7), np.int64(6), np.int64(43), np.int64(49), np.int64(42), np.int64(29), np.int64(1), np.int64(62), np.int64(17), np.int64(2), np.int64(29), np.int64(16), np.int64(37), np.int64(52), np.int64(46), np.int64(58), np.int64(42), np.int64(56), np.int64(47), np.int64(40), np.int64(38), np.int64(1), np.int64(37), np.int64(55), np.int64(43), np.int64(24), np.int64(14), np.int64(45), np.int64(7), np.int64(33), np.int64(17), np.int64(62), np.int64(44), np.int64(38), np.int64(26), np.int64(60), np.int64(36), np.int64(41), np.int64(59), np.int64(39), np.int64(18), np.int64(29), np.int64(56), np.int64(27), np.int64(28), np.int64(61), np.int64(58), np.int64(8), np.int64(10), np.int64(32), np.int64(33)]","[np.int64(47), np.int64(51), np.int64(19), np.int64(47), np.int64(22), np.int64(4), np.int64(49), np.int64(9), np.int64(11), np.int64(4), np.int64(63), np.int64(22), np.int64(32), np.int64(2), np.int64(36), np.int64(2), np.int64(41), np.int64(55), np.int64(5), np.int64(7), np.int64(28), np.int64(22), np.int64(42), np.int64(6), np.int64(24), np.int64(22), np.int64(0), np.int64(20), np.int64(52), np.int64(30), np.int64(54), np.int64(27), np.int64(3), np.int64(53), np.int64(41), np.int64(5), np.int64(37), np.int64(27), np.int64(48), np.int64(25), np.int64(27), np.int64(60), np.int64(33), np.int64(24), np.int64(44), np.int64(11), np.int64(44), np.int64(6), np.int64(50), np.int64(52), np.int64(56), np.int64(59), np.int64(48), np.int64(2), np.int64(47), np.int64(29), np.int64(7), np.int64(14), np.int64(58), np.int64(61), np.int64(46), np.int64(30), np.int64(9), np.int64(17)]",False,False,0.0,0.0,"[33 33 45 28 15 25 43 45 52 58 15 25 36 59 36 39 43 39 39 28 43 28 43 28
 45 39 58 21 39 39 43 15 18 39 33 17 39 28  2 39 39 40 28 39 40 39 28 15
 43 36 43 40 36 59 33 33 28 15 39 39 28 17 43 40]","[33 33 25 33 15 45 18 45 49 18 15 59 36 58 59 39 43 39 39 58 43 25 43 18
 45 39 58 55 39 39 15 58 25 39 33 15 39 28 13 39 39 40 36 39 29 39 59 18
 58 29 18 59 36 59 33 58 28 18 39 39 59 33 43 33]",False,False,0.0,0.0,"[15 17 15 18 15 25 18 36 20 18 25 25 36 17 15 39 17 39 39 18 36 25 40 15
 45 39 15 21 39 39 15 15 17 39 25 28 39 25  7 39 39 29 28 39 29 39 28 15
 15 36 18 18 36 28 18 33 28 15 39 39 25 17 15 40]","[33 33 45 33 15 58 43 58 19 58 25 17 36 58 18 39 43 39 39 43 58 25 43 15
 45 39 58 55 39 39 43 58 33 39 33 17 39 33  7 39 39 29 36 39 29 39 45 18
 43 29 18 18 36 43 58 58 58 33 39 39 59 33 58 33]",False,False,0.015625,0.0,1.0,0.0,0.0,25,0,0,1.0,0.0,0.0,25,0,0,1.0,0.0,0.0,25,0,0,1.0,0.0,0.0,25,0,0,1.0,0.0,0.0,25,0,0,1.0,0.0,0.0,25,0,0,0.04,0.0,0.0,1,0,0,0.04,0.0,0.0,1,0,0
[1 1 1 ... 0 0 1],10,"[ 2 36 10 45 42 21 44 45 10 10 10 58  2 10 44 45  9 51 24 36 24 10 58 28
 10 10 49  2 10 58 45 51 42 44 36 51 10 44 42 25 21 51 10 21 10 10 51 36
 45 10 28 10 38  8 49 28 28 49 10 50 36 44 10 49]","[45 36 10 36 62 21 28 45 10 10 10 62 62 10 44 58 24 44  2 49 42 10  8 44
 10 10 44 21 10 28 28 25 25 44 44 36 10 51 25 24  9 24 10  9 10 10 36  8
 45 10 21 10 19 13 21 21 42 49 10 50 36 44 10 49]",False,False,0.0,0.0,"[np.int64(1), np.int64(57), np.int64(60), np.int64(58), np.int64(4), np.int64(56), np.int64(26), np.int64(23), np.int64(27), np.int64(12), np.int64(48), np.int64(14), np.int64(20), np.int64(52), np.int64(8), np.int64(33), np.int64(12), np.int64(55), np.int64(59), np.int64(61), np.int64(4), np.int64(16), np.int64(37), np.int64(32), np.int64(48), np.int64(0), np.int64(22), np.int64(57), np.int64(18), np.int64(9), np.int64(42), np.int64(3), np.int64(16), np.int64(29), np.int64(5), np.int64(34), np.int64(19), np.int64(23), np.int64(4), np.int64(12), np.int64(13), np.int64(41), np.int64(37), np.int64(14), np.int64(13), np.int64(22), np.int64(27), np.int64(29), np.int64(43), np.int64(8), np.int64(41), np.int64(41), np.int64(28), np.int64(21), np.int64(53), np.int64(50), np.int64(3), np.int64(42), np.int64(56), np.int64(41), np.int64(29), np.int64(39), np.int64(36), np.int64(15)]","[np.int64(19), np.int64(45), np.int64(34), np.int64(34), np.int64(28), np.int64(5), np.int64(10), np.int64(42), np.int64(33), np.int64(59), np.int64(39), np.int64(14), np.int64(2), np.int64(35), np.int64(43), np.int64(12), np.int64(53), np.int64(48), np.int64(1), np.int64(34), np.int64(15), np.int64(42), np.int64(33), np.int64(0), np.int64(10), np.int64(4), np.int64(60), np.int64(33), np.int64(11), np.int64(42), np.int64(19), np.int64(52), np.int64(6), np.int64(9), np.int64(41), np.int64(28), np.int64(2), np.int64(30), np.int64(10), np.int64(12), np.int64(44), np.int64(8), np.int64(29), np.int64(18), np.int64(39), np.int64(29), np.int64(56), np.int64(23), np.int64(55), np.int64(28), np.int64(52), np.int64(54), np.int64(62), np.int64(12), np.int64(61), np.int64(13), np.int64(23), np.int64(23), np.int64(6), np.int64(33), np.int64(54), np.int64(15), np.int64(55), np.int64(4)]",False,False,0.0,0.0,"[21 51 10 51 42 21 28 45 10 10 10  8 62 10 44 42 24  8 21 36 42 10 25 28
 10 10 44  8 10  2 28 25  9 13 44  9 10 44 42 42 49 24 10 21 10 10 21 36
 51 10 21 10 39 58 42 62 28 24 10  0 58 44 10 49]","[62 36 10 13 62 62 44 45 10 10 10 58 21 10 44  8  9 44  2 62 49 10 25 44
 10 10 49 45 10 21 24 25  9 28 21 28 10 51 25 24 21 24 10  8 10 10 24 36
 51 10 21 10  7 13 42 28 28 13 10 57 36 44 10 49]",False,False,0.0,0.0,"[ 2  9 10  8  2 13 28  2 10 10 10  8  2 10 44  8  9  8  2 36  9 10  8 28
 10 10  8  8 10  8  9 25  9  2  2  8 10  9 25 24  8 24 10  8 10 10 25  8
 45 10  8 10  1  8 42  8 28 13 10  0 36 44 10 49]","[62 13 10 62 62 62 44 45 10 10 10 62 62 10 44 45 36 28 21 36 25 10 45 44
 10 10 13 36 10 21 28 25  9  2 21 36 10 44 25 25 21 24 10 21 10 10 21 36
 45 10 21 10 53 13 21 21 28 62 10  0 36 44 10 49]",False,False,0.015625,0.0,1.0,0.0,0.0,25,0,0,1.0,0.0,0.0,25,0,0,1.0,0.0,0.0,25,0,0,1.0,0.0,0.0,25,0,0,1.0,0.0,0.0,25,0,0,1.0,0.0,0.0,25,0,0,0.04,0.0,0.0,1,0,0,0.04,0.0,0.0,1,0,0
[1 0 0 ... 0 1 1],36,"[37 32 32 13 36  4  4 36 37 32 32 36 59 36 32 13  7 32 36 18 13 45 62 62
 13 32 32  7 11 55 55 37 36 13  7  7 36 36 13  4 18 45  7 45 62 36  4 55
 32 45 32  4 37 37 62 36 11 13 45  7 55 32 36 13]","[37 11 32 45 36 45  4 36 18 32 55 36 19 36 11 32  7 11 36 18 13  7 45 62
 13 55 18  7 55  4  4 32 36  7 45 62 36 36 55  4  7  4  7 11  7 36  4 55
  7 62 32 45 55 37 62 36 11  4 45  7 55 45 36 55]",False,False,0.0,0.0,"[np.int64(19), np.int64(19), np.int64(28), np.int64(13), np.int64(22), np.int64(62), np.int64(14), np.int64(24), np.int64(32), np.int64(21), np.int64(45), np.int64(36), np.int64(50), np.int64(45), np.int64(1), np.int64(49), np.int64(8), np.int64(59), np.int64(17), np.int64(10), np.int64(44), np.int64(48), np.int64(5), np.int64(6), np.int64(22), np.int64(53), np.int64(44), np.int64(52), np.int64(44), np.int64(61), np.int64(17), np.int64(59), np.int64(57), np.int64(24), np.int64(14), np.int64(62), np.int64(18), np.int64(41), np.int64(34), np.int64(55), np.int64(60), np.int64(50), np.int64(2), np.int64(6), np.int64(48), np.int64(54), np.int64(18), np.int64(44), np.int64(54), np.int64(39), np.int64(2), np.int64(44), np.int64(40), np.int64(54), np.int64(3), np.int64(1), np.int64(19), np.int64(18), np.int64(12), np.int64(45), np.int64(8), np.int64(29), np.int64(29), np.int64(41)]","[np.int64(52), np.int64(13), np.int64(39), np.int64(25), np.int64(21), np.int64(21), np.int64(59), np.int64(54), np.int64(54), np.int64(24), np.int64(51), np.int64(60), np.int64(56), np.int64(3), np.int64(0), np.int64(35), np.int64(13), np.int64(7), np.int64(60), np.int64(1), np.int64(41), np.int64(39), np.int64(16), np.int64(19), np.int64(31), np.int64(20), np.int64(51), np.int64(29), np.int64(25), np.int64(52), np.int64(29), np.int64(44), np.int64(3), np.int64(45), np.int64(36), np.int64(46), np.int64(15), np.int64(14), np.int64(37), np.int64(5), np.int64(51), np.int64(0), np.int64(28), np.int64(30), np.int64(17), np.int64(32), np.int64(24), np.int64(48), np.int64(42), np.int64(45), np.int64(6), np.int64(1), np.int64(61), np.int64(63), np.int64(27), np.int64(43), np.int64(1), np.int64(11), np.int64(1), np.int64(37), np.int64(30), np.int64(13), np.int64(23), np.int64(17)]",False,False,0.0,0.0,"[45 11 32  4 36 45  4 36 18 32 37 36  2 36 11 32  7 45 36 18  4 45 62 62
 62 55 18 13 13 55 55 32 36 62 37  7 36 36 32  4 18 55  7 11 62 36  7 55
 11 11 32  4 37 37 62 36 11 45 45  7 55 45 36 18]","[62 32 62 37 36  4  4 36 37 37 32 36  2 36 11 32  7 45 36 45  4  7 11 62
  4 55 32 11  7  4  4 37 36 13  4 55 36 36 55  4  4 37  7 45 62 36  7 55
 11 11 37 45 55 37 62 36 11 13 45  7 55 32 36 55]",False,False,0.0,0.0,"[32 11 32  4 36  4  4 36 18 11 11 36  2 36 11 13  7 11 36 18  4  7 11 62
 13 32 18 11 11  4  4 32 36  7  4  7 36 36  7  4  4  4  7 11  7 36  4 55
  4 11 37  4 37  7 62 36 11  4 45  7 55 45 36 13]","[32 32 62 45 36  4  4 36 18 32 55 36  2 36 32 32  7 45 36 45  4  7 11 62
  7 55 18  7 55  7 45 32 36  7 55  7 36 36  7  4  7 45  7 45  7 36  4 55
  4 11 32  4 55  7 62 36 11  4 45  7 55 45 36 55]",False,False,0.015625,0.0,1.0,0.0,0.0,25,0,0,1.0,0.0,0.0,25,0,0,1.0,0.0,0.0,25,0,0,1.0,0.0,0.0,25,0,0,1.0,0.0,0.0,25,0,0,1.0,0.0,0.0,25,0,0,0.04,0.0,0.0,1,0,0,0.04,0.0,0.0,1,0,0
[1 0 0 ... 0 0 1],20,"[46 34 34 46 56 33 20 33 16 20 20 56 31 56 10 48 20 48 10 20 20 46 50 50
 19  9 46 20 33 56 46 20  9 20 20 19  6 34 10 50 56 10 34 55 33 10 20 10
 20 48 20 10 50 27  6 20 20 55 34 56 19 31 34 10]","[56 34 19 33 27 46 20 33 27 20 20  9 27 27 50 56 20 34 46 20 20 27 50 50
 19 16 46 20 19 55 27 20 19 20 20 48  6 34 10 56 56 55 34 55 16 10 20 31
 20 31 20 10 50 27 48 20 20 19 34 16  9 31 34 10]",False,False,0.0,0.0,"[np.int64(40), np.int64(12), np.int64(39), np.int64(7), np.int64(52), np.int64(28), np.int64(63), np.int64(41), np.int64(55), np.int64(39), np.int64(5), np.int64(3), np.int64(35), np.int64(36), np.int64(1), np.int64(40), np.int64(49), np.int64(44), np.int64(35), np.int64(39), np.int64(1), np.int64(50), np.int64(45), np.int64(2), np.int64(8), np.int64(36), np.int64(47), np.int64(18), np.int64(18), np.int64(52), np.int64(40), np.int64(36), np.int64(14), np.int64(5), np.int64(1), np.int64(7), np.int64(26), np.int64(2), np.int64(23), np.int64(30), np.int64(59), np.int64(15), np.int64(11), np.int64(3), np.int64(15), np.int64(61), np.int64(56), np.int64(46), np.int64(32), np.int64(14), np.int64(7), np.int64(3), np.int64(12), np.int64(56), np.int64(43), np.int64(14), np.int64(1), np.int64(7), np.int64(31), np.int64(12), np.int64(54), np.int64(48), np.int64(30), np.int64(15)]","[np.int64(34), np.int64(60), np.int64(29), np.int64(5), np.int64(46), np.int64(30), np.int64(6), np.int64(29), np.int64(40), np.int64(3), np.int64(24), np.int64(4), np.int64(7), np.int64(43), np.int64(36), np.int64(59), np.int64(5), np.int64(61), np.int64(21), np.int64(0), np.int64(18), np.int64(20), np.int64(56), np.int64(32), np.int64(45), np.int64(8), np.int64(49), np.int64(58), np.int64(9), np.int64(9), np.int64(2), np.int64(53), np.int64(30), np.int64(30), np.int64(32), np.int64(33), np.int64(40), np.int64(59), np.int64(35), np.int64(13), np.int64(6), np.int64(28), np.int64(14), np.int64(31), np.int64(38), np.int64(27), np.int64(13), np.int64(46), np.int64(5), np.int64(18), np.int64(6), np.int64(61), np.int64(9), np.int64(12), np.int64(59), np.int64(59), np.int64(1), np.int64(19), np.int64(0), np.int64(24), np.int64(62), np.int64(36), np.int64(10), np.int64(22)]",False,False,0.0,0.0,"[48 50 27 33 55 33 20 34  9 20 20  6 27 10 10 19 20 46 46 20 20  9 16 56
 33 16 34 20 56 55 46 20 56 20 20 19 31 10 56 50 56 10 34 10 34 10 20 10
 20  9 20 10 55 27  6 20 20 19 34 56 19 31 34 10]","[48 33 27 48 27 46 20 10 27 20 20 56 33 56 50  6 20 48 56 20 20 27 34 56
 33  6 27 20 33 56 27 20 48 20 20  9 31 31  9 55 33 55 34 55 19 10 20 10
 20 48 20 10 50 27 31 20 20 46 34 19 19 55 34 33]",False,False,0.0,0.0,"[46 34 27 33 27 33 20 34 34 20 20  6 27 10 50 19 20 48 46 20 20  9 19 50
 16  6 27 20 19 50 27 20  9 20 20  9  6 10  9 50 33 10 34 10 16 10 20  9
 20  9 20 10  9 27  6 20 20 19 34 10  9 55 34 10]","[48 50 19 33 27 33 20 33 27 20 20 56 27 16 10 19 20 34 56 20 20 27 19 50
 19  6 50 20 19 33 27 20 19 20 20 19  6 31 19 50 33 55 34 55 19 50 20  9
 20  9 20 10 19 27  6 20 20 19 34 19 19 55 34 33]",False,False,0.015625,0.0,1.0,0.0,0.0,25,0,0,1.0,0.0,0.0,25,0,0,1.0,0.0,0.0,25,0,0,1.0,0.0,0.0,25,0,0,1.0,0.0,0.0,25,0,0,1.0,0.0,0.0,25,0,0,0.04,0.0,0.0,1,0,0,0.04,0.0,0.0,1,0,0
[0 0 1 ... 1 0 0],31,"[31 57 21 44 58  6 31 62 24 58 20 61 36 23  6 23 29  6 44 26 31 31 29 31
 31 45 29 45 46 31 21 31 62 57 31 56 31 21 56 44 23 44  6  0 31 31 31 57
  6 36 58 62 44 56 62  6 31 31 31 58 61 31 31 44]","[31 44  0 56 58 36 31 56 24 58 21 58 36 29 20 29 61  0 58 43 31 31 29 31
 31 62 20 44 21 31 36 31 29 57 31 56 31 57 34 44 58 44 24 46 31 31 31 46
 56 61 20 62 58 56 44 24 31 31 31 56 44 31 31 61]",False,False,0.0,0.0,"[np.int64(40), np.int64(56), np.int64(19), np.int64(8), np.int64(36), np.int64(12), np.int64(3), np.int64(25), np.int64(53), np.int64(1), np.int64(51), np.int64(35), np.int64(5), np.int64(20), np.int64(9), np.int64(27), np.int64(25), np.int64(1), np.int64(9), np.int64(53), np.int64(48), np.int64(47), np.int64(23), np.int64(44), np.int64(28), np.int64(38), np.int64(19), np.int64(54), np.int64(28), np.int64(60), np.int64(30), np.int64(45), np.int64(53), np.int64(17), np.int64(41), np.int64(13), np.int64(2), np.int64(56), np.int64(32), np.int64(46), np.int64(35), np.int64(43), np.int64(14), np.int64(62), np.int64(34), np.int64(34), np.int64(13), np.int64(28), np.int64(7), np.int64(9), np.int64(26), np.int64(21), np.int64(18), np.int64(38), np.int64(40), np.int64(30), np.int64(37), np.int64(31), np.int64(5), np.int64(10), np.int64(45), np.int64(8), np.int64(26), np.int64(30)]","[np.int64(2), np.int64(19), np.int64(23), np.int64(63), np.int64(61), np.int64(23), np.int64(62), np.int64(63), np.int64(49), np.int64(39), np.int64(37), np.int64(0), np.int64(41), np.int64(58), np.int64(57), np.int64(21), np.int64(56), np.int64(16), np.int64(29), np.int64(30), np.int64(17), np.int64(46), np.int64(13), np.int64(32), np.int64(8), np.int64(20), np.int64(3), np.int64(31), np.int64(45), np.int64(9), np.int64(2), np.int64(34), np.int64(48), np.int64(12), np.int64(53), np.int64(14), np.int64(3), np.int64(51), np.int64(43), np.int64(49), np.int64(53), np.int64(46), np.int64(36), np.int64(9), np.int64(56), np.int64(41), np.int64(4), np.int64(17), np.int64(17), np.int64(2), np.int64(43), np.int64(38), np.int64(27), np.int64(25), np.int64(53), np.int64(50), np.int64(31), np.int64(54), np.int64(13), np.int64(57), np.int64(9), np.int64(36), np.int64(24), np.int64(51)]",False,False,0.0,0.0,"[31 61 24 58 20 58 31 23 34 24 20 21 20 29  6 34 29 46 45 14 31 31 29 31
 31 57 46 44 21 31 61 31 23 57 31 56 31 61 44 58 23 20  6  0 31 31 31  0
 62 20 58 62 44  0 44 24 31 31 31 23 44 31 31 36]","[31 57 61  0 58  6 31 57 34 62 34 61 36  0 29 29 61  0 57  8 31 31 29 31
 31 20 46 34 21 31 29 31 34 24 31  0 31 61 45 21 29 44 23  0 31 31 31 46
 44 20 20 62 44  0 44 24 31 31 31 34 44 31 31 44]",False,False,0.0,0.0,"[31 23  0  0 20  6 31  6  6  0 20 20 20  0  6 29 29  6  6  2 31 31 29 31
 31 21 20  6 21 31 21 31 23 20 31  0 31 21 29  0 29 20  6  0 31 31 31  0
  6 20 20 23 44  0  6  6 31 31 31 23 44 31 31  6]","[31 46  0  0 58 36 31 56 34  0 34 29 36  0 29 34 29 34 44 51 31 31 29 31
 31 46 57 34 21 31 29 31 34 57 31 56 31 56 34  0 58 56 24  0 31 31 31 57
 56 20 20 62 44 56 34 24 31 31 31 34 44 31 31 20]",False,False,0.015625,0.0,1.0,0.0,0.0,25,0,0,1.0,0.0,0.0,25,0,0,1.0,0.0,0.0,25,0,0,1.0,0.0,0.0,25,0,0,1.0,0.0,0.0,25,0,0,1.0,0.0,0.0,25,0,0,0.04,0.0,0.0,1,0,0,0.04,0.0,0.0,1,0,0
[1 0 1 ... 0 0 1],54,"[40 47 40 42 54 47  4 42 20 54 52 40 33 24 47 40 20  4  9 54 54 54  9 45
 45 21 40 60 30 60 54  9 19 54 42 39 42 20 52 40 54 33 54 45 21 54  4 54
  9 19 30 33 54 19 54 21  4  9 54 21 54 30 60 18]","[40 47 52 42 54 47 52 40 19 54 58 58  9  1 30 42 40 60 19 54 54 54 47 45
 58 58 52 60 45 20 54  9 21 54 40 22 19 58 19 19 54 42 54 45 45 54 58 54
 21 45  4 33 54 33 54 33  9 21 54 30 54 30 30 23]",False,False,0.0,0.0,"[np.int64(7), np.int64(1), np.int64(41), np.int64(12), np.int64(40), np.int64(57), np.int64(19), np.int64(42), np.int64(62), np.int64(10), np.int64(29), np.int64(54), np.int64(7), np.int64(19), np.int64(17), np.int64(58), np.int64(47), np.int64(33), np.int64(58), np.int64(39), np.int64(54), np.int64(20), np.int64(11), np.int64(42), np.int64(55), np.int64(35), np.int64(27), np.int64(48), np.int64(52), np.int64(5), np.int64(41), np.int64(21), np.int64(20), np.int64(63), np.int64(12), np.int64(36), np.int64(11), np.int64(46), np.int64(20), np.int64(31), np.int64(33), np.int64(58), np.int64(20), np.int64(62), np.int64(36), np.int64(19), np.int64(63), np.int64(59), np.int64(55), np.int64(53), np.int64(13), np.int64(42), np.int64(9), np.int64(46), np.int64(30), np.int64(51), np.int64(20), np.int64(52), np.int64(6), np.int64(48), np.int64(46), np.int64(36), np.int64(46), np.int64(6)]","[np.int64(35), np.int64(41), np.int64(5), np.int64(5), np.int64(51), np.int64(10), np.int64(43), np.int64(11), np.int64(38), np.int64(1), np.int64(51), np.int64(51), np.int64(34), np.int64(48), np.int64(49), np.int64(7), np.int64(63), np.int64(3), np.int64(56), np.int64(8), np.int64(28), np.int64(31), np.int64(61), np.int64(2), np.int64(34), np.int64(50), np.int64(52), np.int64(23), np.int64(24), np.int64(52), np.int64(32), np.int64(4), np.int64(46), np.int64(11), np.int64(4), np.int64(16), np.int64(37), np.int64(48), np.int64(30), np.int64(44), np.int64(48), np.int64(14), np.int64(7), np.int64(24), np.int64(36), np.int64(12), np.int64(13), np.int64(59), np.int64(12), np.int64(4), np.int64(36), np.int64(23), np.int64(23), np.int64(13), np.int64(46), np.int64(46), np.int64(28), np.int64(43), np.int64(9), np.int64(36), np.int64(61), np.int64(15), np.int64(23), np.int64(28)]",False,False,0.0,0.0,"[40 47 52 42 54 47 20 40 42 54 47 47 52  1 33 42 20 60 60 54 54 54 60 42
 45 58 60 52  4 20 54 33  9 54 40 44 40 58 19 40 54 42 54 45 45 54 58 54
  4 60 21 52 54 33 54 33  4  9 54 40 54 19 30 18]","[40 47 20 42 54 30 19 42 52 54 19 40  9  1 30 40 20 60  9 54 54 54 47 33
 45 58 47 60 42 20 54 47  9 54 40 59 40 58 52 19 54 42 54 45 45 54 58 54
  4 60 21 20 54 19 54 19  4 21 54 19 54 19 19 18]",False,False,0.0,0.0,"[40  4 20  4 54 30  4 19 19 54 19  4  9  1 30 40  9  4  9 54 54 54  9 33
 33 21 40  4  4  4 54  9 19 54 20  2 21 20  4 20 54 21 54 45 21 54  4 54
  9  4  4 33 54  4 54 19  4  9 54 19 54 19 21 10]","[40  4 40 42 54 47 19 42 19 54 19 58 33  1 30 42 58 60 19 54 54 54 47 42
 58 58 47 58  4 60 54 30 19 54 42 38 42 30 19 19 54 42 54 45 21 54 58 54
 30 19 42 19 54 33 54 19  4  9 54 19 54 19 30 18]",False,False,0.015625,0.0,1.0,0.0,0.0,25,0,0,1.0,0.0,0.0,25,0,0,1.0,0.0,0.0,25,0,0,1.0,0.0,0.0,25,0,0,1.0,0.0,0.0,25,0,0,1.0,0.0,0.0,25,0,0,0.04,0.0,0.0,1,0,0,0.04,0.0,0.0,1,0,0
[0 0 1 ... 1 0 0],25,"[25 30 32 21  0 30 43 25 43 43 14  0  7  7 25 28 63 30 63 30 51 25 25 32
 28 25 14 51 25 51 25 32 25  7 51 25 32 30 32 35  7 28 43 25 14 35 30 25
 55 32 22 25 30  0 21 25 32 63 22 28 51 63 47 25]","[25 47 47 30 55 30  7 25 47 22 14 63  7 47 25 32 63 47 30 28 51 25 25 28
 30 25 43 51 25 43 25 32 25  7 21 25  0 63 43 35  7 28 21 25 51 43 22 25
 55  0 47 25 47  7 21 25 32 55 55 28 51 63 21 25]",False,False,0.0,0.0,"[np.int64(2), np.int64(45), np.int64(55), np.int64(16), np.int64(10), np.int64(40), np.int64(30), np.int64(27), np.int64(44), np.int64(12), np.int64(4), np.int64(40), np.int64(34), np.int64(7), np.int64(48), np.int64(63), np.int64(33), np.int64(24), np.int64(13), np.int64(31), np.int64(58), np.int64(13), np.int64(5), np.int64(46), np.int64(53), np.int64(48), np.int64(1), np.int64(59), np.int64(16), np.int64(41), np.int64(50), np.int64(56), np.int64(54), np.int64(2), np.int64(36), np.int64(9), np.int64(7), np.int64(28), np.int64(2), np.int64(55), np.int64(40), np.int64(63), np.int64(16), np.int64(30), np.int64(19), np.int64(15), np.int64(34), np.int64(5), np.int64(54), np.int64(3), np.int64(10), np.int64(44), np.int64(13), np.int64(39), np.int64(52), np.int64(36), np.int64(25), np.int64(27), np.int64(35), np.int64(40), np.int64(34), np.int64(62), np.int64(0), np.int64(12)]","[np.int64(49), np.int64(27), np.int64(63), np.int64(41), np.int64(16), np.int64(45), np.int64(15), np.int64(29), np.int64(34), np.int64(10), np.int64(12), np.int64(1), np.int64(54), np.int64(45), np.int64(62), np.int64(50), np.int64(41), np.int64(1), np.int64(17), np.int64(39), np.int64(44), np.int64(30), np.int64(31), np.int64(12), np.int64(45), np.int64(44), np.int64(19), np.int64(23), np.int64(29), np.int64(45), np.int64(6), np.int64(12), np.int64(29), np.int64(3), np.int64(59), np.int64(41), np.int64(51), np.int64(50), np.int64(29), np.int64(54), np.int64(48), np.int64(47), np.int64(23), np.int64(1), np.int64(56), np.int64(2), np.int64(16), np.int64(16), np.int64(63), np.int64(6), np.int64(21), np.int64(60), np.int64(34), np.int64(63), np.int64(15), np.int64(4), np.int64(21), np.int64(19), np.int64(30), np.int64(25), np.int64(10), np.int64(1), np.int64(14), np.int64(52)]",False,False,0.0,0.0,"[25 47 30 43 35 30 43 25 43 22 14  7  7 21 25 32 28 55 55 28 14 25 25 28
 28 25 43 30 25 43 25 32 25 28 14 25 32 21 22 21 63 28 21 25 14 35 28 25
 55  0 63 25 32  0 55 25 32 55 30 28 51 63 21 25]","[25 47 32 55 55 32 30 25 43 43 14 47  7 51 25 51 47 63 28  7 14 25 25 32
 28 25 43 30 25 43 25 32 25 55 21 25 28 47 22 21  7 47 43 25 35 43 28 25
 22 32 28 25 30  7 55 25 32 55 47 47 32 63 47 25]",False,False,0.0,0.0,"[25 28  0  7  0 30  7 25 43 22 14  0  0  7 25 14 28 30 30  7 14 25 25 28
 14 25 14 14 25 43 25 32 25  7 14 25  0 30 30 21  7 28 21 25  0 35 30 25
 22  0  0 25 30  0  0 25  7 28 30 28 32 63 21 25]","[25 28 32 55 55 32  7 25 47 22 14 47  7 51 25 51 28 55 55  7 51 25 25 32
 30 25  7 55 25 43 25 32 25 55 14 25 32 63  7 21 63 28 21 25 32 43 30 25
 22 32 63 25 32 55 32 25 32 55 47 28 32 63 47 25]",False,False,0.015625,0.0,1.0,0.0,0.0,25,0,0,1.0,0.0,0.0,25,0,0,1.0,0.0,0.0,25,0,0,1.0,0.0,0.0,25,0,0,1.0,0.0,0.0,25,0,0,1.0,0.0,0.0,25,0,0,0.04,0.0,0.0,1,0,0,0.04,0.0,0.0,1,0,0
[1 0 0 ... 1 0 1],56,"[56 16 14 58  6 61 56 42 56 58 56 56 32  8 56 56 56 23  0 14 58 11 33 56
 20 49 56 48 33 26  8  0 56 56 26 11 11 61 42  6 42 32 56 33 58 32 10 14
 56  8 56 58 23 42 15  8 56 15 56 48 61 56 50 15]","[56 32 14 61  6 32 56 42 56  0 56 56 32 14 56 56 56 26  6  0  6 32 32 56
 55 60 56 48 23 32 15  0 56 56 26  0 48 48 32  6  8 32 56 33 10 32  8  0
 56  8 56 23 42  8 42  8 56 15 56 48 61 56 33 42]",False,False,0.0,0.0,"[np.int64(52), np.int64(39), np.int64(32), np.int64(33), np.int64(14), np.int64(7), np.int64(13), np.int64(27), np.int64(4), np.int64(5), np.int64(38), np.int64(47), np.int64(43), np.int64(15), np.int64(43), np.int64(26), np.int64(2), np.int64(40), np.int64(1), np.int64(17), np.int64(1), np.int64(46), np.int64(6), np.int64(5), np.int64(56), np.int64(29), np.int64(40), np.int64(52), np.int64(37), np.int64(55), np.int64(5), np.int64(14), np.int64(44), np.int64(63), np.int64(59), np.int64(58), np.int64(30), np.int64(2), np.int64(58), np.int64(51), np.int64(49), np.int64(0), np.int64(43), np.int64(25), np.int64(20), np.int64(36), np.int64(21), np.int64(19), np.int64(61), np.int64(25), np.int64(60), np.int64(7), np.int64(36), np.int64(27), np.int64(61), np.int64(60), np.int64(25), np.int64(50), np.int64(33), np.int64(22), np.int64(17), np.int64(24), np.int64(59), np.int64(10)]","[np.int64(15), np.int64(51), np.int64(49), np.int64(31), np.int64(2), np.int64(60), np.int64(31), np.int64(34), np.int64(5), np.int64(60), np.int64(55), np.int64(38), np.int64(56), np.int64(2), np.int64(13), np.int64(46), np.int64(40), np.int64(23), np.int64(43), np.int64(8), np.int64(61), np.int64(10), np.int64(7), np.int64(35), np.int64(50), np.int64(14), np.int64(60), np.int64(39), np.int64(49), np.int64(14), np.int64(47), np.int64(56), np.int64(25), np.int64(18), np.int64(38), np.int64(21), np.int64(42), np.int64(31), np.int64(8), np.int64(36), np.int64(6), np.int64(46), np.int64(55), np.int64(62), np.int64(58), np.int64(52), np.int64(42), np.int64(58), np.int64(28), np.int64(8), np.int64(40), np.int64(38), np.int64(63), np.int64(7), np.int64(30), np.int64(41), np.int64(44), np.int64(44), np.int64(7), np.int64(57), np.int64(28), np.int64(2), np.int64(38), np.int64(60)]",False,False,0.0,0.0,"[56 32  6 61  8 32 56 42 56 58 56 56 61 50 56 56 56 26 50 26 16 11  0 56
 22 60 56  8 33 11 42 23 56 56 26 11 11 14 16 10  8 61 56 33 26 33 32 32
 56 61 56 61 23  8 58 16 56 15 56 32 61 56  8  6]","[56  6  6 58  8  8 56 50 56  0 56 56 32  8 56 56 56 11 11 32 16 32  6 56
 55 57 56  8 11 42 42  6 56 56 26 11 11 14 42 50 14 61 56 33 42 32 33 14
 56 10 56 58 23  8 15 42 56 48 56 15 61 56 11 10]",False,False,0.0,0.0,"[56  6  6 58  6 11 56  8 56  0 56 56 32  8 56 56 56  6  6 14  6 11 14 56
  1  3 56 15 23 15 15  0 56 56 26  0  6 14 32  0  8 32 56 33 10 14  8  0
 56  0 56 11 23  8 14  8 56 15 56  8 61 56 11  6]","[56  6 14 61 42  8 56 42 56 42 56 56 32  8 56 56 56  6  6 32  6 32  6 56
 49 43 56  0 10 42 42  6 56 56 26 42  6 14 42  6 42 32 56 33 42 14  8  8
 56  8 56 11 42 42 42 42 56 48 56  8 61 56  8 42]",False,False,0.015625,0.0,1.0,0.0,0.0,25,0,0,1.0,0.0,0.0,25,0,0,1.0,0.0,0.0,25,0,0,1.0,0.0,0.0,25,0,0,1.0,0.0,0.0,25,0,0,1.0,0.0,0.0,25,0,0,0.04,0.0,0.0,1,0,0,0.04,0.0,0.0,1,0,0
[1 0 0 ... 0 1 1],59,"[13 45 62 21 13 47 54 59 13 13 59 23  7 59 59 59 59 13 51 45 59 59 32 59
 59 26 59 15 26 24 31 59 59 59 21 15 23 26 26  7 54 31 14 51 60 59 54 59
 21  7 54 59 20 31 59 13 31 26 54 59 59 14 51  7]","[13 26 41 21 14 24 54 59 60 33 59 16 24 59 59 59 59 33 31 45 59 59 23 59
 59 47 59 31 20 15 31 59 59 59 21 15 54 45 16  7 32 24 26 20 51 59 23 59
 45  7 14 59 21 24 59 16 33 33  7 59 59 14 23 14]",False,False,0.0,0.0,"[np.int64(13), np.int64(5), np.int64(43), np.int64(32), np.int64(23), np.int64(8), np.int64(20), np.int64(45), np.int64(32), np.int64(28), np.int64(57), np.int64(36), np.int64(34), np.int64(29), np.int64(14), np.int64(49), np.int64(14), np.int64(34), np.int64(9), np.int64(29), np.int64(50), np.int64(60), np.int64(51), np.int64(47), np.int64(58), np.int64(41), np.int64(23), np.int64(60), np.int64(61), np.int64(60), np.int64(19), np.int64(42), np.int64(31), np.int64(20), np.int64(3), np.int64(16), np.int64(48), np.int64(57), np.int64(16), np.int64(50), np.int64(40), np.int64(55), np.int64(46), np.int64(41), np.int64(0), np.int64(34), np.int64(4), np.int64(8), np.int64(51), np.int64(39), np.int64(12), np.int64(16), np.int64(23), np.int64(52), np.int64(47), np.int64(35), np.int64(25), np.int64(23), np.int64(32), np.int64(3), np.int64(31), np.int64(11), np.int64(41), np.int64(18)]","[np.int64(28), np.int64(28), np.int64(9), np.int64(21), np.int64(34), np.int64(42), np.int64(35), np.int64(8), np.int64(48), np.int64(42), np.int64(57), np.int64(57), np.int64(59), np.int64(4), np.int64(19), np.int64(49), np.int64(9), np.int64(21), np.int64(46), np.int64(43), np.int64(10), np.int64(34), np.int64(8), np.int64(50), np.int64(16), np.int64(44), np.int64(19), np.int64(19), np.int64(15), np.int64(38), np.int64(24), np.int64(12), np.int64(51), np.int64(40), np.int64(46), np.int64(18), np.int64(11), np.int64(10), np.int64(25), np.int64(58), np.int64(17), np.int64(9), np.int64(54), np.int64(52), np.int64(12), np.int64(55), np.int64(56), np.int64(45), np.int64(43), np.int64(59), np.int64(35), np.int64(30), np.int64(22), np.int64(46), np.int64(34), np.int64(9), np.int64(11), np.int64(18), np.int64(13), np.int64(51), np.int64(31), np.int64(7), np.int64(37), np.int64(60)]",False,False,0.0,0.0,"[14 16 62 32 14 24 21 59 20 13 59 16  7 59 59 59 59 33 16 45 59 59 13 59
 59 15 59 31 26 24 15 59 59 59 24 15 23 26 16 51 47 26 15 47 60 59 54 59
 21 45 54 59 20 14 59 16 20 33 20 59 59 14 23  7]","[13 45 63 32 26 47 60 59 13 33 59 60 24 59 59 59 59 60 31 45 59 59 26 59
 59 14 59 54 26 10 15 59 59 59 24 16 23 26 23  7 51 14 33 47 60 59 23 59
 54 45 14 59 33 23 59 24 33 33 14 59 59 14 33  7]",False,False,0.0,0.0,"[14 16  8 21 14 21 21 59 10 13 59 16  7 59 59 59 59 13 16 45 59 59 10 59
 59 15 59 15 21 15 21 59 59 59 21 32 23 26 26  7 32 26 26 13 51 59 13 59
 21  7 13 59 10 14 59  7 31 26 10 59 59 14 13 14]","[20 16 43 32 16 33 60 59 31 31 59 60 24 59 59 59 59 33 16 45 59 59 15 59
 59 14 59 31 20 20 31 59 59 59 24 16 23 16 23  7 47 31 33 47 60 59 23 59
 20  7 14 59 31 31 59 24 31 33  7 59 59 14 33  7]",False,False,0.015625,0.0,1.0,0.0,0.0,25,0,0,1.0,0.0,0.0,25,0,0,1.0,0.0,0.0,25,0,0,1.0,0.0,0.0,25,0,0,1.0,0.0,0.0,25,0,0,1.0,0.0,0.0,25,0,0,0.04,0.0,0.0,1,0,0,0.04,0.0,0.0,1,0,0
[1 1 0 ... 0 0 1],39,"[15 17 45 18 15 45 18 36 35 36 28 25 36 17 25 39 25 39 39 28 36 25 40 15
 45 39 15 21 39 39 43 28 17 39 17 28 39 45  4 39 39 40 40 39 29 39 59 36
 29 36 36 18 25 28 33 58 58 15 39 39 59 17 43 40]","[33 33 15 33 15 33 43 58 62 18 25 25 36 58 36 39 58 39 39 18 33 28 43 18
 45 39 18 55 39 39 29 58 33 39 33 17 39 45  4 39 39 29 28 39 29 39 59 18
 17 29 18 18 25 28 18 33 58 33 39 39 18 33 58 33]",False,False,0.0,0.0,"[np.int64(46), np.int64(60), np.int64(62), np.int64(29), np.int64(45), np.int64(45), np.int64(19), np.int64(43), np.int64(15), np.int64(19), np.int64(16), np.int64(55), np.int64(15), np.int64(58), np.int64(51), np.int64(48), np.int64(63), np.int64(15), np.int64(50), np.int64(62), np.int64(6), np.int64(24), np.int64(1), np.int64(30), np.int64(51), np.int64(9), np.int64(61), np.int64(1), np.int64(44), np.int64(58), np.int64(37), np.int64(42), np.int64(45), np.int64(40), np.int64(49), np.int64(40), np.int64(48), np.int64(11), np.int64(29), np.int64(39), np.int64(52), np.int64(60), np.int64(56), np.int64(19), np.int64(44), np.int64(8), np.int64(25), np.int64(17), np.int64(22), np.int64(57), np.int64(37), np.int64(46), np.int64(49), np.int64(49), np.int64(7), np.int64(48), np.int64(39), np.int64(4), np.int64(28), np.int64(10), np.int64(7), np.int64(38), np.int64(42), np.int64(17)]","[np.int64(52), np.int64(22), np.int64(52), np.int64(50), np.int64(46), np.int64(10), np.int64(36), np.int64(12), np.int64(10), np.int64(37), np.int64(36), np.int64(46), np.int64(28), np.int64(27), np.int64(16), np.int64(51), np.int64(62), np.int64(45), np.int64(10), np.int64(13), np.int64(29), np.int64(44), np.int64(63), np.int64(56), np.int64(31), np.int64(11), np.int64(42), np.int64(50), np.int64(48), np.int64(59), np.int64(29), np.int64(16), np.int64(18), np.int64(52), np.int64(48), np.int64(44), np.int64(57), np.int64(61), np.int64(30), np.int64(33), np.int64(38), np.int64(48), np.int64(24), np.int64(36), np.int64(52), np.int64(28), np.int64(4), np.int64(12), np.int64(38), np.int64(17), np.int64(62), np.int64(9), np.int64(35), np.int64(53), np.int64(49), np.int64(17), np.int64(61), np.int64(16), np.int64(15), np.int64(45), np.int64(9), np.int64(58), np.int64(54), np.int64(11)]",False,False,0.0,0.0,"[15 17 25 18 15 45 28 36 62 18 43 59 36 58 59 39 40 39 39 28 43 28 43 45
 45 39 29 55 39 39 29 15 17 39 17 28 39 28  9 39 39 40 28 39 29 39 45 36
 58 29 18 40 36 43 33 33 58 15 39 39 18 33 33 33]","[17 33 45 18 15 33 28 36 61 58 43 59 36 17 18 39 17 39 39 18 43 25 43 15
 45 39 58 46 39 39 43 58 25 39 33 17 39 45 10 39 39 29 36 39 40 39 45 15
 29 29 58 29 36 59 18 58 58 18 39 39 18 33 58 33]",False,False,0.0,0.0,"[15 17 15 18 15 25 18 36 20 18 25 25 36 17 15 39 17 39 39 18 36 25 40 15
 45 39 15 21 39 39 15 15 17 39 25 28 39 25  7 39 39 29 28 39 29 39 28 15
 15 36 18 18 36 28 18 33 28 15 39 39 25 17 15 40]","[33 33 45 33 15 58 43 58 19 58 25 17 36 58 18 39 43 39 39 43 58 25 43 15
 45 39 58 55 39 39 43 58 33 39 33 17 39 33  7 39 39 29 36 39 29 39 45 18
 43 29 18 18 36 43 58 58 58 33 39 39 59 33 58 33]",False,False,0.015625,0.0,1.0,0.0,0.0,25,0,0,1.0,0.0,0.0,25,0,0,1.0,0.0,0.0,25,0,0,1.0,0.0,0.0,25,0,0,1.0,0.0,0.0,25,0,0,1.0,0.0,0.0,25,0,0,0.04,0.0,0.0,1,0,0,0.04,0.0,0.0,1,0,0
[1 0 0 ... 0 0 1],39,"[39 28 27  9 25 13 45 22 21 39 25 25 27 39 39 45 39 14 38 28 27 39 39 39
  0 39 55 39 39 28 25 41 48 60 48  9 45 22 39 39 27 39 28  0 25 39 16  9
 39 25 14 13 57 21 25 39 22 39 45 25 39 45 48 60]","[39 28 45  9 16 38 57 27 21 39 55 28 28 39 39 28 39  9 14 13 38 39 39 39
 28 39 14 39 39 28 28 57 38 55 13  9 55 57 39 39 27 39 55  0 41 39 14 48
 39 27 41 41 14 23 25 39 45 39 41  9 39 38 41 22]",False,False,0.0,0.0,"[np.int64(60), np.int64(13), np.int64(24), np.int64(0), np.int64(27), np.int64(44), np.int64(18), np.int64(39), np.int64(62), np.int64(34), np.int64(2), np.int64(15), np.int64(13), np.int64(14), np.int64(6), np.int64(52), np.int64(21), np.int64(26), np.int64(37), np.int64(63), np.int64(47), np.int64(45), np.int64(11), np.int64(5), np.int64(46), np.int64(24), np.int64(60), np.int64(28), np.int64(9), np.int64(41), np.int64(22), np.int64(11), np.int64(3), np.int64(0), np.int64(17), np.int64(32), np.int64(9), np.int64(62), np.int64(36), np.int64(59), np.int64(33), np.int64(41), np.int64(7), np.int64(45), np.int64(34), np.int64(2), np.int64(20), np.int64(46), np.int64(38), np.int64(2), np.int64(57), np.int64(63), np.int64(50), np.int64(6), np.int64(56), np.int64(49), np.int64(16), np.int64(47), np.int64(11), np.int64(54), np.int64(39), np.int64(29), np.int64(2), np.int64(21)]","[np.int64(13), np.int64(26), np.int64(5), np.int64(47), np.int64(61), np.int64(9), np.int64(1), np.int64(59), np.int64(56), np.int64(11), np.int64(31), np.int64(9), np.int64(34), np.int64(48), np.int64(35), np.int64(1), np.int64(33), np.int64(17), np.int64(34), np.int64(8), np.int64(54), np.int64(59), np.int64(56), np.int64(63), np.int64(43), np.int64(20), np.int64(18), np.int64(25), np.int64(18), np.int64(19), np.int64(30), np.int64(50), np.int64(33), np.int64(49), np.int64(44), np.int64(2), np.int64(31), np.int64(23), np.int64(9), np.int64(37), np.int64(54), np.int64(50), np.int64(28), np.int64(21), np.int64(31), np.int64(55), np.int64(32), np.int64(47), np.int64(1), np.int64(46), np.int64(18), np.int64(14), np.int64(49), np.int64(32), np.int64(50), np.int64(53), np.int64(47), np.int64(16), np.int64(24), np.int64(44), np.int64(55), np.int64(61), np.int64(42), np.int64(40)]",False,False,0.0,0.0,"[39 55 27  9 16 60 45 27 21 39 57 28 60 39 39 27 39 23 16 28 25 39 39 39
  0 39 55 39 39 22 38 41 48 13 45  9 55 57 39 39 27 39 28  0 25 39 14 48
 39 23 23 22 57 23 25 39 22 39 60 60 39 13 41 22]","[39 28 45  9  0 13 45 27 21 39 13 28 41 39 39 28 39 38 38 21 38 39 39 39
 13 39 13 39 39 28 38 22 48 13 45  9 55 14 39 39 13 39 28  0 55 39 57 41
 39 22 60 60 57 38 25 39 55 39 41 60 39 27 41 21]",False,False,0.0,0.0,"[39 23 14  9 25 25 13 22 22 39  9 25 13 39 39 22 39 14  9 13  9 39 39 39
 13 39 14 39 39 22 13 22 16 13 13  9 14 13 39 39  9 39 28  0 25 39 23  9
 39 16  0  0 13 13 25 39 22 39 41  9 39 13  0 23]","[39 28 27  9 38 38 57 27 21 39 38 57 27 39 39 28 39 38 38 13 38 39 39 39
 13 39 13 39 39 41 38 41 38  0 48 48 45 57 39 39 27 39 41  0 55 39 14 41
 39 27 21 41 14 21 25 39 21 39 41  9 39 38 41 21]",False,False,0.015625,0.0,1.0,0.0,0.0,25,0,0,1.0,0.0,0.0,25,0,0,1.0,0.0,0.0,25,0,0,1.0,0.0,0.0,25,0,0,1.0,0.0,0.0,25,0,0,1.0,0.0,0.0,25,0,0,0.04,0.0,0.0,1,0,0,0.04,0.0,0.0,1,0,0
[1 0 0 ... 0 0 1],11,"[51 26 11 27 11 49 11 59  4  4 49 11 15 37 42 11 26  6 48 34 42 46 42 49
 46 37 11 11 15 59 27 27  4 11 11 48 49 11  2 34 59  4 11  6 49 15 11 26
 11 11 46 11 48 11 49 51 51  6  4 11  6 48 15 42]","[37 26 11 59 11 49 11 53 59 51 53 11  6 51 42 11 26  6 48 33 42 42  6 49
 46 37 11 11 49 59 46 34 33 11 11 48 59 11 53 48 53 15 11 37  4 37 11 26
 11 11 46 11 48 11 26 51 51  6 49 11 37 48 15 42]",False,False,0.0,0.0,"[np.int64(6), np.int64(3), np.int64(19), np.int64(0), np.int64(53), np.int64(11), np.int64(46), np.int64(27), np.int64(8), np.int64(22), np.int64(15), np.int64(5), np.int64(59), np.int64(44), np.int64(32), np.int64(24), np.int64(13), np.int64(7), np.int64(61), np.int64(13), np.int64(44), np.int64(4), np.int64(59), np.int64(15), np.int64(24), np.int64(12), np.int64(48), np.int64(16), np.int64(2), np.int64(38), np.int64(30), np.int64(49), np.int64(33), np.int64(26), np.int64(24), np.int64(56), np.int64(21), np.int64(14), np.int64(32), np.int64(9), np.int64(35), np.int64(8), np.int64(8), np.int64(61), np.int64(11), np.int64(19), np.int64(18), np.int64(49), np.int64(27), np.int64(39), np.int64(32), np.int64(38), np.int64(42), np.int64(61), np.int64(12), np.int64(58), np.int64(52), np.int64(4), np.int64(4), np.int64(23), np.int64(57), np.int64(38), np.int64(49), np.int64(8)]","[np.int64(16), np.int64(47), np.int64(52), np.int64(8), np.int64(43), np.int64(11), np.int64(34), np.int64(12), np.int64(63), np.int64(20), np.int64(16), np.int64(39), np.int64(25), np.int64(61), np.int64(20), np.int64(15), np.int64(46), np.int64(10), np.int64(52), np.int64(53), np.int64(5), np.int64(28), np.int64(30), np.int64(36), np.int64(61), np.int64(47), np.int64(11), np.int64(60), np.int64(54), np.int64(17), np.int64(21), np.int64(62), np.int64(12), np.int64(37), np.int64(58), np.int64(9), np.int64(61), np.int64(19), np.int64(16), np.int64(44), np.int64(54), np.int64(37), np.int64(13), np.int64(4), np.int64(32), np.int64(47), np.int64(18), np.int64(14), np.int64(41), np.int64(46), np.int64(62), np.int64(8), np.int64(5), np.int64(1), np.int64(50), np.int64(28), np.int64(17), np.int64(49), np.int64(27), np.int64(59), np.int64(9), np.int64(50), np.int64(22), np.int64(22)]",False,False,0.0,0.0,"[51 42 11 53 11 59 11 53 37 48 53 11 15 51 46 11 37  6 37 42 27 27 42 49
 46 37 11 11  4 59 27 27 33 11 11 34 59 11 53 34 53 42 11 26  6 42 11 34
 11 11 46 11 48 11 33 42 15  6 48 11 37 48 15  4]","[51  2 11 27 11 59 11 59 59 48 53 11 49  2 33 11 53  6 48 27 27 49 46 26
 46  4 11 11 15 15 27 59 37 11 11 48  2 11  2 34 34 42 11 37 37 51 11 26
 11 11  2 11 53 11 26 42 51  6 59 11  6 48 15 15]",False,False,0.0,0.0,"[37  2 11 27 11 49 11 48  4  4 49 11  6  2 33 11 33  6 37 27 27 27  6 26
 33 27 11 11  4 15 27 27  4 11 11 48  6 11  2  4 34  4 11 33  6  2 11  4
 11 11  2 11  2 11 33 42 15  6  4 11  2 48 15  4]","[51 46 11 27 11 49 11 48  4 48 49 11  6 33 33 11 33  6 37 15 42 49  6 26
 33  4 11 11 15 15 27 34 37 11 11 48  6 11  2 34 34 15 11  6  6 51 11 26
 11 11 46 11  2 11 26 51 51  6 49 11  6 37 15 26]",False,False,0.015625,0.0,1.0,0.0,0.0,25,0,0,1.0,0.0,0.0,25,0,0,1.0,0.0,0.0,25,0,0,1.0,0.0,0.0,25,0,0,1.0,0.0,0.0,25,0,0,1.0,0.0,0.0,25,0,0,0.04,0.0,0.0,1,0,0,0.04,0.0,0.0,1,0,0
[0 0 0 ... 0 0 0],48,"[37 57 33 21 11 47 30 62 45 38 11 48 59 59 19 62 25 59 11 48 57 48 36 57
 47 48 36 47 25 57 48 11 21 21 59 21 48 48 48 21 62 19 45 62 19 48 36 48
 48 57 11 62 25 62 38 62 17 48 11 48 19 59 48 48]","[63 45 16 21 11 38 19 25 45 59 36 48 19 59 21 30 37 21 11 48 57 48 36 57
 47 48 21 47 38 37 48 25 45 47 38 45 48 48 48 36 62 19 57 47 21 48 30 48
 48 21 47 11 37 21 38 30 29 48 19 48 19 62 48 48]",False,False,0.0,0.0,"[np.int64(10), np.int64(20), np.int64(40), np.int64(3), np.int64(44), np.int64(10), np.int64(1), np.int64(54), np.int64(15), np.int64(55), np.int64(16), np.int64(47), np.int64(63), np.int64(29), np.int64(15), np.int64(51), np.int64(33), np.int64(37), np.int64(32), np.int64(22), np.int64(58), np.int64(48), np.int64(19), np.int64(18), np.int64(22), np.int64(11), np.int64(63), np.int64(18), np.int64(10), np.int64(62), np.int64(29), np.int64(55), np.int64(26), np.int64(6), np.int64(20), np.int64(33), np.int64(1), np.int64(47), np.int64(4), np.int64(29), np.int64(34), np.int64(7), np.int64(8), np.int64(9), np.int64(19), np.int64(4), np.int64(10), np.int64(35), np.int64(59), np.int64(59), np.int64(28), np.int64(16), np.int64(12), np.int64(7), np.int64(20), np.int64(25), np.int64(1), np.int64(44), np.int64(56), np.int64(17), np.int64(9), np.int64(38), np.int64(1), np.int64(13)]","[np.int64(28), np.int64(14), np.int64(28), np.int64(44), np.int64(21), np.int64(21), np.int64(61), np.int64(17), np.int64(18), np.int64(46), np.int64(47), np.int64(13), np.int64(60), np.int64(29), np.int64(50), np.int64(2), np.int64(54), np.int64(53), np.int64(15), np.int64(24), np.int64(8), np.int64(24), np.int64(21), np.int64(6), np.int64(15), np.int64(26), np.int64(0), np.int64(39), np.int64(31), np.int64(57), np.int64(9), np.int64(0), np.int64(48), np.int64(56), np.int64(17), np.int64(24), np.int64(53), np.int64(39), np.int64(13), np.int64(33), np.int64(4), np.int64(52), np.int64(15), np.int64(59), np.int64(36), np.int64(3), np.int64(4), np.int64(55), np.int64(23), np.int64(28), np.int64(40), np.int64(23), np.int64(23), np.int64(30), np.int64(46), np.int64(33), np.int64(52), np.int64(11), np.int64(59), np.int64(48), np.int64(20), np.int64(43), np.int64(26), np.int64(19)]",False,False,0.0,0.0,"[37 45 16 21 30 19 36 25 45 59 36 48 59 59 19 21 25 59 45 48 57 48 19 57
 21 48 37 47 38 37 48 25 37 21 59 62 48 48 48 21 45 36 45 62 57 48 19 48
 48 21 25 11 11 21 25 62 43 48 25 48 36 62 48 48]","[19 45 42 45 11 38 36 62 45 59 45 48 59 59 21 62 25 59 11 48 57 48 36 57
 21 48 36 47 21 57 48 11 21 21 59 45 48 48 48 36 62 36 19 47 57 48 47 48
 48 21 38 11 37 21 38 62 20 48 19 48 19 37 48 48]",False,False,0.0,0.0,"[19 36  1 21 11 19 19 25 45 11 11 48 19 59 19 11 25 21 11 48 57 48 19 57
 21 48 21 47 21 37 48 11 21 21 38 21 48 48 48 21 11 19 11 25 21 48 30 48
 48 21 11 11 11 21 38 30  0 48 11 48 19 45 48 48]","[19 45 13 21 11 19 30 62 45 59 11 48 19 59 19 59 37 21 11 48 57 48 19 57
 47 48 21 47 21 37 48 11 21 47 59 11 48 48 48 36 11 19 19 47 19 48 47 48
 48 47 11 11 11 62 38 30 29 48 11 48 19 62 48 48]",False,False,0.015625,0.0,1.0,0.0,0.0,25,0,0,1.0,0.0,0.0,25,0,0,1.0,0.0,0.0,25,0,0,1.0,0.0,0.0,25,0,0,1.0,0.0,0.0,25,0,0,1.0,0.0,0.0,25,0,0,0.04,0.0,0.0,1,0,0,0.04,0.0,0.0,1,0,0
[1 0 0 ... 0 1 0],34,"[14 34 21 29 54 14 60 14 34 12 29 57 34 40 34 34 26 34 12 26  1 34  1 57
 26 45 34 53 59 34 12 34  8 12 34 34 14 31 12 54 34 26 57 34  1 34 34 45
 34 46  8 59  1 34 34 54 29 34 34 34 34  8 34 31]","[54 34 12  8 60 60 58 59 34 12 29 57 34 21 34 34 59 34 12 60 48 34 62 21
 59 45 34 45 60 34  8 34 53 40 34 34 43 35 12 58 34 26  8 34 12 34 34  8
 34 46 31 58 29 34 34 54 54 34 34 34 34 53 34 62]",False,False,0.0,0.0,"[np.int64(27), np.int64(62), np.int64(9), np.int64(8), np.int64(16), np.int64(33), np.int64(29), np.int64(44), np.int64(39), np.int64(34), np.int64(55), np.int64(50), np.int64(0), np.int64(38), np.int64(58), np.int64(14), np.int64(2), np.int64(3), np.int64(46), np.int64(61), np.int64(61), np.int64(62), np.int64(14), np.int64(49), np.int64(9), np.int64(20), np.int64(15), np.int64(1), np.int64(3), np.int64(32), np.int64(22), np.int64(37), np.int64(61), np.int64(20), np.int64(3), np.int64(3), np.int64(16), np.int64(2), np.int64(24), np.int64(0), np.int64(45), np.int64(55), np.int64(46), np.int64(33), np.int64(7), np.int64(2), np.int64(36), np.int64(53), np.int64(30), np.int64(3), np.int64(38), np.int64(25), np.int64(24), np.int64(8), np.int64(20), np.int64(49), np.int64(44), np.int64(18), np.int64(23), np.int64(3), np.int64(58), np.int64(40), np.int64(1), np.int64(61)]","[np.int64(29), np.int64(9), np.int64(0), np.int64(24), np.int64(34), np.int64(23), np.int64(48), np.int64(50), np.int64(12), np.int64(43), np.int64(58), np.int64(23), np.int64(1), np.int64(56), np.int64(15), np.int64(56), np.int64(42), np.int64(8), np.int64(20), np.int64(54), np.int64(54), np.int64(51), np.int64(4), np.int64(0), np.int64(53), np.int64(27), np.int64(61), np.int64(10), np.int64(51), np.int64(29), np.int64(3), np.int64(25), np.int64(13), np.int64(12), np.int64(34), np.int64(48), np.int64(23), np.int64(7), np.int64(11), np.int64(11), np.int64(49), np.int64(7), np.int64(31), np.int64(54), np.int64(57), np.int64(50), np.int64(53), np.int64(59), np.int64(62), np.int64(56), np.int64(53), np.int64(5), np.int64(33), np.int64(61), np.int64(58), np.int64(62), np.int64(46), np.int64(10), np.int64(45), np.int64(22), np.int64(30), np.int64(62), np.int64(49), np.int64(52)]",False,False,0.0,0.0,"[40 34 12 45 54 48 40 14 34 43 29 45 34 40 34 34 54 34 12 26 48 34 29 48
 15  1 34 35 60 34 46 34 29  1 34 34 43  1 12 29 34 17  1 34  1 34 34  1
 34 54 17 59  8 34 34 48 43 34 34 34 34  8 34  1]","[14 34 14 62 60 60 26 12 34 59 29 57 34 21 34 34 26 34 48 45 43 34 62 53
 59 45 34 59 60 34 62 34 53 14 34 34 60 31 31 54 34 53  1 34  8 34 34  1
 34 21  1 57  1 34 34 29 54 34 34 34 34 29 34 62]",False,False,0.0,0.0,"[14 34 35  8 57 14 31 29 34 31 29 15 34 21 34 34 26 34 12 12  1 34  1 53
 17  1 34 53 26 34  8 34  8  1 34 34 14  1  1  1 34 17  1 34  1 34 34  1
 34 21  1 14  1 34 34  1 29 34 34 34 34  8 34  1]","[14 34 14 14 60 14 58 14 34 12 58 45 34 53 34 34 58 34 45 60 45 34  1 21
 53 45 34 45 26 34  8 34  8 14 34 34 60 31 31 58 34 14 14 34  1 34 34  8
 34 26 31 14  8 34 34 17 54 34 34 34 34  8 34  1]",False,False,0.015625,0.0,1.0,0.0,0.0,25,0,0,1.0,0.0,0.0,25,0,0,1.0,0.0,0.0,25,0,0,1.0,0.0,0.0,25,0,0,1.0,0.0,0.0,25,0,0,1.0,0.0,0.0,25,0,0,0.04,0.0,0.0,1,0,0,0.04,0.0,0.0,1,0,0
[0 1 0 ... 1 1 0],52,"[39 55 30 56  6 56 52 49 56 52 52 10 31  6 55 35 52 49 16 52 41 10 56  6
 56 16 19 19 30 55 52 52 49 55 49 52 10  6 41 52  6 52 56 54  6 54 56 54
  9 52 55  6 52  6 52 52 52 19 55 35 54 30 30 49]","[39 56 35 56 55 54 52 39  6 52 52 41 31  6 49 35 52 54 49 52 54 10 56 49
 56 35 41 49 54 55 52 52 54 55 54 52 35  9 31 52 16 52  6 10 49 55  9  6
 41 52 55 30 52  6 52 52 52 31  6 41 54 41 41  6]",False,False,0.0,0.0,"[np.int64(63), np.int64(41), np.int64(43), np.int64(12), np.int64(56), np.int64(3), np.int64(16), np.int64(23), np.int64(22), np.int64(5), np.int64(48), np.int64(29), np.int64(37), np.int64(25), np.int64(14), np.int64(35), np.int64(9), np.int64(52), np.int64(29), np.int64(12), np.int64(4), np.int64(47), np.int64(51), np.int64(22), np.int64(19), np.int64(24), np.int64(4), np.int64(26), np.int64(46), np.int64(56), np.int64(11), np.int64(48), np.int64(8), np.int64(55), np.int64(53), np.int64(14), np.int64(14), np.int64(58), np.int64(21), np.int64(46), np.int64(17), np.int64(56), np.int64(53), np.int64(59), np.int64(31), np.int64(11), np.int64(48), np.int64(35), np.int64(28), np.int64(59), np.int64(63), np.int64(1), np.int64(15), np.int64(1), np.int64(13), np.int64(54), np.int64(50), np.int64(4), np.int64(34), np.int64(59), np.int64(19), np.int64(36), np.int64(15), np.int64(29)]","[np.int64(10), np.int64(15), np.int64(30), np.int64(61), np.int64(8), np.int64(8), np.int64(33), np.int64(1), np.int64(18), np.int64(58), np.int64(12), np.int64(5), np.int64(18), np.int64(46), np.int64(2), np.int64(34), np.int64(2), np.int64(56), np.int64(38), np.int64(40), np.int64(7), np.int64(46), np.int64(35), np.int64(61), np.int64(0), np.int64(37), np.int64(47), np.int64(56), np.int64(2), np.int64(62), np.int64(38), np.int64(7), np.int64(36), np.int64(32), np.int64(2), np.int64(40), np.int64(27), np.int64(28), np.int64(18), np.int64(25), np.int64(62), np.int64(54), np.int64(9), np.int64(2), np.int64(3), np.int64(56), np.int64(62), np.int64(44), np.int64(44), np.int64(8), np.int64(9), np.int64(57), np.int64(39), np.int64(43), np.int64(26), np.int64(13), np.int64(59), np.int64(2), np.int64(47), np.int64(55), np.int64(46), np.int64(54), np.int64(53), np.int64(16)]",False,False,0.0,0.0,"[16 10 30 56 39  9 52 16 56 52 52 39 31  6 19 35 52 54 49 52 35 10 30 35
 39 54 31 55 30 19 52 52 56 55 30 52 16 56 49 52 16 52 30 31 30 49 10 31
  9 52 30  6 52 41 52 52 52 49  6 35 54 41 41 49]","[ 9 56 35 31 41 56 52 31 54 52 52 41 31  6 19 35 52 54  9 52 31 19 56 49
 31 16  9 19 54 41 52 52 54 55 35 52 10  9 41 52  6 52  6 10 30 54  9 54
  6 52 54 39 52 41 52 52 52 56 55 35 54 39 41  6]",False,False,0.0,0.0,"[16 10 30 31  6  9 52 31  6 52 52 10 31  6  6 35 52  6  9 52  6  6 10  6
 31 16  9  6  6 19 52 52 35 55 31 52 10  9 31 52  6 52  6  9  6 49 10  6
  6 52 31  6 52  6 52 52 52 19  6 31 54 30 30  6]","[ 9 56 35 31  6  9 52 31 54 52 52 41 31  6  6 35 52 54  9 52 54  6 10  6
 31 54 41 31 54 41 52 52 54 55 31 52 10 31 41 52  6 52  6 10  6 54  9 31
  9 52 31  6 52  6 52 52 52 31  6 41 54 41 41  6]",False,False,0.015625,0.0,1.0,0.0,0.0,25,0,0,1.0,0.0,0.0,25,0,0,1.0,0.0,0.0,25,0,0,1.0,0.0,0.0,25,0,0,1.0,0.0,0.0,25,0,0,1.0,0.0,0.0,25,0,0,0.04,0.0,0.0,1,0,0,0.04,0.0,0.0,1,0,0
[0 1 1 ... 0 1 0],0,"[ 0  0  0 11 27 54 59  2 56 12  0  0  0  2 48 58 47  0 58 11 17 56 34 48
 59  0 10  0 34 25 54 53 48 54  0 11 27  2 12 56 47 59 10 47 17 53 34  0
  0  1 12 34 10  0  0 56  0 17  0  0 48 27 34 48]","[ 0  0  0 25 27 34 59 53 54 48  0  0  0 11  2 47 11  0 25 12 17  1 34 11
  2  0 59  0 48 17 54 25  2 27  0 11 53 54 12 58 47 59 27 48 59 47 59  0
  0  1 54 17 11  0  0 59  0 34  0  0 56 25 25 48]",False,False,0.0,0.0,"[np.int64(62), np.int64(4), np.int64(55), np.int64(63), np.int64(58), np.int64(43), np.int64(2), np.int64(59), np.int64(12), np.int64(4), np.int64(22), np.int64(32), np.int64(30), np.int64(25), np.int64(13), np.int64(35), np.int64(33), np.int64(23), np.int64(5), np.int64(23), np.int64(52), np.int64(5), np.int64(55), np.int64(57), np.int64(59), np.int64(55), np.int64(36), np.int64(56), np.int64(20), np.int64(50), np.int64(6), np.int64(58), np.int64(20), np.int64(45), np.int64(2), np.int64(29), np.int64(28), np.int64(4), np.int64(52), np.int64(40), np.int64(22), np.int64(9), np.int64(21), np.int64(62), np.int64(35), np.int64(49), np.int64(35), np.int64(48), np.int64(42), np.int64(28), np.int64(22), np.int64(35), np.int64(59), np.int64(12), np.int64(52), np.int64(28), np.int64(58), np.int64(5), np.int64(38), np.int64(47), np.int64(1), np.int64(49), np.int64(18), np.int64(9)]","[np.int64(44), np.int64(41), np.int64(11), np.int64(43), np.int64(45), np.int64(31), np.int64(47), np.int64(26), np.int64(55), np.int64(10), np.int64(25), np.int64(29), np.int64(30), np.int64(48), np.int64(10), np.int64(3), np.int64(57), np.int64(39), np.int64(43), np.int64(58), np.int64(28), np.int64(20), np.int64(26), np.int64(63), np.int64(41), np.int64(4), np.int64(40), np.int64(26), np.int64(46), np.int64(4), np.int64(41), np.int64(7), np.int64(8), np.int64(36), np.int64(52), np.int64(17), np.int64(43), np.int64(44), np.int64(48), np.int64(56), np.int64(1), np.int64(29), np.int64(45), np.int64(1), np.int64(21), np.int64(26), np.int64(24), np.int64(3), np.int64(1), np.int64(59), np.int64(8), np.int64(54), np.int64(46), np.int64(39), np.int64(60), np.int64(17), np.int64(19), np.int64(21), np.int64(24), np.int64(31), np.int64(2), np.int64(45), np.int64(3), np.int64(1)]",False,False,0.0,0.0,"[ 0  0  0 34 27 12 59  2  1 53  0  0  0 11 48 58 47  0 11 34 25 48 34 48
 59  0  2  0 48 25 27 25 58 11  0 11 27  2 12 58 12 12 53 48 34 12 34  0
  0 34 12 59 11  0  0 56  0 47  0  0 48  2 34 48]","[ 0  0  0 25 34 11 34  2 54 53  0  0  0 47 48 47 11  0 25  1 34 56  1 10
 59  0 10  0 48 17 54 53 48 54  0 59  1 54 12 56 47 48 59 48 59 47 25  0
  0 34 34 17 11  0  0 56  0 17  0  0 34 25 25 48]",False,False,0.0,0.0,"[ 0  0  0 11 11 11 34 12  1 12  0  0  0 11  2 47 11  0 11 11 17  1  1 11
 10  0 17  0 27 17 25 17  2 11  0 11 12 17 34 34 12 12 10 17 25 12 11  0
  0  1  2  1 11  0  0 17  0 17  0  0 34  2 10 48]","[ 0  0  0 25 34  1 34 12 54 48  0  0  0 11 48 47 11  0 11 11 25  1  1 11
 59  0 54  0 34 54 54 25 58 11  0 11  1 54 12 34 47 59 59 48 25 17 25  0
  0  1 54  1 11  0  0 59  0 34  0  0 34 25 25 48]",False,False,0.015625,0.0,1.0,0.0,0.0,25,0,0,1.0,0.0,0.0,25,0,0,1.0,0.0,0.0,25,0,0,1.0,0.0,0.0,25,0,0,1.0,0.0,0.0,25,0,0,1.0,0.0,0.0,25,0,0,0.04,0.0,0.0,1,0,0,0.04,0.0,0.0,1,0,0
[1 0 0 ... 0 0 1],33,"[51 32 29 18  7 33 26 33 58 43 18 33 11 33 26 51 32 32 33  5  5 38 37 20
 30 11 33 30 11 33 33 39 33 33 13 37 44 33 29 33 43 44 29 33 33 32 44 30
 44 51 58 33 30  7 44 11 32 58 33 58 18  7  7 30]","[13 32 11 29 58 33 26 33 43 43 30 33 18 33 26 51 32 43 33 44 43  1 30 10
 51 13 33  7 11 33 33 39 33 33 26 13 44 33 13 33 39 51 29 33 33 29 58 30
 44 44 43 33 13  7 29 11 29 51 33 43 26  7 32 11]",False,False,0.0,0.0,"[np.int64(44), np.int64(60), np.int64(52), np.int64(7), np.int64(44), np.int64(28), np.int64(55), np.int64(53), np.int64(34), np.int64(12), np.int64(12), np.int64(37), np.int64(33), np.int64(9), np.int64(22), np.int64(52), np.int64(47), np.int64(5), np.int64(62), np.int64(23), np.int64(36), np.int64(10), np.int64(13), np.int64(50), np.int64(38), np.int64(50), np.int64(26), np.int64(5), np.int64(10), np.int64(57), np.int64(37), np.int64(24), np.int64(62), np.int64(61), np.int64(20), np.int64(38), np.int64(38), np.int64(27), np.int64(46), np.int64(62), np.int64(2), np.int64(31), np.int64(49), np.int64(9), np.int64(62), np.int64(13), np.int64(28), np.int64(56), np.int64(62), np.int64(15), np.int64(22), np.int64(25), np.int64(15), np.int64(51), np.int64(13), np.int64(24), np.int64(43), np.int64(2), np.int64(19), np.int64(19), np.int64(37), np.int64(24), np.int64(57), np.int64(14)]","[np.int64(38), np.int64(7), np.int64(41), np.int64(3), np.int64(40), np.int64(15), np.int64(53), np.int64(21), np.int64(2), np.int64(18), np.int64(41), np.int64(26), np.int64(8), np.int64(36), np.int64(63), np.int64(48), np.int64(39), np.int64(21), np.int64(53), np.int64(57), np.int64(48), np.int64(27), np.int64(60), np.int64(24), np.int64(39), np.int64(16), np.int64(0), np.int64(27), np.int64(50), np.int64(20), np.int64(41), np.int64(62), np.int64(7), np.int64(26), np.int64(58), np.int64(16), np.int64(8), np.int64(14), np.int64(14), np.int64(39), np.int64(28), np.int64(56), np.int64(42), np.int64(33), np.int64(62), np.int64(15), np.int64(23), np.int64(32), np.int64(4), np.int64(2), np.int64(13), np.int64(16), np.int64(1), np.int64(0), np.int64(60), np.int64(50), np.int64(61), np.int64(33), np.int64(31), np.int64(0), np.int64(49), np.int64(22), np.int64(35), np.int64(1)]",False,False,0.0,0.0,"[11 32 30 29 58 33 26 33 11 43 18 33 11 33 51 18 37 32 33  5 26 57 30 20
 30 11 33 39 32 33 33 39 33 33 37 32 44 33 13 33 43 51 43 33 33 32 26 30
  5  5 43 33 13  7 37 11 39 58 33 29 13  7  5 11]","[11 32 11 51  7 33 26 33 26 51 44 33 11 33  7 51 51 58 33  5 26 53 51 54
 51 44 33 30 32 33 33 39 33 33 43 32 44 33 29 33 39 44 43 33 33 32 11 39
 44 51 43 33 13  7 44 11 37 32 33 32 26  7  7 30]",False,False,0.0,0.0,"[ 5 32  7  5  7 33 26 33  5 26 18 33 11 33  7 18 26 32 33  7 13  3 30 10
 13 11 33  7 11 33 33 18 33 33 13 13 44 33 29 33 39 44 11 33 33 32 11 30
  5  5 43 33 13  7 37 11  7 32 33 43 11 13  5 11]","[51 32  7 32  7 33 26 33 26 26 30 33 29 33  7 51 26 32 33 44 13 38 37 10
 39 44 33 39 32 33 33 39 33 33 13 13 44 33 13 33 43 51 26 33 33 32 26 39
 58 44 58 33 51  7 26 11  7 32 33 32 26  7 39 51]",False,False,0.015625,0.0,1.0,0.0,0.0,25,0,0,1.0,0.0,0.0,25,0,0,1.0,0.0,0.0,25,0,0,1.0,0.0,0.0,25,0,0,1.0,0.0,0.0,25,0,0,1.0,0.0,0.0,25,0,0,0.04,0.0,0.0,1,0,0,0.04,0.0,0.0,1,0,0
[0 0 0 ... 1 0 0],1,"[24  1  1  2  1 50 48  1  2  1 17  9 39  4  2  7  9  1 50 50 57  2  1  7
 22 17  1  4  4  9 57 50  4 53 57  7 17 22  4  1 26 42  1 42 39 42  7  2
 26 42  1 39 42  1  7 53 50  1 17 50 17 39 26 26]","[38  1  1 42  1  9 62  1 53  1 17  4 39  4 26 22  9  1 50 50 57 39  1 53
 22 50  1  2  4  9 17 53 57 57 57  7 57 50  4  1 57 53  1 57 39  4 53  2
 26 57  1 57 57  1 22 17  4  1 17 42 17 17 22  7]",False,False,0.0,0.0,"[np.int64(22), np.int64(41), np.int64(3), np.int64(59), np.int64(53), np.int64(51), np.int64(35), np.int64(3), np.int64(43), np.int64(30), np.int64(37), np.int64(62), np.int64(24), np.int64(22), np.int64(34), np.int64(48), np.int64(14), np.int64(34), np.int64(18), np.int64(35), np.int64(61), np.int64(1), np.int64(10), np.int64(46), np.int64(37), np.int64(23), np.int64(38), np.int64(20), np.int64(0), np.int64(4), np.int64(25), np.int64(27), np.int64(9), np.int64(4), np.int64(5), np.int64(10), np.int64(19), np.int64(49), np.int64(63), np.int64(18), np.int64(62), np.int64(33), np.int64(5), np.int64(56), np.int64(15), np.int64(60), np.int64(36), np.int64(43), np.int64(39), np.int64(5), np.int64(57), np.int64(14), np.int64(41), np.int64(41), np.int64(39), np.int64(12), np.int64(42), np.int64(18), np.int64(57), np.int64(21), np.int64(54), np.int64(6), np.int64(30), np.int64(62)]","[np.int64(13), np.int64(42), np.int64(59), np.int64(50), np.int64(4), np.int64(45), np.int64(38), np.int64(58), np.int64(38), np.int64(51), np.int64(47), np.int64(18), np.int64(40), np.int64(56), np.int64(17), np.int64(6), np.int64(13), np.int64(15), np.int64(35), np.int64(29), np.int64(52), np.int64(60), np.int64(15), np.int64(63), np.int64(10), np.int64(0), np.int64(38), np.int64(61), np.int64(52), np.int64(49), np.int64(19), np.int64(0), np.int64(56), np.int64(36), np.int64(61), np.int64(37), np.int64(24), np.int64(26), np.int64(41), np.int64(2), np.int64(19), np.int64(1), np.int64(27), np.int64(10), np.int64(51), np.int64(20), np.int64(11), np.int64(30), np.int64(12), np.int64(56), np.int64(49), np.int64(29), np.int64(46), np.int64(58), np.int64(32), np.int64(24), np.int64(49), np.int64(26), np.int64(37), np.int64(8), np.int64(23), np.int64(11), np.int64(24), np.int64(32)]",False,False,0.0,0.0,"[45  1  1 42  1 50 33  1 53  1  4  7 39  4  2  4  9  1 50  2 42  2  1  7
  9 17  1  2  4  9 17 53 57 42 57 53 17 57  4  1 26 53  1 57 39  4 53 39
 17 42  1 39 57  1  7  7 50  1 42 50 50 39 22 26]","[47  1  1  9  1 50 31  1 22  1 17  9 39 53 53  4  9  1 50 50 57 39  1 42
 22 50  1 39  4  9 57 53 50 57 57 42 17 50  2  1 50  7  1 57 39 57 57  9
 26 57  1 57 42  1 22 17  4  1 39 26 50 39 22 26]",False,False,0.0,0.0,"[20  1  1  2  1  7  3  1  2  1  4  4 39  4  2  4  9  1 50  2 42  2  1  7
  9 17  1  4  4  9 17 22  4 26 57  7 17 22  4  1  7  2  1 17 39  4  7  2
 17  2  1 39 26  1  7  7  2  1 17 42 17  9 22  7]","[15  1  1  9  1 50 31  1 22  1 17 39 39 53 50 22  9  1 50 50 57 39  1  7
 22 50  1 39  4  9 17 50  4 57 57 53 17 50  4  1 50  9  1 17 39 57 57  9
 17 57  1 57 57  1 57 17 50  1 39 50 50 39 22  7]",False,False,0.015625,0.0,1.0,0.0,0.0,25,0,0,1.0,0.0,0.0,25,0,0,1.0,0.0,0.0,25,0,0,1.0,0.0,0.0,25,0,0,1.0,0.0,0.0,25,0,0,1.0,0.0,0.0,25,0,0,0.04,0.0,0.0,1,0,0,0.04,0.0,0.0,1,0,0
[0 1 0 ... 0 1 0],26,"[47 41 46 11 20 11 26 41 59 16  6 26 11 39 39 11 26 41 34 35 26 20 20 16
 35 16 26 41 46 59  6 11 11  6  6 26 41 35 26 26 39 26 11 39 26 16 26 26
 44 20 46 38 46 38 53 59 44 35 47 26 16 39 11 39]","[47 41 44 38 11 38 26 39 59 39 11 26 41 38  6 16 26 35 34 35 26 20 20 47
  6 16 26 39 46 59  6 20 35 44 44 26 41 35 26 26 44 26 11 39 26 46 26 26
 44 46 41 41 44 41 17 20 44 35 47 26 16 44 38 39]",False,False,0.0,0.0,"[np.int64(51), np.int64(53), np.int64(5), np.int64(30), np.int64(1), np.int64(43), np.int64(36), np.int64(20), np.int64(63), np.int64(27), np.int64(29), np.int64(46), np.int64(18), np.int64(12), np.int64(0), np.int64(38), np.int64(58), np.int64(10), np.int64(15), np.int64(26), np.int64(57), np.int64(8), np.int64(4), np.int64(17), np.int64(6), np.int64(54), np.int64(5), np.int64(33), np.int64(12), np.int64(55), np.int64(11), np.int64(10), np.int64(7), np.int64(30), np.int64(38), np.int64(19), np.int64(50), np.int64(31), np.int64(57), np.int64(56), np.int64(7), np.int64(7), np.int64(56), np.int64(62), np.int64(15), np.int64(1), np.int64(15), np.int64(25), np.int64(14), np.int64(20), np.int64(29), np.int64(55), np.int64(5), np.int64(23), np.int64(52), np.int64(28), np.int64(63), np.int64(15), np.int64(38), np.int64(10), np.int64(1), np.int64(18), np.int64(62), np.int64(35)]","[np.int64(1), np.int64(50), np.int64(10), np.int64(57), np.int64(61), np.int64(25), np.int64(9), np.int64(33), np.int64(55), np.int64(23), np.int64(51), np.int64(32), np.int64(3), np.int64(18), np.int64(53), np.int64(18), np.int64(35), np.int64(20), np.int64(60), np.int64(22), np.int64(11), np.int64(41), np.int64(10), np.int64(56), np.int64(45), np.int64(52), np.int64(26), np.int64(33), np.int64(23), np.int64(31), np.int64(31), np.int64(42), np.int64(63), np.int64(9), np.int64(62), np.int64(56), np.int64(42), np.int64(29), np.int64(22), np.int64(43), np.int64(58), np.int64(20), np.int64(55), np.int64(58), np.int64(59), np.int64(13), np.int64(60), np.int64(12), np.int64(32), np.int64(44), np.int64(0), np.int64(51), np.int64(17), np.int64(0), np.int64(13), np.int64(45), np.int64(34), np.int64(49), np.int64(17), np.int64(5), np.int64(32), np.int64(15), np.int64(11), np.int64(43)]",False,False,0.0,0.0,"[41 41 44 38 44 47 26  6 59 16 11 26 41 38 35 16 26 11 19 47 26 39 20 39
 39 16 26 41 35 38 59 11 35 38 44 26 38 46 26 26 39 26 11 39 26  6 26 26
 44 20 20 41 46 41 10 59 44 35 47 26 38 46 16 59]","[47 41 46 38 20 38 26 38 59 41  6 26 41 20 35 35 26  6 30 47 26 20 20 47
  6 16 26 39 35 59 11 20 11 47 20 26 47 46 26 26  6 26 11 11 26 46 26 26
 44 20 47 38 44 41 56 59 44 20 47 26 16 44 38 39]",False,False,0.0,0.0,"[41 41 16 11 11 11 26  6 59  6  6 26 11 20  6 11 26  6  2 35 26 20 20 16
 11 16 26 39 20 20  6 11  6  6  6 26 38 20 26 26  6 26 11 11 26  6 26 26
 44 20 20 38 44 41  2 20 44 20 16 26 16 44  6 38]","[47 41 46 38 47 47 26 38 59  6  6 26 11 38 35 35 26 46  2 47 26 20 20 47
 47 16 26 39 35 38  6 20  6 47 20 26 38 46 26 26  6 26 11 11 26 46 26 26
 44 20 47 38 44 38  2 35 44 20 47 26 38 39 38 38]",False,False,0.015625,0.0,1.0,0.0,0.0,25,0,0,1.0,0.0,0.0,25,0,0,1.0,0.0,0.0,25,0,0,1.0,0.0,0.0,25,0,0,1.0,0.0,0.0,25,0,0,1.0,0.0,0.0,25,0,0,0.04,0.0,0.0,1,0,0,0.04,0.0,0.0,1,0,0
[0 1 0 ... 1 0 0],5,"[58 15 12  5 44  5 29 21  3  5 21 19  5 56 19  9 58 28  5  5 43  5 38 26
  5 40  5 58  5  5 58 43 19 24 24 43 40 58  5 38  5 29 18  5  5 24 38 29
 26 29 26 58 24 28 12 43  5  5  5 24 21 28  3 58]","[12 52 56  5 58  5 24 58 38  5 38 56  5 56 26  9 58  3  5  5 43  5 38 19
  5 40  5 19  5  5  9 38 19 44 24 43 40 26  5 40  5 44 57  5  5 43 29 29
 26 18 12 58 21 28 12 58  5  5  5  9 21 28 12  9]",False,False,0.0,0.0,"[np.int64(34), np.int64(37), np.int64(38), np.int64(22), np.int64(21), np.int64(3), np.int64(26), np.int64(2), np.int64(33), np.int64(55), np.int64(33), np.int64(39), np.int64(31), np.int64(62), np.int64(55), np.int64(38), np.int64(4), np.int64(20), np.int64(28), np.int64(50), np.int64(7), np.int64(44), np.int64(51), np.int64(48), np.int64(17), np.int64(2), np.int64(42), np.int64(40), np.int64(24), np.int64(18), np.int64(7), np.int64(2), np.int64(50), np.int64(46), np.int64(39), np.int64(50), np.int64(48), np.int64(35), np.int64(31), np.int64(0), np.int64(32), np.int64(50), np.int64(59), np.int64(27), np.int64(43), np.int64(7), np.int64(39), np.int64(0), np.int64(57), np.int64(37), np.int64(46), np.int64(38), np.int64(31), np.int64(50), np.int64(41), np.int64(38), np.int64(13), np.int64(37), np.int64(14), np.int64(17), np.int64(55), np.int64(51), np.int64(41), np.int64(43)]","[np.int64(13), np.int64(32), np.int64(50), np.int64(45), np.int64(63), np.int64(38), np.int64(18), np.int64(35), np.int64(11), np.int64(21), np.int64(63), np.int64(28), np.int64(19), np.int64(52), np.int64(0), np.int64(55), np.int64(60), np.int64(9), np.int64(32), np.int64(37), np.int64(16), np.int64(29), np.int64(12), np.int64(36), np.int64(17), np.int64(29), np.int64(33), np.int64(16), np.int64(45), np.int64(58), np.int64(2), np.int64(24), np.int64(17), np.int64(20), np.int64(44), np.int64(3), np.int64(25), np.int64(2), np.int64(11), np.int64(52), np.int64(52), np.int64(40), np.int64(41), np.int64(25), np.int64(22), np.int64(49), np.int64(62), np.int64(8), np.int64(47), np.int64(26), np.int64(61), np.int64(32), np.int64(6), np.int64(42), np.int64(42), np.int64(1), np.int64(42), np.int64(61), np.int64(27), np.int64(54), np.int64(3), np.int64(58), np.int64(46), np.int64(21)]",False,False,0.0,0.0,"[38 52 19  5 29  5 19 19  3  5 43 19  5 58 29  3  3 28  5  5 43  5 38 24
  5 40  5 58  5  5  9 43 24 24 56 38 28 58  5 57  5 29 18  5  5 38  9 29
 26 43 38 58 40 26 12  9  5  5  5 58 29 40  3 58]","[43 15 28  5 29  5  9 19 28  5 38 56  5 21 58 24 58 43  5  5  3  5 38 26
  5 40  5 19  5  5  3 38 19 28 24 38 56 38  5 38  5 29 21  5  5 44 29 19
 26 18 26 58 21  3 12 58  5  5  5 58 21 28 12 58]",False,False,0.0,0.0,"[ 9  0 12  5 29  5  9 12  3  5 21 19  5  3 26  3  3  3  5  5  9  5 29 18
  5 40  5 19  5  5 18 18 19 24 24 38  3  9  5 19  5 12  3  5  5 19  9 19
 12 21  3  9 24  3 12  9  5  5  5  9 21 40  3  9]","[44  0 43  5 44  5 38 58 38  5 43 56  5  3 38  3 19 43  5  5 21  5 38 26
  5 40  5 19  5  5  3 43 40 44  9 43 28 44  5 38  5 44 21  5  5 43 38 44
 38 26 44 28 21  3 12 43  5  5  5 58 21 28 43 58]",False,False,0.015625,0.0,1.0,0.0,0.0,25,0,0,1.0,0.0,0.0,25,0,0,1.0,0.0,0.0,25,0,0,1.0,0.0,0.0,25,0,0,1.0,0.0,0.0,25,0,0,1.0,0.0,0.0,25,0,0,0.04,0.0,0.0,1,0,0,0.04,0.0,0.0,1,0,0
[1 0 0 ... 0 1 0],34,"[40 34 59 45 60 60 26 48 34 43 58 15 34 60 34 34 59 34 48 48 48 34  1 46
 26 29 34 45 59 34 12 34  8 62 34 34 54 15  1 15 34 53 14 34 53 34 34  1
 34 21 31 60 12 34 34 48 17 34 34 34 34 29 34 54]","[14 34  1 45 60 14 26 14 34 31 58 45 34 53 34 34 54 34 12 60 48 34  1 53
 53 45 34 45 60 34 62 34 54 48 34 34 54 14  1 58 34 14 43 34 12 34 34  8
 34 46  1 58 57 34 34  1 12 34 34 34 34 53 34 31]",False,False,0.0,0.0,"[np.int64(56), np.int64(18), np.int64(14), np.int64(3), np.int64(7), np.int64(13), np.int64(9), np.int64(37), np.int64(6), np.int64(17), np.int64(49), np.int64(47), np.int64(8), np.int64(5), np.int64(61), np.int64(32), np.int64(10), np.int64(21), np.int64(38), np.int64(42), np.int64(16), np.int64(22), np.int64(50), np.int64(48), np.int64(55), np.int64(52), np.int64(7), np.int64(14), np.int64(33), np.int64(56), np.int64(39), np.int64(63), np.int64(12), np.int64(59), np.int64(54), np.int64(36), np.int64(12), np.int64(55), np.int64(55), np.int64(25), np.int64(45), np.int64(25), np.int64(57), np.int64(36), np.int64(1), np.int64(13), np.int64(58), np.int64(9), np.int64(5), np.int64(36), np.int64(54), np.int64(59), np.int64(24), np.int64(62), np.int64(16), np.int64(1), np.int64(0), np.int64(39), np.int64(63), np.int64(62), np.int64(53), np.int64(47), np.int64(51), np.int64(62)]","[np.int64(2), np.int64(11), np.int64(11), np.int64(10), np.int64(44), np.int64(48), np.int64(13), np.int64(3), np.int64(59), np.int64(12), np.int64(45), np.int64(20), np.int64(5), np.int64(0), np.int64(60), np.int64(15), np.int64(13), np.int64(3), np.int64(3), np.int64(35), np.int64(52), np.int64(47), np.int64(22), np.int64(0), np.int64(40), np.int64(14), np.int64(18), np.int64(12), np.int64(62), np.int64(55), np.int64(57), np.int64(38), np.int64(16), np.int64(21), np.int64(41), np.int64(2), np.int64(54), np.int64(23), np.int64(39), np.int64(5), np.int64(6), np.int64(19), np.int64(45), np.int64(9), np.int64(42), np.int64(19), np.int64(15), np.int64(36), np.int64(25), np.int64(61), np.int64(27), np.int64(41), np.int64(22), np.int64(50), np.int64(38), np.int64(0), np.int64(57), np.int64(60), np.int64(5), np.int64(50), np.int64(28), np.int64(28), np.int64(58), np.int64(49)]",False,False,0.0,0.0,"[40 34  1 43 57 14 40 14 34 31 29 59 34 40 34 34 53 34 48 26 45 34 59 57
  8 21 34 35 59 34  8 34 54  1 34 34 14 31 12 35 34 53 45 34 17 34 34 21
 34 26 59 14 29 34 34 29 43 34 34 34 34 29 34 54]","[14 34 12 43 54 14 58 40 34 40 58 57 34 53 34 34 58 34 12 48 48 34 59 21
 59 45 34 45 60 34  8 34 54 48 34 34 43  1  1 54 34 35  1 34 53 34 34 57
 34 21  8 58  1 34 34  1 12 34 34 34 34 15 34  1]",False,False,0.0,0.0,"[14 34 35  8 57 14 31 29 34 31 29 15 34 21 34 34 26 34 12 12  1 34  1 53
 17  1 34 53 26 34  8 34  8  1 34 34 14  1  1  1 34 17  1 34  1 34 34  1
 34 21  1 14  1 34 34  1 29 34 34 34 34  8 34  1]","[14 34 14 14 60 14 58 14 34 12 58 45 34 53 34 34 58 34 45 60 45 34  1 21
 53 45 34 45 26 34  8 34  8 14 34 34 60 31 31 58 34 14 14 34  1 34 34  8
 34 26 31 14  8 34 34 17 54 34 34 34 34  8 34  1]",False,False,0.015625,0.0,1.0,0.0,0.0,25,0,0,1.0,0.0,0.0,25,0,0,1.0,0.0,0.0,25,0,0,1.0,0.0,0.0,25,0,0,1.0,0.0,0.0,25,0,0,1.0,0.0,0.0,25,0,0,0.04,0.0,0.0,1,0,0,0.04,0.0,0.0,1,0,0
[1 1 1 ... 0 0 1],10,"[ 2 13 10 13 42 21 28  2 10 10 10 62  2 10 44 44  9 44 24 44 42 10  8 44
 10 10  8  2 10 21 24 25 25  2  2  8 10  9 42 25 21 51 10 21 10 10 21  9
 51 10 21 10  1  8 21 62 58 62 10 20 49 44 10 49]","[21 51 10 51 42 62 44 44 10 10 10 62  2 10 44 44 58  8 24 49 24 10 25 44
 10 10 44 21 10 58  9 28 45  2 36 36 10  9 25 25 21 24 10  9 10 10 25 36
 51 10  8 10 38 13 49 21 58 49 10 31 49 44 10 49]",False,False,0.0,0.0,"[np.int64(12), np.int64(14), np.int64(61), np.int64(32), np.int64(39), np.int64(10), np.int64(23), np.int64(5), np.int64(25), np.int64(48), np.int64(21), np.int64(16), np.int64(49), np.int64(32), np.int64(15), np.int64(10), np.int64(8), np.int64(12), np.int64(56), np.int64(6), np.int64(40), np.int64(14), np.int64(11), np.int64(35), np.int64(20), np.int64(51), np.int64(3), np.int64(6), np.int64(1), np.int64(16), np.int64(54), np.int64(23), np.int64(39), np.int64(10), np.int64(47), np.int64(47), np.int64(1), np.int64(52), np.int64(50), np.int64(57), np.int64(41), np.int64(43), np.int64(53), np.int64(19), np.int64(34), np.int64(42), np.int64(20), np.int64(25), np.int64(31), np.int64(44), np.int64(57), np.int64(36), np.int64(19), np.int64(6), np.int64(17), np.int64(2), np.int64(33), np.int64(34), np.int64(49), np.int64(5), np.int64(51), np.int64(63), np.int64(48), np.int64(6)]","[np.int64(56), np.int64(44), np.int64(0), np.int64(15), np.int64(50), np.int64(46), np.int64(14), np.int64(29), np.int64(52), np.int64(24), np.int64(5), np.int64(44), np.int64(14), np.int64(47), np.int64(43), np.int64(14), np.int64(50), np.int64(55), np.int64(54), np.int64(54), np.int64(39), np.int64(2), np.int64(6), np.int64(58), np.int64(41), np.int64(55), np.int64(44), np.int64(1), np.int64(22), np.int64(60), np.int64(53), np.int64(43), np.int64(19), np.int64(19), np.int64(44), np.int64(14), np.int64(52), np.int64(31), np.int64(31), np.int64(54), np.int64(8), np.int64(28), np.int64(56), np.int64(48), np.int64(33), np.int64(34), np.int64(12), np.int64(38), np.int64(30), np.int64(22), np.int64(30), np.int64(26), np.int64(34), np.int64(14), np.int64(42), np.int64(45), np.int64(60), np.int64(37), np.int64(37), np.int64(39), np.int64(34), np.int64(6), np.int64(44), np.int64(59)]",False,False,0.0,0.0,"[62 36 10 36 42 13 28 44 10 10 10  8  2 10 44 25  9 44 21 44  9 10  8 28
 10 10 13  8 10 28 28 45  9 28 36 51 10 51 25 24 42 51 10  9 10 10 42 45
 51 10 51 10 41 42 21  8 58 24 10  7 49 44 10 49]","[62 36 10 62 62 62 44 45 10 10 10 62 62 10 44 45  9 28 13 36  9 10  8 44
 10 10 49  2 10 28  9 25 45 13  2 36 10 51 25 25  9 24 10 21 10 10 51 45
 45 10 21 10 53 13 49  8 58 62 10 39 49 44 10 49]",False,False,0.0,0.0,"[ 2  9 10  8  2 13 28  2 10 10 10  8  2 10 44  8  9  8  2 36  9 10  8 28
 10 10  8  8 10  8  9 25  9  2  2  8 10  9 25 24  8 24 10  8 10 10 25  8
 45 10  8 10  1  8 42  8 28 13 10  0 36 44 10 49]","[62 13 10 62 62 62 44 45 10 10 10 62 62 10 44 45 36 28 21 36 25 10 45 44
 10 10 13 36 10 21 28 25  9  2 21 36 10 44 25 25 21 24 10 21 10 10 21 36
 45 10 21 10 53 13 21 21 28 62 10  0 36 44 10 49]",False,False,0.015625,0.0,1.0,0.0,0.0,25,0,0,1.0,0.0,0.0,25,0,0,1.0,0.0,0.0,25,0,0,1.0,0.0,0.0,25,0,0,1.0,0.0,0.0,25,0,0,1.0,0.0,0.0,25,0,0,0.04,0.0,0.0,1,0,0,0.04,0.0,0.0,1,0,0
[0 1 0 ... 0 0 1],43,"[43 15 43 43 43  6 43 17 43 43 37  6 61 52 23 43 54 43 15 37 15 54 43 43
  3  0 55 22 42 62 38  3 54 44 38 62 43 43 43 36 37  9 43 43 43 43 36 36
  0  8  3 22 43 17 43 43 23 44  9  0  2 43 43  2]","[43 61 43 43 43 42 43 17 43 43 62 42 61  4 37 43 37 43 61 23 15  4 43 43
  9 38 38 22 61  3 37 44 54  9 45 62 43 43 43  3 15  9 43 43 43 43 36 52
  0  9 54 23 43 54 43 43 23 45 52 61 42 43 43 22]",False,False,0.0,0.0,"[np.int64(23), np.int64(21), np.int64(59), np.int64(43), np.int64(36), np.int64(57), np.int64(59), np.int64(57), np.int64(34), np.int64(47), np.int64(4), np.int64(25), np.int64(55), np.int64(25), np.int64(32), np.int64(38), np.int64(44), np.int64(35), np.int64(59), np.int64(13), np.int64(28), np.int64(28), np.int64(58), np.int64(37), np.int64(37), np.int64(30), np.int64(36), np.int64(21), np.int64(24), np.int64(17), np.int64(28), np.int64(13), np.int64(37), np.int64(19), np.int64(33), np.int64(49), np.int64(12), np.int64(27), np.int64(19), np.int64(0), np.int64(18), np.int64(5), np.int64(45), np.int64(8), np.int64(31), np.int64(42), np.int64(34), np.int64(31), np.int64(42), np.int64(35), np.int64(45), np.int64(8), np.int64(18), np.int64(49), np.int64(42), np.int64(49), np.int64(37), np.int64(31), np.int64(30), np.int64(35), np.int64(43), np.int64(20), np.int64(20), np.int64(28)]","[np.int64(33), np.int64(8), np.int64(32), np.int64(12), np.int64(31), np.int64(39), np.int64(31), np.int64(53), np.int64(31), np.int64(8), np.int64(8), np.int64(5), np.int64(28), np.int64(2), np.int64(34), np.int64(7), np.int64(18), np.int64(7), np.int64(62), np.int64(32), np.int64(34), np.int64(41), np.int64(31), np.int64(53), np.int64(3), np.int64(44), np.int64(27), np.int64(50), np.int64(51), np.int64(1), np.int64(57), np.int64(18), np.int64(8), np.int64(45), np.int64(23), np.int64(57), np.int64(40), np.int64(4), np.int64(44), np.int64(35), np.int64(32), np.int64(34), np.int64(50), np.int64(4), np.int64(50), np.int64(15), np.int64(7), np.int64(63), np.int64(28), np.int64(29), np.int64(33), np.int64(63), np.int64(60), np.int64(49), np.int64(56), np.int64(43), np.int64(21), np.int64(40), np.int64(48), np.int64(9), np.int64(42), np.int64(63), np.int64(42), np.int64(42)]",False,False,0.0,0.0,"[43 61 43 43 43 23 43 17 43 43 62 37 54 52  0 43 55 43 15 61  0 22 43 43
  3  6 37 17  2 38 37 44 15 38 44  0 43 43 43 38 38  6 43 43 43 43 55  6
 61 61 37 22 43  9 43 43 23 45 52 61  6 43 43 22]","[43 42 43 43 43  3 43 55 43 43 37 42 61  4 54 43 37 43  6 62 22 22 43 43
  9 37 38 22 61  0 15  3 54 38 61  0 43 43 43 42  3 37 43 43 43 43 37 44
 62  8 37 23 43 17 43 43  4 44 17  0 54 43 43 22]",False,False,0.0,0.0,"[43 15 43 43 43 23 43 15 43 43  6  6 15  4  0 43  8 43  0  8  0  8 43 43
  6  0  3 17  0  0  2  2  8 15  2  0 43 43 43  6 15  8 43 43 43 43 15  0
  0  8  0  2 43  2 43 43  4 44  6  0  2 43 43  0]","[43  9 43 43 43  3 43 15 43 43 37 37 61  4 37 43 37 43  6  3 61  4 43 43
  9 37 52 22 52 37  4 52  9  9 38 62 43 43 43  3 37  9 43 43 43 43 37 52
 61  9 37 61 43 37 43 43  4 37  9 15  8 43 43 22]",False,False,0.015625,0.0,1.0,0.0,0.0,25,0,0,1.0,0.0,0.0,25,0,0,1.0,0.0,0.0,25,0,0,1.0,0.0,0.0,25,0,0,1.0,0.0,0.0,25,0,0,1.0,0.0,0.0,25,0,0,0.04,0.0,0.0,1,0,0,0.04,0.0,0.0,1,0,0
[1 0 0 ... 0 1 1],59,"[14 45 41 32 14 47 21 59 23 13 59 24 33 59 59 59 59 13 16 45 59 59 13 59
 59 26 59 45 20 10 26 59 59 59 24 15 54 16 10 51 47 26 14 51 60 59 23 59
 21 45 32 59 51 33 59 13 20 51 20 59 59 13 13 14]","[20 26  8 32 13 24 26 59 31 33 59 16 24 59 59 59 59 33 31 45 59 59 13 59
 59 26 59 31 20 24 21 59 59 59 24 16 23 16 23  7 47 26 15 47 60 59 54 59
 45  7 14 59 33 14 59 13 31 33 33 59 59 14 47  7]",False,False,0.0,0.0,"[np.int64(52), np.int64(2), np.int64(12), np.int64(43), np.int64(27), np.int64(23), np.int64(14), np.int64(0), np.int64(25), np.int64(3), np.int64(11), np.int64(50), np.int64(5), np.int64(55), np.int64(59), np.int64(57), np.int64(36), np.int64(62), np.int64(58), np.int64(39), np.int64(9), np.int64(56), np.int64(25), np.int64(8), np.int64(46), np.int64(35), np.int64(42), np.int64(34), np.int64(33), np.int64(4), np.int64(19), np.int64(36), np.int64(30), np.int64(23), np.int64(40), np.int64(30), np.int64(52), np.int64(33), np.int64(19), np.int64(10), np.int64(26), np.int64(51), np.int64(56), np.int64(52), np.int64(5), np.int64(41), np.int64(41), np.int64(59), np.int64(43), np.int64(49), np.int64(5), np.int64(18), np.int64(28), np.int64(20), np.int64(58), np.int64(59), np.int64(28), np.int64(7), np.int64(18), np.int64(7), np.int64(56), np.int64(36), np.int64(45), np.int64(41)]","[np.int64(28), np.int64(34), np.int64(37), np.int64(46), np.int64(39), np.int64(59), np.int64(45), np.int64(34), np.int64(7), np.int64(7), np.int64(23), np.int64(53), np.int64(56), np.int64(27), np.int64(62), np.int64(44), np.int64(9), np.int64(36), np.int64(19), np.int64(27), np.int64(17), np.int64(16), np.int64(37), np.int64(60), np.int64(7), np.int64(5), np.int64(4), np.int64(62), np.int64(52), np.int64(51), np.int64(57), np.int64(7), np.int64(60), np.int64(53), np.int64(42), np.int64(62), np.int64(55), np.int64(9), np.int64(41), np.int64(54), np.int64(42), np.int64(10), np.int64(62), np.int64(57), np.int64(13), np.int64(24), np.int64(10), np.int64(63), np.int64(15), np.int64(40), np.int64(43), np.int64(40), np.int64(0), np.int64(30), np.int64(10), np.int64(21), np.int64(43), np.int64(18), np.int64(41), np.int64(9), np.int64(27), np.int64(18), np.int64(12), np.int64(5)]",False,False,0.0,0.0,"[20 45 27 21 13 33 54 59 23 45 59 60  7 59 59 59 59 13 26 45 59 59 13 59
 59 20 59 26 54 15  7 59 59 59 24 16 54 26 21 21 51 24  7 13 51 59 13 59
 45  7 54 59 10 33 59 13 33 10 54 59 59 13 47 45]","[20 16 41 32 14 24 60 59 60 31 59 16 10 59 59 59 59 60 31 45 59 59 32 59
 59 20 59 45 60 45 31 59 59 59 24 54 23 16 23  7 47 31 33 20 60 59 45 59
 54 45 13 59 21 23 59 24 31 10 16 59 59 14 33 14]",False,False,0.0,0.0,"[14 16  8 21 14 21 21 59 10 13 59 16  7 59 59 59 59 13 16 45 59 59 10 59
 59 15 59 15 21 15 21 59 59 59 21 32 23 26 26  7 32 26 26 13 51 59 13 59
 21  7 13 59 10 14 59  7 31 26 10 59 59 14 13 14]","[20 16 43 32 16 33 60 59 31 31 59 60 24 59 59 59 59 33 16 45 59 59 15 59
 59 14 59 31 20 20 31 59 59 59 24 16 23 16 23  7 47 31 33 47 60 59 23 59
 20  7 14 59 31 31 59 24 31 33  7 59 59 14 33  7]",False,False,0.015625,0.0,1.0,0.0,0.0,25,0,0,1.0,0.0,0.0,25,0,0,1.0,0.0,0.0,25,0,0,1.0,0.0,0.0,25,0,0,1.0,0.0,0.0,25,0,0,1.0,0.0,0.0,25,0,0,0.04,0.0,0.0,1,0,0,0.04,0.0,0.0,1,0,0
[1 0 0 ... 0 1 0],31,"[31  6 32 37 25  0 31 34 31 11  8 31 34 23 37  0 31 32  6 31 11 22 31 31
  0 31 16 37  0 23 25 31 31 37 31 40 37 31  8 22 31  8 31  6 31 40 16 54
 16 23 25 19 55 44 31 31 25 23 22 16 42 34 25 55]","[31 37 22  6 25 22 31 19 31 25 23 31 55 22 40 54 31  6 23 31 40 16 31 31
  8 31  8 37 25 16 25 31 31 37 31 40 19 31 11 22 31 37 31 16 31 44 42 54
 44 34 23 19 11  6 31 31  8 22 22 11 19 42 22 19]",False,False,0.0,0.0,"[np.int64(39), np.int64(28), np.int64(44), np.int64(53), np.int64(7), np.int64(18), np.int64(6), np.int64(15), np.int64(0), np.int64(11), np.int64(7), np.int64(21), np.int64(10), np.int64(49), np.int64(62), np.int64(57), np.int64(53), np.int64(36), np.int64(53), np.int64(52), np.int64(62), np.int64(13), np.int64(60), np.int64(22), np.int64(37), np.int64(58), np.int64(42), np.int64(33), np.int64(5), np.int64(51), np.int64(51), np.int64(60), np.int64(31), np.int64(11), np.int64(18), np.int64(40), np.int64(10), np.int64(55), np.int64(8), np.int64(25), np.int64(54), np.int64(49), np.int64(5), np.int64(8), np.int64(24), np.int64(41), np.int64(28), np.int64(10), np.int64(50), np.int64(54), np.int64(30), np.int64(34), np.int64(7), np.int64(61), np.int64(4), np.int64(61), np.int64(63), np.int64(48), np.int64(59), np.int64(14), np.int64(31), np.int64(34), np.int64(50), np.int64(40)]","[np.int64(3), np.int64(58), np.int64(61), np.int64(27), np.int64(57), np.int64(19), np.int64(33), np.int64(60), np.int64(23), np.int64(39), np.int64(50), np.int64(41), np.int64(42), np.int64(17), np.int64(25), np.int64(54), np.int64(52), np.int64(14), np.int64(23), np.int64(60), np.int64(30), np.int64(33), np.int64(27), np.int64(8), np.int64(52), np.int64(59), np.int64(6), np.int64(4), np.int64(50), np.int64(10), np.int64(36), np.int64(44), np.int64(26), np.int64(23), np.int64(21), np.int64(36), np.int64(23), np.int64(32), np.int64(47), np.int64(41), np.int64(11), np.int64(30), np.int64(24), np.int64(59), np.int64(30), np.int64(37), np.int64(53), np.int64(34), np.int64(36), np.int64(11), np.int64(3), np.int64(3), np.int64(12), np.int64(50), np.int64(51), np.int64(40), np.int64(34), np.int64(42), np.int64(51), np.int64(2), np.int64(53), np.int64(48), np.int64(5), np.int64(15)]",False,False,0.0,0.0,"[31 34 32  6 19 54 31 19 31 44  8 31  0 40 40  0 31 32 23 31 40 11 31 31
 16 31  8 54 44 23 34 31 31 54 31 19 37 31  8 11 31 40 31  6 31 44 16 22
 42  8 54 19 11 23 31 31  8 22 25 11 42  8 11 25]","[31 37 22 54 54  0 31 34 31 11 23 31 34  8 37 54 31  6 23 31 16 40 31 31
  8 31 19 37 37 16 16 31 31 23 31 25 19 31 44 22 31 40 31  0 31 44 16 22
 40 34  6 22 23  6 31 31  8 23 25 16 37  8 37 16]",False,False,0.0,0.0,"[31 11 32 19 25  0 31  8 31 11  8 31  0 16  8  0 31 11  6 31 16  8 31 31
  8 31 16 11  0 16 16 31 31 25 31 19 16 31  8 11 31  8 31  0 31  8 16 22
 16  8  0 11 11  6 31 31  8 16 25 11 19  8 11  8]","[31 37 40 37 54 22 31 40 31 40 23 31 19 22 37 54 31  6  6 31 40 40 31 31
  8 31 40 23 37 16 25 31 31 23 31 25 37 31 44 22 31 37 31  0 31 40 42 22
 42 23 54 22 23 44 31 31 54 32 25 25 37 42 37  6]",False,False,0.015625,0.0,1.0,0.0,0.0,25,0,0,1.0,0.0,0.0,25,0,0,1.0,0.0,0.0,25,0,0,1.0,0.0,0.0,25,0,0,1.0,0.0,0.0,25,0,0,1.0,0.0,0.0,25,0,0,0.04,0.0,0.0,1,0,0,0.04,0.0,0.0,1,0,0
[0 1 0 ... 0 0 1],2,"[54  5  2  2  2  2  3 41 41 18  3 33 41  5 41 27 18 15  2 33 33  5  2  2
 39 33  3  2 41  3 54 18 33  2  5 27  5  3 41  2 23  2 22 39 57 33 33 33
 39 54  5 41 41 54  2  3 22 18  4 31 27 23 54  3]","[22  5  2  2  2  2  3 39  4  3  5 23  3  5 41 41 18 47  2 33 33  5  2  2
 22 22 27  2 41  3 23 27 33  2  5 27  5  3 33  2 23  2 23 39 57 18 22 33
  5 39  3 39  5 33  2  3 27 18 18 14 33 41  4  3]",False,False,0.0,0.0,"[np.int64(26), np.int64(50), np.int64(4), np.int64(32), np.int64(58), np.int64(61), np.int64(57), np.int64(61), np.int64(50), np.int64(51), np.int64(7), np.int64(62), np.int64(50), np.int64(47), np.int64(58), np.int64(0), np.int64(36), np.int64(26), np.int64(36), np.int64(20), np.int64(8), np.int64(14), np.int64(56), np.int64(53), np.int64(5), np.int64(46), np.int64(51), np.int64(18), np.int64(28), np.int64(5), np.int64(61), np.int64(6), np.int64(1), np.int64(47), np.int64(8), np.int64(41), np.int64(50), np.int64(9), np.int64(28), np.int64(19), np.int64(44), np.int64(50), np.int64(56), np.int64(63), np.int64(19), np.int64(38), np.int64(45), np.int64(43), np.int64(14), np.int64(34), np.int64(44), np.int64(13), np.int64(42), np.int64(21), np.int64(33), np.int64(57), np.int64(9), np.int64(39), np.int64(59), np.int64(3), np.int64(50), np.int64(8), np.int64(9), np.int64(19)]","[np.int64(27), np.int64(10), np.int64(0), np.int64(43), np.int64(45), np.int64(40), np.int64(20), np.int64(55), np.int64(0), np.int64(14), np.int64(39), np.int64(8), np.int64(4), np.int64(29), np.int64(60), np.int64(4), np.int64(38), np.int64(13), np.int64(41), np.int64(18), np.int64(62), np.int64(47), np.int64(31), np.int64(48), np.int64(21), np.int64(29), np.int64(54), np.int64(52), np.int64(32), np.int64(42), np.int64(47), np.int64(49), np.int64(20), np.int64(14), np.int64(32), np.int64(22), np.int64(36), np.int64(41), np.int64(34), np.int64(60), np.int64(3), np.int64(1), np.int64(36), np.int64(61), np.int64(49), np.int64(56), np.int64(8), np.int64(51), np.int64(12), np.int64(14), np.int64(30), np.int64(20), np.int64(20), np.int64(20), np.int64(3), np.int64(20), np.int64(14), np.int64(21), np.int64(41), np.int64(32), np.int64(40), np.int64(50), np.int64(13), np.int64(45)]",False,False,0.0,0.0,"[22  5  2  2  2  2 27 23 41 41  4 23 33  5 33 27 18 47  2 33 33  5  2  2
  3 33  3  2 41  3 22 18 33  2  5 41  5  5 33  2 23  2 22 54 50 18 22  4
  5 54  3 41 54 54  2  3 54 18 18 30 33  3  4  3]","[22  5  2  2  2  2  3 22  4 41  5 33 41 39 27 41  4 49  2 33 33 41  2  2
 22 22 22  2 41  3 22 41  3  2  5 27  5  3 41  2 41  2 22 27 62 18  4 39
  5 27 22 39  4 22  2  3 27 18  4 40 18  3 54  3]",False,False,0.0,0.0,"[22  5  2  2  2  2  3 22  4  3  3 23  3  5  4 27  5  1  2 33 33  5  2  2
  3  3  3  2 41  3 22  3  3  2  5 27  5  3 33  2 23  2 22 27 24 18  4  4
  5 27  3  5  5 22  2  3 22 18  4  0 18  3  4  3]","[22  5  2  2  2  2 27 22 41  3  3 23  3 39 27 27  4 19  2 33 33  5  2  2
 22 22 27  2 41  3 22 27 23  2  5 27  5  3 54  2 23  2 27 27 57 18 22 23
 39 27 22 39  5 22  2  3 27 18 18 40 27 27  4  3]",False,False,0.015625,0.0,1.0,0.0,0.0,25,0,0,1.0,0.0,0.0,25,0,0,1.0,0.0,0.0,25,0,0,1.0,0.0,0.0,25,0,0,1.0,0.0,0.0,25,0,0,1.0,0.0,0.0,25,0,0,0.04,0.0,0.0,1,0,0,0.04,0.0,0.0,1,0,0
[0 0 0 ... 0 0 1],62,"[30 30 58  6 58 30 62 56 45 56 45 56 23 56 45 48 58 62 53 47 23 58 62 62
 30 56 62  6 62 30 62 48 56 37 26 17 56 62 58 17 53 23 26 28 62 62 53 62
 62 23 47 45  6 62 45 26 62 48 62 48 53 30 62 53]","[56 30 48 30 58 30 62 56 37 56 28 45 48 17 56 47 58 62 44 48 23 26 62 62
 30 56 62  6 62 30 62 30 48 58 44  6 28 62 58 44 53 58 44 28 62 62 26 62
 62 44 47 56  6 62 56 56 62 53 62 48 56 30 62 23]",False,False,0.0,0.0,"[np.int64(4), np.int64(41), np.int64(41), np.int64(63), np.int64(7), np.int64(18), np.int64(58), np.int64(50), np.int64(24), np.int64(13), np.int64(15), np.int64(55), np.int64(63), np.int64(24), np.int64(62), np.int64(10), np.int64(63), np.int64(13), np.int64(54), np.int64(62), np.int64(38), np.int64(25), np.int64(61), np.int64(8), np.int64(20), np.int64(12), np.int64(8), np.int64(60), np.int64(41), np.int64(41), np.int64(7), np.int64(34), np.int64(12), np.int64(5), np.int64(4), np.int64(7), np.int64(60), np.int64(62), np.int64(44), np.int64(14), np.int64(57), np.int64(33), np.int64(29), np.int64(21), np.int64(44), np.int64(57), np.int64(23), np.int64(47), np.int64(5), np.int64(7), np.int64(63), np.int64(44), np.int64(18), np.int64(9), np.int64(62), np.int64(63), np.int64(37), np.int64(20), np.int64(39), np.int64(35), np.int64(22), np.int64(48), np.int64(28), np.int64(43)]","[np.int64(38), np.int64(19), np.int64(59), np.int64(44), np.int64(41), np.int64(56), np.int64(31), np.int64(49), np.int64(57), np.int64(4), np.int64(31), np.int64(40), np.int64(33), np.int64(37), np.int64(28), np.int64(33), np.int64(0), np.int64(47), np.int64(26), np.int64(45), np.int64(45), np.int64(36), np.int64(4), np.int64(9), np.int64(40), np.int64(1), np.int64(55), np.int64(14), np.int64(39), np.int64(0), np.int64(60), np.int64(33), np.int64(8), np.int64(5), np.int64(40), np.int64(40), np.int64(6), np.int64(17), np.int64(1), np.int64(18), np.int64(18), np.int64(34), np.int64(17), np.int64(62), np.int64(6), np.int64(2), np.int64(0), np.int64(36), np.int64(26), np.int64(59), np.int64(23), np.int64(60), np.int64(34), np.int64(10), np.int64(9), np.int64(32), np.int64(45), np.int64(40), np.int64(41), np.int64(3), np.int64(57), np.int64(10), np.int64(47), np.int64(54)]",False,False,0.0,0.0,"[56 30 48 45 44 30 62 56 17 56 58 45 23 17 37 48 58 62 53 45 53 26 62 62
 37 53 62 53 62 23 62 37 28 58 44 28 37 62 37 48 53 58 56 28 62 62 53 62
 62 23 45 56  6 62 53 26 62 53 62 23 56 30 62 44]","[30 30 48  6 44  6 62 56 44 37 45 45 48 56 26 48 58 62 44 47 58 48 62 62
  6 56 62 56 62 23 62 45 48 56 26 22  6 62 48 17 53 23 17 28 62 62 37 62
 62 23 47 56  6 62 48 30 62 17 62 30 56 30 62 44]",False,False,0.0,0.0,"[30 30 48  6 47  6 62 22 17 22 28 45 23 17 17 47 44 62  6 45  6 26 62 62
  6 53 62  6 62 23 62 17  6 37 26  6  6 62 37 17 53 23 17 28 62 62 37 62
 62  6  6 28  6 62 17 26 62 22 62 30 26 30 62 28]","[30 30 48 56 58  6 62 56 28 56 28 45 48 58 56 48 58 62  6 48  6 48 62 62
  6 56 62 56 62 30 62 48 56 56 44 28 56 62 48 48 53 58 45 28 62 62 26 62
 62 48  6 56  6 62 28 30 62 48 62 56 56 30 62 23]",False,False,0.015625,0.0,1.0,0.0,0.0,25,0,0,1.0,0.0,0.0,25,0,0,1.0,0.0,0.0,25,0,0,1.0,0.0,0.0,25,0,0,1.0,0.0,0.0,25,0,0,1.0,0.0,0.0,25,0,0,0.04,0.0,0.0,1,0,0,0.04,0.0,0.0,1,0,0
[1 0 0 ... 0 1 1],59,"[13 26 49 21 14 33 21 59 31 31 59 24 10 59 59 59 59 13 31 45 59 59 26 59
 59 47 59 45 54 45 26 59 59 59 21 32 54 26 54 15 51 26  7 13 51 59 13 59
 45 13 14 59 33 31 59 16 33 26 10 59 59 14 47  7]","[13 26  8 32 16 47 60 59 31 13 59 60 33 59 59 59 59 60 16 45 59 59  7 59
 59 47 59 26 20 24 26 59 59 59 24 54 23 26 23 15 32 26 33 13 60 59 23 59
 20  7 32 59 31 31 59 26 31 26 20 59 59 14 33  7]",False,False,0.0,0.0,"[np.int64(19), np.int64(50), np.int64(16), np.int64(57), np.int64(59), np.int64(57), np.int64(36), np.int64(8), np.int64(10), np.int64(55), np.int64(6), np.int64(61), np.int64(8), np.int64(43), np.int64(60), np.int64(52), np.int64(37), np.int64(23), np.int64(20), np.int64(52), np.int64(29), np.int64(7), np.int64(32), np.int64(16), np.int64(46), np.int64(49), np.int64(1), np.int64(36), np.int64(23), np.int64(1), np.int64(43), np.int64(29), np.int64(47), np.int64(61), np.int64(63), np.int64(61), np.int64(52), np.int64(37), np.int64(54), np.int64(18), np.int64(30), np.int64(4), np.int64(9), np.int64(12), np.int64(62), np.int64(63), np.int64(30), np.int64(35), np.int64(26), np.int64(10), np.int64(50), np.int64(52), np.int64(58), np.int64(31), np.int64(6), np.int64(38), np.int64(42), np.int64(48), np.int64(30), np.int64(26), np.int64(12), np.int64(35), np.int64(1), np.int64(44)]","[np.int64(10), np.int64(60), np.int64(10), np.int64(22), np.int64(47), np.int64(9), np.int64(4), np.int64(43), np.int64(38), np.int64(2), np.int64(7), np.int64(46), np.int64(25), np.int64(11), np.int64(16), np.int64(35), np.int64(48), np.int64(12), np.int64(3), np.int64(15), np.int64(10), np.int64(15), np.int64(62), np.int64(14), np.int64(8), np.int64(10), np.int64(28), np.int64(10), np.int64(24), np.int64(7), np.int64(39), np.int64(61), np.int64(52), np.int64(8), np.int64(40), np.int64(26), np.int64(44), np.int64(28), np.int64(31), np.int64(14), np.int64(32), np.int64(32), np.int64(22), np.int64(29), np.int64(36), np.int64(32), np.int64(11), np.int64(41), np.int64(8), np.int64(10), np.int64(9), np.int64(36), np.int64(34), np.int64(63), np.int64(59), np.int64(44), np.int64(35), np.int64(11), np.int64(40), np.int64(1), np.int64(22), np.int64(63), np.int64(29), np.int64(20)]",False,False,0.0,0.0,"[20 45  8 32 14 24 21 59 31 13 59 16 10 59 59 59 59 33 51 45 59 59 23 59
 59 54 59 31 54 15 26 59 59 59 21 16 54 26 16 15 54 24 26 13 51 59 45 59
 45 45 13 59 10 24 59 24 20 26 10 59 59 13 23 14]","[14 16 41 32 13 21 60 59 31 13 59 23  7 59 59 59 59 33 31 45 59 59 23 59
 59 54 59 31 60 24 20 59 59 59 24 15 23 16 23  7 32 31 33 47 51 59 13 59
 21 13 54 59 21 31 59 24 20 33 16 59 59 14 13 14]",False,False,0.0,0.0,"[14 16  8 21 14 21 21 59 10 13 59 16  7 59 59 59 59 13 16 45 59 59 10 59
 59 15 59 15 21 15 21 59 59 59 21 32 23 26 26  7 32 26 26 13 51 59 13 59
 21  7 13 59 10 14 59  7 31 26 10 59 59 14 13 14]","[20 16 43 32 16 33 60 59 31 31 59 60 24 59 59 59 59 33 16 45 59 59 15 59
 59 14 59 31 20 20 31 59 59 59 24 16 23 16 23  7 47 31 33 47 60 59 23 59
 20  7 14 59 31 31 59 24 31 33  7 59 59 14 33  7]",False,False,0.015625,0.0,1.0,0.0,0.0,25,0,0,1.0,0.0,0.0,25,0,0,1.0,0.0,0.0,25,0,0,1.0,0.0,0.0,25,0,0,1.0,0.0,0.0,25,0,0,1.0,0.0,0.0,25,0,0,0.04,0.0,0.0,1,0,0,0.04,0.0,0.0,1,0,0
[1 0 0 ... 0 0 0],63,"[63 63 11 48  1  0 48 24 63  0 32 63 63 63 63 60 26 11 63  0 24 58 13 13
 63 63 63  1 43 11  8 50 63 11 50 43 25 63 24  8  8 48 37 63  8 18 12  0
 63 11 63 11 13 59 11 25 48 37 63 63 63 48 12 63]","[63 63  1 59 59 32  1 11 63  0 48 63 63 63 63 48 59 11 63 24 24 48 50 32
 63 63 63 59 37  1 59  8 63 11 37 12 32 63 24  1  8  1 37 63 14 18 12 59
 63 25 63 11 37 32 43  0 48 18 63 63 63 48 43 63]",False,False,0.0,0.0,"[np.int64(26), np.int64(52), np.int64(8), np.int64(14), np.int64(3), np.int64(19), np.int64(13), np.int64(24), np.int64(9), np.int64(38), np.int64(43), np.int64(27), np.int64(29), np.int64(61), np.int64(54), np.int64(16), np.int64(18), np.int64(0), np.int64(39), np.int64(60), np.int64(46), np.int64(20), np.int64(60), np.int64(47), np.int64(1), np.int64(21), np.int64(1), np.int64(43), np.int64(59), np.int64(20), np.int64(25), np.int64(25), np.int64(18), np.int64(8), np.int64(25), np.int64(36), np.int64(59), np.int64(63), np.int64(38), np.int64(43), np.int64(15), np.int64(42), np.int64(11), np.int64(2), np.int64(6), np.int64(53), np.int64(34), np.int64(31), np.int64(26), np.int64(58), np.int64(43), np.int64(19), np.int64(7), np.int64(51), np.int64(12), np.int64(25), np.int64(14), np.int64(25), np.int64(32), np.int64(34), np.int64(12), np.int64(39), np.int64(22), np.int64(29)]","[np.int64(56), np.int64(52), np.int64(28), np.int64(9), np.int64(3), np.int64(35), np.int64(28), np.int64(60), np.int64(7), np.int64(38), np.int64(43), np.int64(18), np.int64(34), np.int64(33), np.int64(56), np.int64(59), np.int64(38), np.int64(60), np.int64(56), np.int64(15), np.int64(25), np.int64(21), np.int64(16), np.int64(12), np.int64(41), np.int64(46), np.int64(39), np.int64(57), np.int64(16), np.int64(24), np.int64(5), np.int64(13), np.int64(20), np.int64(60), np.int64(45), np.int64(13), np.int64(7), np.int64(55), np.int64(32), np.int64(5), np.int64(28), np.int64(57), np.int64(41), np.int64(2), np.int64(58), np.int64(29), np.int64(35), np.int64(51), np.int64(12), np.int64(5), np.int64(38), np.int64(27), np.int64(18), np.int64(15), np.int64(35), np.int64(39), np.int64(13), np.int64(59), np.int64(15), np.int64(43), np.int64(21), np.int64(15), np.int64(28), np.int64(44)]",False,False,0.0,0.0,"[63 63  1 13 18 24  0 24 63  0 18 63 63 63 63 48 50 18 63 24 59 58 50 24
 63 63 63 24 58  1  8  8 63 13 12 43 60 63 18 60 58 18 12 63 11  8  8 24
 63 32 63 11  1 18 13  0 59 14 63 63 63 48 12 63]","[63 63  1 13 59  0 48 24 63 37 18 63 63 63 63 48 50 48 63 59 59 24 12 48
 63 63 63 24 43 32 13 11 63 11 43  8 60 63  8 60 13 48 12 63 60 18 11 59
 63  1 63  1 37 18 13 32 48  0 63 63 63 48 12 63]",False,False,0.0,0.0,"[63 63  1 13  1 18  8 25 63  0  1 63 63 63 63 18 32 18 63  1 24  0 13  1
 63 63 63  1 18  1  8 11 63  1  1 24 24 63 18  1 26 18 12 63 14 18 14  0
 63  1 63  1  1 18 32  1  0  0 63 63 63 48 12 63]","[63 63  1 48  1 32 48 50 63 43 32 63 63 63 63 32 50 18 63  0 24 48 13 32
 63 63 63 43 43 32 48 50 63 32 43 43 32 63 24 18  8 48 37 63  8  8  8 24
 63 50 63 11 37 32 43 32 48  0 63 63 63 48 43 63]",False,False,0.015625,0.0,1.0,0.0,0.0,25,0,0,1.0,0.0,0.0,25,0,0,1.0,0.0,0.0,25,0,0,1.0,0.0,0.0,25,0,0,1.0,0.0,0.0,25,0,0,1.0,0.0,0.0,25,0,0,0.04,0.0,0.0,1,0,0,0.04,0.0,0.0,1,0,0
[1 0 0 ... 0 0 1],39,"[52 32 32 39 39 32 39 52 39 28 53  3 52 24  8 59  4 24 24 61 61  4 59 33
 39 32 57 33 39 28 53  3 39 39 59 28 57 33  8 39 59  6  3 28 59  4 61 59
 28 53 59 57 39 39  4  6 33 39  8 39  4 39 28 33]","[57 57 32 39 39 32 39 33 39 28  3  3  3 53 28 53  4  3 32  4 61 32 28 33
 39 28 32  8 39 57 53  3 39 39 52  4 61 33 32 39  4  6 32 53 53 33 57 53
 28 53  4 57 39 39  4  6 33 39  8 39  8 39 53 52]",False,False,0.0,0.0,"[np.int64(29), np.int64(26), np.int64(29), np.int64(36), np.int64(17), np.int64(63), np.int64(12), np.int64(5), np.int64(61), np.int64(30), np.int64(16), np.int64(25), np.int64(62), np.int64(1), np.int64(3), np.int64(40), np.int64(39), np.int64(27), np.int64(38), np.int64(2), np.int64(30), np.int64(49), np.int64(39), np.int64(53), np.int64(11), np.int64(16), np.int64(50), np.int64(26), np.int64(10), np.int64(10), np.int64(59), np.int64(46), np.int64(58), np.int64(7), np.int64(58), np.int64(52), np.int64(37), np.int64(13), np.int64(18), np.int64(47), np.int64(41), np.int64(22), np.int64(15), np.int64(37), np.int64(39), np.int64(25), np.int64(49), np.int64(29), np.int64(43), np.int64(19), np.int64(63), np.int64(24), np.int64(38), np.int64(5), np.int64(26), np.int64(16), np.int64(57), np.int64(14), np.int64(27), np.int64(49), np.int64(46), np.int64(0), np.int64(52), np.int64(56)]","[np.int64(49), np.int64(51), np.int64(51), np.int64(10), np.int64(47), np.int64(4), np.int64(20), np.int64(20), np.int64(16), np.int64(56), np.int64(63), np.int64(58), np.int64(57), np.int64(55), np.int64(54), np.int64(36), np.int64(47), np.int64(20), np.int64(30), np.int64(0), np.int64(1), np.int64(46), np.int64(38), np.int64(46), np.int64(30), np.int64(32), np.int64(56), np.int64(1), np.int64(59), np.int64(36), np.int64(58), np.int64(56), np.int64(3), np.int64(48), np.int64(25), np.int64(4), np.int64(28), np.int64(3), np.int64(48), np.int64(21), np.int64(51), np.int64(15), np.int64(56), np.int64(34), np.int64(27), np.int64(42), np.int64(11), np.int64(51), np.int64(3), np.int64(33), np.int64(20), np.int64(15), np.int64(12), np.int64(0), np.int64(39), np.int64(27), np.int64(35), np.int64(44), np.int64(51), np.int64(42), np.int64(59), np.int64(23), np.int64(7), np.int64(58)]",False,False,0.0,0.0,"[59 33  3 39 39 32 39 33 39  8 53  3 33 24 33 59  4 59 24 61 33  6 33 59
 39 28 24 33 39 57 53 61 39 39 59 53 59 33 28 39  8  6 52 28 61  4  6 53
 28 24  4 57 39 39 59 28  8 39  8 39  4 39 28 52]","[ 6 32  6 39 39 32 39 33 39 28  3 59  3 24  8 53  4 52 32 61 53  6  3 33
 39 32 57 28 39 24 53  3 39 39 59  4 59 33 32 39 52  6  3 53  4 32 57 53
 53 53  4 57 39 39 33  6  8 39  3 39 57 39 28 52]",False,False,0.0,0.0,"[ 6 32  3 39 39 32 39  4 39  8  3  3  6 24  8 53  4  3  8  4 33  4  3 28
 39 32 24  8 39  8 53  3 39 39  6  4 57 33  8 39  8  6  3 28  4  4  8  3
 28 24  4 57 39 39  4  6  6 39  3 39  3 39  4 33]","[57 53  3 39 39 32 39 33 39 28 53  3  3 53 28 57  4  3 32  4 53 32  3 28
 39 28 57 33 39 28 53  3 39 39 53 53 57 33 57 39 28  6  3 53 53 52 57 53
 53 53 24 57 39 39 53 28 33 39  3 39 53 39 53 33]",False,False,0.015625,0.0,1.0,0.0,0.0,25,0,0,1.0,0.0,0.0,25,0,0,1.0,0.0,0.0,25,0,0,1.0,0.0,0.0,25,0,0,1.0,0.0,0.0,25,0,0,1.0,0.0,0.0,25,0,0,0.04,0.0,0.0,1,0,0,0.04,0.0,0.0,1,0,0
[1 0 0 ... 1 0 1],14,"[22 16 56 22 14 14  4 18 16 21 43 14 21 60 14 32 14 32 14 24 14 14 14 43
 14 20 43 21  4 20 11  4 14  5 16 60 11 14 60  1 16 60 37 14  4  5 11 43
 20 16 16 22 18 37  5  5 14 16  5 22 14  5 24 18]","[32  4 56 22 14 14  4  5  5 21 43 14 20 60 14 18 14 37 14 37 14 14 14 43
 14 56 43 56  4 21  5  5 14  5 16 32  4 14 24 54 20 22 22 14  4 16 11 37
 20 16 22  5 43 32 32 21 14 43 18  4 14 37 24  5]",False,False,0.0,0.0,"[np.int64(44), np.int64(61), np.int64(17), np.int64(62), np.int64(32), np.int64(13), np.int64(59), np.int64(41), np.int64(6), np.int64(63), np.int64(34), np.int64(21), np.int64(51), np.int64(15), np.int64(25), np.int64(59), np.int64(49), np.int64(42), np.int64(46), np.int64(28), np.int64(55), np.int64(42), np.int64(32), np.int64(30), np.int64(19), np.int64(13), np.int64(40), np.int64(43), np.int64(2), np.int64(36), np.int64(22), np.int64(49), np.int64(47), np.int64(41), np.int64(56), np.int64(48), np.int64(8), np.int64(6), np.int64(46), np.int64(46), np.int64(48), np.int64(14), np.int64(25), np.int64(50), np.int64(48), np.int64(11), np.int64(27), np.int64(63), np.int64(18), np.int64(57), np.int64(62), np.int64(23), np.int64(24), np.int64(38), np.int64(12), np.int64(3), np.int64(13), np.int64(26), np.int64(11), np.int64(59), np.int64(57), np.int64(56), np.int64(37), np.int64(28)]","[np.int64(27), np.int64(61), np.int64(49), np.int64(34), np.int64(4), np.int64(29), np.int64(17), np.int64(30), np.int64(61), np.int64(22), np.int64(54), np.int64(55), np.int64(38), np.int64(44), np.int64(51), np.int64(31), np.int64(47), np.int64(44), np.int64(2), np.int64(42), np.int64(30), np.int64(14), np.int64(0), np.int64(10), np.int64(51), np.int64(34), np.int64(27), np.int64(9), np.int64(29), np.int64(46), np.int64(47), np.int64(10), np.int64(38), np.int64(18), np.int64(50), np.int64(18), np.int64(37), np.int64(8), np.int64(7), np.int64(24), np.int64(2), np.int64(20), np.int64(59), np.int64(27), np.int64(13), np.int64(19), np.int64(23), np.int64(54), np.int64(58), np.int64(53), np.int64(56), np.int64(58), np.int64(48), np.int64(40), np.int64(29), np.int64(46), np.int64(58), np.int64(18), np.int64(34), np.int64(10), np.int64(11), np.int64(41), np.int64(13), np.int64(14)]",False,False,0.0,0.0,"[22  4 22 21 14 14 43  5 11 21 43 14  5 60 14 32 14 43 14 18 14 14 14 43
 14 20 56 21  4 21 16  4 14  5 21 60 43 14 24  1 20 22  5 14  4 60 11 20
 37 56 24 11 43 37 16  5 14 16  4  4 14  5 24  5]","[22  4 56 21 14 14 43 22 32 21 43 14 20 11 14 32 14 37 14 37 14 14 14 43
 14 56 56 21  4 56 16  4 14 11 21 18 21 14 43 58 20 22  5 14  4 60 11 32
 20 16 16  5 43 43 56 21 14 16  5 18 14  5 24 24]",False,False,0.0,0.0,"[22  4  4 20 14 14  4 18  5 21 43 14  5 11 14 11 14  5 14 18 14 14 14 43
 14 11 11 21  4 20 16  4 14  5 21 18 21 14 24  1  4 22 22 14  4  5 11 20
 20 16 22  5 18 37  5  5 14 16  4  4 14  5  5  5]","[22 16  4 22 14 14 43  5  5 21 43 14 20 20 14 11 14  5 14 18 14 14 14 43
 14 16  5 21  4 56 16  5 14  5 16 32  4 14 43 54 16 60 22 14 16 22 11 60
 20 16 16  5 43 43 22 16 14 60 60 60 14  5  5 16]",False,False,0.015625,0.0,1.0,0.0,0.0,25,0,0,1.0,0.0,0.0,25,0,0,1.0,0.0,0.0,25,0,0,1.0,0.0,0.0,25,0,0,1.0,0.0,0.0,25,0,0,1.0,0.0,0.0,25,0,0,0.04,0.0,0.0,1,0,0,0.04,0.0,0.0,1,0,0
[1 1 0 ... 0 0 0],16,"[11 25 53 16 30 53 23 39 23 30 23 16 53 19 30 28 16 28 11 16 53 16  3 16
 25 16 53 19 16 60 16 53  3 60 39 60 23 19 60 16 60 28 19 60  3 39 62 60
 60 11 23 25 11 16 11 39 30 53 28 30 16 57 16 53]","[53 11 23 16 25 53 39 21 23 60 60 16 11 60 62 39 16 11 28 16 53 16 21 16
 21 16 60 62 16 11 16 53  3 19 28 60 23  3 28 16 60 62 23 60  3 39 62 28
 53 11 60 25 23 16 62 39 62 11 23 25 16  0 16 53]",False,False,0.0,0.0,"[np.int64(14), np.int64(5), np.int64(55), np.int64(17), np.int64(12), np.int64(5), np.int64(26), np.int64(40), np.int64(60), np.int64(24), np.int64(25), np.int64(28), np.int64(54), np.int64(54), np.int64(53), np.int64(29), np.int64(15), np.int64(4), np.int64(10), np.int64(62), np.int64(10), np.int64(26), np.int64(52), np.int64(42), np.int64(45), np.int64(35), np.int64(26), np.int64(51), np.int64(59), np.int64(15), np.int64(44), np.int64(33), np.int64(62), np.int64(20), np.int64(47), np.int64(44), np.int64(26), np.int64(20), np.int64(4), np.int64(48), np.int64(4), np.int64(54), np.int64(34), np.int64(26), np.int64(33), np.int64(39), np.int64(61), np.int64(22), np.int64(30), np.int64(38), np.int64(21), np.int64(59), np.int64(53), np.int64(42), np.int64(20), np.int64(39), np.int64(46), np.int64(40), np.int64(49), np.int64(43), np.int64(16), np.int64(58), np.int64(60), np.int64(57)]","[np.int64(53), np.int64(48), np.int64(63), np.int64(55), np.int64(50), np.int64(19), np.int64(22), np.int64(53), np.int64(58), np.int64(26), np.int64(20), np.int64(2), np.int64(63), np.int64(40), np.int64(30), np.int64(37), np.int64(5), np.int64(25), np.int64(1), np.int64(55), np.int64(14), np.int64(30), np.int64(58), np.int64(32), np.int64(60), np.int64(12), np.int64(0), np.int64(42), np.int64(7), np.int64(17), np.int64(48), np.int64(45), np.int64(44), np.int64(53), np.int64(29), np.int64(29), np.int64(21), np.int64(42), np.int64(23), np.int64(2), np.int64(25), np.int64(49), np.int64(5), np.int64(55), np.int64(27), np.int64(44), np.int64(21), np.int64(45), np.int64(57), np.int64(19), np.int64(15), np.int64(15), np.int64(2), np.int64(14), np.int64(19), np.int64(16), np.int64(1), np.int64(16), np.int64(15), np.int64(46), np.int64(11), np.int64(33), np.int64(46), np.int64(60)]",False,False,0.0,0.0,"[11 11 23 16 25 53 21 39 23 30 23 16 11 19 30 39 16 28  3 16 53 16  3 16
 25 16 60 21 16 60 16 53  3 60 28 30 23  3 28 16 11 28 19 53 21 39 60 21
 60 11 60  3 21 16 25 39 30 28  3 30 16  9 16 53]","[11 25 53 16 30 53 39 39 23 60 60 16 11 19 30 39 16 28  3 16 23 16 21 16
 25 16 53 62 16 60 16 23  3 19 39 62 23  3 19 16 53 62 25 53 25 39 62 28
 53 11 28 19 28 16 62 39 62 28 23 28 16 35 16 53]",False,False,0.0,0.0,"[11 11  3 16 25 53  3 21 23 30 23 16 11 19 25 28 16 11 11 16 23 16  3 16
 21 16 53 19 16 11 16 23  3  3 28 30 23  3 19 16 11 25 19 53 25 39 21 28
 19 11 30  3  3 16 11 39 30 11  3 25 16  1 16 53]","[11 11 23 16 25 53 23 23 23 60 60 16 11 60 62 39 16 28  3 16 23 16  3 16
 25 16 60 39 16 60 16 23  3 60 39 60 23  3 60 16 60  3 23 60  3 60 60 60
 60 11 60  3 11 16 11 39 62 11 23 28 16 35 16 53]",False,False,0.015625,0.0,1.0,0.0,0.0,25,0,0,1.0,0.0,0.0,25,0,0,1.0,0.0,0.0,25,0,0,1.0,0.0,0.0,25,0,0,1.0,0.0,0.0,25,0,0,1.0,0.0,0.0,25,0,0,0.04,0.0,0.0,1,0,0,0.04,0.0,0.0,1,0,0
[1 0 0 ... 1 0 1],56,"[56 32 14 58 32 23 56  8 56 58 56 56 32 50 56 56 56  6  6  0 16 11  0 56
 36 53 56 10 23 42  8 23 56 56 26 23 58 48 16 50 14 61 56 33 48 26 33  8
 56 10 56 58 23 42 32 16 56 48 56 32 61 56 11 61]","[56 48 14 61  6 23 56 50 56  0 56 56 61 14 56 56 56 26  6 14  6 32  0 56
 55  5 56  8 10 42 42  6 56 56 26 48  6 48 32 50 42 61 56 33 42 48  8  8
 56 48 56 61 42  8 42 42 56 48 56  8 61 56  8 61]",False,False,0.0,0.0,"[np.int64(32), np.int64(18), np.int64(57), np.int64(28), np.int64(5), np.int64(39), np.int64(35), np.int64(33), np.int64(31), np.int64(15), np.int64(9), np.int64(48), np.int64(49), np.int64(16), np.int64(9), np.int64(25), np.int64(28), np.int64(2), np.int64(40), np.int64(28), np.int64(19), np.int64(29), np.int64(49), np.int64(39), np.int64(8), np.int64(51), np.int64(32), np.int64(35), np.int64(2), np.int64(7), np.int64(39), np.int64(25), np.int64(14), np.int64(60), np.int64(33), np.int64(41), np.int64(17), np.int64(17), np.int64(3), np.int64(52), np.int64(36), np.int64(10), np.int64(20), np.int64(31), np.int64(20), np.int64(58), np.int64(56), np.int64(38), np.int64(40), np.int64(38), np.int64(13), np.int64(62), np.int64(44), np.int64(41), np.int64(19), np.int64(36), np.int64(63), np.int64(27), np.int64(16), np.int64(18), np.int64(31), np.int64(49), np.int64(59), np.int64(35)]","[np.int64(53), np.int64(61), np.int64(54), np.int64(55), np.int64(51), np.int64(19), np.int64(10), np.int64(9), np.int64(7), np.int64(21), np.int64(39), np.int64(33), np.int64(39), np.int64(43), np.int64(2), np.int64(11), np.int64(12), np.int64(9), np.int64(32), np.int64(45), np.int64(40), np.int64(51), np.int64(10), np.int64(52), np.int64(15), np.int64(37), np.int64(7), np.int64(59), np.int64(53), np.int64(7), np.int64(26), np.int64(1), np.int64(24), np.int64(24), np.int64(15), np.int64(23), np.int64(9), np.int64(61), np.int64(16), np.int64(61), np.int64(32), np.int64(58), np.int64(53), np.int64(48), np.int64(0), np.int64(27), np.int64(35), np.int64(36), np.int64(41), np.int64(26), np.int64(25), np.int64(30), np.int64(17), np.int64(54), np.int64(25), np.int64(24), np.int64(46), np.int64(12), np.int64(45), np.int64(23), np.int64(23), np.int64(48), np.int64(33), np.int64(35)]",False,False,0.0,0.0,"[56  6 14 58 23 61 56 61 56 58 56 56 61  8 56 56 56 15  0 14 50 32 14 56
 31  3 56 15 11 15  6 23 56 56 26 48 50 61 58 26 32 61 56 33 23 33  8 50
 56 48 56 26 23 61 32 42 56 15 56  8 61 56 50 15]","[56 48 14 61 42 23 56  8 56 42 56 56 61 50 56 56 56  6  0 14  6 11 14 56
 46 57 56  8 33 26 42  6 56 56 26 11 50 14 42 50 42 61 56 33 26 33 10  0
 56  8 56 58 42 42 61 42 56 15 56  8 61 56 11 23]",False,False,0.0,0.0,"[56  6  6 58  6 11 56  8 56  0 56 56 32  8 56 56 56  6  6 14  6 11 14 56
  1  3 56 15 23 15 15  0 56 56 26  0  6 14 32  0  8 32 56 33 10 14  8  0
 56  0 56 11 23  8 14  8 56 15 56  8 61 56 11  6]","[56  6 14 61 42  8 56 42 56 42 56 56 32  8 56 56 56  6  6 32  6 32  6 56
 49 43 56  0 10 42 42  6 56 56 26 42  6 14 42  6 42 32 56 33 42 14  8  8
 56  8 56 11 42 42 42 42 56 48 56  8 61 56  8 42]",False,False,0.015625,0.0,1.0,0.0,0.0,25,0,0,1.0,0.0,0.0,25,0,0,1.0,0.0,0.0,25,0,0,1.0,0.0,0.0,25,0,0,1.0,0.0,0.0,25,0,0,1.0,0.0,0.0,25,0,0,0.04,0.0,0.0,1,0,0,0.04,0.0,0.0,1,0,0
[0 0 1 ... 1 0 0],31,"[31 36 20 21 20 36 31 56 24 36 20 62 56 29 45 23 58 34  6 26 31 31 29 31
 31 61 24 44 21 31 61 31 29 24 31 56 31 61 56 58 29 56 24  6 31 31 31 20
 56 61 58 24 58 24 62 24 31 31 31 34 44 31 31 45]","[31 44 61 34 58  6 31 57 24 36 62 62 29 29 57 29 46  0 36 51 31 31 29 31
 31 62 57 34 46 31 61 31 62 20 31  0 31 61 29 34 24 56 24  6 31 31 31 20
 44 20 58 62 44 46 34  6 31 31 31 56 61 31 31 44]",False,False,0.0,0.0,"[np.int64(5), np.int64(11), np.int64(15), np.int64(63), np.int64(35), np.int64(26), np.int64(34), np.int64(59), np.int64(60), np.int64(4), np.int64(9), np.int64(28), np.int64(25), np.int64(16), np.int64(29), np.int64(32), np.int64(13), np.int64(46), np.int64(22), np.int64(46), np.int64(49), np.int64(49), np.int64(3), np.int64(21), np.int64(35), np.int64(36), np.int64(21), np.int64(55), np.int64(58), np.int64(1), np.int64(14), np.int64(50), np.int64(9), np.int64(20), np.int64(44), np.int64(37), np.int64(20), np.int64(50), np.int64(56), np.int64(12), np.int64(44), np.int64(46), np.int64(46), np.int64(54), np.int64(56), np.int64(46), np.int64(34), np.int64(33), np.int64(51), np.int64(40), np.int64(63), np.int64(19), np.int64(33), np.int64(40), np.int64(41), np.int64(12), np.int64(23), np.int64(12), np.int64(46), np.int64(55), np.int64(14), np.int64(39), np.int64(7), np.int64(16)]","[np.int64(60), np.int64(42), np.int64(59), np.int64(31), np.int64(13), np.int64(6), np.int64(61), np.int64(18), np.int64(32), np.int64(40), np.int64(52), np.int64(20), np.int64(41), np.int64(50), np.int64(9), np.int64(53), np.int64(54), np.int64(27), np.int64(29), np.int64(36), np.int64(46), np.int64(52), np.int64(22), np.int64(51), np.int64(49), np.int64(58), np.int64(10), np.int64(45), np.int64(0), np.int64(42), np.int64(47), np.int64(52), np.int64(29), np.int64(50), np.int64(62), np.int64(55), np.int64(60), np.int64(11), np.int64(38), np.int64(26), np.int64(62), np.int64(33), np.int64(0), np.int64(3), np.int64(39), np.int64(23), np.int64(37), np.int64(40), np.int64(57), np.int64(51), np.int64(62), np.int64(40), np.int64(46), np.int64(22), np.int64(29), np.int64(7), np.int64(47), np.int64(58), np.int64(18), np.int64(28), np.int64(24), np.int64(46), np.int64(30), np.int64(27)]",False,False,0.0,0.0,"[31 36 61 58 20 36 31 24  6  6 21 29 20 29 20 34 58 44 62 43 31 31 29 31
 31 21 24 44 46 31 61 31 62 24 31 45 31 21 58 44 58 46  6 46 31 31 31 20
 44 23 58 61 58 56 62 24 31 31 31 23 44 31 31 58]","[31 44  0 34 58 36 31 56 34 36 58 61 36 29 57 34 29 44 23 60 31 31 29 31
 31 57 29 44 23 31 44 31 24 24 31 45 31 61 24 44 58 46  6  0 31 31 31 46
 62 61 20 62 44 24 44 24 31 31 31 56 61 31 31 36]",False,False,0.0,0.0,"[31 23  0  0 20  6 31  6  6  0 20 20 20  0  6 29 29  6  6  2 31 31 29 31
 31 21 20  6 21 31 21 31 23 20 31  0 31 21 29  0 29 20  6  0 31 31 31  0
  6 20 20 23 44  0  6  6 31 31 31 23 44 31 31  6]","[31 46  0  0 58 36 31 56 34  0 34 29 36  0 29 34 29 34 44 51 31 31 29 31
 31 46 57 34 21 31 29 31 34 57 31 56 31 56 34  0 58 56 24  0 31 31 31 57
 56 20 20 62 44 56 34 24 31 31 31 34 44 31 31 20]",False,False,0.015625,0.0,1.0,0.0,0.0,25,0,0,1.0,0.0,0.0,25,0,0,1.0,0.0,0.0,25,0,0,1.0,0.0,0.0,25,0,0,1.0,0.0,0.0,25,0,0,1.0,0.0,0.0,25,0,0,0.04,0.0,0.0,1,0,0,0.04,0.0,0.0,1,0,0
